Num_Acc,senc,catv,occutc,obs,obsm,choc,manv,num_veh
201400000001,0,33,0,0.0,2.0,1.0,1.0,A01
201400000001,0,7,0,0.0,0.0,6.0,15.0,B02
201400000002,0,7,0,1.0,0.0,7.0,13.0,A01
201400000003,0,2,0,0.0,2.0,1.0,1.0,A01
201400000003,0,7,0,0.0,2.0,7.0,15.0,B02
201400000004,0,7,0,0.0,2.0,1.0,13.0,A01
201400000004,0,38,0,0.0,2.0,1.0,0.0,B02
201400000005,0,7,0,0.0,2.0,2.0,13.0,B02
201400000005,0,7,0,0.0,2.0,2.0,1.0,A01
201400000006,0,17,0,0.0,0.0,5.0,1.0,B02
201400000006,0,7,0,0.0,2.0,1.0,6.0,A01
201400000007,0,30,0,0.0,0.0,0.0,1.0,A01
201400000008,0,7,0,7.0,0.0,3.0,1.0,A01
201400000009,0,1,0,0.0,2.0,1.0,1.0,A01
201400000009,0,14,0,0.0,9.0,2.0,1.0,B02
201400000010,0,7,0,8.0,0.0,6.0,1.0,A01
201400000011,0,7,0,0.0,2.0,1.0,13.0,A01
201400000011,0,7,0,0.0,2.0,1.0,1.0,B02
201400000012,0,7,0,0.0,2.0,7.0,15.0,A01
201400000012,0,31,0,0.0,2.0,1.0,1.0,B02
201400000013,0,7,0,0.0,2.0,0.0,1.0,A01
201400000014,0,14,0,0.0,0.0,3.0,10.0,B02
201400000014,0,31,0,0.0,0.0,1.0,2.0,A01
201400000015,0,7,0,0.0,2.0,3.0,1.0,B02
201400000015,0,10,0,0.0,2.0,3.0,1.0,C03
201400000015,0,15,0,0.0,2.0,6.0,1.0,A01
201400000016,0,7,0,2.0,0.0,1.0,1.0,A01
201400000017,0,7,0,0.0,2.0,7.0,1.0,B02
201400000017,0,7,0,0.0,2.0,1.0,1.0,A01
201400000018,0,7,0,0.0,2.0,2.0,2.0,A01
201400000018,0,1,0,0.0,0.0,4.0,1.0,B02
201400000019,0,2,0,0.0,2.0,1.0,1.0,B02
201400000019,0,7,0,0.0,2.0,2.0,15.0,A01
201400000020,0,1,0,0.0,0.0,0.0,1.0,A01
201400000021,0,21,0,0.0,0.0,6.0,15.0,B02
201400000021,0,33,0,0.0,2.0,1.0,1.0,A01
201400000022,0,1,0,0.0,2.0,1.0,1.0,B02
201400000022,0,7,0,0.0,2.0,7.0,15.0,A01
201400000023,0,10,0,0.0,2.0,3.0,15.0,A01
201400000023,0,3,0,0.0,2.0,2.0,1.0,B02
201400000024,0,7,0,0.0,2.0,1.0,13.0,A01
201400000024,0,7,0,0.0,2.0,1.0,1.0,B02
201400000025,0,7,0,0.0,2.0,1.0,1.0,B02
201400000025,0,7,0,0.0,2.0,1.0,13.0,A01
201400000026,0,33,0,0.0,2.0,1.0,17.0,A01
201400000026,0,17,0,0.0,2.0,8.0,1.0,B02
201400000027,0,33,0,0.0,0.0,1.0,17.0,A01
201400000028,0,10,0,0.0,2.0,1.0,1.0,A01
201400000028,0,7,0,0.0,2.0,7.0,1.0,B02
201400000029,0,37,11,0.0,2.0,2.0,2.0,A01
201400000029,0,7,0,0.0,0.0,6.0,10.0,B02
201400000030,0,14,0,0.0,2.0,8.0,1.0,A01
201400000030,0,1,0,0.0,2.0,8.0,1.0,B02
201400000031,0,7,0,2.0,0.0,1.0,1.0,A01
201400000032,0,10,0,0.0,1.0,2.0,16.0,A01
201400000033,0,7,0,0.0,2.0,2.0,17.0,A01
201400000033,0,1,0,0.0,2.0,3.0,15.0,B02
201400000034,0,31,0,0.0,0.0,7.0,1.0,A01
201400000035,0,7,0,0.0,2.0,7.0,16.0,A01
201400000035,0,30,0,0.0,2.0,1.0,1.0,B02
201400000036,0,7,0,0.0,1.0,1.0,1.0,A01
201400000037,0,7,0,13.0,0.0,3.0,13.0,A01
201400000038,0,7,0,0.0,0.0,5.0,23.0,A01
201400000038,0,7,0,1.0,0.0,3.0,1.0,B02
201400000039,0,33,0,1.0,0.0,1.0,1.0,A01
201400000040,0,7,0,13.0,0.0,9.0,1.0,A01
201400000041,0,7,0,0.0,0.0,5.0,2.0,B02
201400000041,0,31,0,0.0,2.0,1.0,2.0,A01
201400000042,0,7,0,0.0,1.0,3.0,1.0,A01
201400000043,0,7,0,0.0,1.0,2.0,1.0,A01
201400000044,0,33,0,13.0,0.0,7.0,16.0,A01
201400000045,1,7,0,13.0,0.0,1.0,14.0,A01
201400000046,0,7,0,0.0,9.0,1.0,1.0,B02
201400000046,0,1,0,0.0,2.0,7.0,19.0,A01
201400000047,0,36,0,0.0,2.0,1.0,1.0,B02
201400000047,0,7,0,0.0,2.0,3.0,19.0,A01
201400000048,0,7,0,0.0,2.0,1.0,1.0,C03
201400000048,0,10,0,0.0,2.0,3.0,13.0,A01
201400000048,0,10,0,0.0,2.0,8.0,1.0,B02
201400000049,0,7,0,13.0,0.0,1.0,1.0,A01
201400000050,0,7,0,0.0,1.0,3.0,1.0,A01
201400000051,0,34,0,0.0,2.0,1.0,17.0,A01
201400000051,0,21,0,0.0,2.0,3.0,15.0,B02
201400000052,0,7,0,13.0,0.0,1.0,17.0,A01
201400000053,0,7,0,6.0,2.0,9.0,13.0,A01
201400000053,0,10,0,0.0,2.0,7.0,21.0,B02
201400000054,0,10,0,0.0,2.0,8.0,15.0,A01
201400000054,0,33,0,0.0,2.0,1.0,1.0,B02
201400000055,0,30,0,0.0,2.0,1.0,17.0,A01
201400000055,0,7,0,0.0,2.0,3.0,15.0,B02
201400000056,0,7,0,13.0,0.0,1.0,1.0,A01
201400000057,0,34,0,0.0,2.0,7.0,13.0,A01
201400000057,0,7,0,0.0,2.0,3.0,15.0,B02
201400000058,0,15,0,0.0,1.0,5.0,16.0,A01
201400000059,0,7,0,6.0,0.0,1.0,14.0,A01
201400000060,0,7,0,0.0,2.0,3.0,3.0,A01
201400000060,0,7,0,0.0,2.0,3.0,1.0,B02
201400000061,0,38,0,0.0,2.0,3.0,15.0,A01
201400000061,0,33,0,0.0,2.0,1.0,17.0,B02
201400000062,0,7,0,0.0,2.0,7.0,19.0,A01
201400000062,0,7,0,0.0,2.0,1.0,1.0,B02
201400000063,0,7,0,0.0,0.0,1.0,1.0,A01
201400000064,0,7,0,0.0,1.0,3.0,1.0,A01
201400000065,0,35,0,6.0,0.0,1.0,1.0,A01
201400000066,0,7,0,0.0,0.0,1.0,1.0,A01
201400000066,0,7,0,0.0,0.0,1.0,0.0,B02
201400000067,0,7,0,13.0,0.0,2.0,14.0,A01
201400000068,0,7,0,0.0,2.0,8.0,15.0,A01
201400000068,0,33,0,0.0,2.0,1.0,17.0,B02
201400000069,0,7,0,0.0,2.0,2.0,15.0,A01
201400000069,0,7,0,0.0,2.0,3.0,1.0,B02
201400000070,0,10,0,0.0,0.0,2.0,15.0,A01
201400000070,0,15,0,0.0,2.0,1.0,1.0,B02
201400000071,0,7,0,0.0,2.0,1.0,19.0,A01
201400000071,0,15,0,0.0,2.0,8.0,1.0,C03
201400000071,0,7,0,0.0,2.0,2.0,1.0,B02
201400000072,0,7,0,0.0,2.0,2.0,1.0,A01
201400000072,0,1,0,0.0,2.0,8.0,15.0,B02
201400000073,0,7,0,13.0,0.0,1.0,1.0,A01
201400000074,0,33,0,8.0,0.0,1.0,1.0,A01
201400000075,0,7,0,0.0,1.0,2.0,1.0,A01
201400000076,0,7,0,0.0,2.0,3.0,16.0,A01
201400000076,0,33,0,0.0,2.0,2.0,1.0,B02
201400000077,0,7,0,0.0,2.0,1.0,13.0,A01
201400000077,0,7,0,0.0,2.0,1.0,1.0,B02
201400000078,0,7,0,1.0,0.0,1.0,1.0,B02
201400000078,0,21,0,0.0,0.0,6.0,23.0,A01
201400000079,0,33,0,0.0,2.0,1.0,1.0,B02
201400000079,0,7,0,0.0,2.0,8.0,10.0,A01
201400000080,0,7,0,3.0,0.0,1.0,0.0,A01
201400000081,0,32,0,0.0,0.0,8.0,1.0,B02
201400000081,1,7,0,0.0,0.0,0.0,1.0,A01
201400000082,0,33,0,0.0,2.0,1.0,1.0,B02
201400000082,0,10,0,0.0,2.0,8.0,15.0,A01
201400000083,0,7,0,0.0,1.0,2.0,1.0,A01
201400000084,0,14,0,1.0,0.0,1.0,14.0,A01
201400000085,0,7,0,0.0,2.0,8.0,15.0,A01
201400000085,0,7,0,0.0,2.0,1.0,21.0,B02
201400000086,0,10,0,8.0,0.0,1.0,1.0,A01
201400000087,0,7,0,13.0,0.0,9.0,1.0,A01
201400000088,0,7,0,0.0,1.0,2.0,1.0,A01
201400000089,0,7,0,13.0,0.0,1.0,1.0,A01
201400000090,0,33,0,0.0,0.0,0.0,14.0,A01
201400000091,0,33,0,0.0,2.0,1.0,1.0,B02
201400000091,0,7,0,0.0,2.0,3.0,15.0,A01
201400000092,0,30,0,13.0,0.0,1.0,1.0,A01
201400000093,0,1,0,0.0,2.0,4.0,13.0,A01
201400000093,1,7,0,0.0,2.0,1.0,2.0,B02
201400000094,0,15,0,0.0,2.0,1.0,1.0,A01
201400000094,0,7,0,0.0,2.0,8.0,19.0,B02
201400000095,0,33,0,0.0,2.0,1.0,1.0,A01
201400000095,0,7,0,0.0,2.0,3.0,15.0,B02
201400000096,0,7,0,0.0,2.0,3.0,1.0,B02
201400000096,0,33,0,0.0,2.0,1.0,11.0,A01
201400000097,0,17,0,0.0,0.0,0.0,0.0,B02
201400000097,0,7,0,0.0,0.0,0.0,0.0,A01
201400000098,0,33,0,0.0,2.0,1.0,1.0,A01
201400000098,0,7,0,0.0,0.0,4.0,23.0,B02
201400000099,0,30,0,0.0,1.0,1.0,1.0,A01
201400000100,0,7,0,0.0,1.0,2.0,1.0,A01
201400000101,0,31,0,0.0,0.0,6.0,23.0,A01
201400000102,0,2,0,0.0,2.0,3.0,1.0,A01
201400000103,0,7,0,0.0,1.0,1.0,1.0,A01
201400000104,0,33,0,12.0,0.0,1.0,1.0,A01
201400000105,0,7,0,0.0,0.0,4.0,20.0,A01
201400000106,0,7,0,8.0,0.0,4.0,1.0,A01
201400000107,0,7,0,6.0,9.0,1.0,1.0,A01
201400000108,0,14,0,0.0,0.0,0.0,1.0,A01
201400000108,0,1,0,0.0,0.0,0.0,0.0,B02
201400000109,0,7,0,0.0,2.0,7.0,1.0,B02
201400000109,0,30,0,0.0,2.0,3.0,19.0,A01
201400000110,0,10,0,0.0,1.0,3.0,1.0,A01
201400000111,0,7,0,0.0,1.0,2.0,1.0,A01
201400000112,0,7,0,0.0,2.0,2.0,13.0,A01
201400000112,0,7,0,0.0,0.0,6.0,0.0,B02
201400000113,0,7,0,0.0,9.0,2.0,1.0,A01
201400000113,0,30,0,0.0,2.0,1.0,0.0,B02
201400000114,0,7,0,13.0,0.0,1.0,1.0,A01
201400000115,0,7,0,0.0,1.0,1.0,3.0,A01
201400000116,0,10,0,7.0,0.0,1.0,1.0,A01
201400000117,0,33,0,13.0,0.0,1.0,0.0,A01
201400000118,0,7,0,2.0,0.0,0.0,1.0,A01
201400000119,0,31,0,6.0,0.0,1.0,1.0,A01
201400000120,0,7,0,0.0,2.0,1.0,13.0,A01
201400000120,0,7,0,0.0,2.0,1.0,0.0,B02
201400000121,0,33,0,0.0,2.0,1.0,1.0,A01
201400000121,0,7,0,0.0,2.0,7.0,15.0,B02
201400000122,0,17,0,0.0,0.0,0.0,17.0,A01
201400000122,0,1,0,0.0,0.0,0.0,1.0,B02
201400000123,0,33,0,0.0,2.0,1.0,17.0,A01
201400000123,0,21,0,0.0,0.0,3.0,15.0,B02
201400000124,0,2,0,1.0,0.0,1.0,1.0,A01
201400000125,0,7,0,0.0,2.0,1.0,1.0,A01
201400000125,0,7,0,0.0,0.0,8.0,19.0,B02
201400000126,0,30,0,0.0,0.0,0.0,15.0,A01
201400000127,0,2,0,0.0,0.0,0.0,2.0,A01
201400000128,0,7,0,13.0,0.0,3.0,1.0,A01
201400000129,0,7,0,0.0,2.0,1.0,5.0,A01
201400000129,0,7,0,0.0,2.0,1.0,5.0,B02
201400000130,0,7,0,0.0,2.0,5.0,1.0,A01
201400000130,0,2,0,0.0,2.0,1.0,1.0,B02
201400000131,0,7,0,0.0,2.0,1.0,17.0,A01
201400000131,0,7,0,0.0,2.0,6.0,20.0,B02
201400000131,0,7,0,0.0,2.0,1.0,1.0,C03
201400000132,0,7,0,0.0,2.0,3.0,10.0,A01
201400000132,0,33,0,0.0,2.0,7.0,1.0,B02
201400000133,0,3,0,0.0,1.0,2.0,1.0,A01
201400000134,0,10,0,0.0,2.0,1.0,5.0,A01
201400000134,0,10,0,0.0,2.0,3.0,5.0,B02
201400000135,0,10,0,0.0,1.0,7.0,1.0,A01
201400000136,0,7,0,0.0,1.0,1.0,1.0,A01
201400000137,0,7,0,0.0,1.0,2.0,1.0,A01
201400000138,0,7,0,13.0,0.0,1.0,1.0,A01
201400000139,0,33,0,13.0,0.0,1.0,1.0,A01
201400000140,0,30,0,0.0,5.0,1.0,1.0,A01
201400000141,0,31,0,9.0,2.0,1.0,17.0,A01
201400000141,0,7,0,0.0,2.0,3.0,15.0,B02
201400000142,0,30,0,1.0,1.0,4.0,1.0,A01
201400000143,0,7,0,0.0,1.0,2.0,16.0,A01
201400000144,0,33,0,0.0,2.0,1.0,1.0,A01
201400000144,0,7,0,0.0,0.0,6.0,15.0,B02
201400000145,1,7,0,0.0,2.0,2.0,1.0,B02
201400000145,0,2,0,0.0,2.0,6.0,15.0,A01
201400000146,0,7,0,0.0,1.0,2.0,1.0,A01
201400000147,0,21,0,0.0,1.0,4.0,24.0,B02
201400000147,0,10,0,1.0,0.0,3.0,1.0,A01
201400000148,1,7,0,0.0,1.0,2.0,2.0,A01
201400000149,0,7,0,0.0,2.0,3.0,19.0,A01
201400000149,0,7,0,0.0,2.0,1.0,17.0,B02
201400000150,0,31,0,0.0,2.0,0.0,17.0,A01
201400000150,0,7,0,0.0,2.0,8.0,15.0,B02
201400000151,0,32,0,7.0,0.0,1.0,13.0,A01
201400000152,0,7,0,0.0,2.0,3.0,1.0,A01
201400000152,0,30,0,0.0,2.0,8.0,1.0,B02
201400000152,0,30,0,0.0,2.0,1.0,13.0,C03
201400000153,0,30,0,0.0,2.0,1.0,1.0,A01
201400000153,0,7,0,0.0,2.0,3.0,1.0,B02
201400000154,0,7,0,2.0,0.0,8.0,1.0,A01
201400000155,0,7,0,0.0,1.0,2.0,1.0,A01
201400000156,0,7,0,0.0,2.0,5.0,1.0,A01
201400000156,0,30,0,0.0,2.0,1.0,2.0,B02
201400000157,0,7,0,0.0,0.0,9.0,0.0,A01
201400000158,0,7,0,0.0,2.0,1.0,1.0,B02
201400000158,0,2,0,0.0,2.0,1.0,5.0,A01
201400000159,0,10,0,1.0,0.0,3.0,13.0,A01
201400000159,0,30,0,0.0,0.0,1.0,0.0,B02
201400000160,0,7,0,0.0,2.0,1.0,1.0,B02
201400000160,0,7,0,0.0,2.0,1.0,13.0,A01
201400000161,0,7,0,0.0,0.0,1.0,13.0,A01
201400000161,0,7,0,0.0,0.0,1.0,0.0,B02
201400000162,0,7,0,14.0,0.0,1.0,1.0,A01
201400000163,0,7,0,0.0,0.0,2.0,14.0,A01
201400000164,0,7,0,0.0,0.0,1.0,1.0,A01
201400000165,1,7,0,0.0,1.0,2.0,1.0,A01
201400000166,0,7,0,14.0,0.0,4.0,1.0,A01
201400000166,0,33,0,14.0,0.0,1.0,1.0,B02
201400000167,0,7,0,0.0,2.0,6.0,15.0,A01
201400000167,0,33,0,0.0,2.0,1.0,17.0,B02
201400000168,0,30,0,0.0,2.0,1.0,1.0,A01
201400000168,0,10,0,0.0,2.0,3.0,19.0,B02
201400000169,0,7,0,0.0,2.0,1.0,5.0,A01
201400000169,0,10,0,0.0,2.0,2.0,1.0,B02
201400000170,0,7,0,0.0,2.0,1.0,17.0,A01
201400000170,0,7,0,0.0,2.0,1.0,1.0,B02
201400000171,0,7,0,0.0,2.0,7.0,15.0,A01
201400000171,0,30,0,0.0,2.0,1.0,1.0,B02
201400000172,0,33,0,0.0,2.0,1.0,21.0,A01
201400000172,0,7,0,0.0,2.0,3.0,10.0,B02
201400000173,0,15,0,0.0,2.0,4.0,20.0,A01
201400000173,0,33,0,0.0,2.0,1.0,23.0,B02
201400000174,0,33,0,16.0,0.0,7.0,1.0,A01
201400000175,0,7,0,0.0,2.0,8.0,19.0,A01
201400000175,0,7,0,0.0,2.0,1.0,0.0,B02
201400000176,0,7,0,0.0,2.0,3.0,13.0,A01
201400000176,0,7,0,0.0,2.0,3.0,1.0,B02
201400000177,0,33,0,0.0,0.0,1.0,1.0,B02
201400000177,0,7,0,0.0,0.0,8.0,1.0,A01
201400000178,0,7,0,8.0,0.0,1.0,5.0,A01
201400000179,0,33,0,8.0,0.0,1.0,1.0,A01
201400000180,0,7,0,3.0,0.0,2.0,1.0,A01
201400000181,0,7,0,13.0,0.0,5.0,1.0,A01
201400000182,0,7,0,0.0,1.0,2.0,1.0,A01
201400000183,0,7,0,0.0,0.0,1.0,1.0,A01
201400000183,0,7,0,0.0,0.0,4.0,1.0,B02
201400000183,0,7,0,0.0,0.0,4.0,1.0,C03
201400000184,0,7,0,4.0,0.0,3.0,13.0,A01
201400000185,0,14,0,0.0,2.0,1.0,2.0,A01
201400000185,0,17,0,0.0,2.0,4.0,2.0,B02
201400000186,0,33,0,0.0,0.0,1.0,16.0,A01
201400000187,0,7,0,0.0,0.0,1.0,0.0,A01
201400000187,0,7,0,0.0,0.0,8.0,0.0,C03
201400000187,0,7,0,0.0,0.0,1.0,0.0,B02
201400000188,0,7,0,0.0,2.0,8.0,1.0,B02
201400000188,0,7,0,2.0,2.0,5.0,17.0,A01
201400000189,0,7,0,0.0,1.0,7.0,1.0,A01
201400000190,0,1,0,1.0,0.0,1.0,21.0,B02
201400000190,0,21,0,1.0,9.0,2.0,0.0,A01
201400000191,0,7,0,0.0,2.0,7.0,1.0,A01
201400000191,0,7,0,0.0,2.0,3.0,9.0,B02
201400000192,0,7,0,2.0,2.0,1.0,5.0,A01
201400000192,0,33,0,0.0,2.0,1.0,1.0,B02
201400000193,0,15,0,0.0,2.0,2.0,13.0,A01
201400000193,0,10,0,0.0,2.0,3.0,1.0,B02
201400000194,0,7,0,0.0,1.0,1.0,1.0,A01
201400000195,0,7,0,2.0,0.0,2.0,1.0,A01
201400000196,0,10,0,13.0,0.0,6.0,1.0,A01
201400000197,0,7,0,2.0,0.0,3.0,1.0,A01
201400000198,0,7,0,16.0,0.0,3.0,19.0,A01
201400000199,0,7,0,0.0,1.0,2.0,1.0,A01
201400000200,0,7,0,0.0,0.0,8.0,19.0,B02
201400000200,0,7,0,0.0,0.0,1.0,1.0,A01
201400000201,0,7,0,0.0,2.0,2.0,15.0,B02
201400000201,0,10,0,0.0,2.0,1.0,1.0,A01
201400000202,0,33,0,0.0,2.0,1.0,1.0,B02
201400000202,0,10,0,0.0,2.0,5.0,15.0,A01
201400000203,0,17,0,0.0,2.0,1.0,14.0,B02
201400000203,0,7,0,0.0,2.0,1.0,17.0,A01
201400000204,0,14,0,0.0,0.0,5.0,1.0,A01
201400000204,0,14,0,0.0,0.0,1.0,0.0,B02
201400000204,0,14,0,0.0,0.0,1.0,0.0,C03
201400000205,0,7,0,2.0,0.0,3.0,13.0,A01
201400000206,0,7,0,8.0,0.0,1.0,15.0,A01
201400000207,0,31,0,2.0,0.0,1.0,1.0,A01
201400000208,0,7,0,0.0,2.0,1.0,13.0,A01
201400000208,0,10,0,0.0,0.0,1.0,0.0,B02
201400000209,0,30,0,0.0,2.0,0.0,19.0,B02
201400000209,0,7,0,0.0,2.0,2.0,1.0,A01
201400000210,0,7,0,2.0,6.0,9.0,0.0,A01
201400000211,0,7,0,0.0,2.0,3.0,13.0,B02
201400000211,0,7,0,0.0,2.0,3.0,1.0,A01
201400000212,0,7,0,16.0,0.0,9.0,1.0,A01
201400000213,0,7,0,0.0,2.0,3.0,13.0,A01
201400000213,0,17,0,0.0,2.0,1.0,1.0,B02
201400000214,0,7,0,0.0,2.0,8.0,19.0,A01
201400000214,0,33,0,0.0,2.0,1.0,1.0,B02
201400000215,0,7,0,13.0,0.0,0.0,1.0,A01
201400000216,0,33,0,0.0,0.0,1.0,17.0,B02
201400000216,0,7,0,0.0,0.0,3.0,1.0,A01
201400000217,0,7,0,0.0,2.0,1.0,15.0,A01
201400000217,0,1,0,0.0,2.0,8.0,15.0,B02
201400000218,0,7,0,2.0,0.0,7.0,0.0,A01
201400000219,0,7,0,0.0,2.0,3.0,1.0,B02
201400000219,0,7,0,0.0,2.0,3.0,2.0,C03
201400000219,0,7,0,0.0,2.0,3.0,13.0,A01
201400000220,0,7,0,0.0,1.0,6.0,20.0,A01
201400000221,0,33,0,0.0,2.0,3.0,1.0,A01
201400000221,0,7,0,0.0,2.0,8.0,15.0,B02
201400000222,0,33,0,0.0,2.0,1.0,1.0,A01
201400000222,0,7,0,0.0,2.0,7.0,19.0,B02
201400000223,0,33,0,13.0,0.0,1.0,1.0,A01
201400000224,1,7,0,0.0,1.0,2.0,1.0,A01
201400000225,0,7,0,6.0,0.0,1.0,13.0,A01
201400000226,0,7,0,8.0,0.0,3.0,1.0,A01
201400000227,0,7,0,0.0,1.0,2.0,21.0,A01
201400000228,0,7,0,0.0,2.0,3.0,15.0,A01
201400000228,0,31,0,0.0,2.0,1.0,17.0,B02
201400000229,0,38,0,0.0,1.0,1.0,1.0,A01
201400000230,0,7,0,4.0,2.0,3.0,15.0,A01
201400000230,0,7,0,4.0,2.0,2.0,17.0,B02
201400000231,0,14,0,0.0,2.0,1.0,12.0,B02
201400000231,0,7,0,0.0,0.0,4.0,1.0,A01
201400000232,0,7,0,0.0,2.0,6.0,13.0,A01
201400000232,0,7,0,0.0,2.0,3.0,1.0,B02
201400000233,0,31,0,0.0,2.0,8.0,13.0,A01
201400000233,0,7,0,0.0,2.0,3.0,1.0,B02
201400000234,0,7,0,6.0,0.0,1.0,1.0,A01
201400000235,0,7,0,0.0,1.0,3.0,1.0,A01
201400000236,0,7,0,0.0,2.0,1.0,13.0,B02
201400000236,0,7,0,0.0,2.0,1.0,13.0,A01
201400000237,0,32,0,0.0,0.0,0.0,0.0,A01
201400000238,0,7,0,9.0,0.0,1.0,13.0,A01
201400000239,0,10,0,13.0,0.0,1.0,18.0,A01
201400000240,0,7,0,8.0,1.0,1.0,1.0,A01
201400000241,0,7,0,0.0,0.0,1.0,1.0,A01
201400000241,0,2,0,0.0,0.0,7.0,19.0,B02
201400000242,0,31,0,0.0,0.0,7.0,1.0,A01
201400000243,0,2,0,0.0,2.0,7.0,1.0,B02
201400000243,0,7,0,0.0,2.0,3.0,9.0,A01
201400000244,0,10,0,0.0,1.0,3.0,15.0,A01
201400000245,0,10,0,0.0,2.0,2.0,21.0,B02
201400000245,0,7,0,0.0,2.0,5.0,13.0,A01
201400000246,0,7,0,0.0,2.0,2.0,1.0,A01
201400000246,0,14,0,0.0,2.0,3.0,1.0,B02
201400000247,0,36,0,2.0,0.0,1.0,14.0,A01
201400000248,0,10,0,0.0,1.0,5.0,2.0,A01
201400000249,0,7,0,0.0,2.0,8.0,1.0,C03
201400000249,0,7,0,0.0,2.0,3.0,13.0,A01
201400000249,0,7,0,0.0,2.0,3.0,1.0,B02
201400000250,0,2,0,0.0,2.0,1.0,17.0,A01
201400000250,0,7,0,0.0,2.0,3.0,15.0,B02
201400000251,0,7,0,0.0,0.0,9.0,1.0,A01
201400000252,0,10,0,0.0,2.0,1.0,13.0,A01
201400000252,0,7,0,0.0,2.0,1.0,13.0,B02
201400000253,0,33,0,0.0,2.0,1.0,1.0,A01
201400000253,0,7,0,0.0,2.0,2.0,1.0,B02
201400000254,0,7,0,0.0,2.0,3.0,15.0,A01
201400000254,0,31,0,0.0,2.0,1.0,1.0,B02
201400000255,0,7,0,0.0,2.0,3.0,13.0,A01
201400000256,0,1,0,0.0,2.0,7.0,19.0,B02
201400000256,0,7,0,0.0,2.0,1.0,21.0,A01
201400000257,0,7,0,0.0,1.0,2.0,12.0,A01
201400000258,0,7,0,0.0,2.0,2.0,1.0,A01
201400000258,0,2,0,0.0,2.0,1.0,1.0,B02
201400000259,0,30,0,3.0,0.0,3.0,1.0,A01
201400000260,0,33,0,0.0,0.0,0.0,0.0,A01
201400000261,0,7,0,0.0,0.0,3.0,0.0,A01
201400000261,0,7,0,0.0,0.0,3.0,0.0,B02
201400000262,0,33,0,0.0,0.0,5.0,9.0,B02
201400000262,0,7,0,0.0,0.0,3.0,9.0,A01
201400000263,0,30,0,0.0,5.0,1.0,1.0,A01
201400000264,0,7,0,0.0,2.0,8.0,13.0,B02
201400000264,0,33,0,15.0,2.0,7.0,17.0,A01
201400000265,0,30,0,0.0,2.0,2.0,1.0,A01
201400000265,0,7,0,0.0,2.0,2.0,19.0,B02
201400000266,0,7,0,3.0,0.0,1.0,1.0,A01
201400000267,0,7,0,6.0,0.0,3.0,1.0,A01
201400000268,0,31,0,0.0,0.0,0.0,1.0,A01
201400000269,0,33,0,1.0,1.0,1.0,1.0,A01
201400000270,1,7,0,0.0,2.0,3.0,19.0,A01
201400000270,0,30,0,0.0,2.0,1.0,21.0,B02
201400000271,0,31,0,0.0,1.0,1.0,1.0,A01
201400000272,0,10,0,0.0,2.0,3.0,10.0,A01
201400000272,0,33,0,0.0,2.0,1.0,1.0,B02
201400000273,0,7,0,0.0,2.0,3.0,19.0,A01
201400000273,0,33,0,0.0,2.0,2.0,1.0,B02
201400000274,0,7,0,13.0,0.0,1.0,1.0,A01
201400000275,0,7,0,0.0,2.0,7.0,1.0,B02
201400000275,0,7,0,0.0,2.0,8.0,20.0,A01
201400000276,0,7,0,0.0,1.0,2.0,0.0,A01
201400000277,0,10,0,6.0,0.0,9.0,1.0,A01
201400000278,0,7,0,0.0,1.0,1.0,1.0,A01
201400000279,0,7,0,1.0,0.0,3.0,3.0,A01
201400000279,0,14,0,0.0,2.0,3.0,23.0,B02
201400000280,0,7,0,2.0,0.0,7.0,1.0,A01
201400000281,0,7,0,0.0,2.0,1.0,1.0,B02
201400000282,0,7,0,0.0,2.0,1.0,1.0,A01
201400000282,0,7,0,0.0,2.0,8.0,15.0,B02
201400000283,0,10,0,0.0,2.0,1.0,13.0,A01
201400000283,0,7,0,0.0,2.0,1.0,1.0,B02
201400000283,0,7,0,2.0,0.0,1.0,21.0,C03
201400000284,0,2,0,0.0,2.0,1.0,1.0,B02
201400000284,0,7,0,0.0,2.0,3.0,15.0,A01
201400000285,0,7,0,0.0,0.0,6.0,1.0,A01
201400000285,0,3,0,0.0,2.0,1.0,19.0,B02
201400000286,0,14,0,0.0,0.0,4.0,1.0,A01
201400000286,0,7,0,0.0,2.0,1.0,2.0,B02
201400000287,0,2,0,0.0,2.0,7.0,17.0,A01
201400000287,0,21,0,0.0,2.0,0.0,2.0,B02
201400000288,0,33,0,13.0,0.0,1.0,1.0,A01
201400000289,0,33,0,0.0,2.0,1.0,1.0,B02
201400000289,0,10,0,0.0,2.0,7.0,15.0,A01
201400000290,0,17,0,0.0,2.0,3.0,5.0,B02
201400000290,0,7,0,0.0,2.0,3.0,5.0,A01
201400000291,0,7,0,0.0,2.0,2.0,18.0,A01
201400000291,0,1,0,0.0,2.0,1.0,15.0,B02
201400000292,0,7,0,4.0,0.0,2.0,1.0,A01
201400000293,0,7,0,2.0,0.0,1.0,1.0,A01
201400000294,0,7,0,0.0,2.0,1.0,1.0,A01
201400000294,0,7,0,0.0,2.0,1.0,0.0,B02
201400000295,0,7,0,2.0,0.0,3.0,13.0,A01
201400000296,0,7,0,13.0,0.0,3.0,0.0,A01
201400000297,0,7,0,9.0,2.0,7.0,19.0,A01