Num_Acc,senc,catv,occutc,obs,obsm,choc,manv,num_veh
201400000297,0,7,0,0.0,2.0,1.0,1.0,B02
201400000298,0,10,0,0.0,2.0,1.0,1.0,B02
201400000298,0,10,0,0.0,2.0,1.0,15.0,A01
201400000299,0,7,0,0.0,2.0,1.0,1.0,B02
201400000299,0,7,0,0.0,2.0,1.0,5.0,A01
201400000300,0,7,0,8.0,0.0,1.0,1.0,A01
201400000301,0,7,0,2.0,0.0,1.0,1.0,A01
201400000302,0,7,0,0.0,0.0,3.0,15.0,A01
201400000302,0,30,0,0.0,0.0,8.0,1.0,B02
201400000303,0,7,0,0.0,2.0,7.0,13.0,A01
201400000303,0,7,0,0.0,2.0,1.0,1.0,B02
201400000304,0,7,0,0.0,1.0,2.0,1.0,A01
201400000305,0,30,0,0.0,2.0,8.0,19.0,B02
201400000305,0,14,0,0.0,2.0,1.0,1.0,A01
201400000306,0,7,0,2.0,0.0,4.0,0.0,A01
201400000307,0,7,0,0.0,2.0,1.0,1.0,A01
201400000307,0,7,0,0.0,2.0,4.0,1.0,B02
201400000307,0,7,0,0.0,2.0,1.0,1.0,C03
201400000308,0,7,0,0.0,2.0,3.0,15.0,B02
201400000308,0,31,0,0.0,2.0,1.0,17.0,A01
201400000309,0,7,0,0.0,2.0,1.0,2.0,A01
201400000309,0,21,0,0.0,2.0,4.0,1.0,B02
201400000310,0,7,0,0.0,0.0,9.0,1.0,A01
201400000311,0,7,0,0.0,1.0,2.0,1.0,A01
201400000312,0,33,0,8.0,0.0,7.0,1.0,A01
201400000313,0,7,0,16.0,0.0,7.0,1.0,A01
201400000314,0,7,0,0.0,0.0,1.0,1.0,A01
201400000315,0,7,0,0.0,2.0,1.0,5.0,A01
201400000315,0,7,0,0.0,2.0,2.0,11.0,B02
201400000316,0,7,0,0.0,1.0,1.0,0.0,A01
201400000317,0,7,0,0.0,2.0,1.0,9.0,A01
201400000317,0,7,0,0.0,2.0,1.0,17.0,B02
201400000318,0,7,0,0.0,1.0,2.0,1.0,A01
201400000319,0,33,0,9.0,0.0,1.0,1.0,A01
201400000320,0,7,0,0.0,1.0,2.0,1.0,A01
201400000321,0,7,0,0.0,1.0,2.0,1.0,A01
201400000322,0,7,0,0.0,2.0,6.0,19.0,A01
201400000322,0,1,0,0.0,2.0,1.0,1.0,B02
201400000323,0,7,0,0.0,2.0,3.0,1.0,B02
201400000323,0,10,0,0.0,2.0,2.0,19.0,A01
201400000324,0,7,0,0.0,0.0,3.0,10.0,A01
201400000324,0,33,0,0.0,0.0,1.0,1.0,B02
201400000325,0,7,0,0.0,2.0,1.0,1.0,B02
201400000325,0,30,0,0.0,2.0,8.0,19.0,A01
201400000326,0,7,0,6.0,0.0,1.0,16.0,A01
201400000327,0,7,0,0.0,2.0,8.0,1.0,B02
201400000327,0,7,0,0.0,2.0,7.0,21.0,A01
201400000328,0,7,0,0.0,2.0,3.0,19.0,B02
201400000328,0,17,0,0.0,2.0,2.0,1.0,A01
201400000329,0,7,0,0.0,1.0,2.0,1.0,A01
201400000330,0,7,0,9.0,0.0,8.0,14.0,A01
201400000331,0,7,0,0.0,2.0,1.0,1.0,B02
201400000331,0,7,0,0.0,2.0,3.0,19.0,A01
201400000332,0,7,0,2.0,0.0,6.0,13.0,A01
201400000333,0,7,0,8.0,0.0,8.0,13.0,A01
201400000334,0,7,0,0.0,2.0,3.0,19.0,B02
201400000334,0,30,0,0.0,2.0,1.0,1.0,A01
201400000335,0,7,0,13.0,0.0,0.0,1.0,A01
201400000336,0,7,0,9.0,0.0,1.0,13.0,A01
201400000337,0,14,0,0.0,2.0,1.0,1.0,B02
201400000337,0,7,0,0.0,2.0,3.0,13.0,A01
201400000338,0,7,0,0.0,2.0,1.0,1.0,B02
201400000338,0,7,0,0.0,2.0,7.0,13.0,A01
201400000339,0,7,0,1.0,0.0,1.0,14.0,A01
201400000339,0,7,0,0.0,0.0,4.0,23.0,B02
201400000340,0,33,0,0.0,0.0,9.0,1.0,A01
201400000341,0,7,0,13.0,0.0,1.0,13.0,A01
201400000342,0,7,0,0.0,2.0,1.0,1.0,B02
201400000342,0,21,0,0.0,2.0,8.0,13.0,A01
201400000343,0,7,0,0.0,2.0,3.0,21.0,C03
201400000343,0,7,0,0.0,2.0,1.0,13.0,A01
201400000343,0,7,0,0.0,2.0,1.0,1.0,B02
201400000344,0,7,0,0.0,2.0,2.0,1.0,B02
201400000344,0,7,0,0.0,2.0,3.0,19.0,A01
201400000345,0,7,0,0.0,2.0,0.0,1.0,B02
201400000345,0,7,0,0.0,2.0,3.0,13.0,A01
201400000346,0,31,0,0.0,2.0,2.0,1.0,B02
201400000346,0,7,0,0.0,2.0,3.0,10.0,A01
201400000347,0,2,0,1.0,0.0,1.0,14.0,A01
201400000348,0,7,0,0.0,2.0,7.0,15.0,A01
201400000348,0,33,0,0.0,2.0,1.0,1.0,B02
201400000349,0,7,0,0.0,0.0,9.0,14.0,A01
201400000350,0,33,0,6.0,0.0,2.0,1.0,A01
201400000351,0,7,0,0.0,2.0,3.0,15.0,A01
201400000351,0,33,0,0.0,2.0,0.0,1.0,B02
201400000352,0,7,0,0.0,2.0,1.0,13.0,A01
201400000352,0,7,0,0.0,2.0,8.0,1.0,B02
201400000353,0,10,0,0.0,2.0,7.0,15.0,A01
201400000353,0,2,0,0.0,2.0,1.0,1.0,B02
201400000354,0,30,0,6.0,0.0,1.0,13.0,A01
201400000355,0,7,0,0.0,2.0,3.0,1.0,B02
201400000355,0,33,0,0.0,2.0,1.0,13.0,A01
201400000356,0,7,0,0.0,1.0,3.0,1.0,A01
201400000357,0,7,0,0.0,1.0,1.0,13.0,A01
201400000358,0,7,0,0.0,0.0,3.0,13.0,A01
201400000359,0,7,0,7.0,0.0,1.0,14.0,A01
201400000360,0,36,0,7.0,0.0,1.0,14.0,A01
201400000361,0,7,0,2.0,0.0,7.0,14.0,A01
201400000362,0,7,0,16.0,0.0,1.0,13.0,A01
201400000363,0,30,0,15.0,0.0,8.0,14.0,A01
201400000364,0,33,0,7.0,0.0,1.0,14.0,A01
201400000365,0,7,0,0.0,2.0,3.0,13.0,A01
201400000365,0,7,0,0.0,2.0,3.0,1.0,B02
201400000366,0,7,0,0.0,2.0,3.0,13.0,A01
201400000366,0,7,0,0.0,2.0,3.0,1.0,B02
201400000367,0,7,0,0.0,1.0,6.0,4.0,A01
201400000368,0,10,0,0.0,1.0,7.0,13.0,A01
201400000369,0,1,0,0.0,0.0,0.0,1.0,A01
201400000370,0,7,0,0.0,0.0,7.0,15.0,A01
201400000370,0,33,0,0.0,2.0,1.0,1.0,B02
201400000371,0,30,0,0.0,2.0,1.0,13.0,A01
201400000371,0,7,0,0.0,2.0,1.0,1.0,B02
201400000372,0,7,0,0.0,1.0,2.0,1.0,A01
201400000373,0,7,0,0.0,0.0,3.0,13.0,A01
201400000374,0,33,0,13.0,0.0,1.0,13.0,A01
201400000375,0,15,0,0.0,2.0,8.0,1.0,B02
201400000375,0,7,0,0.0,2.0,3.0,13.0,A01
201400000376,0,7,0,0.0,1.0,2.0,1.0,A01
201400000377,0,33,0,8.0,0.0,2.0,13.0,A01
201400000378,0,7,0,1.0,0.0,2.0,9.0,A01
201400000378,0,7,0,1.0,0.0,4.0,23.0,B02
201400000379,0,7,0,0.0,2.0,4.0,1.0,B02
201400000379,0,7,0,0.0,2.0,1.0,1.0,A01
201400000379,0,14,0,0.0,2.0,4.0,6.0,C03
201400000380,0,7,0,15.0,0.0,1.0,14.0,A01
201400000381,0,7,0,0.0,2.0,5.0,9.0,A01
201400000381,0,7,0,0.0,2.0,6.0,1.0,B02
201400000382,0,7,0,0.0,2.0,2.0,15.0,A01
201400000382,0,30,0,0.0,2.0,3.0,1.0,B02
201400000383,0,7,0,0.0,2.0,1.0,13.0,A01
201400000383,0,17,0,0.0,2.0,1.0,1.0,B02
201400000384,0,7,0,13.0,0.0,7.0,14.0,A01
201400000385,0,7,0,13.0,0.0,1.0,14.0,A01
201400000386,0,7,0,0.0,2.0,3.0,1.0,C03
201400000386,0,33,0,0.0,2.0,3.0,13.0,A01
201400000386,0,21,0,0.0,2.0,0.0,1.0,B02
201400000387,0,33,0,0.0,2.0,1.0,1.0,B02
201400000387,0,10,0,0.0,2.0,2.0,15.0,A01
201400000388,0,17,0,0.0,2.0,2.0,1.0,B02
201400000388,0,7,0,0.0,0.0,3.0,9.0,A01
201400000389,0,7,0,0.0,2.0,3.0,1.0,A01
201400000389,0,31,0,0.0,2.0,1.0,13.0,B02
201400000390,0,2,0,0.0,2.0,1.0,17.0,A01
201400000390,0,7,0,0.0,2.0,3.0,1.0,B02
201400000391,0,7,0,2.0,0.0,1.0,14.0,A01
201400000392,0,7,0,0.0,2.0,2.0,21.0,B01
201400000392,0,7,0,0.0,2.0,6.0,15.0,A02
201400000393,0,7,0,0.0,2.0,7.0,15.0,B02
201400000393,0,30,0,0.0,2.0,1.0,1.0,A01
201400000394,0,31,0,15.0,0.0,1.0,14.0,A01
201400000395,0,7,0,0.0,2.0,1.0,1.0,B02
201400000395,0,7,0,0.0,2.0,1.0,17.0,A01
201400000396,0,2,0,0.0,2.0,8.0,1.0,B02
201400000396,0,7,0,0.0,2.0,1.0,15.0,A01
201400000397,0,7,0,0.0,2.0,1.0,1.0,B02
201400000397,0,7,0,0.0,2.0,1.0,15.0,A01
201400000398,0,7,0,1.0,2.0,3.0,13.0,A01
201400000398,0,7,0,0.0,2.0,3.0,1.0,B02
201400000399,0,1,0,0.0,0.0,4.0,14.0,A01
201400000399,0,7,0,0.0,2.0,1.0,14.0,B02
201400000400,0,7,0,0.0,2.0,8.0,9.0,A01
201400000400,0,31,0,0.0,2.0,1.0,1.0,B02
201400000401,0,13,0,0.0,2.0,4.0,1.0,B02
201400000401,0,33,0,0.0,2.0,1.0,2.0,A01
201400000402,0,33,0,0.0,2.0,1.0,1.0,A01
201400000402,0,15,0,0.0,2.0,7.0,1.0,B02
201400000403,0,36,0,8.0,0.0,8.0,1.0,A01
201400000404,0,33,0,6.0,0.0,1.0,5.0,A01
201400000405,0,10,0,0.0,2.0,7.0,1.0,A01
201400000405,2,7,0,0.0,2.0,1.0,16.0,B02
201400000406,0,7,0,2.0,0.0,2.0,1.0,A01
201400000407,0,7,0,0.0,2.0,3.0,13.0,A01
201400000407,0,7,0,0.0,2.0,3.0,1.0,B02
201400000408,0,33,0,0.0,2.0,1.0,1.0,B02
201400000408,0,10,0,0.0,0.0,7.0,15.0,A01
201400000409,0,7,0,13.0,0.0,7.0,1.0,A01
201400000410,0,7,0,0.0,2.0,1.0,1.0,A01
201400000411,0,7,0,0.0,2.0,1.0,1.0,A01
201400000411,0,10,0,0.0,2.0,5.0,19.0,B02
201400000412,0,7,0,0.0,2.0,1.0,1.0,C03
201400000412,0,7,0,0.0,2.0,1.0,17.0,A01
201400000412,0,7,0,0.0,2.0,1.0,1.0,B02
201400000413,0,7,0,0.0,2.0,1.0,1.0,A01
201400000413,0,7,0,0.0,2.0,7.0,19.0,B02
201400000414,0,7,0,0.0,2.0,6.0,15.0,B02
201400000414,0,2,0,0.0,2.0,1.0,17.0,A01
201400000415,0,14,0,0.0,1.0,3.0,1.0,A01
201400000416,0,7,0,0.0,0.0,1.0,0.0,B02
201400000416,0,7,0,0.0,0.0,1.0,1.0,A01
201400000417,0,33,0,0.0,2.0,1.0,2.0,A01
201400000417,0,30,0,0.0,2.0,8.0,10.0,B02
201400000418,0,7,0,0.0,0.0,0.0,17.0,A01
201400000419,0,7,0,0.0,2.0,3.0,1.0,A01
201400000419,0,7,0,0.0,2.0,6.0,19.0,B02
201400000420,0,2,0,1.0,0.0,1.0,1.0,A01
201400000421,0,10,0,0.0,2.0,1.0,1.0,B02
201400000421,0,7,0,0.0,2.0,1.0,13.0,A01
201400000422,0,7,0,1.0,0.0,2.0,1.0,A01
201400000423,0,7,0,16.0,9.0,2.0,21.0,A01
201400000424,0,7,0,2.0,0.0,1.0,1.0,A01
201400000425,0,7,0,16.0,0.0,9.0,1.0,A01
201400000426,0,7,0,0.0,2.0,8.0,19.0,A01
201400000426,0,7,0,0.0,2.0,1.0,1.0,B02
201400000427,0,7,0,0.0,2.0,1.0,15.0,A01
201400000427,0,7,0,0.0,2.0,3.0,0.0,B02
201400000427,0,7,0,0.0,2.0,3.0,0.0,C03
201400000428,0,10,0,6.0,0.0,8.0,17.0,A01
201400000428,0,10,0,0.0,2.0,1.0,1.0,B02
201400000429,0,7,0,0.0,1.0,1.0,1.0,A01
201400000430,0,7,0,0.0,0.0,2.0,13.0,A01
201400000431,0,10,0,0.0,1.0,2.0,15.0,A01
201400000432,0,37,0,0.0,1.0,2.0,1.0,A01
201400000433,0,36,0,0.0,2.0,3.0,1.0,B02
201400000433,0,7,0,0.0,2.0,8.0,5.0,A01
201400000434,0,33,0,14.0,0.0,8.0,21.0,A01
201400000434,0,7,0,0.0,0.0,0.0,23.0,B02
201400000435,0,33,0,0.0,1.0,2.0,21.0,A01
201400000436,0,30,0,0.0,1.0,1.0,13.0,A01
201400000437,0,31,0,4.0,0.0,1.0,17.0,A01
201400000438,0,31,0,0.0,2.0,1.0,1.0,B02
201400000438,0,7,0,0.0,2.0,1.0,13.0,A01
201400000439,0,7,0,0.0,2.0,1.0,0.0,A01
201400000439,0,7,0,0.0,2.0,3.0,0.0,B02
201400000439,0,7,0,0.0,2.0,1.0,0.0,C03
201400000439,0,7,0,0.0,2.0,6.0,0.0,D04
201400000439,0,10,0,0.0,2.0,7.0,0.0,E05
201400000440,1,3,0,0.0,1.0,2.0,1.0,A01
201400000441,0,7,0,0.0,0.0,9.0,1.0,A01
201400000442,0,14,0,14.0,1.0,2.0,1.0,A01
201400000443,0,7,0,0.0,2.0,3.0,1.0,A01
201400000443,0,7,0,0.0,2.0,2.0,19.0,B02
201400000444,0,7,0,0.0,2.0,2.0,1.0,B02
201400000444,0,7,0,0.0,2.0,3.0,1.0,A01
201400000445,0,7,0,0.0,2.0,1.0,1.0,A01
201400000445,0,37,0,0.0,0.0,8.0,1.0,B02
201400000446,0,7,0,0.0,1.0,3.0,17.0,A01
201400000447,0,7,0,0.0,0.0,3.0,15.0,A01
201400000447,0,33,0,0.0,2.0,7.0,17.0,B02
201400000448,0,7,0,0.0,2.0,7.0,13.0,A01
201400000448,0,10,0,0.0,2.0,9.0,1.0,B02
201400000448,0,7,0,0.0,2.0,2.0,1.0,C03
201400000449,0,7,0,0.0,1.0,1.0,1.0,A01
201400000450,0,7,0,0.0,2.0,2.0,19.0,A01
201400000450,0,7,0,0.0,2.0,3.0,1.0,B02
201400000451,0,7,0,0.0,2.0,1.0,15.0,B02
201400000451,0,33,0,0.0,2.0,1.0,1.0,A01
201400000452,0,35,0,0.0,2.0,3.0,15.0,B02
201400000452,0,7,0,0.0,2.0,7.0,17.0,A01
201400000453,0,7,0,0.0,0.0,0.0,19.0,B02
201400000453,0,7,0,2.0,0.0,1.0,1.0,A01
201400000454,0,7,0,0.0,2.0,1.0,19.0,A01
201400000454,0,7,0,0.0,2.0,3.0,1.0,B02
201400000455,0,7,0,0.0,2.0,7.0,19.0,A01
201400000455,0,7,0,0.0,2.0,1.0,1.0,B02
201400000456,0,33,0,0.0,2.0,3.0,2.0,A01
201400000456,0,33,0,0.0,0.0,5.0,2.0,B02
201400000457,0,7,0,0.0,0.0,3.0,16.0,A01
201400000457,0,7,0,0.0,2.0,1.0,2.0,B02
201400000458,0,7,0,0.0,2.0,1.0,1.0,B02
201400000458,0,7,0,0.0,2.0,1.0,13.0,A01
201400000459,0,7,0,0.0,2.0,2.0,13.0,A01
201400000459,0,7,0,0.0,2.0,3.0,1.0,B02
201400000460,0,10,0,0.0,2.0,8.0,1.0,B02
201400000460,0,2,0,0.0,2.0,1.0,19.0,A01
201400000461,0,7,0,2.0,0.0,1.0,13.0,A01
201400000462,0,7,0,0.0,2.0,1.0,13.0,A01
201400000462,0,7,0,0.0,2.0,8.0,1.0,B02
201400000462,0,10,0,0.0,2.0,3.0,1.0,C03
201400000463,0,39,0,0.0,0.0,3.0,1.0,B02
201400000463,0,30,0,0.0,4.0,2.0,19.0,A01
201400000464,0,2,0,0.0,2.0,8.0,15.0,A01
201400000464,0,7,0,0.0,2.0,2.0,1.0,B02
201400000465,0,7,0,2.0,6.0,9.0,21.0,A01
201400000466,0,2,0,0.0,2.0,1.0,5.0,B02
201400000466,0,7,0,0.0,2.0,1.0,2.0,A01
201400000467,0,7,0,0.0,0.0,5.0,17.0,C03
201400000467,0,7,0,1.0,1.0,9.0,17.0,E05
201400000467,0,7,0,0.0,0.0,3.0,24.0,F06
201400000467,0,7,0,0.0,0.0,4.0,23.0,B02
201400000467,0,7,0,1.0,0.0,5.0,1.0,A01
201400000467,0,7,0,3.0,0.0,8.0,1.0,D04
201400000468,0,7,0,0.0,0.0,9.0,0.0,A01
201400000469,0,7,0,0.0,2.0,8.0,1.0,A01
201400000469,0,7,0,0.0,2.0,1.0,6.0,B02
201400000469,0,7,0,0.0,2.0,1.0,23.0,C03
201400000470,0,33,0,0.0,2.0,1.0,1.0,A01
201400000470,0,7,0,0.0,2.0,2.0,19.0,B02
201400000471,0,3,0,0.0,0.0,1.0,13.0,A01
201400000471,0,15,0,0.0,0.0,2.0,21.0,B02
201400000472,0,31,0,0.0,2.0,1.0,1.0,A01
201400000472,0,7,0,0.0,2.0,7.0,1.0,B02
201400000473,0,7,0,0.0,0.0,7.0,15.0,A01
201400000473,0,1,0,0.0,2.0,3.0,1.0,B02
201400000474,0,7,0,0.0,1.0,2.0,17.0,A01
201400000474,0,7,0,0.0,2.0,3.0,15.0,B02
201400000475,0,31,0,0.0,0.0,8.0,13.0,A01
201400000476,0,36,0,0.0,2.0,1.0,1.0,B02
201400000476,0,31,0,0.0,2.0,1.0,1.0,A01
201400000477,0,7,0,0.0,2.0,3.0,13.0,A01
201400000477,0,7,0,0.0,2.0,3.0,1.0,B02
201400000478,0,7,0,0.0,0.0,2.0,17.0,A01
201400000479,0,7,0,0.0,2.0,1.0,9.0,A01
201400000479,0,7,0,5.0,2.0,6.0,1.0,B02
201400000480,0,7,0,0.0,2.0,3.0,17.0,A01
201400000480,0,7,0,0.0,2.0,1.0,1.0,B02
201400000481,1,10,0,0.0,2.0,2.0,12.0,A01
201400000481,0,7,0,0.0,2.0,7.0,1.0,B02
201400000482,0,7,0,0.0,2.0,1.0,13.0,A01
201400000482,0,7,0,0.0,2.0,1.0,1.0,B02
201400000483,0,7,0,0.0,2.0,3.0,1.0,A01
201400000483,0,10,0,0.0,2.0,2.0,17.0,B02
201400000484,0,33,0,0.0,1.0,1.0,2.0,A01
201400000485,0,7,0,0.0,1.0,3.0,1.0,A01
201400000486,0,7,0,0.0,2.0,3.0,1.0,B02
201400000486,0,33,0,0.0,2.0,3.0,1.0,A01
201400000487,0,30,0,0.0,2.0,8.0,1.0,B02
201400000487,0,7,0,0.0,2.0,7.0,14.0,A01
201400000488,0,7,0,13.0,0.0,1.0,1.0,A01
201400000489,0,7,0,0.0,2.0,1.0,1.0,B02
201400000489,0,7,0,0.0,2.0,1.0,13.0,A01
201400000490,0,7,0,13.0,0.0,1.0,1.0,A01
201400000491,0,7,0,0.0,2.0,1.0,1.0,B02
201400000491,0,33,0,0.0,2.0,1.0,14.0,A01
201400000492,0,37,0,0.0,1.0,2.0,1.0,A01
201400000493,0,7,0,0.0,9.0,7.0,16.0,A01
201400000493,0,1,0,0.0,2.0,8.0,15.0,B02
201400000494,0,7,0,0.0,1.0,2.0,1.0,A01
201400000495,0,7,0,2.0,0.0,6.0,1.0,A01
201400000496,0,7,0,0.0,2.0,3.0,1.0,B02
201400000496,0,7,0,0.0,2.0,3.0,13.0,A01
201400000497,0,7,0,0.0,1.0,2.0,1.0,A01
201400000498,0,7,0,0.0,2.0,7.0,15.0,A01
201400000498,0,33,0,0.0,2.0,1.0,1.0,B02
201400000499,0,33,0,0.0,2.0,1.0,1.0,B02
201400000499,0,7,0,0.0,0.0,5.0,19.0,A01
201400000500,0,7,0,2.0,0.0,9.0,19.0,A01
201400000501,0,7,0,0.0,2.0,8.0,15.0,A01
201400000501,0,33,0,0.0,2.0,1.0,17.0,B02
201400000502,0,15,0,0.0,2.0,0.0,17.0,A01
201400000502,0,30,0,0.0,2.0,0.0,2.0,B02
201400000503,0,7,0,0.0,2.0,3.0,17.0,A01
201400000503,0,7,0,0.0,2.0,6.0,2.0,B02
201400000504,0,7,0,0.0,9.0,2.0,1.0,A01
201400000504,0,1,0,0.0,2.0,4.0,15.0,B02
201400000505,0,10,0,0.0,1.0,2.0,9.0,A01
201400000506,0,7,0,0.0,2.0,3.0,9.0,A01
201400000506,0,7,0,0.0,2.0,2.0,1.0,B02
201400000507,0,7,0,0.0,2.0,1.0,1.0,B02
201400000507,0,7,0,0.0,0.0,8.0,19.0,A01
201400000508,0,33,0,0.0,6.0,1.0,1.0,A01
201400000509,0,33,0,0.0,1.0,1.0,1.0,A01
201400000510,0,7,0,2.0,0.0,3.0,19.0,A01
201400000511,0,33,0,0.0,2.0,7.0,0.0,A01
201400000511,0,7,0,0.0,2.0,3.0,0.0,B02
201400000512,0,38,1,0.0,2.0,2.0,21.0,A01
201400000512,0,2,0,0.0,2.0,3.0,2.0,B02
201400000513,0,7,0,0.0,2.0,1.0,1.0,A01
201400000513,0,7,0,0.0,2.0,8.0,15.0,B02
201400000514,0,7,0,0.0,1.0,0.0,0.0,A01
201400000515,0,7,0,0.0,2.0,2.0,13.0,A01
201400000515,0,7,0,0.0,2.0,1.0,1.0,B02
201400000516,0,7,0,0.0,2.0,6.0,19.0,A01
201400000516,0,33,0,0.0,2.0,1.0,1.0,B02
201400000517,0,7,0,0.0,0.0,3.0,16.0,A01
201400000517,0,30,0,0.0,0.0,0.0,0.0,B02
201400000518,0,7,0,0.0,2.0,2.0,1.0,B02
201400000518,0,30,0,0.0,2.0,1.0,13.0,A01
201400000519,0,31,0,1.0,0.0,2.0,1.0,A01
201400000520,0,33,0,0.0,2.0,7.0,17.0,A01
201400000520,0,7,0,0.0,2.0,3.0,15.0,B02
201400000521,0,7,0,0.0,1.0,2.0,1.0,A01
201400000522,0,7,0,0.0,2.0,3.0,19.0,A01
201400000522,0,33,0,0.0,2.0,1.0,1.0,B02
201400000523,0,7,0,13.0,0.0,3.0,19.0,A01
201400000524,0,7,0,0.0,0.0,3.0,0.0,B02
201400000524,0,7,0,0.0,2.0,3.0,13.0,A01
201400000525,0,14,0,3.0,0.0,1.0,1.0,A01
201400000526,0,10,0,13.0,0.0,9.0,13.0,A01
201400000527,0,7,0,13.0,0.0,2.0,1.0,A01
201400000528,0,2,0,0.0,2.0,1.0,13.0,A01
201400000528,0,7,0,0.0,2.0,3.0,1.0,B02
201400000529,0,15,0,0.0,2.0,1.0,5.0,C03
201400000529,0,7,0,0.0,0.0,2.0,15.0,A01
201400000529,0,7,0,0.0,2.0,1.0,2.0,B02
201400000530,0,7,0,0.0,2.0,1.0,1.0,B02
201400000530,0,7,0,0.0,2.0,1.0,13.0,A01
201400000530,0,7,0,0.0,2.0,1.0,1.0,C03
201400000530,0,17,0,0.0,2.0,8.0,1.0,D04
201400000531,0,7,0,0.0,2.0,1.0,13.0,A01
201400000531,0,7,0,0.0,2.0,1.0,1.0,B02
201400000531,0,7,0,0.0,2.0,1.0,1.0,C03
201400000532,0,7,0,0.0,2.0,3.0,23.0,C03
201400000532,0,33,0,0.0,2.0,3.0,23.0,B02
201400000532,0,7,0,0.0,0.0,3.0,16.0,A01
201400000533,0,7,0,0.0,2.0,1.0,21.0,B02
201400000533,0,10,0,0.0,2.0,1.0,13.0,A01
201400000534,0,7,0,0.0,1.0,2.0,16.0,A01
201400000535,0,7,0,2.0,0.0,9.0,0.0,A01
201400000536,0,7,0,0.0,2.0,1.0,1.0,A01
201400000536,0,7,0,0.0,2.0,4.0,23.0,B02
201400000536,0,7,0,0.0,2.0,4.0,23.0,C03
201400000537,0,7,0,2.0,0.0,1.0,1.0,A01
201400000538,0,7,0,3.0,0.0,1.0,14.0,B02
201400000538,0,7,0,3.0,2.0,1.0,13.0,A01
201400000538,0,7,0,0.0,2.0,1.0,1.0,C03
201400000539,0,7,0,0.0,2.0,1.0,1.0,B02
201400000539,0,7,0,0.0,2.0,3.0,6.0,A01
201400000540,0,7,0,6.0,0.0,1.0,13.0,A01
201400000541,0,33,0,0.0,0.0,0.0,0.0,A01
201400000542,0,7,0,0.0,2.0,2.0,1.0,B02
201400000542,0,10,0,0.0,2.0,1.0,1.0,A01
201400000543,0,31,0,0.0,2.0,1.0,1.0,B02
201400000543,0,7,0,0.0,2.0,5.0,15.0,A01
201400000544,0,1,0,0.0,2.0,7.0,15.0,B02
201400000544,0,7,0,1.0,2.0,7.0,17.0,A01
201400000545,0,7,0,0.0,1.0,2.0,15.0,A01
201400000546,0,33,0,0.0,2.0,1.0,1.0,A01
201400000546,1,7,0,0.0,2.0,7.0,1.0,B02
201400000547,0,7,0,0.0,2.0,1.0,1.0,B02
201400000547,0,7,0,0.0,2.0,1.0,17.0,A01
201400000548,0,7,0,0.0,2.0,3.0,13.0,A01
201400000548,0,7,0,0.0,2.0,3.0,1.0,B02
201400000549,0,2,0,0.0,0.0,1.0,16.0,A01
201400000550,0,7,0,13.0,0.0,1.0,1.0,A01
201400000551,0,7,0,8.0,0.0,3.0,0.0,A01
201400000552,0,7,0,0.0,2.0,3.0,2.0,A01
201400000552,0,7,0,0.0,2.0,5.0,23.0,B02
201400000553,0,33,0,0.0,0.0,8.0,2.0,A01
201400000554,0,7,0,0.0,2.0,1.0,1.0,A01
201400000554,0,10,0,0.0,2.0,1.0,15.0,B02
201400000555,0,33,0,1.0,0.0,7.0,15.0,A01
201400000556,0,14,0,0.0,2.0,7.0,15.0,B02
201400000556,0,33,0,0.0,2.0,1.0,2.0,A01
201400000557,2,7,0,3.0,2.0,1.0,13.0,A01
201400000557,0,7,0,0.0,2.0,2.0,1.0,B02
201400000558,0,7,0,0.0,1.0,3.0,15.0,A01
201400000559,0,1,0,0.0,0.0,8.0,1.0,A01
201400000560,0,33,0,0.0,2.0,8.0,13.0,A01
201400000560,0,7,0,0.0,2.0,1.0,23.0,B02
201400000561,0,7,0,0.0,2.0,2.0,1.0,B02
201400000561,0,33,0,0.0,2.0,8.0,16.0,A01
201400000562,0,7,0,0.0,2.0,8.0,13.0,A01
201400000562,0,7,0,0.0,2.0,1.0,1.0,B02
201400000563,0,7,0,0.0,2.0,1.0,1.0,A01
201400000563,0,7,0,0.0,2.0,1.0,13.0,B02
201400000564,0,7,0,8.0,0.0,3.0,0.0,A01
201400000565,0,30,0,15.0,0.0,1.0,1.0,A01
201400000566,0,7,0,0.0,2.0,2.0,17.0,A01
201400000566,0,7,0,7.0,2.0,8.0,15.0,B02
201400000567,0,7,0,0.0,2.0,3.0,1.0,A01
201400000567,0,2,0,0.0,2.0,1.0,19.0,B02
201400000568,0,1,0,0.0,0.0,0.0,1.0,A01
201400000569,0,7,0,0.0,1.0,2.0,1.0,A01
201400000570,0,33,0,0.0,2.0,1.0,17.0,B02
201400000570,0,10,0,0.0,2.0,8.0,17.0,A01
201400000571,0,21,0,13.0,0.0,3.0,1.0,A01
201400000572,0,7,0,0.0,2.0,2.0,15.0,A01
201400000572,0,7,0,0.0,2.0,3.0,1.0,B02
201400000573,0,7,0,0.0,1.0,3.0,1.0,A01
201400000574,0,7,0,16.0,0.0,9.0,1.0,A01
201400000575,0,7,0,0.0,2.0,7.0,17.0,B02
201400000575,0,14,0,0.0,2.0,8.0,1.0,C03
201400000575,0,10,0,0.0,2.0,1.0,1.0,D04