Num_Acc,senc,catv,occutc,obs,obsm,choc,manv,num_veh
201400000575,0,7,0,0.0,2.0,7.0,17.0,A01
201400000576,0,7,0,0.0,0.0,0.0,0.0,A01
201400000577,0,10,0,0.0,2.0,3.0,1.0,B02
201400000577,0,7,0,0.0,2.0,3.0,1.0,A01
201400000578,0,7,0,0.0,2.0,3.0,1.0,B02
201400000578,0,7,0,0.0,2.0,3.0,1.0,A01
201400000579,0,33,0,0.0,2.0,1.0,3.0,A01
201400000579,0,10,0,0.0,2.0,6.0,15.0,B02
201400000580,0,33,0,8.0,0.0,1.0,1.0,A01
201400000581,0,7,0,0.0,2.0,3.0,1.0,B02
201400000581,0,33,0,0.0,2.0,1.0,13.0,A01
201400000582,0,7,0,0.0,0.0,3.0,1.0,A01
201400000582,0,7,0,0.0,0.0,1.0,23.0,C03
201400000582,0,7,0,0.0,0.0,1.0,13.0,B02
201400000583,0,7,0,0.0,1.0,2.0,1.0,A01
201400000584,0,7,0,0.0,0.0,1.0,1.0,A01
201400000584,0,7,0,0.0,0.0,2.0,1.0,B02
201400000585,0,7,0,13.0,0.0,0.0,14.0,A01
201400000586,0,7,0,0.0,2.0,1.0,5.0,A01
201400000586,0,7,0,0.0,2.0,1.0,1.0,B02
201400000587,0,30,0,0.0,0.0,0.0,1.0,A01
201400000588,0,7,0,0.0,1.0,1.0,1.0,A01
201400000589,0,7,0,0.0,2.0,1.0,13.0,A01
201400000589,0,7,0,0.0,2.0,1.0,1.0,B02
201400000590,0,7,0,0.0,2.0,8.0,1.0,B02
201400000590,0,7,0,0.0,2.0,3.0,1.0,A01
201400000590,0,7,0,0.0,2.0,3.0,13.0,C03
201400000591,0,33,0,11.0,2.0,1.0,2.0,A01
201400000592,0,15,0,0.0,2.0,7.0,15.0,B02
201400000592,0,33,0,0.0,2.0,1.0,1.0,A01
201400000593,0,7,0,2.0,0.0,1.0,1.0,A01
201400000594,0,30,0,0.0,2.0,1.0,13.0,A01
201400000594,0,7,0,0.0,2.0,1.0,1.0,B02
201400000595,0,7,0,0.0,2.0,1.0,0.0,B02
201400000595,0,7,0,0.0,2.0,1.0,0.0,A01
201400000596,0,7,0,0.0,2.0,1.0,5.0,C03
201400000596,0,7,0,0.0,2.0,1.0,1.0,B02
201400000596,0,7,0,0.0,2.0,1.0,1.0,A01
201400000597,0,7,0,0.0,2.0,7.0,19.0,A01
201400000597,0,30,0,0.0,2.0,1.0,1.0,B02
201400000598,0,7,0,11.0,0.0,9.0,1.0,A01
201400000599,0,7,0,0.0,1.0,2.0,1.0,A01
201400000600,0,7,0,8.0,0.0,2.0,13.0,A01
201400000601,0,7,0,0.0,5.0,1.0,1.0,A01
201400000602,0,7,0,0.0,2.0,1.0,1.0,A01
201400000602,0,7,0,9.0,2.0,7.0,19.0,B02
201400000603,0,33,0,0.0,2.0,1.0,17.0,A01
201400000603,0,7,0,0.0,0.0,6.0,15.0,B02
201400000604,0,31,0,14.0,0.0,8.0,1.0,A01
201400000605,0,33,0,8.0,0.0,1.0,1.0,A01
201400000606,0,33,0,0.0,2.0,1.0,17.0,A01
201400000606,0,10,0,0.0,2.0,8.0,10.0,B02
201400000607,0,7,0,0.0,2.0,3.0,15.0,B02
201400000607,0,31,0,0.0,2.0,1.0,1.0,A01
201400000608,0,33,0,0.0,2.0,1.0,1.0,A01
201400000608,0,7,0,0.0,0.0,4.0,16.0,B02
201400000609,0,7,0,8.0,0.0,1.0,1.0,A01
201400000610,0,31,0,0.0,1.0,2.0,1.0,A01
201400000611,0,7,0,0.0,1.0,1.0,1.0,A01
201400000612,0,7,0,0.0,2.0,3.0,1.0,B02
201400000612,0,33,0,0.0,2.0,1.0,17.0,A01
201400000613,0,7,0,0.0,0.0,4.0,15.0,B02
201400000613,0,7,0,0.0,2.0,1.0,2.0,A01
201400000614,0,7,0,13.0,0.0,2.0,14.0,A01
201400000615,0,7,0,8.0,0.0,1.0,1.0,A01
201400000616,0,10,0,0.0,2.0,1.0,13.0,A01
201400000616,0,7,0,0.0,2.0,1.0,1.0,B02
201400000617,0,33,0,0.0,2.0,1.0,1.0,B02
201400000617,0,21,0,0.0,2.0,6.0,1.0,A01
201400000618,0,30,0,8.0,0.0,1.0,1.0,A01
201400000619,0,38,0,0.0,2.0,4.0,2.0,B02
201400000619,0,2,0,0.0,2.0,1.0,2.0,A01
201400000620,0,7,0,0.0,0.0,9.0,1.0,A01
201400000621,0,7,0,0.0,2.0,1.0,1.0,B02
201400000621,0,7,0,0.0,2.0,2.0,11.0,A01
201400000622,0,7,0,6.0,0.0,7.0,1.0,A01
201400000623,0,7,0,2.0,0.0,3.0,17.0,A01
201400000624,0,31,0,6.0,0.0,1.0,1.0,A01
201400000625,0,7,0,2.0,0.0,1.0,13.0,A01
201400000626,0,7,0,1.0,0.0,2.0,2.0,A01
201400000626,0,10,0,0.0,0.0,6.0,23.0,B02
201400000627,0,1,0,0.0,2.0,1.0,0.0,B02
201400000627,0,7,0,0.0,2.0,2.0,0.0,A01
201400000628,0,33,0,14.0,0.0,2.0,0.0,A01
201400000629,0,33,0,16.0,0.0,2.0,1.0,A01
201400000630,0,30,0,0.0,0.0,0.0,1.0,A01
201400000631,0,7,0,0.0,9.0,3.0,1.0,A01
201400000632,0,7,0,0.0,1.0,2.0,2.0,A01
201400000633,0,7,0,13.0,0.0,1.0,0.0,A01
201400000634,0,7,0,0.0,1.0,3.0,1.0,A01
201400000635,0,7,0,2.0,0.0,3.0,1.0,A01
201400000636,0,33,0,0.0,2.0,1.0,1.0,B02
201400000636,0,7,0,0.0,2.0,7.0,15.0,A01
201400000636,0,33,0,0.0,2.0,1.0,1.0,C03
201400000637,0,33,0,0.0,0.0,1.0,1.0,B02
201400000637,0,7,0,0.0,0.0,6.0,10.0,A01
201400000638,0,7,0,0.0,2.0,1.0,13.0,A01
201400000638,0,15,0,0.0,2.0,1.0,1.0,B02
201400000639,0,2,0,0.0,2.0,1.0,13.0,A01
201400000639,0,7,0,0.0,2.0,2.0,1.0,B02
201400000640,0,21,0,0.0,0.0,6.0,2.0,B02
201400000640,0,7,0,0.0,2.0,1.0,2.0,A01
201400000641,0,30,0,0.0,0.0,0.0,1.0,A01
201400000642,0,31,0,3.0,0.0,3.0,13.0,A01
201400000643,0,7,0,0.0,2.0,4.0,15.0,A01
201400000643,0,7,0,0.0,2.0,1.0,0.0,B02
201400000644,0,7,0,0.0,0.0,1.0,1.0,A01
201400000645,0,30,0,0.0,2.0,1.0,1.0,B02
201400000645,0,7,0,0.0,2.0,6.0,13.0,A01
201400000646,0,7,0,0.0,2.0,1.0,15.0,B02
201400000646,0,7,0,0.0,2.0,2.0,1.0,A01
201400000647,0,7,0,3.0,0.0,9.0,5.0,A01
201400000648,0,7,0,0.0,2.0,8.0,19.0,B02
201400000648,0,7,0,0.0,2.0,1.0,1.0,A01
201400000649,0,7,0,0.0,0.0,3.0,1.0,A01
201400000649,0,10,0,0.0,0.0,1.0,5.0,B02
201400000650,0,33,0,0.0,2.0,1.0,1.0,B02
201400000650,0,7,0,0.0,2.0,7.0,1.0,A01
201400000651,0,33,0,0.0,0.0,8.0,1.0,B02
201400000651,0,7,0,0.0,0.0,1.0,1.0,A01
201400000652,0,10,0,0.0,2.0,3.0,13.0,A01
201400000652,0,17,0,0.0,2.0,3.0,1.0,B02
201400000653,0,7,0,2.0,0.0,7.0,19.0,A01
201400000654,0,31,0,0.0,2.0,1.0,13.0,A01
201400000654,0,7,0,0.0,2.0,3.0,1.0,B02
201400000655,0,7,0,8.0,0.0,3.0,0.0,A01
201400000656,0,7,0,0.0,2.0,3.0,5.0,A01
201400000656,0,7,0,0.0,2.0,3.0,1.0,C03
201400000656,0,7,0,0.0,2.0,3.0,1.0,B02
201400000657,0,7,0,0.0,2.0,1.0,21.0,B02
201400000657,0,33,0,0.0,2.0,7.0,13.0,A01
201400000658,0,7,0,0.0,2.0,3.0,1.0,B02
201400000658,0,7,0,0.0,2.0,3.0,13.0,A01
201400000659,0,33,0,0.0,2.0,7.0,13.0,A01
201400000659,0,7,0,0.0,2.0,2.0,1.0,B02
201400000660,0,7,0,1.0,0.0,1.0,13.0,A01
201400000661,0,2,0,12.0,0.0,7.0,1.0,A01
201400000662,0,7,0,13.0,0.0,9.0,13.0,A01
201400000663,0,2,0,1.0,0.0,1.0,1.0,A01
201400000664,0,7,0,0.0,2.0,2.0,13.0,A01
201400000664,0,7,0,0.0,2.0,1.0,1.0,B02
201400000665,0,30,0,0.0,2.0,1.0,1.0,A01
201400000665,0,7,0,0.0,2.0,8.0,15.0,B02
201400000666,0,30,0,0.0,2.0,2.0,2.0,A01
201400000666,0,1,0,0.0,2.0,,1.0,B02
201400000667,0,7,0,2.0,0.0,3.0,13.0,A01
201400000668,0,7,0,0.0,2.0,3.0,19.0,A01
201400000668,0,33,0,0.0,2.0,2.0,1.0,B02
201400000669,0,7,0,0.0,2.0,2.0,15.0,A01
201400000669,0,33,0,0.0,2.0,1.0,14.0,B02
201400000670,0,7,0,0.0,0.0,1.0,1.0,A01
201400000670,0,7,0,0.0,2.0,1.0,1.0,B02
201400000671,0,34,0,0.0,2.0,1.0,1.0,B02
201400000671,0,10,0,0.0,2.0,3.0,19.0,A01
201400000672,0,7,0,0.0,2.0,3.0,1.0,A01
201400000672,0,30,0,0.0,2.0,1.0,16.0,B02
201400000673,0,7,0,0.0,2.0,8.0,15.0,A01
201400000673,0,33,0,0.0,2.0,1.0,1.0,B02
201400000674,0,7,0,13.0,0.0,9.0,1.0,A01
201400000675,0,7,0,0.0,2.0,1.0,1.0,A01
201400000675,0,10,0,0.0,2.0,2.0,1.0,B02
201400000676,0,33,0,0.0,2.0,8.0,1.0,A01
201400000676,0,7,0,0.0,0.0,2.0,15.0,B02
201400000677,0,7,0,0.0,2.0,1.0,1.0,B02
201400000677,0,7,0,0.0,2.0,2.0,19.0,A01
201400000678,0,33,0,0.0,0.0,0.0,21.0,A01
201400000679,0,30,0,0.0,2.0,1.0,1.0,A01
201400000679,0,7,0,0.0,2.0,5.0,15.0,B02
201400000680,0,7,0,5.0,0.0,1.0,13.0,A01
201400000681,0,7,0,0.0,2.0,5.0,15.0,A01
201400000681,0,33,0,0.0,2.0,1.0,1.0,B02
201400000682,0,38,14,0.0,2.0,1.0,1.0,B02
201400000682,0,7,0,0.0,2.0,1.0,13.0,A01
201400000683,0,10,0,0.0,2.0,8.0,19.0,A01
201400000683,0,33,0,0.0,2.0,1.0,1.0,B02
201400000684,0,7,0,13.0,0.0,2.0,1.0,A01
201400000685,0,7,0,0.0,2.0,3.0,2.0,C03
201400000685,0,7,0,0.0,2.0,1.0,2.0,F06
201400000685,0,10,0,0.0,2.0,1.0,2.0,A01
201400000685,0,7,0,0.0,2.0,6.0,2.0,B02
201400000685,0,7,0,0.0,2.0,4.0,23.0,E05
201400000685,0,7,0,4.0,0.0,3.0,1.0,D04
201400000686,0,7,0,6.0,0.0,7.0,1.0,A01
201400000687,0,7,0,14.0,0.0,1.0,1.0,A01
201400000688,0,33,0,12.0,0.0,1.0,1.0,A01
201400000689,0,7,0,0.0,2.0,3.0,13.0,A01
201400000689,0,15,0,0.0,2.0,3.0,1.0,B02
201400000690,0,7,0,0.0,0.0,1.0,1.0,B02
201400000690,0,7,0,0.0,6.0,2.0,1.0,A01
201400000691,0,33,0,0.0,6.0,2.0,1.0,A01
201400000692,0,7,0,0.0,1.0,1.0,1.0,A01
201400000693,0,33,0,0.0,0.0,1.0,0.0,B02
201400000693,0,7,0,0.0,0.0,1.0,0.0,A01
201400000694,0,7,0,0.0,0.0,8.0,19.0,A01
201400000694,0,14,0,0.0,2.0,1.0,1.0,B02
201400000695,0,7,0,0.0,0.0,3.0,19.0,A01
201400000695,0,33,0,0.0,2.0,1.0,1.0,B02
201400000696,0,7,0,0.0,2.0,1.0,13.0,A01
201400000696,0,7,0,0.0,2.0,1.0,1.0,B02
201400000697,0,31,0,0.0,0.0,7.0,1.0,A01
201400000698,0,33,0,0.0,2.0,1.0,1.0,B02
201400000698,0,7,0,0.0,2.0,1.0,17.0,A01
201400000699,0,7,0,0.0,2.0,1.0,13.0,A01
201400000699,0,38,0,0.0,2.0,3.0,1.0,B02
201400000700,0,31,0,0.0,2.0,1.0,1.0,B02
201400000700,0,7,0,0.0,2.0,2.0,15.0,A01
201400000701,0,7,0,0.0,2.0,1.0,1.0,A01
201400000701,0,7,0,0.0,2.0,1.0,1.0,B02
201400000702,0,33,0,12.0,0.0,0.0,1.0,A01
201400000703,0,7,0,0.0,2.0,7.0,1.0,B02
201400000703,0,7,0,0.0,2.0,1.0,9.0,A01
201400000704,0,7,0,0.0,1.0,2.0,1.0,A01
201400000705,0,33,0,12.0,0.0,7.0,1.0,A01
201400000706,0,7,0,0.0,2.0,1.0,13.0,C03
201400000706,0,7,0,1.0,2.0,1.0,1.0,A01
201400000706,0,7,0,0.0,2.0,5.0,1.0,D04
201400000706,0,7,0,0.0,2.0,1.0,1.0,B02
201400000706,0,7,0,0.0,2.0,5.0,1.0,E05
201400000707,0,7,0,0.0,2.0,1.0,1.0,B02
201400000707,0,7,0,0.0,2.0,1.0,13.0,A01
201400000708,0,7,0,0.0,2.0,1.0,13.0,A01
201400000708,0,7,0,0.0,2.0,1.0,1.0,B02
201400000709,0,37,0,0.0,2.0,0.0,17.0,A01
201400000709,0,1,0,0.0,0.0,0.0,13.0,B02
201400000710,0,7,0,0.0,2.0,1.0,0.0,B02
201400000710,0,7,0,0.0,2.0,8.0,15.0,A01
201400000711,0,7,0,0.0,2.0,3.0,1.0,C03
201400000711,0,7,0,0.0,2.0,1.0,1.0,B02
201400000711,0,7,0,0.0,2.0,1.0,13.0,A01
201400000712,0,7,0,13.0,0.0,1.0,0.0,A01
201400000713,0,2,0,0.0,2.0,1.0,1.0,A01
201400000713,0,7,0,0.0,0.0,2.0,19.0,B02
201400000714,0,7,0,6.0,0.0,1.0,14.0,A01
201400000715,0,7,0,9.0,0.0,1.0,1.0,A01
201400000716,0,7,0,13.0,0.0,1.0,1.0,A01
201400000717,0,7,0,0.0,2.0,1.0,1.0,B02
201400000717,0,7,0,0.0,2.0,7.0,1.0,A01
201400000718,0,7,0,0.0,2.0,3.0,13.0,A01
201400000718,0,17,0,0.0,2.0,3.0,1.0,B02
201400000719,0,7,0,0.0,2.0,3.0,1.0,A01
201400000719,0,7,0,0.0,2.0,1.0,19.0,B02
201400000720,0,14,0,0.0,1.0,3.0,19.0,A01
201400000721,0,10,0,0.0,1.0,5.0,15.0,A01
201400000722,0,7,0,0.0,0.0,3.0,13.0,B02
201400000722,0,7,0,0.0,2.0,3.0,1.0,A01
201400000723,0,21,0,0.0,2.0,6.0,13.0,A01
201400000723,0,33,0,0.0,2.0,1.0,1.0,B02
201400000724,0,33,0,8.0,0.0,1.0,1.0,A01
201400000725,0,33,0,0.0,2.0,1.0,1.0,B02
201400000725,0,7,0,0.0,2.0,1.0,15.0,A01
201400000726,0,7,0,0.0,2.0,1.0,1.0,B02
201400000726,0,7,0,0.0,2.0,1.0,1.0,C03
201400000726,0,7,0,0.0,2.0,1.0,1.0,A01
201400000727,0,7,0,0.0,2.0,7.0,1.0,B02
201400000727,0,7,0,0.0,2.0,2.0,15.0,A01
201400000727,0,31,0,0.0,2.0,1.0,1.0,C03
201400000728,0,33,0,4.0,0.0,1.0,1.0,A01
201400000729,0,10,0,0.0,1.0,2.0,1.0,A01
201400000730,0,31,0,0.0,2.0,1.0,1.0,B02
201400000730,0,30,0,0.0,2.0,1.0,1.0,A01
201400000731,0,7,0,0.0,2.0,1.0,1.0,A01
201400000731,0,7,0,8.0,2.0,3.0,19.0,B02
201400000732,0,7,0,0.0,2.0,3.0,1.0,B02
201400000732,0,31,0,0.0,2.0,3.0,1.0,A01
201400000733,0,7,0,0.0,2.0,2.0,15.0,A01
201400000733,0,7,0,7.0,2.0,3.0,1.0,B02
201400000734,0,33,0,15.0,2.0,8.0,17.0,A01
201400000735,0,7,0,0.0,0.0,9.0,1.0,A01
201400000736,0,7,0,0.0,2.0,8.0,1.0,B02
201400000736,0,7,0,0.0,2.0,1.0,1.0,A01
201400000737,0,7,0,0.0,2.0,3.0,1.0,A01
201400000737,0,10,0,0.0,2.0,5.0,19.0,B02
201400000738,0,7,0,0.0,2.0,1.0,1.0,A01
201400000738,0,7,0,0.0,2.0,6.0,19.0,B02
201400000739,0,36,0,0.0,0.0,0.0,0.0,A01
201400000740,0,15,0,0.0,0.0,5.0,17.0,A01
201400000740,0,30,0,0.0,0.0,3.0,2.0,B02
201400000741,0,33,0,0.0,0.0,7.0,1.0,A01
201400000742,0,7,0,2.0,0.0,1.0,1.0,A01
201400000743,0,10,0,0.0,0.0,3.0,1.0,A01
201400000743,0,7,0,0.0,0.0,3.0,1.0,B02
201400000744,0,99,0,13.0,0.0,1.0,1.0,A01
201400000745,0,31,0,0.0,1.0,1.0,1.0,A01
201400000746,0,10,0,1.0,2.0,1.0,1.0,B02
201400000746,0,7,0,1.0,2.0,7.0,19.0,A01
201400000747,0,7,0,0.0,0.0,9.0,1.0,A01
201400000748,0,7,0,0.0,2.0,1.0,5.0,A01
201400000748,0,20,0,0.0,2.0,1.0,1.0,B02
201400000749,0,7,0,0.0,1.0,2.0,16.0,A01
201400000750,0,10,0,0.0,2.0,1.0,1.0,A01
201400000750,0,2,0,0.0,2.0,1.0,1.0,B02
201400000751,0,31,0,0.0,5.0,1.0,1.0,A01
201400000752,0,7,0,0.0,2.0,1.0,1.0,B02
201400000752,0,33,0,0.0,2.0,1.0,1.0,A01
201400000753,0,21,0,0.0,2.0,1.0,1.0,B02
201400000753,0,10,0,0.0,2.0,2.0,1.0,A01
201400000754,0,14,0,0.0,0.0,3.0,1.0,A01
201400000755,0,7,0,0.0,2.0,8.0,22.0,A01
201400000755,0,7,0,0.0,2.0,3.0,1.0,B02
201400000756,0,10,0,8.0,0.0,9.0,1.0,A01
201400000757,0,33,0,0.0,2.0,1.0,1.0,A01
201400000757,0,7,0,0.0,0.0,8.0,15.0,B02
201400000758,0,7,0,0.0,2.0,1.0,1.0,B02
201400000758,0,7,0,0.0,2.0,1.0,1.0,A01
201400000759,0,7,0,0.0,2.0,3.0,9.0,B02
201400000759,0,7,0,0.0,2.0,2.0,1.0,A01
201400000760,0,7,0,0.0,2.0,1.0,13.0,A01
201400000760,0,14,0,0.0,2.0,3.0,21.0,B02
201400000761,0,7,0,0.0,1.0,2.0,1.0,A01
201400000762,0,3,0,10.0,0.0,1.0,13.0,A01
201400000763,0,7,0,15.0,0.0,2.0,1.0,A01
201400000764,0,17,0,0.0,2.0,2.0,2.0,B02
201400000764,0,17,0,0.0,2.0,3.0,1.0,C03
201400000764,0,17,0,0.0,2.0,4.0,23.0,A01
201400000765,0,7,0,0.0,1.0,1.0,1.0,A01
201400000766,0,7,0,0.0,2.0,2.0,15.0,B02
201400000766,0,7,0,0.0,2.0,2.0,1.0,A01
201400000767,0,7,0,15.0,0.0,3.0,1.0,A01
201400000768,0,31,0,0.0,2.0,7.0,1.0,A01
201400000768,0,7,0,0.0,2.0,3.0,1.0,B02
201400000769,0,10,0,0.0,1.0,1.0,1.0,A01
201400000770,0,7,0,0.0,1.0,1.0,1.0,A01
201400000771,0,33,0,0.0,2.0,1.0,1.0,B02
201400000771,0,7,0,0.0,2.0,2.0,15.0,A01
201400000772,0,7,0,0.0,2.0,1.0,1.0,B02
201400000772,0,7,0,0.0,2.0,3.0,6.0,A01
201400000773,0,38,5,0.0,1.0,7.0,9.0,A01
201400000774,0,7,0,0.0,2.0,1.0,13.0,A01
201400000774,0,7,0,0.0,2.0,1.0,1.0,B02
201400000775,0,7,0,0.0,2.0,3.0,1.0,A01
201400000775,0,7,0,0.0,2.0,3.0,1.0,B02
201400000776,0,33,0,0.0,0.0,0.0,1.0,A01
201400000777,0,7,0,0.0,1.0,2.0,1.0,A01
201400000778,0,7,0,,,3.0,,A01
201400000778,0,32,0,,,3.0,,B02
201400000779,0,33,0,0.0,2.0,1.0,13.0,A01
201400000779,0,7,0,0.0,2.0,6.0,1.0,B02
201400000779,0,7,0,0.0,2.0,3.0,1.0,C03
201400000780,0,2,0,0.0,2.0,1.0,5.0,A01
201400000780,0,7,0,0.0,2.0,2.0,1.0,B02
201400000781,0,33,0,0.0,0.0,8.0,1.0,A01
201400000782,0,7,0,0.0,2.0,1.0,1.0,A01
201400000782,0,2,0,0.0,2.0,7.0,1.0,B02
201400000783,0,7,0,0.0,2.0,1.0,1.0,A01
201400000783,0,1,0,0.0,0.0,4.0,1.0,B02
201400000784,0,7,0,8.0,0.0,1.0,1.0,A01
201400000785,0,7,0,2.0,0.0,8.0,1.0,A01
201400000786,0,7,0,0.0,2.0,1.0,13.0,A01
201400000786,0,7,0,0.0,2.0,1.0,1.0,B02
201400000787,0,7,0,1.0,2.0,8.0,1.0,B02
201400000787,0,7,0,1.0,2.0,1.0,1.0,A01
201400000788,0,33,0,9.0,0.0,1.0,1.0,A01
201400000789,0,33,0,0.0,2.0,8.0,17.0,A01
201400000789,0,7,0,0.0,2.0,3.0,1.0,B02
201400000790,0,7,0,0.0,2.0,2.0,13.0,A01
201400000790,0,7,0,0.0,2.0,2.0,1.0,B02
201400000791,0,7,0,0.0,2.0,7.0,13.0,A01
201400000791,0,14,0,0.0,2.0,1.0,1.0,B02
201400000792,0,7,0,8.0,1.0,1.0,19.0,A01
201400000793,0,7,0,2.0,0.0,2.0,1.0,A01
201400000794,0,7,0,0.0,2.0,3.0,13.0,A01
201400000794,0,14,0,0.0,2.0,3.0,1.0,B02
201400000795,0,7,0,0.0,2.0,2.0,19.0,A01
201400000795,0,7,0,0.0,2.0,3.0,1.0,B02
201400000796,0,7,0,0.0,5.0,1.0,13.0,A01
201400000797,0,7,0,0.0,9.0,3.0,1.0,A01
201400000797,0,1,0,0.0,2.0,2.0,1.0,B02
201400000798,0,32,0,0.0,2.0,1.0,13.0,A01
201400000798,0,7,0,0.0,2.0,1.0,1.0,B02
201400000799,0,7,0,0.0,2.0,1.0,15.0,B02
201400000799,0,33,0,0.0,2.0,7.0,1.0,A01
201400000800,0,33,0,0.0,0.0,1.0,1.0,A01
201400000801,0,33,0,0.0,2.0,1.0,17.0,A01
201400000801,0,7,0,0.0,2.0,3.0,15.0,B02
201400000802,0,7,0,13.0,0.0,1.0,1.0,A01
201400000803,0,30,0,13.0,2.0,8.0,1.0,B02
201400000803,0,7,0,0.0,2.0,1.0,1.0,A01
201400000804,0,2,0,0.0,2.0,8.0,1.0,B02
201400000804,0,7,0,0.0,2.0,3.0,15.0,A01
201400000805,0,7,0,13.0,2.0,1.0,1.0,A01
201400000806,0,7,0,0.0,2.0,3.0,19.0,A01
201400000806,0,2,0,0.0,2.0,1.0,1.0,B02
201400000807,0,2,0,0.0,0.0,0.0,1.0,A01
201400000808,0,7,0,0.0,2.0,3.0,0.0,A01
201400000808,0,7,0,0.0,2.0,3.0,0.0,B02
201400000809,0,31,0,9.0,0.0,2.0,1.0,A01
201400000810,0,7,0,0.0,2.0,3.0,15.0,A01
201400000810,0,10,0,0.0,2.0,3.0,1.0,B02
201400000811,0,7,0,0.0,2.0,2.0,15.0,A01
201400000811,0,2,0,0.0,2.0,1.0,1.0,B02
201400000812,0,7,0,0.0,2.0,8.0,15.0,B02
201400000812,0,33,0,0.0,2.0,1.0,17.0,A01
201400000813,0,33,0,0.0,2.0,1.0,2.0,A01
201400000813,0,7,0,0.0,0.0,4.0,15.0,B02
201400000814,0,20,0,0.0,2.0,3.0,15.0,A01
201400000814,0,33,0,0.0,2.0,1.0,1.0,B02
201400000815,0,7,0,13.0,0.0,2.0,1.0,A01
201400000816,0,1,0,0.0,2.0,1.0,1.0,B02
201400000816,0,21,0,0.0,9.0,6.0,13.0,A01
201400000817,0,7,0,8.0,0.0,0.0,1.0,A01
201400000818,0,33,0,0.0,2.0,1.0,17.0,A01
201400000818,0,14,0,0.0,0.0,5.0,23.0,B02
201400000819,0,7,0,0.0,2.0,8.0,19.0,A01
201400000819,0,7,0,0.0,2.0,3.0,1.0,B02
201400000820,0,7,0,8.0,0.0,2.0,1.0,A01
201400000821,0,7,0,0.0,0.0,9.0,1.0,A01
201400000822,0,7,0,0.0,9.0,2.0,1.0,A01
201400000822,0,1,0,0.0,2.0,8.0,19.0,B02
201400000823,0,7,0,0.0,2.0,1.0,1.0,A01
201400000823,0,7,0,0.0,2.0,1.0,1.0,B02
201400000824,0,33,0,14.0,0.0,1.0,1.0,A01
201400000825,0,33,0,1.0,2.0,1.0,21.0,B02
201400000825,0,7,0,0.0,2.0,0.0,10.0,A01
201400000826,0,7,0,0.0,0.0,6.0,15.0,B02
201400000826,0,30,0,0.0,2.0,1.0,17.0,A01
201400000827,0,7,0,0.0,2.0,1.0,1.0,B02
201400000827,0,30,0,0.0,0.0,7.0,15.0,A01
201400000828,0,7,0,0.0,0.0,3.0,13.0,A01
201400000828,0,10,0,0.0,0.0,3.0,1.0,B02
201400000829,0,7,0,0.0,2.0,8.0,19.0,A01
201400000829,0,7,0,0.0,2.0,1.0,1.0,B02
201400000830,0,30,0,0.0,2.0,1.0,17.0,A01
201400000830,0,7,0,0.0,2.0,3.0,1.0,C03
201400000830,0,10,0,0.0,2.0,6.0,15.0,B02
201400000831,0,7,0,0.0,2.0,1.0,15.0,A01
201400000831,0,7,0,0.0,2.0,1.0,1.0,B02
201400000832,0,7,0,0.0,2.0,1.0,13.0,A01
201400000832,0,7,0,0.0,2.0,3.0,0.0,B02
201400000833,0,7,0,0.0,2.0,7.0,19.0,A01
201400000833,0,33,0,0.0,2.0,1.0,1.0,B02
201400000834,0,7,0,0.0,1.0,1.0,1.0,C03
201400000834,0,7,0,0.0,1.0,1.0,1.0,B02
201400000834,0,7,0,0.0,1.0,3.0,1.0,A01
201400000835,0,10,0,0.0,1.0,2.0,16.0,A01
201400000836,0,10,0,0.0,2.0,5.0,15.0,B02
201400000836,0,30,0,0.0,2.0,1.0,2.0,A01
201400000837,0,7,0,0.0,1.0,2.0,1.0,A01
201400000838,0,7,0,0.0,2.0,1.0,17.0,A01
201400000838,0,21,0,0.0,0.0,6.0,15.0,B02
201400000839,0,7,0,0.0,0.0,3.0,1.0,B02
201400000839,0,7,0,0.0,0.0,1.0,13.0,A01
201400000840,0,33,0,0.0,2.0,1.0,1.0,A01
201400000840,0,7,0,0.0,2.0,8.0,19.0,B02
201400000841,0,31,0,12.0,0.0,4.0,1.0,A01
201400000842,0,7,0,0.0,2.0,7.0,1.0,A01
201400000842,0,7,0,0.0,2.0,1.0,1.0,B02
201400000843,0,14,0,0.0,1.0,1.0,1.0,A01
201400000844,0,33,0,0.0,2.0,1.0,1.0,B02
201400000844,0,7,0,0.0,2.0,8.0,9.0,A01
201400000845,0,7,0,13.0,0.0,9.0,1.0,A01
201400000846,0,30,0,15.0,0.0,1.0,1.0,A01
201400000847,0,7,0,13.0,0.0,1.0,2.0,A01
201400000848,0,7,0,8.0,0.0,1.0,14.0,A01
201400000849,0,33,0,9.0,0.0,1.0,1.0,A01
201400000850,0,7,0,8.0,0.0,1.0,0.0,A01
201400000851,0,7,0,8.0,0.0,9.0,1.0,A01
201400000852,0,7,0,0.0,2.0,3.0,5.0,B02
201400000852,0,7,0,0.0,2.0,1.0,19.0,A01
201400000853,0,7,0,0.0,2.0,1.0,1.0,B02
201400000853,0,7,0,0.0,2.0,1.0,13.0,A01
201400000854,0,7,0,16.0,0.0,1.0,1.0,A01
201400000855,0,2,0,0.0,2.0,7.0,15.0,A01
201400000855,0,7,0,0.0,2.0,1.0,1.0,B02
201400000856,0,7,0,0.0,2.0,1.0,2.0,A01