Num_Acc,senc,catv,occutc,obs,obsm,choc,manv,num_veh
201400001140,0,17,0,13.0,0.0,3.0,1.0,A01
201400001141,0,10,0,0.0,2.0,1.0,1.0,A01
201400001141,0,10,0,0.0,2.0,1.0,1.0,B02
201400001142,0,7,0,0.0,2.0,2.0,15.0,A01
201400001142,0,1,0,0.0,2.0,1.0,1.0,B02
201400001143,0,7,0,2.0,0.0,9.0,1.0,A01
201400001144,0,7,0,0.0,1.0,3.0,17.0,A01
201400001144,0,7,0,14.0,0.0,0.0,1.0,B02
201400001145,0,7,0,0.0,2.0,2.0,1.0,A01
201400001145,0,7,0,0.0,2.0,6.0,1.0,B02
201400001146,0,7,0,0.0,1.0,8.0,1.0,A01
201400001147,1,7,0,0.0,1.0,2.0,2.0,A01
201400001148,0,10,0,0.0,2.0,7.0,15.0,A01
201400001148,0,7,0,0.0,2.0,1.0,1.0,B02
201400001149,0,7,0,0.0,2.0,2.0,15.0,A01
201400001149,0,2,0,0.0,2.0,8.0,0.0,B02
201400001150,0,7,0,0.0,2.0,2.0,1.0,A01
201400001150,0,7,0,0.0,2.0,3.0,1.0,B02
201400001151,0,33,0,0.0,2.0,1.0,1.0,A01
201400001151,0,7,0,0.0,2.0,6.0,6.0,B02
201400001152,0,10,0,8.0,0.0,7.0,17.0,A01
201400001153,0,7,0,0.0,2.0,1.0,1.0,A01
201400001153,0,7,0,0.0,2.0,3.0,2.0,B02
201400001154,0,36,0,6.0,0.0,9.0,20.0,A01
201400001155,0,7,0,0.0,2.0,1.0,5.0,A01
201400001155,0,7,0,0.0,2.0,1.0,1.0,B02
201400001156,0,7,0,2.0,0.0,1.0,1.0,A01
201400001157,0,1,0,0.0,2.0,4.0,1.0,B02
201400001157,0,7,0,0.0,2.0,2.0,1.0,A01
201400001158,0,7,0,0.0,2.0,1.0,1.0,A01
201400001158,0,7,0,0.0,2.0,3.0,5.0,B02
201400001159,0,7,0,0.0,2.0,2.0,1.0,A01
201400001159,0,7,0,0.0,2.0,1.0,1.0,B02
201400001160,0,7,0,0.0,2.0,5.0,13.0,A01
201400001160,0,7,0,0.0,2.0,2.0,1.0,B02
201400001161,0,30,0,0.0,1.0,1.0,2.0,A01
201400001162,0,7,0,0.0,0.0,0.0,1.0,B02
201400001162,0,33,0,0.0,0.0,0.0,1.0,A01
201400001163,0,7,0,13.0,0.0,2.0,17.0,A01
201400001164,0,7,0,2.0,0.0,4.0,0.0,A01
201400001165,0,7,0,13.0,0.0,1.0,13.0,A01
201400001166,0,33,0,13.0,0.0,1.0,1.0,A01
201400001167,0,7,0,0.0,1.0,3.0,1.0,A01
201400001168,0,7,0,0.0,1.0,1.0,1.0,A01
201400001169,0,7,0,0.0,2.0,2.0,1.0,A01
201400001169,0,30,0,0.0,2.0,6.0,1.0,B02
201400001170,0,7,0,0.0,9.0,1.0,1.0,A01
201400001171,0,7,0,0.0,1.0,3.0,1.0,A01
201400001172,0,7,0,13.0,0.0,1.0,1.0,A01
201400001173,0,7,0,0.0,1.0,2.0,1.0,A01
201400001174,0,7,0,0.0,2.0,8.0,1.0,A01
201400001174,0,31,0,0.0,2.0,1.0,1.0,B02
201400001175,0,7,0,0.0,2.0,1.0,1.0,A01
201400001175,0,7,0,0.0,2.0,5.0,19.0,B02
201400001176,0,15,0,0.0,2.0,2.0,1.0,A01
201400001176,0,7,0,0.0,2.0,8.0,19.0,B02
201400001177,0,7,0,0.0,9.0,1.0,1.0,A01
201400001177,0,1,0,0.0,2.0,1.0,5.0,B02
201400001178,0,33,0,0.0,2.0,1.0,13.0,A01
201400001178,0,7,0,0.0,2.0,8.0,0.0,B02
201400001179,0,7,0,6.0,0.0,1.0,1.0,A01
201400001180,0,99,0,0.0,0.0,6.0,15.0,B02
201400001180,0,31,0,0.0,2.0,1.0,17.0,A01
201400001181,0,7,0,0.0,2.0,1.0,19.0,A01
201400001181,0,7,0,0.0,2.0,3.0,1.0,B02
201400001182,0,33,0,0.0,2.0,1.0,1.0,A01
201400001182,0,21,0,0.0,2.0,3.0,15.0,B02
201400001183,1,7,0,0.0,1.0,3.0,1.0,A01
201400001184,0,33,0,13.0,0.0,1.0,1.0,A01
201400001185,0,15,0,0.0,2.0,1.0,2.0,A01
201400001185,0,17,0,0.0,2.0,4.0,2.0,C03
201400001185,0,14,0,0.0,2.0,4.0,2.0,B02
201400001186,0,7,0,2.0,0.0,2.0,1.0,A01
201400001187,0,10,0,2.0,0.0,3.0,1.0,A01
201400001188,0,7,0,0.0,2.0,1.0,1.0,B02
201400001188,0,7,0,0.0,2.0,8.0,19.0,A01
201400001189,0,33,0,16.0,0.0,7.0,17.0,A01
201400001190,0,7,0,0.0,2.0,1.0,1.0,B02
201400001190,0,7,0,0.0,2.0,2.0,15.0,A01
201400001191,0,7,0,13.0,0.0,3.0,1.0,A01
201400001191,0,7,0,0.0,2.0,1.0,1.0,B02
201400001192,0,7,0,0.0,1.0,3.0,1.0,A01
201400001193,0,10,0,0.0,0.0,7.0,13.0,A01
201400001193,0,7,0,0.0,2.0,1.0,1.0,B02
201400001194,0,10,0,0.0,2.0,8.0,15.0,B02
201400001194,0,2,0,0.0,2.0,7.0,17.0,A01
201400001195,0,7,0,0.0,2.0,3.0,13.0,A01
201400001195,0,7,0,0.0,2.0,3.0,1.0,B02
201400001196,0,7,0,0.0,2.0,3.0,13.0,A01
201400001196,0,10,0,0.0,2.0,3.0,1.0,B02
201400001197,0,7,0,0.0,2.0,2.0,19.0,A01
201400001197,0,7,0,0.0,2.0,3.0,1.0,B02
201400001198,0,7,0,12.0,0.0,2.0,1.0,A01
201400001199,0,7,0,0.0,1.0,2.0,1.0,A01
201400001200,0,7,0,0.0,2.0,3.0,1.0,A01
201400001200,0,1,0,0.0,2.0,7.0,1.0,B02
201400001201,0,7,0,0.0,1.0,1.0,1.0,A01
201400001202,0,7,0,0.0,2.0,4.0,15.0,A01
201400001202,0,33,0,0.0,2.0,1.0,1.0,B02
201400001203,0,7,0,8.0,0.0,1.0,1.0,A01
201400001204,0,7,0,0.0,1.0,1.0,15.0,A01
201400001205,0,7,0,0.0,0.0,3.0,1.0,A01
201400001206,0,7,0,8.0,0.0,1.0,1.0,A01
201400001207,0,7,0,0.0,2.0,1.0,9.0,A01
201400001207,0,31,0,0.0,2.0,7.0,1.0,B02
201400001208,0,7,0,13.0,0.0,2.0,1.0,A01
201400001209,0,7,0,0.0,2.0,1.0,1.0,A01
201400001209,0,7,0,0.0,2.0,1.0,1.0,B02
201400001210,0,7,0,13.0,0.0,1.0,1.0,A01
201400001211,0,7,0,12.0,0.0,3.0,1.0,A01
201400001211,0,10,0,0.0,0.0,2.0,19.0,B02
201400001212,0,7,0,0.0,2.0,1.0,1.0,A01
201400001212,0,14,0,0.0,2.0,6.0,1.0,B02
201400001213,0,33,0,0.0,0.0,1.0,1.0,A01
201400001214,0,7,0,2.0,9.0,7.0,1.0,A01
201400001215,0,7,0,0.0,2.0,3.0,1.0,B02
201400001215,0,7,0,0.0,2.0,3.0,2.0,C03
201400001215,0,7,0,0.0,2.0,3.0,1.0,A01
201400001216,0,7,0,0.0,2.0,1.0,1.0,B02
201400001216,0,7,0,0.0,0.0,2.0,15.0,A01
201400001217,0,2,0,0.0,2.0,1.0,1.0,A01
201400001217,0,7,0,0.0,2.0,1.0,15.0,B02
201400001218,0,7,0,0.0,2.0,3.0,13.0,A01
201400001218,0,7,0,0.0,2.0,6.0,1.0,C03
201400001218,0,15,0,0.0,2.0,2.0,1.0,B02
201400001219,0,7,0,0.0,0.0,1.0,12.0,A01
201400001220,0,33,0,2.0,0.0,0.0,17.0,A01
201400001221,0,7,0,0.0,2.0,1.0,1.0,B02
201400001221,0,31,0,0.0,2.0,1.0,13.0,A01
201400001222,0,2,0,0.0,2.0,7.0,17.0,A01
201400001222,0,21,0,0.0,2.0,8.0,15.0,B02
201400001223,0,7,0,0.0,9.0,2.0,15.0,A01
201400001223,0,1,0,0.0,2.0,1.0,1.0,B02
201400001224,0,1,0,0.0,2.0,7.0,19.0,B02
201400001224,0,7,0,0.0,9.0,1.0,1.0,A01
201400001225,0,7,0,0.0,1.0,2.0,15.0,A01
201400001226,0,33,0,15.0,0.0,0.0,1.0,A01
201400001227,0,7,0,0.0,1.0,1.0,15.0,A01
201400001228,0,7,0,0.0,2.0,8.0,15.0,B02
201400001228,0,2,0,0.0,2.0,1.0,17.0,A01
201400001229,0,7,0,0.0,0.0,4.0,2.0,C03
201400001229,0,7,0,0.0,0.0,4.0,2.0,B02
201400001229,0,7,0,0.0,0.0,1.0,2.0,A01
201400001230,2,7,0,13.0,0.0,1.0,1.0,A01
201400001231,0,2,0,0.0,0.0,0.0,0.0,B02
201400001231,0,7,0,0.0,0.0,0.0,0.0,A01
201400001232,0,7,0,13.0,0.0,1.0,14.0,A01
201400001233,0,30,0,12.0,0.0,2.0,1.0,A01
201400001234,0,7,0,0.0,2.0,2.0,1.0,B02
201400001234,0,33,0,0.0,2.0,1.0,13.0,A01
201400001235,0,7,0,0.0,2.0,1.0,1.0,B02
201400001235,0,7,0,0.0,2.0,1.0,17.0,A01
201400001235,0,10,0,0.0,2.0,1.0,23.0,C03
201400001236,0,10,0,0.0,0.0,1.0,1.0,B02
201400001236,0,30,0,14.0,0.0,1.0,1.0,A01
201400001237,0,30,0,0.0,2.0,1.0,16.0,A01
201400001237,0,7,0,0.0,2.0,3.0,1.0,B02
201400001238,0,7,0,0.0,2.0,3.0,1.0,A01
201400001238,0,31,0,0.0,0.0,8.0,0.0,B02
201400001239,0,7,0,0.0,1.0,6.0,20.0,A01
201400001240,0,7,0,0.0,1.0,2.0,1.0,A01
201400001241,0,30,0,0.0,2.0,2.0,1.0,B02
201400001241,0,7,0,0.0,2.0,8.0,9.0,A01
201400001242,0,33,0,13.0,0.0,2.0,1.0,A01
201400001243,0,10,0,0.0,2.0,1.0,1.0,B02
201400001243,0,30,0,0.0,2.0,1.0,13.0,A01
201400001244,0,7,0,0.0,2.0,2.0,19.0,A01
201400001244,0,13,0,0.0,2.0,1.0,1.0,B02
201400001245,0,7,0,0.0,1.0,3.0,1.0,A01
201400001246,0,7,0,0.0,2.0,2.0,1.0,B02
201400001246,0,7,0,0.0,2.0,1.0,15.0,A01
201400001247,0,7,0,13.0,0.0,3.0,1.0,A01
201400001248,0,7,0,0.0,2.0,1.0,1.0,B02
201400001248,0,1,0,0.0,2.0,4.0,1.0,A01
201400001249,0,10,0,0.0,0.0,0.0,23.0,B02
201400001249,0,33,0,0.0,0.0,0.0,1.0,A01
201400001250,0,7,0,0.0,2.0,1.0,2.0,A01
201400001250,0,7,0,0.0,2.0,4.0,2.0,B02
201400001251,0,30,0,0.0,0.0,3.0,1.0,A01
201400001252,0,7,0,0.0,2.0,3.0,1.0,A01
201400001252,0,2,0,0.0,2.0,8.0,1.0,B02
201400001253,0,15,0,6.0,0.0,8.0,1.0,A01
201400001254,0,7,0,0.0,2.0,1.0,1.0,B02
201400001254,0,7,0,0.0,2.0,1.0,1.0,A01
201400001255,0,7,0,2.0,0.0,1.0,1.0,A01
201400001256,0,7,0,13.0,0.0,2.0,1.0,A01
201400001257,0,7,0,2.0,0.0,2.0,1.0,A01
201400001258,0,30,0,0.0,2.0,7.0,1.0,A01
201400001258,0,7,0,0.0,2.0,1.0,19.0,B02
201400001259,0,7,0,0.0,2.0,3.0,16.0,B02
201400001259,0,14,0,0.0,2.0,2.0,1.0,A01
201400001260,0,7,0,0.0,1.0,3.0,1.0,A01
201400001261,0,30,0,0.0,2.0,7.0,19.0,B02
201400001261,0,7,0,0.0,2.0,1.0,1.0,A01
201400001262,0,7,0,13.0,2.0,1.0,1.0,A01
201400001262,0,7,0,14.0,0.0,7.0,21.0,B02
201400001263,0,7,0,0.0,1.0,7.0,1.0,A01
201400001264,0,14,0,2.0,0.0,2.0,1.0,A01
201400001265,0,30,0,0.0,2.0,1.0,5.0,A01
201400001265,0,7,0,0.0,2.0,2.0,1.0,B02
201400001266,0,7,0,0.0,2.0,4.0,2.0,B02
201400001266,0,33,0,0.0,2.0,1.0,2.0,A01
201400001267,0,7,0,0.0,0.0,3.0,1.0,A01
201400001268,0,7,0,7.0,0.0,1.0,16.0,A01
201400001269,0,7,0,0.0,2.0,1.0,13.0,A01
201400001269,0,10,0,0.0,2.0,1.0,1.0,B02
201400001270,0,7,0,13.0,0.0,9.0,1.0,A01
201400001271,0,7,0,0.0,0.0,2.0,1.0,A01
201400001272,0,7,0,0.0,2.0,3.0,1.0,B02
201400001272,0,2,0,0.0,2.0,1.0,5.0,A01
201400001273,0,7,0,8.0,0.0,7.0,1.0,A01
201400001274,0,7,0,0.0,2.0,1.0,1.0,B02
201400001274,0,7,0,0.0,2.0,1.0,13.0,A01
201400001275,0,7,0,13.0,0.0,2.0,1.0,A01
201400001276,0,14,0,0.0,0.0,0.0,1.0,A01
201400001276,0,7,0,0.0,2.0,8.0,13.0,B02
201400001276,0,33,0,0.0,2.0,8.0,1.0,C03
201400001277,0,7,0,0.0,2.0,1.0,1.0,B02
201400001277,0,15,0,0.0,2.0,1.0,13.0,A01
201400001278,0,7,0,13.0,0.0,2.0,1.0,A01
201400001279,0,7,0,0.0,2.0,1.0,2.0,A01
201400001279,0,10,0,0.0,2.0,4.0,2.0,B02
201400001280,0,7,0,0.0,2.0,3.0,13.0,A01
201400001280,0,10,0,0.0,2.0,3.0,1.0,B02
201400001281,0,7,0,0.0,2.0,1.0,1.0,B02
201400001281,0,7,0,0.0,2.0,1.0,17.0,A01
201400001282,1,17,0,0.0,1.0,1.0,1.0,A01
201400001283,0,7,0,2.0,0.0,1.0,1.0,A01
201400001284,0,7,0,0.0,1.0,7.0,1.0,A01
201400001285,0,7,0,0.0,2.0,3.0,9.0,A01
201400001285,0,33,0,0.0,2.0,1.0,1.0,B02
201400001286,0,33,0,0.0,0.0,2.0,1.0,A01
201400001287,0,10,0,2.0,0.0,1.0,1.0,A01
201400001288,0,33,0,0.0,2.0,3.0,1.0,A01
201400001288,0,10,0,0.0,2.0,6.0,15.0,B02
201400001289,0,14,0,0.0,2.0,1.0,1.0,B02
201400001289,0,7,0,0.0,2.0,2.0,13.0,A01
201400001290,0,7,0,0.0,2.0,1.0,19.0,A01
201400001290,0,33,0,0.0,2.0,1.0,1.0,B02
201400001291,0,7,0,0.0,2.0,1.0,19.0,A01
201400001291,0,7,0,0.0,2.0,1.0,1.0,B02
201400001292,0,7,0,0.0,1.0,3.0,9.0,A01
201400001293,0,7,0,0.0,2.0,3.0,1.0,B02
201400001293,0,7,0,0.0,2.0,1.0,1.0,A01
201400001294,0,30,0,0.0,2.0,1.0,2.0,A01
201400001294,0,10,0,0.0,0.0,4.0,2.0,B02
201400001295,0,7,0,0.0,2.0,2.0,1.0,B02
201400001295,0,7,0,0.0,2.0,3.0,15.0,A01
201400001296,0,7,0,0.0,0.0,2.0,0.0,A01
201400001296,0,7,0,0.0,2.0,3.0,1.0,B02
201400001297,0,30,0,0.0,2.0,8.0,15.0,A01
201400001297,0,7,0,1.0,2.0,1.0,17.0,B02
201400001298,0,33,0,14.0,0.0,1.0,0.0,A01
201400001299,0,7,0,0.0,2.0,1.0,1.0,A01
201400001299,0,10,0,0.0,2.0,1.0,1.0,C03
201400001299,0,36,0,0.0,2.0,4.0,15.0,B02
201400001300,0,1,0,0.0,2.0,3.0,1.0,B02
201400001300,0,7,0,0.0,2.0,7.0,16.0,A01
201400001301,0,7,0,0.0,2.0,1.0,5.0,A01
201400001301,0,7,0,0.0,2.0,1.0,1.0,B02
201400001302,0,10,0,0.0,1.0,2.0,1.0,A01
201400001303,0,7,0,0.0,2.0,3.0,19.0,A02
201400001303,0,33,0,0.0,2.0,7.0,21.0,B01
201400001304,0,7,0,0.0,2.0,8.0,19.0,B02
201400001304,0,7,0,0.0,2.0,2.0,1.0,A01
201400001305,0,31,0,13.0,0.0,1.0,1.0,A01
201400001306,0,14,0,0.0,0.0,9.0,1.0,A01
201400001307,0,7,0,6.0,0.0,7.0,13.0,A01
201400001308,0,7,0,0.0,2.0,2.0,13.0,A01
201400001308,0,7,0,0.0,2.0,3.0,1.0,B02
201400001309,0,30,0,0.0,2.0,4.0,16.0,A01
201400001309,0,7,0,0.0,2.0,3.0,1.0,B02
201400001310,0,7,0,0.0,2.0,2.0,1.0,B02
201400001310,0,7,0,0.0,2.0,1.0,1.0,A01
201400001311,0,7,0,0.0,2.0,8.0,21.0,B02
201400001311,0,33,0,0.0,2.0,2.0,21.0,A01
201400001312,0,7,0,0.0,1.0,1.0,1.0,A01
201400001313,0,33,0,0.0,2.0,7.0,1.0,B02
201400001313,0,7,0,0.0,2.0,1.0,15.0,A01
201400001314,0,33,0,0.0,2.0,3.0,17.0,A01
201400001314,0,7,0,0.0,2.0,3.0,1.0,B02
201400001315,0,31,0,0.0,2.0,7.0,16.0,A01
201400001315,0,7,0,0.0,2.0,1.0,1.0,B02
201400001316,0,7,0,0.0,1.0,2.0,16.0,A01
201400001317,0,15,0,0.0,2.0,7.0,17.0,A01
201400001317,0,1,0,0.0,2.0,8.0,2.0,B02
201400001318,0,7,0,0.0,2.0,1.0,1.0,B02
201400001318,0,7,0,0.0,2.0,2.0,13.0,A01
201400001319,0,7,0,0.0,1.0,3.0,21.0,A01
201400001319,0,7,0,0.0,1.0,1.0,1.0,B02
201400001320,0,7,0,0.0,2.0,3.0,17.0,A01
201400001320,0,7,0,0.0,2.0,1.0,1.0,B02
201400001321,0,7,0,0.0,2.0,6.0,13.0,A01
201400001321,0,7,0,0.0,2.0,1.0,1.0,B02
201400001322,0,7,0,2.0,0.0,8.0,14.0,A01
201400001323,0,30,0,0.0,2.0,6.0,13.0,A01
201400001323,0,2,0,0.0,2.0,2.0,17.0,B02
201400001324,0,30,0,0.0,2.0,1.0,6.0,A01
201400001324,0,7,0,0.0,2.0,3.0,1.0,B02
201400001325,0,7,0,0.0,2.0,6.0,10.0,A01
201400001325,0,33,0,0.0,2.0,1.0,1.0,B02
201400001326,0,7,0,0.0,2.0,3.0,21.0,A01
201400001326,0,7,0,0.0,2.0,3.0,13.0,B02
201400001327,0,31,0,7.0,0.0,1.0,0.0,A01
201400001328,0,7,0,0.0,2.0,8.0,10.0,A01
201400001328,0,7,0,0.0,2.0,1.0,17.0,B02
201400001329,0,33,0,0.0,2.0,1.0,13.0,A01
201400001329,0,7,0,0.0,2.0,1.0,1.0,B02
201400001330,0,33,0,0.0,2.0,1.0,17.0,A01
201400001330,0,10,0,0.0,2.0,3.0,10.0,B02
201400001331,0,7,0,0.0,2.0,2.0,15.0,A01
201400001331,0,30,0,0.0,2.0,3.0,1.0,B02
201400001332,0,10,0,13.0,0.0,9.0,14.0,A01
201400001333,0,33,0,11.0,0.0,1.0,6.0,A01
201400001334,0,30,0,0.0,2.0,1.0,1.0,B02
201400001334,0,7,0,0.0,2.0,2.0,1.0,A01
201400001335,0,1,0,0.0,2.0,1.0,1.0,A01
201400001335,0,7,0,0.0,2.0,2.0,19.0,B02
201400001336,0,34,0,0.0,1.0,3.0,21.0,A01
201400001337,0,7,0,0.0,2.0,2.0,15.0,A01
201400001337,0,33,0,0.0,2.0,1.0,1.0,B02
201400001338,0,7,0,0.0,1.0,1.0,1.0,A01
201400001339,0,30,0,0.0,2.0,1.0,1.0,A01
201400001339,0,7,0,0.0,2.0,5.0,4.0,B02
201400001340,0,7,0,0.0,2.0,7.0,1.0,A01
201400001340,0,7,0,0.0,2.0,1.0,5.0,B02
201400001341,0,7,0,0.0,2.0,2.0,1.0,A01
201400001341,0,31,0,0.0,2.0,1.0,1.0,B02
201400001342,0,7,0,0.0,2.0,2.0,15.0,A01
201400001342,0,7,0,0.0,2.0,1.0,1.0,B02
201400001343,0,7,0,0.0,2.0,2.0,15.0,A01
201400001343,0,7,0,0.0,2.0,2.0,1.0,B02
201400001344,0,10,0,0.0,1.0,1.0,1.0,A01
201400001345,0,1,0,0.0,0.0,1.0,1.0,A01
201400001346,0,7,0,0.0,2.0,3.0,15.0,A01
201400001346,0,7,0,0.0,2.0,2.0,21.0,B02
201400001347,0,30,0,0.0,2.0,1.0,15.0,A01
201400001347,0,30,0,0.0,2.0,1.0,1.0,B01
201400001348,0,7,0,13.0,0.0,9.0,13.0,A01
201400001349,0,30,0,0.0,0.0,0.0,14.0,A01
201400001350,0,7,0,13.0,0.0,9.0,14.0,A01
201400001351,0,2,0,0.0,1.0,0.0,1.0,A01
201400001352,0,7,0,0.0,2.0,1.0,1.0,A01
201400001352,0,34,0,0.0,2.0,1.0,1.0,B02
201400001353,0,7,0,6.0,2.0,6.0,15.0,A01
201400001353,0,31,0,0.0,2.0,1.0,1.0,B02
201400001354,0,7,0,8.0,0.0,1.0,1.0,A01
201400001355,0,7,0,0.0,9.0,2.0,1.0,A01
201400001355,0,1,0,0.0,2.0,6.0,2.0,B02
201400001356,0,7,0,0.0,9.0,1.0,1.0,B02
201400001356,0,1,0,0.0,2.0,1.0,5.0,A01
201400001357,0,1,0,14.0,0.0,1.0,1.0,A01
201400001358,0,7,0,0.0,2.0,2.0,13.0,A01
201400001358,0,7,0,0.0,2.0,2.0,1.0,B02
201400001359,0,7,0,7.0,0.0,1.0,1.0,A01
201400001360,0,7,0,2.0,0.0,8.0,13.0,A01
201400001361,0,10,0,0.0,2.0,7.0,9.0,B02
201400001361,0,10,0,0.0,2.0,1.0,1.0,A01
201400001362,0,7,0,0.0,0.0,2.0,1.0,A01
201400001363,0,10,0,0.0,2.0,8.0,1.0,C03
201400001363,0,33,0,0.0,2.0,4.0,1.0,B02
201400001363,0,33,0,0.0,2.0,9.0,17.0,A01
201400001364,0,7,0,0.0,2.0,3.0,9.0,C03
201400001364,0,7,0,0.0,2.0,1.0,1.0,A01
201400001364,0,7,0,0.0,2.0,1.0,15.0,B02
201400001365,0,7,0,0.0,1.0,7.0,1.0,A01
201400001366,0,36,0,15.0,0.0,1.0,13.0,A01
201400001367,0,30,0,1.0,0.0,1.0,1.0,A01
201400001368,0,31,0,7.0,0.0,1.0,1.0,A01
201400001369,0,7,0,0.0,2.0,3.0,1.0,A01
201400001369,0,7,0,0.0,2.0,3.0,1.0,B02
201400001370,0,10,0,0.0,2.0,2.0,6.0,A01
201400001370,0,7,0,0.0,2.0,3.0,1.0,B02
201400001370,0,7,0,0.0,2.0,1.0,1.0,C03
201400001371,0,7,0,0.0,2.0,2.0,1.0,B02
201400001371,0,1,0,0.0,2.0,1.0,9.0,A01
201400001372,0,7,0,0.0,2.0,8.0,13.0,A01
201400001372,0,7,0,0.0,2.0,1.0,1.0,B02
201400001373,0,7,0,0.0,2.0,3.0,13.0,A01
201400001373,0,30,0,0.0,2.0,1.0,1.0,B02
201400001374,0,7,0,0.0,2.0,1.0,13.0,A01
201400001374,0,7,0,0.0,2.0,1.0,1.0,B02
201400001375,0,7,0,0.0,2.0,8.0,15.0,A01
201400001375,0,31,0,0.0,2.0,7.0,1.0,B02
201400001376,0,7,0,0.0,2.0,3.0,9.0,A01
201400001376,0,2,0,0.0,2.0,1.0,1.0,B02
201400001377,0,10,0,0.0,1.0,5.0,4.0,A01
201400001378,0,7,0,0.0,2.0,6.0,19.0,A01
201400001378,0,33,0,0.0,2.0,1.0,1.0,B02
201400001379,0,21,0,0.0,2.0,8.0,1.0,B02
201400001379,0,7,0,13.0,2.0,3.0,1.0,A01
201400001380,0,1,0,0.0,2.0,8.0,13.0,B02
201400001380,0,10,0,0.0,2.0,7.0,17.0,A01
201400001381,0,7,0,0.0,2.0,1.0,13.0,A01
201400001381,0,7,0,3.0,2.0,1.0,1.0,B02
201400001382,0,7,0,0.0,1.0,2.0,1.0,A01
201400001383,0,10,0,0.0,2.0,2.0,13.0,A01
201400001383,0,7,0,0.0,2.0,3.0,1.0,B02
201400001384,0,7,0,0.0,5.0,1.0,1.0,A01
201400001385,0,7,0,2.0,0.0,3.0,13.0,A01
201400001386,0,30,0,0.0,2.0,1.0,16.0,B02
201400001386,0,7,0,0.0,2.0,8.0,1.0,A01
201400001387,0,7,0,0.0,2.0,7.0,1.0,A01
201400001387,0,7,0,0.0,2.0,3.0,13.0,B02
201400001388,0,7,0,13.0,0.0,9.0,17.0,A01
201400001389,0,7,0,13.0,0.0,3.0,1.0,A01
201400001390,0,7,0,0.0,2.0,3.0,13.0,A01
201400001390,0,7,0,0.0,2.0,3.0,1.0,B02
201400001391,0,7,0,0.0,2.0,7.0,17.0,A01
201400001391,0,2,0,0.0,2.0,8.0,15.0,B02
201400001392,0,33,0,13.0,2.0,2.0,21.0,A01
201400001392,0,1,0,0.0,2.0,2.0,5.0,B02
201400001393,0,7,0,0.0,0.0,8.0,10.0,A01
201400001393,0,33,0,0.0,2.0,1.0,1.0,B02
201400001394,0,30,0,0.0,2.0,1.0,13.0,B02
201400001394,0,30,0,0.0,2.0,1.0,1.0,A01
201400001395,0,33,0,1.0,0.0,1.0,0.0,A01
201400001396,0,7,0,0.0,2.0,3.0,1.0,A01
201400001396,0,7,0,0.0,2.0,8.0,21.0,B02
201400001397,0,7,0,2.0,0.0,7.0,13.0,A01
201400001398,0,7,0,8.0,0.0,1.0,14.0,A01
201400001399,0,10,0,0.0,1.0,1.0,1.0,A01
201400001400,0,14,0,0.0,1.0,3.0,1.0,A01
201400001401,0,2,0,8.0,0.0,1.0,14.0,A01
201400001402,0,33,0,0.0,0.0,0.0,1.0,A01
201400001403,0,7,0,0.0,1.0,3.0,1.0,A01
201400001404,0,7,0,0.0,0.0,8.0,9.0,A01
201400001404,0,31,0,0.0,2.0,1.0,1.0,B02
201400001405,0,7,0,13.0,0.0,1.0,14.0,A01
201400001406,0,7,0,0.0,2.0,7.0,1.0,B02
201400001406,0,1,0,0.0,2.0,1.0,1.0,A01
201400001407,0,10,0,0.0,2.0,2.0,15.0,A01
201400001407,0,10,0,0.0,2.0,1.0,1.0,B02
201400001408,0,7,0,13.0,2.0,3.0,13.0,A01
201400001408,0,7,0,0.0,2.0,8.0,1.0,B02
201400001409,0,7,0,0.0,2.0,1.0,21.0,B02
201400001409,0,33,0,0.0,2.0,1.0,13.0,A01
201400001410,0,7,0,0.0,1.0,3.0,1.0,A01
201400001411,0,10,0,0.0,1.0,4.0,4.0,A01
201400001412,0,30,0,0.0,2.0,8.0,13.0,A01
201400001412,0,7,0,0.0,2.0,7.0,17.0,B02
201400001413,0,21,0,0.0,5.0,6.0,1.0,A01
201400001413,0,99,0,0.0,2.0,4.0,0.0,B02
201400001414,0,7,0,0.0,2.0,1.0,15.0,A01
201400001414,0,7,0,0.0,2.0,1.0,1.0,B02
201400001415,0,33,0,0.0,2.0,1.0,2.0,B02
201400001415,0,10,0,0.0,2.0,8.0,15.0,A01
201400001416,0,7,0,2.0,0.0,2.0,1.0,A01
201400001417,0,7,0,2.0,0.0,1.0,1.0,A01
201400001418,0,7,0,0.0,0.0,5.0,16.0,A01
201400001418,0,33,0,1.0,0.0,1.0,21.0,B01
201400001419,0,31,0,15.0,0.0,1.0,1.0,A01
201400001420,0,7,0,0.0,2.0,2.0,9.0,A01
201400001420,0,30,0,0.0,2.0,1.0,1.0,B01
201400001421,0,7,0,13.0,0.0,1.0,1.0,A01
201400001422,0,33,0,0.0,2.0,1.0,1.0,B01
201400001422,0,7,0,0.0,0.0,8.0,15.0,A01
201400001423,0,30,0,0.0,0.0,4.0,2.0,A01
201400001423,0,7,0,0.0,2.0,1.0,2.0,B01
201400001424,0,7,0,0.0,5.0,1.0,1.0,A01
201400001425,0,7,0,0.0,2.0,1.0,1.0,A01
201400001425,0,99,0,0.0,2.0,1.0,1.0,B01
201400001426,0,7,0,0.0,2.0,1.0,1.0,B01
201400001426,0,7,0,0.0,2.0,1.0,13.0,A01