Num_Acc,senc,catv,occutc,obs,obsm,choc,manv,num_veh
201400001427,0,7,0,0.0,2.0,1.0,1.0,B01
201400001427,0,7,0,0.0,2.0,1.0,13.0,A01
201400001428,0,10,0,0.0,2.0,3.0,9.0,A01
201400001428,0,7,0,0.0,2.0,2.0,1.0,B01
201400001429,0,7,0,0.0,2.0,9.0,2.0,A01
201400001429,0,33,0,0.0,2.0,1.0,2.0,C01
201400001429,0,7,0,0.0,2.0,4.0,1.0,B01
201400001430,0,7,0,0.0,2.0,3.0,19.0,B01
201400001430,0,7,0,0.0,2.0,1.0,1.0,A01
201400001431,0,7,0,0.0,4.0,1.0,1.0,A01
201400001431,0,40,0,0.0,2.0,8.0,1.0,B01
201400001432,0,7,0,0.0,2.0,4.0,23.0,C01
201400001432,0,10,0,0.0,2.0,1.0,2.0,A01
201400001432,0,7,0,0.0,2.0,4.0,23.0,B01
201400001433,0,32,0,0.0,0.0,8.0,11.0,A01
201400001434,0,32,0,0.0,0.0,7.0,1.0,A01
201400001435,0,33,0,0.0,2.0,4.0,12.0,A01
201400001435,0,33,0,0.0,2.0,4.0,12.0,B01
201400001435,0,33,0,0.0,2.0,1.0,2.0,C01
201400001435,0,33,0,0.0,2.0,4.0,2.0,D01
201400001435,0,33,0,0.0,2.0,1.0,2.0,E01
201400001436,0,7,0,0.0,2.0,4.0,1.0,B01
201400001436,0,7,0,0.0,2.0,1.0,2.0,A01
201400001437,0,7,0,12.0,0.0,1.0,1.0,A01
201400001438,0,7,0,0.0,2.0,9.0,2.0,B01
201400001438,0,7,0,0.0,2.0,1.0,2.0,C01
201400001438,0,7,0,0.0,2.0,4.0,23.0,A01
201400001439,0,7,0,0.0,2.0,6.0,1.0,B01
201400001439,0,7,0,0.0,2.0,2.0,2.0,A01
201400001440,0,33,0,0.0,9.0,1.0,1.0,A01
201400001441,0,40,35,0.0,2.0,2.0,19.0,B01
201400001441,0,7,0,9.0,4.0,3.0,1.0,A01
201400001442,0,7,0,0.0,2.0,1.0,1.0,C03
201400001442,0,7,0,0.0,2.0,2.0,15.0,B02
201400001442,0,14,0,0.0,2.0,8.0,21.0,A01
201400001443,0,7,0,0.0,2.0,3.0,15.0,A01
201400001443,0,32,0,0.0,2.0,1.0,1.0,B02
201400001444,0,7,0,6.0,0.0,3.0,1.0,A01
201400001445,0,33,0,0.0,6.0,1.0,1.0,A01
201400001446,0,3,0,0.0,1.0,1.0,16.0,A01
201400001447,0,30,0,0.0,2.0,1.0,1.0,B01
201400001447,0,7,0,0.0,2.0,6.0,15.0,A01
201400001448,0,7,0,0.0,2.0,2.0,21.0,A01
201400001448,0,1,0,0.0,2.0,8.0,19.0,B01
201400001449,0,7,0,0.0,2.0,1.0,13.0,A01
201400001449,0,7,0,0.0,2.0,1.0,1.0,B02
201400001450,0,31,0,1.0,0.0,1.0,17.0,A01
201400001451,0,32,0,0.0,2.0,5.0,21.0,A01
201400001451,0,7,0,0.0,2.0,3.0,9.0,B01
201400001452,0,7,0,0.0,1.0,4.0,20.0,A01
201400001453,0,30,0,8.0,0.0,2.0,1.0,A01
201400001454,0,7,0,0.0,2.0,3.0,1.0,A01
201400001454,0,14,0,0.0,2.0,3.0,1.0,B01
201400001455,0,10,0,2.0,0.0,7.0,13.0,A01
201400001456,0,33,0,0.0,2.0,1.0,2.0,A01
201400001456,0,33,0,0.0,0.0,4.0,1.0,B01
201400001457,0,33,0,0.0,2.0,1.0,17.0,A01
201400001457,0,10,0,0.0,2.0,4.0,15.0,B01
201400001458,0,7,0,0.0,2.0,2.0,1.0,A01
201400001458,0,7,0,0.0,2.0,3.0,15.0,B01
201400001459,0,7,0,0.0,2.0,3.0,1.0,B02
201400001459,0,7,0,0.0,2.0,3.0,13.0,A01
201400001460,0,7,0,0.0,2.0,7.0,19.0,A01
201400001460,0,7,0,0.0,2.0,1.0,1.0,B02
201400001461,0,7,0,13.0,0.0,7.0,1.0,A01
201400001462,0,7,0,0.0,2.0,3.0,1.0,B02
201400001462,0,7,0,0.0,2.0,3.0,17.0,A01
201400001463,0,7,0,0.0,2.0,3.0,15.0,B01
201400001463,0,7,0,0.0,2.0,3.0,16.0,A01
201400001464,0,33,0,9.0,0.0,1.0,1.0,A01
201400001465,0,7,0,0.0,2.0,8.0,1.0,B01
201400001465,0,7,0,0.0,2.0,1.0,13.0,A01
201400001466,0,7,0,0.0,2.0,3.0,13.0,A01
201400001466,0,7,0,0.0,2.0,3.0,1.0,B02
201400001467,0,7,0,13.0,0.0,1.0,14.0,A01
201400001468,0,7,0,0.0,2.0,8.0,15.0,A01
201400001468,0,7,0,0.0,2.0,3.0,1.0,B01
201400001469,0,21,0,0.0,2.0,2.0,19.0,B01
201400001469,0,7,0,0.0,2.0,3.0,1.0,A01
201400001470,0,33,0,0.0,0.0,0.0,21.0,A01
201400001470,0,7,0,0.0,9.0,3.0,15.0,B02
201400001471,0,7,0,0.0,2.0,3.0,21.0,B02
201400001471,0,33,0,0.0,2.0,3.0,13.0,A01
201400001472,0,7,0,2.0,0.0,3.0,1.0,A01
201400001473,0,7,0,0.0,2.0,2.0,1.0,A01
201400001473,0,7,0,0.0,2.0,3.0,19.0,B01
201400001474,0,7,0,0.0,2.0,3.0,0.0,B01
201400001474,0,36,0,0.0,2.0,3.0,13.0,A01
201400001475,0,21,0,0.0,2.0,3.0,1.0,B01
201400001475,0,30,0,0.0,2.0,1.0,15.0,A01
201400001476,0,7,0,6.0,0.0,9.0,13.0,A01
201400001477,0,13,0,0.0,2.0,7.0,15.0,A01
201400001477,0,7,0,0.0,2.0,1.0,1.0,B02
201400001478,0,7,0,0.0,2.0,1.0,1.0,A01
201400001478,0,7,0,0.0,2.0,3.0,1.0,B01
201400001479,0,7,0,0.0,2.0,1.0,1.0,B01
201400001479,0,30,0,0.0,2.0,4.0,19.0,A01
201400001480,0,7,0,0.0,2.0,2.0,11.0,A01
201400001480,0,30,0,0.0,2.0,1.0,1.0,B01
201400001481,0,33,0,4.0,0.0,3.0,1.0,A01
201400001482,0,7,0,0.0,2.0,1.0,15.0,A01
201400001482,0,30,0,0.0,2.0,1.0,1.0,B01
201400001483,0,7,0,0.0,2.0,3.0,9.0,A01
201400001483,0,1,0,0.0,2.0,7.0,1.0,B02
201400001484,0,30,0,7.0,0.0,1.0,1.0,A01
201400001485,0,7,0,3.0,2.0,1.0,1.0,B01
201400001485,0,7,0,3.0,2.0,7.0,15.0,A01
201400001486,0,7,0,13.0,2.0,7.0,13.0,A01
201400001486,0,7,0,0.0,2.0,1.0,1.0,B01
201400001487,0,7,0,0.0,1.0,1.0,1.0,A01
201400001488,0,30,0,0.0,2.0,4.0,15.0,B01
201400001488,0,7,0,0.0,2.0,1.0,2.0,A01
201400001489,0,31,0,0.0,2.0,1.0,1.0,A01
201400001489,0,31,0,0.0,2.0,1.0,1.0,B01
201400001490,0,7,0,0.0,2.0,6.0,15.0,B01
201400001490,0,33,0,0.0,2.0,8.0,2.0,A01
201400001491,0,7,0,0.0,2.0,1.0,13.0,A01
201400001491,0,7,0,0.0,2.0,1.0,1.0,B02
201400001492,0,31,0,0.0,2.0,1.0,1.0,B02
201400001492,0,10,0,0.0,2.0,7.0,15.0,A01
201400001493,0,7,0,1.0,1.0,3.0,21.0,A01
201400001494,0,7,0,13.0,0.0,1.0,1.0,A01
201400001495,0,7,0,0.0,0.0,2.0,1.0,A01
201400001496,0,7,0,2.0,0.0,1.0,1.0,A01
201400001497,0,7,0,6.0,0.0,1.0,1.0,A01
201400001498,0,33,0,0.0,0.0,0.0,1.0,A01
201400001499,0,7,0,0.0,0.0,1.0,1.0,C01
201400001499,0,7,0,0.0,2.0,3.0,13.0,A01
201400001499,0,7,0,0.0,0.0,3.0,1.0,B01
201400001500,0,33,0,0.0,0.0,0.0,1.0,A01
201400001501,0,7,0,0.0,2.0,8.0,15.0,B01
201400001501,0,33,0,0.0,2.0,1.0,17.0,A01
201400001502,0,7,0,13.0,0.0,1.0,1.0,A01
201400001503,0,33,0,0.0,2.0,3.0,17.0,B02
201400001503,0,7,0,0.0,2.0,2.0,15.0,A01
201400001504,0,7,0,0.0,0.0,1.0,23.0,C01
201400001504,0,2,0,0.0,2.0,1.0,1.0,B01
201400001504,0,7,0,0.0,2.0,2.0,15.0,A01
201400001505,0,1,0,0.0,2.0,8.0,15.0,A01
201400001505,0,7,0,0.0,2.0,3.0,2.0,B02
201400001506,0,7,0,6.0,0.0,2.0,1.0,A01
201400001507,0,1,0,0.0,2.0,4.0,2.0,B01
201400001507,0,7,0,0.0,2.0,7.0,2.0,A01
201400001508,0,7,0,0.0,0.0,3.0,13.0,A01
201400001508,0,7,0,0.0,0.0,3.0,1.0,B01
201400001509,0,7,0,0.0,2.0,1.0,1.0,A01
201400001509,0,30,0,0.0,0.0,5.0,1.0,B01
201400001510,0,7,0,0.0,2.0,2.0,19.0,A01
201400001510,0,30,0,0.0,2.0,1.0,1.0,B01
201400001511,0,1,0,0.0,2.0,8.0,1.0,B02
201400001511,0,7,0,0.0,9.0,1.0,9.0,A01
201400001512,0,7,0,6.0,0.0,3.0,13.0,A01
201400001513,0,10,0,3.0,0.0,1.0,1.0,A01
201400001514,0,30,0,0.0,0.0,0.0,6.0,A01
201400001515,0,7,0,0.0,2.0,1.0,2.0,A01
201400001515,0,10,0,0.0,2.0,4.0,15.0,B01
201400001516,0,31,0,0.0,2.0,7.0,1.0,B01
201400001516,0,7,0,0.0,2.0,1.0,19.0,A01
201400001517,0,7,0,2.0,0.0,1.0,13.0,A01
201400001518,0,7,0,2.0,0.0,8.0,14.0,A01
201400001519,0,7,0,0.0,2.0,1.0,2.0,A01
201400001519,0,7,0,0.0,0.0,4.0,15.0,B02
201400001520,0,7,0,0.0,2.0,3.0,9.0,A01
201400001520,0,2,0,0.0,2.0,7.0,15.0,B01
201400001521,0,7,0,0.0,2.0,5.0,19.0,A01
201400001521,0,33,0,0.0,2.0,1.0,1.0,B01
201400001522,0,7,0,0.0,1.0,1.0,1.0,A01
201400001523,0,10,0,0.0,2.0,2.0,17.0,A01
201400001523,0,30,0,0.0,2.0,1.0,15.0,B02
201400001524,0,7,0,13.0,0.0,1.0,1.0,A01
201400001525,0,7,0,11.0,0.0,1.0,1.0,A01
201400001526,0,33,0,0.0,2.0,1.0,21.0,B01
201400001526,0,10,0,0.0,2.0,6.0,13.0,A01
201400001527,2,7,0,0.0,1.0,3.0,1.0,A01
201400001528,0,10,0,14.0,1.0,1.0,1.0,A01
201400001529,0,7,0,0.0,2.0,1.0,15.0,A01
201400001529,0,10,0,15.0,2.0,3.0,1.0,B01
201400001530,0,7,0,0.0,2.0,1.0,1.0,B01
201400001530,0,7,0,0.0,2.0,1.0,15.0,A01
201400001531,0,7,0,0.0,2.0,1.0,2.0,A01
201400001531,0,7,0,0.0,2.0,4.0,23.0,B01
201400001532,0,7,0,0.0,0.0,4.0,23.0,B02
201400001532,0,2,0,0.0,2.0,1.0,2.0,A01
201400001533,0,1,0,0.0,2.0,1.0,1.0,B02
201400001533,0,7,0,0.0,0.0,2.0,1.0,A01
201400001534,0,7,0,0.0,2.0,3.0,13.0,A01
201400001534,0,7,0,0.0,2.0,3.0,1.0,B01
201400001535,0,7,0,0.0,1.0,1.0,1.0,A01
201400001536,0,7,0,0.0,2.0,7.0,15.0,A01
201400001536,0,30,0,0.0,2.0,1.0,1.0,B01
201400001537,0,7,0,0.0,1.0,8.0,1.0,A01
201400001538,0,30,0,12.0,0.0,1.0,1.0,A01
201400001539,0,36,0,6.0,0.0,1.0,1.0,A01
201400001540,0,21,0,0.0,2.0,5.0,15.0,B01
201400001540,0,7,0,0.0,2.0,2.0,21.0,A01
201400001541,0,33,0,15.0,0.0,1.0,1.0,A01
201400001542,0,7,0,0.0,1.0,2.0,1.0,A01
201400001543,0,31,0,0.0,2.0,1.0,1.0,B01
201400001543,0,7,0,0.0,2.0,8.0,15.0,A01
201400001544,0,7,0,0.0,6.0,1.0,1.0,A01
201400001545,0,7,0,0.0,2.0,3.0,1.0,A01
201400001545,0,7,0,0.0,2.0,3.0,1.0,B02
201400001546,0,7,0,0.0,2.0,1.0,1.0,B01
201400001546,0,33,0,0.0,2.0,1.0,5.0,A01
201400001547,0,7,0,0.0,0.0,2.0,1.0,A01
201400001547,0,1,0,0.0,2.0,1.0,19.0,B01
201400001548,0,7,0,0.0,0.0,1.0,1.0,B01
201400001548,0,7,0,0.0,0.0,0.0,21.0,C01
201400001549,0,7,0,0.0,2.0,3.0,1.0,A01
201400001549,0,21,0,0.0,2.0,6.0,19.0,B01
201400001550,0,30,0,0.0,1.0,1.0,17.0,A01
201400001551,0,33,0,8.0,2.0,1.0,17.0,A01
201400001551,0,7,0,0.0,2.0,8.0,15.0,B01
201400001552,0,1,0,0.0,2.0,1.0,19.0,A01
201400001552,1,7,0,0.0,2.0,8.0,1.0,B01
201400001553,0,7,0,0.0,2.0,1.0,2.0,A01
201400001553,0,7,0,0.0,2.0,4.0,15.0,B01
201400001554,0,7,0,0.0,2.0,1.0,1.0,B01
201400001554,0,7,0,0.0,2.0,7.0,1.0,A01
201400001555,0,7,0,0.0,2.0,3.0,2.0,B01
201400001555,0,7,0,0.0,2.0,3.0,1.0,A01
201400001556,0,7,0,0.0,2.0,3.0,13.0,A01
201400001556,0,7,0,0.0,2.0,3.0,1.0,B01
201400001557,0,7,0,0.0,2.0,4.0,15.0,B01
201400001557,0,7,0,0.0,2.0,1.0,2.0,A01
201400001558,0,30,0,0.0,2.0,1.0,1.0,B01
201400001558,0,7,0,0.0,2.0,3.0,19.0,A01
201400001559,0,7,0,1.0,2.0,8.0,10.0,A01
201400001559,0,7,0,0.0,2.0,1.0,1.0,B01
201400001560,0,7,0,0.0,2.0,1.0,1.0,B01
201400001560,0,7,0,0.0,0.0,8.0,15.0,A01
201400001561,0,7,0,0.0,2.0,2.0,15.0,A01
201400001561,0,7,0,0.0,2.0,1.0,1.0,B01
201400001562,0,7,0,8.0,0.0,3.0,1.0,A01
201400001563,0,7,0,0.0,2.0,6.0,1.0,B02
201400001563,0,7,0,0.0,2.0,2.0,2.0,A01
201400001563,0,1,0,0.0,2.0,4.0,1.0,C03
201400001564,0,7,0,13.0,0.0,1.0,1.0,A01
201400001565,0,7,0,0.0,2.0,1.0,0.0,B01
201400001565,0,30,0,0.0,2.0,8.0,19.0,A01
201400001566,0,7,0,0.0,1.0,3.0,15.0,A01
201400001567,0,7,0,8.0,0.0,1.0,14.0,A01
201400001568,0,7,0,0.0,1.0,2.0,20.0,A01
201400001569,0,7,0,0.0,0.0,1.0,1.0,C01
201400001569,0,10,0,0.0,0.0,1.0,2.0,A01
201400001569,0,7,0,0.0,0.0,4.0,15.0,B01
201400001570,0,7,0,0.0,2.0,4.0,2.0,C01
201400001570,0,17,0,0.0,2.0,1.0,2.0,A01
201400001570,0,7,0,0.0,2.0,4.0,2.0,B01
201400001571,0,7,0,0.0,9.0,8.0,15.0,A01
201400001571,0,1,0,0.0,2.0,0.0,19.0,B01
201400001572,0,10,0,0.0,0.0,8.0,0.0,A01
201400001572,0,2,0,0.0,2.0,1.0,1.0,B01
201400001573,0,7,0,0.0,0.0,4.0,1.0,B01
201400001573,1,7,0,0.0,0.0,2.0,10.0,Z01
201400001574,0,7,0,0.0,2.0,6.0,9.0,A01
201400001574,0,33,0,0.0,2.0,3.0,1.0,B01
201400001575,0,7,0,0.0,1.0,3.0,13.0,A01
201400001576,0,7,0,0.0,2.0,2.0,16.0,B01
201400001576,0,1,0,0.0,2.0,1.0,1.0,A01
201400001577,0,2,0,0.0,2.0,2.0,21.0,B01
201400001577,0,7,0,0.0,2.0,6.0,0.0,A01
201400001578,0,7,0,0.0,2.0,3.0,0.0,A01
201400001578,0,7,0,0.0,2.0,2.0,1.0,B01
201400001579,0,7,0,0.0,2.0,2.0,21.0,B01
201400001579,0,7,0,0.0,2.0,1.0,13.0,A01
201400001580,0,10,0,0.0,2.0,1.0,1.0,B01
201400001580,0,7,0,0.0,2.0,8.0,15.0,A01
201400001581,0,7,0,0.0,1.0,2.0,1.0,A01
201400001582,0,7,0,0.0,2.0,7.0,16.0,A01
201400001582,0,1,0,0.0,2.0,1.0,1.0,B01
201400001583,0,7,0,0.0,2.0,4.0,2.0,C01
201400001583,0,7,0,0.0,2.0,1.0,2.0,A01
201400001583,0,7,0,0.0,2.0,4.0,2.0,B01
201400001584,0,7,0,0.0,2.0,1.0,2.0,A01
201400001584,0,30,0,0.0,0.0,4.0,2.0,B01
201400001585,0,7,0,0.0,1.0,2.0,16.0,A01
201400001586,0,33,0,0.0,2.0,1.0,21.0,A01
201400001586,0,7,0,0.0,0.0,2.0,1.0,B01
201400001587,0,30,0,1.0,0.0,1.0,14.0,A01
201400001588,0,7,0,0.0,1.0,2.0,15.0,A01
201400001589,0,7,0,0.0,2.0,7.0,19.0,A01
201400001589,0,33,0,0.0,2.0,1.0,1.0,B01
201400001590,0,7,0,0.0,2.0,4.0,23.0,C01
201400001590,0,7,0,0.0,2.0,4.0,23.0,B01
201400001590,0,7,0,0.0,2.0,1.0,2.0,A01
201400001591,0,10,0,0.0,2.0,3.0,13.0,A01
201400001591,0,10,0,0.0,2.0,3.0,1.0,B01
201400001592,0,1,0,0.0,2.0,8.0,15.0,Y01
201400001592,0,7,0,0.0,9.0,2.0,1.0,A01
201400001593,0,10,0,0.0,2.0,3.0,13.0,A01
201400001593,0,7,0,0.0,2.0,3.0,1.0,B01
201400001594,0,7,0,0.0,1.0,2.0,1.0,A01
201400001595,0,7,0,0.0,1.0,1.0,2.0,A01
201400001596,0,7,0,0.0,1.0,1.0,1.0,A01
201400001596,0,7,0,0.0,0.0,0.0,24.0,B01
201400001597,0,7,0,0.0,1.0,1.0,15.0,A01
201400001598,0,7,0,0.0,1.0,2.0,1.0,A01
201400001599,0,7,0,0.0,2.0,1.0,1.0,C01
201400001599,0,7,0,0.0,2.0,1.0,1.0,A01
201400001599,0,7,0,0.0,2.0,6.0,1.0,B01
201400001600,0,7,0,0.0,2.0,1.0,1.0,B01
201400001600,0,2,0,0.0,2.0,3.0,1.0,A01
201400001601,0,7,0,0.0,0.0,4.0,2.0,C01
201400001601,0,10,0,0.0,2.0,1.0,2.0,A01
201400001601,0,7,0,0.0,0.0,6.0,2.0,B01
201400001602,0,7,0,0.0,1.0,3.0,15.0,A01
201400001603,0,7,0,0.0,2.0,1.0,1.0,A01
201400001603,0,7,0,0.0,0.0,7.0,15.0,B01
201400001604,0,7,0,0.0,2.0,4.0,2.0,B01
201400001604,0,7,0,0.0,0.0,4.0,2.0,C01
201400001604,0,7,0,0.0,2.0,1.0,2.0,A01
201400001605,0,7,0,0.0,2.0,1.0,0.0,A01
201400001605,0,7,0,0.0,2.0,3.0,0.0,C01
201400001605,0,7,0,0.0,2.0,1.0,0.0,B01
201400001606,0,7,0,0.0,0.0,4.0,2.0,B01
201400001606,0,33,0,0.0,2.0,1.0,2.0,A01
201400001607,0,10,0,0.0,2.0,1.0,19.0,A01
201400001607,0,7,0,0.0,2.0,1.0,1.0,B01
201400001608,0,7,0,0.0,2.0,1.0,1.0,B01
201400001608,0,10,0,0.0,2.0,2.0,13.0,A01
201400001609,0,7,0,0.0,2.0,2.0,17.0,A01
201400001609,0,7,0,0.0,2.0,8.0,2.0,B01
201400001610,0,7,0,0.0,2.0,2.0,2.0,A01
201400001610,0,7,0,0.0,0.0,4.0,2.0,B01
201400001611,0,32,0,0.0,0.0,3.0,21.0,B01
201400001611,0,7,0,0.0,2.0,2.0,9.0,A01
201400001612,0,7,0,0.0,1.0,2.0,0.0,A01
201400001613,0,7,0,3.0,2.0,4.0,2.0,A01
201400001613,0,7,0,0.0,0.0,4.0,2.0,C01
201400001613,0,7,0,0.0,2.0,5.0,2.0,B01
201400001614,0,7,0,0.0,1.0,1.0,1.0,A01
201400001615,0,7,0,0.0,2.0,8.0,24.0,A01
201400001615,0,1,0,1.0,0.0,1.0,1.0,B01
201400001616,0,7,0,0.0,1.0,1.0,24.0,A01
201400001617,0,7,0,0.0,2.0,4.0,23.0,B02
201400001617,0,7,0,0.0,2.0,1.0,2.0,A01
201400001618,0,7,0,13.0,0.0,3.0,13.0,A01
201400001619,0,7,0,13.0,0.0,1.0,1.0,A01
201400001620,0,99,0,0.0,0.0,0.0,1.0,A01
201400001621,0,7,0,13.0,0.0,3.0,13.0,A01
201400001622,0,7,0,0.0,2.0,2.0,21.0,A01
201400001622,0,7,0,0.0,2.0,8.0,15.0,B02
201400001623,0,7,0,0.0,0.0,2.0,15.0,A01
201400001623,0,30,0,0.0,0.0,1.0,1.0,B02
201400001624,0,7,0,0.0,2.0,1.0,15.0,A01
201400001624,0,7,0,0.0,2.0,1.0,1.0,B02
201400001625,0,7,0,0.0,2.0,0.0,1.0,A01
201400001625,0,7,0,0.0,2.0,0.0,0.0,B02
201400001626,0,10,0,0.0,2.0,1.0,1.0,A01
201400001626,0,7,0,0.0,2.0,8.0,19.0,B02
201400001627,0,7,0,0.0,1.0,1.0,1.0,A01
201400001628,0,7,0,2.0,0.0,1.0,1.0,A01
201400001629,0,7,0,0.0,2.0,3.0,13.0,A01
201400001629,0,7,0,0.0,2.0,3.0,1.0,B02
201400001630,0,10,0,0.0,1.0,2.0,1.0,A01
201400001631,0,10,0,0.0,2.0,2.0,1.0,B02
201400001631,0,2,0,0.0,2.0,3.0,15.0,A01
201400001632,0,33,0,2.0,2.0,2.0,1.0,A01
201400001632,0,7,0,0.0,2.0,3.0,1.0,B02
201400001633,0,1,0,0.0,2.0,1.0,16.0,A01
201400001633,0,7,0,0.0,9.0,3.0,1.0,B02
201400001634,0,36,0,2.0,0.0,9.0,0.0,A01
201400001635,0,7,0,0.0,1.0,4.0,4.0,A01
201400001636,0,7,0,0.0,2.0,1.0,19.0,A01
201400001636,0,33,0,0.0,2.0,7.0,1.0,B02
201400001637,0,7,0,0.0,2.0,3.0,1.0,B02
201400001637,0,7,0,0.0,2.0,3.0,1.0,A01
201400001638,0,7,0,13.0,0.0,9.0,1.0,A01
201400001639,0,7,0,2.0,0.0,2.0,1.0,A01
201400001640,0,7,0,0.0,2.0,1.0,19.0,A01
201400001640,0,3,0,0.0,2.0,2.0,1.0,B02
201400001641,0,7,0,0.0,0.0,9.0,0.0,A01
201400001642,0,21,0,0.0,2.0,5.0,17.0,A01
201400001642,0,1,0,0.0,2.0,8.0,1.0,B02
201400001643,0,21,0,13.0,0.0,7.0,1.0,A01
201400001644,0,10,0,0.0,2.0,1.0,1.0,B02
201400001644,0,7,0,0.0,2.0,1.0,13.0,A01
201400001645,0,33,0,0.0,6.0,1.0,1.0,A01
201400001646,0,7,0,0.0,2.0,1.0,17.0,A01
201400001646,0,7,0,0.0,2.0,1.0,1.0,B02
201400001647,0,7,0,2.0,0.0,9.0,1.0,A01
201400001648,0,7,0,0.0,1.0,7.0,1.0,A01
201400001649,0,7,0,0.0,2.0,3.0,1.0,C03
201400001649,0,7,0,0.0,2.0,3.0,2.0,A01
201400001649,0,7,0,0.0,2.0,4.0,23.0,B02
201400001650,0,7,0,0.0,1.0,2.0,1.0,A01
201400001651,0,7,0,0.0,1.0,1.0,16.0,A01
201400001652,0,7,0,15.0,1.0,1.0,21.0,A01
201400001653,0,2,0,0.0,2.0,7.0,1.0,A01
201400001653,1,7,0,0.0,2.0,2.0,0.0,B02
201400001654,0,33,0,0.0,1.0,2.0,1.0,A01
201400001655,0,33,0,0.0,2.0,7.0,1.0,B02
201400001655,0,7,0,0.0,2.0,2.0,1.0,A01
201400001656,0,7,0,0.0,2.0,2.0,16.0,A01
201400001656,0,1,0,0.0,2.0,8.0,1.0,B02
201400001657,0,33,0,5.0,0.0,1.0,1.0,A01
201400001658,0,2,0,0.0,2.0,1.0,1.0,B02
201400001658,0,2,0,0.0,2.0,8.0,15.0,A01
201400001659,0,7,0,13.0,0.0,3.0,1.0,A01
201400001660,0,33,0,0.0,2.0,1.0,1.0,B02
201400001660,0,7,0,0.0,2.0,8.0,19.0,A01
201400001661,0,7,0,13.0,0.0,9.0,1.0,A01
201400001662,0,7,0,6.0,0.0,1.0,1.0,A01
201400001663,0,1,0,0.0,2.0,1.0,1.0,B02
201400001663,0,7,0,0.0,2.0,2.0,9.0,A01
201400001664,0,7,0,0.0,2.0,3.0,1.0,A01
201400001664,0,2,0,0.0,2.0,7.0,16.0,B02
201400001665,0,7,0,2.0,0.0,8.0,0.0,A01
201400001666,0,1,0,0.0,2.0,0.0,0.0,A02
201400001666,0,7,0,0.0,2.0,3.0,1.0,B01
201400001667,0,7,0,0.0,2.0,1.0,15.0,A01
201400001667,0,7,0,0.0,2.0,1.0,1.0,B02
201400001668,0,7,0,0.0,2.0,8.0,10.0,A01
201400001668,0,30,0,0.0,2.0,1.0,17.0,B02
201400001669,0,33,0,0.0,2.0,0.0,17.0,A01
201400001669,0,7,0,0.0,2.0,0.0,19.0,B02
201400001670,0,33,0,0.0,2.0,8.0,1.0,B02
201400001670,0,7,0,0.0,2.0,8.0,1.0,A01
201400001671,0,7,0,0.0,2.0,1.0,13.0,A01
201400001671,0,7,0,0.0,2.0,1.0,1.0,B02
201400001672,0,30,0,6.0,0.0,1.0,1.0,A01
201400001673,0,7,0,0.0,1.0,2.0,1.0,A01
201400001674,0,14,0,0.0,2.0,3.0,1.0,B02
201400001674,0,7,0,0.0,2.0,1.0,13.0,A01
201400001675,0,7,0,0.0,0.0,2.0,1.0,A01
201400001676,0,7,0,0.0,2.0,6.0,9.0,A01
201400001676,0,33,0,0.0,2.0,2.0,1.0,B02
201400001677,0,7,0,0.0,2.0,9.0,15.0,B02
201400001677,0,7,0,1.0,0.0,1.0,1.0,A01
201400001677,0,10,0,0.0,2.0,8.0,5.0,C03
201400001678,0,7,0,13.0,0.0,1.0,1.0,A01
201400001679,2,7,0,0.0,1.0,0.0,0.0,A01
201400001680,0,17,0,0.0,2.0,1.0,1.0,B02
201400001680,0,7,0,0.0,2.0,1.0,13.0,A01
201400001681,0,7,0,7.0,0.0,1.0,1.0,A01
201400001682,0,2,0,0.0,2.0,3.0,13.0,A01
201400001682,0,7,0,0.0,0.0,3.0,1.0,B02
201400001683,2,7,0,0.0,2.0,8.0,23.0,A01
201400001683,0,7,0,1.0,0.0,1.0,1.0,B02
201400001684,0,7,0,0.0,2.0,1.0,15.0,A01
201400001684,0,7,0,0.0,2.0,1.0,1.0,B02
201400001685,0,10,0,0.0,1.0,2.0,1.0,A01
201400001686,0,7,0,0.0,2.0,1.0,1.0,B02
201400001686,0,7,0,0.0,2.0,1.0,17.0,A01
201400001687,0,7,0,13.0,0.0,1.0,1.0,A01
201400001688,0,7,0,0.0,2.0,4.0,1.0,A01
201400001688,0,33,0,0.0,2.0,1.0,1.0,B02
201400001689,0,7,0,0.0,1.0,2.0,1.0,A01
201400001690,0,1,0,0.0,0.0,1.0,1.0,B02
201400001690,0,1,0,0.0,0.0,1.0,13.0,A01
201400001691,0,7,0,0.0,2.0,2.0,1.0,A01
201400001691,0,2,0,0.0,2.0,1.0,1.0,B02
201400001692,0,10,0,0.0,0.0,3.0,13.0,A01
201400001692,0,7,0,0.0,2.0,3.0,1.0,B02
201400001693,0,33,0,13.0,0.0,1.0,1.0,A01
201400001694,0,7,0,0.0,2.0,2.0,1.0,A01
201400001694,0,1,0,0.0,2.0,8.0,1.0,B02
201400001695,0,17,0,0.0,2.0,3.0,1.0,B02
201400001695,0,7,0,0.0,2.0,3.0,13.0,A01
201400001696,0,7,0,0.0,0.0,1.0,1.0,B02
201400001696,0,7,0,0.0,0.0,7.0,13.0,A01
201400001697,0,10,0,1.0,0.0,3.0,1.0,A01
201400001697,0,7,0,0.0,0.0,3.0,24.0,B02