Num_Acc,senc,catv,occutc,obs,obsm,choc,manv,num_veh
201400001698,0,10,0,0.0,2.0,3.0,1.0,A01
201400001698,0,7,0,0.0,2.0,3.0,13.0,B02
201400001699,0,7,0,0.0,2.0,8.0,1.0,C03
201400001699,0,7,0,0.0,2.0,8.0,1.0,B02
201400001699,0,7,0,0.0,2.0,3.0,1.0,A01
201400001700,0,7,0,2.0,0.0,9.0,1.0,A01
201400001701,0,30,0,8.0,0.0,1.0,1.0,A01
201400001702,0,21,0,0.0,9.0,1.0,1.0,A01
201400001702,0,1,0,0.0,2.0,1.0,16.0,B02
201400001703,0,7,0,0.0,2.0,2.0,21.0,B02
201400001703,0,7,0,0.0,2.0,3.0,19.0,A01
201400001704,0,7,0,13.0,0.0,3.0,13.0,A01
201400001705,0,7,0,2.0,0.0,2.0,14.0,A01
201400001706,0,10,0,13.0,0.0,2.0,13.0,A01
201400001707,0,30,0,0.0,0.0,0.0,1.0,A01
201400001708,0,7,0,0.0,2.0,1.0,0.0,B02
201400001708,0,99,0,0.0,0.0,1.0,0.0,A01
201400001709,0,30,0,0.0,2.0,1.0,17.0,B02
201400001709,0,21,0,0.0,2.0,3.0,15.0,A01
201400001710,0,33,0,0.0,2.0,1.0,2.0,B02
201400001710,0,7,0,0.0,0.0,4.0,15.0,A01
201400001711,0,7,0,0.0,0.0,5.0,0.0,A01
201400001711,0,33,0,0.0,0.0,5.0,0.0,B02
201400001712,0,30,0,0.0,2.0,1.0,1.0,B02
201400001712,0,7,0,0.0,2.0,3.0,17.0,A01
201400001713,0,33,0,0.0,2.0,1.0,2.0,A01
201400001713,0,7,0,0.0,0.0,5.0,0.0,B02
201400001714,0,34,0,2.0,0.0,1.0,0.0,A01
201400001715,0,33,0,7.0,0.0,2.0,1.0,A01
201400001716,0,7,0,0.0,2.0,3.0,9.0,A01
201400001716,0,33,0,0.0,2.0,7.0,1.0,B02
201400001717,0,30,0,0.0,1.0,1.0,1.0,A01
201400001718,0,34,0,0.0,1.0,1.0,1.0,A01
201400001719,0,7,0,8.0,0.0,1.0,1.0,A01
201400001720,0,7,0,0.0,0.0,1.0,14.0,A01
201400001721,0,10,0,0.0,2.0,1.0,1.0,B02
201400001721,0,7,0,0.0,2.0,1.0,13.0,A01
201400001722,0,2,0,0.0,2.0,1.0,1.0,B02
201400001722,0,7,0,0.0,0.0,6.0,15.0,A01
201400001723,0,7,0,0.0,2.0,6.0,1.0,B02
201400001723,0,31,0,0.0,2.0,1.0,1.0,A01
201400001724,0,1,0,0.0,0.0,8.0,1.0,B02
201400001724,0,7,0,0.0,2.0,2.0,1.0,A01
201400001725,0,7,0,2.0,0.0,1.0,0.0,A01
201400001726,0,7,0,0.0,2.0,1.0,1.0,A01
201400001726,0,7,0,0.0,2.0,2.0,9.0,B02
201400001727,0,10,0,0.0,1.0,7.0,1.0,A01
201400001728,0,7,0,13.0,0.0,1.0,13.0,A01
201400001729,0,1,0,0.0,2.0,8.0,1.0,B02
201400001729,0,7,0,0.0,2.0,2.0,1.0,A01
201400001730,0,7,0,2.0,0.0,1.0,13.0,A01
201400001731,0,7,0,0.0,2.0,1.0,1.0,B02
201400001731,0,7,0,0.0,2.0,7.0,13.0,A01
201400001732,0,7,0,0.0,2.0,5.0,1.0,B02
201400001732,0,33,0,0.0,2.0,3.0,9.0,A01
201400001733,0,7,0,0.0,1.0,3.0,15.0,A01
201400001734,0,7,0,0.0,1.0,2.0,1.0,A01
201400001735,0,7,0,0.0,1.0,2.0,1.0,A01
201400001736,0,7,0,2.0,0.0,7.0,14.0,A01
201400001737,0,7,0,8.0,0.0,2.0,1.0,A01
201400001738,0,7,0,0.0,1.0,2.0,1.0,A01
201400001739,0,7,0,0.0,2.0,1.0,1.0,B02
201400001739,0,7,0,0.0,2.0,3.0,1.0,A01
201400001740,0,7,0,0.0,2.0,1.0,13.0,A01
201400001740,0,7,0,0.0,2.0,1.0,1.0,B02
201400001741,0,7,0,0.0,2.0,1.0,1.0,A01
201400001741,0,7,0,0.0,0.0,8.0,19.0,B02
201400001742,0,7,0,0.0,2.0,7.0,19.0,A01
201400001742,0,7,0,0.0,2.0,1.0,1.0,B02
201400001743,0,7,0,2.0,0.0,7.0,1.0,A01
201400001744,0,7,0,2.0,0.0,1.0,1.0,A01
201400001745,0,7,0,0.0,1.0,1.0,1.0,A01
201400001746,0,10,0,0.0,1.0,1.0,1.0,A01
201400001747,0,7,0,0.0,0.0,3.0,1.0,A01
201400001748,0,7,0,0.0,2.0,6.0,19.0,A01
201400001748,0,7,0,0.0,2.0,1.0,1.0,B02
201400001749,0,7,0,0.0,2.0,1.0,13.0,A01
201400001749,0,7,0,0.0,2.0,1.0,1.0,B02
201400001750,0,7,0,2.0,0.0,9.0,1.0,A01
201400001751,0,7,0,2.0,0.0,6.0,1.0,A01
201400001752,0,10,0,0.0,1.0,7.0,1.0,A01
201400001753,0,7,0,0.0,2.0,1.0,1.0,B02
201400001753,0,7,0,0.0,2.0,7.0,19.0,A01
201400001753,0,7,0,0.0,2.0,8.0,23.0,C03
201400001754,0,7,0,13.0,0.0,2.0,1.0,A01
201400001755,0,7,0,0.0,2.0,3.0,15.0,A01
201400001755,0,30,0,0.0,2.0,1.0,17.0,B02
201400001756,0,7,0,0.0,2.0,3.0,9.0,B02
201400001756,0,2,0,0.0,2.0,1.0,15.0,A01
201400001757,0,33,0,0.0,2.0,1.0,1.0,A01
201400001757,0,7,0,0.0,2.0,7.0,19.0,B02
201400001758,0,7,0,13.0,0.0,2.0,13.0,A01
201400001759,0,7,0,0.0,1.0,2.0,1.0,A01
201400001760,0,1,0,0.0,2.0,1.0,13.0,B02
201400001760,0,7,0,0.0,2.0,8.0,1.0,A01
201400001761,0,30,0,0.0,1.0,1.0,1.0,A01
201400001762,0,7,0,0.0,2.0,3.0,9.0,B02
201400001762,0,33,0,0.0,2.0,1.0,1.0,A01
201400001763,0,7,0,0.0,2.0,3.0,1.0,A01
201400001763,0,7,0,0.0,2.0,3.0,13.0,B02
201400001764,0,7,0,0.0,1.0,7.0,16.0,A01
201400001765,0,7,0,0.0,1.0,1.0,1.0,A01
201400001766,0,30,0,0.0,0.0,1.0,1.0,A01
201400001767,0,7,0,0.0,2.0,2.0,1.0,B02
201400001767,0,7,0,0.0,2.0,3.0,13.0,A01
201400001768,0,7,0,0.0,2.0,9.0,1.0,B02
201400001768,0,14,0,0.0,2.0,9.0,1.0,E05
201400001768,0,7,0,0.0,2.0,4.0,1.0,A01
201400001768,0,7,0,0.0,2.0,9.0,1.0,C03
201400001768,0,7,0,0.0,2.0,9.0,1.0,D04
201400001769,0,99,0,6.0,0.0,9.0,20.0,A01
201400001770,0,32,0,0.0,2.0,1.0,13.0,B02
201400001770,0,7,0,0.0,2.0,3.0,1.0,A01
201400001771,0,7,0,6.0,0.0,3.0,1.0,A01
201400001772,0,10,0,0.0,2.0,3.0,1.0,A01
201400001772,0,10,0,0.0,2.0,3.0,1.0,B02
201400001773,0,7,0,0.0,2.0,3.0,13.0,A01
201400001773,0,7,0,0.0,2.0,3.0,1.0,B02
201400001774,0,7,0,0.0,2.0,4.0,0.0,B02
201400001774,0,2,0,0.0,2.0,1.0,0.0,A01
201400001775,0,7,0,0.0,2.0,3.0,19.0,B02
201400001775,0,7,0,0.0,2.0,2.0,1.0,A01
201400001776,0,7,0,2.0,0.0,1.0,1.0,A01
201400001777,0,7,0,13.0,0.0,2.0,14.0,A01
201400001778,0,2,0,0.0,2.0,1.0,13.0,A01
201400001778,0,7,0,0.0,2.0,2.0,1.0,B02
201400001779,0,1,0,0.0,2.0,6.0,2.0,A01
201400001779,0,3,0,0.0,2.0,2.0,17.0,B02
201400001780,0,7,0,6.0,0.0,2.0,1.0,A01
201400001781,0,7,0,0.0,2.0,1.0,1.0,B02
201400001781,0,7,0,0.0,2.0,2.0,15.0,A01
201400001782,0,7,0,0.0,2.0,2.0,1.0,B02
201400001782,0,7,0,0.0,2.0,3.0,13.0,A01
201400001782,0,7,0,14.0,0.0,1.0,1.0,C03
201400001783,0,7,0,1.0,0.0,1.0,2.0,A01
201400001783,0,7,0,0.0,0.0,4.0,23.0,B02
201400001784,0,10,0,0.0,1.0,2.0,1.0,A01
201400001785,0,1,0,0.0,2.0,8.0,1.0,A01
201400001785,0,10,0,0.0,9.0,7.0,1.0,B02
201400001786,0,2,0,0.0,2.0,1.0,1.0,B02
201400001786,0,7,0,0.0,2.0,7.0,15.0,A01
201400001787,0,7,0,0.0,2.0,1.0,1.0,B02
201400001787,0,7,0,0.0,2.0,7.0,13.0,A01
201400001788,0,7,0,0.0,2.0,8.0,9.0,A01
201400001788,0,32,0,0.0,2.0,7.0,1.0,B02
201400001789,0,7,0,0.0,2.0,2.0,15.0,A01
201400001789,0,7,0,0.0,2.0,3.0,1.0,B02
201400001789,0,7,0,0.0,2.0,3.0,16.0,C03
201400001790,0,1,0,0.0,0.0,4.0,2.0,B02
201400001790,0,7,0,0.0,2.0,2.0,2.0,A01
201400001791,0,7,0,0.0,2.0,4.0,1.0,B02
201400001791,0,33,0,0.0,2.0,1.0,1.0,A01
201400001792,0,7,0,0.0,0.0,9.0,2.0,A01
201400001793,0,10,0,0.0,0.0,8.0,10.0,A01
201400001793,0,15,0,0.0,2.0,1.0,1.0,B02
201400001794,0,33,0,0.0,2.0,1.0,2.0,A01
201400001794,0,33,0,0.0,2.0,3.0,15.0,B02
201400001795,0,30,0,0.0,2.0,3.0,1.0,A01
201400001795,0,7,0,0.0,2.0,3.0,0.0,B02
201400001796,0,7,0,0.0,2.0,3.0,1.0,B02
201400001796,0,7,0,0.0,2.0,3.0,13.0,A01
201400001797,0,7,0,0.0,2.0,3.0,1.0,B02
201400001797,0,7,0,0.0,2.0,2.0,13.0,A01
201400001798,0,30,0,1.0,0.0,6.0,1.0,A01
201400001799,0,7,0,0.0,0.0,2.0,1.0,A01
201400001800,0,2,0,0.0,2.0,1.0,19.0,A01
201400001800,0,7,0,0.0,2.0,2.0,1.0,B02
201400001801,0,14,0,0.0,1.0,2.0,2.0,A01
201400001802,0,30,0,0.0,2.0,1.0,2.0,B02
201400001802,0,7,0,0.0,0.0,3.0,2.0,A01
201400001803,0,7,0,0.0,5.0,1.0,1.0,A01
201400001804,0,7,0,0.0,2.0,1.0,1.0,B02
201400001804,0,7,0,0.0,2.0,2.0,19.0,A01
201400001804,0,7,0,1.0,0.0,1.0,23.0,C03
201400001805,0,7,0,0.0,1.0,3.0,9.0,A01
201400001806,0,7,0,0.0,2.0,2.0,1.0,B02
201400001806,0,7,0,0.0,2.0,8.0,19.0,A01
201400001807,0,7,0,0.0,2.0,1.0,13.0,A01
201400001807,0,7,0,0.0,2.0,1.0,1.0,B02
201400001808,0,1,0,0.0,2.0,7.0,1.0,B02
201400001808,0,7,0,0.0,2.0,1.0,19.0,A01
201400001809,0,7,0,2.0,0.0,7.0,1.0,A01
201400001810,0,33,0,7.0,0.0,1.0,14.0,A01
201400001811,0,7,0,0.0,2.0,6.0,0.0,B02
201400001811,0,30,0,1.0,0.0,1.0,1.0,A01
201400001812,0,7,0,0.0,1.0,1.0,1.0,A01
201400001813,0,31,0,0.0,2.0,0.0,1.0,A01
201400001813,0,21,0,0.0,2.0,8.0,1.0,B02
201400001814,0,7,0,0.0,2.0,7.0,1.0,A01
201400001814,0,1,0,0.0,2.0,8.0,1.0,B02
201400001815,0,33,0,0.0,2.0,1.0,1.0,A01
201400001815,0,7,0,0.0,2.0,8.0,19.0,B02
201400001816,0,7,0,0.0,2.0,3.0,13.0,A01
201400001816,0,7,0,0.0,0.0,3.0,0.0,B02
201400001817,0,7,0,0.0,2.0,1.0,1.0,A01
201400001817,0,7,0,0.0,0.0,1.0,1.0,C03
201400001817,0,7,0,0.0,2.0,4.0,23.0,B02
201400001818,0,31,0,0.0,2.0,1.0,1.0,B02
201400001818,0,7,0,0.0,2.0,3.0,16.0,A01
201400001819,0,7,0,16.0,0.0,1.0,1.0,A01
201400001820,0,7,0,0.0,2.0,3.0,15.0,A01
201400001820,0,33,0,0.0,2.0,1.0,1.0,B02
201400001821,0,30,0,0.0,0.0,1.0,1.0,A01
201400001822,0,7,0,0.0,2.0,1.0,13.0,A01
201400001822,0,7,0,0.0,2.0,8.0,1.0,B02
201400001822,0,7,0,0.0,2.0,3.0,1.0,C03
201400001823,0,7,0,0.0,2.0,1.0,1.0,C03
201400001823,0,10,0,0.0,2.0,1.0,1.0,B02
201400001823,0,7,0,0.0,2.0,1.0,1.0,A01
201400001824,0,7,0,0.0,2.0,3.0,1.0,C03
201400001824,0,7,0,0.0,2.0,3.0,1.0,B02
201400001824,0,10,0,0.0,2.0,3.0,13.0,A01
201400001825,0,7,0,0.0,2.0,7.0,1.0,B02
201400001825,0,2,0,0.0,2.0,1.0,19.0,A01
201400001826,0,7,0,8.0,0.0,9.0,1.0,A01
201400001827,0,7,0,0.0,2.0,4.0,2.0,B02
201400001827,0,30,0,0.0,2.0,1.0,2.0,A01
201400001828,0,7,0,0.0,1.0,2.0,1.0,A01
201400001829,0,7,0,0.0,1.0,2.0,1.0,A01
201400001830,0,30,0,0.0,2.0,1.0,1.0,A01
201400001830,0,7,0,0.0,2.0,1.0,15.0,B02
201400001831,0,7,0,0.0,2.0,2.0,15.0,A01
201400001831,0,7,0,0.0,2.0,1.0,1.0,B02
201400001832,0,7,0,0.0,2.0,3.0,1.0,A01
201400001832,0,10,0,0.0,2.0,1.0,1.0,C03
201400001832,0,7,0,0.0,2.0,3.0,13.0,B02
201400001833,0,7,0,0.0,2.0,3.0,13.0,A01
201400001833,0,10,0,0.0,2.0,3.0,1.0,B02
201400001834,0,7,0,2.0,0.0,1.0,1.0,A01
201400001835,0,7,0,0.0,2.0,2.0,15.0,A01
201400001835,0,31,0,0.0,2.0,6.0,1.0,B02
201400001836,0,7,0,0.0,2.0,2.0,1.0,A01
201400001836,0,1,0,0.0,0.0,4.0,15.0,B02
201400001837,0,7,0,0.0,2.0,1.0,1.0,B02
201400001837,0,7,0,0.0,2.0,1.0,13.0,A01
201400001838,0,7,0,6.0,0.0,1.0,1.0,A01
201400001839,0,10,0,0.0,2.0,1.0,17.0,A01
201400001839,0,2,0,0.0,2.0,1.0,1.0,B02
201400001840,0,7,0,0.0,2.0,2.0,15.0,A01
201400001840,0,10,0,0.0,2.0,1.0,1.0,B02
201400001841,0,21,0,0.0,2.0,3.0,19.0,B02
201400001841,0,33,0,0.0,2.0,1.0,21.0,A01
201400001842,0,7,0,0.0,2.0,1.0,1.0,A01
201400001842,0,7,0,0.0,2.0,4.0,15.0,C03
201400001842,0,10,0,0.0,2.0,3.0,1.0,B02
201400001843,0,7,0,5.0,0.0,3.0,1.0,A01
201400001844,0,7,0,0.0,2.0,3.0,19.0,A01
201400001844,0,30,0,0.0,2.0,1.0,0.0,B02
201400001845,0,7,0,2.0,0.0,2.0,1.0,A01
201400001846,0,7,0,8.0,2.0,1.0,19.0,A01
201400001846,0,7,0,0.0,2.0,2.0,1.0,B02
201400001847,0,17,0,0.0,1.0,0.0,2.0,A01
201400001848,0,33,0,12.0,0.0,1.0,1.0,A01
201400001849,0,7,0,0.0,2.0,3.0,1.0,A01
201400001849,0,30,0,0.0,2.0,7.0,19.0,B02
201400001850,0,31,0,7.0,0.0,1.0,0.0,A01
201400001851,0,10,0,2.0,0.0,1.0,1.0,A01
201400001852,0,7,0,0.0,1.0,1.0,1.0,A01
201400001853,0,7,0,0.0,1.0,1.0,2.0,A01
201400001854,0,33,0,10.0,0.0,1.0,1.0,A01
201400001855,0,7,0,0.0,2.0,1.0,2.0,A01
201400001855,0,36,0,0.0,0.0,4.0,2.0,B02
201400001856,0,10,0,13.0,0.0,1.0,0.0,A01
201400001857,0,10,0,0.0,2.0,1.0,2.0,A01
201400001857,0,10,0,0.0,0.0,4.0,23.0,B02
201400001857,0,33,0,0.0,2.0,1.0,1.0,C03
201400001857,0,33,0,0.0,2.0,1.0,1.0,D04
201400001858,0,33,0,3.0,0.0,1.0,1.0,A01
201400001859,0,33,0,0.0,0.0,1.0,1.0,A01
201400001860,0,7,0,0.0,1.0,3.0,1.0,A01
201400001861,0,7,0,0.0,2.0,3.0,1.0,A01
201400001861,0,1,0,0.0,2.0,3.0,1.0,B02
201400001862,0,7,0,2.0,0.0,1.0,1.0,A01
201400001863,0,7,0,2.0,0.0,1.0,1.0,A01
201400001864,0,7,0,0.0,1.0,2.0,1.0,A01
201400001865,0,7,0,0.0,2.0,1.0,13.0,A01
201400001865,0,7,0,0.0,2.0,1.0,1.0,B02
201400001865,0,7,0,14.0,0.0,1.0,1.0,C03
201400001866,0,30,0,1.0,0.0,1.0,1.0,A01
201400001866,0,7,0,0.0,0.0,5.0,23.0,B02
201400001867,0,2,0,12.0,0.0,3.0,1.0,A01
201400001868,0,14,0,0.0,1.0,2.0,1.0,A01
201400001869,0,10,0,0.0,2.0,1.0,1.0,A01
201400001869,0,10,0,0.0,6.0,1.0,1.0,B02
201400001870,0,7,0,0.0,1.0,1.0,2.0,A01
201400001871,0,7,0,0.0,1.0,3.0,1.0,A01
201400001872,0,7,0,2.0,0.0,1.0,1.0,A01
201400001873,0,7,0,0.0,2.0,1.0,1.0,A01
201400001873,0,1,0,0.0,2.0,8.0,14.0,B02
201400001874,0,33,0,0.0,2.0,1.0,1.0,B02
201400001874,0,7,0,0.0,2.0,3.0,19.0,A01
201400001875,0,2,0,0.0,2.0,1.0,9.0,A01
201400001875,0,7,0,0.0,2.0,6.0,9.0,B02
201400001876,0,15,0,0.0,2.0,2.0,1.0,A01
201400001876,0,99,0,0.0,2.0,1.0,1.0,B02
201400001877,0,7,0,0.0,2.0,3.0,19.0,A01
201400001877,0,7,0,0.0,2.0,2.0,1.0,B02
201400001878,0,33,0,0.0,2.0,1.0,1.0,A01
201400001878,0,7,0,0.0,2.0,8.0,19.0,B02
201400001879,0,7,0,0.0,2.0,1.0,19.0,A01
201400001879,0,7,0,0.0,2.0,8.0,1.0,B02
201400001880,0,7,0,0.0,2.0,1.0,19.0,A01
201400001880,0,7,0,0.0,2.0,3.0,1.0,B02
201400001881,0,7,0,0.0,2.0,1.0,1.0,A01
201400001881,0,7,0,0.0,2.0,4.0,1.0,B02
201400001881,0,7,0,0.0,0.0,4.0,1.0,C03
201400001882,0,7,0,13.0,0.0,3.0,13.0,A01
201400001883,0,1,0,0.0,0.0,0.0,0.0,A01
201400001883,0,7,0,0.0,0.0,0.0,1.0,B02
201400001884,0,10,0,0.0,2.0,7.0,0.0,A01
201400001884,0,7,0,0.0,2.0,3.0,0.0,B02
201400001885,0,7,0,0.0,2.0,2.0,1.0,A01
201400001885,0,7,0,0.0,2.0,2.0,1.0,B02
201400001886,0,7,0,0.0,2.0,5.0,15.0,A01
201400001886,0,31,0,0.0,2.0,1.0,1.0,B02
201400001887,0,10,0,0.0,2.0,3.0,13.0,A01
201400001887,0,30,0,0.0,2.0,3.0,1.0,B02
201400001888,0,30,0,0.0,0.0,8.0,1.0,A01
201400001889,0,30,0,0.0,2.0,8.0,1.0,A01
201400001889,0,7,0,0.0,2.0,1.0,19.0,B02
201400001890,0,7,0,12.0,0.0,9.0,1.0,A01
201400001891,0,7,0,0.0,2.0,1.0,1.0,A01
201400001891,0,7,0,0.0,2.0,1.0,1.0,B02
201400001892,0,7,0,13.0,0.0,3.0,1.0,A01
201400001893,0,7,0,0.0,1.0,7.0,1.0,A01
201400001894,0,7,0,0.0,2.0,1.0,1.0,A01
201400001894,0,7,0,0.0,2.0,4.0,1.0,B02
201400001895,0,33,0,15.0,0.0,3.0,1.0,A01
201400001896,0,34,0,9.0,0.0,7.0,1.0,A01
201400001897,0,7,0,0.0,2.0,1.0,1.0,A01
201400001897,0,7,0,0.0,2.0,3.0,19.0,B02
201400001898,0,33,0,0.0,2.0,1.0,1.0,A01
201400001898,0,7,0,0.0,0.0,7.0,15.0,B02
201400001899,0,30,0,0.0,2.0,5.0,15.0,A01
201400001899,0,7,0,0.0,2.0,2.0,1.0,B02
201400001900,0,10,0,0.0,9.0,2.0,15.0,A01
201400001900,0,1,0,0.0,2.0,1.0,1.0,B02
201400001901,0,7,0,6.0,0.0,2.0,14.0,A01
201400001902,0,7,0,0.0,2.0,3.0,13.0,A01
201400001902,0,7,0,0.0,2.0,3.0,1.0,B02
201400001903,0,31,0,0.0,2.0,7.0,17.0,A01
201400001903,0,7,0,0.0,2.0,3.0,15.0,B02
201400001904,0,33,0,13.0,0.0,1.0,1.0,A01
201400001905,0,30,0,5.0,0.0,1.0,1.0,A01
201400001906,0,7,0,0.0,2.0,7.0,19.0,A01
201400001906,0,33,0,0.0,2.0,1.0,1.0,B02
201400001907,0,7,0,13.0,0.0,9.0,1.0,A01
201400001908,0,10,0,0.0,2.0,1.0,13.0,A01
201400001908,0,15,0,0.0,2.0,3.0,1.0,B02
201400001909,0,7,0,1.0,2.0,2.0,1.0,A01
201400001909,0,1,0,0.0,2.0,7.0,19.0,B02
201400001910,0,7,0,0.0,2.0,2.0,10.0,A01
201400001910,0,33,0,0.0,2.0,1.0,1.0,B02
201400001911,0,7,0,0.0,2.0,1.0,13.0,A01
201400001911,0,7,0,0.0,2.0,1.0,1.0,B02
201400001912,0,7,0,0.0,2.0,8.0,20.0,A01
201400001912,0,31,0,0.0,2.0,1.0,1.0,B02
201400001913,0,33,0,15.0,0.0,0.0,1.0,A01
201400001914,0,36,0,2.0,0.0,1.0,1.0,A01
201400001915,0,7,0,0.0,2.0,3.0,13.0,A01
201400001915,0,7,0,0.0,2.0,3.0,1.0,B02
201400001916,0,7,0,0.0,1.0,7.0,1.0,A01
201400001917,0,7,0,0.0,2.0,6.0,15.0,B02
201400001917,0,31,0,0.0,2.0,1.0,17.0,A01
201400001918,0,33,0,12.0,0.0,1.0,1.0,A01
201400001919,0,10,0,13.0,0.0,7.0,1.0,A01
201400001920,0,2,0,0.0,2.0,1.0,1.0,A01
201400001920,0,2,0,0.0,2.0,1.0,1.0,B02
201400001921,0,7,0,2.0,0.0,1.0,1.0,A01
201400001922,0,7,0,0.0,0.0,1.0,14.0,A01
201400001923,0,7,0,0.0,2.0,6.0,15.0,A01
201400001923,0,2,0,0.0,2.0,1.0,1.0,B02
201400001924,0,7,0,13.0,0.0,1.0,1.0,A01
201400001925,0,10,0,0.0,1.0,2.0,13.0,A01
201400001926,0,7,0,0.0,1.0,2.0,1.0,A01
201400001927,0,7,0,0.0,1.0,4.0,20.0,A01
201400001928,0,7,0,0.0,2.0,2.0,15.0,A01
201400001928,0,33,0,0.0,2.0,0.0,1.0,B02
201400001929,0,7,0,0.0,9.0,8.0,15.0,A01
201400001929,0,2,0,0.0,2.0,1.0,1.0,B02
201400001930,0,7,0,0.0,2.0,0.0,13.0,A01
201400001930,0,14,0,0.0,2.0,3.0,1.0,B02
201400001931,0,7,0,0.0,2.0,5.0,1.0,A01
201400001931,0,33,0,0.0,2.0,1.0,1.0,B02
201400001932,0,7,0,0.0,1.0,2.0,1.0,A01
201400001933,0,10,0,0.0,1.0,1.0,1.0,A01
201400001934,0,7,0,16.0,0.0,9.0,1.0,A01
201400001935,0,7,0,13.0,0.0,1.0,13.0,A01
201400001936,0,7,0,0.0,2.0,7.0,13.0,A01
201400001936,0,14,0,0.0,2.0,1.0,1.0,B02
201400001937,0,7,0,13.0,0.0,2.0,1.0,A01
201400001938,0,7,0,0.0,2.0,2.0,17.0,A01
201400001938,0,2,0,0.0,2.0,3.0,1.0,B02
201400001939,0,7,0,13.0,0.0,1.0,1.0,A01
201400001940,0,7,0,2.0,0.0,6.0,1.0,A01
201400001941,0,36,0,2.0,0.0,3.0,1.0,A01
201400001942,0,7,0,0.0,2.0,2.0,13.0,A01
201400001942,0,7,0,0.0,2.0,1.0,1.0,B02
201400001943,0,7,0,0.0,9.0,3.0,1.0,A01
201400001943,0,1,0,0.0,2.0,1.0,1.0,B02
201400001944,0,30,0,0.0,0.0,7.0,1.0,A01
201400001945,0,33,0,11.0,0.0,9.0,1.0,A01
201400001946,0,31,0,6.0,0.0,3.0,13.0,A01
201400001947,0,7,0,0.0,0.0,8.0,15.0,A01
201400001947,0,7,0,0.0,0.0,2.0,17.0,B02
201400001948,0,2,0,0.0,0.0,1.0,1.0,A01
201400001948,0,7,0,0.0,0.0,3.0,15.0,B02
201400001949,0,33,0,13.0,0.0,1.0,1.0,A01
201400001950,0,31,0,0.0,2.0,1.0,13.0,A01
201400001950,0,7,0,0.0,2.0,1.0,1.0,B02
201400001951,0,7,0,0.0,2.0,2.0,15.0,A01
201400001951,0,33,0,0.0,2.0,1.0,1.0,B02
201400001952,0,7,0,0.0,2.0,1.0,13.0,A01
201400001952,0,7,0,0.0,2.0,1.0,1.0,B02
201400001953,0,10,0,16.0,0.0,8.0,1.0,A01
201400001954,0,7,0,13.0,0.0,0.0,1.0,A01
201400001955,0,33,0,13.0,0.0,0.0,1.0,A01
201400001956,0,7,0,0.0,2.0,2.0,15.0,A01
201400001956,0,2,0,0.0,2.0,1.0,1.0,B02
201400001957,0,7,0,0.0,1.0,8.0,1.0,A01
201400001958,0,7,0,6.0,0.0,1.0,13.0,A01
201400001959,0,10,0,0.0,2.0,6.0,24.0,B02
201400001959,0,2,0,1.0,2.0,1.0,1.0,A01
201400001960,0,30,0,0.0,2.0,1.0,21.0,A01
201400001960,0,7,0,0.0,2.0,4.0,1.0,B02
201400001960,0,15,0,0.0,2.0,8.0,1.0,C03
201400001961,0,7,0,0.0,2.0,3.0,5.0,A01
201400001961,0,7,0,0.0,2.0,3.0,1.0,B02
201400001962,0,15,0,0.0,2.0,1.0,1.0,B02
201400001962,0,10,0,0.0,2.0,1.0,13.0,A01
201400001963,0,7,0,6.0,0.0,1.0,1.0,A01
201400001964,0,7,0,0.0,0.0,3.0,9.0,A01
201400001964,0,30,0,0.0,0.0,1.0,1.0,B02
201400001965,0,2,0,0.0,2.0,1.0,1.0,A01
201400001965,0,7,0,0.0,0.0,4.0,23.0,B02
201400001966,0,7,0,0.0,2.0,1.0,1.0,A01
201400001966,0,7,0,0.0,2.0,1.0,1.0,B02
201400001967,0,15,0,0.0,2.0,3.0,1.0,A01
201400001967,0,10,0,0.0,2.0,3.0,13.0,B02
201400001968,0,36,0,6.0,1.0,2.0,14.0,A01
201400001969,0,2,0,0.0,2.0,1.0,13.0,A01
201400001969,0,7,0,0.0,2.0,3.0,1.0,B02
201400001970,0,7,0,7.0,0.0,1.0,1.0,A01
201400001971,0,7,0,0.0,2.0,4.0,13.0,A01
201400001971,0,7,0,0.0,2.0,2.0,1.0,B02
201400001972,0,33,0,13.0,0.0,1.0,1.0,A01
201400001973,0,30,0,0.0,2.0,3.0,15.0,A01
201400001973,0,14,0,0.0,2.0,3.0,1.0,B02
201400001974,0,7,0,13.0,0.0,1.0,1.0,A01
201400001975,0,7,0,0.0,1.0,3.0,13.0,A01
201400001976,0,31,0,13.0,0.0,1.0,1.0,A01
201400001977,0,7,0,0.0,1.0,1.0,23.0,A01
201400001978,0,7,0,6.0,0.0,9.0,1.0,A01
201400001979,0,7,0,2.0,0.0,3.0,1.0,A01
201400001980,0,7,0,2.0,0.0,3.0,1.0,A01
201400001981,0,33,0,0.0,0.0,7.0,17.0,A01
201400001982,0,14,0,0.0,2.0,1.0,1.0,B02
201400001982,0,7,0,0.0,2.0,8.0,15.0,A01
201400001983,0,7,0,13.0,0.0,3.0,1.0,A01
201400001984,0,7,0,13.0,0.0,1.0,1.0,A01
201400001985,0,33,0,3.0,0.0,8.0,1.0,A01
201400001986,0,7,0,0.0,2.0,1.0,2.0,A01
201400001986,0,7,0,0.0,2.0,4.0,23.0,B02