Num_Acc,senc,catv,occutc,obs,obsm,choc,manv,num_veh
201400002263,0,1,0,0.0,0.0,4.0,1.0,A01
201400002264,0,7,0,0.0,2.0,3.0,1.0,A01
201400002264,0,30,0,0.0,2.0,9.0,19.0,B02
201400002265,0,7,0,0.0,1.0,7.0,2.0,A01
201400002266,0,30,0,0.0,2.0,3.0,15.0,A01
201400002266,0,10,0,0.0,9.0,2.0,1.0,B02
201400002267,0,1,0,0.0,2.0,1.0,3.0,B02
201400002267,0,7,0,0.0,2.0,1.0,21.0,A01
201400002268,0,21,0,0.0,2.0,3.0,15.0,B02
201400002268,0,33,0,0.0,2.0,1.0,17.0,A01
201400002269,0,33,0,0.0,0.0,9.0,0.0,A01
201400002270,0,7,0,2.0,0.0,2.0,1.0,A01
201400002271,0,30,0,0.0,2.0,3.0,10.0,A01
201400002271,0,10,0,0.0,2.0,2.0,1.0,B02
201400002272,0,7,0,2.0,0.0,9.0,1.0,A01
201400002273,0,7,0,13.0,0.0,9.0,1.0,A01
201400002274,0,10,0,0.0,2.0,1.0,1.0,A01
201400002274,0,3,0,0.0,2.0,4.0,1.0,B02
201400002275,0,7,0,13.0,0.0,1.0,1.0,A01
201400002276,0,10,0,0.0,9.0,1.0,17.0,B02
201400002276,0,1,0,0.0,2.0,8.0,10.0,A01
201400002277,0,7,0,2.0,0.0,9.0,1.0,A01
201400002278,0,7,0,5.0,0.0,2.0,1.0,A01
201400002279,0,33,0,0.0,2.0,8.0,1.0,A01
201400002279,0,7,0,0.0,2.0,8.0,1.0,B02
201400002280,0,7,0,0.0,1.0,7.0,1.0,A01
201400002281,0,7,0,0.0,0.0,8.0,1.0,B02
201400002281,0,7,0,0.0,2.0,1.0,19.0,A01
201400002282,0,10,0,0.0,2.0,3.0,19.0,A01
201400002282,0,33,0,0.0,2.0,1.0,1.0,B02
201400002283,0,17,0,0.0,2.0,1.0,1.0,B02
201400002283,0,10,0,0.0,2.0,1.0,5.0,A01
201400002284,0,1,0,0.0,2.0,4.0,2.0,A01
201400002284,0,10,0,0.0,9.0,1.0,0.0,B02
201400002285,1,7,0,0.0,1.0,3.0,1.0,A01
201400002286,0,7,0,0.0,1.0,1.0,1.0,A01
201400002287,0,7,0,0.0,1.0,1.0,1.0,A01
201400002288,0,7,0,0.0,2.0,1.0,1.0,B02
201400002288,0,7,0,0.0,2.0,1.0,5.0,A01
201400002289,0,31,0,16.0,0.0,0.0,1.0,A01
201400002290,0,7,0,0.0,2.0,3.0,13.0,A01
201400002290,0,21,0,0.0,2.0,3.0,1.0,B02
201400002290,0,1,0,0.0,9.0,0.0,1.0,C03
201400002291,0,7,0,13.0,0.0,1.0,13.0,A01
201400002292,0,33,0,0.0,2.0,2.0,1.0,B02
201400002292,0,7,0,0.0,2.0,3.0,15.0,A01
201400002293,0,7,0,0.0,2.0,2.0,1.0,B02
201400002293,0,7,0,0.0,2.0,2.0,5.0,A01
201400002294,0,17,0,0.0,2.0,3.0,1.0,B02
201400002294,0,7,0,0.0,2.0,3.0,1.0,A01
201400002295,0,14,0,0.0,2.0,3.0,1.0,B02
201400002295,0,7,0,0.0,2.0,3.0,13.0,A01
201400002296,0,2,0,0.0,2.0,1.0,1.0,B02
201400002296,0,7,0,0.0,2.0,3.0,15.0,A01
201400002297,0,31,0,0.0,2.0,7.0,1.0,B02
201400002297,0,7,0,0.0,2.0,3.0,11.0,A01
201400002298,0,1,0,0.0,2.0,8.0,1.0,B02
201400002298,0,7,0,0.0,9.0,3.0,15.0,A01
201400002299,0,7,0,0.0,2.0,3.0,1.0,B02
201400002299,0,31,0,0.0,2.0,1.0,13.0,A01
201400002300,0,7,0,0.0,0.0,8.0,15.0,B02
201400002300,0,15,0,0.0,2.0,1.0,1.0,A01
201400002301,0,33,0,0.0,2.0,9.0,1.0,A01
201400002301,0,14,0,0.0,9.0,8.0,1.0,B02
201400002302,0,33,0,0.0,2.0,7.0,1.0,A01
201400002302,0,21,0,0.0,2.0,8.0,15.0,B02
201400002303,0,7,0,0.0,2.0,1.0,1.0,A01
201400002303,0,7,0,0.0,2.0,7.0,19.0,B02
201400002304,0,7,0,0.0,2.0,7.0,15.0,A01
201400002304,0,10,0,0.0,2.0,3.0,1.0,B02
201400002305,0,17,0,0.0,2.0,1.0,1.0,B02
201400002305,0,10,0,0.0,2.0,3.0,13.0,A01
201400002306,0,7,0,2.0,0.0,3.0,13.0,A01
201400002307,0,7,0,0.0,0.0,4.0,15.0,B02
201400002307,0,31,0,0.0,2.0,1.0,2.0,A01
201400002308,0,2,0,0.0,2.0,8.0,1.0,A01
201400002308,0,7,0,0.0,2.0,3.0,1.0,B02
201400002309,0,10,0,0.0,2.0,3.0,13.0,A01
201400002309,0,30,0,0.0,2.0,1.0,1.0,B02
201400002310,0,7,0,0.0,2.0,1.0,1.0,B02
201400002310,0,10,0,0.0,2.0,7.0,1.0,C03
201400002310,0,3,0,0.0,2.0,7.0,15.0,A01
201400002311,0,7,0,0.0,0.0,9.0,1.0,A01
201400002312,0,10,0,2.0,0.0,2.0,1.0,A01
201400002313,0,7,0,0.0,2.0,1.0,13.0,A01
201400002313,0,7,0,0.0,2.0,1.0,1.0,B02
201400002314,0,33,0,13.0,0.0,0.0,1.0,A01
201400002315,0,7,0,0.0,2.0,0.0,21.0,A01
201400002316,0,7,0,0.0,2.0,2.0,1.0,B02
201400002316,0,7,0,0.0,0.0,2.0,0.0,A01
201400002317,0,7,0,0.0,2.0,1.0,1.0,B02
201400002317,0,7,0,0.0,2.0,1.0,12.0,A01
201400002318,0,7,0,0.0,2.0,1.0,2.0,A01
201400002318,0,38,1,0.0,2.0,4.0,2.0,B02
201400002319,0,7,0,0.0,1.0,2.0,20.0,A01
201400002320,0,7,0,0.0,2.0,5.0,4.0,A01
201400002320,0,7,0,0.0,2.0,1.0,1.0,B02
201400002321,0,7,0,0.0,1.0,1.0,1.0,A01
201400002322,0,7,0,0.0,2.0,1.0,15.0,A01
201400002322,0,30,0,0.0,2.0,2.0,1.0,B02
201400002323,0,7,0,6.0,0.0,1.0,1.0,A01
201400002324,0,7,0,0.0,0.0,2.0,1.0,A01
201400002324,0,1,0,0.0,0.0,4.0,1.0,B02
201400002325,0,2,0,0.0,2.0,2.0,15.0,A01
201400002326,0,33,0,6.0,0.0,1.0,1.0,A01
201400002327,0,7,0,0.0,2.0,1.0,1.0,B02
201400002327,0,10,0,0.0,2.0,1.0,13.0,A01
201400002328,0,7,0,0.0,2.0,3.0,19.0,A01
201400002328,0,30,0,0.0,2.0,1.0,1.0,B02
201400002329,0,30,0,0.0,2.0,1.0,1.0,A01
201400002329,0,7,0,0.0,2.0,7.0,1.0,B02
201400002330,0,7,0,0.0,2.0,2.0,2.0,B02
201400002330,0,2,0,0.0,2.0,6.0,2.0,A01
201400002331,0,7,0,13.0,0.0,3.0,1.0,A01
201400002332,0,7,0,13.0,0.0,2.0,1.0,A01
201400002333,0,7,0,0.0,2.0,1.0,13.0,A01
201400002333,0,7,0,0.0,2.0,1.0,1.0,B02
201400002334,0,7,0,6.0,0.0,1.0,1.0,A01
201400002335,0,7,0,6.0,0.0,3.0,1.0,A01
201400002336,0,7,0,0.0,2.0,5.0,17.0,A01
201400002336,0,2,0,0.0,2.0,8.0,15.0,B02
201400002337,0,10,0,0.0,2.0,2.0,17.0,A01
201400002337,0,1,0,0.0,2.0,8.0,1.0,B02
201400002338,0,3,0,0.0,1.0,1.0,1.0,A01
201400002339,0,32,0,0.0,2.0,1.0,1.0,A01
201400002339,0,30,0,0.0,2.0,4.0,15.0,B02
201400002340,0,30,0,0.0,0.0,8.0,13.0,A01
201400002340,1,7,0,0.0,2.0,2.0,1.0,B02
201400002341,0,7,0,0.0,2.0,8.0,1.0,B02
201400002341,0,31,0,0.0,2.0,1.0,1.0,A01
201400002342,0,30,0,9.0,0.0,1.0,0.0,A01
201400002343,0,33,0,13.0,0.0,1.0,1.0,A01
201400002344,0,7,0,0.0,2.0,1.0,15.0,B02
201400002344,0,30,0,0.0,2.0,3.0,1.0,A01
201400002345,0,7,0,0.0,2.0,1.0,19.0,A01
201400002345,0,7,0,0.0,2.0,8.0,1.0,B02
201400002346,0,31,0,0.0,2.0,3.0,9.0,A01
201400002346,0,7,0,0.0,2.0,2.0,1.0,B02
201400002347,0,30,0,0.0,2.0,1.0,1.0,B02
201400002347,0,7,0,0.0,2.0,7.0,15.0,A01
201400002348,0,7,0,6.0,0.0,2.0,0.0,A01
201400002349,0,7,0,0.0,2.0,3.0,1.0,A01
201400002349,0,1,0,0.0,0.0,7.0,19.0,B02
201400002350,0,30,0,15.0,0.0,1.0,13.0,A01
201400002351,0,7,0,0.0,1.0,2.0,1.0,A01
201400002352,1,14,0,0.0,1.0,2.0,2.0,A01
201400002353,0,1,0,0.0,2.0,7.0,1.0,B02
201400002353,0,7,0,0.0,9.0,1.0,1.0,A01
201400002354,0,1,0,0.0,9.0,3.0,0.0,B02
201400002354,0,39,10,0.0,9.0,2.0,0.0,A01
201400002355,0,10,0,0.0,2.0,7.0,1.0,B02
201400002355,0,2,0,0.0,2.0,1.0,19.0,A01
201400002356,0,1,0,0.0,2.0,1.0,1.0,B02
201400002356,0,7,0,0.0,9.0,3.0,15.0,A01
201400002357,0,7,0,0.0,9.0,2.0,1.0,A01
201400002357,0,1,0,0.0,2.0,0.0,19.0,B02
201400002358,0,10,0,0.0,9.0,8.0,19.0,A01
201400002358,0,1,0,0.0,2.0,1.0,1.0,B02
201400002359,0,7,0,0.0,2.0,3.0,1.0,A01
201400002359,0,7,0,0.0,2.0,3.0,1.0,B02
201400002360,0,7,0,13.0,0.0,1.0,1.0,A01
201400002361,0,7,0,0.0,2.0,3.0,9.0,A01
201400002361,0,30,0,0.0,2.0,7.0,1.0,B02
201400002362,0,7,0,0.0,1.0,1.0,1.0,A01
201400002363,0,33,0,0.0,9.0,1.0,17.0,A01
201400002363,0,1,0,,2.0,1.0,1.0,B02
201400002364,0,2,0,14.0,0.0,6.0,2.0,A01
201400002364,0,7,0,0.0,2.0,2.0,2.0,B02
201400002365,0,7,0,13.0,0.0,2.0,14.0,A01
201400002366,0,7,0,0.0,2.0,2.0,15.0,A01
201400002366,0,30,0,0.0,2.0,1.0,1.0,B02
201400002367,0,7,0,0.0,2.0,3.0,17.0,A01
201400002367,0,7,0,0.0,2.0,1.0,1.0,B02
201400002367,0,7,0,0.0,2.0,1.0,1.0,C03
201400002368,0,7,0,0.0,1.0,2.0,16.0,A01
201400002369,0,10,0,1.0,0.0,1.0,1.0,A01
201400002370,0,7,0,0.0,2.0,3.0,1.0,B02
201400002370,0,7,0,0.0,2.0,3.0,13.0,A01
201400002371,0,7,0,0.0,2.0,2.0,1.0,A01
201400002371,0,7,0,0.0,2.0,1.0,13.0,B02
201400002372,0,7,0,0.0,2.0,7.0,13.0,A01
201400002372,0,7,0,0.0,2.0,1.0,1.0,B02
201400002373,0,7,0,0.0,2.0,1.0,13.0,A01
201400002373,0,7,0,0.0,2.0,1.0,1.0,B02
201400002374,0,7,0,0.0,2.0,1.0,0.0,B02
201400002374,0,7,0,0.0,2.0,1.0,0.0,A01
201400002375,0,33,0,0.0,0.0,0.0,1.0,A01
201400002376,0,33,0,0.0,2.0,1.0,21.0,B02
201400002376,0,7,0,0.0,2.0,1.0,1.0,A01
201400002377,0,99,0,0.0,2.0,1.0,1.0,B02
201400002377,0,7,0,0.0,9.0,1.0,1.0,A01
201400002378,0,7,0,0.0,1.0,2.0,1.0,A01
201400002379,0,7,0,0.0,2.0,8.0,19.0,A01
201400002379,0,7,0,0.0,2.0,1.0,1.0,B02
201400002380,0,10,0,0.0,0.0,8.0,11.0,B02
201400002380,0,33,0,0.0,2.0,1.0,2.0,A01
201400002381,0,7,0,0.0,2.0,3.0,1.0,B02
201400002381,0,7,0,0.0,2.0,3.0,1.0,A01
201400002382,0,2,0,16.0,0.0,0.0,1.0,A01
201400002383,0,7,0,0.0,2.0,7.0,1.0,A01
201400002383,0,7,0,0.0,2.0,1.0,1.0,B02
201400002384,0,7,0,0.0,0.0,8.0,19.0,A01
201400002384,0,7,0,0.0,2.0,1.0,1.0,B02
201400002385,0,7,0,0.0,0.0,0.0,1.0,A01
201400002386,0,7,0,0.0,1.0,1.0,1.0,A01
201400002387,0,7,0,6.0,0.0,2.0,13.0,A01
201400002388,0,7,0,0.0,0.0,0.0,1.0,B02
201400002388,0,7,0,0.0,1.0,2.0,1.0,A01
201400002389,0,10,0,0.0,2.0,3.0,1.0,B02
201400002389,0,10,0,0.0,2.0,1.0,16.0,A01
201400002390,0,10,0,0.0,1.0,6.0,4.0,A01
201400002391,0,7,0,0.0,2.0,5.0,15.0,A01
201400002391,0,33,0,0.0,2.0,1.0,1.0,B02
201400002392,0,7,0,0.0,2.0,1.0,1.0,A01
201400002392,0,2,0,0.0,2.0,4.0,1.0,B02
201400002393,0,7,0,0.0,2.0,2.0,16.0,A01
201400002393,0,1,0,0.0,2.0,1.0,1.0,B02
201400002394,0,7,0,0.0,2.0,1.0,1.0,B02
201400002394,0,31,0,0.0,2.0,1.0,13.0,A01
201400002395,0,7,0,16.0,0.0,2.0,1.0,A01
201400002396,0,10,0,0.0,2.0,1.0,1.0,B02
201400002396,0,1,0,0.0,2.0,7.0,19.0,A01
201400002397,0,33,0,13.0,0.0,1.0,13.0,A01
201400002398,0,7,0,8.0,2.0,9.0,1.0,C03
201400002398,0,7,0,0.0,2.0,2.0,2.0,A01
201400002398,0,7,0,0.0,0.0,6.0,1.0,B02
201400002399,0,10,0,0.0,1.0,1.0,1.0,A01
201400002400,0,7,0,2.0,0.0,3.0,0.0,A01
201400002401,0,7,0,2.0,0.0,3.0,1.0,A01
201400002402,0,7,0,0.0,2.0,1.0,0.0,B02
201400002402,0,7,0,0.0,0.0,8.0,15.0,A01
201400002403,0,7,0,0.0,2.0,3.0,13.0,A01
201400002403,0,17,0,0.0,2.0,1.0,1.0,B02
201400002404,0,7,0,2.0,0.0,8.0,1.0,A01
201400002405,0,1,0,0.0,0.0,8.0,1.0,A01
201400002405,0,7,0,0.0,9.0,1.0,1.0,C03
201400002405,0,7,0,0.0,2.0,7.0,1.0,B02
201400002406,0,7,0,0.0,2.0,4.0,15.0,B02
201400002406,0,7,0,0.0,2.0,3.0,1.0,C03
201400002406,0,7,0,0.0,2.0,1.0,2.0,A01
201400002407,0,37,0,1.0,0.0,7.0,0.0,A01
201400002407,0,7,0,0.0,2.0,8.0,24.0,B02
201400002408,0,7,0,0.0,1.0,2.0,1.0,A01
201400002409,0,7,0,0.0,2.0,3.0,13.0,A01
201400002409,0,7,0,0.0,2.0,3.0,1.0,B02
201400002410,0,7,0,0.0,1.0,2.0,1.0,A01
201400002411,0,35,0,5.0,0.0,1.0,1.0,A01
201400002412,0,33,0,0.0,2.0,1.0,1.0,B02
201400002412,0,7,0,0.0,2.0,6.0,19.0,A01
201400002413,0,7,0,0.0,2.0,8.0,1.0,B02
201400002413,0,7,0,0.0,2.0,8.0,1.0,A01
201400002414,0,31,0,0.0,2.0,1.0,13.0,A01
201400002414,0,10,0,0.0,2.0,1.0,1.0,B02
201400002415,0,7,0,0.0,2.0,3.0,15.0,B02
201400002415,0,30,0,0.0,2.0,1.0,17.0,A01
201400002416,0,7,0,13.0,0.0,2.0,1.0,A01
201400002417,0,32,0,0.0,2.0,1.0,17.0,A01
201400002417,0,7,0,0.0,2.0,8.0,15.0,B02
201400002418,0,7,0,0.0,0.0,2.0,15.0,A01
201400002418,0,33,0,0.0,0.0,1.0,1.0,B02
201400002419,0,2,0,0.0,2.0,1.0,1.0,B02
201400002419,0,7,0,0.0,2.0,3.0,15.0,A01
201400002420,0,7,0,0.0,2.0,0.0,1.0,B02
201400002420,0,2,0,0.0,2.0,1.0,1.0,A01
201400002421,0,30,0,8.0,0.0,1.0,1.0,A01
201400002422,0,3,0,0.0,1.0,2.0,13.0,A01
201400002423,0,33,0,14.0,0.0,3.0,17.0,A01
201400002423,0,10,0,0.0,2.0,8.0,1.0,B02
201400002424,0,33,0,0.0,2.0,1.0,18.0,A01
201400002424,0,7,0,0.0,0.0,5.0,1.0,B02
201400002425,0,7,0,0.0,2.0,0.0,1.0,C03
201400002425,0,33,0,0.0,2.0,1.0,2.0,A01
201400002425,0,7,0,0.0,0.0,4.0,2.0,B02
201400002426,0,33,0,0.0,0.0,0.0,0.0,A01
201400002427,0,7,0,0.0,2.0,3.0,1.0,C03
201400002427,0,7,0,0.0,2.0,1.0,13.0,A01
201400002427,0,7,0,0.0,2.0,1.0,1.0,E05
201400002427,0,7,0,0.0,2.0,8.0,1.0,B02
201400002427,0,7,0,0.0,2.0,3.0,1.0,D04
201400002428,0,33,0,0.0,2.0,7.0,1.0,B02
201400002428,0,7,0,0.0,2.0,1.0,15.0,A01
201400002429,0,7,0,0.0,2.0,7.0,15.0,B02
201400002429,0,7,0,0.0,0.0,2.0,24.0,C03
201400002429,0,33,0,0.0,2.0,2.0,17.0,A01
201400002430,0,30,0,0.0,2.0,8.0,1.0,A01
201400002430,0,7,0,0.0,2.0,2.0,16.0,B02
201400002431,0,7,0,0.0,2.0,8.0,15.0,A01
201400002431,0,2,0,0.0,2.0,1.0,17.0,B02
201400002432,0,7,0,0.0,1.0,3.0,1.0,A01
201400002433,0,33,0,0.0,1.0,7.0,1.0,A01
201400002434,0,33,0,0.0,2.0,1.0,19.0,B02
201400002434,0,7,0,0.0,2.0,3.0,19.0,A01
201400002435,0,33,0,0.0,2.0,1.0,1.0,B02
201400002435,0,7,0,0.0,2.0,2.0,15.0,A01
201400002436,0,7,0,0.0,2.0,3.0,15.0,A01
201400002436,0,33,0,0.0,2.0,1.0,1.0,B02
201400002437,0,30,0,2.0,0.0,1.0,1.0,A01
201400002438,0,7,0,0.0,2.0,2.0,0.0,B02
201400002438,0,10,0,0.0,2.0,2.0,0.0,A01
201400002439,0,30,0,0.0,2.0,1.0,2.0,A01
201400002439,0,7,0,0.0,2.0,4.0,1.0,B02
201400002440,0,7,0,0.0,2.0,3.0,1.0,A01
201400002440,0,33,0,0.0,2.0,7.0,1.0,B02
201400002441,0,7,0,2.0,0.0,3.0,0.0,A01
201400002442,0,7,0,0.0,1.0,3.0,1.0,A01
201400002443,0,33,0,0.0,2.0,1.0,1.0,B02
201400002443,0,7,0,0.0,0.0,7.0,15.0,A01
201400002444,0,33,0,0.0,1.0,1.0,0.0,A01
201400002445,0,7,0,0.0,2.0,3.0,1.0,A01
201400002445,0,7,0,0.0,2.0,3.0,1.0,B02
201400002446,0,7,0,0.0,2.0,2.0,1.0,B02
201400002446,0,1,0,0.0,2.0,8.0,19.0,A01
201400002447,0,7,0,0.0,2.0,3.0,13.0,A01
201400002447,0,7,0,0.0,2.0,3.0,1.0,B02
201400002447,0,7,0,0.0,1.0,1.0,1.0,C03
201400002448,0,30,0,0.0,2.0,1.0,1.0,A01
201400002448,0,7,0,0.0,2.0,2.0,1.0,B02
201400002449,0,7,0,8.0,0.0,3.0,1.0,A01
201400002450,0,33,0,6.0,0.0,7.0,1.0,A01
201400002451,0,7,0,0.0,2.0,1.0,1.0,A01
201400002451,0,7,0,0.0,2.0,3.0,19.0,B02
201400002452,0,30,0,6.0,5.0,1.0,21.0,A01
201400002453,0,7,0,0.0,2.0,3.0,19.0,A01
201400002453,0,7,0,0.0,2.0,3.0,21.0,B02
201400002454,0,21,0,0.0,2.0,3.0,15.0,A01
201400002454,0,34,0,0.0,2.0,2.0,17.0,B02
201400002455,0,7,0,0.0,2.0,2.0,13.0,A01
201400002455,0,10,0,0.0,2.0,2.0,21.0,B02
201400002456,0,31,0,14.0,0.0,0.0,1.0,A01
201400002457,0,7,0,0.0,0.0,8.0,15.0,A01
201400002457,0,30,0,0.0,0.0,1.0,0.0,B02
201400002458,0,33,0,0.0,2.0,4.0,1.0,A01
201400002458,0,7,0,0.0,2.0,5.0,15.0,B02
201400002459,0,7,0,0.0,2.0,3.0,1.0,A01
201400002459,0,7,0,0.0,2.0,3.0,23.0,B02
201400002460,0,10,0,0.0,1.0,2.0,1.0,A01
201400002461,0,7,0,8.0,0.0,1.0,13.0,A01
201400002462,0,7,0,0.0,0.0,1.0,0.0,A01
201400002462,0,3,0,0.0,0.0,2.0,1.0,B02
201400002463,0,33,0,0.0,2.0,1.0,1.0,B02
201400002463,0,7,0,0.0,2.0,8.0,19.0,A01
201400002464,0,7,0,0.0,0.0,0.0,1.0,B02
201400002464,0,33,0,0.0,0.0,0.0,1.0,A01
201400002465,0,7,0,0.0,2.0,3.0,1.0,A01
201400002465,2,7,0,0.0,2.0,3.0,0.0,B02
201400002466,0,36,0,12.0,0.0,2.0,1.0,A01
201400002467,0,7,0,0.0,2.0,1.0,13.0,A01
201400002467,0,10,0,0.0,2.0,1.0,1.0,B02
201400002468,0,2,0,0.0,0.0,0.0,0.0,A01
201400002469,0,7,0,0.0,2.0,7.0,19.0,A01
201400002469,0,30,0,0.0,2.0,1.0,1.0,B02
201400002470,0,7,0,0.0,2.0,1.0,1.0,B02
201400002470,0,7,0,0.0,2.0,7.0,19.0,A01
201400002471,0,7,0,13.0,0.0,2.0,1.0,A01
201400002472,0,30,0,0.0,2.0,1.0,1.0,A01
201400002472,0,30,0,0.0,2.0,3.0,19.0,B02
201400002473,0,7,0,0.0,2.0,6.0,1.0,A01
201400002473,0,10,0,0.0,2.0,1.0,1.0,B02
201400002474,0,7,0,8.0,0.0,1.0,14.0,A01
201400002475,0,2,0,0.0,2.0,4.0,19.0,B02
201400002475,0,7,0,0.0,2.0,3.0,1.0,A01
201400002476,0,30,0,0.0,0.0,8.0,0.0,A01
201400002477,0,7,0,0.0,9.0,2.0,2.0,A01
201400002477,0,1,0,0.0,0.0,4.0,2.0,B02
201400002478,0,33,0,0.0,0.0,0.0,1.0,A01
201400002479,0,7,0,0.0,1.0,2.0,1.0,A01
201400002480,0,7,0,2.0,0.0,2.0,13.0,A01
201400002481,0,7,0,15.0,0.0,1.0,1.0,A01
201400002482,0,7,0,0.0,2.0,1.0,13.0,A01
201400002482,0,7,0,0.0,2.0,1.0,1.0,B02
201400002483,0,7,0,0.0,2.0,3.0,15.0,A01
201400002483,0,33,0,0.0,2.0,1.0,1.0,B02
201400002484,0,36,0,0.0,0.0,9.0,16.0,A01
201400002485,0,7,0,2.0,0.0,3.0,13.0,A01
201400002486,0,7,0,0.0,2.0,2.0,15.0,A01
201400002486,0,31,0,0.0,2.0,1.0,1.0,B02
201400002487,0,7,0,0.0,2.0,1.0,1.0,B02
201400002487,0,7,0,0.0,2.0,2.0,13.0,A01
201400002488,0,33,0,0.0,0.0,7.0,1.0,A01
201400002488,0,7,0,0.0,0.0,1.0,1.0,B02
201400002489,0,2,0,0.0,2.0,1.0,13.0,B02
201400002489,0,7,0,0.0,2.0,3.0,1.0,A01
201400002490,0,7,0,0.0,1.0,2.0,15.0,A01
201400002491,0,7,0,0.0,2.0,8.0,9.0,A01
201400002491,0,2,0,0.0,0.0,1.0,1.0,B02
201400002492,0,7,0,0.0,2.0,6.0,1.0,B02
201400002492,0,7,0,0.0,2.0,1.0,1.0,C03
201400002492,0,7,0,0.0,2.0,1.0,13.0,A01
201400002493,0,7,0,0.0,2.0,1.0,6.0,A01
201400002493,0,7,0,0.0,2.0,1.0,1.0,B02
201400002494,0,30,0,0.0,2.0,3.0,15.0,A01
201400002494,0,33,0,0.0,2.0,2.0,17.0,B02
201400002495,0,7,0,0.0,2.0,5.0,15.0,A01
201400002495,0,33,0,0.0,2.0,1.0,1.0,B02
201400002496,0,7,0,0.0,2.0,1.0,1.0,A01
201400002496,0,7,0,0.0,0.0,2.0,11.0,B02
201400002497,0,7,0,0.0,4.0,2.0,13.0,A01
201400002497,0,39,2,0.0,2.0,1.0,1.0,B02
201400002498,0,31,0,0.0,2.0,1.0,5.0,A01
201400002498,0,7,0,0.0,2.0,3.0,1.0,B02
201400002499,0,7,0,0.0,2.0,1.0,13.0,A01
201400002499,0,7,0,0.0,2.0,1.0,1.0,B02
201400002500,0,7,0,0.0,2.0,5.0,1.0,A01
201400002500,0,7,0,0.0,2.0,3.0,9.0,B02
201400002501,0,35,0,14.0,0.0,1.0,1.0,B02
201400002501,0,10,0,0.0,0.0,0.0,1.0,A01
201400002502,0,7,0,2.0,0.0,2.0,19.0,A01
201400002503,0,7,0,0.0,2.0,5.0,12.0,A01
201400002503,0,2,0,0.0,2.0,1.0,1.0,B02
201400002504,0,7,0,0.0,2.0,3.0,9.0,A01
201400002504,0,31,0,0.0,2.0,1.0,1.0,B02
201400002505,0,7,0,0.0,2.0,1.0,9.0,A01
201400002505,0,2,0,0.0,2.0,1.0,1.0,B02
201400002506,0,7,0,6.0,0.0,3.0,0.0,A01
201400002507,0,7,0,0.0,0.0,0.0,0.0,A01
201400002507,0,30,0,0.0,0.0,0.0,0.0,B02
201400002508,0,7,0,0.0,1.0,3.0,15.0,A01
201400002509,0,7,0,0.0,2.0,1.0,1.0,B02
201400002509,0,7,0,0.0,2.0,8.0,1.0,A01
201400002510,0,21,0,0.0,2.0,8.0,15.0,B02
201400002510,0,33,0,0.0,2.0,1.0,17.0,A01
201400002511,0,33,0,16.0,0.0,1.0,1.0,A01
201400002512,0,7,0,0.0,2.0,8.0,1.0,B02
201400002512,0,7,0,0.0,2.0,1.0,19.0,A01
201400002513,0,7,0,6.0,0.0,2.0,2.0,A01
201400002514,0,37,22,0.0,1.0,2.0,1.0,A01
201400002515,0,37,0,0.0,1.0,2.0,1.0,A01
201400002516,0,33,0,0.0,2.0,1.0,1.0,B02
201400002516,0,7,0,0.0,2.0,3.0,15.0,A01
201400002517,0,20,0,10.0,0.0,1.0,1.0,A01
201400002518,0,20,0,0.0,2.0,6.0,1.0,A01
201400002518,0,10,0,0.0,2.0,3.0,1.0,B02
201400002519,0,10,0,0.0,0.0,3.0,1.0,B02
201400002519,0,7,0,0.0,0.0,1.0,2.0,A01
201400002520,0,7,0,0.0,2.0,7.0,19.0,A01
201400002520,0,7,0,0.0,2.0,1.0,1.0,B02
201400002521,0,7,0,0.0,2.0,1.0,13.0,A01
201400002521,0,15,0,0.0,2.0,3.0,1.0,B02
201400002522,0,7,0,0.0,2.0,2.0,1.0,B02
201400002522,0,7,0,0.0,2.0,3.0,13.0,A01
201400002523,0,7,0,1.0,1.0,2.0,1.0,A01
201400002524,0,7,0,2.0,0.0,7.0,1.0,A01
201400002525,0,7,0,0.0,2.0,2.0,1.0,A01
201400002525,0,33,0,0.0,2.0,7.0,13.0,B02
201400002526,0,7,0,0.0,2.0,1.0,1.0,B02
201400002526,0,7,0,0.0,2.0,7.0,1.0,A01
201400002527,0,7,0,6.0,0.0,1.0,0.0,A01
201400002528,0,33,0,0.0,2.0,1.0,1.0,A01
201400002528,0,7,0,0.0,2.0,3.0,1.0,B02
201400002529,0,7,0,2.0,0.0,1.0,1.0,A01
201400002530,0,2,0,7.0,0.0,2.0,1.0,A01
201400002531,0,7,0,0.0,2.0,1.0,15.0,A01
201400002531,0,7,0,0.0,2.0,1.0,1.0,B02
201400002532,0,33,0,0.0,2.0,1.0,1.0,B02
201400002532,0,7,0,0.0,2.0,3.0,13.0,A01
201400002533,0,33,0,8.0,0.0,3.0,1.0,A01
201400002534,0,33,0,0.0,2.0,1.0,1.0,A01
201400002534,0,7,0,0.0,2.0,5.0,1.0,B02
201400002535,0,7,0,0.0,0.0,3.0,1.0,B02
201400002535,0,10,0,0.0,2.0,2.0,17.0,A01
201400002536,0,30,0,0.0,9.0,1.0,1.0,A01
201400002537,0,7,0,0.0,2.0,3.0,1.0,A01
201400002537,0,10,0,0.0,2.0,2.0,1.0,B02