Num_Acc,senc,catv,occutc,obs,obsm,choc,manv,num_veh
201400002538,0,31,0,8.0,0.0,1.0,1.0,A01
201400002539,0,7,0,0.0,2.0,4.0,2.0,C03
201400002539,0,7,0,0.0,2.0,3.0,5.0,D04
201400002539,0,7,0,0.0,2.0,0.0,0.0,B02
201400002539,0,7,0,0.0,2.0,3.0,5.0,A01
201400002540,0,33,0,0.0,2.0,1.0,17.0,B02
201400002540,0,7,0,0.0,2.0,6.0,15.0,A01
201400002541,0,30,0,1.0,0.0,1.0,2.0,A01
201400002541,0,7,0,0.0,0.0,5.0,23.0,B02
201400002542,0,15,0,0.0,2.0,7.0,17.0,A01
201400002542,0,21,0,0.0,2.0,8.0,1.0,B02
201400002543,0,10,0,2.0,0.0,8.0,0.0,A01
201400002544,0,2,0,0.0,0.0,0.0,1.0,A01
201400002545,0,7,0,0.0,2.0,7.0,13.0,A01
201400002545,0,7,0,0.0,2.0,1.0,1.0,B02
201400002546,0,7,0,0.0,2.0,1.0,1.0,B02
201400002546,0,7,0,0.0,2.0,1.0,13.0,A01
201400002546,0,10,0,0.0,2.0,2.0,2.0,C03
201400002547,0,33,0,0.0,0.0,1.0,1.0,A01
201400002548,0,99,0,0.0,2.0,1.0,1.0,B02
201400002548,0,7,0,0.0,9.0,2.0,9.0,A01
201400002549,0,7,0,0.0,2.0,3.0,13.0,A01
201400002549,0,14,0,0.0,2.0,3.0,1.0,B02
201400002550,0,33,0,0.0,2.0,1.0,5.0,B02
201400002550,0,33,0,0.0,2.0,7.0,5.0,C03
201400002550,0,7,0,0.0,2.0,1.0,15.0,A01
201400002551,0,30,0,0.0,2.0,0.0,5.0,A01
201400002552,0,7,0,6.0,0.0,9.0,1.0,A01
201400002553,0,7,0,0.0,2.0,7.0,0.0,B02
201400002553,0,31,0,0.0,2.0,8.0,0.0,A01
201400002554,0,7,0,0.0,2.0,3.0,1.0,B02
201400002554,0,7,0,0.0,2.0,3.0,1.0,A01
201400002555,0,7,0,0.0,9.0,2.0,15.0,A01
201400002555,0,1,0,0.0,2.0,1.0,1.0,B02
201400002556,0,2,0,0.0,2.0,1.0,13.0,A01
201400002556,0,7,0,0.0,0.0,1.0,1.0,B02
201400002557,0,7,0,2.0,0.0,1.0,1.0,A01
201400002558,0,7,0,8.0,4.0,1.0,1.0,A01
201400002558,0,39,0,0.0,2.0,2.0,1.0,B02
201400002559,0,7,0,0.0,2.0,1.0,11.0,A01
201400002559,0,7,0,0.0,2.0,1.0,1.0,B02
201400002560,0,33,0,0.0,2.0,2.0,1.0,A01
201400002560,0,7,0,0.0,2.0,3.0,19.0,B02
201400002561,0,7,0,0.0,2.0,7.0,19.0,A01
201400002561,0,10,0,0.0,2.0,1.0,1.0,B02
201400002562,0,7,0,0.0,2.0,7.0,1.0,B02
201400002562,0,10,0,0.0,2.0,1.0,19.0,A01
201400002563,0,7,0,6.0,0.0,1.0,1.0,A01
201400002564,0,10,0,0.0,2.0,3.0,1.0,A01
201400002564,0,7,0,0.0,2.0,3.0,1.0,B02
201400002565,0,7,0,0.0,2.0,8.0,9.0,A01
201400002565,0,33,0,0.0,2.0,1.0,1.0,B02
201400002566,0,99,0,0.0,0.0,1.0,13.0,A01
201400002566,0,7,0,0.0,0.0,3.0,1.0,B02
201400002567,0,7,0,0.0,2.0,1.0,19.0,A01
201400002567,0,1,0,0.0,2.0,8.0,5.0,B02
201400002568,0,7,0,0.0,0.0,9.0,1.0,A01
201400002569,0,37,0,0.0,2.0,2.0,1.0,B02
201400002569,0,7,0,0.0,2.0,8.0,19.0,A01
201400002570,0,7,0,0.0,2.0,2.0,15.0,A01
201400002570,0,2,0,0.0,2.0,1.0,1.0,B02
201400002571,0,7,0,0.0,1.0,1.0,19.0,A01
201400002572,0,7,0,0.0,2.0,3.0,1.0,B02
201400002572,0,30,0,0.0,2.0,1.0,15.0,A01
201400002573,0,7,0,0.0,1.0,1.0,1.0,A01
201400002574,0,33,0,0.0,0.0,6.0,2.0,A01
201400002574,0,7,0,0.0,0.0,3.0,2.0,B02
201400002575,0,17,0,0.0,2.0,8.0,15.0,A01
201400002575,0,33,0,0.0,9.0,1.0,1.0,B02
201400002576,0,7,0,6.0,0.0,2.0,1.0,A01
201400002577,0,7,0,0.0,0.0,6.0,15.0,A01
201400002577,0,33,0,0.0,2.0,1.0,11.0,B02
201400002578,0,7,0,13.0,0.0,1.0,14.0,A01
201400002579,0,7,0,2.0,0.0,1.0,1.0,A01
201400002580,0,7,0,13.0,0.0,1.0,1.0,A01
201400002581,0,7,0,0.0,1.0,1.0,1.0,A01
201400002582,0,7,0,0.0,2.0,6.0,15.0,A01
201400002582,0,30,0,0.0,2.0,1.0,13.0,B02
201400002583,0,7,0,0.0,2.0,1.0,1.0,A01
201400002583,0,7,0,0.0,2.0,1.0,15.0,B02
201400002584,0,7,0,0.0,2.0,1.0,1.0,B02
201400002584,0,7,0,0.0,2.0,2.0,15.0,A01
201400002585,0,7,0,0.0,2.0,5.0,15.0,A01
201400002585,0,7,0,0.0,2.0,1.0,1.0,B02
201400002586,0,7,0,0.0,1.0,2.0,14.0,A01
201400002587,0,7,0,0.0,2.0,1.0,15.0,A01
201400002587,0,7,0,0.0,2.0,1.0,1.0,B02
201400002588,0,7,0,0.0,0.0,3.0,2.0,B02
201400002588,0,7,0,0.0,0.0,2.0,15.0,A01
201400002589,0,7,0,0.0,2.0,8.0,15.0,A01
201400002589,0,33,0,0.0,2.0,1.0,1.0,B02
201400002590,0,7,0,2.0,0.0,7.0,1.0,A01
201400002591,0,7,0,7.0,0.0,1.0,1.0,A01
201400002591,0,7,0,0.0,2.0,1.0,1.0,B02
201400002592,0,7,0,0.0,2.0,3.0,15.0,A01
201400002592,0,31,0,0.0,2.0,1.0,0.0,B02
201400002593,0,10,0,0.0,2.0,7.0,13.0,B02
201400002593,0,7,0,0.0,2.0,3.0,1.0,A01
201400002594,0,7,0,2.0,0.0,0.0,1.0,A01
201400002595,0,33,0,0.0,6.0,1.0,1.0,A01
201400002596,0,7,0,16.0,0.0,1.0,1.0,A01
201400002597,0,31,0,0.0,0.0,3.0,9.0,A01
201400002597,0,33,0,0.0,0.0,1.0,17.0,B02
201400002598,0,7,0,6.0,0.0,1.0,0.0,A01
201400002599,0,7,0,0.0,2.0,3.0,1.0,B02
201400002599,0,7,0,0.0,2.0,2.0,19.0,A01
201400002600,0,33,0,0.0,2.0,1.0,1.0,A01
201400002600,0,7,0,0.0,2.0,4.0,15.0,B02
201400002601,0,7,0,13.0,0.0,9.0,21.0,A01
201400002602,0,7,0,0.0,2.0,1.0,15.0,A01
201400002602,0,33,0,0.0,2.0,1.0,1.0,B02
201400002603,0,7,0,0.0,0.0,8.0,9.0,A01
201400002603,0,7,0,0.0,0.0,1.0,0.0,B02
201400002604,0,33,0,0.0,0.0,0.0,1.0,A01
201400002605,0,7,0,0.0,2.0,1.0,0.0,A01
201400002605,0,33,0,0.0,2.0,1.0,19.0,B02
201400002606,0,7,0,0.0,1.0,3.0,20.0,A01
201400002607,0,7,0,2.0,0.0,2.0,1.0,A01
201400002608,0,7,0,8.0,2.0,8.0,1.0,A01
201400002608,0,7,0,0.0,2.0,1.0,1.0,B02
201400002609,0,7,0,0.0,0.0,1.0,13.0,A01
201400002610,0,7,0,0.0,2.0,3.0,1.0,A01
201400002610,0,1,0,0.0,2.0,1.0,15.0,B02
201400002611,0,7,0,0.0,2.0,8.0,1.0,A01
201400002611,0,7,0,0.0,2.0,1.0,1.0,B02
201400002612,0,7,0,2.0,0.0,1.0,1.0,A01
201400002613,0,7,0,0.0,2.0,1.0,1.0,A01
201400002613,0,7,0,0.0,2.0,3.0,19.0,B02
201400002614,0,10,0,0.0,2.0,2.0,13.0,A01
201400002614,0,7,0,0.0,2.0,3.0,1.0,B02
201400002615,0,10,0,0.0,2.0,3.0,23.0,C03
201400002615,0,7,0,0.0,2.0,2.0,15.0,A01
201400002615,0,7,0,0.0,2.0,1.0,1.0,B02
201400002616,0,7,0,13.0,0.0,2.0,1.0,A01
201400002617,0,7,0,2.0,0.0,4.0,13.0,A01
201400002618,0,7,0,13.0,0.0,1.0,13.0,A01
201400002619,0,7,0,13.0,0.0,9.0,1.0,A01
201400002620,0,7,0,6.0,0.0,1.0,2.0,A01
201400002621,0,1,0,0.0,2.0,8.0,19.0,A01
201400002621,0,7,0,0.0,9.0,1.0,1.0,B02
201400002622,0,7,0,13.0,0.0,3.0,1.0,A01
201400002623,0,33,0,0.0,2.0,1.0,17.0,A01
201400002623,0,7,0,0.0,2.0,2.0,1.0,B02
201400002624,0,7,0,0.0,2.0,1.0,5.0,A01
201400002624,0,10,0,0.0,2.0,1.0,1.0,B02
201400002625,0,14,0,0.0,2.0,3.0,15.0,A01
201400002625,0,33,0,0.0,2.0,3.0,1.0,B02
201400002626,0,7,0,3.0,2.0,2.0,17.0,A01
201400002626,0,7,0,0.0,2.0,3.0,1.0,B02
201400002627,0,7,0,0.0,2.0,8.0,1.0,A01
201400002627,0,10,0,0.0,2.0,2.0,1.0,B02
201400002628,0,7,0,0.0,2.0,3.0,19.0,A01
201400002628,0,7,0,0.0,2.0,1.0,1.0,B02
201400002628,0,7,0,0.0,2.0,1.0,23.0,C03
201400002629,0,15,0,0.0,0.0,8.0,0.0,A01
201400002629,0,10,0,0.0,0.0,3.0,0.0,B02
201400002630,0,7,0,0.0,2.0,3.0,19.0,B02
201400002630,0,10,0,0.0,2.0,1.0,1.0,A01
201400002631,0,7,0,0.0,2.0,5.0,15.0,A01
201400002631,0,33,0,0.0,2.0,1.0,1.0,B02
201400002632,0,33,0,0.0,2.0,1.0,1.0,B02
201400002632,0,7,0,0.0,2.0,2.0,9.0,A01
201400002633,0,7,0,3.0,0.0,2.0,14.0,A01
201400002634,0,7,0,13.0,0.0,3.0,1.0,A01
201400002635,0,7,0,13.0,0.0,1.0,5.0,A01
201400002636,0,7,0,0.0,1.0,1.0,1.0,A01
201400002637,0,2,0,0.0,2.0,1.0,17.0,A01
201400002637,0,7,0,0.0,2.0,1.0,1.0,B02
201400002638,0,30,0,0.0,2.0,6.0,2.0,B02
201400002638,0,14,0,0.0,2.0,2.0,2.0,A01
201400002639,0,7,0,0.0,2.0,2.0,1.0,A01
201400002639,0,7,0,0.0,2.0,3.0,19.0,B02
201400002640,0,10,0,0.0,2.0,2.0,1.0,A01
201400002640,0,7,0,0.0,2.0,3.0,9.0,B02
201400002641,0,33,0,13.0,0.0,8.0,1.0,A01
201400002642,0,7,0,13.0,0.0,1.0,14.0,A01
201400002643,0,7,0,2.0,0.0,2.0,1.0,A01
201400002644,0,7,0,0.0,2.0,7.0,13.0,A01
201400002644,0,7,0,0.0,2.0,1.0,1.0,B02
201400002645,0,7,0,0.0,2.0,2.0,17.0,A01
201400002645,0,30,0,0.0,2.0,1.0,15.0,B02
201400002646,0,7,0,14.0,0.0,2.0,1.0,A01
201400002646,0,7,0,14.0,0.0,1.0,1.0,B02
201400002647,0,7,0,8.0,0.0,9.0,0.0,A01
201400002647,0,7,0,8.0,0.0,1.0,21.0,B02
201400002648,0,33,0,13.0,0.0,0.0,1.0,A01
201400002649,0,7,0,2.0,0.0,1.0,1.0,A01
201400002650,0,10,0,0.0,1.0,3.0,1.0,A01
201400002651,0,7,0,0.0,0.0,2.0,1.0,A01
201400002652,0,30,0,6.0,0.0,1.0,1.0,A01
201400002653,0,7,0,0.0,2.0,3.0,20.0,A01
201400002653,0,2,0,0.0,2.0,1.0,1.0,B02
201400002654,0,33,0,0.0,2.0,8.0,13.0,A01
201400002654,0,7,0,0.0,2.0,8.0,1.0,B02
201400002655,0,7,0,0.0,2.0,1.0,1.0,A01
201400002655,0,7,0,0.0,2.0,7.0,1.0,B02
201400002656,0,10,0,0.0,2.0,3.0,17.0,B02
201400002656,0,10,0,0.0,2.0,6.0,15.0,A01
201400002657,0,7,0,0.0,2.0,7.0,1.0,A01
201400002657,0,10,0,0.0,2.0,1.0,1.0,B02
201400002658,0,10,0,0.0,2.0,2.0,13.0,A01
201400002658,0,10,0,0.0,2.0,1.0,1.0,B02
201400002659,0,7,0,0.0,2.0,2.0,13.0,A01
201400002659,0,14,0,0.0,2.0,2.0,1.0,B02
201400002660,0,21,0,0.0,0.0,0.0,1.0,A01
201400002661,0,7,0,0.0,2.0,3.0,1.0,A01
201400002661,0,15,0,0.0,2.0,3.0,1.0,B02
201400002662,0,7,0,0.0,1.0,2.0,1.0,A01
201400002663,0,10,0,0.0,6.0,3.0,1.0,A01
201400002664,0,7,0,0.0,2.0,7.0,13.0,A01
201400002664,0,7,0,0.0,2.0,1.0,1.0,B02
201400002665,0,36,0,6.0,0.0,3.0,13.0,A01
201400002666,0,7,0,0.0,2.0,1.0,1.0,A01
201400002666,0,7,0,0.0,2.0,3.0,19.0,B02
201400002667,0,1,0,0.0,2.0,2.0,1.0,B02
201400002667,0,7,0,0.0,2.0,2.0,15.0,A01
201400002668,0,7,0,0.0,2.0,7.0,1.0,A01
201400002668,0,1,0,0.0,2.0,7.0,15.0,B02
201400002669,0,7,0,0.0,2.0,1.0,13.0,A01
201400002669,0,7,0,0.0,2.0,3.0,1.0,B02
201400002670,0,7,0,0.0,2.0,7.0,19.0,B02
201400002670,0,7,0,0.0,2.0,1.0,1.0,A01
201400002671,0,7,0,0.0,2.0,3.0,5.0,A01
201400002671,0,33,0,0.0,2.0,1.0,1.0,B02
201400002672,0,7,0,0.0,2.0,8.0,1.0,A01
201400002672,0,3,0,0.0,2.0,3.0,19.0,B02
201400002673,0,14,0,0.0,2.0,1.0,1.0,A01
201400002673,0,10,0,0.0,2.0,1.0,1.0,B02
201400002674,0,7,0,6.0,0.0,2.0,1.0,A01
201400002675,0,7,0,16.0,0.0,1.0,14.0,A01
201400002676,0,7,0,2.0,0.0,8.0,1.0,A01
201400002677,0,7,0,0.0,2.0,1.0,1.0,B02
201400002677,0,7,0,0.0,2.0,8.0,6.0,A01
201400002678,0,7,0,0.0,2.0,3.0,1.0,A01
201400002678,0,10,0,0.0,2.0,2.0,12.0,B02
201400002679,0,7,0,0.0,0.0,1.0,1.0,A01
201400002680,0,31,0,0.0,0.0,1.0,1.0,A01
201400002681,0,7,0,0.0,1.0,3.0,15.0,A01
201400002682,0,7,0,2.0,0.0,8.0,1.0,A01
201400002683,0,7,0,13.0,0.0,1.0,1.0,A01
201400002684,0,7,0,0.0,2.0,6.0,15.0,A01
201400002684,0,10,0,0.0,2.0,3.0,1.0,B02
201400002685,0,33,0,0.0,2.0,3.0,1.0,A01
201400002685,0,99,0,0.0,2.0,3.0,1.0,B02
201400002686,0,2,0,8.0,0.0,2.0,1.0,A01
201400002687,0,2,0,0.0,2.0,2.0,1.0,B02
201400002687,0,7,0,0.0,2.0,3.0,15.0,A01
201400002688,0,30,0,0.0,0.0,7.0,15.0,A01
201400002689,0,7,0,0.0,0.0,0.0,0.0,A01
201400002689,0,7,0,0.0,0.0,0.0,0.0,B02
201400002690,0,21,0,0.0,0.0,1.0,1.0,A01
201400002691,0,7,0,0.0,1.0,3.0,1.0,A01
201400002692,0,7,0,0.0,2.0,3.0,1.0,A01
201400002692,0,7,0,0.0,2.0,3.0,1.0,B02
201400002693,0,7,0,2.0,0.0,9.0,1.0,A01
201400002694,0,10,0,1.0,0.0,5.0,1.0,A01
201400002694,0,7,0,0.0,2.0,8.0,24.0,B02
201400002695,0,7,0,0.0,1.0,8.0,1.0,A01
201400002696,0,7,0,0.0,0.0,2.0,13.0,B02
201400002696,0,30,0,0.0,0.0,3.0,15.0,A01
201400002697,0,14,0,16.0,0.0,8.0,1.0,A01
201400002698,0,33,0,0.0,2.0,1.0,1.0,B02
201400002698,0,33,0,0.0,2.0,1.0,1.0,A01
201400002698,0,7,0,0.0,2.0,3.0,1.0,C03
201400002699,0,33,0,12.0,0.0,8.0,13.0,A01
201400002700,0,7,0,0.0,2.0,3.0,13.0,A01
201400002700,0,33,0,0.0,2.0,3.0,1.0,B02
201400002701,0,7,0,13.0,0.0,3.0,14.0,A01
201400002702,0,10,0,0.0,2.0,1.0,13.0,A01
201400002702,0,7,0,0.0,2.0,1.0,1.0,B02
201400002703,0,33,0,0.0,2.0,8.0,5.0,C03
201400002703,0,7,0,0.0,2.0,6.0,2.0,D04
201400002703,0,7,0,0.0,2.0,5.0,2.0,B02
201400002703,0,7,0,0.0,2.0,1.0,2.0,A01
201400002704,0,7,0,0.0,2.0,1.0,13.0,A01
201400002704,0,7,0,0.0,2.0,1.0,1.0,B02
201400002705,0,10,0,0.0,2.0,2.0,15.0,A01
201400002705,0,33,0,0.0,2.0,1.0,1.0,B02
201400002706,0,7,0,13.0,0.0,2.0,14.0,A01
201400002707,0,7,0,0.0,1.0,2.0,1.0,A01
201400002708,0,1,0,0.0,2.0,1.0,2.0,B02
201400002708,0,7,0,0.0,2.0,2.0,2.0,A01
201400002709,0,7,0,2.0,0.0,3.0,13.0,A01
201400002710,0,7,0,0.0,2.0,1.0,0.0,B02
201400002710,0,10,0,0.0,2.0,3.0,15.0,A01
201400002711,0,7,0,2.0,6.0,3.0,1.0,A01
201400002712,0,7,0,0.0,2.0,2.0,15.0,A01
201400002712,0,7,0,0.0,2.0,1.0,1.0,B02
201400002713,0,7,0,0.0,2.0,2.0,15.0,A01
201400002713,0,31,0,0.0,2.0,3.0,1.0,B02
201400002714,0,10,0,0.0,2.0,1.0,13.0,A01
201400002714,0,17,0,0.0,2.0,3.0,1.0,B02
201400002714,0,10,0,0.0,2.0,1.0,1.0,C03
201400002715,0,7,0,13.0,0.0,1.0,19.0,A01
201400002716,0,10,0,0.0,2.0,1.0,19.0,B02
201400002716,0,10,0,0.0,2.0,7.0,1.0,A01
201400002717,0,7,0,2.0,0.0,1.0,1.0,A01
201400002718,0,7,0,0.0,2.0,1.0,17.0,A01
201400002718,0,31,0,0.0,2.0,1.0,1.0,B02
201400002719,0,10,0,2.0,0.0,1.0,19.0,A01
201400002720,0,7,0,0.0,1.0,6.0,4.0,A01
201400002721,0,7,0,3.0,0.0,1.0,14.0,A01
201400002722,1,17,0,0.0,2.0,5.0,2.0,A01
201400002722,0,1,0,0.0,2.0,8.0,1.0,B02
201400002723,0,33,0,0.0,1.0,1.0,1.0,A01
201400002724,0,7,0,0.0,2.0,2.0,13.0,A01
201400002724,0,7,0,0.0,2.0,3.0,1.0,B02
201400002725,0,7,0,12.0,0.0,1.0,1.0,A01
201400002726,0,7,0,0.0,4.0,3.0,1.0,A01
201400002726,0,39,1,0.0,2.0,2.0,1.0,B02
201400002727,0,33,0,15.0,0.0,1.0,1.0,A01
201400002728,0,7,0,2.0,0.0,1.0,1.0,A01
201400002729,0,7,0,0.0,2.0,6.0,15.0,A01
201400002729,0,2,0,0.0,2.0,1.0,17.0,B02
201400002730,0,7,0,0.0,2.0,1.0,13.0,A01
201400002730,0,7,0,0.0,2.0,1.0,1.0,B02
201400002731,0,7,0,2.0,0.0,7.0,1.0,A01
201400002732,0,10,0,0.0,2.0,3.0,1.0,A01
201400002732,0,7,0,0.0,2.0,3.0,1.0,B02
201400002732,0,17,0,0.0,2.0,8.0,1.0,C03
201400002732,0,7,0,0.0,2.0,8.0,1.0,D04
201400002733,0,7,0,0.0,2.0,3.0,10.0,A01
201400002733,0,33,0,0.0,2.0,1.0,1.0,B02
201400002734,0,7,0,0.0,2.0,1.0,1.0,A01
201400002734,0,7,0,0.0,2.0,1.0,1.0,B02
201400002735,0,7,0,0.0,1.0,3.0,1.0,A01
201400002736,0,30,0,8.0,0.0,1.0,1.0,A01
201400002737,0,7,0,1.0,1.0,1.0,2.0,A01
201400002738,0,30,0,0.0,0.0,0.0,1.0,A01
201400002739,0,33,0,0.0,2.0,1.0,1.0,A01
201400002739,0,7,0,0.0,2.0,3.0,15.0,B02
201400002740,0,7,0,0.0,2.0,7.0,1.0,A01
201400002740,0,1,0,0.0,2.0,1.0,19.0,B02
201400002741,0,7,0,0.0,2.0,6.0,10.0,A01
201400002741,0,33,0,0.0,2.0,1.0,2.0,B02
201400002742,0,33,0,0.0,2.0,1.0,1.0,B02
201400002742,0,7,0,0.0,2.0,3.0,19.0,A01
201400002743,0,7,0,0.0,2.0,3.0,15.0,A01
201400002743,0,2,0,0.0,2.0,1.0,1.0,B02
201400002744,0,7,0,2.0,0.0,1.0,1.0,A01
201400002745,0,7,0,0.0,2.0,2.0,13.0,A01
201400002745,0,7,0,0.0,2.0,1.0,1.0,B02
201400002745,0,7,0,0.0,2.0,2.0,1.0,C03
201400002746,0,7,0,0.0,2.0,1.0,1.0,A01
201400002746,0,7,0,0.0,2.0,7.0,19.0,B02
201400002747,0,7,0,0.0,2.0,7.0,17.0,A01
201400002747,0,30,0,0.0,2.0,8.0,15.0,B02
201400002748,0,7,0,0.0,2.0,3.0,1.0,B02
201400002748,0,30,0,0.0,2.0,8.0,1.0,A01
201400002749,0,14,0,14.0,2.0,1.0,1.0,A01
201400002749,0,15,0,0.0,0.0,0.0,23.0,B02
201400002750,0,10,0,0.0,2.0,3.0,19.0,A01
201400002750,0,7,0,0.0,2.0,7.0,1.0,B02
201400002751,0,7,0,0.0,2.0,3.0,13.0,A01
201400002751,0,7,0,0.0,0.0,3.0,1.0,B02
201400002752,0,7,0,0.0,2.0,1.0,17.0,A01
201400002752,0,7,0,0.0,0.0,6.0,15.0,B02
201400002753,0,7,0,6.0,0.0,1.0,13.0,A01
201400002754,0,30,0,0.0,6.0,1.0,1.0,A01
201400002755,0,7,0,0.0,0.0,7.0,14.0,A01
201400002756,0,7,0,13.0,0.0,1.0,1.0,A01
201400002757,0,7,0,0.0,1.0,2.0,1.0,A01
201400002758,0,7,0,0.0,2.0,3.0,13.0,A01
201400002758,0,14,0,0.0,2.0,3.0,1.0,B02
201400002759,0,7,0,0.0,2.0,3.0,13.0,A01
201400002759,0,20,0,0.0,2.0,8.0,1.0,B02
201400002760,0,7,0,13.0,0.0,9.0,0.0,A01
201400002761,0,33,0,0.0,2.0,1.0,17.0,A01
201400002761,0,7,0,0.0,2.0,8.0,15.0,B02
201400002762,0,33,0,0.0,2.0,1.0,1.0,A01
201400002762,0,21,0,0.0,2.0,5.0,15.0,B02
201400002763,0,7,0,0.0,2.0,1.0,13.0,A01
201400002763,0,33,0,0.0,2.0,1.0,1.0,B02
201400002764,0,33,0,0.0,2.0,1.0,17.0,A01
201400002764,0,7,0,0.0,2.0,8.0,15.0,B02
201400002765,0,30,0,0.0,9.0,7.0,14.0,A01
201400002766,0,7,0,2.0,0.0,1.0,14.0,A01
201400002767,0,33,0,0.0,1.0,1.0,19.0,A01
201400002768,0,30,0,7.0,0.0,0.0,0.0,A01
201400002769,0,7,0,0.0,0.0,3.0,9.0,A01
201400002769,0,30,0,0.0,2.0,2.0,1.0,B02
201400002770,0,33,0,0.0,2.0,7.0,1.0,A01
201400002770,0,7,0,0.0,2.0,2.0,15.0,B02
201400002771,0,7,0,0.0,1.0,2.0,1.0,A01
201400002772,0,30,0,3.0,0.0,8.0,13.0,A01
201400002773,0,7,0,0.0,2.0,8.0,1.0,A01
201400002773,0,7,0,0.0,2.0,2.0,1.0,B02
201400002774,0,7,0,0.0,1.0,1.0,1.0,A01
201400002775,0,31,0,0.0,0.0,0.0,1.0,A01
201400002776,0,7,0,13.0,0.0,1.0,1.0,A01
201400002777,0,33,0,0.0,2.0,1.0,13.0,A01
201400002777,0,7,0,0.0,2.0,1.0,0.0,B02
201400002778,0,30,0,0.0,2.0,1.0,17.0,A01
201400002778,0,7,0,0.0,2.0,3.0,15.0,B02
201400002779,0,7,0,0.0,0.0,8.0,19.0,A01
201400002779,0,34,0,0.0,2.0,1.0,1.0,B02
201400002780,0,33,0,0.0,2.0,1.0,17.0,A01
201400002780,0,33,0,0.0,2.0,1.0,1.0,B02
201400002780,0,7,0,0.0,2.0,8.0,11.0,C03
201400002781,0,7,0,0.0,0.0,7.0,15.0,A01
201400002781,0,2,0,0.0,2.0,1.0,1.0,B02
201400002782,0,1,0,0.0,2.0,1.0,19.0,A01
201400002782,0,7,0,0.0,2.0,7.0,1.0,B02
201400002783,0,7,0,3.0,2.0,0.0,13.0,A01
201400002783,0,14,0,3.0,2.0,1.0,21.0,B02
201400002783,0,7,0,0.0,2.0,2.0,21.0,C03
201400002784,0,7,0,0.0,2.0,3.0,0.0,B02
201400002784,0,34,0,0.0,2.0,3.0,0.0,A01
201400002785,0,7,0,0.0,2.0,2.0,13.0,A01
201400002785,0,7,0,0.0,2.0,1.0,0.0,B02
201400002786,0,7,0,0.0,2.0,2.0,0.0,A01
201400002786,0,33,0,0.0,2.0,1.0,0.0,B02
201400002787,0,33,0,0.0,2.0,1.0,13.0,A01
201400002787,0,7,0,0.0,2.0,6.0,0.0,B02
201400002788,0,7,0,10.0,0.0,3.0,1.0,A01
201400002789,0,7,0,0.0,2.0,3.0,13.0,A01
201400002789,0,7,0,0.0,2.0,1.0,1.0,B02
201400002790,0,7,0,0.0,0.0,9.0,1.0,A01
201400002791,0,7,0,2.0,0.0,1.0,14.0,A01
201400002792,0,7,0,0.0,0.0,3.0,2.0,A01
201400002792,0,7,0,0.0,0.0,5.0,0.0,B02
201400002793,0,33,0,2.0,0.0,0.0,1.0,A01
201400002794,0,7,0,0.0,2.0,2.0,15.0,A01
201400002794,0,7,0,0.0,2.0,2.0,1.0,B02
201400002795,0,15,0,0.0,2.0,6.0,20.0,A01
201400002795,0,7,0,0.0,2.0,3.0,2.0,B02
201400002796,0,7,0,0.0,2.0,1.0,1.0,A01
201400002796,0,10,0,0.0,2.0,3.0,1.0,B02
201400002797,0,7,0,0.0,2.0,1.0,21.0,B02
201400002797,0,3,0,0.0,2.0,3.0,0.0,A01
201400002798,0,7,0,0.0,2.0,1.0,0.0,A01
201400002798,0,7,0,0.0,2.0,3.0,0.0,B02
201400002799,0,7,0,0.0,2.0,1.0,1.0,A01
201400002799,0,7,0,0.0,2.0,7.0,19.0,B02
201400002800,0,7,0,0.0,2.0,0.0,2.0,B02
201400002800,0,7,0,0.0,2.0,0.0,15.0,A01
201400002801,0,7,0,0.0,1.0,1.0,1.0,A01
201400002802,0,7,0,0.0,2.0,2.0,17.0,A01
201400002802,0,2,0,0.0,2.0,6.0,13.0,B02
201400002803,0,7,0,0.0,1.0,3.0,15.0,A01
201400002804,0,2,0,0.0,2.0,1.0,13.0,A01
201400002804,0,7,0,0.0,2.0,3.0,1.0,B02
201400002805,0,7,0,6.0,0.0,1.0,1.0,A01
201400002806,0,33,0,0.0,2.0,3.0,1.0,A01
201400002806,0,7,0,0.0,2.0,3.0,1.0,B02
201400002807,0,7,0,0.0,1.0,1.0,15.0,A01
201400002808,0,7,0,0.0,2.0,3.0,9.0,A01
201400002808,0,7,0,0.0,2.0,1.0,1.0,B02
201400002809,0,7,0,6.0,0.0,1.0,17.0,A01
201400002810,0,7,0,0.0,2.0,3.0,13.0,A01
201400002810,0,7,0,0.0,2.0,3.0,1.0,B02
201400002811,0,7,0,0.0,2.0,1.0,13.0,A01
201400002811,0,7,0,0.0,2.0,1.0,1.0,B02
201400002812,0,7,0,0.0,0.0,2.0,1.0,A01
201400002813,0,7,0,13.0,0.0,1.0,1.0,A01
201400002814,0,7,0,2.0,0.0,8.0,13.0,A01
201400002815,0,33,0,0.0,0.0,8.0,1.0,A01
201400002816,0,7,0,0.0,0.0,3.0,9.0,A01
201400002816,0,14,0,6.0,1.0,1.0,1.0,B02
201400002817,0,7,0,0.0,2.0,3.0,15.0,A01
201400002817,0,1,0,0.0,2.0,1.0,1.0,B02
201400002818,0,7,0,0.0,9.0,2.0,2.0,B02
201400002818,0,1,0,0.0,2.0,1.0,1.0,A01
201400002819,0,7,0,0.0,2.0,1.0,15.0,A01