Num_Acc,senc,catv,occutc,obs,obsm,choc,manv,num_veh
201400002819,0,33,0,0.0,2.0,3.0,1.0,B02
201400002820,0,35,0,0.0,2.0,7.0,1.0,A01
201400002820,0,7,0,0.0,0.0,8.0,1.0,B02
201400002821,0,7,0,0.0,2.0,1.0,1.0,B02
201400002821,0,7,0,0.0,2.0,1.0,5.0,A01
201400002822,0,10,0,0.0,2.0,8.0,1.0,B02
201400002822,0,7,0,0.0,2.0,8.0,13.0,A01
201400002822,0,10,0,0.0,2.0,3.0,1.0,C03
201400002823,0,7,0,0.0,9.0,1.0,1.0,B02
201400002823,0,7,0,2.0,2.0,8.0,17.0,A01
201400002824,0,10,0,0.0,2.0,2.0,1.0,B02
201400002824,0,31,0,0.0,2.0,8.0,19.0,A01
201400002825,0,33,0,0.0,2.0,1.0,17.0,A01
201400002825,0,10,0,0.0,2.0,3.0,15.0,B02
201400002826,0,7,0,0.0,2.0,3.0,1.0,B02
201400002826,0,2,0,0.0,2.0,1.0,13.0,A01
201400002827,0,1,0,0.0,2.0,2.0,1.0,B02
201400002827,0,7,0,0.0,2.0,1.0,15.0,A01
201400002828,0,7,0,0.0,0.0,0.0,0.0,A01
201400002828,0,7,0,0.0,2.0,1.0,1.0,B02
201400002829,0,99,0,1.0,0.0,1.0,13.0,A01
201400002829,0,7,0,0.0,2.0,1.0,24.0,B02
201400002830,0,7,0,0.0,2.0,8.0,9.0,A01
201400002830,0,33,0,0.0,2.0,1.0,1.0,B02
201400002831,0,7,0,0.0,0.0,9.0,1.0,A01
201400002832,0,30,0,0.0,2.0,1.0,1.0,A01
201400002832,0,7,0,0.0,2.0,3.0,9.0,B02
201400002833,0,7,0,0.0,2.0,1.0,15.0,A01
201400002833,0,1,0,0.0,2.0,1.0,1.0,B02
201400002834,0,7,0,0.0,2.0,5.0,1.0,A01
201400002834,0,7,0,0.0,2.0,1.0,1.0,B02
201400002835,0,31,0,0.0,2.0,1.0,1.0,B02
201400002835,0,7,0,0.0,2.0,2.0,15.0,A01
201400002836,0,7,0,0.0,2.0,3.0,19.0,A01
201400002836,0,7,0,0.0,2.0,1.0,1.0,B02
201400002837,0,7,0,10.0,0.0,1.0,1.0,A01
201400002838,0,33,0,0.0,0.0,0.0,1.0,A01
201400002839,0,1,0,0.0,0.0,0.0,1.0,A01
201400002840,0,10,0,0.0,2.0,3.0,1.0,A01
201400002840,0,30,0,0.0,0.0,5.0,15.0,B02
201400002841,0,33,0,0.0,6.0,1.0,1.0,A01
201400002842,0,1,0,0.0,2.0,8.0,15.0,B02
201400002842,0,7,0,0.0,2.0,2.0,2.0,A01
201400002843,0,33,0,0.0,2.0,1.0,1.0,B02
201400002843,0,10,0,0.0,2.0,5.0,15.0,A01
201400002844,0,7,0,0.0,2.0,3.0,15.0,A01
201400002844,0,7,0,0.0,2.0,2.0,1.0,B02
201400002845,0,7,0,0.0,2.0,1.0,5.0,B02
201400002845,0,7,0,0.0,2.0,1.0,1.0,A01
201400002846,2,7,0,0.0,2.0,3.0,10.0,A01
201400002846,0,33,0,0.0,2.0,7.0,1.0,B02
201400002847,0,33,0,0.0,0.0,0.0,1.0,A01
201400002848,0,14,0,0.0,2.0,3.0,1.0,B02
201400002848,0,7,0,0.0,2.0,3.0,1.0,A01
201400002849,0,33,0,0.0,2.0,1.0,1.0,A01
201400002849,0,7,0,0.0,0.0,6.0,9.0,B02
201400002850,0,33,0,8.0,0.0,1.0,1.0,A01
201400002851,0,7,0,0.0,2.0,2.0,1.0,B02
201400002851,0,7,0,0.0,2.0,4.0,4.0,A01
201400002852,0,7,0,0.0,2.0,3.0,1.0,B02
201400002852,0,10,0,0.0,2.0,3.0,13.0,A01
201400002853,0,7,0,0.0,1.0,8.0,17.0,A01
201400002854,0,7,0,0.0,2.0,1.0,1.0,A01
201400002854,0,7,0,0.0,2.0,2.0,19.0,B02
201400002855,0,33,0,0.0,2.0,7.0,1.0,B02
201400002855,0,10,0,0.0,2.0,3.0,15.0,A01
201400002856,0,2,0,0.0,2.0,1.0,1.0,B02
201400002856,0,7,0,0.0,0.0,8.0,19.0,A01
201400002857,0,7,0,0.0,2.0,1.0,13.0,A01
201400002857,0,14,0,0.0,2.0,3.0,0.0,B02
201400002858,0,7,0,0.0,2.0,1.0,19.0,B02
201400002858,0,7,0,0.0,2.0,7.0,1.0,A01
201400002859,0,10,0,0.0,2.0,5.0,19.0,A01
201400002859,0,2,0,0.0,2.0,1.0,2.0,B02
201400002860,0,10,0,16.0,0.0,1.0,1.0,A01
201400002861,0,17,0,0.0,2.0,1.0,1.0,A01
201400002861,0,7,0,0.0,2.0,4.0,15.0,B02
201400002862,0,7,0,0.0,2.0,8.0,5.0,A01
201400002862,0,7,0,0.0,2.0,1.0,1.0,B02
201400002863,0,7,0,13.0,0.0,3.0,1.0,A01
201400002864,0,7,0,3.0,0.0,8.0,13.0,A01
201400002865,0,7,0,0.0,0.0,1.0,1.0,A01
201400002866,0,7,0,2.0,0.0,1.0,1.0,A01
201400002867,0,7,0,2.0,0.0,1.0,1.0,A01
201400002868,0,33,0,0.0,2.0,7.0,17.0,A01
201400002868,0,7,0,0.0,0.0,8.0,15.0,B02
201400002869,0,7,0,2.0,0.0,8.0,13.0,A01
201400002870,0,10,0,2.0,2.0,0.0,17.0,A01
201400002871,0,7,0,2.0,0.0,2.0,14.0,A01
201400002872,1,7,0,0.0,0.0,0.0,0.0,A01
201400002872,0,1,0,0.0,0.0,4.0,1.0,B02
201400002873,0,10,0,0.0,0.0,9.0,1.0,A01
201400002874,0,14,0,0.0,2.0,7.0,9.0,A01
201400002874,0,14,0,0.0,2.0,1.0,1.0,B02
201400002875,0,7,0,6.0,0.0,8.0,1.0,A01
201400002876,0,7,0,0.0,2.0,2.0,15.0,A01
201400002876,0,33,0,0.0,2.0,1.0,1.0,B02
201400002877,0,1,0,0.0,0.0,4.0,1.0,B02
201400002877,0,7,0,0.0,2.0,2.0,1.0,A01
201400002878,0,7,0,0.0,2.0,3.0,1.0,B02
201400002878,0,15,0,0.0,2.0,8.0,1.0,A01
201400002879,0,15,0,0.0,2.0,3.0,1.0,A01
201400002879,0,7,0,0.0,2.0,8.0,19.0,B02
201400002880,0,33,0,0.0,0.0,8.0,1.0,A01
201400002881,0,7,0,0.0,2.0,2.0,1.0,E05
201400002881,0,7,0,0.0,2.0,6.0,1.0,C03
201400002881,0,7,0,0.0,2.0,4.0,1.0,B02
201400002881,0,7,0,0.0,2.0,6.0,13.0,A01
201400002881,0,7,0,0.0,2.0,1.0,1.0,D04
201400002882,0,7,0,6.0,0.0,1.0,1.0,A01
201400002883,0,10,0,13.0,0.0,3.0,13.0,A01
201400002884,0,33,0,0.0,0.0,2.0,1.0,A01
201400002885,0,7,0,0.0,2.0,3.0,13.0,A01
201400002885,0,17,0,0.0,2.0,6.0,1.0,B02
201400002886,0,33,0,0.0,2.0,1.0,1.0,A01
201400002886,0,7,0,0.0,2.0,8.0,19.0,B02
201400002887,0,7,0,0.0,2.0,1.0,15.0,A01
201400002887,0,2,0,0.0,2.0,8.0,1.0,B02
201400002888,0,7,0,0.0,2.0,8.0,16.0,A01
201400002888,0,7,0,0.0,2.0,2.0,1.0,B02
201400002889,0,33,0,2.0,0.0,8.0,2.0,A01
201400002890,0,7,0,0.0,0.0,3.0,13.0,A01
201400002890,0,7,0,0.0,2.0,3.0,1.0,B02
201400002891,0,2,0,13.0,0.0,1.0,21.0,A01
201400002892,0,10,0,0.0,2.0,2.0,1.0,B02
201400002892,0,7,0,0.0,2.0,2.0,5.0,A01
201400002893,0,20,0,0.0,2.0,1.0,10.0,A01
201400002893,0,7,0,0.0,2.0,1.0,1.0,B02
201400002894,0,7,0,0.0,2.0,1.0,13.0,A01
201400002894,0,7,0,0.0,2.0,1.0,1.0,B02
201400002895,0,30,0,2.0,0.0,1.0,1.0,A01
201400002896,0,1,0,0.0,2.0,7.0,6.0,B02
201400002896,0,7,0,0.0,2.0,3.0,9.0,A01
201400002897,0,21,0,0.0,0.0,0.0,1.0,A01
201400002898,0,1,0,13.0,0.0,0.0,1.0,A01
201400002899,0,33,0,0.0,2.0,8.0,13.0,A01
201400002899,0,33,0,0.0,2.0,8.0,2.0,B02
201400002900,0,33,0,0.0,0.0,8.0,1.0,A01
201400002901,0,7,0,0.0,2.0,1.0,0.0,A01
201400002901,0,7,0,0.0,0.0,4.0,0.0,B02
201400002902,0,31,0,0.0,0.0,0.0,0.0,A01
201400002903,0,7,0,8.0,0.0,2.0,1.0,A01
201400002904,0,21,0,0.0,1.0,1.0,1.0,A01
201400002905,0,7,0,0.0,2.0,3.0,19.0,B02
201400002905,0,33,0,0.0,0.0,8.0,1.0,A01
201400002906,0,21,0,15.0,0.0,2.0,1.0,A01
201400002907,0,7,0,2.0,0.0,7.0,1.0,A01
201400002908,0,7,0,2.0,0.0,1.0,1.0,A01
201400002909,0,10,0,3.0,2.0,1.0,1.0,B02
201400002909,0,7,0,3.0,2.0,7.0,1.0,A01
201400002910,0,2,0,12.0,0.0,2.0,14.0,A01
201400002911,0,7,0,7.0,2.0,3.0,19.0,A01
201400002911,0,7,0,7.0,2.0,1.0,13.0,B02
201400002912,0,7,0,0.0,0.0,9.0,1.0,A01
201400002913,0,7,0,6.0,0.0,2.0,1.0,A01
201400002914,0,33,0,0.0,6.0,1.0,1.0,A01
201400002915,0,7,0,0.0,9.0,1.0,1.0,B02
201400002915,0,1,0,0.0,2.0,7.0,2.0,A01
201400002916,0,7,0,2.0,0.0,8.0,1.0,A01
201400002917,0,7,0,0.0,2.0,1.0,1.0,A01
201400002917,0,7,0,0.0,2.0,1.0,15.0,B02
201400002918,0,32,0,1.0,0.0,1.0,1.0,A01
201400002919,0,30,0,0.0,2.0,1.0,1.0,B02
201400002919,0,7,0,0.0,2.0,1.0,1.0,A01
201400002920,0,30,0,0.0,2.0,1.0,19.0,A01
201400002920,0,7,0,0.0,2.0,7.0,1.0,B02
201400002921,0,7,0,0.0,2.0,1.0,1.0,A01
201400002921,0,7,0,0.0,2.0,1.0,1.0,B02
201400002922,0,10,0,0.0,0.0,7.0,1.0,A01
201400002923,0,7,0,0.0,2.0,1.0,5.0,B02
201400002923,0,1,0,0.0,2.0,1.0,19.0,A01
201400002924,0,35,0,0.0,2.0,1.0,1.0,A01
201400002924,0,7,0,0.0,2.0,8.0,1.0,B02
201400002925,0,7,0,0.0,2.0,1.0,1.0,B02
201400002925,0,7,0,0.0,2.0,1.0,1.0,A01
201400002926,0,33,0,12.0,0.0,1.0,1.0,A01
201400002927,0,7,0,0.0,1.0,2.0,21.0,A01
201400002928,0,7,0,0.0,0.0,3.0,1.0,B02
201400002928,0,7,0,0.0,0.0,2.0,15.0,A01
201400002929,0,7,0,0.0,2.0,3.0,15.0,A01
201400002929,0,30,0,0.0,2.0,1.0,1.0,B02
201400002930,0,31,0,0.0,0.0,1.0,1.0,A01
201400002931,0,1,0,0.0,2.0,4.0,2.0,B02
201400002931,1,10,0,0.0,2.0,1.0,2.0,A01
201400002932,0,7,0,0.0,2.0,3.0,15.0,A01
201400002932,0,30,0,0.0,2.0,3.0,1.0,B02
201400002933,0,7,0,3.0,2.0,1.0,1.0,B02
201400002933,0,15,0,13.0,2.0,8.0,1.0,A01
201400002934,0,7,0,0.0,2.0,3.0,15.0,A01
201400002934,0,33,0,0.0,2.0,3.0,21.0,B02
201400002935,0,10,0,6.0,0.0,3.0,1.0,A01
201400002936,0,7,0,2.0,0.0,2.0,1.0,A01
201400002937,0,7,0,0.0,2.0,7.0,13.0,A01
201400002937,0,2,0,0.0,2.0,1.0,13.0,B02
201400002938,0,7,0,0.0,2.0,7.0,15.0,A01
201400002938,0,7,0,0.0,2.0,1.0,1.0,B02
201400002939,0,7,0,0.0,0.0,9.0,1.0,A01
201400002940,0,7,0,2.0,0.0,1.0,1.0,A01
201400002941,0,7,0,8.0,0.0,5.0,1.0,A01
201400002942,0,2,0,0.0,2.0,7.0,0.0,B02
201400002942,0,7,0,0.0,2.0,8.0,16.0,A01
201400002943,0,7,0,0.0,2.0,3.0,0.0,B02
201400002943,0,7,0,0.0,2.0,1.0,1.0,A01
201400002944,0,10,0,0.0,1.0,2.0,21.0,A01
201400002945,0,7,0,0.0,1.0,2.0,1.0,A01
201400002946,0,10,0,8.0,0.0,2.0,1.0,A01
201400002947,0,33,0,0.0,0.0,8.0,1.0,A01
201400002948,0,7,0,0.0,0.0,7.0,16.0,A01
201400002949,0,10,0,0.0,0.0,1.0,15.0,A01
201400002950,0,7,0,0.0,2.0,1.0,1.0,A01
201400002950,0,7,0,0.0,2.0,1.0,1.0,B02
201400002951,0,7,0,0.0,2.0,1.0,1.0,A01
201400002951,0,7,0,0.0,2.0,8.0,1.0,B02
201400002952,0,33,0,0.0,2.0,0.0,13.0,A01
201400002952,0,7,0,0.0,2.0,1.0,1.0,B02
201400002953,0,7,0,5.0,2.0,3.0,1.0,B02
201400002953,0,7,0,0.0,2.0,3.0,13.0,A01
201400002954,0,10,0,0.0,0.0,2.0,19.0,A01
201400002954,0,30,0,0.0,0.0,1.0,1.0,B02
201400002955,0,33,0,7.0,0.0,1.0,14.0,A01
201400002956,0,14,0,0.0,2.0,3.0,13.0,A01
201400002956,0,17,0,0.0,2.0,3.0,21.0,B02
201400002957,0,21,0,13.0,0.0,8.0,13.0,A01
201400002958,0,31,0,0.0,2.0,7.0,1.0,B02
201400002958,0,7,0,0.0,2.0,2.0,5.0,A01
201400002959,0,33,0,0.0,0.0,1.0,1.0,A01
201400002959,0,21,0,0.0,0.0,6.0,1.0,B02
201400002960,0,31,0,0.0,2.0,0.0,21.0,A01
201400002961,0,7,0,0.0,1.0,3.0,1.0,A01
201400002962,0,7,0,0.0,2.0,1.0,1.0,B02
201400002962,0,7,0,0.0,2.0,5.0,13.0,A01
201400002963,0,7,0,0.0,1.0,1.0,15.0,A01
201400002964,0,7,0,0.0,2.0,1.0,13.0,A01
201400002964,0,7,0,0.0,2.0,3.0,21.0,B02
201400002965,0,30,0,0.0,2.0,1.0,1.0,A01
201400002965,0,30,0,0.0,2.0,8.0,10.0,B02
201400002966,0,7,0,6.0,0.0,1.0,13.0,A01
201400002967,0,7,0,0.0,2.0,5.0,15.0,A01
201400002967,0,33,0,0.0,2.0,1.0,1.0,C03
201400002967,0,33,0,0.0,2.0,1.0,1.0,B02
201400002968,0,10,0,0.0,2.0,1.0,2.0,B02
201400002968,0,7,0,0.0,1.0,1.0,1.0,A01
201400002969,0,7,0,0.0,2.0,3.0,1.0,B02
201400002969,0,10,0,0.0,2.0,2.0,1.0,A01
201400002970,0,7,0,0.0,2.0,3.0,1.0,A01
201400002970,0,7,0,0.0,2.0,3.0,1.0,B02
201400002971,0,7,0,0.0,2.0,1.0,1.0,B02
201400002971,0,7,0,0.0,2.0,1.0,6.0,A01
201400002972,0,33,0,0.0,2.0,1.0,1.0,B02
201400002972,0,7,0,0.0,2.0,5.0,15.0,A01
201400002973,0,7,0,0.0,2.0,7.0,1.0,B02
201400002973,0,7,0,0.0,2.0,1.0,13.0,A01
201400002973,0,7,0,0.0,2.0,2.0,1.0,C03
201400002974,0,7,0,0.0,1.0,1.0,15.0,A01
201400002975,0,10,0,13.0,0.0,2.0,1.0,A01
201400002976,0,10,0,0.0,2.0,1.0,13.0,A01
201400002976,0,10,0,0.0,2.0,3.0,1.0,B02
201400002977,0,7,0,0.0,1.0,2.0,1.0,A01
201400002978,0,7,0,0.0,2.0,3.0,1.0,B02
201400002978,0,7,0,0.0,2.0,3.0,1.0,A01
201400002979,0,7,0,0.0,2.0,3.0,5.0,A01
201400002979,0,7,0,0.0,2.0,3.0,1.0,B02
201400002980,0,1,0,0.0,0.0,0.0,2.0,A01
201400002981,0,33,0,6.0,0.0,1.0,17.0,A01
201400002982,0,1,0,0.0,2.0,1.0,13.0,B02
201400002982,0,7,0,0.0,2.0,2.0,1.0,A01
201400002983,0,7,0,0.0,0.0,3.0,13.0,B02
201400002983,0,7,0,0.0,2.0,3.0,21.0,A01
201400002984,0,33,0,0.0,2.0,1.0,1.0,B02
201400002984,0,7,0,0.0,2.0,7.0,15.0,A01
201400002985,0,7,0,13.0,0.0,1.0,13.0,A01
201400002986,0,7,0,0.0,1.0,3.0,1.0,A01
201400002987,0,7,0,6.0,0.0,9.0,1.0,A01
201400002988,0,7,0,4.0,0.0,1.0,1.0,A01
201400002989,0,30,0,0.0,2.0,8.0,13.0,A01
201400002989,0,7,0,0.0,2.0,8.0,1.0,B02
201400002990,0,10,0,0.0,2.0,3.0,15.0,A01
201400002990,0,7,0,0.0,2.0,3.0,1.0,B02
201400002991,0,7,0,0.0,2.0,2.0,1.0,A01
201400002991,0,1,0,0.0,0.0,4.0,1.0,B02
201400002992,0,7,0,0.0,2.0,1.0,13.0,A01
201400002992,0,7,0,0.0,2.0,1.0,1.0,B02
201400002993,0,7,0,0.0,0.0,8.0,1.0,A01
201400002994,0,33,0,0.0,0.0,8.0,1.0,A01
201400002995,0,7,0,8.0,0.0,5.0,0.0,A01
201400002996,0,33,0,12.0,0.0,1.0,1.0,A01
201400002997,0,7,0,7.0,0.0,0.0,1.0,A01
201400002998,0,10,0,0.0,2.0,2.0,15.0,A01
201400002998,0,33,0,0.0,2.0,1.0,1.0,B02
201400002999,0,7,0,0.0,2.0,3.0,15.0,A01
201400002999,0,7,0,0.0,2.0,8.0,1.0,B02
201400003000,0,7,0,0.0,2.0,1.0,1.0,B02
201400003000,0,10,0,0.0,2.0,0.0,1.0,A01
201400003001,0,33,0,6.0,0.0,1.0,1.0,A01
201400003002,0,7,0,8.0,0.0,1.0,1.0,A01
201400003003,0,31,0,0.0,2.0,1.0,1.0,B02
201400003003,0,7,0,0.0,2.0,8.0,15.0,A01
201400003004,0,30,0,0.0,2.0,1.0,17.0,A01
201400003004,0,7,0,0.0,2.0,6.0,13.0,B02
201400003005,0,30,0,0.0,0.0,1.0,1.0,A01
201400003006,0,7,0,0.0,1.0,2.0,1.0,A01
201400003007,0,7,0,0.0,2.0,2.0,1.0,A01
201400003007,0,33,0,0.0,2.0,6.0,1.0,B02
201400003008,0,7,0,0.0,0.0,1.0,1.0,A01
201400003009,0,7,0,0.0,1.0,3.0,1.0,A01
201400003010,0,7,0,0.0,2.0,3.0,9.0,A01
201400003010,0,33,0,0.0,2.0,5.0,1.0,B02
201400003011,0,33,0,0.0,0.0,9.0,1.0,A01
201400003012,0,33,0,0.0,0.0,1.0,1.0,A01
201400003013,0,7,0,10.0,0.0,1.0,1.0,A01
201400003014,0,10,0,7.0,0.0,2.0,1.0,A01
201400003015,0,7,0,0.0,9.0,0.0,1.0,A01
201400003016,0,1,0,0.0,2.0,1.0,13.0,A01
201400003016,0,10,0,0.0,2.0,3.0,1.0,B02
201400003017,0,33,0,0.0,2.0,1.0,5.0,A01
201400003017,0,7,0,0.0,2.0,3.0,1.0,B02
201400003018,0,7,0,0.0,2.0,2.0,15.0,A01
201400003018,0,33,0,0.0,2.0,1.0,1.0,B02
201400003019,0,30,0,0.0,2.0,1.0,13.0,A01
201400003019,0,7,0,0.0,2.0,3.0,1.0,B02
201400003020,0,7,0,13.0,0.0,1.0,14.0,A01
201400003021,0,2,0,0.0,0.0,8.0,1.0,A01
201400003022,0,7,0,1.0,0.0,1.0,14.0,A01
201400003022,0,7,0,0.0,2.0,4.0,24.0,B02
201400003023,0,7,0,6.0,0.0,1.0,1.0,A01
201400003024,0,7,0,0.0,9.0,3.0,1.0,B02
201400003024,0,2,0,0.0,2.0,1.0,1.0,A01
201400003025,0,7,0,0.0,2.0,1.0,15.0,B02
201400003025,0,2,0,0.0,2.0,1.0,1.0,A01
201400003026,0,2,0,0.0,2.0,1.0,1.0,A01
201400003026,0,17,0,0.0,0.0,4.0,9.0,B02
201400003027,0,7,0,0.0,2.0,3.0,1.0,B02
201400003027,0,10,0,0.0,2.0,3.0,13.0,A01
201400003028,0,7,0,0.0,2.0,2.0,19.0,B02
201400003028,0,33,0,0.0,2.0,1.0,1.0,A01
201400003029,0,7,0,0.0,2.0,1.0,1.0,B02
201400003029,0,7,0,0.0,2.0,1.0,13.0,A01
201400003030,0,7,0,13.0,0.0,0.0,13.0,A01
201400003031,0,7,0,0.0,2.0,8.0,15.0,A01
201400003031,0,14,0,0.0,2.0,2.0,17.0,B02
201400003032,0,7,0,2.0,0.0,8.0,13.0,A01
201400003033,0,7,0,13.0,0.0,1.0,13.0,A01
201400003034,0,30,0,0.0,2.0,1.0,17.0,A01
201400003034,0,15,0,0.0,0.0,6.0,1.0,B02
201400003035,0,7,0,2.0,0.0,1.0,1.0,A01
201400003036,0,10,0,0.0,2.0,3.0,15.0,A01
201400003036,0,14,0,0.0,2.0,3.0,1.0,B02
201400003037,0,7,0,0.0,0.0,7.0,13.0,A01
201400003037,0,10,0,0.0,0.0,1.0,1.0,B02
201400003037,0,7,0,0.0,0.0,1.0,21.0,C03
201400003038,0,14,0,3.0,0.0,8.0,1.0,A01
201400003039,0,3,0,0.0,2.0,3.0,15.0,A01
201400003039,0,30,0,0.0,2.0,1.0,1.0,B02
201400003040,0,30,0,0.0,0.0,4.0,1.0,A01
201400003040,0,7,0,0.0,0.0,3.0,2.0,B02
201400003041,0,7,0,0.0,2.0,2.0,13.0,A01
201400003041,0,7,0,0.0,2.0,3.0,1.0,B02
201400003042,0,7,0,13.0,0.0,1.0,1.0,A01
201400003043,0,7,0,0.0,2.0,2.0,15.0,A01
201400003043,0,2,0,0.0,2.0,7.0,1.0,B02
201400003044,0,7,0,0.0,0.0,9.0,1.0,A01
201400003045,0,1,0,0.0,0.0,0.0,0.0,A01
201400003046,0,7,0,0.0,1.0,1.0,1.0,A01
201400003047,0,32,0,16.0,0.0,8.0,1.0,A01
201400003048,0,7,0,6.0,0.0,1.0,13.0,A01
201400003049,0,7,0,13.0,0.0,2.0,1.0,A01
201400003050,0,7,0,0.0,2.0,7.0,19.0,A01
201400003050,0,10,0,0.0,2.0,1.0,1.0,B02
201400003051,0,33,0,2.0,0.0,7.0,1.0,A01
201400003052,0,7,0,13.0,0.0,3.0,1.0,A01
201400003053,0,7,0,0.0,2.0,2.0,15.0,A01
201400003053,0,33,0,0.0,2.0,1.0,1.0,B02
201400003054,0,7,0,6.0,0.0,1.0,1.0,A01
201400003055,0,7,0,0.0,2.0,1.0,1.0,B02
201400003055,0,7,0,0.0,2.0,7.0,19.0,A01
201400003056,0,30,0,0.0,2.0,1.0,13.0,A01
201400003056,0,7,0,0.0,2.0,1.0,1.0,B02
201400003057,0,34,0,8.0,0.0,1.0,14.0,A01
201400003058,0,7,0,0.0,2.0,1.0,5.0,A01
201400003058,0,7,0,0.0,2.0,1.0,1.0,B02
201400003059,0,7,0,0.0,0.0,9.0,2.0,A01
201400003060,0,7,0,0.0,2.0,3.0,13.0,A01
201400003060,0,7,0,0.0,2.0,2.0,0.0,B02
201400003061,0,33,0,0.0,2.0,1.0,2.0,A01
201400003061,0,3,0,0.0,2.0,4.0,2.0,B02
201400003062,0,10,0,0.0,2.0,3.0,13.0,A01
201400003062,0,7,0,0.0,2.0,1.0,1.0,B02
201400003063,0,2,0,0.0,2.0,1.0,1.0,A01
201400003063,0,7,0,0.0,2.0,1.0,15.0,B02
201400003064,0,30,0,7.0,0.0,1.0,1.0,A01
201400003065,0,7,0,0.0,2.0,1.0,1.0,A01
201400003065,0,10,0,0.0,2.0,3.0,15.0,B02
201400003066,0,33,0,3.0,0.0,3.0,1.0,A01
201400003067,0,7,0,0.0,0.0,6.0,2.0,A01
201400003067,0,33,0,0.0,2.0,1.0,2.0,B02
201400003068,0,7,0,0.0,2.0,2.0,1.0,A01
201400003068,0,7,0,0.0,2.0,1.0,1.0,B02
201400003069,0,31,0,13.0,0.0,1.0,1.0,A01
201400003070,0,7,0,0.0,0.0,3.0,1.0,A01
201400003070,0,7,0,0.0,0.0,3.0,1.0,B02
201400003071,0,7,0,0.0,2.0,3.0,1.0,A01
201400003071,0,7,0,0.0,0.0,6.0,1.0,B02
201400003072,0,15,0,0.0,2.0,2.0,19.0,B02
201400003072,0,7,0,0.0,2.0,3.0,2.0,A01
201400003073,0,7,0,2.0,0.0,1.0,0.0,A01
201400003074,0,7,0,0.0,2.0,0.0,17.0,A01
201400003074,0,7,0,0.0,0.0,0.0,13.0,B02
201400003075,0,7,0,16.0,0.0,1.0,1.0,A01
201400003076,0,7,0,0.0,2.0,1.0,19.0,B02
201400003076,0,7,0,0.0,2.0,8.0,1.0,A01
201400003077,0,7,0,0.0,2.0,1.0,1.0,A01
201400003077,0,3,0,0.0,2.0,5.0,15.0,B02
201400003078,0,7,0,0.0,2.0,1.0,1.0,A01
201400003078,0,7,0,0.0,0.0,3.0,1.0,B02
201400003079,0,7,0,2.0,0.0,8.0,1.0,A01
201400003080,0,7,0,0.0,1.0,7.0,2.0,A01
201400003081,0,7,0,0.0,2.0,1.0,2.0,A01
201400003081,0,2,0,0.0,2.0,4.0,2.0,B02
201400003082,0,7,0,0.0,2.0,3.0,1.0,A01
201400003082,0,7,0,0.0,2.0,2.0,1.0,B02
201400003083,0,33,0,0.0,2.0,1.0,1.0,A01
201400003083,0,7,0,0.0,2.0,3.0,19.0,B02
201400003084,0,7,0,0.0,2.0,2.0,15.0,A01
201400003084,0,7,0,0.0,2.0,6.0,1.0,B02
201400003085,0,7,0,0.0,2.0,3.0,15.0,A01
201400003085,0,33,0,0.0,2.0,3.0,1.0,B02
201400003086,0,7,0,13.0,0.0,9.0,1.0,A01
201400003087,0,10,0,6.0,0.0,2.0,1.0,A01
201400003088,0,36,0,0.0,0.0,9.0,14.0,A01
201400003089,0,33,0,0.0,2.0,3.0,1.0,A01
201400003089,0,10,0,0.0,2.0,3.0,13.0,B02
201400003090,0,36,0,2.0,0.0,1.0,1.0,A01
201400003091,0,7,0,2.0,0.0,1.0,1.0,A01
201400003092,0,7,0,0.0,1.0,3.0,5.0,A01
201400003093,0,2,0,6.0,0.0,2.0,14.0,A01
201400003094,0,15,0,0.0,2.0,5.0,16.0,A01
201400003094,0,17,0,0.0,2.0,3.0,1.0,B02
201400003095,0,7,0,13.0,0.0,1.0,0.0,A01
201400003096,0,33,0,0.0,0.0,1.0,1.0,A01
201400003097,0,7,0,0.0,2.0,2.0,15.0,A01
201400003097,0,7,0,0.0,2.0,1.0,1.0,B02
201400003098,0,7,0,0.0,0.0,2.0,14.0,A01
201400003099,0,1,0,0.0,0.0,1.0,1.0,A01
201400003100,0,33,0,0.0,0.0,8.0,1.0,A01
201400003101,0,30,0,0.0,2.0,1.0,1.0,A01
201400003101,0,7,0,0.0,2.0,7.0,15.0,B02
201400003102,0,7,0,3.0,0.0,3.0,13.0,A01
201400003103,0,10,0,0.0,2.0,3.0,10.0,A01
201400003103,0,33,0,0.0,2.0,1.0,1.0,B02
201400003104,0,7,0,0.0,2.0,3.0,1.0,B02
201400003104,0,7,0,0.0,2.0,2.0,15.0,A01
201400003105,0,7,0,13.0,0.0,3.0,21.0,A01
201400003106,0,7,0,3.0,0.0,7.0,1.0,A01
201400003107,0,7,0,0.0,2.0,2.0,1.0,B02
201400003107,0,7,0,0.0,2.0,8.0,15.0,A01
201400003108,0,7,0,0.0,9.0,1.0,15.0,A01
201400003108,0,1,0,0.0,2.0,1.0,1.0,B02
201400003109,0,7,0,4.0,,1.0,13.0,A01
201400003110,0,7,0,4.0,0.0,1.0,13.0,A01
201400003111,0,7,0,0.0,2.0,8.0,10.0,A01
201400003111,0,33,0,0.0,2.0,1.0,2.0,B02
201400003112,0,7,0,0.0,2.0,1.0,1.0,A01
201400003112,0,14,0,0.0,2.0,1.0,1.0,B02