Num_Acc,senc,catv,occutc,obs,obsm,choc,manv,num_veh
201400003385,0,7,0,0.0,2.0,1.0,19.0,B02
201400003386,0,7,0,2.0,0.0,1.0,13.0,A01
201400003387,0,7,0,0.0,2.0,1.0,13.0,A01
201400003387,0,7,0,0.0,2.0,5.0,21.0,C03
201400003388,0,33,0,13.0,0.0,2.0,1.0,A01
201400003389,0,7,0,0.0,2.0,6.0,1.0,B02
201400003389,0,30,0,0.0,2.0,1.0,1.0,A01
201400003390,0,7,0,13.0,0.0,1.0,1.0,A01
201400003391,0,7,0,0.0,2.0,1.0,13.0,A01
201400003391,0,10,0,0.0,2.0,3.0,1.0,B02
201400003392,0,7,0,0.0,1.0,2.0,21.0,A01
201400003393,0,30,0,9.0,0.0,1.0,13.0,A01
201400003394,0,7,0,0.0,2.0,2.0,13.0,A01
201400003394,0,7,0,0.0,2.0,1.0,1.0,B02
201400003395,0,10,0,0.0,2.0,8.0,19.0,A01
201400003395,0,15,0,0.0,2.0,1.0,1.0,B02
201400003396,0,7,0,0.0,2.0,1.0,1.0,A01
201400003396,0,7,0,0.0,2.0,4.0,1.0,B02
201400003397,0,7,0,0.0,2.0,3.0,9.0,A01
201400003397,0,33,0,0.0,2.0,7.0,1.0,B02
201400003398,0,7,0,0.0,2.0,3.0,1.0,A01
201400003398,0,10,0,0.0,2.0,1.0,1.0,B02
201400003399,0,7,0,0.0,0.0,3.0,13.0,A01
201400003400,0,7,0,2.0,0.0,9.0,14.0,A01
201400003401,0,33,0,0.0,0.0,0.0,17.0,A01
201400003402,0,7,0,2.0,0.0,3.0,13.0,A01
201400003403,0,10,0,0.0,2.0,1.0,13.0,A01
201400003403,0,7,0,0.0,2.0,3.0,1.0,B02
201400003404,0,14,0,0.0,2.0,3.0,13.0,A01
201400003404,0,7,0,0.0,2.0,3.0,1.0,B02
201400003405,0,10,0,0.0,2.0,3.0,13.0,B02
201400003405,0,13,0,13.0,0.0,3.0,1.0,A01
201400003406,0,33,0,0.0,2.0,1.0,1.0,B02
201400003406,0,7,0,0.0,2.0,7.0,15.0,A01
201400003407,0,7,0,3.0,2.0,2.0,13.0,A01
201400003407,0,10,0,0.0,2.0,3.0,1.0,B02
201400003408,0,7,0,0.0,2.0,3.0,1.0,A01
201400003408,0,7,0,0.0,2.0,3.0,1.0,B02
201400003409,0,7,0,0.0,2.0,3.0,1.0,B02
201400003409,0,7,0,0.0,2.0,3.0,1.0,A01
201400003410,0,7,0,13.0,0.0,7.0,1.0,A01
201400003411,0,7,0,8.0,0.0,8.0,1.0,A01
201400003412,0,7,0,0.0,2.0,3.0,1.0,A01
201400003412,0,7,0,0.0,2.0,3.0,1.0,B02
201400003413,0,7,0,2.0,0.0,1.0,15.0,A01
201400003414,0,7,0,13.0,0.0,3.0,1.0,A01
201400003415,0,14,0,0.0,2.0,3.0,1.0,B02
201400003415,0,7,0,0.0,2.0,3.0,9.0,A01
201400003416,0,7,0,0.0,2.0,2.0,1.0,B02
201400003416,0,10,0,0.0,2.0,1.0,1.0,A01
201400003417,0,10,0,0.0,2.0,3.0,1.0,A01
201400003417,0,7,0,0.0,2.0,3.0,1.0,B02
201400003418,0,10,0,13.0,0.0,1.0,14.0,A01
201400003419,0,7,0,0.0,2.0,8.0,1.0,B02
201400003419,0,17,0,0.0,2.0,6.0,1.0,C03
201400003419,0,17,0,0.0,2.0,0.0,1.0,A01
201400003420,0,7,0,0.0,1.0,0.0,21.0,A01
201400003421,0,7,0,0.0,0.0,1.0,1.0,B02
201400003421,0,7,0,0.0,2.0,1.0,13.0,A01
201400003422,0,7,0,0.0,2.0,3.0,20.0,A01
201400003422,0,30,0,0.0,2.0,6.0,17.0,B02
201400003423,0,7,0,0.0,1.0,2.0,1.0,A01
201400003424,0,7,0,13.0,0.0,0.0,13.0,A01
201400003425,0,2,0,0.0,2.0,1.0,5.0,A01
201400003425,0,10,0,0.0,2.0,5.0,1.0,B02
201400003426,0,7,0,0.0,2.0,1.0,1.0,A01
201400003426,0,7,0,0.0,2.0,1.0,13.0,B02
201400003427,0,7,0,2.0,0.0,1.0,1.0,A01
201400003428,0,7,0,0.0,2.0,2.0,15.0,A01
201400003428,0,33,0,0.0,2.0,1.0,1.0,B02
201400003429,0,14,0,0.0,2.0,1.0,1.0,B02
201400003429,0,7,0,0.0,2.0,8.0,19.0,A01
201400003430,0,33,0,0.0,2.0,1.0,18.0,A01
201400003430,0,7,0,0.0,0.0,5.0,15.0,B02
201400003431,0,7,0,0.0,0.0,4.0,23.0,C03
201400003431,0,7,0,14.0,0.0,1.0,1.0,A01
201400003431,0,7,0,14.0,0.0,4.0,23.0,B02
201400003432,0,7,0,0.0,2.0,4.0,1.0,A01
201400003432,0,7,0,0.0,2.0,3.0,1.0,B02
201400003433,0,10,0,0.0,2.0,2.0,15.0,B02
201400003433,0,7,0,0.0,2.0,1.0,1.0,A01
201400003434,0,31,0,0.0,0.0,0.0,1.0,A01
201400003435,0,7,0,2.0,0.0,3.0,1.0,A01
201400003436,0,7,0,0.0,2.0,2.0,21.0,A01
201400003437,0,30,0,13.0,0.0,2.0,1.0,A01
201400003438,0,7,0,0.0,0.0,6.0,1.0,A01
201400003439,0,7,0,0.0,2.0,3.0,13.0,A01
201400003439,0,7,0,0.0,2.0,3.0,13.0,B02
201400003440,0,7,0,0.0,2.0,1.0,13.0,A01
201400003440,0,7,0,0.0,2.0,3.0,0.0,B02
201400003441,0,7,0,2.0,0.0,7.0,1.0,A01
201400003442,0,7,0,0.0,2.0,2.0,1.0,A01
201400003442,0,30,0,0.0,2.0,1.0,15.0,B02
201400003443,0,7,0,0.0,2.0,1.0,1.0,B02
201400003443,0,7,0,0.0,0.0,7.0,13.0,A01
201400003444,0,10,0,0.0,2.0,1.0,21.0,A01
201400003444,0,10,0,0.0,2.0,1.0,13.0,B02
201400003445,0,7,0,0.0,2.0,7.0,15.0,A01
201400003445,0,7,0,0.0,2.0,2.0,1.0,B02
201400003446,0,33,0,0.0,0.0,0.0,0.0,A01
201400003447,0,7,0,13.0,0.0,9.0,0.0,A01
201400003448,0,10,0,6.0,1.0,3.0,1.0,A01
201400003449,0,7,0,0.0,2.0,1.0,0.0,A01
201400003449,0,7,0,0.0,2.0,1.0,0.0,B02
201400003450,0,31,0,0.0,2.0,1.0,1.0,B02
201400003450,0,7,0,0.0,2.0,3.0,15.0,A01
201400003451,0,7,0,0.0,2.0,2.0,1.0,B02
201400003451,0,7,0,0.0,2.0,3.0,10.0,A01
201400003452,0,7,0,0.0,0.0,6.0,1.0,B02
201400003452,0,7,0,0.0,2.0,3.0,13.0,A01
201400003453,0,2,0,0.0,2.0,1.0,1.0,A01
201400003453,0,7,0,0.0,2.0,2.0,19.0,B01
201400003454,0,7,0,0.0,2.0,1.0,1.0,A01
201400003454,0,30,0,0.0,0.0,8.0,1.0,B02
201400003455,0,7,0,0.0,0.0,8.0,1.0,B02
201400003455,0,7,0,0.0,2.0,8.0,1.0,A01
201400003456,0,7,0,0.0,1.0,2.0,1.0,A01
201400003457,0,7,0,0.0,2.0,1.0,1.0,A01
201400003457,0,2,0,0.0,2.0,1.0,13.0,B02
201400003458,0,7,0,2.0,0.0,2.0,1.0,A01
201400003459,0,7,0,0.0,2.0,1.0,1.0,A01
201400003459,0,7,0,0.0,2.0,8.0,9.0,B02
201400003460,0,7,0,0.0,2.0,8.0,15.0,A01
201400003460,0,10,0,0.0,2.0,2.0,17.0,B02
201400003461,0,7,0,0.0,2.0,2.0,5.0,A01
201400003461,0,2,0,0.0,2.0,1.0,1.0,C03
201400003461,0,7,0,0.0,2.0,3.0,1.0,B02
201400003462,0,7,0,0.0,2.0,3.0,13.0,A01
201400003463,0,7,0,0.0,1.0,5.0,4.0,A01
201400003464,0,7,0,0.0,2.0,1.0,1.0,C03
201400003464,0,7,0,0.0,2.0,1.0,1.0,D04
201400003464,0,15,0,0.0,2.0,3.0,1.0,B02
201400003464,0,17,0,0.0,2.0,8.0,1.0,A01
201400003465,0,7,0,0.0,2.0,1.0,1.0,A01
201400003465,0,7,0,0.0,1.0,4.0,23.0,B02
201400003466,0,10,0,0.0,2.0,3.0,1.0,A01
201400003466,0,7,0,0.0,2.0,3.0,1.0,B02
201400003467,0,2,0,0.0,1.0,0.0,1.0,A01
201400003468,0,1,0,0.0,5.0,1.0,1.0,A01
201400003469,0,7,0,0.0,2.0,1.0,2.0,A01
201400003469,0,7,0,0.0,2.0,4.0,2.0,B02
201400003470,0,10,0,0.0,2.0,5.0,15.0,A01
201400003470,0,31,0,0.0,2.0,1.0,2.0,B02
201400003471,0,7,0,0.0,2.0,1.0,13.0,B02
201400003471,0,1,0,0.0,2.0,0.0,0.0,A01
201400003472,0,7,0,0.0,2.0,1.0,1.0,A01
201400003472,0,7,0,0.0,2.0,3.0,1.0,B02
201400003473,0,2,0,0.0,2.0,1.0,1.0,B02
201400003473,0,10,0,0.0,2.0,2.0,16.0,A01
201400003474,0,7,0,0.0,9.0,7.0,15.0,A01
201400003474,0,1,0,0.0,2.0,8.0,1.0,B02
201400003475,0,10,0,0.0,2.0,1.0,1.0,B02
201400003475,0,7,0,0.0,2.0,1.0,13.0,A01
201400003476,0,7,0,2.0,0.0,1.0,1.0,A01
201400003477,0,7,0,0.0,2.0,8.0,20.0,A01
201400003477,0,2,0,0.0,2.0,8.0,17.0,B02
201400003478,0,30,0,2.0,0.0,1.0,1.0,A01
201400003479,0,31,0,0.0,0.0,1.0,13.0,A01
201400003479,0,7,0,0.0,0.0,3.0,0.0,B02
201400003480,0,7,0,16.0,0.0,8.0,20.0,A01
201400003481,0,7,0,0.0,1.0,3.0,1.0,A01
201400003482,0,7,0,0.0,2.0,1.0,12.0,A01
201400003482,0,7,0,0.0,2.0,1.0,1.0,B02
201400003483,0,7,0,13.0,0.0,2.0,1.0,A01
201400003484,0,7,0,2.0,0.0,1.0,13.0,A01
201400003485,0,33,0,8.0,0.0,1.0,1.0,A01
201400003486,0,7,0,0.0,2.0,3.0,9.0,A01
201400003486,0,99,0,0.0,2.0,2.0,1.0,B02
201400003487,0,10,0,0.0,2.0,5.0,1.0,A01
201400003487,0,30,0,0.0,2.0,3.0,15.0,B02
201400003488,0,33,0,0.0,2.0,7.0,17.0,A01
201400003488,0,17,0,0.0,0.0,0.0,15.0,B02
201400003489,0,7,0,0.0,1.0,7.0,1.0,A01
201400003490,0,7,0,0.0,2.0,1.0,1.0,B02
201400003490,0,7,0,0.0,2.0,8.0,19.0,A01
201400003491,0,7,0,13.0,0.0,1.0,14.0,A01
201400003492,0,2,0,0.0,2.0,1.0,13.0,A01
201400003492,0,7,0,0.0,2.0,3.0,21.0,B02
201400003493,0,33,0,0.0,0.0,3.0,0.0,B02
201400003493,0,14,0,0.0,2.0,3.0,0.0,A01
201400003494,0,10,0,0.0,2.0,6.0,2.0,B02
201400003494,0,2,0,0.0,2.0,1.0,21.0,A01
201400003495,0,7,0,13.0,0.0,1.0,1.0,A01
201400003496,0,7,0,0.0,2.0,2.0,15.0,B02
201400003496,0,7,0,0.0,2.0,1.0,1.0,A01
201400003497,0,30,0,0.0,2.0,1.0,1.0,A01
201400003497,0,30,0,0.0,2.0,4.0,1.0,B02
201400003498,0,7,0,0.0,0.0,0.0,1.0,B02
201400003498,0,7,0,0.0,2.0,1.0,1.0,A01
201400003499,0,30,0,13.0,0.0,1.0,1.0,A01
201400003500,0,7,0,0.0,2.0,3.0,17.0,A01
201400003500,0,7,0,0.0,2.0,3.0,21.0,B02
201400003501,0,7,0,8.0,0.0,8.0,1.0,A01
201400003502,0,7,0,0.0,2.0,3.0,1.0,B02
201400003502,0,30,0,0.0,2.0,1.0,13.0,A01
201400003503,0,7,0,0.0,2.0,3.0,13.0,A01
201400003503,0,7,0,13.0,2.0,3.0,1.0,B02
201400003504,0,14,0,13.0,2.0,6.0,1.0,B02
201400003504,0,7,0,0.0,2.0,1.0,19.0,A01
201400003505,0,7,0,0.0,1.0,1.0,1.0,A01
201400003506,0,34,0,0.0,2.0,1.0,1.0,A01
201400003506,0,7,0,0.0,2.0,8.0,15.0,B02
201400003507,0,7,0,2.0,0.0,1.0,1.0,A01
201400003508,0,7,0,0.0,2.0,1.0,15.0,A01
201400003508,0,1,0,0.0,2.0,1.0,1.0,B02
201400003509,0,7,0,3.0,6.0,8.0,21.0,A01
201400003510,0,7,0,0.0,2.0,1.0,1.0,B02
201400003510,0,7,0,0.0,2.0,1.0,13.0,A01
201400003511,0,14,0,13.0,0.0,2.0,1.0,A01
201400003512,0,33,0,0.0,2.0,1.0,17.0,B02
201400003512,0,7,0,0.0,2.0,6.0,17.0,A01
201400003513,0,7,0,8.0,0.0,1.0,0.0,A01
201400003514,0,7,0,0.0,2.0,8.0,17.0,A01
201400003514,0,33,0,0.0,2.0,7.0,17.0,B02
201400003515,0,33,0,0.0,0.0,0.0,2.0,A01
201400003516,0,7,0,0.0,2.0,1.0,13.0,B02
201400003516,0,14,0,0.0,2.0,1.0,2.0,A01
201400003517,0,7,0,0.0,2.0,2.0,19.0,A01
201400003517,0,7,0,0.0,2.0,3.0,1.0,B02
201400003518,0,7,0,13.0,0.0,1.0,13.0,A01
201400003519,0,7,0,0.0,2.0,5.0,15.0,B02
201400003519,0,7,0,0.0,2.0,1.0,1.0,A01
201400003519,0,7,0,0.0,0.0,1.0,1.0,C03
201400003520,0,1,0,0.0,2.0,1.0,0.0,E05
201400003520,0,1,0,0.0,2.0,1.0,13.0,C03
201400003520,0,1,0,0.0,2.0,1.0,13.0,D04
201400003520,0,7,0,0.0,2.0,3.0,1.0,B02
201400003520,0,1,0,0.0,2.0,1.0,13.0,A01
201400003521,0,7,0,0.0,2.0,3.0,1.0,C03
201400003521,0,7,0,0.0,0.0,6.0,1.0,B02
201400003521,0,7,0,0.0,2.0,3.0,17.0,A01
201400003522,0,7,0,0.0,2.0,3.0,2.0,C03
201400003522,0,7,0,0.0,2.0,1.0,13.0,A01
201400003522,0,7,0,0.0,2.0,1.0,2.0,B02
201400003523,0,7,0,8.0,0.0,8.0,1.0,A01
201400003524,0,7,0,2.0,0.0,1.0,1.0,A01
201400003525,0,7,0,0.0,9.0,7.0,17.0,A01
201400003525,0,1,0,0.0,2.0,3.0,1.0,B02
201400003526,0,7,0,0.0,2.0,1.0,13.0,A01
201400003526,0,7,0,0.0,0.0,3.0,1.0,B02
201400003526,0,7,0,0.0,2.0,1.0,2.0,C03
201400003527,0,7,0,0.0,1.0,1.0,1.0,A01
201400003528,0,7,0,0.0,2.0,8.0,15.0,B02
201400003528,0,33,0,2.0,2.0,1.0,3.0,A01
201400003529,0,7,0,0.0,2.0,3.0,13.0,A01
201400003529,0,7,0,0.0,2.0,3.0,1.0,B02
201400003530,0,1,0,0.0,2.0,1.0,1.0,B02
201400003530,0,7,0,0.0,2.0,1.0,15.0,A01
201400003531,0,7,0,0.0,2.0,1.0,1.0,B02
201400003531,0,7,0,0.0,2.0,8.0,15.0,A01
201400003532,0,7,0,0.0,0.0,1.0,1.0,B02
201400003532,0,30,0,0.0,0.0,8.0,1.0,A01
201400003533,0,33,0,0.0,2.0,1.0,1.0,B02
201400003533,0,7,0,0.0,2.0,5.0,19.0,A01
201400003534,0,30,0,0.0,2.0,7.0,6.0,A01
201400003534,0,7,0,0.0,2.0,3.0,1.0,B02
201400003535,0,7,0,0.0,0.0,1.0,1.0,B02
201400003535,0,7,0,0.0,0.0,1.0,5.0,A01
201400003536,0,99,0,0.0,0.0,1.0,1.0,A01
201400003537,0,33,0,0.0,2.0,1.0,1.0,A01
201400003537,0,7,0,0.0,2.0,5.0,15.0,B02
201400003538,0,33,0,0.0,1.0,1.0,17.0,A01
201400003539,0,7,0,0.0,2.0,8.0,15.0,B02
201400003539,0,7,0,0.0,2.0,7.0,17.0,A01
201400003540,0,7,0,0.0,2.0,2.0,0.0,A01
201400003540,0,33,0,0.0,2.0,1.0,3.0,B02
201400003541,0,7,0,0.0,1.0,1.0,1.0,A01
201400003542,0,7,0,0.0,0.0,0.0,1.0,A01
201400003543,0,7,0,0.0,0.0,6.0,1.0,B02
201400003543,0,33,0,0.0,2.0,1.0,12.0,A01
201400003544,0,7,0,0.0,1.0,7.0,1.0,A01
201400003545,0,1,0,0.0,2.0,1.0,1.0,A01
201400003545,0,10,0,0.0,0.0,3.0,19.0,B02
201400003546,0,7,0,0.0,2.0,1.0,15.0,A01
201400003546,0,33,0,0.0,2.0,1.0,1.0,B02
201400003547,0,32,0,0.0,2.0,1.0,1.0,A01
201400003547,0,7,0,0.0,2.0,7.0,15.0,B02
201400003548,0,7,0,0.0,1.0,2.0,1.0,A01
201400003549,0,33,0,11.0,0.0,1.0,6.0,A01
201400003550,0,31,0,0.0,2.0,1.0,17.0,B02
201400003550,0,7,0,0.0,2.0,2.0,15.0,A01
201400003551,0,7,0,0.0,2.0,6.0,19.0,B02
201400003551,0,33,0,0.0,2.0,1.0,1.0,A01
201400003552,0,7,0,13.0,2.0,2.0,14.0,B02
201400003552,0,10,0,0.0,2.0,3.0,1.0,A01
201400003553,0,3,0,6.0,0.0,1.0,0.0,A01
201400003554,0,99,0,0.0,0.0,0.0,1.0,A01
201400003555,0,30,0,0.0,5.0,0.0,1.0,A01
201400003556,0,7,0,0.0,2.0,8.0,1.0,B02
201400003556,0,7,0,0.0,2.0,8.0,1.0,C03
201400003556,0,7,0,0.0,2.0,7.0,1.0,D04
201400003556,0,33,0,7.0,2.0,1.0,6.0,A01
201400003557,0,10,0,0.0,2.0,3.0,15.0,A01
201400003557,0,30,0,0.0,2.0,2.0,17.0,B02
201400003558,0,33,0,0.0,2.0,1.0,17.0,B02
201400003558,0,7,0,0.0,0.0,6.0,10.0,A01
201400003559,0,7,0,2.0,0.0,0.0,0.0,A01
201400003560,0,33,0,0.0,0.0,7.0,1.0,A01
201400003561,0,7,0,2.0,0.0,1.0,14.0,A01
201400003562,0,99,0,0.0,1.0,6.0,4.0,A01
201400003563,0,7,0,0.0,2.0,3.0,0.0,B02
201400003563,0,7,0,0.0,2.0,3.0,13.0,A01
201400003564,0,7,0,0.0,2.0,3.0,1.0,B02
201400003564,0,7,0,0.0,2.0,8.0,13.0,A01
201400003565,0,7,0,0.0,1.0,3.0,15.0,A01
201400003566,0,7,0,0.0,1.0,2.0,1.0,A01
201400003567,0,10,0,0.0,1.0,2.0,1.0,A01
201400003568,0,10,0,0.0,2.0,3.0,1.0,A01
201400003568,0,30,0,0.0,2.0,1.0,13.0,B02
201400003569,0,10,0,0.0,1.0,7.0,2.0,A01
201400003570,0,7,0,0.0,2.0,3.0,13.0,A01
201400003570,0,7,0,0.0,2.0,3.0,1.0,B02
201400003571,0,7,0,0.0,2.0,2.0,15.0,B02
201400003571,0,2,0,0.0,2.0,1.0,1.0,A01
201400003572,0,7,0,0.0,0.0,7.0,12.0,B02
201400003572,0,1,0,0.0,2.0,1.0,1.0,A01
201400003573,0,33,0,0.0,2.0,1.0,1.0,A01
201400003573,0,7,0,0.0,2.0,3.0,13.0,B02
201400003574,0,7,0,6.0,0.0,7.0,1.0,A01
201400003575,0,7,0,0.0,1.0,3.0,15.0,A01
201400003576,0,7,0,0.0,0.0,1.0,0.0,B02
201400003576,0,7,0,0.0,0.0,2.0,1.0,A01
201400003577,0,7,0,0.0,1.0,1.0,1.0,A01
201400003578,0,7,0,13.0,0.0,2.0,15.0,A01
201400003579,0,7,0,0.0,2.0,3.0,13.0,A01
201400003579,0,7,0,0.0,2.0,3.0,1.0,B02
201400003580,0,7,0,6.0,0.0,1.0,1.0,A01
201400003581,0,7,0,0.0,1.0,1.0,15.0,A01
201400003582,0,7,0,6.0,0.0,9.0,1.0,A01
201400003583,0,2,0,0.0,1.0,1.0,1.0,A01
201400003584,0,7,0,2.0,0.0,1.0,13.0,A01
201400003585,0,7,0,0.0,2.0,3.0,15.0,B02
201400003585,0,30,0,0.0,2.0,1.0,1.0,A01
201400003586,0,7,0,0.0,2.0,6.0,13.0,B02
201400003586,0,10,0,2.0,2.0,3.0,13.0,A01
201400003587,0,10,0,0.0,2.0,1.0,1.0,B02
201400003587,0,7,0,0.0,2.0,2.0,15.0,A01
201400003588,0,7,0,0.0,2.0,7.0,13.0,A01
201400003588,0,7,0,0.0,2.0,1.0,1.0,B02
201400003589,0,1,0,0.0,2.0,1.0,15.0,B02
201400003589,0,7,0,0.0,2.0,2.0,1.0,A01
201400003590,0,7,0,0.0,0.0,1.0,1.0,A01
201400003591,0,33,0,0.0,2.0,4.0,19.0,B02
201400003591,0,7,0,0.0,2.0,3.0,1.0,A01
201400003592,0,30,0,9.0,0.0,1.0,1.0,A01
201400003593,0,7,0,10.0,0.0,1.0,0.0,A01
201400003594,0,7,0,9.0,0.0,1.0,1.0,A01
201400003595,0,33,0,0.0,2.0,2.0,17.0,B02
201400003595,0,14,0,0.0,2.0,8.0,15.0,A01
201400003596,0,33,0,3.0,0.0,7.0,17.0,A01
201400003597,0,7,0,0.0,2.0,1.0,1.0,A01
201400003597,0,7,0,0.0,2.0,8.0,15.0,B02
201400003598,2,7,0,14.0,2.0,1.0,2.0,A01
201400003598,0,7,0,0.0,0.0,4.0,1.0,B02
201400003599,0,7,0,6.0,0.0,1.0,1.0,A01
201400003600,0,99,0,0.0,0.0,4.0,1.0,B02
201400003600,0,7,0,0.0,2.0,2.0,1.0,A01
201400003601,0,7,0,0.0,2.0,1.0,1.0,B02
201400003601,0,7,0,0.0,2.0,1.0,13.0,A01
201400003602,0,7,0,0.0,2.0,8.0,17.0,A01
201400003602,0,7,0,0.0,2.0,1.0,1.0,B02
201400003603,0,7,0,16.0,0.0,9.0,1.0,A01
201400003603,1,7,0,0.0,2.0,2.0,15.0,B02
201400003604,0,7,0,0.0,2.0,2.0,16.0,A01
201400003604,0,1,0,0.0,2.0,8.0,16.0,B02
201400003605,0,7,0,8.0,0.0,7.0,1.0,A01
201400003606,0,17,0,0.0,2.0,8.0,1.0,C03
201400003606,0,10,0,3.0,2.0,3.0,1.0,E05
201400003606,0,7,0,0.0,2.0,3.0,17.0,A01
201400003606,0,7,0,0.0,2.0,3.0,1.0,B02
201400003606,0,7,0,3.0,2.0,3.0,1.0,D04
201400003607,0,1,0,0.0,0.0,4.0,1.0,A01
201400003608,0,33,0,0.0,0.0,1.0,1.0,A01
201400003609,0,7,0,2.0,0.0,7.0,17.0,A01
201400003610,0,33,0,0.0,0.0,0.0,1.0,A01
201400003611,0,31,0,2.0,0.0,7.0,1.0,A01
201400003612,0,7,0,3.0,2.0,3.0,1.0,A01
201400003612,0,7,0,3.0,2.0,2.0,1.0,B02
201400003613,0,7,0,0.0,1.0,4.0,4.0,A01
201400003614,0,7,0,0.0,0.0,6.0,15.0,B02
201400003614,0,33,0,0.0,2.0,4.0,0.0,A01
201400003615,0,30,0,16.0,0.0,1.0,1.0,A01
201400003616,0,7,0,0.0,2.0,3.0,15.0,B02
201400003616,0,33,0,0.0,2.0,1.0,17.0,A01
201400003617,0,7,0,0.0,2.0,1.0,1.0,B02
201400003617,0,7,0,0.0,2.0,3.0,15.0,A01
201400003618,0,7,0,0.0,2.0,3.0,16.0,A01
201400003618,0,7,0,0.0,2.0,3.0,1.0,B02
201400003619,0,33,0,8.0,0.0,1.0,1.0,A01
201400003620,0,33,0,0.0,2.0,1.0,2.0,A01
201400003620,0,7,0,0.0,2.0,5.0,15.0,B02
201400003621,0,7,0,0.0,2.0,3.0,15.0,B02
201400003621,0,31,0,0.0,2.0,1.0,17.0,A01
201400003622,0,10,0,2.0,0.0,2.0,1.0,A01
201400003623,0,7,0,0.0,2.0,2.0,15.0,A01
201400003623,0,2,0,0.0,2.0,1.0,1.0,B02
201400003624,0,99,0,8.0,0.0,9.0,21.0,A01
201400003625,0,7,0,0.0,2.0,1.0,17.0,A01
201400003625,0,3,0,0.0,2.0,1.0,1.0,B02
201400003626,0,33,0,0.0,2.0,1.0,17.0,B02
201400003626,0,7,0,0.0,2.0,8.0,10.0,A01
201400003627,0,7,0,0.0,1.0,7.0,1.0,A01
201400003628,0,7,0,0.0,2.0,8.0,15.0,A01
201400003628,0,7,0,0.0,2.0,3.0,23.0,C03
201400003628,0,33,0,0.0,2.0,1.0,1.0,B02
201400003629,0,33,0,12.0,0.0,1.0,1.0,A01
201400003630,0,33,0,0.0,2.0,8.0,1.0,B02
201400003630,0,7,0,0.0,2.0,2.0,19.0,A01
201400003631,0,7,0,0.0,9.0,2.0,1.0,A01
201400003631,0,1,0,0.0,2.0,7.0,11.0,B02
201400003632,0,33,0,0.0,0.0,7.0,0.0,A01
201400003633,0,7,0,0.0,2.0,6.0,15.0,B02
201400003633,0,33,0,0.0,2.0,1.0,1.0,A01
201400003634,0,32,0,0.0,2.0,1.0,17.0,B02
201400003634,0,7,0,0.0,2.0,3.0,15.0,A01
201400003635,0,31,0,12.0,0.0,1.0,1.0,A01
201400003636,0,7,0,0.0,2.0,1.0,13.0,A01
201400003636,0,7,0,0.0,2.0,1.0,1.0,B02
201400003637,0,7,0,13.0,0.0,9.0,1.0,A01
201400003638,0,34,0,0.0,2.0,1.0,13.0,A01
201400003638,0,7,0,0.0,2.0,3.0,1.0,B02
201400003639,0,7,0,13.0,0.0,0.0,1.0,A01
201400003640,0,7,0,0.0,2.0,3.0,1.0,B02
201400003640,0,7,0,0.0,2.0,3.0,13.0,A01
201400003641,0,7,0,6.0,0.0,1.0,1.0,A01
201400003642,0,10,0,0.0,0.0,9.0,1.0,A01
201400003643,0,2,0,0.0,2.0,1.0,19.0,B02
201400003643,0,7,0,0.0,2.0,7.0,1.0,A01
201400003644,0,7,0,0.0,0.0,7.0,19.0,B02
201400003644,0,32,0,0.0,2.0,1.0,1.0,A01
201400003645,0,7,0,8.0,0.0,2.0,13.0,A01
201400003646,0,7,0,2.0,0.0,2.0,17.0,A01
201400003647,0,7,0,0.0,2.0,8.0,23.0,B02
201400003647,0,33,0,0.0,2.0,8.0,1.0,A01
201400003648,0,7,0,1.0,0.0,1.0,1.0,A01
201400003649,0,2,0,0.0,2.0,8.0,1.0,B02
201400003649,0,10,0,0.0,2.0,1.0,15.0,A01
201400003650,0,1,0,0.0,2.0,7.0,1.0,B02
201400003650,0,7,0,0.0,2.0,8.0,1.0,A01
201400003651,0,7,0,2.0,0.0,1.0,13.0,A01
201400003652,0,7,0,0.0,2.0,2.0,1.0,A01
201400003652,0,33,0,0.0,2.0,1.0,13.0,B02
201400003653,0,3,0,10.0,0.0,9.0,1.0,A01
201400003654,0,7,0,6.0,0.0,2.0,14.0,A01
201400003655,0,33,0,2.0,0.0,9.0,1.0,A01
201400003656,0,7,0,13.0,0.0,9.0,0.0,A01
201400003657,0,7,0,0.0,2.0,3.0,2.0,B02
201400003657,0,33,0,0.0,2.0,1.0,2.0,A01
201400003658,0,7,0,0.0,0.0,4.0,2.0,B02
201400003658,0,33,0,0.0,2.0,1.0,2.0,A01
201400003659,0,7,0,0.0,2.0,3.0,13.0,A01
201400003659,0,7,0,0.0,2.0,3.0,1.0,B02
201400003660,0,7,0,0.0,1.0,4.0,4.0,A01
201400003661,0,7,0,6.0,0.0,7.0,13.0,A01
201400003662,0,7,0,0.0,1.0,3.0,1.0,A01
201400003663,0,33,0,0.0,2.0,8.0,15.0,B02
201400003663,0,7,0,0.0,2.0,1.0,19.0,A01
201400003664,0,7,0,0.0,2.0,3.0,1.0,B02
201400003664,0,7,0,0.0,2.0,3.0,13.0,A01
201400003665,0,7,0,10.0,0.0,3.0,15.0,A01
201400003666,0,31,0,2.0,0.0,1.0,2.0,A01
201400003667,0,7,0,2.0,0.0,2.0,1.0,A01
201400003668,0,7,0,2.0,0.0,1.0,14.0,A01