Num_Acc,senc,catv,occutc,obs,obsm,choc,manv,num_veh
201400003669,0,7,0,13.0,0.0,1.0,1.0,A01
201400003670,0,10,0,6.0,0.0,1.0,16.0,A01
201400003671,0,33,0,0.0,0.0,7.0,1.0,A01
201400003672,0,7,0,0.0,0.0,0.0,17.0,A01
201400003672,0,7,0,0.0,0.0,3.0,1.0,B02
201400003673,0,7,0,0.0,0.0,8.0,24.0,A01
201400003673,0,1,0,1.0,0.0,1.0,1.0,B02
201400003674,0,31,0,0.0,0.0,0.0,1.0,A01
201400003675,0,7,0,0.0,2.0,2.0,1.0,B02
201400003675,0,7,0,0.0,2.0,3.0,9.0,A01
201400003675,0,33,0,0.0,2.0,1.0,1.0,C03
201400003676,0,10,0,13.0,0.0,7.0,14.0,A01
201400003677,0,7,0,2.0,0.0,2.0,0.0,A01
201400003678,0,17,0,0.0,1.0,8.0,1.0,A01
201400003679,2,7,0,0.0,2.0,1.0,13.0,A01
201400003679,0,7,0,0.0,0.0,0.0,0.0,B02
201400003680,0,7,0,2.0,0.0,2.0,14.0,A01
201400003681,0,7,0,2.0,0.0,7.0,1.0,A01
201400003682,0,7,0,0.0,2.0,1.0,1.0,B02
201400003682,0,7,0,0.0,2.0,1.0,15.0,A01
201400003683,0,7,0,2.0,0.0,1.0,13.0,A01
201400003684,0,7,0,0.0,2.0,2.0,1.0,B02
201400003684,0,30,0,0.0,2.0,3.0,16.0,A01
201400003685,0,17,0,0.0,2.0,2.0,1.0,B02
201400003685,0,7,0,0.0,2.0,7.0,9.0,A01
201400003686,0,7,0,2.0,0.0,1.0,1.0,A01
201400003687,0,7,0,0.0,2.0,3.0,1.0,B02
201400003687,0,7,0,13.0,2.0,5.0,15.0,A01
201400003688,0,7,0,0.0,2.0,1.0,1.0,B02
201400003688,0,7,0,0.0,2.0,2.0,15.0,A01
201400003689,0,7,0,6.0,0.0,1.0,13.0,A01
201400003690,0,7,0,13.0,0.0,1.0,1.0,A01
201400003691,0,32,0,0.0,0.0,8.0,1.0,A01
201400003692,0,33,0,13.0,0.0,1.0,1.0,A01
201400003693,0,7,0,0.0,2.0,3.0,1.0,B02
201400003693,0,2,0,0.0,2.0,2.0,1.0,A01
201400003694,0,7,0,0.0,2.0,3.0,1.0,A01
201400003694,0,7,0,0.0,2.0,3.0,1.0,B02
201400003695,0,7,0,0.0,2.0,3.0,1.0,B02
201400003695,0,7,0,0.0,2.0,3.0,13.0,A01
201400003696,0,10,0,0.0,2.0,3.0,15.0,A01
201400003696,0,7,0,0.0,2.0,5.0,1.0,B02
201400003697,0,7,0,2.0,0.0,1.0,16.0,A01
201400003698,0,7,0,0.0,2.0,3.0,1.0,A01
201400003698,0,7,0,0.0,2.0,3.0,1.0,B02
201400003699,0,7,0,6.0,0.0,1.0,1.0,A01
201400003700,0,7,0,0.0,2.0,3.0,1.0,A01
201400003700,2,10,0,0.0,2.0,3.0,13.0,B02
201400003701,0,7,0,13.0,0.0,2.0,1.0,A01
201400003702,0,7,0,8.0,0.0,1.0,1.0,A01
201400003703,0,7,0,1.0,0.0,1.0,1.0,A01
201400003704,0,7,0,0.0,2.0,3.0,15.0,A01
201400003704,0,31,0,0.0,2.0,1.0,17.0,B02
201400003705,0,7,0,0.0,1.0,2.0,1.0,A01
201400003706,0,7,0,0.0,9.0,0.0,9.0,A01
201400003706,0,31,0,0.0,2.0,7.0,14.0,B02
201400003707,0,7,0,0.0,2.0,7.0,1.0,A01
201400003707,0,21,0,0.0,2.0,1.0,19.0,B02
201400003708,0,7,0,2.0,0.0,3.0,1.0,A01
201400003709,0,10,0,0.0,0.0,9.0,1.0,A01
201400003710,0,7,0,0.0,1.0,2.0,1.0,A01
201400003711,0,7,0,2.0,0.0,8.0,13.0,A01
201400003712,0,33,0,3.0,0.0,8.0,17.0,A01
201400003713,0,33,0,1.0,0.0,8.0,13.0,A01
201400003714,0,7,0,2.0,0.0,3.0,1.0,A01
201400003715,0,7,0,0.0,2.0,2.0,13.0,A01
201400003715,0,7,0,0.0,2.0,2.0,13.0,B02
201400003716,0,7,0,0.0,2.0,8.0,17.0,A01
201400003716,0,33,0,0.0,2.0,8.0,17.0,B02
201400003717,0,7,0,0.0,2.0,1.0,1.0,B02
201400003717,0,33,0,0.0,2.0,1.0,13.0,A01
201400003718,0,1,0,0.0,1.0,3.0,1.0,A01
201400003719,0,2,0,0.0,2.0,1.0,1.0,B02
201400003719,0,7,0,0.0,2.0,7.0,15.0,A01
201400003720,0,7,0,0.0,9.0,3.0,15.0,B02
201400003720,0,33,0,0.0,2.0,7.0,17.0,A01
201400003721,0,10,0,0.0,2.0,8.0,17.0,A01
201400003721,0,33,0,0.0,2.0,7.0,17.0,B02
201400003722,0,7,0,0.0,2.0,8.0,1.0,B02
201400003722,0,7,0,0.0,2.0,0.0,13.0,A01
201400003723,0,30,0,0.0,2.0,1.0,2.0,A01
201400003723,0,7,0,0.0,2.0,4.0,2.0,B02
201400003723,0,10,0,0.0,0.0,0.0,0.0,C03
201400003724,0,2,0,0.0,2.0,1.0,13.0,A01
201400003724,0,7,0,0.0,2.0,3.0,1.0,B02
201400003725,0,1,0,16.0,0.0,1.0,14.0,A01
201400003726,0,7,0,0.0,2.0,2.0,11.0,B02
201400003726,0,7,0,0.0,2.0,3.0,1.0,A01
201400003727,0,7,0,0.0,2.0,3.0,17.0,A01
201400003727,0,30,0,0.0,2.0,6.0,15.0,B02
201400003728,0,7,0,0.0,0.0,1.0,1.0,A01
201400003729,0,7,0,0.0,2.0,3.0,1.0,B02
201400003729,0,7,0,0.0,2.0,3.0,1.0,A01
201400003730,0,31,0,0.0,2.0,1.0,1.0,A01
201400003730,0,7,0,0.0,2.0,7.0,15.0,B02
201400003731,0,7,0,2.0,0.0,1.0,1.0,A01
201400003732,0,33,0,0.0,0.0,0.0,1.0,A01
201400003733,0,7,0,8.0,0.0,1.0,1.0,A01
201400003734,0,7,0,6.0,2.0,8.0,1.0,A01
201400003735,0,39,1,0.0,2.0,2.0,2.0,A01
201400003735,0,1,0,0.0,4.0,3.0,9.0,B02
201400003736,0,33,0,0.0,2.0,8.0,1.0,B02
201400003736,0,7,0,0.0,2.0,3.0,13.0,A01
201400003737,0,7,0,0.0,2.0,3.0,13.0,A01
201400003737,0,7,0,0.0,2.0,3.0,1.0,B02
201400003738,0,7,0,16.0,0.0,1.0,21.0,A01
201400003739,0,33,0,12.0,0.0,1.0,1.0,A01
201400003740,0,7,0,0.0,1.0,2.0,1.0,A01
201400003741,0,30,0,0.0,2.0,3.0,1.0,B02
201400003741,0,10,0,0.0,2.0,3.0,13.0,A01
201400003742,0,7,0,10.0,0.0,1.0,1.0,A01
201400003743,0,10,0,0.0,2.0,1.0,13.0,B02
201400003743,0,1,0,1.0,2.0,1.0,1.0,A01
201400003744,0,7,0,0.0,2.0,6.0,15.0,A01
201400003744,0,33,0,0.0,2.0,1.0,1.0,B02
201400003745,0,7,0,0.0,1.0,2.0,1.0,A01
201400003746,0,7,0,8.0,0.0,1.0,14.0,A01
201400003747,0,33,0,13.0,0.0,1.0,1.0,A01
201400003748,0,7,0,2.0,0.0,7.0,14.0,A01
201400003749,0,10,0,6.0,0.0,3.0,1.0,A01
201400003750,0,7,0,8.0,0.0,2.0,1.0,A01
201400003751,0,7,0,0.0,1.0,2.0,1.0,A01
201400003752,0,7,0,0.0,2.0,3.0,1.0,A01
201400003752,0,7,0,0.0,2.0,7.0,15.0,B02
201400003753,0,7,0,0.0,1.0,4.0,4.0,A01
201400003754,0,7,0,0.0,2.0,1.0,13.0,A01
201400003754,0,7,0,0.0,2.0,1.0,1.0,B01
201400003755,0,7,0,0.0,1.0,7.0,0.0,A01
201400003756,0,33,0,1.0,0.0,1.0,14.0,A01
201400003757,0,10,0,0.0,1.0,4.0,4.0,A01
201400003758,0,7,0,0.0,1.0,7.0,1.0,A01
201400003759,0,7,0,0.0,0.0,4.0,1.0,B01
201400003759,0,7,0,14.0,0.0,1.0,1.0,A01
201400003760,0,17,0,0.0,2.0,1.0,2.0,A01
201400003760,0,21,0,0.0,2.0,4.0,2.0,B02
201400003761,0,3,0,0.0,2.0,3.0,5.0,A01
201400003761,0,37,0,0.0,2.0,3.0,1.0,B02
201400003762,0,7,0,0.0,1.0,2.0,1.0,A01
201400003763,0,7,0,1.0,0.0,1.0,17.0,C03
201400003763,0,7,0,0.0,2.0,8.0,1.0,B02
201400003763,0,10,0,0.0,2.0,5.0,17.0,A01
201400003764,0,7,0,0.0,2.0,3.0,15.0,A01
201400003764,0,33,0,0.0,2.0,1.0,1.0,B02
201400003765,0,7,0,0.0,2.0,4.0,2.0,B02
201400003765,0,7,0,0.0,2.0,6.0,2.0,C03
201400003765,0,7,0,0.0,2.0,1.0,2.0,A01
201400003766,0,7,0,0.0,2.0,5.0,17.0,B02
201400003766,0,1,0,0.0,2.0,3.0,2.0,A01
201400003767,0,7,0,2.0,0.0,1.0,1.0,A01
201400003768,0,7,0,13.0,0.0,3.0,1.0,A01
201400003769,0,10,0,13.0,0.0,3.0,1.0,A01
201400003770,0,10,0,0.0,2.0,2.0,13.0,A01
201400003770,0,15,0,6.0,2.0,1.0,1.0,B02
201400003771,0,7,0,13.0,0.0,2.0,1.0,A01
201400003772,0,7,0,13.0,0.0,1.0,1.0,A01
201400003773,0,7,0,13.0,0.0,2.0,1.0,A01
201400003774,0,10,0,0.0,2.0,3.0,21.0,B02
201400003774,0,2,0,0.0,2.0,1.0,1.0,A01
201400003775,0,20,0,13.0,1.0,8.0,13.0,A01
201400003776,0,10,0,0.0,1.0,1.0,1.0,A01
201400003777,0,7,0,0.0,9.0,1.0,1.0,A01
201400003778,0,33,0,0.0,2.0,1.0,1.0,A01
201400003778,0,7,0,0.0,2.0,8.0,9.0,B02
201400003779,0,7,0,2.0,0.0,6.0,2.0,A01
201400003780,0,21,0,0.0,2.0,3.0,15.0,B02
201400003780,0,33,0,0.0,2.0,2.0,17.0,A01
201400003781,0,2,0,0.0,0.0,1.0,14.0,A01
201400003782,0,7,0,0.0,1.0,1.0,1.0,A01
201400003783,0,7,0,6.0,0.0,2.0,1.0,A01
201400003784,0,3,0,0.0,0.0,0.0,15.0,A01
201400003785,0,7,0,0.0,2.0,2.0,2.0,A01
201400003785,0,1,0,0.0,2.0,4.0,1.0,B02
201400003786,0,99,0,0.0,9.0,1.0,1.0,A01
201400003787,0,7,0,0.0,2.0,3.0,1.0,D04
201400003787,0,7,0,0.0,2.0,8.0,1.0,B02
201400003787,0,7,0,0.0,2.0,3.0,13.0,A01
201400003787,0,7,0,0.0,2.0,3.0,1.0,C03
201400003788,0,33,0,14.0,0.0,0.0,1.0,B02
201400003788,0,33,0,13.0,0.0,7.0,1.0,A01
201400003789,0,1,0,0.0,2.0,8.0,15.0,C03
201400003789,0,7,0,0.0,2.0,7.0,17.0,A01
201400003789,0,7,0,0.0,2.0,3.0,21.0,B02
201400003790,0,7,0,0.0,1.0,1.0,1.0,A01
201400003791,0,7,0,13.0,0.0,3.0,1.0,A01
201400003792,0,14,0,2.0,0.0,1.0,1.0,A01
201400003793,0,7,0,2.0,0.0,1.0,1.0,A01
201400003794,0,10,0,16.0,0.0,9.0,1.0,A01
201400003795,0,2,0,0.0,2.0,1.0,19.0,A01
201400003795,0,7,0,0.0,2.0,2.0,1.0,B02
201400003796,0,35,0,13.0,0.0,2.0,1.0,A01
201400003797,0,10,0,13.0,0.0,1.0,1.0,A01
201400003798,0,7,0,0.0,1.0,2.0,1.0,A01
201400003799,0,14,0,0.0,2.0,1.0,1.0,B02
201400003799,0,10,0,0.0,2.0,8.0,15.0,A01
201400003800,0,10,0,13.0,0.0,1.0,14.0,A01
201400003801,0,2,0,0.0,2.0,1.0,2.0,A01
201400003801,0,1,0,0.0,2.0,4.0,15.0,B02
201400003802,0,33,0,0.0,0.0,8.0,11.0,A01
201400003803,0,31,0,0.0,2.0,1.0,1.0,A01
201400003803,0,15,0,0.0,2.0,1.0,1.0,B02
201400003804,0,33,0,3.0,0.0,1.0,13.0,A01
201400003805,0,7,0,0.0,4.0,2.0,23.0,A01
201400003805,0,7,0,0.0,2.0,3.0,23.0,B02
201400003805,0,39,0,1.0,0.0,2.0,1.0,C03
201400003806,0,1,0,14.0,0.0,1.0,1.0,A01
201400003806,0,1,0,14.0,0.0,1.0,2.0,B02
201400003806,0,1,0,14.0,0.0,1.0,2.0,C03
201400003807,0,33,0,13.0,0.0,1.0,1.0,A01
201400003808,0,7,0,0.0,1.0,1.0,1.0,A01
201400003809,0,7,0,2.0,0.0,1.0,13.0,A01
201400003810,0,7,0,3.0,2.0,3.0,19.0,A01
201400003810,0,10,0,0.0,2.0,2.0,1.0,B02
201400003811,0,10,0,0.0,2.0,1.0,19.0,A01
201400003811,0,7,0,0.0,2.0,7.0,1.0,B02
201400003812,0,33,0,0.0,0.0,8.0,1.0,A01
201400003813,0,7,0,0.0,0.0,1.0,1.0,A01
201400003814,0,7,0,0.0,1.0,1.0,1.0,A01
201400003815,0,17,0,2.0,0.0,1.0,16.0,A01
201400003816,0,7,0,6.0,0.0,2.0,1.0,A01
201400003817,0,7,0,0.0,2.0,1.0,1.0,B02
201400003817,0,7,0,0.0,2.0,1.0,15.0,A01
201400003818,0,7,0,0.0,2.0,8.0,1.0,A01
201400003818,0,7,0,0.0,2.0,3.0,1.0,B02
201400003819,0,7,0,0.0,1.0,2.0,1.0,A01
201400003820,0,7,0,6.0,0.0,1.0,1.0,A01
201400003821,0,7,0,0.0,1.0,2.0,1.0,A01
201400003822,0,7,0,16.0,0.0,1.0,1.0,A01
201400003823,0,7,0,0.0,1.0,3.0,1.0,A01
201400003824,0,30,0,0.0,0.0,7.0,21.0,A01
201400003825,0,21,0,0.0,2.0,5.0,23.0,B02
201400003825,0,33,0,14.0,0.0,8.0,21.0,A01
201400003826,0,7,0,1.0,1.0,1.0,13.0,A01
201400003827,0,33,0,0.0,2.0,8.0,13.0,A01
201400003827,0,7,0,0.0,2.0,8.0,1.0,B02
201400003828,0,7,0,13.0,0.0,2.0,1.0,A01
201400003829,0,7,0,0.0,2.0,4.0,2.0,C03
201400003829,0,10,0,0.0,2.0,3.0,1.0,A01
201400003829,0,7,0,0.0,2.0,5.0,2.0,B02
201400003830,0,7,0,0.0,2.0,1.0,15.0,A01
201400003830,0,7,0,0.0,2.0,1.0,1.0,B02
201400003831,0,7,0,6.0,0.0,8.0,13.0,A01
201400003832,0,7,0,0.0,2.0,2.0,1.0,B02
201400003832,0,7,0,0.0,2.0,5.0,19.0,A01
201400003833,0,33,0,0.0,0.0,0.0,15.0,A01
201400003834,0,10,0,0.0,0.0,1.0,1.0,A01
201400003834,0,30,0,0.0,0.0,1.0,1.0,B02
201400003835,0,7,0,0.0,2.0,8.0,6.0,A01
201400003835,0,33,0,0.0,2.0,7.0,9.0,B02
201400003836,0,7,0,0.0,2.0,2.0,19.0,A01
201400003836,0,33,0,0.0,2.0,8.0,1.0,B02
201400003837,0,14,0,0.0,2.0,2.0,1.0,A01
201400003837,0,7,0,0.0,0.0,4.0,23.0,B02
201400003838,0,7,0,0.0,2.0,1.0,1.0,B02
201400003838,0,7,0,0.0,2.0,3.0,19.0,A01
201400003839,0,7,0,0.0,2.0,1.0,1.0,A01
201400003839,0,7,0,0.0,2.0,1.0,1.0,B02
201400003840,0,7,0,0.0,2.0,8.0,1.0,A01
201400003840,0,7,0,0.0,2.0,1.0,1.0,B02
201400003841,0,17,0,0.0,2.0,2.0,1.0,B02
201400003841,0,7,0,0.0,2.0,3.0,1.0,A01
201400003842,0,2,0,0.0,2.0,6.0,19.0,A01
201400003842,0,7,0,0.0,2.0,1.0,0.0,B02
201400003843,0,7,0,0.0,2.0,1.0,1.0,B02
201400003843,0,7,0,0.0,2.0,7.0,1.0,A01
201400003844,0,2,0,8.0,0.0,1.0,21.0,A01
201400003845,0,7,0,0.0,2.0,3.0,13.0,A01
201400003845,0,7,0,0.0,2.0,3.0,1.0,B02
201400003846,0,7,0,0.0,2.0,1.0,2.0,A01
201400003846,0,7,0,0.0,2.0,4.0,1.0,B02
201400003847,0,7,0,13.0,0.0,1.0,14.0,A01
201400003848,0,7,0,0.0,2.0,3.0,13.0,A01
201400003848,0,7,0,0.0,2.0,3.0,1.0,B02
201400003849,0,14,0,0.0,2.0,1.0,23.0,C03
201400003849,0,7,0,0.0,2.0,8.0,21.0,B02
201400003849,0,7,0,9.0,0.0,1.0,14.0,A01
201400003850,0,7,0,0.0,2.0,1.0,17.0,A01
201400003850,0,7,0,0.0,2.0,8.0,15.0,B02
201400003851,0,33,0,13.0,0.0,1.0,1.0,A01
201400003852,0,7,0,13.0,0.0,9.0,14.0,A01
201400003853,0,7,0,0.0,4.0,2.0,1.0,A01
201400003854,0,10,0,13.0,0.0,1.0,13.0,A01
201400003855,0,33,0,0.0,2.0,1.0,1.0,B02
201400003855,0,7,0,0.0,2.0,1.0,15.0,A01
201400003856,0,7,0,0.0,2.0,2.0,1.0,B02
201400003856,0,2,0,0.0,2.0,1.0,18.0,A01
201400003857,0,7,0,13.0,0.0,2.0,13.0,A01
201400003858,0,10,0,0.0,1.0,1.0,1.0,A01
201400003859,1,15,0,0.0,1.0,1.0,1.0,A01
201400003860,0,10,0,0.0,2.0,7.0,19.0,A01
201400003860,0,7,0,0.0,2.0,1.0,1.0,B02
201400003861,0,33,0,0.0,2.0,1.0,1.0,B01
201400003861,0,7,0,0.0,2.0,3.0,15.0,A02
201400003862,0,7,0,0.0,2.0,2.0,21.0,C03
201400003862,0,7,0,0.0,2.0,1.0,13.0,A01
201400003862,0,7,0,0.0,2.0,1.0,1.0,B02
201400003863,0,14,0,6.0,0.0,9.0,14.0,A01
201400003864,0,7,0,13.0,0.0,3.0,21.0,A01
201400003865,0,1,0,0.0,0.0,0.0,1.0,A01
201400003866,0,7,0,0.0,2.0,1.0,1.0,B01
201400003866,0,7,0,0.0,2.0,3.0,19.0,A02
201400003867,0,10,0,0.0,2.0,1.0,1.0,A01
201400003867,0,7,0,0.0,2.0,4.0,15.0,B02
201400003868,0,33,0,16.0,0.0,1.0,1.0,A01
201400003869,0,10,0,2.0,0.0,1.0,14.0,A01
201400003870,0,7,0,0.0,1.0,1.0,1.0,A01
201400003871,0,7,0,0.0,2.0,1.0,1.0,B02
201400003871,0,7,0,0.0,2.0,7.0,13.0,A01
201400003872,0,7,0,0.0,2.0,3.0,1.0,E05
201400003872,0,7,0,0.0,2.0,1.0,13.0,A01
201400003872,0,7,0,0.0,2.0,1.0,1.0,D04
201400003872,0,7,0,0.0,2.0,3.0,1.0,B02
201400003872,0,7,0,0.0,2.0,3.0,1.0,C03
201400003873,0,10,0,0.0,0.0,9.0,14.0,A01
201400003874,0,7,0,8.0,0.0,1.0,1.0,A01
201400003875,0,7,0,16.0,0.0,7.0,1.0,A01
201400003876,0,33,0,13.0,0.0,1.0,14.0,A01
201400003877,0,7,0,0.0,6.0,1.0,1.0,A01
201400003878,0,7,0,2.0,0.0,2.0,13.0,A01
201400003879,0,7,0,0.0,2.0,5.0,13.0,A01
201400003879,0,7,0,0.0,2.0,1.0,1.0,B02
201400003880,0,7,0,0.0,2.0,1.0,1.0,B02
201400003880,0,7,0,0.0,2.0,1.0,13.0,A01
201400003881,0,7,0,13.0,0.0,1.0,1.0,A01
201400003882,2,7,0,0.0,2.0,2.0,1.0,A01
201400003882,0,7,0,0.0,2.0,3.0,1.0,B02
201400003883,0,10,0,0.0,6.0,1.0,1.0,A01
201400003884,0,7,0,2.0,0.0,9.0,14.0,A01
201400003885,0,7,0,2.0,0.0,3.0,0.0,A01
201400003886,0,7,0,15.0,0.0,3.0,13.0,A01
201400003887,0,7,0,0.0,1.0,2.0,1.0,A01
201400003888,0,7,0,6.0,0.0,1.0,0.0,A01
201400003889,0,31,0,0.0,6.0,2.0,1.0,A01
201400003890,0,10,0,13.0,0.0,2.0,14.0,A01
201400003891,0,7,0,13.0,0.0,3.0,13.0,A01
201400003892,0,10,0,0.0,1.0,2.0,1.0,A01
201400003893,0,7,0,13.0,0.0,3.0,1.0,A01
201400003894,0,30,0,5.0,0.0,2.0,1.0,A01
201400003895,0,10,0,0.0,2.0,2.0,1.0,B02
201400003895,0,7,0,0.0,2.0,8.0,15.0,A01
201400003896,0,7,0,0.0,1.0,2.0,1.0,A01
201400003897,0,10,0,0.0,2.0,1.0,15.0,A01
201400003897,0,2,0,0.0,2.0,1.0,1.0,B02
201400003898,0,7,0,0.0,1.0,2.0,9.0,A01
201400003899,0,7,0,2.0,0.0,1.0,14.0,A01
201400003900,0,7,0,2.0,0.0,3.0,13.0,A01
201400003901,0,7,0,13.0,0.0,9.0,13.0,A01
201400003902,0,1,0,0.0,2.0,1.0,19.0,B02
201400003902,0,7,0,0.0,2.0,2.0,1.0,A01
201400003903,0,2,0,0.0,2.0,3.0,1.0,A01
201400003903,0,15,0,0.0,2.0,3.0,1.0,B02
201400003904,0,7,0,0.0,2.0,1.0,13.0,A01
201400003904,0,99,0,0.0,2.0,3.0,1.0,B02
201400003905,0,7,0,0.0,2.0,3.0,1.0,A01
201400003905,0,10,0,0.0,2.0,3.0,1.0,B02
201400003906,0,7,0,0.0,0.0,2.0,17.0,A01
201400003906,0,7,0,0.0,2.0,6.0,1.0,B02
201400003907,0,33,0,0.0,2.0,1.0,17.0,A01
201400003907,0,10,0,0.0,2.0,3.0,15.0,B02
201400003908,0,33,0,13.0,0.0,1.0,14.0,A01
201400003909,0,7,0,13.0,0.0,1.0,1.0,A01
201400003910,0,7,0,14.0,0.0,9.0,1.0,A01
201400003911,0,33,0,8.0,0.0,7.0,13.0,A01
201400003912,0,10,0,0.0,1.0,1.0,1.0,A01
201400003913,0,33,0,0.0,2.0,1.0,21.0,A01
201400003913,0,7,0,0.0,2.0,3.0,15.0,B02
201400003914,0,30,0,2.0,0.0,1.0,13.0,A01
201400003915,0,10,0,0.0,2.0,2.0,1.0,A01
201400003915,0,14,0,0.0,2.0,4.0,1.0,B02
201400003916,0,7,0,0.0,2.0,2.0,15.0,A01
201400003916,0,7,0,0.0,2.0,2.0,21.0,B02
201400003917,0,7,0,0.0,2.0,1.0,19.0,A01
201400003917,0,33,0,0.0,2.0,8.0,15.0,B02
201400003918,0,1,0,0.0,2.0,7.0,9.0,B02
201400003918,0,7,0,0.0,2.0,1.0,1.0,A01
201400003919,0,7,0,0.0,1.0,2.0,1.0,A01
201400003920,0,7,0,0.0,2.0,4.0,23.0,B02
201400003920,0,7,0,0.0,2.0,1.0,1.0,C03
201400003920,0,10,0,0.0,2.0,1.0,1.0,A01
201400003921,0,7,0,6.0,0.0,1.0,14.0,A01
201400003922,0,7,0,0.0,0.0,1.0,14.0,A01
201400003923,0,7,0,2.0,0.0,1.0,14.0,A01
201400003924,0,7,0,0.0,2.0,2.0,13.0,A01
201400003924,0,7,0,0.0,2.0,1.0,17.0,B02
201400003924,0,7,0,0.0,2.0,1.0,1.0,C03
201400003925,0,17,0,0.0,2.0,0.0,1.0,B02
201400003925,0,7,0,0.0,2.0,1.0,13.0,A01
201400003926,0,7,0,2.0,0.0,1.0,0.0,A01
201400003927,0,33,0,0.0,6.0,1.0,1.0,A01
201400003928,0,15,0,0.0,2.0,8.0,13.0,A01
201400003928,0,10,0,0.0,2.0,1.0,1.0,B02
201400003929,0,7,0,6.0,0.0,1.0,1.0,A01
201400003930,0,7,0,6.0,0.0,2.0,15.0,A01
201400003931,0,7,0,0.0,6.0,0.0,14.0,A01
201400003932,0,17,0,16.0,0.0,7.0,1.0,A01
201400003933,0,7,0,0.0,0.0,9.0,1.0,A01
201400003934,0,7,0,0.0,2.0,1.0,2.0,A01
201400003934,0,10,0,0.0,2.0,4.0,2.0,B02
201400003935,0,7,0,0.0,0.0,9.0,14.0,A01
201400003936,0,7,0,0.0,2.0,2.0,2.0,A01
201400003936,0,2,0,0.0,2.0,4.0,2.0,B02
201400003937,0,31,0,0.0,0.0,0.0,1.0,A01
201400003938,0,7,0,13.0,0.0,1.0,14.0,A01
201400003939,0,7,0,0.0,2.0,1.0,1.0,B02
201400003939,0,7,0,0.0,2.0,1.0,5.0,A01
201400003940,0,7,0,0.0,2.0,3.0,1.0,A01
201400003940,0,7,0,0.0,2.0,3.0,1.0,B02
201400003941,0,13,0,0.0,2.0,3.0,1.0,B02
201400003941,0,10,0,0.0,2.0,3.0,1.0,A01
201400003942,0,7,0,4.0,0.0,3.0,1.0,A01
201400003943,1,7,0,0.0,1.0,1.0,1.0,A01
201400003944,0,7,0,2.0,6.0,3.0,1.0,A01
201400003945,0,99,0,0.0,2.0,1.0,5.0,A01
201400003945,0,7,0,0.0,2.0,1.0,1.0,B02
201400003946,0,7,0,0.0,2.0,3.0,1.0,B02
201400003946,0,2,0,0.0,2.0,1.0,1.0,A01
201400003947,0,7,0,0.0,1.0,2.0,1.0,A01
201400003948,0,7,0,0.0,2.0,3.0,1.0,B02
201400003948,0,7,0,0.0,2.0,1.0,13.0,A01
201400003949,0,7,0,0.0,2.0,3.0,13.0,B02
201400003949,0,33,0,0.0,2.0,1.0,1.0,A01
201400003950,0,33,0,13.0,0.0,1.0,1.0,A01
201400003951,0,33,0,0.0,0.0,7.0,1.0,A01
201400003952,0,30,0,0.0,2.0,1.0,13.0,A01
201400003952,0,7,0,0.0,2.0,1.0,1.0,B02
201400003953,0,33,0,0.0,6.0,7.0,1.0,A01
201400003954,0,7,0,0.0,2.0,1.0,1.0,C03
201400003954,0,7,0,0.0,2.0,1.0,1.0,B02
201400003954,0,7,0,0.0,2.0,7.0,13.0,A01
201400003955,0,7,0,0.0,2.0,3.0,1.0,B02
201400003955,0,7,0,0.0,2.0,3.0,13.0,A01
201400003956,0,7,0,0.0,2.0,3.0,1.0,B02
201400003956,0,7,0,0.0,2.0,3.0,1.0,A01
201400003957,0,33,0,0.0,2.0,7.0,21.0,B02
201400003957,0,7,0,0.0,2.0,2.0,19.0,A01
201400003958,0,7,0,13.0,0.0,2.0,1.0,A01
201400003959,1,7,0,0.0,1.0,3.0,16.0,A01
201400003960,0,7,0,6.0,0.0,8.0,1.0,A01
201400003961,0,17,0,3.0,0.0,7.0,1.0,A01
201400003962,0,10,0,0.0,2.0,6.0,13.0,B02
201400003962,0,14,0,0.0,2.0,8.0,13.0,A01
201400003963,0,7,0,0.0,2.0,3.0,1.0,B02
201400003963,0,7,0,0.0,2.0,3.0,13.0,A01
201400003964,0,7,0,0.0,2.0,2.0,13.0,B02
201400003964,0,30,0,0.0,2.0,7.0,13.0,A01
201400003965,0,7,0,0.0,2.0,8.0,15.0,A01
201400003965,0,15,0,0.0,2.0,1.0,1.0,B02
201400003966,0,7,0,0.0,1.0,1.0,1.0,A01
201400003967,0,7,0,0.0,0.0,1.0,13.0,A01
201400003967,0,7,0,0.0,0.0,1.0,1.0,B02
201400003968,0,1,0,0.0,0.0,6.0,1.0,A01
201400003968,0,21,0,0.0,0.0,2.0,2.0,B02
201400003969,0,7,0,0.0,2.0,1.0,1.0,B02
201400003969,1,7,0,0.0,0.0,0.0,17.0,C03
201400003969,0,7,0,0.0,2.0,1.0,21.0,A01
201400003970,0,2,0,0.0,2.0,1.0,13.0,A01
201400003970,0,7,0,0.0,2.0,1.0,1.0,B02
201400003971,0,7,0,13.0,0.0,9.0,13.0,A01
201400003972,0,2,0,3.0,0.0,1.0,1.0,A01
201400003973,0,7,0,1.0,0.0,3.0,1.0,A01
201400003974,0,7,0,0.0,2.0,3.0,13.0,A01
201400003974,0,7,0,0.0,2.0,3.0,1.0,B02
201400003975,0,7,0,2.0,0.0,6.0,1.0,A01
201400003976,0,7,0,0.0,2.0,7.0,1.0,A01