Num_Acc,senc,catv,occutc,obs,obsm,choc,manv,num_veh
201400004280,0,7,0,8.0,0.0,1.0,1.0,A01
201400004281,0,7,0,0.0,2.0,7.0,21.0,B02
201400004281,0,33,0,0.0,2.0,1.0,1.0,A01
201400004282,0,10,0,0.0,2.0,3.0,16.0,A01
201400004282,0,31,0,0.0,2.0,8.0,1.0,B02
201400004283,0,33,0,0.0,2.0,8.0,21.0,B02
201400004283,0,15,0,0.0,0.0,6.0,1.0,A01
201400004284,0,7,0,0.0,1.0,2.0,17.0,A01
201400004285,0,7,0,8.0,0.0,8.0,6.0,A01
201400004286,0,7,0,2.0,0.0,1.0,1.0,A01
201400004287,0,7,0,14.0,0.0,1.0,1.0,A01
201400004288,0,7,0,0.0,2.0,8.0,1.0,B02
201400004288,0,7,0,0.0,2.0,7.0,12.0,A01
201400004289,0,7,0,0.0,9.0,2.0,2.0,A01
201400004289,0,33,0,0.0,2.0,1.0,2.0,B02
201400004290,0,33,0,0.0,2.0,1.0,9.0,A01
201400004290,0,7,0,0.0,0.0,5.0,1.0,B02
201400004291,0,7,0,0.0,2.0,0.0,2.0,A01
201400004291,0,33,0,0.0,2.0,1.0,2.0,B02
201400004292,0,34,0,0.0,2.0,1.0,1.0,B02
201400004292,0,7,0,0.0,0.0,6.0,19.0,A01
201400004293,0,7,0,0.0,2.0,7.0,15.0,A01
201400004293,0,30,0,0.0,2.0,1.0,1.0,B02
201400004293,0,7,0,0.0,2.0,3.0,1.0,C03
201400004294,0,7,0,0.0,0.0,0.0,9.0,A01
201400004294,0,7,0,0.0,2.0,1.0,21.0,B02
201400004294,0,7,0,0.0,2.0,1.0,0.0,C03
201400004295,0,33,0,0.0,2.0,8.0,1.0,B02
201400004295,0,7,0,0.0,0.0,3.0,19.0,A01
201400004296,0,7,0,0.0,2.0,3.0,2.0,A01
201400004296,0,7,0,0.0,2.0,3.0,1.0,B02
201400004296,0,7,0,0.0,2.0,1.0,15.0,C03
201400004297,0,7,0,0.0,2.0,2.0,14.0,A01
201400004297,0,1,0,0.0,2.0,4.0,1.0,B02
201400004298,0,1,0,0.0,2.0,4.0,0.0,B02
201400004298,0,7,0,0.0,9.0,2.0,14.0,A01
201400004299,0,7,0,0.0,2.0,3.0,10.0,A01
201400004299,0,33,0,0.0,2.0,1.0,2.0,B02
201400004300,0,33,0,0.0,2.0,9.0,21.0,B02
201400004300,0,10,0,1.0,0.0,2.0,15.0,A01
201400004301,0,33,0,0.0,0.0,0.0,1.0,A01
201400004302,0,7,0,0.0,2.0,2.0,15.0,A01
201400004302,0,33,0,0.0,2.0,1.0,1.0,B02
201400004303,0,7,0,0.0,2.0,3.0,1.0,A01
201400004303,0,7,0,0.0,2.0,3.0,1.0,B02
201400004304,0,7,0,0.0,2.0,1.0,1.0,B02
201400004304,0,7,0,0.0,2.0,7.0,13.0,A01
201400004305,0,2,0,0.0,1.0,1.0,1.0,A01
201400004306,0,7,0,0.0,2.0,8.0,23.0,B02
201400004306,0,30,0,0.0,2.0,3.0,1.0,A01
201400004307,0,7,0,0.0,2.0,7.0,11.0,A01
201400004307,0,2,0,0.0,2.0,8.0,1.0,B02
201400004308,0,10,0,0.0,2.0,1.0,5.0,A01
201400004308,0,10,0,0.0,2.0,8.0,15.0,B02
201400004309,0,7,0,0.0,2.0,1.0,1.0,B02
201400004309,0,7,0,0.0,2.0,1.0,17.0,A01
201400004310,0,30,0,0.0,2.0,1.0,9.0,B02
201400004310,0,7,0,0.0,2.0,3.0,9.0,A01
201400004311,0,7,0,1.0,0.0,2.0,14.0,A01
201400004311,0,10,0,0.0,2.0,6.0,0.0,B02
201400004312,0,7,0,0.0,0.0,6.0,15.0,A01
201400004312,0,31,0,0.0,0.0,1.0,21.0,B02
201400004313,0,7,0,0.0,1.0,2.0,1.0,A01
201400004314,0,1,0,0.0,2.0,0.0,2.0,B02
201400004314,0,7,0,0.0,9.0,5.0,2.0,A01
201400004315,0,7,0,,1.0,,,A01
201400004316,0,7,0,0.0,2.0,3.0,15.0,B02
201400004316,0,7,0,0.0,2.0,2.0,16.0,A01
201400004317,0,7,0,0.0,2.0,3.0,0.0,B02
201400004317,0,7,0,0.0,2.0,3.0,0.0,A01
201400004318,0,15,0,0.0,1.0,8.0,1.0,A01
201400004319,0,33,0,0.0,1.0,8.0,1.0,A01
201400004320,0,31,0,0.0,2.0,0.0,1.0,B01
201400004320,0,7,0,0.0,2.0,0.0,15.0,A01
201400004321,0,37,35,0.0,0.0,4.0,0.0,A01
201400004321,0,14,0,1.0,0.0,1.0,1.0,B02
201400004322,0,33,0,0.0,2.0,2.0,2.0,A01
201400004322,0,7,0,0.0,2.0,8.0,15.0,B02
201400004323,0,7,0,0.0,9.0,7.0,1.0,B02
201400004323,0,1,0,0.0,2.0,1.0,1.0,A01
201400004324,0,33,0,0.0,0.0,0.0,0.0,A01
201400004325,0,7,0,0.0,2.0,7.0,15.0,A01
201400004325,0,30,0,0.0,2.0,1.0,1.0,B02
201400004326,0,1,0,0.0,0.0,7.0,0.0,A01
201400004326,0,7,0,0.0,9.0,2.0,0.0,B02
201400004327,0,14,0,13.0,0.0,1.0,1.0,A01
201400004328,0,7,0,0.0,2.0,3.0,1.0,B02
201400004328,0,7,0,11.0,0.0,5.0,15.0,A01
201400004329,0,7,0,0.0,2.0,1.0,5.0,B02
201400004329,0,7,0,0.0,2.0,1.0,5.0,A01
201400004330,0,16,0,0.0,2.0,1.0,1.0,A01
201400004330,0,7,0,0.0,0.0,4.0,23.0,C03
201400004330,0,7,0,0.0,2.0,4.0,1.0,B02
201400004331,0,33,0,0.0,0.0,8.0,23.0,A01
201400004331,0,33,0,0.0,0.0,0.0,21.0,B02
201400004332,0,7,0,0.0,2.0,5.0,15.0,A01
201400004332,0,33,0,0.0,2.0,1.0,1.0,B02
201400004333,0,33,0,0.0,2.0,1.0,15.0,A01
201400004333,0,7,0,0.0,2.0,6.0,13.0,B02
201400004334,0,7,0,0.0,2.0,3.0,10.0,A01
201400004334,0,7,0,0.0,2.0,1.0,1.0,B02
201400004335,0,7,0,14.0,0.0,1.0,1.0,A01
201400004336,0,7,0,0.0,2.0,8.0,15.0,B02
201400004336,0,33,0,0.0,2.0,1.0,1.0,A01
201400004337,0,7,0,0.0,2.0,1.0,1.0,A01
201400004337,0,33,0,0.0,2.0,7.0,1.0,B02
201400004338,0,7,0,0.0,2.0,1.0,1.0,A01
201400004338,0,7,0,0.0,2.0,1.0,1.0,B02
201400004339,0,7,0,13.0,0.0,9.0,1.0,A01
201400004340,0,17,0,0.0,0.0,1.0,1.0,B02
201400004340,0,7,0,0.0,0.0,1.0,5.0,A01
201400004341,0,7,0,0.0,2.0,5.0,19.0,A01
201400004341,0,33,0,0.0,2.0,1.0,1.0,B02
201400004342,0,7,0,8.0,0.0,1.0,1.0,A01
201400004343,0,7,0,0.0,2.0,8.0,1.0,B02
201400004343,0,7,0,0.0,2.0,1.0,9.0,A01
201400004344,0,7,0,0.0,2.0,3.0,1.0,A01
201400004344,0,10,0,0.0,2.0,1.0,13.0,B02
201400004345,0,7,0,0.0,1.0,1.0,1.0,A01
201400004346,0,10,0,0.0,2.0,3.0,6.0,A01
201400004346,0,7,0,0.0,2.0,1.0,1.0,B02
201400004347,0,7,0,0.0,2.0,3.0,1.0,A01
201400004347,0,7,0,0.0,2.0,8.0,15.0,B02
201400004348,0,7,0,11.0,0.0,3.0,1.0,A01
201400004349,0,10,0,0.0,1.0,2.0,0.0,A01
201400004350,0,33,0,0.0,2.0,1.0,1.0,A01
201400004350,0,7,0,0.0,0.0,3.0,15.0,B02
201400004351,0,7,0,9.0,0.0,2.0,1.0,A01
201400004352,0,7,0,0.0,0.0,1.0,19.0,B02
201400004352,0,7,0,0.0,0.0,8.0,1.0,A01
201400004353,0,7,0,0.0,1.0,1.0,1.0,A01
201400004354,0,7,0,0.0,0.0,4.0,2.0,B02
201400004354,0,7,0,0.0,0.0,4.0,2.0,A01
201400004354,0,7,0,0.0,0.0,1.0,0.0,C03
201400004355,0,7,0,0.0,0.0,8.0,9.0,A01
201400004355,0,31,0,0.0,2.0,1.0,1.0,B02
201400004356,0,7,0,0.0,2.0,6.0,23.0,C03
201400004356,0,7,0,0.0,2.0,3.0,13.0,A01
201400004356,0,7,0,0.0,2.0,3.0,1.0,B02
201400004357,0,7,0,13.0,0.0,2.0,1.0,A01
201400004358,0,7,0,0.0,2.0,1.0,13.0,A01
201400004358,0,7,0,0.0,2.0,1.0,1.0,B02
201400004359,0,7,0,0.0,2.0,8.0,15.0,A01
201400004359,0,7,0,0.0,2.0,1.0,2.0,B02
201400004360,0,21,0,0.0,2.0,3.0,1.0,A01
201400004360,0,2,0,0.0,2.0,1.0,1.0,B02
201400004361,0,7,0,,2.0,3.0,1.0,A01
201400004361,0,10,0,,2.0,3.0,1.0,B02
201400004362,0,7,0,0.0,1.0,3.0,1.0,A01
201400004363,0,7,0,0.0,2.0,1.0,13.0,A01
201400004363,0,7,0,0.0,2.0,1.0,1.0,B02
201400004364,0,7,0,0.0,0.0,9.0,16.0,A01
201400004365,0,7,0,,2.0,3.0,14.0,B02
201400004365,0,7,0,,2.0,3.0,,A01
201400004366,0,7,0,0.0,2.0,1.0,13.0,A01
201400004366,0,7,0,0.0,2.0,1.0,1.0,B02
201400004367,0,30,0,0.0,2.0,1.0,1.0,B02
201400004367,0,7,0,0.0,2.0,3.0,9.0,A01
201400004368,0,7,0,0.0,2.0,3.0,1.0,A01
201400004368,0,7,0,0.0,2.0,6.0,1.0,C03
201400004368,0,7,0,0.0,2.0,1.0,1.0,B02
201400004369,0,14,0,0.0,1.0,2.0,0.0,A01
201400004370,0,7,0,6.0,0.0,1.0,1.0,A01
201400004371,0,7,0,16.0,0.0,9.0,1.0,A01
201400004372,0,33,0,0.0,0.0,0.0,1.0,A01
201400004373,0,7,0,0.0,2.0,3.0,1.0,C03
201400004373,0,33,0,0.0,2.0,1.0,0.0,B02
201400004373,0,7,0,0.0,2.0,8.0,15.0,A01
201400004374,0,7,0,0.0,2.0,2.0,1.0,B02
201400004374,0,33,0,0.0,2.0,1.0,1.0,A01
201400004375,0,7,0,0.0,2.0,2.0,13.0,B02
201400004375,0,7,0,0.0,2.0,2.0,13.0,A01
201400004376,0,7,0,0.0,0.0,0.0,1.0,A01
201400004377,0,31,0,0.0,2.0,1.0,1.0,A01
201400004377,0,7,0,0.0,2.0,6.0,1.0,B02
201400004378,0,7,0,0.0,2.0,4.0,1.0,A01
201400004378,0,7,0,0.0,2.0,1.0,1.0,B02
201400004379,0,30,0,16.0,0.0,7.0,1.0,A01
201400004380,0,7,0,0.0,1.0,2.0,16.0,A01
201400004381,0,7,0,0.0,2.0,7.0,13.0,A01
201400004381,0,7,0,0.0,2.0,1.0,1.0,B02
201400004382,0,7,0,0.0,2.0,3.0,1.0,A01
201400004382,0,7,0,0.0,2.0,2.0,19.0,B02
201400004383,0,30,0,0.0,2.0,4.0,1.0,A01
201400004383,0,7,0,0.0,2.0,2.0,16.0,B02
201400004384,0,7,0,0.0,2.0,3.0,13.0,A01
201400004384,0,7,0,0.0,2.0,3.0,1.0,B02
201400004385,0,1,0,0.0,0.0,0.0,1.0,A01
201400004386,0,7,0,13.0,0.0,3.0,1.0,A01
201400004387,0,99,0,0.0,2.0,1.0,1.0,A01
201400004387,0,7,0,0.0,2.0,3.0,1.0,B02
201400004388,0,21,0,0.0,0.0,0.0,15.0,A01
201400004389,0,14,0,8.0,0.0,1.0,1.0,A01
201400004390,0,7,0,8.0,0.0,5.0,1.0,A01
201400004391,2,7,0,0.0,2.0,3.0,13.0,A01
201400004391,0,7,0,0.0,2.0,1.0,1.0,B02
201400004392,0,7,0,0.0,0.0,2.0,15.0,A01
201400004392,0,1,0,0.0,2.0,1.0,1.0,B02
201400004393,0,7,0,13.0,0.0,1.0,1.0,A01
201400004394,0,33,0,0.0,2.0,1.0,1.0,A01
201400004394,0,33,0,0.0,2.0,1.0,1.0,B02
201400004395,0,10,0,2.0,0.0,3.0,1.0,A01
201400004396,0,7,0,0.0,1.0,1.0,1.0,A01
201400004397,0,3,0,0.0,1.0,2.0,1.0,A01
201400004398,0,7,0,0.0,1.0,2.0,1.0,A01
201400004399,0,7,0,0.0,2.0,8.0,15.0,B02
201400004399,0,33,0,0.0,2.0,1.0,17.0,A01
201400004400,0,7,0,0.0,1.0,2.0,1.0,A01
201400004401,0,33,0,8.0,0.0,1.0,1.0,B02
201400004401,0,7,0,0.0,0.0,0.0,19.0,A01
201400004402,0,33,0,0.0,2.0,1.0,0.0,B02
201400004402,0,7,0,0.0,2.0,8.0,10.0,A01
201400004403,0,10,0,0.0,2.0,8.0,19.0,A01
201400004403,0,33,0,0.0,2.0,1.0,1.0,B02
201400004404,0,7,0,0.0,2.0,3.0,13.0,A01
201400004404,0,33,0,0.0,2.0,1.0,1.0,B02
201400004405,0,7,0,0.0,2.0,7.0,15.0,B02
201400004405,0,33,0,0.0,2.0,1.0,1.0,A01
201400004406,0,7,0,0.0,2.0,1.0,13.0,A01
201400004406,0,7,0,0.0,2.0,3.0,1.0,B02
201400004407,0,33,0,0.0,0.0,0.0,1.0,A01
201400004408,0,31,0,0.0,2.0,1.0,13.0,B02
201400004408,0,14,0,0.0,2.0,2.0,1.0,A01
201400004409,0,10,0,0.0,2.0,1.0,1.0,A01
201400004409,0,7,0,0.0,2.0,3.0,15.0,B02
201400004410,0,7,0,4.0,0.0,1.0,1.0,A01
201400004411,0,7,0,8.0,0.0,1.0,14.0,A01
201400004412,0,33,0,0.0,2.0,1.0,1.0,A01
201400004412,0,7,0,0.0,2.0,2.0,15.0,B02
201400004413,0,7,0,0.0,1.0,3.0,0.0,A01
201400004414,0,7,0,0.0,1.0,3.0,1.0,A01
201400004415,0,10,0,0.0,2.0,6.0,1.0,A01
201400004415,0,10,0,0.0,2.0,1.0,1.0,B02
201400004416,1,7,0,0.0,1.0,2.0,0.0,A01
201400004417,0,33,0,0.0,2.0,5.0,1.0,B02
201400004417,0,7,0,0.0,2.0,3.0,19.0,A01
201400004418,0,7,0,0.0,2.0,4.0,2.0,B02
201400004418,0,7,0,0.0,2.0,2.0,2.0,A01
201400004419,0,14,0,0.0,1.0,1.0,9.0,A01
201400004420,0,7,0,12.0,1.0,1.0,1.0,A01
201400004421,0,7,0,0.0,2.0,8.0,13.0,A01
201400004421,0,7,0,0.0,2.0,8.0,1.0,B02
201400004422,0,31,0,0.0,2.0,8.0,19.0,B02
201400004422,0,7,0,0.0,2.0,1.0,19.0,A01
201400004423,0,31,0,0.0,2.0,1.0,5.0,A01
201400004423,0,7,0,0.0,2.0,1.0,1.0,B02
201400004424,0,7,0,0.0,2.0,3.0,19.0,A01
201400004424,0,7,0,0.0,2.0,1.0,1.0,B02
201400004425,0,2,0,1.0,0.0,1.0,1.0,B02
201400004425,0,7,0,0.0,9.0,3.0,23.0,A01
201400004426,0,30,0,0.0,0.0,2.0,1.0,B02
201400004426,0,7,0,0.0,0.0,2.0,15.0,A01
201400004427,0,7,0,0.0,0.0,6.0,1.0,B02
201400004427,0,7,0,0.0,2.0,2.0,3.0,A01
201400004427,0,7,0,0.0,0.0,6.0,0.0,C03
201400004428,0,7,0,0.0,2.0,1.0,1.0,B02
201400004428,0,7,0,0.0,2.0,1.0,5.0,A01
201400004429,0,7,0,8.0,0.0,1.0,1.0,A01
201400004430,0,7,0,0.0,2.0,3.0,1.0,B02
201400004430,0,7,0,0.0,2.0,2.0,15.0,A01
201400004431,0,15,0,0.0,9.0,7.0,2.0,A01
201400004431,0,99,0,0.0,2.0,7.0,2.0,B02
201400004432,0,7,0,0.0,2.0,8.0,19.0,B02
201400004432,0,10,0,0.0,2.0,1.0,1.0,A01
201400004433,0,7,0,0.0,2.0,1.0,1.0,C03
201400004433,0,7,0,0.0,2.0,3.0,1.0,B02
201400004433,0,7,0,0.0,2.0,1.0,13.0,A01
201400004434,0,7,0,0.0,2.0,2.0,15.0,A01
201400004434,0,1,0,0.0,2.0,1.0,1.0,B02
201400004435,0,7,0,2.0,0.0,3.0,1.0,A01
201400004436,0,7,0,0.0,1.0,1.0,14.0,A01
201400004437,0,2,0,0.0,2.0,8.0,15.0,B02
201400004437,0,7,0,0.0,2.0,2.0,1.0,A01
201400004438,0,7,0,0.0,0.0,3.0,9.0,A01
201400004438,0,14,0,0.0,2.0,5.0,1.0,B02
201400004439,0,1,0,0.0,2.0,1.0,1.0,A01
201400004439,0,7,0,0.0,9.0,7.0,0.0,B02
201400004440,0,33,0,0.0,0.0,3.0,1.0,A01
201400004440,0,33,0,0.0,0.0,1.0,1.0,B02
201400004441,0,7,0,15.0,0.0,5.0,1.0,A01
201400004442,0,33,0,0.0,0.0,1.0,1.0,A01
201400004443,0,15,0,0.0,2.0,3.0,1.0,B02
201400004443,0,7,0,0.0,2.0,3.0,13.0,A01
201400004444,0,7,0,0.0,2.0,2.0,15.0,A01
201400004444,0,2,0,0.0,2.0,1.0,1.0,B02
201400004445,0,7,0,2.0,0.0,3.0,13.0,A01
201400004446,0,31,0,0.0,2.0,3.0,0.0,B02
201400004446,0,10,0,0.0,0.0,2.0,1.0,A01
201400004447,0,10,0,0.0,2.0,2.0,5.0,A01
201400004447,0,7,0,0.0,2.0,2.0,5.0,B02
201400004448,0,7,0,0.0,1.0,2.0,1.0,A01
201400004449,0,7,0,0.0,2.0,2.0,6.0,A01
201400004449,0,7,0,0.0,2.0,3.0,0.0,B02
201400004450,0,7,0,0.0,2.0,3.0,1.0,B02
201400004450,0,7,0,0.0,2.0,2.0,1.0,A01
201400004451,0,7,0,0.0,2.0,1.0,1.0,B02
201400004451,0,33,0,0.0,2.0,1.0,13.0,A01
201400004452,0,33,0,7.0,0.0,1.0,1.0,A01
201400004453,0,7,0,0.0,9.0,2.0,17.0,A01
201400004453,0,1,0,0.0,2.0,4.0,2.0,B02
201400004454,0,33,0,0.0,1.0,1.0,14.0,A01
201400004455,0,30,0,11.0,0.0,1.0,1.0,A01
201400004456,0,10,0,0.0,2.0,3.0,17.0,A01
201400004456,0,7,0,0.0,2.0,3.0,1.0,C03
201400004456,0,15,0,3.0,2.0,3.0,1.0,B02
201400004457,0,7,0,0.0,2.0,1.0,1.0,B02
201400004457,0,7,0,0.0,0.0,1.0,1.0,A01
201400004458,0,7,0,0.0,2.0,1.0,17.0,B02
201400004458,0,7,0,0.0,2.0,1.0,1.0,A01
201400004459,0,7,0,0.0,2.0,1.0,1.0,A01
201400004459,0,7,0,0.0,2.0,1.0,13.0,B02
201400004460,0,7,0,0.0,2.0,1.0,0.0,B02
201400004460,0,7,0,0.0,2.0,8.0,19.0,A01
201400004461,0,7,0,13.0,0.0,6.0,1.0,A01
201400004462,0,7,0,2.0,0.0,7.0,1.0,A01
201400004463,0,30,0,0.0,0.0,0.0,1.0,A01
201400004464,0,7,0,0.0,1.0,2.0,1.0,A01
201400004465,0,10,0,0.0,9.0,1.0,1.0,A01
201400004465,0,1,0,0.0,0.0,4.0,1.0,B02
201400004466,0,15,0,16.0,0.0,2.0,1.0,A01
201400004467,0,10,0,0.0,2.0,2.0,1.0,B02
201400004467,0,31,0,0.0,2.0,3.0,19.0,A01
201400004468,0,7,0,0.0,1.0,3.0,19.0,A01
201400004469,0,7,0,0.0,2.0,3.0,5.0,A01
201400004469,0,7,0,0.0,2.0,1.0,1.0,B02
201400004470,0,7,0,5.0,0.0,1.0,1.0,A01
201400004471,0,39,50,0.0,1.0,1.0,1.0,A01
201400004472,0,7,0,0.0,2.0,3.0,15.0,B02
201400004472,0,33,0,0.0,2.0,1.0,21.0,A01
201400004473,0,7,0,0.0,2.0,3.0,15.0,A01
201400004473,0,7,0,0.0,2.0,2.0,21.0,B02
201400004474,0,7,0,0.0,2.0,0.0,15.0,B02
201400004474,0,30,0,0.0,2.0,0.0,1.0,A01
201400004475,0,7,0,0.0,2.0,1.0,13.0,A01
201400004475,0,7,0,0.0,2.0,3.0,1.0,B02
201400004476,0,7,0,0.0,0.0,3.0,19.0,A01
201400004476,0,33,0,0.0,2.0,1.0,1.0,B02
201400004477,0,7,0,0.0,2.0,3.0,13.0,A01
201400004477,0,7,0,0.0,2.0,3.0,1.0,B02
201400004478,1,17,0,0.0,1.0,6.0,1.0,A01
201400004479,0,7,0,0.0,2.0,2.0,21.0,B02
201400004479,0,7,0,0.0,2.0,2.0,13.0,A01
201400004480,0,7,0,0.0,2.0,1.0,13.0,A01
201400004480,0,33,0,0.0,2.0,1.0,1.0,B02
201400004481,0,10,0,0.0,2.0,7.0,17.0,A01
201400004481,0,1,0,0.0,2.0,3.0,15.0,B02
201400004482,0,7,0,0.0,2.0,3.0,1.0,B02
201400004482,0,33,0,0.0,2.0,1.0,17.0,A01
201400004483,0,7,0,0.0,2.0,3.0,9.0,A01
201400004483,0,10,0,0.0,2.0,2.0,1.0,B02
201400004484,0,17,0,0.0,2.0,3.0,1.0,B02
201400004484,0,31,0,0.0,2.0,1.0,5.0,A01
201400004485,0,7,0,0.0,1.0,1.0,17.0,A01
201400004486,0,7,0,0.0,2.0,3.0,13.0,A01
201400004486,0,7,0,0.0,2.0,1.0,1.0,B02
201400004487,0,10,0,0.0,2.0,1.0,1.0,A01
201400004487,0,7,0,0.0,2.0,8.0,1.0,B01
201400004488,0,7,0,0.0,2.0,1.0,13.0,A01
201400004488,0,7,0,0.0,2.0,8.0,1.0,B02
201400004489,0,7,0,2.0,0.0,3.0,13.0,A01
201400004490,0,33,0,0.0,0.0,7.0,1.0,A01
201400004491,0,7,0,0.0,0.0,2.0,1.0,A01
201400004492,0,7,0,0.0,2.0,1.0,1.0,A01
201400004492,0,7,0,0.0,2.0,1.0,1.0,B02
201400004493,0,7,0,0.0,2.0,1.0,21.0,B02
201400004493,0,7,0,0.0,2.0,3.0,1.0,A01
201400004494,0,14,0,0.0,2.0,2.0,1.0,A01
201400004494,0,1,0,0.0,2.0,8.0,19.0,B02
201400004495,0,7,0,0.0,2.0,1.0,1.0,B02
201400004495,0,7,0,0.0,2.0,3.0,1.0,A01
201400004496,0,7,0,13.0,0.0,1.0,13.0,A01
201400004497,0,7,0,0.0,2.0,3.0,13.0,A01
201400004497,0,7,0,0.0,2.0,3.0,1.0,B02
201400004498,0,15,0,2.0,0.0,3.0,1.0,A01
201400004499,0,7,0,6.0,0.0,2.0,14.0,A01
201400004500,0,7,0,0.0,1.0,1.0,1.0,A01
201400004501,0,7,0,6.0,0.0,1.0,14.0,A01
201400004502,0,33,0,0.0,2.0,1.0,19.0,B02
201400004502,0,7,0,0.0,2.0,5.0,19.0,A01
201400004503,0,7,0,0.0,0.0,3.0,13.0,A01
201400004504,0,2,0,0.0,2.0,1.0,1.0,B02
201400004504,0,7,0,0.0,2.0,0.0,19.0,A01
201400004505,0,7,0,0.0,2.0,1.0,1.0,A01
201400004505,0,1,0,0.0,2.0,7.0,15.0,B02
201400004506,0,30,0,0.0,2.0,1.0,13.0,A01
201400004506,0,7,0,0.0,2.0,1.0,0.0,B02
201400004507,0,7,0,0.0,2.0,3.0,13.0,A01
201400004507,0,7,0,0.0,2.0,3.0,1.0,B02
201400004508,0,33,0,0.0,0.0,4.0,23.0,A01
201400004508,0,10,0,0.0,2.0,2.0,1.0,B02
201400004509,0,7,0,0.0,2.0,7.0,1.0,A01
201400004509,0,7,0,0.0,2.0,2.0,1.0,B02
201400004510,0,33,0,0.0,0.0,1.0,21.0,A01
201400004511,0,14,0,2.0,0.0,9.0,1.0,A01
201400004512,0,7,0,0.0,0.0,3.0,9.0,A01
201400004512,0,2,0,0.0,0.0,7.0,2.0,B02
201400004513,0,7,0,0.0,2.0,6.0,15.0,B02
201400004513,0,33,0,0.0,2.0,1.0,17.0,A01
201400004514,0,7,0,1.0,0.0,2.0,1.0,A01
201400004515,0,7,0,0.0,0.0,0.0,17.0,A01
201400004516,0,7,0,0.0,2.0,2.0,1.0,B02
201400004516,0,7,0,0.0,2.0,1.0,13.0,A01
201400004517,0,7,0,2.0,0.0,1.0,0.0,A01
201400004518,0,33,0,0.0,0.0,1.0,2.0,A01
201400004519,0,7,0,0.0,2.0,1.0,1.0,C03
201400004519,0,7,0,0.0,2.0,1.0,1.0,A01
201400004519,0,10,0,0.0,2.0,1.0,1.0,B02
201400004520,0,33,0,0.0,0.0,0.0,14.0,A01
201400004521,0,7,0,0.0,0.0,2.0,0.0,B02
201400004521,0,7,0,0.0,0.0,3.0,9.0,A01
201400004522,0,7,0,0.0,2.0,1.0,1.0,B02
201400004522,0,7,0,0.0,2.0,7.0,13.0,A01
201400004523,0,7,0,0.0,2.0,2.0,2.0,A01
201400004523,0,1,0,0.0,2.0,4.0,1.0,B02
201400004524,0,33,0,0.0,2.0,3.0,1.0,B02
201400004524,0,7,0,0.0,2.0,3.0,15.0,A01
201400004525,0,33,0,13.0,0.0,1.0,1.0,A01
201400004526,0,7,0,0.0,2.0,3.0,10.0,A01
201400004526,0,31,0,0.0,2.0,1.0,1.0,B02
201400004527,0,7,0,0.0,0.0,0.0,11.0,B02
201400004527,0,33,0,0.0,2.0,7.0,11.0,A01
201400004528,0,7,0,13.0,0.0,2.0,1.0,A01
201400004529,0,7,0,0.0,2.0,1.0,1.0,B02
201400004529,0,7,0,0.0,2.0,1.0,13.0,A01
201400004530,0,7,0,0.0,2.0,3.0,1.0,B02
201400004530,0,7,0,0.0,2.0,2.0,1.0,A01
201400004531,0,7,0,2.0,0.0,1.0,17.0,A01
201400004532,0,7,0,0.0,2.0,1.0,1.0,A01
201400004532,0,7,0,0.0,2.0,1.0,1.0,B02
201400004533,0,7,0,0.0,9.0,2.0,2.0,A01
201400004533,0,1,0,0.0,2.0,4.0,1.0,B02
201400004534,0,2,0,0.0,2.0,1.0,1.0,B02
201400004534,0,20,0,0.0,2.0,3.0,15.0,A01
201400004535,0,7,0,0.0,0.0,5.0,2.0,B02
201400004535,0,33,0,0.0,2.0,1.0,2.0,A01
201400004536,0,7,0,0.0,2.0,1.0,13.0,A01
201400004536,0,7,0,0.0,2.0,1.0,1.0,B02
201400004537,0,30,0,0.0,2.0,1.0,1.0,A01
201400004537,0,7,0,0.0,2.0,8.0,19.0,B02
201400004538,0,10,0,2.0,0.0,3.0,1.0,A01
201400004539,0,7,0,0.0,2.0,1.0,1.0,B02
201400004539,0,7,0,0.0,2.0,1.0,13.0,A01
201400004540,0,7,0,2.0,0.0,9.0,1.0,A01
201400004541,0,2,0,0.0,2.0,1.0,1.0,A01
201400004541,0,7,0,0.0,9.0,3.0,1.0,B02
201400004542,0,7,0,13.0,0.0,1.0,13.0,A01
201400004543,0,7,0,0.0,0.0,1.0,5.0,A01
201400004544,0,7,0,8.0,0.0,0.0,0.0,A01
201400004545,0,7,0,3.0,1.0,1.0,19.0,A01
201400004546,0,7,0,13.0,0.0,1.0,0.0,A01
201400004547,0,10,0,1.0,0.0,2.0,1.0,A01
201400004548,0,10,0,0.0,2.0,2.0,1.0,B02
201400004548,0,15,0,0.0,2.0,2.0,17.0,A01
201400004549,0,7,0,0.0,2.0,1.0,1.0,A01
201400004549,0,1,0,0.0,2.0,8.0,16.0,B02
201400004550,0,7,0,0.0,2.0,1.0,1.0,B02
201400004550,0,7,0,0.0,2.0,7.0,13.0,A01
201400004551,0,33,0,0.0,2.0,1.0,2.0,B02
201400004551,0,7,0,0.0,2.0,4.0,2.0,A01
201400004552,0,7,0,13.0,0.0,2.0,14.0,A01
201400004553,0,13,0,0.0,2.0,3.0,1.0,B02
201400004553,0,7,0,0.0,2.0,3.0,17.0,A01
201400004554,0,3,0,0.0,1.0,3.0,15.0,A01
201400004555,0,2,0,8.0,0.0,0.0,1.0,A01
201400004556,0,10,0,0.0,1.0,4.0,4.0,A01