Num_Acc,senc,catv,occutc,obs,obsm,choc,manv,num_veh
201400004557,0,14,0,0.0,2.0,3.0,1.0,B02
201400004557,0,7,0,0.0,2.0,3.0,5.0,A01
201400004558,0,30,0,0.0,2.0,8.0,16.0,A01
201400004558,0,10,0,0.0,2.0,1.0,2.0,B02
201400004559,0,7,0,0.0,2.0,5.0,13.0,A01
201400004559,0,7,0,0.0,2.0,1.0,1.0,B02
201400004560,0,7,0,0.0,2.0,1.0,13.0,B02
201400004560,0,7,0,0.0,2.0,1.0,14.0,A01
201400004561,0,7,0,0.0,0.0,1.0,2.0,B02
201400004561,0,7,0,0.0,0.0,4.0,23.0,A01
201400004562,0,3,0,2.0,0.0,0.0,1.0,A01
201400004563,0,7,0,6.0,0.0,1.0,1.0,A01
201400004564,0,7,0,0.0,0.0,3.0,1.0,B02
201400004565,0,7,0,0.0,2.0,3.0,13.0,A01
201400004565,0,7,0,0.0,2.0,3.0,1.0,B02
201400004566,0,10,0,0.0,1.0,1.0,1.0,A01
201400004567,0,1,0,0.0,9.0,8.0,19.0,A01
201400004567,0,39,0,0.0,4.0,2.0,1.0,B02
201400004568,0,7,0,0.0,2.0,1.0,1.0,A01
201400004568,0,7,0,0.0,0.0,4.0,15.0,B02
201400004569,0,7,0,0.0,2.0,1.0,0.0,D04
201400004569,0,7,0,0.0,2.0,8.0,1.0,B02
201400004569,0,7,0,0.0,2.0,1.0,1.0,C03
201400004569,0,15,0,0.0,2.0,7.0,14.0,A01
201400004570,0,7,0,0.0,0.0,1.0,13.0,A01
201400004571,0,7,0,0.0,0.0,0.0,1.0,A01
201400004572,0,7,0,0.0,2.0,1.0,1.0,A01
201400004572,0,7,0,0.0,2.0,1.0,1.0,B02
201400004573,0,7,0,6.0,0.0,1.0,13.0,A01
201400004574,0,10,0,13.0,0.0,1.0,1.0,A01
201400004575,0,30,0,0.0,0.0,7.0,1.0,A01
201400004576,0,15,0,0.0,9.0,1.0,9.0,A01
201400004576,0,1,0,0.0,0.0,8.0,5.0,B02
201400004577,0,7,0,0.0,1.0,3.0,1.0,A01
201400004578,0,30,0,0.0,0.0,5.0,1.0,B02
201400004578,0,7,0,0.0,2.0,3.0,2.0,A01
201400004579,0,7,0,0.0,2.0,3.0,13.0,A01
201400004579,0,14,0,0.0,2.0,3.0,0.0,B02
201400004580,0,30,0,0.0,9.0,1.0,1.0,A01
201400004580,0,1,0,0.0,2.0,8.0,19.0,B02
201400004581,0,7,0,3.0,0.0,2.0,1.0,A01
201400004582,0,30,0,0.0,2.0,1.0,2.0,B02
201400004582,0,7,0,0.0,0.0,6.0,15.0,A01
201400004583,0,7,0,6.0,0.0,3.0,1.0,A01
201400004584,0,7,0,0.0,1.0,3.0,1.0,A01
201400004585,0,21,0,0.0,2.0,4.0,15.0,B02
201400004585,0,31,0,0.0,2.0,1.0,18.0,A01
201400004586,0,7,0,0.0,2.0,1.0,1.0,C03
201400004586,0,7,0,0.0,2.0,1.0,1.0,B02
201400004586,0,7,0,0.0,2.0,1.0,13.0,A01
201400004586,0,7,0,0.0,0.0,0.0,1.0,D04
201400004587,0,7,0,0.0,1.0,2.0,21.0,A01
201400004588,0,7,0,13.0,0.0,8.0,1.0,A01
201400004589,0,7,0,0.0,1.0,1.0,1.0,A01
201400004590,0,7,0,2.0,0.0,9.0,1.0,A01
201400004591,0,33,0,0.0,2.0,1.0,0.0,A01
201400004591,0,7,0,0.0,2.0,2.0,1.0,C03
201400004591,0,7,0,0.0,2.0,1.0,1.0,B02
201400004592,0,7,0,0.0,2.0,3.0,1.0,A01
201400004592,0,30,0,0.0,2.0,3.0,1.0,B02
201400004593,0,7,0,0.0,2.0,2.0,1.0,B02
201400004593,0,7,0,0.0,2.0,3.0,16.0,A01
201400004594,0,37,29,1.0,0.0,1.0,14.0,A01
201400004595,0,7,0,0.0,1.0,3.0,1.0,A01
201400004596,0,7,0,0.0,1.0,7.0,14.0,A01
201400004597,0,10,0,0.0,0.0,1.0,1.0,B02
201400004597,0,33,0,0.0,0.0,1.0,13.0,A01
201400004598,0,33,0,0.0,2.0,1.0,1.0,B02
201400004598,0,7,0,0.0,2.0,3.0,15.0,A01
201400004599,0,7,0,0.0,2.0,3.0,17.0,A01
201400004599,0,30,0,0.0,2.0,3.0,1.0,B02
201400004600,0,2,0,0.0,2.0,1.0,1.0,B02
201400004600,0,7,0,0.0,0.0,8.0,10.0,A01
201400004601,0,7,0,0.0,2.0,3.0,15.0,A01
201400004601,0,30,0,0.0,2.0,1.0,1.0,B02
201400004602,0,30,0,8.0,0.0,8.0,1.0,A01
201400004603,0,7,0,0.0,2.0,1.0,5.0,B02
201400004603,0,7,0,0.0,2.0,1.0,1.0,A01
201400004604,0,33,0,0.0,2.0,1.0,17.0,B02
201400004604,0,7,0,0.0,2.0,6.0,15.0,A01
201400004605,0,7,0,0.0,2.0,7.0,14.0,A01
201400004605,0,31,0,13.0,2.0,8.0,18.0,B02
201400004606,0,2,0,0.0,2.0,1.0,1.0,A01
201400004606,0,7,0,0.0,0.0,8.0,4.0,B02
201400004607,0,31,0,12.0,0.0,0.0,21.0,A01
201400004608,0,7,0,0.0,2.0,8.0,13.0,A01
201400004608,0,7,0,0.0,2.0,1.0,1.0,B02
201400004609,0,7,0,0.0,0.0,3.0,1.0,A01
201400004609,0,7,0,0.0,0.0,3.0,1.0,B02
201400004610,0,7,0,0.0,0.0,4.0,2.0,C03
201400004610,0,7,0,0.0,2.0,1.0,2.0,A01
201400004610,0,10,0,0.0,2.0,4.0,2.0,B02
201400004611,0,7,0,0.0,2.0,3.0,1.0,B02
201400004611,0,7,0,0.0,2.0,1.0,15.0,A01
201400004612,0,33,0,0.0,6.0,1.0,1.0,A01
201400004613,0,31,0,0.0,0.0,0.0,1.0,A01
201400004614,0,10,0,0.0,2.0,3.0,15.0,B02
201400004614,0,7,0,0.0,2.0,7.0,17.0,A01
201400004615,0,7,0,0.0,2.0,1.0,1.0,B02
201400004615,0,7,0,0.0,2.0,1.0,1.0,C03
201400004615,0,7,0,0.0,2.0,1.0,13.0,A01
201400004616,0,7,0,14.0,0.0,1.0,15.0,A01
201400004616,0,7,0,14.0,0.0,3.0,1.0,B02
201400004617,0,3,0,0.0,2.0,6.0,15.0,A01
201400004617,0,7,0,0.0,2.0,2.0,1.0,B02
201400004618,0,1,0,1.0,0.0,2.0,1.0,A01
201400004618,0,7,0,0.0,0.0,6.0,23.0,B02
201400004619,0,33,0,0.0,2.0,3.0,1.0,B02
201400004619,0,21,0,0.0,2.0,6.0,1.0,A01
201400004620,0,33,0,0.0,0.0,1.0,1.0,A01
201400004621,0,33,0,0.0,0.0,0.0,17.0,A01
201400004621,0,33,0,0.0,0.0,0.0,21.0,B02
201400004622,0,7,0,0.0,0.0,2.0,1.0,B02
201400004622,0,7,0,0.0,0.0,3.0,19.0,A01
201400004623,0,30,0,16.0,0.0,2.0,1.0,A01
201400004624,0,7,0,0.0,2.0,3.0,1.0,B02
201400004624,0,10,0,0.0,2.0,3.0,13.0,A01
201400004625,0,33,0,0.0,2.0,9.0,17.0,A01
201400004625,0,10,0,0.0,2.0,6.0,15.0,B02
201400004626,0,33,0,0.0,2.0,1.0,2.0,A01
201400004626,0,7,0,0.0,0.0,4.0,1.0,B02
201400004627,0,7,0,0.0,2.0,1.0,2.0,A01
201400004627,0,7,0,0.0,1.0,4.0,1.0,B02
201400004628,0,7,0,0.0,2.0,3.0,13.0,A01
201400004628,0,17,0,0.0,2.0,3.0,1.0,B02
201400004629,0,7,0,0.0,2.0,8.0,1.0,A01
201400004629,0,33,0,0.0,2.0,8.0,1.0,B02
201400004630,0,7,0,0.0,2.0,1.0,1.0,A01
201400004630,0,7,0,0.0,2.0,2.0,15.0,B02
201400004631,0,7,0,0.0,2.0,3.0,1.0,A01
201400004631,0,7,0,0.0,2.0,3.0,17.0,B02
201400004632,0,10,0,0.0,1.0,2.0,2.0,A01
201400004633,0,7,0,2.0,0.0,1.0,14.0,A01
201400004634,0,7,0,0.0,2.0,2.0,15.0,A01
201400004634,0,7,0,0.0,2.0,1.0,1.0,B02
201400004635,0,10,0,0.0,2.0,3.0,1.0,B02
201400004635,0,7,0,0.0,2.0,2.0,20.0,A01
201400004636,0,2,0,0.0,2.0,1.0,1.0,B01
201400004636,0,10,0,0.0,2.0,1.0,1.0,A01
201400004637,0,7,0,0.0,1.0,2.0,1.0,A01
201400004638,0,7,0,0.0,0.0,7.0,1.0,B02
201400004638,0,7,0,0.0,0.0,1.0,1.0,A01
201400004639,0,7,0,0.0,0.0,9.0,13.0,A01
201400004640,0,33,0,13.0,0.0,8.0,1.0,A01
201400004641,0,7,0,0.0,1.0,2.0,18.0,A01
201400004642,0,7,0,2.0,0.0,9.0,13.0,A01
201400004643,0,7,0,15.0,0.0,1.0,13.0,A01
201400004644,0,7,0,9.0,0.0,1.0,14.0,A01
201400004645,0,7,0,0.0,2.0,3.0,1.0,A01
201400004645,0,7,0,0.0,0.0,6.0,16.0,B02
201400004646,0,7,0,6.0,0.0,8.0,1.0,A01
201400004647,0,7,0,0.0,2.0,3.0,17.0,A01
201400004647,0,2,0,0.0,2.0,1.0,1.0,B02
201400004648,0,7,0,0.0,2.0,3.0,15.0,A01
201400004648,0,1,0,0.0,2.0,1.0,1.0,B02
201400004649,0,7,0,3.0,0.0,9.0,14.0,A01
201400004650,0,7,0,0.0,0.0,4.0,1.0,B02
201400004650,0,7,0,0.0,2.0,1.0,2.0,A01
201400004651,0,7,0,0.0,2.0,8.0,15.0,A01
201400004651,0,33,0,0.0,2.0,1.0,1.0,B02
201400004652,1,7,0,0.0,1.0,2.0,1.0,A01
201400004653,0,30,0,0.0,2.0,1.0,17.0,A01
201400004653,0,7,0,0.0,2.0,1.0,1.0,B02
201400004654,0,10,0,0.0,2.0,6.0,19.0,A01
201400004654,0,30,0,0.0,2.0,0.0,0.0,B02
201400004655,0,7,0,16.0,0.0,0.0,13.0,A01
201400004656,0,30,0,8.0,0.0,0.0,1.0,A01
201400004657,0,10,0,0.0,2.0,2.0,1.0,A01
201400004657,0,7,0,0.0,2.0,3.0,1.0,B02
201400004658,0,7,0,0.0,2.0,1.0,1.0,C03
201400004658,0,10,0,0.0,2.0,5.0,15.0,A01
201400004658,0,7,0,0.0,2.0,2.0,1.0,B02
201400004659,0,7,0,0.0,0.0,7.0,21.0,B02
201400004659,0,7,0,0.0,0.0,1.0,1.0,A01
201400004660,0,7,0,0.0,2.0,2.0,1.0,B02
201400004660,0,7,0,0.0,2.0,1.0,19.0,A01
201400004661,0,33,0,0.0,2.0,1.0,1.0,A01
201400004661,0,7,0,0.0,2.0,5.0,19.0,B02
201400004662,0,7,0,0.0,2.0,7.0,17.0,A01
201400004662,0,1,0,0.0,2.0,8.0,1.0,B02
201400004663,0,10,0,2.0,0.0,3.0,14.0,A01
201400004664,0,7,0,0.0,2.0,1.0,1.0,B02
201400004664,0,7,0,14.0,0.0,1.0,1.0,C03
201400004664,0,7,0,0.0,2.0,1.0,13.0,A01
201400004665,0,7,0,12.0,0.0,9.0,1.0,A01
201400004666,0,7,0,0.0,1.0,2.0,15.0,A01
201400004667,0,7,0,2.0,0.0,2.0,1.0,A01
201400004668,0,33,0,0.0,2.0,8.0,1.0,A01
201400004668,0,7,0,0.0,2.0,3.0,9.0,B02
201400004669,0,7,0,0.0,2.0,1.0,1.0,B02
201400004669,0,7,0,0.0,2.0,7.0,6.0,A01
201400004670,0,33,0,0.0,0.0,1.0,1.0,A01
201400004671,0,33,0,13.0,0.0,1.0,1.0,A01
201400004672,0,7,0,13.0,0.0,1.0,1.0,A01
201400004673,0,33,0,13.0,0.0,1.0,1.0,A01
201400004674,0,7,0,0.0,2.0,5.0,15.0,A01
201400004674,0,31,0,0.0,2.0,1.0,1.0,B02
201400004675,0,31,0,0.0,0.0,8.0,1.0,A01
201400004676,0,1,0,13.0,0.0,1.0,1.0,A01
201400004677,0,30,0,0.0,0.0,0.0,14.0,A01
201400004678,0,1,0,0.0,2.0,1.0,5.0,B02
201400004678,0,10,0,0.0,9.0,8.0,5.0,A01
201400004679,0,7,0,0.0,2.0,3.0,13.0,A01
201400004679,0,7,0,0.0,2.0,3.0,1.0,B02
201400004680,0,33,0,0.0,0.0,8.0,14.0,A01
201400004681,0,33,0,0.0,0.0,8.0,1.0,A01
201400004682,0,33,0,13.0,0.0,1.0,1.0,A01
201400004683,0,7,0,0.0,2.0,3.0,1.0,B02
201400004683,0,33,0,0.0,9.0,3.0,1.0,C03
201400004683,0,33,0,0.0,2.0,1.0,17.0,A01
201400004684,0,7,0,6.0,2.0,3.0,1.0,A01
201400004684,0,14,0,0.0,2.0,3.0,1.0,B02
201400004685,1,7,0,0.0,1.0,8.0,9.0,A01
201400004686,0,7,0,0.0,1.0,1.0,1.0,A01
201400004687,0,33,0,0.0,0.0,7.0,1.0,A01
201400004688,0,7,0,0.0,1.0,6.0,1.0,A01
201400004689,0,7,0,0.0,2.0,2.0,15.0,A01
201400004689,0,33,0,0.0,2.0,1.0,1.0,B02
201400004690,0,7,0,0.0,2.0,3.0,5.0,A01
201400004690,0,7,0,0.0,2.0,3.0,0.0,B02
201400004691,0,7,0,0.0,2.0,1.0,1.0,B02
201400004691,0,7,0,0.0,2.0,1.0,5.0,A01
201400004692,0,10,0,0.0,2.0,2.0,1.0,A01
201400004692,0,1,0,0.0,2.0,8.0,19.0,B02
201400004693,0,7,0,13.0,0.0,9.0,14.0,A01
201400004694,0,7,0,0.0,2.0,1.0,1.0,B02
201400004694,0,7,0,0.0,2.0,1.0,13.0,A01
201400004695,0,7,0,13.0,1.0,9.0,1.0,A01
201400004696,0,10,0,0.0,2.0,1.0,1.0,B02
201400004696,0,7,0,0.0,0.0,0.0,4.0,C03
201400004696,0,10,0,0.0,2.0,1.0,13.0,A01
201400004697,1,7,0,0.0,1.0,2.0,1.0,A01
201400004698,0,7,0,0.0,2.0,8.0,15.0,B02
201400004698,0,34,0,0.0,2.0,3.0,21.0,A01
201400004699,0,33,0,0.0,2.0,1.0,1.0,B02
201400004699,0,7,0,0.0,2.0,2.0,15.0,A01
201400004700,0,7,0,0.0,2.0,3.0,1.0,A01
201400004700,0,7,0,0.0,2.0,3.0,1.0,B02
201400004701,0,30,0,0.0,2.0,7.0,1.0,A01
201400004701,0,7,0,0.0,2.0,1.0,9.0,B02
201400004702,0,7,0,0.0,2.0,2.0,1.0,A01
201400004702,0,30,0,0.0,2.0,8.0,9.0,B02
201400004703,0,7,0,8.0,0.0,9.0,1.0,A01
201400004704,0,7,0,0.0,2.0,1.0,1.0,B02
201400004704,0,7,0,0.0,2.0,1.0,1.0,C03
201400004704,0,7,0,0.0,2.0,1.0,13.0,A01
201400004705,0,7,0,2.0,0.0,8.0,1.0,A01
201400004706,0,1,0,0.0,2.0,1.0,1.0,B02
201400004706,0,10,0,0.0,2.0,3.0,13.0,A01
201400004707,0,7,0,0.0,1.0,1.0,1.0,A01
201400004708,0,10,0,0.0,2.0,1.0,2.0,A01
201400004708,0,7,0,0.0,2.0,4.0,15.0,B02
201400004709,0,33,0,0.0,2.0,3.0,1.0,B02
201400004709,0,7,0,0.0,2.0,7.0,9.0,A01
201400004710,0,10,0,0.0,1.0,1.0,1.0,A01
201400004711,0,33,0,0.0,1.0,1.0,1.0,A01
201400004712,0,7,0,0.0,2.0,7.0,1.0,A01
201400004712,0,7,0,0.0,2.0,3.0,16.0,B02
201400004713,0,10,0,0.0,1.0,3.0,1.0,A01
201400004714,0,33,0,0.0,2.0,1.0,1.0,B02
201400004714,0,7,0,0.0,2.0,8.0,15.0,A01
201400004715,0,33,0,0.0,2.0,1.0,1.0,A01
201400004715,0,7,0,0.0,2.0,3.0,9.0,B02
201400004716,0,7,0,0.0,2.0,8.0,1.0,B02
201400004716,0,7,0,0.0,2.0,3.0,13.0,A01
201400004717,0,1,0,0.0,2.0,1.0,2.0,A01
201400004717,0,7,0,0.0,9.0,5.0,4.0,B02
201400004718,0,10,0,0.0,2.0,5.0,15.0,A01
201400004718,0,1,0,0.0,2.0,1.0,1.0,B02
201400004719,0,10,0,0.0,1.0,1.0,1.0,A01
201400004720,0,7,0,0.0,2.0,1.0,17.0,A01
201400004720,0,7,0,0.0,0.0,6.0,15.0,B02
201400004721,0,2,0,0.0,2.0,1.0,19.0,B02
201400004721,0,7,0,0.0,0.0,7.0,15.0,A01
201400004722,0,14,0,10.0,0.0,2.0,1.0,A01
201400004723,0,33,0,2.0,0.0,7.0,0.0,A01
201400004724,0,7,0,16.0,0.0,0.0,15.0,A01
201400004724,0,31,0,14.0,0.0,8.0,15.0,B02
201400004725,0,7,0,13.0,0.0,1.0,1.0,A01
201400004726,0,7,0,0.0,2.0,1.0,1.0,B02
201400004726,0,33,0,0.0,2.0,1.0,13.0,A01
201400004727,0,7,0,0.0,2.0,3.0,5.0,A01
201400004727,0,14,0,0.0,2.0,3.0,0.0,B02
201400004728,0,1,0,0.0,0.0,0.0,1.0,A01
201400004729,0,33,0,0.0,0.0,7.0,1.0,A01
201400004730,2,10,0,13.0,0.0,2.0,1.0,A01
201400004731,0,7,0,2.0,0.0,2.0,1.0,A01
201400004732,0,10,0,10.0,0.0,1.0,1.0,A01
201400004733,0,33,0,12.0,0.0,0.0,6.0,A01
201400004734,0,1,0,0.0,2.0,1.0,1.0,B02
201400004734,0,7,0,0.0,0.0,7.0,15.0,A01
201400004735,0,7,0,0.0,1.0,1.0,1.0,A01
201400004736,0,20,0,0.0,1.0,1.0,1.0,A01
201400004737,0,7,0,2.0,0.0,1.0,1.0,B02
201400004737,0,10,0,0.0,0.0,0.0,15.0,A01
201400004738,0,2,0,0.0,2.0,8.0,13.0,A01
201400004738,0,7,0,0.0,2.0,8.0,0.0,B02
201400004739,0,21,0,0.0,2.0,8.0,15.0,A01
201400004739,0,30,0,0.0,2.0,1.0,17.0,B02
201400004740,0,7,0,6.0,0.0,1.0,1.0,A01
201400004741,0,7,0,0.0,1.0,3.0,0.0,A01
201400004742,0,7,0,6.0,0.0,7.0,1.0,A01
201400004743,0,7,0,0.0,2.0,3.0,15.0,A01
201400004743,0,30,0,0.0,1.0,8.0,1.0,B02
201400004744,0,7,0,0.0,2.0,1.0,1.0,A01
201400004744,0,10,0,0.0,2.0,8.0,15.0,B02
201400004745,0,36,0,0.0,2.0,3.0,21.0,B02
201400004745,0,33,0,0.0,2.0,1.0,21.0,A01
201400004746,0,33,0,0.0,2.0,1.0,13.0,A01
201400004746,0,10,0,0.0,2.0,2.0,1.0,B02
201400004747,0,33,0,5.0,0.0,9.0,2.0,A01
201400004748,0,7,0,0.0,2.0,3.0,15.0,A01
201400004748,0,2,0,0.0,2.0,1.0,1.0,B02
201400004749,0,7,0,0.0,2.0,3.0,5.0,A01
201400004749,0,14,0,0.0,2.0,3.0,1.0,B02
201400004750,0,7,0,13.0,0.0,1.0,1.0,A01
201400004751,0,7,0,0.0,2.0,7.0,13.0,A01
201400004751,0,7,0,0.0,2.0,1.0,1.0,B02
201400004752,0,33,0,8.0,0.0,1.0,14.0,A01
201400004753,0,10,0,0.0,2.0,1.0,1.0,A01
201400004753,0,2,0,0.0,2.0,7.0,1.0,B02
201400004754,0,31,0,0.0,2.0,1.0,1.0,A01
201400004754,0,7,0,0.0,2.0,3.0,1.0,B02
201400004755,0,33,0,0.0,0.0,9.0,1.0,A01
201400004756,0,7,0,0.0,1.0,1.0,1.0,A01
201400004757,0,7,0,0.0,2.0,8.0,15.0,A01
201400004757,0,33,0,0.0,2.0,1.0,1.0,B02
201400004758,0,33,0,0.0,2.0,1.0,17.0,A01
201400004758,0,10,0,0.0,2.0,3.0,1.0,B02
201400004759,0,7,0,10.0,0.0,2.0,1.0,A01
201400004760,0,7,0,2.0,0.0,1.0,1.0,A01
201400004761,0,7,0,0.0,0.0,1.0,2.0,A01
201400004762,0,7,0,13.0,0.0,9.0,13.0,A01
201400004763,0,7,0,0.0,2.0,1.0,1.0,A01
201400004763,0,2,0,0.0,2.0,1.0,1.0,B02
201400004764,0,7,0,0.0,1.0,1.0,2.0,A01
201400004765,0,38,1,0.0,2.0,3.0,1.0,A01
201400004765,0,7,0,0.0,2.0,8.0,15.0,B02
201400004766,0,7,0,0.0,2.0,3.0,17.0,A01
201400004766,0,7,0,0.0,2.0,3.0,1.0,B02
201400004767,0,10,0,0.0,1.0,2.0,1.0,A01
201400004768,0,10,0,0.0,2.0,1.0,1.0,B01
201400004768,0,7,0,6.0,1.0,6.0,9.0,A01
201400004769,0,1,0,0.0,2.0,1.0,19.0,B01
201400004769,0,7,0,0.0,2.0,8.0,1.0,A01
201400004770,0,7,0,0.0,1.0,3.0,1.0,A01
201400004771,0,7,0,0.0,1.0,1.0,1.0,A01
201400004772,0,1,0,0.0,2.0,1.0,9.0,A01
201400004772,0,10,0,0.0,2.0,2.0,1.0,B01
201400004773,0,7,0,0.0,1.0,1.0,20.0,A01
201400004774,0,7,0,0.0,1.0,2.0,1.0,A01
201400004775,0,30,0,0.0,2.0,1.0,1.0,B01
201400004775,0,7,0,0.0,2.0,3.0,15.0,A01
201400004776,0,3,0,0.0,1.0,1.0,15.0,A01
201400004777,0,7,0,1.0,2.0,2.0,1.0,A01
201400004777,0,7,0,0.0,2.0,1.0,1.0,B01
201400004778,0,7,0,0.0,1.0,2.0,15.0,A01
201400004779,0,7,0,0.0,1.0,2.0,1.0,A01
201400004780,0,7,0,0.0,2.0,4.0,23.0,B01
201400004780,0,10,0,0.0,2.0,1.0,1.0,A01
201400004780,0,7,0,0.0,2.0,4.0,15.0,C01
201400004781,0,7,0,0.0,1.0,1.0,1.0,A01
201400004782,0,7,0,0.0,1.0,3.0,1.0,A01
201400004783,0,7,0,0.0,2.0,3.0,15.0,A01
201400004783,0,1,0,0.0,2.0,7.0,1.0,B02
201400004784,0,7,0,0.0,1.0,1.0,1.0,A01
201400004785,0,7,0,0.0,2.0,3.0,1.0,B01
201400004785,0,7,0,0.0,2.0,2.0,20.0,A01
201400004786,0,33,0,3.0,0.0,2.0,1.0,A01
201400004787,0,7,0,0.0,2.0,6.0,15.0,B01
201400004787,0,33,0,0.0,2.0,1.0,17.0,A01
201400004788,0,37,3,0.0,2.0,3.0,1.0,B01
201400004788,0,7,0,0.0,2.0,1.0,13.0,A01
201400004789,0,7,0,0.0,1.0,1.0,1.0,A01
201400004790,0,7,0,0.0,1.0,1.0,1.0,A01
201400004791,0,7,0,0.0,1.0,2.0,1.0,A01
201400004792,0,15,0,0.0,2.0,1.0,1.0,B01
201400004792,0,7,0,0.0,2.0,8.0,13.0,A01
201400004793,0,7,0,0.0,2.0,3.0,20.0,A01
201400004793,0,33,0,0.0,2.0,1.0,1.0,B01
201400004794,0,7,0,0.0,2.0,4.0,10.0,A01
201400004794,0,7,0,0.0,2.0,1.0,1.0,B01
201400004795,0,7,0,2.0,0.0,2.0,1.0,A01
201400004796,0,7,0,6.0,0.0,2.0,14.0,A01
201400004797,0,1,0,0.0,0.0,0.0,1.0,A01
201400004797,0,15,0,0.0,0.0,0.0,1.0,B02
201400004798,0,33,0,0.0,2.0,3.0,13.0,A01
201400004798,0,7,0,0.0,2.0,8.0,1.0,B02
201400004799,0,34,0,0.0,2.0,3.0,2.0,A01
201400004799,0,34,0,0.0,2.0,5.0,1.0,B02
201400004800,0,7,0,7.0,2.0,3.0,13.0,A01
201400004800,0,7,0,0.0,2.0,3.0,1.0,B02
201400004801,0,33,0,10.0,0.0,0.0,16.0,A01
201400004802,0,33,0,0.0,2.0,1.0,2.0,A01
201400004802,0,33,0,0.0,0.0,4.0,0.0,B02
201400004803,0,2,0,0.0,2.0,1.0,1.0,A01
201400004803,0,10,0,0.0,2.0,7.0,15.0,B02
201400004804,0,36,0,14.0,0.0,1.0,1.0,A01
201400004805,0,33,0,0.0,2.0,1.0,1.0,A01
201400004805,0,7,0,0.0,2.0,2.0,1.0,B02
201400004806,0,7,0,2.0,0.0,2.0,1.0,A01
201400004807,0,10,0,0.0,1.0,1.0,15.0,A01
201400004808,0,10,0,0.0,2.0,7.0,1.0,B01
201400004808,0,30,0,0.0,2.0,8.0,18.0,A01
201400004809,0,7,0,0.0,1.0,7.0,1.0,A01
201400004810,0,7,0,0.0,2.0,3.0,24.0,B01
201400004810,0,7,0,1.0,0.0,3.0,13.0,A01
201400004811,0,7,0,0.0,1.0,1.0,1.0,A01
201400004812,0,33,0,0.0,0.0,0.0,1.0,A01
201400004813,0,7,0,0.0,1.0,1.0,1.0,A01
201400004814,0,1,0,0.0,2.0,1.0,5.0,B01
201400004814,0,7,0,0.0,2.0,3.0,1.0,A01
201400004815,0,33,0,0.0,2.0,1.0,1.0,B01
201400004815,0,7,0,0.0,2.0,1.0,15.0,A01
201400004816,0,7,0,0.0,1.0,1.0,9.0,A01
201400004817,0,33,0,0.0,2.0,1.0,2.0,A01
201400004817,0,7,0,0.0,2.0,8.0,9.0,B01
201400004818,0,7,0,0.0,1.0,6.0,4.0,A01
201400004819,0,31,0,0.0,2.0,1.0,1.0,B01
201400004819,0,7,0,0.0,2.0,5.0,15.0,A01
201400004820,0,7,0,0.0,1.0,1.0,1.0,A01
201400004821,0,7,0,0.0,1.0,5.0,1.0,A01
201400004822,0,15,0,0.0,0.0,8.0,13.0,A01
201400004823,0,35,0,6.0,0.0,3.0,13.0,A01
201400004824,0,7,0,0.0,2.0,2.0,15.0,A01
201400004824,0,33,0,0.0,2.0,1.0,1.0,B01
201400004825,0,10,0,0.0,1.0,4.0,4.0,A01
201400004826,0,33,0,0.0,2.0,1.0,1.0,B02
201400004826,0,7,0,0.0,0.0,3.0,15.0,A01
201400004827,0,10,0,0.0,2.0,3.0,1.0,B02
201400004827,0,7,0,0.0,2.0,3.0,5.0,D04
201400004827,0,7,0,0.0,2.0,3.0,1.0,A01
201400004827,0,7,0,0.0,2.0,3.0,1.0,C03
201400004828,0,17,0,0.0,2.0,5.0,21.0,A01
201400004828,0,1,0,0.0,2.0,8.0,2.0,B02
201400004829,0,36,0,8.0,0.0,1.0,0.0,A01
201400004830,0,7,0,0.0,2.0,1.0,13.0,A01
201400004830,0,7,0,0.0,2.0,1.0,1.0,B02
201400004831,0,31,0,13.0,0.0,8.0,13.0,A01
201400004831,0,33,0,0.0,2.0,7.0,1.0,B02
201400004832,0,38,0,0.0,2.0,3.0,6.0,A01
201400004832,0,7,0,0.0,1.0,2.0,1.0,B02
201400004833,0,7,0,0.0,2.0,0.0,15.0,B02
201400004833,0,31,0,12.0,2.0,0.0,13.0,A01
201400004834,0,7,0,0.0,2.0,2.0,13.0,A01
201400004834,0,30,0,0.0,2.0,1.0,1.0,B02
201400004835,0,1,0,0.0,2.0,8.0,1.0,A01
201400004835,0,10,0,0.0,2.0,2.0,1.0,B02
201400004836,0,34,0,6.0,0.0,2.0,1.0,A01
201400004837,0,2,0,12.0,0.0,7.0,14.0,A01
201400004838,0,33,0,0.0,2.0,1.0,2.0,A01
201400004838,0,7,0,0.0,0.0,6.0,15.0,B02
201400004839,0,33,0,12.0,0.0,1.0,1.0,A01
201400004840,0,21,0,0.0,2.0,3.0,15.0,B02
201400004840,0,1,0,0.0,2.0,1.0,1.0,A01
201400004841,0,33,0,16.0,0.0,1.0,13.0,A01
201400004842,2,7,0,0.0,2.0,8.0,15.0,A01
201400004842,0,33,0,0.0,2.0,1.0,17.0,B02
201400004843,0,15,0,0.0,2.0,5.0,17.0,A01
201400004843,0,1,0,0.0,2.0,8.0,1.0,B02
201400004844,0,7,0,0.0,2.0,3.0,13.0,A01
201400004844,0,7,0,0.0,2.0,3.0,21.0,B02
201400004845,0,7,0,0.0,0.0,2.0,13.0,B02