Num_Acc,senc,catv,occutc,obs,obsm,choc,manv,num_veh
201400004845,0,7,0,0.0,0.0,2.0,13.0,A01
201400004846,0,7,0,13.0,0.0,2.0,1.0,A01
201400004847,0,7,0,0.0,2.0,1.0,15.0,A01
201400004847,0,1,0,0.0,2.0,1.0,1.0,B02
201400004848,0,10,0,0.0,2.0,1.0,13.0,A01
201400004848,0,7,0,0.0,2.0,1.0,1.0,B02
201400004849,0,7,0,2.0,0.0,9.0,1.0,A01
201400004850,0,7,0,0.0,2.0,3.0,17.0,A01
201400004850,0,33,0,0.0,2.0,3.0,1.0,B02
201400004851,0,7,0,0.0,1.0,2.0,13.0,A01
201400004852,0,7,0,0.0,2.0,1.0,9.0,A01
201400004852,0,7,0,0.0,2.0,7.0,1.0,B02
201400004853,0,30,0,0.0,2.0,1.0,9.0,B02
201400004853,0,7,0,0.0,2.0,2.0,1.0,A01
201400004854,0,10,0,13.0,0.0,3.0,0.0,A01
201400004855,0,7,0,2.0,0.0,8.0,1.0,A01
201400004856,0,7,0,13.0,0.0,1.0,0.0,A01
201400004857,0,2,0,0.0,9.0,7.0,1.0,A01
201400004858,0,33,0,0.0,0.0,8.0,13.0,A01
201400004858,0,7,0,0.0,0.0,8.0,1.0,B02
201400004859,0,33,0,8.0,0.0,1.0,1.0,A01
201400004860,0,7,0,0.0,2.0,3.0,13.0,A01
201400004860,0,7,0,0.0,2.0,8.0,2.0,B02
201400004861,0,33,0,0.0,2.0,1.0,1.0,A01
201400004861,0,7,0,0.0,2.0,3.0,19.0,B02
201400004862,0,7,0,0.0,2.0,3.0,1.0,B02
201400004862,0,7,0,0.0,2.0,3.0,15.0,A01
201400004863,0,7,0,0.0,2.0,8.0,1.0,C03
201400004863,0,15,0,0.0,2.0,2.0,1.0,B02
201400004863,0,7,0,0.0,2.0,3.0,13.0,A01
201400004864,0,33,0,0.0,0.0,3.0,1.0,A01
201400004865,0,33,0,0.0,2.0,1.0,17.0,A01
201400004865,0,7,0,0.0,2.0,1.0,1.0,B02
201400004866,0,7,0,13.0,0.0,1.0,1.0,A01
201400004867,0,33,0,0.0,1.0,3.0,1.0,A01
201400004868,0,30,0,0.0,2.0,1.0,1.0,B02
201400004868,0,7,0,0.0,2.0,7.0,15.0,A01
201400004869,0,1,0,0.0,2.0,2.0,1.0,B02
201400004869,0,14,0,0.0,2.0,1.0,15.0,A01
201400004870,0,7,0,0.0,2.0,7.0,13.0,A01
201400004870,0,7,0,0.0,2.0,1.0,1.0,B02
201400004871,0,33,0,0.0,2.0,1.0,1.0,B02
201400004871,0,7,0,0.0,2.0,2.0,10.0,A01
201400004872,0,7,0,0.0,2.0,8.0,5.0,A01
201400004872,0,10,0,0.0,2.0,1.0,1.0,B02
201400004873,0,33,0,0.0,2.0,1.0,1.0,B02
201400004873,0,10,0,0.0,2.0,3.0,15.0,A01
201400004874,0,7,0,0.0,2.0,3.0,1.0,A01
201400004874,0,10,0,0.0,2.0,3.0,23.0,B02
201400004875,0,7,0,0.0,0.0,4.0,15.0,A01
201400004875,0,7,0,0.0,2.0,1.0,2.0,B02
201400004876,0,33,0,0.0,0.0,2.0,1.0,A01
201400004877,0,7,0,0.0,2.0,1.0,1.0,C03
201400004877,0,7,0,0.0,2.0,4.0,23.0,A01
201400004877,0,7,0,0.0,2.0,4.0,23.0,B02
201400004878,0,7,0,0.0,2.0,1.0,13.0,A01
201400004878,0,7,0,0.0,2.0,1.0,1.0,B02
201400004879,0,7,0,16.0,0.0,3.0,2.0,A01
201400004880,0,33,0,5.0,0.0,1.0,1.0,A01
201400004881,0,7,0,2.0,0.0,2.0,0.0,A01
201400004882,0,1,0,0.0,2.0,3.0,1.0,A01
201400004882,1,7,0,0.0,2.0,2.0,17.0,B01
201400004883,0,2,0,1.0,0.0,1.0,14.0,A01
201400004883,0,7,0,0.0,2.0,6.0,24.0,B01
201400004884,0,7,0,0.0,1.0,1.0,1.0,A01
201400004885,0,7,0,2.0,0.0,6.0,17.0,A01
201400004886,0,7,0,0.0,2.0,1.0,16.0,A01
201400004886,0,1,0,0.0,2.0,7.0,1.0,B01
201400004887,0,14,0,0.0,2.0,1.0,1.0,B01
201400004887,0,7,0,0.0,2.0,7.0,9.0,A01
201400004888,0,7,0,0.0,2.0,0.0,1.0,B01
201400004888,0,7,0,0.0,2.0,1.0,15.0,A01
201400004889,0,2,0,8.0,0.0,1.0,14.0,A01
201400004890,0,2,0,0.0,2.0,1.0,1.0,B01
201400004890,0,7,0,0.0,2.0,8.0,9.0,A01
201400004891,1,7,0,0.0,1.0,3.0,1.0,A01
201400004892,0,7,0,0.0,2.0,1.0,13.0,A01
201400004892,0,7,0,0.0,0.0,2.0,1.0,C03
201400004892,0,7,0,0.0,2.0,3.0,1.0,B02
201400004893,0,2,0,0.0,1.0,0.0,1.0,A01
201400004894,0,30,0,0.0,2.0,1.0,1.0,B01
201400004894,0,7,0,0.0,2.0,2.0,15.0,A01
201400004895,0,38,2,0.0,1.0,5.0,20.0,A01
201400004896,0,30,0,0.0,0.0,0.0,1.0,A01
201400004897,0,31,0,11.0,0.0,1.0,13.0,A01
201400004898,0,7,0,0.0,0.0,8.0,15.0,A01
201400004898,0,10,0,6.0,2.0,1.0,15.0,B02
201400004899,0,7,0,0.0,2.0,8.0,1.0,B02
201400004899,0,33,0,0.0,2.0,2.0,16.0,A01
201400004900,0,7,0,2.0,0.0,1.0,14.0,A01
201400004901,0,7,0,0.0,2.0,3.0,1.0,A01
201400004901,0,7,0,0.0,2.0,2.0,16.0,B02
201400004902,0,10,0,0.0,1.0,1.0,1.0,A01
201400004903,0,1,0,0.0,2.0,1.0,19.0,B02
201400004903,0,7,0,0.0,9.0,2.0,1.0,A01
201400004904,0,7,0,1.0,1.0,2.0,1.0,A01
201400004905,0,33,0,2.0,0.0,1.0,1.0,A01
201400004906,0,7,0,0.0,2.0,5.0,15.0,A01
201400004906,0,1,0,0.0,2.0,7.0,1.0,B02
201400004907,0,33,0,0.0,0.0,4.0,1.0,B02
201400004907,0,33,0,0.0,2.0,1.0,17.0,A01
201400004908,0,7,0,0.0,2.0,1.0,5.0,A01
201400004908,0,7,0,0.0,2.0,1.0,1.0,B02
201400004909,0,33,0,0.0,6.0,1.0,1.0,A01
201400004910,0,7,0,2.0,0.0,1.0,0.0,A01
201400004911,0,33,0,9.0,0.0,1.0,1.0,A01
201400004912,0,33,0,0.0,2.0,1.0,1.0,A01
201400004912,0,7,0,0.0,2.0,2.0,6.0,B02
201400004913,0,33,0,0.0,2.0,1.0,1.0,A01
201400004913,0,7,0,0.0,2.0,6.0,19.0,B02
201400004914,0,7,0,2.0,0.0,3.0,17.0,A01
201400004915,0,10,0,13.0,0.0,1.0,0.0,A01
201400004916,0,7,0,0.0,2.0,6.0,13.0,A01
201400004916,0,7,0,0.0,2.0,3.0,1.0,B02
201400004917,0,7,0,13.0,0.0,2.0,1.0,A01
201400004918,0,33,0,0.0,2.0,1.0,17.0,A01
201400004918,0,7,0,0.0,2.0,8.0,15.0,B02
201400004919,0,7,0,0.0,2.0,2.0,1.0,A01
201400004919,0,33,0,0.0,2.0,7.0,16.0,B02
201400004920,0,7,0,0.0,0.0,1.0,14.0,A01
201400004921,0,10,0,0.0,1.0,3.0,1.0,A01
201400004922,0,7,0,0.0,2.0,1.0,1.0,B02
201400004922,0,10,0,3.0,2.0,1.0,1.0,A01
201400004923,0,30,0,13.0,0.0,2.0,0.0,A01
201400004924,0,10,0,0.0,2.0,3.0,1.0,B02
201400004924,0,7,0,0.0,2.0,6.0,13.0,A01
201400004925,0,33,0,0.0,2.0,7.0,13.0,A01
201400004925,0,7,0,0.0,2.0,1.0,1.0,B02
201400004926,0,7,0,8.0,0.0,6.0,1.0,A01
201400004927,0,2,0,0.0,2.0,1.0,1.0,B02
201400004927,0,7,0,0.0,2.0,3.0,1.0,A01
201400004928,0,14,0,6.0,0.0,3.0,1.0,A01
201400004929,0,7,0,6.0,0.0,1.0,13.0,A01
201400004930,0,7,0,0.0,1.0,3.0,1.0,A01
201400004931,0,7,0,0.0,2.0,7.0,1.0,A01
201400004931,0,7,0,0.0,2.0,1.0,19.0,B02
201400004932,0,10,0,0.0,2.0,1.0,1.0,B02
201400004932,0,7,0,0.0,2.0,7.0,1.0,A01
201400004933,0,7,0,0.0,2.0,3.0,23.0,C03
201400004933,2,7,0,0.0,2.0,1.0,13.0,A01
201400004933,0,7,0,0.0,2.0,3.0,15.0,B02
201400004934,0,7,0,8.0,0.0,2.0,13.0,A01
201400004935,0,7,0,6.0,0.0,2.0,14.0,A01
201400004936,0,7,0,0.0,2.0,8.0,1.0,A01
201400004936,0,2,0,0.0,2.0,1.0,19.0,B02
201400004937,0,7,0,0.0,0.0,6.0,15.0,B02
201400004937,0,33,0,0.0,2.0,1.0,2.0,A01
201400004938,0,20,0,8.0,0.0,2.0,0.0,A01
201400004939,0,7,0,0.0,2.0,8.0,15.0,B02
201400004939,0,10,0,0.0,2.0,1.0,1.0,A01
201400004940,0,7,0,0.0,1.0,1.0,1.0,A01
201400004941,0,7,0,0.0,2.0,3.0,13.0,A01
201400004941,0,10,0,0.0,2.0,3.0,1.0,B02
201400004942,0,7,0,0.0,2.0,1.0,1.0,B02
201400004942,0,7,0,0.0,2.0,8.0,15.0,A01
201400004943,0,7,0,0.0,2.0,3.0,13.0,A01
201400004943,0,7,0,0.0,2.0,3.0,1.0,B02
201400004943,0,7,0,0.0,2.0,3.0,1.0,C03
201400004944,0,1,0,0.0,6.0,1.0,1.0,A01
201400004945,0,7,0,0.0,0.0,1.0,1.0,A01
201400004946,0,7,0,13.0,0.0,1.0,6.0,A01
201400004947,0,33,0,16.0,0.0,0.0,1.0,A01
201400004948,0,1,0,0.0,2.0,1.0,1.0,B02
201400004948,0,7,0,0.0,9.0,2.0,15.0,A01
201400004949,0,7,0,13.0,0.0,1.0,1.0,A01
201400004950,0,7,0,0.0,2.0,3.0,17.0,A01
201400004950,0,2,0,0.0,2.0,3.0,1.0,B02
201400004951,0,7,0,6.0,0.0,1.0,1.0,A01
201400004952,0,7,0,6.0,0.0,0.0,1.0,A01
201400004953,0,7,0,13.0,0.0,9.0,1.0,A01
201400004954,0,30,0,0.0,0.0,8.0,0.0,A01
201400004955,0,7,0,0.0,0.0,8.0,1.0,A01
201400004955,0,15,0,0.0,0.0,3.0,1.0,B02
201400004956,0,33,0,0.0,0.0,8.0,1.0,A01
201400004957,0,7,0,0.0,2.0,3.0,13.0,A01
201400004957,0,7,0,0.0,2.0,3.0,1.0,B02
201400004958,0,7,0,6.0,0.0,1.0,1.0,A01
201400004959,0,7,0,0.0,2.0,3.0,1.0,B02
201400004959,0,2,0,0.0,2.0,7.0,1.0,A01
201400004960,0,7,0,0.0,2.0,1.0,1.0,B02
201400004960,0,7,0,0.0,2.0,1.0,13.0,A01
201400004961,0,7,0,9.0,0.0,1.0,1.0,A01
201400004962,0,10,0,0.0,2.0,3.0,1.0,A01
201400004962,0,15,0,0.0,2.0,3.0,1.0,C03
201400004962,0,7,0,0.0,2.0,9.0,15.0,B02
201400004963,0,7,0,0.0,2.0,1.0,15.0,A01
201400004963,0,7,0,0.0,2.0,1.0,1.0,B02
201400004964,0,2,0,0.0,0.0,1.0,14.0,A01
201400004965,0,7,0,0.0,2.0,7.0,0.0,B02
201400004965,0,7,0,0.0,2.0,8.0,0.0,A01
201400004966,0,7,0,6.0,0.0,1.0,6.0,A01
201400004967,0,7,0,0.0,2.0,8.0,15.0,B02
201400004967,0,7,0,0.0,2.0,2.0,17.0,A01
201400004968,0,33,0,0.0,2.0,3.0,5.0,A01
201400004968,0,7,0,0.0,2.0,3.0,1.0,B02
201400004969,0,7,0,0.0,2.0,1.0,15.0,A01
201400004969,0,33,0,0.0,2.0,1.0,1.0,B02
201400004970,0,7,0,0.0,2.0,3.0,15.0,A01
201400004970,0,7,0,0.0,2.0,3.0,1.0,B02
201400004971,0,7,0,0.0,2.0,2.0,19.0,A01
201400004972,0,30,0,0.0,2.0,1.0,1.0,A01
201400004972,0,7,0,0.0,2.0,2.0,15.0,B02
201400004973,0,31,0,0.0,2.0,1.0,1.0,A01
201400004973,0,7,0,0.0,2.0,1.0,15.0,B02
201400004974,0,7,0,6.0,0.0,1.0,1.0,A01
201400004975,0,7,0,13.0,0.0,9.0,1.0,A01
201400004976,0,14,0,0.0,2.0,3.0,0.0,A01
201400004976,0,7,0,0.0,0.0,2.0,5.0,B02
201400004977,0,7,0,0.0,1.0,0.0,1.0,A01
201400004978,0,7,0,0.0,0.0,2.0,17.0,A01
201400004978,0,7,0,0.0,0.0,8.0,2.0,B02
201400004979,0,10,0,0.0,2.0,3.0,1.0,B02
201400004979,0,33,0,0.0,2.0,1.0,20.0,A01
201400004980,0,7,0,0.0,2.0,2.0,1.0,B02
201400004980,0,7,0,0.0,2.0,1.0,19.0,A01
201400004981,0,7,0,0.0,2.0,3.0,1.0,A01
201400004981,0,14,0,0.0,2.0,3.0,1.0,B02
201400004982,0,30,0,0.0,0.0,4.0,1.0,B02
201400004982,1,7,0,0.0,2.0,2.0,1.0,A01
201400004983,0,30,0,0.0,0.0,7.0,1.0,B02
201400004983,0,7,0,0.0,0.0,3.0,16.0,A01
201400004984,0,7,0,0.0,2.0,3.0,15.0,A01
201400004984,0,1,0,0.0,2.0,1.0,1.0,B02
201400004985,0,7,0,0.0,0.0,1.0,0.0,A01
201400004986,0,7,0,2.0,0.0,1.0,19.0,A01
201400004987,0,7,0,0.0,1.0,2.0,21.0,A01
201400004988,0,7,0,0.0,1.0,1.0,1.0,A01
201400004989,0,7,0,0.0,2.0,7.0,15.0,A01
201400004989,0,2,0,0.0,2.0,1.0,1.0,B02
201400004990,0,7,0,0.0,1.0,4.0,4.0,A01
201400004991,0,7,0,0.0,2.0,2.0,15.0,A01
201400004991,0,31,0,0.0,2.0,3.0,1.0,B02
201400004992,0,7,0,0.0,1.0,2.0,1.0,A01
201400004993,0,7,0,8.0,0.0,1.0,13.0,A01
201400004994,0,31,0,0.0,0.0,7.0,1.0,A01
201400004995,0,7,0,0.0,0.0,3.0,1.0,B02
201400004995,0,7,0,0.0,0.0,2.0,17.0,A01
201400004995,0,7,0,0.0,0.0,0.0,1.0,C03
201400004996,0,7,0,0.0,2.0,5.0,15.0,A01
201400004996,0,33,0,0.0,2.0,1.0,1.0,B02
201400004997,0,7,0,0.0,1.0,2.0,2.0,A01
201400004998,0,30,0,0.0,2.0,1.0,1.0,B02
201400004998,0,21,0,0.0,2.0,8.0,9.0,A01
201400004999,0,7,0,15.0,0.0,5.0,1.0,A01
201400004999,0,7,0,0.0,0.0,3.0,1.0,B02
201400005000,0,33,0,0.0,2.0,2.0,17.0,A01
201400005000,0,21,0,0.0,2.0,6.0,15.0,B02
201400005001,0,7,0,2.0,0.0,8.0,2.0,A01
201400005002,0,30,0,0.0,2.0,1.0,15.0,B02
201400005002,0,7,0,0.0,2.0,3.0,1.0,A01
201400005003,0,30,0,0.0,2.0,1.0,1.0,B02
201400005003,0,7,0,0.0,2.0,3.0,19.0,A01
201400005004,0,7,0,0.0,2.0,3.0,1.0,C03
201400005004,0,7,0,2.0,2.0,2.0,5.0,A01
201400005004,0,7,0,0.0,2.0,6.0,1.0,B02
201400005005,0,7,0,0.0,1.0,1.0,1.0,A01
201400005006,0,10,0,0.0,2.0,7.0,15.0,A01
201400005006,0,33,0,0.0,2.0,1.0,1.0,B02
201400005007,0,33,0,8.0,0.0,1.0,1.0,A01
201400005008,0,1,0,0.0,2.0,7.0,1.0,B02
201400005008,0,7,0,0.0,9.0,3.0,9.0,A01
201400005009,0,7,0,2.0,0.0,1.0,1.0,A01
201400005010,0,7,0,0.0,2.0,1.0,17.0,A01
201400005010,0,7,0,0.0,2.0,1.0,1.0,B02
201400005010,0,10,0,0.0,2.0,1.0,1.0,C03
201400005011,0,32,0,0.0,2.0,3.0,16.0,B02
201400005011,0,10,0,0.0,2.0,1.0,1.0,A01
201400005012,0,7,0,0.0,1.0,8.0,1.0,A01
201400005013,0,7,0,0.0,1.0,1.0,20.0,A01
201400005014,0,7,0,0.0,2.0,3.0,1.0,B02
201400005014,0,7,0,0.0,2.0,3.0,13.0,A01
201400005015,0,7,0,4.0,0.0,2.0,1.0,A01
201400005016,0,30,0,0.0,2.0,1.0,14.0,A01
201400005016,0,7,0,0.0,2.0,3.0,1.0,B02
201400005017,0,7,0,0.0,2.0,1.0,1.0,A01
201400005017,0,7,0,0.0,2.0,1.0,21.0,B02
201400005018,0,30,0,0.0,0.0,8.0,0.0,A01
201400005018,0,2,0,2.0,0.0,7.0,0.0,B02
201400005019,0,34,0,12.0,2.0,3.0,5.0,A01
201400005019,0,7,0,0.0,2.0,3.0,1.0,B02
201400005020,0,7,0,0.0,2.0,3.0,19.0,A01
201400005020,0,7,0,0.0,2.0,2.0,1.0,B02
201400005021,0,7,0,0.0,2.0,1.0,1.0,A01
201400005021,0,7,0,6.0,2.0,7.0,1.0,B02
201400005022,0,7,0,8.0,0.0,2.0,13.0,A01
201400005023,0,30,0,0.0,0.0,7.0,1.0,A01
201400005024,0,10,0,0.0,2.0,1.0,1.0,B02
201400005024,0,7,0,0.0,2.0,2.0,17.0,A01
201400005025,0,7,0,0.0,2.0,1.0,1.0,A01
201400005025,0,10,0,0.0,2.0,8.0,19.0,B02
201400005026,0,7,0,0.0,0.0,1.0,1.0,A01
201400005026,0,7,0,0.0,0.0,7.0,19.0,B02
201400005027,0,30,0,0.0,2.0,1.0,1.0,B02
201400005027,0,7,0,0.0,2.0,3.0,15.0,A01
201400005028,0,7,0,16.0,0.0,2.0,1.0,A01
201400005029,0,7,0,0.0,2.0,7.0,15.0,A01
201400005029,0,7,0,0.0,2.0,1.0,13.0,B02
201400005029,0,7,0,0.0,2.0,1.0,1.0,C03
201400005030,0,7,0,0.0,2.0,2.0,1.0,A01
201400005030,0,7,0,0.0,2.0,3.0,15.0,B02
201400005031,0,7,0,0.0,1.0,5.0,2.0,A01
201400005032,0,7,0,6.0,0.0,3.0,1.0,A01
201400005033,0,3,0,0.0,2.0,1.0,1.0,B02
201400005033,0,7,0,0.0,2.0,1.0,1.0,A01
201400005034,0,7,0,0.0,2.0,1.0,5.0,A01
201400005034,0,7,0,0.0,2.0,1.0,1.0,B02
201400005035,0,7,0,0.0,2.0,1.0,1.0,A01
201400005035,0,1,0,0.0,2.0,4.0,15.0,B02
201400005036,0,15,0,0.0,2.0,1.0,1.0,A01
201400005036,0,7,0,0.0,2.0,1.0,13.0,B02
201400005037,0,7,0,16.0,0.0,9.0,1.0,A01
201400005038,0,33,0,13.0,0.0,1.0,1.0,A01
201400005039,0,7,0,15.0,2.0,2.0,15.0,A01
201400005039,0,7,0,0.0,2.0,1.0,1.0,B02
201400005040,0,7,0,3.0,0.0,1.0,1.0,A01
201400005041,0,7,0,3.0,2.0,1.0,13.0,A01
201400005041,0,7,0,0.0,2.0,1.0,1.0,B02
201400005042,0,7,0,0.0,2.0,3.0,1.0,A01
201400005042,0,7,0,0.0,2.0,3.0,1.0,B02
201400005043,0,7,0,13.0,0.0,1.0,2.0,A01
201400005044,0,33,0,16.0,0.0,0.0,0.0,A01
201400005045,0,33,0,0.0,2.0,1.0,1.0,B02
201400005045,0,7,0,0.0,0.0,6.0,1.0,A01
201400005046,0,7,0,0.0,2.0,1.0,1.0,A01
201400005046,0,7,0,0.0,0.0,8.0,1.0,B02
201400005047,0,99,0,0.0,1.0,1.0,16.0,A01
201400005048,0,31,0,0.0,0.0,1.0,1.0,A01
201400005049,1,7,0,0.0,1.0,2.0,1.0,A01
201400005050,0,33,0,0.0,2.0,0.0,1.0,A01
201400005051,0,7,0,6.0,0.0,1.0,14.0,A01
201400005052,0,7,0,0.0,1.0,1.0,1.0,A01
201400005053,0,1,0,6.0,0.0,1.0,1.0,A01
201400005054,0,7,0,0.0,2.0,6.0,19.0,A01
201400005054,0,7,0,0.0,2.0,3.0,14.0,B02
201400005055,0,10,0,1.0,2.0,8.0,1.0,A01
201400005055,0,7,0,1.0,2.0,1.0,15.0,B02
201400005056,0,14,0,0.0,1.0,1.0,1.0,A01
201400005057,0,31,0,0.0,2.0,2.0,13.0,A01
201400005057,0,7,0,0.0,0.0,8.0,19.0,B02
201400005058,0,30,0,0.0,2.0,1.0,1.0,B02
201400005058,0,7,0,0.0,2.0,7.0,1.0,A01
201400005059,0,30,0,3.0,5.0,7.0,21.0,A01
201400005060,0,7,0,0.0,2.0,1.0,5.0,B02
201400005060,0,7,0,0.0,2.0,1.0,1.0,A01
201400005061,0,33,0,0.0,2.0,1.0,2.0,A01
201400005061,0,7,0,0.0,2.0,6.0,2.0,B02
201400005062,0,7,0,0.0,0.0,1.0,0.0,A01
201400005062,0,7,0,0.0,0.0,1.0,0.0,B02
201400005062,0,7,0,0.0,0.0,1.0,0.0,C03
201400005063,0,7,0,0.0,1.0,2.0,9.0,A01
201400005064,0,7,0,0.0,1.0,2.0,1.0,A01
201400005065,0,7,0,0.0,2.0,5.0,1.0,C03
201400005065,0,7,0,0.0,2.0,1.0,1.0,B02
201400005065,0,2,0,0.0,2.0,4.0,9.0,A01
201400005066,0,7,0,0.0,2.0,3.0,19.0,A01
201400005066,0,2,0,0.0,2.0,1.0,1.0,B02
201400005067,0,7,0,0.0,2.0,5.0,19.0,A01
201400005067,0,7,0,0.0,2.0,1.0,19.0,B02
201400005068,0,7,0,13.0,0.0,9.0,1.0,A01
201400005069,0,10,0,0.0,2.0,1.0,1.0,A01
201400005069,0,33,0,0.0,2.0,1.0,1.0,B02
201400005070,0,7,0,0.0,2.0,3.0,17.0,A01
201400005070,0,7,0,0.0,2.0,8.0,23.0,B02
201400005070,0,10,0,0.0,2.0,3.0,1.0,C03
201400005071,0,7,0,0.0,2.0,3.0,13.0,A01
201400005071,0,7,0,0.0,2.0,2.0,1.0,B02
201400005072,0,7,0,0.0,2.0,1.0,21.0,A01
201400005072,0,17,0,0.0,2.0,2.0,15.0,B02
201400005073,0,33,0,0.0,2.0,1.0,1.0,B02
201400005073,0,7,0,0.0,2.0,1.0,13.0,A01
201400005074,0,1,0,0.0,2.0,4.0,1.0,B02
201400005074,0,33,0,0.0,2.0,8.0,1.0,A01
201400005075,0,33,0,0.0,2.0,1.0,1.0,B02
201400005075,0,33,0,0.0,0.0,4.0,1.0,A01
201400005075,0,33,0,0.0,0.0,7.0,1.0,C03
201400005076,0,33,0,13.0,0.0,1.0,14.0,A01
201400005077,0,7,0,0.0,2.0,1.0,1.0,A01
201400005077,0,7,0,0.0,2.0,1.0,17.0,B02
201400005078,0,33,0,0.0,2.0,1.0,1.0,B02
201400005078,0,10,0,0.0,2.0,5.0,15.0,A01
201400005079,0,7,0,0.0,2.0,4.0,1.0,A01
201400005079,0,10,0,13.0,2.0,8.0,1.0,B02
201400005080,0,7,0,13.0,0.0,1.0,1.0,A01
201400005081,0,7,0,0.0,1.0,2.0,1.0,A01
201400005082,0,7,0,0.0,2.0,4.0,24.0,B02
201400005082,0,7,0,1.0,0.0,1.0,9.0,A01
201400005083,0,7,0,0.0,0.0,3.0,10.0,A01
201400005083,0,33,0,0.0,2.0,1.0,1.0,B02
201400005084,0,31,0,3.0,0.0,2.0,16.0,A01
201400005085,0,7,0,0.0,2.0,2.0,13.0,A01
201400005085,0,1,0,0.0,2.0,1.0,1.0,B02
201400005086,0,31,0,0.0,0.0,0.0,1.0,A01
201400005087,0,7,0,0.0,0.0,3.0,9.0,A01
201400005087,0,1,0,0.0,2.0,1.0,1.0,B02
201400005088,0,7,0,0.0,2.0,2.0,1.0,B02
201400005088,0,3,0,0.0,2.0,3.0,15.0,A01
201400005089,0,21,0,0.0,2.0,4.0,15.0,A01
201400005089,0,14,0,0.0,2.0,2.0,1.0,B02
201400005090,0,7,0,0.0,9.0,1.0,24.0,B02
201400005090,0,33,0,0.0,2.0,1.0,1.0,A01
201400005090,0,7,0,0.0,2.0,3.0,9.0,C03
201400005091,0,7,0,0.0,2.0,2.0,17.0,A01
201400005091,0,14,0,0.0,2.0,4.0,15.0,B02
201400005092,0,36,0,0.0,2.0,8.0,1.0,B02
201400005092,0,7,0,0.0,2.0,1.0,1.0,A01
201400005093,0,36,0,6.0,0.0,2.0,2.0,A01
201400005094,0,7,0,2.0,0.0,1.0,1.0,A01
201400005095,0,7,0,0.0,2.0,1.0,1.0,A01
201400005095,0,7,0,0.0,2.0,1.0,5.0,B02
201400005096,0,7,0,0.0,2.0,3.0,1.0,B02
201400005096,0,7,0,0.0,2.0,3.0,13.0,A01
201400005097,0,33,0,0.0,2.0,1.0,1.0,B02
201400005097,0,7,0,0.0,2.0,5.0,15.0,A01
201400005097,0,7,0,0.0,2.0,2.0,1.0,C03
201400005098,0,7,0,0.0,2.0,3.0,19.0,A01
201400005098,0,33,0,0.0,2.0,1.0,1.0,B02
201400005099,0,7,0,0.0,1.0,2.0,1.0,A01
201400005100,0,3,0,0.0,0.0,4.0,2.0,B02
201400005100,0,7,0,0.0,2.0,1.0,2.0,A01
201400005101,0,7,0,0.0,2.0,8.0,19.0,A01
201400005101,0,2,0,0.0,2.0,1.0,1.0,B02
201400005102,1,7,0,0.0,1.0,3.0,1.0,A01
201400005103,0,7,0,0.0,1.0,6.0,4.0,A01
201400005104,0,7,0,0.0,2.0,3.0,0.0,B02
201400005104,1,99,0,0.0,2.0,0.0,0.0,Z01
201400005105,0,7,0,0.0,2.0,3.0,1.0,B02
201400005105,0,7,0,0.0,2.0,2.0,15.0,A01
201400005106,0,7,0,0.0,0.0,9.0,2.0,B02
201400005106,0,7,0,0.0,2.0,9.0,2.0,A01
201400005107,0,7,0,0.0,2.0,3.0,1.0,A01
201400005107,0,30,0,0.0,2.0,7.0,15.0,B02
201400005108,0,7,0,0.0,1.0,2.0,1.0,A01
201400005109,0,7,0,0.0,2.0,1.0,13.0,A01
201400005109,0,7,0,0.0,2.0,1.0,1.0,B02
201400005110,0,7,0,8.0,0.0,3.0,1.0,A01
201400005111,0,33,0,0.0,2.0,1.0,1.0,B02
201400005111,0,7,0,0.0,2.0,3.0,15.0,A01
201400005112,0,7,0,13.0,0.0,3.0,13.0,A01
201400005113,0,7,0,2.0,0.0,1.0,1.0,A01
201400005114,0,7,0,13.0,0.0,9.0,1.0,A01
201400005115,0,7,0,0.0,2.0,3.0,21.0,B02
201400005115,0,7,0,0.0,2.0,3.0,13.0,A01
201400005116,0,7,0,0.0,2.0,8.0,19.0,B02
201400005116,0,7,0,0.0,2.0,2.0,1.0,A01
201400005117,0,7,0,1.0,1.0,3.0,13.0,A01
201400005118,0,7,0,0.0,2.0,8.0,1.0,B02
201400005118,0,2,0,0.0,2.0,7.0,9.0,A01
201400005119,0,1,0,0.0,2.0,1.0,1.0,A01
201400005119,0,7,0,0.0,2.0,3.0,1.0,B02
201400005120,0,7,0,0.0,2.0,6.0,15.0,B02
201400005120,0,33,0,0.0,2.0,1.0,17.0,A01
201400005121,0,7,0,0.0,2.0,1.0,1.0,B02
201400005121,0,7,0,0.0,2.0,1.0,1.0,A01
201400005122,0,7,0,0.0,0.0,7.0,1.0,A01
201400005122,0,33,0,0.0,0.0,1.0,1.0,B02
201400005123,0,2,0,0.0,2.0,4.0,15.0,A01
201400005123,0,7,0,0.0,2.0,3.0,1.0,B02
201400005124,0,1,0,0.0,2.0,9.0,2.0,C03
201400005124,0,1,0,0.0,2.0,9.0,2.0,B02
201400005124,0,1,0,0.0,2.0,9.0,2.0,A01
201400005125,0,33,0,0.0,2.0,1.0,1.0,A01
201400005125,0,7,0,0.0,2.0,6.0,19.0,B02
201400005126,1,7,0,0.0,1.0,2.0,1.0,A01
201400005127,0,1,0,0.0,2.0,8.0,1.0,A01