Num_Acc,senc,catv,occutc,obs,obsm,choc,manv,num_veh
201400005675,0,30,0,16.0,0.0,0.0,1.0,A01
201400005676,0,1,0,0.0,2.0,1.0,15.0,A01
201400005676,0,7,0,0.0,9.0,1.0,1.0,B02
201400005677,0,3,0,0.0,1.0,2.0,15.0,A01
201400005678,0,7,0,13.0,0.0,2.0,17.0,A01
201400005679,0,10,0,0.0,2.0,8.0,15.0,A01
201400005679,0,33,0,0.0,2.0,1.0,17.0,B02
201400005680,0,7,0,2.0,0.0,1.0,14.0,A01
201400005681,0,7,0,0.0,2.0,1.0,1.0,B02
201400005681,0,7,0,0.0,2.0,2.0,5.0,A01
201400005681,0,7,0,0.0,2.0,8.0,1.0,C03
201400005682,0,14,0,0.0,2.0,2.0,1.0,A01
201400005682,0,7,0,0.0,2.0,3.0,9.0,B02
201400005683,0,7,0,2.0,0.0,1.0,13.0,A01
201400005684,0,7,0,0.0,0.0,4.0,1.0,A01
201400005685,0,7,0,0.0,2.0,1.0,15.0,A01
201400005685,0,7,0,0.0,2.0,1.0,1.0,B02
201400005686,0,7,0,0.0,2.0,1.0,1.0,B02
201400005686,0,7,0,0.0,2.0,7.0,13.0,A01
201400005687,0,7,0,8.0,0.0,3.0,13.0,A01
201400005688,0,7,0,0.0,2.0,5.0,15.0,A01
201400005688,0,7,0,0.0,2.0,2.0,1.0,B02
201400005689,0,36,0,13.0,0.0,1.0,1.0,A01
201400005690,0,99,0,16.0,0.0,1.0,1.0,A01
201400005691,0,7,0,0.0,0.0,2.0,1.0,A01
201400005692,0,7,0,3.0,0.0,1.0,0.0,A01
201400005693,0,7,0,0.0,1.0,3.0,16.0,A01
201400005694,0,10,0,0.0,1.0,4.0,4.0,A01
201400005695,0,10,0,0.0,2.0,7.0,15.0,A01
201400005695,0,33,0,0.0,2.0,1.0,1.0,B02
201400005696,0,7,0,3.0,2.0,1.0,13.0,A01
201400005696,0,10,0,0.0,2.0,1.0,1.0,C03
201400005696,0,15,0,0.0,2.0,3.0,1.0,B02
201400005697,0,7,0,2.0,0.0,1.0,1.0,A01
201400005698,0,7,0,0.0,2.0,5.0,5.0,A01
201400005698,0,7,0,0.0,2.0,3.0,1.0,B02
201400005699,0,7,0,0.0,2.0,7.0,1.0,A01
201400005699,0,7,0,0.0,2.0,1.0,15.0,B02
201400005700,0,7,0,13.0,0.0,1.0,1.0,A01
201400005701,0,7,0,0.0,2.0,1.0,0.0,B02
201400005701,0,7,0,0.0,2.0,1.0,13.0,A01
201400005702,0,7,0,0.0,0.0,8.0,19.0,A01
201400005702,0,7,0,0.0,2.0,1.0,1.0,B02
201400005703,0,30,0,0.0,0.0,0.0,1.0,A01
201400005704,0,7,0,0.0,2.0,3.0,15.0,B02
201400005704,0,33,0,0.0,2.0,2.0,1.0,A01
201400005705,0,7,0,2.0,0.0,2.0,1.0,A01
201400005706,0,7,0,8.0,0.0,1.0,14.0,A01
201400005707,0,10,0,2.0,0.0,2.0,1.0,A01
201400005708,0,31,0,16.0,0.0,1.0,1.0,A01
201400005709,0,7,0,0.0,1.0,3.0,2.0,A01
201400005710,0,7,0,0.0,1.0,3.0,1.0,A01
201400005711,0,7,0,0.0,2.0,3.0,1.0,B02
201400005711,0,7,0,0.0,2.0,3.0,1.0,A01
201400005712,0,7,0,3.0,6.0,3.0,1.0,A01
201400005713,0,7,0,13.0,0.0,3.0,1.0,A01
201400005714,0,7,0,2.0,0.0,1.0,1.0,A01
201400005715,0,7,0,0.0,2.0,2.0,1.0,A01
201400005715,0,7,0,0.0,2.0,1.0,9.0,B02
201400005716,0,33,0,0.0,0.0,0.0,1.0,A01
201400005717,0,7,0,0.0,2.0,4.0,0.0,A01
201400005717,0,14,0,0.0,2.0,1.0,0.0,B02
201400005718,0,31,0,13.0,0.0,3.0,2.0,A01
201400005719,0,7,0,0.0,2.0,3.0,1.0,B02
201400005719,0,7,0,0.0,2.0,2.0,13.0,A01
201400005720,0,15,0,3.0,0.0,2.0,1.0,A01
201400005721,0,7,0,5.0,0.0,2.0,1.0,A01
201400005722,0,7,0,0.0,0.0,2.0,0.0,A01
201400005722,0,1,0,0.0,0.0,0.0,0.0,B02
201400005723,0,7,0,0.0,1.0,6.0,20.0,A01
201400005724,0,7,0,6.0,0.0,3.0,1.0,A01
201400005725,0,7,0,13.0,0.0,2.0,1.0,A01
201400005726,0,7,0,0.0,2.0,2.0,13.0,A01
201400005726,0,7,0,0.0,2.0,3.0,1.0,B02
201400005727,0,7,0,10.0,0.0,2.0,14.0,A01
201400005728,0,7,0,0.0,2.0,1.0,13.0,A01
201400005728,0,10,0,0.0,2.0,1.0,1.0,B02
201400005729,0,7,0,2.0,0.0,3.0,1.0,A01
201400005730,0,7,0,2.0,0.0,1.0,14.0,A01
201400005731,0,30,0,0.0,1.0,2.0,1.0,A01
201400005732,0,7,0,8.0,0.0,1.0,1.0,A01
201400005733,0,14,0,13.0,0.0,7.0,1.0,A01
201400005734,0,33,0,13.0,0.0,2.0,1.0,A01
201400005735,0,7,0,0.0,2.0,3.0,13.0,A01
201400005735,0,7,0,1.0,2.0,3.0,1.0,B02
201400005736,0,15,0,0.0,2.0,7.0,21.0,B01
201400005736,0,7,0,13.0,2.0,6.0,1.0,A02
201400005737,0,36,0,0.0,0.0,9.0,15.0,A01
201400005738,0,7,0,7.0,0.0,7.0,14.0,A01
201400005739,0,7,0,0.0,2.0,1.0,13.0,A01
201400005739,0,7,0,0.0,2.0,3.0,1.0,B02
201400005740,0,7,0,0.0,2.0,3.0,1.0,B02
201400005740,0,7,0,0.0,2.0,7.0,13.0,A01
201400005741,0,10,0,13.0,0.0,9.0,1.0,A01
201400005742,0,7,0,0.0,2.0,7.0,13.0,A01
201400005742,0,14,0,0.0,2.0,3.0,1.0,B02
201400005743,0,33,0,0.0,2.0,1.0,1.0,B02
201400005743,0,7,0,0.0,2.0,5.0,15.0,A01
201400005744,0,10,0,0.0,2.0,9.0,1.0,A01
201400005744,0,7,0,0.0,2.0,3.0,1.0,B02
201400005745,0,7,0,0.0,2.0,3.0,17.0,A01
201400005745,0,7,0,0.0,2.0,3.0,1.0,B02
201400005746,0,7,0,2.0,0.0,9.0,1.0,A01
201400005747,0,35,0,2.0,0.0,1.0,1.0,A01
201400005748,0,7,0,0.0,2.0,5.0,1.0,B02
201400005748,0,30,0,0.0,2.0,1.0,15.0,A01
201400005749,0,7,0,13.0,0.0,2.0,1.0,A01
201400005750,0,7,0,0.0,2.0,7.0,13.0,A01
201400005750,0,7,0,0.0,2.0,1.0,1.0,B02
201400005751,0,7,0,13.0,0.0,8.0,21.0,A01
201400005752,0,7,0,2.0,0.0,7.0,1.0,A01
201400005753,0,7,0,13.0,0.0,1.0,1.0,A01
201400005754,0,2,0,0.0,2.0,1.0,13.0,A01
201400005754,0,7,0,0.0,2.0,2.0,1.0,B02
201400005755,0,7,0,2.0,0.0,8.0,1.0,A01
201400005756,0,33,0,0.0,2.0,1.0,1.0,B02
201400005756,0,7,0,0.0,2.0,8.0,15.0,A01
201400005757,0,7,0,2.0,0.0,3.0,1.0,A01
201400005758,0,36,0,2.0,0.0,1.0,1.0,A01
201400005759,0,7,0,13.0,0.0,2.0,14.0,A01
201400005760,0,15,0,0.0,2.0,2.0,17.0,B02
201400005760,0,7,0,6.0,2.0,8.0,17.0,A01
201400005761,0,7,0,0.0,2.0,1.0,17.0,A01
201400005761,0,10,0,0.0,2.0,1.0,1.0,B02
201400005762,0,33,0,0.0,2.0,1.0,13.0,A01
201400005762,0,7,0,0.0,2.0,1.0,1.0,B02
201400005763,0,7,0,0.0,1.0,1.0,1.0,A01
201400005764,0,7,0,13.0,0.0,2.0,1.0,A01
201400005765,0,7,0,0.0,2.0,2.0,15.0,A01
201400005765,0,30,0,0.0,2.0,1.0,1.0,B02
201400005766,0,7,0,15.0,0.0,1.0,1.0,A01
201400005767,0,10,0,0.0,2.0,1.0,1.0,B02
201400005767,0,7,0,8.0,2.0,2.0,15.0,A01
201400005767,0,7,0,0.0,2.0,3.0,2.0,C03
201400005768,0,14,0,0.0,2.0,3.0,1.0,B02
201400005768,0,7,0,0.0,2.0,8.0,13.0,A01
201400005769,0,7,0,0.0,2.0,2.0,15.0,A01
201400005769,0,30,0,0.0,2.0,1.0,1.0,B02
201400005770,0,2,0,0.0,2.0,1.0,13.0,A01
201400005770,0,36,0,0.0,2.0,1.0,1.0,B02
201400005771,0,7,0,16.0,0.0,9.0,1.0,A01
201400005772,0,7,0,0.0,2.0,7.0,13.0,A01
201400005772,0,7,0,0.0,2.0,2.0,1.0,B02
201400005773,0,7,0,0.0,2.0,1.0,1.0,B02
201400005773,0,7,0,0.0,2.0,8.0,15.0,A01
201400005774,0,7,0,0.0,2.0,2.0,15.0,A01
201400005774,0,7,0,0.0,2.0,2.0,1.0,B02
201400005775,0,33,0,6.0,0.0,1.0,1.0,A01
201400005776,0,7,0,0.0,2.0,4.0,15.0,B02
201400005776,0,7,0,0.0,2.0,1.0,2.0,A01
201400005777,0,7,0,13.0,0.0,3.0,1.0,A01
201400005778,0,33,0,0.0,2.0,1.0,1.0,B02
201400005778,0,7,0,0.0,2.0,5.0,15.0,A01
201400005779,0,2,0,1.0,0.0,1.0,21.0,A01
201400005780,0,30,0,0.0,2.0,1.0,13.0,A01
201400005780,0,7,0,0.0,2.0,1.0,1.0,B02
201400005781,0,99,0,0.0,2.0,1.0,1.0,A01
201400005781,0,1,0,0.0,2.0,1.0,1.0,B01
201400005782,0,7,0,0.0,2.0,1.0,1.0,B02
201400005782,0,7,0,0.0,2.0,2.0,15.0,A01
201400005783,0,7,0,0.0,2.0,3.0,1.0,B02
201400005783,0,31,0,0.0,2.0,3.0,1.0,A01
201400005784,0,30,0,0.0,2.0,1.0,17.0,A01
201400005784,0,7,0,0.0,2.0,3.0,15.0,B02
201400005785,0,7,0,0.0,2.0,2.0,1.0,B02
201400005785,0,7,0,0.0,2.0,3.0,13.0,A01
201400005786,0,7,0,2.0,0.0,3.0,1.0,A01
201400005787,0,14,0,0.0,2.0,3.0,1.0,B02
201400005787,0,7,0,0.0,2.0,8.0,15.0,A01
201400005788,0,33,0,0.0,2.0,1.0,1.0,B02
201400005788,0,7,0,0.0,2.0,5.0,15.0,A01
201400005789,0,33,0,0.0,2.0,8.0,15.0,B02
201400005789,0,33,0,0.0,2.0,7.0,2.0,A01
201400005790,0,7,0,8.0,0.0,3.0,1.0,A01
201400005791,0,33,0,0.0,0.0,8.0,1.0,A01
201400005792,0,7,0,0.0,2.0,3.0,13.0,A01
201400005792,0,7,0,0.0,2.0,3.0,1.0,B02
201400005793,0,7,0,4.0,2.0,2.0,15.0,A01
201400005793,0,30,0,0.0,0.0,8.0,1.0,B01
201400005794,1,7,0,0.0,2.0,3.0,1.0,A01
201400005794,0,2,0,0.0,2.0,1.0,1.0,B01
201400005795,0,7,0,6.0,2.0,9.0,1.0,A01
201400005795,0,7,0,0.0,2.0,1.0,1.0,B01
201400005796,0,2,0,0.0,2.0,1.0,1.0,A01
201400005796,0,7,0,0.0,9.0,3.0,2.0,B01
201400005797,0,7,0,0.0,9.0,1.0,16.0,A01
201400005797,0,2,0,0.0,2.0,1.0,1.0,B01
201400005798,0,10,0,0.0,1.0,5.0,4.0,A01
201400005799,0,10,0,0.0,1.0,2.0,16.0,A01
201400005800,0,10,0,0.0,1.0,1.0,1.0,A01
201400005801,0,7,0,0.0,1.0,2.0,1.0,A01
201400005802,0,7,0,2.0,0.0,0.0,2.0,A01
201400005803,0,7,0,0.0,2.0,1.0,1.0,A01
201400005803,0,7,0,3.0,2.0,3.0,1.0,B01
201400005804,0,7,0,6.0,0.0,0.0,0.0,A01
201400005805,0,37,1,0.0,2.0,2.0,15.0,A01
201400005805,0,7,0,0.0,0.0,1.0,1.0,B01
201400005806,0,1,0,0.0,0.0,4.0,1.0,B01
201400005806,0,7,0,0.0,9.0,0.0,9.0,A01
201400005807,0,2,0,1.0,0.0,0.0,0.0,A01
201400005808,0,7,0,0.0,1.0,2.0,1.0,A01
201400005809,0,7,0,0.0,1.0,2.0,14.0,A01
201400005810,0,7,0,0.0,2.0,1.0,15.0,A01
201400005810,0,33,0,0.0,0.0,1.0,1.0,B01
201400005811,0,2,0,0.0,2.0,1.0,1.0,A01
201400005811,0,7,0,0.0,0.0,2.0,1.0,B01
201400005812,0,7,0,0.0,2.0,1.0,1.0,B01
201400005812,0,30,0,0.0,2.0,7.0,19.0,A01
201400005813,0,2,0,0.0,1.0,1.0,1.0,A01
201400005814,0,2,0,6.0,0.0,1.0,1.0,A01
201400005815,0,7,0,0.0,2.0,2.0,15.0,A01
201400005815,0,7,0,0.0,2.0,1.0,2.0,B01
201400005816,0,31,0,6.0,0.0,1.0,1.0,A01
201400005817,0,10,0,16.0,0.0,9.0,1.0,A01
201400005818,0,2,0,0.0,0.0,1.0,16.0,B01
201400005818,0,7,0,0.0,2.0,2.0,15.0,A01
201400005819,1,33,0,12.0,0.0,0.0,1.0,Z01
201400005820,0,10,0,0.0,2.0,1.0,1.0,A01
201400005820,0,33,0,0.0,0.0,4.0,1.0,B01
201400005821,0,7,0,0.0,1.0,2.0,0.0,A01
201400005822,0,33,0,0.0,2.0,1.0,2.0,B01
201400005822,0,7,0,0.0,2.0,1.0,15.0,A01
201400005823,1,99,0,0.0,1.0,2.0,0.0,A01
201400005824,0,7,0,0.0,1.0,3.0,2.0,A01
201400005825,0,7,0,0.0,2.0,1.0,0.0,A01
201400005825,0,7,0,0.0,2.0,2.0,2.0,B01
201400005826,0,32,0,1.0,1.0,1.0,2.0,A01
201400005827,0,10,0,0.0,0.0,0.0,0.0,B01
201400005827,0,33,0,12.0,0.0,1.0,0.0,A01
201400005828,0,7,0,0.0,2.0,1.0,15.0,A01
201400005828,0,33,0,0.0,2.0,1.0,17.0,B01
201400005829,0,1,0,0.0,2.0,8.0,0.0,A01
201400005829,0,7,0,0.0,9.0,8.0,0.0,B01
201400005830,0,33,0,0.0,2.0,1.0,1.0,B01
201400005830,0,7,0,0.0,0.0,2.0,0.0,A01
201400005831,0,7,0,0.0,2.0,1.0,15.0,A01
201400005831,0,33,0,0.0,2.0,1.0,0.0,B01
201400005832,0,7,0,0.0,2.0,1.0,13.0,A01
201400005832,0,7,0,0.0,2.0,1.0,1.0,B01
201400005833,0,7,0,0.0,1.0,1.0,1.0,A01
201400005834,0,7,0,3.0,2.0,0.0,17.0,A01
201400005834,0,7,0,0.0,2.0,0.0,13.0,B01
201400005835,0,33,0,0.0,1.0,1.0,1.0,A01
201400005836,0,2,0,0.0,0.0,1.0,17.0,A01
201400005836,0,7,0,0.0,2.0,1.0,2.0,B01
201400005836,0,7,0,0.0,2.0,3.0,2.0,C01
201400005837,0,7,0,0.0,2.0,3.0,15.0,A01
201400005837,0,7,0,0.0,2.0,8.0,1.0,B02
201400005838,0,14,0,0.0,1.0,2.0,9.0,A01
201400005839,0,1,0,0.0,2.0,1.0,1.0,B02
201400005839,0,7,0,0.0,2.0,7.0,9.0,A01
201400005840,0,7,0,0.0,2.0,2.0,17.0,A01
201400005840,0,7,0,0.0,2.0,8.0,15.0,B02
201400005841,0,7,0,0.0,1.0,3.0,16.0,A01
201400005842,0,2,0,0.0,0.0,0.0,0.0,A01
201400005843,0,7,0,0.0,1.0,3.0,15.0,A01
201400005844,0,14,0,0.0,1.0,1.0,1.0,A01
201400005845,0,7,0,0.0,2.0,8.0,9.0,A01
201400005845,0,7,0,0.0,2.0,1.0,1.0,B02
201400005846,2,7,0,0.0,2.0,1.0,13.0,A01
201400005846,0,7,0,0.0,2.0,1.0,1.0,B02
201400005847,0,7,0,0.0,2.0,3.0,10.0,A01
201400005847,0,33,0,0.0,0.0,1.0,13.0,B02
201400005848,0,2,0,0.0,2.0,1.0,1.0,B02
201400005848,0,10,0,0.0,2.0,2.0,15.0,A01
201400005849,0,7,0,0.0,0.0,4.0,1.0,B02
201400005849,0,7,0,0.0,2.0,1.0,2.0,A01
201400005850,0,7,0,0.0,2.0,3.0,15.0,A01
201400005850,0,1,0,0.0,2.0,1.0,1.0,B02
201400005851,0,7,0,0.0,2.0,2.0,19.0,A01
201400005851,0,33,0,0.0,2.0,1.0,1.0,B02
201400005852,0,33,0,0.0,2.0,1.0,1.0,B02
201400005852,0,7,0,0.0,2.0,1.0,10.0,A01
201400005853,0,7,0,0.0,2.0,1.0,13.0,A01
201400005853,0,7,0,0.0,2.0,1.0,2.0,C03
201400005853,0,7,0,0.0,2.0,1.0,1.0,B02
201400005854,0,7,0,9.0,0.0,2.0,19.0,A01
201400005855,0,7,0,0.0,1.0,2.0,1.0,A01
201400005856,0,7,0,0.0,2.0,1.0,2.0,A01
201400005856,0,7,0,0.0,0.0,4.0,2.0,D04
201400005856,0,7,0,0.0,0.0,4.0,2.0,B02
201400005856,0,7,0,0.0,0.0,4.0,2.0,C03
201400005857,0,7,0,2.0,0.0,0.0,1.0,A01
201400005858,0,7,0,0.0,2.0,1.0,1.0,B02
201400005858,0,7,0,0.0,2.0,1.0,16.0,A01
201400005859,0,7,0,0.0,2.0,8.0,2.0,B02
201400005859,0,33,0,0.0,2.0,7.0,2.0,A01
201400005860,0,7,0,0.0,2.0,4.0,23.0,C03
201400005860,0,7,0,0.0,2.0,1.0,23.0,A01
201400005860,0,7,0,0.0,2.0,4.0,23.0,B02
201400005860,0,7,0,0.0,0.0,4.0,0.0,D04
201400005861,0,7,0,1.0,0.0,1.0,13.0,A01
201400005862,0,7,0,0.0,2.0,1.0,13.0,A01
201400005862,0,7,0,0.0,2.0,1.0,1.0,B02
201400005863,0,7,0,2.0,0.0,1.0,1.0,A01
201400005864,0,7,0,0.0,2.0,3.0,1.0,B02
201400005864,0,33,0,0.0,2.0,1.0,13.0,A01
201400005865,0,7,0,0.0,2.0,1.0,2.0,A01
201400005865,0,7,0,0.0,2.0,1.0,0.0,B02
201400005865,0,7,0,0.0,2.0,4.0,2.0,C03
201400005866,0,38,0,0.0,2.0,1.0,1.0,B02
201400005866,0,7,0,0.0,2.0,1.0,13.0,A01
201400005867,0,7,0,2.0,0.0,3.0,14.0,A01
201400005868,0,7,0,0.0,2.0,2.0,15.0,A01
201400005868,0,7,0,0.0,2.0,1.0,1.0,B02
201400005868,0,7,0,0.0,2.0,1.0,23.0,C03
201400005869,0,2,0,12.0,0.0,1.0,1.0,A01
201400005870,0,7,0,2.0,0.0,8.0,1.0,A01
201400005871,0,14,0,0.0,1.0,2.0,2.0,A01
201400005872,0,33,0,0.0,2.0,1.0,1.0,A01
201400005872,0,7,0,0.0,0.0,8.0,19.0,B02
201400005873,0,7,0,0.0,2.0,1.0,1.0,A01
201400005873,0,7,0,8.0,0.0,4.0,15.0,B02
201400005874,0,7,0,0.0,1.0,1.0,1.0,A01
201400005875,0,7,0,0.0,2.0,8.0,10.0,A01
201400005875,0,10,0,0.0,2.0,2.0,1.0,B02
201400005876,0,7,0,2.0,0.0,1.0,17.0,A01
201400005877,0,33,0,0.0,2.0,1.0,13.0,A01
201400005877,0,7,0,0.0,2.0,8.0,1.0,B02
201400005878,0,7,0,0.0,1.0,3.0,1.0,A01
201400005879,0,7,0,13.0,0.0,1.0,13.0,A01
201400005880,0,7,0,0.0,1.0,2.0,1.0,A01
201400005881,0,7,0,6.0,0.0,3.0,0.0,A01
201400005882,0,3,0,0.0,0.0,9.0,15.0,A01
201400005883,0,7,0,0.0,2.0,1.0,1.0,B02
201400005883,0,7,0,0.0,2.0,1.0,13.0,A01
201400005884,0,7,0,0.0,1.0,2.0,1.0,A01
201400005885,0,7,0,0.0,1.0,1.0,17.0,A01
201400005886,0,31,0,0.0,0.0,1.0,1.0,A01
201400005887,0,7,0,1.0,0.0,8.0,19.0,A01
201400005888,0,10,0,0.0,2.0,3.0,1.0,B02
201400005888,0,7,0,0.0,2.0,1.0,1.0,A01
201400005889,0,7,0,0.0,0.0,1.0,0.0,A01
201400005889,0,7,0,0.0,0.0,5.0,0.0,B02
201400005890,0,14,0,16.0,0.0,1.0,15.0,A01
201400005891,0,33,0,13.0,0.0,1.0,14.0,A01
201400005892,0,7,0,0.0,2.0,3.0,1.0,B02
201400005892,0,33,0,0.0,2.0,1.0,17.0,A01
201400005893,0,7,0,0.0,2.0,2.0,13.0,A01
201400005893,0,17,0,0.0,2.0,2.0,1.0,B02
201400005894,0,7,0,0.0,0.0,0.0,0.0,A01
201400005895,0,33,0,0.0,0.0,0.0,0.0,A01
201400005896,0,33,0,6.0,0.0,1.0,13.0,A01
201400005897,0,7,0,0.0,2.0,1.0,5.0,A01
201400005897,0,10,0,0.0,2.0,1.0,1.0,B02
201400005897,0,7,0,0.0,2.0,3.0,1.0,C03
201400005898,0,10,0,2.0,0.0,1.0,17.0,A01
201400005899,0,7,0,0.0,1.0,2.0,1.0,A01
201400005900,0,7,0,8.0,0.0,7.0,1.0,A01
201400005901,0,7,0,13.0,0.0,1.0,1.0,A01
201400005902,0,7,0,2.0,0.0,1.0,1.0,A01
201400005903,0,7,0,0.0,0.0,8.0,10.0,A01
201400005903,0,10,0,0.0,2.0,2.0,2.0,B02
201400005904,0,30,0,0.0,2.0,8.0,1.0,B02
201400005904,0,7,0,0.0,2.0,3.0,15.0,A01
201400005905,0,33,0,0.0,0.0,0.0,1.0,A01
201400005906,0,7,0,0.0,2.0,3.0,10.0,A01
201400005906,0,31,0,0.0,2.0,2.0,1.0,B02
201400005907,0,7,0,0.0,1.0,2.0,1.0,A01
201400005908,0,1,0,0.0,2.0,2.0,15.0,B02
201400005908,0,33,0,0.0,9.0,1.0,1.0,A01
201400005909,0,31,0,0.0,2.0,1.0,1.0,B02
201400005909,0,7,0,0.0,2.0,6.0,10.0,A01
201400005910,0,7,0,13.0,0.0,8.0,1.0,A01
201400005911,0,7,0,0.0,9.0,3.0,1.0,A01
201400005911,0,1,0,0.0,2.0,7.0,12.0,B02
201400005912,0,7,0,0.0,2.0,8.0,1.0,A01
201400005912,0,7,0,0.0,2.0,1.0,1.0,B02
201400005913,0,7,0,0.0,1.0,2.0,1.0,A01
201400005914,0,7,0,0.0,1.0,2.0,14.0,A01
201400005915,0,7,0,13.0,0.0,0.0,1.0,A01
201400005916,0,7,0,0.0,2.0,5.0,15.0,A01
201400005916,0,2,0,0.0,2.0,1.0,1.0,B02
201400005917,0,7,0,6.0,0.0,3.0,0.0,A01
201400005918,0,7,0,0.0,0.0,1.0,1.0,A01
201400005919,0,10,0,0.0,1.0,2.0,1.0,A01
201400005920,0,7,0,0.0,2.0,3.0,1.0,B02
201400005920,0,7,0,0.0,0.0,3.0,13.0,A01
201400005921,0,7,0,0.0,0.0,1.0,13.0,A01
201400005921,0,7,0,0.0,2.0,3.0,21.0,C03
201400005921,0,7,0,0.0,2.0,1.0,1.0,B02
201400005922,0,2,0,0.0,0.0,1.0,13.0,A01
201400005922,0,7,0,0.0,0.0,1.0,0.0,B02
201400005923,0,7,0,8.0,0.0,2.0,1.0,A01
201400005924,0,21,0,0.0,2.0,3.0,23.0,B02
201400005924,0,7,0,0.0,2.0,2.0,21.0,A01
201400005925,0,33,0,0.0,0.0,1.0,1.0,A01
201400005926,0,7,0,0.0,2.0,1.0,2.0,B02
201400005926,0,3,0,0.0,0.0,4.0,1.0,A01
201400005927,0,14,0,0.0,0.0,9.0,0.0,A01
201400005928,0,7,0,13.0,0.0,1.0,16.0,A01
201400005929,0,7,0,2.0,0.0,1.0,13.0,A01
201400005930,0,7,0,0.0,2.0,1.0,1.0,A01
201400005930,0,10,0,0.0,2.0,1.0,1.0,B02
201400005930,0,7,0,0.0,2.0,6.0,1.0,C03
201400005931,0,1,0,0.0,0.0,5.0,1.0,B02
201400005931,0,7,0,0.0,9.0,1.0,1.0,A01
201400005932,0,7,0,0.0,2.0,2.0,13.0,B02
201400005932,0,30,0,0.0,2.0,2.0,5.0,A01
201400005933,0,1,0,0.0,2.0,1.0,1.0,A01
201400005933,0,7,0,0.0,9.0,7.0,1.0,B02
201400005934,0,7,0,0.0,2.0,7.0,1.0,B02
201400005934,0,33,0,0.0,2.0,8.0,12.0,A01
201400005935,0,7,0,13.0,0.0,3.0,1.0,A01
201400005936,0,7,0,0.0,2.0,3.0,9.0,A01
201400005936,0,30,0,0.0,2.0,7.0,1.0,B02
201400005937,0,30,0,0.0,2.0,8.0,1.0,A01
201400005937,0,7,0,0.0,2.0,8.0,15.0,B02
201400005938,0,7,0,0.0,0.0,0.0,1.0,A01
201400005939,0,21,0,8.0,0.0,7.0,15.0,A01
201400005940,0,7,0,0.0,2.0,3.0,13.0,A01
201400005940,0,7,0,0.0,2.0,1.0,1.0,C03
201400005940,0,10,0,0.0,2.0,0.0,1.0,B02
201400005941,0,7,0,0.0,1.0,3.0,13.0,A01
201400005942,1,7,0,0.0,1.0,0.0,0.0,A01
201400005943,0,7,0,2.0,0.0,1.0,17.0,A01
201400005944,0,7,0,0.0,2.0,1.0,0.0,A01
201400005944,0,30,0,0.0,2.0,8.0,0.0,B02
201400005945,0,7,0,0.0,2.0,5.0,17.0,A01
201400005945,0,1,0,0.0,2.0,1.0,2.0,B02
201400005946,0,7,0,0.0,1.0,2.0,1.0,A01
201400005947,0,36,0,0.0,2.0,8.0,1.0,A01
201400005947,0,7,0,0.0,2.0,1.0,1.0,B02
201400005948,0,14,0,0.0,2.0,3.0,1.0,B02
201400005948,0,7,0,0.0,2.0,3.0,1.0,A01
201400005949,0,2,0,0.0,2.0,1.0,1.0,B02
201400005949,0,7,0,0.0,2.0,2.0,5.0,A01
201400005950,0,7,0,0.0,2.0,2.0,17.0,A01
201400005950,0,33,0,0.0,2.0,1.0,1.0,C03
201400005950,0,33,0,0.0,2.0,1.0,1.0,B02
201400005951,0,7,0,4.0,2.0,1.0,5.0,A01
201400005951,0,20,0,0.0,2.0,3.0,1.0,B02
201400005952,0,7,0,2.0,0.0,1.0,1.0,A01
201400005953,0,33,0,0.0,2.0,1.0,1.0,A01
201400005953,0,7,0,0.0,0.0,6.0,15.0,B02
201400005954,0,7,0,0.0,2.0,3.0,13.0,A01
201400005954,0,7,0,0.0,2.0,3.0,1.0,B02
201400005955,0,7,0,2.0,0.0,2.0,1.0,A01
201400005956,0,10,0,0.0,2.0,2.0,1.0,B02
201400005956,0,10,0,0.0,2.0,3.0,13.0,A01
201400005957,0,33,0,0.0,2.0,1.0,1.0,B02
201400005957,0,7,0,0.0,2.0,3.0,9.0,A01
201400005958,0,7,0,0.0,2.0,1.0,13.0,A01
201400005958,0,7,0,0.0,2.0,3.0,1.0,B02
201400005959,0,10,0,0.0,2.0,2.0,21.0,B02
201400005959,0,7,0,0.0,2.0,2.0,13.0,A01
201400005960,0,7,0,0.0,0.0,3.0,0.0,B02
201400005960,0,7,0,0.0,0.0,3.0,13.0,A01
201400005961,0,7,0,0.0,2.0,2.0,15.0,A01
201400005961,0,7,0,0.0,2.0,1.0,1.0,B02
201400005961,0,7,0,0.0,2.0,1.0,1.0,C03
201400005962,0,31,0,0.0,0.0,7.0,1.0,A01
201400005963,0,10,0,0.0,2.0,1.0,1.0,C03
201400005963,0,7,0,0.0,2.0,4.0,1.0,A01
201400005963,0,15,0,0.0,2.0,1.0,1.0,B02
201400005964,0,7,0,8.0,0.0,2.0,1.0,A01
201400005965,0,2,0,0.0,2.0,8.0,13.0,A01
201400005965,0,99,0,0.0,2.0,1.0,1.0,B02
201400005966,0,7,0,0.0,1.0,2.0,1.0,A01
201400005967,0,7,0,0.0,2.0,1.0,1.0,B02
201400005967,0,7,0,0.0,2.0,1.0,1.0,A01
201400005968,0,7,0,2.0,0.0,7.0,1.0,A01
201400005969,0,10,0,0.0,2.0,5.0,2.0,A01
201400005969,0,1,0,0.0,2.0,1.0,2.0,B02