Num_Acc,senc,catv,occutc,obs,obsm,choc,manv,num_veh
201400005970,0,7,0,0.0,0.0,1.0,0.0,A01
201400005971,0,7,0,0.0,2.0,5.0,23.0,B02
201400005971,0,7,0,10.0,2.0,2.0,1.0,A01
201400005972,0,7,0,0.0,0.0,6.0,2.0,A01
201400005973,0,7,0,0.0,2.0,3.0,15.0,A01
201400005973,0,10,0,0.0,2.0,3.0,1.0,B02
201400005974,0,7,0,0.0,2.0,8.0,15.0,A01
201400005974,0,7,0,0.0,2.0,1.0,1.0,B02
201400005975,0,1,0,0.0,0.0,1.0,1.0,A01
201400005975,0,7,0,0.0,0.0,2.0,1.0,B02
201400005976,0,7,0,13.0,0.0,3.0,2.0,A01
201400005977,0,7,0,0.0,0.0,0.0,1.0,A01
201400005978,0,14,0,12.0,0.0,8.0,0.0,A01
201400005979,0,7,0,0.0,2.0,8.0,0.0,B02
201400005979,0,7,0,0.0,2.0,8.0,1.0,A01
201400005980,0,1,0,6.0,0.0,1.0,1.0,A01
201400005981,0,7,0,8.0,0.0,3.0,13.0,A01
201400005982,0,7,0,0.0,1.0,1.0,16.0,A01
201400005983,0,7,0,0.0,2.0,6.0,2.0,B02
201400005983,0,7,0,0.0,0.0,1.0,2.0,D04
201400005983,0,7,0,0.0,2.0,1.0,17.0,A01
201400005983,0,7,0,0.0,2.0,1.0,2.0,C03
201400005984,0,37,0,0.0,2.0,3.0,1.0,B02
201400005984,0,7,0,0.0,2.0,3.0,13.0,A01
201400005985,0,7,0,0.0,1.0,2.0,1.0,A01
201400005986,0,30,0,0.0,2.0,1.0,13.0,A01
201400005986,0,10,0,0.0,0.0,8.0,15.0,B02
201400005987,0,31,0,0.0,1.0,0.0,1.0,A01
201400005988,0,1,0,1.0,0.0,1.0,1.0,B02
201400005988,0,7,0,1.0,0.0,8.0,1.0,A01
201400005989,0,7,0,0.0,2.0,3.0,23.0,B02
201400005989,0,7,0,0.0,2.0,1.0,16.0,A01
201400005990,0,7,0,0.0,2.0,3.0,15.0,A01
201400005990,0,30,0,0.0,2.0,1.0,1.0,B02
201400005991,0,7,0,2.0,0.0,2.0,1.0,A01
201400005992,0,2,0,0.0,2.0,1.0,2.0,A01
201400005992,0,7,0,0.0,2.0,4.0,2.0,B02
201400005993,0,7,0,0.0,1.0,1.0,1.0,A01
201400005994,0,7,0,0.0,1.0,1.0,1.0,A01
201400005995,0,7,0,0.0,2.0,1.0,1.0,B02
201400005995,0,7,0,0.0,0.0,1.0,13.0,A01
201400005996,0,7,0,0.0,1.0,2.0,19.0,A01
201400005997,0,7,0,2.0,2.0,2.0,17.0,B02
201400005997,0,7,0,0.0,2.0,6.0,13.0,A01
201400005998,0,7,0,2.0,1.0,1.0,19.0,A01
201400005999,0,7,0,0.0,0.0,4.0,23.0,A01
201400005999,0,7,0,0.0,2.0,1.0,1.0,B02
201400006000,0,33,0,0.0,2.0,1.0,1.0,A01
201400006000,0,7,0,0.0,2.0,3.0,15.0,B02
201400006001,0,33,0,0.0,2.0,1.0,1.0,B02
201400006001,0,7,0,0.0,2.0,3.0,19.0,A01
201400006002,0,7,0,3.0,2.0,1.0,1.0,B02
201400006002,0,7,0,1.0,2.0,1.0,13.0,A01
201400006003,0,7,0,13.0,0.0,1.0,1.0,A01
201400006004,0,99,0,13.0,0.0,1.0,1.0,A01
201400006005,0,7,0,0.0,2.0,1.0,1.0,A01
201400006005,0,7,0,0.0,2.0,3.0,1.0,B01
201400006006,0,7,0,0.0,2.0,2.0,15.0,A01
201400006006,0,7,0,0.0,2.0,1.0,1.0,B01
201400006007,0,2,0,0.0,2.0,1.0,2.0,A01
201400006007,0,10,0,0.0,2.0,4.0,1.0,B01
201400006008,0,7,0,0.0,1.0,3.0,1.0,A01
201400006009,0,7,0,0.0,2.0,8.0,20.0,A01
201400006009,0,7,0,1.0,2.0,2.0,1.0,B01
201400006010,0,7,0,1.0,2.0,1.0,1.0,B01
201400006010,0,7,0,1.0,2.0,7.0,1.0,A01
201400006011,0,7,0,13.0,0.0,3.0,13.0,A01
201400006012,0,7,0,0.0,2.0,1.0,9.0,A01
201400006012,0,1,0,0.0,2.0,7.0,1.0,B01
201400006013,0,7,0,0.0,2.0,2.0,1.0,B01
201400006013,0,7,0,0.0,2.0,3.0,9.0,A01
201400006014,0,7,0,0.0,2.0,1.0,2.0,A01
201400006014,0,7,0,0.0,1.0,4.0,1.0,B01
201400006015,0,2,0,0.0,2.0,1.0,1.0,B01
201400006015,0,7,0,0.0,2.0,3.0,9.0,A01
201400006016,0,2,0,0.0,0.0,8.0,1.0,A01
201400006017,0,7,0,0.0,1.0,1.0,1.0,A01
201400006018,0,31,0,0.0,0.0,8.0,1.0,B01
201400006018,0,7,0,0.0,0.0,0.0,9.0,A01
201400006019,0,2,0,0.0,0.0,7.0,1.0,A01
201400006020,0,7,0,0.0,2.0,2.0,12.0,A01
201400006020,0,33,0,0.0,2.0,1.0,1.0,B01
201400006021,0,1,0,0.0,0.0,8.0,1.0,A01
201400006022,0,7,0,0.0,2.0,2.0,1.0,B01
201400006022,0,7,0,0.0,2.0,5.0,9.0,A01
201400006023,0,7,0,0.0,2.0,3.0,9.0,A01
201400006023,0,1,0,0.0,2.0,1.0,1.0,B01
201400006024,0,7,0,8.0,0.0,1.0,13.0,A01
201400006025,0,2,0,0.0,0.0,8.0,1.0,A01
201400006026,0,2,0,0.0,0.0,7.0,13.0,A01
201400006027,0,7,0,0.0,2.0,6.0,10.0,A01
201400006027,0,7,0,0.0,2.0,1.0,1.0,B01
201400006028,0,7,0,0.0,1.0,2.0,1.0,A01
201400006029,0,7,0,0.0,1.0,1.0,15.0,A01
201400006030,0,2,0,0.0,2.0,7.0,17.0,B01
201400006030,1,7,0,0.0,2.0,6.0,15.0,Z01
201400006031,0,7,0,0.0,2.0,8.0,1.0,A01
201400006031,0,7,0,0.0,2.0,1.0,1.0,B01
201400006032,0,7,0,0.0,2.0,2.0,16.0,A01
201400006032,0,1,0,0.0,2.0,1.0,1.0,B01
201400006033,0,31,0,0.0,2.0,7.0,17.0,A01
201400006033,0,10,0,0.0,0.0,8.0,1.0,B01
201400006034,0,7,0,11.0,2.0,4.0,17.0,A01
201400006034,0,7,0,0.0,2.0,1.0,1.0,B01
201400006035,0,7,0,0.0,2.0,3.0,9.0,A01
201400006035,0,7,0,11.0,2.0,2.0,1.0,B01
201400006036,0,7,0,0.0,2.0,1.0,9.0,A01
201400006036,0,7,0,1.0,2.0,8.0,1.0,B01
201400006037,1,1,0,0.0,1.0,1.0,1.0,Z01
201400006038,0,33,0,0.0,0.0,8.0,14.0,A01
201400006039,0,7,0,12.0,2.0,2.0,14.0,A01
201400006039,0,7,0,0.0,2.0,1.0,1.0,B01
201400006040,0,14,0,0.0,2.0,1.0,1.0,A01
201400006040,0,7,0,0.0,2.0,4.0,23.0,B01
201400006040,0,7,0,0.0,2.0,4.0,23.0,C01
201400006040,0,7,0,0.0,2.0,4.0,23.0,D01
201400006040,0,7,0,0.0,2.0,4.0,23.0,E01
201400006040,0,7,0,0.0,0.0,4.0,23.0,F02
201400006041,0,10,0,0.0,1.0,7.0,1.0,A01
201400006042,1,99,0,0.0,2.0,5.0,12.0,Z01
201400006042,0,33,0,0.0,2.0,8.0,1.0,A01
201400006043,0,7,0,0.0,2.0,2.0,2.0,A01
201400006043,0,7,0,0.0,0.0,6.0,23.0,B01
201400006044,0,7,0,0.0,1.0,1.0,15.0,A01
201400006045,0,7,0,15.0,1.0,1.0,13.0,A01
201400006045,0,7,0,0.0,2.0,2.0,23.0,B01
201400006046,0,7,0,1.0,0.0,1.0,14.0,A01
201400006047,0,2,0,0.0,0.0,7.0,14.0,A01
201400006048,0,7,0,0.0,1.0,1.0,15.0,A01
201400006049,0,10,0,0.0,2.0,2.0,1.0,A01
201400006049,0,10,0,1.0,2.0,3.0,1.0,B01
201400006050,0,7,0,0.0,2.0,2.0,15.0,A01
201400006050,0,33,0,0.0,2.0,1.0,1.0,B01
201400006051,0,7,0,0.0,1.0,1.0,1.0,A01
201400006052,0,33,0,0.0,2.0,1.0,1.0,B01
201400006052,2,30,0,0.0,2.0,6.0,9.0,A01
201400006053,0,7,0,0.0,2.0,8.0,9.0,A01
201400006053,0,30,0,0.0,2.0,1.0,1.0,B01
201400006054,0,30,0,0.0,2.0,1.0,1.0,B01
201400006054,0,7,0,0.0,2.0,3.0,16.0,A01
201400006055,0,7,0,0.0,2.0,2.0,13.0,A01
201400006055,0,2,0,0.0,2.0,3.0,15.0,B01
201400006056,0,30,0,0.0,2.0,2.0,1.0,A01
201400006056,0,7,0,0.0,2.0,3.0,1.0,B01
201400006057,0,2,0,0.0,2.0,1.0,15.0,A01
201400006057,0,7,0,0.0,2.0,1.0,1.0,B01
201400006058,0,7,0,13.0,0.0,8.0,13.0,A01
201400006059,0,7,0,0.0,2.0,2.0,15.0,A01
201400006059,0,7,0,0.0,2.0,1.0,1.0,B01
201400006060,0,10,0,0.0,1.0,4.0,4.0,A01
201400006061,0,7,0,6.0,0.0,4.0,13.0,A01
201400006062,0,7,0,2.0,0.0,8.0,13.0,A01
201400006063,0,7,0,0.0,2.0,2.0,1.0,A01
201400006063,0,7,0,0.0,2.0,5.0,15.0,B01
201400006064,0,7,0,0.0,1.0,1.0,1.0,A01
201400006065,0,2,0,0.0,2.0,6.0,15.0,A01
201400006065,1,7,0,0.0,2.0,3.0,9.0,Z01
201400006066,0,7,0,0.0,2.0,2.0,1.0,A01
201400006066,0,2,0,0.0,2.0,1.0,1.0,B01
201400006067,0,7,0,13.0,0.0,0.0,13.0,A01
201400006068,0,7,0,0.0,1.0,8.0,1.0,A01
201400006069,0,2,0,3.0,0.0,1.0,14.0,A01
201400006070,0,7,0,0.0,2.0,8.0,9.0,A01
201400006070,0,32,0,0.0,2.0,1.0,1.0,B01
201400006071,0,7,0,8.0,2.0,4.0,1.0,A01
201400006071,1,7,0,1.0,2.0,1.0,2.0,Z01
201400006072,0,7,0,0.0,2.0,1.0,1.0,A01
201400006072,0,1,0,0.0,2.0,8.0,1.0,B01
201400006073,0,7,0,1.0,0.0,2.0,14.0,A01
201400006074,1,7,0,0.0,2.0,2.0,1.0,Z01
201400006074,0,30,0,0.0,2.0,1.0,1.0,A01
201400006075,0,10,0,0.0,1.0,1.0,1.0,A01
201400006076,0,7,0,0.0,1.0,1.0,1.0,A01
201400006077,0,1,0,0.0,1.0,1.0,1.0,A01
201400006078,0,7,0,0.0,1.0,1.0,1.0,A01
201400006079,0,7,0,14.0,0.0,1.0,2.0,A01
201400006079,0,7,0,0.0,0.0,4.0,23.0,B01
201400006080,0,7,0,13.0,2.0,3.0,13.0,A01
201400006080,0,17,0,0.0,2.0,8.0,1.0,B01
201400006081,0,7,0,0.0,1.0,1.0,1.0,A01
201400006082,0,7,0,0.0,2.0,6.0,9.0,A01
201400006082,0,7,0,0.0,2.0,3.0,1.0,B01
201400006083,0,7,0,0.0,1.0,2.0,1.0,A01
201400006084,0,7,0,2.0,0.0,1.0,1.0,A01
201400006085,0,7,0,0.0,2.0,1.0,0.0,B02
201400006085,0,13,0,0.0,2.0,8.0,1.0,A01
201400006086,0,36,0,1.0,0.0,3.0,1.0,A01
201400006087,0,31,0,0.0,2.0,1.0,13.0,B02
201400006087,0,7,0,0.0,2.0,3.0,1.0,A01
201400006088,0,33,0,0.0,2.0,1.0,13.0,A01
201400006088,0,21,0,0.0,2.0,3.0,1.0,B02
201400006089,0,7,0,2.0,0.0,9.0,1.0,A01
201400006090,0,7,0,2.0,0.0,2.0,13.0,A01
201400006091,0,7,0,2.0,0.0,7.0,1.0,A01
201400006092,0,7,0,2.0,0.0,1.0,1.0,A01
201400006093,0,7,0,0.0,2.0,4.0,15.0,A01
201400006093,0,7,0,0.0,2.0,1.0,2.0,B02
201400006094,0,7,0,0.0,0.0,4.0,1.0,A01
201400006094,0,30,0,0.0,2.0,1.0,1.0,B02
201400006095,0,7,0,0.0,1.0,1.0,1.0,A01
201400006096,0,7,0,0.0,1.0,2.0,0.0,A01
201400006097,0,7,0,0.0,2.0,1.0,1.0,B02
201400006097,0,7,0,0.0,2.0,1.0,13.0,A01
201400006098,0,7,0,2.0,0.0,9.0,1.0,A01
201400006099,0,7,0,0.0,2.0,2.0,12.0,A01
201400006099,0,7,0,0.0,2.0,6.0,1.0,B02
201400006100,0,7,0,13.0,0.0,2.0,14.0,A01
201400006101,0,33,0,0.0,2.0,2.0,1.0,A01
201400006101,0,7,0,0.0,2.0,3.0,1.0,B02
201400006102,0,10,0,0.0,2.0,2.0,17.0,B02
201400006102,0,15,0,0.0,0.0,6.0,1.0,A01
201400006103,0,7,0,2.0,0.0,4.0,1.0,A01
201400006104,0,7,0,0.0,2.0,1.0,1.0,B02
201400006104,0,7,0,0.0,2.0,1.0,17.0,A01
201400006105,0,36,0,0.0,0.0,6.0,15.0,A01
201400006105,0,33,0,0.0,2.0,1.0,1.0,B02
201400006106,0,7,0,2.0,9.0,3.0,17.0,A01
201400006107,0,7,0,13.0,0.0,3.0,13.0,A01
201400006108,0,7,0,0.0,2.0,1.0,1.0,B02
201400006108,0,7,0,0.0,2.0,1.0,13.0,A01
201400006108,0,7,0,0.0,2.0,1.0,1.0,C03
201400006109,0,17,0,0.0,5.0,1.0,1.0,B02
201400006109,0,15,0,13.0,0.0,7.0,1.0,A01
201400006110,0,7,0,0.0,0.0,1.0,1.0,A01
201400006111,0,14,0,6.0,2.0,2.0,1.0,B02
201400006111,0,10,0,0.0,2.0,1.0,1.0,A01
201400006112,0,7,0,0.0,2.0,3.0,15.0,A01
201400006112,0,1,0,0.0,2.0,1.0,1.0,B02
201400006113,0,7,0,13.0,0.0,2.0,1.0,A01
201400006114,0,7,0,0.0,2.0,3.0,15.0,A01
201400006114,0,7,0,0.0,2.0,2.0,1.0,B02
201400006115,0,7,0,2.0,0.0,1.0,13.0,A01
201400006116,0,7,0,2.0,0.0,1.0,14.0,A01
201400006117,0,7,0,0.0,0.0,8.0,15.0,A01
201400006117,0,10,0,0.0,2.0,2.0,17.0,B02
201400006118,0,7,0,0.0,2.0,3.0,1.0,B02
201400006118,0,7,0,0.0,2.0,1.0,13.0,A01
201400006119,0,7,0,2.0,0.0,1.0,1.0,A01
201400006120,0,7,0,0.0,1.0,1.0,1.0,A01
201400006121,0,7,0,0.0,2.0,3.0,15.0,A01
201400006121,0,33,0,0.0,2.0,8.0,0.0,B02
201400006122,0,30,0,0.0,1.0,1.0,1.0,A01
201400006123,0,7,0,0.0,2.0,1.0,1.0,B02
201400006123,0,7,0,0.0,2.0,7.0,19.0,A01
201400006124,0,7,0,2.0,0.0,1.0,1.0,A01
201400006125,0,33,0,0.0,6.0,0.0,21.0,A01
201400006126,0,7,0,2.0,0.0,3.0,1.0,A01
201400006127,0,7,0,0.0,0.0,3.0,1.0,A01
201400006128,0,36,0,0.0,0.0,9.0,0.0,A01
201400006129,0,7,0,2.0,0.0,1.0,1.0,A01
201400006130,0,33,0,1.0,0.0,1.0,1.0,A01
201400006131,0,7,0,0.0,0.0,1.0,1.0,A01
201400006132,0,14,0,6.0,0.0,8.0,16.0,A01
201400006133,0,7,0,0.0,2.0,1.0,13.0,A01
201400006133,0,7,0,0.0,2.0,1.0,1.0,B02
201400006134,0,7,0,13.0,0.0,3.0,1.0,A01
201400006135,0,13,0,2.0,0.0,1.0,14.0,A01
201400006136,0,7,0,0.0,2.0,7.0,15.0,A01
201400006136,0,33,0,0.0,2.0,1.0,1.0,B02
201400006137,0,31,0,6.0,0.0,1.0,21.0,A01
201400006138,0,7,0,13.0,0.0,2.0,1.0,A01
201400006139,0,7,0,0.0,9.0,2.0,15.0,A01
201400006139,0,1,0,0.0,2.0,1.0,1.0,B02
201400006140,0,33,0,0.0,2.0,1.0,21.0,A01
201400006140,0,7,0,0.0,2.0,6.0,19.0,B02
201400006141,0,7,0,0.0,1.0,2.0,1.0,A01
201400006142,0,32,0,9.0,0.0,7.0,2.0,A01
201400006143,0,7,0,0.0,2.0,8.0,20.0,A01
201400006143,0,1,0,0.0,2.0,1.0,1.0,B02
201400006144,0,7,0,0.0,0.0,3.0,1.0,B02
201400006144,0,7,0,0.0,0.0,2.0,13.0,A01
201400006145,0,33,0,0.0,6.0,0.0,21.0,A01
201400006146,0,7,0,0.0,2.0,2.0,2.0,A01
201400006146,0,1,0,0.0,2.0,5.0,2.0,B02
201400006147,0,7,0,13.0,0.0,1.0,1.0,A01
201400006148,0,7,0,13.0,0.0,9.0,1.0,A01
201400006149,0,7,0,0.0,0.0,1.0,1.0,A01
201400006150,0,7,0,13.0,0.0,8.0,1.0,A01
201400006151,0,14,0,0.0,0.0,1.0,1.0,A01
201400006151,0,7,0,0.0,0.0,1.0,1.0,B02
201400006152,0,7,0,6.0,0.0,1.0,1.0,A01
201400006153,0,33,0,0.0,0.0,1.0,1.0,A01
201400006154,0,35,0,0.0,2.0,4.0,1.0,A01
201400006154,0,21,0,0.0,2.0,1.0,1.0,B02
201400006155,0,14,0,3.0,2.0,1.0,13.0,A01
201400006155,0,7,0,0.0,2.0,1.0,1.0,B02
201400006156,0,7,0,2.0,0.0,7.0,1.0,A01
201400006157,0,7,0,2.0,0.0,3.0,1.0,A01
201400006158,0,7,0,3.0,0.0,2.0,1.0,B02
201400006158,0,7,0,0.0,2.0,2.0,1.0,A01
201400006159,0,33,0,6.0,0.0,1.0,1.0,A01
201400006160,0,7,0,13.0,0.0,2.0,1.0,A01
201400006161,0,7,0,3.0,0.0,3.0,1.0,A01
201400006162,0,7,0,0.0,2.0,1.0,15.0,A01
201400006162,0,30,0,0.0,2.0,1.0,1.0,B02
201400006163,0,7,0,0.0,2.0,3.0,13.0,A01
201400006163,0,7,0,0.0,2.0,3.0,1.0,B02
201400006163,0,7,0,0.0,2.0,1.0,1.0,C03
201400006164,0,30,0,0.0,2.0,1.0,17.0,A01
201400006164,0,30,0,0.0,0.0,8.0,15.0,B02
201400006165,0,33,0,0.0,2.0,1.0,1.0,A01
201400006165,0,7,0,0.0,2.0,3.0,1.0,B02
201400006166,0,7,0,0.0,2.0,3.0,14.0,A01
201400006166,0,33,0,0.0,2.0,1.0,1.0,C03
201400006166,0,33,0,0.0,2.0,1.0,1.0,D04
201400006166,0,33,0,0.0,2.0,1.0,1.0,B02
201400006167,0,7,0,0.0,0.0,3.0,13.0,A01
201400006167,0,10,0,0.0,2.0,1.0,3.0,B02
201400006168,0,7,0,2.0,0.0,2.0,14.0,A01
201400006169,0,21,0,0.0,0.0,3.0,9.0,A01
201400006169,0,7,0,0.0,2.0,3.0,1.0,B02
201400006170,0,7,0,0.0,0.0,1.0,0.0,A01
201400006171,0,7,0,0.0,2.0,2.0,13.0,A01
201400006171,0,7,0,0.0,2.0,1.0,1.0,B02
201400006172,0,7,0,0.0,0.0,4.0,9.0,A01
201400006172,0,7,0,0.0,2.0,1.0,1.0,B02
201400006173,0,7,0,0.0,2.0,3.0,13.0,A01
201400006173,0,7,0,0.0,2.0,3.0,1.0,B02
201400006174,0,7,0,0.0,2.0,2.0,1.0,B02
201400006174,0,7,0,0.0,2.0,3.0,15.0,A01
201400006175,0,7,0,0.0,0.0,3.0,1.0,B02
201400006175,0,3,0,0.0,2.0,3.0,13.0,A01
201400006176,0,15,0,0.0,9.0,3.0,4.0,A01
201400006176,0,39,40,0.0,2.0,1.0,1.0,B02
201400006177,0,33,0,0.0,2.0,1.0,1.0,A01
201400006177,0,33,0,0.0,2.0,1.0,13.0,B02
201400006178,0,7,0,0.0,0.0,7.0,0.0,A01
201400006178,0,7,0,0.0,2.0,1.0,1.0,B02
201400006179,0,7,0,9.0,0.0,2.0,1.0,A01
201400006180,0,7,0,0.0,2.0,1.0,1.0,A01
201400006180,0,7,0,0.0,2.0,1.0,1.0,B02
201400006181,0,7,0,0.0,4.0,8.0,1.0,A01
201400006181,0,39,1,0.0,2.0,1.0,1.0,B02
201400006182,0,10,0,0.0,2.0,3.0,0.0,B02
201400006182,0,7,0,0.0,2.0,3.0,13.0,A01
201400006183,0,2,0,1.0,0.0,1.0,2.0,A01
201400006183,0,7,0,0.0,0.0,4.0,23.0,B02
201400006184,0,7,0,0.0,2.0,3.0,13.0,A01
201400006184,0,15,0,0.0,2.0,3.0,1.0,B02
201400006185,0,7,0,16.0,0.0,9.0,1.0,A01
201400006186,0,7,0,1.0,1.0,3.0,21.0,A01
201400006187,0,30,0,0.0,9.0,1.0,1.0,A01
201400006188,0,7,0,9.0,0.0,2.0,1.0,A01
201400006189,0,7,0,0.0,0.0,2.0,0.0,A01
201400006189,0,33,0,0.0,0.0,1.0,0.0,B02
201400006190,0,2,0,0.0,0.0,6.0,0.0,A01
201400006190,0,7,0,0.0,0.0,3.0,13.0,B02
201400006191,0,15,0,0.0,0.0,6.0,1.0,B02
201400006191,0,7,0,0.0,0.0,1.0,1.0,A01
201400006192,0,7,0,0.0,1.0,1.0,2.0,A01
201400006193,0,1,0,0.0,2.0,4.0,1.0,A01
201400006193,1,10,0,0.0,2.0,2.0,1.0,B02
201400006194,0,7,0,8.0,0.0,1.0,1.0,A01
201400006195,0,7,0,0.0,1.0,7.0,1.0,A01
201400006196,0,7,0,0.0,2.0,1.0,1.0,A01
201400006196,0,7,0,0.0,2.0,1.0,15.0,B02
201400006197,0,7,0,0.0,2.0,1.0,1.0,A01
201400006197,0,7,0,0.0,2.0,1.0,1.0,B02
201400006198,0,7,0,0.0,2.0,5.0,1.0,A01
201400006198,0,1,0,0.0,2.0,1.0,15.0,B02
201400006199,0,33,0,0.0,2.0,1.0,2.0,A01
201400006199,0,7,0,0.0,0.0,4.0,15.0,B02
201400006200,0,7,0,1.0,0.0,1.0,1.0,A01
201400006201,0,7,0,13.0,0.0,1.0,13.0,A01
201400006202,0,7,0,0.0,2.0,1.0,5.0,A01
201400006202,0,7,0,0.0,2.0,1.0,1.0,B02
201400006203,0,15,0,0.0,0.0,4.0,23.0,A01
201400006203,0,7,0,0.0,2.0,1.0,1.0,B02
201400006204,0,7,0,0.0,2.0,2.0,1.0,A01
201400006204,0,7,0,10.0,2.0,2.0,13.0,B02
201400006205,0,33,0,0.0,2.0,2.0,17.0,A01
201400006205,0,7,0,0.0,2.0,3.0,15.0,B02
201400006206,0,7,0,13.0,0.0,2.0,1.0,A01
201400006207,0,30,0,1.0,0.0,2.0,14.0,A01
201400006207,0,7,0,0.0,2.0,2.0,0.0,B02
201400006208,0,17,0,0.0,2.0,3.0,1.0,B02
201400006208,0,7,0,0.0,2.0,8.0,9.0,A01
201400006209,0,7,0,0.0,1.0,3.0,1.0,A01
201400006210,0,7,0,0.0,9.0,7.0,17.0,A01
201400006210,0,1,0,0.0,2.0,8.0,1.0,B02
201400006211,0,7,0,0.0,2.0,1.0,2.0,A01
201400006211,0,20,0,0.0,2.0,4.0,2.0,B02
201400006212,0,7,0,13.0,0.0,3.0,13.0,A01
201400006213,0,33,0,13.0,0.0,1.0,1.0,A01
201400006214,0,7,0,0.0,2.0,7.0,15.0,A01
201400006214,0,7,0,0.0,2.0,8.0,1.0,B02
201400006215,0,33,0,12.0,0.0,1.0,0.0,A01
201400006216,0,7,0,6.0,0.0,3.0,1.0,A01
201400006217,0,7,0,3.0,0.0,1.0,1.0,A01
201400006218,0,30,0,0.0,2.0,1.0,17.0,A01
201400006218,0,7,0,0.0,2.0,6.0,15.0,B02
201400006219,0,7,0,2.0,0.0,1.0,14.0,A01
201400006220,0,7,0,0.0,0.0,0.0,1.0,A01
201400006221,0,30,0,0.0,0.0,8.0,21.0,A01
201400006222,0,33,0,13.0,0.0,8.0,1.0,A01
201400006223,0,7,0,2.0,0.0,7.0,1.0,A01
201400006224,0,7,0,13.0,0.0,1.0,14.0,A01
201400006225,0,7,0,0.0,2.0,7.0,17.0,A01
201400006225,0,7,0,0.0,2.0,1.0,1.0,B02
201400006226,0,7,0,13.0,0.0,1.0,1.0,A01
201400006227,0,7,0,13.0,0.0,1.0,19.0,A01
201400006228,0,7,0,0.0,2.0,7.0,15.0,A01
201400006228,0,7,0,0.0,2.0,1.0,1.0,B02
201400006229,0,7,0,0.0,2.0,3.0,1.0,B02
201400006229,0,7,0,0.0,2.0,2.0,19.0,A01
201400006230,0,7,0,0.0,2.0,1.0,13.0,A01
201400006230,0,7,0,0.0,2.0,3.0,1.0,B02
201400006231,0,7,0,0.0,2.0,1.0,2.0,A01
201400006231,0,7,0,0.0,4.0,4.0,23.0,B02
201400006231,0,39,1,0.0,2.0,1.0,1.0,C03
201400006232,0,7,0,0.0,2.0,1.0,13.0,A01
201400006232,0,7,0,0.0,2.0,1.0,1.0,B02
201400006233,0,7,0,0.0,2.0,2.0,15.0,A01
201400006233,0,33,0,0.0,2.0,1.0,1.0,B02
201400006234,0,2,0,0.0,2.0,1.0,1.0,A01
201400006234,0,7,0,0.0,2.0,8.0,15.0,B02
201400006235,0,10,0,6.0,0.0,2.0,13.0,A01
201400006236,0,7,0,0.0,2.0,2.0,15.0,A01
201400006236,0,31,0,0.0,2.0,7.0,1.0,B02
201400006237,0,7,0,13.0,0.0,3.0,13.0,A01
201400006238,0,7,0,0.0,2.0,2.0,5.0,A01
201400006238,0,7,0,0.0,2.0,2.0,21.0,B02
201400006239,0,7,0,0.0,1.0,4.0,23.0,A01
201400006240,0,7,0,8.0,0.0,0.0,14.0,A01
201400006241,0,7,0,0.0,2.0,8.0,15.0,A01
201400006241,0,17,0,0.0,2.0,3.0,1.0,B02
201400006242,0,33,0,0.0,2.0,1.0,17.0,A01
201400006242,0,7,0,0.0,2.0,3.0,15.0,B02
201400006243,0,7,0,0.0,2.0,1.0,13.0,A01
201400006243,0,14,0,0.0,2.0,2.0,1.0,B02
201400006244,0,7,0,0.0,2.0,1.0,1.0,A01
201400006244,0,7,0,0.0,2.0,2.0,15.0,B02
201400006245,0,7,0,0.0,2.0,3.0,13.0,A01
201400006245,0,7,0,0.0,2.0,3.0,1.0,B02
201400006246,0,7,0,0.0,2.0,4.0,1.0,A01
201400006246,0,7,0,0.0,2.0,4.0,1.0,B02
201400006246,0,10,0,0.0,2.0,1.0,1.0,C03
201400006247,0,30,0,0.0,2.0,1.0,13.0,A01
201400006247,0,7,0,0.0,2.0,2.0,21.0,B02
201400006248,0,7,0,0.0,1.0,4.0,20.0,A01
201400006249,0,7,0,0.0,0.0,2.0,1.0,A01
201400006249,0,31,0,0.0,2.0,1.0,1.0,B02
201400006250,0,7,0,0.0,9.0,3.0,9.0,A01
201400006250,0,1,0,0.0,2.0,1.0,1.0,B02
201400006251,0,7,0,13.0,0.0,1.0,1.0,A01
201400006252,0,7,0,0.0,2.0,1.0,15.0,A01
201400006252,0,7,0,0.0,2.0,3.0,1.0,B02
201400006253,0,7,0,1.0,0.0,1.0,1.0,A01
201400006254,0,7,0,0.0,0.0,0.0,1.0,A01
201400006255,0,7,0,0.0,2.0,1.0,1.0,A01
201400006255,0,2,0,0.0,2.0,7.0,1.0,B02
201400006256,0,7,0,0.0,1.0,1.0,15.0,A01
201400006257,0,7,0,0.0,0.0,8.0,9.0,A01
201400006257,0,1,0,0.0,2.0,7.0,9.0,B02
201400006258,0,10,0,0.0,2.0,1.0,16.0,A01
201400006258,0,31,0,0.0,2.0,7.0,1.0,B02
201400006259,0,1,0,0.0,2.0,3.0,15.0,A01
201400006259,0,37,1,0.0,9.0,5.0,1.0,B02
201400006260,0,7,0,0.0,0.0,6.0,23.0,A01
201400006260,0,7,0,0.0,2.0,1.0,1.0,B02
201400006260,0,7,0,0.0,2.0,9.0,21.0,C03
201400006261,0,7,0,14.0,1.0,3.0,1.0,A01
201400006262,0,7,0,0.0,2.0,3.0,13.0,A01
201400006262,0,7,0,0.0,2.0,3.0,1.0,B02