Num_Acc,senc,catv,occutc,obs,obsm,choc,manv,num_veh
201400006263,0,7,0,0.0,2.0,2.0,15.0,A01
201400006263,0,1,0,0.0,2.0,1.0,1.0,B02
201400006264,0,7,0,0.0,2.0,3.0,11.0,A01
201400006264,0,10,0,0.0,2.0,3.0,1.0,B02
201400006265,0,33,0,0.0,2.0,1.0,13.0,A01
201400006265,0,33,0,0.0,2.0,1.0,1.0,B02
201400006265,0,33,0,0.0,2.0,8.0,1.0,C03
201400006266,1,7,0,0.0,1.0,2.0,1.0,B02
201400006267,0,7,0,8.0,0.0,2.0,13.0,A01
201400006268,0,7,0,0.0,2.0,7.0,13.0,A01
201400006268,0,7,0,0.0,2.0,1.0,1.0,B02
201400006269,0,7,0,0.0,1.0,2.0,1.0,A01
201400006270,0,10,0,10.0,0.0,8.0,1.0,A01
201400006271,0,7,0,13.0,0.0,1.0,1.0,A01
201400006272,0,33,0,15.0,0.0,1.0,1.0,A01
201400006273,0,33,0,0.0,2.0,1.0,13.0,A01
201400006273,0,7,0,0.0,2.0,3.0,21.0,B02
201400006274,0,7,0,0.0,2.0,3.0,1.0,B02
201400006274,0,33,0,0.0,2.0,3.0,1.0,A01
201400006275,0,7,0,2.0,0.0,3.0,1.0,A01
201400006276,0,7,0,13.0,0.0,1.0,0.0,A01
201400006277,0,31,0,0.0,0.0,3.0,0.0,A01
201400006277,0,33,0,0.0,0.0,2.0,0.0,B02
201400006278,0,10,0,0.0,2.0,8.0,16.0,A01
201400006278,0,33,0,0.0,2.0,1.0,1.0,B02
201400006279,0,33,0,2.0,0.0,1.0,1.0,A01
201400006280,0,7,0,13.0,0.0,1.0,13.0,A01
201400006281,0,7,0,0.0,2.0,1.0,1.0,B02
201400006281,0,7,0,0.0,0.0,5.0,19.0,A01
201400006282,0,7,0,0.0,1.0,3.0,1.0,A01
201400006283,0,7,0,2.0,0.0,1.0,14.0,A01
201400006284,0,33,0,2.0,0.0,1.0,1.0,A01
201400006285,0,7,0,0.0,2.0,3.0,13.0,A01
201400006285,0,31,0,0.0,2.0,1.0,1.0,B02
201400006286,0,7,0,0.0,0.0,7.0,15.0,A01
201400006286,0,33,0,0.0,2.0,1.0,1.0,B02
201400006287,0,31,0,0.0,2.0,1.0,2.0,B02
201400006287,0,31,0,0.0,2.0,4.0,1.0,A01
201400006288,0,7,0,0.0,1.0,7.0,1.0,A01
201400006289,0,3,0,0.0,1.0,1.0,11.0,A01
201400006290,0,33,0,0.0,2.0,1.0,2.0,A01
201400006290,0,7,0,0.0,0.0,4.0,2.0,B02
201400006291,0,7,0,0.0,1.0,1.0,19.0,A01
201400006292,0,7,0,0.0,2.0,2.0,1.0,A01
201400006292,0,10,0,0.0,0.0,3.0,10.0,B02
201400006293,0,7,0,0.0,2.0,1.0,0.0,A01
201400006293,0,7,0,0.0,2.0,3.0,0.0,B02
201400006294,0,33,0,3.0,0.0,2.0,1.0,A01
201400006295,0,10,0,0.0,2.0,1.0,1.0,A01
201400006295,0,37,0,0.0,2.0,4.0,23.0,B02
201400006296,0,7,0,2.0,0.0,3.0,13.0,A01
201400006297,1,7,0,2.0,0.0,2.0,1.0,A01
201400006298,0,14,0,0.0,0.0,4.0,23.0,C03
201400006298,0,7,0,0.0,0.0,4.0,23.0,B02
201400006298,0,7,0,14.0,0.0,1.0,1.0,A01
201400006299,0,30,0,0.0,0.0,7.0,16.0,A01
201400006300,0,1,0,0.0,2.0,1.0,1.0,A01
201400006300,0,7,0,0.0,9.0,1.0,15.0,B02
201400006300,0,31,0,0.0,9.0,1.0,1.0,C03
201400006301,0,7,0,0.0,2.0,2.0,1.0,A01
201400006301,0,99,0,0.0,0.0,8.0,1.0,B02
201400006302,0,7,0,0.0,9.0,3.0,2.0,C03
201400006302,0,7,0,0.0,0.0,5.0,2.0,B02
201400006302,0,30,0,0.0,2.0,1.0,2.0,A01
201400006303,0,2,0,0.0,2.0,7.0,1.0,B02
201400006303,0,7,0,0.0,2.0,7.0,5.0,A01
201400006304,0,10,0,0.0,2.0,3.0,1.0,A01
201400006304,0,7,0,0.0,2.0,3.0,1.0,B02
201400006305,0,2,0,0.0,0.0,0.0,1.0,A01
201400006306,0,7,0,0.0,1.0,1.0,1.0,A01
201400006307,0,7,0,0.0,2.0,1.0,1.0,A01
201400006307,0,7,0,0.0,2.0,1.0,19.0,B02
201400006308,0,7,0,1.0,0.0,1.0,14.0,A01
201400006308,0,15,0,1.0,0.0,6.0,0.0,B02
201400006309,0,30,0,6.0,0.0,2.0,1.0,A01
201400006310,0,3,0,0.0,2.0,3.0,1.0,A01
201400006310,0,7,0,0.0,2.0,3.0,1.0,B02
201400006311,0,7,0,2.0,6.0,3.0,21.0,A01
201400006312,0,7,0,0.0,0.0,9.0,17.0,B02
201400006312,0,7,0,0.0,2.0,8.0,1.0,A01
201400006313,0,7,0,0.0,1.0,1.0,1.0,A01
201400006314,0,33,0,0.0,2.0,1.0,1.0,A01
201400006314,0,7,0,0.0,0.0,4.0,15.0,B02
201400006315,0,7,0,0.0,2.0,1.0,2.0,B02
201400006315,0,7,0,0.0,0.0,4.0,23.0,A01
201400006316,0,7,0,0.0,2.0,2.0,16.0,A01
201400006316,0,7,0,0.0,2.0,2.0,1.0,B02
201400006317,0,7,0,0.0,2.0,1.0,13.0,A01
201400006317,0,7,0,0.0,2.0,3.0,1.0,B02
201400006318,0,1,0,0.0,0.0,0.0,0.0,B02
201400006318,0,7,0,0.0,2.0,3.0,1.0,A01
201400006319,0,7,0,2.0,0.0,8.0,1.0,A01
201400006320,0,7,0,2.0,2.0,1.0,1.0,A01
201400006321,0,7,0,0.0,2.0,2.0,1.0,A01
201400006321,0,7,0,2.0,0.0,8.0,15.0,B02
201400006322,0,7,0,0.0,2.0,2.0,9.0,A01
201400006322,0,31,0,0.0,2.0,1.0,0.0,B02
201400006323,0,7,0,13.0,0.0,1.0,1.0,A01
201400006324,0,7,0,0.0,0.0,3.0,1.0,B02
201400006324,0,7,0,0.0,0.0,3.0,13.0,A01
201400006325,0,31,0,8.0,0.0,1.0,2.0,A01
201400006326,0,7,0,0.0,2.0,2.0,1.0,B02
201400006326,0,30,0,0.0,2.0,1.0,1.0,A01
201400006327,0,1,0,12.0,2.0,8.0,5.0,B02
201400006327,0,7,0,0.0,9.0,1.0,1.0,A01
201400006328,0,30,0,14.0,0.0,1.0,13.0,A01
201400006329,0,1,0,0.0,2.0,1.0,1.0,A01
201400006329,0,7,0,0.0,2.0,2.0,1.0,B02
201400006330,0,33,0,0.0,6.0,1.0,1.0,A01
201400006331,0,7,0,6.0,0.0,1.0,13.0,A01
201400006332,1,31,0,0.0,2.0,1.0,12.0,A01
201400006332,0,1,0,0.0,2.0,1.0,1.0,B02
201400006333,0,7,0,0.0,0.0,0.0,1.0,A01
201400006333,0,7,0,0.0,2.0,7.0,21.0,B02
201400006334,0,7,0,0.0,2.0,1.0,0.0,B02
201400006334,0,7,0,0.0,6.0,1.0,21.0,A01
201400006335,0,7,0,0.0,2.0,3.0,15.0,A01
201400006335,0,30,0,0.0,2.0,1.0,17.0,B02
201400006336,0,7,0,0.0,1.0,8.0,15.0,A01
201400006337,0,30,0,8.0,2.0,2.0,17.0,A01
201400006337,0,7,0,0.0,2.0,3.0,15.0,B02
201400006338,0,2,0,0.0,2.0,1.0,1.0,A01
201400006338,0,7,0,0.0,2.0,3.0,15.0,B02
201400006339,0,33,0,0.0,2.0,1.0,17.0,A01
201400006339,0,7,0,0.0,2.0,1.0,13.0,B02
201400006340,0,7,0,0.0,2.0,1.0,2.0,A01
201400006340,0,10,0,0.0,2.0,3.0,1.0,C03
201400006340,0,7,0,0.0,2.0,4.0,13.0,B02
201400006341,0,17,0,0.0,2.0,8.0,0.0,E05
201400006341,0,7,0,0.0,2.0,8.0,1.0,B02
201400006341,0,7,0,0.0,2.0,1.0,1.0,C03
201400006341,0,17,0,0.0,0.0,8.0,0.0,D04
201400006341,0,7,0,0.0,2.0,1.0,13.0,A01
201400006342,0,7,0,0.0,0.0,1.0,15.0,A01
201400006342,0,2,0,0.0,0.0,8.0,1.0,B02
201400006343,0,1,0,0.0,2.0,4.0,2.0,B02
201400006343,0,7,0,0.0,2.0,2.0,2.0,A01
201400006344,0,33,0,12.0,0.0,7.0,16.0,A01
201400006345,0,33,0,0.0,0.0,8.0,1.0,A01
201400006346,0,7,0,2.0,0.0,2.0,14.0,A01
201400006347,0,33,0,0.0,0.0,2.0,16.0,A01
201400006348,0,7,0,13.0,0.0,2.0,17.0,A01
201400006349,0,20,0,13.0,0.0,2.0,1.0,A01
201400006350,0,7,0,0.0,9.0,7.0,1.0,A01
201400006350,0,1,0,0.0,2.0,8.0,1.0,B02
201400006351,0,33,0,0.0,0.0,8.0,1.0,A01
201400006352,0,7,0,0.0,2.0,1.0,5.0,B02
201400006352,0,7,0,0.0,2.0,7.0,5.0,A01
201400006353,0,7,0,0.0,2.0,1.0,1.0,B02
201400006353,0,2,0,0.0,2.0,8.0,19.0,A01
201400006354,0,7,0,0.0,2.0,1.0,21.0,B02
201400006354,0,7,0,0.0,2.0,1.0,13.0,A01
201400006355,0,33,0,0.0,0.0,0.0,19.0,A01
201400006356,0,7,0,0.0,2.0,1.0,1.0,B02
201400006356,0,7,0,0.0,2.0,1.0,13.0,A01
201400006357,0,33,0,0.0,0.0,7.0,16.0,A01
201400006358,0,33,0,0.0,0.0,3.0,0.0,A01
201400006359,0,33,0,0.0,0.0,3.0,1.0,A01
201400006360,0,7,0,1.0,1.0,2.0,1.0,A01
201400006361,0,7,0,0.0,1.0,3.0,15.0,A01
201400006362,0,30,0,0.0,1.0,1.0,2.0,A01
201400006363,0,7,0,0.0,2.0,1.0,1.0,B02
201400006363,0,7,0,0.0,2.0,1.0,1.0,A01
201400006364,0,30,0,0.0,2.0,1.0,1.0,B02
201400006364,0,10,0,0.0,2.0,6.0,1.0,A01
201400006365,0,7,0,0.0,9.0,2.0,2.0,A01
201400006365,0,1,0,0.0,0.0,4.0,1.0,B02
201400006366,0,7,0,0.0,2.0,8.0,1.0,B02
201400006366,0,1,0,0.0,2.0,1.0,16.0,A01
201400006367,0,7,0,0.0,0.0,6.0,16.0,B02
201400006367,0,30,0,0.0,2.0,1.0,2.0,A01
201400006368,0,7,0,16.0,2.0,3.0,1.0,B02
201400006368,0,7,0,0.0,2.0,3.0,13.0,A01
201400006369,0,30,0,0.0,0.0,0.0,0.0,A01
201400006370,0,7,0,6.0,0.0,1.0,1.0,A01
201400006371,0,7,0,0.0,1.0,3.0,15.0,A01
201400006372,0,33,0,0.0,0.0,1.0,13.0,A01
201400006373,0,30,0,0.0,2.0,1.0,13.0,B02
201400006373,0,7,0,0.0,2.0,1.0,1.0,A01
201400006374,0,7,0,0.0,2.0,1.0,5.0,A01
201400006374,0,7,0,0.0,2.0,1.0,1.0,B02
201400006375,0,7,0,2.0,0.0,3.0,1.0,A01
201400006376,0,2,0,0.0,2.0,1.0,15.0,A01
201400006376,0,10,0,0.0,2.0,1.0,1.0,B02
201400006377,0,7,0,0.0,2.0,1.0,1.0,C03
201400006377,0,21,0,0.0,2.0,4.0,1.0,B02
201400006377,0,7,0,0.0,2.0,1.0,13.0,A01
201400006378,0,7,0,2.0,0.0,1.0,13.0,A01
201400006379,0,7,0,0.0,2.0,3.0,1.0,B02
201400006379,0,1,0,0.0,2.0,1.0,1.0,A01
201400006380,0,33,0,3.0,0.0,8.0,1.0,A01
201400006381,0,33,0,0.0,0.0,7.0,1.0,A01
201400006382,0,7,0,0.0,2.0,2.0,1.0,A01
201400006382,0,2,0,0.0,2.0,1.0,15.0,B02
201400006383,0,33,0,13.0,0.0,8.0,1.0,A01
201400006384,0,7,0,0.0,2.0,3.0,13.0,A01
201400006384,0,33,0,0.0,2.0,1.0,1.0,B02
201400006384,0,33,0,0.0,2.0,1.0,1.0,C03
201400006385,0,7,0,9.0,0.0,1.0,19.0,A01
201400006386,0,7,0,0.0,2.0,1.0,1.0,A01
201400006386,0,2,0,0.0,2.0,1.0,1.0,B02
201400006387,0,1,0,0.0,0.0,8.0,1.0,B02
201400006387,0,7,0,0.0,0.0,0.0,1.0,A01
201400006388,0,7,0,0.0,1.0,3.0,1.0,A01
201400006389,0,7,0,0.0,0.0,8.0,15.0,B02
201400006389,0,1,0,0.0,2.0,1.0,1.0,C03
201400006389,0,33,0,8.0,2.0,2.0,17.0,A01
201400006390,0,30,0,0.0,2.0,1.0,17.0,A01
201400006390,0,7,0,0.0,2.0,6.0,1.0,B02
201400006391,0,7,0,16.0,0.0,9.0,1.0,A01
201400006392,0,3,0,2.0,0.0,1.0,1.0,A01
201400006392,0,7,0,0.0,2.0,3.0,13.0,B02
201400006392,0,7,0,0.0,2.0,3.0,1.0,C03
201400006393,0,7,0,0.0,2.0,8.0,0.0,B02
201400006393,0,7,0,0.0,2.0,8.0,13.0,A01
201400006394,0,31,0,0.0,2.0,1.0,1.0,B02
201400006394,0,7,0,0.0,2.0,3.0,1.0,A01
201400006395,0,7,0,0.0,2.0,7.0,1.0,A01
201400006395,0,7,0,0.0,2.0,1.0,19.0,B02
201400006396,0,1,0,0.0,2.0,6.0,1.0,A01
201400006397,0,7,0,13.0,0.0,3.0,14.0,A01
201400006398,0,33,0,11.0,0.0,1.0,1.0,A01
201400006399,0,33,0,0.0,2.0,3.0,13.0,A01
201400006399,0,33,0,0.0,2.0,3.0,1.0,B02
201400006400,0,33,0,0.0,2.0,3.0,13.0,A01
201400006400,0,33,0,0.0,2.0,3.0,1.0,B02
201400006401,0,10,0,0.0,2.0,7.0,15.0,B02
201400006401,0,1,0,0.0,2.0,1.0,1.0,A01
201400006402,0,10,0,0.0,2.0,7.0,15.0,B02
201400006402,0,1,0,0.0,2.0,1.0,1.0,A01
201400006403,0,7,0,0.0,2.0,7.0,19.0,A01
201400006403,0,7,0,0.0,2.0,2.0,1.0,B02
201400006404,0,7,0,0.0,2.0,1.0,15.0,A01
201400006404,0,7,0,14.0,2.0,1.0,1.0,C03
201400006404,0,35,0,0.0,2.0,1.0,1.0,B02
201400006405,0,7,0,0.0,2.0,1.0,13.0,A01
201400006405,0,17,0,0.0,2.0,3.0,1.0,B02
201400006406,0,7,0,0.0,1.0,2.0,2.0,A01
201400006407,0,10,0,0.0,1.0,2.0,1.0,A01
201400006408,0,7,0,0.0,1.0,1.0,1.0,A01
201400006409,0,7,0,0.0,2.0,3.0,1.0,A01
201400006409,0,1,0,0.0,0.0,6.0,19.0,B02
201400006410,0,33,0,0.0,2.0,1.0,1.0,A01
201400006410,0,7,0,0.0,0.0,7.0,15.0,B02
201400006411,0,7,0,2.0,0.0,1.0,16.0,A01
201400006412,0,33,0,0.0,2.0,1.0,13.0,A01
201400006412,0,7,0,0.0,2.0,3.0,1.0,B02
201400006413,0,7,0,13.0,0.0,1.0,0.0,A01
201400006414,0,7,0,2.0,0.0,3.0,1.0,A01
201400006415,0,7,0,0.0,2.0,3.0,0.0,C03
201400006415,0,7,0,0.0,2.0,3.0,13.0,A01
201400006415,0,7,0,0.0,2.0,3.0,0.0,B02
201400006416,0,14,0,0.0,2.0,1.0,0.0,A01
201400006416,0,7,0,0.0,2.0,1.0,0.0,B02
201400006417,0,7,0,2.0,0.0,1.0,13.0,A01
201400006418,0,7,0,2.0,0.0,7.0,13.0,A01
201400006419,0,7,0,0.0,2.0,8.0,1.0,A01
201400006419,0,33,0,0.0,2.0,1.0,1.0,C03
201400006419,0,33,0,0.0,2.0,9.0,21.0,B02
201400006420,0,7,0,0.0,2.0,3.0,1.0,B02
201400006420,0,14,0,0.0,2.0,3.0,13.0,A01
201400006421,0,7,0,0.0,2.0,4.0,1.0,C03
201400006421,0,7,0,0.0,2.0,1.0,1.0,D04
201400006421,0,7,0,0.0,2.0,4.0,1.0,B02
201400006421,0,7,0,0.0,0.0,4.0,1.0,A01
201400006422,0,7,0,2.0,0.0,1.0,1.0,A01
201400006423,0,33,0,0.0,2.0,1.0,1.0,A01
201400006423,0,21,0,0.0,2.0,6.0,15.0,B02
201400006424,0,33,0,13.0,0.0,1.0,1.0,A01
201400006425,0,7,0,0.0,0.0,6.0,1.0,A01
201400006425,0,33,0,0.0,0.0,1.0,1.0,B02
201400006426,0,7,0,0.0,2.0,3.0,1.0,B02
201400006426,0,10,0,0.0,2.0,3.0,1.0,A01
201400006427,0,7,0,0.0,9.0,6.0,1.0,B02
201400006427,0,34,0,0.0,2.0,3.0,1.0,A01
201400006428,0,7,0,0.0,2.0,3.0,13.0,A01
201400006428,0,7,0,0.0,2.0,3.0,0.0,B02
201400006429,0,14,0,0.0,2.0,2.0,1.0,B02
201400006429,0,7,0,0.0,2.0,3.0,19.0,A01
201400006430,0,7,0,10.0,0.0,1.0,1.0,A01
201400006431,0,7,0,0.0,2.0,3.0,1.0,A01
201400006431,0,2,0,0.0,2.0,1.0,1.0,B02
201400006432,0,7,0,0.0,2.0,1.0,16.0,A01
201400006432,0,1,0,0.0,2.0,3.0,19.0,B02
201400006433,0,7,0,0.0,2.0,1.0,2.0,A01
201400006433,0,7,0,0.0,2.0,4.0,2.0,B02
201400006434,0,10,0,0.0,2.0,3.0,21.0,B02
201400006434,0,7,0,0.0,2.0,2.0,19.0,A01
201400006435,0,7,0,0.0,2.0,1.0,1.0,B02
201400006435,0,7,0,0.0,2.0,1.0,13.0,A01
201400006436,0,33,0,0.0,0.0,0.0,1.0,A01
201400006437,0,7,0,2.0,0.0,1.0,13.0,A01
201400006438,0,7,0,2.0,2.0,4.0,14.0,B02
201400006438,0,7,0,0.0,2.0,1.0,2.0,A01
201400006439,0,7,0,13.0,0.0,1.0,1.0,A01
201400006440,0,33,0,0.0,2.0,1.0,21.0,B02
201400006440,0,7,0,0.0,2.0,3.0,15.0,A01
201400006441,0,7,0,0.0,0.0,3.0,9.0,A01
201400006441,0,1,0,0.0,0.0,2.0,9.0,B02
201400006442,0,33,0,0.0,0.0,8.0,0.0,A01
201400006443,0,7,0,6.0,0.0,3.0,2.0,A01
201400006444,0,7,0,0.0,0.0,9.0,14.0,A01
201400006445,0,30,0,0.0,2.0,1.0,1.0,A01
201400006445,0,7,0,0.0,2.0,4.0,23.0,B02
201400006446,0,7,0,2.0,0.0,8.0,1.0,A01
201400006447,0,7,0,0.0,0.0,1.0,1.0,A01
201400006448,0,7,0,0.0,0.0,5.0,15.0,A01
201400006448,0,2,0,0.0,2.0,1.0,0.0,B02
201400006449,0,7,0,13.0,0.0,1.0,1.0,A01
201400006450,0,33,0,6.0,0.0,1.0,1.0,A01
201400006451,0,7,0,0.0,1.0,3.0,1.0,A01
201400006452,0,7,0,0.0,2.0,3.0,15.0,B02
201400006452,0,33,0,0.0,2.0,1.0,1.0,A01
201400006453,0,30,0,0.0,2.0,4.0,23.0,A01
201400006453,0,30,0,1.0,2.0,1.0,1.0,B02
201400006453,0,30,0,0.0,2.0,1.0,1.0,C03
201400006454,0,7,0,0.0,2.0,1.0,13.0,A01
201400006454,0,15,0,0.0,2.0,3.0,1.0,B02
201400006455,0,7,0,0.0,0.0,0.0,0.0,A01
201400006456,0,3,0,0.0,2.0,1.0,6.0,A01
201400006456,0,10,0,0.0,2.0,1.0,1.0,B02
201400006457,0,7,0,0.0,6.0,0.0,14.0,A01
201400006458,0,7,0,12.0,0.0,9.0,13.0,A01
201400006459,0,7,0,0.0,0.0,0.0,1.0,A01
201400006460,0,7,0,0.0,1.0,3.0,1.0,A01
201400006461,0,7,0,0.0,1.0,5.0,4.0,A01
201400006462,0,1,0,0.0,2.0,2.0,19.0,A01
201400006462,0,7,0,0.0,2.0,1.0,1.0,B02
201400006463,0,7,0,0.0,2.0,3.0,1.0,A01
201400006463,0,14,0,0.0,2.0,3.0,13.0,B02
201400006464,0,7,0,0.0,2.0,3.0,1.0,A01
201400006464,0,33,0,0.0,2.0,1.0,16.0,B02
201400006465,0,7,0,8.0,0.0,7.0,0.0,A01
201400006466,0,1,0,0.0,0.0,0.0,0.0,B02
201400006467,0,7,0,0.0,0.0,1.0,1.0,B02
201400006467,0,7,0,0.0,2.0,3.0,11.0,A01
201400006468,0,7,0,0.0,1.0,7.0,1.0,A01
201400006469,0,33,0,0.0,2.0,1.0,1.0,A01
201400006469,0,1,0,0.0,2.0,4.0,1.0,B02
201400006470,0,7,0,0.0,2.0,1.0,5.0,A01
201400006470,0,7,0,0.0,2.0,1.0,1.0,B02
201400006471,0,1,0,0.0,2.0,1.0,19.0,A01
201400006471,0,10,0,0.0,2.0,3.0,1.0,B02
201400006472,0,7,0,0.0,2.0,2.0,1.0,A01
201400006472,0,7,0,0.0,2.0,3.0,1.0,B02
201400006473,0,33,0,0.0,2.0,1.0,1.0,A01
201400006473,0,7,0,0.0,2.0,3.0,1.0,B02
201400006474,0,30,0,0.0,1.0,4.0,1.0,B02
201400006474,0,30,0,0.0,2.0,1.0,21.0,A01
201400006475,0,7,0,0.0,2.0,3.0,1.0,B02
201400006475,0,7,0,0.0,2.0,1.0,1.0,A01
201400006476,0,7,0,0.0,2.0,3.0,1.0,B02
201400006476,0,7,0,0.0,2.0,1.0,19.0,A01
201400006477,0,33,0,7.0,0.0,2.0,1.0,A01
201400006478,0,7,0,0.0,1.0,2.0,1.0,A01
201400006479,0,33,0,0.0,0.0,0.0,0.0,A01
201400006480,0,33,0,3.0,0.0,7.0,15.0,A01
201400006481,0,33,0,0.0,2.0,9.0,1.0,A01
201400006481,0,7,0,0.0,2.0,1.0,1.0,B02
201400006482,0,1,0,0.0,0.0,2.0,1.0,A01
201400006483,0,14,0,0.0,1.0,2.0,2.0,A01
201400006484,0,1,0,0.0,2.0,8.0,13.0,A01
201400006484,0,15,0,0.0,2.0,7.0,17.0,B02
201400006485,0,7,0,0.0,2.0,1.0,13.0,A01
201400006485,0,7,0,0.0,2.0,3.0,1.0,B02
201400006486,0,7,0,0.0,1.0,6.0,4.0,A01
201400006487,0,7,0,0.0,2.0,3.0,9.0,A01
201400006487,0,2,0,0.0,2.0,7.0,1.0,B02
201400006488,0,7,0,2.0,0.0,2.0,1.0,A01
201400006489,0,30,0,15.0,0.0,1.0,1.0,A01
201400006490,0,10,0,8.0,2.0,2.0,17.0,A01
201400006490,0,7,0,0.0,0.0,6.0,1.0,B02
201400006491,0,10,0,2.0,0.0,1.0,1.0,A01
201400006492,0,7,0,0.0,1.0,3.0,1.0,A01
201400006493,0,7,0,0.0,2.0,3.0,13.0,A01
201400006493,0,7,0,0.0,2.0,3.0,1.0,B02
201400006494,0,7,0,2.0,0.0,1.0,1.0,A01
201400006495,0,10,0,0.0,2.0,3.0,1.0,A01
201400006495,0,7,0,0.0,2.0,2.0,1.0,B02
201400006496,0,7,0,13.0,0.0,1.0,1.0,A01
201400006497,0,7,0,0.0,1.0,1.0,1.0,A01
201400006498,0,7,0,0.0,2.0,1.0,13.0,A01
201400006498,0,10,0,0.0,2.0,3.0,1.0,B02
201400006498,0,7,0,0.0,2.0,8.0,1.0,C03
201400006499,0,15,0,0.0,2.0,1.0,21.0,B02
201400006499,0,7,0,0.0,2.0,1.0,13.0,A01
201400006500,0,7,0,0.0,1.0,8.0,20.0,A01
201400006501,0,33,0,0.0,2.0,1.0,13.0,A01
201400006501,0,7,0,0.0,2.0,3.0,1.0,B02
201400006502,0,7,0,2.0,0.0,9.0,14.0,A01
201400006503,0,7,0,0.0,2.0,5.0,15.0,A01
201400006503,0,33,0,0.0,2.0,1.0,1.0,B02
201400006504,0,33,0,0.0,0.0,0.0,1.0,A01
201400006505,0,7,0,0.0,0.0,6.0,16.0,A01
201400006505,0,7,0,0.0,2.0,1.0,1.0,B02
201400006506,0,33,0,0.0,2.0,1.0,1.0,A01
201400006506,0,7,0,0.0,2.0,1.0,1.0,B02
201400006507,0,33,0,6.0,0.0,1.0,1.0,A01
201400006508,0,7,0,0.0,2.0,0.0,1.0,A01
201400006508,0,7,0,0.0,2.0,3.0,16.0,B02
201400006509,0,7,0,4.0,0.0,3.0,1.0,A01
201400006510,0,17,0,0.0,1.0,2.0,15.0,A01
201400006511,0,30,0,0.0,2.0,7.0,1.0,A01
201400006511,0,7,0,0.0,2.0,3.0,15.0,B02
201400006512,0,3,0,2.0,0.0,1.0,19.0,A01
201400006513,0,7,0,0.0,2.0,3.0,13.0,A01
201400006513,0,7,0,0.0,2.0,3.0,21.0,B02
201400006514,0,1,0,0.0,2.0,1.0,1.0,A01
201400006514,0,7,0,0.0,2.0,6.0,15.0,B02
201400006515,0,10,0,0.0,1.0,3.0,1.0,A01
201400006516,0,7,0,0.0,2.0,6.0,19.0,A01
201400006516,0,2,0,0.0,2.0,1.0,1.0,B02
201400006517,0,7,0,0.0,1.0,3.0,1.0,A01
201400006518,0,31,0,0.0,0.0,7.0,1.0,A01
201400006519,0,33,0,0.0,2.0,1.0,13.0,A01
201400006519,0,7,0,0.0,2.0,3.0,1.0,B02
201400006520,0,7,0,2.0,0.0,1.0,1.0,A01
201400006521,0,7,0,0.0,1.0,7.0,1.0,A01
201400006522,0,30,0,9.0,0.0,1.0,1.0,A01
201400006523,0,7,0,8.0,0.0,6.0,1.0,A01
201400006524,0,33,0,0.0,2.0,8.0,1.0,A01
201400006524,0,7,0,0.0,2.0,8.0,1.0,B02
201400006525,0,7,0,2.0,0.0,1.0,14.0,A01
201400006526,0,7,0,16.0,0.0,0.0,1.0,A01
201400006527,0,7,0,2.0,0.0,1.0,14.0,A01
201400006528,0,33,0,0.0,0.0,0.0,1.0,A01
201400006529,0,7,0,2.0,0.0,3.0,14.0,A01
201400006530,0,33,0,0.0,0.0,1.0,1.0,A01
201400006531,0,7,0,2.0,0.0,1.0,14.0,A01
201400006532,0,33,0,13.0,0.0,2.0,1.0,A01
201400006533,0,30,0,0.0,0.0,0.0,1.0,A01
201400006534,0,7,0,13.0,0.0,3.0,21.0,A01
201400006535,0,7,0,2.0,0.0,3.0,1.0,A01
201400006536,0,7,0,7.0,0.0,1.0,14.0,A01
201400006537,0,7,0,6.0,0.0,1.0,13.0,A01
201400006538,0,7,0,0.0,1.0,3.0,21.0,A01
201400006539,0,31,0,14.0,0.0,1.0,13.0,A01
201400006540,0,7,0,0.0,2.0,1.0,13.0,A01
201400006540,0,37,1,0.0,2.0,1.0,1.0,B02
201400006541,0,7,0,0.0,2.0,1.0,13.0,A01
201400006541,0,14,0,0.0,2.0,1.0,1.0,B02
201400006542,0,7,0,2.0,0.0,1.0,16.0,A01
201400006543,0,2,0,0.0,2.0,3.0,9.0,A01
201400006543,0,7,0,0.0,2.0,1.0,1.0,B02
201400006544,0,7,0,0.0,2.0,3.0,13.0,A01
201400006544,0,14,0,0.0,2.0,3.0,1.0,B02
201400006545,0,7,0,2.0,0.0,1.0,14.0,A01
201400006546,0,7,0,0.0,2.0,1.0,13.0,A01
201400006546,0,7,0,0.0,2.0,1.0,1.0,B02
201400006547,0,7,0,0.0,2.0,2.0,2.0,A01
201400006547,0,1,0,0.0,2.0,3.0,19.0,B02
201400006548,0,7,0,0.0,2.0,3.0,19.0,B02
201400006548,0,30,0,0.0,2.0,1.0,1.0,A01
201400006549,0,2,0,0.0,2.0,1.0,1.0,A01
201400006549,1,7,0,0.0,2.0,7.0,15.0,A02
201400006550,0,14,0,0.0,2.0,2.0,1.0,B02
201400006550,0,7,0,0.0,2.0,8.0,15.0,A01
201400006551,0,7,0,0.0,2.0,2.0,1.0,A01
201400006551,0,2,0,0.0,2.0,8.0,1.0,B02
201400006552,0,7,0,0.0,1.0,7.0,1.0,A01
201400006553,0,30,0,0.0,2.0,7.0,15.0,A01
201400006553,0,7,0,0.0,2.0,1.0,9.0,B02
201400006554,0,7,0,0.0,1.0,3.0,1.0,A01