Num_Acc,senc,catv,occutc,obs,obsm,choc,manv,num_veh
201400006555,0,1,0,0.0,0.0,7.0,1.0,B02
201400006555,0,7,0,0.0,2.0,3.0,9.0,A01
201400006556,0,7,0,0.0,2.0,7.0,6.0,A01
201400006556,0,2,0,0.0,2.0,1.0,1.0,B02
201400006557,0,2,0,0.0,2.0,3.0,1.0,B02
201400006557,0,7,0,0.0,2.0,3.0,13.0,A01
201400006558,0,7,0,0.0,1.0,2.0,1.0,A01
201400006559,0,7,0,0.0,2.0,2.0,15.0,B02
201400006559,0,30,0,0.0,2.0,1.0,1.0,A01
201400006560,0,7,0,7.0,0.0,1.0,1.0,A01
201400006561,0,7,0,0.0,1.0,2.0,1.0,A01
201400006562,0,10,0,0.0,2.0,2.0,15.0,A01
201400006562,0,34,0,0.0,2.0,8.0,1.0,B02
201400006563,0,7,0,0.0,1.0,3.0,1.0,A01
201400006564,0,1,0,0.0,2.0,1.0,1.0,A01
201400006564,0,7,0,0.0,2.0,3.0,1.0,B01
201400006565,0,7,0,0.0,2.0,3.0,1.0,A01
201400006565,0,7,0,0.0,2.0,3.0,1.0,B02
201400006566,0,7,0,0.0,2.0,3.0,1.0,A01
201400006566,0,7,0,0.0,2.0,6.0,1.0,B02
201400006567,0,7,0,0.0,2.0,3.0,1.0,A01
201400006567,0,7,0,0.0,2.0,3.0,1.0,B02
201400006568,0,10,0,0.0,2.0,2.0,2.0,A01
201400006568,0,33,0,0.0,0.0,4.0,15.0,B02
201400006569,0,7,0,0.0,2.0,8.0,15.0,A01
201400006569,0,7,0,0.0,2.0,1.0,1.0,B02
201400006570,0,7,0,0.0,2.0,2.0,1.0,A01
201400006570,0,1,0,0.0,0.0,4.0,1.0,B02
201400006571,0,7,0,0.0,1.0,7.0,1.0,A01
201400006572,0,33,0,13.0,0.0,1.0,0.0,A01
201400006573,0,33,0,13.0,0.0,1.0,13.0,A01
201400006574,0,7,0,0.0,2.0,1.0,15.0,B02
201400006574,0,33,0,0.0,0.0,8.0,1.0,A01
201400006575,0,1,0,0.0,2.0,1.0,19.0,A01
201400006575,0,7,0,0.0,2.0,7.0,1.0,B02
201400006576,0,7,0,1.0,1.0,2.0,14.0,A01
201400006577,0,30,0,2.0,0.0,1.0,0.0,A01
201400006578,0,7,0,0.0,2.0,3.0,1.0,A01
201400006578,0,1,0,0.0,2.0,1.0,19.0,B02
201400006579,0,7,0,2.0,0.0,1.0,14.0,A01
201400006580,0,7,0,0.0,2.0,1.0,1.0,B02
201400006580,0,7,0,0.0,2.0,8.0,15.0,A01
201400006581,0,7,0,13.0,0.0,2.0,13.0,A01
201400006582,0,7,0,0.0,1.0,2.0,1.0,A01
201400006583,0,33,0,6.0,2.0,3.0,13.0,A01
201400006583,0,7,0,0.0,2.0,6.0,1.0,B02
201400006584,0,33,0,6.0,0.0,2.0,1.0,A01
201400006585,0,20,0,2.0,0.0,9.0,13.0,A01
201400006586,0,7,0,3.0,0.0,9.0,1.0,A01
201400006587,0,7,0,0.0,1.0,5.0,1.0,A01
201400006588,0,7,0,0.0,2.0,5.0,20.0,A01
201400006588,0,33,0,0.0,2.0,1.0,1.0,B02
201400006589,0,7,0,0.0,2.0,3.0,2.0,A01
201400006589,0,33,0,0.0,0.0,5.0,2.0,B02
201400006590,0,7,0,0.0,1.0,3.0,1.0,A01
201400006591,0,7,0,4.0,2.0,2.0,13.0,A01
201400006591,0,17,0,0.0,2.0,9.0,1.0,B02
201400006592,0,7,0,0.0,2.0,2.0,9.0,B02
201400006592,0,1,0,0.0,2.0,1.0,1.0,A01
201400006593,0,7,0,0.0,1.0,1.0,1.0,A01
201400006594,0,33,0,0.0,2.0,1.0,13.0,A01
201400006594,0,7,0,0.0,2.0,1.0,1.0,B02
201400006595,0,33,0,14.0,0.0,1.0,1.0,A01
201400006596,0,7,0,0.0,2.0,3.0,1.0,A01
201400006596,0,1,0,0.0,2.0,1.0,13.0,B02
201400006597,0,7,0,0.0,4.0,1.0,5.0,A01
201400006597,0,39,3,0.0,2.0,1.0,1.0,B02
201400006598,0,33,0,2.0,0.0,1.0,1.0,A01
201400006599,0,10,0,0.0,2.0,1.0,1.0,A01
201400006599,0,1,0,0.0,2.0,4.0,1.0,B02
201400006600,0,7,0,2.0,0.0,5.0,1.0,A01
201400006601,0,31,0,0.0,2.0,1.0,15.0,A01
201400006601,0,7,0,0.0,2.0,7.0,1.0,B02
201400006602,0,7,0,0.0,1.0,2.0,1.0,A01
201400006603,0,10,0,0.0,2.0,3.0,15.0,A01
201400006603,0,31,0,0.0,2.0,1.0,1.0,B02
201400006604,0,21,0,0.0,2.0,7.0,17.0,A01
201400006604,0,1,0,0.0,2.0,1.0,2.0,B02
201400006605,0,17,0,0.0,2.0,3.0,1.0,B02
201400006605,0,7,0,0.0,2.0,3.0,13.0,A01
201400006606,0,1,0,0.0,2.0,7.0,1.0,B02
201400006606,0,1,0,0.0,2.0,2.0,0.0,C03
201400006606,0,7,0,0.0,2.0,3.0,16.0,A01
201400006607,0,7,0,0.0,2.0,3.0,13.0,B01
201400006607,0,7,0,0.0,2.0,6.0,21.0,C02
201400006607,0,7,0,0.0,2.0,3.0,1.0,A03
201400006608,0,7,0,0.0,2.0,3.0,1.0,A01
201400006608,0,7,0,0.0,0.0,2.0,19.0,B02
201400006609,0,7,0,0.0,2.0,1.0,1.0,B02
201400006609,0,7,0,0.0,2.0,1.0,15.0,A01
201400006610,0,7,0,1.0,0.0,1.0,1.0,A01
201400006611,0,7,0,0.0,2.0,2.0,13.0,A01
201400006611,0,7,0,0.0,2.0,3.0,1.0,B02
201400006612,0,21,0,0.0,2.0,6.0,15.0,B02
201400006612,0,2,0,0.0,2.0,1.0,17.0,A01
201400006613,0,7,0,2.0,0.0,1.0,1.0,A01
201400006614,0,7,0,2.0,0.0,1.0,13.0,A01
201400006615,0,7,0,2.0,0.0,3.0,13.0,A01
201400006616,0,7,0,0.0,2.0,1.0,17.0,A01
201400006616,0,7,0,0.0,2.0,1.0,1.0,B02
201400006616,0,15,0,0.0,2.0,8.0,1.0,C03
201400006617,0,7,0,0.0,2.0,1.0,13.0,A01
201400006617,0,7,0,0.0,9.0,6.0,1.0,C03
201400006617,0,17,0,0.0,2.0,3.0,1.0,B02
201400006618,0,7,0,0.0,2.0,4.0,16.0,B02
201400006618,0,33,0,0.0,2.0,1.0,2.0,A01
201400006619,0,15,0,0.0,0.0,0.0,17.0,A01
201400006619,0,1,0,12.0,0.0,1.0,1.0,B02
201400006620,0,7,0,1.0,0.0,1.0,14.0,D04
201400006620,0,7,0,0.0,2.0,4.0,24.0,C03
201400006620,0,10,0,0.0,2.0,3.0,13.0,A01
201400006620,0,7,0,1.0,0.0,1.0,1.0,E05
201400006620,0,15,0,0.0,2.0,4.0,24.0,F06
201400006620,0,7,0,0.0,2.0,3.0,1.0,B02
201400006621,0,7,0,0.0,1.0,1.0,1.0,A01
201400006622,0,15,0,0.0,2.0,3.0,1.0,B02
201400006622,0,7,0,0.0,2.0,3.0,13.0,A01
201400006623,0,7,0,0.0,2.0,3.0,1.0,B02
201400006623,0,7,0,0.0,2.0,2.0,1.0,A01
201400006624,0,7,0,0.0,1.0,5.0,20.0,A01
201400006625,0,7,0,0.0,2.0,7.0,1.0,A01
201400006625,0,14,0,0.0,2.0,1.0,0.0,B02
201400006626,0,7,0,0.0,2.0,1.0,1.0,A01
201400006626,0,16,0,0.0,2.0,7.0,19.0,B02
201400006627,0,33,0,0.0,2.0,1.0,1.0,B02
201400006627,0,7,0,0.0,2.0,6.0,15.0,A01
201400006628,0,2,0,0.0,2.0,1.0,1.0,A01
201400006628,0,7,0,0.0,2.0,4.0,15.0,B02
201400006629,0,7,0,0.0,2.0,1.0,1.0,B02
201400006629,0,7,0,0.0,2.0,1.0,0.0,A01
201400006630,0,7,0,0.0,2.0,8.0,21.0,B02
201400006630,0,7,0,0.0,2.0,1.0,21.0,C03
201400006630,0,17,0,0.0,2.0,1.0,13.0,A01
201400006630,0,7,0,0.0,2.0,0.0,21.0,D04
201400006631,0,31,0,0.0,0.0,8.0,21.0,A01
201400006632,0,7,0,13.0,0.0,3.0,13.0,A01
201400006633,0,33,0,0.0,2.0,1.0,1.0,B02
201400006633,0,7,0,0.0,2.0,5.0,15.0,A01
201400006634,0,7,0,2.0,0.0,1.0,1.0,A01
201400006635,0,33,0,0.0,0.0,9.0,1.0,A01
201400006636,0,10,0,0.0,2.0,5.0,15.0,B02
201400006636,0,33,0,0.0,2.0,1.0,1.0,A01
201400006637,0,33,0,0.0,2.0,1.0,1.0,A01
201400006637,0,7,0,0.0,2.0,3.0,19.0,B02
201400006638,0,7,0,0.0,2.0,1.0,2.0,A01
201400006638,0,7,0,6.0,2.0,4.0,2.0,B02
201400006639,0,10,0,1.0,0.0,1.0,1.0,A01
201400006639,0,10,0,0.0,0.0,4.0,24.0,B02
201400006640,0,7,0,3.0,0.0,1.0,1.0,A01
201400006641,0,2,0,0.0,2.0,1.0,1.0,A01
201400006641,0,7,0,0.0,2.0,3.0,17.0,B02
201400006642,0,7,0,0.0,2.0,1.0,1.0,B02
201400006642,0,7,0,0.0,2.0,1.0,15.0,A01
201400006643,0,7,0,0.0,1.0,7.0,1.0,A01
201400006644,0,7,0,0.0,2.0,2.0,1.0,B02
201400006644,0,15,0,0.0,2.0,3.0,1.0,A01
201400006645,0,7,0,2.0,0.0,1.0,10.0,A01
201400006646,0,7,0,0.0,0.0,8.0,1.0,B02
201400006646,0,7,0,0.0,2.0,3.0,16.0,A01
201400006647,0,7,0,0.0,2.0,3.0,1.0,A01
201400006647,0,7,0,0.0,2.0,1.0,1.0,B02
201400006648,0,7,0,16.0,0.0,9.0,0.0,A01
201400006649,0,7,0,2.0,0.0,1.0,1.0,A01
201400006650,0,14,0,0.0,2.0,2.0,1.0,B02
201400006650,0,7,0,0.0,2.0,6.0,1.0,A01
201400006651,0,7,0,0.0,2.0,1.0,19.0,A01
201400006651,0,7,0,0.0,2.0,3.0,1.0,B02
201400006652,0,7,0,0.0,0.0,2.0,1.0,A01
201400006653,0,10,0,0.0,2.0,3.0,1.0,B02
201400006653,0,7,0,0.0,2.0,3.0,13.0,A01
201400006654,0,7,0,13.0,0.0,1.0,14.0,A01
201400006655,0,7,0,2.0,0.0,3.0,1.0,A01
201400006656,0,7,0,0.0,2.0,1.0,15.0,B02
201400006656,0,7,0,0.0,2.0,1.0,1.0,A01
201400006656,0,15,0,0.0,2.0,2.0,1.0,C03
201400006657,0,7,0,2.0,0.0,8.0,13.0,A01
201400006658,0,7,0,0.0,0.0,4.0,0.0,A01
201400006658,0,7,0,0.0,2.0,1.0,1.0,B02
201400006659,0,7,0,2.0,0.0,1.0,1.0,A01
201400006660,0,2,0,0.0,0.0,0.0,1.0,A01
201400006661,0,14,0,0.0,2.0,3.0,1.0,A01
201400006661,0,7,0,0.0,2.0,7.0,19.0,B02
201400006662,0,7,0,0.0,1.0,2.0,15.0,A01
201400006663,0,7,0,2.0,0.0,3.0,1.0,A01
201400006664,0,3,0,0.0,0.0,4.0,1.0,A01
201400006664,0,7,0,0.0,2.0,2.0,1.0,B02
201400006665,0,7,0,6.0,0.0,2.0,1.0,A01
201400006666,0,7,0,2.0,2.0,1.0,13.0,A01
201400006666,0,7,0,0.0,2.0,1.0,1.0,B02
201400006667,0,7,0,0.0,2.0,3.0,1.0,A01
201400006667,0,31,0,0.0,2.0,1.0,1.0,B02
201400006668,0,7,0,0.0,2.0,1.0,1.0,A01
201400006668,0,1,0,0.0,2.0,3.0,19.0,B02
201400006669,0,10,0,0.0,2.0,8.0,17.0,B02
201400006669,0,7,0,0.0,2.0,3.0,9.0,A01
201400006670,0,7,0,8.0,0.0,2.0,1.0,A01
201400006671,0,17,0,0.0,2.0,6.0,23.0,B02
201400006671,0,17,0,1.0,0.0,2.0,1.0,A01
201400006672,0,7,0,0.0,2.0,8.0,19.0,A01
201400006672,0,7,0,0.0,2.0,1.0,1.0,B02
201400006673,0,14,0,13.0,0.0,3.0,1.0,A01
201400006674,0,10,0,0.0,2.0,1.0,1.0,A01
201400006674,0,7,0,0.0,2.0,1.0,13.0,B02
201400006675,0,33,0,7.0,0.0,1.0,14.0,A01
201400006676,0,7,0,0.0,2.0,1.0,1.0,B02
201400006676,0,7,0,0.0,2.0,1.0,1.0,A01
201400006677,0,7,0,0.0,1.0,1.0,16.0,A01
201400006678,0,33,0,13.0,0.0,8.0,14.0,A01
201400006679,0,7,0,0.0,2.0,3.0,21.0,B02
201400006679,0,7,0,0.0,2.0,3.0,21.0,C03
201400006679,0,7,0,3.0,2.0,2.0,5.0,A01
201400006680,0,31,0,13.0,0.0,2.0,1.0,A01
201400006681,0,7,0,13.0,1.0,2.0,0.0,A01
201400006682,0,7,0,0.0,1.0,1.0,1.0,A01
201400006682,0,14,0,0.0,1.0,6.0,21.0,B02
201400006683,0,33,0,0.0,2.0,1.0,1.0,B02
201400006683,0,7,0,16.0,2.0,5.0,19.0,A01
201400006684,0,7,0,0.0,2.0,3.0,1.0,B02
201400006684,0,7,0,0.0,2.0,3.0,13.0,A01
201400006685,0,7,0,0.0,2.0,1.0,17.0,A01
201400006685,0,7,0,0.0,2.0,1.0,1.0,B02
201400006685,0,7,0,0.0,2.0,8.0,1.0,C03
201400006686,0,7,0,0.0,2.0,1.0,13.0,A01
201400006686,0,7,0,0.0,2.0,1.0,1.0,B02
201400006687,0,10,0,0.0,2.0,2.0,1.0,B02
201400006687,0,30,0,0.0,2.0,1.0,15.0,A01
201400006688,0,7,0,13.0,0.0,1.0,1.0,A01
201400006689,0,7,0,0.0,2.0,3.0,1.0,B02
201400006689,0,7,0,0.0,2.0,3.0,1.0,A01
201400006690,0,7,0,0.0,0.0,0.0,0.0,A01
201400006691,0,7,0,0.0,2.0,2.0,2.0,A01
201400006691,0,1,0,0.0,2.0,4.0,2.0,B02
201400006692,0,10,0,2.0,0.0,1.0,1.0,A01
201400006693,0,33,0,7.0,0.0,1.0,0.0,A01
201400006694,0,7,0,0.0,2.0,1.0,1.0,A01
201400006694,0,7,0,0.0,2.0,2.0,19.0,B02
201400006695,0,7,0,0.0,2.0,2.0,15.0,B02
201400006695,0,7,0,0.0,2.0,3.0,1.0,A01
201400006696,0,33,0,0.0,0.0,1.0,1.0,A01
201400006697,0,33,0,0.0,2.0,1.0,17.0,B02
201400006697,0,14,0,0.0,0.0,6.0,15.0,A01
201400006698,0,31,0,0.0,2.0,1.0,17.0,A01
201400006698,0,10,0,0.0,2.0,8.0,15.0,B02
201400006699,0,7,0,0.0,2.0,1.0,1.0,B02
201400006699,0,7,0,0.0,2.0,8.0,19.0,A01
201400006700,0,7,0,0.0,0.0,0.0,0.0,A01
201400006701,0,7,0,2.0,0.0,2.0,1.0,A01
201400006702,0,7,0,13.0,0.0,2.0,0.0,A01
201400006703,0,36,0,0.0,0.0,0.0,2.0,A01
201400006704,0,10,0,0.0,0.0,3.0,13.0,B02
201400006704,0,15,0,0.0,2.0,3.0,1.0,A01
201400006705,0,7,0,0.0,2.0,1.0,1.0,B02
201400006705,0,7,0,0.0,2.0,1.0,19.0,A01
201400006706,0,7,0,0.0,1.0,1.0,1.0,A01
201400006707,0,7,0,12.0,0.0,2.0,1.0,A01
201400006708,0,7,0,0.0,1.0,2.0,16.0,A01
201400006709,0,7,0,0.0,2.0,1.0,1.0,B02
201400006709,0,7,0,0.0,2.0,8.0,19.0,A01
201400006710,0,7,0,0.0,0.0,9.0,1.0,A01
201400006711,0,33,0,0.0,0.0,0.0,1.0,A01
201400006712,0,33,0,0.0,0.0,2.0,1.0,A01
201400006713,0,7,0,0.0,2.0,1.0,1.0,A01
201400006713,0,7,0,0.0,2.0,7.0,1.0,B02
201400006714,0,7,0,0.0,0.0,0.0,14.0,A01
201400006715,0,17,0,0.0,4.0,7.0,1.0,A01
201400006715,0,39,0,0.0,2.0,1.0,1.0,B02
201400006716,0,10,0,0.0,2.0,1.0,1.0,B02
201400006716,0,7,0,0.0,2.0,2.0,13.0,A01
201400006717,0,7,0,0.0,2.0,3.0,1.0,B02
201400006717,0,7,0,0.0,2.0,2.0,13.0,A01
201400006718,0,7,0,13.0,0.0,3.0,0.0,A01
201400006719,0,7,0,0.0,2.0,7.0,1.0,A01
201400006719,0,7,0,0.0,2.0,1.0,1.0,B02
201400006720,0,7,0,0.0,0.0,0.0,19.0,A01
201400006721,0,7,0,0.0,2.0,1.0,15.0,A02
201400006721,0,7,0,0.0,2.0,2.0,1.0,B01
201400006722,0,7,0,0.0,2.0,3.0,1.0,B02
201400006722,0,7,0,0.0,2.0,1.0,13.0,A01
201400006723,0,7,0,13.0,0.0,1.0,1.0,A01
201400006724,0,7,0,2.0,0.0,9.0,14.0,A01
201400006725,0,7,0,0.0,0.0,1.0,0.0,B02
201400006725,0,7,0,0.0,1.0,1.0,1.0,A01
201400006726,0,33,0,13.0,0.0,1.0,21.0,A01
201400006727,0,3,0,0.0,1.0,2.0,1.0,A01
201400006728,0,15,0,0.0,1.0,7.0,16.0,A01
201400006729,0,7,0,0.0,2.0,1.0,2.0,C03
201400006729,0,7,0,0.0,1.0,1.0,1.0,A01
201400006729,0,7,0,0.0,2.0,2.0,2.0,B02
201400006730,0,7,0,0.0,2.0,3.0,21.0,C03
201400006730,0,7,0,0.0,0.0,0.0,11.0,A01
201400006730,0,14,0,0.0,2.0,3.0,1.0,B02
201400006731,0,7,0,6.0,0.0,1.0,1.0,A01
201400006732,0,7,0,0.0,2.0,1.0,18.0,A01
201400006732,0,7,0,0.0,2.0,1.0,1.0,B02
201400006733,0,7,0,0.0,2.0,3.0,15.0,A01
201400006733,0,30,0,0.0,2.0,1.0,1.0,B02
201400006734,0,33,0,0.0,2.0,1.0,1.0,A01
201400006734,0,7,0,0.0,0.0,6.0,20.0,B02
201400006735,0,7,0,2.0,0.0,2.0,14.0,A01
201400006736,0,7,0,0.0,0.0,1.0,13.0,A01
201400006737,0,7,0,16.0,0.0,1.0,1.0,A01
201400006738,0,7,0,13.0,0.0,1.0,1.0,A01
201400006739,0,7,0,16.0,0.0,9.0,1.0,A01
201400006740,0,31,0,6.0,0.0,1.0,1.0,A01
201400006741,0,10,0,0.0,2.0,1.0,15.0,A01
201400006741,0,2,0,0.0,2.0,1.0,1.0,B02
201400006742,0,36,0,1.0,0.0,1.0,10.0,A01
201400006743,0,7,0,13.0,0.0,3.0,1.0,A01
201400006744,0,7,0,0.0,2.0,1.0,2.0,A01
201400006744,0,7,0,0.0,2.0,4.0,1.0,B02
201400006745,0,7,0,0.0,2.0,2.0,13.0,A01
201400006745,0,7,0,0.0,2.0,3.0,1.0,B02
201400006746,0,7,0,0.0,2.0,7.0,1.0,A01
201400006746,0,7,0,0.0,2.0,3.0,23.0,B02
201400006746,0,7,0,0.0,2.0,1.0,1.0,C03
201400006747,0,7,0,0.0,2.0,1.0,1.0,B02
201400006747,0,36,0,0.0,2.0,8.0,9.0,A01
201400006748,0,7,0,0.0,2.0,8.0,6.0,A01
201400006748,0,7,0,0.0,2.0,1.0,1.0,B02
201400006749,0,7,0,0.0,0.0,4.0,23.0,A01
201400006749,0,7,0,1.0,0.0,1.0,11.0,B02
201400006750,0,1,0,0.0,2.0,7.0,19.0,A01
201400006750,0,14,0,0.0,2.0,1.0,1.0,B02
201400006751,0,7,0,0.0,0.0,6.0,19.0,A01
201400006751,0,7,0,0.0,2.0,1.0,1.0,B02
201400006752,0,7,0,0.0,0.0,6.0,23.0,A01
201400006752,0,10,0,1.0,0.0,2.0,1.0,B02
201400006753,0,33,0,0.0,2.0,1.0,1.0,B02
201400006753,0,7,0,0.0,2.0,8.0,15.0,A01
201400006754,0,7,0,13.0,0.0,2.0,1.0,A01
201400006755,0,7,0,0.0,2.0,1.0,1.0,A01
201400006755,0,7,0,0.0,2.0,4.0,23.0,B02
201400006756,0,7,0,8.0,0.0,2.0,1.0,A01
201400006757,0,7,0,8.0,0.0,1.0,1.0,A01
201400006758,0,7,0,1.0,0.0,2.0,16.0,A01
201400006759,0,7,0,13.0,0.0,9.0,1.0,A01
201400006760,0,7,0,0.0,2.0,3.0,0.0,A01
201400006760,0,7,0,0.0,2.0,1.0,0.0,B02
201400006761,0,2,0,3.0,0.0,8.0,0.0,A01
201400006762,0,7,0,0.0,2.0,1.0,13.0,A01
201400006762,0,7,0,0.0,2.0,1.0,1.0,B02
201400006763,0,10,0,0.0,2.0,3.0,1.0,A01
201400006763,0,7,0,0.0,2.0,3.0,1.0,B02
201400006764,0,7,0,12.0,2.0,7.0,1.0,B02
201400006764,0,7,0,12.0,2.0,8.0,19.0,A01
201400006765,0,33,0,0.0,2.0,1.0,13.0,A01
201400006765,0,7,0,0.0,2.0,3.0,1.0,B02
201400006766,0,7,0,13.0,0.0,0.0,1.0,A01
201400006767,0,7,0,0.0,0.0,7.0,1.0,B02
201400006767,0,7,0,0.0,2.0,1.0,19.0,A01
201400006768,0,7,0,0.0,2.0,2.0,19.0,A01
201400006768,0,7,0,0.0,2.0,1.0,1.0,B02
201400006769,0,7,0,0.0,0.0,0.0,0.0,A01
201400006770,0,7,0,0.0,2.0,3.0,13.0,A01
201400006770,0,7,0,0.0,2.0,0.0,1.0,B02
201400006771,0,14,0,0.0,0.0,8.0,0.0,A01
201400006772,0,7,0,0.0,2.0,3.0,1.0,B02
201400006772,0,7,0,0.0,2.0,3.0,13.0,A01
201400006773,0,7,0,15.0,0.0,1.0,1.0,A01
201400006774,0,7,0,0.0,1.0,0.0,15.0,A01
201400006775,0,33,0,0.0,0.0,0.0,1.0,A01
201400006776,0,33,0,9.0,0.0,1.0,1.0,A01
201400006777,0,7,0,0.0,1.0,6.0,15.0,A01
201400006778,0,1,0,0.0,0.0,1.0,5.0,A01
201400006778,0,7,0,0.0,0.0,2.0,16.0,B01
201400006779,0,7,0,0.0,2.0,3.0,13.0,A01
201400006779,0,15,0,0.0,2.0,2.0,1.0,B02
201400006780,0,7,0,0.0,1.0,2.0,15.0,A01
201400006781,0,7,0,13.0,0.0,9.0,1.0,A01
201400006782,0,7,0,2.0,0.0,1.0,1.0,A01
201400006783,0,33,0,0.0,2.0,2.0,17.0,A01
201400006783,0,7,0,0.0,0.0,3.0,15.0,B02
201400006784,0,7,0,2.0,0.0,1.0,0.0,A01
201400006785,0,10,0,0.0,9.0,1.0,1.0,A01
201400006785,0,1,0,0.0,2.0,8.0,1.0,B02
201400006786,0,7,0,8.0,0.0,1.0,1.0,A01
201400006787,0,2,0,0.0,0.0,0.0,1.0,A01
201400006788,0,7,0,0.0,1.0,2.0,1.0,A01
201400006789,0,7,0,0.0,1.0,3.0,0.0,A01
201400006790,0,10,0,15.0,0.0,1.0,1.0,A01
201400006791,0,7,0,2.0,0.0,1.0,1.0,A01
201400006792,0,7,0,5.0,0.0,1.0,1.0,A01
201400006793,0,7,0,8.0,0.0,1.0,21.0,A01
201400006794,0,7,0,0.0,0.0,0.0,1.0,A01
201400006795,0,7,0,0.0,2.0,1.0,5.0,A01
201400006795,0,7,0,0.0,2.0,1.0,1.0,B02
201400006796,0,7,0,0.0,0.0,2.0,1.0,A01
201400006797,0,30,0,12.0,0.0,1.0,1.0,A01
201400006798,0,3,0,0.0,2.0,5.0,1.0,A01
201400006798,1,7,0,0.0,2.0,2.0,15.0,B02
201400006799,0,7,0,6.0,0.0,3.0,1.0,A01
201400006800,0,7,0,16.0,0.0,1.0,1.0,A01
201400006801,0,7,0,2.0,0.0,3.0,14.0,A01
201400006802,0,7,0,0.0,0.0,9.0,21.0,A01
201400006803,0,7,0,2.0,0.0,1.0,14.0,A01
201400006804,0,7,0,0.0,2.0,2.0,15.0,A01
201400006804,0,7,0,0.0,2.0,1.0,1.0,B02
201400006804,0,7,0,0.0,2.0,2.0,15.0,C03
201400006805,0,7,0,0.0,0.0,1.0,1.0,A01
201400006806,0,30,0,0.0,2.0,8.0,17.0,A01
201400006806,0,17,0,0.0,0.0,8.0,1.0,B02
201400006807,0,7,0,0.0,2.0,1.0,5.0,A01
201400006807,0,7,0,0.0,2.0,1.0,1.0,B02
201400006808,0,7,0,0.0,2.0,1.0,19.0,A01
201400006808,0,7,0,0.0,2.0,6.0,1.0,B02
201400006808,0,10,0,0.0,2.0,1.0,1.0,C03
201400006809,0,7,0,0.0,2.0,3.0,1.0,B02
201400006809,0,32,0,0.0,2.0,1.0,5.0,A01
201400006810,0,7,0,0.0,0.0,7.0,19.0,B02
201400006810,0,7,0,0.0,2.0,1.0,1.0,A01
201400006811,0,7,0,0.0,1.0,2.0,1.0,A01
201400006812,0,7,0,0.0,2.0,7.0,19.0,B02
201400006812,0,7,0,0.0,2.0,1.0,1.0,A01
201400006813,0,31,0,0.0,0.0,3.0,1.0,A01
201400006814,0,1,0,1.0,0.0,2.0,1.0,A01
201400006815,0,7,0,13.0,0.0,1.0,0.0,A01
201400006816,0,10,0,2.0,0.0,7.0,1.0,A01
201400006817,0,7,0,13.0,0.0,2.0,1.0,A01
201400006818,0,7,0,0.0,2.0,3.0,23.0,B02
201400006818,0,7,0,1.0,0.0,1.0,1.0,A01
201400006819,0,17,0,0.0,2.0,1.0,1.0,B02
201400006819,0,7,0,0.0,2.0,1.0,13.0,A01
201400006820,0,31,0,0.0,2.0,1.0,1.0,A01
201400006820,0,21,0,0.0,2.0,1.0,1.0,B02
201400006821,0,33,0,0.0,2.0,1.0,1.0,B02
201400006821,0,7,0,0.0,2.0,7.0,15.0,A01
201400006822,0,7,0,0.0,2.0,1.0,1.0,B02
201400006822,0,7,0,0.0,2.0,1.0,15.0,A01
201400006823,0,7,0,2.0,0.0,1.0,13.0,A01
201400006824,0,7,0,13.0,0.0,2.0,1.0,A01
201400006825,0,7,0,0.0,2.0,2.0,1.0,B02
201400006825,0,2,0,0.0,2.0,1.0,13.0,A01
201400006826,0,7,0,3.0,0.0,3.0,1.0,A01
201400006827,0,15,0,0.0,2.0,3.0,1.0,C03
201400006827,0,17,0,0.0,2.0,4.0,1.0,B02
201400006827,0,7,0,0.0,2.0,1.0,1.0,A01
201400006828,0,7,0,0.0,0.0,0.0,2.0,A01
201400006828,0,30,0,0.0,0.0,0.0,2.0,B02
201400006829,0,7,0,13.0,0.0,1.0,1.0,A01
201400006830,0,7,0,0.0,1.0,2.0,15.0,A01
201400006831,0,7,0,16.0,0.0,1.0,1.0,A01
201400006832,0,14,0,0.0,9.0,0.0,1.0,A01
201400006832,0,1,0,0.0,0.0,0.0,1.0,B02
201400006833,0,7,0,13.0,0.0,3.0,13.0,A01
201400006834,0,33,0,12.0,0.0,0.0,1.0,A01
201400006835,0,7,0,0.0,2.0,3.0,1.0,B02
201400006835,0,7,0,0.0,2.0,3.0,13.0,A01
201400006836,0,7,0,0.0,2.0,4.0,23.0,C03
201400006836,0,10,0,0.0,2.0,4.0,23.0,B02
201400006836,0,15,0,0.0,2.0,1.0,1.0,A01
201400006836,0,10,0,0.0,2.0,4.0,23.0,D04
201400006837,0,7,0,0.0,2.0,7.0,13.0,A01
201400006837,0,10,0,0.0,2.0,1.0,1.0,B02
201400006838,0,7,0,0.0,9.0,3.0,1.0,C03
201400006838,0,15,0,0.0,2.0,3.0,1.0,B02
201400006838,0,7,0,0.0,2.0,3.0,13.0,A01
201400006839,0,7,0,10.0,0.0,1.0,13.0,A01
201400006840,0,7,0,0.0,2.0,9.0,1.0,A01
201400006840,0,7,0,0.0,2.0,1.0,1.0,B02
201400006841,0,7,0,16.0,0.0,9.0,1.0,A01
201400006842,0,7,0,2.0,0.0,1.0,15.0,A01
201400006843,0,7,0,0.0,2.0,4.0,2.0,B02
201400006843,0,7,0,0.0,2.0,1.0,2.0,A01
201400006844,0,17,0,0.0,0.0,8.0,5.0,A01