Num_Acc,senc,catv,occutc,obs,obsm,choc,manv,num_veh
201400006845,0,17,0,0.0,0.0,3.0,1.0,B02
201400006845,0,7,0,0.0,0.0,3.0,13.0,A01
201400006846,0,7,0,0.0,1.0,1.0,15.0,A01
201400006847,0,7,0,1.0,0.0,3.0,1.0,A01
201400006848,0,7,0,2.0,0.0,8.0,1.0,A01
201400006849,0,7,0,0.0,0.0,3.0,15.0,B02
201400006849,0,33,0,0.0,2.0,1.0,2.0,A01
201400006850,0,7,0,1.0,0.0,1.0,14.0,A01
201400006851,0,7,0,16.0,0.0,0.0,1.0,A01
201400006852,0,2,0,0.0,2.0,1.0,1.0,B02
201400006852,0,7,0,0.0,2.0,1.0,1.0,A01
201400006853,0,31,0,0.0,2.0,1.0,1.0,A01
201400006853,0,30,0,0.0,2.0,7.0,1.0,B02
201400006854,0,7,0,13.0,0.0,1.0,1.0,A01
201400006855,0,7,0,0.0,2.0,3.0,17.0,A01
201400006855,0,7,0,0.0,2.0,3.0,1.0,B02
201400006856,0,7,0,0.0,2.0,1.0,2.0,B02
201400006856,0,7,0,0.0,2.0,4.0,2.0,A01
201400006857,0,7,0,0.0,2.0,3.0,1.0,B02
201400006857,0,20,0,0.0,0.0,6.0,16.0,A01
201400006858,0,1,0,0.0,0.0,7.0,1.0,A01
201400006859,0,30,0,0.0,6.0,2.0,1.0,A01
201400006860,0,7,0,0.0,2.0,1.0,13.0,A01
201400006860,0,15,0,0.0,2.0,1.0,1.0,B02
201400006861,0,7,0,0.0,0.0,1.0,2.0,A01
201400006862,0,7,0,2.0,0.0,1.0,1.0,A01
201400006863,0,7,0,0.0,1.0,4.0,20.0,A01
201400006864,0,7,0,0.0,2.0,1.0,1.0,A01
201400006864,0,15,0,0.0,2.0,1.0,1.0,B02
201400006865,0,7,0,0.0,9.0,3.0,1.0,B02
201400006865,0,35,0,0.0,2.0,3.0,16.0,A01
201400006866,0,10,0,3.0,0.0,3.0,13.0,A01
201400006866,0,7,0,14.0,0.0,1.0,1.0,C03
201400006866,0,14,0,14.0,0.0,3.0,1.0,B02
201400006867,0,7,0,2.0,0.0,1.0,1.0,A01
201400006868,0,7,0,0.0,2.0,3.0,13.0,A01
201400006868,0,14,0,0.0,2.0,8.0,1.0,B02
201400006869,0,99,0,0.0,0.0,0.0,1.0,A01
201400006870,0,2,0,0.0,2.0,1.0,1.0,A01
201400006870,0,7,0,0.0,2.0,7.0,1.0,B02
201400006871,0,7,0,13.0,0.0,1.0,1.0,A01
201400006872,0,7,0,0.0,1.0,2.0,1.0,A01
201400006873,0,10,0,0.0,2.0,3.0,1.0,A01
201400006873,0,14,0,0.0,2.0,3.0,1.0,B02
201400006874,0,7,0,0.0,2.0,2.0,1.0,A01
201400006874,0,7,0,0.0,2.0,6.0,1.0,B02
201400006875,0,7,0,0.0,2.0,2.0,2.0,A01
201400006875,0,1,0,0.0,0.0,4.0,1.0,B02
201400006876,0,7,0,13.0,0.0,3.0,1.0,A01
201400006877,0,1,0,0.0,0.0,3.0,1.0,B02
201400006877,0,7,0,0.0,0.0,2.0,14.0,A01
201400006878,0,7,0,0.0,2.0,3.0,15.0,B02
201400006878,0,7,0,0.0,2.0,1.0,1.0,A01
201400006879,0,2,0,0.0,2.0,3.0,1.0,B02
201400006879,0,7,0,0.0,0.0,2.0,15.0,A01
201400006880,0,7,0,0.0,1.0,7.0,21.0,A01
201400006881,0,33,0,16.0,0.0,1.0,1.0,A01
201400006882,0,7,0,0.0,2.0,2.0,15.0,A01
201400006882,0,30,0,0.0,2.0,1.0,1.0,B02
201400006883,0,7,0,1.0,1.0,0.0,1.0,C01
201400006884,0,33,0,8.0,0.0,1.0,1.0,A01
201400006885,0,99,0,0.0,1.0,4.0,4.0,A01
201400006886,0,33,0,2.0,0.0,0.0,1.0,A01
201400006887,0,7,0,0.0,2.0,7.0,13.0,A01
201400006887,0,7,0,0.0,2.0,1.0,1.0,B02
201400006888,0,7,0,0.0,2.0,2.0,0.0,B02
201400006888,0,7,0,0.0,2.0,3.0,19.0,A01
201400006889,0,7,0,0.0,0.0,5.0,15.0,A01
201400006889,0,30,0,0.0,2.0,1.0,1.0,B02
201400006890,0,30,0,0.0,2.0,1.0,19.0,A01
201400006890,0,33,0,0.0,2.0,7.0,19.0,B02
201400006891,0,7,0,0.0,2.0,8.0,19.0,A01
201400006891,0,33,0,0.0,2.0,1.0,2.0,B02
201400006892,0,1,0,0.0,2.0,8.0,1.0,A01
201400006892,0,7,0,0.0,9.0,1.0,1.0,B02
201400006893,0,7,0,0.0,2.0,8.0,19.0,B02
201400006893,0,17,0,0.0,2.0,1.0,1.0,A01
201400006894,0,7,0,0.0,2.0,8.0,9.0,A01
201400006894,0,33,0,0.0,2.0,1.0,2.0,B02
201400006895,0,7,0,0.0,1.0,1.0,1.0,A01
201400006896,0,7,0,0.0,2.0,8.0,15.0,B02
201400006896,0,7,0,0.0,2.0,1.0,1.0,A01
201400006897,0,7,0,0.0,2.0,3.0,13.0,A01
201400006897,0,7,0,0.0,2.0,3.0,1.0,B02
201400006898,0,7,0,0.0,2.0,2.0,1.0,A01
201400006898,0,33,0,0.0,2.0,1.0,1.0,B02
201400006899,0,33,0,0.0,2.0,1.0,1.0,B02
201400006899,0,17,0,0.0,2.0,7.0,15.0,A01
201400006900,0,10,0,13.0,0.0,3.0,1.0,A01
201400006901,0,7,0,13.0,0.0,0.0,1.0,A01
201400006902,0,7,0,0.0,2.0,2.0,19.0,B02
201400006902,0,2,0,0.0,2.0,8.0,1.0,A01
201400006903,0,7,0,2.0,0.0,2.0,1.0,A01
201400006904,0,33,0,0.0,6.0,1.0,1.0,A01
201400006905,0,7,0,13.0,0.0,1.0,13.0,A01
201400006906,0,7,0,0.0,2.0,1.0,13.0,A01
201400006906,0,7,0,0.0,2.0,1.0,1.0,B02
201400006907,0,7,0,14.0,0.0,4.0,1.0,A01
201400006908,0,7,0,13.0,0.0,0.0,1.0,A01
201400006909,0,2,0,0.0,2.0,0.0,17.0,B02
201400006909,0,7,0,0.0,2.0,3.0,15.0,A01
201400006910,0,7,0,0.0,0.0,1.0,0.0,A01
201400006911,0,33,0,0.0,2.0,1.0,17.0,A01
201400006911,0,7,0,0.0,0.0,8.0,15.0,B02
201400006912,0,7,0,2.0,0.0,4.0,1.0,A01
201400006913,0,10,0,0.0,2.0,7.0,1.0,B02
201400006913,0,14,0,0.0,2.0,1.0,19.0,A01
201400006914,0,7,0,0.0,2.0,1.0,17.0,C03
201400006914,0,7,0,0.0,2.0,3.0,1.0,A01
201400006914,0,7,0,0.0,2.0,1.0,1.0,B02
201400006915,0,7,0,6.0,0.0,1.0,1.0,A01
201400006916,0,7,0,0.0,2.0,1.0,13.0,A01
201400006916,0,15,0,0.0,2.0,1.0,1.0,B02
201400006917,0,7,0,0.0,2.0,5.0,13.0,A01
201400006917,0,7,0,0.0,2.0,1.0,1.0,B02
201400006918,0,99,0,6.0,0.0,1.0,14.0,A01
201400006919,0,1,0,0.0,2.0,7.0,19.0,A01
201400006919,0,7,0,0.0,2.0,2.0,1.0,B02
201400006920,0,33,0,0.0,2.0,1.0,1.0,B02
201400006920,0,7,0,0.0,2.0,8.0,15.0,A01
201400006921,0,7,0,0.0,2.0,2.0,1.0,A01
201400006921,0,2,0,0.0,2.0,8.0,19.0,B02
201400006922,0,2,0,12.0,0.0,1.0,0.0,A01
201400006923,0,1,0,0.0,2.0,7.0,1.0,B02
201400006923,0,7,0,0.0,2.0,1.0,19.0,A01
201400006924,0,33,0,0.0,0.0,8.0,1.0,A01
201400006925,0,7,0,0.0,2.0,1.0,0.0,B02
201400006925,0,7,0,0.0,2.0,2.0,1.0,A01
201400006926,0,7,0,0.0,2.0,3.0,0.0,A01
201400006926,0,7,0,0.0,2.0,3.0,0.0,B02
201400006927,0,30,0,0.0,2.0,7.0,0.0,A01
201400006927,0,7,0,0.0,2.0,1.0,19.0,B02
201400006928,0,7,0,0.0,2.0,3.0,15.0,A01
201400006928,0,7,0,0.0,2.0,1.0,1.0,B02
201400006929,0,7,0,0.0,2.0,7.0,13.0,A01
201400006929,0,10,0,0.0,2.0,1.0,1.0,B02
201400006930,0,7,0,0.0,2.0,1.0,1.0,B02
201400006930,0,7,0,0.0,2.0,7.0,13.0,A01
201400006931,0,7,0,0.0,0.0,9.0,1.0,A01
201400006932,0,7,0,0.0,2.0,1.0,5.0,A01
201400006932,0,10,0,0.0,2.0,1.0,1.0,B02
201400006933,0,7,0,0.0,0.0,9.0,1.0,A01
201400006934,0,7,0,0.0,2.0,1.0,17.0,A01
201400006934,0,7,0,0.0,2.0,1.0,1.0,B02
201400006935,0,7,0,0.0,0.0,0.0,1.0,A01
201400006936,0,14,0,0.0,2.0,6.0,19.0,B02
201400006936,0,2,0,0.0,2.0,1.0,1.0,A01
201400006937,0,33,0,0.0,2.0,1.0,1.0,B02
201400006937,0,7,0,0.0,9.0,0.0,15.0,A01
201400006938,0,7,0,0.0,9.0,0.0,1.0,A01
201400006938,0,31,0,0.0,2.0,0.0,1.0,B02
201400006939,0,7,0,0.0,2.0,3.0,19.0,B02
201400006939,0,31,0,0.0,2.0,7.0,1.0,A01
201400006940,0,7,0,0.0,2.0,2.0,13.0,A01
201400006940,0,7,0,0.0,2.0,1.0,1.0,B02
201400006941,0,7,0,2.0,0.0,7.0,13.0,A01
201400006942,0,7,0,0.0,2.0,1.0,17.0,A01
201400006942,0,7,0,0.0,2.0,1.0,1.0,B02
201400006943,0,7,0,13.0,0.0,1.0,1.0,A01
201400006944,0,7,0,0.0,2.0,6.0,15.0,A01
201400006944,0,7,0,0.0,2.0,2.0,1.0,B02
201400006945,0,7,0,13.0,0.0,1.0,1.0,A01
201400006946,0,7,0,0.0,0.0,3.0,1.0,A01
201400006947,0,7,0,0.0,0.0,8.0,19.0,A01
201400006947,0,10,0,0.0,2.0,1.0,1.0,B02
201400006948,0,7,0,0.0,2.0,1.0,1.0,C03
201400006948,0,7,0,0.0,2.0,6.0,15.0,A01
201400006948,0,7,0,0.0,2.0,1.0,1.0,B02
201400006949,0,7,0,2.0,0.0,1.0,19.0,A01
201400006950,0,33,0,13.0,0.0,2.0,1.0,A01
201400006951,0,7,0,0.0,2.0,8.0,16.0,A01
201400006951,0,1,0,0.0,2.0,1.0,1.0,B02
201400006952,0,7,0,2.0,0.0,8.0,1.0,A01
201400006953,0,7,0,0.0,2.0,3.0,15.0,A01
201400006953,0,15,0,0.0,2.0,2.0,1.0,B02
201400006954,0,7,0,6.0,0.0,2.0,1.0,A01
201400006955,0,7,0,0.0,2.0,7.0,1.0,A01
201400006955,0,7,0,0.0,2.0,1.0,1.0,B02
201400006956,0,21,0,0.0,2.0,3.0,1.0,A01
201400006956,0,7,0,0.0,2.0,3.0,1.0,B02
201400006957,0,7,0,2.0,0.0,8.0,1.0,A01
201400006958,0,7,0,0.0,2.0,1.0,15.0,A01
201400006958,0,33,0,0.0,2.0,3.0,1.0,B02
201400006959,0,7,0,2.0,0.0,2.0,14.0,A01
201400006960,0,7,0,0.0,2.0,1.0,13.0,A01
201400006960,0,14,0,0.0,2.0,3.0,1.0,B02
201400006961,0,21,0,0.0,0.0,6.0,19.0,A01
201400006961,0,7,0,0.0,2.0,2.0,1.0,B02
201400006962,0,10,0,0.0,2.0,1.0,15.0,A01
201400006962,0,1,0,0.0,2.0,1.0,1.0,B02
201400006963,0,33,0,0.0,2.0,4.0,2.0,A01
201400006963,0,33,0,0.0,2.0,1.0,2.0,B02
201400006964,0,2,0,0.0,0.0,7.0,14.0,A01
201400006965,0,7,0,0.0,2.0,4.0,2.0,B02
201400006965,0,33,0,0.0,2.0,9.0,2.0,A01
201400006966,0,10,0,0.0,1.0,2.0,2.0,A01
201400006967,0,10,0,6.0,0.0,3.0,1.0,A01
201400006968,0,7,0,1.0,1.0,3.0,13.0,B02
201400006968,0,7,0,0.0,2.0,2.0,15.0,C03
201400006969,0,3,0,15.0,0.0,1.0,1.0,A01
201400006970,0,7,0,13.0,0.0,1.0,1.0,A01
201400006971,0,7,0,15.0,0.0,1.0,14.0,A01
201400006972,0,7,0,0.0,2.0,3.0,1.0,B02
201400006972,0,7,0,0.0,2.0,1.0,9.0,A01
201400006973,0,7,0,0.0,2.0,5.0,15.0,B02
201400006973,0,3,0,0.0,2.0,3.0,2.0,A01
201400006974,0,7,0,0.0,1.0,2.0,16.0,A01
201400006975,0,31,0,0.0,2.0,8.0,0.0,B02
201400006975,0,7,0,0.0,0.0,7.0,15.0,A01
201400006976,0,33,0,0.0,2.0,8.0,17.0,A01
201400006976,0,7,0,0.0,2.0,3.0,15.0,B02
201400006977,0,7,0,0.0,2.0,3.0,13.0,A01
201400006977,0,7,0,0.0,2.0,3.0,1.0,B02
201400006978,0,2,0,0.0,2.0,1.0,0.0,B02
201400006978,0,7,0,0.0,2.0,1.0,15.0,A01
201400006979,0,7,0,13.0,0.0,1.0,1.0,A01
201400006980,0,33,0,0.0,2.0,1.0,13.0,A01
201400006980,0,10,0,0.0,2.0,3.0,1.0,B02
201400006981,0,10,0,2.0,0.0,9.0,1.0,A01
201400006982,0,7,0,0.0,2.0,1.0,1.0,C03
201400006982,0,7,0,0.0,2.0,7.0,17.0,A01
201400006982,0,10,0,0.0,2.0,3.0,1.0,B02
201400006983,0,7,0,0.0,2.0,1.0,1.0,B02
201400006983,0,7,0,0.0,2.0,8.0,9.0,A01
201400006984,0,7,0,0.0,2.0,5.0,9.0,A01
201400006984,0,33,0,0.0,2.0,1.0,1.0,B02
201400006985,0,7,0,0.0,2.0,1.0,17.0,B02
201400006985,0,7,0,0.0,2.0,8.0,15.0,A01
201400006986,0,33,0,0.0,0.0,1.0,15.0,A01
201400006987,0,7,0,2.0,0.0,1.0,1.0,A01
201400006988,0,7,0,0.0,2.0,1.0,13.0,A01
201400006988,0,7,0,0.0,2.0,1.0,1.0,B02
201400006989,0,7,0,0.0,2.0,3.0,13.0,A01
201400006989,0,7,0,0.0,2.0,3.0,2.0,B02
201400006990,0,30,0,0.0,2.0,1.0,1.0,A01
201400006990,0,37,0,0.0,2.0,6.0,1.0,B02
201400006991,0,10,0,0.0,2.0,1.0,1.0,B02
201400006991,0,10,0,0.0,2.0,1.0,1.0,A01
201400006992,0,7,0,13.0,0.0,1.0,1.0,A01
201400006993,0,10,0,2.0,0.0,9.0,1.0,A01
201400006994,0,14,0,0.0,2.0,2.0,17.0,A01
201400006994,0,21,0,0.0,2.0,2.0,15.0,B02
201400006995,0,33,0,2.0,0.0,7.0,0.0,A01
201400006996,0,7,0,16.0,0.0,9.0,13.0,A01
201400006997,0,33,0,13.0,0.0,1.0,1.0,A01
201400006998,0,7,0,8.0,0.0,3.0,16.0,A01
201400006999,0,7,0,2.0,0.0,3.0,1.0,A01
201400007000,0,7,0,2.0,0.0,2.0,1.0,A01
201400007001,0,33,0,2.0,0.0,8.0,1.0,A01
201400007002,0,7,0,0.0,2.0,3.0,1.0,B02
201400007002,0,7,0,0.0,2.0,3.0,13.0,A01
201400007003,0,7,0,0.0,1.0,1.0,1.0,A01
201400007004,0,33,0,8.0,0.0,8.0,13.0,A01
201400007005,0,33,0,0.0,0.0,0.0,13.0,B02
201400007006,0,1,0,0.0,0.0,7.0,1.0,A01
201400007007,0,13,0,0.0,9.0,1.0,1.0,B02
201400007007,0,1,0,0.0,2.0,2.0,16.0,A01
201400007008,0,31,0,16.0,1.0,2.0,1.0,A01
201400007009,0,33,0,13.0,0.0,1.0,1.0,A01
201400007010,0,7,0,2.0,0.0,1.0,1.0,A01
201400007011,0,36,0,2.0,0.0,1.0,21.0,A01
201400007012,0,31,0,8.0,0.0,1.0,14.0,A01
201400007013,0,7,0,2.0,0.0,8.0,14.0,A01
201400007014,0,7,0,6.0,0.0,4.0,21.0,A01
201400007015,0,7,0,0.0,1.0,2.0,1.0,A01
201400007016,0,7,0,0.0,2.0,1.0,1.0,C03
201400007016,0,7,0,0.0,2.0,3.0,1.0,B02
201400007016,0,7,0,0.0,2.0,3.0,13.0,A01
201400007017,0,7,0,2.0,0.0,1.0,1.0,A01
201400007018,0,33,0,0.0,2.0,7.0,1.0,A01
201400007018,0,7,0,0.0,2.0,2.0,19.0,B02
201400007019,0,31,0,3.0,0.0,2.0,1.0,A01
201400007020,0,31,0,3.0,0.0,1.0,14.0,A01
201400007021,0,10,0,0.0,2.0,3.0,1.0,A01
201400007021,0,7,0,0.0,2.0,1.0,1.0,B02
201400007022,0,31,0,1.0,0.0,1.0,1.0,A01
201400007023,0,7,0,6.0,0.0,1.0,14.0,A01
201400007024,0,7,0,0.0,2.0,1.0,1.0,B02
201400007024,0,7,0,0.0,2.0,1.0,13.0,A01
201400007025,0,7,0,0.0,0.0,1.0,16.0,A01
201400007025,0,7,0,14.0,2.0,7.0,1.0,B02
201400007026,0,7,0,0.0,2.0,1.0,2.0,A01
201400007026,0,7,0,0.0,0.0,4.0,2.0,B02
201400007027,0,7,0,2.0,0.0,7.0,1.0,A01
201400007028,0,2,0,0.0,2.0,1.0,9.0,A01
201400007028,0,7,0,0.0,2.0,8.0,12.0,B02
201400007029,0,7,0,0.0,2.0,2.0,17.0,A01
201400007029,0,7,0,0.0,2.0,8.0,1.0,B02
201400007029,0,20,0,0.0,2.0,6.0,2.0,C03
201400007030,0,7,0,8.0,0.0,3.0,1.0,A01
201400007031,0,21,0,0.0,2.0,6.0,15.0,B02
201400007031,0,7,0,0.0,2.0,3.0,21.0,A01
201400007032,0,7,0,8.0,0.0,1.0,1.0,A01
201400007033,0,2,0,0.0,2.0,1.0,13.0,A01
201400007033,0,21,0,0.0,2.0,3.0,1.0,B02
201400007034,0,7,0,2.0,0.0,3.0,1.0,A01
201400007035,0,7,0,0.0,2.0,3.0,13.0,A01
201400007035,0,10,0,0.0,2.0,3.0,1.0,B02
201400007036,0,17,0,1.0,0.0,1.0,2.0,A01
201400007036,0,17,0,1.0,0.0,1.0,0.0,C03
201400007036,0,17,0,0.0,0.0,0.0,23.0,E05
201400007037,0,7,0,0.0,0.0,7.0,13.0,A01
201400007037,0,7,0,0.0,0.0,1.0,1.0,B02
201400007038,0,7,0,2.0,0.0,1.0,0.0,A01
201400007039,0,7,0,0.0,0.0,1.0,1.0,A01
201400007039,0,7,0,0.0,0.0,1.0,0.0,B02
201400007040,0,7,0,0.0,0.0,6.0,11.0,A01
201400007040,0,7,0,0.0,0.0,2.0,1.0,B02
201400007041,0,7,0,0.0,2.0,1.0,13.0,A01
201400007041,0,7,0,0.0,2.0,1.0,1.0,B02
201400007042,0,2,0,15.0,0.0,1.0,1.0,A01
201400007043,0,7,0,0.0,2.0,1.0,13.0,A01
201400007043,0,7,0,0.0,2.0,1.0,1.0,B02
201400007043,0,7,0,0.0,2.0,2.0,1.0,C03
201400007044,0,7,0,0.0,2.0,2.0,13.0,A01
201400007044,0,10,0,0.0,2.0,3.0,1.0,B02
201400007045,0,7,0,0.0,2.0,2.0,17.0,A01
201400007045,0,2,0,0.0,2.0,8.0,15.0,B02
201400007046,0,2,0,0.0,0.0,1.0,0.0,A01
201400007046,0,7,0,0.0,0.0,3.0,0.0,B02
201400007047,0,7,0,0.0,2.0,1.0,13.0,A01
201400007047,0,7,0,0.0,2.0,2.0,1.0,B02
201400007048,0,31,0,0.0,0.0,1.0,1.0,A01
201400007049,0,7,0,0.0,1.0,1.0,1.0,A01
201400007050,0,10,0,0.0,2.0,2.0,15.0,A01
201400007050,0,1,0,0.0,2.0,1.0,1.0,B02
201400007051,0,7,0,8.0,0.0,8.0,1.0,A01
201400007052,0,33,0,2.0,0.0,1.0,17.0,A01
201400007053,0,31,0,0.0,5.0,1.0,1.0,A01
201400007054,0,30,0,0.0,6.0,1.0,1.0,A01
201400007055,0,7,0,0.0,1.0,3.0,15.0,A01
201400007056,0,7,0,0.0,1.0,2.0,1.0,A01
201400007057,0,14,0,0.0,0.0,0.0,0.0,A01
201400007057,0,7,0,14.0,0.0,0.0,5.0,B02
201400007058,0,33,0,0.0,2.0,1.0,1.0,A01
201400007058,0,33,0,0.0,2.0,1.0,1.0,B02
201400007058,0,7,0,0.0,2.0,1.0,1.0,C03
201400007059,0,7,0,0.0,1.0,1.0,15.0,A01
201400007060,0,7,0,0.0,0.0,2.0,15.0,A01
201400007060,0,2,0,0.0,0.0,8.0,1.0,B02
201400007061,0,7,0,0.0,1.0,1.0,1.0,A01
201400007062,0,35,0,13.0,0.0,3.0,1.0,A01
201400007063,0,33,0,0.0,2.0,1.0,13.0,A01
201400007063,0,7,0,0.0,2.0,2.0,1.0,B02
201400007064,0,13,0,0.0,0.0,0.0,14.0,A01
201400007065,0,7,0,0.0,2.0,1.0,1.0,A01
201400007065,0,21,0,0.0,2.0,1.0,1.0,B02
201400007066,0,7,0,0.0,2.0,1.0,0.0,A01
201400007066,0,7,0,0.0,2.0,3.0,15.0,B02
201400007067,0,7,0,0.0,1.0,3.0,1.0,A01
201400007068,0,7,0,0.0,0.0,2.0,2.0,A01
201400007069,0,1,0,0.0,2.0,1.0,15.0,A01
201400007069,0,7,0,0.0,2.0,2.0,1.0,B02
201400007070,0,31,0,0.0,2.0,1.0,1.0,A01
201400007071,0,7,0,0.0,2.0,1.0,15.0,A01
201400007071,0,33,0,0.0,2.0,1.0,1.0,B02
201400007072,0,33,0,0.0,2.0,1.0,13.0,A01
201400007072,0,7,0,0.0,2.0,6.0,15.0,B02
201400007073,0,33,0,0.0,0.0,7.0,1.0,A01
201400007074,0,7,0,2.0,0.0,7.0,21.0,A01
201400007075,0,7,0,0.0,2.0,1.0,15.0,A01
201400007075,0,2,0,0.0,2.0,1.0,1.0,B02
201400007076,0,7,0,0.0,9.0,1.0,2.0,A01
201400007076,0,1,0,0.0,0.0,4.0,2.0,B02
201400007077,0,7,0,0.0,0.0,7.0,15.0,A01
201400007077,0,31,0,0.0,2.0,1.0,1.0,B02
201400007078,0,7,0,0.0,0.0,4.0,15.0,A01
201400007078,0,2,0,0.0,2.0,8.0,1.0,B02
201400007078,0,2,0,0.0,2.0,4.0,1.0,C03
201400007078,0,2,0,0.0,2.0,1.0,1.0,D04
201400007079,0,7,0,16.0,0.0,3.0,1.0,A01
201400007080,0,7,0,0.0,1.0,2.0,1.0,A01
201400007081,0,33,0,0.0,0.0,8.0,17.0,A01
201400007081,0,7,0,0.0,0.0,4.0,15.0,B02
201400007082,0,30,0,15.0,0.0,2.0,5.0,A01
201400007083,0,7,0,1.0,0.0,2.0,1.0,A01
201400007084,0,30,0,0.0,2.0,1.0,1.0,A01
201400007084,0,1,0,0.0,2.0,4.0,1.0,B02
201400007085,0,30,0,0.0,2.0,1.0,5.0,A01
201400007085,0,7,0,0.0,2.0,2.0,1.0,B02
201400007086,0,7,0,0.0,2.0,1.0,13.0,A01
201400007086,0,7,0,0.0,2.0,1.0,1.0,B02
201400007087,0,7,0,0.0,0.0,2.0,14.0,A01
201400007088,0,10,0,0.0,1.0,3.0,1.0,A01
201400007089,0,7,0,0.0,1.0,3.0,1.0,A01
201400007090,0,30,0,0.0,2.0,1.0,1.0,A01
201400007090,0,7,0,0.0,0.0,7.0,15.0,B02
201400007091,0,7,0,0.0,1.0,7.0,1.0,A01
201400007092,0,7,0,0.0,0.0,2.0,1.0,A01
201400007093,0,7,0,0.0,2.0,2.0,1.0,A01
201400007093,0,30,0,0.0,2.0,1.0,19.0,B02
201400007094,0,33,0,0.0,0.0,7.0,15.0,A01
201400007095,0,33,0,0.0,2.0,3.0,13.0,A01
201400007095,0,10,0,0.0,2.0,3.0,1.0,B02
201400007096,0,7,0,0.0,1.0,2.0,15.0,A01
201400007097,0,30,0,0.0,2.0,1.0,1.0,A01
201400007097,0,7,0,0.0,2.0,3.0,1.0,B02
201400007098,0,7,0,2.0,0.0,8.0,1.0,A01
201400007099,0,7,0,2.0,0.0,3.0,13.0,A01
201400007100,0,7,0,0.0,2.0,2.0,21.0,A01
201400007100,0,36,0,0.0,2.0,3.0,24.0,B02
201400007101,0,10,0,0.0,0.0,2.0,1.0,A01
201400007102,0,7,0,0.0,2.0,7.0,0.0,A01
201400007102,0,7,0,0.0,2.0,3.0,0.0,B02
201400007103,0,7,0,0.0,2.0,1.0,13.0,A01
201400007103,0,21,0,0.0,2.0,1.0,15.0,B02
201400007104,0,10,0,8.0,0.0,2.0,14.0,A01
201400007105,0,7,0,13.0,0.0,8.0,1.0,A01
201400007106,0,30,0,0.0,2.0,3.0,1.0,A01
201400007107,0,17,0,0.0,0.0,4.0,24.0,A01
201400007107,0,17,0,1.0,0.0,1.0,0.0,B02
201400007108,0,7,0,2.0,0.0,1.0,1.0,A01
201400007109,0,7,0,0.0,2.0,7.0,17.0,A01
201400007109,0,7,0,0.0,2.0,3.0,15.0,B02
201400007110,0,15,0,0.0,2.0,8.0,1.0,A01
201400007110,0,15,0,0.0,2.0,3.0,1.0,B02
201400007111,0,10,0,0.0,1.0,3.0,15.0,A01
201400007112,0,7,0,0.0,2.0,1.0,16.0,A01
201400007112,0,7,0,0.0,2.0,1.0,1.0,B02
201400007113,0,7,0,0.0,2.0,8.0,15.0,B02
201400007113,0,33,0,0.0,2.0,1.0,13.0,A01
201400007114,0,7,0,0.0,2.0,1.0,13.0,A01
201400007114,0,7,0,0.0,2.0,3.0,1.0,B02
201400007115,0,10,0,0.0,1.0,1.0,0.0,A01
201400007116,0,30,0,0.0,2.0,2.0,16.0,A01
201400007116,0,7,0,0.0,2.0,3.0,1.0,B02
201400007117,0,2,0,0.0,2.0,1.0,17.0,A01
201400007117,0,7,0,0.0,2.0,6.0,15.0,B02
201400007118,0,7,0,10.0,0.0,1.0,1.0,A01
201400007119,0,7,0,0.0,2.0,8.0,19.0,A01
201400007119,0,7,0,0.0,2.0,1.0,1.0,B02
201400007120,0,7,0,3.0,1.0,7.0,1.0,A01
201400007121,0,7,0,0.0,1.0,1.0,1.0,A01
201400007122,0,7,0,3.0,2.0,7.0,13.0,A01
201400007122,0,7,0,0.0,2.0,1.0,1.0,B02
201400007123,0,7,0,13.0,0.0,1.0,1.0,A01
201400007124,0,7,0,0.0,2.0,3.0,9.0,A01
201400007124,0,15,0,0.0,2.0,1.0,1.0,B02
201400007125,0,7,0,0.0,2.0,1.0,1.0,A01
201400007125,0,7,0,0.0,2.0,4.0,1.0,B02
201400007125,0,7,0,0.0,2.0,1.0,1.0,C03
201400007126,0,7,0,2.0,0.0,3.0,1.0,A01
201400007127,0,7,0,13.0,0.0,1.0,1.0,A01
201400007128,0,17,0,0.0,2.0,1.0,1.0,A01
201400007128,0,15,0,0.0,2.0,3.0,1.0,B02
201400007129,0,33,0,13.0,0.0,1.0,1.0,A01
201400007130,0,7,0,13.0,0.0,3.0,1.0,A01
201400007131,0,10,0,0.0,0.0,8.0,19.0,A01
201400007131,0,10,0,0.0,2.0,1.0,1.0,B02
201400007132,0,7,0,2.0,5.0,1.0,1.0,A01
201400007133,0,33,0,6.0,0.0,1.0,1.0,A01
201400007134,0,7,0,0.0,2.0,3.0,17.0,A01
201400007134,0,17,0,0.0,2.0,6.0,1.0,B02
201400007134,0,7,0,0.0,2.0,3.0,1.0,C03
201400007135,0,7,0,1.0,0.0,1.0,1.0,A01
201400007135,0,38,1,0.0,2.0,4.0,23.0,B02
201400007136,0,7,0,0.0,2.0,2.0,1.0,A01
201400007136,0,21,0,0.0,2.0,1.0,16.0,B02
201400007137,0,7,0,10.0,0.0,9.0,1.0,A01
201400007138,0,7,0,0.0,2.0,1.0,13.0,A01
201400007138,0,7,0,0.0,2.0,3.0,1.0,B02
201400007139,0,33,0,0.0,2.0,1.0,1.0,A01
201400007139,0,7,0,0.0,2.0,3.0,1.0,B02