Num_Acc,senc,catv,occutc,obs,obsm,choc,manv,num_veh
201400007140,0,7,0,0.0,0.0,3.0,15.0,A01
201400007140,0,31,0,0.0,0.0,3.0,1.0,B02
201400007141,0,21,0,0.0,2.0,6.0,19.0,A01
201400007141,0,33,0,0.0,2.0,1.0,1.0,B02
201400007142,0,10,0,0.0,0.0,4.0,2.0,A01
201400007142,0,10,0,0.0,2.0,1.0,2.0,C03
201400007143,0,7,0,0.0,2.0,9.0,24.0,A01
201400007143,0,16,0,1.0,0.0,1.0,1.0,B02
201400007144,0,10,0,4.0,0.0,3.0,1.0,A01
201400007144,0,7,0,0.0,1.0,1.0,1.0,B02
201400007145,0,7,0,7.0,0.0,1.0,0.0,A01
201400007146,0,7,0,0.0,2.0,1.0,0.0,A01
201400007146,0,15,0,0.0,0.0,6.0,0.0,B02
201400007147,0,7,0,0.0,2.0,1.0,0.0,A01
201400007147,0,7,0,0.0,0.0,4.0,0.0,B02
201400007148,0,7,0,0.0,2.0,1.0,14.0,A01
201400007148,0,17,0,0.0,0.0,0.0,1.0,B02
201400007149,0,10,0,0.0,2.0,6.0,2.0,A01
201400007149,0,17,0,0.0,0.0,0.0,2.0,B02
201400007150,0,7,0,4.0,0.0,1.0,0.0,A01
201400007151,0,7,0,11.0,0.0,1.0,1.0,A01
201400007152,0,7,0,0.0,2.0,1.0,2.0,A01
201400007152,0,14,0,0.0,0.0,5.0,2.0,B02
201400007153,0,7,0,13.0,0.0,9.0,1.0,A01
201400007154,0,7,0,13.0,0.0,9.0,1.0,A01
201400007155,0,15,0,0.0,2.0,1.0,2.0,A01
201400007155,2,7,0,0.0,9.0,4.0,2.0,B02
201400007156,0,17,0,8.0,0.0,4.0,11.0,A01
201400007156,0,17,0,0.0,2.0,1.0,2.0,B02
201400007156,0,7,0,0.0,2.0,1.0,2.0,C03
201400007157,0,7,0,0.0,2.0,3.0,1.0,B01
201400007157,0,7,0,0.0,2.0,2.0,15.0,A02
201400007158,0,7,0,13.0,0.0,3.0,1.0,A01
201400007159,0,7,0,0.0,0.0,1.0,1.0,A01
201400007159,0,7,0,0.0,0.0,8.0,15.0,B02
201400007160,0,7,0,6.0,0.0,1.0,1.0,A01
201400007161,0,7,0,0.0,2.0,5.0,13.0,A01
201400007161,0,7,0,0.0,2.0,1.0,1.0,B02
201400007162,0,33,0,3.0,0.0,2.0,15.0,A01
201400007163,0,7,0,8.0,0.0,1.0,1.0,A01
201400007164,0,7,0,0.0,2.0,3.0,13.0,A01
201400007164,0,30,0,0.0,2.0,1.0,1.0,B02
201400007165,0,10,0,0.0,6.0,1.0,1.0,A01
201400007166,0,17,0,2.0,0.0,7.0,1.0,A01
201400007167,0,7,0,16.0,0.0,9.0,1.0,A01
201400007168,0,7,0,2.0,0.0,9.0,1.0,A01
201400007169,0,7,0,2.0,0.0,1.0,14.0,A01
201400007170,0,7,0,8.0,0.0,3.0,0.0,A01
201400007171,0,7,0,0.0,2.0,1.0,1.0,A01
201400007171,0,7,0,0.0,2.0,4.0,0.0,B02
201400007172,0,7,0,13.0,0.0,3.0,1.0,A01
201400007173,0,7,0,0.0,1.0,2.0,1.0,A01
201400007174,0,7,0,0.0,2.0,3.0,13.0,A01
201400007174,0,7,0,0.0,2.0,3.0,1.0,B02
201400007175,0,7,0,0.0,0.0,0.0,1.0,A01
201400007176,0,7,0,0.0,2.0,3.0,15.0,B02
201400007176,0,7,0,0.0,2.0,1.0,1.0,A01
201400007177,0,15,0,0.0,2.0,8.0,13.0,A01
201400007177,0,7,0,0.0,2.0,8.0,0.0,B02
201400007178,0,7,0,0.0,2.0,2.0,14.0,A01
201400007178,0,1,0,0.0,2.0,6.0,2.0,B02
201400007179,0,7,0,0.0,0.0,8.0,15.0,A01
201400007179,0,33,0,0.0,2.0,3.0,1.0,B02
201400007180,0,7,0,0.0,0.0,3.0,1.0,A01
201400007180,0,31,0,0.0,2.0,1.0,1.0,B02
201400007181,0,7,0,8.0,0.0,2.0,15.0,A01
201400007182,0,7,0,0.0,2.0,7.0,19.0,B02
201400007182,0,7,0,0.0,2.0,1.0,1.0,A01
201400007183,0,7,0,0.0,2.0,7.0,1.0,A01
201400007183,0,7,0,0.0,2.0,1.0,1.0,B02
201400007184,0,17,0,0.0,2.0,6.0,15.0,A01
201400007184,0,33,0,0.0,2.0,1.0,1.0,B02
201400007185,0,7,0,0.0,2.0,6.0,1.0,B02
201400007185,0,30,0,0.0,2.0,1.0,1.0,A01
201400007186,0,7,0,0.0,2.0,7.0,15.0,A01
201400007186,0,7,0,0.0,2.0,7.0,1.0,B02
201400007187,0,7,0,8.0,0.0,1.0,14.0,A01
201400007188,0,7,0,0.0,2.0,1.0,1.0,B02
201400007188,0,7,0,0.0,2.0,8.0,9.0,A01
201400007189,0,7,0,0.0,2.0,8.0,1.0,B02
201400007189,0,7,0,0.0,2.0,3.0,9.0,A01
201400007190,0,7,0,0.0,9.0,1.0,2.0,A01
201400007190,0,1,0,0.0,0.0,4.0,2.0,B02
201400007190,0,1,0,0.0,0.0,4.0,2.0,C03
201400007191,0,7,0,0.0,1.0,1.0,1.0,A01
201400007192,0,7,0,0.0,2.0,2.0,2.0,A01
201400007192,0,30,0,0.0,2.0,4.0,2.0,B02
201400007193,0,7,0,2.0,0.0,3.0,1.0,A01
201400007194,0,33,0,0.0,2.0,1.0,0.0,B02
201400007194,0,7,0,0.0,2.0,3.0,19.0,A01
201400007195,0,7,0,0.0,2.0,1.0,1.0,A01
201400007195,0,21,0,0.0,2.0,1.0,1.0,B02
201400007196,0,33,0,2.0,0.0,2.0,1.0,A01
201400007197,0,33,0,0.0,0.0,8.0,1.0,A01
201400007198,0,7,0,0.0,0.0,1.0,1.0,A01
201400007199,0,7,0,13.0,0.0,1.0,1.0,A01
201400007200,0,10,0,2.0,0.0,3.0,13.0,A01
201400007201,0,7,0,0.0,2.0,3.0,13.0,A01
201400007201,0,7,0,0.0,2.0,3.0,1.0,B02
201400007202,0,7,0,0.0,0.0,2.0,2.0,A01
201400007202,0,1,0,0.0,0.0,4.0,2.0,B02
201400007203,0,7,0,0.0,2.0,2.0,2.0,A01
201400007203,0,99,0,0.0,0.0,4.0,1.0,B02
201400007204,0,7,0,0.0,2.0,0.0,0.0,A01
201400007204,0,7,0,0.0,2.0,1.0,1.0,B02
201400007205,0,7,0,0.0,2.0,6.0,15.0,A01
201400007205,0,7,0,0.0,2.0,3.0,1.0,B02
201400007206,0,7,0,16.0,0.0,1.0,1.0,A01
201400007207,0,14,0,0.0,0.0,7.0,14.0,A01
201400007207,0,1,0,0.0,0.0,8.0,2.0,B02
201400007208,0,33,0,0.0,0.0,7.0,2.0,A01
201400007209,0,7,0,6.0,0.0,1.0,13.0,A01
201400007210,0,7,0,0.0,2.0,1.0,1.0,B02
201400007211,0,7,0,2.0,0.0,3.0,1.0,A01
201400007212,0,7,0,0.0,2.0,2.0,15.0,A01
201400007212,0,7,0,6.0,2.0,2.0,21.0,B02
201400007213,0,7,0,0.0,0.0,3.0,19.0,B02
201400007213,0,7,0,13.0,0.0,8.0,1.0,A01
201400007214,0,7,0,0.0,0.0,2.0,1.0,A01
201400007215,0,7,0,0.0,0.0,7.0,19.0,A01
201400007215,0,7,0,0.0,0.0,1.0,1.0,B02
201400007216,0,7,0,0.0,2.0,3.0,1.0,A01
201400007216,0,7,0,0.0,2.0,8.0,1.0,B02
201400007216,0,7,0,0.0,2.0,1.0,1.0,C03
201400007217,0,7,0,0.0,2.0,2.0,1.0,A01
201400007217,0,7,0,0.0,2.0,3.0,19.0,B02
201400007218,0,7,0,6.0,0.0,1.0,1.0,A01
201400007219,0,21,0,0.0,2.0,6.0,1.0,A01
201400007219,0,38,23,0.0,2.0,8.0,1.0,B02
201400007220,0,7,0,0.0,0.0,0.0,19.0,A01
201400007220,0,2,0,0.0,0.0,0.0,1.0,B02
201400007221,0,7,0,0.0,2.0,3.0,9.0,A01
201400007221,0,1,0,0.0,2.0,8.0,19.0,B02
201400007222,0,7,0,16.0,0.0,9.0,1.0,A01
201400007223,0,7,0,0.0,2.0,5.0,11.0,A01
201400007223,0,33,0,0.0,2.0,1.0,1.0,B02
201400007224,0,7,0,0.0,1.0,3.0,1.0,A01
201400007225,0,7,0,0.0,2.0,7.0,5.0,A01
201400007225,0,10,0,0.0,2.0,3.0,1.0,B02
201400007226,0,7,0,0.0,2.0,1.0,1.0,A01
201400007226,0,7,0,0.0,2.0,6.0,1.0,B02
201400007227,0,13,0,0.0,2.0,8.0,15.0,A01
201400007227,0,34,0,0.0,2.0,2.0,17.0,B02
201400007228,0,7,0,0.0,9.0,1.0,21.0,A01
201400007228,0,1,0,0.0,2.0,8.0,1.0,B02
201400007229,0,7,0,0.0,9.0,2.0,2.0,A01
201400007229,0,1,0,0.0,0.0,4.0,2.0,B02
201400007230,0,7,0,0.0,2.0,3.0,1.0,A01
201400007230,0,10,0,0.0,2.0,1.0,1.0,B02
201400007231,0,33,0,0.0,2.0,7.0,1.0,A01
201400007231,0,7,0,0.0,2.0,8.0,15.0,B02
201400007232,0,7,0,0.0,2.0,1.0,1.0,A01
201400007232,0,3,0,0.0,2.0,7.0,15.0,B02
201400007233,0,7,0,0.0,2.0,1.0,1.0,B02
201400007233,0,7,0,0.0,2.0,8.0,1.0,A01
201400007234,0,7,0,0.0,2.0,3.0,1.0,A01
201400007234,0,1,0,0.0,2.0,4.0,1.0,B02
201400007235,0,7,0,0.0,2.0,5.0,15.0,A01
201400007235,0,33,0,0.0,2.0,1.0,1.0,B02
201400007236,0,10,0,0.0,2.0,8.0,1.0,B02
201400007236,0,7,0,0.0,2.0,1.0,1.0,A01
201400007237,0,33,0,0.0,2.0,1.0,1.0,A01
201400007237,0,7,0,0.0,2.0,6.0,2.0,B02
201400007238,0,7,0,13.0,0.0,1.0,0.0,A01
201400007239,0,30,0,0.0,0.0,0.0,2.0,A01
201400007240,0,7,0,0.0,2.0,1.0,1.0,A01
201400007240,0,7,0,0.0,0.0,7.0,16.0,B02
201400007241,0,7,0,0.0,2.0,2.0,19.0,A01
201400007241,0,7,0,0.0,2.0,1.0,1.0,B02
201400007242,0,10,0,13.0,0.0,6.0,1.0,A01
201400007243,0,7,0,2.0,0.0,3.0,0.0,A01
201400007244,0,7,0,0.0,0.0,1.0,1.0,A01
201400007244,0,7,0,0.0,0.0,1.0,0.0,B02
201400007245,0,38,1,0.0,1.0,3.0,23.0,A01
201400007246,0,7,0,0.0,2.0,3.0,1.0,A01
201400007246,0,30,0,0.0,2.0,3.0,5.0,B02
201400007247,0,36,0,8.0,0.0,1.0,1.0,A01
201400007248,0,7,0,0.0,1.0,1.0,2.0,A01
201400007249,0,14,0,12.0,0.0,7.0,15.0,A01
201400007250,0,15,0,0.0,0.0,0.0,0.0,A01
201400007251,0,31,0,6.0,0.0,7.0,1.0,A01
201400007252,0,30,0,0.0,2.0,1.0,13.0,A01
201400007252,0,7,0,0.0,2.0,6.0,1.0,B02
201400007253,0,7,0,0.0,1.0,1.0,16.0,A01
201400007254,0,33,0,15.0,0.0,1.0,1.0,A01
201400007255,0,7,0,2.0,6.0,2.0,1.0,A01
201400007256,0,33,0,0.0,0.0,0.0,2.0,A01
201400007257,0,7,0,0.0,2.0,5.0,13.0,A01
201400007257,0,15,0,0.0,2.0,3.0,1.0,B02
201400007258,0,7,0,0.0,1.0,2.0,2.0,A01
201400007259,0,7,0,4.0,2.0,9.0,19.0,A01
201400007259,0,7,0,0.0,2.0,1.0,1.0,B02
201400007259,0,7,0,0.0,2.0,1.0,1.0,C03
201400007260,0,7,0,13.0,0.0,1.0,13.0,A01
201400007261,0,31,0,13.0,0.0,7.0,0.0,A01
201400007262,0,31,0,0.0,0.0,1.0,1.0,A01
201400007263,0,7,0,0.0,2.0,1.0,5.0,A01
201400007263,0,7,0,0.0,2.0,1.0,1.0,B02
201400007264,0,10,0,0.0,2.0,6.0,6.0,A01
201400007264,0,33,0,0.0,2.0,1.0,1.0,B02
201400007265,0,7,0,0.0,2.0,3.0,1.0,B02
201400007265,0,7,0,0.0,2.0,3.0,13.0,A01
201400007266,0,33,0,0.0,2.0,1.0,1.0,B02
201400007266,0,7,0,0.0,2.0,8.0,15.0,A01
201400007267,0,33,0,0.0,2.0,3.0,17.0,A01
201400007267,0,7,0,0.0,2.0,3.0,1.0,B02
201400007267,0,7,0,0.0,2.0,3.0,1.0,C03
201400007268,0,10,0,0.0,2.0,3.0,15.0,A01
201400007268,0,7,0,0.0,2.0,3.0,1.0,B02
201400007269,0,7,0,0.0,2.0,1.0,13.0,A01
201400007269,0,7,0,0.0,2.0,3.0,1.0,B02
201400007270,0,7,0,13.0,0.0,1.0,13.0,A01
201400007271,0,7,0,0.0,2.0,2.0,9.0,A01
201400007271,0,33,0,0.0,2.0,7.0,1.0,B02
201400007272,0,33,0,2.0,0.0,1.0,13.0,A01
201400007273,0,7,0,13.0,0.0,0.0,1.0,A01
201400007274,0,10,0,0.0,2.0,3.0,16.0,B02
201400007274,0,1,0,0.0,2.0,7.0,1.0,A01
201400007275,0,7,0,0.0,9.0,2.0,2.0,A01
201400007275,0,1,0,0.0,0.0,4.0,2.0,B02
201400007276,0,7,0,2.0,0.0,9.0,0.0,A01
201400007277,0,33,0,13.0,0.0,7.0,1.0,A01
201400007278,0,2,0,0.0,2.0,7.0,15.0,A01
201400007278,0,33,0,0.0,2.0,1.0,1.0,B02
201400007279,0,7,0,0.0,2.0,1.0,1.0,A01
201400007279,0,7,0,0.0,2.0,2.0,15.0,B02
201400007280,0,7,0,0.0,2.0,2.0,15.0,A01
201400007280,0,1,0,0.0,2.0,1.0,19.0,B02
201400007281,0,33,0,0.0,2.0,2.0,17.0,A01
201400007281,0,10,0,0.0,2.0,8.0,21.0,B02
201400007281,0,15,0,0.0,2.0,6.0,13.0,C03
201400007282,0,14,0,0.0,2.0,1.0,1.0,A01
201400007282,0,33,0,0.0,2.0,1.0,1.0,B02
201400007283,0,7,0,16.0,0.0,1.0,1.0,A01
201400007284,0,7,0,7.0,0.0,1.0,1.0,A01
201400007285,0,3,0,0.0,0.0,8.0,11.0,A01
201400007286,0,30,0,0.0,2.0,1.0,1.0,A01
201400007286,0,7,0,0.0,2.0,1.0,5.0,B02
201400007287,0,30,0,0.0,2.0,1.0,5.0,A01
201400007287,0,7,0,0.0,2.0,1.0,1.0,B02
201400007288,0,7,0,0.0,1.0,5.0,1.0,A01
201400007289,0,7,0,0.0,2.0,0.0,1.0,A01
201400007289,0,30,0,0.0,2.0,0.0,1.0,B02
201400007290,0,7,0,0.0,2.0,3.0,23.0,C03
201400007290,0,2,0,0.0,2.0,8.0,1.0,B02
201400007290,0,7,0,0.0,2.0,1.0,15.0,A01
201400007291,0,7,0,0.0,9.0,3.0,19.0,A01
201400007291,0,1,0,0.0,0.0,7.0,1.0,B02
201400007292,0,7,0,0.0,2.0,3.0,17.0,A01
201400007292,0,7,0,0.0,2.0,3.0,1.0,B02
201400007293,0,7,0,0.0,1.0,2.0,2.0,A01
201400007294,0,2,0,0.0,2.0,8.0,15.0,B02
201400007294,0,7,0,0.0,2.0,2.0,17.0,A01
201400007295,0,7,0,0.0,1.0,1.0,1.0,A01
201400007296,0,7,0,13.0,0.0,3.0,0.0,A01
201400007297,0,7,0,0.0,2.0,2.0,13.0,A01
201400007297,0,10,0,0.0,2.0,2.0,1.0,B02
201400007298,0,7,0,0.0,0.0,3.0,9.0,A01
201400007298,0,31,0,0.0,0.0,1.0,1.0,B02
201400007299,0,30,0,0.0,2.0,1.0,2.0,A01
201400007299,0,13,0,0.0,0.0,6.0,2.0,B02
201400007300,0,7,0,0.0,1.0,3.0,20.0,A01
201400007301,0,33,0,13.0,0.0,8.0,13.0,A01
201400007302,1,7,0,15.0,1.0,2.0,14.0,A01
201400007303,0,7,0,0.0,0.0,4.0,1.0,A01
201400007303,0,7,0,0.0,0.0,1.0,1.0,B02
201400007304,0,7,0,0.0,2.0,3.0,15.0,A01
201400007304,0,33,0,0.0,2.0,1.0,1.0,B02
201400007305,0,10,0,0.0,0.0,3.0,13.0,A01
201400007305,0,33,0,0.0,2.0,1.0,1.0,B02
201400007306,0,2,0,0.0,2.0,1.0,1.0,A01
201400007306,0,7,0,0.0,2.0,3.0,15.0,B02
201400007307,0,10,0,2.0,0.0,2.0,14.0,A01
201400007308,0,33,0,0.0,2.0,1.0,13.0,A01
201400007308,0,7,0,0.0,2.0,1.0,1.0,B02
201400007309,0,17,0,3.0,0.0,8.0,1.0,A01
201400007310,0,7,0,0.0,2.0,7.0,15.0,A01
201400007310,0,1,0,0.0,2.0,1.0,1.0,B02
201400007311,0,7,0,13.0,0.0,2.0,1.0,A01
201400007312,0,33,0,13.0,0.0,2.0,1.0,A01
201400007313,0,7,0,0.0,2.0,7.0,13.0,A01
201400007313,0,7,0,0.0,2.0,1.0,1.0,B02
201400007314,0,10,0,0.0,2.0,3.0,13.0,A01
201400007314,0,10,0,0.0,2.0,3.0,1.0,B02
201400007315,0,36,0,0.0,0.0,9.0,1.0,A01
201400007316,0,33,0,0.0,0.0,3.0,0.0,B02
201400007316,0,99,0,0.0,0.0,3.0,15.0,A01
201400007317,0,7,0,13.0,0.0,3.0,13.0,A01
201400007318,0,7,0,2.0,0.0,1.0,1.0,A01
201400007319,0,7,0,0.0,2.0,3.0,15.0,A01
201400007319,0,1,0,0.0,2.0,8.0,1.0,B02
201400007320,0,7,0,2.0,0.0,9.0,21.0,A01
201400007321,0,7,0,0.0,2.0,2.0,19.0,B02
201400007321,0,7,0,9.0,2.0,7.0,1.0,A01
201400007322,0,21,0,3.0,0.0,9.0,15.0,A01
201400007323,0,7,0,0.0,1.0,2.0,1.0,A01
201400007324,0,14,0,0.0,2.0,4.0,4.0,A01
201400007324,0,30,0,0.0,2.0,1.0,23.0,B02
201400007325,0,7,0,0.0,2.0,3.0,1.0,B02
201400007325,0,7,0,0.0,2.0,3.0,1.0,A01
201400007326,0,10,0,0.0,1.0,2.0,1.0,A01
201400007327,0,7,0,2.0,0.0,1.0,1.0,A01
201400007328,0,7,0,0.0,2.0,7.0,1.0,A01
201400007328,0,1,0,0.0,2.0,8.0,1.0,B02
201400007329,0,10,0,0.0,2.0,3.0,16.0,A01
201400007329,0,1,0,0.0,2.0,7.0,19.0,B02
201400007330,0,7,0,13.0,0.0,7.0,0.0,A01
201400007331,0,7,0,0.0,2.0,2.0,13.0,A01
201400007331,0,7,0,0.0,2.0,3.0,15.0,B02
201400007332,0,7,0,0.0,2.0,2.0,17.0,A01
201400007332,0,15,0,0.0,2.0,6.0,0.0,B02
201400007332,0,7,0,0.0,2.0,1.0,0.0,C03
201400007333,2,7,0,0.0,2.0,3.0,19.0,B02
201400007333,0,7,0,0.0,2.0,1.0,1.0,A01
201400007334,0,7,0,0.0,1.0,1.0,13.0,A01
201400007335,0,17,0,3.0,0.0,3.0,16.0,B02
201400007336,0,33,0,2.0,0.0,1.0,14.0,A01
201400007337,0,7,0,6.0,0.0,9.0,14.0,A01
201400007338,0,7,0,13.0,0.0,3.0,13.0,A01
201400007339,0,7,0,0.0,2.0,6.0,15.0,A01
201400007339,0,33,0,0.0,2.0,1.0,1.0,B02
201400007340,0,33,0,13.0,0.0,0.0,1.0,A01
201400007341,0,7,0,0.0,2.0,2.0,15.0,A01
201400007341,0,31,0,0.0,2.0,1.0,1.0,B02
201400007342,0,31,0,0.0,2.0,1.0,1.0,A01
201400007342,0,21,0,0.0,2.0,1.0,1.0,B02
201400007343,0,33,0,0.0,2.0,1.0,17.0,A01
201400007343,0,21,0,0.0,2.0,8.0,15.0,B02
201400007344,0,7,0,0.0,2.0,1.0,1.0,A01
201400007344,0,33,0,0.0,2.0,4.0,1.0,B02
201400007345,0,7,0,0.0,2.0,1.0,1.0,A01
201400007345,0,7,0,0.0,2.0,1.0,1.0,B02
201400007346,0,7,0,0.0,9.0,1.0,1.0,A01
201400007346,0,1,0,0.0,0.0,3.0,21.0,B02
201400007347,0,7,0,0.0,0.0,4.0,1.0,A01
201400007347,0,7,0,0.0,0.0,1.0,1.0,B02
201400007348,0,7,0,8.0,0.0,9.0,14.0,A01
201400007349,0,7,0,2.0,0.0,1.0,15.0,A01
201400007350,0,7,0,13.0,0.0,7.0,1.0,A01
201400007351,0,7,0,0.0,2.0,1.0,17.0,A01
201400007351,0,7,0,0.0,2.0,1.0,1.0,B02
201400007351,0,17,0,0.0,0.0,0.0,1.0,C03
201400007352,0,7,0,8.0,0.0,9.0,1.0,A01
201400007353,0,7,0,0.0,2.0,8.0,10.0,A01
201400007353,0,33,0,0.0,2.0,1.0,17.0,B02
201400007354,0,7,0,0.0,2.0,2.0,13.0,A01
201400007354,0,7,0,0.0,2.0,2.0,1.0,B02
201400007355,0,7,0,13.0,0.0,0.0,1.0,A01
201400007356,0,33,0,0.0,0.0,8.0,1.0,A01
201400007357,0,7,0,2.0,0.0,8.0,13.0,A01
201400007358,0,7,0,0.0,0.0,5.0,1.0,A01
201400007358,0,33,0,0.0,0.0,2.0,17.0,B02
201400007359,0,7,0,0.0,2.0,2.0,13.0,A01
201400007359,0,7,0,0.0,2.0,7.0,21.0,B02
201400007360,0,7,0,0.0,2.0,3.0,1.0,A01
201400007360,0,14,0,0.0,2.0,3.0,15.0,B02
201400007361,0,7,0,0.0,2.0,1.0,1.0,A01
201400007361,0,10,0,0.0,2.0,1.0,1.0,B02
201400007362,0,7,0,0.0,2.0,1.0,1.0,A01
201400007362,0,7,0,0.0,2.0,1.0,1.0,B02
201400007363,0,7,0,7.0,0.0,3.0,13.0,A01
201400007364,0,7,0,13.0,0.0,1.0,1.0,A01
201400007365,0,7,0,0.0,2.0,1.0,13.0,A01
201400007365,0,7,0,0.0,2.0,1.0,1.0,B02
201400007366,0,10,0,0.0,2.0,6.0,2.0,A01
201400007366,0,17,0,0.0,2.0,3.0,1.0,B02
201400007366,0,7,0,13.0,2.0,1.0,13.0,C03
201400007366,0,7,0,13.0,2.0,0.0,14.0,D04
201400007367,0,31,0,0.0,0.0,0.0,1.0,B02
201400007367,0,7,0,0.0,2.0,2.0,1.0,A01
201400007367,0,30,0,0.0,2.0,1.0,1.0,C03
201400007368,0,33,0,3.0,0.0,8.0,17.0,A01
201400007369,0,33,0,13.0,0.0,1.0,1.0,A01
201400007370,0,7,0,0.0,2.0,1.0,13.0,A01
201400007370,0,7,0,0.0,2.0,6.0,1.0,B02
201400007370,0,7,0,0.0,2.0,1.0,1.0,C03
201400007371,0,33,0,13.0,0.0,9.0,17.0,A01
201400007372,0,7,0,0.0,2.0,1.0,13.0,A01
201400007372,0,7,0,0.0,2.0,1.0,1.0,B02
201400007373,0,7,0,2.0,0.0,2.0,2.0,A01
201400007374,0,33,0,0.0,2.0,1.0,1.0,B02
201400007374,0,7,0,0.0,2.0,5.0,15.0,A01
201400007375,0,7,0,0.0,2.0,1.0,1.0,B02
201400007375,0,7,0,0.0,2.0,2.0,13.0,A01
201400007376,0,7,0,13.0,0.0,3.0,13.0,A01
201400007377,0,33,0,0.0,2.0,1.0,1.0,A01
201400007377,0,7,0,0.0,0.0,5.0,15.0,B02
201400007378,0,14,0,0.0,2.0,2.0,1.0,A01
201400007378,0,7,0,0.0,2.0,3.0,15.0,B02
201400007379,0,7,0,13.0,0.0,2.0,1.0,A01
201400007380,0,33,0,13.0,0.0,1.0,16.0,A01
201400007381,0,7,0,0.0,2.0,3.0,13.0,A01
201400007381,0,14,0,0.0,2.0,2.0,1.0,B02
201400007382,0,7,0,0.0,0.0,3.0,13.0,A01
201400007382,0,7,0,0.0,0.0,3.0,1.0,B02
201400007383,0,10,0,0.0,2.0,3.0,13.0,A01
201400007383,0,10,0,0.0,2.0,3.0,1.0,B02
201400007384,0,7,0,0.0,2.0,1.0,13.0,A01
201400007384,0,7,0,0.0,2.0,8.0,1.0,B02
201400007384,0,7,0,0.0,2.0,8.0,1.0,C03
201400007384,0,10,0,0.0,2.0,1.0,1.0,D04
201400007385,0,10,0,0.0,2.0,3.0,15.0,A01
201400007385,0,33,0,0.0,2.0,1.0,1.0,B02
201400007386,0,7,0,0.0,2.0,4.0,1.0,A01
201400007386,0,7,0,0.0,2.0,0.0,1.0,B02
201400007386,0,2,0,0.0,2.0,9.0,1.0,C03
201400007387,0,7,0,0.0,2.0,1.0,5.0,A01
201400007387,0,1,0,0.0,2.0,1.0,5.0,B02
201400007388,0,33,0,0.0,0.0,7.0,1.0,A01
201400007389,0,7,0,0.0,2.0,3.0,17.0,A01
201400007389,0,10,0,0.0,2.0,3.0,1.0,B02
201400007390,0,33,0,0.0,2.0,1.0,17.0,A01
201400007390,0,10,0,0.0,2.0,8.0,1.0,B02
201400007390,0,7,0,0.0,2.0,3.0,16.0,C03
201400007391,0,7,0,0.0,1.0,2.0,1.0,A01
201400007392,0,7,0,0.0,2.0,3.0,6.0,A01
201400007392,0,2,0,0.0,2.0,1.0,6.0,B01
201400007392,0,10,0,0.0,2.0,8.0,23.0,C01
201400007393,0,1,0,0.0,2.0,3.0,15.0,B01
201400007393,0,7,0,0.0,9.0,8.0,16.0,A01
201400007394,0,31,0,13.0,0.0,1.0,15.0,A01
201400007395,0,31,0,10.0,0.0,1.0,1.0,A01
201400007396,0,2,0,7.0,0.0,1.0,15.0,A01
201400007397,0,33,0,0.0,0.0,0.0,21.0,A01
201400007398,0,7,0,0.0,1.0,0.0,0.0,A01
201400007399,0,30,0,0.0,0.0,0.0,1.0,A01
201400007400,0,7,0,0.0,1.0,1.0,1.0,A01
201400007401,0,15,0,0.0,2.0,0.0,1.0,A01
201400007401,0,7,0,0.0,2.0,1.0,1.0,B02
201400007402,0,7,0,2.0,0.0,1.0,14.0,A01
201400007403,0,33,0,0.0,0.0,0.0,1.0,A01
201400007404,0,7,0,0.0,2.0,1.0,16.0,A01
201400007404,0,1,0,0.0,2.0,9.0,15.0,B02
201400007405,0,33,0,0.0,0.0,1.0,1.0,A01
201400007406,0,7,0,0.0,2.0,3.0,1.0,A01
201400007406,0,7,0,0.0,2.0,3.0,13.0,B02
201400007407,0,7,0,0.0,1.0,1.0,1.0,A01
201400007408,0,7,0,0.0,1.0,1.0,1.0,A01
201400007409,0,30,0,0.0,0.0,1.0,0.0,A01
201400007409,0,10,0,0.0,0.0,0.0,0.0,B02
201400007410,0,7,0,0.0,2.0,1.0,1.0,B02
201400007410,0,7,0,0.0,2.0,1.0,13.0,A01
201400007411,0,7,0,15.0,0.0,2.0,1.0,A01
201400007412,0,7,0,0.0,2.0,1.0,1.0,B02
201400007412,0,7,0,0.0,2.0,7.0,1.0,A01
201400007413,0,33,0,0.0,0.0,3.0,1.0,A01
201400007414,0,7,0,0.0,2.0,1.0,5.0,A01
201400007414,0,7,0,0.0,2.0,1.0,1.0,B02
201400007415,0,33,0,0.0,2.0,1.0,1.0,A01
201400007415,0,7,0,0.0,2.0,3.0,19.0,B02
201400007416,0,1,0,16.0,0.0,2.0,1.0,A01
201400007417,0,7,0,2.0,0.0,5.0,1.0,A01
201400007418,0,7,0,0.0,2.0,2.0,15.0,A01
201400007418,0,31,0,0.0,2.0,1.0,1.0,B02
201400007419,0,7,0,16.0,0.0,9.0,1.0,A01
201400007420,0,34,0,0.0,0.0,0.0,0.0,A01
201400007421,0,7,0,0.0,2.0,3.0,1.0,B02
201400007421,0,7,0,0.0,2.0,2.0,9.0,A01
201400007421,0,7,0,0.0,2.0,1.0,1.0,C03
201400007422,0,7,0,0.0,2.0,1.0,1.0,C03
201400007422,0,7,0,0.0,2.0,3.0,13.0,A01
201400007422,0,15,0,0.0,2.0,6.0,1.0,B02
201400007423,0,14,0,13.0,0.0,7.0,1.0,A01