Num_Acc,senc,catv,occutc,obs,obsm,choc,manv,num_veh
201400007690,0,7,0,0.0,2.0,4.0,1.0,B02
201400007690,1,7,0,0.0,0.0,0.0,5.0,A01
201400007691,0,33,0,0.0,2.0,2.0,21.0,A01
201400007691,0,10,0,0.0,2.0,3.0,15.0,B02
201400007692,0,7,0,0.0,2.0,1.0,1.0,B02
201400007692,0,7,0,0.0,2.0,7.0,1.0,A01
201400007693,0,7,0,0.0,1.0,2.0,1.0,A01
201400007694,0,7,0,0.0,2.0,6.0,1.0,B02
201400007694,0,7,0,0.0,2.0,2.0,3.0,A01
201400007695,0,38,0,0.0,1.0,2.0,1.0,A01
201400007696,0,7,0,0.0,0.0,3.0,10.0,A01
201400007696,0,33,0,0.0,2.0,1.0,2.0,B02
201400007697,0,7,0,0.0,0.0,1.0,1.0,B02
201400007697,0,7,0,0.0,0.0,7.0,1.0,A01
201400007698,0,7,0,13.0,0.0,1.0,1.0,A01
201400007699,0,7,0,0.0,2.0,1.0,2.0,A01
201400007699,0,7,0,0.0,0.0,0.0,0.0,B02
201400007700,0,7,0,8.0,0.0,1.0,1.0,A01
201400007701,0,33,0,13.0,0.0,1.0,1.0,A01
201400007702,0,10,0,0.0,2.0,2.0,15.0,A01
201400007702,0,34,0,0.0,2.0,1.0,1.0,B02
201400007703,0,33,0,0.0,2.0,1.0,17.0,A01
201400007703,0,15,0,0.0,2.0,6.0,2.0,B02
201400007703,0,7,0,0.0,2.0,1.0,1.0,C03
201400007704,0,33,0,6.0,0.0,8.0,21.0,A01
201400007705,0,7,0,0.0,2.0,2.0,1.0,B02
201400007705,0,33,0,0.0,2.0,1.0,13.0,A01
201400007706,0,14,0,0.0,2.0,3.0,13.0,A01
201400007706,0,33,0,0.0,0.0,1.0,0.0,B02
201400007707,0,13,0,0.0,2.0,1.0,24.0,B02
201400007707,0,7,0,1.0,0.0,7.0,19.0,A01
201400007708,0,10,0,0.0,2.0,2.0,15.0,A01
201400007708,0,31,0,0.0,2.0,1.0,1.0,B02
201400007709,0,7,0,0.0,2.0,3.0,13.0,A01
201400007709,0,7,0,0.0,2.0,1.0,2.0,C03
201400007709,0,7,0,0.0,2.0,9.0,21.0,B02
201400007710,0,7,0,0.0,2.0,1.0,13.0,A01
201400007710,0,7,0,0.0,2.0,1.0,13.0,B02
201400007711,0,7,0,0.0,1.0,3.0,15.0,A01
201400007712,0,7,0,0.0,2.0,3.0,15.0,A01
201400007712,0,34,0,0.0,2.0,1.0,1.0,B02
201400007713,0,7,0,0.0,2.0,2.0,0.0,B02
201400007713,0,33,0,0.0,2.0,8.0,0.0,A01
201400007714,0,7,0,2.0,0.0,1.0,14.0,A01
201400007715,0,1,0,0.0,2.0,1.0,18.0,A01
201400007715,0,7,0,0.0,9.0,8.0,23.0,C03
201400007715,0,7,0,0.0,9.0,7.0,16.0,B02
201400007716,0,7,0,0.0,9.0,8.0,15.0,A01
201400007716,0,1,0,0.0,2.0,1.0,1.0,B02
201400007717,0,7,0,0.0,2.0,9.0,15.0,A01
201400007717,0,7,0,0.0,2.0,1.0,0.0,B02
201400007717,0,7,0,0.0,2.0,3.0,0.0,C03
201400007718,0,10,0,0.0,2.0,1.0,15.0,A01
201400007718,0,17,0,0.0,2.0,1.0,1.0,B02
201400007719,0,7,0,0.0,2.0,8.0,1.0,B02
201400007719,0,7,0,15.0,0.0,2.0,13.0,A01
201400007720,0,33,0,8.0,0.0,1.0,1.0,A01
201400007721,0,7,0,0.0,2.0,8.0,19.0,A01
201400007721,0,33,0,0.0,2.0,1.0,1.0,B02
201400007722,0,7,0,16.0,0.0,9.0,1.0,A01
201400007723,0,10,0,0.0,2.0,3.0,15.0,A01
201400007723,0,7,0,0.0,2.0,3.0,1.0,B02
201400007724,0,7,0,1.0,0.0,1.0,14.0,A01
201400007725,0,7,0,0.0,0.0,6.0,0.0,A01
201400007725,0,14,0,0.0,0.0,1.0,0.0,B02
201400007726,0,10,0,2.0,0.0,2.0,1.0,A01
201400007727,0,7,0,16.0,0.0,7.0,1.0,A01
201400007728,0,7,0,0.0,2.0,3.0,1.0,B02
201400007728,0,7,0,0.0,2.0,2.0,9.0,A01
201400007729,0,7,0,13.0,0.0,2.0,1.0,A01
201400007730,0,7,0,13.0,0.0,3.0,14.0,A01
201400007731,0,7,0,0.0,2.0,1.0,0.0,B02
201400007731,0,7,0,0.0,2.0,1.0,0.0,A01
201400007732,0,7,0,0.0,0.0,9.0,0.0,A01
201400007733,0,7,0,0.0,2.0,1.0,1.0,B02
201400007733,0,7,0,0.0,2.0,3.0,16.0,A01
201400007734,0,33,0,0.0,2.0,1.0,1.0,A01
201400007734,0,7,0,0.0,2.0,3.0,15.0,B02
201400007735,0,1,0,0.0,0.0,4.0,2.0,A01
201400007735,0,1,0,0.0,0.0,4.0,2.0,B02
201400007735,1,7,0,0.0,2.0,1.0,2.0,C03
201400007736,0,14,0,0.0,1.0,2.0,1.0,A01
201400007737,0,7,0,0.0,2.0,1.0,19.0,A01
201400007737,0,7,0,0.0,2.0,3.0,1.0,B02
201400007738,0,7,0,0.0,2.0,1.0,15.0,A01
201400007738,0,33,0,0.0,2.0,1.0,1.0,B02
201400007739,0,20,0,0.0,2.0,8.0,1.0,C03
201400007739,0,10,0,0.0,2.0,3.0,1.0,B02
201400007739,0,7,0,0.0,2.0,3.0,17.0,A01
201400007740,0,7,0,0.0,2.0,2.0,15.0,A01
201400007740,0,15,0,0.0,2.0,3.0,1.0,B02
201400007741,0,10,0,0.0,2.0,5.0,1.0,A01
201400007741,0,7,0,0.0,2.0,3.0,19.0,B02
201400007742,0,31,0,0.0,2.0,1.0,1.0,A01
201400007742,0,7,0,0.0,2.0,7.0,15.0,B02
201400007743,0,7,0,0.0,2.0,2.0,1.0,A01
201400007743,0,7,0,0.0,2.0,3.0,1.0,B02
201400007744,0,33,0,3.0,0.0,7.0,1.0,A01
201400007745,0,33,0,0.0,0.0,8.0,1.0,A01
201400007746,0,7,0,0.0,2.0,8.0,9.0,A01
201400007746,0,31,0,0.0,2.0,7.0,1.0,B02
201400007747,0,33,0,2.0,0.0,1.0,13.0,A01
201400007748,0,1,0,0.0,0.0,6.0,11.0,B02
201400007748,0,7,0,0.0,9.0,2.0,13.0,A01
201400007749,0,32,0,0.0,2.0,1.0,1.0,B02
201400007749,0,7,0,0.0,2.0,8.0,15.0,A01
201400007750,0,10,0,2.0,0.0,3.0,1.0,A01
201400007751,0,7,0,2.0,0.0,1.0,0.0,A01
201400007752,0,7,0,0.0,2.0,2.0,1.0,B02
201400007752,0,7,0,0.0,2.0,3.0,19.0,A01
201400007753,0,10,0,0.0,2.0,3.0,19.0,A01
201400007753,0,33,0,0.0,2.0,1.0,17.0,B02
201400007754,0,7,0,2.0,0.0,7.0,0.0,A01
201400007755,0,7,0,2.0,0.0,1.0,1.0,A01
201400007756,0,10,0,0.0,2.0,3.0,13.0,B02
201400007756,0,7,0,0.0,2.0,3.0,1.0,A01
201400007757,0,33,0,0.0,0.0,1.0,0.0,B02
201400007757,0,7,0,2.0,0.0,2.0,0.0,A01
201400007758,0,7,0,0.0,1.0,1.0,1.0,A01
201400007759,0,33,0,0.0,2.0,1.0,13.0,A01
201400007759,0,7,0,0.0,2.0,3.0,1.0,B02
201400007760,0,7,0,0.0,2.0,6.0,13.0,A01
201400007760,0,33,0,0.0,2.0,2.0,17.0,B02
201400007761,0,7,0,0.0,2.0,3.0,17.0,A01
201400007761,0,33,0,0.0,2.0,2.0,17.0,B02
201400007762,0,7,0,6.0,0.0,1.0,14.0,A01
201400007763,0,31,0,0.0,2.0,1.0,13.0,A01
201400007763,0,7,0,0.0,2.0,3.0,1.0,B02
201400007764,0,7,0,0.0,2.0,3.0,19.0,A01
201400007764,0,33,0,0.0,2.0,1.0,1.0,B02
201400007765,0,7,0,0.0,2.0,3.0,1.0,A01
201400007765,0,31,0,0.0,2.0,5.0,19.0,B02
201400007766,0,34,0,0.0,2.0,1.0,13.0,A01
201400007766,0,33,0,0.0,2.0,3.0,1.0,B02
201400007767,0,7,0,0.0,1.0,1.0,1.0,A01
201400007768,0,7,0,0.0,2.0,3.0,2.0,A01
201400007768,0,30,0,0.0,2.0,1.0,1.0,B02
201400007769,0,7,0,0.0,9.0,2.0,1.0,A01
201400007769,0,1,0,0.0,2.0,4.0,1.0,B02
201400007770,0,31,0,0.0,0.0,4.0,2.0,A01
201400007770,0,10,0,0.0,0.0,1.0,2.0,B02
201400007771,0,7,0,0.0,1.0,2.0,17.0,A01
201400007772,0,33,0,0.0,2.0,1.0,1.0,B02
201400007772,0,7,0,0.0,2.0,7.0,15.0,A01
201400007773,0,1,0,0.0,2.0,4.0,1.0,B02
201400007773,0,7,0,0.0,2.0,2.0,1.0,A01
201400007774,0,20,0,0.0,2.0,3.0,1.0,B02
201400007774,0,10,0,0.0,2.0,3.0,13.0,A01
201400007775,0,7,0,0.0,2.0,1.0,5.0,A01
201400007775,0,7,0,0.0,2.0,1.0,13.0,B02
201400007776,0,30,0,0.0,2.0,1.0,0.0,A01
201400007776,0,7,0,0.0,2.0,4.0,15.0,B02
201400007777,0,7,0,0.0,1.0,6.0,4.0,A01
201400007778,0,7,0,0.0,2.0,1.0,15.0,A01
201400007778,0,2,0,0.0,2.0,7.0,1.0,B02
201400007779,0,7,0,0.0,2.0,2.0,1.0,B02
201400007779,0,33,0,0.0,2.0,7.0,13.0,A01
201400007780,0,10,0,0.0,1.0,3.0,19.0,A01
201400007781,0,7,0,0.0,2.0,1.0,1.0,C03
201400007781,0,7,0,0.0,2.0,1.0,5.0,A01
201400007781,0,7,0,0.0,2.0,3.0,1.0,B02
201400007782,0,2,0,0.0,2.0,1.0,13.0,A01
201400007782,0,7,0,0.0,2.0,3.0,1.0,B02
201400007783,0,7,0,0.0,2.0,1.0,15.0,A01
201400007783,0,2,0,0.0,2.0,7.0,1.0,B02
201400007784,0,33,0,0.0,2.0,8.0,5.0,A01
201400007784,0,7,0,0.0,2.0,8.0,5.0,B02
201400007785,0,10,0,0.0,2.0,3.0,1.0,B02
201400007785,0,33,0,0.0,2.0,6.0,13.0,A01
201400007786,0,7,0,0.0,2.0,1.0,15.0,A01
201400007786,0,33,0,0.0,2.0,1.0,1.0,B02
201400007787,0,7,0,0.0,2.0,3.0,1.0,B02
201400007787,0,7,0,0.0,2.0,7.0,13.0,A01
201400007788,0,7,0,0.0,0.0,1.0,1.0,A01
201400007789,0,7,0,0.0,1.0,1.0,3.0,A01
201400007790,0,33,0,1.0,0.0,8.0,19.0,A01
201400007791,0,36,0,8.0,0.0,1.0,1.0,A01
201400007792,0,33,0,12.0,0.0,8.0,1.0,A01
201400007793,0,7,0,0.0,1.0,3.0,0.0,A01
201400007794,0,7,0,0.0,1.0,3.0,19.0,A01
201400007795,1,7,0,0.0,1.0,2.0,2.0,A01
201400007796,0,7,0,8.0,0.0,6.0,13.0,A01
201400007797,0,10,0,0.0,2.0,7.0,19.0,A01
201400007797,0,33,0,0.0,2.0,1.0,1.0,B02
201400007798,0,38,0,0.0,2.0,0.0,1.0,A01
201400007798,0,7,0,0.0,0.0,0.0,15.0,B02
201400007799,0,33,0,0.0,2.0,1.0,2.0,A01
201400007799,0,10,0,0.0,2.0,4.0,23.0,B02
201400007800,0,7,0,0.0,2.0,9.0,14.0,A01
201400007800,0,2,0,0.0,0.0,1.0,2.0,B02
201400007801,0,7,0,1.0,1.0,1.0,20.0,A01
201400007802,0,14,0,0.0,2.0,1.0,1.0,A01
201400007802,0,14,0,0.0,2.0,4.0,2.0,B02
201400007803,0,7,0,0.0,1.0,2.0,17.0,A01
201400007804,0,7,0,0.0,0.0,0.0,20.0,A01
201400007805,0,1,0,0.0,2.0,1.0,10.0,B02
201400007805,0,7,0,0.0,9.0,2.0,0.0,A01
201400007806,0,7,0,0.0,2.0,4.0,1.0,B02
201400007806,0,7,0,0.0,2.0,1.0,17.0,A01
201400007807,0,14,0,2.0,0.0,2.0,1.0,A01
201400007808,0,7,0,0.0,2.0,3.0,9.0,B02
201400007808,0,17,0,0.0,2.0,2.0,1.0,A01
201400007808,0,7,0,0.0,2.0,1.0,1.0,C03
201400007809,0,7,0,0.0,0.0,1.0,13.0,A01
201400007810,0,10,0,0.0,0.0,3.0,15.0,A01
201400007810,0,7,0,0.0,0.0,7.0,17.0,B02
201400007811,0,34,0,0.0,2.0,1.0,17.0,B02
201400007811,0,10,0,0.0,0.0,3.0,10.0,A01
201400007812,0,7,0,6.0,0.0,7.0,1.0,A01
201400007813,0,33,0,0.0,2.0,1.0,1.0,A01
201400007813,0,7,0,0.0,2.0,5.0,15.0,B02
201400007814,0,3,0,0.0,2.0,1.0,1.0,B02
201400007814,0,7,0,0.0,2.0,1.0,13.0,A01
201400007815,0,7,0,2.0,0.0,1.0,17.0,A01
201400007816,0,21,0,0.0,0.0,4.0,2.0,B02
201400007816,0,7,0,0.0,2.0,1.0,2.0,A01
201400007816,0,7,0,0.0,2.0,3.0,2.0,C03
201400007817,0,32,0,0.0,0.0,3.0,1.0,A01
201400007817,0,32,0,0.0,2.0,3.0,1.0,B02
201400007818,0,10,0,8.0,2.0,1.0,1.0,A01
201400007818,0,7,0,0.0,2.0,3.0,1.0,B02
201400007819,0,7,0,2.0,0.0,1.0,13.0,A01
201400007820,0,7,0,0.0,1.0,3.0,1.0,A01
201400007821,0,33,0,0.0,2.0,1.0,1.0,A01
201400007821,0,7,0,0.0,2.0,3.0,16.0,B02
201400007822,0,7,0,0.0,2.0,8.0,21.0,C03
201400007822,0,7,0,0.0,2.0,1.0,1.0,B02
201400007822,0,7,0,0.0,2.0,1.0,13.0,A01
201400007823,0,7,0,0.0,2.0,3.0,1.0,A01
201400007823,0,7,0,0.0,2.0,3.0,1.0,B02
201400007824,0,7,0,2.0,0.0,8.0,1.0,A01
201400007825,0,33,0,0.0,2.0,1.0,21.0,A01
201400007825,0,7,0,0.0,2.0,3.0,15.0,B02
201400007826,0,33,0,0.0,2.0,1.0,1.0,A01
201400007826,0,7,0,0.0,2.0,1.0,1.0,B02
201400007827,0,7,0,2.0,0.0,1.0,0.0,A01
201400007828,1,7,0,0.0,1.0,7.0,1.0,A01
201400007829,0,7,0,0.0,2.0,1.0,5.0,A01
201400007829,0,7,0,0.0,2.0,1.0,1.0,B02
201400007830,0,7,0,0.0,0.0,7.0,14.0,A01
201400007831,0,7,0,0.0,2.0,4.0,23.0,B02
201400007831,0,7,0,0.0,2.0,1.0,1.0,D04
201400007831,0,7,0,0.0,2.0,1.0,1.0,C03
201400007831,0,15,0,0.0,2.0,3.0,1.0,A01
201400007832,0,7,0,6.0,0.0,1.0,13.0,A01
201400007833,0,7,0,2.0,0.0,2.0,14.0,A01
201400007834,0,7,0,0.0,9.0,1.0,1.0,C03
201400007834,0,7,0,0.0,2.0,3.0,13.0,A01
201400007834,0,7,0,0.0,2.0,3.0,1.0,B02
201400007835,0,7,0,8.0,0.0,1.0,14.0,A01
201400007836,0,7,0,0.0,1.0,3.0,1.0,A01
201400007837,0,7,0,0.0,2.0,1.0,1.0,B02
201400007837,0,15,0,0.0,0.0,3.0,13.0,A01
201400007838,0,7,0,2.0,0.0,1.0,1.0,A01
201400007839,0,7,0,13.0,0.0,9.0,1.0,A01
201400007840,0,13,0,0.0,9.0,2.0,14.0,A01
201400007840,0,1,0,0.0,2.0,6.0,1.0,B02
201400007841,0,7,0,0.0,2.0,7.0,13.0,A01
201400007841,0,7,0,0.0,2.0,1.0,1.0,B02
201400007842,0,7,0,2.0,0.0,8.0,15.0,A01
201400007843,0,7,0,0.0,2.0,1.0,2.0,C03
201400007843,0,7,0,0.0,2.0,3.0,1.0,B02
201400007843,0,7,0,0.0,2.0,3.0,17.0,A01
201400007844,0,7,0,13.0,0.0,9.0,1.0,A01
201400007845,0,33,0,8.0,2.0,3.0,1.0,A01
201400007845,0,10,0,0.0,2.0,3.0,15.0,B02
201400007846,0,10,0,0.0,1.0,5.0,4.0,A01
201400007847,0,31,0,0.0,0.0,2.0,1.0,A01
201400007848,0,7,0,6.0,2.0,1.0,17.0,A01
201400007848,0,1,0,0.0,2.0,1.0,1.0,B02
201400007849,0,7,0,10.0,0.0,1.0,13.0,A01
201400007849,0,20,0,0.0,2.0,1.0,1.0,B02
201400007850,0,7,0,0.0,0.0,4.0,0.0,A01
201400007850,0,7,0,0.0,2.0,1.0,2.0,B02
201400007851,0,7,0,6.0,0.0,2.0,1.0,A01
201400007852,0,7,0,0.0,0.0,0.0,13.0,A01
201400007853,0,7,0,13.0,0.0,9.0,1.0,A01
201400007854,0,7,0,13.0,0.0,9.0,1.0,A01
201400007855,0,7,0,0.0,0.0,1.0,19.0,A01
201400007855,0,33,0,0.0,2.0,1.0,1.0,B02
201400007856,0,7,0,2.0,0.0,2.0,21.0,A01
201400007857,0,33,0,2.0,0.0,1.0,1.0,A01
201400007858,0,33,0,4.0,0.0,3.0,13.0,A01
201400007859,0,36,0,16.0,0.0,0.0,16.0,A01
201400007860,0,7,0,0.0,0.0,0.0,0.0,A01
201400007861,0,7,0,0.0,0.0,2.0,1.0,C03
201400007861,0,7,0,0.0,0.0,1.0,1.0,B02
201400007861,0,33,0,0.0,0.0,1.0,1.0,A01
201400007862,0,33,0,0.0,0.0,1.0,13.0,A01
201400007862,0,33,0,0.0,0.0,8.0,1.0,B02
201400007863,0,7,0,0.0,2.0,1.0,15.0,A01
201400007863,0,7,0,0.0,2.0,1.0,1.0,B02
201400007864,0,7,0,13.0,0.0,9.0,6.0,A01
201400007865,0,7,0,0.0,1.0,0.0,1.0,A01
201400007866,0,10,0,0.0,1.0,2.0,1.0,A01
201400007867,0,7,0,0.0,2.0,2.0,1.0,B02
201400007867,0,7,0,0.0,2.0,3.0,15.0,A01
201400007868,0,7,0,0.0,0.0,3.0,13.0,A01
201400007868,0,7,0,0.0,0.0,3.0,1.0,B02
201400007869,0,10,0,0.0,0.0,3.0,15.0,A01
201400007869,0,7,0,0.0,0.0,1.0,1.0,B02
201400007870,0,7,0,0.0,0.0,3.0,1.0,C03
201400007870,0,33,0,0.0,2.0,8.0,1.0,A01
201400007870,0,7,0,0.0,0.0,8.0,1.0,B02
201400007871,0,33,0,0.0,0.0,0.0,13.0,A01
201400007872,0,1,0,0.0,2.0,1.0,13.0,A01
201400007872,0,7,0,0.0,0.0,3.0,15.0,B02
201400007873,0,7,0,0.0,2.0,3.0,1.0,A01
201400007873,0,15,0,0.0,2.0,3.0,1.0,B02
201400007874,0,7,0,0.0,2.0,2.0,19.0,A01
201400007874,0,33,0,0.0,2.0,8.0,1.0,B02
201400007875,0,7,0,0.0,0.0,1.0,13.0,A01
201400007875,0,7,0,0.0,0.0,1.0,1.0,B02
201400007876,0,10,0,6.0,0.0,2.0,1.0,A01
201400007877,0,33,0,0.0,0.0,0.0,21.0,B02
201400007877,0,33,0,0.0,0.0,7.0,0.0,A01
201400007878,0,33,0,0.0,2.0,8.0,0.0,C03
201400007878,0,33,0,0.0,2.0,1.0,0.0,B02
201400007878,0,7,0,0.0,2.0,3.0,13.0,A01
201400007879,0,7,0,0.0,0.0,0.0,13.0,A01
201400007880,0,7,0,2.0,0.0,9.0,17.0,A01
201400007881,0,33,0,3.0,0.0,1.0,16.0,A01
201400007882,0,10,0,0.0,0.0,0.0,1.0,A01
201400007882,0,33,0,0.0,2.0,0.0,1.0,B02
201400007883,0,33,0,3.0,0.0,8.0,16.0,A01
201400007884,0,31,0,16.0,0.0,7.0,1.0,A01
201400007885,0,33,0,0.0,0.0,7.0,17.0,A01
201400007885,0,33,0,0.0,2.0,1.0,1.0,B02
201400007886,0,33,0,0.0,0.0,3.0,15.0,A01
201400007887,0,33,0,0.0,0.0,8.0,1.0,A01
201400007888,0,7,0,13.0,0.0,1.0,1.0,A01
201400007889,0,33,0,0.0,0.0,8.0,1.0,A01
201400007890,0,7,0,0.0,2.0,3.0,1.0,B02
201400007890,0,33,0,0.0,2.0,1.0,1.0,A01
201400007891,0,7,0,0.0,2.0,3.0,1.0,B02
201400007891,0,7,0,0.0,2.0,3.0,13.0,A01
201400007892,0,33,0,0.0,2.0,1.0,17.0,A01
201400007892,0,7,0,0.0,2.0,2.0,1.0,B02
201400007893,0,7,0,0.0,2.0,3.0,2.0,A01
201400007893,0,7,0,0.0,0.0,5.0,15.0,B02
201400007894,0,7,0,13.0,2.0,1.0,13.0,A01
201400007894,0,7,0,0.0,2.0,1.0,1.0,B02
201400007895,0,1,0,0.0,0.0,0.0,0.0,A01
201400007896,0,7,0,2.0,0.0,1.0,1.0,A01
201400007897,2,7,0,0.0,0.0,1.0,1.0,A01
201400007897,0,7,0,0.0,2.0,4.0,2.0,B02
201400007897,0,10,0,0.0,0.0,4.0,2.0,C03
201400007898,0,7,0,0.0,2.0,3.0,13.0,A01
201400007898,0,7,0,0.0,2.0,8.0,1.0,B02
201400007898,0,10,0,0.0,2.0,8.0,21.0,C03
201400007899,0,7,0,2.0,0.0,1.0,13.0,A01
201400007900,0,7,0,0.0,2.0,1.0,1.0,A01
201400007900,0,7,0,0.0,2.0,9.0,1.0,B02
201400007901,0,10,0,0.0,2.0,2.0,18.0,A01
201400007901,0,33,0,0.0,0.0,5.0,2.0,B02
201400007902,0,33,0,6.0,0.0,2.0,1.0,A01
201400007903,0,7,0,2.0,0.0,1.0,1.0,A01
201400007904,0,7,0,0.0,0.0,1.0,13.0,A01
201400007905,0,33,0,0.0,0.0,7.0,1.0,A01
201400007906,0,33,0,3.0,0.0,8.0,1.0,A01
201400007907,0,7,0,5.0,0.0,1.0,1.0,A01
201400007908,0,7,0,13.0,0.0,9.0,13.0,A01
201400007909,0,7,0,13.0,0.0,8.0,1.0,A01
201400007910,0,7,0,2.0,0.0,5.0,1.0,A01
201400007911,0,15,0,0.0,2.0,3.0,1.0,B01
201400007911,0,7,0,0.0,2.0,3.0,13.0,A02
201400007912,0,7,0,2.0,2.0,3.0,1.0,B02
201400007912,0,7,0,0.0,2.0,1.0,1.0,C03
201400007912,0,7,0,0.0,2.0,3.0,13.0,A01
201400007913,0,1,0,0.0,2.0,1.0,5.0,A01
201400007913,0,7,0,0.0,9.0,1.0,1.0,B02
201400007914,0,7,0,0.0,2.0,1.0,1.0,A01
201400007914,0,7,0,0.0,2.0,8.0,19.0,B02
201400007915,0,7,0,8.0,2.0,1.0,1.0,A01
201400007915,0,7,0,0.0,2.0,2.0,1.0,B02
201400007916,0,7,0,0.0,2.0,2.0,6.0,A01
201400007916,0,33,0,0.0,2.0,1.0,1.0,B02
201400007916,0,7,0,0.0,9.0,8.0,23.0,C03
201400007917,0,7,0,0.0,1.0,2.0,1.0,A01
201400007918,0,7,0,0.0,2.0,2.0,15.0,A01
201400007918,0,30,0,0.0,2.0,1.0,1.0,B02
201400007919,0,7,0,0.0,2.0,3.0,1.0,A01
201400007919,0,7,0,0.0,2.0,3.0,13.0,B02
201400007920,0,10,0,2.0,0.0,8.0,13.0,A01
201400007921,0,33,0,0.0,0.0,0.0,1.0,A01
201400007922,0,7,0,2.0,0.0,1.0,13.0,A01
201400007923,0,33,0,0.0,2.0,1.0,1.0,A01
201400007923,0,7,0,0.0,2.0,1.0,1.0,B02
201400007924,0,33,0,8.0,0.0,1.0,1.0,A01
201400007925,0,33,0,13.0,0.0,2.0,1.0,A01
201400007926,0,10,0,0.0,2.0,3.0,15.0,A01
201400007926,0,1,0,0.0,2.0,1.0,1.0,B02
201400007927,0,33,0,0.0,2.0,1.0,1.0,A01
201400007927,0,7,0,0.0,0.0,4.0,9.0,B02
201400007928,0,33,0,0.0,2.0,1.0,1.0,A01
201400007928,0,7,0,0.0,2.0,1.0,1.0,B02
201400007928,0,7,0,0.0,2.0,3.0,9.0,C03
201400007929,0,7,0,2.0,0.0,1.0,14.0,A01
201400007930,0,33,0,9.0,0.0,9.0,17.0,A01
201400007931,0,10,0,0.0,2.0,3.0,1.0,A01
201400007931,0,10,0,0.0,2.0,3.0,1.0,B02
201400007932,1,7,0,0.0,1.0,2.0,1.0,A01
201400007933,0,33,0,0.0,0.0,9.0,1.0,A01
201400007934,0,7,0,0.0,2.0,2.0,1.0,A01
201400007934,0,32,0,0.0,2.0,1.0,1.0,B02
201400007935,0,36,0,0.0,0.0,0.0,1.0,A01
201400007936,0,7,0,2.0,0.0,1.0,13.0,A01
201400007937,0,7,0,0.0,0.0,8.0,9.0,A01
201400007937,0,14,0,0.0,0.0,2.0,1.0,B02
201400007938,0,7,0,0.0,2.0,7.0,15.0,A01
201400007938,0,1,0,0.0,2.0,1.0,1.0,B02
201400007939,0,7,0,0.0,2.0,1.0,13.0,A01
201400007939,0,10,0,0.0,2.0,3.0,1.0,B02
201400007940,0,7,0,13.0,0.0,9.0,13.0,A01
201400007941,0,30,0,3.0,0.0,1.0,14.0,A01
201400007942,0,36,0,13.0,0.0,9.0,13.0,A01
201400007943,0,7,0,2.0,0.0,1.0,13.0,A01
201400007944,0,7,0,13.0,0.0,9.0,14.0,A01
201400007945,0,7,0,0.0,2.0,3.0,1.0,A01
201400007945,0,7,0,0.0,2.0,1.0,1.0,B02
201400007946,0,7,0,0.0,1.0,3.0,1.0,A01
201400007947,0,7,0,0.0,2.0,2.0,1.0,A01
201400007947,0,21,0,0.0,,6.0,1.0,B02
201400007948,0,33,0,0.0,0.0,1.0,1.0,A01
201400007949,0,7,0,0.0,1.0,1.0,15.0,A01
201400007950,0,7,0,0.0,,8.0,1.0,B02
201400007950,0,10,0,0.0,2.0,3.0,13.0,A01
201400007951,0,7,0,0.0,,3.0,15.0,A01
201400007951,0,33,0,0.0,2.0,1.0,1.0,B02
201400007952,0,31,0,13.0,0.0,7.0,13.0,A01
201400007953,0,1,0,0.0,2.0,1.0,13.0,A01
201400007953,0,1,0,0.0,2.0,1.0,1.0,B02
201400007953,0,14,0,0.0,2.0,1.0,1.0,C03
201400007954,0,3,0,0.0,2.0,3.0,13.0,A01
201400007954,0,7,0,0.0,0.0,3.0,1.0,B02
201400007955,0,7,0,16.0,0.0,9.0,21.0,A01
201400007956,0,7,0,0.0,0.0,3.0,1.0,A01
201400007957,0,30,0,0.0,2.0,1.0,5.0,A01
201400007957,0,7,0,0.0,2.0,3.0,2.0,B02
201400007958,0,7,0,0.0,0.0,0.0,23.0,A01
201400007958,0,33,0,1.0,0.0,7.0,21.0,B02
201400007958,0,33,0,1.0,0.0,7.0,21.0,C03
201400007959,0,7,0,0.0,,3.0,15.0,A01
201400007959,0,33,0,0.0,2.0,1.0,1.0,B02
201400007960,0,7,0,0.0,2.0,2.0,13.0,A01
201400007960,0,7,0,0.0,2.0,3.0,1.0,B02
201400007960,0,7,0,0.0,2.0,1.0,1.0,C03
201400007961,0,7,0,2.0,0.0,1.0,1.0,A01
201400007962,0,7,0,13.0,0.0,1.0,1.0,A01
201400007963,0,7,0,13.0,0.0,2.0,1.0,A01
201400007964,0,7,0,0.0,,8.0,15.0,A01
201400007964,0,33,0,0.0,2.0,1.0,1.0,B02
201400007965,0,7,0,13.0,0.0,1.0,1.0,A01
201400007966,0,7,0,16.0,0.0,0.0,0.0,A01
201400007967,0,7,0,2.0,0.0,1.0,1.0,A01
201400007968,0,7,0,0.0,2.0,1.0,5.0,A01
201400007968,0,7,0,0.0,,1.0,1.0,B02
201400007969,0,7,0,0.0,2.0,1.0,17.0,A01
201400007969,0,7,0,0.0,,1.0,1.0,B02
201400007970,0,7,0,0.0,2.0,1.0,13.0,A01
201400007970,0,7,0,0.0,,2.0,1.0,B02
201400007970,0,7,0,0.0,2.0,1.0,1.0,C03
201400007971,0,7,0,0.0,2.0,2.0,1.0,A01