Num_Acc,senc,catv,occutc,obs,obsm,choc,manv,num_veh
201400007971,0,7,0,0.0,2.0,3.0,1.0,B02
201400007972,0,33,0,0.0,0.0,0.0,0.0,A01
201400007973,0,1,0,0.0,0.0,4.0,1.0,B02
201400007973,2,7,0,0.0,2.0,2.0,1.0,A01
201400007974,0,7,0,16.0,0.0,0.0,13.0,A01
201400007975,0,7,0,0.0,2.0,3.0,16.0,A01
201400007975,0,7,0,0.0,,1.0,1.0,B02
201400007976,0,7,0,2.0,0.0,1.0,1.0,A01
201400007977,0,7,0,13.0,0.0,9.0,1.0,A01
201400007978,0,33,0,0.0,0.0,7.0,1.0,A01
201400007979,0,7,0,0.0,,5.0,1.0,A01
201400007979,0,31,0,0.0,2.0,2.0,14.0,B02
201400007980,0,7,0,1.0,0.0,1.0,2.0,A01
201400007980,0,7,0,0.0,,4.0,23.0,B02
201400007981,0,7,0,0.0,0.0,7.0,1.0,A01
201400007982,0,7,0,0.0,2.0,1.0,1.0,A01
201400007982,0,7,0,0.0,,1.0,0.0,B02
201400007983,0,7,0,0.0,,3.0,1.0,B02
201400007983,0,7,0,0.0,2.0,2.0,1.0,A01
201400007984,0,30,0,0.0,2.0,1.0,5.0,B02
201400007984,0,7,0,0.0,2.0,2.0,17.0,A01
201400007985,0,7,0,2.0,0.0,1.0,0.0,A01
201400007986,0,7,0,0.0,2.0,2.0,9.0,B02
201400007986,0,7,0,0.0,2.0,2.0,1.0,A01
201400007987,0,7,0,0.0,2.0,6.0,17.0,A01
201400007987,0,33,0,0.0,2.0,3.0,17.0,B02
201400007988,0,7,0,0.0,2.0,3.0,1.0,A01
201400007988,0,7,0,0.0,2.0,3.0,1.0,B02
201400007989,0,7,0,0.0,1.0,4.0,4.0,A01
201400007990,0,7,0,0.0,2.0,5.0,16.0,A01
201400007990,0,7,0,0.0,2.0,3.0,2.0,B02
201400007991,0,33,0,0.0,2.0,1.0,1.0,A01
201400007991,0,13,0,0.0,2.0,6.0,9.0,B02
201400007992,0,10,0,0.0,1.0,1.0,1.0,A01
201400007993,0,33,0,2.0,0.0,1.0,13.0,A01
201400007994,0,31,0,0.0,5.0,1.0,1.0,A01
201400007995,0,14,0,4.0,0.0,7.0,1.0,A01
201400007996,0,7,0,0.0,0.0,4.0,1.0,A01
201400007996,0,1,0,0.0,2.0,1.0,1.0,B02
201400007997,0,33,0,13.0,0.0,8.0,1.0,A01
201400007998,0,33,0,0.0,2.0,3.0,13.0,A01
201400007998,0,7,0,0.0,2.0,3.0,1.0,B02
201400007999,0,34,0,0.0,0.0,0.0,1.0,A01
201400008000,0,7,0,0.0,0.0,5.0,15.0,A01
201400008000,0,30,0,0.0,2.0,1.0,1.0,B02
201400008001,0,10,0,16.0,0.0,0.0,1.0,A01
201400008002,0,7,0,0.0,2.0,3.0,1.0,C03
201400008002,0,7,0,0.0,2.0,9.0,1.0,A01
201400008002,0,7,0,0.0,2.0,9.0,1.0,B02
201400008003,0,7,0,0.0,2.0,3.0,1.0,A01
201400008003,0,17,0,0.0,2.0,2.0,1.0,B02
201400008004,0,32,0,4.0,0.0,2.0,14.0,A01
201400008005,0,3,0,0.0,0.0,1.0,13.0,B02
201400008005,0,7,0,0.0,2.0,3.0,1.0,A01
201400008006,0,30,0,15.0,1.0,1.0,21.0,A01
201400008007,0,30,0,0.0,2.0,1.0,1.0,A01
201400008008,0,7,0,0.0,2.0,1.0,0.0,C03
201400008008,0,7,0,0.0,0.0,1.0,0.0,A01
201400008008,0,7,0,0.0,2.0,1.0,5.0,B02
201400008009,0,7,0,13.0,0.0,1.0,1.0,A01
201400008010,0,7,0,0.0,9.0,3.0,9.0,B02
201400008010,0,1,0,0.0,2.0,3.0,9.0,A01
201400008011,0,33,0,0.0,0.0,1.0,1.0,B02
201400008011,0,7,0,0.0,0.0,5.0,15.0,A01
201400008012,0,7,0,0.0,0.0,0.0,2.0,A01
201400008012,0,1,0,0.0,2.0,8.0,2.0,B02
201400008013,0,14,0,4.0,0.0,7.0,1.0,A01
201400008014,0,34,0,0.0,2.0,1.0,1.0,A01
201400008014,0,7,0,0.0,2.0,1.0,15.0,B02
201400008015,0,30,0,0.0,2.0,1.0,13.0,B02
201400008015,0,7,0,0.0,2.0,1.0,13.0,A01
201400008016,0,31,0,0.0,2.0,8.0,15.0,A01
201400008016,0,7,0,0.0,2.0,1.0,17.0,B02
201400008017,0,7,0,0.0,9.0,8.0,15.0,A01
201400008017,0,33,0,0.0,2.0,1.0,1.0,B02
201400008018,0,10,0,0.0,2.0,3.0,20.0,A01
201400008018,0,30,0,0.0,2.0,0.0,17.0,B02
201400008019,0,7,0,0.0,2.0,3.0,0.0,B02
201400008019,0,33,0,0.0,2.0,1.0,1.0,A01
201400008020,0,31,0,0.0,0.0,8.0,21.0,A01
201400008021,0,7,0,0.0,2.0,3.0,15.0,A01
201400008021,0,33,0,0.0,2.0,1.0,1.0,B02
201400008022,0,7,0,0.0,2.0,2.0,1.0,A01
201400008022,0,7,0,0.0,2.0,3.0,1.0,B02
201400008023,0,33,0,0.0,2.0,1.0,1.0,B02
201400008023,0,7,0,0.0,2.0,1.0,13.0,A01
201400008024,0,30,0,0.0,0.0,0.0,0.0,A01
201400008025,0,7,0,0.0,9.0,8.0,0.0,A01
201400008025,0,1,0,1.0,0.0,1.0,1.0,C03
201400008025,0,33,0,0.0,9.0,1.0,1.0,D04
201400008025,0,1,0,1.0,0.0,1.0,1.0,B02
201400008026,0,33,0,0.0,1.0,2.0,2.0,A01
201400008027,0,7,0,0.0,0.0,0.0,0.0,A01
201400008028,0,7,0,0.0,2.0,6.0,0.0,A01
201400008028,0,7,0,0.0,2.0,1.0,1.0,B02
201400008029,0,1,0,13.0,0.0,0.0,1.0,A01
201400008030,0,33,0,0.0,0.0,0.0,1.0,A01
201400008031,0,33,0,3.0,0.0,2.0,1.0,A01
201400008032,0,21,0,0.0,2.0,7.0,2.0,B02
201400008032,0,7,0,0.0,2.0,3.0,2.0,A01
201400008033,0,1,0,2.0,0.0,0.0,1.0,A01
201400008034,0,7,0,0.0,2.0,3.0,13.0,A01
201400008034,0,33,0,0.0,2.0,1.0,1.0,B02
201400008034,0,33,0,0.0,2.0,1.0,1.0,C03
201400008035,0,7,0,13.0,0.0,9.0,13.0,A01
201400008036,0,7,0,2.0,0.0,1.0,14.0,A01
201400008037,0,1,0,0.0,2.0,1.0,1.0,A01
201400008037,0,7,0,0.0,2.0,7.0,19.0,B02
201400008038,0,31,0,0.0,0.0,1.0,2.0,A01
201400008039,0,10,0,0.0,1.0,1.0,1.0,A01
201400008040,0,33,0,10.0,0.0,7.0,1.0,A01
201400008041,0,30,0,0.0,2.0,1.0,1.0,B02
201400008041,0,7,0,0.0,0.0,3.0,9.0,A01
201400008042,0,7,0,0.0,2.0,1.0,1.0,B02
201400008042,0,7,0,0.0,2.0,1.0,13.0,A01
201400008043,0,7,0,0.0,1.0,2.0,17.0,A01
201400008044,0,7,0,2.0,0.0,1.0,1.0,A01
201400008045,0,33,0,0.0,0.0,8.0,1.0,A01
201400008046,0,33,0,12.0,0.0,1.0,1.0,A01
201400008047,0,7,0,0.0,2.0,3.0,1.0,B02
201400008047,0,7,0,0.0,2.0,1.0,13.0,A01
201400008048,0,33,0,10.0,0.0,1.0,1.0,A01
201400008049,0,33,0,0.0,2.0,8.0,13.0,A01
201400008049,0,7,0,0.0,2.0,8.0,1.0,B02
201400008050,0,33,0,13.0,0.0,2.0,1.0,A01
201400008051,0,10,0,6.0,0.0,1.0,1.0,A01
201400008052,0,15,0,0.0,1.0,2.0,1.0,A01
201400008053,0,7,0,13.0,0.0,2.0,1.0,A01
201400008054,0,32,0,0.0,2.0,1.0,1.0,B02
201400008054,0,7,0,0.0,2.0,8.0,9.0,A01
201400008055,0,7,0,0.0,0.0,8.0,17.0,A01
201400008055,0,33,0,0.0,0.0,8.0,1.0,B02
201400008056,0,3,0,0.0,2.0,3.0,0.0,A01
201400008056,0,34,0,0.0,2.0,8.0,0.0,B02
201400008057,0,31,0,0.0,2.0,1.0,17.0,A01
201400008057,0,33,0,0.0,2.0,1.0,1.0,B02
201400008058,0,33,0,1.0,0.0,7.0,14.0,A01
201400008059,0,1,0,0.0,2.0,1.0,1.0,C03
201400008059,0,1,0,0.0,2.0,1.0,1.0,B02
201400008059,0,7,0,13.0,2.0,9.0,1.0,A01
201400008060,0,33,0,6.0,0.0,2.0,1.0,A01
201400008061,0,7,0,0.0,2.0,1.0,5.0,B02
201400008061,0,7,0,0.0,2.0,1.0,17.0,A01
201400008062,0,7,0,0.0,0.0,0.0,0.0,B02
201400008062,0,7,0,0.0,2.0,6.0,2.0,A01
201400008062,0,7,0,0.0,0.0,0.0,0.0,C03
201400008062,0,7,0,0.0,2.0,3.0,0.0,D04
201400008063,0,7,0,0.0,2.0,3.0,15.0,A01
201400008063,0,33,0,0.0,2.0,1.0,1.0,B02
201400008064,0,10,0,5.0,0.0,0.0,0.0,A01
201400008065,0,33,0,0.0,2.0,1.0,5.0,A01
201400008065,0,10,0,0.0,2.0,1.0,1.0,B02
201400008066,0,32,0,0.0,2.0,3.0,1.0,A01
201400008066,0,7,0,0.0,2.0,3.0,1.0,B02
201400008067,0,7,0,13.0,2.0,3.0,13.0,A01
201400008068,0,7,0,0.0,2.0,1.0,1.0,B02
201400008068,0,7,0,0.0,0.0,1.0,13.0,A01
201400008069,0,7,0,0.0,2.0,7.0,13.0,B02
201400008069,0,7,0,0.0,2.0,1.0,1.0,A01
201400008070,0,33,0,3.0,0.0,1.0,1.0,A01
201400008071,0,7,0,0.0,0.0,3.0,1.0,A01
201400008072,0,7,0,0.0,2.0,3.0,13.0,A01
201400008072,0,7,0,0.0,2.0,3.0,1.0,B02
201400008073,0,13,0,0.0,2.0,1.0,1.0,B02
201400008073,0,10,0,0.0,2.0,5.0,19.0,A01
201400008074,0,7,0,0.0,2.0,1.0,15.0,A01
201400008074,0,10,0,0.0,2.0,1.0,1.0,B02
201400008075,0,7,0,0.0,2.0,1.0,1.0,B02
201400008075,0,7,0,0.0,2.0,8.0,19.0,A01
201400008076,0,7,0,8.0,0.0,1.0,2.0,A01
201400008077,0,33,0,0.0,2.0,3.0,17.0,A01
201400008077,0,7,0,0.0,0.0,7.0,15.0,B02
201400008078,0,7,0,0.0,2.0,6.0,1.0,B02
201400008078,0,7,0,0.0,2.0,2.0,15.0,A01
201400008078,0,10,0,0.0,2.0,1.0,1.0,C03
201400008079,0,32,0,1.0,0.0,1.0,0.0,A01
201400008080,0,7,0,0.0,2.0,1.0,23.0,C03
201400008080,0,7,0,0.0,2.0,1.0,1.0,B02
201400008080,0,7,0,0.0,2.0,3.0,9.0,A01
201400008081,0,14,0,0.0,2.0,9.0,21.0,A01
201400008082,0,10,0,0.0,2.0,3.0,19.0,A01
201400008082,0,7,0,0.0,0.0,7.0,1.0,B02
201400008083,0,7,0,6.0,0.0,3.0,5.0,A01
201400008084,0,31,0,0.0,2.0,1.0,1.0,B02
201400008084,0,7,0,0.0,2.0,3.0,17.0,A01
201400008085,0,33,0,0.0,2.0,1.0,17.0,A01
201400008085,0,7,0,0.0,2.0,6.0,15.0,B02
201400008086,0,33,0,2.0,0.0,3.0,16.0,A01
201400008087,0,1,0,0.0,0.0,0.0,1.0,A01
201400008088,0,33,0,2.0,0.0,1.0,21.0,A01
201400008089,0,33,0,0.0,0.0,0.0,1.0,A01
201400008090,0,33,0,0.0,2.0,1.0,17.0,A01
201400008090,0,33,0,0.0,2.0,1.0,1.0,B02
201400008091,0,33,0,3.0,0.0,0.0,15.0,A01
201400008092,0,7,0,0.0,2.0,3.0,1.0,A01
201400008092,0,7,0,0.0,2.0,8.0,19.0,B02
201400008093,0,32,0,2.0,0.0,7.0,14.0,A01
201400008094,0,30,0,0.0,2.0,1.0,2.0,B02
201400008094,0,14,0,0.0,2.0,5.0,4.0,A01
201400008095,0,7,0,0.0,2.0,3.0,1.0,B02
201400008095,0,30,0,0.0,2.0,8.0,17.0,A01
201400008096,0,32,0,0.0,0.0,1.0,0.0,B02
201400008096,0,7,0,0.0,0.0,6.0,0.0,A01
201400008097,0,7,0,6.0,1.0,1.0,1.0,A01
201400008098,0,33,0,0.0,0.0,2.0,1.0,A01
201400008099,0,7,0,0.0,2.0,8.0,1.0,B02
201400008099,0,7,0,0.0,2.0,3.0,13.0,A01
201400008100,0,33,0,13.0,0.0,7.0,17.0,A01
201400008101,0,34,0,0.0,2.0,1.0,13.0,A01
201400008101,0,7,0,0.0,2.0,1.0,1.0,B02
201400008102,0,7,0,0.0,1.0,4.0,4.0,A01
201400008103,0,7,0,1.0,2.0,1.0,1.0,A01
201400008103,0,7,0,2.0,2.0,4.0,1.0,C03
201400008104,0,14,0,0.0,1.0,7.0,1.0,A01
201400008105,0,33,0,0.0,2.0,1.0,1.0,B02
201400008105,0,7,0,0.0,2.0,8.0,22.0,A01
201400008106,0,7,0,0.0,2.0,3.0,1.0,A01
201400008106,0,7,0,0.0,2.0,3.0,1.0,B02
201400008107,0,7,0,0.0,2.0,3.0,1.0,B02
201400008107,0,7,0,0.0,2.0,3.0,13.0,A01
201400008108,0,7,0,0.0,0.0,2.0,15.0,A01
201400008108,0,33,0,0.0,2.0,1.0,1.0,B02
201400008109,0,7,0,0.0,2.0,3.0,2.0,A01
201400008109,0,7,0,0.0,0.0,5.0,20.0,B02
201400008110,0,7,0,13.0,0.0,9.0,1.0,A01
201400008111,1,14,0,0.0,1.0,2.0,1.0,A01
201400008112,0,7,0,1.0,0.0,1.0,14.0,A01
201400008112,0,32,0,0.0,0.0,4.0,24.0,B02
201400008113,0,7,0,2.0,0.0,2.0,1.0,A01
201400008114,1,7,0,0.0,1.0,8.0,1.0,A01
201400008115,0,7,0,0.0,2.0,2.0,0.0,A01
201400008115,0,33,0,0.0,2.0,1.0,13.0,B02
201400008116,0,7,0,0.0,2.0,3.0,1.0,B02
201400008116,0,15,0,0.0,2.0,1.0,13.0,A01
201400008117,0,7,0,0.0,2.0,3.0,1.0,B02
201400008117,0,7,0,0.0,2.0,3.0,13.0,A01
201400008118,0,34,0,0.0,0.0,1.0,1.0,A01
201400008119,0,7,0,2.0,0.0,1.0,1.0,A01
201400008120,0,7,0,0.0,1.0,2.0,1.0,A01
201400008121,0,7,0,0.0,1.0,2.0,1.0,A01
201400008122,0,10,0,0.0,2.0,2.0,1.0,A01
201400008122,0,7,0,0.0,0.0,8.0,16.0,B02
201400008123,0,10,0,13.0,0.0,7.0,0.0,A01
201400008124,0,7,0,0.0,2.0,1.0,13.0,A01
201400008124,0,7,0,0.0,2.0,1.0,1.0,B02
201400008125,0,7,0,0.0,2.0,2.0,15.0,A01
201400008125,0,33,0,0.0,2.0,1.0,1.0,B02
201400008126,0,15,0,0.0,0.0,0.0,0.0,A01
201400008126,0,1,0,0.0,0.0,0.0,0.0,B02
201400008127,0,7,0,0.0,1.0,1.0,1.0,A01
201400008128,0,7,0,0.0,2.0,1.0,1.0,B02
201400008128,0,7,0,0.0,2.0,7.0,9.0,A01
201400008129,0,7,0,0.0,2.0,1.0,1.0,B02
201400008129,2,7,0,0.0,2.0,8.0,15.0,A01
201400008130,0,10,0,0.0,0.0,8.0,17.0,A01
201400008130,0,33,0,0.0,0.0,7.0,14.0,B02
201400008131,0,7,0,0.0,2.0,3.0,1.0,B02
201400008131,0,7,0,0.0,0.0,3.0,5.0,A01
201400008132,0,3,0,13.0,0.0,1.0,1.0,A01
201400008133,0,1,0,0.0,0.0,6.0,13.0,B02
201400008133,0,33,0,0.0,9.0,2.0,17.0,A01
201400008134,0,7,0,0.0,0.0,2.0,11.0,A01
201400008134,0,7,0,0.0,2.0,6.0,1.0,B02
201400008135,0,33,0,0.0,2.0,7.0,1.0,B02
201400008135,0,7,0,0.0,2.0,7.0,15.0,A01
201400008136,0,7,0,0.0,2.0,2.0,13.0,B02
201400008136,0,7,0,0.0,2.0,2.0,1.0,A01
201400008137,0,10,0,2.0,0.0,1.0,1.0,A01
201400008138,0,1,0,0.0,0.0,0.0,1.0,A01
201400008139,0,10,0,0.0,0.0,9.0,13.0,A01
201400008140,0,10,0,0.0,1.0,1.0,19.0,A01
201400008141,0,7,0,0.0,2.0,3.0,1.0,A01
201400008141,0,3,0,0.0,2.0,3.0,13.0,B02
201400008142,0,7,0,3.0,0.0,2.0,1.0,A01
201400008143,0,7,0,13.0,2.0,2.0,1.0,A01
201400008143,0,7,0,0.0,2.0,1.0,1.0,B02
201400008144,0,33,0,0.0,2.0,1.0,1.0,A01
201400008144,0,7,0,0.0,2.0,3.0,15.0,B02
201400008145,0,7,0,0.0,0.0,8.0,1.0,A01
201400008146,0,34,0,0.0,2.0,1.0,2.0,B02
201400008146,0,10,0,0.0,2.0,4.0,2.0,A01
201400008147,0,33,0,0.0,0.0,7.0,1.0,A01
201400008148,0,33,0,13.0,0.0,2.0,1.0,A01
201400008149,0,33,0,13.0,0.0,2.0,13.0,A01
201400008150,0,33,0,0.0,0.0,1.0,1.0,A01
201400008151,0,7,0,0.0,2.0,3.0,1.0,B02
201400008151,0,33,0,0.0,2.0,1.0,13.0,A01
201400008152,0,33,0,0.0,2.0,1.0,1.0,B02
201400008152,0,10,0,0.0,0.0,8.0,9.0,A01
201400008153,0,7,0,2.0,0.0,1.0,0.0,A01
201400008154,0,7,0,0.0,2.0,3.0,1.0,A01
201400008154,0,99,0,0.0,2.0,1.0,19.0,B02
201400008155,0,7,0,13.0,0.0,2.0,1.0,A01
201400008156,0,7,0,2.0,0.0,2.0,1.0,A01
201400008157,0,99,0,13.0,0.0,1.0,14.0,A01
201400008158,0,7,0,0.0,2.0,3.0,17.0,A01
201400008158,0,7,0,0.0,2.0,8.0,1.0,B02
201400008158,0,10,0,0.0,9.0,3.0,1.0,C03
201400008158,0,7,0,0.0,2.0,3.0,1.0,D04
201400008159,0,7,0,0.0,2.0,3.0,1.0,B02
201400008159,0,7,0,0.0,2.0,8.0,1.0,A01
201400008160,0,7,0,0.0,1.0,2.0,1.0,A01
201400008161,0,31,0,0.0,2.0,1.0,1.0,A01
201400008161,0,7,0,0.0,0.0,4.0,1.0,B02
201400008162,0,34,0,0.0,0.0,0.0,1.0,A01
201400008163,0,7,0,0.0,2.0,3.0,0.0,B02
201400008163,0,7,0,0.0,2.0,3.0,15.0,A01
201400008164,0,7,0,13.0,0.0,2.0,14.0,A01
201400008165,0,33,0,0.0,0.0,7.0,1.0,A01
201400008166,0,33,0,0.0,0.0,9.0,17.0,A01
201400008167,0,7,0,1.0,0.0,3.0,13.0,A01
201400008168,0,7,0,0.0,2.0,1.0,1.0,A01
201400008168,0,7,0,0.0,2.0,2.0,1.0,B02
201400008169,0,13,0,0.0,0.0,6.0,1.0,A01
201400008169,0,10,0,0.0,2.0,1.0,1.0,C03
201400008169,0,7,0,0.0,2.0,2.0,17.0,B02
201400008170,0,7,0,0.0,2.0,1.0,1.0,A01
201400008170,0,7,0,0.0,0.0,8.0,19.0,B02
201400008171,0,7,0,2.0,0.0,8.0,1.0,A01
201400008172,0,7,0,0.0,0.0,0.0,15.0,A01
201400008172,0,7,0,1.0,0.0,9.0,1.0,B02
201400008172,0,10,0,0.0,0.0,1.0,24.0,C03
201400008173,0,7,0,0.0,0.0,4.0,23.0,A01
201400008173,0,15,0,0.0,2.0,1.0,2.0,C03
201400008173,0,10,0,0.0,2.0,4.0,23.0,B02
201400008174,0,7,0,0.0,1.0,3.0,1.0,A01
201400008175,0,33,0,6.0,0.0,1.0,1.0,A01
201400008176,0,33,0,0.0,2.0,1.0,1.0,A01
201400008176,0,7,0,0.0,0.0,8.0,15.0,B02
201400008177,0,1,0,0.0,2.0,8.0,2.0,B02
201400008177,0,15,0,0.0,9.0,2.0,2.0,A01
201400008178,0,7,0,0.0,2.0,2.0,13.0,A01
201400008178,0,7,0,0.0,2.0,3.0,1.0,B02
201400008179,0,33,0,0.0,2.0,1.0,15.0,A01
201400008179,0,10,0,0.0,2.0,7.0,1.0,B02
201400008180,0,30,0,0.0,2.0,7.0,1.0,A01
201400008180,0,7,0,0.0,2.0,3.0,15.0,B02
201400008181,0,33,0,13.0,0.0,1.0,1.0,A01
201400008182,0,10,0,13.0,0.0,3.0,2.0,A01
201400008183,0,31,0,8.0,0.0,1.0,1.0,A01
201400008184,0,33,0,0.0,2.0,1.0,2.0,B02
201400008184,0,7,0,0.0,0.0,8.0,10.0,A01
201400008185,0,7,0,13.0,0.0,1.0,1.0,A01
201400008186,0,7,0,0.0,2.0,2.0,2.0,A01
201400008186,0,1,0,0.0,2.0,8.0,16.0,B02
201400008187,0,7,0,0.0,1.0,1.0,1.0,A01
201400008188,0,10,0,0.0,2.0,1.0,1.0,A01
201400008188,0,7,0,0.0,2.0,1.0,13.0,B02
201400008189,0,33,0,0.0,2.0,1.0,2.0,B02
201400008189,0,10,0,0.0,2.0,4.0,2.0,A01
201400008190,0,7,0,1.0,0.0,2.0,1.0,A01
201400008191,0,33,0,0.0,2.0,1.0,1.0,B02
201400008191,0,10,0,0.0,2.0,1.0,15.0,A01
201400008192,0,33,0,0.0,2.0,1.0,10.0,A01
201400008192,0,10,0,0.0,2.0,2.0,2.0,B02
201400008193,0,33,0,0.0,0.0,0.0,1.0,A01
201400008194,0,2,0,0.0,2.0,1.0,1.0,B02
201400008194,0,7,0,0.0,2.0,2.0,15.0,A01
201400008195,0,14,0,0.0,0.0,2.0,2.0,A01
201400008195,0,1,0,0.0,0.0,8.0,2.0,B02
201400008196,0,7,0,0.0,2.0,2.0,1.0,A01
201400008197,0,34,0,0.0,2.0,7.0,1.0,A01
201400008197,0,7,0,0.0,2.0,6.0,1.0,B02
201400008198,0,7,0,0.0,1.0,6.0,0.0,A01
201400008199,0,7,0,0.0,2.0,3.0,5.0,B02
201400008199,0,2,0,0.0,2.0,1.0,1.0,A01
201400008200,0,30,0,5.0,0.0,1.0,1.0,A01
201400008201,0,7,0,2.0,0.0,2.0,14.0,A01
201400008202,0,7,0,0.0,2.0,1.0,15.0,B02
201400008202,0,33,0,0.0,2.0,1.0,1.0,A01
201400008203,0,33,0,0.0,2.0,1.0,13.0,A01
201400008203,0,7,0,0.0,2.0,1.0,13.0,B02
201400008204,0,31,0,0.0,2.0,3.0,18.0,A01
201400008204,0,10,0,0.0,0.0,5.0,23.0,B02
201400008205,0,33,0,0.0,1.0,1.0,1.0,A01
201400008206,0,10,0,0.0,2.0,7.0,1.0,C03
201400008206,0,31,0,0.0,2.0,9.0,17.0,A01
201400008206,0,7,0,0.0,2.0,3.0,1.0,B02
201400008207,0,34,0,0.0,2.0,8.0,19.0,A01
201400008207,0,7,0,0.0,2.0,1.0,1.0,B02
201400008208,0,33,0,0.0,2.0,1.0,17.0,A01
201400008208,0,7,0,0.0,2.0,1.0,1.0,B02
201400008209,0,33,0,0.0,2.0,4.0,1.0,B02
201400008209,0,7,0,0.0,2.0,1.0,1.0,A01
201400008210,0,34,0,0.0,2.0,2.0,3.0,B02
201400008210,0,7,0,0.0,2.0,8.0,1.0,A01
201400008211,0,7,0,0.0,2.0,1.0,1.0,B02
201400008211,0,7,0,0.0,2.0,1.0,13.0,A01
201400008212,0,31,0,13.0,0.0,2.0,14.0,A01
201400008213,0,2,0,3.0,0.0,7.0,1.0,A01
201400008214,0,1,0,0.0,2.0,7.0,2.0,B02
201400008214,0,7,0,0.0,2.0,3.0,2.0,A01
201400008215,0,30,0,0.0,2.0,1.0,1.0,B02
201400008215,0,7,0,0.0,2.0,6.0,10.0,A01
201400008216,0,7,0,0.0,9.0,4.0,1.0,B02
201400008216,0,1,0,0.0,2.0,1.0,1.0,A01
201400008217,0,31,0,0.0,2.0,1.0,1.0,B02
201400008217,0,7,0,0.0,2.0,8.0,19.0,A01
201400008218,0,7,0,0.0,2.0,3.0,1.0,B02
201400008218,0,7,0,0.0,2.0,3.0,13.0,A01
201400008219,0,7,0,0.0,2.0,4.0,16.0,A01
201400008219,0,31,0,0.0,2.0,3.0,21.0,B02
201400008220,0,31,0,13.0,0.0,1.0,14.0,A01
201400008221,0,33,0,0.0,2.0,0.0,15.0,A01
201400008221,0,33,0,0.0,2.0,7.0,1.0,B02
201400008222,0,7,0,0.0,2.0,8.0,15.0,B02
201400008222,0,33,0,0.0,2.0,1.0,17.0,A01
201400008223,0,7,0,0.0,2.0,7.0,13.0,A01
201400008223,0,1,0,0.0,2.0,7.0,1.0,B02
201400008224,0,33,0,1.0,2.0,3.0,2.0,A01
201400008225,0,33,0,0.0,2.0,1.0,17.0,B02
201400008225,0,34,0,0.0,2.0,1.0,17.0,A01
201400008226,0,7,0,0.0,1.0,2.0,1.0,A01
201400008227,0,7,0,0.0,1.0,2.0,1.0,A01
201400008228,0,14,0,0.0,2.0,4.0,1.0,A01
201400008228,0,33,0,0.0,2.0,1.0,1.0,B02
201400008229,0,32,0,0.0,2.0,1.0,5.0,A01
201400008229,0,7,0,0.0,2.0,1.0,1.0,B02
201400008230,0,33,0,0.0,2.0,1.0,2.0,B02
201400008230,0,7,0,0.0,0.0,4.0,0.0,A01
201400008231,0,7,0,0.0,2.0,2.0,16.0,A01
201400008231,0,31,0,0.0,2.0,1.0,1.0,B02
201400008232,0,33,0,0.0,0.0,1.0,0.0,B02
201400008232,0,7,0,0.0,0.0,2.0,0.0,A01
201400008233,0,33,0,4.0,0.0,1.0,1.0,A01
201400008234,0,7,0,0.0,2.0,1.0,1.0,A01
201400008234,0,10,0,0.0,2.0,1.0,1.0,C03
201400008234,0,10,0,0.0,2.0,1.0,1.0,B02
201400008235,0,31,0,0.0,2.0,3.0,1.0,B02
201400008235,0,7,0,0.0,2.0,7.0,10.0,A01
201400008236,0,7,0,0.0,2.0,3.0,13.0,B02
201400008236,0,32,0,0.0,2.0,2.0,14.0,A01
201400008237,0,7,0,0.0,1.0,1.0,1.0,A01
201400008238,0,32,0,0.0,2.0,1.0,1.0,A01
201400008238,0,14,0,0.0,2.0,6.0,13.0,B02
201400008239,0,33,0,0.0,2.0,1.0,1.0,B02
201400008239,0,7,0,0.0,2.0,1.0,15.0,A01
201400008240,0,30,0,0.0,2.0,0.0,13.0,A01
201400008240,0,13,0,0.0,2.0,5.0,1.0,B02
201400008241,0,1,0,0.0,2.0,0.0,0.0,A01
201400008242,0,31,0,0.0,0.0,1.0,1.0,A01
201400008243,0,7,0,0.0,2.0,1.0,2.0,A01
201400008243,0,34,0,0.0,0.0,0.0,0.0,B02
201400008244,0,34,0,0.0,2.0,1.0,1.0,A01
201400008244,0,10,0,0.0,2.0,6.0,1.0,B02
201400008245,0,31,0,0.0,2.0,5.0,1.0,B02
201400008245,0,31,0,0.0,2.0,2.0,23.0,A01
201400008246,0,7,0,0.0,1.0,6.0,1.0,A01
201400008247,0,7,0,0.0,2.0,3.0,10.0,A01
201400008247,0,33,0,0.0,2.0,1.0,1.0,B02
201400008248,1,7,0,0.0,2.0,3.0,1.0,A01
201400008248,0,33,0,0.0,2.0,2.0,1.0,B02
201400008249,0,7,0,1.0,0.0,2.0,1.0,A01
201400008249,0,15,0,1.0,0.0,4.0,24.0,B02
201400008250,0,7,0,10.0,0.0,1.0,1.0,A01
201400008251,0,34,0,0.0,2.0,4.0,2.0,B02
201400008251,0,10,0,0.0,2.0,1.0,1.0,A01
201400008252,0,7,0,0.0,2.0,4.0,16.0,B02
201400008252,0,38,2,0.0,2.0,1.0,2.0,A01
201400008253,0,32,0,14.0,0.0,1.0,1.0,A01
201400008254,0,14,0,0.0,1.0,0.0,1.0,A01
201400008255,0,10,0,0.0,2.0,8.0,15.0,B02
201400008255,0,2,0,0.0,2.0,1.0,17.0,A01