Num_Acc,senc,catv,occutc,obs,obsm,choc,manv,num_veh
201400008256,0,7,0,0.0,2.0,5.0,23.0,A01
201400008256,0,7,0,0.0,2.0,3.0,2.0,B02
201400008256,0,15,0,0.0,2.0,6.0,23.0,D04
201400008256,0,7,0,0.0,2.0,8.0,1.0,C03
201400008257,0,7,0,0.0,2.0,3.0,13.0,A01
201400008257,0,33,0,0.0,2.0,1.0,2.0,B02
201400008258,0,7,0,6.0,0.0,4.0,13.0,A01
201400008259,0,10,0,2.0,0.0,2.0,0.0,A01
201400008260,0,7,0,0.0,2.0,3.0,15.0,B02
201400008260,0,7,0,4.0,2.0,1.0,0.0,A01
201400008261,0,7,0,0.0,2.0,3.0,13.0,B02
201400008261,0,33,0,0.0,2.0,1.0,13.0,A01
201400008261,0,33,0,0.0,2.0,1.0,1.0,C03
201400008262,0,7,0,0.0,2.0,1.0,1.0,B02
201400008262,0,7,0,0.0,2.0,1.0,13.0,A01
201400008263,0,7,0,0.0,2.0,3.0,13.0,A01
201400008263,0,14,0,0.0,2.0,3.0,1.0,B02
201400008264,0,10,0,0.0,2.0,1.0,15.0,A01
201400008264,0,7,0,0.0,2.0,1.0,1.0,B02
201400008265,0,7,0,0.0,2.0,3.0,15.0,A01
201400008265,0,2,0,0.0,2.0,7.0,1.0,B02
201400008266,0,7,0,0.0,2.0,1.0,1.0,A01
201400008266,0,10,0,0.0,0.0,8.0,19.0,B02
201400008267,0,31,0,0.0,2.0,8.0,1.0,B02
201400008267,1,7,0,0.0,2.0,7.0,17.0,A01
201400008268,0,7,0,0.0,2.0,3.0,13.0,A01
201400008268,0,31,0,0.0,2.0,1.0,1.0,B02
201400008269,0,33,0,6.0,0.0,4.0,1.0,A01
201400008270,0,33,0,0.0,2.0,8.0,1.0,A01
201400008270,0,7,0,0.0,2.0,6.0,9.0,B02
201400008271,0,33,0,16.0,2.0,1.0,5.0,A01
201400008271,0,7,0,0.0,2.0,1.0,1.0,B02
201400008272,0,7,0,0.0,2.0,3.0,1.0,B02
201400008272,0,7,0,0.0,2.0,1.0,5.0,A01
201400008273,0,7,0,0.0,2.0,3.0,1.0,C03
201400008273,0,33,0,0.0,2.0,1.0,1.0,A01
201400008273,0,7,0,0.0,2.0,6.0,1.0,B02
201400008274,0,30,0,0.0,2.0,2.0,1.0,A01
201400008274,0,7,0,0.0,2.0,6.0,13.0,B02
201400008275,0,7,0,0.0,2.0,1.0,1.0,A01
201400008275,0,1,0,0.0,2.0,1.0,15.0,B02
201400008276,0,33,0,0.0,0.0,0.0,1.0,A01
201400008277,0,7,0,0.0,1.0,7.0,1.0,A01
201400008278,0,37,1,0.0,2.0,2.0,2.0,B02
201400008278,0,7,0,0.0,0.0,3.0,0.0,A01
201400008279,0,21,0,12.0,0.0,9.0,13.0,A01
201400008280,0,1,0,0.0,2.0,1.0,19.0,A01
201400008280,0,7,0,0.0,2.0,2.0,1.0,B02
201400008281,0,33,0,12.0,0.0,1.0,1.0,A01
201400008282,0,33,0,0.0,0.0,4.0,1.0,A01
201400008282,0,7,0,0.0,0.0,2.0,1.0,B02
201400008283,0,7,0,0.0,1.0,2.0,19.0,A01
201400008284,0,31,0,2.0,0.0,1.0,1.0,A01
201400008285,0,7,0,0.0,1.0,3.0,1.0,A01
201400008286,0,33,0,0.0,2.0,1.0,1.0,B02
201400008286,0,7,0,0.0,2.0,7.0,15.0,A01
201400008287,0,21,0,0.0,0.0,3.0,15.0,B02
201400008287,0,33,0,0.0,2.0,1.0,17.0,A01
201400008288,0,7,0,0.0,2.0,2.0,13.0,A01
201400008288,0,7,0,0.0,2.0,1.0,1.0,B02
201400008289,0,7,0,0.0,2.0,8.0,15.0,A01
201400008289,0,33,0,0.0,2.0,7.0,17.0,B02
201400008290,0,31,0,0.0,2.0,1.0,17.0,A01
201400008290,0,3,0,0.0,2.0,8.0,15.0,B02
201400008291,0,33,0,8.0,0.0,2.0,1.0,A01
201400008292,0,7,0,0.0,2.0,3.0,13.0,A01
201400008292,0,7,0,15.0,0.0,3.0,1.0,B02
201400008293,0,33,0,0.0,2.0,1.0,1.0,B02
201400008293,0,7,0,0.0,2.0,3.0,13.0,A01
201400008294,0,10,0,0.0,2.0,6.0,24.0,A01
201400008294,0,2,0,1.0,0.0,1.0,14.0,B02
201400008295,0,7,0,6.0,0.0,1.0,1.0,A01
201400008296,0,7,0,6.0,0.0,2.0,1.0,A01
201400008297,0,7,0,6.0,0.0,1.0,1.0,A01
201400008298,0,7,0,0.0,0.0,2.0,15.0,A01
201400008298,0,7,0,0.0,0.0,1.0,1.0,B02
201400008299,0,7,0,0.0,2.0,1.0,13.0,A01
201400008299,0,7,0,0.0,2.0,1.0,1.0,B02
201400008300,0,7,0,0.0,2.0,1.0,13.0,A01
201400008300,0,7,0,0.0,2.0,3.0,1.0,B02
201400008301,0,7,0,8.0,0.0,1.0,13.0,A01
201400008302,0,2,0,0.0,2.0,1.0,1.0,B02
201400008302,0,7,0,0.0,2.0,3.0,15.0,A01
201400008303,0,7,0,8.0,0.0,1.0,0.0,A01
201400008304,0,1,0,0.0,0.0,8.0,1.0,C03
201400008304,0,1,0,0.0,0.0,8.0,1.0,B02
201400008304,0,7,0,0.0,9.0,7.0,2.0,A01
201400008305,0,7,0,0.0,2.0,1.0,1.0,A01
201400008305,0,1,0,0.0,2.0,8.0,19.0,B02
201400008306,0,33,0,8.0,0.0,2.0,14.0,A01
201400008307,0,7,0,0.0,0.0,1.0,0.0,A01
201400008307,0,10,0,0.0,2.0,1.0,0.0,B02
201400008308,0,10,0,0.0,2.0,4.0,23.0,A01
201400008308,0,2,0,0.0,2.0,1.0,1.0,B02
201400008309,0,7,0,0.0,2.0,6.0,1.0,B02
201400008309,1,7,0,0.0,2.0,0.0,0.0,A01
201400008310,0,7,0,0.0,2.0,3.0,1.0,A01
201400008310,0,1,0,0.0,2.0,1.0,19.0,B02
201400008311,0,7,0,0.0,2.0,7.0,15.0,A01
201400008311,0,7,0,0.0,2.0,1.0,1.0,B02
201400008312,0,33,0,0.0,0.0,0.0,1.0,A01
201400008313,0,2,0,1.0,0.0,3.0,13.0,A01
201400008313,0,7,0,0.0,2.0,8.0,24.0,B02
201400008314,0,7,0,0.0,1.0,8.0,15.0,A01
201400008315,0,1,0,0.0,2.0,3.0,1.0,A01
201400008315,0,1,0,0.0,2.0,7.0,17.0,B02
201400008316,0,1,0,0.0,2.0,4.0,1.0,B02
201400008316,0,10,0,0.0,9.0,2.0,1.0,A01
201400008317,0,7,0,0.0,2.0,2.0,13.0,A01
201400008317,0,7,0,0.0,2.0,3.0,1.0,B02
201400008318,0,7,0,0.0,1.0,1.0,1.0,A01
201400008319,0,2,0,0.0,2.0,1.0,2.0,A01
201400008319,0,2,0,0.0,2.0,4.0,2.0,B02
201400008320,0,14,0,0.0,0.0,2.0,10.0,A01
201400008320,0,10,0,0.0,0.0,3.0,2.0,B02
201400008321,0,10,0,0.0,9.0,3.0,17.0,A01
201400008321,0,1,0,0.0,2.0,1.0,1.0,B02
201400008322,0,7,0,0.0,2.0,1.0,1.0,B02
201400008322,0,7,0,0.0,2.0,1.0,17.0,A01
201400008323,0,30,0,0.0,2.0,1.0,2.0,A01
201400008323,0,7,0,0.0,0.0,4.0,23.0,B02
201400008324,0,7,0,0.0,1.0,1.0,1.0,A01
201400008325,0,10,0,0.0,1.0,4.0,4.0,A01
201400008326,0,33,0,1.0,0.0,1.0,1.0,D04
201400008327,0,31,0,0.0,2.0,8.0,21.0,B02
201400008327,0,7,0,0.0,2.0,1.0,15.0,A01
201400008328,0,7,0,0.0,0.0,5.0,16.0,A01
201400008328,0,31,0,0.0,2.0,1.0,18.0,B02
201400008329,0,7,0,0.0,2.0,3.0,13.0,A01
201400008329,0,7,0,0.0,0.0,3.0,1.0,B02
201400008330,0,7,0,0.0,1.0,3.0,1.0,A01
201400008331,0,33,0,0.0,5.0,1.0,6.0,A01
201400008332,0,1,0,0.0,2.0,1.0,0.0,B02
201400008332,0,7,0,0.0,9.0,2.0,1.0,A01
201400008333,0,7,0,0.0,2.0,3.0,23.0,A01
201400008333,0,7,0,0.0,2.0,1.0,5.0,B02
201400008334,0,7,0,0.0,1.0,2.0,1.0,A01
201400008335,0,7,0,0.0,0.0,4.0,2.0,A01
201400008335,0,10,0,0.0,0.0,1.0,2.0,B02
201400008336,0,7,0,0.0,2.0,1.0,2.0,A01
201400008336,0,7,0,0.0,2.0,4.0,2.0,B02
201400008337,0,7,0,0.0,2.0,6.0,1.0,A01
201400008337,0,34,0,0.0,2.0,1.0,1.0,B02
201400008338,0,7,0,0.0,1.0,3.0,19.0,A01
201400008339,0,7,0,0.0,0.0,3.0,1.0,A01
201400008340,0,33,0,16.0,5.0,0.0,1.0,A01
201400008341,0,7,0,0.0,1.0,0.0,1.0,A01
201400008342,0,7,0,0.0,2.0,1.0,1.0,A01
201400008342,0,10,0,0.0,2.0,1.0,1.0,B02
201400008343,0,7,0,0.0,1.0,1.0,1.0,A01
201400008344,0,33,0,3.0,0.0,1.0,1.0,A01
201400008345,0,7,0,2.0,0.0,1.0,1.0,A01
201400008346,0,33,0,0.0,2.0,1.0,1.0,A01
201400008346,0,7,0,0.0,2.0,3.0,1.0,B02
201400008347,0,33,0,0.0,2.0,1.0,1.0,A01
201400008347,0,7,0,0.0,2.0,1.0,1.0,B02
201400008348,0,7,0,2.0,0.0,1.0,1.0,A01
201400008349,0,7,0,6.0,0.0,2.0,0.0,A01
201400008350,0,7,0,0.0,2.0,3.0,0.0,B02
201400008350,0,7,0,0.0,2.0,2.0,0.0,C03
201400008350,0,10,0,0.0,2.0,3.0,13.0,A01
201400008351,0,33,0,0.0,2.0,1.0,1.0,C03
201400008351,0,7,0,0.0,2.0,3.0,1.0,A01
201400008351,0,7,0,0.0,2.0,4.0,23.0,B02
201400008352,0,33,0,0.0,2.0,1.0,13.0,A01
201400008352,0,10,0,0.0,2.0,1.0,1.0,B02
201400008353,0,7,0,0.0,9.0,2.0,13.0,A01
201400008353,0,1,0,0.0,2.0,1.0,15.0,B02
201400008354,0,7,0,0.0,1.0,2.0,9.0,A01
201400008355,0,1,0,0.0,2.0,6.0,1.0,B02
201400008355,1,7,0,0.0,2.0,2.0,17.0,A01
201400008356,0,7,0,2.0,0.0,3.0,1.0,A01
201400008357,0,7,0,0.0,0.0,6.0,15.0,A01
201400008357,0,32,0,0.0,2.0,2.0,17.0,B02
201400008358,0,33,0,0.0,2.0,1.0,13.0,A01
201400008358,0,7,0,0.0,0.0,6.0,1.0,B02
201400008359,0,37,1,0.0,2.0,7.0,17.0,A01
201400008359,0,1,0,0.0,2.0,8.0,1.0,B02
201400008360,0,7,0,0.0,2.0,3.0,1.0,B02
201400008360,0,7,0,0.0,2.0,3.0,13.0,A01
201400008361,0,7,0,0.0,9.0,2.0,2.0,A01
201400008361,0,1,0,0.0,0.0,4.0,2.0,B02
201400008362,0,10,0,0.0,1.0,1.0,1.0,A01
201400008363,0,7,0,2.0,0.0,7.0,1.0,A01
201400008364,0,10,0,2.0,0.0,7.0,1.0,A01
201400008365,0,7,0,6.0,0.0,1.0,16.0,A01
201400008366,0,7,0,2.0,0.0,8.0,1.0,A01
201400008367,0,7,0,0.0,2.0,7.0,19.0,A01
201400008367,0,7,0,0.0,2.0,1.0,21.0,B02
201400008368,0,7,0,0.0,2.0,3.0,1.0,B02
201400008368,0,7,0,0.0,2.0,3.0,13.0,A01
201400008369,0,2,0,0.0,2.0,7.0,1.0,B02
201400008369,0,7,0,0.0,2.0,1.0,15.0,A01
201400008370,0,7,0,0.0,2.0,3.0,1.0,B02
201400008370,0,7,0,0.0,2.0,3.0,13.0,A01
201400008371,0,2,0,0.0,2.0,1.0,1.0,B02
201400008371,0,10,0,0.0,2.0,2.0,15.0,A01
201400008372,0,1,0,0.0,2.0,0.0,1.0,A01
201400008372,2,7,0,0.0,2.0,6.0,1.0,B02
201400008373,0,33,0,16.0,0.0,7.0,1.0,A01
201400008374,0,7,0,0.0,0.0,0.0,13.0,A01
201400008375,0,32,0,12.0,0.0,2.0,15.0,A01
201400008376,0,7,0,0.0,2.0,1.0,1.0,C03
201400008376,0,7,0,0.0,2.0,5.0,17.0,A01
201400008376,0,17,0,0.0,2.0,3.0,1.0,B02
201400008377,0,7,0,0.0,2.0,1.0,1.0,A01
201400008377,0,7,0,0.0,2.0,8.0,19.0,B02
201400008378,0,7,0,0.0,1.0,2.0,21.0,A01
201400008379,0,7,0,0.0,2.0,3.0,1.0,A01
201400008379,0,7,0,0.0,2.0,1.0,15.0,B02
201400008380,0,7,0,1.0,0.0,2.0,2.0,A01
201400008380,0,7,0,0.0,2.0,6.0,23.0,B02
201400008381,0,7,0,0.0,2.0,1.0,1.0,A01
201400008381,0,7,0,0.0,2.0,7.0,19.0,B02
201400008382,0,7,0,0.0,0.0,3.0,13.0,A01
201400008382,0,15,0,0.0,0.0,3.0,1.0,B02
201400008383,0,33,0,0.0,2.0,1.0,1.0,B02
201400008383,0,21,0,0.0,0.0,4.0,1.0,A01
201400008384,0,33,0,0.0,2.0,1.0,1.0,A01
201400008384,0,1,0,0.0,2.0,7.0,1.0,B02
201400008385,0,7,0,0.0,2.0,7.0,15.0,A01
201400008385,0,10,0,0.0,2.0,2.0,1.0,B02
201400008386,0,7,0,0.0,0.0,1.0,5.0,A01
201400008386,0,17,0,0.0,0.0,1.0,1.0,B02
201400008387,0,32,0,6.0,0.0,2.0,1.0,A01
201400008388,0,7,0,14.0,0.0,0.0,1.0,A01
201400008389,0,7,0,0.0,1.0,2.0,1.0,A01
201400008390,0,7,0,0.0,2.0,8.0,9.0,C03
201400008390,0,33,0,0.0,2.0,1.0,1.0,B02
201400008390,0,33,0,0.0,2.0,1.0,1.0,A01
201400008391,0,7,0,0.0,1.0,2.0,1.0,A01
201400008392,0,7,0,0.0,2.0,1.0,1.0,B02
201400008392,0,7,0,0.0,2.0,1.0,1.0,A01
201400008393,0,7,0,6.0,0.0,1.0,1.0,A01
201400008394,0,7,0,0.0,1.0,2.0,1.0,A01
201400008395,0,10,0,0.0,1.0,2.0,1.0,A01
201400008396,0,7,0,0.0,0.0,1.0,2.0,A01
201400008397,0,33,0,0.0,2.0,2.0,17.0,B02
201400008397,0,7,0,0.0,2.0,3.0,10.0,A01
201400008398,0,7,0,0.0,1.0,1.0,1.0,A01
201400008399,0,7,0,0.0,2.0,3.0,9.0,A01
201400008399,0,31,0,0.0,2.0,1.0,1.0,B02
201400008400,0,7,0,6.0,0.0,3.0,14.0,A01
201400008401,0,33,0,8.0,0.0,1.0,1.0,A01
201400008402,0,7,0,6.0,0.0,9.0,1.0,A01
201400008403,0,31,0,0.0,2.0,1.0,2.0,B02
201400008403,0,10,0,0.0,0.0,4.0,1.0,A01
201400008404,0,7,0,0.0,2.0,1.0,5.0,B02
201400008404,0,7,0,0.0,2.0,3.0,1.0,A01
201400008405,0,33,0,0.0,2.0,1.0,16.0,A01
201400008405,0,7,0,0.0,0.0,8.0,15.0,B02
201400008406,0,33,0,0.0,0.0,1.0,1.0,A01
201400008407,0,30,0,0.0,0.0,0.0,1.0,A01
201400008408,0,33,0,0.0,2.0,1.0,13.0,A01
201400008408,0,33,0,0.0,2.0,1.0,1.0,B02
201400008409,0,7,0,0.0,0.0,9.0,19.0,A01
201400008410,0,7,0,2.0,0.0,9.0,1.0,A01
201400008411,0,7,0,0.0,0.0,6.0,9.0,B02
201400008411,0,10,0,0.0,2.0,2.0,2.0,A01
201400008412,0,7,0,0.0,2.0,1.0,13.0,A01
201400008412,0,7,0,0.0,2.0,3.0,0.0,B02
201400008413,0,10,0,0.0,1.0,4.0,4.0,A01
201400008414,0,7,0,0.0,2.0,1.0,1.0,B02
201400008414,0,7,0,0.0,2.0,1.0,13.0,A01
201400008414,0,10,0,0.0,2.0,3.0,21.0,C03
201400008415,0,2,0,0.0,0.0,0.0,1.0,A01
201400008416,0,10,0,0.0,2.0,1.0,1.0,A01
201400008416,0,7,0,0.0,2.0,2.0,19.0,B02
201400008417,0,7,0,0.0,1.0,1.0,1.0,A01
201400008418,0,10,0,0.0,0.0,3.0,15.0,A01
201400008418,0,10,0,0.0,2.0,1.0,1.0,B02
201400008418,0,10,0,0.0,2.0,1.0,23.0,C03
201400008419,0,10,0,0.0,2.0,1.0,1.0,A01
201400008419,0,10,0,0.0,0.0,4.0,23.0,B02
201400008420,0,7,0,0.0,2.0,6.0,16.0,A01
201400008420,0,2,0,0.0,2.0,1.0,1.0,B02
201400008421,0,1,0,0.0,2.0,0.0,13.0,A01
201400008421,0,7,0,0.0,9.0,1.0,1.0,B02
201400008422,0,7,0,8.0,0.0,0.0,1.0,A01
201400008423,0,15,0,0.0,2.0,1.0,1.0,B02
201400008423,0,7,0,0.0,2.0,0.0,1.0,A01
201400008424,0,33,0,0.0,0.0,0.0,0.0,A01
201400008425,0,3,0,0.0,9.0,1.0,1.0,A01
201400008425,0,1,0,0.0,9.0,4.0,15.0,B02
201400008426,0,7,0,16.0,1.0,3.0,1.0,A01
201400008427,0,33,0,0.0,2.0,2.0,1.0,B02
201400008427,0,7,0,0.0,2.0,3.0,2.0,A01
201400008428,0,2,0,0.0,2.0,5.0,1.0,B02
201400008428,0,10,0,0.0,2.0,3.0,9.0,A01
201400008429,0,31,0,0.0,5.0,1.0,1.0,A01
201400008430,0,7,0,0.0,0.0,3.0,15.0,A01
201400008430,0,33,0,0.0,0.0,2.0,17.0,B02
201400008431,0,7,0,0.0,2.0,1.0,1.0,B02
201400008431,0,7,0,0.0,2.0,1.0,1.0,A01
201400008432,0,31,0,0.0,2.0,1.0,1.0,B02
201400008432,0,7,0,0.0,2.0,2.0,19.0,A01
201400008433,0,7,0,0.0,1.0,8.0,17.0,A01
201400008434,0,7,0,0.0,0.0,8.0,19.0,A01
201400008434,0,7,0,0.0,0.0,1.0,1.0,B02
201400008435,0,36,0,2.0,0.0,3.0,1.0,A01
201400008436,0,31,0,0.0,6.0,1.0,1.0,A01
201400008437,0,7,0,0.0,2.0,6.0,15.0,B02
201400008437,0,31,0,0.0,2.0,1.0,2.0,A01
201400008438,0,37,1,0.0,2.0,3.0,1.0,A01
201400008438,0,7,0,0.0,2.0,7.0,1.0,B02
201400008439,0,7,0,0.0,2.0,8.0,15.0,B02
201400008439,0,33,0,0.0,2.0,1.0,17.0,A01
201400008440,0,2,0,0.0,2.0,8.0,1.0,B02
201400008440,0,7,0,0.0,2.0,1.0,15.0,A01
201400008441,0,33,0,2.0,0.0,1.0,1.0,A01
201400008442,0,7,0,0.0,2.0,1.0,1.0,B02
201400008442,0,7,0,0.0,2.0,3.0,13.0,A01
201400008443,0,30,0,0.0,1.0,1.0,1.0,A01
201400008444,0,7,0,0.0,2.0,2.0,15.0,A01
201400008444,0,32,0,0.0,2.0,1.0,1.0,B02
201400008445,0,33,0,3.0,0.0,8.0,1.0,A01
201400008446,0,10,0,2.0,0.0,1.0,1.0,A01
201400008447,0,7,0,2.0,0.0,7.0,0.0,A01
201400008448,0,7,0,0.0,0.0,3.0,1.0,A01
201400008449,0,7,0,2.0,0.0,1.0,1.0,A01
201400008450,0,7,0,2.0,0.0,3.0,1.0,A01
201400008451,0,10,0,0.0,2.0,8.0,15.0,B02
201400008451,0,33,0,0.0,2.0,1.0,17.0,A01
201400008452,0,10,0,0.0,0.0,0.0,0.0,A01
201400008453,0,10,0,0.0,2.0,3.0,13.0,A01
201400008453,0,7,0,0.0,2.0,3.0,1.0,B02
201400008454,0,33,0,13.0,0.0,1.0,1.0,A01
201400008455,0,7,0,2.0,0.0,1.0,1.0,A01
201400008456,0,7,0,0.0,2.0,3.0,10.0,A01
201400008456,0,33,0,0.0,2.0,1.0,1.0,B02
201400008457,0,7,0,0.0,2.0,1.0,1.0,A01
201400008457,0,30,0,0.0,2.0,1.0,1.0,B02
201400008458,0,33,0,0.0,2.0,1.0,17.0,A01
201400008458,0,2,0,0.0,2.0,8.0,19.0,B02
201400008459,0,7,0,0.0,2.0,2.0,13.0,A01
201400008459,0,7,0,0.0,2.0,1.0,1.0,B02
201400008460,0,7,0,0.0,2.0,8.0,1.0,B02
201400008460,0,33,0,0.0,2.0,1.0,1.0,A01
201400008461,0,32,0,0.0,2.0,1.0,15.0,A01
201400008461,0,33,0,0.0,2.0,1.0,1.0,B02
201400008462,0,7,0,0.0,2.0,1.0,1.0,A01
201400008462,0,7,0,0.0,2.0,1.0,13.0,B02
201400008463,0,10,0,13.0,2.0,1.0,2.0,B02
201400008463,0,10,0,13.0,2.0,7.0,11.0,A01
201400008464,0,31,0,9.0,0.0,1.0,1.0,A01
201400008465,0,33,0,0.0,2.0,1.0,17.0,A01
201400008465,0,7,0,0.0,2.0,8.0,15.0,B02
201400008466,0,33,0,0.0,2.0,1.0,1.0,C03
201400008466,0,7,0,0.0,2.0,1.0,17.0,A01
201400008466,0,7,0,0.0,2.0,1.0,1.0,B02
201400008467,0,7,0,0.0,2.0,3.0,1.0,B02
201400008467,0,33,0,0.0,2.0,1.0,13.0,A01
201400008468,0,7,0,7.0,0.0,5.0,15.0,A01
201400008468,0,33,0,0.0,0.0,1.0,1.0,B02
201400008469,0,31,0,0.0,2.0,1.0,1.0,A01
201400008469,0,7,0,0.0,2.0,2.0,15.0,B02
201400008470,0,10,0,0.0,2.0,8.0,1.0,C03
201400008470,0,10,0,0.0,2.0,1.0,1.0,B02
201400008470,0,10,0,0.0,2.0,6.0,1.0,D04
201400008470,0,7,0,0.0,2.0,1.0,13.0,A01
201400008471,0,1,0,0.0,2.0,3.0,13.0,A01
201400008471,0,7,0,0.0,2.0,2.0,17.0,B02
201400008472,0,10,0,2.0,0.0,3.0,1.0,A01
201400008473,0,7,0,0.0,2.0,3.0,15.0,A01
201400008473,0,33,0,0.0,2.0,2.0,17.0,B02
201400008474,0,7,0,2.0,0.0,2.0,1.0,A01
201400008475,0,7,0,2.0,0.0,2.0,0.0,A01
201400008476,0,31,0,2.0,0.0,0.0,1.0,A01
201400008477,0,7,0,0.0,2.0,1.0,1.0,B02
201400008477,0,7,0,0.0,2.0,7.0,15.0,A01
201400008478,0,7,0,0.0,0.0,0.0,0.0,A01
201400008479,0,7,0,13.0,0.0,9.0,1.0,A01
201400008480,0,7,0,0.0,1.0,2.0,1.0,A01
201400008481,0,7,0,14.0,9.0,7.0,17.0,A01
201400008481,0,1,0,14.0,2.0,8.0,1.0,B02
201400008482,0,7,0,0.0,0.0,7.0,0.0,A01
201400008483,0,10,0,0.0,2.0,2.0,13.0,A01
201400008483,0,7,0,0.0,2.0,3.0,1.0,B02
201400008484,0,7,0,0.0,1.0,3.0,1.0,A01
201400008485,0,7,0,0.0,1.0,1.0,1.0,A01
201400008486,0,7,0,2.0,0.0,1.0,1.0,A01
201400008487,0,33,0,0.0,2.0,7.0,2.0,B02
201400008487,0,7,0,0.0,2.0,8.0,15.0,A01
201400008488,0,10,0,0.0,0.0,1.0,0.0,A01
201400008489,0,34,0,0.0,0.0,7.0,1.0,A01
201400008490,0,7,0,2.0,0.0,1.0,1.0,A01
201400008491,0,31,0,0.0,0.0,1.0,1.0,A01
201400008492,0,7,0,0.0,9.0,1.0,2.0,A01
201400008492,0,1,0,0.0,2.0,4.0,2.0,B02
201400008493,0,7,0,2.0,0.0,1.0,1.0,A01
201400008494,2,36,0,8.0,0.0,7.0,16.0,A01
201400008495,0,7,0,0.0,0.0,8.0,15.0,B02
201400008495,0,31,0,0.0,2.0,1.0,13.0,A01
201400008496,0,7,0,0.0,2.0,1.0,1.0,C03
201400008496,0,7,0,2.0,2.0,9.0,1.0,A01
201400008496,0,7,0,0.0,2.0,1.0,1.0,B02
201400008497,0,33,0,0.0,2.0,7.0,17.0,A01
201400008497,0,7,0,0.0,2.0,3.0,15.0,B02
201400008498,0,7,0,2.0,0.0,7.0,1.0,A01
201400008499,0,7,0,2.0,0.0,1.0,1.0,A01
201400008500,0,14,0,2.0,0.0,2.0,1.0,A01
201400008501,0,7,0,0.0,2.0,1.0,1.0,B02
201400008501,0,7,0,0.0,2.0,4.0,15.0,A01
201400008502,0,7,0,7.0,0.0,1.0,1.0,A01
201400008503,0,1,0,0.0,2.0,1.0,1.0,B02
201400008503,0,14,0,0.0,2.0,3.0,1.0,A01
201400008504,0,7,0,0.0,2.0,3.0,0.0,B02
201400008504,0,7,0,0.0,2.0,3.0,13.0,A01
201400008505,0,10,0,0.0,2.0,3.0,13.0,A01
201400008505,0,33,0,0.0,2.0,1.0,1.0,B02
201400008506,0,7,0,2.0,0.0,7.0,13.0,A01
201400008507,0,16,0,0.0,2.0,3.0,21.0,A01
201400008507,0,7,0,0.0,2.0,3.0,13.0,B02
201400008508,0,33,0,0.0,2.0,1.0,1.0,B02
201400008508,0,7,0,0.0,2.0,7.0,15.0,A01
201400008509,0,7,0,0.0,2.0,7.0,15.0,A01
201400008509,0,33,0,0.0,2.0,1.0,1.0,B02
201400008510,0,7,0,0.0,1.0,3.0,1.0,A01
201400008511,0,1,0,0.0,0.0,1.0,0.0,B02
201400008511,0,7,0,0.0,0.0,2.0,15.0,A01
201400008512,0,7,0,0.0,0.0,0.0,1.0,A01
201400008512,0,7,0,0.0,1.0,1.0,18.0,B02
201400008513,0,7,0,0.0,0.0,1.0,1.0,A01
201400008514,0,33,0,5.0,0.0,7.0,14.0,A01
201400008515,0,7,0,2.0,0.0,7.0,13.0,A01
201400008516,0,7,0,0.0,1.0,3.0,1.0,A01
201400008517,0,33,0,0.0,2.0,3.0,13.0,A01
201400008518,0,7,0,0.0,2.0,3.0,0.0,B02
201400008518,0,33,0,0.0,2.0,1.0,0.0,A01
201400008519,0,7,0,2.0,0.0,9.0,14.0,A01
201400008520,0,7,0,6.0,0.0,1.0,1.0,A01
201400008521,0,10,0,16.0,0.0,1.0,1.0,A01
201400008522,0,33,0,0.0,0.0,1.0,1.0,A01
201400008523,0,7,0,0.0,2.0,6.0,1.0,C03
201400008523,0,7,0,0.0,2.0,2.0,11.0,A01
201400008523,0,7,0,0.0,2.0,3.0,1.0,B02
201400008524,0,7,0,13.0,0.0,3.0,1.0,A01
201400008525,0,7,0,13.0,0.0,1.0,0.0,A01
201400008526,0,7,0,0.0,2.0,2.0,14.0,A01
201400008526,0,1,0,0.0,2.0,6.0,1.0,B02
201400008527,0,7,0,0.0,2.0,1.0,1.0,B02
201400008527,0,7,0,0.0,2.0,1.0,5.0,A01
201400008528,0,7,0,0.0,1.0,1.0,1.0,A01
201400008529,0,7,0,13.0,0.0,2.0,1.0,A01
201400008530,1,7,0,0.0,2.0,2.0,1.0,A01
201400008530,0,1,0,0.0,0.0,4.0,1.0,C03
201400008530,0,1,0,0.0,0.0,4.0,1.0,B02
201400008531,0,7,0,0.0,2.0,3.0,1.0,A01
201400008531,0,31,0,0.0,2.0,8.0,1.0,B02
201400008532,0,7,0,0.0,2.0,1.0,9.0,A01
201400008532,0,7,0,6.0,2.0,8.0,1.0,B02
201400008533,0,7,0,0.0,2.0,7.0,0.0,A01
201400008533,0,1,0,0.0,2.0,0.0,15.0,B02
201400008534,0,7,0,0.0,2.0,2.0,2.0,B02
201400008534,0,7,0,0.0,2.0,3.0,7.0,A01
201400008535,0,7,0,0.0,1.0,2.0,1.0,A01
201400008536,0,7,0,0.0,2.0,8.0,21.0,A01
201400008536,0,10,0,13.0,0.0,7.0,1.0,C03
201400008536,0,7,0,0.0,2.0,3.0,1.0,B02
201400008537,0,33,0,10.0,0.0,2.0,1.0,A01
201400008538,0,10,0,0.0,2.0,3.0,1.0,B02
201400008538,0,30,0,0.0,2.0,1.0,13.0,A01
201400008539,0,2,0,0.0,0.0,1.0,13.0,A01