Num_Acc,senc,catv,occutc,obs,obsm,choc,manv,num_veh
201400008832,0,31,0,0.0,0.0,8.0,1.0,A01
201400008833,0,1,0,0.0,2.0,2.0,15.0,A01
201400008833,0,7,0,0.0,2.0,3.0,1.0,B02
201400008834,0,1,0,0.0,2.0,8.0,15.0,B02
201400008834,0,7,0,0.0,2.0,7.0,17.0,A01
201400008835,0,7,0,2.0,0.0,2.0,14.0,A01
201400008836,0,14,0,2.0,0.0,8.0,1.0,A01
201400008837,0,7,0,0.0,0.0,0.0,1.0,A01
201400008838,0,1,0,0.0,0.0,7.0,1.0,A01
201400008839,0,7,0,0.0,2.0,3.0,13.0,A01
201400008839,0,7,0,0.0,2.0,3.0,1.0,B02
201400008839,0,7,0,0.0,2.0,1.0,1.0,C03
201400008840,0,33,0,13.0,0.0,2.0,1.0,A01
201400008841,0,7,0,8.0,0.0,1.0,16.0,A01
201400008842,0,7,0,6.0,0.0,1.0,14.0,A01
201400008843,0,31,0,0.0,2.0,1.0,1.0,B02
201400008843,0,30,0,0.0,0.0,4.0,15.0,A01
201400008844,0,7,0,0.0,0.0,9.0,1.0,A01
201400008845,0,7,0,6.0,0.0,1.0,1.0,A01
201400008846,0,10,0,0.0,2.0,1.0,1.0,A01
201400008846,0,15,0,0.0,2.0,3.0,1.0,B02
201400008847,0,10,0,0.0,1.0,1.0,1.0,A01
201400008848,0,31,0,0.0,2.0,1.0,1.0,C03
201400008848,0,7,0,0.0,2.0,3.0,17.0,A01
201400008848,0,31,0,0.0,2.0,1.0,1.0,B02
201400008849,0,7,0,6.0,0.0,1.0,1.0,A01
201400008850,0,7,0,0.0,0.0,0.0,1.0,A01
201400008851,0,14,0,0.0,2.0,1.0,1.0,B02
201400008851,0,7,0,0.0,2.0,7.0,15.0,A01
201400008851,0,7,0,0.0,2.0,8.0,23.0,C03
201400008852,0,33,0,0.0,2.0,1.0,13.0,A01
201400008852,0,7,0,0.0,2.0,8.0,1.0,B02
201400008853,0,36,0,13.0,0.0,3.0,13.0,A01
201400008854,0,7,0,0.0,2.0,2.0,1.0,B02
201400008854,0,7,0,0.0,2.0,3.0,5.0,A01
201400008855,0,7,0,0.0,2.0,2.0,1.0,B02
201400008855,0,7,0,0.0,2.0,3.0,13.0,A01
201400008856,0,7,0,13.0,0.0,1.0,13.0,A01
201400008857,0,33,0,0.0,2.0,1.0,2.0,B02
201400008857,0,7,0,0.0,2.0,6.0,13.0,A01
201400008858,0,7,0,0.0,1.0,2.0,1.0,A01
201400008859,0,7,0,8.0,0.0,7.0,15.0,A01
201400008860,0,7,0,0.0,2.0,3.0,0.0,B02
201400008860,0,7,0,0.0,2.0,3.0,13.0,A01
201400008861,0,33,0,7.0,0.0,1.0,1.0,A01
201400008862,0,17,0,0.0,2.0,6.0,1.0,B02
201400008862,0,7,0,0.0,2.0,1.0,13.0,A01
201400008863,0,33,0,13.0,0.0,9.0,1.0,A01
201400008864,0,7,0,0.0,2.0,3.0,1.0,B02
201400008864,0,7,0,0.0,2.0,2.0,1.0,A01
201400008865,0,7,0,4.0,0.0,6.0,1.0,B02
201400008865,0,7,0,0.0,2.0,2.0,12.0,A01
201400008866,0,7,0,13.0,0.0,1.0,15.0,A01
201400008867,0,7,0,0.0,1.0,3.0,1.0,A01
201400008868,0,7,0,0.0,2.0,6.0,1.0,B02
201400008868,0,7,0,0.0,2.0,3.0,13.0,A01
201400008869,0,33,0,0.0,2.0,1.0,1.0,B02
201400008869,0,7,0,0.0,2.0,1.0,19.0,A01
201400008870,0,7,0,0.0,2.0,8.0,1.0,A01
201400008870,0,10,0,0.0,2.0,1.0,1.0,B02
201400008871,0,7,0,0.0,0.0,8.0,1.0,A01
201400008872,0,10,0,9.0,0.0,2.0,1.0,A01
201400008873,0,7,0,0.0,2.0,1.0,1.0,B02
201400008873,0,7,0,0.0,2.0,1.0,13.0,A01
201400008874,0,7,0,0.0,1.0,1.0,1.0,A01
201400008875,0,1,0,0.0,0.0,0.0,1.0,A01
201400008876,0,7,0,1.0,0.0,1.0,13.0,A01
201400008877,0,7,0,0.0,2.0,3.0,13.0,A01
201400008877,0,7,0,0.0,2.0,3.0,1.0,B02
201400008878,0,10,0,0.0,1.0,4.0,4.0,A01
201400008879,0,7,0,10.0,0.0,1.0,0.0,A01
201400008880,0,33,0,0.0,2.0,0.0,1.0,B02
201400008880,0,7,0,0.0,0.0,0.0,13.0,A01
201400008881,0,7,0,0.0,2.0,1.0,1.0,A01
201400008881,0,1,0,0.0,2.0,8.0,11.0,B02
201400008882,0,7,0,0.0,2.0,7.0,11.0,A01
201400008882,0,7,0,0.0,2.0,1.0,1.0,B02
201400008883,0,33,0,0.0,2.0,2.0,1.0,B02
201400008883,0,33,0,0.0,2.0,2.0,13.0,A01
201400008884,0,7,0,2.0,0.0,3.0,17.0,A01
201400008885,0,7,0,0.0,2.0,1.0,0.0,A01
201400008885,0,7,0,0.0,2.0,1.0,21.0,B02
201400008886,0,7,0,0.0,2.0,3.0,1.0,B02
201400008886,0,33,0,0.0,2.0,1.0,13.0,A01
201400008887,0,1,0,0.0,2.0,1.0,1.0,B02
201400008887,0,14,0,0.0,9.0,9.0,21.0,A01
201400008888,0,1,0,0.0,0.0,4.0,1.0,B02
201400008888,0,7,0,0.0,2.0,2.0,17.0,A01
201400008888,0,1,0,0.0,0.0,4.0,1.0,C03
201400008889,0,7,0,10.0,0.0,1.0,1.0,A01
201400008890,0,7,0,0.0,2.0,2.0,1.0,B02
201400008890,0,17,0,0.0,2.0,8.0,1.0,C03
201400008890,0,7,0,0.0,2.0,2.0,17.0,A01
201400008891,0,7,0,0.0,2.0,3.0,1.0,B02
201400008891,0,7,0,0.0,2.0,3.0,13.0,A01
201400008891,0,7,0,0.0,2.0,1.0,1.0,C03
201400008892,0,7,0,2.0,0.0,9.0,1.0,A01
201400008893,0,33,0,0.0,2.0,1.0,13.0,A01
201400008893,0,7,0,0.0,2.0,3.0,1.0,B02
201400008894,0,7,0,13.0,0.0,2.0,1.0,A01
201400008895,0,7,0,0.0,1.0,3.0,24.0,A01
201400008896,0,7,0,0.0,2.0,1.0,15.0,A01
201400008896,0,33,0,0.0,2.0,1.0,1.0,B02
201400008897,0,7,0,0.0,1.0,7.0,1.0,A01
201400008898,0,7,0,13.0,0.0,5.0,1.0,A01
201400008899,0,33,0,0.0,0.0,1.0,21.0,A01
201400008900,0,7,0,6.0,0.0,1.0,0.0,A01
201400008901,0,7,0,0.0,2.0,1.0,13.0,A01
201400008901,0,7,0,0.0,2.0,1.0,1.0,B02
201400008902,0,33,0,13.0,0.0,9.0,1.0,A01
201400008903,0,7,0,0.0,0.0,9.0,1.0,A01
201400008904,0,2,0,10.0,0.0,7.0,1.0,A01
201400008905,0,7,0,0.0,2.0,1.0,1.0,C03
201400008905,0,7,0,0.0,2.0,3.0,1.0,A01
201400008905,0,7,0,0.0,2.0,8.0,1.0,B02
201400008906,0,7,0,0.0,2.0,1.0,17.0,A01
201400008906,0,7,0,0.0,2.0,4.0,17.0,B02
201400008907,0,7,0,0.0,2.0,3.0,1.0,B02
201400008907,0,7,0,0.0,2.0,2.0,1.0,A01
201400008908,0,7,0,13.0,0.0,1.0,1.0,A01
201400008909,0,33,0,0.0,2.0,8.0,13.0,B02
201400008909,0,7,0,0.0,2.0,8.0,21.0,A01
201400008910,0,33,0,10.0,0.0,1.0,1.0,A01
201400008911,0,33,0,2.0,0.0,9.0,1.0,A01
201400008912,0,7,0,0.0,2.0,5.0,2.0,B02
201400008912,0,30,0,0.0,2.0,1.0,2.0,A01
201400008913,0,10,0,6.0,0.0,7.0,14.0,A01
201400008914,0,7,0,13.0,0.0,1.0,13.0,A01
201400008915,0,7,0,0.0,1.0,1.0,1.0,A01
201400008916,0,7,0,2.0,0.0,3.0,13.0,A01
201400008917,0,7,0,0.0,2.0,1.0,1.0,B02
201400008917,0,7,0,0.0,2.0,2.0,15.0,A01
201400008918,0,31,0,0.0,2.0,1.0,1.0,B02
201400008918,0,7,0,0.0,2.0,8.0,5.0,A01
201400008919,0,7,0,0.0,2.0,3.0,1.0,B02
201400008919,0,1,0,0.0,2.0,7.0,1.0,A01
201400008920,0,7,0,0.0,2.0,6.0,15.0,A01
201400008920,0,2,0,0.0,2.0,1.0,13.0,B02
201400008921,0,7,0,7.0,0.0,1.0,1.0,A01
201400008922,0,33,0,0.0,2.0,0.0,17.0,B02
201400008922,0,7,0,0.0,9.0,0.0,1.0,A01
201400008923,0,31,0,0.0,2.0,2.0,1.0,B02
201400008923,0,7,0,0.0,2.0,8.0,15.0,A01
201400008924,0,30,0,4.0,0.0,8.0,13.0,A01
201400008925,0,7,0,2.0,0.0,7.0,16.0,A01
201400008926,0,33,0,12.0,0.0,2.0,1.0,A01
201400008927,0,33,0,0.0,2.0,1.0,2.0,A01
201400008927,0,7,0,0.0,0.0,6.0,19.0,B02
201400008928,0,7,0,0.0,2.0,2.0,15.0,A01
201400008928,0,31,0,0.0,2.0,1.0,1.0,B02
201400008929,0,7,0,0.0,2.0,3.0,13.0,A01
201400008929,0,7,0,0.0,2.0,3.0,1.0,B02
201400008930,0,7,0,3.0,0.0,8.0,1.0,A01
201400008930,0,32,0,0.0,2.0,1.0,17.0,C03
201400008930,2,7,0,0.0,2.0,3.0,1.0,B02
201400008931,0,30,0,0.0,2.0,1.0,1.0,B02
201400008931,0,7,0,0.0,2.0,7.0,21.0,A01
201400008931,0,7,0,14.0,0.0,1.0,1.0,C03
201400008932,0,31,0,0.0,2.0,2.0,1.0,B02
201400008932,0,7,0,0.0,2.0,8.0,15.0,A01
201400008933,0,3,0,0.0,2.0,3.0,13.0,B02
201400008933,0,7,0,0.0,2.0,3.0,21.0,A01
201400008934,0,7,0,0.0,2.0,3.0,15.0,B02
201400008934,0,33,0,0.0,2.0,7.0,1.0,A01
201400008935,0,7,0,0.0,1.0,5.0,4.0,A01
201400008936,0,7,0,0.0,2.0,2.0,1.0,A01
201400008936,0,32,0,0.0,2.0,3.0,1.0,B02
201400008937,0,33,0,0.0,0.0,1.0,1.0,A01
201400008938,0,7,0,0.0,2.0,3.0,1.0,B02
201400008938,0,7,0,0.0,2.0,3.0,13.0,A01
201400008939,0,14,0,0.0,2.0,3.0,1.0,A01
201400008939,0,7,0,0.0,2.0,3.0,13.0,B02
201400008940,0,33,0,0.0,0.0,1.0,17.0,B02
201400008940,0,7,0,0.0,0.0,8.0,15.0,A01
201400008941,0,7,0,13.0,0.0,3.0,1.0,A01
201400008942,0,7,0,0.0,9.0,7.0,17.0,A01
201400008942,0,1,0,0.0,0.0,8.0,1.0,B02
201400008943,0,2,0,0.0,2.0,1.0,1.0,B02
201400008943,0,7,0,0.0,2.0,6.0,1.0,C03
201400008943,0,7,0,0.0,2.0,3.0,17.0,A01
201400008944,0,33,0,0.0,2.0,1.0,17.0,B02
201400008944,0,7,0,0.0,0.0,6.0,15.0,A01
201400008945,0,37,0,0.0,1.0,1.0,1.0,A01
201400008946,0,7,0,13.0,0.0,5.0,13.0,A01
201400008947,0,7,0,0.0,2.0,0.0,13.0,A01
201400008947,0,7,0,0.0,2.0,3.0,1.0,B02
201400008948,0,7,0,0.0,1.0,3.0,1.0,A01
201400008949,0,10,0,0.0,2.0,8.0,1.0,B02
201400008949,0,30,0,0.0,2.0,1.0,1.0,A01
201400008950,0,31,0,0.0,0.0,1.0,1.0,A01
201400008951,0,2,0,0.0,2.0,1.0,0.0,B02
201400008951,0,34,0,0.0,2.0,1.0,0.0,A01
201400008952,0,7,0,0.0,1.0,1.0,1.0,A01
201400008953,0,7,0,2.0,0.0,1.0,1.0,A01
201400008954,0,7,0,0.0,2.0,3.0,15.0,B02
201400008954,0,7,0,0.0,2.0,7.0,17.0,A01
201400008955,0,10,0,0.0,2.0,1.0,1.0,B02
201400008955,0,7,0,0.0,2.0,1.0,13.0,A01
201400008955,0,7,0,0.0,2.0,1.0,1.0,C03
201400008956,0,7,0,2.0,0.0,3.0,1.0,A01
201400008957,0,7,0,0.0,2.0,2.0,1.0,B02
201400008957,0,7,0,0.0,2.0,1.0,17.0,A01
201400008958,0,7,0,0.0,5.0,1.0,1.0,B02
201400008958,0,7,0,0.0,5.0,1.0,1.0,A01
201400008959,0,7,0,0.0,2.0,6.0,4.0,A01
201400008959,0,2,0,0.0,2.0,1.0,1.0,B02
201400008960,0,7,0,2.0,0.0,3.0,1.0,A01
201400008961,0,1,0,0.0,2.0,1.0,15.0,C03
201400008961,0,7,0,0.0,9.0,1.0,2.0,A01
201400008961,0,7,0,0.0,0.0,4.0,0.0,B02
201400008962,0,7,0,0.0,2.0,8.0,10.0,A01
201400008962,0,34,0,0.0,2.0,1.0,1.0,B02
201400008963,0,7,0,0.0,2.0,8.0,13.0,A01
201400008963,0,7,0,0.0,2.0,1.0,1.0,B02
201400008964,0,30,0,0.0,2.0,8.0,1.0,A01
201400008964,0,7,0,0.0,2.0,1.0,12.0,B02
201400008965,0,14,0,0.0,2.0,3.0,1.0,B02
201400008965,0,7,0,0.0,2.0,3.0,14.0,A01
201400008966,0,1,0,0.0,2.0,8.0,13.0,B02
201400008966,0,7,0,0.0,2.0,2.0,17.0,A01
201400008967,0,7,0,0.0,2.0,8.0,15.0,A01
201400008967,0,7,0,0.0,2.0,1.0,1.0,B02
201400008968,1,99,0,0.0,2.0,0.0,0.0,Z01
201400008968,0,1,0,0.0,2.0,1.0,23.0,B02
201400008969,0,7,0,0.0,2.0,1.0,1.0,A01
201400008969,0,7,0,0.0,2.0,1.0,13.0,B02
201400008970,0,31,0,11.0,0.0,1.0,17.0,A01
201400008971,0,21,0,0.0,0.0,8.0,15.0,A01
201400008971,0,33,0,0.0,2.0,1.0,17.0,B02
201400008972,0,7,0,0.0,2.0,1.0,5.0,A01
201400008972,0,7,0,0.0,2.0,1.0,1.0,B02
201400008973,0,7,0,8.0,0.0,4.0,4.0,A01
201400008974,0,7,0,0.0,0.0,8.0,15.0,C03
201400008974,0,33,0,0.0,2.0,1.0,1.0,A01
201400008974,0,33,0,14.0,0.0,1.0,1.0,B02
201400008975,0,7,0,6.0,0.0,9.0,1.0,A01
201400008976,0,7,0,0.0,2.0,1.0,1.0,B02
201400008976,0,7,0,0.0,2.0,2.0,13.0,A01
201400008977,0,7,0,0.0,2.0,3.0,10.0,A01
201400008977,0,15,0,0.0,2.0,1.0,1.0,B02
201400008978,0,33,0,13.0,0.0,1.0,1.0,A01
201400008979,0,7,0,0.0,2.0,2.0,1.0,B02
201400008979,0,33,0,3.0,2.0,2.0,1.0,A01
201400008980,0,33,0,0.0,2.0,1.0,1.0,C03
201400008980,0,7,0,0.0,2.0,8.0,1.0,B02
201400008980,0,7,0,0.0,2.0,3.0,13.0,A01
201400008981,0,7,0,0.0,2.0,3.0,15.0,A01
201400008981,0,2,0,0.0,2.0,1.0,17.0,B02
201400008982,0,33,0,0.0,2.0,1.0,17.0,B02
201400008982,0,7,0,0.0,2.0,8.0,13.0,A01
201400008983,0,30,0,0.0,1.0,1.0,2.0,A01
201400008984,0,33,0,0.0,2.0,1.0,1.0,B02
201400008984,0,7,0,0.0,2.0,1.0,5.0,A01
201400008985,0,7,0,0.0,0.0,0.0,0.0,A01
201400008986,0,7,0,1.0,1.0,1.0,14.0,A01
201400008987,0,7,0,0.0,2.0,6.0,13.0,A01
201400008987,0,14,0,0.0,2.0,6.0,1.0,B02
201400008987,0,21,0,0.0,2.0,3.0,1.0,C03
201400008988,0,33,0,3.0,0.0,0.0,1.0,A01
201400008989,0,10,0,0.0,1.0,2.0,1.0,A01
201400008990,0,7,0,0.0,2.0,1.0,21.0,A01
201400008990,0,14,0,0.0,2.0,1.0,21.0,B02
201400008991,0,7,0,0.0,0.0,4.0,2.0,B02
201400008991,0,7,0,0.0,0.0,1.0,2.0,A01
201400008992,0,7,0,0.0,2.0,2.0,15.0,A01
201400008992,0,7,0,0.0,2.0,1.0,1.0,B02
201400008993,0,7,0,0.0,2.0,3.0,13.0,A01
201400008993,0,7,0,0.0,2.0,3.0,1.0,B02
201400008994,0,33,0,0.0,2.0,1.0,1.0,B02
201400008994,0,7,0,0.0,2.0,7.0,15.0,A01
201400008995,0,7,0,0.0,2.0,1.0,1.0,A01
201400008995,0,7,0,0.0,2.0,1.0,1.0,B02
201400008996,0,7,0,0.0,2.0,1.0,1.0,A01
201400008996,0,10,0,0.0,2.0,7.0,19.0,B02
201400008997,0,7,0,0.0,2.0,1.0,1.0,B02
201400008997,0,7,0,0.0,2.0,2.0,11.0,A01
201400008998,0,10,0,1.0,1.0,2.0,1.0,A01
201400008999,0,7,0,6.0,0.0,3.0,17.0,A01
201400009000,0,33,0,0.0,2.0,9.0,1.0,A01
201400009000,0,7,0,0.0,2.0,3.0,1.0,B02
201400009000,0,7,0,0.0,2.0,2.0,1.0,C03
201400009001,0,1,0,0.0,2.0,1.0,1.0,A01
201400009001,0,10,0,0.0,2.0,8.0,9.0,B02
201400009002,0,33,0,8.0,2.0,1.0,17.0,A01
201400009002,0,7,0,0.0,2.0,3.0,15.0,B02
201400009003,0,7,0,0.0,2.0,8.0,1.0,A01
201400009003,0,33,0,0.0,2.0,8.0,1.0,B02
201400009004,0,7,0,0.0,2.0,5.0,15.0,A01
201400009004,0,33,0,0.0,2.0,1.0,1.0,B02
201400009005,0,7,0,0.0,2.0,1.0,13.0,A01
201400009005,0,7,0,0.0,2.0,1.0,1.0,B02
201400009006,0,14,0,0.0,2.0,2.0,15.0,A01
201400009006,0,33,0,0.0,2.0,1.0,14.0,B02
201400009007,0,7,0,0.0,2.0,3.0,1.0,A01
201400009007,0,7,0,0.0,2.0,6.0,1.0,B02
201400009007,0,7,0,0.0,2.0,1.0,1.0,C03
201400009008,0,7,0,0.0,2.0,3.0,1.0,A01
201400009008,0,7,0,0.0,2.0,1.0,1.0,B02
201400009008,0,7,0,0.0,2.0,3.0,1.0,C03
201400009009,0,7,0,0.0,2.0,8.0,15.0,A01
201400009009,0,33,0,0.0,2.0,8.0,1.0,B02
201400009010,0,10,0,0.0,2.0,7.0,17.0,A01
201400009010,0,31,0,0.0,2.0,8.0,2.0,B02
201400009011,0,7,0,0.0,2.0,1.0,1.0,A01
201400009011,0,7,0,0.0,2.0,1.0,1.0,B02
201400009012,0,7,0,0.0,0.0,7.0,15.0,A01
201400009012,0,31,0,0.0,2.0,1.0,1.0,B02
201400009013,0,7,0,0.0,2.0,1.0,15.0,A01
201400009013,0,7,0,6.0,2.0,8.0,1.0,B02
201400009014,0,2,0,1.0,0.0,1.0,1.0,A01
201400009014,0,10,0,0.0,0.0,4.0,20.0,B02
201400009015,0,1,0,14.0,0.0,1.0,1.0,A01
201400009016,0,33,0,10.0,0.0,1.0,0.0,A01
201400009017,0,33,0,10.0,0.0,7.0,1.0,A01
201400009018,0,7,0,0.0,2.0,1.0,10.0,A01
201400009018,0,33,0,0.0,2.0,1.0,1.0,B02
201400009019,0,33,0,0.0,2.0,8.0,1.0,A01
201400009019,0,33,0,0.0,2.0,8.0,1.0,B02
201400009020,0,31,0,0.0,2.0,1.0,13.0,A01
201400009020,0,7,0,0.0,2.0,3.0,0.0,B02
201400009021,0,10,0,0.0,2.0,7.0,15.0,A01
201400009021,0,33,0,0.0,2.0,1.0,1.0,B02
201400009022,0,7,0,15.0,0.0,3.0,1.0,A01
201400009023,0,36,0,13.0,0.0,0.0,1.0,A01
201400009024,0,34,0,0.0,0.0,7.0,18.0,A01
201400009025,0,10,0,3.0,0.0,2.0,0.0,A01
201400009026,0,7,0,0.0,2.0,6.0,23.0,A01
201400009026,0,33,0,0.0,2.0,1.0,2.0,B02
201400009027,0,7,0,0.0,2.0,3.0,9.0,A01
201400009027,0,31,0,0.0,2.0,7.0,1.0,B02
201400009028,0,7,0,2.0,0.0,3.0,1.0,A01
201400009029,0,14,0,0.0,1.0,3.0,19.0,A01
201400009030,0,17,0,2.0,0.0,1.0,1.0,A01
201400009031,0,7,0,0.0,1.0,1.0,1.0,A01
201400009032,0,30,0,12.0,0.0,8.0,19.0,A01
201400009033,0,7,0,6.0,0.0,1.0,1.0,A01
201400009034,0,30,0,0.0,0.0,0.0,0.0,A01
201400009035,0,2,0,0.0,2.0,2.0,9.0,A01
201400009036,0,10,0,0.0,2.0,1.0,9.0,A01
201400009036,0,1,0,0.0,0.0,7.0,1.0,B02
201400009037,0,33,0,6.0,0.0,1.0,1.0,A01
201400009038,0,33,0,0.0,2.0,1.0,13.0,A01
201400009038,0,7,0,0.0,2.0,3.0,1.0,B02
201400009039,0,2,0,0.0,2.0,1.0,0.0,A01
201400009039,0,7,0,0.0,2.0,3.0,0.0,B02
201400009040,0,7,0,0.0,2.0,1.0,0.0,A01
201400009040,0,7,0,0.0,2.0,1.0,5.0,B02
201400009041,0,10,0,0.0,2.0,2.0,15.0,A01
201400009041,0,33,0,0.0,2.0,1.0,13.0,B02
201400009042,0,7,0,13.0,0.0,1.0,1.0,A01
201400009043,0,7,0,0.0,0.0,9.0,0.0,A01
201400009044,0,7,0,0.0,1.0,3.0,1.0,A01
201400009045,0,7,0,0.0,2.0,2.0,15.0,A01
201400009045,0,33,0,0.0,2.0,1.0,1.0,B02
201400009046,0,1,0,0.0,2.0,1.0,16.0,A01
201400009046,0,7,0,0.0,2.0,3.0,9.0,B02
201400009047,0,7,0,0.0,2.0,3.0,13.0,A01
201400009047,0,7,0,0.0,2.0,3.0,1.0,B02
201400009048,0,7,0,0.0,2.0,2.0,15.0,A01
201400009048,0,7,0,0.0,2.0,2.0,1.0,B02
201400009049,0,7,0,0.0,2.0,1.0,13.0,A01
201400009049,0,7,0,0.0,2.0,1.0,13.0,B02
201400009050,0,1,0,13.0,0.0,0.0,1.0,A01
201400009051,0,7,0,0.0,1.0,3.0,15.0,A01
201400009052,0,7,0,0.0,2.0,3.0,17.0,A01
201400009052,0,7,0,0.0,0.0,3.0,1.0,B02
201400009053,0,10,0,0.0,2.0,3.0,13.0,A01
201400009053,0,10,0,0.0,2.0,3.0,1.0,B02
201400009054,0,33,0,0.0,2.0,8.0,1.0,A01
201400009054,0,7,0,0.0,2.0,3.0,1.0,B02
201400009055,0,10,0,0.0,9.0,2.0,2.0,A01
201400009055,0,10,0,0.0,9.0,2.0,2.0,B02
201400009055,0,1,0,0.0,2.0,3.0,2.0,C03
201400009056,0,7,0,0.0,0.0,3.0,15.0,A01
201400009056,0,34,0,0.0,0.0,8.0,0.0,B02
201400009057,0,7,0,0.0,0.0,1.0,14.0,A01
201400009058,0,7,0,0.0,0.0,1.0,2.0,A01
201400009059,0,33,0,2.0,0.0,1.0,1.0,A01
201400009060,0,14,0,0.0,2.0,1.0,1.0,B02
201400009060,0,10,0,0.0,2.0,2.0,2.0,C03
201400009060,0,7,0,0.0,2.0,7.0,13.0,A01
201400009061,0,7,0,0.0,2.0,2.0,1.0,A01
201400009061,0,7,0,0.0,2.0,3.0,15.0,C03
201400009062,0,7,0,0.0,2.0,7.0,13.0,A01
201400009062,0,7,0,0.0,2.0,1.0,1.0,B02
201400009063,0,7,0,13.0,0.0,9.0,13.0,A01
201400009063,0,7,0,0.0,2.0,3.0,1.0,B02
201400009064,0,14,0,0.0,2.0,0.0,1.0,D04
201400009064,0,7,0,0.0,2.0,3.0,1.0,B02
201400009064,0,7,0,0.0,2.0,3.0,13.0,A01
201400009064,0,10,0,0.0,2.0,3.0,1.0,C03
201400009065,0,7,0,6.0,0.0,1.0,1.0,A01
201400009066,0,7,0,13.0,0.0,1.0,13.0,A01
201400009067,0,7,0,1.0,0.0,1.0,1.0,A01
201400009067,0,7,0,0.0,2.0,4.0,24.0,B02
201400009068,0,7,0,0.0,2.0,3.0,17.0,A01
201400009068,0,10,0,0.0,2.0,3.0,0.0,B02
201400009069,0,7,0,0.0,0.0,2.0,1.0,A01
201400009070,0,7,0,0.0,2.0,1.0,1.0,B02
201400009070,0,34,0,0.0,2.0,1.0,13.0,A01
201400009071,0,7,0,10.0,0.0,9.0,13.0,A01
201400009072,0,7,0,0.0,1.0,3.0,1.0,A01
201400009073,0,33,0,0.0,2.0,1.0,17.0,A01
201400009073,0,7,0,0.0,2.0,1.0,0.0,B02
201400009074,0,7,0,6.0,0.0,1.0,19.0,A01
201400009075,0,3,0,0.0,2.0,3.0,13.0,B02
201400009075,0,7,0,0.0,2.0,3.0,1.0,A01
201400009076,0,7,0,0.0,2.0,3.0,17.0,A01
201400009076,0,7,0,0.0,2.0,3.0,1.0,B02
201400009077,0,33,0,0.0,2.0,1.0,1.0,B02
201400009077,0,10,0,0.0,2.0,2.0,1.0,A01
201400009078,0,33,0,0.0,2.0,1.0,1.0,A01
201400009078,0,7,0,0.0,2.0,7.0,15.0,B02
201400009079,0,34,0,0.0,2.0,1.0,13.0,A01
201400009079,0,7,0,0.0,2.0,3.0,1.0,B02
201400009080,0,33,0,0.0,2.0,1.0,1.0,A01
201400009080,0,10,0,0.0,2.0,2.0,15.0,B02
201400009081,0,30,0,0.0,0.0,1.0,0.0,A01
201400009082,0,7,0,0.0,2.0,5.0,13.0,A01
201400009082,0,10,0,0.0,2.0,1.0,1.0,B02
201400009083,0,7,0,0.0,2.0,3.0,15.0,A01
201400009083,0,34,0,0.0,2.0,1.0,1.0,B02
201400009084,0,2,0,0.0,0.0,7.0,13.0,A01
201400009085,0,7,0,6.0,0.0,2.0,1.0,A01
201400009086,0,7,0,0.0,2.0,1.0,13.0,A01
201400009086,0,7,0,0.0,2.0,1.0,1.0,B02
201400009087,0,33,0,0.0,2.0,1.0,17.0,A01
201400009087,0,7,0,0.0,2.0,8.0,15.0,B02
201400009088,0,7,0,0.0,1.0,3.0,1.0,A01
201400009089,0,31,0,0.0,2.0,1.0,11.0,B02
201400009089,0,7,0,0.0,2.0,1.0,1.0,A01
201400009090,0,31,0,0.0,2.0,1.0,1.0,A01
201400009090,0,7,0,0.0,2.0,1.0,1.0,B02
201400009091,0,31,0,0.0,2.0,1.0,1.0,B02
201400009091,0,10,0,0.0,2.0,7.0,11.0,A01
201400009092,0,33,0,0.0,2.0,1.0,1.0,A01
201400009092,0,7,0,0.0,2.0,7.0,19.0,B02
201400009093,0,7,0,2.0,0.0,1.0,1.0,A01
201400009094,0,7,0,0.0,2.0,4.0,2.0,B02
201400009094,0,7,0,0.0,2.0,1.0,2.0,A01
201400009095,0,7,0,0.0,1.0,2.0,15.0,A01
201400009096,0,7,0,2.0,0.0,1.0,1.0,A01
201400009097,0,30,0,0.0,0.0,1.0,1.0,A01
201400009098,0,7,0,1.0,0.0,3.0,2.0,A01
201400009099,0,14,0,0.0,0.0,1.0,1.0,A01
201400009100,0,7,0,16.0,0.0,1.0,1.0,A01
201400009101,0,33,0,0.0,2.0,1.0,1.0,A01
201400009101,0,10,0,0.0,2.0,1.0,1.0,B02
201400009102,0,10,0,16.0,0.0,9.0,1.0,A01
201400009103,0,10,0,0.0,2.0,1.0,13.0,A01
201400009103,0,7,0,0.0,2.0,3.0,1.0,B02
201400009104,0,7,0,0.0,2.0,1.0,13.0,A01
201400009104,0,7,0,0.0,2.0,1.0,1.0,B02
201400009105,0,7,0,0.0,2.0,2.0,17.0,A01
201400009105,0,7,0,0.0,2.0,3.0,15.0,B02
201400009106,0,7,0,3.0,0.0,2.0,1.0,A01
201400009107,0,31,0,0.0,2.0,1.0,2.0,A01
201400009107,0,7,0,0.0,0.0,4.0,2.0,B02
201400009108,0,33,0,13.0,0.0,1.0,1.0,A01
201400009109,0,7,0,0.0,2.0,1.0,1.0,B02
201400009109,0,7,0,0.0,2.0,1.0,13.0,A01
201400009110,0,30,0,0.0,0.0,0.0,0.0,A01
201400009111,0,31,0,0.0,2.0,1.0,1.0,B02