Num_Acc,senc,catv,occutc,obs,obsm,choc,manv,num_veh
201400009111,0,7,0,0.0,2.0,8.0,15.0,A01
201400009112,0,7,0,0.0,2.0,1.0,1.0,A01
201400009112,0,33,0,0.0,2.0,1.0,1.0,B02
201400009113,0,7,0,0.0,2.0,1.0,1.0,C03
201400009113,0,7,0,0.0,0.0,1.0,15.0,A01
201400009113,0,7,0,0.0,2.0,3.0,2.0,B02
201400009114,0,7,0,0.0,2.0,8.0,1.0,A01
201400009114,0,7,0,0.0,2.0,1.0,1.0,C03
201400009114,0,7,0,0.0,2.0,3.0,1.0,B02
201400009115,0,10,0,0.0,2.0,3.0,1.0,B02
201400009115,0,7,0,0.0,2.0,1.0,19.0,A01
201400009115,0,7,0,0.0,2.0,3.0,1.0,C03
201400009116,0,33,0,0.0,2.0,1.0,1.0,A01
201400009116,0,7,0,0.0,2.0,1.0,9.0,B02
201400009117,0,33,0,8.0,0.0,1.0,15.0,A01
201400009118,0,10,0,0.0,0.0,6.0,1.0,A01
201400009118,0,33,0,0.0,2.0,1.0,2.0,B02
201400009119,0,10,0,0.0,2.0,3.0,19.0,A01
201400009119,0,34,0,0.0,2.0,1.0,1.0,B02
201400009120,0,7,0,0.0,2.0,4.0,23.0,B02
201400009120,0,7,0,0.0,2.0,1.0,1.0,D04
201400009120,0,7,0,0.0,2.0,4.0,23.0,C03
201400009120,0,7,0,0.0,2.0,4.0,23.0,A01
201400009121,0,10,0,0.0,2.0,1.0,19.0,B02
201400009121,0,7,0,0.0,2.0,1.0,1.0,A01
201400009122,0,7,0,2.0,0.0,1.0,15.0,A01
201400009123,0,7,0,2.0,0.0,1.0,1.0,A01
201400009124,0,7,0,0.0,2.0,3.0,1.0,B02
201400009124,0,7,0,0.0,2.0,1.0,1.0,C03
201400009124,0,7,0,0.0,2.0,3.0,13.0,A01
201400009125,0,10,0,0.0,2.0,3.0,9.0,A01
201400009125,0,30,0,0.0,2.0,5.0,1.0,B02
201400009126,0,7,0,6.0,0.0,1.0,1.0,A01
201400009127,0,7,0,0.0,1.0,1.0,1.0,A01
201400009128,0,3,0,6.0,0.0,1.0,1.0,A01
201400009129,0,7,0,0.0,1.0,2.0,21.0,A01
201400009130,0,7,0,1.0,0.0,2.0,1.0,A01
201400009131,0,7,0,6.0,0.0,2.0,2.0,A01
201400009132,0,7,0,0.0,1.0,1.0,9.0,A01
201400009133,0,10,0,0.0,1.0,2.0,1.0,A01
201400009134,0,13,0,0.0,2.0,3.0,21.0,A01
201400009134,0,7,0,0.0,2.0,3.0,9.0,B01
201400009135,0,31,0,0.0,0.0,7.0,16.0,A01
201400009136,0,33,0,0.0,2.0,1.0,17.0,A01
201400009136,0,10,0,0.0,,3.0,15.0,B01
201400009137,0,7,0,0.0,0.0,4.0,2.0,C01
201400009137,0,7,0,0.0,2.0,4.0,2.0,B01
201400009137,0,7,0,0.0,2.0,1.0,2.0,A01
201400009138,0,2,0,0.0,2.0,1.0,13.0,A01
201400009138,0,7,0,0.0,2.0,6.0,1.0,B01
201400009139,0,33,0,0.0,0.0,4.0,2.0,B01
201400009139,0,7,0,0.0,2.0,1.0,2.0,A01
201400009140,2,10,0,0.0,2.0,3.0,1.0,Z01
201400009140,0,10,0,0.0,2.0,8.0,1.0,A01
201400009141,0,33,0,0.0,2.0,1.0,13.0,A01
201400009141,0,7,0,0.0,2.0,1.0,1.0,B01
201400009142,0,7,0,0.0,2.0,2.0,1.0,B01
201400009142,0,7,0,0.0,2.0,1.0,9.0,A01
201400009143,0,7,0,0.0,9.0,1.0,1.0,A01
201400009143,0,1,0,0.0,2.0,8.0,9.0,V01
201400009144,0,7,0,0.0,,3.0,15.0,A01
201400009144,0,7,0,0.0,,3.0,1.0,B01
201400009145,0,33,0,0.0,2.0,7.0,17.0,A01
201400009145,0,7,0,0.0,,3.0,13.0,B01
201400009146,2,7,0,0.0,2.0,0.0,11.0,A01
201400009146,0,2,0,0.0,,0.0,11.0,B01
201400009147,0,7,0,0.0,1.0,8.0,9.0,A01
201400009148,0,31,0,0.0,2.0,1.0,2.0,A01
201400009148,0,7,0,0.0,,4.0,2.0,B01
201400009149,0,7,0,0.0,0.0,0.0,20.0,A01
201400009149,0,1,0,0.0,2.0,8.0,18.0,B01
201400009150,0,7,0,0.0,1.0,3.0,1.0,A01
201400009151,0,7,0,0.0,1.0,1.0,15.0,A01
201400009152,0,7,0,0.0,1.0,5.0,4.0,A01
201400009153,0,7,0,0.0,0.0,6.0,1.0,A01
201400009154,0,7,0,0.0,2.0,3.0,1.0,B01
201400009154,0,3,0,0.0,2.0,2.0,1.0,A01
201400009155,0,7,0,0.0,2.0,6.0,15.0,A01
201400009155,0,2,0,0.0,2.0,1.0,17.0,B01
201400009156,0,10,0,0.0,1.0,4.0,4.0,A01
201400009157,0,7,0,0.0,2.0,8.0,19.0,A01
201400009157,0,7,0,0.0,,3.0,1.0,B01
201400009158,0,10,0,0.0,1.0,7.0,1.0,A01
201400009159,0,7,0,0.0,2.0,6.0,20.0,A01
201400009159,0,2,0,0.0,2.0,1.0,18.0,B01
201400009160,0,7,0,0.0,2.0,6.0,1.0,B01
201400009160,0,10,0,0.0,2.0,1.0,1.0,C01
201400009160,0,33,0,0.0,2.0,1.0,1.0,A01
201400009161,0,10,0,0.0,2.0,1.0,1.0,B01
201400009161,0,7,0,0.0,2.0,1.0,13.0,A01
201400009162,0,7,0,0.0,2.0,0.0,5.0,A01
201400009162,0,33,0,0.0,2.0,0.0,21.0,B01
201400009163,0,7,0,0.0,1.0,7.0,1.0,A01
201400009164,0,17,0,0.0,1.0,1.0,1.0,A01
201400009165,0,7,0,0.0,2.0,8.0,15.0,A01
201400009165,0,33,0,0.0,,1.0,1.0,B01
201400009166,0,7,0,0.0,1.0,3.0,1.0,A01
201400009167,0,2,0,0.0,2.0,3.0,1.0,B01
201400009167,0,7,0,0.0,2.0,2.0,1.0,A01
201400009168,0,2,0,0.0,2.0,5.0,1.0,A01
201400009168,0,17,0,0.0,2.0,8.0,15.0,B01
201400009169,0,33,0,2.0,0.0,1.0,14.0,A01
201400009170,0,7,0,0.0,2.0,2.0,1.0,A01
201400009170,0,7,0,0.0,2.0,1.0,1.0,B01
201400009171,0,2,0,1.0,0.0,1.0,1.0,A01
201400009171,0,7,0,0.0,0.0,6.0,24.0,B01
201400009172,0,32,0,0.0,,1.0,1.0,B01
201400009172,2,7,0,0.0,2.0,3.0,1.0,A01
201400009173,0,7,0,0.0,2.0,1.0,1.0,A01
201400009173,0,1,0,0.0,,8.0,19.0,B01
201400009174,0,7,0,12.0,0.0,1.0,13.0,A01
201400009175,0,7,0,9.0,0.0,1.0,14.0,A01
201400009176,0,7,0,0.0,1.0,2.0,1.0,A01
201400009177,0,7,0,0.0,1.0,1.0,15.0,A01
201400009178,0,10,0,0.0,,6.0,15.0,A01
201400009178,0,2,0,0.0,2.0,2.0,1.0,B01
201400009179,0,7,0,0.0,1.0,1.0,1.0,A01
201400009180,0,7,0,0.0,2.0,2.0,13.0,A01
201400009180,0,7,0,0.0,,1.0,1.0,B01
201400009181,0,7,0,0.0,2.0,3.0,13.0,A01
201400009181,0,7,0,0.0,,3.0,1.0,B01
201400009182,0,7,0,15.0,0.0,2.0,14.0,A01
201400009183,0,7,0,2.0,0.0,1.0,14.0,A01
201400009184,0,33,0,0.0,0.0,4.0,15.0,A01
201400009184,0,7,0,0.0,2.0,1.0,2.0,B02
201400009185,0,10,0,1.0,1.0,5.0,1.0,A01
201400009186,0,33,0,0.0,2.0,7.0,2.0,B02
201400009186,0,33,0,0.0,2.0,8.0,2.0,A01
201400009187,0,33,0,7.0,0.0,4.0,1.0,B02
201400009187,0,7,0,0.0,0.0,1.0,1.0,A01
201400009188,0,21,0,0.0,2.0,3.0,0.0,B02
201400009188,0,10,0,0.0,2.0,3.0,13.0,A01
201400009189,0,7,0,0.0,6.0,1.0,13.0,A01
201400009189,0,7,0,0.0,2.0,3.0,1.0,B02
201400009190,0,33,0,0.0,6.0,2.0,1.0,A01
201400009191,0,33,0,0.0,2.0,1.0,2.0,B02
201400009191,0,33,0,0.0,2.0,4.0,2.0,A01
201400009192,0,7,0,0.0,0.0,2.0,1.0,A01
201400009192,0,7,0,0.0,0.0,8.0,9.0,B02
201400009193,0,7,0,0.0,0.0,4.0,2.0,A01
201400009193,0,7,0,0.0,0.0,1.0,2.0,B02
201400009194,0,10,0,0.0,9.0,3.0,1.0,B02
201400009194,0,30,0,0.0,2.0,1.0,1.0,A01
201400009195,0,7,0,0.0,2.0,1.0,1.0,B02
201400009195,0,7,0,0.0,2.0,2.0,13.0,A01
201400009196,0,7,0,8.0,2.0,2.0,15.0,B02
201400009196,0,7,0,0.0,2.0,8.0,1.0,A01
201400009197,0,33,0,0.0,2.0,1.0,21.0,C03
201400009197,0,14,0,0.0,2.0,3.0,21.0,A01
201400009197,0,33,0,0.0,2.0,3.0,11.0,B02
201400009198,0,7,0,2.0,0.0,7.0,13.0,A01
201400009199,0,10,0,0.0,0.0,1.0,1.0,C03
201400009199,0,10,0,0.0,2.0,3.0,13.0,A01
201400009199,0,15,0,0.0,0.0,3.0,1.0,B02
201400009200,0,7,0,2.0,0.0,3.0,19.0,A01
201400009201,0,7,0,0.0,2.0,8.0,15.0,A01
201400009201,0,2,0,0.0,2.0,1.0,1.0,B02
201400009202,0,14,0,0.0,2.0,1.0,1.0,A01
201400009202,0,33,0,0.0,2.0,1.0,1.0,B02
201400009203,0,1,0,0.0,5.0,0.0,21.0,A01
201400009204,0,7,0,0.0,1.0,2.0,1.0,A01
201400009205,0,33,0,0.0,0.0,1.0,1.0,B02
201400009205,0,7,0,0.0,0.0,2.0,15.0,A01
201400009206,0,7,0,0.0,2.0,2.0,1.0,B02
201400009206,0,7,0,0.0,0.0,8.0,16.0,A01
201400009207,0,1,0,0.0,6.0,0.0,21.0,A01
201400009208,0,7,0,3.0,0.0,0.0,14.0,A01
201400009209,0,7,0,0.0,4.0,2.0,19.0,A01
201400009209,0,7,0,0.0,2.0,1.0,1.0,B02
201400009210,0,33,0,12.0,0.0,1.0,0.0,A01
201400009211,0,7,0,2.0,0.0,1.0,1.0,A01
201400009212,0,7,0,0.0,2.0,1.0,13.0,C03
201400009212,0,7,0,0.0,2.0,3.0,1.0,A01
201400009212,0,7,0,0.0,2.0,1.0,1.0,B02
201400009213,0,7,0,14.0,0.0,1.0,0.0,A01
201400009214,0,7,0,0.0,2.0,1.0,2.0,A01
201400009214,0,7,0,0.0,0.0,4.0,2.0,B02
201400009215,0,7,0,0.0,2.0,1.0,11.0,A01
201400009215,0,33,0,0.0,2.0,1.0,1.0,B02
201400009216,0,33,0,0.0,2.0,8.0,13.0,A01
201400009216,0,33,0,0.0,2.0,8.0,2.0,B02
201400009217,0,33,0,0.0,2.0,1.0,1.0,A01
201400009217,0,10,0,0.0,2.0,7.0,1.0,B02
201400009218,0,10,0,0.0,1.0,2.0,19.0,A01
201400009219,0,7,0,2.0,0.0,3.0,1.0,A01
201400009220,0,33,0,0.0,2.0,1.0,2.0,A01
201400009220,0,7,0,0.0,2.0,4.0,2.0,B02
201400009221,0,7,0,0.0,2.0,3.0,2.0,A01
201400009221,0,7,0,0.0,2.0,3.0,2.0,B02
201400009222,0,7,0,0.0,2.0,3.0,9.0,A01
201400009222,0,1,0,0.0,2.0,7.0,1.0,B02
201400009223,0,7,0,0.0,9.0,3.0,2.0,B02
201400009223,0,1,0,0.0,2.0,8.0,2.0,A01
201400009224,0,7,0,5.0,0.0,1.0,1.0,A01
201400009225,0,33,0,3.0,0.0,1.0,14.0,A01
201400009226,0,7,0,5.0,0.0,4.0,1.0,A01
201400009227,1,7,0,0.0,2.0,1.0,1.0,A01
201400009227,0,1,0,0.0,2.0,4.0,1.0,B02
201400009227,0,1,0,0.0,2.0,4.0,1.0,C03
201400009228,0,33,0,16.0,0.0,8.0,1.0,A01
201400009229,0,33,0,0.0,2.0,1.0,2.0,A01
201400009229,0,7,0,0.0,0.0,4.0,1.0,B02
201400009230,0,7,0,6.0,0.0,8.0,1.0,A01
201400009231,0,2,0,0.0,2.0,1.0,21.0,B02
201400009231,0,7,0,0.0,2.0,6.0,1.0,A01
201400009232,0,7,0,0.0,2.0,1.0,1.0,A01
201400009232,0,7,0,0.0,2.0,3.0,15.0,B02
201400009233,0,7,0,0.0,2.0,8.0,15.0,B02
201400009233,0,10,0,0.0,2.0,1.0,1.0,A01
201400009234,1,10,0,0.0,1.0,0.0,2.0,A01
201400009235,1,7,0,0.0,1.0,4.0,4.0,A01
201400009236,0,7,0,6.0,0.0,1.0,1.0,A01
201400009237,0,33,0,0.0,2.0,8.0,1.0,A01
201400009238,0,7,0,0.0,1.0,1.0,17.0,A01
201400009239,0,7,0,0.0,2.0,1.0,1.0,A01
201400009239,0,2,0,0.0,2.0,8.0,1.0,B02
201400009240,0,10,0,13.0,0.0,0.0,1.0,A01
201400009241,0,33,0,0.0,2.0,1.0,1.0,A01
201400009241,0,10,0,0.0,2.0,3.0,1.0,B02
201400009242,0,31,0,4.0,0.0,2.0,1.0,A01
201400009243,0,1,0,0.0,0.0,7.0,1.0,A01
201400009244,0,7,0,0.0,0.0,1.0,1.0,B02
201400009244,0,7,0,0.0,0.0,7.0,19.0,A01
201400009245,0,7,0,1.0,1.0,3.0,1.0,A01
201400009246,0,31,0,0.0,2.0,4.0,1.0,B02
201400009246,0,7,0,0.0,2.0,7.0,16.0,A01
201400009247,0,7,0,0.0,1.0,2.0,1.0,A01
201400009248,0,7,0,0.0,2.0,2.0,1.0,A01
201400009248,0,7,0,0.0,2.0,3.0,16.0,B02
201400009249,0,7,0,0.0,2.0,1.0,1.0,A01
201400009249,0,7,0,0.0,2.0,4.0,1.0,B02
201400009250,0,7,0,0.0,2.0,1.0,1.0,A01
201400009250,0,1,0,0.0,2.0,1.0,1.0,B02
201400009251,0,7,0,0.0,2.0,2.0,1.0,A01
201400009251,0,7,0,0.0,2.0,3.0,0.0,B02
201400009252,0,30,0,0.0,0.0,0.0,1.0,A01
201400009253,0,33,0,0.0,2.0,1.0,1.0,A01
201400009253,0,7,0,0.0,2.0,8.0,19.0,B02
201400009254,0,33,0,0.0,2.0,1.0,1.0,A01
201400009254,0,7,0,0.0,2.0,4.0,19.0,B02
201400009255,0,15,0,0.0,1.0,2.0,15.0,A01
201400009256,0,7,0,0.0,2.0,7.0,13.0,A01
201400009256,0,7,0,0.0,2.0,1.0,1.0,B02
201400009257,0,7,0,0.0,2.0,1.0,17.0,A01
201400009257,0,10,0,0.0,2.0,1.0,1.0,B02
201400009258,0,1,0,0.0,2.0,4.0,2.0,B02
201400009258,0,7,0,0.0,2.0,1.0,1.0,A01
201400009259,0,10,0,0.0,1.0,2.0,1.0,A01
201400009260,0,30,0,0.0,2.0,1.0,1.0,B02
201400009260,0,7,0,0.0,2.0,1.0,5.0,A01
201400009261,0,10,0,0.0,2.0,1.0,1.0,B02
201400009261,0,7,0,0.0,2.0,1.0,15.0,A01
201400009262,0,7,0,0.0,2.0,8.0,19.0,A01
201400009262,0,7,0,0.0,2.0,1.0,1.0,B02
201400009263,0,7,0,0.0,2.0,3.0,19.0,A01
201400009263,0,33,0,0.0,2.0,1.0,1.0,B02
201400009264,0,7,0,0.0,2.0,3.0,13.0,A01
201400009264,0,14,0,0.0,2.0,3.0,1.0,B02
201400009265,0,7,0,2.0,0.0,7.0,1.0,A01
201400009266,0,7,0,0.0,2.0,3.0,1.0,B02
201400009266,0,7,0,0.0,2.0,3.0,13.0,A01
201400009267,0,33,0,0.0,2.0,1.0,1.0,B02
201400009267,0,7,0,0.0,2.0,2.0,11.0,A01
201400009268,0,7,0,0.0,2.0,3.0,0.0,B02
201400009268,0,7,0,0.0,2.0,3.0,0.0,A01
201400009269,0,14,0,0.0,0.0,2.0,1.0,A01
201400009270,0,38,1,0.0,1.0,7.0,1.0,A01
201400009271,0,7,0,8.0,0.0,9.0,1.0,A01
201400009272,0,31,0,0.0,0.0,7.0,1.0,A01
201400009273,0,7,0,0.0,1.0,2.0,1.0,A01
201400009274,0,33,0,2.0,0.0,3.0,1.0,A01
201400009275,0,7,0,0.0,2.0,8.0,1.0,B02
201400009275,0,7,0,0.0,2.0,1.0,13.0,A01
201400009276,0,7,0,2.0,0.0,2.0,14.0,A01
201400009277,0,33,0,0.0,2.0,1.0,1.0,B02
201400009277,0,7,0,0.0,2.0,3.0,15.0,A01
201400009278,0,7,0,0.0,1.0,3.0,1.0,A01
201400009279,0,33,0,13.0,0.0,0.0,13.0,A01
201400009280,0,1,0,0.0,2.0,4.0,2.0,B02
201400009280,0,7,0,0.0,2.0,1.0,1.0,A01
201400009281,0,7,0,0.0,2.0,8.0,9.0,B02
201400009281,0,15,0,0.0,2.0,1.0,1.0,A01
201400009282,0,34,0,0.0,2.0,1.0,1.0,B02
201400009282,0,7,0,0.0,2.0,1.0,1.0,A01
201400009283,0,7,0,0.0,2.0,1.0,1.0,A01
201400009283,0,7,0,0.0,2.0,1.0,16.0,B02
201400009284,0,1,0,0.0,2.0,8.0,19.0,B02
201400009284,0,7,0,0.0,2.0,2.0,16.0,A01
201400009285,0,33,0,0.0,0.0,2.0,1.0,A01
201400009286,0,30,0,8.0,0.0,2.0,1.0,A01
201400009287,0,7,0,0.0,1.0,2.0,17.0,A01
201400009288,0,36,0,6.0,0.0,1.0,1.0,A01
201400009289,0,31,0,0.0,2.0,2.0,16.0,A01
201400009289,0,7,0,0.0,2.0,8.0,1.0,B02
201400009290,0,33,0,0.0,2.0,4.0,1.0,A01
201400009290,0,20,0,0.0,2.0,4.0,1.0,B02
201400009290,0,20,0,0.0,2.0,1.0,1.0,C03
201400009291,0,33,0,0.0,2.0,4.0,12.0,B02
201400009291,0,7,0,0.0,2.0,3.0,12.0,A01
201400009292,0,7,0,0.0,2.0,4.0,1.0,A01
201400009292,0,7,0,0.0,2.0,1.0,2.0,B02
201400009293,0,7,0,0.0,2.0,5.0,23.0,B02
201400009293,0,30,0,0.0,2.0,1.0,1.0,A01
201400009294,0,37,1,0.0,2.0,3.0,1.0,A01
201400009294,1,14,0,0.0,0.0,0.0,0.0,B02
201400009295,0,7,0,0.0,2.0,8.0,1.0,B02
201400009295,0,7,0,0.0,2.0,1.0,1.0,A01
201400009296,0,7,0,0.0,2.0,3.0,1.0,A01
201400009296,0,30,0,0.0,2.0,1.0,1.0,B02
201400009297,0,37,1,0.0,1.0,1.0,1.0,A01
201400009298,0,33,0,0.0,2.0,1.0,16.0,A01
201400009298,0,37,1,0.0,2.0,2.0,1.0,B02
201400009299,0,7,0,0.0,2.0,1.0,1.0,B02
201400009299,0,7,0,0.0,2.0,1.0,13.0,A01
201400009299,0,7,0,0.0,2.0,3.0,2.0,C03
201400009300,0,7,0,13.0,0.0,1.0,16.0,A01
201400009301,0,7,0,2.0,0.0,5.0,0.0,A01
201400009302,0,7,0,0.0,0.0,9.0,1.0,A01
201400009303,0,7,0,13.0,0.0,1.0,1.0,A01
201400009304,0,7,0,0.0,2.0,2.0,15.0,A01
201400009304,0,7,0,0.0,2.0,1.0,1.0,B02
201400009305,0,33,0,0.0,2.0,1.0,3.0,A01
201400009305,0,7,0,0.0,2.0,4.0,2.0,B02
201400009306,0,7,0,0.0,2.0,8.0,1.0,B02
201400009306,0,7,0,0.0,2.0,3.0,1.0,C03
201400009306,0,33,0,0.0,2.0,8.0,14.0,A01
201400009307,0,7,0,0.0,2.0,3.0,1.0,B02
201400009307,0,30,0,0.0,2.0,8.0,15.0,A01
201400009308,0,1,0,0.0,2.0,8.0,5.0,A01
201400009308,0,7,0,0.0,2.0,3.0,1.0,B02
201400009309,0,33,0,0.0,2.0,1.0,1.0,B02
201400009309,0,7,0,0.0,2.0,7.0,15.0,A01
201400009310,0,3,0,0.0,0.0,9.0,1.0,A01
201400009311,0,7,0,0.0,2.0,5.0,1.0,B02
201400009311,0,7,0,0.0,2.0,1.0,1.0,A01
201400009312,0,7,0,0.0,2.0,5.0,1.0,A01
201400009312,0,7,0,0.0,2.0,4.0,24.0,D04
201400009312,0,7,0,0.0,2.0,2.0,21.0,C03
201400009312,0,7,0,0.0,2.0,2.0,2.0,B02
201400009313,0,33,0,0.0,2.0,1.0,1.0,A01
201400009313,0,7,0,0.0,2.0,4.0,2.0,B02
201400009314,0,7,0,0.0,2.0,5.0,23.0,B02
201400009314,0,31,0,0.0,2.0,3.0,3.0,A01
201400009315,0,1,0,0.0,2.0,1.0,0.0,B02
201400009315,0,30,0,0.0,2.0,1.0,13.0,A01
201400009316,1,7,0,0.0,2.0,3.0,13.0,B02
201400009316,0,33,0,0.0,2.0,8.0,1.0,A01
201400009317,0,7,0,0.0,1.0,2.0,1.0,A01
201400009318,0,33,0,0.0,2.0,1.0,1.0,B02
201400009318,0,7,0,0.0,2.0,7.0,15.0,A01
201400009319,0,7,0,1.0,0.0,3.0,12.0,A01
201400009319,0,17,0,0.0,2.0,5.0,24.0,B02
201400009320,0,7,0,0.0,2.0,2.0,1.0,A01
201400009320,0,1,0,0.0,2.0,4.0,2.0,B02
201400009321,0,7,0,0.0,0.0,9.0,1.0,A01
201400009322,0,7,0,0.0,2.0,4.0,24.0,B02
201400009322,0,7,0,1.0,2.0,1.0,1.0,A01
201400009323,0,7,0,0.0,2.0,4.0,1.0,A01
201400009323,0,7,0,0.0,2.0,4.0,23.0,B02
201400009323,0,7,0,0.0,2.0,1.0,1.0,C03
201400009324,0,7,0,0.0,2.0,1.0,1.0,A01
201400009324,0,2,0,0.0,2.0,1.0,1.0,B02
201400009325,0,7,0,0.0,0.0,9.0,1.0,A01
201400009326,0,7,0,0.0,2.0,3.0,9.0,B02
201400009326,0,10,0,0.0,2.0,2.0,1.0,A01
201400009327,0,7,0,0.0,0.0,9.0,17.0,A01
201400009328,0,14,0,0.0,2.0,8.0,1.0,A01
201400009328,0,10,0,0.0,2.0,3.0,13.0,B02
201400009329,0,7,0,0.0,0.0,9.0,1.0,A01
201400009330,0,7,0,0.0,0.0,0.0,15.0,A01
201400009331,0,33,0,0.0,2.0,1.0,1.0,A01
201400009331,0,7,0,0.0,2.0,2.0,13.0,B02
201400009332,0,33,0,0.0,2.0,1.0,2.0,B02
201400009332,0,10,0,0.0,2.0,5.0,1.0,A01
201400009333,0,7,0,0.0,1.0,1.0,1.0,A01
201400009334,0,7,0,13.0,0.0,9.0,1.0,A01
201400009335,0,33,0,0.0,6.0,1.0,1.0,A01
201400009336,0,7,0,2.0,0.0,8.0,14.0,A01
201400009337,0,7,0,8.0,0.0,8.0,1.0,A01
201400009338,0,2,0,0.0,2.0,3.0,15.0,A01
201400009338,0,7,0,0.0,2.0,5.0,17.0,B02
201400009339,0,21,0,0.0,2.0,3.0,1.0,B02
201400009339,0,33,0,0.0,2.0,1.0,13.0,A01
201400009340,0,7,0,2.0,0.0,1.0,1.0,A01
201400009340,0,10,0,0.0,2.0,2.0,1.0,B02
201400009341,0,7,0,0.0,2.0,3.0,1.0,B02
201400009341,0,7,0,4.0,2.0,3.0,5.0,A01
201400009341,0,7,0,0.0,2.0,8.0,1.0,C03
201400009342,0,33,0,2.0,0.0,1.0,17.0,A01
201400009343,0,7,0,0.0,2.0,3.0,13.0,A01
201400009343,0,7,0,0.0,2.0,3.0,1.0,B02
201400009344,0,7,0,0.0,2.0,9.0,2.0,E05
201400009344,0,7,0,0.0,2.0,9.0,2.0,D04
201400009344,0,7,0,0.0,2.0,9.0,2.0,C03
201400009344,0,7,0,0.0,2.0,1.0,1.0,A01
201400009344,0,7,0,0.0,2.0,4.0,2.0,B02
201400009345,0,10,0,0.0,2.0,3.0,15.0,A01
201400009345,0,33,0,0.0,2.0,1.0,1.0,B02
201400009346,0,33,0,0.0,2.0,1.0,5.0,A01
201400009346,0,10,0,0.0,2.0,3.0,15.0,B02
201400009347,0,30,0,8.0,0.0,7.0,1.0,A01
201400009348,0,7,0,0.0,1.0,2.0,1.0,A01
201400009349,0,7,0,0.0,1.0,1.0,15.0,A01
201400009350,0,7,0,2.0,2.0,2.0,21.0,A01
201400009350,0,7,0,15.0,2.0,8.0,2.0,B02
201400009351,0,7,0,0.0,2.0,2.0,23.0,B02
201400009351,0,30,0,0.0,2.0,1.0,5.0,A01
201400009352,0,7,0,2.0,0.0,9.0,14.0,A01
201400009353,0,7,0,0.0,2.0,8.0,9.0,A01
201400009353,0,37,0,0.0,2.0,2.0,1.0,B02
201400009354,0,7,0,0.0,0.0,1.0,15.0,A01
201400009354,0,31,0,0.0,2.0,1.0,1.0,B02
201400009355,0,33,0,0.0,2.0,1.0,1.0,A01
201400009355,0,14,0,0.0,2.0,3.0,15.0,B02
201400009356,0,33,0,13.0,0.0,1.0,1.0,A01
201400009357,0,7,0,0.0,2.0,3.0,1.0,B02
201400009357,0,7,0,0.0,2.0,2.0,5.0,A01
201400009358,0,7,0,0.0,2.0,8.0,15.0,A01
201400009358,0,33,0,0.0,2.0,1.0,21.0,B02
201400009359,0,7,0,0.0,1.0,7.0,16.0,A01
201400009360,0,10,0,2.0,0.0,2.0,1.0,A01
201400009361,0,33,0,0.0,2.0,1.0,17.0,A01
201400009361,0,7,0,0.0,2.0,3.0,15.0,B02
201400009362,0,7,0,0.0,2.0,3.0,13.0,A01
201400009362,0,7,0,0.0,2.0,3.0,1.0,B02
201400009363,0,7,0,0.0,2.0,9.0,17.0,A01
201400009363,0,15,0,0.0,2.0,1.0,1.0,C03
201400009363,0,7,0,0.0,2.0,3.0,1.0,B02
201400009364,0,7,0,0.0,9.0,2.0,2.0,A01
201400009364,0,1,0,0.0,2.0,4.0,0.0,C03
201400009364,0,1,0,0.0,2.0,4.0,0.0,B02
201400009365,0,7,0,0.0,2.0,3.0,0.0,A01
201400009365,0,7,0,0.0,2.0,0.0,0.0,B02
201400009366,0,7,0,0.0,2.0,1.0,15.0,A01
201400009366,0,7,0,0.0,2.0,1.0,1.0,B02
201400009366,0,7,0,0.0,2.0,8.0,23.0,C03
201400009367,0,7,0,8.0,0.0,1.0,0.0,A01
201400009368,0,7,0,0.0,2.0,1.0,0.0,B02
201400009368,0,7,0,0.0,2.0,1.0,13.0,A01
201400009369,0,10,0,0.0,2.0,1.0,1.0,C03
201400009369,0,7,0,0.0,2.0,3.0,13.0,A01
201400009369,0,14,0,0.0,2.0,3.0,1.0,B02
201400009370,0,7,0,0.0,2.0,1.0,1.0,B02
201400009370,0,7,0,0.0,2.0,1.0,21.0,A01
201400009371,0,7,0,0.0,2.0,3.0,15.0,A01
201400009371,0,10,0,0.0,2.0,5.0,13.0,B02
201400009372,0,7,0,0.0,0.0,1.0,9.0,A01
201400009372,0,2,0,0.0,0.0,5.0,0.0,B02
201400009373,0,7,0,2.0,0.0,8.0,14.0,A01
201400009374,0,7,0,0.0,0.0,1.0,1.0,D04
201400009374,0,7,0,0.0,0.0,1.0,13.0,A01
201400009374,0,7,0,0.0,0.0,3.0,1.0,B02
201400009374,0,7,0,0.0,0.0,1.0,1.0,C03
201400009375,0,7,0,0.0,0.0,4.0,1.0,A01
201400009375,0,2,0,0.0,0.0,7.0,1.0,C03
201400009375,0,2,0,0.0,0.0,8.0,1.0,D04
201400009375,0,2,0,0.0,2.0,1.0,1.0,B02
201400009375,0,2,0,0.0,0.0,8.0,1.0,E05
201400009376,0,33,0,3.0,0.0,1.0,1.0,A01
201400009377,0,7,0,2.0,2.0,1.0,1.0,B02
201400009377,0,7,0,0.0,2.0,2.0,19.0,A01
201400009377,0,7,0,0.0,2.0,1.0,23.0,C03
201400009378,0,7,0,0.0,2.0,3.0,0.0,A01
201400009378,0,7,0,0.0,2.0,3.0,1.0,B02
201400009379,0,7,0,0.0,0.0,1.0,13.0,A01