Num_Acc,senc,catv,occutc,obs,obsm,choc,manv,num_veh
201400009379,0,38,1,0.0,0.0,3.0,1.0,B02
201400009380,0,30,0,0.0,2.0,1.0,1.0,B02
201400009380,0,7,0,0.0,9.0,6.0,0.0,A01
201400009381,0,7,0,0.0,1.0,6.0,1.0,A01
201400009382,0,33,0,0.0,0.0,0.0,0.0,A01
201400009383,0,30,0,0.0,2.0,1.0,1.0,B02
201400009383,0,7,0,0.0,9.0,7.0,15.0,A01
201400009384,0,7,0,0.0,2.0,2.0,15.0,B02
201400009384,0,31,0,0.0,2.0,1.0,1.0,A01
201400009385,0,7,0,0.0,0.0,6.0,5.0,A01
201400009385,0,33,0,0.0,0.0,1.0,1.0,B02
201400009386,0,7,0,0.0,1.0,1.0,1.0,A01
201400009387,0,7,0,13.0,0.0,0.0,1.0,A01
201400009388,0,7,0,0.0,0.0,4.0,15.0,B02
201400009388,0,7,0,0.0,0.0,1.0,1.0,A01
201400009389,0,10,0,0.0,0.0,2.0,9.0,A01
201400009389,0,33,0,0.0,2.0,1.0,1.0,B02
201400009390,0,21,0,6.0,0.0,1.0,1.0,A01
201400009391,0,33,0,0.0,2.0,2.0,17.0,A01
201400009391,0,7,0,0.0,0.0,6.0,1.0,B02
201400009392,0,2,0,0.0,2.0,3.0,15.0,B02
201400009392,0,10,0,0.0,2.0,2.0,17.0,A01
201400009393,0,7,0,0.0,2.0,3.0,1.0,A01
201400009393,0,7,0,0.0,2.0,3.0,1.0,B02
201400009394,0,33,0,0.0,2.0,1.0,13.0,A01
201400009394,0,7,0,0.0,2.0,3.0,1.0,B02
201400009395,0,7,0,0.0,9.0,1.0,1.0,A01
201400009395,0,99,0,0.0,2.0,1.0,1.0,B02
201400009396,0,21,0,0.0,2.0,3.0,15.0,A01
201400009396,0,31,0,0.0,2.0,7.0,17.0,B02
201400009397,0,2,0,0.0,0.0,6.0,2.0,B02
201400009397,1,7,0,0.0,2.0,2.0,2.0,A01
201400009398,0,7,0,0.0,9.0,1.0,1.0,A01
201400009399,0,7,0,0.0,0.0,9.0,17.0,A01
201400009400,0,7,0,0.0,1.0,1.0,1.0,A01
201400009401,0,7,0,0.0,1.0,1.0,19.0,A01
201400009402,0,7,0,0.0,1.0,3.0,1.0,A01
201400009403,0,7,0,0.0,2.0,3.0,13.0,A01
201400009403,0,7,0,0.0,2.0,3.0,21.0,B02
201400009404,0,14,0,0.0,1.0,1.0,1.0,A01
201400009405,0,33,0,0.0,2.0,2.0,1.0,A01
201400009405,0,7,0,0.0,2.0,6.0,1.0,B02
201400009406,0,7,0,0.0,2.0,1.0,1.0,A01
201400009406,0,33,0,0.0,2.0,1.0,1.0,B02
201400009407,0,7,0,0.0,1.0,1.0,1.0,A01
201400009408,0,37,0,0.0,1.0,2.0,16.0,A01
201400009409,0,7,0,2.0,2.0,1.0,21.0,A01
201400009410,0,7,0,0.0,0.0,5.0,10.0,A01
201400009410,0,33,0,0.0,2.0,1.0,1.0,B02
201400009411,0,7,0,2.0,0.0,4.0,1.0,A01
201400009412,0,10,0,0.0,0.0,9.0,21.0,B02
201400009412,0,7,0,0.0,0.0,1.0,13.0,A01
201400009412,0,7,0,0.0,0.0,3.0,21.0,C03
201400009413,0,7,0,0.0,2.0,2.0,15.0,A01
201400009413,0,33,0,0.0,2.0,1.0,1.0,B02
201400009413,0,10,0,0.0,2.0,3.0,23.0,C03
201400009414,0,7,0,0.0,2.0,3.0,21.0,B02
201400009414,0,7,0,0.0,2.0,3.0,13.0,A01
201400009415,0,7,0,0.0,2.0,4.0,1.0,B02
201400009415,0,7,0,0.0,2.0,1.0,1.0,A01
201400009416,0,7,0,0.0,2.0,5.0,15.0,A01
201400009416,0,33,0,0.0,2.0,1.0,1.0,B02
201400009417,0,7,0,0.0,2.0,2.0,1.0,A01
201400009417,0,10,0,0.0,2.0,2.0,1.0,B02
201400009418,0,7,0,0.0,2.0,8.0,19.0,B02
201400009418,0,15,0,0.0,2.0,1.0,1.0,A01
201400009419,1,10,0,0.0,0.0,0.0,19.0,B02
201400009419,0,7,0,0.0,2.0,0.0,21.0,A01
201400009420,0,33,0,0.0,0.0,1.0,1.0,B02
201400009420,0,10,0,0.0,0.0,2.0,15.0,A01
201400009421,0,7,0,0.0,2.0,3.0,19.0,B02
201400009421,0,33,0,0.0,2.0,1.0,1.0,A01
201400009422,0,7,0,0.0,2.0,3.0,1.0,B02
201400009422,0,7,0,0.0,2.0,8.0,13.0,A01
201400009423,0,35,0,0.0,1.0,1.0,21.0,A01
201400009424,0,10,0,0.0,2.0,3.0,23.0,C03
201400009424,0,7,0,1.0,2.0,2.0,15.0,A01
201400009424,0,10,0,1.0,2.0,1.0,1.0,B02
201400009425,0,7,0,0.0,2.0,3.0,1.0,B02
201400009425,0,7,0,0.0,2.0,3.0,1.0,A01
201400009426,0,7,0,0.0,2.0,3.0,1.0,A01
201400009426,0,7,0,0.0,2.0,6.0,13.0,B02
201400009427,0,7,0,0.0,2.0,1.0,13.0,A01
201400009427,0,7,0,0.0,2.0,1.0,1.0,B02
201400009428,0,7,0,0.0,1.0,1.0,1.0,A01
201400009429,0,7,0,0.0,0.0,3.0,16.0,A01
201400009429,0,33,0,0.0,0.0,1.0,2.0,B02
201400009430,0,30,0,0.0,0.0,2.0,13.0,A01
201400009430,0,7,0,0.0,0.0,6.0,15.0,B02
201400009431,0,33,0,0.0,2.0,3.0,5.0,A01
201400009431,0,7,0,0.0,2.0,3.0,5.0,B02
201400009432,0,7,0,0.0,2.0,1.0,19.0,A01
201400009432,0,7,0,0.0,2.0,2.0,19.0,B02
201400009433,0,7,0,0.0,2.0,1.0,23.0,A01
201400009433,0,33,0,1.0,0.0,1.0,1.0,B02
201400009434,0,32,0,0.0,5.0,1.0,1.0,A01
201400009435,0,17,0,0.0,0.0,0.0,24.0,A01
201400009435,0,1,0,1.0,0.0,1.0,21.0,B02
201400009436,0,33,0,0.0,2.0,1.0,0.0,B02
201400009436,0,33,0,0.0,2.0,1.0,13.0,A01
201400009437,0,7,0,0.0,2.0,1.0,1.0,A01
201400009437,0,7,0,0.0,2.0,4.0,16.0,B02
201400009438,0,30,0,1.0,0.0,1.0,15.0,A01
201400009439,0,3,0,0.0,2.0,8.0,1.0,A01
201400009439,0,7,0,0.0,2.0,2.0,17.0,B02
201400009440,0,7,0,2.0,0.0,2.0,0.0,A01
201400009441,0,7,0,0.0,2.0,1.0,0.0,A01
201400009441,0,7,0,1.0,0.0,1.0,0.0,C03
201400009441,0,7,0,0.0,2.0,1.0,0.0,B02
201400009442,0,7,0,2.0,0.0,9.0,1.0,A01
201400009443,0,7,0,0.0,2.0,8.0,1.0,B02
201400009443,0,7,0,0.0,2.0,1.0,19.0,A01
201400009444,0,7,0,0.0,2.0,3.0,19.0,A01
201400009444,0,2,0,0.0,2.0,1.0,1.0,B02
201400009445,0,7,0,0.0,2.0,7.0,10.0,B02
201400009445,0,31,0,0.0,2.0,1.0,1.0,A01
201400009446,0,1,0,0.0,2.0,4.0,2.0,B02
201400009446,0,7,0,0.0,2.0,2.0,2.0,A01
201400009447,0,33,0,0.0,2.0,1.0,1.0,A01
201400009447,0,7,0,0.0,0.0,3.0,19.0,B02
201400009448,0,7,0,0.0,2.0,5.0,2.0,B02
201400009448,0,10,0,0.0,2.0,3.0,1.0,A01
201400009449,0,33,0,0.0,0.0,0.0,0.0,A01
201400009449,0,33,0,0.0,2.0,0.0,2.0,B02
201400009450,0,7,0,0.0,2.0,1.0,0.0,A01
201400009450,0,7,0,0.0,2.0,1.0,0.0,B02
201400009451,0,10,0,14.0,1.0,3.0,1.0,A01
201400009452,0,10,0,0.0,2.0,3.0,23.0,A01
201400009452,0,33,0,0.0,2.0,1.0,1.0,B02
201400009453,0,7,0,0.0,9.0,1.0,1.0,A01
201400009454,0,7,0,0.0,1.0,1.0,1.0,A01
201400009455,0,7,0,13.0,0.0,4.0,1.0,A01
201400009456,0,33,0,2.0,0.0,1.0,0.0,A01
201400009457,0,7,0,0.0,2.0,8.0,15.0,B02
201400009457,0,33,0,0.0,2.0,1.0,17.0,A01
201400009458,0,7,0,2.0,0.0,3.0,2.0,A01
201400009459,0,7,0,0.0,2.0,1.0,1.0,A01
201400009459,0,10,0,0.0,2.0,1.0,13.0,B02
201400009460,0,7,0,0.0,0.0,7.0,24.0,B02
201400009460,0,7,0,1.0,0.0,3.0,2.0,A01
201400009461,0,7,0,0.0,2.0,3.0,19.0,A01
201400009461,0,7,0,0.0,2.0,2.0,1.0,B02
201400009462,0,7,0,8.0,0.0,1.0,13.0,A01
201400009463,0,7,0,13.0,0.0,1.0,1.0,A01
201400009464,0,7,0,0.0,2.0,3.0,1.0,A01
201400009464,0,7,0,0.0,2.0,3.0,1.0,B02
201400009465,0,7,0,2.0,0.0,2.0,13.0,A01
201400009466,0,7,0,0.0,2.0,3.0,20.0,A01
201400009466,0,14,0,0.0,2.0,3.0,1.0,B02
201400009467,0,7,0,2.0,0.0,2.0,13.0,A01
201400009468,0,7,0,0.0,2.0,1.0,1.0,B02
201400009468,0,7,0,0.0,2.0,1.0,15.0,A01
201400009469,0,7,0,13.0,0.0,3.0,1.0,A01
201400009470,0,7,0,0.0,2.0,1.0,1.0,B02
201400009470,0,7,0,0.0,2.0,7.0,1.0,A01
201400009471,0,7,0,0.0,2.0,8.0,13.0,A01
201400009471,0,7,0,0.0,2.0,3.0,16.0,B02
201400009472,0,1,0,0.0,2.0,4.0,2.0,B02
201400009472,0,1,0,0.0,2.0,4.0,2.0,C03
201400009472,0,7,0,0.0,2.0,2.0,2.0,A01
201400009473,0,7,0,0.0,2.0,1.0,1.0,A01
201400009473,0,7,0,0.0,2.0,3.0,16.0,B02
201400009474,0,7,0,0.0,2.0,1.0,1.0,B02
201400009474,0,15,0,0.0,2.0,8.0,4.0,A01
201400009475,0,7,0,2.0,0.0,1.0,13.0,A01
201400009476,0,33,0,0.0,0.0,4.0,1.0,B02
201400009476,0,7,0,0.0,2.0,1.0,1.0,A01
201400009477,0,10,0,0.0,2.0,2.0,13.0,A01
201400009477,0,7,0,0.0,2.0,1.0,1.0,B02
201400009478,0,33,0,0.0,0.0,1.0,14.0,A01
201400009479,0,7,0,0.0,0.0,9.0,2.0,A01
201400009480,0,33,0,0.0,2.0,1.0,1.0,A01
201400009480,0,7,0,0.0,2.0,5.0,1.0,B02
201400009481,0,7,0,0.0,2.0,1.0,13.0,A01
201400009481,0,7,0,0.0,2.0,1.0,1.0,B02
201400009482,0,7,0,0.0,0.0,0.0,1.0,A01
201400009483,0,7,0,0.0,2.0,1.0,1.0,A01
201400009483,0,7,0,0.0,2.0,7.0,19.0,B02
201400009484,0,7,0,0.0,2.0,3.0,1.0,A01
201400009484,0,30,0,0.0,2.0,1.0,9.0,B02
201400009485,0,7,0,0.0,2.0,1.0,1.0,B02
201400009485,0,7,0,0.0,2.0,1.0,13.0,A01
201400009486,0,33,0,0.0,2.0,1.0,13.0,A01
201400009486,0,7,0,0.0,2.0,1.0,1.0,B02
201400009487,0,7,0,0.0,0.0,4.0,2.0,A01
201400009487,0,7,0,0.0,2.0,4.0,2.0,B02
201400009487,0,7,0,0.0,2.0,1.0,2.0,C03
201400009488,0,7,0,0.0,2.0,3.0,13.0,A01
201400009488,0,7,0,0.0,2.0,3.0,1.0,B02
201400009489,0,7,0,2.0,9.0,1.0,2.0,A01
201400009489,0,1,0,0.0,2.0,1.0,1.0,B02
201400009490,0,7,0,0.0,2.0,7.0,13.0,A01
201400009490,0,7,0,0.0,2.0,1.0,1.0,B02
201400009491,0,10,0,0.0,2.0,1.0,13.0,A01
201400009491,0,7,0,0.0,2.0,1.0,1.0,C03
201400009491,0,7,0,0.0,2.0,1.0,1.0,B02
201400009492,0,7,0,5.0,0.0,8.0,1.0,A01
201400009493,0,7,0,13.0,0.0,3.0,1.0,A01
201400009494,0,7,0,0.0,1.0,3.0,1.0,A01
201400009495,0,17,0,0.0,2.0,1.0,1.0,A01
201400009495,0,7,0,0.0,2.0,2.0,17.0,B02
201400009495,0,7,0,0.0,2.0,3.0,1.0,C03
201400009496,0,7,0,16.0,0.0,9.0,1.0,A01
201400009497,0,30,0,0.0,2.0,2.0,1.0,B02
201400009497,0,7,0,0.0,2.0,3.0,15.0,A01
201400009498,0,7,0,0.0,0.0,6.0,1.0,B02
201400009498,0,1,0,0.0,2.0,1.0,19.0,A01
201400009499,0,7,0,8.0,0.0,7.0,1.0,A01
201400009500,0,33,0,0.0,2.0,2.0,1.0,A01
201400009500,0,7,0,0.0,2.0,3.0,1.0,B02
201400009501,0,7,0,0.0,2.0,1.0,17.0,A01
201400009501,0,7,0,0.0,2.0,1.0,21.0,B02
201400009501,0,7,0,0.0,2.0,6.0,1.0,C03
201400009502,0,7,0,0.0,2.0,2.0,1.0,A01
201400009502,0,33,0,8.0,2.0,8.0,1.0,B02
201400009503,0,7,0,0.0,2.0,1.0,16.0,A01
201400009503,0,1,0,0.0,2.0,1.0,1.0,B02
201400009504,0,7,0,0.0,2.0,1.0,1.0,A01
201400009504,0,7,0,0.0,0.0,6.0,1.0,B02
201400009505,0,36,0,6.0,0.0,1.0,1.0,A01
201400009506,0,33,0,0.0,0.0,6.0,1.0,B02
201400009506,0,7,0,0.0,2.0,3.0,15.0,A01
201400009507,0,7,0,2.0,2.0,1.0,1.0,B02
201400009507,0,7,0,0.0,2.0,2.0,13.0,A01
201400009508,0,7,0,0.0,2.0,3.0,1.0,A01
201400009508,0,31,0,0.0,2.0,3.0,1.0,B02
201400009509,0,7,0,0.0,2.0,1.0,1.0,B02
201400009509,0,33,0,0.0,2.0,7.0,13.0,A01
201400009510,0,1,0,0.0,2.0,8.0,19.0,B02
201400009510,0,7,0,0.0,2.0,1.0,1.0,A01
201400009511,0,34,0,0.0,2.0,2.0,21.0,A01
201400009511,0,7,0,0.0,0.0,6.0,1.0,B02
201400009512,0,1,0,0.0,2.0,1.0,13.0,A01
201400009512,0,7,0,0.0,2.0,3.0,21.0,B02
201400009513,0,1,0,14.0,0.0,3.0,1.0,B02
201400009514,0,30,0,0.0,2.0,1.0,1.0,A01
201400009514,0,7,0,0.0,0.0,8.0,1.0,B02
201400009515,0,7,0,8.0,0.0,1.0,1.0,A01
201400009516,0,7,0,0.0,2.0,1.0,1.0,B02
201400009516,0,7,0,0.0,2.0,3.0,13.0,A01
201400009517,0,7,0,13.0,2.0,8.0,1.0,C03
201400009517,0,7,0,0.0,2.0,8.0,13.0,A01
201400009517,0,10,0,0.0,2.0,1.0,1.0,B02
201400009518,0,7,0,0.0,2.0,1.0,1.0,B02
201400009518,0,7,0,0.0,6.0,1.0,1.0,A01
201400009519,0,7,0,0.0,1.0,3.0,1.0,A01
201400009520,0,7,0,0.0,2.0,1.0,1.0,B02
201400009520,0,7,0,0.0,2.0,1.0,7.0,A01
201400009520,0,7,0,0.0,2.0,1.0,1.0,C03
201400009521,0,7,0,15.0,2.0,3.0,1.0,B02
201400009521,0,2,0,0.0,2.0,1.0,1.0,A01
201400009522,0,7,0,0.0,2.0,1.0,1.0,A01
201400009522,0,7,0,0.0,1.0,4.0,1.0,B02
201400009523,0,7,0,0.0,1.0,1.0,1.0,A01
201400009524,0,7,0,0.0,1.0,2.0,1.0,A01
201400009525,0,7,0,13.0,0.0,1.0,13.0,A01
201400009526,0,2,0,0.0,2.0,3.0,1.0,A01
201400009526,0,10,0,0.0,0.0,7.0,1.0,B02
201400009527,0,7,0,0.0,2.0,1.0,13.0,A01
201400009527,0,7,0,8.0,2.0,8.0,21.0,B02
201400009528,0,1,0,0.0,2.0,7.0,19.0,B02
201400009528,0,7,0,0.0,2.0,2.0,1.0,A01
201400009529,0,33,0,0.0,2.0,1.0,1.0,B02
201400009529,0,10,0,0.0,2.0,7.0,15.0,A01
201400009530,0,33,0,0.0,2.0,2.0,1.0,B02
201400009530,0,17,0,0.0,2.0,7.0,15.0,A01
201400009531,0,7,0,0.0,2.0,1.0,13.0,A01
201400009531,0,10,0,0.0,2.0,1.0,1.0,B02
201400009532,0,7,0,0.0,1.0,1.0,1.0,A01
201400009533,0,17,0,0.0,2.0,1.0,1.0,B02
201400009533,0,7,0,0.0,2.0,1.0,17.0,A01
201400009534,0,7,0,0.0,2.0,3.0,1.0,B02
201400009534,0,7,0,0.0,2.0,3.0,13.0,A01
201400009534,0,7,0,0.0,2.0,1.0,1.0,C03
201400009535,0,7,0,13.0,0.0,1.0,1.0,A01
201400009536,0,30,0,0.0,0.0,4.0,1.0,A01
201400009536,1,7,0,0.0,2.0,1.0,1.0,B02
201400009537,0,7,0,0.0,2.0,7.0,13.0,B02
201400009537,0,17,0,0.0,2.0,3.0,1.0,A01
201400009538,0,14,0,0.0,2.0,2.0,1.0,B02
201400009538,0,7,0,0.0,2.0,1.0,13.0,A01
201400009539,0,7,0,0.0,2.0,1.0,1.0,B02
201400009539,0,7,0,0.0,2.0,5.0,13.0,A01
201400009540,0,7,0,0.0,1.0,3.0,1.0,A01
201400009541,0,7,0,0.0,2.0,7.0,15.0,A01
201400009541,0,7,0,0.0,2.0,1.0,1.0,B02
201400009542,0,10,0,0.0,2.0,3.0,15.0,B02
201400009542,0,31,0,0.0,2.0,1.0,1.0,C03
201400009542,0,10,0,0.0,2.0,3.0,1.0,A01
201400009543,0,17,0,0.0,2.0,1.0,13.0,A01
201400009543,0,7,0,0.0,0.0,8.0,1.0,B02
201400009544,0,7,0,8.0,0.0,8.0,1.0,A01
201400009545,0,7,0,0.0,0.0,7.0,1.0,B02
201400009545,0,17,0,0.0,2.0,1.0,1.0,A01
201400009546,0,7,0,0.0,0.0,5.0,13.0,A01
201400009546,0,7,0,0.0,2.0,1.0,1.0,B02
201400009547,0,7,0,0.0,2.0,1.0,13.0,A01
201400009547,0,7,0,0.0,2.0,1.0,1.0,B02
201400009548,0,7,0,0.0,1.0,2.0,1.0,A01
201400009549,0,7,0,13.0,0.0,9.0,14.0,A01
201400009550,0,7,0,13.0,0.0,2.0,1.0,A01
201400009551,0,7,0,0.0,2.0,2.0,1.0,B02
201400009551,0,30,0,0.0,2.0,1.0,15.0,A01
201400009552,0,7,0,0.0,2.0,3.0,1.0,B02
201400009552,0,7,0,0.0,2.0,3.0,13.0,A01
201400009553,0,7,0,0.0,2.0,7.0,21.0,B02
201400009553,0,33,0,13.0,2.0,1.0,13.0,A01
201400009554,0,30,0,0.0,2.0,1.0,1.0,A01
201400009554,0,7,0,0.0,0.0,8.0,1.0,B02
201400009555,0,10,0,0.0,2.0,1.0,1.0,B02
201400009555,0,7,0,8.0,2.0,8.0,15.0,A01
201400009556,0,33,0,16.0,0.0,3.0,21.0,A01
201400009557,0,33,0,0.0,1.0,8.0,1.0,A01
201400009558,0,7,0,0.0,2.0,3.0,1.0,B02
201400009558,0,7,0,0.0,2.0,2.0,1.0,C03
201400009558,0,15,0,0.0,2.0,2.0,13.0,A01
201400009559,0,7,0,13.0,0.0,9.0,1.0,A01
201400009560,0,7,0,0.0,2.0,1.0,1.0,B02
201400009560,0,7,0,0.0,1.0,4.0,1.0,A01
201400009561,0,7,0,0.0,2.0,3.0,1.0,B02
201400009561,0,1,0,0.0,2.0,2.0,1.0,A01
201400009562,0,7,0,16.0,0.0,7.0,1.0,A01
201400009563,0,7,0,16.0,0.0,1.0,21.0,A01
201400009564,0,33,0,0.0,2.0,1.0,1.0,A01
201400009564,0,17,0,0.0,2.0,5.0,15.0,B02
201400009565,0,7,0,0.0,2.0,8.0,17.0,A01
201400009565,0,33,0,0.0,2.0,1.0,1.0,B02
201400009565,0,17,0,0.0,2.0,3.0,1.0,C03
201400009566,0,31,0,0.0,2.0,1.0,1.0,A01
201400009566,0,7,0,0.0,2.0,2.0,15.0,B02
201400009567,0,7,0,16.0,0.0,9.0,1.0,A01
201400009568,0,31,0,0.0,2.0,1.0,13.0,A01
201400009568,0,33,0,0.0,2.0,1.0,1.0,B02
201400009569,0,31,0,0.0,2.0,1.0,1.0,A01
201400009569,0,7,0,0.0,2.0,2.0,15.0,B02
201400009570,0,7,0,6.0,0.0,1.0,1.0,A01
201400009571,0,7,0,8.0,0.0,1.0,1.0,A01
201400009572,0,7,0,2.0,0.0,1.0,1.0,A01
201400009573,0,33,0,0.0,2.0,1.0,1.0,B02
201400009573,0,7,0,0.0,2.0,2.0,15.0,A01
201400009574,0,7,0,0.0,2.0,3.0,15.0,A01
201400009574,0,7,0,0.0,2.0,2.0,21.0,B02
201400009575,0,7,0,2.0,0.0,3.0,1.0,A01
201400009576,0,33,0,13.0,0.0,1.0,1.0,A01
201400009577,0,7,0,0.0,2.0,1.0,1.0,B02
201400009577,0,7,0,0.0,2.0,1.0,17.0,A01
201400009578,0,7,0,0.0,2.0,1.0,13.0,A01
201400009578,0,10,0,0.0,2.0,1.0,1.0,B02
201400009579,0,7,0,0.0,2.0,1.0,1.0,B02
201400009579,0,7,0,0.0,2.0,1.0,13.0,A01
201400009579,0,7,0,0.0,2.0,1.0,1.0,C03
201400009580,0,7,0,0.0,0.0,7.0,1.0,A01
201400009580,0,3,0,0.0,2.0,1.0,1.0,B02
201400009581,0,7,0,0.0,2.0,3.0,13.0,B02
201400009581,0,7,0,0.0,2.0,3.0,1.0,A01
201400009582,0,7,0,0.0,0.0,1.0,0.0,A01
201400009582,0,7,0,0.0,0.0,1.0,0.0,B02
201400009583,0,7,0,2.0,0.0,1.0,1.0,A01
201400009584,0,35,0,0.0,6.0,3.0,1.0,A01
201400009585,0,2,0,0.0,2.0,3.0,13.0,A01
201400009585,1,7,0,0.0,2.0,2.0,17.0,B02
201400009586,0,33,0,16.0,0.0,2.0,1.0,A01
201400009587,0,7,0,2.0,0.0,1.0,15.0,A01
201400009588,0,33,0,6.0,0.0,1.0,1.0,A01
201400009589,0,7,0,0.0,2.0,1.0,1.0,B02
201400009589,0,33,0,0.0,2.0,1.0,13.0,A01
201400009590,0,33,0,0.0,2.0,1.0,1.0,A01
201400009590,1,7,0,0.0,2.0,8.0,15.0,B02
201400009591,0,31,0,0.0,1.0,3.0,1.0,A01
201400009592,0,7,0,0.0,2.0,2.0,1.0,A01
201400009592,0,2,0,0.0,0.0,6.0,1.0,B02
201400009593,0,30,0,8.0,0.0,7.0,1.0,A01
201400009594,0,14,0,16.0,0.0,1.0,6.0,A01
201400009595,0,33,0,13.0,0.0,1.0,21.0,A01
201400009596,0,7,0,0.0,1.0,1.0,15.0,A01
201400009597,0,33,0,1.0,0.0,1.0,1.0,A01
201400009598,0,7,0,0.0,2.0,3.0,1.0,A01
201400009598,0,2,0,0.0,2.0,1.0,1.0,B02
201400009599,0,7,0,0.0,2.0,2.0,1.0,B02
201400009599,0,30,0,0.0,2.0,3.0,15.0,A01
201400009600,0,36,0,0.0,1.0,1.0,14.0,A01
201400009601,0,7,0,6.0,0.0,1.0,1.0,A01
201400009602,0,17,0,0.0,2.0,3.0,1.0,A01
201400009602,0,7,0,0.0,2.0,7.0,1.0,B02
201400009603,1,7,0,0.0,2.0,3.0,5.0,B02
201400009603,0,7,0,0.0,2.0,3.0,5.0,A01
201400009604,0,7,0,0.0,2.0,3.0,15.0,B02
201400009604,0,33,0,0.0,2.0,1.0,17.0,A01
201400009605,0,7,0,6.0,0.0,2.0,13.0,A01
201400009606,0,14,0,0.0,0.0,3.0,1.0,A01
201400009606,0,10,0,0.0,0.0,2.0,15.0,B02
201400009607,0,7,0,0.0,2.0,3.0,15.0,A01
201400009607,0,33,0,0.0,2.0,8.0,1.0,B02
201400009608,0,33,0,13.0,0.0,1.0,1.0,B02
201400009608,0,7,0,0.0,0.0,0.0,15.0,A01
201400009609,0,10,0,0.0,2.0,2.0,17.0,A01
201400009609,0,7,0,0.0,2.0,3.0,15.0,B02
201400009610,0,2,0,11.0,0.0,1.0,1.0,A01
201400009611,0,7,0,0.0,2.0,3.0,1.0,A01
201400009611,0,2,0,0.0,2.0,2.0,19.0,B02
201400009612,0,7,0,11.0,0.0,2.0,1.0,A01
201400009613,0,7,0,0.0,2.0,1.0,1.0,A01
201400009613,0,7,0,0.0,2.0,2.0,15.0,B02
201400009614,0,10,0,6.0,0.0,1.0,1.0,A01
201400009615,0,7,0,0.0,1.0,3.0,1.0,A01
201400009616,0,7,0,0.0,2.0,1.0,13.0,A01
201400009616,0,14,0,0.0,2.0,1.0,1.0,B02
201400009617,0,7,0,0.0,0.0,3.0,1.0,A02
201400009617,0,7,0,0.0,0.0,3.0,15.0,B01
201400009618,0,7,0,14.0,0.0,1.0,13.0,B02
201400009618,0,33,0,0.0,6.0,2.0,1.0,A01
201400009619,0,7,0,13.0,0.0,9.0,1.0,A01
201400009620,0,7,0,0.0,2.0,5.0,23.0,B02
201400009620,0,7,0,0.0,2.0,2.0,1.0,A01
201400009621,0,37,5,0.0,1.0,3.0,7.0,A01
201400009622,0,1,0,0.0,2.0,1.0,1.0,B02
201400009622,0,7,0,0.0,2.0,2.0,15.0,A01
201400009623,0,15,0,0.0,1.0,1.0,1.0,A01
201400009624,0,7,0,0.0,1.0,7.0,1.0,A01
201400009625,0,7,0,0.0,1.0,2.0,1.0,A01
201400009626,0,7,0,2.0,0.0,1.0,1.0,A01
201400009627,0,7,0,13.0,0.0,2.0,1.0,A01
201400009628,0,7,0,13.0,0.0,2.0,1.0,A01
201400009629,0,30,0,0.0,2.0,1.0,13.0,A01
201400009629,0,7,0,0.0,2.0,3.0,1.0,B02
201400009630,0,7,0,0.0,2.0,3.0,13.0,A01
201400009630,0,15,0,0.0,2.0,3.0,1.0,B02
201400009631,0,7,0,0.0,1.0,3.0,1.0,A01
201400009632,0,7,0,2.0,0.0,7.0,19.0,A01
201400009633,0,7,0,2.0,0.0,1.0,13.0,A01
201400009634,0,7,0,2.0,0.0,1.0,0.0,A01
201400009635,0,33,0,0.0,2.0,2.0,17.0,A01
201400009635,0,30,0,0.0,2.0,6.0,1.0,B02
201400009636,0,36,0,13.0,0.0,2.0,14.0,A01
201400009637,0,7,0,2.0,0.0,1.0,0.0,A01
201400009638,0,33,0,0.0,0.0,0.0,1.0,A01
201400009639,0,14,0,14.0,0.0,0.0,1.0,A01
201400009640,0,7,0,0.0,2.0,1.0,5.0,A01
201400009640,0,7,0,0.0,2.0,2.0,1.0,B02
201400009641,0,7,0,0.0,2.0,2.0,15.0,A01
201400009641,0,7,0,0.0,2.0,1.0,1.0,B02
201400009642,0,7,0,0.0,1.0,2.0,1.0,A01
201400009643,0,7,0,2.0,0.0,3.0,13.0,A01
201400009644,0,10,0,1.0,0.0,1.0,1.0,B02
201400009644,0,7,0,0.0,2.0,4.0,23.0,C03
201400009644,0,7,0,1.0,2.0,9.0,23.0,A01
201400009645,0,7,0,0.0,0.0,1.0,1.0,A01
201400009646,0,14,0,0.0,2.0,2.0,13.0,A01
201400009646,0,7,0,0.0,2.0,2.0,13.0,B02
201400009647,0,7,0,1.0,0.0,1.0,1.0,A01
201400009647,0,14,0,0.0,0.0,4.0,24.0,B02
201400009648,0,33,0,0.0,2.0,1.0,2.0,C03
201400009648,0,10,0,0.0,0.0,4.0,1.0,B02
201400009648,0,7,0,0.0,2.0,1.0,1.0,A01
201400009649,0,7,0,0.0,2.0,1.0,1.0,A01
201400009649,0,7,0,0.0,2.0,1.0,0.0,B02
201400009650,0,7,0,0.0,2.0,7.0,5.0,A01
201400009650,0,7,0,0.0,2.0,1.0,1.0,B02
201400009651,0,10,0,0.0,2.0,7.0,1.0,A01
201400009651,0,7,0,0.0,2.0,1.0,1.0,B02
201400009652,0,14,0,0.0,2.0,2.0,19.0,A01
201400009652,0,7,0,0.0,2.0,3.0,1.0,B02
201400009653,0,1,0,0.0,2.0,5.0,1.0,B02