Num_Acc,senc,catv,occutc,obs,obsm,choc,manv,num_veh
201400009653,0,31,0,0.0,2.0,3.0,1.0,A01
201400009654,0,33,0,0.0,2.0,7.0,19.0,A01
201400009654,0,7,0,0.0,2.0,1.0,1.0,B02
201400009655,0,7,0,0.0,2.0,1.0,19.0,A01
201400009655,0,7,0,0.0,2.0,1.0,1.0,B02
201400009656,0,7,0,0.0,2.0,1.0,13.0,A01
201400009656,0,7,0,0.0,2.0,1.0,1.0,B02
201400009657,0,7,0,0.0,1.0,1.0,1.0,A01
201400009658,0,7,0,0.0,2.0,8.0,1.0,B02
201400009658,0,7,0,0.0,2.0,1.0,1.0,A01
201400009659,0,7,0,0.0,2.0,6.0,2.0,C03
201400009659,0,7,0,0.0,2.0,3.0,17.0,A01
201400009659,0,33,0,0.0,2.0,1.0,2.0,B02
201400009660,0,7,0,6.0,0.0,1.0,1.0,A01
201400009661,0,7,0,0.0,1.0,2.0,1.0,A01
201400009662,0,7,0,0.0,1.0,7.0,13.0,A01
201400009663,0,7,0,2.0,0.0,1.0,13.0,A01
201400009664,0,7,0,0.0,2.0,1.0,1.0,A01
201400009664,0,7,0,0.0,2.0,8.0,9.0,B02
201400009665,0,31,0,8.0,0.0,2.0,1.0,A01
201400009666,0,7,0,0.0,2.0,5.0,9.0,B02
201400009666,0,7,0,0.0,2.0,1.0,0.0,A01
201400009667,0,7,0,0.0,2.0,1.0,9.0,B02
201400009667,0,14,0,0.0,2.0,1.0,1.0,A01
201400009668,0,31,0,0.0,0.0,1.0,1.0,A01
201400009669,0,10,0,0.0,2.0,6.0,23.0,B02
201400009669,0,33,0,0.0,2.0,1.0,1.0,A01
201400009670,0,7,0,0.0,2.0,1.0,1.0,B02
201400009670,0,30,0,0.0,2.0,7.0,15.0,A01
201400009671,0,7,0,0.0,2.0,3.0,1.0,B02
201400009671,0,10,0,0.0,2.0,3.0,13.0,A01
201400009672,0,1,0,0.0,2.0,4.0,2.0,A01
201400009672,0,7,0,0.0,9.0,1.0,2.0,B02
201400009673,0,14,0,0.0,2.0,5.0,17.0,A01
201400009673,0,30,0,0.0,2.0,3.0,13.0,B02
201400009674,0,7,0,0.0,2.0,1.0,15.0,A01
201400009674,0,7,0,0.0,2.0,1.0,1.0,B02
201400009675,0,10,0,0.0,2.0,8.0,16.0,B02
201400009675,0,33,0,0.0,2.0,1.0,1.0,A01
201400009676,0,2,0,0.0,2.0,1.0,1.0,B02
201400009676,0,7,0,0.0,2.0,7.0,15.0,A01
201400009677,0,7,0,0.0,1.0,6.0,4.0,A01
201400009678,0,7,0,6.0,0.0,3.0,21.0,A01
201400009679,0,7,0,0.0,1.0,7.0,1.0,A01
201400009680,0,7,0,2.0,0.0,8.0,0.0,A01
201400009681,0,7,0,0.0,2.0,1.0,1.0,B02
201400009681,0,7,0,0.0,2.0,1.0,17.0,A01
201400009682,0,14,0,0.0,0.0,7.0,0.0,A01
201400009682,0,31,0,0.0,0.0,6.0,0.0,B02
201400009683,0,7,0,0.0,0.0,1.0,1.0,B02
201400009683,0,7,0,0.0,0.0,5.0,19.0,A01
201400009684,0,7,0,2.0,0.0,7.0,13.0,A01
201400009685,0,7,0,8.0,0.0,1.0,1.0,A01
201400009686,0,30,0,0.0,0.0,1.0,1.0,A01
201400009687,0,7,0,0.0,1.0,3.0,1.0,A01
201400009688,0,7,0,0.0,0.0,1.0,1.0,A01
201400009689,0,7,0,0.0,2.0,1.0,1.0,B02
201400009689,0,7,0,0.0,2.0,7.0,13.0,A01
201400009690,0,31,0,0.0,2.0,1.0,1.0,B02
201400009690,0,7,0,0.0,0.0,6.0,19.0,A01
201400009691,0,30,0,0.0,2.0,1.0,15.0,A01
201400009691,0,7,0,0.0,2.0,2.0,1.0,C03
201400009691,0,7,0,0.0,2.0,1.0,1.0,B02
201400009692,0,10,0,0.0,0.0,2.0,1.0,A01
201400009693,0,7,0,2.0,0.0,2.0,1.0,A01
201400009694,0,7,0,0.0,2.0,3.0,1.0,B02
201400009694,0,7,0,0.0,2.0,2.0,1.0,A01
201400009695,0,33,0,0.0,0.0,0.0,0.0,A01
201400009696,0,1,0,0.0,2.0,3.0,16.0,B02
201400009696,0,7,0,0.0,2.0,2.0,1.0,A01
201400009697,0,3,0,0.0,2.0,3.0,15.0,A01
201400009697,0,33,0,0.0,2.0,1.0,1.0,B02
201400009698,0,36,0,15.0,2.0,2.0,1.0,A01
201400009699,0,10,0,0.0,0.0,8.0,15.0,A01
201400009699,0,7,0,0.0,2.0,1.0,1.0,B02
201400009700,0,7,0,0.0,0.0,8.0,15.0,B02
201400009700,0,2,0,0.0,2.0,1.0,17.0,A01
201400009701,0,7,0,0.0,1.0,2.0,1.0,A01
201400009702,0,7,0,0.0,2.0,1.0,11.0,A01
201400009702,0,31,0,0.0,2.0,1.0,1.0,B02
201400009703,0,7,0,0.0,0.0,2.0,1.0,A01
201400009703,0,15,0,0.0,0.0,3.0,1.0,B02
201400009704,0,7,0,0.0,2.0,3.0,1.0,A01
201400009704,0,17,0,0.0,2.0,8.0,1.0,B02
201400009705,0,99,0,0.0,0.0,0.0,0.0,A01
201400009706,0,30,0,0.0,2.0,3.0,11.0,B02
201400009706,0,7,0,0.0,2.0,2.0,1.0,A01
201400009707,0,33,0,0.0,0.0,1.0,5.0,A01
201400009708,0,14,0,0.0,2.0,3.0,1.0,B02
201400009708,0,10,0,0.0,2.0,3.0,1.0,A01
201400009709,0,1,0,0.0,0.0,4.0,1.0,C03
201400009709,0,7,0,0.0,1.0,1.0,1.0,A01
201400009709,0,1,0,0.0,2.0,4.0,1.0,B02
201400009710,0,30,0,1.0,0.0,1.0,0.0,A01
201400009711,0,15,0,0.0,1.0,1.0,2.0,A01
201400009712,0,7,0,0.0,2.0,1.0,5.0,A01
201400009712,0,7,0,0.0,2.0,1.0,1.0,B02
201400009713,0,7,0,0.0,2.0,1.0,1.0,A01
201400009713,0,7,0,0.0,2.0,8.0,1.0,B02
201400009714,0,33,0,0.0,0.0,0.0,1.0,A01
201400009715,1,99,0,0.0,1.0,3.0,0.0,B02
201400009716,0,33,0,0.0,2.0,1.0,1.0,B02
201400009716,0,7,0,0.0,0.0,6.0,9.0,A01
201400009717,0,7,0,0.0,2.0,1.0,1.0,B02
201400009717,0,7,0,0.0,2.0,1.0,1.0,A01
201400009718,0,7,0,8.0,0.0,3.0,13.0,A01
201400009719,0,7,0,0.0,2.0,4.0,1.0,C03
201400009719,0,7,0,0.0,2.0,4.0,1.0,B02
201400009719,0,7,0,0.0,2.0,1.0,1.0,A01
201400009720,0,10,0,0.0,2.0,2.0,1.0,B02
201400009720,0,7,0,0.0,2.0,1.0,1.0,A01
201400009721,0,7,0,2.0,0.0,0.0,13.0,A01
201400009722,0,7,0,1.0,0.0,1.0,1.0,A01
201400009722,0,30,0,0.0,2.0,4.0,23.0,B02
201400009723,0,1,0,0.0,2.0,1.0,1.0,B02
201400009723,1,7,0,0.0,2.0,2.0,1.0,A01
201400009724,0,7,0,0.0,0.0,3.0,0.0,D04
201400009724,0,7,0,0.0,0.0,1.0,0.0,C03
201400009724,0,7,0,0.0,0.0,1.0,0.0,A01
201400009724,0,7,0,0.0,0.0,1.0,0.0,B02
201400009725,0,33,0,0.0,0.0,0.0,1.0,A01
201400009726,0,7,0,2.0,0.0,2.0,0.0,A01
201400009727,0,33,0,16.0,0.0,0.0,1.0,A01
201400009728,0,7,0,0.0,2.0,3.0,1.0,B02
201400009728,0,7,0,0.0,2.0,3.0,11.0,A01
201400009729,0,7,0,0.0,2.0,3.0,1.0,A01
201400009729,0,7,0,0.0,2.0,2.0,21.0,C03
201400009729,0,7,0,0.0,2.0,1.0,21.0,B02
201400009730,0,33,0,0.0,2.0,1.0,1.0,A01
201400009730,0,1,0,0.0,0.0,8.0,19.0,B02
201400009731,0,33,0,3.0,0.0,7.0,1.0,A01
201400009732,0,30,0,5.0,0.0,2.0,1.0,A01
201400009733,0,14,0,0.0,2.0,1.0,0.0,C03
201400009733,0,7,0,0.0,2.0,1.0,1.0,A01
201400009733,0,7,0,0.0,2.0,4.0,1.0,B02
201400009734,0,7,0,13.0,0.0,1.0,1.0,A01
201400009735,0,37,0,0.0,2.0,1.0,5.0,B02
201400009735,0,7,0,0.0,2.0,8.0,23.0,A01
201400009736,0,14,0,13.0,0.0,1.0,1.0,A01
201400009737,0,7,0,1.0,0.0,1.0,1.0,B02
201400009737,0,7,0,0.0,2.0,4.0,23.0,A01
201400009738,0,7,0,13.0,0.0,3.0,1.0,A01
201400009739,0,7,0,0.0,0.0,5.0,1.0,A01
201400009740,2,7,0,0.0,2.0,1.0,17.0,A01
201400009740,0,7,0,0.0,0.0,3.0,15.0,B02
201400009741,0,7,0,0.0,2.0,1.0,5.0,A01
201400009741,0,7,0,0.0,2.0,2.0,5.0,B02
201400009742,0,7,0,2.0,0.0,2.0,0.0,A01
201400009743,0,7,0,8.0,0.0,1.0,1.0,A01
201400009743,0,7,0,0.0,2.0,7.0,15.0,B02
201400009744,0,7,0,0.0,2.0,3.0,13.0,A01
201400009744,0,7,0,0.0,2.0,3.0,1.0,B02
201400009745,0,7,0,0.0,2.0,1.0,0.0,B02
201400009745,0,14,0,0.0,2.0,2.0,15.0,A01
201400009746,0,7,0,8.0,6.0,1.0,1.0,A01
201400009747,0,7,0,13.0,0.0,2.0,2.0,A01
201400009748,0,7,0,0.0,2.0,1.0,1.0,B02
201400009748,0,7,0,0.0,0.0,7.0,19.0,A01
201400009749,0,7,0,0.0,2.0,1.0,0.0,A01
201400009749,0,7,0,0.0,2.0,1.0,20.0,B02
201400009750,0,33,0,2.0,0.0,1.0,1.0,A01
201400009751,0,30,0,8.0,0.0,1.0,1.0,A01
201400009752,0,30,0,0.0,2.0,7.0,21.0,A01
201400009752,0,7,0,0.0,2.0,3.0,23.0,B02
201400009753,0,7,0,16.0,0.0,1.0,1.0,A01
201400009754,0,7,0,0.0,2.0,1.0,5.0,A01
201400009754,0,7,0,0.0,2.0,1.0,1.0,B02
201400009755,0,7,0,0.0,1.0,1.0,1.0,A01
201400009756,0,7,0,0.0,2.0,7.0,2.0,A01
201400009756,0,1,0,0.0,2.0,3.0,13.0,B02
201400009757,0,7,0,0.0,2.0,7.0,2.0,A01
201400009757,0,1,0,0.0,2.0,8.0,15.0,B02
201400009758,0,7,0,0.0,1.0,8.0,1.0,A01
201400009759,0,7,0,0.0,2.0,2.0,13.0,A01
201400009759,0,7,0,0.0,2.0,2.0,1.0,B02
201400009760,0,10,0,0.0,2.0,3.0,13.0,A01
201400009760,0,7,0,0.0,2.0,3.0,1.0,B02
201400009761,0,7,0,2.0,0.0,3.0,13.0,A01
201400009762,0,10,0,13.0,0.0,2.0,1.0,A01
201400009763,0,7,0,13.0,0.0,1.0,1.0,A01
201400009764,0,7,0,0.0,1.0,2.0,1.0,A01
201400009765,0,33,0,0.0,2.0,1.0,1.0,A01
201400009765,0,20,0,0.0,2.0,2.0,1.0,B02
201400009766,0,99,0,16.0,1.0,9.0,1.0,A01
201400009767,0,7,0,0.0,2.0,5.0,13.0,A01
201400009767,0,7,0,0.0,2.0,1.0,1.0,B02
201400009768,0,7,0,0.0,2.0,3.0,1.0,B02
201400009768,0,7,0,0.0,2.0,3.0,13.0,A01
201400009769,0,7,0,0.0,1.0,2.0,1.0,A01
201400009770,0,1,0,0.0,2.0,1.0,1.0,B02
201400009770,0,7,0,0.0,2.0,2.0,13.0,A01
201400009771,0,7,0,6.0,0.0,2.0,1.0,A01
201400009772,0,7,0,13.0,0.0,2.0,1.0,A01
201400009773,0,7,0,16.0,0.0,9.0,13.0,A01
201400009774,0,7,0,0.0,2.0,5.0,17.0,A01
201400009774,0,17,0,0.0,2.0,3.0,1.0,B02
201400009774,0,14,0,0.0,2.0,6.0,1.0,C03
201400009775,0,1,0,0.0,2.0,1.0,1.0,A01
201400009776,0,7,0,0.0,1.0,2.0,1.0,A01
201400009777,0,7,0,0.0,1.0,2.0,1.0,A01
201400009778,0,10,0,0.0,1.0,2.0,1.0,A01
201400009779,0,7,0,13.0,0.0,3.0,13.0,A01
201400009780,0,33,0,0.0,2.0,1.0,1.0,B02
201400009780,0,21,0,0.0,2.0,6.0,16.0,A01
201400009781,0,10,0,2.0,0.0,1.0,21.0,A01
201400009782,0,7,0,0.0,2.0,8.0,19.0,B02
201400009782,0,7,0,0.0,2.0,3.0,1.0,A01
201400009783,0,7,0,13.0,0.0,1.0,1.0,A01
201400009784,0,7,0,0.0,2.0,3.0,13.0,A01
201400009784,0,7,0,0.0,2.0,6.0,1.0,B02
201400009785,0,7,0,0.0,2.0,3.0,15.0,A01
201400009785,0,10,0,0.0,2.0,1.0,17.0,B02
201400009786,0,30,0,0.0,2.0,1.0,1.0,A01
201400009786,0,2,0,0.0,2.0,4.0,1.0,B02
201400009787,0,30,0,14.0,0.0,8.0,15.0,A01
201400009788,0,7,0,0.0,2.0,3.0,2.0,A01
201400009788,0,2,0,0.0,2.0,4.0,15.0,B02
201400009789,0,2,0,0.0,0.0,8.0,1.0,A01
201400009790,0,36,0,13.0,0.0,1.0,0.0,A01
201400009791,0,2,0,14.0,0.0,2.0,1.0,A01
201400009792,0,7,0,0.0,2.0,7.0,10.0,A01
201400009792,0,7,0,0.0,2.0,1.0,1.0,B02
201400009793,0,7,0,0.0,2.0,3.0,1.0,B02
201400009793,0,17,0,0.0,2.0,1.0,19.0,A01
201400009794,0,10,0,0.0,1.0,3.0,15.0,A01
201400009795,0,10,0,13.0,0.0,1.0,1.0,A01
201400009796,0,7,0,0.0,2.0,3.0,1.0,B02
201400009796,0,7,0,0.0,2.0,3.0,13.0,A01
201400009797,0,13,0,0.0,0.0,9.0,1.0,A01
201400009798,0,30,0,3.0,0.0,8.0,1.0,A01
201400009799,0,10,0,2.0,0.0,1.0,1.0,A01
201400009800,0,7,0,0.0,1.0,7.0,1.0,A01
201400009801,0,7,0,0.0,1.0,2.0,1.0,A01
201400009802,0,7,0,0.0,2.0,3.0,15.0,A01
201400009802,0,7,0,0.0,2.0,2.0,1.0,B02
201400009803,0,7,0,0.0,2.0,1.0,15.0,A01
201400009803,0,10,0,0.0,2.0,1.0,1.0,B02
201400009804,0,7,0,0.0,2.0,8.0,19.0,B02
201400009804,0,7,0,0.0,2.0,1.0,21.0,A01
201400009805,2,7,0,2.0,0.0,1.0,1.0,A01
201400009806,0,7,0,0.0,2.0,1.0,13.0,A01
201400009806,0,17,0,0.0,2.0,1.0,1.0,B02
201400009807,0,7,0,0.0,2.0,3.0,19.0,B02
201400009807,0,14,0,0.0,2.0,2.0,1.0,A01
201400009808,0,2,0,8.0,0.0,1.0,1.0,A01
201400009809,0,7,0,0.0,2.0,2.0,17.0,A01
201400009809,0,30,0,0.0,2.0,1.0,1.0,B02
201400009810,0,2,0,6.0,0.0,8.0,1.0,A01
201400009811,0,33,0,0.0,0.0,0.0,1.0,A01
201400009812,0,7,0,6.0,0.0,1.0,13.0,A01
201400009813,0,1,0,0.0,2.0,8.0,19.0,A02
201400009813,0,14,0,0.0,2.0,2.0,21.0,B01
201400009814,0,7,0,0.0,2.0,8.0,1.0,B02
201400009814,0,31,0,0.0,2.0,1.0,17.0,A01
201400009815,0,7,0,0.0,2.0,3.0,1.0,A01
201400009815,0,7,0,0.0,2.0,3.0,1.0,B02
201400009816,0,7,0,1.0,0.0,1.0,13.0,A01
201400009817,0,7,0,0.0,2.0,2.0,1.0,B02
201400009817,0,1,0,0.0,2.0,1.0,15.0,A01
201400009818,0,31,0,13.0,0.0,8.0,1.0,A01
201400009819,0,33,0,8.0,0.0,5.0,1.0,A01
201400009820,0,30,0,0.0,0.0,3.0,1.0,A01
201400009821,0,17,0,0.0,9.0,7.0,17.0,A01
201400009821,0,1,0,0.0,2.0,0.0,1.0,B02
201400009822,0,7,0,0.0,2.0,2.0,15.0,B02
201400009822,0,33,0,0.0,2.0,2.0,5.0,A01
201400009823,0,7,0,16.0,0.0,1.0,14.0,A01
201400009824,0,7,0,1.0,0.0,1.0,2.0,A01
201400009825,0,7,0,0.0,2.0,7.0,13.0,C03
201400009825,0,7,0,0.0,2.0,3.0,13.0,A01
201400009825,0,7,0,0.0,2.0,2.0,1.0,B02
201400009826,0,14,0,0.0,0.0,9.0,1.0,A01
201400009827,0,7,0,0.0,2.0,3.0,15.0,A01
201400009827,0,31,0,0.0,2.0,1.0,1.0,B02
201400009828,0,30,0,6.0,0.0,8.0,1.0,A01
201400009829,0,7,0,0.0,2.0,3.0,15.0,A01
201400009829,0,7,0,0.0,2.0,3.0,1.0,B02
201400009830,0,7,0,2.0,0.0,1.0,1.0,A01
201400009831,0,33,0,13.0,0.0,1.0,1.0,A01
201400009832,0,1,0,0.0,2.0,3.0,15.0,B02
201400009832,0,10,0,0.0,2.0,2.0,17.0,A01
201400009833,0,7,0,0.0,2.0,3.0,13.0,A01
201400009833,0,7,0,0.0,2.0,2.0,21.0,B02
201400009834,0,7,0,0.0,2.0,1.0,17.0,A01
201400009834,0,7,0,0.0,2.0,8.0,15.0,B02
201400009835,0,33,0,0.0,2.0,1.0,17.0,B02
201400009835,0,7,0,0.0,2.0,6.0,17.0,A01
201400009836,0,7,0,0.0,0.0,9.0,1.0,A01
201400009837,0,33,0,0.0,0.0,1.0,1.0,B02
201400009837,0,10,0,0.0,0.0,8.0,19.0,A01
201400009838,0,10,0,0.0,2.0,3.0,1.0,B02
201400009838,0,7,0,0.0,2.0,3.0,13.0,A01
201400009839,0,17,0,2.0,0.0,3.0,14.0,A01
201400009840,0,7,0,10.0,0.0,2.0,14.0,A01
201400009841,0,36,0,13.0,0.0,9.0,16.0,A01
201400009842,0,7,0,0.0,2.0,1.0,1.0,A01
201400009842,0,7,0,0.0,2.0,8.0,19.0,B02
201400009843,0,7,0,0.0,2.0,3.0,11.0,A01
201400009843,0,33,0,0.0,2.0,1.0,1.0,B02
201400009844,0,7,0,0.0,1.0,2.0,1.0,A01
201400009845,0,37,5,0.0,2.0,3.0,1.0,B02
201400009845,0,2,0,0.0,2.0,1.0,5.0,A01
201400009846,0,7,0,0.0,2.0,1.0,1.0,A01
201400009846,0,7,0,0.0,2.0,8.0,15.0,B02
201400009847,0,7,0,0.0,2.0,4.0,23.0,D04
201400009847,0,7,0,0.0,2.0,9.0,23.0,C03
201400009847,0,7,0,0.0,2.0,9.0,23.0,B02
201400009847,0,7,0,0.0,2.0,1.0,1.0,A01
201400009848,0,7,0,0.0,2.0,3.0,1.0,B02
201400009848,0,31,0,0.0,2.0,1.0,1.0,A01
201400009849,0,7,0,0.0,2.0,3.0,1.0,B02
201400009849,0,33,0,0.0,2.0,3.0,17.0,A01
201400009850,0,7,0,0.0,2.0,7.0,19.0,A01
201400009850,0,7,0,0.0,2.0,1.0,1.0,B02
201400009851,0,7,0,6.0,0.0,1.0,5.0,A01
201400009852,0,7,0,0.0,2.0,9.0,17.0,A01
201400009853,0,7,0,13.0,0.0,1.0,1.0,A01
201400009854,0,7,0,10.0,0.0,1.0,1.0,A01
201400009855,0,31,0,0.0,2.0,1.0,1.0,A01
201400009855,0,7,0,0.0,2.0,7.0,19.0,B02
201400009856,0,7,0,0.0,2.0,2.0,15.0,A01
201400009856,0,7,0,0.0,2.0,1.0,1.0,B02
201400009857,0,15,0,3.0,0.0,3.0,13.0,A01
201400009858,0,7,0,6.0,0.0,2.0,14.0,A01
201400009859,0,33,0,0.0,0.0,8.0,1.0,A01
201400009860,0,7,0,0.0,2.0,3.0,15.0,A01
201400009860,0,2,0,0.0,2.0,8.0,1.0,B02
201400009861,0,7,0,0.0,2.0,3.0,1.0,B02
201400009861,0,7,0,0.0,2.0,3.0,0.0,A01
201400009862,0,7,0,13.0,0.0,2.0,1.0,A01
201400009863,0,7,0,0.0,5.0,8.0,21.0,A01
201400009863,0,1,0,0.0,2.0,0.0,1.0,B02
201400009863,0,1,0,0.0,2.0,0.0,1.0,C03
201400009864,0,7,0,0.0,2.0,2.0,11.0,B02
201400009864,0,7,0,0.0,2.0,1.0,1.0,A01
201400009865,0,7,0,16.0,0.0,9.0,13.0,A01
201400009866,0,7,0,0.0,2.0,3.0,15.0,B02
201400009866,0,33,0,0.0,2.0,1.0,1.0,A01
201400009867,0,7,0,0.0,2.0,7.0,1.0,B02
201400009867,0,1,0,0.0,2.0,1.0,19.0,A01
201400009868,0,36,0,6.0,0.0,1.0,16.0,A01
201400009869,0,7,0,0.0,2.0,2.0,15.0,A01
201400009869,0,34,0,0.0,2.0,1.0,1.0,B02
201400009870,0,33,0,0.0,0.0,9.0,1.0,C03
201400009870,0,33,0,0.0,2.0,1.0,1.0,A01
201400009870,0,33,0,0.0,0.0,9.0,1.0,D04
201400009870,0,13,0,0.0,2.0,5.0,15.0,B02
201400009871,0,30,0,0.0,0.0,0.0,15.0,A01
201400009872,0,7,0,0.0,2.0,3.0,1.0,B02
201400009872,0,21,0,0.0,2.0,3.0,1.0,A01
201400009873,0,7,0,16.0,0.0,0.0,1.0,A01
201400009874,0,7,0,0.0,1.0,3.0,1.0,A01
201400009875,0,7,0,0.0,2.0,2.0,13.0,A01
201400009875,0,7,0,0.0,2.0,2.0,0.0,B02
201400009876,0,30,0,0.0,2.0,6.0,13.0,A01
201400009876,0,7,0,0.0,2.0,2.0,17.0,B02
201400009877,0,7,0,6.0,0.0,6.0,19.0,A01
201400009878,0,33,0,13.0,0.0,1.0,14.0,A01
201400009879,0,33,0,13.0,0.0,2.0,15.0,A01
201400009880,0,1,0,0.0,2.0,1.0,9.0,A01
201400009880,0,7,0,0.0,2.0,1.0,17.0,B02
201400009881,0,7,0,0.0,9.0,1.0,2.0,A01
201400009881,0,14,0,6.0,0.0,4.0,2.0,B02
201400009882,0,7,0,0.0,0.0,5.0,15.0,A01
201400009882,0,33,0,0.0,2.0,1.0,1.0,B02
201400009883,0,7,0,0.0,2.0,8.0,15.0,B02
201400009883,0,31,0,0.0,2.0,1.0,17.0,A01
201400009884,0,7,0,0.0,2.0,3.0,13.0,A01
201400009884,0,7,0,0.0,2.0,3.0,1.0,B02
201400009885,0,7,0,0.0,6.0,1.0,1.0,A01
201400009886,0,7,0,0.0,2.0,1.0,1.0,A01
201400009887,0,14,0,0.0,0.0,3.0,1.0,B02
201400009887,0,7,0,0.0,0.0,3.0,1.0,A01
201400009888,0,7,0,0.0,2.0,2.0,13.0,A01
201400009888,0,7,0,0.0,2.0,1.0,1.0,B02
201400009889,0,7,0,13.0,0.0,0.0,1.0,A01
201400009890,0,30,0,0.0,2.0,5.0,15.0,A01
201400009890,0,99,0,0.0,2.0,5.0,15.0,B02
201400009891,0,33,0,0.0,2.0,1.0,13.0,A01
201400009891,0,7,0,0.0,2.0,1.0,0.0,B02
201400009892,0,7,0,0.0,2.0,8.0,17.0,A01
201400009892,0,7,0,6.0,0.0,8.0,1.0,B02
201400009893,0,7,0,0.0,1.0,1.0,1.0,A01
201400009894,0,7,0,0.0,1.0,2.0,1.0,A01
201400009895,0,30,0,6.0,0.0,1.0,1.0,A01
201400009896,0,10,0,0.0,2.0,1.0,5.0,A01
201400009896,0,15,0,0.0,2.0,3.0,5.0,B02
201400009897,0,7,0,0.0,2.0,1.0,1.0,D04
201400009897,0,38,2,0.0,2.0,3.0,1.0,B02
201400009897,0,7,0,0.0,2.0,1.0,1.0,C03
201400009897,0,7,0,0.0,2.0,3.0,13.0,A01
201400009898,0,7,0,13.0,0.0,1.0,1.0,A01
201400009899,0,31,0,0.0,0.0,0.0,0.0,B02
201400009899,0,14,0,0.0,0.0,0.0,0.0,A01
201400009900,0,33,0,0.0,0.0,1.0,19.0,A01
201400009901,0,33,0,8.0,0.0,8.0,17.0,A01
201400009902,0,7,0,0.0,2.0,1.0,1.0,B02
201400009902,0,7,0,0.0,2.0,1.0,17.0,A01
201400009903,0,7,0,13.0,2.0,1.0,1.0,A01
201400009903,0,7,0,0.0,2.0,4.0,23.0,B02
201400009904,0,33,0,0.0,5.0,1.0,1.0,A01
201400009905,0,7,0,0.0,0.0,0.0,1.0,A01
201400009906,0,7,0,13.0,0.0,9.0,1.0,A01
201400009907,0,7,0,0.0,2.0,1.0,1.0,A01
201400009907,0,7,0,0.0,2.0,5.0,19.0,B02
201400009908,0,1,0,0.0,0.0,4.0,15.0,B02
201400009908,0,7,0,0.0,2.0,2.0,15.0,A01
201400009909,0,7,0,0.0,0.0,9.0,1.0,A01
201400009910,0,7,0,8.0,0.0,2.0,1.0,A01
201400009911,0,7,0,0.0,2.0,1.0,13.0,A01
201400009911,0,7,0,0.0,2.0,1.0,1.0,C03
201400009911,0,30,0,0.0,0.0,0.0,1.0,B02
201400009912,0,7,0,0.0,0.0,0.0,0.0,A01
201400009913,0,14,0,0.0,2.0,2.0,1.0,B02
201400009913,0,35,0,0.0,2.0,1.0,11.0,A01
201400009914,0,7,0,0.0,1.0,8.0,1.0,A01
201400009915,0,7,0,0.0,1.0,3.0,15.0,A01
201400009916,0,7,0,0.0,2.0,3.0,13.0,A01
201400009916,0,17,0,0.0,2.0,3.0,1.0,B02
201400009917,0,10,0,0.0,2.0,3.0,15.0,A01
201400009917,0,33,0,0.0,2.0,2.0,17.0,B02
201400009918,0,7,0,0.0,2.0,1.0,1.0,B02
201400009918,0,7,0,0.0,2.0,8.0,15.0,A01
201400009919,0,10,0,16.0,0.0,9.0,1.0,A01
201400009920,0,7,0,13.0,0.0,1.0,1.0,A01
201400009921,0,99,0,0.0,2.0,8.0,13.0,A01
201400009921,0,7,0,0.0,2.0,7.0,17.0,B02
201400009922,0,7,0,0.0,0.0,2.0,14.0,A01
201400009923,0,30,0,0.0,9.0,1.0,1.0,A01
201400009923,0,1,0,0.0,9.0,2.0,9.0,B02
201400009924,0,33,0,0.0,2.0,7.0,1.0,B02
201400009924,0,7,0,0.0,2.0,3.0,19.0,A01
201400009925,0,7,0,0.0,1.0,3.0,1.0,A01
201400009926,0,7,0,0.0,1.0,1.0,1.0,A01
201400009927,0,33,0,0.0,0.0,2.0,1.0,A01
201400009928,0,7,0,8.0,0.0,1.0,1.0,A01
201400009929,0,10,0,0.0,2.0,4.0,2.0,B02
201400009929,0,7,0,0.0,2.0,1.0,2.0,A01
201400009930,0,17,0,0.0,1.0,1.0,1.0,A01
201400009931,0,7,0,0.0,2.0,3.0,1.0,B02
201400009931,0,31,0,0.0,2.0,8.0,13.0,A01
201400009932,0,7,0,0.0,1.0,2.0,1.0,A01
201400009933,0,33,0,0.0,0.0,0.0,1.0,A01
201400009934,0,7,0,0.0,2.0,3.0,23.0,C03
201400009934,0,7,0,0.0,2.0,2.0,9.0,B02
201400009934,0,7,0,7.0,2.0,3.0,1.0,A01
201400009935,0,7,0,0.0,2.0,2.0,2.0,B02
201400009935,0,33,0,0.0,2.0,8.0,23.0,A01
201400009936,0,7,0,0.0,1.0,3.0,1.0,A01
201400009937,0,16,0,0.0,1.0,2.0,0.0,A01
201400009938,0,1,0,0.0,2.0,1.0,17.0,B02
201400009938,0,1,0,0.0,2.0,4.0,1.0,A01
201400009939,0,1,0,0.0,2.0,3.0,1.0,A01
201400009939,0,7,0,0.0,2.0,3.0,9.0,B02
201400009940,0,7,0,0.0,2.0,7.0,19.0,A01
201400009940,0,30,0,0.0,2.0,1.0,0.0,B02
201400009941,0,7,0,0.0,0.0,9.0,17.0,A01
201400009942,0,99,0,0.0,0.0,0.0,1.0,A01
201400009943,0,7,0,0.0,2.0,6.0,15.0,A01
201400009943,0,38,1,0.0,2.0,3.0,1.0,B02
201400009944,0,7,0,13.0,0.0,1.0,6.0,A01
201400009945,0,30,0,0.0,0.0,8.0,1.0,A01
201400009946,0,7,0,0.0,2.0,3.0,1.0,B02