Num_Acc,senc,catv,occutc,obs,obsm,choc,manv,num_veh
201400009946,0,7,0,0.0,2.0,3.0,13.0,A01
201400009947,0,7,0,0.0,2.0,1.0,1.0,A01
201400009947,0,7,0,0.0,2.0,1.0,1.0,B02
201400009948,0,7,0,13.0,0.0,2.0,14.0,A01
201400009949,0,7,0,10.0,0.0,3.0,1.0,A01
201400009950,0,7,0,0.0,2.0,1.0,1.0,C03
201400009950,0,30,0,0.0,2.0,7.0,1.0,A01
201400009950,0,7,0,0.0,2.0,1.0,15.0,B02
201400009951,0,7,0,0.0,2.0,1.0,1.0,B02
201400009951,0,7,0,0.0,2.0,7.0,15.0,A01
201400009952,0,7,0,15.0,0.0,1.0,14.0,A01
201400009953,0,2,0,13.0,0.0,1.0,1.0,A01
201400009954,0,33,0,0.0,2.0,1.0,2.0,A01
201400009954,0,7,0,0.0,0.0,6.0,1.0,B02
201400009955,0,7,0,0.0,2.0,3.0,1.0,B02
201400009955,0,7,0,0.0,2.0,2.0,5.0,A01
201400009956,0,7,0,0.0,1.0,3.0,1.0,A01
201400009957,0,30,0,4.0,0.0,7.0,5.0,A01
201400009958,0,7,0,0.0,2.0,3.0,13.0,A01
201400009958,0,7,0,0.0,2.0,7.0,16.0,B02
201400009959,0,7,0,0.0,2.0,5.0,15.0,A01
201400009959,0,33,0,0.0,2.0,1.0,1.0,B02
201400009960,0,10,0,0.0,0.0,4.0,23.0,A01
201400009960,0,30,0,1.0,0.0,1.0,1.0,B02
201400009961,0,7,0,1.0,0.0,3.0,1.0,A01
201400009961,0,7,0,0.0,0.0,1.0,24.0,B02
201400009962,0,7,0,0.0,1.0,2.0,1.0,A01
201400009963,0,7,0,0.0,1.0,1.0,1.0,A01
201400009964,0,7,0,0.0,0.0,3.0,9.0,A01
201400009964,0,1,0,0.0,0.0,7.0,1.0,B02
201400009965,0,7,0,0.0,2.0,2.0,1.0,A01
201400009965,0,31,0,0.0,2.0,1.0,1.0,B02
201400009966,0,33,0,12.0,0.0,7.0,9.0,A01
201400009967,0,7,0,0.0,2.0,3.0,15.0,B02
201400009967,0,10,0,0.0,2.0,1.0,1.0,A01
201400009968,0,7,0,0.0,9.0,3.0,15.0,A01
201400009968,0,31,0,0.0,2.0,1.0,1.0,B02
201400009969,0,7,0,0.0,2.0,3.0,13.0,A01
201400009969,0,7,0,0.0,2.0,3.0,21.0,B02
201400009970,0,36,0,13.0,0.0,3.0,1.0,A01
201400009971,0,7,0,6.0,0.0,1.0,1.0,A01
201400009972,0,14,0,2.0,0.0,1.0,0.0,A01
201400009973,0,7,0,2.0,0.0,4.0,21.0,A01
201400009974,0,2,0,0.0,2.0,7.0,17.0,A01
201400009974,0,7,0,0.0,2.0,8.0,1.0,B02
201400009975,0,1,0,0.0,2.0,4.0,1.0,A01
201400009975,0,10,0,0.0,9.0,2.0,1.0,B02
201400009976,0,7,0,0.0,0.0,0.0,1.0,A01
201400009977,0,7,0,0.0,2.0,3.0,1.0,A01
201400009977,0,31,0,0.0,2.0,1.0,5.0,B02
201400009978,0,7,0,0.0,1.0,3.0,1.0,A01
201400009979,0,10,0,0.0,2.0,1.0,1.0,A01
201400009979,0,2,0,0.0,2.0,7.0,1.0,B02
201400009980,0,7,0,0.0,1.0,3.0,1.0,A01
201400009981,0,7,0,0.0,1.0,3.0,15.0,B02
201400009982,0,7,0,0.0,2.0,2.0,16.0,A01
201400009982,0,33,0,0.0,2.0,8.0,1.0,B02
201400009983,0,7,0,0.0,2.0,2.0,13.0,A01
201400009983,0,7,0,0.0,2.0,3.0,1.0,B02
201400009984,0,7,0,0.0,9.0,3.0,1.0,A01
201400009984,0,1,0,0.0,0.0,5.0,0.0,B02
201400009985,0,10,0,0.0,1.0,2.0,1.0,A01
201400009986,0,33,0,8.0,0.0,1.0,2.0,A01
201400009987,0,31,0,0.0,2.0,1.0,1.0,A01
201400009987,1,7,0,0.0,2.0,3.0,1.0,B02
201400009988,0,10,0,0.0,2.0,1.0,0.0,B02
201400009988,0,7,0,0.0,2.0,3.0,15.0,A01
201400009989,0,33,0,0.0,2.0,1.0,1.0,A01
201400009989,0,7,0,0.0,2.0,7.0,15.0,B02
201400009990,0,7,0,0.0,9.0,2.0,1.0,A01
201400009990,0,1,0,0.0,2.0,3.0,19.0,B02
201400009991,0,33,0,15.0,0.0,1.0,1.0,A01
201400009992,0,7,0,0.0,2.0,3.0,9.0,A01
201400009992,0,33,0,0.0,2.0,7.0,1.0,B02
201400009993,0,33,0,0.0,2.0,1.0,17.0,A01
201400009993,0,7,0,0.0,2.0,3.0,1.0,B02
201400009994,0,7,0,2.0,0.0,3.0,13.0,A01
201400009995,0,7,0,0.0,2.0,1.0,13.0,A01
201400009995,0,7,0,0.0,2.0,1.0,1.0,B02
201400009996,0,7,0,2.0,0.0,2.0,1.0,A01
201400009997,0,7,0,0.0,0.0,6.0,15.0,A01
201400009997,0,33,0,0.0,0.0,2.0,1.0,B02
201400009998,0,7,0,0.0,2.0,3.0,1.0,B02
201400009998,0,7,0,0.0,2.0,3.0,19.0,A01
201400009999,0,1,0,0.0,0.0,7.0,1.0,A01
201400010000,0,7,0,0.0,2.0,1.0,1.0,A01
201400010001,0,34,0,0.0,2.0,1.0,1.0,A01
201400010001,0,7,0,0.0,2.0,4.0,1.0,B01
201400010002,0,7,0,0.0,2.0,2.0,15.0,A01
201400010002,0,30,0,0.0,2.0,1.0,1.0,B01
201400010003,0,7,0,0.0,1.0,2.0,1.0,A01
201400010004,0,7,0,8.0,0.0,3.0,0.0,A01
201400010005,0,1,0,0.0,1.0,0.0,0.0,A01
201400010006,0,7,0,0.0,1.0,2.0,1.0,A01
201400010007,0,32,0,0.0,2.0,1.0,1.0,B01
201400010007,0,7,0,0.0,2.0,7.0,15.0,A01
201400010008,0,7,0,0.0,1.0,2.0,1.0,A01
201400010009,0,7,0,0.0,1.0,1.0,0.0,A01
201400010010,0,7,0,0.0,1.0,1.0,1.0,A01
201400010011,0,30,0,0.0,2.0,1.0,1.0,A01
201400010011,0,7,0,0.0,2.0,2.0,0.0,B01
201400010012,0,7,0,6.0,0.0,2.0,21.0,A01
201400010013,0,31,0,0.0,2.0,1.0,2.0,A01
201400010013,0,2,0,0.0,2.0,8.0,15.0,B01
201400010014,1,7,0,0.0,1.0,1.0,0.0,Z01
201400010015,0,2,0,0.0,2.0,1.0,2.0,A01
201400010015,0,7,0,0.0,0.0,6.0,23.0,B01
201400010016,0,33,0,0.0,0.0,1.0,2.0,A01
201400010016,0,7,0,0.0,0.0,6.0,15.0,B01
201400010017,0,7,0,0.0,1.0,8.0,1.0,A01
201400010018,0,7,0,0.0,2.0,1.0,2.0,C01
201400010018,0,7,0,16.0,0.0,1.0,5.0,A01
201400010018,0,7,0,0.0,2.0,1.0,0.0,B01
201400010019,0,7,0,8.0,0.0,1.0,15.0,A01
201400010020,0,30,0,0.0,2.0,1.0,2.0,A01
201400010020,0,7,0,0.0,2.0,6.0,2.0,B01
201400010021,0,7,0,0.0,2.0,1.0,2.0,A01
201400010021,0,7,0,0.0,2.0,1.0,2.0,B01
201400010021,0,7,0,0.0,0.0,4.0,2.0,C01
201400010022,0,34,0,0.0,2.0,7.0,17.0,A01
201400010022,0,7,0,0.0,2.0,3.0,15.0,B01
201400010023,0,7,0,0.0,1.0,1.0,1.0,A01
201400010024,0,7,0,0.0,1.0,2.0,1.0,A01
201400010025,0,7,0,0.0,2.0,1.0,1.0,A01
201400010025,0,10,0,0.0,0.0,4.0,1.0,B01
201400010026,0,2,0,0.0,0.0,0.0,16.0,A01
201400010026,0,7,0,0.0,0.0,0.0,19.0,B01
201400010027,0,7,0,0.0,2.0,1.0,1.0,A01
201400010027,0,7,0,0.0,2.0,4.0,1.0,B01
201400010028,0,34,0,0.0,2.0,1.0,17.0,A01
201400010028,0,7,0,0.0,2.0,3.0,15.0,B01
201400010029,0,3,0,0.0,2.0,8.0,0.0,B01
201400010029,0,32,0,0.0,2.0,0.0,0.0,A01
201400010030,0,7,0,0.0,0.0,6.0,4.0,A01
201400010030,0,7,0,0.0,0.0,1.0,2.0,B01
201400010031,0,7,0,0.0,0.0,6.0,15.0,B01
201400010031,0,33,0,0.0,2.0,1.0,2.0,A01
201400010032,0,2,0,0.0,2.0,7.0,2.0,A01
201400010032,0,7,0,0.0,2.0,2.0,9.0,B01
201400010033,0,7,0,0.0,0.0,2.0,9.0,A01
201400010033,0,33,0,0.0,0.0,3.0,2.0,B01
201400010034,0,7,0,0.0,0.0,0.0,0.0,A01
201400010035,0,7,0,0.0,1.0,2.0,17.0,A01
201400010036,0,7,0,0.0,2.0,3.0,9.0,A01
201400010036,0,32,0,0.0,0.0,5.0,2.0,B01
201400010037,0,33,0,8.0,0.0,1.0,21.0,A01
201400010038,0,7,0,0.0,0.0,4.0,1.0,B01
201400010038,0,32,0,0.0,2.0,1.0,17.0,A01
201400010039,0,30,0,0.0,2.0,1.0,1.0,A01
201400010039,0,7,0,0.0,0.0,6.0,2.0,B01
201400010040,0,7,0,0.0,2.0,4.0,1.0,B01
201400010040,0,7,0,0.0,2.0,1.0,1.0,A01
201400010040,0,7,0,0.0,0.0,4.0,15.0,C01
201400010041,0,7,0,0.0,1.0,6.0,20.0,A01
201400010042,0,7,0,0.0,0.0,5.0,2.0,B01
201400010042,0,33,0,0.0,2.0,1.0,2.0,A01
201400010043,0,7,0,0.0,2.0,1.0,1.0,A01
201400010043,0,3,0,0.0,2.0,3.0,9.0,B01
201400010044,0,10,0,0.0,2.0,8.0,9.0,B01
201400010044,0,32,0,0.0,2.0,1.0,1.0,A01
201400010045,0,30,0,2.0,0.0,1.0,0.0,A01
201400010046,0,7,0,0.0,0.0,0.0,0.0,A01
201400010046,0,1,0,0.0,0.0,0.0,0.0,B01
201400010047,0,7,0,0.0,2.0,3.0,15.0,A01
201400010047,0,7,0,0.0,2.0,3.0,1.0,B01
201400010047,0,7,0,0.0,2.0,1.0,1.0,C01
201400010048,0,7,0,0.0,0.0,1.0,15.0,A01
201400010048,0,33,0,0.0,0.0,8.0,1.0,B01
201400010049,0,33,0,0.0,2.0,1.0,2.0,A01
201400010049,0,30,0,0.0,0.0,4.0,2.0,B01
201400010050,0,7,0,0.0,2.0,3.0,2.0,B01
201400010050,0,2,0,0.0,2.0,2.0,1.0,A01
201400010051,0,7,0,0.0,1.0,1.0,1.0,A01
201400010052,0,7,0,0.0,2.0,7.0,1.0,A01
201400010052,0,32,0,0.0,2.0,8.0,1.0,B01
201400010053,0,7,0,0.0,2.0,8.0,15.0,B01
201400010053,0,33,0,0.0,2.0,1.0,1.0,A01
201400010054,0,7,0,15.0,2.0,1.0,1.0,A01
201400010054,0,7,0,0.0,2.0,8.0,1.0,B01
201400010055,0,7,0,0.0,0.0,3.0,15.0,B01
201400010055,0,2,0,0.0,0.0,3.0,17.0,A01
201400010056,0,30,0,0.0,0.0,0.0,0.0,B01
201400010056,0,7,0,0.0,2.0,0.0,0.0,A01
201400010057,0,34,0,0.0,2.0,1.0,1.0,B01
201400010057,1,7,0,,,,,Z01
201400010058,0,7,0,3.0,0.0,2.0,1.0,A01
201400010059,0,7,0,0.0,2.0,1.0,0.0,A01
201400010059,0,7,0,0.0,2.0,3.0,0.0,B01
201400010060,0,7,0,15.0,0.0,9.0,0.0,A01
201400010061,0,7,0,0.0,2.0,6.0,0.0,B01
201400010061,0,30,0,0.0,2.0,1.0,1.0,A01
201400010062,0,33,0,0.0,2.0,0.0,0.0,B01
201400010062,0,7,0,0.0,2.0,6.0,15.0,A01
201400010063,0,33,0,0.0,2.0,1.0,1.0,B01
201400010063,0,7,0,0.0,2.0,4.0,11.0,A01
201400010064,0,7,0,0.0,2.0,3.0,13.0,A01
201400010064,0,32,0,0.0,2.0,1.0,1.0,B01
201400010065,0,10,0,0.0,1.0,1.0,15.0,A01
201400010066,1,7,0,0.0,0.0,8.0,0.0,A01
201400010066,0,34,0,0.0,0.0,7.0,0.0,B01
201400010067,0,7,0,0.0,0.0,2.0,1.0,A01
201400010068,0,33,0,0.0,1.0,2.0,1.0,A01
201400010069,0,1,0,0.0,2.0,1.0,1.0,B01
201400010069,0,7,0,0.0,0.0,5.0,15.0,A01
201400010070,0,7,0,0.0,0.0,6.0,15.0,B01
201400010070,0,33,0,0.0,2.0,1.0,17.0,A01
201400010071,0,7,0,0.0,2.0,3.0,15.0,A01
201400010071,0,1,0,0.0,2.0,1.0,15.0,B01
201400010072,1,7,0,0.0,9.0,0.0,14.0,Z01
201400010072,0,1,0,0.0,0.0,0.0,21.0,B01
201400010073,0,7,0,15.0,0.0,1.0,0.0,A01
201400010074,0,34,0,1.0,1.0,1.0,1.0,A01
201400010075,1,7,0,0.0,2.0,1.0,0.0,Z01
201400010075,0,7,0,0.0,2.0,7.0,0.0,B01
201400010076,0,30,0,0.0,0.0,1.0,0.0,B01
201400010076,0,7,0,0.0,2.0,3.0,0.0,A01
201400010077,0,7,0,3.0,0.0,7.0,1.0,A01
201400010078,1,7,0,0.0,1.0,2.0,16.0,A01
201400010079,0,7,0,0.0,0.0,1.0,9.0,A01
201400010079,0,30,0,0.0,0.0,2.0,1.0,B01
201400010080,0,7,0,0.0,0.0,2.0,15.0,A01
201400010080,0,31,0,0.0,0.0,1.0,1.0,B01
201400010081,0,33,0,0.0,0.0,1.0,1.0,B01
201400010081,0,10,0,0.0,0.0,4.0,4.0,A01
201400010082,0,7,0,12.0,0.0,9.0,1.0,A01
201400010082,0,1,0,0.0,0.0,0.0,23.0,B01
201400010083,0,7,0,0.0,2.0,1.0,19.0,A01
201400010083,0,7,0,12.0,0.0,2.0,9.0,B01
201400010084,0,30,0,0.0,2.0,1.0,0.0,B01
201400010084,0,7,0,0.0,2.0,6.0,4.0,A01
201400010085,0,31,0,0.0,1.0,1.0,17.0,A01
201400010086,0,33,0,0.0,1.0,2.0,0.0,A01
201400010087,0,7,0,0.0,2.0,5.0,9.0,A01
201400010087,0,34,0,0.0,2.0,1.0,1.0,B01
201400010088,0,31,0,0.0,2.0,1.0,2.0,A01
201400010088,0,7,0,0.0,0.0,2.0,9.0,B01
201400010088,0,7,0,0.0,0.0,8.0,2.0,C01
201400010089,0,7,0,8.0,0.0,1.0,1.0,B01
201400010089,1,7,0,0.0,0.0,2.0,13.0,A01
201400010090,0,7,0,0.0,2.0,1.0,0.0,A01
201400010090,0,7,0,0.0,2.0,8.0,0.0,B01
201400010091,0,2,0,0.0,0.0,0.0,0.0,B01
201400010091,0,7,0,0.0,0.0,0.0,0.0,A01
201400010092,0,31,0,15.0,0.0,5.0,1.0,A01
201400010093,0,7,0,0.0,2.0,3.0,1.0,B01
201400010093,0,32,0,0.0,2.0,1.0,1.0,A01
201400010094,1,99,0,0.0,1.0,0.0,0.0,Z01
201400010095,0,7,0,0.0,2.0,2.0,13.0,A01
201400010095,0,34,0,0.0,2.0,1.0,1.0,B01
201400010096,0,7,0,0.0,1.0,1.0,1.0,A01
201400010097,0,7,0,0.0,1.0,4.0,0.0,B01
201400010097,0,7,0,0.0,2.0,1.0,0.0,A01
201400010098,0,34,0,0.0,2.0,1.0,0.0,B01
201400010098,0,7,0,0.0,2.0,1.0,0.0,A01
201400010099,0,7,0,0.0,1.0,6.0,20.0,A01
201400010100,0,32,0,0.0,2.0,8.0,1.0,B01
201400010100,0,7,0,0.0,2.0,1.0,15.0,A01
201400010101,0,33,0,0.0,0.0,0.0,1.0,A01
201400010102,0,1,0,0.0,2.0,8.0,1.0,B01
201400010102,0,7,0,0.0,2.0,2.0,16.0,A01
201400010103,0,32,0,0.0,2.0,7.0,17.0,A01
201400010103,0,7,0,0.0,0.0,8.0,15.0,B01
201400010104,0,7,0,0.0,0.0,3.0,15.0,B01
201400010104,0,2,0,0.0,2.0,1.0,17.0,A01
201400010105,0,7,0,0.0,2.0,8.0,15.0,A01
201400010105,0,30,0,0.0,2.0,2.0,17.0,B01
201400010106,0,7,0,0.0,2.0,8.0,9.0,A01
201400010106,0,32,0,0.0,2.0,1.0,1.0,B01
201400010107,0,31,0,0.0,2.0,0.0,0.0,A01
201400010107,1,7,0,0.0,0.0,0.0,0.0,Z01
201400010108,0,7,0,0.0,1.0,2.0,1.0,A01
201400010109,0,33,0,0.0,0.0,1.0,1.0,A01
201400010109,0,7,0,0.0,0.0,7.0,15.0,B01
201400010110,1,33,0,0.0,0.0,7.0,0.0,Z01
201400010110,0,7,0,0.0,0.0,1.0,1.0,B01
201400010111,0,7,0,0.0,1.0,3.0,1.0,A01
201400010112,0,7,0,0.0,0.0,0.0,0.0,B01
201400010112,0,33,0,0.0,0.0,0.0,0.0,A01
201400010113,0,32,0,0.0,2.0,8.0,11.0,A01
201400010113,0,7,0,0.0,2.0,7.0,1.0,B01
201400010114,0,7,0,0.0,0.0,8.0,0.0,C01
201400010114,0,30,0,0.0,0.0,0.0,0.0,A01
201400010114,0,7,0,0.0,0.0,0.0,0.0,B01
201400010115,0,33,0,0.0,0.0,1.0,2.0,A01
201400010116,0,7,0,0.0,2.0,6.0,9.0,A01
201400010116,0,33,0,0.0,2.0,1.0,2.0,B01
201400010117,0,7,0,0.0,2.0,8.0,15.0,A01
201400010117,0,34,0,0.0,2.0,1.0,1.0,B01
201400010118,0,7,0,0.0,0.0,3.0,13.0,A01
201400010118,0,7,0,0.0,0.0,3.0,13.0,B01
201400010119,0,99,0,0.0,2.0,2.0,1.0,B01
201400010119,0,7,0,0.0,2.0,8.0,1.0,A01
201400010120,0,7,0,0.0,2.0,3.0,15.0,A01
201400010120,0,30,0,0.0,2.0,1.0,13.0,B01
201400010121,0,7,0,0.0,1.0,1.0,1.0,A01
201400010122,0,7,0,0.0,2.0,1.0,1.0,A01
201400010122,0,10,0,0.0,2.0,3.0,9.0,B01
201400010123,0,30,0,0.0,2.0,7.0,1.0,B01
201400010123,0,7,0,0.0,2.0,2.0,9.0,A01
201400010124,0,3,0,0.0,1.0,1.0,16.0,A01
201400010125,0,7,0,0.0,2.0,6.0,15.0,A01
201400010125,0,33,0,0.0,2.0,1.0,1.0,B01
201400010126,0,7,0,0.0,2.0,1.0,1.0,A01
201400010126,0,2,0,0.0,2.0,4.0,12.0,B01
201400010127,1,99,0,0.0,1.0,0.0,0.0,Z01
201400010128,0,33,0,0.0,2.0,1.0,1.0,A01
201400010128,0,7,0,0.0,2.0,3.0,15.0,B01
201400010129,0,7,0,0.0,2.0,2.0,1.0,B01
201400010129,0,37,16,0.0,2.0,3.0,1.0,A01
201400010130,0,13,0,0.0,2.0,3.0,15.0,A01
201400010130,0,30,0,0.0,2.0,1.0,1.0,B01
201400010131,0,7,0,0.0,2.0,2.0,15.0,A01
201400010131,0,33,0,0.0,2.0,1.0,1.0,B01
201400010132,0,7,0,0.0,2.0,3.0,15.0,A01
201400010132,0,31,0,0.0,2.0,1.0,1.0,B01
201400010133,0,7,0,0.0,1.0,1.0,15.0,A01
201400010134,0,10,0,0.0,2.0,1.0,2.0,A01
201400010134,0,13,0,0.0,2.0,4.0,2.0,B01
201400010134,0,17,0,0.0,2.0,4.0,2.0,C01
201400010135,0,7,0,0.0,2.0,1.0,2.0,A01
201400010135,0,32,0,0.0,2.0,4.0,23.0,B01
201400010136,0,7,0,0.0,1.0,4.0,4.0,A01
201400010137,0,10,0,0.0,2.0,5.0,15.0,A01
201400010137,0,32,0,0.0,2.0,1.0,13.0,B01
201400010138,0,7,0,0.0,1.0,1.0,1.0,A01
201400010139,0,30,0,0.0,2.0,5.0,19.0,A01
201400010139,0,30,0,0.0,2.0,1.0,1.0,B01
201400010140,0,7,0,0.0,0.0,0.0,4.0,A01
201400010141,0,32,0,0.0,2.0,1.0,2.0,A01
201400010141,0,33,0,0.0,2.0,4.0,2.0,B01
201400010142,0,7,0,0.0,2.0,6.0,15.0,A01
201400010142,0,32,0,0.0,2.0,1.0,17.0,B01
201400010143,0,33,0,0.0,2.0,5.0,17.0,B01
201400010143,0,7,0,0.0,2.0,3.0,15.0,A01
201400010144,0,33,0,0.0,2.0,2.0,17.0,B01
201400010144,0,7,0,0.0,2.0,8.0,15.0,A01
201400010145,0,7,0,0.0,2.0,1.0,2.0,A01
201400010145,0,7,0,0.0,2.0,4.0,23.0,B01
201400010146,0,7,0,0.0,2.0,4.0,23.0,C01
201400010146,0,32,0,0.0,2.0,1.0,1.0,A01
201400010146,0,7,0,0.0,2.0,8.0,23.0,B01
201400010147,0,7,0,0.0,2.0,3.0,9.0,A01
201400010147,0,32,0,0.0,2.0,1.0,1.0,B01
201400010148,0,30,0,0.0,2.0,1.0,17.0,A01
201400010148,0,7,0,0.0,2.0,4.0,2.0,B01
201400010149,0,7,0,0.0,2.0,4.0,10.0,B01
201400010149,0,7,0,0.0,2.0,1.0,1.0,A01
201400010150,0,7,0,8.0,0.0,1.0,0.0,A01
201400010151,0,2,0,0.0,2.0,1.0,18.0,B01
201400010151,0,7,0,0.0,2.0,7.0,15.0,A01
201400010152,0,1,0,0.0,2.0,1.0,0.0,A01
201400010152,0,2,0,0.0,0.0,0.0,0.0,B01
201400010153,0,7,0,0.0,2.0,9.0,2.0,B01
201400010153,0,7,0,0.0,0.0,4.0,0.0,C01
201400010153,0,10,0,0.0,2.0,1.0,0.0,A01
201400010154,0,2,0,0.0,2.0,1.0,2.0,A01
201400010154,0,7,0,0.0,0.0,4.0,0.0,B01
201400010155,0,37,1,0.0,1.0,1.0,2.0,A01
201400010156,0,3,0,0.0,2.0,2.0,15.0,A01
201400010156,0,34,0,0.0,2.0,1.0,1.0,B01
201400010157,0,7,0,0.0,2.0,3.0,1.0,B01
201400010157,0,7,0,0.0,2.0,3.0,5.0,A01
201400010158,0,7,0,0.0,2.0,3.0,1.0,B01
201400010158,0,7,0,0.0,2.0,7.0,15.0,A01
201400010159,0,37,1,0.0,2.0,1.0,2.0,A01
201400010159,0,7,0,0.0,2.0,4.0,2.0,B01
201400010160,0,7,0,0.0,1.0,3.0,15.0,A01
201400010161,0,30,0,0.0,2.0,1.0,0.0,B01
201400010161,0,7,0,0.0,2.0,2.0,15.0,A01
201400010162,0,1,0,1.0,2.0,1.0,2.0,B01
201400010162,0,7,0,0.0,0.0,8.0,2.0,A01
201400010163,0,7,0,0.0,0.0,4.0,2.0,C01
201400010163,0,31,0,0.0,2.0,7.0,9.0,A01
201400010163,0,31,0,0.0,2.0,8.0,0.0,B01
201400010164,0,7,0,0.0,0.0,1.0,19.0,B01
201400010164,0,7,0,0.0,0.0,8.0,19.0,A01
201400010165,0,7,0,0.0,2.0,1.0,0.0,A01
201400010165,0,7,0,0.0,2.0,4.0,2.0,B01
201400010166,0,7,0,0.0,2.0,4.0,0.0,B01
201400010166,0,13,0,0.0,2.0,1.0,0.0,A01
201400010167,0,7,0,0.0,2.0,2.0,15.0,A01
201400010167,0,32,0,0.0,2.0,1.0,1.0,B01
201400010168,0,7,0,0.0,2.0,1.0,2.0,A01
201400010168,0,7,0,0.0,2.0,4.0,23.0,B01
201400010169,0,7,0,0.0,2.0,5.0,15.0,A01
201400010169,0,30,0,0.0,2.0,1.0,1.0,B01
201400010170,0,7,0,0.0,1.0,1.0,1.0,A01
201400010171,0,7,0,11.0,1.0,1.0,0.0,A01
201400010172,1,99,0,0.0,1.0,2.0,0.0,Z01
201400010173,0,7,0,0.0,2.0,7.0,2.0,A01
201400010173,0,1,0,0.0,2.0,8.0,1.0,B01
201400010174,0,7,0,0.0,1.0,1.0,1.0,A01
201400010175,0,7,0,0.0,2.0,3.0,9.0,A01
201400010175,0,7,0,0.0,2.0,1.0,1.0,B01
201400010176,0,7,0,0.0,2.0,2.0,1.0,B01
201400010176,0,7,0,1.0,2.0,3.0,9.0,A01
201400010177,0,7,0,0.0,2.0,1.0,1.0,A01
201400010177,0,7,0,0.0,2.0,5.0,23.0,B01
201400010178,0,7,0,0.0,2.0,4.0,23.0,B01
201400010178,0,7,0,0.0,2.0,3.0,2.0,A01
201400010178,0,7,0,0.0,2.0,1.0,1.0,C01
201400010179,0,32,0,0.0,2.0,1.0,2.0,A01
201400010179,0,7,0,0.0,2.0,4.0,0.0,B01
201400010179,0,7,0,0.0,2.0,1.0,2.0,C01
201400010180,0,34,0,0.0,2.0,1.0,1.0,B01
201400010180,0,7,0,0.0,2.0,6.0,9.0,A01
201400010181,0,7,0,0.0,2.0,1.0,2.0,A01
201400010181,0,7,0,0.0,2.0,4.0,23.0,B01
201400010182,0,7,0,0.0,2.0,1.0,15.0,A01
201400010182,0,30,0,0.0,2.0,2.0,17.0,B01
201400010183,0,7,0,0.0,2.0,1.0,2.0,A01
201400010183,0,2,0,0.0,2.0,4.0,2.0,B01
201400010184,0,1,0,0.0,1.0,1.0,1.0,A01
201400010185,0,7,0,0.0,2.0,1.0,2.0,A01
201400010185,0,7,0,0.0,2.0,4.0,2.0,B01
201400010185,0,31,0,0.0,2.0,4.0,2.0,C01
201400010186,0,7,0,0.0,2.0,4.0,2.0,B01
201400010186,0,1,0,0.0,2.0,1.0,2.0,A01
201400010187,0,2,0,0.0,2.0,3.0,1.0,B01
201400010187,0,7,0,0.0,2.0,1.0,15.0,A01
201400010188,0,30,0,0.0,2.0,1.0,1.0,B01
201400010188,0,10,0,0.0,2.0,1.0,5.0,A01
201400010189,1,99,0,0.0,2.0,0.0,0.0,Z01
201400010189,0,7,0,0.0,2.0,4.0,2.0,A01
201400010189,0,7,0,0.0,2.0,4.0,2.0,B01
201400010190,0,31,0,0.0,2.0,1.0,2.0,A01
201400010190,0,7,0,0.0,2.0,4.0,2.0,B01
201400010191,0,32,0,0.0,2.0,2.0,16.0,B01
201400010191,0,7,0,0.0,2.0,3.0,15.0,A01
201400010192,0,7,0,0.0,1.0,1.0,1.0,A01
201400010193,0,33,0,0.0,2.0,1.0,1.0,B01
201400010193,0,10,0,0.0,2.0,3.0,9.0,A01
201400010194,0,7,0,0.0,2.0,4.0,2.0,B01
201400010194,0,7,0,0.0,2.0,1.0,2.0,A01
201400010195,0,10,0,0.0,2.0,1.0,15.0,A01
201400010195,0,33,0,0.0,2.0,1.0,1.0,B01
201400010196,0,7,0,0.0,1.0,3.0,1.0,A01
201400010197,0,7,0,0.0,2.0,4.0,2.0,B01
201400010197,0,2,0,0.0,2.0,1.0,2.0,A01
201400010198,0,7,0,0.0,2.0,8.0,9.0,A01
201400010198,0,7,0,0.0,2.0,2.0,1.0,B01
201400010199,0,7,0,0.0,2.0,1.0,1.0,A01
201400010199,0,7,0,0.0,2.0,1.0,1.0,B01
201400010200,0,7,0,0.0,2.0,8.0,10.0,A01
201400010200,0,31,0,0.0,2.0,2.0,1.0,B01
201400010201,0,7,0,0.0,1.0,3.0,1.0,A01
201400010202,0,7,0,0.0,2.0,3.0,15.0,B01
201400010202,0,30,0,0.0,2.0,1.0,1.0,A01
201400010203,0,10,0,1.0,1.0,1.0,0.0,A01
201400010204,0,7,0,0.0,2.0,2.0,12.0,A01
201400010204,0,31,0,0.0,2.0,8.0,1.0,B01
201400010205,0,30,0,0.0,2.0,1.0,13.0,B01
201400010205,0,10,0,0.0,2.0,2.0,9.0,A01
201400010206,0,7,0,0.0,2.0,3.0,13.0,A01
201400010206,0,7,0,0.0,2.0,3.0,1.0,B01
201400010207,0,1,0,0.0,2.0,8.0,1.0,B01
201400010207,0,3,0,0.0,2.0,2.0,12.0,A01
201400010208,0,30,0,0.0,2.0,1.0,5.0,A01
201400010208,0,7,0,0.0,2.0,3.0,1.0,B01
201400010209,0,7,0,0.0,1.0,1.0,1.0,A01
201400010210,0,7,0,0.0,1.0,2.0,15.0,A01
201400010211,0,31,0,0.0,2.0,1.0,1.0,B01
201400010211,0,10,0,0.0,2.0,3.0,9.0,A01
201400010212,0,7,0,0.0,2.0,3.0,15.0,A01
201400010212,0,33,0,0.0,2.0,1.0,17.0,B01