Num_Acc,senc,catv,occutc,obs,obsm,choc,manv,num_veh
201400010213,0,1,0,0.0,2.0,1.0,9.0,A01
201400010213,0,7,0,0.0,2.0,1.0,1.0,B01
201400010214,0,7,0,0.0,2.0,4.0,23.0,C01
201400010214,0,7,0,0.0,2.0,1.0,2.0,A01
201400010214,0,7,0,0.0,2.0,4.0,23.0,B01
201400010215,0,33,0,0.0,1.0,1.0,1.0,A01
201400010216,0,14,0,0.0,2.0,1.0,2.0,A01
201400010216,0,7,0,0.0,2.0,4.0,23.0,B01
201400010217,0,30,0,0.0,2.0,1.0,1.0,A01
201400010217,0,7,0,0.0,2.0,2.0,15.0,B01
201400010218,0,7,0,1.0,0.0,0.0,1.0,A01
201400010219,0,10,0,0.0,2.0,2.0,15.0,A01
201400010219,0,33,0,0.0,2.0,1.0,1.0,B01
201400010220,0,7,0,0.0,2.0,1.0,2.0,A01
201400010220,0,7,0,0.0,2.0,4.0,23.0,B01
201400010221,0,1,0,0.0,2.0,8.0,1.0,B01
201400010221,0,7,0,0.0,2.0,1.0,9.0,A01
201400010222,0,30,0,0.0,2.0,7.0,17.0,B01
201400010222,0,10,0,0.0,2.0,3.0,11.0,A01
201400010223,0,30,0,0.0,2.0,1.0,1.0,A01
201400010223,0,7,0,0.0,2.0,3.0,1.0,B01
201400010224,0,7,0,0.0,2.0,4.0,2.0,C01
201400010224,0,10,0,0.0,2.0,1.0,2.0,A01
201400010224,0,7,0,0.0,2.0,4.0,2.0,B01
201400010225,0,7,0,0.0,2.0,8.0,1.0,B01
201400010225,0,30,0,0.0,2.0,7.0,17.0,A01
201400010226,0,30,0,0.0,0.0,0.0,1.0,B01
201400010226,0,7,0,8.0,0.0,2.0,1.0,A01
201400010227,0,7,0,0.0,2.0,0.0,15.0,A01
201400010227,0,32,0,0.0,2.0,1.0,13.0,B01
201400010228,0,7,0,0.0,1.0,1.0,9.0,A01
201400010229,0,7,0,0.0,2.0,8.0,15.0,A01
201400010229,0,33,0,1.0,2.0,1.0,17.0,B01
201400010230,0,33,0,0.0,2.0,1.0,16.0,A01
201400010230,0,7,0,0.0,2.0,3.0,1.0,B01
201400010231,0,7,0,0.0,1.0,1.0,15.0,A01
201400010232,0,30,0,0.0,2.0,3.0,13.0,A01
201400010232,0,7,0,0.0,2.0,3.0,1.0,B01
201400010233,0,7,0,0.0,2.0,8.0,13.0,A01
201400010233,0,30,0,0.0,2.0,7.0,1.0,B01
201400010234,0,7,0,0.0,2.0,3.0,9.0,A01
201400010234,0,33,0,0.0,2.0,7.0,1.0,B01
201400010235,1,7,0,0.0,2.0,7.0,14.0,A01
201400010235,0,32,0,0.0,2.0,8.0,1.0,B01
201400010236,0,7,0,0.0,2.0,2.0,12.0,A01
201400010236,0,7,0,0.0,2.0,6.0,1.0,B01
201400010237,0,7,0,0.0,2.0,1.0,2.0,A01
201400010237,0,7,0,0.0,2.0,4.0,23.0,B01
201400010237,0,7,0,0.0,2.0,4.0,23.0,C01
201400010238,0,10,0,1.0,0.0,4.0,4.0,A01
201400010238,0,33,0,0.0,2.0,8.0,24.0,B01
201400010239,0,7,0,0.0,2.0,3.0,1.0,B01
201400010239,0,7,0,0.0,2.0,1.0,1.0,A01
201400010240,0,7,0,0.0,2.0,1.0,2.0,A01
201400010240,0,7,0,0.0,2.0,4.0,23.0,B01
201400010241,0,10,0,0.0,2.0,3.0,15.0,A01
201400010241,0,33,0,0.0,2.0,2.0,17.0,B01
201400010242,0,7,0,0.0,2.0,3.0,13.0,A01
201400010242,0,10,0,0.0,2.0,1.0,1.0,B01
201400010243,0,31,0,0.0,2.0,1.0,1.0,B01
201400010243,0,7,0,0.0,2.0,3.0,15.0,A01
201400010244,0,30,0,0.0,2.0,1.0,13.0,A01
201400010244,0,7,0,0.0,2.0,3.0,1.0,B01
201400010245,0,33,0,0.0,2.0,8.0,13.0,A01
201400010245,0,7,0,0.0,2.0,8.0,1.0,B01
201400010246,0,10,0,0.0,2.0,2.0,15.0,A01
201400010246,0,33,0,0.0,2.0,1.0,1.0,B01
201400010247,0,7,0,16.0,0.0,0.0,0.0,A01
201400010248,0,7,0,0.0,2.0,4.0,2.0,B01
201400010248,0,7,0,0.0,2.0,1.0,2.0,A01
201400010249,0,31,0,0.0,2.0,1.0,1.0,A01
201400010249,0,7,0,0.0,2.0,4.0,16.0,B01
201400010250,0,7,0,0.0,1.0,4.0,4.0,A01
201400010251,0,30,0,0.0,2.0,1.0,1.0,B01
201400010251,0,7,0,0.0,2.0,5.0,16.0,A01
201400010252,0,33,0,0.0,2.0,1.0,2.0,A01
201400010252,0,10,0,0.0,2.0,4.0,23.0,B01
201400010253,0,30,0,0.0,2.0,1.0,1.0,A01
201400010253,0,7,0,0.0,2.0,8.0,1.0,B01
201400010254,0,32,0,0.0,2.0,4.0,23.0,B01
201400010254,0,7,0,0.0,2.0,1.0,2.0,A01
201400010255,0,7,0,0.0,2.0,4.0,2.0,B01
201400010255,0,7,0,0.0,2.0,1.0,2.0,A01
201400010256,0,7,0,0.0,2.0,7.0,1.0,B01
201400010256,0,1,0,0.0,2.0,8.0,13.0,A01
201400010257,0,7,0,0.0,1.0,2.0,1.0,A01
201400010258,0,7,0,0.0,2.0,5.0,19.0,A01
201400010258,0,33,0,0.0,2.0,1.0,1.0,B01
201400010259,0,33,0,0.0,2.0,8.0,1.0,B01
201400010259,0,7,0,0.0,2.0,2.0,9.0,A01
201400010260,0,7,0,0.0,2.0,2.0,16.0,A01
201400010260,0,1,0,0.0,2.0,1.0,18.0,B01
201400010261,0,31,0,0.0,2.0,1.0,1.0,B01
201400010261,0,7,0,0.0,2.0,8.0,15.0,A01
201400010262,0,7,0,0.0,1.0,1.0,1.0,A01
201400010263,0,30,0,0.0,2.0,1.0,1.0,B01
201400010263,0,7,0,0.0,2.0,8.0,15.0,A01
201400010264,0,7,0,0.0,1.0,0.0,1.0,A01
201400010265,0,7,0,0.0,0.0,0.0,11.0,A01
201400010265,0,33,0,0.0,0.0,0.0,1.0,B01
201400010266,0,33,0,0.0,2.0,1.0,1.0,B01
201400010266,0,7,0,0.0,2.0,5.0,9.0,A01
201400010267,0,2,0,0.0,2.0,1.0,1.0,B01
201400010267,0,7,0,0.0,2.0,3.0,15.0,A01
201400010268,0,7,0,0.0,2.0,6.0,9.0,A01
201400010268,0,33,0,0.0,2.0,1.0,1.0,B01
201400010269,0,7,0,0.0,2.0,1.0,2.0,A01
201400010269,0,7,0,0.0,2.0,4.0,2.0,B01
201400010270,0,7,0,0.0,1.0,1.0,1.0,A01
201400010271,0,7,0,0.0,2.0,2.0,15.0,A01
201400010271,0,33,0,0.0,2.0,1.0,1.0,B01
201400010272,0,30,0,0.0,2.0,1.0,2.0,A01
201400010272,0,10,0,0.0,2.0,4.0,2.0,B01
201400010273,0,10,0,0.0,1.0,2.0,1.0,A01
201400010274,0,30,0,0.0,2.0,2.0,15.0,A01
201400010274,0,7,0,0.0,2.0,1.0,1.0,B01
201400010275,0,7,0,0.0,2.0,8.0,23.0,D01
201400010275,0,7,0,0.0,2.0,8.0,23.0,C01
201400010275,0,32,0,0.0,2.0,1.0,1.0,B01
201400010275,0,10,0,0.0,2.0,1.0,9.0,A01
201400010276,2,7,0,1.0,2.0,1.0,1.0,A01
201400010276,0,10,0,0.0,2.0,7.0,15.0,B01
201400010277,0,1,0,0.0,2.0,0.0,9.0,A01
201400010277,0,7,0,0.0,2.0,1.0,1.0,B01
201400010278,0,30,0,0.0,1.0,1.0,1.0,A01
201400010279,0,30,0,0.0,1.0,1.0,1.0,A01
201400010280,0,7,0,0.0,2.0,3.0,23.0,B01
201400010280,0,30,0,0.0,2.0,1.0,13.0,A01
201400010280,0,7,0,0.0,2.0,3.0,24.0,C01
201400010281,0,10,0,0.0,2.0,4.0,23.0,C01
201400010281,0,7,0,0.0,2.0,1.0,2.0,A01
201400010281,0,7,0,0.0,2.0,4.0,23.0,B01
201400010282,0,7,0,0.0,1.0,1.0,1.0,A01
201400010283,0,7,0,0.0,1.0,1.0,15.0,A01
201400010284,0,7,0,0.0,2.0,1.0,5.0,A01
201400010284,0,32,0,0.0,2.0,2.0,1.0,B01
201400010285,0,7,0,0.0,2.0,1.0,1.0,B01
201400010285,0,7,0,8.0,2.0,9.0,13.0,A01
201400010286,0,7,0,0.0,2.0,0.0,9.0,A01
201400010286,0,30,0,0.0,2.0,0.0,1.0,B01
201400010287,0,33,0,0.0,2.0,4.0,1.0,B01
201400010287,0,7,0,0.0,2.0,1.0,1.0,A01
201400010288,0,2,0,0.0,2.0,1.0,17.0,B01
201400010288,0,7,0,0.0,2.0,1.0,15.0,A01
201400010289,0,7,0,0.0,1.0,1.0,1.0,A01
201400010290,0,13,0,0.0,1.0,1.0,15.0,A01
201400010291,0,10,0,0.0,2.0,1.0,1.0,A01
201400010291,0,7,0,0.0,2.0,4.0,1.0,C01
201400010291,0,7,0,0.0,2.0,4.0,1.0,B01
201400010292,0,7,0,0.0,1.0,1.0,1.0,A01
201400010293,0,34,0,0.0,2.0,1.0,1.0,B01
201400010293,0,13,0,0.0,2.0,7.0,15.0,A01
201400010294,0,7,0,0.0,1.0,2.0,1.0,A01
201400010295,0,7,0,0.0,2.0,1.0,0.0,A01
201400010295,0,7,0,0.0,2.0,3.0,1.0,C01
201400010295,0,10,0,0.0,2.0,8.0,1.0,B01
201400010296,0,7,0,0.0,1.0,1.0,0.0,A01
201400010297,0,34,0,0.0,1.0,1.0,1.0,A01
201400010298,0,31,0,0.0,1.0,1.0,1.0,A01
201400010299,0,7,0,0.0,2.0,1.0,1.0,B01
201400010299,0,7,0,0.0,2.0,1.0,13.0,A01
201400010300,0,30,0,0.0,2.0,1.0,17.0,A01
201400010300,0,7,0,0.0,2.0,6.0,15.0,B01
201400010301,0,32,0,0.0,2.0,1.0,1.0,B01
201400010301,0,7,0,0.0,2.0,2.0,15.0,A01
201400010302,0,32,0,0.0,2.0,7.0,0.0,B01
201400010302,0,2,0,0.0,2.0,8.0,0.0,A01
201400010303,0,31,0,0.0,1.0,1.0,1.0,A01
201400010304,0,1,0,0.0,2.0,1.0,0.0,B01
201400010304,0,30,0,0.0,2.0,1.0,1.0,A01
201400010305,0,7,0,0.0,2.0,1.0,9.0,A01
201400010305,0,30,0,0.0,2.0,1.0,1.0,B01
201400010306,0,3,0,0.0,2.0,4.0,1.0,A01
201400010307,0,7,0,0.0,2.0,8.0,10.0,A01
201400010307,0,31,0,0.0,2.0,1.0,1.0,B01
201400010308,0,7,0,0.0,1.0,1.0,1.0,A01
201400010309,0,30,0,0.0,2.0,7.0,17.0,B01
201400010309,0,7,0,0.0,2.0,1.0,0.0,A01
201400010310,0,37,1,0.0,1.0,1.0,1.0,A01
201400010311,0,32,0,0.0,1.0,1.0,0.0,A01
201400010312,0,7,0,0.0,1.0,1.0,0.0,A01
201400010313,0,7,0,0.0,1.0,1.0,1.0,A01
201400010314,0,7,0,0.0,2.0,2.0,21.0,A01
201400010314,0,32,0,0.0,2.0,8.0,23.0,B01
201400010315,0,32,0,0.0,2.0,1.0,1.0,B01
201400010315,0,7,0,0.0,2.0,1.0,0.0,A01
201400010316,0,2,0,0.0,1.0,1.0,1.0,A01
201400010317,0,7,0,0.0,2.0,1.0,1.0,A01
201400010317,0,30,0,0.0,2.0,1.0,1.0,B01
201400010318,0,34,0,8.0,0.0,1.0,0.0,A01
201400010319,0,7,0,0.0,1.0,1.0,1.0,A01
201400010320,0,7,0,0.0,1.0,2.0,16.0,A01
201400010321,0,7,0,0.0,1.0,3.0,0.0,A01
201400010322,0,7,0,0.0,1.0,4.0,4.0,A01
201400010323,0,7,0,0.0,2.0,1.0,1.0,A01
201400010323,0,7,0,0.0,2.0,6.0,23.0,B01
201400010324,0,7,0,0.0,2.0,1.0,1.0,A01
201400010324,0,33,0,0.0,2.0,1.0,1.0,B01
201400010325,0,2,0,0.0,1.0,1.0,1.0,A01
201400010326,0,7,0,0.0,1.0,1.0,0.0,A01
201400010327,0,7,0,0.0,1.0,1.0,1.0,A01
201400010328,0,30,0,0.0,1.0,1.0,1.0,A01
201400010329,0,33,0,0.0,2.0,1.0,1.0,A01
201400010329,0,7,0,0.0,2.0,2.0,1.0,B01
201400010330,0,33,0,0.0,2.0,1.0,1.0,B01
201400010330,0,7,0,0.0,2.0,6.0,0.0,A01
201400010331,0,7,0,0.0,2.0,3.0,9.0,A01
201400010331,0,7,0,0.0,2.0,1.0,1.0,B01
201400010332,0,7,0,0.0,1.0,1.0,15.0,A01
201400010333,0,7,0,0.0,2.0,0.0,15.0,B01
201400010333,0,34,0,5.0,2.0,1.0,17.0,A01
201400010334,0,7,0,0.0,1.0,1.0,0.0,A01
201400010335,0,2,0,0.0,2.0,1.0,0.0,A01
201400010335,0,7,0,0.0,2.0,0.0,20.0,B01
201400010336,0,7,0,0.0,1.0,1.0,1.0,A01
201400010337,0,7,0,0.0,1.0,1.0,1.0,A01
201400010338,0,33,0,0.0,2.0,1.0,1.0,B01
201400010338,0,99,0,0.0,2.0,7.0,15.0,A01
201400010339,0,7,0,0.0,1.0,1.0,1.0,A01
201400010340,0,7,0,0.0,2.0,4.0,1.0,B01
201400010340,0,7,0,0.0,2.0,1.0,1.0,A01
201400010341,0,1,0,0.0,2.0,1.0,17.0,B01
201400010341,0,7,0,0.0,9.0,3.0,15.0,A01
201400010342,0,37,1,0.0,2.0,1.0,1.0,B01
201400010342,0,2,0,0.0,2.0,3.0,11.0,A01
201400010343,0,7,0,0.0,2.0,7.0,16.0,A01
201400010343,0,2,0,0.0,2.0,8.0,1.0,B01
201400010344,0,34,0,0.0,2.0,1.0,1.0,B01
201400010344,0,7,0,0.0,2.0,2.0,16.0,A01
201400010345,0,7,0,0.0,2.0,3.0,9.0,B01
201400010345,0,2,0,0.0,2.0,1.0,17.0,A01
201400010346,0,1,0,0.0,2.0,1.0,0.0,B01
201400010346,0,7,0,0.0,2.0,3.0,1.0,A01
201400010347,0,7,0,0.0,0.0,5.0,0.0,A01
201400010348,0,7,0,0.0,2.0,2.0,15.0,A01
201400010348,0,32,0,0.0,2.0,1.0,1.0,B01
201400010349,0,7,0,0.0,2.0,1.0,1.0,A01
201400010349,0,7,0,0.0,2.0,4.0,1.0,B01
201400010349,0,7,0,0.0,2.0,4.0,1.0,C01
201400010350,0,7,0,0.0,2.0,1.0,15.0,A01
201400010350,0,7,0,0.0,2.0,1.0,1.0,B01
201400010351,0,1,0,0.0,1.0,1.0,1.0,A01
201400010352,0,7,0,0.0,1.0,2.0,1.0,A01
201400010353,0,7,0,0.0,2.0,3.0,0.0,A01
201400010353,0,30,0,0.0,2.0,1.0,1.0,B01
201400010354,0,1,0,0.0,1.0,1.0,0.0,A01
201400010355,0,33,0,0.0,2.0,1.0,0.0,A01
201400010355,0,7,0,0.0,2.0,1.0,0.0,B01
201400010356,0,7,0,0.0,2.0,3.0,1.0,A01
201400010356,0,33,0,0.0,2.0,1.0,1.0,B01
201400010357,0,7,0,0.0,2.0,1.0,15.0,A01
201400010357,0,34,0,0.0,2.0,1.0,1.0,B01
201400010358,0,2,0,0.0,9.0,1.0,0.0,A01
201400010358,0,7,0,0.0,2.0,8.0,0.0,B01
201400010359,0,30,0,0.0,1.0,1.0,1.0,A01
201400010359,0,7,0,0.0,2.0,1.0,1.0,B01
201400010360,0,7,0,0.0,2.0,1.0,15.0,A01
201400010360,0,7,0,0.0,2.0,7.0,1.0,B01
201400010361,0,2,0,0.0,2.0,1.0,1.0,A01
201400010362,0,7,0,0.0,2.0,2.0,15.0,A01
201400010362,0,2,0,0.0,2.0,1.0,1.0,B01
201400010363,0,7,0,0.0,1.0,1.0,0.0,A01
201400010364,0,2,0,0.0,2.0,1.0,17.0,A01
201400010364,0,7,0,0.0,2.0,7.0,1.0,B01
201400010365,0,1,0,0.0,2.0,7.0,11.0,B01
201400010365,0,10,0,0.0,2.0,7.0,1.0,A01
201400010366,0,32,0,0.0,1.0,1.0,1.0,A01
201400010367,0,7,0,0.0,2.0,1.0,1.0,A01
201400010367,0,1,0,0.0,2.0,1.0,0.0,B01
201400010368,0,7,0,0.0,1.0,1.0,1.0,A01
201400010369,0,7,0,0.0,2.0,1.0,0.0,A01
201400010369,0,30,0,0.0,2.0,1.0,0.0,B01
201400010370,0,7,0,0.0,2.0,3.0,9.0,A01
201400010370,0,2,0,0.0,2.0,1.0,1.0,B01
201400010371,0,7,0,0.0,2.0,1.0,0.0,A01
201400010371,0,1,0,0.0,2.0,5.0,0.0,B01
201400010372,0,7,0,0.0,2.0,8.0,9.0,A01
201400010372,0,32,0,0.0,2.0,1.0,1.0,B01
201400010373,0,7,0,0.0,0.0,4.0,1.0,B01
201400010373,0,7,0,0.0,2.0,4.0,1.0,A01
201400010374,0,7,0,0.0,1.0,1.0,15.0,A01
201400010375,0,7,0,0.0,2.0,2.0,9.0,A01
201400010375,0,33,0,0.0,2.0,1.0,0.0,B01
201400010376,0,7,0,0.0,2.0,4.0,1.0,A01
201400010376,0,32,0,0.0,2.0,1.0,1.0,B01
201400010377,0,7,0,0.0,2.0,1.0,0.0,B01
201400010377,0,33,0,0.0,2.0,4.0,0.0,A01
201400010378,0,7,0,0.0,2.0,8.0,20.0,B01
201400010378,0,34,0,0.0,2.0,1.0,17.0,A01
201400010379,0,33,0,0.0,2.0,1.0,1.0,B01
201400010379,0,7,0,0.0,2.0,1.0,10.0,A01
201400010380,0,7,0,0.0,2.0,2.0,15.0,A01
201400010380,0,7,0,0.0,2.0,1.0,0.0,B01
201400010381,0,7,0,0.0,1.0,4.0,1.0,A01
201400010382,0,7,0,0.0,1.0,1.0,15.0,A01
201400010383,0,33,0,0.0,2.0,1.0,0.0,A01
201400010383,0,7,0,0.0,2.0,8.0,0.0,B01
201400010384,0,30,0,0.0,2.0,7.0,1.0,B01
201400010384,0,7,0,0.0,2.0,1.0,1.0,A01
201400010385,0,7,0,0.0,1.0,1.0,16.0,A01
201400010386,0,7,0,0.0,2.0,2.0,15.0,B01
201400010386,0,7,0,0.0,2.0,1.0,1.0,C01
201400010386,0,7,0,0.0,2.0,1.0,1.0,A01
201400010387,0,7,0,0.0,1.0,1.0,1.0,A01
201400010388,0,7,0,0.0,1.0,1.0,0.0,A01
201400010389,0,7,0,0.0,2.0,2.0,16.0,A01
201400010389,0,34,0,0.0,2.0,1.0,16.0,B01
201400010390,0,7,0,0.0,2.0,7.0,15.0,A01
201400010390,0,2,0,0.0,2.0,1.0,1.0,B01
201400010391,0,7,0,0.0,1.0,1.0,0.0,A01
201400010392,0,7,0,0.0,2.0,2.0,15.0,A01
201400010392,0,2,0,0.0,2.0,1.0,1.0,B01
201400010393,0,7,0,0.0,1.0,1.0,1.0,A01
201400010394,0,7,0,9.0,1.0,1.0,1.0,A01
201400010395,0,7,0,0.0,1.0,1.0,1.0,A01
201400010396,0,2,0,0.0,2.0,1.0,1.0,B01
201400010396,0,7,0,0.0,2.0,5.0,9.0,A01
201400010397,0,7,0,0.0,1.0,1.0,0.0,A01
201400010398,0,2,0,0.0,2.0,1.0,18.0,A01
201400010398,0,7,0,0.0,2.0,4.0,20.0,B01
201400010399,0,34,0,0.0,2.0,1.0,0.0,A01
201400010399,0,32,0,0.0,2.0,1.0,0.0,B01
201400010400,0,7,0,0.0,1.0,1.0,15.0,A01
201400010401,0,7,0,0.0,1.0,1.0,16.0,A01
201400010402,0,7,0,0.0,2.0,1.0,9.0,A01
201400010402,0,33,0,0.0,2.0,1.0,1.0,B01
201400010403,0,7,0,0.0,1.0,1.0,15.0,A01
201400010404,0,7,0,0.0,2.0,2.0,15.0,A01
201400010404,0,2,0,0.0,2.0,1.0,1.0,B01
201400010405,0,32,0,0.0,2.0,1.0,1.0,B01
201400010405,0,7,0,0.0,2.0,1.0,1.0,A01
201400010406,0,7,0,0.0,1.0,2.0,1.0,A01
201400010407,0,33,0,0.0,2.0,7.0,9.0,A01
201400010407,0,33,0,0.0,2.0,1.0,1.0,B01
201400010408,0,7,0,0.0,2.0,3.0,15.0,A01
201400010408,0,2,0,0.0,2.0,4.0,17.0,B01
201400010409,0,7,0,0.0,2.0,7.0,16.0,A01
201400010409,0,1,0,0.0,2.0,1.0,1.0,B01
201400010410,0,30,0,0.0,2.0,2.0,1.0,A01
201400010410,0,7,0,0.0,2.0,2.0,15.0,B01
201400010411,0,32,0,0.0,2.0,1.0,1.0,A01
201400010411,0,33,0,0.0,2.0,1.0,1.0,B01
201400010412,0,2,0,0.0,2.0,1.0,17.0,B01
201400010412,0,10,0,0.0,2.0,3.0,15.0,A01
201400010413,0,7,0,0.0,1.0,1.0,0.0,A01
201400010414,0,2,0,0.0,2.0,1.0,1.0,B01
201400010414,0,7,0,0.0,2.0,7.0,1.0,A01
201400010415,0,31,0,0.0,2.0,1.0,0.0,B01
201400010415,0,7,0,0.0,2.0,3.0,5.0,A01
201400010416,0,7,0,0.0,2.0,8.0,0.0,A01
201400010416,0,32,0,0.0,2.0,1.0,0.0,B01
201400010417,0,7,0,0.0,2.0,4.0,1.0,B01
201400010417,0,32,0,0.0,2.0,0.0,1.0,A01
201400010418,0,37,10,0.0,1.0,2.0,1.0,A01
201400010419,0,7,0,0.0,1.0,1.0,1.0,A01
201400010420,0,7,0,0.0,1.0,3.0,1.0,A01
201400010421,0,7,0,0.0,2.0,1.0,1.0,A01
201400010421,0,7,0,0.0,2.0,1.0,0.0,B01
201400010422,0,33,0,0.0,1.0,1.0,0.0,A01
201400010423,0,1,0,0.0,2.0,1.0,0.0,C01
201400010423,0,7,0,0.0,2.0,8.0,22.0,A01
201400010423,0,1,0,0.0,2.0,1.0,1.0,B01
201400010424,0,7,0,0.0,1.0,1.0,0.0,A01
201400010425,0,32,0,0.0,2.0,1.0,1.0,B01
201400010425,0,7,0,0.0,2.0,1.0,0.0,A01
201400010426,0,7,0,0.0,1.0,1.0,1.0,A01
201400010427,0,7,0,0.0,1.0,1.0,1.0,A01
201400010428,0,7,0,0.0,1.0,1.0,1.0,A01
201400010429,0,2,0,0.0,2.0,1.0,17.0,B01
201400010429,0,7,0,0.0,2.0,8.0,15.0,A01
201400010430,0,2,0,0.0,1.0,1.0,1.0,A01
201400010431,0,2,0,1.0,0.0,1.0,1.0,A01
201400010432,0,7,0,0.0,2.0,7.0,9.0,A01
201400010432,0,32,0,0.0,2.0,1.0,1.0,B01
201400010433,0,3,0,0.0,2.0,1.0,0.0,A01
201400010433,0,33,0,0.0,2.0,1.0,0.0,B01
201400010434,0,7,0,0.0,2.0,1.0,1.0,A01
201400010434,0,2,0,0.0,2.0,8.0,9.0,B01
201400010435,0,7,0,0.0,0.0,0.0,0.0,B01
201400010435,0,32,0,0.0,0.0,0.0,1.0,A01
201400010436,0,7,0,0.0,2.0,1.0,1.0,A01
201400010436,0,7,0,0.0,2.0,8.0,1.0,B01
201400010437,0,17,0,0.0,1.0,4.0,1.0,A01
201400010438,0,7,0,0.0,2.0,1.0,0.0,B01
201400010438,0,30,0,0.0,2.0,1.0,1.0,A01
201400010439,0,30,0,0.0,2.0,1.0,1.0,B01
201400010439,0,7,0,0.0,2.0,1.0,0.0,A01
201400010440,0,2,0,0.0,2.0,7.0,9.0,A01
201400010440,0,34,0,0.0,2.0,1.0,1.0,B01
201400010441,0,7,0,0.0,1.0,1.0,1.0,A01
201400010442,0,2,0,0.0,2.0,1.0,1.0,A01
201400010442,0,7,0,0.0,2.0,1.0,1.0,B01
201400010443,0,7,0,0.0,1.0,1.0,1.0,A01
201400010444,0,32,0,0.0,2.0,1.0,1.0,A01
201400010444,0,7,0,0.0,2.0,6.0,23.0,B01
201400010445,0,7,0,0.0,2.0,1.0,0.0,A01
201400010445,0,33,0,0.0,2.0,1.0,0.0,B01
201400010446,0,7,0,0.0,2.0,4.0,1.0,B01
201400010446,0,32,0,0.0,2.0,1.0,1.0,A01
201400010447,0,33,0,0.0,1.0,1.0,1.0,A01
201400010448,0,34,0,0.0,2.0,0.0,1.0,B01
201400010448,0,7,0,0.0,2.0,4.0,4.0,A01
201400010449,0,2,0,4.0,0.0,1.0,0.0,A01
201400010450,0,7,0,0.0,2.0,1.0,1.0,B01
201400010450,0,7,0,0.0,2.0,8.0,15.0,A01
201400010451,0,7,0,0.0,1.0,1.0,1.0,A01
201400010452,0,7,0,0.0,2.0,0.0,0.0,A01
201400010452,0,32,0,0.0,2.0,5.0,1.0,B01
201400010453,0,37,1,0.0,1.0,5.0,1.0,A01
201400010454,0,7,0,0.0,1.0,1.0,1.0,A01
201400010455,0,33,0,0.0,2.0,1.0,1.0,B01
201400010455,0,7,0,0.0,2.0,1.0,0.0,A01
201400010456,0,7,0,0.0,2.0,3.0,15.0,A01
201400010456,0,32,0,0.0,2.0,7.0,16.0,B01
201400010457,1,7,0,0.0,1.0,1.0,13.0,A01
201400010458,0,7,0,0.0,1.0,1.0,0.0,A01
201400010459,0,30,0,0.0,2.0,1.0,0.0,B01
201400010459,0,7,0,0.0,2.0,4.0,0.0,A01
201400010460,0,7,0,0.0,0.0,4.0,0.0,B01
201400010460,0,13,0,0.0,2.0,1.0,1.0,A01
201400010461,0,10,0,0.0,1.0,2.0,1.0,A01
201400010462,0,7,0,0.0,1.0,1.0,1.0,A01
201400010463,0,7,0,0.0,1.0,4.0,2.0,A01
201400010464,0,30,0,0.0,2.0,1.0,0.0,B01
201400010464,0,7,0,0.0,2.0,1.0,0.0,A01
201400010465,0,30,0,0.0,2.0,1.0,1.0,B01
201400010465,0,7,0,0.0,2.0,1.0,1.0,A01
201400010466,0,33,0,0.0,2.0,0.0,1.0,B01
201400010466,0,7,0,8.0,0.0,0.0,2.0,A01
201400010467,0,33,0,0.0,2.0,1.0,1.0,B01
201400010467,0,7,0,0.0,0.0,2.0,5.0,A01
201400010468,0,33,0,0.0,2.0,1.0,1.0,B01
201400010468,0,2,0,0.0,2.0,1.0,5.0,A01
201400010469,0,1,0,0.0,0.0,4.0,1.0,A01
201400010470,0,2,0,0.0,1.0,0.0,1.0,A01
201400010471,0,2,0,0.0,2.0,1.0,1.0,A01
201400010471,0,7,0,0.0,2.0,1.0,0.0,B01
201400010472,0,32,0,0.0,2.0,1.0,17.0,A01
201400010472,0,7,0,0.0,2.0,8.0,15.0,B01
201400010473,0,7,0,0.0,9.0,0.0,1.0,B01
201400010473,0,30,0,0.0,2.0,1.0,1.0,A01
201400010474,0,7,0,0.0,2.0,1.0,10.0,A01
201400010474,0,30,0,0.0,2.0,1.0,1.0,B01
201400010475,0,7,0,0.0,1.0,7.0,1.0,A01
201400010476,0,7,0,0.0,1.0,1.0,15.0,A01
201400010477,0,7,0,0.0,2.0,3.0,1.0,B01
201400010477,0,2,0,0.0,2.0,7.0,9.0,A01
201400010478,0,7,0,0.0,2.0,2.0,9.0,A01
201400010478,0,31,0,0.0,2.0,8.0,9.0,B01
201400010479,0,33,0,15.0,0.0,1.0,1.0,A01
201400010480,0,33,0,0.0,2.0,4.0,15.0,B01
201400010480,0,2,0,0.0,2.0,1.0,16.0,A01
201400010481,0,31,0,0.0,2.0,1.0,1.0,B01
201400010481,0,7,0,0.0,2.0,2.0,15.0,A01
201400010482,0,30,0,0.0,2.0,1.0,0.0,B01
201400010482,0,7,0,0.0,2.0,4.0,0.0,A01
201400010483,0,7,0,0.0,1.0,1.0,1.0,A01
201400010484,0,7,0,0.0,2.0,4.0,20.0,A01
201400010484,0,2,0,0.0,2.0,1.0,2.0,B01
201400010485,0,7,0,0.0,2.0,3.0,1.0,A01
201400010485,0,37,1,0.0,2.0,1.0,1.0,B01
201400010486,0,7,0,0.0,1.0,2.0,1.0,A01
201400010487,0,7,0,0.0,1.0,2.0,1.0,A01
201400010488,0,2,0,0.0,2.0,3.0,3.0,A01
201400010488,0,14,0,0.0,2.0,2.0,1.0,B01