Num_Acc,senc,catv,occutc,obs,obsm,choc,manv,num_veh
201400010774,0,7,0,1.0,0.0,1.0,1.0,A01
201400010774,0,7,0,0.0,0.0,4.0,1.0,B01
201400010775,0,7,0,1.0,0.0,3.0,1.0,A01
201400010776,1,7,0,0.0,0.0,8.0,20.0,Z01
201400010776,0,34,0,0.0,2.0,2.0,21.0,A01
201400010777,0,32,0,0.0,2.0,8.0,0.0,B01
201400010777,0,7,0,0.0,2.0,2.0,9.0,A01
201400010778,0,37,4,0.0,1.0,7.0,23.0,A01
201400010779,0,7,0,0.0,1.0,4.0,4.0,A01
201400010780,0,33,0,0.0,2.0,1.0,1.0,B01
201400010780,0,3,0,0.0,2.0,3.0,9.0,A01
201400010781,0,33,0,0.0,2.0,1.0,1.0,B01
201400010781,0,7,0,0.0,2.0,2.0,15.0,A01
201400010782,0,10,0,0.0,2.0,3.0,16.0,A01
201400010782,0,32,0,0.0,2.0,1.0,1.0,B01
201400010783,0,7,0,0.0,2.0,3.0,15.0,B01
201400010783,0,33,0,0.0,2.0,1.0,2.0,A01
201400010784,0,30,0,0.0,2.0,3.0,0.0,A01
201400010784,0,10,0,0.0,0.0,8.0,0.0,B01
201400010785,0,10,0,0.0,2.0,1.0,1.0,B01
201400010785,0,7,0,0.0,2.0,1.0,0.0,A01
201400010786,0,7,0,0.0,2.0,1.0,1.0,B01
201400010786,0,34,0,0.0,2.0,1.0,0.0,A01
201400010786,0,7,0,0.0,2.0,1.0,23.0,C01
201400010787,0,7,0,0.0,1.0,2.0,1.0,A01
201400010788,0,30,0,0.0,1.0,8.0,1.0,A01
201400010789,0,3,0,0.0,0.0,8.0,15.0,A01
201400010789,0,2,0,0.0,2.0,8.0,17.0,B01
201400010790,0,33,0,13.0,2.0,9.0,17.0,A01
201400010790,0,34,0,0.0,2.0,7.0,2.0,C01
201400010790,0,7,0,0.0,2.0,3.0,1.0,B01
201400010791,0,33,0,0.0,2.0,1.0,1.0,A01
201400010791,0,33,0,0.0,0.0,8.0,15.0,B01
201400010792,0,7,0,0.0,0.0,3.0,0.0,B01
201400010792,0,31,0,0.0,0.0,1.0,0.0,A01
201400010793,0,2,0,0.0,1.0,1.0,1.0,A01
201400010794,0,30,0,0.0,1.0,1.0,1.0,A01
201400010795,0,32,0,0.0,2.0,1.0,2.0,B01
201400010795,0,10,0,0.0,2.0,8.0,1.0,C01
201400010795,0,31,0,0.0,2.0,1.0,13.0,A01
201400010796,0,33,0,0.0,1.0,6.0,1.0,A01
201400010797,0,33,0,13.0,0.0,2.0,1.0,A01
201400010798,0,7,0,0.0,2.0,1.0,1.0,A01
201400010798,0,34,0,0.0,2.0,8.0,1.0,B01
201400010799,0,30,0,0.0,2.0,1.0,1.0,C01
201400010799,0,7,0,0.0,0.0,6.0,1.0,B01
201400010799,0,33,0,0.0,2.0,7.0,21.0,A01
201400010800,0,7,0,13.0,0.0,1.0,14.0,A01
201400010801,0,7,0,0.0,1.0,3.0,1.0,A01
201400010802,0,33,0,0.0,0.0,8.0,1.0,B01
201400010802,0,1,0,0.0,2.0,7.0,14.0,A01
201400010803,0,30,0,0.0,2.0,1.0,1.0,A01
201400010803,0,10,0,0.0,2.0,3.0,1.0,B01
201400010804,0,32,0,0.0,0.0,0.0,1.0,A01
201400010805,0,32,0,1.0,0.0,2.0,1.0,A01
201400010806,0,7,0,0.0,0.0,3.0,15.0,A01
201400010806,0,32,0,0.0,2.0,1.0,1.0,B01
201400010807,0,7,0,0.0,2.0,8.0,15.0,A01
201400010807,0,31,0,0.0,2.0,2.0,17.0,B01
201400010808,0,7,0,0.0,0.0,0.0,0.0,B01
201400010808,0,34,0,0.0,2.0,1.0,17.0,A01
201400010809,0,30,0,0.0,0.0,1.0,15.0,A01
201400010809,0,7,0,0.0,2.0,2.0,1.0,B01
201400010810,0,7,0,0.0,2.0,6.0,15.0,B01
201400010810,0,32,0,0.0,2.0,1.0,17.0,A01
201400010811,0,7,0,0.0,0.0,3.0,1.0,C01
201400010811,0,7,0,0.0,2.0,5.0,21.0,B01
201400010811,0,7,0,0.0,0.0,2.0,15.0,A01
201400010812,0,33,0,0.0,2.0,2.0,1.0,B01
201400010812,0,10,0,0.0,2.0,3.0,9.0,A01
201400010813,0,2,0,0.0,2.0,1.0,1.0,A01
201400010813,0,10,0,0.0,0.0,8.0,1.0,B01
201400010814,0,7,0,0.0,2.0,8.0,1.0,C01
201400010814,0,2,0,0.0,0.0,1.0,17.0,A01
201400010814,0,33,0,0.0,2.0,8.0,1.0,B01
201400010815,0,7,0,2.0,0.0,9.0,1.0,A01
201400010816,0,7,0,0.0,2.0,3.0,1.0,B01
201400010816,0,34,0,0.0,2.0,1.0,1.0,A01
201400010817,0,7,0,13.0,0.0,2.0,1.0,A01
201400010818,0,10,0,0.0,0.0,2.0,1.0,A01
201400010818,0,2,0,0.0,0.0,1.0,1.0,B01
201400010819,0,7,0,0.0,0.0,3.0,15.0,B01
201400010819,0,33,0,0.0,2.0,1.0,2.0,A01
201400010820,0,7,0,0.0,2.0,8.0,1.0,B01
201400010820,0,7,0,0.0,2.0,2.0,1.0,A01
201400010821,0,30,0,0.0,2.0,8.0,1.0,A01
201400010821,0,7,0,0.0,2.0,2.0,9.0,B01
201400010822,0,10,0,0.0,2.0,3.0,1.0,B01
201400010822,0,30,0,0.0,2.0,8.0,1.0,A01
201400010823,0,7,0,0.0,2.0,1.0,1.0,B01
201400010823,0,7,0,0.0,2.0,7.0,0.0,A01
201400010824,0,7,0,6.0,9.0,9.0,1.0,A01
201400010825,0,7,0,0.0,2.0,1.0,1.0,A01
201400010825,0,7,0,0.0,2.0,4.0,2.0,C01
201400010825,0,7,0,0.0,2.0,4.0,0.0,B01
201400010826,0,7,0,0.0,1.0,1.0,16.0,A01
201400010827,0,7,0,0.0,2.0,1.0,1.0,A01
201400010827,0,7,0,0.0,2.0,4.0,2.0,B01
201400010828,0,10,0,0.0,2.0,1.0,1.0,A01
201400010828,0,7,0,0.0,2.0,4.0,1.0,B01
201400010829,0,31,0,0.0,2.0,9.0,1.0,B01
201400010829,0,7,0,0.0,2.0,1.0,15.0,A01
201400010830,0,31,0,0.0,2.0,2.0,15.0,A01
201400010830,0,31,0,0.0,2.0,1.0,1.0,B01
201400010831,0,33,0,0.0,2.0,8.0,1.0,A01
201400010831,0,7,0,0.0,2.0,5.0,9.0,B01
201400010832,0,7,0,8.0,0.0,1.0,14.0,A01
201400010833,0,7,0,0.0,2.0,4.0,2.0,B01
201400010833,0,10,0,0.0,2.0,4.0,0.0,C01
201400010833,0,10,0,0.0,2.0,1.0,2.0,A01
201400010834,0,31,0,0.0,2.0,4.0,1.0,B01
201400010834,0,7,0,0.0,2.0,1.0,1.0,A01
201400010835,0,34,0,0.0,1.0,1.0,1.0,A01
201400010836,0,7,0,0.0,2.0,5.0,23.0,B01
201400010836,0,31,0,0.0,2.0,1.0,2.0,A01
201400010837,0,7,0,0.0,2.0,8.0,22.0,A01
201400010837,0,1,0,0.0,2.0,1.0,1.0,B01
201400010838,0,7,0,0.0,2.0,7.0,1.0,B01
201400010838,0,7,0,0.0,2.0,3.0,9.0,A01
201400010839,0,7,0,0.0,2.0,1.0,2.0,A01
201400010839,0,7,0,0.0,2.0,4.0,23.0,B01
201400010840,0,33,0,0.0,2.0,1.0,17.0,A01
201400010840,0,7,0,0.0,2.0,1.0,15.0,B01
201400010841,0,7,0,0.0,2.0,8.0,15.0,A01
201400010841,0,32,0,0.0,2.0,2.0,1.0,B01
201400010842,0,1,0,0.0,2.0,1.0,1.0,B01
201400010842,0,10,0,0.0,2.0,3.0,9.0,A01
201400010843,0,31,0,0.0,2.0,1.0,1.0,B01
201400010843,0,7,0,0.0,2.0,7.0,15.0,A01
201400010844,0,2,0,0.0,1.0,1.0,1.0,A01
201400010845,0,40,10,0.0,2.0,1.0,2.0,B01
201400010845,0,10,0,0.0,2.0,4.0,7.0,A01
201400010846,0,7,0,0.0,2.0,1.0,1.0,A01
201400010846,0,7,0,0.0,2.0,4.0,2.0,B01
201400010847,0,7,0,0.0,2.0,4.0,2.0,B01
201400010847,0,7,0,0.0,2.0,1.0,2.0,A01
201400010847,0,7,0,0.0,2.0,4.0,1.0,C01
201400010848,0,7,0,0.0,2.0,4.0,2.0,C01
201400010848,0,7,0,0.0,2.0,4.0,2.0,B01
201400010848,0,7,0,0.0,2.0,1.0,1.0,A01
201400010849,1,7,0,0.0,2.0,1.0,15.0,Z01
201400010849,0,7,0,15.0,2.0,8.0,1.0,B01
201400010850,0,10,0,0.0,1.0,4.0,4.0,A01
201400010851,0,7,0,0.0,2.0,3.0,9.0,A01
201400010851,0,14,0,0.0,2.0,3.0,1.0,B01
201400010852,0,7,0,0.0,2.0,4.0,1.0,B01
201400010852,0,31,0,0.0,2.0,1.0,1.0,A01
201400010853,0,7,0,0.0,1.0,1.0,0.0,A01
201400010854,0,37,24,0.0,1.0,5.0,7.0,A01
201400010855,0,7,0,0.0,2.0,1.0,15.0,A01
201400010855,0,2,0,1.0,2.0,0.0,1.0,B01
201400010856,0,7,0,1.0,2.0,1.0,1.0,A01
201400010856,0,7,0,0.0,2.0,1.0,1.0,B01
201400010857,0,7,0,12.0,0.0,8.0,1.0,A01
201400010858,0,7,0,0.0,2.0,1.0,2.0,A01
201400010858,0,7,0,0.0,2.0,4.0,1.0,B01
201400010859,0,7,0,0.0,2.0,7.0,1.0,B01
201400010859,0,33,0,0.0,2.0,1.0,1.0,A01
201400010860,0,7,0,1.0,,4.0,1.0,C01
201400010860,0,7,0,0.0,2.0,4.0,2.0,B01
201400010860,0,2,0,0.0,2.0,1.0,1.0,A01
201400010861,0,10,0,0.0,1.0,1.0,15.0,A01
201400010862,0,99,0,0.0,2.0,3.0,17.0,A01
201400010862,0,31,0,0.0,2.0,1.0,17.0,B01
201400010863,0,7,0,0.0,2.0,8.0,1.0,B01
201400010863,0,10,0,0.0,2.0,8.0,1.0,A01
201400010863,0,7,0,0.0,2.0,3.0,1.0,C01
201400010864,0,7,0,0.0,2.0,1.0,1.0,A01
201400010864,0,7,0,0.0,2.0,7.0,16.0,B01
201400010865,0,7,0,4.0,0.0,3.0,13.0,A01
201400010866,0,7,0,0.0,2.0,5.0,1.0,B01
201400010866,0,7,0,1.0,2.0,1.0,13.0,A01
201400010867,0,30,0,1.0,0.0,8.0,1.0,B01
201400010867,0,2,0,0.0,2.0,0.0,9.0,A01
201400010868,0,7,0,0.0,2.0,1.0,19.0,A01
201400010868,0,31,0,0.0,2.0,1.0,1.0,B01
201400010869,0,30,0,0.0,0.0,1.0,1.0,A01
201400010869,0,7,0,0.0,0.0,0.0,20.0,B01
201400010870,0,10,0,0.0,1.0,1.0,15.0,A01
201400010871,0,7,0,0.0,2.0,0.0,13.0,A01
201400010871,0,7,0,5.0,2.0,3.0,1.0,B01
201400010872,0,10,0,0.0,2.0,6.0,23.0,B01
201400010872,0,31,0,0.0,2.0,1.0,1.0,A01
201400010873,0,32,0,0.0,1.0,1.0,1.0,A01
201400010874,0,7,0,0.0,2.0,1.0,13.0,A01
201400010874,0,7,0,0.0,2.0,1.0,1.0,B01
201400010875,0,7,0,0.0,2.0,1.0,1.0,B01
201400010875,0,7,0,0.0,2.0,9.0,15.0,A01
201400010876,0,40,0,0.0,1.0,1.0,1.0,A01
201400010877,0,1,0,0.0,2.0,0.0,19.0,A01
201400010877,0,31,0,0.0,2.0,1.0,1.0,B01
201400010878,0,7,0,0.0,1.0,1.0,16.0,A01
201400010879,0,7,0,0.0,1.0,3.0,15.0,A01
201400010880,0,7,0,0.0,2.0,1.0,9.0,A01
201400010880,0,31,0,1.0,0.0,2.0,17.0,B01
201400010881,0,7,0,0.0,1.0,1.0,1.0,A01
201400010882,0,7,0,0.0,2.0,1.0,1.0,A01
201400010882,0,7,0,0.0,2.0,4.0,1.0,B01
201400010882,0,7,0,0.0,2.0,4.0,1.0,C01
201400010882,0,7,0,1.0,0.0,4.0,1.0,D01
201400010883,2,7,0,0.0,2.0,1.0,5.0,A01
201400010883,0,31,0,0.0,2.0,1.0,1.0,B01
201400010884,0,7,0,0.0,2.0,4.0,2.0,B01
201400010884,0,7,0,0.0,2.0,1.0,1.0,A01
201400010885,0,7,0,0.0,2.0,1.0,1.0,A01
201400010885,0,7,0,0.0,2.0,3.0,1.0,B01
201400010886,0,7,0,0.0,2.0,4.0,2.0,C01
201400010886,0,7,0,0.0,2.0,4.0,2.0,B01
201400010886,0,10,0,0.0,2.0,1.0,2.0,A01
201400010887,0,2,0,0.0,2.0,5.0,1.0,A01
201400010887,0,7,0,0.0,2.0,1.0,1.0,B01
201400010888,0,33,0,0.0,2.0,2.0,17.0,B01
201400010888,0,7,0,0.0,2.0,3.0,22.0,A01
201400010889,0,1,0,0.0,2.0,1.0,1.0,A01
201400010889,0,7,0,0.0,2.0,3.0,1.0,B01
201400010890,0,7,0,0.0,2.0,4.0,1.0,B01
201400010890,0,38,1,0.0,2.0,1.0,1.0,A01
201400010891,0,7,0,0.0,2.0,1.0,15.0,A01
201400010891,0,1,0,0.0,2.0,5.0,1.0,B01
201400010892,0,33,0,0.0,0.0,8.0,1.0,A01
201400010893,0,7,0,0.0,2.0,4.0,2.0,B01
201400010893,0,2,0,1.0,2.0,1.0,1.0,A01
201400010894,0,7,0,0.0,2.0,1.0,15.0,A01
201400010894,0,7,0,0.0,2.0,1.0,1.0,B01
201400010895,0,7,0,0.0,2.0,0.0,0.0,A01
201400010895,0,33,0,0.0,2.0,0.0,0.0,B01
201400010896,0,7,0,0.0,1.0,3.0,1.0,A01
201400010897,0,10,0,0.0,1.0,1.0,1.0,A01
201400010898,0,37,10,0.0,1.0,2.0,16.0,A01
201400010899,0,2,0,0.0,2.0,1.0,1.0,B01
201400010899,0,7,0,0.0,2.0,1.0,9.0,A01
201400010900,0,7,0,0.0,1.0,1.0,1.0,A01
201400010901,0,7,0,0.0,2.0,1.0,1.0,B01
201400010901,0,30,0,1.0,2.0,1.0,1.0,A01
201400010902,0,10,0,0.0,1.0,1.0,1.0,A01
201400010903,0,7,0,0.0,2.0,1.0,1.0,A01
201400010903,0,7,0,0.0,2.0,8.0,1.0,B01
201400010904,0,31,0,0.0,2.0,1.0,17.0,B01
201400010904,0,7,0,0.0,2.0,3.0,19.0,A01
201400010905,0,10,0,0.0,1.0,1.0,1.0,A01
201400010906,0,7,0,0.0,2.0,7.0,16.0,A01
201400010906,0,2,0,0.0,2.0,8.0,18.0,B01
201400010907,0,31,0,0.0,2.0,1.0,1.0,A01
201400010907,0,7,0,0.0,2.0,1.0,1.0,B01
201400010908,0,7,0,0.0,1.0,3.0,15.0,A01
201400010909,0,10,0,0.0,1.0,1.0,1.0,A01
201400010910,0,7,0,0.0,2.0,8.0,0.0,B01
201400010910,0,2,0,1.0,0.0,1.0,18.0,A01
201400010911,0,7,0,0.0,2.0,1.0,15.0,A01
201400010911,0,2,0,0.0,2.0,1.0,1.0,B01
201400010912,0,7,0,0.0,2.0,3.0,15.0,A01
201400010912,0,31,0,0.0,2.0,1.0,1.0,B01
201400010913,0,10,0,0.0,1.0,3.0,1.0,A01
201400010914,0,7,0,0.0,2.0,1.0,2.0,A01
201400010914,0,7,0,0.0,2.0,4.0,1.0,B01
201400010915,0,7,0,0.0,2.0,2.0,14.0,A01
201400010915,0,31,0,0.0,2.0,0.0,0.0,B01
201400010916,0,2,0,0.0,1.0,0.0,1.0,A01
201400010917,0,7,0,0.0,1.0,3.0,1.0,A01
201400010918,0,10,0,0.0,1.0,3.0,1.0,A01
201400010919,0,33,0,0.0,2.0,1.0,2.0,A01
201400010919,0,7,0,0.0,2.0,4.0,23.0,B01
201400010920,0,10,0,1.0,2.0,3.0,0.0,A01
201400010920,0,7,0,0.0,2.0,3.0,1.0,B01
201400010921,0,33,0,0.0,1.0,0.0,1.0,A01
201400010922,0,33,0,0.0,2.0,1.0,2.0,A01
201400010922,0,10,0,0.0,2.0,4.0,2.0,B01
201400010923,0,10,0,0.0,1.0,1.0,15.0,A01
201400010924,0,7,0,0.0,2.0,7.0,15.0,A01
201400010924,0,2,0,0.0,2.0,1.0,1.0,B01
201400010925,0,33,0,0.0,2.0,7.0,1.0,A01
201400010925,0,7,0,0.0,2.0,1.0,1.0,B01
201400010926,0,7,0,0.0,2.0,4.0,2.0,B01
201400010926,0,33,0,0.0,2.0,1.0,1.0,A01
201400010927,0,7,0,0.0,1.0,1.0,1.0,A01
201400010928,0,7,0,14.0,2.0,6.0,23.0,B01
201400010928,0,7,0,14.0,2.0,4.0,23.0,C01
201400010928,0,7,0,0.0,2.0,4.0,23.0,E01
201400010928,0,7,0,14.0,2.0,4.0,23.0,D01
201400010928,0,14,0,0.0,2.0,1.0,21.0,A01
201400010929,0,10,0,0.0,1.0,4.0,4.0,A01
201400010930,0,7,0,3.0,1.0,7.0,1.0,A01
201400010931,0,7,0,0.0,2.0,2.0,10.0,A01
201400010931,0,34,0,0.0,2.0,1.0,1.0,B01
201400010932,0,7,0,0.0,2.0,3.0,15.0,A01
201400010932,0,2,0,0.0,2.0,1.0,1.0,B01
201400010933,0,2,0,0.0,2.0,1.0,11.0,A01
201400010933,0,7,0,0.0,2.0,2.0,1.0,B01
201400010933,0,7,0,0.0,0.0,0.0,0.0,C01
201400010934,0,7,0,0.0,1.0,1.0,15.0,A01
201400010935,0,7,0,0.0,2.0,3.0,15.0,A01
201400010935,0,33,0,0.0,2.0,1.0,1.0,B01
201400010936,0,37,18,0.0,1.0,1.0,1.0,A01
201400010937,0,1,0,0.0,2.0,0.0,0.0,B01
201400010937,0,7,0,0.0,2.0,0.0,0.0,A01
201400010938,0,32,0,0.0,2.0,3.0,1.0,B01
201400010938,0,7,0,0.0,2.0,0.0,9.0,A01
201400010939,0,7,0,0.0,2.0,1.0,1.0,B01
201400010939,0,2,0,0.0,2.0,1.0,15.0,A01
201400010940,0,32,0,0.0,2.0,0.0,1.0,B01
201400010940,0,32,0,0.0,2.0,7.0,1.0,A01
201400010941,0,37,1,0.0,1.0,2.0,1.0,A01
201400010942,0,7,0,0.0,2.0,4.0,1.0,C01
201400010942,0,7,0,0.0,2.0,4.0,1.0,B01
201400010942,0,7,0,0.0,2.0,1.0,1.0,A01
201400010943,0,7,0,0.0,2.0,3.0,1.0,B01
201400010943,0,7,0,0.0,2.0,3.0,9.0,A01
201400010944,0,10,0,0.0,2.0,4.0,1.0,B01
201400010944,0,33,0,0.0,2.0,1.0,2.0,A01
201400010945,0,32,0,14.0,0.0,1.0,1.0,A01
201400010945,0,7,0,0.0,2.0,1.0,1.0,D01
201400010945,0,7,0,0.0,2.0,1.0,1.0,C01
201400010945,0,33,0,0.0,2.0,4.0,2.0,B01
201400010946,0,7,0,0.0,2.0,2.0,4.0,A01
201400010946,0,2,0,0.0,2.0,1.0,1.0,B01
201400010947,0,32,0,0.0,2.0,0.0,1.0,B01
201400010947,0,7,0,0.0,2.0,7.0,16.0,A01
201400010948,0,7,0,0.0,2.0,2.0,1.0,A01
201400010948,0,7,0,0.0,2.0,1.0,1.0,B01
201400010949,0,10,0,0.0,2.0,2.0,14.0,A01
201400010949,0,7,0,0.0,2.0,8.0,1.0,B01
201400010950,0,33,0,0.0,2.0,1.0,1.0,B01
201400010950,0,10,0,0.0,2.0,7.0,1.0,A01
201400010951,0,7,0,8.0,0.0,9.0,0.0,A01
201400010952,0,7,0,0.0,2.0,3.0,1.0,A01
201400010952,0,2,0,0.0,2.0,2.0,1.0,B01
201400010953,0,7,0,0.0,2.0,4.0,23.0,B01
201400010953,0,7,0,0.0,2.0,1.0,2.0,A01
201400010954,0,7,0,0.0,2.0,7.0,12.0,A01
201400010954,0,2,0,0.0,2.0,3.0,1.0,B01
201400010955,0,2,0,0.0,2.0,1.0,1.0,B01
201400010955,0,7,0,0.0,2.0,1.0,1.0,A01
201400010956,0,7,0,0.0,2.0,1.0,1.0,C01
201400010956,0,31,0,0.0,2.0,4.0,11.0,B01
201400010956,1,7,0,0.0,2.0,1.0,0.0,A01
201400010957,0,2,0,0.0,1.0,7.0,16.0,A01
201400010957,0,33,0,0.0,2.0,2.0,0.0,B01
201400010958,0,7,0,0.0,2.0,4.0,23.0,B01
201400010958,0,2,0,14.0,0.0,1.0,1.0,A01
201400010959,0,7,0,0.0,2.0,1.0,1.0,A01
201400010959,0,31,0,0.0,2.0,4.0,1.0,B01
201400010960,0,10,0,0.0,1.0,4.0,4.0,A01
201400010961,0,7,0,0.0,2.0,4.0,1.0,B01
201400010961,0,7,0,0.0,2.0,1.0,1.0,A01
201400010962,0,7,0,0.0,2.0,1.0,1.0,A01
201400010962,0,7,0,0.0,2.0,4.0,1.0,B01
201400010963,0,1,0,0.0,2.0,1.0,1.0,B01
201400010963,0,10,0,0.0,2.0,3.0,22.0,A01
201400010964,0,2,0,0.0,2.0,1.0,0.0,A01
201400010964,0,7,0,0.0,2.0,7.0,0.0,B01
201400010965,0,33,0,0.0,2.0,1.0,1.0,B01
201400010965,0,7,0,0.0,2.0,1.0,9.0,A01
201400010965,0,7,0,0.0,2.0,8.0,1.0,C01
201400010966,0,7,0,0.0,2.0,1.0,1.0,B01
201400010966,0,2,0,0.0,2.0,1.0,1.0,A01
201400010967,0,7,0,0.0,2.0,3.0,1.0,B01
201400010967,0,7,0,0.0,2.0,3.0,1.0,A01
201400010968,0,2,0,0.0,2.0,1.0,1.0,A01
201400010968,0,7,0,0.0,2.0,6.0,1.0,B01
201400010969,0,7,0,0.0,1.0,0.0,0.0,A01
201400010970,0,33,0,0.0,2.0,1.0,17.0,A01
201400010970,0,7,0,0.0,2.0,3.0,1.0,B01
201400010971,0,7,0,0.0,1.0,2.0,1.0,A01
201400010972,0,7,0,0.0,2.0,2.0,1.0,A01
201400010972,0,7,0,0.0,2.0,5.0,24.0,B01
201400010973,2,7,0,1.0,0.0,2.0,1.0,A01
201400010973,0,7,0,0.0,2.0,4.0,24.0,C01
201400010974,0,10,0,0.0,9.0,0.0,24.0,A01
201400010974,0,1,0,1.0,0.0,0.0,1.0,B01
201400010975,0,2,0,0.0,2.0,8.0,1.0,B01
201400010975,0,7,0,0.0,0.0,0.0,12.0,A01
201400010976,0,7,0,0.0,2.0,7.0,9.0,A01
201400010976,0,2,0,0.0,2.0,1.0,1.0,B01
201400010977,0,40,0,0.0,4.0,2.0,1.0,B01
201400010977,0,14,0,0.0,4.0,3.0,15.0,A01
201400010978,0,7,0,0.0,1.0,1.0,1.0,A01
201400010979,0,10,0,0.0,1.0,1.0,1.0,A01
201400010980,0,7,0,0.0,2.0,1.0,1.0,A01
201400010980,0,7,0,0.0,2.0,4.0,1.0,B01
201400010981,0,31,0,0.0,2.0,1.0,1.0,B01
201400010981,0,7,0,0.0,2.0,8.0,0.0,A01
201400010982,0,2,0,0.0,2.0,3.0,1.0,B01
201400010982,0,7,0,0.0,2.0,5.0,16.0,A01
201400010983,0,2,0,0.0,2.0,1.0,1.0,B01
201400010983,0,7,0,0.0,2.0,7.0,1.0,A01
201400010984,0,7,0,0.0,2.0,1.0,15.0,A01
201400010984,0,2,0,0.0,2.0,1.0,1.0,B01
201400010985,0,40,0,0.0,2.0,3.0,1.0,B01
201400010985,0,2,0,0.0,4.0,2.0,1.0,A01
201400010986,0,10,0,0.0,1.0,6.0,4.0,A01
201400010987,0,7,0,0.0,1.0,2.0,1.0,A01
201400010988,0,37,1,0.0,1.0,3.0,1.0,A01
201400010989,0,2,0,0.0,2.0,8.0,1.0,B01
201400010989,0,7,0,0.0,2.0,2.0,1.0,A01
201400010990,0,2,0,0.0,2.0,8.0,1.0,B01
201400010990,0,7,0,0.0,2.0,1.0,15.0,A01
201400010991,0,7,0,0.0,2.0,4.0,2.0,B01
201400010991,0,7,0,0.0,2.0,4.0,2.0,C01
201400010991,0,7,0,0.0,2.0,1.0,2.0,A01
201400010992,0,7,0,0.0,2.0,4.0,1.0,E01
201400010992,0,7,0,0.0,2.0,7.0,1.0,B01
201400010992,0,7,0,0.0,2.0,5.0,1.0,D01
201400010992,0,7,0,0.0,2.0,3.0,0.0,A01
201400010992,0,7,0,0.0,2.0,7.0,1.0,C01
201400010993,0,33,0,0.0,0.0,1.0,1.0,A01
201400010994,0,31,0,0.0,1.0,0.0,1.0,A01
201400010995,0,7,0,0.0,2.0,3.0,0.0,A01
201400010995,0,32,0,0.0,2.0,1.0,0.0,B01
201400010996,0,7,0,0.0,2.0,1.0,1.0,B01
201400010996,0,2,0,0.0,2.0,1.0,15.0,A01
201400010997,0,7,0,0.0,2.0,6.0,1.0,B01
201400010997,0,7,0,0.0,2.0,1.0,1.0,C01
201400010997,0,7,0,0.0,2.0,1.0,2.0,A01
201400010998,0,31,0,0.0,1.0,1.0,1.0,A01
201400010999,0,7,0,6.0,0.0,1.0,13.0,A01
201400011000,0,2,0,0.0,1.0,7.0,1.0,A01
201400011001,0,7,0,0.0,1.0,2.0,1.0,A01
201400011002,0,7,0,1.0,0.0,3.0,13.0,A01
201400011003,0,1,0,0.0,1.0,1.0,0.0,A01
201400011004,0,7,0,0.0,2.0,6.0,15.0,A01
201400011004,0,33,0,0.0,2.0,1.0,1.0,B01
201400011004,0,33,0,0.0,2.0,3.0,1.0,C01
201400011005,1,7,0,0.0,2.0,0.0,18.0,Z01
201400011005,0,32,0,0.0,2.0,7.0,1.0,B01
201400011006,0,7,0,0.0,2.0,1.0,1.0,A01
201400011006,0,10,0,0.0,2.0,8.0,1.0,B01
201400011007,0,7,0,0.0,2.0,2.0,15.0,A01
201400011007,0,33,0,0.0,2.0,3.0,1.0,B01
201400011008,0,32,0,0.0,0.0,7.0,1.0,A01
201400011009,0,10,0,0.0,1.0,0.0,15.0,A01
201400011010,0,7,0,0.0,1.0,3.0,1.0,A01
201400011011,0,7,0,0.0,2.0,1.0,16.0,A01
201400011011,0,33,0,0.0,2.0,7.0,1.0,B01
201400011012,0,7,0,1.0,0.0,2.0,14.0,A01
201400011013,0,14,0,0.0,2.0,2.0,1.0,B01
201400011013,0,32,0,0.0,2.0,8.0,0.0,A01
201400011014,0,7,0,0.0,2.0,4.0,0.0,B01
201400011014,0,7,0,0.0,2.0,1.0,1.0,A01
201400011015,0,7,0,0.0,1.0,1.0,1.0,A01
201400011016,0,7,0,0.0,2.0,3.0,1.0,B01
201400011016,0,7,0,0.0,2.0,2.0,1.0,A01
201400011017,0,7,0,0.0,0.0,0.0,1.0,A01
201400011017,0,33,0,0.0,2.0,1.0,1.0,B01
201400011018,0,31,0,0.0,2.0,1.0,1.0,B01
201400011018,0,1,0,0.0,2.0,2.0,15.0,A01
201400011019,0,7,0,0.0,1.0,2.0,1.0,A01
201400011020,1,2,0,0.0,2.0,1.0,17.0,Z01
201400011020,0,31,0,0.0,2.0,3.0,15.0,A01
201400011021,0,7,0,0.0,2.0,8.0,20.0,A01
201400011021,0,31,0,0.0,2.0,1.0,1.0,B01
201400011022,0,31,0,0.0,2.0,1.0,1.0,B01
201400011022,0,7,0,0.0,2.0,7.0,12.0,A01
201400011023,0,7,0,0.0,0.0,1.0,1.0,A01
201400011024,0,2,0,0.0,2.0,1.0,0.0,A01
201400011024,0,7,0,0.0,2.0,6.0,15.0,B01
201400011025,1,10,0,0.0,2.0,1.0,1.0,Z01
201400011025,0,7,0,1.0,2.0,1.0,1.0,B01
201400011026,0,7,0,0.0,1.0,1.0,16.0,A01
201400011027,0,2,0,1.0,0.0,0.0,13.0,A01
201400011028,0,7,0,1.0,0.0,2.0,21.0,A01
201400011029,0,7,0,0.0,2.0,4.0,1.0,B01
201400011029,0,2,0,0.0,2.0,1.0,1.0,A01
201400011030,0,7,0,0.0,1.0,3.0,0.0,A01
201400011031,0,7,0,0.0,2.0,7.0,1.0,A01