Num_Acc,senc,catv,occutc,obs,obsm,choc,manv,num_veh
201400011031,0,7,0,0.0,2.0,1.0,1.0,B01
201400011032,0,1,0,0.0,2.0,0.0,5.0,A01
201400011032,0,7,0,0.0,2.0,0.0,16.0,B01
201400011033,0,1,0,0.0,0.0,0.0,1.0,A01
201400011034,0,2,0,0.0,2.0,3.0,1.0,A01
201400011034,0,7,0,0.0,2.0,2.0,1.0,B01
201400011035,0,7,0,0.0,1.0,1.0,1.0,A01
201400011036,0,32,0,0.0,2.0,8.0,9.0,A01
201400011036,0,7,0,0.0,0.0,0.0,0.0,C01
201400011036,0,7,0,0.0,2.0,7.0,1.0,B01
201400011037,0,2,0,0.0,2.0,7.0,5.0,A01
201400011037,0,10,0,0.0,2.0,1.0,1.0,B01
201400011038,0,7,0,0.0,2.0,5.0,22.0,A01
201400011038,0,2,0,0.0,2.0,1.0,1.0,B01
201400011039,0,7,0,0.0,2.0,3.0,1.0,A01
201400011039,0,31,0,0.0,2.0,4.0,1.0,B01
201400011039,0,7,0,0.0,2.0,4.0,1.0,C01
201400011040,0,7,0,0.0,1.0,2.0,1.0,A01
201400011041,0,2,0,1.0,0.0,1.0,1.0,A01
201400011042,0,31,0,0.0,2.0,1.0,1.0,A01
201400011042,0,7,0,0.0,2.0,4.0,0.0,B01
201400011043,0,7,0,0.0,2.0,6.0,16.0,A01
201400011043,0,33,0,0.0,2.0,1.0,1.0,B01
201400011044,0,10,0,0.0,1.0,2.0,15.0,A01
201400011045,0,10,0,5.0,2.0,1.0,1.0,A01
201400011045,0,7,0,9.0,2.0,8.0,15.0,B01
201400011046,0,10,0,1.0,0.0,2.0,0.0,A01
201400011047,0,7,0,0.0,2.0,1.0,17.0,A01
201400011047,0,2,0,0.0,2.0,1.0,1.0,B01
201400011047,0,7,0,0.0,2.0,8.0,1.0,C01
201400011048,0,31,0,0.0,0.0,0.0,1.0,A01
201400011049,0,7,0,0.0,2.0,8.0,15.0,A01
201400011049,0,33,0,0.0,2.0,1.0,1.0,B01
201400011050,0,1,0,0.0,2.0,0.0,0.0,B01
201400011050,0,13,0,0.0,9.0,8.0,22.0,A01
201400011051,0,7,0,0.0,2.0,3.0,15.0,A01
201400011051,0,2,0,0.0,2.0,1.0,17.0,B01
201400011052,0,31,0,0.0,2.0,7.0,17.0,B01
201400011052,0,7,0,0.0,2.0,3.0,0.0,A01
201400011053,0,7,0,0.0,2.0,3.0,1.0,B01
201400011053,0,7,0,0.0,2.0,1.0,1.0,A01
201400011054,0,33,0,0.0,2.0,1.0,17.0,A01
201400011054,0,7,0,0.0,2.0,3.0,15.0,B01
201400011055,0,7,0,0.0,2.0,1.0,15.0,B01
201400011055,0,33,0,0.0,2.0,7.0,0.0,A01
201400011056,0,7,0,6.0,0.0,1.0,14.0,A01
201400011057,0,1,0,0.0,2.0,8.0,1.0,B01
201400011057,0,7,0,0.0,2.0,2.0,16.0,A01
201400011058,0,10,0,0.0,2.0,3.0,15.0,A01
201400011058,0,30,0,0.0,2.0,1.0,1.0,B01
201400011059,0,7,0,0.0,2.0,0.0,0.0,A01
201400011059,0,1,0,0.0,2.0,1.0,1.0,B01
201400011060,0,2,0,1.0,1.0,1.0,14.0,A01
201400011061,0,7,0,0.0,2.0,1.0,1.0,D01
201400011061,0,7,0,0.0,2.0,4.0,1.0,A01
201400011061,0,7,0,0.0,2.0,4.0,1.0,C01
201400011061,0,7,0,0.0,2.0,4.0,1.0,B01
201400011062,0,33,0,0.0,2.0,1.0,1.0,B01
201400011062,0,7,0,0.0,2.0,8.0,9.0,A01
201400011063,0,7,0,0.0,2.0,1.0,15.0,A01
201400011063,0,32,0,0.0,2.0,7.0,1.0,B01
201400011064,0,7,0,0.0,2.0,5.0,1.0,C01
201400011064,0,31,0,0.0,2.0,1.0,1.0,B01
201400011064,0,2,0,0.0,2.0,1.0,9.0,A01
201400011065,0,7,0,0.0,2.0,8.0,1.0,A01
201400011065,0,32,0,0.0,2.0,1.0,1.0,B01
201400011066,0,31,0,0.0,2.0,2.0,2.0,B01
201400011066,0,32,0,12.0,2.0,7.0,2.0,A01
201400011067,1,7,0,0.0,1.0,1.0,15.0,A01
201400011068,0,3,0,1.0,0.0,2.0,14.0,A01
201400011069,0,33,0,0.0,2.0,1.0,1.0,A01
201400011069,0,38,1,0.0,2.0,5.0,23.0,B01
201400011070,0,7,0,0.0,2.0,8.0,22.0,A01
201400011070,0,1,0,1.0,0.0,1.0,1.0,B01
201400011071,0,31,0,0.0,2.0,3.0,7.0,A01
201400011071,0,33,0,0.0,2.0,1.0,16.0,B01
201400011072,0,2,0,0.0,2.0,1.0,1.0,B01
201400011072,0,7,0,0.0,2.0,7.0,1.0,A01
201400011073,0,10,0,0.0,1.0,2.0,1.0,A01
201400011074,0,7,0,0.0,2.0,0.0,15.0,A01
201400011074,0,2,0,0.0,2.0,1.0,1.0,B01
201400011075,0,7,0,0.0,2.0,4.0,1.0,B01
201400011075,0,7,0,0.0,2.0,4.0,1.0,C01
201400011075,1,7,0,0.0,2.0,1.0,1.0,A01
201400011076,0,2,0,0.0,2.0,1.0,1.0,B01
201400011076,0,7,0,0.0,2.0,2.0,16.0,A01
201400011077,0,2,0,0.0,1.0,1.0,17.0,A01
201400011078,0,33,0,0.0,2.0,2.0,1.0,B01
201400011078,0,7,0,0.0,2.0,1.0,19.0,A01
201400011079,0,10,0,0.0,1.0,3.0,15.0,A01
201400011080,0,7,0,0.0,2.0,3.0,1.0,B01
201400011080,0,7,0,0.0,2.0,2.0,1.0,A01
201400011081,0,33,0,0.0,2.0,1.0,17.0,B01
201400011081,0,10,0,0.0,2.0,4.0,10.0,A01
201400011082,0,7,0,0.0,1.0,1.0,9.0,A01
201400011083,0,7,0,6.0,2.0,9.0,17.0,A01
201400011083,0,7,0,0.0,2.0,3.0,1.0,C01
201400011083,0,37,1,0.0,2.0,3.0,1.0,B01
201400011084,0,7,0,0.0,2.0,8.0,1.0,B01
201400011084,0,2,0,0.0,2.0,8.0,13.0,A01
201400011085,0,2,0,0.0,2.0,0.0,0.0,A01
201400011085,0,7,0,0.0,0.0,0.0,0.0,B01
201400011086,0,32,0,0.0,2.0,3.0,1.0,B01
201400011086,0,7,0,0.0,2.0,0.0,10.0,A01
201400011087,0,32,0,0.0,2.0,1.0,2.0,A01
201400011087,0,7,0,0.0,2.0,3.0,9.0,B01
201400011088,0,32,0,0.0,2.0,1.0,0.0,A01
201400011088,0,7,0,0.0,2.0,4.0,1.0,B01
201400011089,0,7,0,0.0,2.0,3.0,11.0,A01
201400011089,0,33,0,0.0,2.0,7.0,1.0,B01
201400011090,0,7,0,0.0,2.0,1.0,1.0,D01
201400011090,0,7,0,0.0,2.0,1.0,5.0,A01
201400011090,0,7,0,0.0,2.0,1.0,1.0,B01
201400011090,0,7,0,0.0,2.0,1.0,1.0,C01
201400011091,0,33,0,1.0,0.0,1.0,0.0,A01
201400011092,0,40,1,0.0,1.0,7.0,1.0,A01
201400011093,0,7,0,0.0,2.0,3.0,15.0,A01
201400011093,0,32,0,0.0,2.0,1.0,1.0,B01
201400011094,0,7,0,0.0,2.0,7.0,1.0,B01
201400011094,0,2,0,8.0,2.0,9.0,9.0,A01
201400011095,0,32,0,0.0,2.0,4.0,2.0,B01
201400011095,0,7,0,0.0,2.0,1.0,2.0,A01
201400011096,0,10,0,0.0,2.0,1.0,1.0,B01
201400011096,0,30,0,0.0,2.0,1.0,1.0,A01
201400011097,0,31,0,0.0,1.0,1.0,1.0,A01
201400011098,0,7,0,0.0,2.0,1.0,1.0,A01
201400011098,0,32,0,0.0,2.0,1.0,1.0,B01
201400011099,0,7,0,0.0,1.0,2.0,1.0,A01
201400011100,0,2,0,0.0,2.0,3.0,1.0,B01
201400011100,0,7,0,0.0,2.0,2.0,14.0,A01
201400011101,0,7,0,0.0,2.0,2.0,1.0,B01
201400011101,0,32,0,0.0,2.0,8.0,0.0,A01
201400011102,0,7,0,0.0,2.0,1.0,1.0,A01
201400011102,0,2,0,0.0,0.0,0.0,1.0,B01
201400011103,0,7,0,0.0,2.0,7.0,1.0,A01
201400011103,0,7,0,0.0,2.0,1.0,1.0,B01
201400011104,0,33,0,0.0,2.0,1.0,1.0,A01
201400011104,0,7,0,0.0,2.0,4.0,1.0,B01
201400011105,0,7,0,0.0,2.0,3.0,1.0,A01
201400011105,0,33,0,0.0,2.0,1.0,0.0,B01
201400011106,0,7,0,0.0,2.0,2.0,15.0,A01
201400011106,0,2,0,0.0,2.0,1.0,1.0,B01
201400011107,0,7,0,0.0,2.0,1.0,2.0,A01
201400011107,0,7,0,0.0,2.0,4.0,1.0,B01
201400011108,0,33,0,0.0,2.0,2.0,7.0,B01
201400011108,0,7,0,0.0,2.0,3.0,15.0,A01
201400011109,0,7,0,0.0,2.0,3.0,1.0,B01
201400011109,0,7,0,0.0,2.0,2.0,9.0,A01
201400011110,0,33,0,0.0,2.0,1.0,1.0,B01
201400011110,0,7,0,0.0,2.0,0.0,19.0,A01
201400011111,0,7,0,0.0,1.0,1.0,15.0,A01
201400011112,0,7,0,0.0,2.0,1.0,1.0,B01
201400011112,0,7,0,0.0,2.0,1.0,15.0,A01
201400011113,0,2,0,0.0,2.0,0.0,0.0,B01
201400011113,0,7,0,0.0,2.0,3.0,15.0,A01
201400011114,0,7,0,0.0,2.0,4.0,2.0,C01
201400011114,0,7,0,0.0,2.0,4.0,2.0,B01
201400011114,0,7,0,0.0,2.0,1.0,2.0,A01
201400011115,0,7,0,0.0,2.0,3.0,9.0,A01
201400011115,0,30,0,0.0,2.0,1.0,1.0,B01
201400011116,0,32,0,0.0,2.0,8.0,0.0,A01
201400011116,0,7,0,0.0,2.0,7.0,9.0,B01
201400011117,0,7,0,0.0,2.0,2.0,15.0,A01
201400011117,0,2,0,0.0,2.0,1.0,1.0,B01
201400011118,0,2,0,0.0,1.0,1.0,1.0,A01
201400011119,0,7,0,0.0,2.0,8.0,1.0,B01
201400011119,0,32,0,0.0,2.0,1.0,1.0,A01
201400011120,0,10,0,0.0,1.0,0.0,1.0,A01
201400011121,0,7,0,0.0,1.0,4.0,4.0,A01
201400011122,0,7,0,0.0,2.0,3.0,9.0,A01
201400011122,0,7,0,0.0,2.0,7.0,1.0,B01
201400011123,0,10,0,0.0,1.0,1.0,16.0,A01
201400011124,0,2,0,0.0,2.0,1.0,15.0,A01
201400011124,0,31,0,0.0,2.0,1.0,1.0,B01
201400011125,1,10,0,0.0,2.0,1.0,1.0,Z01
201400011125,0,31,0,0.0,2.0,4.0,2.0,B01
201400011125,0,31,0,0.0,2.0,4.0,1.0,A01
201400011126,0,7,0,0.0,2.0,2.0,1.0,A01
201400011126,0,2,0,0.0,2.0,4.0,11.0,B01
201400011127,0,7,0,0.0,2.0,7.0,1.0,A01
201400011127,0,33,0,0.0,2.0,1.0,1.0,B01
201400011128,0,10,0,0.0,2.0,1.0,1.0,B01
201400011128,0,7,0,0.0,2.0,2.0,1.0,A01
201400011129,0,7,0,0.0,2.0,7.0,15.0,A01
201400011129,0,33,0,0.0,2.0,1.0,1.0,B01
201400011130,0,31,0,0.0,2.0,1.0,1.0,B01
201400011130,0,7,0,0.0,2.0,8.0,9.0,A01
201400011131,0,7,0,0.0,2.0,1.0,13.0,A01
201400011131,0,31,0,0.0,2.0,1.0,1.0,B01
201400011132,0,7,0,0.0,4.0,1.0,19.0,A01
201400011132,0,40,2,0.0,2.0,3.0,1.0,B01
201400011133,0,7,0,0.0,1.0,1.0,1.0,A01
201400011134,0,7,0,1.0,0.0,1.0,14.0,A01
201400011135,0,2,0,0.0,1.0,2.0,0.0,A01
201400011136,0,7,0,0.0,2.0,7.0,1.0,A01
201400011136,0,7,0,8.0,2.0,3.0,1.0,B01
201400011137,0,31,0,0.0,2.0,7.0,1.0,B01
201400011137,0,7,0,0.0,2.0,3.0,11.0,A01
201400011138,0,33,0,0.0,2.0,8.0,1.0,B01
201400011138,0,7,0,0.0,2.0,1.0,15.0,A01
201400011139,0,2,0,0.0,1.0,1.0,1.0,A01
201400011140,0,31,0,0.0,2.0,1.0,2.0,A01
201400011140,0,10,0,0.0,2.0,6.0,1.0,B01
201400011141,0,10,0,0.0,2.0,5.0,20.0,A01
201400011141,0,2,0,0.0,2.0,1.0,1.0,C01
201400011141,0,7,0,0.0,2.0,1.0,21.0,B01
201400011142,0,2,0,9.0,0.0,1.0,1.0,A01
201400011143,0,31,0,0.0,1.0,1.0,1.0,A01
201400011144,0,7,0,0.0,2.0,3.0,1.0,A01
201400011144,0,31,0,0.0,2.0,1.0,1.0,B01
201400011145,0,32,0,0.0,2.0,2.0,1.0,A01
201400011145,0,7,0,0.0,2.0,4.0,1.0,B01
201400011146,0,10,0,0.0,1.0,1.0,15.0,A01
201400011147,0,7,0,0.0,2.0,5.0,15.0,A01
201400011147,0,33,0,0.0,2.0,1.0,1.0,B01
201400011148,0,1,0,0.0,2.0,0.0,9.0,B01
201400011148,0,7,0,0.0,2.0,1.0,1.0,A01
201400011149,0,32,0,0.0,2.0,7.0,0.0,A01
201400011149,0,33,0,0.0,2.0,8.0,0.0,B01
201400011150,0,34,0,0.0,2.0,0.0,1.0,B01
201400011150,0,31,0,0.0,2.0,0.0,15.0,A01
201400011151,0,7,0,0.0,2.0,4.0,2.0,B01
201400011151,0,2,0,0.0,2.0,1.0,2.0,A01
201400011152,0,2,0,0.0,2.0,8.0,9.0,A01
201400011152,0,32,0,0.0,0.0,0.0,1.0,B01
201400011153,0,31,0,0.0,2.0,7.0,1.0,B01
201400011153,0,7,0,0.0,2.0,3.0,10.0,A01
201400011154,0,2,0,1.0,2.0,1.0,18.0,B01
201400011154,0,7,0,0.0,2.0,7.0,1.0,C01
201400011154,0,7,0,0.0,2.0,8.0,23.0,A01
201400011155,0,7,0,0.0,2.0,1.0,1.0,A01
201400011155,0,1,0,0.0,2.0,6.0,0.0,B01
201400011156,0,10,0,0.0,2.0,1.0,2.0,A01
201400011156,0,7,0,0.0,2.0,4.0,2.0,B01
201400011157,0,2,0,0.0,2.0,1.0,1.0,B01
201400011157,0,7,0,0.0,2.0,3.0,15.0,A01
201400011158,0,32,0,0.0,2.0,1.0,5.0,A01
201400011158,0,10,0,0.0,2.0,1.0,1.0,B01
201400011159,0,33,0,0.0,2.0,1.0,1.0,B01
201400011159,0,10,0,0.0,2.0,4.0,4.0,A01
201400011160,0,7,0,0.0,2.0,1.0,1.0,B01
201400011160,0,7,0,0.0,2.0,8.0,15.0,A01
201400011161,0,7,0,1.0,0.0,1.0,14.0,A01
201400011162,0,10,0,0.0,2.0,1.0,0.0,B01
201400011162,0,10,0,0.0,2.0,1.0,0.0,A01
201400011163,0,10,0,0.0,2.0,7.0,0.0,A01
201400011163,0,31,0,0.0,2.0,8.0,1.0,B01
201400011164,0,32,0,0.0,2.0,0.0,0.0,B01
201400011164,0,7,0,0.0,2.0,1.0,0.0,A01
201400011165,0,31,0,0.0,2.0,3.0,9.0,A01
201400011165,0,7,0,0.0,2.0,8.0,1.0,B01
201400011166,0,7,0,0.0,2.0,7.0,15.0,A01
201400011166,0,31,0,0.0,2.0,1.0,1.0,B01
201400011167,0,33,0,7.0,0.0,1.0,1.0,A01
201400011168,0,31,0,0.0,2.0,1.0,1.0,B01
201400011168,0,7,0,0.0,2.0,1.0,9.0,A01
201400011169,0,7,0,0.0,2.0,2.0,0.0,B01
201400011169,0,2,0,0.0,2.0,3.0,1.0,A01
201400011170,0,33,0,0.0,2.0,4.0,1.0,B01
201400011170,0,2,0,0.0,2.0,1.0,1.0,A01
201400011171,0,7,0,0.0,1.0,8.0,1.0,A01
201400011172,0,31,0,1.0,2.0,1.0,1.0,B01
201400011172,0,7,0,0.0,2.0,5.0,12.0,A01
201400011173,0,7,0,0.0,1.0,1.0,1.0,A01
201400011174,0,31,0,0.0,2.0,1.0,1.0,B01
201400011174,0,7,0,0.0,2.0,2.0,10.0,A01
201400011175,0,7,0,0.0,2.0,0.0,2.0,A01
201400011175,0,10,0,0.0,2.0,2.0,14.0,B01
201400011176,0,7,0,0.0,2.0,1.0,1.0,B01
201400011176,0,7,0,0.0,2.0,2.0,1.0,A01
201400011177,0,7,0,0.0,2.0,8.0,1.0,B01
201400011177,0,2,0,0.0,2.0,1.0,12.0,A01
201400011178,0,7,0,0.0,2.0,8.0,22.0,A01
201400011178,0,7,0,0.0,2.0,7.0,0.0,C01
201400011178,0,2,0,0.0,2.0,0.0,0.0,B01
201400011179,0,30,0,0.0,2.0,1.0,18.0,B01
201400011179,0,7,0,0.0,2.0,2.0,16.0,A01
201400011180,0,31,0,1.0,2.0,1.0,1.0,B01
201400011180,0,7,0,0.0,2.0,3.0,22.0,A01
201400011180,0,7,0,0.0,2.0,7.0,2.0,C01
201400011181,0,32,0,0.0,2.0,1.0,1.0,B01
201400011181,0,30,0,0.0,2.0,1.0,1.0,A01
201400011182,0,40,1,0.0,1.0,7.0,1.0,A01
201400011183,0,32,0,0.0,2.0,0.0,1.0,B01
201400011183,0,32,0,0.0,2.0,0.0,1.0,A01
201400011183,0,7,0,0.0,2.0,4.0,1.0,C01
201400011184,0,7,0,0.0,2.0,4.0,1.0,B01
201400011184,0,10,0,0.0,2.0,1.0,1.0,A01
201400011185,0,2,0,0.0,1.0,1.0,1.0,A01
201400011186,0,33,0,0.0,1.0,1.0,1.0,A01
201400011187,0,7,0,0.0,2.0,3.0,0.0,A01
201400011187,0,32,0,0.0,2.0,1.0,1.0,B01
201400011188,0,31,0,0.0,2.0,0.0,0.0,A01
201400011188,0,10,0,0.0,2.0,0.0,15.0,B01
201400011189,0,7,0,0.0,2.0,0.0,0.0,B01
201400011189,0,2,0,0.0,2.0,0.0,0.0,A01
201400011190,0,14,0,0.0,2.0,3.0,1.0,B01
201400011190,0,7,0,0.0,2.0,7.0,9.0,A01
201400011191,0,7,0,0.0,2.0,7.0,22.0,B01
201400011191,0,34,0,1.0,0.0,3.0,1.0,A01
201400011192,0,7,0,0.0,2.0,4.0,23.0,B01
201400011192,1,7,0,0.0,2.0,4.0,4.0,A01
201400011193,0,32,0,1.0,0.0,0.0,14.0,A01
201400011194,0,7,0,0.0,2.0,1.0,0.0,B01
201400011194,0,31,0,3.0,2.0,1.0,0.0,A01
201400011195,0,7,0,1.0,0.0,9.0,1.0,A01
201400011196,0,7,0,0.0,2.0,3.0,20.0,C01
201400011196,0,7,0,0.0,2.0,1.0,2.0,A01
201400011196,0,31,0,0.0,2.0,4.0,1.0,B01
201400011197,0,7,0,0.0,2.0,1.0,1.0,B01
201400011197,0,2,0,0.0,2.0,1.0,1.0,A01
201400011198,0,2,0,0.0,2.0,5.0,1.0,B01
201400011198,0,7,0,0.0,2.0,5.0,4.0,A01
201400011199,0,31,0,0.0,1.0,1.0,1.0,B01
201400011199,0,10,0,0.0,2.0,3.0,15.0,A01
201400011200,0,7,0,0.0,2.0,7.0,16.0,B01
201400011200,0,34,0,0.0,2.0,3.0,0.0,A01
201400011201,0,7,0,0.0,2.0,1.0,0.0,A01
201400011201,0,7,0,0.0,2.0,1.0,1.0,B01
201400011202,0,7,0,0.0,2.0,3.0,15.0,A01
201400011202,0,31,0,0.0,2.0,1.0,17.0,B01
201400011203,0,33,0,1.0,0.0,9.0,1.0,A01
201400011203,0,7,0,0.0,2.0,1.0,0.0,B01
201400011204,0,10,0,0.0,2.0,4.0,2.0,B01
201400011204,0,33,0,0.0,2.0,1.0,1.0,A01
201400011205,0,7,0,0.0,2.0,3.0,23.0,B01
201400011205,0,33,0,0.0,2.0,1.0,17.0,A01
201400011206,0,1,0,0.0,2.0,1.0,1.0,B01
201400011206,0,1,0,0.0,2.0,1.0,13.0,A01
201400011207,0,10,0,0.0,0.0,0.0,1.0,B01
201400011207,0,2,0,0.0,0.0,1.0,2.0,A01
201400011208,0,37,17,0.0,2.0,3.0,7.0,B01
201400011208,0,7,0,0.0,2.0,5.0,12.0,A01
201400011209,0,7,0,0.0,1.0,7.0,1.0,A01
201400011210,0,7,0,3.0,0.0,1.0,1.0,A01
201400011211,0,7,0,0.0,2.0,1.0,15.0,A01
201400011211,0,7,0,0.0,2.0,1.0,1.0,B01
201400011212,0,7,0,0.0,2.0,4.0,1.0,C01
201400011212,0,7,0,0.0,2.0,1.0,2.0,A01
201400011212,0,7,0,0.0,2.0,4.0,2.0,B01
201400011213,0,7,0,0.0,2.0,6.0,23.0,C01
201400011213,0,7,0,0.0,2.0,4.0,23.0,D01
201400011213,0,7,0,14.0,2.0,1.0,1.0,A01
201400011213,0,10,0,14.0,2.0,4.0,2.0,B01
201400011214,0,33,0,0.0,2.0,8.0,1.0,B01
201400011214,0,10,0,7.0,2.0,4.0,4.0,A01
201400011215,0,7,0,0.0,2.0,5.0,1.0,B01
201400011215,0,2,0,0.0,2.0,1.0,2.0,A01
201400011216,0,33,0,0.0,2.0,1.0,1.0,B01
201400011216,0,7,0,0.0,2.0,2.0,1.0,A01
201400011217,0,7,0,0.0,2.0,4.0,23.0,B01
201400011217,0,32,0,0.0,2.0,1.0,1.0,A01
201400011218,0,7,0,0.0,4.0,2.0,15.0,A01
201400011218,0,33,0,0.0,2.0,1.0,1.0,B01
201400011219,0,33,0,1.0,2.0,1.0,21.0,B01
201400011219,0,1,0,0.0,2.0,1.0,5.0,A01
201400011220,0,31,0,0.0,2.0,4.0,2.0,B01
201400011220,0,7,0,0.0,2.0,1.0,2.0,A01
201400011221,0,7,0,0.0,2.0,7.0,15.0,B01
201400011221,0,31,0,0.0,2.0,1.0,1.0,A01
201400011222,0,1,0,0.0,2.0,1.0,1.0,A01
201400011222,0,7,0,0.0,2.0,1.0,1.0,B01
201400011223,0,7,0,0.0,2.0,2.0,1.0,A01
201400011223,0,37,1,0.0,2.0,2.0,1.0,B01
201400011224,0,32,0,0.0,1.0,1.0,1.0,A01
201400011225,0,2,0,0.0,1.0,1.0,1.0,A01
201400011226,0,33,0,0.0,2.0,1.0,1.0,A01
201400011226,0,7,0,0.0,2.0,4.0,1.0,B01
201400011227,0,10,0,3.0,0.0,1.0,19.0,A01
201400011228,0,7,0,0.0,2.0,1.0,15.0,A01
201400011228,0,33,0,0.0,2.0,8.0,1.0,B01
201400011229,0,7,0,1.0,1.0,3.0,0.0,A01
201400011230,0,7,0,8.0,1.0,1.0,0.0,A01
201400011231,0,40,2,0.0,1.0,2.0,1.0,A01
201400011232,0,10,0,0.0,2.0,1.0,2.0,A01
201400011232,0,7,0,0.0,2.0,4.0,2.0,C01
201400011232,0,7,0,0.0,2.0,4.0,2.0,B01
201400011233,0,7,0,0.0,2.0,8.0,1.0,B01
201400011233,0,33,0,0.0,2.0,1.0,1.0,A01
201400011234,0,7,0,0.0,1.0,1.0,1.0,A01
201400011235,0,33,0,0.0,2.0,2.0,1.0,B01
201400011235,0,7,0,0.0,2.0,7.0,16.0,A01
201400011236,0,7,0,0.0,2.0,7.0,14.0,B01
201400011236,0,33,0,0.0,2.0,8.0,1.0,A01
201400011237,0,7,0,0.0,1.0,3.0,1.0,A01
201400011238,0,10,0,0.0,1.0,2.0,1.0,A01
201400011239,0,31,0,0.0,1.0,1.0,1.0,A01
201400011240,0,7,0,0.0,2.0,2.0,15.0,A01
201400011240,0,32,0,0.0,2.0,1.0,1.0,B01
201400011241,0,33,0,0.0,2.0,8.0,1.0,B01
201400011241,0,7,0,0.0,2.0,1.0,1.0,A01
201400011242,0,37,10,15.0,1.0,2.0,0.0,A01
201400011243,0,3,0,0.0,2.0,3.0,9.0,A01
201400011243,0,34,0,0.0,2.0,1.0,1.0,B01
201400011244,0,7,0,0.0,2.0,2.0,1.0,A01
201400011244,0,34,0,0.0,2.0,8.0,1.0,B01
201400011245,0,7,0,0.0,2.0,3.0,13.0,A01
201400011245,0,7,0,0.0,2.0,3.0,1.0,B01
201400011246,0,99,0,0.0,0.0,0.0,1.0,A01
201400011246,0,34,0,0.0,0.0,0.0,0.0,B01
201400011247,0,7,0,0.0,1.0,2.0,16.0,A01
201400011248,0,7,0,1.0,2.0,1.0,13.0,A01
201400011248,0,7,0,0.0,2.0,1.0,1.0,B01
201400011249,0,2,0,0.0,2.0,1.0,18.0,A01
201400011249,0,7,0,0.0,2.0,7.0,16.0,B01
201400011250,0,7,0,0.0,2.0,0.0,1.0,B01
201400011250,0,31,0,0.0,2.0,1.0,1.0,A01
201400011251,0,7,0,0.0,1.0,4.0,4.0,A01
201400011252,0,30,0,0.0,2.0,1.0,15.0,A01
201400011252,0,33,0,0.0,2.0,1.0,1.0,B01
201400011253,0,7,0,0.0,2.0,5.0,1.0,B01
201400011253,0,33,0,0.0,2.0,1.0,12.0,A01
201400011254,0,7,0,0.0,2.0,7.0,11.0,A01
201400011254,0,30,0,0.0,2.0,1.0,1.0,B01
201400011255,0,31,0,0.0,2.0,1.0,5.0,B01
201400011255,0,10,0,0.0,2.0,1.0,15.0,A01
201400011256,0,1,0,0.0,2.0,8.0,1.0,B01
201400011256,0,7,0,0.0,2.0,7.0,17.0,A01
201400011257,0,7,0,0.0,2.0,2.0,15.0,B01
201400011257,0,30,0,0.0,2.0,1.0,1.0,A01
201400011258,0,7,0,0.0,1.0,3.0,1.0,A01
201400011259,0,31,0,0.0,2.0,1.0,1.0,B01
201400011259,0,7,0,0.0,2.0,2.0,15.0,A01
201400011260,0,7,0,2.0,0.0,2.0,0.0,A01
201400011261,0,10,0,0.0,2.0,4.0,1.0,B01
201400011261,0,2,0,0.0,2.0,1.0,1.0,A01
201400011262,0,7,0,0.0,1.0,1.0,0.0,A01
201400011263,0,14,0,0.0,1.0,0.0,0.0,A01
201400011264,0,7,0,0.0,2.0,3.0,2.0,B01
201400011264,0,7,0,0.0,2.0,1.0,1.0,A01
201400011265,0,7,0,0.0,2.0,8.0,10.0,A01
201400011265,0,30,0,0.0,2.0,1.0,1.0,B01
201400011266,0,33,0,0.0,2.0,1.0,13.0,A01
201400011266,0,10,0,0.0,2.0,3.0,1.0,B01
201400011267,0,7,0,0.0,2.0,4.0,2.0,C01
201400011267,0,10,0,0.0,2.0,1.0,1.0,A01
201400011267,0,7,0,1.0,2.0,4.0,2.0,B01
201400011268,0,7,0,0.0,1.0,1.0,1.0,A01
201400011269,0,7,0,0.0,1.0,1.0,1.0,A01
201400011270,0,2,0,0.0,1.0,1.0,1.0,A01
201400011271,0,7,0,4.0,0.0,8.0,1.0,A01
201400011272,0,7,0,0.0,2.0,1.0,1.0,B01
201400011272,0,1,0,0.0,2.0,0.0,19.0,A01
201400011273,2,32,0,0.0,2.0,0.0,1.0,B01
201400011273,0,33,0,0.0,2.0,8.0,1.0,A01
201400011274,0,31,0,0.0,2.0,0.0,1.0,B01
201400011274,0,7,0,0.0,2.0,0.0,1.0,A01
201400011275,0,7,0,0.0,2.0,4.0,1.0,B01
201400011275,0,2,0,0.0,2.0,1.0,2.0,A01
201400011276,0,7,0,0.0,2.0,1.0,1.0,A01
201400011276,0,30,0,0.0,2.0,1.0,1.0,B01
201400011277,0,7,0,0.0,1.0,3.0,1.0,A01
201400011278,0,31,0,14.0,2.0,1.0,2.0,B01
201400011278,0,33,0,13.0,2.0,1.0,1.0,A01
201400011279,0,7,0,0.0,2.0,1.0,15.0,A01
201400011279,0,33,0,0.0,2.0,1.0,1.0,B01
201400011280,0,2,0,0.0,1.0,1.0,17.0,A01
201400011281,0,7,0,0.0,2.0,6.0,9.0,A01
201400011281,0,33,0,0.0,2.0,1.0,1.0,B01
201400011282,0,33,0,5.0,0.0,0.0,1.0,A01
201400011283,0,31,0,0.0,2.0,1.0,1.0,B01
201400011283,0,7,0,0.0,2.0,1.0,1.0,A01
201400011284,0,7,0,0.0,1.0,1.0,1.0,A01
201400011285,0,7,0,0.0,2.0,8.0,15.0,A01
201400011285,0,2,0,0.0,2.0,1.0,17.0,B01