Num_Acc,senc,catv,occutc,obs,obsm,choc,manv,num_veh
201400011286,0,7,0,0.0,2.0,3.0,1.0,B01
201400011286,0,7,0,0.0,2.0,1.0,1.0,A01
201400011287,0,7,0,0.0,2.0,3.0,15.0,A01
201400011287,0,37,10,0.0,2.0,7.0,1.0,B01
201400011288,0,2,0,0.0,2.0,4.0,1.0,B01
201400011288,0,7,0,0.0,2.0,1.0,1.0,A01
201400011289,0,7,0,0.0,1.0,1.0,1.0,A01
201400011290,0,7,0,0.0,2.0,8.0,9.0,A01
201400011290,0,33,0,0.0,2.0,7.0,1.0,B01
201400011291,0,7,0,0.0,1.0,3.0,1.0,A01
201400011292,0,37,1,0.0,1.0,0.0,1.0,A01
201400011293,0,10,0,0.0,1.0,1.0,15.0,A01
201400011294,0,33,0,0.0,2.0,7.0,17.0,A01
201400011294,0,7,0,0.0,2.0,3.0,15.0,B01
201400011295,0,7,0,0.0,2.0,1.0,2.0,A01
201400011295,0,7,0,0.0,2.0,4.0,23.0,B01
201400011296,0,33,0,1.0,0.0,0.0,13.0,A01
201400011297,0,31,0,0.0,2.0,0.0,1.0,A01
201400011297,0,7,0,0.0,2.0,4.0,1.0,B01
201400011298,0,7,0,0.0,2.0,7.0,15.0,A01
201400011298,0,33,0,0.0,2.0,9.0,1.0,B01
201400011298,0,7,0,0.0,2.0,7.0,0.0,C01
201400011299,0,7,0,0.0,2.0,3.0,11.0,A01
201400011299,0,7,0,0.0,2.0,5.0,23.0,B01
201400011300,0,31,0,0.0,0.0,2.0,1.0,A01
201400011301,1,7,0,0.0,2.0,0.0,15.0,A01
201400011301,0,2,0,0.0,2.0,1.0,1.0,B01
201400011302,0,7,0,0.0,2.0,1.0,1.0,A01
201400011302,0,2,0,0.0,2.0,3.0,0.0,B01
201400011303,0,2,0,0.0,2.0,0.0,1.0,B01
201400011303,1,7,0,0.0,2.0,0.0,16.0,A01
201400011304,0,7,0,0.0,2.0,3.0,15.0,A01
201400011304,0,31,0,0.0,2.0,1.0,1.0,B01
201400011305,0,7,0,0.0,1.0,1.0,15.0,A01
201400011306,0,7,0,0.0,2.0,2.0,1.0,B01
201400011306,2,7,0,1.0,2.0,1.0,1.0,A02
201400011307,0,2,0,0.0,2.0,1.0,5.0,A01
201400011307,0,7,0,0.0,2.0,1.0,1.0,B01
201400011308,0,2,0,1.0,0.0,1.0,1.0,B01
201400011309,0,2,0,0.0,1.0,1.0,17.0,A01
201400011310,0,7,0,0.0,2.0,3.0,0.0,A01
201400011310,0,38,1,0.0,2.0,3.0,1.0,B01
201400011311,0,7,0,0.0,1.0,1.0,1.0,A01
201400011312,0,7,0,0.0,2.0,1.0,1.0,A01
201400011312,0,7,0,7.0,2.0,8.0,7.0,B01
201400011313,0,7,0,0.0,2.0,3.0,13.0,A01
201400011313,0,31,0,0.0,2.0,9.0,1.0,B01
201400011314,0,2,0,0.0,2.0,9.0,1.0,B01
201400011314,0,33,0,0.0,2.0,3.0,1.0,A01
201400011315,0,7,0,0.0,2.0,5.0,1.0,A01
201400011315,0,7,0,0.0,2.0,1.0,1.0,B01
201400011316,0,7,0,0.0,2.0,3.0,1.0,B01
201400011316,0,7,0,0.0,2.0,2.0,15.0,A01
201400011317,0,32,0,0.0,2.0,0.0,1.0,A01
201400011317,0,7,0,0.0,2.0,5.0,1.0,B01
201400011318,0,7,0,0.0,2.0,6.0,1.0,B01
201400011318,0,32,0,0.0,2.0,1.0,21.0,A01
201400011319,0,7,0,0.0,2.0,2.0,15.0,A01
201400011319,0,33,0,0.0,2.0,1.0,21.0,B01
201400011320,0,33,0,0.0,2.0,1.0,1.0,A01
201400011320,0,7,0,0.0,2.0,4.0,2.0,B01
201400011321,0,7,0,0.0,2.0,8.0,10.0,A01
201400011321,0,31,0,0.0,2.0,1.0,21.0,B01
201400011322,0,7,0,0.0,1.0,2.0,16.0,A01
201400011323,0,7,0,0.0,2.0,5.0,1.0,B01
201400011323,0,2,0,0.0,2.0,1.0,9.0,A01
201400011324,0,7,0,0.0,2.0,4.0,4.0,A01
201400011324,0,31,0,0.0,2.0,8.0,15.0,B01
201400011325,0,31,0,0.0,2.0,1.0,1.0,B01
201400011325,0,7,0,0.0,2.0,4.0,1.0,A01
201400011326,0,7,0,0.0,2.0,6.0,1.0,B01
201400011326,0,31,0,0.0,2.0,1.0,1.0,A01
201400011327,0,14,0,0.0,2.0,1.0,1.0,A01
201400011327,0,10,0,0.0,2.0,4.0,1.0,C01
201400011327,0,2,0,0.0,2.0,4.0,1.0,D01
201400011327,0,7,0,0.0,2.0,4.0,1.0,B01
201400011328,0,7,0,0.0,2.0,2.0,16.0,B01
201400011328,0,2,0,0.0,2.0,7.0,1.0,A01
201400011329,0,7,0,0.0,1.0,2.0,1.0,A01
201400011330,0,7,0,0.0,1.0,1.0,1.0,A01
201400011331,0,7,0,0.0,2.0,1.0,9.0,A01
201400011331,0,33,0,0.0,2.0,1.0,1.0,B01
201400011332,0,10,0,0.0,2.0,4.0,2.0,B01
201400011332,0,31,0,0.0,2.0,1.0,1.0,A01
201400011333,0,7,0,0.0,2.0,1.0,1.0,A01
201400011333,0,32,0,0.0,2.0,7.0,1.0,B01
201400011334,0,7,0,0.0,2.0,1.0,1.0,A01
201400011334,0,2,0,0.0,2.0,4.0,2.0,B01
201400011335,0,30,0,0.0,2.0,1.0,1.0,B01
201400011335,0,7,0,0.0,2.0,1.0,15.0,A01
201400011336,0,33,0,0.0,1.0,1.0,17.0,A01
201400011337,0,34,0,0.0,1.0,1.0,1.0,A01
201400011338,0,7,0,0.0,2.0,1.0,1.0,B01
201400011338,0,34,0,0.0,2.0,1.0,1.0,A01
201400011339,0,7,0,0.0,1.0,1.0,1.0,A01
201400011340,0,7,0,0.0,2.0,8.0,1.0,A01
201400011340,0,33,0,0.0,2.0,1.0,1.0,B01
201400011341,0,7,0,1.0,2.0,4.0,24.0,B01
201400011341,0,7,0,1.0,0.0,1.0,1.0,A01
201400011342,0,7,0,0.0,1.0,1.0,1.0,A01
201400011343,0,7,0,0.0,2.0,2.0,9.0,A01
201400011343,0,31,0,1.0,2.0,1.0,17.0,B01
201400011344,0,7,0,0.0,2.0,4.0,2.0,B01
201400011344,0,7,0,0.0,2.0,1.0,2.0,A01
201400011344,0,7,0,0.0,2.0,4.0,2.0,C01
201400011345,0,15,0,0.0,2.0,7.0,1.0,B01
201400011345,0,33,0,0.0,2.0,4.0,2.0,A01
201400011346,0,13,0,0.0,2.0,2.0,15.0,B01
201400011346,0,7,0,0.0,2.0,8.0,15.0,A01
201400011347,0,30,0,0.0,2.0,1.0,1.0,B01
201400011347,0,7,0,0.0,2.0,3.0,15.0,A01
201400011348,0,7,0,0.0,2.0,2.0,20.0,A01
201400011348,0,31,0,0.0,2.0,1.0,1.0,B01
201400011349,0,32,0,0.0,1.0,1.0,1.0,A01
201400011350,0,15,0,0.0,1.0,4.0,0.0,A01
201400011351,0,7,0,0.0,2.0,7.0,15.0,A01
201400011351,0,10,0,0.0,2.0,1.0,1.0,B01
201400011352,0,13,0,0.0,2.0,1.0,1.0,A01
201400011352,0,7,0,0.0,2.0,4.0,2.0,B01
201400011353,0,7,0,0.0,2.0,4.0,1.0,C01
201400011353,0,7,0,0.0,2.0,1.0,1.0,A01
201400011353,0,7,0,0.0,2.0,4.0,1.0,B01
201400011354,0,33,0,1.0,9.0,1.0,14.0,A01
201400011355,0,7,0,0.0,1.0,0.0,0.0,A01
201400011356,0,7,0,0.0,2.0,1.0,1.0,A01
201400011356,0,32,0,0.0,2.0,7.0,1.0,B01
201400011357,0,1,0,0.0,2.0,0.0,1.0,B01
201400011357,0,7,0,0.0,2.0,2.0,9.0,A01
201400011358,0,7,0,0.0,2.0,2.0,15.0,A01
201400011358,0,31,0,0.0,2.0,1.0,1.0,B01
201400011359,0,7,0,0.0,2.0,6.0,0.0,B01
201400011359,0,30,0,0.0,1.0,1.0,3.0,A01
201400011360,0,7,0,1.0,2.0,7.0,20.0,B01
201400011360,0,7,0,0.0,2.0,5.0,24.0,C01
201400011360,0,30,0,0.0,2.0,1.0,5.0,A01
201400011361,0,33,0,0.0,1.0,1.0,1.0,A01
201400011362,0,10,0,0.0,1.0,4.0,4.0,A01
201400011363,0,7,0,0.0,2.0,1.0,1.0,B01
201400011363,0,7,0,0.0,2.0,8.0,19.0,A01
201400011364,1,7,0,0.0,1.0,1.0,1.0,Z01
201400011365,0,7,0,0.0,1.0,1.0,1.0,A01
201400011366,0,7,0,0.0,2.0,4.0,1.0,A01
201400011366,0,7,0,0.0,2.0,4.0,2.0,C01
201400011366,0,7,0,0.0,2.0,1.0,2.0,D01
201400011366,0,7,0,0.0,2.0,4.0,1.0,B01
201400011367,0,33,0,0.0,2.0,9.0,1.0,B01
201400011367,0,7,0,0.0,2.0,3.0,15.0,A01
201400011368,0,31,0,0.0,2.0,1.0,1.0,B01
201400011368,0,7,0,0.0,2.0,3.0,11.0,A01
201400011369,0,30,0,0.0,1.0,1.0,3.0,A01
201400011370,0,7,0,0.0,2.0,4.0,2.0,C01
201400011370,0,7,0,0.0,2.0,1.0,1.0,A01
201400011370,0,7,0,0.0,2.0,1.0,1.0,B01
201400011371,0,7,0,0.0,2.0,2.0,1.0,A01
201400011371,0,33,0,0.0,2.0,8.0,1.0,B01
201400011372,0,7,0,0.0,2.0,2.0,19.0,A01
201400011372,0,2,0,0.0,2.0,0.0,1.0,B01
201400011373,0,7,0,0.0,1.0,1.0,1.0,A01
201400011373,0,7,0,0.0,2.0,2.0,1.0,B01
201400011374,0,7,0,0.0,2.0,1.0,13.0,A01
201400011374,0,2,0,0.0,2.0,1.0,1.0,B01
201400011375,0,33,0,0.0,2.0,1.0,1.0,B01
201400011375,0,7,0,0.0,2.0,7.0,19.0,A01
201400011376,0,7,0,0.0,2.0,3.0,15.0,B01
201400011376,0,33,0,0.0,2.0,1.0,0.0,A01
201400011377,0,31,0,0.0,2.0,0.0,1.0,B01
201400011377,0,7,0,0.0,2.0,0.0,15.0,A01
201400011378,0,2,0,8.0,0.0,8.0,14.0,A01
201400011379,0,7,0,0.0,1.0,1.0,1.0,A01
201400011380,0,33,0,0.0,2.0,7.0,1.0,B01
201400011380,0,7,0,0.0,2.0,2.0,1.0,A01
201400011381,0,7,0,6.0,0.0,1.0,1.0,A01
201400011382,0,33,0,6.0,0.0,1.0,0.0,A01
201400011383,0,33,0,0.0,0.0,0.0,1.0,A01
201400011384,0,33,0,0.0,2.0,4.0,2.0,A01
201400011384,0,33,0,0.0,2.0,4.0,2.0,B01
201400011385,0,2,0,0.0,2.0,8.0,1.0,A01
201400011385,0,7,0,0.0,2.0,1.0,1.0,B01
201400011386,0,2,0,0.0,1.0,3.0,1.0,A01
201400011387,0,7,0,0.0,2.0,7.0,1.0,A01
201400011387,0,37,1,0.0,2.0,2.0,1.0,B01
201400011388,0,7,0,0.0,2.0,1.0,1.0,B01
201400011388,0,7,0,0.0,2.0,1.0,5.0,A01
201400011389,0,2,0,0.0,2.0,1.0,1.0,B01
201400011389,0,7,0,0.0,2.0,1.0,15.0,A01
201400011390,0,31,0,0.0,2.0,1.0,5.0,A01
201400011390,0,7,0,0.0,2.0,1.0,1.0,B01
201400011391,0,7,0,0.0,1.0,1.0,15.0,A01
201400011392,0,7,0,0.0,1.0,1.0,1.0,C01
201400011392,0,7,0,0.0,2.0,0.0,1.0,B01
201400011392,0,7,0,0.0,6.0,1.0,1.0,A01
201400011393,0,33,0,0.0,2.0,1.0,1.0,B01
201400011393,0,7,0,0.0,2.0,7.0,15.0,A01
201400011394,0,7,0,9.0,2.0,9.0,1.0,A01
201400011394,0,7,0,0.0,2.0,1.0,1.0,B01
201400011395,0,7,0,0.0,2.0,1.0,1.0,A01
201400011395,0,7,0,0.0,2.0,4.0,2.0,B01
201400011396,0,7,0,0.0,2.0,8.0,1.0,B01
201400011396,0,10,0,0.0,2.0,7.0,14.0,A01
201400011397,0,10,0,0.0,2.0,3.0,10.0,A01
201400011397,0,2,0,0.0,2.0,1.0,1.0,B01
201400011398,0,7,0,0.0,2.0,4.0,1.0,B01
201400011398,0,7,0,0.0,2.0,1.0,1.0,A01
201400011399,0,30,0,0.0,2.0,1.0,1.0,A01
201400011399,0,7,0,0.0,2.0,0.0,1.0,B01
201400011400,0,2,0,0.0,2.0,1.0,1.0,A01
201400011400,0,1,0,0.0,2.0,4.0,19.0,B01
201400011401,0,32,0,0.0,1.0,1.0,1.0,A01
201400011402,0,34,0,0.0,2.0,2.0,1.0,B01
201400011402,0,7,0,0.0,2.0,3.0,23.0,A01
201400011403,0,38,1,0.0,2.0,1.0,2.0,A01
201400011403,0,2,0,0.0,2.0,4.0,1.0,B01
201400011404,0,7,0,0.0,1.0,2.0,1.0,A01
201400011405,0,7,0,0.0,2.0,1.0,2.0,A01
201400011405,0,30,0,0.0,2.0,4.0,2.0,B01
201400011406,0,30,0,0.0,0.0,0.0,2.0,B01
201400011406,0,7,0,0.0,0.0,0.0,14.0,A01
201400011407,0,10,0,0.0,2.0,8.0,10.0,A01
201400011407,0,2,0,0.0,2.0,1.0,2.0,B01
201400011408,0,7,0,0.0,2.0,1.0,19.0,A01
201400011408,0,33,0,0.0,2.0,1.0,1.0,B01
201400011409,0,7,0,0.0,2.0,1.0,1.0,A01
201400011409,0,7,0,0.0,2.0,1.0,1.0,D01
201400011409,0,7,0,0.0,2.0,8.0,1.0,C01
201400011409,0,7,0,0.0,2.0,1.0,1.0,B01
201400011410,0,10,0,0.0,1.0,1.0,15.0,A01
201400011411,0,7,0,0.0,2.0,1.0,2.0,A01
201400011411,0,30,0,0.0,2.0,4.0,2.0,B01
201400011412,0,10,0,0.0,1.0,0.0,15.0,A01
201400011413,0,2,0,0.0,2.0,1.0,1.0,B01
201400011413,0,7,0,0.0,2.0,5.0,12.0,A01
201400011414,0,1,0,1.0,0.0,1.0,14.0,A01
201400011415,0,7,0,0.0,2.0,8.0,9.0,A01
201400011415,0,32,0,0.0,2.0,7.0,1.0,B01
201400011416,0,2,0,0.0,2.0,1.0,1.0,B01
201400011416,0,7,0,0.0,2.0,1.0,9.0,A01
201400011417,0,17,0,0.0,2.0,3.0,1.0,B01
201400011417,0,7,0,0.0,2.0,7.0,9.0,A01
201400011418,0,7,0,0.0,2.0,2.0,15.0,A01
201400011418,0,1,0,0.0,2.0,1.0,1.0,B01
201400011419,0,7,0,0.0,1.0,1.0,1.0,A01
201400011420,0,1,0,0.0,1.0,1.0,1.0,A01
201400011421,0,7,0,0.0,2.0,1.0,1.0,B01
201400011421,0,7,0,0.0,2.0,3.0,15.0,A01
201400011422,0,40,1,0.0,1.0,2.0,1.0,A01
201400011423,0,2,0,8.0,0.0,8.0,1.0,A01
201400011424,0,31,0,0.0,2.0,7.0,17.0,A01
201400011424,0,7,0,0.0,2.0,3.0,15.0,B01
201400011425,0,30,0,0.0,2.0,1.0,1.0,A01
201400011425,0,7,0,0.0,2.0,3.0,1.0,B01
201400011426,0,7,0,2.0,0.0,2.0,0.0,A01
201400011427,0,33,0,0.0,2.0,0.0,1.0,B01
201400011427,0,2,0,0.0,2.0,0.0,16.0,A01
201400011428,0,31,0,0.0,0.0,7.0,21.0,A01
201400011428,0,14,0,0.0,0.0,0.0,4.0,B01
201400011429,0,7,0,0.0,2.0,8.0,1.0,B01
201400011429,0,31,0,0.0,2.0,1.0,1.0,A01
201400011430,0,31,0,1.0,0.0,1.0,16.0,A01
201400011431,0,7,0,0.0,2.0,1.0,1.0,A01
201400011431,0,7,0,0.0,2.0,4.0,2.0,B01
201400011432,0,10,0,0.0,1.0,2.0,1.0,A01
201400011433,0,37,20,0.0,2.0,7.0,16.0,B01
201400011433,0,33,0,0.0,2.0,8.0,0.0,A01
201400011434,0,7,0,0.0,2.0,7.0,1.0,B01
201400011434,0,33,0,0.0,2.0,1.0,1.0,A01
201400011435,0,7,0,0.0,2.0,4.0,2.0,D01
201400011435,0,7,0,0.0,2.0,4.0,2.0,B01
201400011435,0,7,0,0.0,2.0,4.0,2.0,C01
201400011435,0,7,0,0.0,2.0,1.0,2.0,A01
201400011436,0,7,0,0.0,2.0,6.0,13.0,A01
201400011436,0,33,0,6.0,2.0,2.0,1.0,B01
201400011437,0,7,0,0.0,2.0,2.0,15.0,A01
201400011437,0,7,0,0.0,2.0,1.0,1.0,B01
201400011438,0,33,0,0.0,2.0,2.0,2.0,B01
201400011438,0,7,0,0.0,2.0,3.0,13.0,A01
201400011439,0,33,0,12.0,0.0,1.0,1.0,A01
201400011440,0,7,0,0.0,1.0,2.0,1.0,A01
201400011441,0,33,0,0.0,2.0,7.0,16.0,A01
201400011441,0,2,0,0.0,2.0,8.0,1.0,B01
201400011442,0,7,0,0.0,2.0,3.0,15.0,B01
201400011442,0,33,0,0.0,2.0,7.0,17.0,A01
201400011443,0,2,0,0.0,0.0,1.0,0.0,A01
201400011444,0,33,0,3.0,0.0,1.0,0.0,A01
201400011445,0,7,0,0.0,1.0,1.0,15.0,A01
201400011446,0,7,0,0.0,2.0,1.0,2.0,A01
201400011446,0,7,0,0.0,2.0,4.0,1.0,B01
201400011447,0,7,0,0.0,2.0,3.0,9.0,B01
201400011447,0,2,0,0.0,2.0,1.0,17.0,A01
201400011448,0,7,0,0.0,2.0,1.0,1.0,A01
201400011448,0,10,0,0.0,2.0,3.0,1.0,B01
201400011449,0,7,0,0.0,1.0,1.0,1.0,A01
201400011450,0,32,0,0.0,2.0,2.0,1.0,A01
201400011450,0,7,0,0.0,2.0,3.0,1.0,B01
201400011451,0,1,0,0.0,1.0,1.0,0.0,A01
201400011452,0,31,0,0.0,2.0,1.0,1.0,B01
201400011452,0,1,0,0.0,2.0,0.0,1.0,A01
201400011453,0,7,0,1.0,2.0,1.0,15.0,B01
201400011453,0,7,0,0.0,2.0,2.0,1.0,A01
201400011454,0,7,0,0.0,2.0,1.0,15.0,A01
201400011454,0,31,0,0.0,2.0,1.0,1.0,B01
201400011455,0,7,0,0.0,1.0,3.0,1.0,A01
201400011456,0,2,0,0.0,2.0,1.0,0.0,A01
201400011456,0,7,0,0.0,2.0,4.0,2.0,B01
201400011457,0,7,0,0.0,1.0,4.0,4.0,A01
201400011458,0,33,0,0.0,2.0,1.0,17.0,A01
201400011458,0,7,0,0.0,2.0,1.0,15.0,B01
201400011459,0,7,0,0.0,2.0,4.0,1.0,B01
201400011459,0,7,0,0.0,2.0,1.0,1.0,A01
201400011460,0,31,0,0.0,2.0,7.0,1.0,B01
201400011460,0,7,0,0.0,2.0,8.0,9.0,A01
201400011461,0,2,0,0.0,2.0,4.0,2.0,B01
201400011461,0,7,0,0.0,2.0,3.0,2.0,A01
201400011462,0,7,0,0.0,1.0,1.0,1.0,A01
201400011463,0,33,0,0.0,1.0,1.0,1.0,A01
201400011464,0,7,0,14.0,0.0,1.0,1.0,A01
201400011464,0,7,0,0.0,2.0,4.0,2.0,C01
201400011464,0,7,0,14.0,2.0,4.0,2.0,B01
201400011465,0,7,0,0.0,2.0,1.0,1.0,B01
201400011465,0,7,0,0.0,2.0,7.0,15.0,A01
201400011466,0,33,0,0.0,2.0,1.0,13.0,B01
201400011466,0,7,0,0.0,2.0,2.0,9.0,A01
201400011467,0,7,0,0.0,2.0,2.0,15.0,A01
201400011467,0,7,0,0.0,2.0,1.0,1.0,B01
201400011468,0,7,0,0.0,1.0,0.0,1.0,A01
201400011469,0,7,0,0.0,2.0,2.0,1.0,B01
201400011469,0,7,0,0.0,2.0,7.0,15.0,A01
201400011470,0,31,0,0.0,2.0,1.0,1.0,B01
201400011470,0,7,0,0.0,2.0,5.0,15.0,A01
201400011471,0,32,0,0.0,2.0,1.0,1.0,A01
201400011471,0,10,0,0.0,2.0,5.0,2.0,B01
201400011472,0,2,0,0.0,2.0,1.0,1.0,B01
201400011472,0,7,0,0.0,2.0,2.0,15.0,A01
201400011473,0,2,0,1.0,2.0,1.0,1.0,B01
201400011473,0,7,0,0.0,2.0,7.0,15.0,A01
201400011474,0,7,0,0.0,1.0,2.0,1.0,A01
201400011475,0,31,0,0.0,2.0,5.0,19.0,A01
201400011475,0,7,0,0.0,2.0,1.0,0.0,B01
201400011476,0,7,0,0.0,2.0,2.0,15.0,A01
201400011476,0,2,0,0.0,2.0,1.0,1.0,B01
201400011477,0,7,0,0.0,2.0,3.0,1.0,B01
201400011477,0,2,0,0.0,2.0,5.0,1.0,A01
201400011478,0,2,0,0.0,2.0,1.0,1.0,A01
201400011478,0,14,0,0.0,2.0,5.0,2.0,B01
201400011479,0,7,0,0.0,2.0,1.0,2.0,C01
201400011479,0,7,0,0.0,0.0,0.0,10.0,A01
201400011479,0,7,0,0.0,2.0,4.0,1.0,B01
201400011480,0,7,0,8.0,2.0,1.0,17.0,A01
201400011480,0,7,0,0.0,2.0,8.0,2.0,B01
201400011481,0,7,0,0.0,1.0,3.0,2.0,A01
201400011482,0,2,0,0.0,2.0,1.0,1.0,A01
201400011482,0,7,0,0.0,2.0,4.0,1.0,B01
201400011483,0,7,0,0.0,2.0,2.0,1.0,B01
201400011483,0,7,0,0.0,2.0,8.0,10.0,A01
201400011484,0,7,0,0.0,2.0,1.0,15.0,A01
201400011484,0,2,0,0.0,2.0,1.0,1.0,B01
201400011485,0,10,0,0.0,2.0,3.0,1.0,B01
201400011485,0,7,0,0.0,2.0,3.0,1.0,C01
201400011485,0,31,0,0.0,2.0,1.0,17.0,A01
201400011486,0,7,0,0.0,1.0,2.0,1.0,A01
201400011487,0,10,0,0.0,1.0,1.0,1.0,A01
201400011488,0,7,0,0.0,1.0,1.0,1.0,Z01
201400011489,0,10,0,0.0,1.0,2.0,1.0,A01
201400011490,0,7,0,1.0,0.0,2.0,1.0,A01
201400011491,0,10,0,0.0,2.0,1.0,1.0,A01
201400011491,0,7,0,0.0,2.0,1.0,1.0,B01
201400011492,0,10,0,0.0,2.0,4.0,23.0,B01
201400011492,0,32,0,0.0,2.0,1.0,2.0,A01
201400011493,0,7,0,14.0,2.0,4.0,2.0,B01
201400011493,0,7,0,0.0,2.0,4.0,2.0,D01
201400011493,0,7,0,14.0,0.0,1.0,1.0,A01
201400011493,0,7,0,0.0,2.0,1.0,1.0,C01
201400011494,0,2,0,0.0,1.0,1.0,1.0,A01
201400011495,0,2,0,0.0,2.0,1.0,1.0,B01
201400011495,0,7,0,0.0,2.0,3.0,0.0,A01
201400011496,0,2,0,0.0,2.0,1.0,1.0,B01
201400011496,0,33,0,0.0,2.0,1.0,3.0,A01
201400011497,0,2,0,0.0,2.0,1.0,2.0,A01
201400011497,0,7,0,0.0,2.0,6.0,2.0,B01
201400011498,0,34,0,0.0,1.0,3.0,1.0,A01
201400011499,0,7,0,0.0,2.0,7.0,15.0,A01
201400011499,0,7,0,0.0,2.0,1.0,1.0,B01
201400011500,0,7,0,0.0,1.0,2.0,0.0,A01
201400011501,0,30,0,0.0,2.0,1.0,0.0,A01
201400011501,0,7,0,0.0,2.0,2.0,15.0,B01
201400011502,0,2,0,0.0,0.0,8.0,1.0,A01
201400011503,0,2,0,0.0,2.0,1.0,1.0,A01
201400011503,0,7,0,0.0,2.0,7.0,15.0,B01
201400011504,0,7,0,0.0,1.0,2.0,1.0,A01
201400011505,0,2,0,0.0,1.0,1.0,1.0,A01
201400011506,0,7,0,0.0,1.0,1.0,1.0,A01
201400011507,0,32,0,0.0,2.0,1.0,1.0,B01
201400011507,0,7,0,0.0,2.0,3.0,9.0,A01
201400011508,0,2,0,0.0,1.0,3.0,0.0,A01
201400011509,0,2,0,0.0,2.0,1.0,1.0,B01
201400011509,0,7,0,0.0,2.0,7.0,15.0,A01
201400011510,0,7,0,0.0,2.0,2.0,1.0,B01
201400011510,0,33,0,0.0,2.0,3.0,15.0,A01
201400011511,0,13,0,0.0,2.0,3.0,15.0,A01
201400011511,0,2,0,0.0,2.0,1.0,1.0,B01
201400011512,0,7,0,7.0,0.0,1.0,13.0,A01
201400011513,0,31,0,0.0,2.0,1.0,1.0,B01
201400011513,0,7,0,0.0,2.0,5.0,15.0,A01
201400011514,0,34,0,0.0,2.0,1.0,18.0,A01
201400011514,0,7,0,0.0,2.0,2.0,16.0,B01
201400011515,0,32,0,0.0,1.0,1.0,1.0,A01
201400011516,0,32,0,0.0,0.0,4.0,2.0,C01
201400011516,0,7,0,0.0,2.0,5.0,3.0,A01
201400011516,0,7,0,0.0,2.0,2.0,1.0,B01
201400011516,0,7,0,0.0,2.0,4.0,2.0,D01
201400011517,0,7,0,0.0,2.0,1.0,1.0,B01
201400011517,0,30,0,0.0,2.0,2.0,15.0,A01
201400011518,0,2,0,1.0,2.0,1.0,17.0,B01
201400011518,0,7,0,0.0,2.0,8.0,17.0,A01
201400011519,0,2,0,0.0,1.0,1.0,1.0,A01
201400011520,0,31,0,0.0,2.0,4.0,2.0,B01
201400011520,0,7,0,0.0,2.0,1.0,1.0,A01
201400011521,0,7,0,0.0,1.0,7.0,1.0,A01
201400011522,0,7,0,0.0,1.0,7.0,1.0,A01
201400011523,0,7,0,0.0,1.0,4.0,4.0,A01
201400011524,0,7,0,0.0,2.0,1.0,1.0,B01
201400011524,0,7,0,0.0,2.0,1.0,5.0,A01
201400011525,0,7,0,0.0,1.0,2.0,15.0,A01
201400011526,0,7,0,0.0,1.0,3.0,15.0,A01
201400011527,0,10,0,0.0,2.0,1.0,2.0,A01
201400011527,0,7,0,3.0,2.0,4.0,2.0,B01
201400011528,0,7,0,0.0,2.0,7.0,2.0,B01
201400011528,0,2,0,0.0,2.0,8.0,13.0,A01
201400011529,0,2,0,0.0,2.0,1.0,1.0,A01
201400011529,0,7,0,0.0,2.0,1.0,1.0,B01
201400011530,0,2,0,0.0,2.0,2.0,2.0,A01
201400011530,0,7,0,0.0,0.0,6.0,23.0,B01
201400011531,0,7,0,0.0,2.0,8.0,17.0,A01
201400011531,0,31,0,0.0,2.0,1.0,1.0,B01
201400011532,0,7,0,15.0,0.0,2.0,1.0,A01
201400011533,0,33,0,0.0,2.0,1.0,1.0,B01
201400011533,0,7,0,0.0,2.0,1.0,15.0,A01
201400011534,0,7,0,0.0,2.0,3.0,5.0,A01
201400011534,0,17,0,0.0,2.0,3.0,1.0,B02
201400011535,0,31,0,0.0,2.0,1.0,1.0,A01
201400011535,0,7,0,0.0,2.0,6.0,19.0,B02
201400011536,0,33,0,4.0,0.0,7.0,2.0,A01
201400011537,0,33,0,0.0,2.0,7.0,21.0,B02
201400011537,0,7,0,0.0,2.0,2.0,15.0,A01
201400011538,0,33,0,0.0,9.0,0.0,2.0,A01
201400011539,0,7,0,13.0,0.0,1.0,1.0,A01
201400011540,0,33,0,0.0,2.0,7.0,1.0,A01
201400011540,0,37,0,0.0,2.0,2.0,15.0,B02
201400011541,0,7,0,14.0,2.0,1.0,21.0,A01
201400011541,0,14,0,0.0,2.0,3.0,1.0,C03
201400011541,0,7,0,0.0,2.0,6.0,23.0,B02
201400011542,0,40,0,0.0,2.0,3.0,1.0,A01
201400011542,0,30,0,0.0,0.0,1.0,1.0,B02
201400011543,0,7,0,0.0,2.0,3.0,13.0,A01
201400011543,0,7,0,0.0,2.0,3.0,1.0,B02
201400011544,0,7,0,0.0,1.0,3.0,1.0,A01
201400011545,0,7,0,13.0,0.0,9.0,1.0,A01
201400011546,0,7,0,6.0,0.0,1.0,0.0,A01
201400011547,0,7,0,0.0,1.0,2.0,1.0,A01
201400011548,0,7,0,0.0,2.0,7.0,19.0,A01
201400011548,0,7,0,0.0,2.0,1.0,1.0,B02
201400011549,0,10,0,0.0,2.0,4.0,23.0,B02
201400011549,0,33,0,0.0,2.0,1.0,2.0,A01
201400011550,0,7,0,2.0,0.0,1.0,19.0,A01
201400011551,0,7,0,6.0,0.0,1.0,13.0,A01
201400011552,0,1,0,0.0,0.0,0.0,1.0,B02