Num_Acc,senc,catv,occutc,obs,obsm,choc,manv,num_veh
201400011552,0,33,0,0.0,5.0,1.0,17.0,A01
201400011553,0,7,0,0.0,2.0,1.0,1.0,B02
201400011553,0,7,0,0.0,2.0,1.0,13.0,A01
201400011554,0,7,0,8.0,0.0,1.0,14.0,A01
201400011555,0,7,0,0.0,2.0,4.0,23.0,A01
201400011555,0,2,0,0.0,2.0,1.0,1.0,B02
201400011556,0,7,0,0.0,2.0,1.0,21.0,B02
201400011556,0,7,0,0.0,2.0,1.0,13.0,A01
201400011557,0,7,0,10.0,0.0,1.0,1.0,A01
201400011558,0,7,0,2.0,0.0,7.0,1.0,A01
201400011559,0,7,0,0.0,2.0,1.0,5.0,A01
201400011559,0,7,0,0.0,2.0,1.0,1.0,B02
201400011560,0,7,0,0.0,2.0,6.0,17.0,B02
201400011560,0,33,0,0.0,2.0,1.0,17.0,A01
201400011561,0,33,0,0.0,2.0,1.0,0.0,B02
201400011561,0,7,0,0.0,2.0,5.0,19.0,A01
201400011562,0,7,0,2.0,0.0,3.0,0.0,A01
201400011563,0,7,0,8.0,0.0,6.0,13.0,A01
201400011564,0,7,0,0.0,2.0,2.0,15.0,A01
201400011564,0,7,0,0.0,2.0,3.0,1.0,B02
201400011565,0,7,0,0.0,1.0,2.0,2.0,A01
201400011566,0,33,0,12.0,0.0,0.0,1.0,A01
201400011567,0,7,0,6.0,0.0,3.0,0.0,A01
201400011568,0,30,0,0.0,0.0,8.0,1.0,A01
201400011569,0,7,0,0.0,2.0,3.0,13.0,A01
201400011569,0,7,0,3.0,2.0,3.0,1.0,B01
201400011570,0,7,0,9.0,2.0,1.0,15.0,A01
201400011570,0,30,0,0.0,2.0,8.0,1.0,B01
201400011571,0,7,0,0.0,2.0,2.0,16.0,A01
201400011571,0,7,0,0.0,2.0,3.0,2.0,B01
201400011572,0,2,0,0.0,2.0,1.0,21.0,B01
201400011572,0,7,0,0.0,2.0,3.0,11.0,A01
201400011573,0,33,0,6.0,0.0,2.0,14.0,A01
201400011574,0,7,0,6.0,2.0,3.0,21.0,B01
201400011574,0,7,0,0.0,2.0,3.0,13.0,A01
201400011575,0,7,0,0.0,0.0,1.0,0.0,C01
201400011575,0,7,0,0.0,0.0,3.0,13.0,A01
201400011575,0,7,0,0.0,0.0,3.0,0.0,B01
201400011576,0,2,0,8.0,0.0,1.0,1.0,A01
201400011577,0,17,0,3.0,0.0,3.0,13.0,A01
201400011578,0,7,0,15.0,0.0,1.0,1.0,A01
201400011579,0,7,0,0.0,1.0,1.0,2.0,A01
201400011580,0,7,0,0.0,2.0,1.0,2.0,A01
201400011580,0,7,0,0.0,0.0,4.0,2.0,B01
201400011581,0,33,0,0.0,2.0,2.0,17.0,A01
201400011581,0,37,20,0.0,2.0,6.0,1.0,B01
201400011582,0,33,0,0.0,2.0,8.0,1.0,B01
201400011582,0,7,0,0.0,2.0,1.0,9.0,A01
201400011583,0,33,0,4.0,0.0,0.0,1.0,A01
201400011584,0,7,0,14.0,0.0,1.0,1.0,A01
201400011585,0,33,0,0.0,0.0,8.0,1.0,C01
201400011585,0,33,0,0.0,0.0,6.0,15.0,B01
201400011585,0,33,0,0.0,0.0,1.0,13.0,A01
201400011585,0,33,0,0.0,0.0,8.0,1.0,D01
201400011585,0,33,0,0.0,0.0,8.0,1.0,E01
201400011586,0,2,0,0.0,2.0,7.0,0.0,B01
201400011586,0,99,0,0.0,2.0,1.0,15.0,A01
201400011587,0,2,0,15.0,1.0,4.0,2.0,A01
201400011588,0,33,0,0.0,2.0,1.0,1.0,B01
201400011588,0,7,0,0.0,2.0,3.0,1.0,A01
201400011589,0,33,0,0.0,0.0,1.0,1.0,A01
201400011590,0,1,0,0.0,9.0,1.0,9.0,A01
201400011590,0,1,0,0.0,9.0,7.0,21.0,B01
201400011591,0,7,0,13.0,0.0,1.0,17.0,A01
201400011592,0,7,0,0.0,2.0,3.0,1.0,A01
201400011592,0,10,0,0.0,2.0,3.0,13.0,B02
201400011593,0,7,0,0.0,2.0,3.0,1.0,B02
201400011593,0,7,0,0.0,0.0,1.0,13.0,A01
201400011594,0,7,0,0.0,2.0,8.0,11.0,B02
201400011594,0,33,0,0.0,2.0,1.0,1.0,A01
201400011595,0,10,0,0.0,0.0,8.0,1.0,A01
201400011595,0,1,0,0.0,2.0,7.0,15.0,B02
201400011596,0,7,0,0.0,2.0,2.0,2.0,A01
201400011596,0,2,0,0.0,2.0,4.0,2.0,B02
201400011597,0,7,0,0.0,2.0,3.0,1.0,B02
201400011597,0,7,0,0.0,2.0,3.0,1.0,A01
201400011598,0,1,0,0.0,2.0,3.0,1.0,C03
201400011598,0,16,0,0.0,0.0,0.0,0.0,A01
201400011599,0,7,0,0.0,2.0,2.0,1.0,B02
201400011599,0,2,0,0.0,2.0,1.0,1.0,A01
201400011600,0,7,0,2.0,0.0,1.0,1.0,A01
201400011601,0,31,0,16.0,0.0,1.0,1.0,A01
201400011602,0,33,0,0.0,2.0,1.0,17.0,A01
201400011602,0,7,0,0.0,2.0,3.0,1.0,B02
201400011603,0,33,0,0.0,0.0,8.0,0.0,A01
201400011604,0,7,0,0.0,2.0,2.0,3.0,A01
201400011604,0,34,0,0.0,2.0,8.0,1.0,B02
201400011605,0,7,0,0.0,2.0,1.0,19.0,A01
201400011605,0,1,0,0.0,2.0,7.0,1.0,B02
201400011606,0,31,0,0.0,2.0,3.0,1.0,A01
201400011606,0,7,0,0.0,9.0,1.0,9.0,B01
201400011607,0,7,0,0.0,1.0,2.0,1.0,A01
201400011608,0,7,0,6.0,0.0,1.0,0.0,A01
201400011609,0,7,0,0.0,2.0,5.0,11.0,B01
201400011609,0,2,0,0.0,2.0,1.0,2.0,A01
201400011610,0,1,0,0.0,2.0,7.0,0.0,B01
201400011610,0,14,0,0.0,9.0,3.0,16.0,A01
201400011611,0,7,0,0.0,1.0,0.0,1.0,A01
201400011612,0,1,0,0.0,2.0,4.0,2.0,B01
201400011612,0,2,0,0.0,2.0,1.0,2.0,A01
201400011613,0,31,0,0.0,0.0,1.0,1.0,A01
201400011614,0,2,0,0.0,1.0,1.0,1.0,A01
201400011615,0,30,0,0.0,2.0,7.0,2.0,B01
201400011615,0,7,0,0.0,2.0,3.0,9.0,A01
201400011616,0,7,0,6.0,0.0,9.0,2.0,A01
201400011617,0,2,0,16.0,0.0,0.0,0.0,A01
201400011618,0,30,0,0.0,2.0,2.0,17.0,A01
201400011618,0,7,0,0.0,2.0,8.0,2.0,B01
201400011619,0,7,0,0.0,0.0,4.0,2.0,B01
201400011619,0,7,0,0.0,2.0,1.0,2.0,A01
201400011620,0,7,0,2.0,0.0,8.0,14.0,A01
201400011621,0,7,0,1.0,0.0,4.0,14.0,A01
201400011622,0,35,0,0.0,0.0,3.0,1.0,A01
201400011623,0,7,0,0.0,2.0,1.0,2.0,B01
201400011623,0,7,0,0.0,2.0,8.0,10.0,A01
201400011624,0,7,0,0.0,2.0,7.0,10.0,A01
201400011624,0,33,0,0.0,2.0,1.0,1.0,B02
201400011625,0,7,0,0.0,2.0,1.0,1.0,A01
201400011625,0,7,0,0.0,2.0,8.0,1.0,B02
201400011626,0,31,0,5.0,0.0,1.0,14.0,A01
201400011627,0,7,0,0.0,0.0,7.0,13.0,A01
201400011627,0,7,0,0.0,2.0,1.0,1.0,B02
201400011628,0,7,0,2.0,0.0,1.0,1.0,A01
201400011629,0,33,0,7.0,0.0,1.0,2.0,A01
201400011630,0,99,0,0.0,2.0,8.0,13.0,A01
201400011630,0,7,0,0.0,9.0,3.0,1.0,D04
201400011630,0,7,0,0.0,2.0,8.0,1.0,B02
201400011630,0,7,0,0.0,9.0,8.0,1.0,C03
201400011631,0,7,0,4.0,0.0,1.0,14.0,A01
201400011632,0,30,0,0.0,1.0,1.0,19.0,A01
201400011633,0,7,0,0.0,2.0,3.0,1.0,A01
201400011633,0,2,0,0.0,2.0,1.0,17.0,B02
201400011634,0,7,0,2.0,0.0,1.0,1.0,A01
201400011635,0,7,0,0.0,1.0,2.0,9.0,A01
201400011636,0,33,0,0.0,0.0,8.0,1.0,A01
201400011637,0,15,0,0.0,2.0,1.0,2.0,B02
201400011637,0,7,0,0.0,0.0,4.0,2.0,A01
201400011638,0,7,0,4.0,0.0,3.0,1.0,A01
201400011639,0,7,0,4.0,0.0,3.0,1.0,A01
201400011640,0,10,0,0.0,0.0,7.0,1.0,A01
201400011641,0,7,0,1.0,1.0,1.0,2.0,B02
201400011642,0,33,0,13.0,0.0,1.0,1.0,A01
201400011643,0,7,0,8.0,0.0,8.0,1.0,A01
201400011644,0,7,0,0.0,2.0,4.0,11.0,B02
201400011644,0,7,0,0.0,2.0,1.0,2.0,A01
201400011645,0,7,0,0.0,2.0,1.0,2.0,A01
201400011645,0,38,39,0.0,2.0,4.0,1.0,B02
201400011646,0,7,0,13.0,0.0,2.0,14.0,A01
201400011647,0,7,0,0.0,0.0,9.0,0.0,A01
201400011648,0,7,0,13.0,0.0,1.0,0.0,A01
201400011649,0,33,0,0.0,2.0,1.0,21.0,A01
201400011649,0,15,0,0.0,2.0,2.0,21.0,C03
201400011649,0,7,0,0.0,0.0,6.0,23.0,B02
201400011650,0,33,0,0.0,0.0,7.0,0.0,A01
201400011651,0,7,0,0.0,0.0,0.0,0.0,A01
201400011652,0,10,0,0.0,2.0,1.0,1.0,A01
201400011652,0,10,0,0.0,2.0,4.0,1.0,B02
201400011653,0,10,0,0.0,2.0,6.0,11.0,A01
201400011653,0,10,0,4.0,2.0,1.0,11.0,C03
201400011653,0,7,0,0.0,2.0,4.0,11.0,B02
201400011654,0,30,0,0.0,0.0,8.0,1.0,A01
201400011655,0,7,0,5.0,2.0,6.0,11.0,A01
201400011655,0,7,0,0.0,2.0,2.0,2.0,B02
201400011656,0,7,0,0.0,2.0,1.0,1.0,A01
201400011657,0,7,0,0.0,2.0,1.0,1.0,A01
201400011657,0,7,0,0.0,2.0,4.0,2.0,B02
201400011658,0,7,0,0.0,2.0,3.0,1.0,B02
201400011658,0,38,0,0.0,2.0,3.0,1.0,A01
201400011659,0,7,0,0.0,1.0,6.0,4.0,A01
201400011660,0,30,0,0.0,0.0,3.0,1.0,A01
201400011661,0,7,0,13.0,0.0,1.0,13.0,A01
201400011662,0,7,0,0.0,2.0,2.0,15.0,A01
201400011662,0,2,0,0.0,2.0,1.0,1.0,B02
201400011663,0,7,0,0.0,1.0,2.0,1.0,A01
201400011664,0,7,0,0.0,0.0,4.0,0.0,A01
201400011664,0,14,0,0.0,2.0,1.0,0.0,B02
201400011665,0,7,0,0.0,2.0,3.0,1.0,B02
201400011665,0,7,0,0.0,2.0,3.0,13.0,A01
201400011666,0,10,0,8.0,0.0,1.0,14.0,A01
201400011667,0,7,0,14.0,0.0,1.0,1.0,A01
201400011667,0,10,0,0.0,2.0,7.0,13.0,B02
201400011668,0,7,0,0.0,2.0,3.0,1.0,B02
201400011668,0,7,0,0.0,2.0,2.0,5.0,A01
201400011669,0,10,0,0.0,0.0,1.0,0.0,B02
201400011669,0,7,0,0.0,0.0,1.0,1.0,A01
201400011670,0,7,0,2.0,0.0,2.0,0.0,A01
201400011671,0,7,0,0.0,2.0,2.0,13.0,A01
201400011671,0,1,0,0.0,2.0,1.0,1.0,B02
201400011672,0,7,0,2.0,0.0,3.0,1.0,A01
201400011673,0,7,0,0.0,2.0,6.0,15.0,B02
201400011673,0,32,0,0.0,2.0,1.0,17.0,A01
201400011674,0,7,0,0.0,2.0,3.0,15.0,B02
201400011674,0,7,0,0.0,2.0,1.0,17.0,A01
201400011675,0,7,0,2.0,0.0,8.0,1.0,A01
201400011676,0,7,0,0.0,2.0,1.0,1.0,A01
201400011676,0,33,0,0.0,0.0,4.0,1.0,B02
201400011677,0,7,0,0.0,1.0,2.0,1.0,A01
201400011678,0,30,0,0.0,0.0,7.0,15.0,A01
201400011679,0,10,0,0.0,2.0,2.0,1.0,B02
201400011679,0,7,0,0.0,2.0,3.0,9.0,A01
201400011680,0,7,0,13.0,0.0,9.0,1.0,A01
201400011681,0,7,0,0.0,2.0,3.0,1.0,A01
201400011681,0,1,0,0.0,2.0,7.0,19.0,B02
201400011682,0,10,0,0.0,2.0,7.0,10.0,A01
201400011682,0,33,0,0.0,2.0,1.0,1.0,B02
201400011683,0,33,0,0.0,2.0,1.0,1.0,B02
201400011683,0,7,0,0.0,0.0,3.0,19.0,A01
201400011684,0,14,0,9.0,1.0,1.0,1.0,A01
201400011685,0,1,0,0.0,2.0,8.0,1.0,B02
201400011685,0,7,0,0.0,2.0,0.0,16.0,A01
201400011686,0,7,0,0.0,1.0,2.0,1.0,A01
201400011687,0,33,0,13.0,0.0,1.0,1.0,A01
201400011688,0,7,0,0.0,0.0,1.0,0.0,A01
201400011689,0,7,0,0.0,0.0,0.0,0.0,A01
201400011689,0,7,0,13.0,0.0,1.0,0.0,B02
201400011690,0,10,0,0.0,2.0,3.0,1.0,A01
201400011690,0,7,0,0.0,2.0,1.0,1.0,B02
201400011691,0,21,0,0.0,2.0,3.0,13.0,A01
201400011691,0,7,0,0.0,2.0,3.0,1.0,B02
201400011692,0,7,0,0.0,2.0,1.0,2.0,A01
201400011692,0,7,0,0.0,0.0,4.0,2.0,B02
201400011693,0,7,0,9.0,0.0,1.0,1.0,A01
201400011694,0,33,0,14.0,0.0,9.0,1.0,A01
201400011695,0,13,0,0.0,2.0,3.0,1.0,B02
201400011695,0,7,0,0.0,2.0,8.0,13.0,A01
201400011696,0,33,0,6.0,0.0,1.0,1.0,A01
201400011697,0,7,0,2.0,0.0,1.0,1.0,A01
201400011698,0,7,0,0.0,2.0,1.0,19.0,A01
201400011698,0,32,0,0.0,2.0,7.0,1.0,B02
201400011699,0,10,0,0.0,2.0,2.0,1.0,A01
201400011699,0,2,0,0.0,2.0,1.0,15.0,B02
201400011700,0,7,0,0.0,2.0,1.0,1.0,B02
201400011701,0,7,0,0.0,2.0,3.0,17.0,A01
201400011701,0,30,0,0.0,2.0,1.0,1.0,B02
201400011702,0,7,0,0.0,1.0,2.0,1.0,A01
201400011703,0,7,0,0.0,0.0,4.0,1.0,A01
201400011703,0,7,0,0.0,2.0,1.0,1.0,B02
201400011704,0,7,0,0.0,2.0,3.0,15.0,B02
201400011704,0,33,0,0.0,2.0,1.0,17.0,A01
201400011705,0,31,0,0.0,2.0,1.0,17.0,A01
201400011705,0,7,0,0.0,2.0,3.0,15.0,B02
201400011706,0,33,0,0.0,2.0,1.0,0.0,B02
201400011706,0,7,0,0.0,0.0,3.0,10.0,A01
201400011707,0,7,0,0.0,2.0,3.0,2.0,C03
201400011707,0,10,0,0.0,2.0,1.0,13.0,A01
201400011707,0,7,0,0.0,2.0,1.0,1.0,B02
201400011708,0,7,0,3.0,2.0,1.0,2.0,B02
201400011708,0,7,0,3.0,2.0,1.0,2.0,A01
201400011709,0,7,0,2.0,0.0,8.0,1.0,A01
201400011710,0,7,0,0.0,2.0,3.0,13.0,A01
201400011710,0,17,0,0.0,2.0,3.0,1.0,B02
201400011711,0,10,0,0.0,2.0,2.0,17.0,A01
201400011711,0,17,0,0.0,2.0,6.0,1.0,B02
201400011712,0,15,0,4.0,0.0,1.0,1.0,A01
201400011713,0,7,0,0.0,0.0,2.0,1.0,A01
201400011714,0,7,0,0.0,2.0,3.0,13.0,A01
201400011714,0,38,0,0.0,2.0,3.0,1.0,C03
201400011714,0,7,0,3.0,2.0,3.0,1.0,B02
201400011715,0,7,0,1.0,0.0,2.0,2.0,A01
201400011715,0,7,0,0.0,0.0,6.0,2.0,B02
201400011716,0,33,0,0.0,2.0,3.0,3.0,A01
201400011716,0,7,0,0.0,2.0,0.0,2.0,B02
201400011717,0,15,0,0.0,2.0,6.0,1.0,B02
201400011717,0,10,0,0.0,2.0,2.0,14.0,A01
201400011718,0,7,0,3.0,0.0,3.0,1.0,A01
201400011719,0,7,0,4.0,0.0,7.0,1.0,A01
201400011720,0,7,0,0.0,9.0,1.0,1.0,B02
201400011720,0,7,0,0.0,9.0,1.0,1.0,D04
201400011720,0,7,0,0.0,9.0,1.0,1.0,C03
201400011720,0,7,0,4.0,0.0,3.0,1.0,A01
201400011721,0,7,0,0.0,2.0,2.0,1.0,B02
201400011721,0,21,0,0.0,2.0,3.0,23.0,A01
201400011722,0,33,0,0.0,0.0,1.0,1.0,A01
201400011723,0,7,0,0.0,6.0,8.0,21.0,A01
201400011724,0,7,0,0.0,2.0,3.0,13.0,A01
201400011724,0,7,0,0.0,2.0,3.0,1.0,B02
201400011725,0,7,0,0.0,2.0,1.0,2.0,B02
201400011725,0,15,0,0.0,2.0,4.0,2.0,A01
201400011726,0,7,0,0.0,2.0,8.0,1.0,B02
201400011726,0,10,0,0.0,2.0,3.0,16.0,A01
201400011727,0,33,0,0.0,0.0,0.0,1.0,A01
201400011728,0,36,0,6.0,0.0,3.0,21.0,B02
201400011728,0,7,0,0.0,2.0,3.0,24.0,C03
201400011728,0,33,0,1.0,0.0,2.0,1.0,A01
201400011729,0,7,0,0.0,2.0,1.0,1.0,B02
201400011729,0,7,0,0.0,2.0,1.0,5.0,A01
201400011730,0,7,0,0.0,2.0,7.0,17.0,A01
201400011730,0,7,0,0.0,2.0,3.0,17.0,B02
201400011731,0,10,0,0.0,1.0,0.0,1.0,A01
201400011732,0,7,0,0.0,2.0,3.0,2.0,B02
201400011732,0,7,0,0.0,2.0,3.0,2.0,A01
201400011733,0,14,0,0.0,2.0,1.0,1.0,B02
201400011733,0,7,0,0.0,2.0,7.0,1.0,A01
201400011734,0,7,0,0.0,0.0,2.0,0.0,A01
201400011734,0,7,0,1.0,0.0,3.0,2.0,B02
201400011734,0,10,0,4.0,9.0,2.0,9.0,D04
201400011734,0,7,0,1.0,0.0,1.0,2.0,C03
201400011735,0,33,0,0.0,6.0,1.0,15.0,A01
201400011736,0,7,0,0.0,2.0,1.0,1.0,B02
201400011736,0,7,0,0.0,2.0,7.0,19.0,A01
201400011737,0,14,0,0.0,0.0,4.0,1.0,B02
201400011737,0,17,0,0.0,2.0,2.0,2.0,A01
201400011738,0,7,0,0.0,0.0,3.0,0.0,A01
201400011739,0,15,0,14.0,0.0,1.0,2.0,A01
201400011739,0,10,0,0.0,0.0,4.0,0.0,C03
201400011739,0,15,0,0.0,0.0,4.0,23.0,B02
201400011739,0,15,0,0.0,0.0,4.0,23.0,D04
201400011739,0,15,0,0.0,0.0,4.0,23.0,E05
201400011740,0,15,0,0.0,0.0,4.0,3.0,A01
201400011740,0,7,0,0.0,0.0,9.0,13.0,D04
201400011740,0,17,0,0.0,0.0,4.0,1.0,B02
201400011740,0,17,0,1.0,0.0,1.0,0.0,C03
201400011741,0,7,0,13.0,0.0,2.0,12.0,A01
201400011742,0,7,0,4.0,0.0,1.0,13.0,A01
201400011743,0,10,0,0.0,2.0,2.0,2.0,A01
201400011743,0,15,0,0.0,0.0,4.0,2.0,B02
201400011744,0,7,0,4.0,0.0,1.0,2.0,A01
201400011744,0,7,0,0.0,0.0,4.0,0.0,B02
201400011745,0,7,0,0.0,0.0,0.0,17.0,A01
201400011745,0,7,0,0.0,0.0,0.0,1.0,B02
201400011746,0,7,0,3.0,0.0,1.0,1.0,A01
201400011747,0,7,0,0.0,0.0,9.0,1.0,A01
201400011748,0,10,0,3.0,0.0,3.0,1.0,A01
201400011749,0,7,0,16.0,0.0,1.0,2.0,A01
201400011750,0,7,0,0.0,2.0,1.0,1.0,A01
201400011750,0,17,0,0.0,2.0,4.0,0.0,B02
201400011751,0,7,0,0.0,2.0,2.0,17.0,A01
201400011751,0,17,0,0.0,2.0,8.0,1.0,B02
201400011752,0,15,0,0.0,2.0,4.0,2.0,A01
201400011752,0,15,0,0.0,2.0,1.0,2.0,B02
201400011752,0,15,0,4.0,0.0,3.0,21.0,C03
201400011753,0,7,0,13.0,0.0,1.0,1.0,A01
201400011754,0,15,0,0.0,2.0,8.0,13.0,A01
201400011754,0,7,0,3.0,2.0,7.0,1.0,B02
201400011755,0,7,0,0.0,2.0,5.0,1.0,A01
201400011755,0,17,0,0.0,2.0,6.0,1.0,B02
201400011755,0,7,0,1.0,0.0,3.0,1.0,C03
201400011756,0,10,0,0.0,0.0,4.0,0.0,B02
201400011756,0,10,0,0.0,2.0,1.0,1.0,A01
201400011757,0,7,0,0.0,2.0,7.0,1.0,A01
201400011757,0,15,0,0.0,2.0,6.0,1.0,B02
201400011758,0,7,0,5.0,0.0,2.0,14.0,A01
201400011759,0,7,0,0.0,2.0,1.0,2.0,A01
201400011759,0,17,0,0.0,2.0,4.0,2.0,B02
201400011760,0,15,0,4.0,2.0,3.0,13.0,A01
201400011760,0,10,0,0.0,2.0,1.0,1.0,B02
201400011760,0,7,0,0.0,2.0,3.0,1.0,C03
201400011760,0,7,0,0.0,2.0,7.0,1.0,D04
201400011760,0,7,0,0.0,2.0,3.0,1.0,E05
201400011761,0,7,0,0.0,2.0,6.0,9.0,A01
201400011761,0,15,0,0.0,2.0,2.0,1.0,B02
201400011762,0,10,0,0.0,2.0,8.0,13.0,A01
201400011762,0,33,0,0.0,2.0,7.0,1.0,B02
201400011763,0,7,0,3.0,0.0,2.0,0.0,A01
201400011764,0,7,0,3.0,0.0,3.0,21.0,A01
201400011765,0,7,0,0.0,2.0,2.0,1.0,C03
201400011765,0,14,0,0.0,2.0,2.0,1.0,B02
201400011765,0,7,0,3.0,2.0,7.0,12.0,A01
201400011766,0,15,0,0.0,0.0,6.0,0.0,B02
201400011766,0,7,0,0.0,2.0,2.0,1.0,A01
201400011767,0,10,0,0.0,2.0,1.0,0.0,A01
201400011767,0,7,0,0.0,2.0,4.0,1.0,B02
201400011768,0,7,0,0.0,2.0,3.0,1.0,C03
201400011768,0,7,0,0.0,2.0,1.0,1.0,A01
201400011768,0,7,0,0.0,2.0,1.0,1.0,B02
201400011769,0,33,0,0.0,0.0,4.0,9.0,A01
201400011769,0,7,0,0.0,2.0,2.0,1.0,B02
201400011770,0,7,0,14.0,0.0,1.0,1.0,B02
201400011770,0,15,0,0.0,0.0,7.0,13.0,A01
201400011771,0,7,0,0.0,2.0,4.0,2.0,D04
201400011771,0,7,0,0.0,2.0,4.0,2.0,B02
201400011771,0,7,0,0.0,2.0,4.0,2.0,C03
201400011771,0,17,0,0.0,2.0,1.0,2.0,A01
201400011772,0,15,0,0.0,0.0,4.0,1.0,B02
201400011772,0,15,0,0.0,2.0,1.0,2.0,A01
201400011773,0,7,0,0.0,2.0,6.0,0.0,B02
201400011773,0,33,0,0.0,2.0,1.0,1.0,A01
201400011774,0,38,240,0.0,0.0,4.0,2.0,B02
201400011774,0,17,0,0.0,2.0,1.0,2.0,A01
201400011775,0,7,0,4.0,0.0,8.0,1.0,A01
201400011776,0,7,0,2.0,0.0,1.0,1.0,B02
201400011776,0,15,0,3.0,0.0,1.0,1.0,A01
201400011777,0,7,0,3.0,0.0,9.0,0.0,A01
201400011778,0,33,0,0.0,0.0,4.0,2.0,B02
201400011778,0,10,0,0.0,2.0,1.0,1.0,A01
201400011779,0,7,0,0.0,2.0,4.0,2.0,E05
201400011779,0,7,0,0.0,2.0,1.0,2.0,A01
201400011779,0,7,0,0.0,2.0,4.0,2.0,B02
201400011779,0,7,0,0.0,2.0,4.0,2.0,C03
201400011779,0,7,0,0.0,2.0,4.0,2.0,D04
201400011780,0,7,0,14.0,0.0,1.0,1.0,A01
201400011780,0,7,0,0.0,0.0,8.0,0.0,B02
201400011781,0,7,0,0.0,0.0,4.0,2.0,B02
201400011781,0,7,0,0.0,2.0,1.0,2.0,A01
201400011782,0,7,0,1.0,0.0,1.0,2.0,B02
201400011782,0,7,0,3.0,2.0,1.0,19.0,A01
201400011783,0,7,0,0.0,0.0,4.0,23.0,B02
201400011783,0,7,0,0.0,2.0,1.0,2.0,A01
201400011784,0,33,0,0.0,2.0,8.0,1.0,B02
201400011784,0,7,0,0.0,2.0,7.0,12.0,A01
201400011785,0,7,0,0.0,2.0,1.0,2.0,A01
201400011785,0,17,0,0.0,0.0,0.0,2.0,B02
201400011786,0,15,0,0.0,0.0,4.0,9.0,B02
201400011786,0,15,0,0.0,2.0,1.0,2.0,A01
201400011787,0,7,0,0.0,0.0,2.0,1.0,C03
201400011787,0,15,0,0.0,0.0,0.0,1.0,B02
201400011787,0,15,0,4.0,2.0,9.0,11.0,A01
201400011788,0,14,0,0.0,2.0,9.0,1.0,C03
201400011788,0,17,0,0.0,2.0,2.0,1.0,A01
201400011789,0,7,0,0.0,2.0,7.0,1.0,B02
201400011789,0,7,0,0.0,2.0,8.0,11.0,A01
201400011790,0,15,0,0.0,2.0,1.0,1.0,A01
201400011790,0,17,0,0.0,2.0,4.0,1.0,B02
201400011790,0,15,0,0.0,2.0,7.0,1.0,C03
201400011791,0,33,0,0.0,0.0,8.0,1.0,A01
201400011792,0,10,0,6.0,0.0,1.0,21.0,A01
201400011793,0,7,0,0.0,2.0,4.0,23.0,A01
201400011793,0,7,0,0.0,0.0,1.0,1.0,B02
201400011794,0,14,0,1.0,0.0,2.0,3.0,B02
201400011794,0,7,0,0.0,0.0,6.0,24.0,A01
201400011795,0,7,0,0.0,0.0,0.0,9.0,F06
201400011795,0,7,0,0.0,9.0,1.0,1.0,D04
201400011795,0,7,0,0.0,9.0,1.0,1.0,C03
201400011795,0,15,0,3.0,0.0,8.0,11.0,A01
201400011795,0,7,0,0.0,9.0,8.0,1.0,E05
201400011795,0,7,0,0.0,9.0,1.0,1.0,B02
201400011796,0,17,0,0.0,0.0,4.0,1.0,A01
201400011796,0,17,0,0.0,2.0,1.0,2.0,B02
201400011797,0,7,0,0.0,2.0,1.0,17.0,A01
201400011797,0,7,0,0.0,2.0,1.0,1.0,B02
201400011798,0,7,0,0.0,2.0,3.0,17.0,A01
201400011798,0,7,0,0.0,2.0,5.0,17.0,B02
201400011799,0,7,0,0.0,2.0,1.0,1.0,B02
201400011799,0,7,0,0.0,2.0,2.0,1.0,A01
201400011800,0,7,0,0.0,2.0,6.0,17.0,A01
201400011800,0,33,0,0.0,2.0,2.0,17.0,B02
201400011801,0,7,0,0.0,2.0,3.0,13.0,A01
201400011801,0,2,0,0.0,2.0,1.0,1.0,B02
201400011802,0,7,0,0.0,2.0,3.0,21.0,A01
201400011802,0,7,0,0.0,2.0,3.0,1.0,B02
201400011803,0,7,0,0.0,0.0,9.0,13.0,A01
201400011804,0,33,0,0.0,0.0,0.0,1.0,A01
201400011805,1,14,0,0.0,1.0,0.0,1.0,A01
201400011806,0,7,0,0.0,2.0,9.0,11.0,A01
201400011806,0,10,0,14.0,0.0,1.0,1.0,B02
201400011806,0,14,0,0.0,2.0,8.0,12.0,C03
201400011806,0,17,0,0.0,2.0,8.0,1.0,D04
201400011807,0,7,0,0.0,2.0,8.0,13.0,A01
201400011807,0,15,0,0.0,2.0,3.0,1.0,B02
201400011808,0,7,0,3.0,0.0,2.0,1.0,A01
201400011809,0,7,0,13.0,0.0,2.0,14.0,A01
201400011810,0,7,0,3.0,0.0,6.0,17.0,A01
201400011811,0,7,0,0.0,2.0,3.0,2.0,A01
201400011811,0,17,0,0.0,2.0,5.0,2.0,B02
201400011812,0,7,0,13.0,0.0,2.0,1.0,A01
201400011813,0,33,0,0.0,2.0,4.0,1.0,B02
201400011813,0,7,0,0.0,2.0,2.0,1.0,A01
201400011814,0,15,0,4.0,0.0,8.0,1.0,A01
201400011815,0,7,0,0.0,2.0,7.0,1.0,B02
201400011815,0,2,0,0.0,2.0,8.0,13.0,A01
201400011816,2,7,0,0.0,0.0,0.0,0.0,A01
201400011817,0,7,0,13.0,0.0,2.0,1.0,A01
201400011818,0,7,0,3.0,0.0,2.0,14.0,A01