Num_Acc,senc,catv,occutc,obs,obsm,choc,manv,num_veh
201400011819,0,7,0,14.0,0.0,2.0,2.0,B02
201400011819,0,7,0,0.0,2.0,3.0,2.0,A01
201400011820,0,7,0,0.0,0.0,4.0,1.0,A01
201400011820,0,7,0,0.0,2.0,1.0,2.0,C03
201400011820,0,7,0,0.0,2.0,5.0,1.0,D04
201400011820,0,7,0,0.0,2.0,4.0,1.0,B02
201400011820,0,7,0,0.0,2.0,2.0,1.0,E05
201400011821,0,7,0,0.0,2.0,3.0,21.0,B02
201400011821,0,7,0,3.0,0.0,2.0,1.0,A01
201400011822,0,17,0,0.0,0.0,4.0,2.0,B02
201400011822,0,7,0,0.0,2.0,1.0,2.0,A01
201400011823,0,15,0,0.0,0.0,6.0,1.0,B02
201400011823,0,10,0,0.0,2.0,2.0,14.0,A01
201400011824,0,7,0,0.0,2.0,2.0,1.0,A01
201400011824,0,7,0,0.0,2.0,6.0,1.0,B02
201400011825,0,7,0,5.0,0.0,4.0,1.0,A01
201400011825,0,7,0,14.0,0.0,3.0,1.0,D04
201400011825,0,7,0,14.0,0.0,1.0,1.0,C03
201400011825,0,7,0,0.0,2.0,1.0,1.0,B02
201400011826,0,17,0,0.0,2.0,2.0,2.0,A01
201400011826,0,1,0,0.0,0.0,4.0,2.0,B02
201400011827,0,17,0,0.0,0.0,4.0,1.0,A01
201400011827,0,17,0,0.0,2.0,1.0,2.0,B02
201400011827,0,7,0,1.0,0.0,1.0,2.0,C03
201400011828,0,14,0,0.0,0.0,9.0,2.0,A01
201400011829,0,17,0,0.0,0.0,0.0,1.0,B02
201400011829,0,7,0,0.0,2.0,9.0,17.0,A01
201400011830,0,7,0,3.0,0.0,9.0,14.0,A01
201400011831,0,17,0,1.0,0.0,2.0,14.0,A01
201400011831,0,17,0,0.0,2.0,8.0,24.0,B02
201400011832,0,10,0,3.0,0.0,2.0,1.0,A01
201400011833,0,10,0,0.0,0.0,0.0,12.0,C03
201400011833,0,15,0,0.0,0.0,8.0,1.0,B02
201400011833,0,7,0,0.0,2.0,7.0,1.0,A01
201400011834,0,7,0,4.0,0.0,3.0,17.0,A01
201400011835,0,7,0,3.0,0.0,9.0,1.0,A01
201400011836,0,7,0,0.0,9.0,0.0,2.0,I09
201400011836,0,7,0,0.0,9.0,0.0,2.0,F06
201400011836,0,7,0,0.0,9.0,0.0,2.0,G07
201400011836,0,7,0,0.0,9.0,0.0,2.0,D04
201400011836,0,7,0,0.0,2.0,2.0,2.0,A01
201400011836,0,7,0,0.0,9.0,0.0,2.0,H08
201400011836,0,16,0,0.0,0.0,0.0,2.0,B02
201400011836,0,7,0,0.0,9.0,0.0,2.0,E05
201400011837,0,7,0,6.0,0.0,2.0,15.0,A01
201400011837,0,7,0,1.0,0.0,0.0,15.0,B02
201400011838,0,7,0,3.0,0.0,1.0,1.0,A01
201400011839,0,7,0,1.0,0.0,3.0,2.0,C03
201400011839,0,17,0,0.0,0.0,3.0,1.0,B02
201400011839,0,7,0,0.0,2.0,5.0,13.0,A01
201400011840,0,7,0,4.0,0.0,9.0,1.0,A01
201400011841,0,7,0,2.0,0.0,9.0,1.0,A01
201400011842,0,33,0,0.0,2.0,8.0,13.0,A01
201400011842,0,7,0,0.0,2.0,3.0,1.0,B02
201400011843,0,30,0,0.0,0.0,0.0,0.0,A01
201400011844,0,7,0,0.0,2.0,1.0,2.0,A01
201400011844,0,7,0,0.0,2.0,4.0,2.0,B02
201400011845,0,33,0,13.0,9.0,7.0,2.0,A01
201400011846,0,7,0,0.0,2.0,1.0,0.0,B02
201400011846,0,7,0,0.0,2.0,7.0,1.0,A01
201400011847,0,15,0,0.0,2.0,6.0,2.0,B02
201400011847,0,10,0,0.0,2.0,3.0,2.0,A01
201400011848,0,7,0,0.0,1.0,7.0,1.0,A01
201400011849,0,7,0,0.0,2.0,4.0,2.0,A01
201400011849,0,33,0,0.0,2.0,1.0,2.0,B02
201400011850,0,7,0,0.0,0.0,2.0,1.0,B02
201400011850,0,10,0,0.0,0.0,6.0,1.0,A01
201400011851,0,7,0,5.0,0.0,1.0,1.0,A01
201400011852,0,17,0,3.0,0.0,8.0,1.0,A01
201400011853,0,7,0,0.0,2.0,1.0,1.0,A01
201400011853,0,15,0,0.0,0.0,4.0,1.0,B02
201400011854,0,7,0,14.0,0.0,1.0,1.0,A01
201400011855,0,7,0,13.0,0.0,9.0,14.0,A01
201400011856,0,7,0,13.0,0.0,1.0,14.0,A01
201400011857,0,15,0,0.0,1.0,7.0,2.0,A01
201400011858,0,17,0,0.0,2.0,1.0,2.0,C03
201400011858,0,17,0,0.0,0.0,0.0,9.0,A01
201400011858,0,7,0,14.0,0.0,1.0,2.0,E05
201400011859,0,7,0,0.0,2.0,1.0,2.0,A01
201400011859,0,15,0,0.0,2.0,4.0,2.0,B02
201400011860,0,7,0,4.0,0.0,3.0,13.0,A01
201400011861,0,7,0,3.0,0.0,3.0,13.0,A01
201400011861,0,14,0,0.0,2.0,2.0,1.0,B02
201400011862,0,7,0,4.0,0.0,1.0,21.0,B02
201400011862,0,7,0,14.0,0.0,8.0,21.0,C03
201400011862,0,7,0,4.0,0.0,2.0,1.0,A01
201400011863,0,7,0,0.0,2.0,5.0,2.0,B02
201400011863,0,7,0,0.0,2.0,3.0,2.0,A01
201400011864,0,14,0,1.0,0.0,9.0,1.0,A01
201400011864,0,7,0,0.0,9.0,1.0,1.0,B02
201400011865,0,7,0,13.0,0.0,9.0,2.0,A01
201400011866,0,7,0,4.0,2.0,8.0,13.0,A01
201400011866,0,33,0,0.0,2.0,2.0,1.0,B02
201400011867,0,7,0,0.0,2.0,1.0,0.0,B02
201400011867,0,7,0,0.0,0.0,4.0,2.0,A01
201400011868,0,7,0,0.0,1.0,2.0,1.0,A01
201400011869,0,7,0,3.0,2.0,6.0,1.0,B02
201400011869,0,7,0,0.0,2.0,2.0,11.0,A01
201400011870,0,7,0,9.0,0.0,1.0,1.0,A01
201400011871,0,7,0,0.0,2.0,3.0,17.0,A01
201400011871,0,14,0,0.0,2.0,6.0,15.0,B02
201400011872,0,7,0,0.0,1.0,1.0,16.0,A01
201400011873,0,7,0,0.0,2.0,1.0,1.0,A01
201400011873,0,7,0,0.0,0.0,4.0,1.0,B02
201400011874,0,7,0,0.0,2.0,5.0,19.0,A01
201400011874,0,33,0,0.0,2.0,1.0,1.0,B02
201400011875,0,7,0,0.0,2.0,3.0,15.0,A01
201400011875,0,10,0,0.0,2.0,1.0,1.0,B01
201400011876,0,7,0,0.0,1.0,3.0,1.0,A01
201400011877,0,7,0,0.0,2.0,2.0,15.0,A01
201400011877,0,33,0,0.0,2.0,1.0,1.0,B02
201400011878,0,7,0,0.0,0.0,7.0,15.0,A01
201400011878,0,30,0,0.0,2.0,1.0,1.0,B02
201400011879,0,7,0,0.0,0.0,3.0,0.0,B02
201400011879,0,7,0,0.0,0.0,1.0,1.0,A01
201400011880,0,33,0,2.0,0.0,3.0,1.0,A01
201400011881,0,1,0,0.0,0.0,0.0,1.0,A01
201400011882,0,7,0,0.0,0.0,1.0,17.0,A01
201400011882,0,21,0,0.0,0.0,8.0,0.0,B02
201400011883,0,7,0,0.0,2.0,1.0,1.0,A01
201400011883,0,15,0,0.0,0.0,4.0,1.0,B02
201400011884,0,7,0,16.0,0.0,3.0,13.0,A01
201400011885,0,7,0,3.0,2.0,1.0,1.0,A01
201400011885,0,21,0,0.0,2.0,3.0,1.0,B02
201400011886,0,7,0,0.0,1.0,3.0,1.0,A01
201400011887,0,33,0,0.0,2.0,1.0,1.0,A01
201400011887,0,7,0,0.0,2.0,1.0,15.0,B02
201400011888,0,17,0,0.0,0.0,6.0,10.0,B02
201400011888,0,10,0,0.0,2.0,1.0,1.0,A01
201400011889,0,10,0,0.0,1.0,8.0,1.0,A01
201400011890,0,31,0,16.0,0.0,7.0,1.0,A01
201400011891,0,7,0,16.0,0.0,2.0,14.0,A01
201400011892,0,7,0,0.0,2.0,1.0,1.0,B02
201400011892,0,30,0,0.0,2.0,4.0,1.0,A01
201400011893,0,7,0,0.0,1.0,2.0,1.0,A01
201400011894,0,7,0,0.0,1.0,1.0,1.0,A01
201400011895,0,17,0,7.0,2.0,7.0,2.0,A01
201400011895,0,3,0,0.0,0.0,4.0,15.0,B02
201400011896,0,33,0,13.0,0.0,7.0,1.0,A01
201400011897,0,7,0,14.0,6.0,1.0,21.0,A01
201400011898,0,14,0,2.0,0.0,7.0,14.0,A01
201400011899,0,3,0,3.0,0.0,8.0,16.0,A01
201400011900,0,7,0,3.0,0.0,3.0,13.0,A01
201400011901,0,7,0,1.0,1.0,3.0,2.0,A01
201400011902,0,17,0,0.0,2.0,5.0,2.0,D04
201400011902,0,33,0,0.0,0.0,0.0,2.0,C03
201400011902,0,17,0,0.0,2.0,1.0,2.0,A01
201400011902,0,14,0,0.0,0.0,0.0,2.0,B02
201400011902,0,17,0,0.0,2.0,4.0,2.0,E05
201400011903,0,99,0,0.0,1.0,4.0,2.0,A01
201400011904,0,14,0,0.0,2.0,8.0,17.0,A01
201400011904,0,7,0,0.0,2.0,7.0,11.0,B02
201400011905,0,7,0,0.0,2.0,2.0,2.0,A01
201400011905,0,7,0,0.0,0.0,6.0,1.0,B02
201400011906,0,7,0,0.0,2.0,2.0,13.0,A01
201400011906,0,14,0,0.0,2.0,2.0,1.0,B02
201400011907,0,7,0,3.0,0.0,1.0,2.0,C03
201400011907,0,7,0,0.0,2.0,6.0,2.0,E05
201400011907,0,7,0,0.0,2.0,8.0,24.0,D04
201400011907,0,7,0,1.0,2.0,2.0,2.0,B02
201400011907,0,7,0,3.0,0.0,1.0,11.0,A01
201400011908,0,17,0,0.0,2.0,1.0,1.0,A01
201400011908,0,17,0,0.0,0.0,4.0,1.0,B02
201400011909,0,14,0,0.0,2.0,1.0,1.0,B02
201400011909,0,7,0,0.0,2.0,7.0,6.0,A01
201400011910,0,38,14,0.0,0.0,6.0,23.0,B02
201400011910,0,7,0,0.0,2.0,2.0,2.0,A01
201400011911,0,7,0,0.0,2.0,1.0,1.0,C03
201400011911,0,17,0,0.0,0.0,0.0,23.0,A01
201400011912,0,38,28,0.0,0.0,1.0,1.0,A01
201400011913,0,17,0,0.0,1.0,7.0,1.0,A01
201400011914,0,7,0,0.0,2.0,1.0,15.0,A01
201400011914,0,30,0,0.0,2.0,1.0,1.0,B02
201400011915,0,1,0,0.0,0.0,8.0,1.0,B02
201400011915,0,7,0,0.0,0.0,2.0,17.0,A01
201400011916,0,1,0,0.0,0.0,1.0,1.0,B02
201400011916,0,7,0,0.0,0.0,2.0,15.0,A01
201400011917,0,7,0,0.0,2.0,8.0,13.0,A01
201400011917,0,7,0,0.0,2.0,1.0,1.0,B02
201400011918,0,32,0,12.0,0.0,1.0,1.0,A01
201400011919,0,31,0,0.0,0.0,0.0,14.0,A01
201400011920,0,7,0,0.0,1.0,1.0,1.0,A01
201400011921,0,38,3,0.0,9.0,3.0,1.0,B02
201400011921,0,17,0,0.0,0.0,0.0,1.0,A01
201400011921,0,7,0,0.0,9.0,0.0,2.0,D04
201400011921,0,14,0,0.0,2.0,1.0,2.0,C03
201400011922,0,7,0,0.0,9.0,0.0,1.0,C03
201400011922,0,7,0,5.0,0.0,1.0,1.0,A01
201400011922,0,7,0,0.0,9.0,1.0,1.0,B02
201400011923,0,10,0,0.0,2.0,4.0,1.0,B02
201400011923,0,7,0,0.0,2.0,1.0,1.0,A01
201400011924,0,7,0,4.0,0.0,1.0,1.0,A01
201400011925,0,7,0,0.0,0.0,2.0,14.0,A01
201400011925,0,14,0,0.0,0.0,6.0,1.0,B02
201400011926,0,7,0,0.0,2.0,1.0,2.0,A01
201400011926,0,7,0,0.0,0.0,4.0,2.0,B02
201400011927,0,7,0,0.0,0.0,7.0,12.0,A01
201400011927,0,15,0,0.0,0.0,0.0,1.0,B02
201400011928,0,7,0,0.0,0.0,4.0,0.0,B02
201400011928,0,7,0,0.0,0.0,1.0,0.0,A01
201400011929,0,10,0,0.0,2.0,9.0,1.0,B02
201400011929,0,15,0,0.0,0.0,0.0,1.0,A01
201400011930,0,7,0,0.0,2.0,4.0,1.0,B02
201400011930,0,7,0,0.0,2.0,2.0,1.0,A01
201400011931,0,7,0,3.0,0.0,3.0,21.0,A01
201400011932,0,7,0,14.0,0.0,1.0,2.0,A01
201400011933,0,7,0,0.0,2.0,4.0,12.0,B02
201400011933,0,7,0,0.0,2.0,1.0,1.0,A01
201400011934,0,31,0,16.0,0.0,7.0,16.0,A01
201400011935,2,7,0,11.0,0.0,1.0,1.0,A01
201400011936,0,10,0,11.0,0.0,2.0,1.0,A01
201400011937,0,7,0,0.0,9.0,3.0,1.0,A01
201400011938,0,15,0,0.0,2.0,6.0,11.0,B02
201400011938,0,7,0,0.0,2.0,2.0,21.0,C03
201400011939,0,7,0,0.0,2.0,6.0,23.0,B02
201400011939,0,17,0,1.0,0.0,2.0,14.0,A01
201400011940,0,17,0,0.0,0.0,3.0,13.0,A01
201400011940,0,10,0,0.0,2.0,1.0,1.0,C03
201400011940,0,17,0,0.0,2.0,2.0,1.0,B02
201400011941,0,10,0,0.0,2.0,2.0,1.0,B02
201400011941,0,7,0,0.0,2.0,6.0,1.0,A01
201400011942,0,7,0,1.0,0.0,1.0,2.0,A01
201400011942,0,7,0,0.0,2.0,5.0,23.0,B02
201400011943,0,7,0,0.0,2.0,6.0,2.0,B02
201400011943,0,7,0,0.0,2.0,1.0,2.0,A01
201400011943,0,7,0,0.0,0.0,6.0,2.0,C03
201400011944,0,14,0,0.0,2.0,2.0,14.0,B02
201400011944,0,7,0,0.0,2.0,8.0,1.0,A01
201400011945,0,7,0,0.0,0.0,4.0,2.0,B02
201400011945,0,7,0,0.0,2.0,1.0,2.0,A01
201400011946,0,7,0,0.0,2.0,6.0,23.0,B02
201400011946,0,14,0,1.0,1.0,2.0,14.0,C03
201400011947,0,15,0,0.0,2.0,6.0,23.0,B02
201400011947,0,15,0,1.0,0.0,2.0,14.0,A01
201400011948,0,7,0,2.0,0.0,3.0,1.0,A01
201400011949,0,7,0,0.0,2.0,4.0,2.0,C03
201400011949,0,7,0,0.0,2.0,1.0,2.0,A01
201400011949,0,7,0,0.0,2.0,4.0,2.0,B02
201400011950,0,7,0,0.0,2.0,2.0,12.0,A01
201400011950,0,15,0,0.0,2.0,6.0,1.0,B02
201400011951,0,7,0,4.0,0.0,2.0,14.0,A01
201400011952,0,7,0,4.0,0.0,9.0,1.0,A01
201400011952,0,7,0,14.0,0.0,1.0,1.0,B02
201400011953,0,7,0,4.0,0.0,2.0,14.0,A01
201400011954,0,10,0,0.0,2.0,1.0,2.0,A01
201400011954,0,33,0,0.0,2.0,4.0,1.0,B02
201400011955,0,7,0,3.0,2.0,6.0,1.0,B02
201400011955,0,7,0,0.0,0.0,1.0,1.0,A01
201400011956,0,7,0,0.0,2.0,7.0,14.0,A01
201400011956,0,33,0,0.0,2.0,8.0,1.0,B02
201400011957,0,7,0,3.0,0.0,1.0,14.0,A01
201400011957,0,7,0,3.0,0.0,2.0,21.0,B02
201400011958,0,10,0,0.0,2.0,1.0,2.0,A01
201400011958,0,7,0,0.0,2.0,4.0,2.0,B02
201400011959,0,17,0,0.0,2.0,4.0,1.0,B02
201400011959,0,14,0,0.0,2.0,1.0,1.0,A01
201400011960,0,16,0,0.0,0.0,0.0,2.0,B02
201400011960,0,10,0,0.0,2.0,1.0,2.0,A01
201400011961,0,7,0,13.0,0.0,1.0,16.0,A01
201400011962,0,33,0,0.0,2.0,1.0,2.0,A01
201400011962,0,33,0,0.0,2.0,4.0,2.0,B02
201400011963,0,17,0,6.0,0.0,2.0,1.0,A01
201400011964,0,7,0,1.0,0.0,1.0,1.0,F06
201400011964,2,7,0,0.0,2.0,2.0,2.0,A01
201400011964,0,7,0,1.0,0.0,1.0,1.0,D04
201400011964,0,15,0,0.0,2.0,4.0,1.0,B02
201400011964,0,7,0,1.0,0.0,1.0,1.0,C03
201400011964,0,7,0,1.0,0.0,1.0,1.0,E05
201400011965,0,7,0,0.0,2.0,1.0,1.0,B02
201400011965,0,7,0,0.0,2.0,7.0,15.0,A01
201400011966,0,2,0,0.0,2.0,1.0,1.0,A01
201400011966,0,7,0,0.0,0.0,3.0,1.0,B02
201400011967,0,7,0,0.0,0.0,1.0,1.0,A01
201400011968,0,7,0,0.0,2.0,5.0,15.0,A01
201400011968,0,33,0,0.0,2.0,1.0,1.0,B02
201400011969,0,33,0,0.0,1.0,5.0,1.0,A01
201400011970,0,10,0,0.0,2.0,1.0,1.0,B02
201400011970,0,7,0,0.0,2.0,1.0,1.0,C03
201400011970,0,10,0,0.0,2.0,1.0,1.0,D04
201400011970,0,10,0,3.0,0.0,2.0,14.0,A01
201400011971,0,7,0,3.0,0.0,2.0,1.0,A01
201400011972,0,7,0,0.0,1.0,7.0,1.0,A01
201400011973,0,7,0,13.0,0.0,9.0,1.0,A01
201400011974,0,17,0,0.0,0.0,6.0,1.0,B02
201400011974,0,17,0,4.0,2.0,2.0,1.0,A01
201400011975,0,7,0,13.0,0.0,9.0,1.0,A01
201400011976,0,7,0,13.0,0.0,2.0,1.0,A01
201400011977,0,7,0,13.0,0.0,2.0,1.0,A01
201400011978,0,7,0,0.0,2.0,4.0,1.0,B02
201400011978,0,7,0,0.0,2.0,4.0,1.0,C03
201400011978,0,17,0,0.0,2.0,1.0,1.0,A01
201400011978,0,7,0,0.0,1.0,1.0,21.0,D04
201400011979,0,7,0,13.0,2.0,3.0,11.0,A01
201400011979,0,7,0,13.0,2.0,5.0,1.0,B02
201400011980,0,7,0,13.0,0.0,9.0,1.0,A01
201400011981,0,7,0,13.0,0.0,9.0,21.0,A01
201400011982,0,7,0,0.0,2.0,7.0,1.0,A01
201400011982,0,15,0,0.0,2.0,4.0,23.0,C03
201400011982,0,7,0,0.0,2.0,7.0,1.0,F06
201400011982,0,7,0,1.0,0.0,1.0,14.0,D04
201400011983,0,7,0,4.0,0.0,3.0,1.0,A01
201400011984,0,7,0,0.0,2.0,2.0,1.0,B02
201400011984,0,33,0,0.0,2.0,8.0,17.0,A01
201400011985,0,10,0,13.0,0.0,9.0,1.0,A01
201400011986,0,7,0,13.0,0.0,9.0,21.0,A01
201400011987,0,15,0,0.0,2.0,6.0,23.0,B02
201400011987,0,7,0,1.0,0.0,3.0,21.0,A01
201400011988,0,15,0,0.0,0.0,6.0,2.0,B02
201400011988,0,15,0,0.0,2.0,2.0,21.0,A01
201400011988,0,15,0,0.0,0.0,0.0,0.0,D04
201400011988,0,7,0,4.0,0.0,7.0,21.0,C03
201400011989,0,7,0,0.0,2.0,1.0,1.0,B02
201400011989,0,7,0,0.0,2.0,7.0,13.0,A01
201400011990,0,7,0,3.0,2.0,1.0,13.0,A01
201400011990,0,7,0,0.0,2.0,1.0,1.0,B02
201400011991,0,17,0,0.0,2.0,6.0,1.0,B02
201400011991,0,10,0,0.0,2.0,2.0,14.0,A01
201400011992,0,14,0,0.0,2.0,6.0,23.0,B02
201400011992,0,7,0,1.0,0.0,2.0,21.0,A01
201400011993,0,15,0,14.0,0.0,1.0,1.0,C03
201400011993,0,7,0,0.0,2.0,8.0,0.0,B02
201400011993,0,7,0,3.0,0.0,3.0,13.0,A01
201400011993,0,7,0,14.0,0.0,1.0,1.0,D04
201400011994,0,7,0,0.0,2.0,1.0,2.0,A01
201400011994,0,7,0,0.0,2.0,4.0,23.0,B02
201400011994,0,7,0,0.0,0.0,4.0,23.0,C03
201400011995,0,10,0,0.0,2.0,3.0,1.0,A01
201400011995,0,30,0,0.0,2.0,7.0,1.0,B02
201400011996,0,33,0,0.0,2.0,5.0,17.0,B02
201400011996,0,7,0,0.0,2.0,3.0,10.0,A01
201400011997,0,33,0,0.0,2.0,1.0,13.0,A01
201400011997,0,7,0,0.0,2.0,1.0,1.0,B02
201400011998,0,7,0,0.0,2.0,3.0,9.0,A01
201400011998,0,1,0,0.0,2.0,6.0,1.0,B02
201400011999,0,7,0,0.0,2.0,8.0,19.0,A01
201400011999,0,7,0,0.0,2.0,1.0,0.0,B02
201400012000,0,34,0,0.0,2.0,1.0,1.0,A01
201400012000,0,10,0,0.0,2.0,3.0,9.0,B02
201400012001,0,7,0,0.0,9.0,2.0,1.0,A01
201400012001,0,99,0,0.0,2.0,4.0,1.0,B02
201400012002,0,36,0,0.0,2.0,1.0,1.0,A01
201400012002,0,7,0,0.0,2.0,6.0,1.0,B02
201400012003,0,31,0,0.0,2.0,1.0,13.0,A01
201400012003,0,7,0,0.0,2.0,1.0,1.0,B02
201400012004,0,1,0,0.0,2.0,8.0,19.0,A01
201400012004,0,7,0,0.0,9.0,2.0,1.0,B02
201400012005,0,17,0,0.0,2.0,3.0,1.0,B02
201400012005,0,7,0,0.0,2.0,3.0,1.0,A01
201400012006,0,7,0,0.0,1.0,1.0,1.0,A01
201400012007,0,7,0,0.0,2.0,1.0,1.0,A01
201400012007,0,17,0,0.0,0.0,0.0,1.0,B02
201400012008,0,7,0,4.0,0.0,1.0,14.0,A01
201400012009,0,17,0,0.0,0.0,6.0,1.0,A01
201400012009,0,14,0,0.0,2.0,2.0,1.0,B02
201400012010,0,17,0,16.0,0.0,8.0,1.0,A01
201400012011,0,7,0,4.0,0.0,9.0,1.0,B02
201400012011,0,7,0,0.0,2.0,9.0,21.0,A01
201400012012,0,7,0,0.0,0.0,5.0,2.0,A01
201400012012,0,7,0,0.0,2.0,1.0,3.0,B02
201400012012,0,15,0,0.0,0.0,8.0,0.0,C03
201400012013,0,7,0,3.0,0.0,1.0,0.0,A01
201400012014,0,10,0,0.0,2.0,2.0,21.0,A01
201400012014,0,7,0,0.0,2.0,6.0,1.0,B02
201400012015,0,7,0,0.0,0.0,4.0,2.0,B02
201400012015,0,7,0,0.0,2.0,1.0,2.0,A01
201400012016,0,7,0,3.0,0.0,8.0,1.0,A01
201400012017,0,7,0,0.0,0.0,1.0,2.0,A01
201400012017,0,14,0,0.0,2.0,1.0,1.0,B02
201400012017,0,14,0,0.0,2.0,3.0,1.0,C03
201400012017,0,7,0,0.0,2.0,7.0,1.0,D04
201400012017,0,7,0,0.0,2.0,1.0,1.0,E05
201400012018,0,7,0,4.0,0.0,1.0,1.0,A01
201400012019,0,7,0,3.0,0.0,3.0,1.0,A01
201400012020,0,7,0,4.0,0.0,1.0,1.0,A01
201400012021,0,7,0,0.0,1.0,2.0,9.0,A01
201400012022,0,7,0,0.0,2.0,4.0,4.0,A01
201400012022,0,7,0,0.0,1.0,1.0,23.0,B01
201400012023,0,7,0,0.0,1.0,3.0,1.0,A01
201400012024,0,37,10,0.0,1.0,2.0,20.0,A01
201400012025,0,7,0,0.0,2.0,1.0,17.0,A01
201400012025,0,7,0,0.0,2.0,1.0,1.0,B01
201400012026,0,7,0,6.0,0.0,1.0,1.0,A01
201400012027,0,33,0,8.0,0.0,3.0,1.0,A01
201400012028,0,30,0,0.0,2.0,3.0,1.0,A01
201400012028,0,7,0,0.0,2.0,2.0,15.0,B01
201400012029,0,7,0,0.0,2.0,0.0,1.0,B01
201400012029,0,7,0,0.0,2.0,3.0,1.0,A01
201400012030,0,7,0,6.0,0.0,1.0,0.0,A01
201400012031,0,30,0,0.0,2.0,1.0,1.0,A01
201400012031,0,7,0,0.0,0.0,2.0,15.0,B01
201400012032,0,7,0,0.0,9.0,1.0,1.0,B01
201400012032,0,1,0,0.0,0.0,3.0,11.0,A01
201400012033,0,7,0,0.0,0.0,4.0,2.0,A01
201400012033,0,7,0,0.0,2.0,1.0,2.0,B01
201400012034,0,7,0,0.0,2.0,3.0,0.0,B01
201400012034,0,7,0,0.0,2.0,3.0,0.0,A01
201400012035,0,7,0,0.0,1.0,1.0,1.0,B01
201400012036,0,7,0,16.0,0.0,1.0,1.0,A01
201400012037,0,7,0,0.0,0.0,9.0,1.0,A01
201400012038,0,10,0,13.0,0.0,4.0,14.0,A01
201400012039,0,7,0,0.0,2.0,2.0,2.0,A01
201400012039,0,7,0,3.0,2.0,6.0,2.0,B02
201400012040,0,17,0,0.0,2.0,4.0,1.0,A01
201400012040,0,7,0,0.0,2.0,1.0,1.0,B02
201400012041,0,7,0,0.0,2.0,7.0,2.0,A01
201400012041,0,10,0,0.0,2.0,6.0,2.0,B02
201400012042,0,10,0,0.0,0.0,9.0,1.0,A01
201400012043,0,7,0,4.0,0.0,1.0,13.0,A01
201400012044,0,7,0,3.0,0.0,2.0,14.0,A01
201400012045,0,7,0,14.0,1.0,7.0,1.0,A01
201400012046,0,7,0,3.0,2.0,2.0,1.0,A01
201400012046,0,15,0,0.0,2.0,4.0,1.0,B02
201400012047,0,7,0,6.0,0.0,0.0,1.0,A01
201400012048,0,33,0,8.0,0.0,1.0,1.0,A01
201400012049,0,1,0,0.0,0.0,0.0,1.0,B02
201400012049,0,7,0,0.0,0.0,0.0,15.0,A01
201400012050,0,7,0,2.0,0.0,8.0,0.0,A01
201400012051,0,1,0,0.0,2.0,1.0,13.0,A01
201400012051,0,7,0,0.0,2.0,1.0,1.0,B02
201400012052,0,10,0,0.0,9.0,1.0,9.0,A01
201400012052,0,1,0,0.0,2.0,8.0,1.0,B02
201400012053,0,7,0,0.0,1.0,2.0,1.0,A01
201400012054,0,7,0,0.0,0.0,1.0,1.0,A01
201400012054,0,7,0,0.0,2.0,1.0,15.0,B02
201400012055,0,33,0,0.0,0.0,7.0,1.0,A01
201400012055,0,10,0,0.0,0.0,3.0,1.0,B02
201400012056,0,7,0,0.0,2.0,3.0,13.0,B02
201400012056,0,7,0,0.0,2.0,1.0,0.0,A01
201400012057,0,7,0,0.0,2.0,1.0,13.0,A01
201400012057,0,7,0,0.0,2.0,3.0,1.0,B02
201400012058,0,7,0,0.0,2.0,3.0,15.0,A01
201400012058,0,33,0,0.0,2.0,1.0,17.0,B02
201400012059,0,7,0,0.0,0.0,6.0,2.0,A01
201400012059,2,7,0,0.0,0.0,3.0,2.0,B02
201400012060,0,7,0,0.0,2.0,1.0,17.0,A01
201400012060,0,7,0,0.0,2.0,2.0,1.0,B02
201400012061,0,7,0,8.0,0.0,9.0,1.0,A01
201400012062,0,7,0,0.0,1.0,2.0,1.0,A01
201400012063,0,17,0,0.0,0.0,0.0,1.0,A01
201400012064,0,7,0,13.0,0.0,3.0,13.0,A01
201400012064,0,17,0,0.0,2.0,3.0,1.0,B02
201400012065,0,7,0,0.0,0.0,4.0,1.0,C03
201400012065,0,7,0,0.0,2.0,1.0,1.0,A01
201400012065,0,7,0,3.0,2.0,4.0,1.0,B02
201400012066,0,7,0,3.0,0.0,1.0,17.0,A01
201400012066,0,17,0,0.0,2.0,2.0,1.0,B02
201400012067,0,10,0,0.0,0.0,6.0,1.0,B02
201400012067,0,10,0,0.0,2.0,2.0,17.0,A01
201400012068,0,17,0,0.0,0.0,0.0,1.0,B02
201400012068,0,7,0,0.0,2.0,2.0,11.0,A01
201400012069,0,33,0,0.0,0.0,0.0,17.0,A01
201400012070,0,10,0,1.0,1.0,7.0,1.0,A01
201400012071,0,7,0,0.0,2.0,1.0,17.0,A01
201400012071,0,7,0,0.0,0.0,4.0,1.0,B02
201400012072,0,99,0,0.0,2.0,6.0,2.0,C03
201400012072,0,10,0,0.0,2.0,2.0,2.0,A01
201400012072,0,16,0,0.0,2.0,0.0,2.0,B02
201400012073,0,7,0,0.0,2.0,1.0,2.0,A01
201400012073,0,7,0,0.0,2.0,4.0,1.0,B02
201400012074,0,7,0,4.0,0.0,2.0,1.0,A01
201400012075,0,7,0,0.0,2.0,4.0,23.0,C03
201400012075,0,17,0,0.0,2.0,2.0,1.0,A01
201400012075,0,10,0,0.0,2.0,6.0,23.0,H08
201400012075,0,10,0,0.0,2.0,4.0,23.0,G07