Num_Acc,senc,catv,occutc,obs,obsm,choc,manv,num_veh
201400012075,0,10,0,0.0,2.0,4.0,23.0,F06
201400012075,0,10,0,0.0,2.0,7.0,1.0,I09
201400012075,0,7,0,0.0,2.0,4.0,23.0,B02
201400012075,0,7,0,0.0,2.0,4.0,23.0,D04
201400012075,0,10,0,0.0,2.0,4.0,23.0,E05
201400012076,0,7,0,0.0,0.0,4.0,23.0,B02
201400012076,0,7,0,14.0,0.0,1.0,11.0,A01
201400012077,0,14,0,0.0,0.0,5.0,17.0,C03
201400012077,0,7,0,0.0,2.0,3.0,2.0,A01
201400012077,0,7,0,0.0,0.0,5.0,2.0,B02
201400012078,0,7,0,0.0,1.0,2.0,0.0,A01
201400012079,0,33,0,0.0,0.0,4.0,2.0,B02
201400012079,0,7,0,0.0,2.0,1.0,2.0,A01
201400012080,0,17,0,0.0,0.0,6.0,1.0,B02
201400012080,0,7,0,0.0,2.0,2.0,3.0,A01
201400012081,0,33,0,14.0,0.0,1.0,1.0,A01
201400012082,0,7,0,4.0,0.0,2.0,14.0,A01
201400012083,0,17,0,3.0,0.0,3.0,0.0,A01
201400012084,0,7,0,0.0,2.0,1.0,2.0,A01
201400012084,0,17,0,0.0,2.0,6.0,23.0,D04
201400012084,0,7,0,0.0,2.0,4.0,23.0,B02
201400012084,0,7,0,0.0,2.0,4.0,23.0,C03
201400012085,0,7,0,0.0,2.0,1.0,2.0,A01
201400012085,0,15,0,0.0,0.0,4.0,2.0,B02
201400012086,0,10,0,14.0,0.0,2.0,23.0,B02
201400012086,0,7,0,0.0,2.0,5.0,2.0,A01
201400012087,0,7,0,0.0,0.0,6.0,1.0,B02
201400012087,0,7,0,0.0,2.0,2.0,12.0,A01
201400012088,0,17,0,3.0,0.0,7.0,1.0,A01
201400012089,0,7,0,3.0,0.0,3.0,1.0,A01
201400012089,0,7,0,14.0,0.0,1.0,1.0,B02
201400012090,0,7,0,0.0,2.0,6.0,1.0,B02
201400012090,0,14,0,0.0,2.0,2.0,1.0,A01
201400012091,0,14,0,0.0,2.0,2.0,21.0,A01
201400012091,0,14,0,0.0,2.0,0.0,2.0,C03
201400012092,0,7,0,0.0,2.0,0.0,0.0,D04
201400012092,0,7,0,14.0,0.0,0.0,0.0,B02
201400012092,0,14,0,0.0,0.0,0.0,0.0,A01
201400012092,0,7,0,14.0,9.0,1.0,0.0,C03
201400012093,0,7,0,0.0,9.0,1.0,1.0,D04
201400012093,0,7,0,0.0,9.0,1.0,1.0,B02
201400012093,0,17,0,3.0,0.0,9.0,6.0,A01
201400012093,0,7,0,0.0,9.0,1.0,1.0,C03
201400012094,0,7,0,0.0,2.0,2.0,13.0,B02
201400012094,0,10,0,0.0,2.0,3.0,2.0,A01
201400012095,0,15,0,0.0,1.0,2.0,21.0,A01
201400012096,0,7,0,3.0,0.0,1.0,0.0,A01
201400012097,0,7,0,4.0,2.0,5.0,1.0,A01
201400012097,0,7,0,0.0,2.0,3.0,1.0,B02
201400012098,0,7,0,0.0,2.0,1.0,1.0,A01
201400012098,0,7,0,0.0,2.0,4.0,0.0,B02
201400012099,0,7,0,3.0,0.0,1.0,1.0,A01
201400012100,0,10,0,4.0,0.0,8.0,1.0,A01
201400012101,0,10,0,2.0,0.0,3.0,21.0,A01
201400012102,0,7,0,0.0,2.0,1.0,2.0,A01
201400012102,0,7,0,13.0,0.0,4.0,1.0,B02
201400012103,0,7,0,0.0,0.0,9.0,17.0,A01
201400012104,0,10,0,0.0,2.0,1.0,2.0,A01
201400012104,0,17,0,0.0,0.0,0.0,2.0,B02
201400012104,0,17,0,0.0,0.0,4.0,2.0,C03
201400012104,0,10,0,0.0,9.0,1.0,0.0,D04
201400012104,0,7,0,3.0,9.0,3.0,0.0,E05
201400012104,0,10,0,0.0,9.0,1.0,0.0,F06
201400012105,0,7,0,5.0,0.0,2.0,2.0,A01
201400012106,0,7,0,3.0,0.0,3.0,1.0,A01
201400012107,0,14,0,0.0,0.0,3.0,0.0,A01
201400012107,0,7,0,14.0,0.0,1.0,2.0,B02
201400012107,0,7,0,0.0,2.0,1.0,2.0,C03
201400012107,0,7,0,0.0,9.0,7.0,21.0,D04
201400012107,0,7,0,0.0,9.0,1.0,0.0,E05
201400012108,0,7,0,0.0,1.0,2.0,1.0,A01
201400012109,0,14,0,3.0,2.0,1.0,6.0,A01
201400012109,0,10,0,0.0,2.0,3.0,17.0,B02
201400012109,0,17,0,0.0,2.0,8.0,1.0,C03
201400012110,0,7,0,0.0,1.0,2.0,1.0,A01
201400012111,0,7,0,0.0,1.0,6.0,4.0,A01
201400012112,0,7,0,0.0,2.0,3.0,9.0,A01
201400012112,0,33,0,0.0,2.0,7.0,1.0,B02
201400012113,0,33,0,0.0,2.0,0.0,1.0,B02
201400012113,0,7,0,0.0,0.0,8.0,13.0,A01
201400012114,0,7,0,0.0,2.0,4.0,1.0,B02
201400012114,0,33,0,0.0,2.0,9.0,1.0,A01
201400012114,0,7,0,0.0,2.0,1.0,1.0,C03
201400012115,0,7,0,0.0,2.0,3.0,13.0,A01
201400012115,0,33,0,0.0,2.0,2.0,1.0,B02
201400012116,0,10,0,0.0,2.0,3.0,0.0,B02
201400012116,0,33,0,0.0,2.0,8.0,17.0,A01
201400012117,0,1,0,0.0,2.0,1.0,8.0,A01
201400012117,0,7,0,0.0,2.0,3.0,1.0,B02
201400012118,0,7,0,13.0,0.0,2.0,1.0,A01
201400012119,0,7,0,8.0,0.0,2.0,0.0,A01
201400012120,0,7,0,0.0,2.0,8.0,19.0,A01
201400012120,0,7,0,0.0,2.0,1.0,1.0,B02
201400012121,0,33,0,0.0,0.0,1.0,13.0,A01
201400012121,0,15,0,0.0,0.0,0.0,1.0,B02
201400012122,0,10,0,0.0,2.0,3.0,19.0,A01
201400012122,0,7,0,0.0,2.0,2.0,1.0,B02
201400012123,0,7,0,3.0,0.0,2.0,1.0,A01
201400012124,0,1,0,0.0,2.0,3.0,1.0,A01
201400012124,0,21,0,0.0,0.0,0.0,1.0,B02
201400012125,0,7,0,0.0,2.0,7.0,15.0,A01
201400012125,0,1,0,0.0,2.0,1.0,1.0,B02
201400012126,0,30,0,0.0,2.0,8.0,15.0,A01
201400012126,0,10,0,0.0,2.0,1.0,1.0,B02
201400012127,0,30,0,1.0,2.0,2.0,17.0,A01
201400012127,0,10,0,0.0,0.0,6.0,1.0,B02
201400012128,0,14,0,1.0,0.0,2.0,16.0,A01
201400012129,0,7,0,0.0,2.0,8.0,13.0,A01
201400012129,0,7,0,0.0,2.0,8.0,1.0,B02
201400012130,0,7,0,0.0,1.0,1.0,12.0,A01
201400012131,0,7,0,0.0,2.0,3.0,15.0,A01
201400012131,0,30,0,0.0,2.0,7.0,1.0,B02
201400012132,0,7,0,0.0,2.0,1.0,1.0,B02
201400012132,0,7,0,0.0,2.0,3.0,15.0,A01
201400012133,0,14,0,0.0,0.0,2.0,1.0,A01
201400012134,0,10,0,0.0,2.0,2.0,1.0,A01
201400012134,0,7,0,0.0,2.0,3.0,1.0,B02
201400012135,0,7,0,16.0,0.0,2.0,14.0,A01
201400012136,0,7,0,13.0,0.0,2.0,0.0,A01
201400012137,0,7,0,0.0,2.0,2.0,1.0,A01
201400012137,0,7,0,0.0,2.0,3.0,19.0,B02
201400012138,0,7,0,0.0,2.0,1.0,1.0,A01
201400012138,0,7,0,0.0,2.0,6.0,1.0,B02
201400012139,0,31,0,0.0,0.0,2.0,0.0,A01
201400012140,0,2,0,0.0,2.0,7.0,1.0,A01
201400012140,0,10,0,0.0,2.0,1.0,0.0,B02
201400012141,0,7,0,2.0,0.0,8.0,13.0,A01
201400012142,0,10,0,0.0,9.0,2.0,1.0,A01
201400012142,0,1,0,0.0,2.0,1.0,1.0,B02
201400012143,0,33,0,0.0,2.0,1.0,17.0,A01
201400012143,0,7,0,0.0,2.0,3.0,1.0,B02
201400012143,0,7,0,14.0,0.0,2.0,1.0,C03
201400012144,0,10,0,0.0,2.0,1.0,13.0,A01
201400012144,0,10,0,0.0,2.0,1.0,1.0,B02
201400012145,0,7,0,0.0,2.0,2.0,1.0,A01
201400012145,0,2,0,0.0,2.0,3.0,15.0,B02
201400012146,0,33,0,0.0,2.0,1.0,17.0,A01
201400012146,0,10,0,0.0,2.0,6.0,23.0,B02
201400012147,0,7,0,6.0,0.0,1.0,0.0,A01
201400012148,0,7,0,0.0,2.0,3.0,15.0,B02
201400012148,0,33,0,0.0,2.0,1.0,1.0,A01
201400012149,0,2,0,0.0,5.0,1.0,2.0,A01
201400012150,0,7,0,6.0,0.0,1.0,1.0,A01
201400012151,0,7,0,0.0,2.0,1.0,1.0,A01
201400012151,0,30,0,0.0,0.0,4.0,1.0,B02
201400012152,0,30,0,0.0,2.0,1.0,1.0,A01
201400012152,0,30,0,0.0,2.0,5.0,15.0,B02
201400012153,0,10,0,0.0,2.0,3.0,1.0,B01
201400012153,0,2,0,0.0,2.0,3.0,1.0,A02
201400012154,0,7,0,0.0,2.0,2.0,2.0,A01
201400012154,0,2,0,0.0,2.0,4.0,2.0,B02
201400012155,0,7,0,0.0,2.0,1.0,0.0,A01
201400012155,0,7,0,0.0,2.0,1.0,1.0,B02
201400012156,0,10,0,0.0,2.0,3.0,15.0,A01
201400012156,0,7,0,0.0,2.0,2.0,1.0,B02
201400012157,0,2,0,0.0,2.0,1.0,1.0,B02
201400012157,0,7,0,0.0,2.0,8.0,15.0,A01
201400012158,0,7,0,0.0,2.0,8.0,10.0,A01
201400012158,0,31,0,0.0,2.0,1.0,17.0,B02
201400012159,0,7,0,0.0,2.0,2.0,15.0,A01
201400012159,0,7,0,0.0,2.0,1.0,1.0,B02
201400012160,0,7,0,0.0,2.0,3.0,1.0,A01
201400012160,0,30,0,0.0,2.0,3.0,1.0,B02
201400012161,0,7,0,0.0,2.0,1.0,1.0,A01
201400012161,0,7,0,0.0,2.0,1.0,1.0,B02
201400012162,0,7,0,0.0,2.0,3.0,1.0,A01
201400012162,0,10,0,0.0,2.0,3.0,1.0,B02
201400012163,0,33,0,0.0,0.0,1.0,1.0,A01
201400012164,0,7,0,0.0,2.0,3.0,1.0,A01
201400012164,0,7,0,0.0,2.0,3.0,1.0,B02
201400012165,0,7,0,0.0,2.0,1.0,17.0,A01
201400012165,0,21,0,0.0,0.0,4.0,15.0,B02
201400012166,0,7,0,0.0,2.0,8.0,15.0,A01
201400012166,0,33,0,0.0,2.0,7.0,17.0,B02
201400012167,0,7,0,2.0,0.0,3.0,13.0,A01
201400012168,0,7,0,0.0,1.0,2.0,1.0,A01
201400012169,0,7,0,0.0,2.0,3.0,15.0,A01
201400012169,0,33,0,0.0,2.0,1.0,1.0,B02
201400012170,0,30,0,11.0,0.0,0.0,1.0,A01
201400012171,0,1,0,0.0,0.0,1.0,1.0,B02
201400012171,0,7,0,0.0,0.0,2.0,19.0,A01
201400012172,0,7,0,0.0,2.0,3.0,17.0,A01
201400012172,0,1,0,0.0,2.0,1.0,1.0,B02
201400012173,0,10,0,0.0,2.0,6.0,20.0,A01
201400012173,0,7,0,0.0,2.0,1.0,1.0,B02
201400012174,0,7,0,0.0,2.0,1.0,13.0,A01
201400012174,0,7,0,0.0,2.0,1.0,1.0,B02
201400012175,0,7,0,0.0,2.0,1.0,13.0,A01
201400012175,0,2,0,0.0,2.0,1.0,1.0,B02
201400012176,0,7,0,3.0,0.0,1.0,0.0,A01
201400012177,0,7,0,0.0,2.0,2.0,15.0,A01
201400012177,0,33,0,0.0,2.0,1.0,1.0,B02
201400012178,0,7,0,2.0,0.0,1.0,19.0,A01
201400012179,0,7,0,0.0,2.0,3.0,1.0,A01
201400012179,0,7,0,0.0,2.0,3.0,17.0,B02
201400012180,0,7,0,0.0,2.0,3.0,15.0,A01
201400012180,0,2,0,0.0,2.0,3.0,1.0,B02
201400012181,0,2,0,0.0,6.0,2.0,1.0,A01
201400012182,0,38,4,8.0,0.0,2.0,16.0,A01
201400012183,0,7,0,0.0,2.0,1.0,13.0,A01
201400012183,0,7,0,0.0,2.0,1.0,13.0,B02
201400012184,0,10,0,0.0,2.0,1.0,2.0,A01
201400012184,0,10,0,0.0,2.0,4.0,2.0,B02
201400012184,0,10,0,0.0,2.0,4.0,2.0,C03
201400012185,2,7,0,6.0,0.0,1.0,13.0,A01
201400012186,0,7,0,0.0,2.0,7.0,13.0,A01
201400012186,0,15,0,0.0,2.0,1.0,1.0,B02
201400012187,0,7,0,0.0,1.0,1.0,15.0,A01
201400012188,0,7,0,0.0,0.0,3.0,15.0,A01
201400012188,0,33,0,0.0,0.0,1.0,1.0,B02
201400012189,0,7,0,6.0,0.0,2.0,0.0,A01
201400012190,0,7,0,6.0,0.0,1.0,1.0,A01
201400012191,0,7,0,3.0,0.0,2.0,14.0,A01
201400012192,0,7,0,0.0,2.0,3.0,13.0,A01
201400012192,0,7,0,0.0,2.0,1.0,1.0,B02
201400012192,0,7,0,0.0,0.0,0.0,0.0,C03
201400012193,0,7,0,0.0,2.0,2.0,1.0,A01
201400012193,0,7,0,0.0,2.0,4.0,1.0,B02
201400012194,0,7,0,14.0,0.0,3.0,1.0,B02
201400012194,0,7,0,4.0,0.0,1.0,0.0,A01
201400012194,0,7,0,14.0,0.0,1.0,1.0,C03
201400012195,0,7,0,0.0,0.0,3.0,5.0,A01
201400012195,0,7,0,0.0,0.0,0.0,0.0,B02
201400012196,0,7,0,0.0,2.0,4.0,2.0,C03
201400012196,0,7,0,0.0,2.0,4.0,2.0,B02
201400012196,0,7,0,0.0,2.0,1.0,2.0,A01
201400012197,0,7,0,0.0,2.0,1.0,2.0,A01
201400012197,0,7,0,0.0,2.0,4.0,2.0,B02
201400012197,0,10,0,0.0,2.0,5.0,2.0,C03
201400012198,0,7,0,0.0,2.0,1.0,13.0,A01
201400012198,0,7,0,0.0,2.0,1.0,1.0,B02
201400012199,0,7,0,0.0,2.0,3.0,2.0,A01
201400012199,0,7,0,0.0,2.0,5.0,1.0,B02
201400012200,0,7,0,4.0,0.0,2.0,1.0,A01
201400012201,0,7,0,0.0,2.0,4.0,17.0,A01
201400012201,0,7,0,0.0,2.0,1.0,17.0,B02
201400012202,0,7,0,0.0,1.0,3.0,1.0,A01
201400012203,0,7,0,14.0,0.0,4.0,2.0,D04
201400012203,0,7,0,14.0,0.0,1.0,2.0,C03
201400012203,0,7,0,14.0,0.0,1.0,2.0,E05
201400012203,0,7,0,3.0,0.0,2.0,0.0,A01
201400012203,0,7,0,14.0,0.0,1.0,1.0,B02
201400012204,0,7,0,0.0,2.0,9.0,17.0,A01
201400012204,0,7,0,0.0,0.0,8.0,23.0,D04
201400012204,0,15,0,0.0,2.0,1.0,1.0,E05
201400012204,0,7,0,0.0,2.0,7.0,1.0,C03
201400012204,0,7,0,0.0,2.0,1.0,1.0,B02
201400012205,0,17,0,0.0,0.0,4.0,2.0,B02
201400012205,0,17,0,0.0,2.0,1.0,2.0,A01
201400012206,0,7,0,2.0,0.0,1.0,0.0,A01
201400012207,0,7,0,0.0,2.0,1.0,21.0,A01
201400012207,0,7,0,0.0,0.0,8.0,1.0,B02
201400012208,0,15,0,0.0,0.0,4.0,2.0,C03
201400012208,0,15,0,0.0,2.0,1.0,2.0,A01
201400012208,0,15,0,0.0,0.0,4.0,2.0,B02
201400012209,0,10,0,0.0,2.0,3.0,13.0,A01
201400012209,0,10,0,0.0,0.0,8.0,1.0,B02
201400012210,0,16,0,0.0,2.0,3.0,1.0,B02
201400012210,0,7,0,0.0,2.0,5.0,12.0,A01
201400012211,0,10,0,0.0,0.0,7.0,0.0,D04
201400012211,0,7,0,0.0,2.0,1.0,2.0,A01
201400012211,0,7,0,0.0,0.0,4.0,0.0,C03
201400012211,0,10,0,0.0,0.0,4.0,1.0,B02
201400012212,0,15,0,0.0,2.0,1.0,2.0,A01
201400012212,0,7,0,0.0,0.0,4.0,1.0,B02
201400012213,0,7,0,0.0,1.0,3.0,15.0,A01
201400012214,0,1,0,0.0,0.0,1.0,1.0,B01
201400012214,0,7,0,0.0,0.0,8.0,1.0,A01
201400012215,0,7,0,0.0,2.0,3.0,15.0,A01
201400012215,0,2,0,0.0,2.0,1.0,1.0,B01
201400012216,0,7,0,0.0,2.0,0.0,0.0,B01
201400012216,0,7,0,0.0,2.0,0.0,0.0,A01
201400012217,0,7,0,0.0,1.0,3.0,0.0,A01
201400012218,0,7,0,0.0,0.0,3.0,11.0,A01
201400012218,0,2,0,0.0,2.0,1.0,17.0,B01
201400012219,0,31,0,0.0,2.0,1.0,0.0,A01
201400012219,0,7,0,0.0,9.0,1.0,0.0,B01
201400012220,0,99,0,0.0,2.0,8.0,2.0,A01
201400012220,0,7,0,0.0,2.0,1.0,2.0,B02
201400012221,0,7,0,0.0,2.0,1.0,13.0,A01
201400012221,0,14,0,0.0,2.0,1.0,1.0,C03
201400012221,0,14,0,0.0,2.0,6.0,1.0,B02
201400012222,0,7,0,0.0,2.0,3.0,13.0,A01
201400012222,0,38,1,0.0,2.0,3.0,1.0,B02
201400012223,0,15,0,0.0,2.0,1.0,2.0,A01
201400012223,0,7,0,0.0,2.0,4.0,2.0,B02
201400012223,0,7,0,0.0,2.0,4.0,2.0,C03
201400012223,0,7,0,0.0,2.0,4.0,2.0,D04
201400012223,0,7,0,0.0,2.0,4.0,2.0,E05
201400012224,0,7,0,0.0,2.0,5.0,2.0,I09
201400012224,0,7,0,0.0,2.0,4.0,2.0,H08
201400012224,0,17,0,0.0,2.0,1.0,2.0,A01
201400012224,0,7,0,0.0,2.0,1.0,2.0,B02
201400012224,0,7,0,0.0,2.0,6.0,2.0,E05
201400012224,0,17,0,0.0,2.0,6.0,2.0,F06
201400012224,0,7,0,0.0,2.0,6.0,2.0,D04
201400012225,0,7,0,0.0,2.0,4.0,2.0,C03
201400012225,0,7,0,0.0,2.0,1.0,2.0,A01
201400012225,0,7,0,0.0,2.0,1.0,2.0,B02
201400012225,0,17,0,0.0,0.0,6.0,0.0,D04
201400012226,0,15,0,0.0,0.0,8.0,2.0,A01
201400012227,0,7,0,0.0,2.0,1.0,2.0,A01
201400012227,0,7,0,0.0,2.0,7.0,2.0,B02
201400012227,0,7,0,0.0,2.0,4.0,2.0,C03
201400012227,0,7,0,0.0,2.0,1.0,2.0,D04
201400012227,0,7,0,0.0,2.0,1.0,2.0,E05
201400012227,0,7,0,0.0,2.0,1.0,2.0,F06
201400012228,0,7,0,0.0,9.0,5.0,1.0,B02
201400012228,0,1,0,0.0,2.0,9.0,13.0,A01
201400012228,0,10,0,0.0,9.0,1.0,1.0,C03
201400012229,0,7,0,0.0,2.0,3.0,13.0,A01
201400012229,0,13,0,0.0,2.0,3.0,1.0,B02
201400012230,0,31,0,0.0,0.0,7.0,1.0,A01
201400012231,0,7,0,11.0,0.0,1.0,6.0,B02
201400012231,0,7,0,0.0,0.0,1.0,1.0,A01
201400012232,0,7,0,2.0,0.0,1.0,14.0,A01
201400012233,0,38,0,0.0,2.0,3.0,1.0,B02
201400012233,0,10,0,0.0,2.0,3.0,13.0,A01
201400012234,0,10,0,0.0,2.0,1.0,1.0,B02
201400012234,0,33,0,0.0,2.0,1.0,13.0,A01
201400012235,0,7,0,0.0,9.0,1.0,1.0,B02
201400012235,0,7,0,13.0,0.0,1.0,14.0,A01
201400012236,0,10,0,0.0,9.0,9.0,4.0,A01
201400012237,0,7,0,8.0,0.0,1.0,14.0,A01
201400012238,0,32,0,0.0,2.0,1.0,1.0,B02
201400012238,0,7,0,0.0,2.0,1.0,10.0,A01
201400012239,0,7,0,1.0,2.0,1.0,1.0,A01
201400012239,0,7,0,0.0,2.0,4.0,23.0,B02
201400012240,0,33,0,12.0,0.0,7.0,2.0,A01
201400012241,0,7,0,0.0,2.0,3.0,1.0,B02
201400012241,0,30,0,0.0,2.0,2.0,1.0,A01
201400012242,0,34,0,0.0,2.0,1.0,0.0,B02
201400012242,0,7,0,0.0,2.0,3.0,13.0,A01
201400012243,0,10,0,0.0,0.0,6.0,1.0,A01
201400012243,0,2,0,0.0,2.0,1.0,1.0,B02
201400012244,0,7,0,0.0,0.0,6.0,15.0,A01
201400012244,0,1,0,0.0,2.0,2.0,16.0,B02
201400012245,0,7,0,0.0,9.0,8.0,9.0,A01
201400012245,0,1,0,0.0,2.0,1.0,21.0,B02
201400012246,0,33,0,0.0,2.0,6.0,2.0,B02
201400012246,0,7,0,0.0,2.0,3.0,2.0,A01
201400012247,0,7,0,0.0,2.0,3.0,19.0,A01
201400012247,0,7,0,0.0,2.0,2.0,2.0,B02
201400012248,0,7,0,6.0,0.0,3.0,0.0,A01
201400012249,0,7,0,0.0,1.0,3.0,1.0,A01
201400012250,0,1,0,0.0,0.0,0.0,0.0,A01
201400012251,0,1,0,0.0,0.0,0.0,1.0,A01
201400012252,0,7,0,0.0,9.0,3.0,13.0,A01
201400012252,0,1,0,,,,,B02
201400012253,0,7,0,0.0,9.0,3.0,17.0,A01
201400012253,0,1,0,0.0,2.0,1.0,1.0,B02
201400012254,0,7,0,0.0,2.0,1.0,13.0,A01
201400012254,0,7,0,0.0,2.0,8.0,1.0,B02
201400012254,0,7,0,0.0,2.0,1.0,1.0,C03
201400012255,0,1,0,0.0,0.0,1.0,1.0,A01
201400012256,0,7,0,16.0,0.0,2.0,1.0,A01
201400012257,0,10,0,13.0,0.0,2.0,1.0,A01
201400012258,0,7,0,7.0,0.0,2.0,1.0,A01
201400012259,0,7,0,0.0,2.0,1.0,2.0,D04
201400012259,0,7,0,0.0,0.0,5.0,2.0,A01
201400012260,0,7,0,13.0,0.0,2.0,1.0,A01
201400012261,0,10,0,0.0,2.0,1.0,19.0,A01
201400012261,0,17,0,0.0,0.0,0.0,1.0,C03
201400012262,0,7,0,0.0,2.0,7.0,19.0,B02
201400012262,0,38,27,0.0,2.0,3.0,1.0,A01
201400012263,0,7,0,13.0,0.0,2.0,17.0,A01
201400012264,0,7,0,3.0,0.0,3.0,1.0,A01
201400012265,0,14,0,0.0,0.0,8.0,24.0,D04
201400012265,0,7,0,0.0,0.0,8.0,24.0,C03
201400012265,0,17,0,1.0,1.0,7.0,14.0,A01
201400012266,0,7,0,0.0,2.0,1.0,5.0,A01
201400012266,0,7,0,0.0,2.0,1.0,17.0,B02
201400012266,0,7,0,0.0,2.0,1.0,17.0,C03
201400012266,0,7,0,0.0,9.0,1.0,17.0,D04
201400012266,0,7,0,0.0,9.0,1.0,13.0,E05
201400012267,0,33,0,0.0,2.0,1.0,3.0,A01
201400012267,0,7,0,0.0,2.0,7.0,12.0,B02
201400012267,0,17,0,0.0,0.0,4.0,23.0,C03
201400012268,0,33,0,0.0,2.0,2.0,1.0,A01
201400012268,0,14,0,0.0,2.0,7.0,15.0,B02
201400012269,0,31,0,0.0,2.0,3.0,1.0,A01
201400012269,0,14,0,0.0,2.0,3.0,1.0,B02
201400012270,0,7,0,0.0,2.0,8.0,13.0,A01
201400012270,0,7,0,0.0,2.0,1.0,17.0,B02
201400012271,0,7,0,0.0,2.0,1.0,13.0,A01
201400012271,0,15,0,0.0,2.0,3.0,1.0,B02
201400012271,0,7,0,0.0,2.0,3.0,1.0,C03
201400012272,0,7,0,3.0,0.0,1.0,1.0,A01
201400012272,0,7,0,1.0,0.0,3.0,1.0,B02
201400012273,0,17,0,0.0,2.0,6.0,10.0,A01
201400012273,0,7,0,0.0,2.0,1.0,1.0,B02
201400012274,0,7,0,0.0,1.0,7.0,21.0,A01
201400012275,0,7,0,2.0,0.0,2.0,1.0,A01
201400012276,0,7,0,0.0,2.0,1.0,17.0,B02
201400012276,0,7,0,0.0,2.0,1.0,5.0,A01
201400012277,0,15,0,0.0,2.0,8.0,11.0,A01
201400012277,0,33,0,0.0,2.0,7.0,17.0,B02
201400012278,0,7,0,0.0,2.0,8.0,17.0,A01
201400012278,0,7,0,0.0,2.0,5.0,1.0,B02
201400012279,0,7,0,3.0,0.0,1.0,6.0,A01
201400012280,0,14,0,0.0,2.0,1.0,1.0,A01
201400012280,0,7,0,0.0,2.0,3.0,19.0,B02
201400012281,0,14,0,0.0,2.0,1.0,1.0,A01
201400012281,0,7,0,0.0,0.0,4.0,17.0,B02
201400012282,0,7,0,0.0,0.0,9.0,16.0,A01
201400012283,0,2,0,0.0,2.0,1.0,13.0,B02
201400012283,0,38,1,0.0,2.0,1.0,1.0,A01
201400012284,0,7,0,16.0,0.0,2.0,21.0,A01
201400012285,0,7,0,6.0,0.0,1.0,1.0,A01
201400012286,0,34,0,0.0,0.0,7.0,2.0,A01
201400012287,0,33,0,0.0,0.0,0.0,0.0,A01
201400012288,0,32,0,0.0,5.0,1.0,1.0,A01
201400012289,0,7,0,3.0,0.0,1.0,1.0,A01
201400012290,0,7,0,4.0,0.0,1.0,0.0,A01
201400012291,0,7,0,0.0,2.0,1.0,2.0,B02
201400012291,0,7,0,0.0,2.0,4.0,2.0,C03
201400012291,0,10,0,0.0,0.0,0.0,0.0,A01
201400012291,0,7,0,0.0,2.0,4.0,2.0,D04
201400012292,0,31,0,0.0,2.0,1.0,2.0,A01
201400012292,0,15,0,0.0,0.0,6.0,0.0,C03
201400012292,0,7,0,0.0,2.0,1.0,9.0,B02
201400012293,0,7,0,0.0,2.0,5.0,23.0,B02
201400012293,0,7,0,0.0,2.0,2.0,23.0,E05
201400012293,0,7,0,0.0,2.0,7.0,23.0,D04
201400012293,0,17,0,0.0,2.0,4.0,23.0,F06
201400012293,0,7,0,0.0,2.0,5.0,23.0,C03
201400012293,0,17,0,0.0,2.0,2.0,2.0,A01
201400012294,0,14,0,0.0,0.0,0.0,0.0,A01
201400012294,0,32,0,0.0,0.0,7.0,2.0,B02
201400012295,0,7,0,4.0,0.0,2.0,14.0,A01
201400012295,0,7,0,14.0,0.0,1.0,2.0,B02
201400012296,0,7,0,0.0,2.0,4.0,2.0,B02
201400012296,0,33,0,0.0,2.0,2.0,2.0,A01
201400012297,0,33,0,0.0,2.0,2.0,2.0,A01
201400012297,0,7,0,0.0,2.0,6.0,2.0,B02
201400012298,0,33,0,6.0,0.0,1.0,17.0,A01
201400012299,0,7,0,4.0,0.0,3.0,1.0,A01
201400012300,0,17,0,0.0,2.0,4.0,2.0,B02
201400012300,0,17,0,0.0,2.0,1.0,2.0,A01
201400012301,0,7,0,0.0,2.0,1.0,2.0,A01
201400012301,0,7,0,0.0,2.0,4.0,2.0,B02
201400012302,0,7,0,7.0,0.0,2.0,0.0,A01
201400012303,0,10,0,0.0,2.0,3.0,1.0,A01
201400012303,0,10,0,3.0,2.0,2.0,14.0,B02
201400012304,0,7,0,13.0,0.0,2.0,1.0,A01
201400012305,0,99,0,0.0,5.0,5.0,2.0,A01
201400012305,0,33,0,0.0,2.0,3.0,2.0,B02
201400012306,0,33,0,3.0,0.0,3.0,16.0,A01
201400012307,0,7,0,0.0,2.0,7.0,17.0,C03
201400012307,0,7,0,1.0,0.0,4.0,2.0,B02
201400012307,0,7,0,0.0,0.0,4.0,1.0,A01
201400012308,0,7,0,4.0,2.0,7.0,1.0,D04
201400012308,0,15,0,4.0,2.0,8.0,1.0,A01
201400012308,0,10,0,4.0,2.0,7.0,1.0,B02
201400012308,0,7,0,0.0,2.0,1.0,1.0,C03
201400012309,0,17,0,0.0,2.0,4.0,2.0,C03
201400012309,0,7,0,0.0,2.0,1.0,2.0,A01
201400012309,0,17,0,0.0,2.0,1.0,2.0,B02
201400012310,0,33,0,0.0,0.0,2.0,1.0,A01
201400012311,0,7,0,0.0,2.0,1.0,5.0,A01
201400012311,0,10,0,0.0,2.0,1.0,1.0,B02
201400012312,0,7,0,4.0,0.0,3.0,1.0,A01
201400012313,0,33,0,0.0,9.0,7.0,1.0,A01
201400012314,0,15,0,0.0,2.0,4.0,2.0,B02