Num_Acc,senc,catv,occutc,obs,obsm,choc,manv,num_veh
201400012572,0,33,0,0.0,2.0,1.0,2.0,A01
201400012572,0,10,0,0.0,0.0,6.0,2.0,B02
201400012573,0,33,0,2.0,0.0,1.0,16.0,A01
201400012574,0,7,0,0.0,0.0,6.0,21.0,A01
201400012574,0,7,0,0.0,0.0,3.0,1.0,B02
201400012575,0,33,0,0.0,2.0,1.0,3.0,A01
201400012575,0,3,0,0.0,2.0,3.0,15.0,B02
201400012576,0,33,0,0.0,2.0,1.0,1.0,B02
201400012576,0,7,0,0.0,2.0,8.0,15.0,A01
201400012577,0,33,0,0.0,2.0,1.0,17.0,B02
201400012577,0,7,0,0.0,0.0,6.0,15.0,A01
201400012578,0,7,0,8.0,0.0,1.0,13.0,A01
201400012579,0,1,0,0.0,2.0,1.0,0.0,A01
201400012579,0,7,0,0.0,9.0,1.0,0.0,B02
201400012580,0,30,0,0.0,0.0,0.0,14.0,A01
201400012581,0,7,0,0.0,2.0,3.0,1.0,B02
201400012581,0,7,0,0.0,2.0,3.0,13.0,A01
201400012582,0,7,0,14.0,0.0,1.0,11.0,C03
201400012582,0,17,0,0.0,0.0,6.0,1.0,A01
201400012582,0,7,0,0.0,2.0,2.0,11.0,B02
201400012583,0,7,0,0.0,1.0,2.0,1.0,A01
201400012584,0,7,0,13.0,0.0,1.0,14.0,A01
201400012585,0,10,0,0.0,2.0,4.0,2.0,A01
201400012585,0,7,0,0.0,2.0,5.0,2.0,B02
201400012585,0,7,0,0.0,2.0,3.0,2.0,C03
201400012586,0,7,0,0.0,0.0,5.0,2.0,A01
201400012586,0,7,0,0.0,2.0,3.0,2.0,B02
201400012587,0,14,0,0.0,0.0,0.0,0.0,A01
201400012588,0,7,0,2.0,0.0,8.0,1.0,A01
201400012589,0,7,0,0.0,2.0,6.0,1.0,A01
201400012589,0,10,0,0.0,2.0,2.0,1.0,B02
201400012589,0,7,0,0.0,2.0,1.0,1.0,C03
201400012590,0,7,0,0.0,2.0,3.0,13.0,A01
201400012590,0,7,0,0.0,2.0,2.0,1.0,B02
201400012591,0,7,0,2.0,0.0,3.0,14.0,A01
201400012592,0,10,0,3.0,0.0,9.0,1.0,A01
201400012593,0,7,0,14.0,0.0,1.0,1.0,B02
201400012593,0,7,0,3.0,0.0,1.0,1.0,A01
201400012594,0,7,0,4.0,0.0,1.0,1.0,A01
201400012594,0,7,0,0.0,2.0,1.0,21.0,B02
201400012594,0,7,0,1.0,0.0,8.0,21.0,C03
201400012594,0,7,0,14.0,0.0,1.0,21.0,D04
201400012595,0,17,0,14.0,1.0,2.0,1.0,B02
201400012596,0,7,0,12.0,0.0,2.0,1.0,A01
201400012597,0,7,0,6.0,0.0,1.0,1.0,A01
201400012598,0,7,0,4.0,0.0,3.0,2.0,A01
201400012599,0,7,0,4.0,0.0,1.0,9.0,A01
201400012600,0,7,0,13.0,0.0,2.0,1.0,A01
201400012601,0,7,0,4.0,0.0,3.0,17.0,A01
201400012602,0,7,0,3.0,0.0,1.0,2.0,A01
201400012603,0,10,0,1.0,0.0,2.0,14.0,B02
201400012603,0,14,0,0.0,9.0,6.0,24.0,A01
201400012604,0,7,0,4.0,2.0,1.0,1.0,A01
201400012605,0,3,0,0.0,2.0,2.0,11.0,A01
201400012605,0,7,0,0.0,2.0,2.0,1.0,B02
201400012606,0,30,0,0.0,2.0,1.0,16.0,B02
201400012606,0,7,0,0.0,2.0,7.0,1.0,A01
201400012607,0,7,0,0.0,2.0,4.0,23.0,A01
201400012607,0,7,0,0.0,2.0,9.0,23.0,B02
201400012607,0,7,0,0.0,0.0,1.0,0.0,C03
201400012607,0,33,0,0.0,2.0,1.0,1.0,D04
201400012608,0,33,0,0.0,2.0,1.0,1.0,A01
201400012608,0,7,0,0.0,2.0,6.0,15.0,B02
201400012609,0,14,0,13.0,0.0,8.0,1.0,A01
201400012610,0,33,0,0.0,2.0,2.0,17.0,A01
201400012610,0,10,0,0.0,0.0,8.0,15.0,B02
201400012611,0,30,0,12.0,0.0,1.0,1.0,A01
201400012612,0,7,0,14.0,0.0,3.0,13.0,A01
201400012613,0,10,0,0.0,2.0,2.0,1.0,A01
201400012613,0,10,0,0.0,2.0,8.0,1.0,B02
201400012614,0,2,0,0.0,0.0,0.0,0.0,A01
201400012614,0,10,0,0.0,0.0,0.0,0.0,B02
201400012615,0,7,0,1.0,0.0,1.0,14.0,A01
201400012616,0,7,0,6.0,0.0,7.0,0.0,A01
201400012617,0,7,0,0.0,2.0,3.0,1.0,A01
201400012617,0,7,0,0.0,2.0,3.0,13.0,B02
201400012618,0,30,0,0.0,2.0,1.0,1.0,B02
201400012618,0,7,0,0.0,2.0,3.0,15.0,A01
201400012619,0,2,0,0.0,0.0,4.0,23.0,B02
201400012619,0,7,0,0.0,2.0,3.0,2.0,A01
201400012620,1,7,0,0.0,1.0,0.0,1.0,A01
201400012621,0,15,0,0.0,2.0,2.0,14.0,C03
201400012621,0,7,0,0.0,2.0,6.0,1.0,B02
201400012621,0,10,0,0.0,2.0,7.0,1.0,A01
201400012622,0,7,0,0.0,2.0,1.0,2.0,A01
201400012622,0,15,0,0.0,0.0,6.0,1.0,B02
201400012623,0,7,0,16.0,0.0,1.0,14.0,A01
201400012624,0,17,0,4.0,0.0,3.0,13.0,A01
201400012624,0,7,0,0.0,9.0,1.0,1.0,B02
201400012625,0,17,0,0.0,2.0,4.0,2.0,A01
201400012625,0,7,0,0.0,2.0,1.0,2.0,B02
201400012626,0,10,0,0.0,0.0,6.0,1.0,B02
201400012626,0,10,0,0.0,2.0,2.0,17.0,A01
201400012627,0,7,0,4.0,2.0,1.0,13.0,B02
201400012627,0,38,24,10.0,2.0,3.0,1.0,A01
201400012628,0,7,0,2.0,2.0,1.0,21.0,A01
201400012628,0,38,1,0.0,2.0,1.0,1.0,B02
201400012629,0,7,0,0.0,2.0,5.0,1.0,B02
201400012629,0,7,0,0.0,2.0,1.0,1.0,C03
201400012629,0,7,0,0.0,2.0,8.0,13.0,A01
201400012630,0,3,0,0.0,1.0,3.0,2.0,A01
201400012631,0,7,0,0.0,0.0,4.0,23.0,A01
201400012631,0,7,0,0.0,0.0,1.0,2.0,B02
201400012632,0,2,0,0.0,2.0,1.0,1.0,A01
201400012632,0,7,0,0.0,2.0,1.0,1.0,B02
201400012633,0,7,0,0.0,1.0,1.0,1.0,A01
201400012634,0,7,0,0.0,0.0,0.0,1.0,B02
201400012634,0,7,0,6.0,0.0,2.0,1.0,A01
201400012635,0,2,0,0.0,2.0,7.0,1.0,B02
201400012635,0,7,0,0.0,2.0,3.0,1.0,A01
201400012636,0,34,0,0.0,2.0,1.0,1.0,A01
201400012636,0,7,0,0.0,2.0,3.0,1.0,B02
201400012637,0,7,0,0.0,2.0,3.0,1.0,B02
201400012637,0,7,0,0.0,2.0,1.0,1.0,A01
201400012638,0,7,0,0.0,2.0,3.0,1.0,A01
201400012638,0,1,0,0.0,2.0,3.0,21.0,B02
201400012639,0,7,0,0.0,1.0,0.0,0.0,A01
201400012640,0,7,0,0.0,2.0,8.0,1.0,B02
201400012640,0,7,0,0.0,2.0,3.0,13.0,A01
201400012640,0,7,0,0.0,2.0,1.0,1.0,C03
201400012641,0,7,0,13.0,0.0,1.0,2.0,A01
201400012642,0,2,0,0.0,0.0,1.0,5.0,A01
201400012642,0,7,0,0.0,0.0,8.0,15.0,B02
201400012643,0,7,0,0.0,2.0,4.0,2.0,B02
201400012643,0,7,0,0.0,2.0,2.0,2.0,A01
201400012643,0,7,0,0.0,2.0,2.0,1.0,C03
201400012644,0,33,0,0.0,2.0,3.0,2.0,B02
201400012644,0,33,0,0.0,2.0,2.0,1.0,A01
201400012645,0,33,0,16.0,0.0,9.0,1.0,A01
201400012646,0,7,0,2.0,0.0,1.0,1.0,A01
201400012647,0,33,0,16.0,0.0,0.0,1.0,A01
201400012648,0,7,0,6.0,0.0,3.0,1.0,A01
201400012649,0,1,0,0.0,2.0,1.0,2.0,A01
201400012649,1,7,0,0.0,2.0,5.0,2.0,B02
201400012650,0,7,0,0.0,2.0,3.0,19.0,B02
201400012650,0,7,0,0.0,2.0,1.0,1.0,A01
201400012651,0,7,0,0.0,2.0,8.0,16.0,B02
201400012651,0,15,0,0.0,2.0,2.0,1.0,A01
201400012652,0,30,0,6.0,0.0,1.0,1.0,A01
201400012653,0,7,0,0.0,2.0,3.0,13.0,A01
201400012653,0,7,0,0.0,2.0,3.0,1.0,B02
201400012654,0,7,0,6.0,0.0,3.0,1.0,A01
201400012655,0,7,0,0.0,2.0,3.0,13.0,A01
201400012655,0,7,0,0.0,2.0,3.0,21.0,B02
201400012656,0,10,0,2.0,0.0,1.0,1.0,A01
201400012657,0,15,0,0.0,2.0,1.0,1.0,A01
201400012657,0,15,0,0.0,0.0,4.0,23.0,B02
201400012658,0,32,0,0.0,2.0,1.0,2.0,A01
201400012658,0,7,0,0.0,0.0,6.0,23.0,B02
201400012659,0,31,0,0.0,2.0,1.0,1.0,A01
201400012659,0,7,0,0.0,0.0,4.0,23.0,B02
201400012660,0,15,0,0.0,2.0,2.0,19.0,A01
201400012660,0,7,0,0.0,2.0,3.0,1.0,B02
201400012661,0,1,0,13.0,0.0,0.0,1.0,A01
201400012662,0,7,0,0.0,2.0,3.0,17.0,A01
201400012662,0,16,0,0.0,2.0,3.0,1.0,B02
201400012663,0,10,0,0.0,2.0,1.0,1.0,A01
201400012663,0,7,0,0.0,2.0,1.0,15.0,B02
201400012664,0,7,0,0.0,2.0,3.0,1.0,B02
201400012664,0,7,0,0.0,2.0,3.0,13.0,A01
201400012665,0,7,0,0.0,0.0,3.0,15.0,A01
201400012665,0,30,0,0.0,2.0,1.0,17.0,B02
201400012666,0,7,0,0.0,2.0,3.0,13.0,A01
201400012666,0,7,0,0.0,0.0,3.0,1.0,B02
201400012667,0,7,0,0.0,2.0,1.0,15.0,A01
201400012667,0,33,0,0.0,2.0,7.0,1.0,B02
201400012668,0,37,1,7.0,0.0,1.0,1.0,A01
201400012669,0,33,0,0.0,2.0,1.0,2.0,A01
201400012669,0,7,0,0.0,2.0,4.0,15.0,B02
201400012670,0,33,0,0.0,2.0,7.0,1.0,A01
201400012670,0,7,0,0.0,2.0,1.0,19.0,B02
201400012671,0,1,0,0.0,1.0,1.0,1.0,A01
201400012672,0,7,0,0.0,2.0,3.0,13.0,A01
201400012672,0,7,0,0.0,2.0,3.0,1.0,B02
201400012672,0,7,0,0.0,2.0,1.0,1.0,C03
201400012673,0,7,0,0.0,2.0,8.0,1.0,B02
201400012673,0,10,0,0.0,2.0,4.0,4.0,A01
201400012674,0,33,0,0.0,2.0,8.0,1.0,B02
201400012674,0,7,0,0.0,2.0,5.0,1.0,A01
201400012675,0,33,0,2.0,0.0,2.0,14.0,A01
201400012676,0,10,0,0.0,2.0,8.0,15.0,A01
201400012676,0,33,0,0.0,2.0,1.0,17.0,B02
201400012677,0,7,0,0.0,2.0,3.0,1.0,B02
201400012677,0,7,0,0.0,2.0,3.0,13.0,A01
201400012678,0,33,0,0.0,2.0,1.0,2.0,B02
201400012678,0,7,0,0.0,2.0,8.0,15.0,A01
201400012679,0,7,0,0.0,2.0,1.0,1.0,B02
201400012679,0,33,0,0.0,2.0,1.0,13.0,A01
201400012680,0,33,0,0.0,2.0,1.0,1.0,A01
201400012680,1,7,0,0.0,0.0,2.0,11.0,Z02
201400012681,0,1,0,0.0,2.0,7.0,16.0,C03
201400012681,0,10,0,0.0,9.0,1.0,1.0,A01
201400012681,0,1,0,0.0,2.0,7.0,16.0,B02
201400012682,0,33,0,0.0,0.0,4.0,0.0,A01
201400012682,0,33,0,1.0,0.0,1.0,2.0,B02
201400012683,0,33,0,0.0,0.0,3.0,1.0,B02
201400012683,0,7,0,0.0,0.0,3.0,13.0,A01
201400012684,0,7,0,1.0,0.0,1.0,14.0,A01
201400012685,0,7,0,0.0,2.0,3.0,15.0,B02
201400012685,0,33,0,0.0,2.0,1.0,17.0,A01
201400012686,0,7,0,0.0,9.0,7.0,13.0,A01
201400012686,0,30,0,0.0,2.0,1.0,1.0,B02
201400012687,0,7,0,,1.0,1.0,1.0,A01
201400012688,0,7,0,0.0,9.0,0.0,22.0,A01
201400012688,0,1,0,1.0,0.0,2.0,1.0,B02
201400012689,0,7,0,0.0,2.0,1.0,15.0,A01
201400012689,0,30,0,0.0,2.0,1.0,1.0,B02
201400012690,0,7,0,0.0,2.0,2.0,15.0,A01
201400012690,0,7,0,0.0,2.0,1.0,1.0,B02
201400012691,0,7,0,0.0,9.0,8.0,13.0,A01
201400012691,0,33,0,0.0,2.0,1.0,3.0,B02
201400012692,0,7,0,0.0,2.0,2.0,15.0,A01
201400012692,0,2,0,0.0,2.0,1.0,1.0,B02
201400012693,0,7,0,0.0,0.0,8.0,15.0,A01
201400012693,0,30,0,0.0,0.0,1.0,1.0,B02
201400012694,0,7,0,0.0,1.0,1.0,1.0,A01
201400012695,0,33,0,0.0,0.0,4.0,23.0,A01
201400012695,0,7,0,0.0,2.0,1.0,1.0,B02
201400012696,0,7,0,0.0,2.0,1.0,1.0,B02
201400012696,0,7,0,0.0,2.0,1.0,5.0,A01
201400012697,0,36,0,8.0,0.0,1.0,1.0,A01
201400012698,0,7,0,0.0,2.0,8.0,9.0,A01
201400012698,0,33,0,0.0,2.0,1.0,1.0,B02
201400012699,0,7,0,0.0,2.0,1.0,1.0,C03
201400012699,0,7,0,0.0,2.0,7.0,11.0,B02
201400012699,0,7,0,0.0,2.0,1.0,1.0,A01
201400012700,0,10,0,0.0,2.0,4.0,23.0,B02
201400012700,0,10,0,0.0,2.0,1.0,1.0,A01
201400012701,0,99,0,0.0,0.0,8.0,1.0,A01
201400012702,0,7,0,0.0,2.0,5.0,23.0,B02
201400012702,0,31,0,0.0,2.0,3.0,1.0,A01
201400012703,0,10,0,13.0,0.0,2.0,1.0,A01
201400012704,0,7,0,0.0,2.0,1.0,1.0,A01
201400012704,0,7,0,0.0,2.0,8.0,0.0,B02
201400012705,0,33,0,0.0,2.0,7.0,17.0,B02
201400012705,0,7,0,0.0,2.0,8.0,19.0,A01
201400012706,0,34,0,0.0,2.0,1.0,1.0,B02
201400012706,0,7,0,0.0,2.0,7.0,15.0,A01
201400012707,0,7,0,0.0,2.0,3.0,13.0,A01
201400012707,0,7,0,0.0,2.0,3.0,1.0,B02
201400012708,0,10,0,0.0,0.0,1.0,2.0,A01
201400012708,0,14,0,0.0,2.0,4.0,23.0,B02
201400012709,0,33,0,8.0,0.0,1.0,1.0,A01
201400012710,0,7,0,0.0,2.0,8.0,1.0,B02
201400012710,0,7,0,0.0,2.0,3.0,13.0,A01
201400012711,0,7,0,0.0,9.0,3.0,15.0,A01
201400012711,0,33,0,0.0,2.0,1.0,17.0,B02
201400012712,0,7,0,0.0,2.0,1.0,13.0,A01
201400012712,0,7,0,0.0,2.0,1.0,1.0,B02
201400012713,0,10,0,0.0,0.0,0.0,15.0,B02
201400012713,0,33,0,0.0,0.0,0.0,17.0,A01
201400012714,0,33,0,0.0,2.0,4.0,1.0,A01
201400012714,0,7,0,0.0,2.0,1.0,2.0,B02
201400012715,0,14,0,0.0,2.0,6.0,1.0,B02
201400012715,0,7,0,0.0,2.0,3.0,12.0,A01
201400012716,0,7,0,0.0,2.0,3.0,2.0,A01
201400012716,0,7,0,0.0,2.0,3.0,13.0,B02
201400012717,0,7,0,0.0,2.0,2.0,2.0,B02
201400012717,0,30,0,0.0,2.0,3.0,9.0,A01
201400012718,0,7,0,0.0,2.0,3.0,13.0,A01
201400012718,0,7,0,0.0,2.0,3.0,1.0,B02
201400012719,0,33,0,0.0,5.0,1.0,1.0,A01
201400012720,0,7,0,0.0,2.0,6.0,13.0,A01
201400012720,0,7,0,0.0,2.0,1.0,1.0,B02
201400012721,0,1,0,0.0,2.0,5.0,1.0,B02
201400012721,0,7,0,0.0,2.0,1.0,1.0,A01
201400012722,0,30,0,6.0,0.0,8.0,13.0,A01
201400012723,0,7,0,0.0,2.0,3.0,1.0,B02
201400012723,0,31,0,0.0,2.0,1.0,1.0,A01
201400012724,0,1,0,0.0,2.0,1.0,2.0,B02
201400012724,0,7,0,0.0,2.0,3.0,9.0,A01
201400012725,0,17,0,0.0,2.0,4.0,2.0,B02
201400012725,0,7,0,0.0,2.0,1.0,2.0,A01
201400012726,0,7,0,3.0,0.0,3.0,13.0,A01
201400012727,0,7,0,4.0,0.0,3.0,1.0,A01
201400012728,0,7,0,3.0,0.0,9.0,1.0,A01
201400012729,0,7,0,4.0,0.0,1.0,2.0,A01
201400012730,0,17,0,0.0,0.0,0.0,1.0,B02
201400012730,0,7,0,0.0,2.0,1.0,2.0,A01
201400012731,0,38,0,1.0,1.0,2.0,7.0,A01
201400012732,0,7,0,0.0,0.0,1.0,1.0,A01
201400012732,0,38,0,0.0,0.0,3.0,1.0,B02
201400012733,0,7,0,4.0,0.0,2.0,14.0,A01
201400012734,1,7,0,1.0,1.0,7.0,1.0,A01
201400012735,0,7,0,2.0,0.0,1.0,1.0,A01
201400012736,0,7,0,0.0,2.0,2.0,15.0,A01
201400012736,0,7,0,0.0,2.0,1.0,1.0,B02
201400012737,0,10,0,0.0,2.0,1.0,2.0,A01
201400012737,0,7,0,0.0,2.0,4.0,2.0,B02
201400012737,0,7,0,0.0,2.0,4.0,2.0,C03
201400012737,0,10,0,0.0,2.0,4.0,2.0,D04
201400012738,0,7,0,0.0,1.0,4.0,4.0,A01
201400012739,0,7,0,0.0,2.0,3.0,1.0,A01
201400012739,0,31,0,0.0,2.0,1.0,1.0,B02
201400012740,0,7,0,8.0,0.0,1.0,1.0,A01
201400012741,0,33,0,0.0,0.0,0.0,1.0,A01
201400012742,0,7,0,0.0,1.0,3.0,1.0,A01
201400012743,0,7,0,0.0,2.0,3.0,1.0,A01
201400012743,0,7,0,0.0,2.0,3.0,21.0,C03
201400012743,0,7,0,0.0,2.0,3.0,1.0,B02
201400012744,0,7,0,0.0,1.0,3.0,0.0,A01
201400012745,0,7,0,0.0,0.0,8.0,19.0,A01
201400012745,0,17,0,0.0,2.0,1.0,1.0,B02
201400012746,0,34,0,0.0,0.0,1.0,0.0,B02
201400012746,0,10,0,0.0,0.0,0.0,9.0,A01
201400012747,0,10,0,0.0,0.0,5.0,15.0,A01
201400012747,0,33,0,0.0,0.0,1.0,0.0,B02
201400012748,0,2,0,0.0,2.0,8.0,19.0,A01
201400012748,0,7,0,0.0,2.0,3.0,1.0,B02
201400012749,0,7,0,6.0,0.0,2.0,0.0,A01
201400012750,0,7,0,0.0,2.0,1.0,1.0,B02
201400012750,0,7,0,0.0,2.0,4.0,2.0,A01
201400012751,0,7,0,0.0,0.0,6.0,23.0,B02
201400012751,0,33,0,0.0,2.0,1.0,1.0,A01
201400012752,0,10,0,0.0,2.0,5.0,23.0,B02
201400012752,0,10,0,0.0,2.0,2.0,23.0,E05
201400012752,0,10,0,0.0,2.0,5.0,23.0,C03
201400012752,0,10,0,0.0,2.0,6.0,23.0,D04
201400012752,0,10,0,0.0,2.0,8.0,21.0,A01
201400012753,0,7,0,2.0,0.0,7.0,1.0,A01
201400012754,0,7,0,0.0,2.0,3.0,1.0,B02
201400012754,0,33,0,0.0,2.0,3.0,17.0,A01
201400012755,0,7,0,0.0,2.0,1.0,13.0,A01
201400012755,0,7,0,0.0,2.0,1.0,1.0,B02
201400012756,0,7,0,0.0,2.0,1.0,1.0,B02
201400012756,0,7,0,0.0,2.0,1.0,13.0,A01
201400012757,0,33,0,0.0,0.0,7.0,1.0,A01
201400012758,0,33,0,0.0,2.0,2.0,17.0,A01
201400012758,0,7,0,0.0,2.0,8.0,15.0,B02
201400012759,0,7,0,0.0,2.0,8.0,17.0,A01
201400012759,0,33,0,0.0,2.0,3.0,1.0,B02
201400012760,0,7,0,0.0,2.0,3.0,13.0,A01
201400012760,0,33,0,0.0,2.0,1.0,1.0,B02
201400012761,0,7,0,0.0,2.0,2.0,1.0,B02
201400012761,0,33,0,0.0,2.0,1.0,13.0,A01
201400012762,0,7,0,0.0,2.0,1.0,13.0,A01
201400012762,0,7,0,0.0,2.0,1.0,1.0,B02
201400012763,0,33,0,0.0,2.0,1.0,3.0,A01
201400012763,0,7,0,0.0,2.0,4.0,1.0,B02
201400012763,0,7,0,0.0,2.0,2.0,1.0,C03
201400012764,0,7,0,13.0,0.0,0.0,1.0,A01
201400012765,0,30,0,8.0,0.0,1.0,1.0,A01
201400012766,0,21,0,13.0,0.0,0.0,21.0,A01
201400012767,0,30,0,0.0,2.0,2.0,1.0,A01
201400012767,0,7,0,0.0,2.0,3.0,1.0,B02
201400012768,0,10,0,0.0,2.0,2.0,2.0,A01
201400012768,0,1,0,0.0,0.0,4.0,2.0,B02
201400012769,0,7,0,13.0,0.0,4.0,1.0,A01
201400012770,0,1,0,0.0,2.0,8.0,19.0,B02
201400012770,0,7,0,0.0,9.0,2.0,1.0,A01
201400012771,0,10,0,0.0,1.0,2.0,1.0,A01
201400012772,0,7,0,0.0,2.0,3.0,5.0,A01
201400012772,0,7,0,0.0,2.0,3.0,0.0,B02
201400012773,0,7,0,6.0,0.0,2.0,1.0,A01
201400012774,0,7,0,0.0,0.0,9.0,1.0,A01
201400012775,0,7,0,0.0,2.0,1.0,2.0,A01
201400012775,0,17,0,0.0,0.0,4.0,2.0,B02
201400012776,0,7,0,3.0,0.0,1.0,1.0,A01
201400012777,0,7,0,3.0,0.0,2.0,1.0,A01
201400012778,0,17,0,0.0,0.0,6.0,0.0,B02
201400012778,0,10,0,0.0,2.0,2.0,2.0,A01
201400012779,2,7,0,0.0,0.0,4.0,0.0,B02
201400012779,0,33,0,0.0,2.0,1.0,2.0,A01
201400012780,2,7,0,0.0,2.0,1.0,2.0,B02
201400012780,0,7,0,0.0,2.0,4.0,1.0,A01
201400012781,0,7,0,0.0,2.0,1.0,2.0,A01
201400012781,0,7,0,0.0,0.0,4.0,1.0,B02
201400012781,0,7,0,0.0,2.0,3.0,1.0,C03
201400012782,0,7,0,0.0,2.0,3.0,2.0,B02
201400012782,0,7,0,3.0,2.0,2.0,6.0,A01
201400012783,0,7,0,0.0,0.0,1.0,5.0,A01
201400012784,0,7,0,0.0,2.0,1.0,13.0,A01
201400012784,0,7,0,0.0,2.0,0.0,1.0,B02
201400012785,0,7,0,0.0,2.0,3.0,19.0,A01
201400012785,0,7,0,0.0,2.0,1.0,1.0,B02
201400012786,0,7,0,16.0,0.0,0.0,2.0,A01
201400012787,0,7,0,2.0,0.0,1.0,1.0,A01
201400012788,0,7,0,0.0,2.0,1.0,19.0,A01
201400012788,0,7,0,0.0,2.0,3.0,1.0,B02
201400012789,0,7,0,0.0,2.0,1.0,2.0,A01
201400012789,0,7,0,0.0,0.0,4.0,1.0,B02
201400012790,0,7,0,3.0,0.0,3.0,1.0,A01
201400012791,0,7,0,3.0,0.0,5.0,12.0,A01
201400012792,0,10,0,0.0,2.0,2.0,17.0,A01
201400012792,0,15,0,0.0,0.0,6.0,1.0,B02
201400012793,0,7,0,4.0,0.0,8.0,11.0,A01
201400012794,0,7,0,3.0,2.0,9.0,23.0,A01
201400012794,0,7,0,14.0,0.0,1.0,1.0,B02
201400012795,0,7,0,13.0,0.0,2.0,1.0,A01
201400012796,0,7,0,0.0,2.0,2.0,1.0,B02
201400012796,0,7,0,0.0,2.0,6.0,11.0,A01
201400012797,1,14,0,0.0,1.0,2.0,1.0,A01
201400012798,0,16,0,0.0,0.0,4.0,23.0,A01
201400012798,0,14,0,1.0,0.0,2.0,1.0,C03
201400012799,0,7,0,0.0,0.0,4.0,1.0,B02
201400012799,0,7,0,0.0,2.0,1.0,2.0,A01
201400012800,0,7,0,13.0,0.0,2.0,21.0,A01
201400012801,0,7,0,14.0,0.0,1.0,1.0,B02
201400012801,0,7,0,3.0,0.0,6.0,9.0,A01
201400012802,0,1,0,0.0,2.0,7.0,5.0,A01
201400012802,0,7,0,0.0,2.0,1.0,1.0,B02
201400012803,0,20,0,12.0,0.0,8.0,2.0,A01
201400012804,0,7,0,0.0,0.0,2.0,1.0,A01
201400012805,0,7,0,0.0,2.0,2.0,1.0,A01
201400012805,0,1,0,0.0,2.0,1.0,1.0,B02
201400012806,0,7,0,0.0,2.0,2.0,0.0,A01
201400012806,0,7,0,0.0,2.0,1.0,0.0,B02
201400012807,0,7,0,0.0,2.0,4.0,1.0,B02
201400012807,0,7,0,0.0,2.0,2.0,1.0,C03
201400012807,0,7,0,0.0,2.0,1.0,1.0,A01
201400012808,0,7,0,0.0,9.0,1.0,1.0,B02
201400012808,0,1,0,0.0,2.0,1.0,13.0,A01
201400012809,0,7,0,0.0,2.0,1.0,1.0,C03
201400012809,0,7,0,0.0,2.0,3.0,1.0,B02
201400012809,0,7,0,0.0,2.0,3.0,5.0,A01
201400012809,0,7,0,0.0,2.0,3.0,0.0,D04
201400012810,0,17,0,13.0,0.0,7.0,14.0,A02
201400012811,0,7,0,3.0,0.0,9.0,1.0,A01
201400012812,0,7,0,3.0,0.0,1.0,1.0,A01
201400012813,0,7,0,3.0,2.0,3.0,1.0,A01
201400012813,0,7,0,0.0,2.0,1.0,1.0,B02
201400012814,0,7,0,3.0,0.0,3.0,13.0,A01
201400012815,0,7,0,0.0,2.0,1.0,2.0,A01
201400012815,0,7,0,0.0,2.0,4.0,2.0,B02
201400012816,0,7,0,3.0,2.0,3.0,2.0,A01
201400012816,0,7,0,0.0,2.0,7.0,2.0,B02
201400012817,0,7,0,3.0,0.0,2.0,1.0,A01
201400012818,0,15,0,0.0,2.0,2.0,1.0,A01
201400012818,0,7,0,0.0,2.0,6.0,1.0,B02
201400012818,0,7,0,0.0,2.0,1.0,1.0,C03
201400012819,0,7,0,1.0,0.0,4.0,1.0,A01
201400012819,0,7,0,0.0,2.0,4.0,24.0,B02
201400012820,0,7,0,13.0,0.0,3.0,1.0,A01
201400012821,0,7,0,0.0,2.0,7.0,12.0,A01
201400012821,0,7,0,0.0,2.0,1.0,1.0,B02
201400012822,0,7,0,0.0,2.0,1.0,1.0,C03
201400012822,0,7,0,0.0,2.0,7.0,1.0,A01
201400012822,0,7,0,0.0,2.0,1.0,23.0,B02
201400012823,0,7,0,0.0,1.0,2.0,1.0,A01
201400012824,0,7,0,8.0,0.0,1.0,14.0,A01
201400012825,0,1,0,0.0,2.0,7.0,2.0,B02
201400012825,0,10,0,0.0,2.0,8.0,2.0,A01
201400012826,0,7,0,0.0,2.0,3.0,16.0,B02
201400012826,0,7,0,0.0,2.0,1.0,1.0,A01
201400012827,0,7,0,0.0,0.0,0.0,1.0,A01
201400012828,0,7,0,0.0,2.0,1.0,1.0,B02
201400012828,0,7,0,0.0,2.0,1.0,13.0,A01
201400012829,0,7,0,0.0,2.0,1.0,1.0,A01
201400012829,0,7,0,0.0,2.0,3.0,19.0,B02
201400012830,0,33,0,0.0,2.0,3.0,1.0,A01
201400012830,0,1,0,0.0,,1.0,1.0,B02
201400012831,0,7,0,0.0,,3.0,15.0,A01
201400012831,0,33,0,0.0,2.0,1.0,17.0,B02
201400012832,0,7,0,0.0,2.0,1.0,2.0,A01
201400012832,0,7,0,0.0,0.0,4.0,2.0,B02
201400012833,0,7,0,3.0,0.0,1.0,2.0,A01
201400012834,0,7,0,0.0,2.0,1.0,1.0,A01
201400012834,0,14,0,0.0,2.0,4.0,0.0,B02
201400012835,0,7,0,0.0,0.0,9.0,0.0,A01
201400012836,0,7,0,3.0,0.0,1.0,1.0,A01
201400012837,0,7,0,0.0,2.0,1.0,2.0,A01
201400012837,0,15,0,0.0,2.0,4.0,2.0,B02
201400012838,0,7,0,0.0,2.0,2.0,21.0,A01
201400012838,0,7,0,0.0,0.0,5.0,1.0,B02