Num_Acc,senc,catv,occutc,obs,obsm,choc,manv,num_veh
201400012839,0,7,0,0.0,2.0,4.0,2.0,B02
201400012839,0,7,0,0.0,2.0,1.0,2.0,A01
201400012840,0,7,0,0.0,2.0,1.0,2.0,A01
201400012840,0,7,0,0.0,2.0,4.0,2.0,B02
201400012841,0,10,0,3.0,0.0,3.0,0.0,A01
201400012841,0,7,0,0.0,2.0,1.0,0.0,B02
201400012842,0,30,0,6.0,0.0,2.0,1.0,A01
201400012843,2,7,0,0.0,2.0,2.0,3.0,A01
201400012843,0,17,0,0.0,0.0,0.0,1.0,B02
201400012844,0,7,0,3.0,2.0,8.0,17.0,A01
201400012844,0,15,0,3.0,2.0,3.0,1.0,B02
201400012845,0,7,0,1.0,0.0,1.0,1.0,A01
201400012846,0,7,0,3.0,0.0,3.0,1.0,A01
201400012847,0,17,0,0.0,2.0,2.0,21.0,A01
201400012847,0,7,0,0.0,2.0,8.0,19.0,C03
201400012848,0,7,0,0.0,2.0,3.0,13.0,A01
201400012848,0,14,0,0.0,2.0,3.0,21.0,B02
201400012849,0,7,0,3.0,0.0,1.0,1.0,A01
201400012850,0,10,0,0.0,2.0,1.0,2.0,A01
201400012850,0,15,0,0.0,0.0,4.0,2.0,B02
201400012851,0,17,0,3.0,0.0,0.0,1.0,A01
201400012851,0,15,0,16.0,0.0,0.0,1.0,B02
201400012852,0,10,0,0.0,1.0,3.0,1.0,A01
201400012852,0,7,0,14.0,0.0,1.0,17.0,B02
201400012853,0,7,0,0.0,2.0,2.0,2.0,A01
201400012853,0,7,0,0.0,2.0,6.0,1.0,B02
201400012853,0,7,0,14.0,2.0,1.0,2.0,C03
201400012853,0,7,0,14.0,0.0,1.0,2.0,D04
201400012854,0,7,0,0.0,2.0,3.0,19.0,A01
201400012854,0,7,0,0.0,2.0,6.0,23.0,B02
201400012854,0,7,0,0.0,2.0,7.0,1.0,C03
201400012855,0,7,0,3.0,0.0,2.0,1.0,A01
201400012855,0,14,0,0.0,0.0,4.0,21.0,B02
201400012855,0,7,0,0.0,2.0,1.0,21.0,C03
201400012855,0,7,0,0.0,1.0,1.0,21.0,E05
201400012855,0,14,0,0.0,2.0,4.0,23.0,F06
201400012855,0,14,0,0.0,0.0,0.0,23.0,G07
201400012855,0,7,0,0.0,2.0,4.0,23.0,H08
201400012855,0,7,0,0.0,2.0,1.0,21.0,I09
201400012855,0,7,0,0.0,2.0,1.0,21.0,J10
201400012856,0,10,0,0.0,2.0,3.0,5.0,A01
201400012856,0,7,0,0.0,2.0,8.0,1.0,B02
201400012856,0,7,0,0.0,2.0,2.0,1.0,C03
201400012857,0,7,0,4.0,0.0,9.0,1.0,A01
201400012858,0,7,0,0.0,2.0,8.0,1.0,B02
201400012858,0,17,0,0.0,2.0,1.0,1.0,A01
201400012859,0,33,0,6.0,0.0,4.0,1.0,A01
201400012860,0,10,0,0.0,0.0,1.0,13.0,A01
201400012860,0,7,0,0.0,0.0,1.0,1.0,B02
201400012861,0,33,0,13.0,0.0,1.0,0.0,A01
201400012862,0,7,0,0.0,2.0,3.0,13.0,A01
201400012862,0,7,0,0.0,2.0,3.0,1.0,B02
201400012863,0,7,0,0.0,2.0,3.0,10.0,A01
201400012863,0,2,0,0.0,2.0,1.0,1.0,B01
201400012864,0,7,0,0.0,2.0,1.0,2.0,A01
201400012864,0,7,0,0.0,2.0,4.0,2.0,B01
201400012864,0,7,0,0.0,2.0,4.0,2.0,C01
201400012865,0,7,0,0.0,0.0,8.0,13.0,A01
201400012865,0,7,0,0.0,0.0,8.0,1.0,B01
201400012866,0,7,0,0.0,0.0,1.0,2.0,A01
201400012866,0,7,0,0.0,2.0,4.0,1.0,B01
201400012867,0,7,0,0.0,0.0,7.0,19.0,A01
201400012867,0,33,0,0.0,0.0,1.0,1.0,B01
201400012868,0,30,0,0.0,1.0,1.0,1.0,A01
201400012869,0,7,0,0.0,0.0,3.0,15.0,A01
201400012869,0,2,0,0.0,0.0,1.0,3.0,B01
201400012870,0,7,0,0.0,1.0,3.0,15.0,A01
201400012871,0,10,0,0.0,1.0,1.0,1.0,A01
201400012872,0,7,0,0.0,1.0,1.0,1.0,A01
201400012873,0,7,0,0.0,1.0,1.0,1.0,A01
201400012874,0,7,0,0.0,1.0,7.0,1.0,A01
201400012875,0,7,0,0.0,0.0,2.0,16.0,A01
201400012875,0,1,0,0.0,0.0,1.0,1.0,B01
201400012876,0,7,0,0.0,0.0,1.0,16.0,A01
201400012876,0,30,0,0.0,0.0,4.0,15.0,B01
201400012877,0,14,0,0.0,0.0,5.0,0.0,A01
201400012877,0,1,0,0.0,0.0,1.0,1.0,B01
201400012878,0,34,0,0.0,0.0,8.0,1.0,A01
201400012879,0,7,0,0.0,2.0,7.0,19.0,A01
201400012879,0,7,0,0.0,2.0,1.0,0.0,B01
201400012880,0,7,0,0.0,0.0,2.0,10.0,A01
201400012880,0,30,0,0.0,0.0,1.0,1.0,B01
201400012881,0,7,0,0.0,1.0,8.0,1.0,A01
201400012882,0,7,0,0.0,0.0,1.0,2.0,A01
201400012882,0,7,0,0.0,0.0,4.0,2.0,B01
201400012883,2,7,0,0.0,0.0,2.0,15.0,A01
201400012883,0,10,0,0.0,0.0,3.0,1.0,B01
201400012884,0,7,0,0.0,1.0,1.0,2.0,A01
201400012885,0,30,0,0.0,2.0,0.0,1.0,B01
201400012885,1,7,0,0.0,0.0,0.0,9.0,A01
201400012886,0,7,0,0.0,6.0,9.0,21.0,A01
201400012887,0,7,0,0.0,0.0,4.0,2.0,B01
201400012887,0,7,0,0.0,2.0,1.0,2.0,A01
201400012888,0,31,0,0.0,0.0,0.0,2.0,A01
201400012888,0,7,0,0.0,0.0,0.0,2.0,B01
201400012889,0,7,0,0.0,0.0,6.0,1.0,B01
201400012889,0,7,0,0.0,2.0,1.0,9.0,A01
201400012890,0,7,0,14.0,1.0,7.0,17.0,A01
201400012891,0,7,0,0.0,1.0,1.0,1.0,A01
201400012892,0,7,0,0.0,0.0,1.0,0.0,A01
201400012892,0,34,0,0.0,0.0,6.0,2.0,B01
201400012893,1,7,0,0.0,1.0,1.0,1.0,Z01
201400012894,0,7,0,0.0,1.0,1.0,1.0,A01
201400012895,0,7,0,0.0,2.0,7.0,1.0,B01
201400012895,2,7,0,0.0,2.0,1.0,1.0,A01
201400012896,0,30,0,0.0,0.0,1.0,17.0,A01
201400012897,0,10,0,0.0,0.0,7.0,17.0,A01
201400012897,0,1,0,0.0,0.0,5.0,2.0,B01
201400012898,0,7,0,0.0,0.0,8.0,24.0,A01
201400012898,0,2,0,0.0,0.0,1.0,1.0,B01
201400012899,0,10,0,0.0,0.0,1.0,1.0,A01
201400012899,0,7,0,0.0,1.0,4.0,1.0,B01
201400012900,0,7,0,0.0,0.0,1.0,13.0,A01
201400012900,0,7,0,0.0,0.0,1.0,1.0,B01
201400012901,0,7,0,0.0,2.0,1.0,13.0,A01
201400012901,0,7,0,0.0,2.0,3.0,1.0,B01
201400012902,0,30,0,0.0,2.0,1.0,1.0,A01
201400012902,0,10,0,0.0,0.0,8.0,1.0,B01
201400012903,0,7,0,0.0,2.0,8.0,1.0,A01
201400012903,0,7,0,0.0,2.0,1.0,1.0,B01
201400012904,0,7,0,0.0,1.0,4.0,4.0,A01
201400012905,0,7,0,0.0,0.0,1.0,2.0,A01
201400012905,0,7,0,0.0,0.0,4.0,2.0,B01
201400012906,0,15,0,0.0,0.0,1.0,2.0,A01
201400012906,0,7,0,0.0,0.0,4.0,2.0,B01
201400012907,0,1,0,0.0,2.0,1.0,9.0,B01
201400012907,0,7,0,0.0,0.0,0.0,0.0,A01
201400012908,0,7,0,0.0,1.0,1.0,17.0,A01
201400012909,0,7,0,0.0,0.0,7.0,2.0,A01
201400012909,0,30,0,0.0,0.0,8.0,2.0,B01
201400012910,0,7,0,0.0,1.0,1.0,1.0,A01
201400012911,0,7,0,0.0,0.0,3.0,1.0,A01
201400012911,0,30,0,0.0,2.0,1.0,1.0,B01
201400012912,0,1,0,0.0,2.0,1.0,1.0,B01
201400012912,0,7,0,0.0,2.0,3.0,1.0,A01
201400012913,0,38,2,0.0,1.0,2.0,1.0,A01
201400012914,0,33,0,0.0,2.0,1.0,1.0,B01
201400012914,0,7,0,0.0,2.0,1.0,9.0,A01
201400012915,0,7,0,0.0,1.0,8.0,1.0,A01
201400012916,0,30,0,0.0,0.0,1.0,17.0,A01
201400012916,0,7,0,0.0,0.0,1.0,1.0,B01
201400012917,0,2,0,0.0,2.0,1.0,1.0,A01
201400012917,0,7,0,0.0,0.0,4.0,23.0,B01
201400012918,0,7,0,0.0,1.0,1.0,0.0,A01
201400012919,0,33,0,0.0,1.0,1.0,1.0,A01
201400012920,0,7,0,0.0,0.0,2.0,1.0,B01
201400012920,0,7,0,0.0,0.0,3.0,16.0,A01
201400012921,0,7,0,0.0,2.0,1.0,1.0,B01
201400012921,0,7,0,0.0,2.0,8.0,1.0,A01
201400012922,0,7,0,0.0,1.0,1.0,1.0,A01
201400012923,0,7,0,0.0,0.0,2.0,14.0,A01
201400012923,0,2,0,0.0,0.0,6.0,1.0,B01
201400012924,0,7,0,0.0,2.0,1.0,1.0,B01
201400012924,0,7,0,0.0,2.0,6.0,1.0,A01
201400012925,0,33,0,16.0,0.0,1.0,1.0,A01
201400012926,0,7,0,0.0,0.0,6.0,15.0,A01
201400012926,0,2,0,0.0,2.0,1.0,17.0,B01
201400012927,0,7,0,0.0,2.0,1.0,1.0,A01
201400012927,0,7,0,0.0,0.0,4.0,1.0,B01
201400012928,0,7,0,0.0,2.0,7.0,1.0,A01
201400012928,0,7,0,0.0,2.0,1.0,1.0,B01
201400012929,0,30,0,0.0,1.0,1.0,1.0,A01
201400012930,0,7,0,0.0,2.0,1.0,15.0,A01
201400012930,0,2,0,0.0,2.0,1.0,1.0,B01
201400012931,0,33,0,0.0,2.0,1.0,1.0,A01
201400012931,0,1,0,0.0,0.0,8.0,19.0,B02
201400012932,0,31,0,8.0,0.0,0.0,1.0,A01
201400012933,0,7,0,0.0,2.0,4.0,1.0,B02
201400012933,0,2,0,0.0,2.0,1.0,1.0,A01
201400012934,0,1,0,0.0,2.0,1.0,0.0,B02
201400012934,2,30,0,1.0,9.0,1.0,1.0,A01
201400012935,0,33,0,0.0,0.0,7.0,1.0,A01
201400012935,0,7,0,2.0,0.0,2.0,19.0,B02
201400012936,0,1,0,0.0,2.0,5.0,6.0,A01
201400012936,0,30,0,0.0,2.0,3.0,2.0,B02
201400012937,0,7,0,0.0,2.0,3.0,1.0,B02
201400012937,0,7,0,0.0,2.0,7.0,13.0,A01
201400012938,0,7,0,2.0,0.0,1.0,1.0,A01
201400012939,0,10,0,0.0,2.0,1.0,1.0,A01
201400012939,0,1,0,0.0,2.0,1.0,1.0,B02
201400012940,0,10,0,0.0,1.0,4.0,4.0,A01
201400012941,0,1,0,0.0,1.0,7.0,1.0,A01
201400012942,0,7,0,0.0,2.0,3.0,1.0,A01
201400012942,0,14,0,0.0,2.0,3.0,1.0,B02
201400012942,0,31,0,0.0,2.0,4.0,1.0,C03
201400012943,0,7,0,0.0,2.0,2.0,1.0,A01
201400012943,0,7,0,0.0,2.0,3.0,1.0,B02
201400012944,0,7,0,1.0,0.0,1.0,14.0,A01
201400012945,0,30,0,0.0,0.0,0.0,1.0,A01
201400012946,0,7,0,0.0,2.0,1.0,1.0,B02
201400012946,0,7,0,0.0,2.0,2.0,15.0,A01
201400012947,0,7,0,0.0,2.0,1.0,9.0,A01
201400012947,0,1,0,0.0,0.0,4.0,1.0,B02
201400012948,0,7,0,0.0,9.0,7.0,17.0,A01
201400012948,0,1,0,0.0,2.0,8.0,1.0,B02
201400012949,0,1,0,0.0,2.0,8.0,1.0,B02
201400012949,0,7,0,0.0,2.0,3.0,15.0,A01
201400012950,0,17,0,0.0,2.0,1.0,1.0,A01
201400012950,0,10,0,0.0,2.0,8.0,15.0,B02
201400012951,0,7,0,0.0,1.0,2.0,1.0,A01
201400012952,0,10,0,0.0,2.0,1.0,1.0,A01
201400012952,0,10,0,0.0,2.0,7.0,15.0,B02
201400012953,0,10,0,2.0,0.0,1.0,1.0,A01
201400012954,0,33,0,0.0,2.0,1.0,17.0,A01
201400012954,0,7,0,0.0,2.0,6.0,15.0,B02
201400012955,0,7,0,0.0,2.0,6.0,19.0,B02
201400012955,0,33,0,0.0,2.0,1.0,17.0,A01
201400012956,0,7,0,0.0,2.0,1.0,15.0,A01
201400012956,0,1,0,0.0,2.0,1.0,1.0,B02
201400012957,0,33,0,0.0,2.0,3.0,1.0,A01
201400012957,0,14,0,0.0,2.0,3.0,1.0,B02
201400012958,0,33,0,0.0,2.0,1.0,2.0,B02
201400012958,0,7,0,0.0,2.0,4.0,2.0,A01
201400012959,0,7,0,6.0,2.0,3.0,17.0,A01
201400012959,0,7,0,0.0,2.0,3.0,1.0,B02
201400012960,0,30,0,6.0,0.0,7.0,1.0,A01
201400012961,0,10,0,0.0,2.0,1.0,19.0,B02
201400012961,0,30,0,0.0,0.0,8.0,0.0,A01
201400012962,0,33,0,3.0,0.0,8.0,2.0,A01
201400012963,0,7,0,4.0,2.0,1.0,2.0,A01
201400012963,0,7,0,0.0,2.0,4.0,2.0,B02
201400012964,0,7,0,0.0,2.0,6.0,2.0,A01
201400012964,0,7,0,0.0,2.0,2.0,2.0,B02
201400012965,0,7,0,0.0,2.0,2.0,17.0,B02
201400012965,0,15,0,0.0,2.0,6.0,1.0,A01
201400012966,0,7,0,1.0,0.0,2.0,2.0,A01
201400012967,0,10,0,3.0,2.0,5.0,2.0,A01
201400012967,0,38,62,3.0,2.0,2.0,1.0,B02
201400012968,0,7,0,0.0,2.0,2.0,14.0,A01
201400012968,0,15,0,0.0,2.0,6.0,1.0,B02
201400012969,0,7,0,6.0,0.0,1.0,13.0,A01
201400012970,0,33,0,4.0,0.0,1.0,16.0,A01
201400012971,0,37,0,0.0,2.0,1.0,21.0,B02
201400012971,0,10,0,0.0,2.0,3.0,5.0,A01
201400012972,0,7,0,0.0,2.0,3.0,5.0,A01
201400012972,0,7,0,0.0,2.0,3.0,5.0,B02
201400012973,0,7,0,0.0,2.0,3.0,1.0,C03
201400012973,0,38,0,0.0,2.0,1.0,1.0,B02
201400012973,0,7,0,0.0,2.0,3.0,5.0,A01
201400012974,0,7,0,1.0,0.0,1.0,0.0,A01
201400012975,0,33,0,0.0,2.0,1.0,1.0,B02
201400012975,0,7,0,0.0,2.0,7.0,15.0,A01
201400012976,0,10,0,0.0,2.0,1.0,1.0,A01
201400012976,0,17,0,0.0,0.0,4.0,1.0,B02
201400012977,0,7,0,4.0,0.0,2.0,17.0,A01
201400012978,0,7,0,4.0,0.0,2.0,1.0,A01
201400012979,0,7,0,4.0,0.0,2.0,1.0,A01
201400012980,0,14,0,13.0,0.0,3.0,0.0,A01
201400012981,0,38,0,0.0,2.0,3.0,19.0,A01
201400012981,0,7,0,0.0,2.0,2.0,1.0,B02
201400012982,0,7,0,0.0,2.0,1.0,13.0,A01
201400012982,0,7,0,0.0,2.0,3.0,1.0,B02
201400012983,0,7,0,0.0,1.0,1.0,15.0,A01
201400012984,0,33,0,3.0,0.0,8.0,21.0,A01
201400012985,0,7,0,0.0,2.0,1.0,1.0,A01
201400012985,0,7,0,4.0,0.0,9.0,1.0,B02
201400012986,0,7,0,0.0,2.0,3.0,13.0,A01
201400012986,0,17,0,0.0,2.0,3.0,1.0,B02
201400012986,0,7,0,0.0,2.0,3.0,1.0,D04
201400012987,0,10,0,1.0,0.0,1.0,1.0,A01
201400012987,0,7,0,0.0,2.0,4.0,23.0,B02
201400012988,0,31,0,0.0,2.0,1.0,1.0,B02
201400012988,0,7,0,0.0,0.0,3.0,10.0,A01
201400012989,0,7,0,0.0,2.0,7.0,1.0,B02
201400012989,0,10,0,0.0,2.0,1.0,19.0,A01
201400012990,0,10,0,0.0,2.0,2.0,1.0,B02
201400012990,0,7,0,0.0,2.0,2.0,3.0,A01
201400012991,0,7,0,0.0,2.0,1.0,1.0,A01
201400012991,0,7,0,0.0,2.0,1.0,1.0,B02
201400012992,0,7,0,0.0,2.0,3.0,1.0,A01
201400012992,0,7,0,13.0,2.0,5.0,17.0,B02
201400012993,0,10,0,3.0,0.0,3.0,1.0,A01
201400012994,0,15,0,3.0,0.0,2.0,1.0,A01
201400012995,0,34,0,0.0,0.0,7.0,17.0,A01
201400012996,0,7,0,0.0,0.0,4.0,2.0,B02
201400012996,0,7,0,0.0,2.0,4.0,2.0,D04
201400012996,0,7,0,0.0,2.0,1.0,2.0,A01
201400012996,0,10,0,0.0,2.0,4.0,2.0,C03
201400012997,0,7,0,0.0,5.0,1.0,1.0,A01
201400012997,0,14,0,0.0,0.0,0.0,0.0,B02
201400012998,0,7,0,6.0,0.0,3.0,1.0,A01
201400012999,0,7,0,3.0,0.0,1.0,1.0,A01
201400013000,0,10,0,0.0,2.0,1.0,1.0,B02
201400013000,0,17,0,3.0,2.0,1.0,1.0,A01
201400013001,0,7,0,3.0,0.0,2.0,1.0,A01
201400013002,0,7,0,0.0,1.0,4.0,20.0,A01
201400013003,0,7,0,0.0,2.0,3.0,13.0,A01
201400013003,0,7,0,0.0,2.0,3.0,1.0,B02
201400013004,0,7,0,0.0,2.0,4.0,23.0,B02
201400013004,0,7,0,0.0,2.0,4.0,23.0,C03
201400013004,0,7,0,0.0,2.0,1.0,2.0,A01
201400013005,0,7,0,0.0,2.0,7.0,15.0,B02
201400013005,0,2,0,0.0,2.0,1.0,1.0,A01
201400013006,0,7,0,13.0,2.0,1.0,17.0,A01
201400013006,0,7,0,0.0,2.0,4.0,1.0,B02
201400013007,2,10,0,2.0,0.0,1.0,0.0,A01
201400013008,0,7,0,0.0,0.0,9.0,0.0,B02
201400013008,0,15,0,0.0,2.0,1.0,0.0,A01
201400013008,0,7,0,0.0,0.0,4.0,0.0,D04
201400013008,0,7,0,0.0,0.0,9.0,0.0,C03
201400013009,0,7,0,0.0,2.0,4.0,1.0,B02
201400013009,0,7,0,0.0,2.0,1.0,1.0,A01
201400013010,0,33,0,0.0,0.0,0.0,12.0,A01
201400013011,0,7,0,0.0,0.0,8.0,10.0,A01
201400013011,0,32,0,0.0,0.0,1.0,17.0,B02
201400013012,0,7,0,7.0,0.0,1.0,1.0,A01
201400013013,0,7,0,7.0,0.0,3.0,1.0,A01
201400013014,0,14,0,0.0,2.0,1.0,2.0,A01
201400013014,0,7,0,0.0,0.0,4.0,2.0,B02
201400013015,0,7,0,13.0,0.0,1.0,21.0,A01
201400013016,0,7,0,13.0,0.0,1.0,1.0,A01
201400013017,0,10,0,0.0,2.0,1.0,2.0,A01
201400013017,0,15,0,0.0,2.0,4.0,2.0,C03
201400013017,0,7,0,0.0,0.0,4.0,2.0,B02
201400013018,0,7,0,0.0,0.0,9.0,1.0,A01
201400013019,0,33,0,3.0,0.0,1.0,17.0,A01
201400013020,0,7,0,0.0,0.0,1.0,17.0,A01
201400013021,0,7,0,0.0,2.0,1.0,13.0,A01
201400013021,0,7,0,0.0,2.0,1.0,21.0,B02
201400013022,0,31,0,15.0,0.0,1.0,1.0,A01
201400013023,0,33,0,0.0,2.0,1.0,1.0,A01
201400013023,0,7,0,0.0,2.0,3.0,1.0,B01
201400013024,0,7,0,13.0,0.0,1.0,1.0,A01
201400013024,0,7,0,13.0,0.0,1.0,1.0,B01
201400013025,0,7,0,0.0,2.0,1.0,17.0,A01
201400013025,0,7,0,0.0,2.0,6.0,1.0,B01
201400013026,0,7,0,0.0,2.0,2.0,1.0,B01
201400013026,0,7,0,0.0,2.0,1.0,19.0,A01
201400013027,0,7,0,9.0,0.0,1.0,0.0,A01
201400013028,0,7,0,9.0,0.0,0.0,0.0,A01
201400013029,0,7,0,0.0,0.0,0.0,1.0,A01
201400013030,0,7,0,0.0,2.0,4.0,0.0,A01
201400013030,0,7,0,0.0,2.0,1.0,1.0,B01
201400013031,0,7,0,0.0,0.0,9.0,1.0,A01
201400013032,0,7,0,0.0,2.0,7.0,1.0,A01
201400013032,0,1,0,0.0,2.0,1.0,1.0,B01
201400013033,0,33,0,0.0,2.0,0.0,0.0,B01
201400013033,0,10,0,0.0,0.0,5.0,0.0,A01
201400013034,0,10,0,0.0,1.0,2.0,1.0,A01
201400013035,0,7,0,0.0,2.0,0.0,1.0,A01
201400013035,0,37,3,0.0,2.0,0.0,1.0,B01
201400013036,0,7,0,0.0,0.0,0.0,0.0,A01
201400013037,0,7,0,6.0,0.0,1.0,1.0,A01
201400013038,0,33,0,0.0,1.0,1.0,1.0,A01
201400013039,0,7,0,0.0,1.0,8.0,0.0,A01
201400013040,0,7,0,0.0,2.0,1.0,1.0,A01
201400013040,0,7,0,0.0,2.0,1.0,0.0,B01
201400013041,0,7,0,0.0,2.0,1.0,13.0,B01
201400013041,0,32,0,0.0,2.0,1.0,0.0,A01
201400013042,0,33,0,0.0,0.0,0.0,0.0,A01
201400013043,0,7,0,0.0,2.0,1.0,1.0,B01
201400013043,0,32,0,0.0,2.0,1.0,1.0,A01
201400013044,0,7,0,0.0,2.0,1.0,0.0,A01
201400013044,0,30,0,0.0,2.0,0.0,0.0,B01
201400013045,0,7,0,0.0,2.0,0.0,0.0,A01
201400013045,0,7,0,0.0,2.0,2.0,0.0,B01
201400013046,0,7,0,0.0,2.0,5.0,0.0,B01
201400013046,0,10,0,0.0,2.0,5.0,0.0,A01
201400013047,0,7,0,0.0,0.0,0.0,0.0,A01
201400013048,1,7,0,0.0,1.0,0.0,0.0,A01
201400013049,0,7,0,0.0,2.0,1.0,2.0,A01
201400013049,0,7,0,0.0,2.0,4.0,0.0,B01
201400013049,0,7,0,0.0,0.0,0.0,0.0,C01
201400013050,0,7,0,0.0,2.0,0.0,0.0,A01
201400013050,0,7,0,0.0,2.0,6.0,0.0,B01
201400013051,0,7,0,0.0,2.0,2.0,0.0,A01
201400013051,0,7,0,0.0,2.0,8.0,0.0,C01
201400013051,0,7,0,0.0,2.0,7.0,0.0,B01
201400013052,0,7,0,0.0,0.0,3.0,0.0,A01
201400013053,0,7,0,0.0,2.0,1.0,1.0,A01
201400013053,0,32,0,0.0,2.0,1.0,1.0,B01
201400013054,0,7,0,0.0,2.0,4.0,0.0,A01
201400013054,0,7,0,0.0,2.0,0.0,2.0,B01
201400013055,0,7,0,0.0,1.0,1.0,0.0,A01
201400013056,0,7,0,0.0,1.0,0.0,0.0,A01
201400013057,0,7,0,0.0,2.0,1.0,0.0,B01
201400013057,0,7,0,0.0,2.0,7.0,0.0,A01
201400013058,0,7,0,0.0,2.0,4.0,0.0,B01
201400013058,0,7,0,0.0,2.0,1.0,0.0,A01
201400013059,0,33,0,0.0,2.0,0.0,15.0,B01
201400013059,0,7,0,0.0,9.0,0.0,0.0,A01
201400013060,0,30,0,0.0,2.0,1.0,2.0,B01
201400013060,0,7,0,0.0,9.0,4.0,2.0,A01
201400013061,0,7,0,0.0,2.0,0.0,0.0,B01
201400013061,0,7,0,0.0,2.0,0.0,0.0,C01
201400013061,0,7,0,0.0,0.0,0.0,0.0,A01
201400013062,0,7,0,0.0,2.0,5.0,2.0,A01
201400013062,0,1,0,0.0,2.0,1.0,2.0,B01
201400013063,0,7,0,0.0,2.0,4.0,2.0,A01
201400013063,0,7,0,0.0,2.0,1.0,2.0,B01
201400013064,0,7,0,0.0,2.0,3.0,0.0,B01
201400013064,0,7,0,0.0,2.0,2.0,0.0,A01
201400013065,0,31,0,0.0,2.0,1.0,2.0,B01
201400013065,0,10,0,0.0,9.0,4.0,4.0,A01
201400013066,0,7,0,0.0,1.0,2.0,0.0,A01
201400013067,0,7,0,0.0,2.0,3.0,0.0,B01
201400013067,0,33,0,0.0,2.0,1.0,2.0,A01
201400013068,0,7,0,0.0,2.0,1.0,2.0,A01
201400013068,0,7,0,0.0,2.0,4.0,2.0,B01
201400013069,0,7,0,0.0,1.0,0.0,0.0,A01
201400013070,0,32,0,0.0,0.0,0.0,0.0,A01
201400013071,0,7,0,0.0,2.0,6.0,15.0,A01
201400013071,0,1,0,0.0,2.0,6.0,18.0,B01
201400013072,0,7,0,0.0,2.0,2.0,16.0,A01
201400013072,0,7,0,0.0,2.0,1.0,21.0,C01
201400013072,0,7,0,0.0,2.0,1.0,21.0,D01
201400013072,0,7,0,0.0,2.0,4.0,21.0,B01
201400013073,0,7,0,0.0,2.0,0.0,1.0,B01
201400013073,0,33,0,0.0,2.0,0.0,13.0,A01
201400013074,0,7,0,0.0,2.0,2.0,10.0,A01
201400013074,0,7,0,0.0,2.0,3.0,1.0,B01
201400013075,0,33,0,0.0,2.0,1.0,14.0,A01
201400013075,0,7,0,0.0,2.0,2.0,2.0,B01
201400013076,0,7,0,0.0,2.0,5.0,2.0,A01
201400013076,0,7,0,0.0,2.0,1.0,2.0,B01
201400013077,0,7,0,0.0,2.0,2.0,14.0,B01
201400013077,0,99,0,0.0,2.0,6.0,13.0,A01
201400013078,0,7,0,0.0,5.0,9.0,21.0,A01
201400013079,0,7,0,0.0,0.0,6.0,2.0,B01
201400013079,0,2,0,0.0,2.0,1.0,2.0,A01
201400013080,0,30,0,0.0,0.0,0.0,0.0,B01
201400013080,0,7,0,0.0,0.0,0.0,0.0,A01
201400013081,0,30,0,0.0,0.0,0.0,0.0,A01
201400013082,0,7,0,0.0,0.0,9.0,2.0,A01
201400013083,0,7,0,1.0,2.0,4.0,4.0,A01
201400013083,0,7,0,1.0,2.0,4.0,0.0,B01
201400013084,0,30,0,0.0,0.0,0.0,1.0,A01
201400013085,0,7,0,0.0,2.0,1.0,13.0,A01
201400013085,0,7,0,0.0,2.0,1.0,1.0,B01
201400013086,0,1,0,0.0,0.0,0.0,0.0,A01
201400013087,0,36,0,0.0,0.0,1.0,15.0,A01
201400013088,0,7,0,0.0,0.0,0.0,0.0,A01
201400013088,0,30,0,0.0,2.0,0.0,0.0,B01
201400013089,0,7,0,0.0,2.0,3.0,0.0,B01
201400013089,0,2,0,0.0,2.0,3.0,11.0,A01
201400013090,0,34,0,0.0,2.0,8.0,16.0,A01
201400013090,0,7,0,0.0,2.0,3.0,0.0,B01
201400013091,0,7,0,1.0,2.0,3.0,1.0,B01
201400013091,0,2,0,0.0,2.0,3.0,1.0,A01
201400013092,0,3,0,0.0,9.0,1.0,2.0,A01
201400013093,0,7,0,0.0,2.0,4.0,1.0,B01
201400013093,0,7,0,0.0,2.0,1.0,2.0,A01
201400013094,0,7,0,0.0,1.0,2.0,1.0,A01
201400013095,0,3,0,0.0,9.0,9.0,1.0,A01
201400013096,0,30,0,0.0,2.0,1.0,0.0,A01
201400013096,0,7,0,0.0,2.0,2.0,1.0,B01
201400013097,0,7,0,0.0,2.0,2.0,1.0,B01
201400013097,0,7,0,0.0,2.0,3.0,1.0,A01
201400013098,0,1,0,0.0,2.0,1.0,1.0,B01
201400013098,0,7,0,0.0,2.0,2.0,20.0,A01
201400013099,0,7,0,4.0,0.0,1.0,1.0,A01
201400013100,0,30,0,0.0,2.0,8.0,19.0,B01
201400013100,0,7,0,0.0,2.0,2.0,1.0,A01
201400013101,0,7,0,0.0,0.0,4.0,1.0,B01
201400013101,0,7,0,0.0,2.0,1.0,2.0,A01
201400013102,0,7,0,13.0,0.0,2.0,1.0,A01
201400013103,0,33,0,1.0,0.0,1.0,2.0,A01
201400013103,0,7,0,0.0,0.0,4.0,23.0,B01
201400013104,0,10,0,0.0,2.0,0.0,1.0,A01
201400013104,0,7,0,0.0,9.0,1.0,1.0,B01
201400013105,0,2,0,0.0,0.0,1.0,1.0,A01
201400013106,0,33,0,0.0,0.0,0.0,0.0,A01
201400013107,0,30,0,0.0,2.0,1.0,0.0,A01
201400013107,0,7,0,0.0,9.0,1.0,0.0,B01
201400013108,0,7,0,0.0,0.0,2.0,1.0,A01
201400013109,0,33,0,0.0,2.0,1.0,0.0,B01