Num_Acc,senc,catv,occutc,obs,obsm,choc,manv,num_veh
201400013109,0,7,0,0.0,0.0,0.0,15.0,A01
201400013110,0,7,0,0.0,2.0,0.0,1.0,A01
201400013110,0,2,0,0.0,2.0,0.0,0.0,B01
201400013111,0,7,0,0.0,2.0,3.0,2.0,A01
201400013111,0,33,0,0.0,2.0,3.0,1.0,B01
201400013112,0,33,0,0.0,2.0,8.0,13.0,A01
201400013112,0,7,0,0.0,2.0,8.0,1.0,B01
201400013113,0,7,0,0.0,2.0,1.0,10.0,A01
201400013113,0,7,0,0.0,2.0,5.0,1.0,B01
201400013114,0,7,0,8.0,0.0,3.0,13.0,A01
201400013115,0,7,0,0.0,2.0,4.0,1.0,B01
201400013115,0,7,0,0.0,2.0,1.0,1.0,A01
201400013116,0,33,0,0.0,2.0,1.0,1.0,A01
201400013116,0,7,0,1.0,2.0,4.0,1.0,B01
201400013117,0,7,0,0.0,2.0,2.0,1.0,B01
201400013117,0,7,0,0.0,2.0,1.0,1.0,A01
201400013118,0,30,0,0.0,0.0,0.0,0.0,A01
201400013119,0,7,0,0.0,9.0,7.0,1.0,A01
201400013119,0,1,0,0.0,2.0,8.0,1.0,B01
201400013120,0,7,0,0.0,2.0,1.0,1.0,A01
201400013120,0,7,0,0.0,2.0,0.0,2.0,C01
201400013120,0,7,0,0.0,2.0,3.0,1.0,B01
201400013121,0,7,0,0.0,2.0,4.0,1.0,B01
201400013121,0,7,0,0.0,2.0,1.0,2.0,A01
201400013122,0,7,0,0.0,2.0,1.0,1.0,B01
201400013122,0,7,0,0.0,2.0,4.0,1.0,A01
201400013123,0,7,0,0.0,1.0,1.0,1.0,A01
201400013124,0,7,0,0.0,0.0,2.0,1.0,A01
201400013125,0,7,0,0.0,1.0,0.0,1.0,A01
201400013126,0,30,0,0.0,1.0,1.0,1.0,A01
201400013127,0,7,0,0.0,2.0,1.0,2.0,A01
201400013127,0,7,0,0.0,2.0,4.0,2.0,B01
201400013128,0,7,0,0.0,2.0,1.0,1.0,B01
201400013128,0,30,0,0.0,2.0,1.0,5.0,A01
201400013129,0,7,0,0.0,1.0,1.0,2.0,A01
201400013130,0,7,0,0.0,2.0,4.0,1.0,B01
201400013130,0,30,0,0.0,2.0,1.0,1.0,A01
201400013131,0,7,0,0.0,1.0,5.0,4.0,A01
201400013132,0,7,0,0.0,1.0,7.0,1.0,A01
201400013133,0,36,0,0.0,0.0,0.0,0.0,A01
201400013134,0,30,0,0.0,0.0,0.0,1.0,A01
201400013135,0,33,0,0.0,0.0,0.0,1.0,A01
201400013136,0,30,0,0.0,0.0,7.0,1.0,A01
201400013137,0,30,0,0.0,0.0,0.0,1.0,A01
201400013138,0,36,0,0.0,0.0,8.0,0.0,A01
201400013139,0,7,0,0.0,2.0,1.0,1.0,A01
201400013139,0,30,0,0.0,2.0,7.0,2.0,B01
201400013140,0,7,0,0.0,2.0,1.0,1.0,A01
201400013140,0,7,0,0.0,2.0,2.0,1.0,B01
201400013141,0,7,0,0.0,1.0,0.0,1.0,A01
201400013142,0,7,0,0.0,2.0,9.0,2.0,B01
201400013142,0,7,0,0.0,2.0,4.0,2.0,A01
201400013142,0,7,0,0.0,2.0,1.0,2.0,C01
201400013143,0,30,0,0.0,2.0,2.0,0.0,A01
201400013143,0,7,0,0.0,9.0,3.0,0.0,B01
201400013144,0,7,0,0.0,2.0,2.0,1.0,A01
201400013144,0,2,0,0.0,2.0,3.0,1.0,B01
201400013145,2,7,0,14.0,0.0,1.0,1.0,A01
201400013146,0,30,0,0.0,2.0,1.0,1.0,B01
201400013146,0,7,0,0.0,2.0,2.0,1.0,A01
201400013147,0,7,0,0.0,2.0,8.0,1.0,C01
201400013147,0,7,0,0.0,2.0,6.0,1.0,B01
201400013147,0,7,0,0.0,2.0,3.0,1.0,A01
201400013148,0,7,0,0.0,2.0,8.0,2.0,B01
201400013148,0,7,0,1.0,0.0,1.0,1.0,A01
201400013149,0,33,0,0.0,2.0,3.0,17.0,B01
201400013149,0,7,0,0.0,2.0,2.0,15.0,A01
201400013150,0,31,0,0.0,2.0,1.0,5.0,A01
201400013150,0,10,0,0.0,2.0,1.0,2.0,B01
201400013151,0,7,0,0.0,2.0,7.0,20.0,A01
201400013151,0,33,0,0.0,2.0,3.0,14.0,B01
201400013152,0,7,0,2.0,0.0,1.0,19.0,A01
201400013153,0,7,0,0.0,0.0,1.0,2.0,A01
201400013153,0,14,0,0.0,0.0,4.0,2.0,B02
201400013154,0,7,0,0.0,2.0,3.0,1.0,B02
201400013154,0,7,0,0.0,2.0,3.0,13.0,A01
201400013155,0,7,0,13.0,2.0,7.0,2.0,D04
201400013155,0,7,0,0.0,2.0,1.0,2.0,C03
201400013155,0,7,0,0.0,0.0,4.0,23.0,B02
201400013155,0,7,0,1.0,2.0,1.0,1.0,A01
201400013156,0,99,0,0.0,2.0,1.0,1.0,A01
201400013156,0,15,0,0.0,2.0,6.0,1.0,B02
201400013157,0,7,0,0.0,2.0,7.0,1.0,A01
201400013157,0,15,0,0.0,2.0,3.0,1.0,B02
201400013158,0,7,0,0.0,9.0,0.0,0.0,A01
201400013158,0,33,0,0.0,9.0,1.0,2.0,B02
201400013159,0,17,0,1.0,0.0,2.0,1.0,A01
201400013159,0,10,0,0.0,0.0,4.0,0.0,B02
201400013160,0,10,0,13.0,0.0,1.0,2.0,A01
201400013161,0,7,0,0.0,0.0,2.0,0.0,A01
201400013162,0,7,0,3.0,0.0,3.0,0.0,A01
201400013163,0,7,0,3.0,0.0,1.0,14.0,A01
201400013164,0,7,0,13.0,0.0,9.0,14.0,A01
201400013165,0,1,0,0.0,2.0,1.0,8.0,A01
201400013165,0,7,0,0.0,2.0,5.0,15.0,B01
201400013166,0,17,0,0.0,1.0,1.0,1.0,A01
201400013167,0,7,0,0.0,1.0,2.0,1.0,A01
201400013168,0,7,0,0.0,2.0,1.0,0.0,A01
201400013168,0,1,0,0.0,2.0,8.0,0.0,B01
201400013169,0,7,0,0.0,0.0,4.0,23.0,C01
201400013169,0,7,0,14.0,0.0,1.0,1.0,A01
201400013169,0,7,0,14.0,0.0,1.0,1.0,B01
201400013170,0,7,0,0.0,2.0,3.0,1.0,B01
201400013170,0,7,0,0.0,2.0,2.0,1.0,A01
201400013171,0,7,0,0.0,1.0,1.0,1.0,A01
201400013172,0,7,0,0.0,2.0,2.0,1.0,A01
201400013172,0,7,0,0.0,2.0,8.0,15.0,B01
201400013173,0,7,0,9.0,0.0,3.0,14.0,A01
201400013174,0,7,0,0.0,2.0,1.0,0.0,A01
201400013174,0,10,0,0.0,0.0,4.0,1.0,B01
201400013175,0,7,0,0.0,2.0,8.0,24.0,B01
201400013175,2,7,0,1.0,0.0,7.0,21.0,A01
201400013176,0,7,0,0.0,1.0,4.0,4.0,A01
201400013177,0,7,0,0.0,2.0,1.0,1.0,B01
201400013177,0,2,0,0.0,2.0,1.0,5.0,A01
201400013178,0,7,0,0.0,2.0,2.0,15.0,A01
201400013178,0,30,0,0.0,2.0,1.0,15.0,B01
201400013179,0,7,0,0.0,1.0,1.0,6.0,A01
201400013180,0,7,0,0.0,2.0,1.0,0.0,A01
201400013180,0,7,0,0.0,0.0,4.0,0.0,B01
201400013181,0,7,0,0.0,2.0,8.0,11.0,A01
201400013181,0,33,0,0.0,2.0,7.0,1.0,B01
201400013182,0,2,0,0.0,0.0,0.0,9.0,A01
201400013183,0,30,0,0.0,2.0,1.0,1.0,B01
201400013183,0,7,0,0.0,2.0,2.0,15.0,A01
201400013184,0,7,0,0.0,2.0,1.0,1.0,A01
201400013184,0,7,0,0.0,2.0,7.0,1.0,B01
201400013185,0,2,0,0.0,0.0,1.0,0.0,B01
201400013186,0,1,0,1.0,0.0,1.0,5.0,A01
201400013187,0,7,0,0.0,1.0,1.0,1.0,A01
201400013188,0,7,0,0.0,2.0,1.0,1.0,A01
201400013188,0,7,0,0.0,2.0,1.0,1.0,B01
201400013189,0,7,0,0.0,1.0,2.0,1.0,A01
201400013190,0,7,0,0.0,1.0,4.0,4.0,A01
201400013191,0,30,0,0.0,2.0,1.0,2.0,A01
201400013191,0,7,0,0.0,2.0,3.0,11.0,B01
201400013192,0,7,0,0.0,1.0,4.0,4.0,A01
201400013193,0,33,0,14.0,0.0,1.0,1.0,A01
201400013193,0,7,0,0.0,0.0,6.0,15.0,B01
201400013194,0,7,0,0.0,2.0,3.0,1.0,B01
201400013194,0,7,0,0.0,2.0,2.0,1.0,A01
201400013195,1,7,0,0.0,2.0,1.0,1.0,A01
201400013195,0,1,0,0.0,0.0,4.0,1.0,B01
201400013196,0,31,0,1.0,0.0,0.0,1.0,A01
201400013197,0,7,0,0.0,1.0,1.0,1.0,A01
201400013198,0,7,0,0.0,2.0,4.0,2.0,B01
201400013198,0,7,0,0.0,2.0,1.0,2.0,A01
201400013199,0,7,0,14.0,0.0,4.0,1.0,B01
201400013199,0,7,0,0.0,2.0,1.0,1.0,A01
201400013200,0,7,0,0.0,1.0,2.0,1.0,A01
201400013201,0,2,0,0.0,2.0,9.0,0.0,B01
201400013201,0,7,0,0.0,2.0,1.0,0.0,A01
201400013202,0,7,0,0.0,2.0,0.0,0.0,B01
201400013202,1,7,0,0.0,2.0,0.0,0.0,A01
201400013203,0,2,0,0.0,2.0,1.0,0.0,B01
201400013203,1,99,0,0.0,2.0,1.0,0.0,A01
201400013204,0,7,0,0.0,2.0,2.0,12.0,A01
201400013204,0,30,0,0.0,2.0,6.0,21.0,B01
201400013205,0,7,0,0.0,0.0,4.0,23.0,C01
201400013205,0,7,0,14.0,0.0,1.0,1.0,A01
201400013205,0,7,0,14.0,0.0,4.0,23.0,B01
201400013206,0,1,0,0.0,0.0,4.0,1.0,B01
201400013206,0,7,0,0.0,2.0,1.0,9.0,A01
201400013207,0,1,0,0.0,0.0,0.0,0.0,B01
201400013208,0,7,0,0.0,2.0,7.0,1.0,B01
201400013208,0,7,0,0.0,2.0,1.0,9.0,A01
201400013209,0,7,0,13.0,0.0,0.0,21.0,B01
201400013209,1,17,0,0.0,0.0,0.0,13.0,A01
201400013210,0,7,0,0.0,1.0,8.0,1.0,A01
201400013211,0,32,0,9.0,0.0,1.0,1.0,A01
201400013212,0,7,0,9.0,0.0,1.0,15.0,A01
201400013213,0,7,0,0.0,2.0,4.0,23.0,B01
201400013213,0,7,0,14.0,0.0,1.0,1.0,A01
201400013213,0,7,0,0.0,2.0,7.0,1.0,C01
201400013214,1,7,0,0.0,1.0,1.0,0.0,A01
201400013215,0,33,0,0.0,2.0,1.0,15.0,B01
201400013215,0,7,0,0.0,2.0,1.0,1.0,A01
201400013216,0,7,0,0.0,2.0,1.0,1.0,C01
201400013216,0,7,0,0.0,2.0,8.0,16.0,A01
201400013216,0,7,0,0.0,2.0,1.0,1.0,B01
201400013217,0,7,0,0.0,1.0,3.0,1.0,A01
201400013218,0,1,0,0.0,2.0,7.0,1.0,B01
201400013218,0,7,0,0.0,2.0,1.0,9.0,A01
201400013219,0,7,0,0.0,1.0,1.0,1.0,A01
201400013220,0,7,0,0.0,1.0,2.0,1.0,A01
201400013221,0,7,0,0.0,2.0,2.0,15.0,B01
201400013221,0,7,0,0.0,2.0,7.0,1.0,A01
201400013222,0,7,0,0.0,1.0,1.0,0.0,A01
201400013223,0,7,0,0.0,2.0,2.0,20.0,A01
201400013223,0,1,0,0.0,2.0,6.0,1.0,B01
201400013224,0,7,0,3.0,0.0,8.0,13.0,A01
201400013225,0,7,0,0.0,1.0,1.0,0.0,A01
201400013226,0,7,0,0.0,1.0,0.0,0.0,A01
201400013227,0,7,0,0.0,1.0,3.0,11.0,A01
201400013228,0,7,0,0.0,0.0,4.0,1.0,C01
201400013228,0,7,0,0.0,2.0,1.0,0.0,A01
201400013228,0,7,0,0.0,2.0,9.0,1.0,B01
201400013229,0,7,0,0.0,2.0,1.0,15.0,A01
201400013229,0,33,0,0.0,0.0,0.0,1.0,B01
201400013230,0,30,0,0.0,0.0,0.0,0.0,A01
201400013231,0,7,0,0.0,1.0,5.0,1.0,A01
201400013232,0,7,0,8.0,0.0,1.0,14.0,A01
201400013233,0,7,0,0.0,2.0,5.0,15.0,B01
201400013233,0,7,0,0.0,2.0,2.0,21.0,A01
201400013234,0,7,0,0.0,1.0,2.0,1.0,A01
201400013235,0,33,0,0.0,1.0,1.0,1.0,A01
201400013236,0,32,0,0.0,0.0,0.0,0.0,A01
201400013236,0,7,0,0.0,0.0,0.0,0.0,B01
201400013237,0,7,0,0.0,9.0,1.0,1.0,A01
201400013237,0,1,0,0.0,2.0,8.0,1.0,B01
201400013238,0,32,0,0.0,0.0,0.0,0.0,A01
201400013239,0,7,0,0.0,2.0,1.0,1.0,B01
201400013239,0,7,0,0.0,2.0,1.0,5.0,A01
201400013240,0,33,0,0.0,0.0,7.0,1.0,A01
201400013241,0,7,0,2.0,0.0,4.0,20.0,B01
201400013241,0,14,0,0.0,2.0,1.0,1.0,A01
201400013242,0,7,0,0.0,2.0,1.0,2.0,A01
201400013242,0,7,0,0.0,2.0,4.0,0.0,B01
201400013243,0,7,0,1.0,9.0,2.0,20.0,A01
201400013244,0,7,0,0.0,2.0,8.0,9.0,A01
201400013244,0,14,0,0.0,2.0,7.0,1.0,B01
201400013245,0,7,0,0.0,2.0,1.0,1.0,B01
201400013245,0,7,0,0.0,2.0,9.0,1.0,A01
201400013245,0,7,0,0.0,0.0,4.0,1.0,C01
201400013246,0,31,0,0.0,0.0,7.0,0.0,A01
201400013247,0,37,1,0.0,2.0,3.0,15.0,B01
201400013247,0,32,0,0.0,2.0,2.0,16.0,A01
201400013248,0,7,0,0.0,2.0,1.0,10.0,A01
201400013248,0,7,0,0.0,2.0,1.0,1.0,B01
201400013249,0,2,0,0.0,0.0,0.0,0.0,A01
201400013250,0,7,0,0.0,0.0,7.0,1.0,B01
201400013250,0,7,0,0.0,2.0,8.0,11.0,A01
201400013250,0,13,0,0.0,0.0,7.0,1.0,C01
201400013251,0,32,0,0.0,0.0,0.0,0.0,A01
201400013252,0,7,0,0.0,2.0,1.0,1.0,A01
201400013252,0,1,0,0.0,2.0,7.0,0.0,B01
201400013253,0,7,0,0.0,2.0,3.0,0.0,A01
201400013253,0,31,0,0.0,2.0,1.0,0.0,B01
201400013254,0,7,0,0.0,2.0,1.0,0.0,A01
201400013254,0,7,0,0.0,2.0,8.0,0.0,B01
201400013255,0,7,0,0.0,2.0,1.0,0.0,A01
201400013255,0,7,0,0.0,0.0,5.0,1.0,B01
201400013256,0,7,0,0.0,2.0,4.0,1.0,B01
201400013256,1,7,0,0.0,2.0,1.0,1.0,A01
201400013256,0,7,0,6.0,0.0,4.0,15.0,C01
201400013257,0,7,0,0.0,2.0,1.0,1.0,A01
201400013257,0,1,0,0.0,2.0,8.0,19.0,B01
201400013258,0,7,0,0.0,0.0,4.0,1.0,B01
201400013258,0,7,0,0.0,2.0,1.0,1.0,A01
201400013259,0,7,0,0.0,2.0,1.0,0.0,A01
201400013259,0,7,0,0.0,2.0,1.0,1.0,B01
201400013260,0,7,0,1.0,2.0,1.0,15.0,B01
201400013260,0,7,0,0.0,2.0,3.0,1.0,A01
201400013261,0,1,0,0.0,0.0,0.0,21.0,A01
201400013262,0,7,0,14.0,0.0,1.0,1.0,A01
201400013262,0,7,0,0.0,0.0,4.0,23.0,B01
201400013263,0,7,0,2.0,0.0,0.0,1.0,A01
201400013264,0,30,0,0.0,2.0,3.0,1.0,B01
201400013264,0,7,0,0.0,2.0,1.0,1.0,A01
201400013265,0,7,0,0.0,0.0,4.0,1.0,B01
201400013265,0,2,0,0.0,2.0,1.0,1.0,A01
201400013266,0,7,0,0.0,0.0,4.0,21.0,B01
201400013266,0,7,0,0.0,2.0,1.0,1.0,A01
201400013267,0,7,0,0.0,2.0,1.0,1.0,A01
201400013267,0,7,0,0.0,0.0,4.0,0.0,B01
201400013268,0,7,0,0.0,2.0,1.0,2.0,A01
201400013268,0,7,0,0.0,0.0,4.0,2.0,B01
201400013269,0,31,0,0.0,0.0,7.0,0.0,A01
201400013270,0,1,0,0.0,2.0,4.0,1.0,B01
201400013270,1,7,0,0.0,2.0,1.0,0.0,A01
201400013271,0,7,0,8.0,2.0,8.0,1.0,B01
201400013271,0,7,0,0.0,2.0,1.0,1.0,A01
201400013272,0,7,0,0.0,2.0,1.0,1.0,A01
201400013272,0,1,0,0.0,2.0,7.0,0.0,B01
201400013273,0,7,0,0.0,2.0,7.0,23.0,B01
201400013273,0,2,0,0.0,2.0,7.0,18.0,A01
201400013274,0,7,0,0.0,1.0,1.0,1.0,A01
201400013275,0,7,0,0.0,1.0,1.0,1.0,A01
201400013276,0,7,0,0.0,2.0,1.0,1.0,A01
201400013276,0,7,0,0.0,0.0,4.0,1.0,B01
201400013277,0,7,0,13.0,0.0,0.0,0.0,A01
201400013278,0,7,0,0.0,0.0,6.0,23.0,C01
201400013278,0,7,0,0.0,2.0,1.0,21.0,A01
201400013278,0,7,0,0.0,2.0,1.0,1.0,B01
201400013279,0,7,0,0.0,1.0,1.0,0.0,A01
201400013280,0,33,0,0.0,0.0,0.0,21.0,A01
201400013281,0,7,0,0.0,2.0,9.0,0.0,B01
201400013281,0,7,0,0.0,2.0,4.0,1.0,C01
201400013281,0,7,0,0.0,2.0,1.0,1.0,A01
201400013282,0,7,0,0.0,2.0,1.0,1.0,B01
201400013282,0,7,0,0.0,2.0,7.0,0.0,A01
201400013283,0,32,0,0.0,2.0,1.0,21.0,A01
201400013283,0,10,0,0.0,0.0,4.0,1.0,B01
201400013284,0,7,0,0.0,2.0,5.0,0.0,A01
201400013284,0,1,0,0.0,2.0,8.0,0.0,B01
201400013285,0,10,0,0.0,2.0,7.0,1.0,A01
201400013285,0,1,0,0.0,2.0,0.0,1.0,B01
201400013286,0,7,0,0.0,1.0,1.0,1.0,A01
201400013287,0,7,0,11.0,0.0,2.0,1.0,A01
201400013288,0,7,0,0.0,2.0,1.0,1.0,A01
201400013288,0,7,0,0.0,0.0,4.0,1.0,C01
201400013288,0,7,0,0.0,2.0,9.0,0.0,B01
201400013289,0,10,0,0.0,2.0,2.0,2.0,A01
201400013289,0,17,0,0.0,0.0,6.0,2.0,B02
201400013290,0,7,0,0.0,2.0,1.0,1.0,A01
201400013290,0,7,0,0.0,0.0,4.0,1.0,B02
201400013291,0,7,0,6.0,0.0,3.0,3.0,A01
201400013292,0,15,0,0.0,1.0,3.0,1.0,A01
201400013293,0,7,0,2.0,0.0,1.0,1.0,A01
201400013294,0,7,0,13.0,0.0,3.0,13.0,A01
201400013295,0,7,0,0.0,0.0,1.0,1.0,A01
201400013295,0,33,0,0.0,2.0,1.0,17.0,B02
201400013296,0,38,1,0.0,2.0,1.0,1.0,B02
201400013296,0,10,0,0.0,2.0,7.0,13.0,A01
201400013297,0,7,0,0.0,2.0,8.0,1.0,B02
201400013297,0,7,0,0.0,2.0,5.0,17.0,A01
201400013298,0,10,0,0.0,2.0,1.0,2.0,A01
201400013298,0,10,0,3.0,2.0,4.0,2.0,B02
201400013298,0,7,0,0.0,2.0,4.0,2.0,D04
201400013298,0,14,0,0.0,2.0,3.0,2.0,C03
201400013299,0,7,0,0.0,2.0,6.0,1.0,B02
201400013299,0,15,0,0.0,2.0,2.0,12.0,A01
201400013300,0,7,0,3.0,2.0,3.0,17.0,D04
201400013300,0,7,0,0.0,0.0,2.0,2.0,A01
201400013300,0,7,0,0.0,2.0,1.0,1.0,C03
201400013300,0,7,0,3.0,2.0,6.0,2.0,B02
201400013301,0,7,0,13.0,0.0,1.0,16.0,A01
201400013302,0,33,0,0.0,0.0,0.0,1.0,A01
201400013303,0,14,0,0.0,0.0,4.0,1.0,B02
201400013303,0,15,0,0.0,2.0,1.0,1.0,A01
201400013304,0,17,0,3.0,0.0,2.0,2.0,A01
201400013305,0,17,0,0.0,2.0,4.0,1.0,B02
201400013305,0,33,0,0.0,2.0,1.0,12.0,A01
201400013306,0,10,0,4.0,0.0,3.0,2.0,A01
201400013307,0,7,0,0.0,6.0,1.0,1.0,A01
201400013308,0,3,0,0.0,2.0,4.0,2.0,B02
201400013308,0,7,0,0.0,2.0,1.0,2.0,A01
201400013309,0,7,0,0.0,0.0,0.0,0.0,A01
201400013309,0,7,0,0.0,0.0,0.0,0.0,B02
201400013310,0,7,0,14.0,0.0,1.0,0.0,C03
201400013310,0,7,0,14.0,0.0,1.0,0.0,B02
201400013310,0,7,0,14.0,0.0,7.0,0.0,D04
201400013310,0,7,0,0.0,0.0,9.0,1.0,A01
201400013311,0,33,0,0.0,2.0,8.0,17.0,A01
201400013311,0,7,0,0.0,2.0,7.0,1.0,B02
201400013312,0,7,0,13.0,0.0,1.0,1.0,A01
201400013313,0,7,0,13.0,0.0,9.0,21.0,A01
201400013314,0,7,0,0.0,2.0,1.0,2.0,A01
201400013314,0,15,0,0.0,2.0,4.0,2.0,B02
201400013315,0,7,0,16.0,0.0,9.0,14.0,A01
201400013316,0,7,0,0.0,0.0,2.0,14.0,A01
201400013317,0,15,0,16.0,0.0,8.0,13.0,A01
201400013318,0,7,0,13.0,0.0,2.0,0.0,A01
201400013319,0,10,0,3.0,0.0,3.0,0.0,A01
201400013320,0,7,0,4.0,0.0,3.0,13.0,A01
201400013321,0,14,0,1.0,0.0,2.0,14.0,A01
201400013321,0,10,0,0.0,0.0,8.0,24.0,B02
201400013322,0,10,0,1.0,1.0,3.0,13.0,A01
201400013323,0,7,0,0.0,2.0,2.0,15.0,A01
201400013323,0,33,0,0.0,2.0,1.0,1.0,B02
201400013324,0,7,0,0.0,2.0,1.0,1.0,B02
201400013324,0,1,0,0.0,2.0,4.0,1.0,A01
201400013325,0,7,0,0.0,2.0,3.0,17.0,A01
201400013325,0,33,0,0.0,2.0,3.0,1.0,B02
201400013326,0,10,0,13.0,0.0,9.0,1.0,A01
201400013327,0,10,0,4.0,0.0,3.0,21.0,A01
201400013328,0,7,0,0.0,2.0,2.0,14.0,A01
201400013328,0,20,0,0.0,2.0,6.0,1.0,B02
201400013329,0,7,0,0.0,0.0,4.0,1.0,A01
201400013329,0,7,0,0.0,2.0,1.0,1.0,B02
201400013330,0,7,0,0.0,9.0,3.0,21.0,A01
201400013331,0,7,0,3.0,0.0,7.0,1.0,A01
201400013331,0,7,0,4.0,0.0,8.0,1.0,B02
201400013331,0,7,0,0.0,2.0,6.0,23.0,C03
201400013332,0,7,0,13.0,0.0,1.0,1.0,A01
201400013333,0,7,0,4.0,0.0,1.0,1.0,A01
201400013334,0,15,0,13.0,0.0,3.0,1.0,A01
201400013335,0,10,0,13.0,0.0,9.0,1.0,A01
201400013336,0,10,0,4.0,0.0,2.0,1.0,A01
201400013337,0,7,0,4.0,0.0,1.0,1.0,A01
201400013338,0,7,0,4.0,0.0,1.0,1.0,A01
201400013339,0,10,0,4.0,2.0,3.0,1.0,B02
201400013339,0,7,0,0.0,2.0,2.0,17.0,A01
201400013340,0,7,0,3.0,0.0,3.0,1.0,A01
201400013341,0,10,0,13.0,0.0,9.0,1.0,A01
201400013342,0,7,0,13.0,0.0,1.0,1.0,A01
201400013343,0,7,0,13.0,0.0,1.0,1.0,A01
201400013344,0,7,0,0.0,2.0,3.0,5.0,A01
201400013344,0,10,0,0.0,2.0,3.0,17.0,B02
201400013344,0,10,0,0.0,2.0,1.0,17.0,C03
201400013345,0,17,0,1.0,1.0,7.0,5.0,A01
201400013346,0,10,0,0.0,2.0,5.0,23.0,B02
201400013346,0,7,0,1.0,0.0,3.0,3.0,A01
201400013347,0,10,0,6.0,0.0,1.0,1.0,A01
201400013348,0,17,0,0.0,0.0,5.0,16.0,A01
201400013349,0,7,0,16.0,0.0,9.0,17.0,A01
201400013350,0,7,0,0.0,2.0,3.0,1.0,B01
201400013350,0,7,0,0.0,2.0,8.0,13.0,A01
201400013351,0,7,0,0.0,1.0,3.0,1.0,A01
201400013352,0,30,0,0.0,0.0,1.0,2.0,A01
201400013353,0,7,0,6.0,0.0,1.0,13.0,A01
201400013354,0,7,0,0.0,2.0,2.0,1.0,A01
201400013354,0,2,0,0.0,2.0,0.0,19.0,Y01
201400013355,0,7,0,9.0,0.0,1.0,1.0,A01
201400013356,0,7,0,0.0,1.0,2.0,0.0,A01
201400013357,0,10,0,0.0,2.0,8.0,2.0,B01
201400013357,0,30,0,0.0,2.0,1.0,2.0,A01
201400013358,0,7,0,0.0,2.0,1.0,1.0,B01
201400013358,0,13,0,0.0,2.0,1.0,17.0,A01
201400013359,0,7,0,0.0,1.0,1.0,15.0,A01
201400013360,0,7,0,0.0,2.0,5.0,0.0,A01
201400013360,0,7,0,0.0,2.0,3.0,1.0,B01
201400013360,0,7,0,14.0,0.0,1.0,2.0,C01
201400013360,0,7,0,0.0,0.0,0.0,2.0,D01
201400013361,0,32,0,0.0,2.0,1.0,1.0,A01
201400013361,0,7,0,0.0,0.0,5.0,1.0,B01
201400013362,0,7,0,0.0,1.0,3.0,1.0,A01
201400013363,0,7,0,0.0,1.0,2.0,1.0,A01
201400013364,0,7,0,0.0,2.0,1.0,13.0,A01
201400013364,0,7,0,0.0,2.0,1.0,1.0,B01
201400013365,0,10,0,0.0,2.0,5.0,1.0,B01
201400013365,0,7,0,0.0,2.0,3.0,9.0,A01
201400013366,0,7,0,0.0,1.0,2.0,1.0,A01
201400013367,0,7,0,0.0,2.0,3.0,15.0,A01
201400013367,0,7,0,0.0,2.0,2.0,1.0,B01
201400013368,0,14,0,0.0,1.0,5.0,4.0,A01
201400013369,0,1,0,0.0,1.0,1.0,13.0,A01
201400013370,0,10,0,0.0,2.0,3.0,9.0,A01
201400013370,0,2,0,0.0,2.0,1.0,1.0,B01
201400013371,0,33,0,0.0,0.0,0.0,17.0,A01
201400013371,0,7,0,0.0,2.0,4.0,15.0,B01
201400013372,0,2,0,0.0,2.0,1.0,1.0,B01
201400013372,0,7,0,0.0,2.0,6.0,19.0,A01
201400013373,0,7,0,0.0,2.0,4.0,2.0,B01
201400013373,0,7,0,0.0,2.0,1.0,2.0,A01
201400013374,0,7,0,0.0,2.0,2.0,15.0,A01
201400013374,0,7,0,0.0,2.0,1.0,1.0,B01
201400013375,0,7,0,0.0,2.0,2.0,1.0,B01
201400013375,0,7,0,0.0,2.0,6.0,16.0,A01
201400013376,0,7,0,0.0,2.0,6.0,2.0,B01
201400013376,0,10,0,0.0,2.0,3.0,2.0,A01
201400013377,0,7,0,0.0,1.0,3.0,9.0,A01
201400013378,0,2,0,11.0,0.0,1.0,6.0,A01
201400013379,0,33,0,0.0,2.0,2.0,17.0,B01
201400013379,0,7,0,0.0,2.0,3.0,15.0,A01
201400013380,0,7,0,0.0,1.0,1.0,2.0,A01
201400013381,0,7,0,0.0,0.0,3.0,1.0,A01
201400013382,0,7,0,0.0,2.0,1.0,2.0,A01
201400013382,0,7,0,0.0,2.0,4.0,2.0,C01
201400013382,0,7,0,0.0,2.0,4.0,2.0,B01
201400013383,0,7,0,0.0,2.0,1.0,2.0,A01
201400013383,0,7,0,0.0,2.0,4.0,2.0,B01
201400013384,0,7,0,0.0,2.0,1.0,5.0,A01
201400013384,0,7,0,0.0,2.0,1.0,1.0,B01
201400013385,0,13,0,0.0,2.0,1.0,2.0,A01
201400013385,0,14,0,0.0,2.0,4.0,2.0,B01
201400013385,0,7,0,0.0,2.0,4.0,2.0,C01
201400013385,0,16,0,0.0,0.0,4.0,2.0,D01
201400013386,0,7,0,0.0,1.0,1.0,1.0,A01
201400013387,0,7,0,0.0,2.0,3.0,1.0,B01
201400013387,0,7,0,0.0,2.0,5.0,12.0,A01
201400013388,0,33,0,0.0,2.0,7.0,17.0,A01
201400013388,0,7,0,0.0,2.0,3.0,15.0,B01
201400013389,0,7,0,0.0,0.0,1.0,19.0,A01
201400013390,0,7,0,0.0,1.0,2.0,9.0,A01