Num_Acc,senc,catv,occutc,obs,obsm,choc,manv,num_veh
201400013910,0,7,0,0.0,2.0,2.0,1.0,B01
201400013911,0,7,0,0.0,2.0,1.0,1.0,A01
201400013911,0,7,0,0.0,2.0,3.0,0.0,B01
201400013912,0,7,0,0.0,2.0,3.0,15.0,A01
201400013912,0,7,0,0.0,2.0,2.0,1.0,B01
201400013913,0,7,0,1.0,2.0,1.0,1.0,A01
201400013913,0,7,0,0.0,2.0,2.0,15.0,B01
201400013914,0,30,0,12.0,0.0,1.0,21.0,A01
201400013915,1,7,0,0.0,1.0,1.0,2.0,Z01
201400013916,0,7,0,0.0,2.0,1.0,1.0,B01
201400013916,0,7,0,0.0,2.0,2.0,6.0,A01
201400013917,0,7,0,8.0,0.0,1.0,14.0,A01
201400013918,0,30,0,0.0,2.0,1.0,1.0,B01
201400013918,0,7,0,0.0,2.0,8.0,15.0,A01
201400013919,0,7,0,0.0,1.0,4.0,4.0,A01
201400013920,0,7,0,12.0,0.0,3.0,2.0,A01
201400013921,0,7,0,0.0,2.0,6.0,1.0,A01
201400013921,1,7,0,0.0,2.0,0.0,0.0,Z01
201400013922,0,7,0,0.0,2.0,3.0,2.0,A01
201400013922,0,30,0,0.0,2.0,1.0,2.0,B01
201400013923,0,7,0,0.0,2.0,1.0,1.0,A01
201400013923,0,7,0,0.0,2.0,7.0,15.0,B01
201400013924,0,7,0,0.0,1.0,0.0,1.0,A01
201400013925,0,7,0,0.0,2.0,1.0,2.0,B01
201400013925,0,10,0,0.0,2.0,3.0,2.0,A01
201400013926,0,32,0,0.0,1.0,1.0,1.0,A01
201400013927,0,32,0,0.0,0.0,1.0,2.0,A01
201400013927,1,10,0,0.0,2.0,3.0,15.0,Z01
201400013928,0,7,0,0.0,2.0,1.0,1.0,A01
201400013928,0,7,0,0.0,2.0,7.0,1.0,B01
201400013929,0,7,0,0.0,2.0,2.0,22.0,B01
201400013929,0,34,0,0.0,2.0,1.0,18.0,A01
201400013930,0,7,0,0.0,2.0,1.0,2.0,A01
201400013930,0,7,0,0.0,2.0,4.0,23.0,B01
201400013930,0,33,0,0.0,2.0,4.0,2.0,C01
201400013930,0,33,0,0.0,2.0,4.0,2.0,D01
201400013930,0,7,0,0.0,2.0,5.0,2.0,E01
201400013931,0,7,0,0.0,2.0,7.0,15.0,A01
201400013931,0,30,0,0.0,2.0,1.0,2.0,B01
201400013932,0,7,0,0.0,2.0,7.0,15.0,A01
201400013932,0,7,0,0.0,2.0,1.0,1.0,B01
201400013933,0,7,0,2.0,2.0,1.0,0.0,A01
201400013933,0,33,0,0.0,2.0,1.0,3.0,B01
201400013934,0,33,0,0.0,2.0,1.0,2.0,A01
201400013934,0,7,0,0.0,9.0,6.0,2.0,B01
201400013935,0,7,0,0.0,2.0,1.0,9.0,A01
201400013935,0,31,0,0.0,2.0,7.0,1.0,B01
201400013936,0,33,0,0.0,2.0,1.0,18.0,A01
201400013936,0,7,0,0.0,2.0,3.0,1.0,B01
201400013937,0,7,0,0.0,0.0,7.0,1.0,A01
201400013938,0,33,0,0.0,0.0,1.0,1.0,A01
201400013939,0,7,0,0.0,2.0,4.0,23.0,B01
201400013939,0,7,0,0.0,2.0,4.0,23.0,C01
201400013939,0,7,0,0.0,2.0,4.0,23.0,D01
201400013939,1,10,0,0.0,2.0,1.0,23.0,Z01
201400013940,0,30,0,0.0,0.0,0.0,0.0,A01
201400013940,0,30,0,0.0,2.0,0.0,0.0,B01
201400013941,0,7,0,0.0,2.0,3.0,11.0,A01
201400013941,0,2,0,0.0,2.0,7.0,17.0,B01
201400013942,0,32,0,0.0,2.0,0.0,0.0,A01
201400013942,0,7,0,0.0,2.0,3.0,2.0,B01
201400013943,0,30,0,0.0,2.0,1.0,9.0,A01
201400013943,0,7,0,0.0,2.0,1.0,0.0,B01
201400013944,0,7,0,0.0,2.0,4.0,2.0,B01
201400013944,0,7,0,0.0,2.0,1.0,2.0,A01
201400013945,0,34,0,0.0,2.0,5.0,3.0,A01
201400013945,0,7,0,0.0,9.0,3.0,2.0,B01
201400013946,0,7,0,0.0,2.0,1.0,5.0,A01
201400013946,0,7,0,0.0,2.0,3.0,0.0,B01
201400013947,0,7,0,0.0,1.0,1.0,0.0,A01
201400013948,0,14,0,0.0,1.0,4.0,4.0,A01
201400013949,0,32,0,14.0,2.0,3.0,12.0,A01
201400013949,0,7,0,14.0,2.0,2.0,12.0,B01
201400013950,0,7,0,0.0,2.0,8.0,2.0,A01
201400013950,0,34,0,0.0,2.0,7.0,17.0,B01
201400013951,1,7,0,0.0,1.0,0.0,1.0,Z01
201400013952,0,7,0,0.0,2.0,6.0,0.0,A01
201400013952,0,32,0,0.0,2.0,2.0,0.0,B01
201400013953,0,7,0,0.0,2.0,1.0,15.0,A01
201400013953,0,32,0,0.0,2.0,7.0,17.0,B01
201400013954,0,7,0,0.0,0.0,3.0,1.0,B01
201400013954,0,7,0,0.0,0.0,2.0,15.0,A01
201400013955,0,32,0,0.0,1.0,1.0,1.0,A01
201400013956,0,30,0,0.0,2.0,7.0,21.0,A01
201400013956,1,7,0,0.0,2.0,0.0,20.0,Z01
201400013957,0,30,0,0.0,0.0,7.0,2.0,A01
201400013958,0,7,0,0.0,1.0,3.0,9.0,A01
201400013959,0,30,0,1.0,2.0,1.0,1.0,B01
201400013959,0,7,0,0.0,2.0,2.0,15.0,A01
201400013960,0,7,0,0.0,2.0,1.0,15.0,A01
201400013960,0,30,0,0.0,2.0,9.0,17.0,B01
201400013960,0,38,1,0.0,2.0,6.0,23.0,C01
201400013961,0,7,0,0.0,0.0,1.0,1.0,B01
201400013961,1,7,0,0.0,2.0,1.0,13.0,Z01
201400013962,1,7,0,0.0,1.0,0.0,0.0,Z01
201400013963,0,32,0,0.0,0.0,0.0,0.0,A01
201400013964,0,30,0,0.0,0.0,0.0,2.0,A01
201400013965,0,7,0,0.0,1.0,1.0,15.0,A01
201400013966,0,7,0,0.0,2.0,1.0,2.0,A01
201400013966,0,7,0,0.0,0.0,4.0,2.0,B01
201400013967,0,7,0,0.0,2.0,2.0,1.0,B01
201400013967,0,30,0,0.0,2.0,7.0,1.0,A01
201400013968,0,7,0,0.0,2.0,1.0,15.0,A01
201400013968,0,33,0,0.0,2.0,1.0,1.0,B01
201400013969,0,7,0,0.0,2.0,3.0,1.0,A01
201400013969,0,7,0,0.0,2.0,2.0,1.0,B01
201400013970,0,7,0,0.0,1.0,2.0,1.0,A01
201400013971,0,7,0,0.0,0.0,9.0,0.0,A01
201400013972,0,7,0,0.0,2.0,3.0,15.0,A01
201400013972,0,30,0,0.0,2.0,1.0,17.0,B01
201400013973,0,7,0,2.0,2.0,5.0,22.0,A01
201400013973,0,7,0,0.0,2.0,1.0,2.0,B01
201400013974,0,7,0,0.0,1.0,0.0,0.0,A01
201400013975,0,7,0,0.0,1.0,1.0,1.0,A01
201400013976,0,10,0,0.0,2.0,1.0,2.0,A01
201400013976,0,7,0,0.0,2.0,4.0,2.0,B01
201400013977,0,7,0,0.0,2.0,1.0,0.0,B01
201400013977,0,7,0,0.0,2.0,1.0,0.0,A01
201400013978,0,7,0,0.0,2.0,1.0,15.0,A01
201400013978,0,7,0,0.0,2.0,4.0,1.0,B01
201400013979,0,2,0,0.0,0.0,0.0,0.0,A01
201400013979,1,99,0,0.0,0.0,0.0,0.0,Z01
201400013980,0,7,0,0.0,2.0,1.0,9.0,A01
201400013980,0,7,0,0.0,2.0,7.0,1.0,B01
201400013981,0,7,0,0.0,2.0,3.0,9.0,A01
201400013981,0,33,0,0.0,0.0,1.0,1.0,B01
201400013982,0,7,0,0.0,2.0,3.0,2.0,B01
201400013982,0,2,0,0.0,2.0,7.0,2.0,A01
201400013983,0,7,0,0.0,1.0,1.0,15.0,A01
201400013984,0,7,0,1.0,2.0,3.0,1.0,A01
201400013984,0,7,0,0.0,2.0,6.0,15.0,B01
201400013985,0,7,0,0.0,1.0,1.0,16.0,A01
201400013986,0,7,0,0.0,2.0,1.0,1.0,B01
201400013986,0,7,0,0.0,2.0,2.0,20.0,A01
201400013987,0,7,0,0.0,2.0,2.0,6.0,A01
201400013987,0,32,0,0.0,2.0,1.0,1.0,B01
201400013988,0,7,0,0.0,2.0,8.0,15.0,A01
201400013988,0,30,0,0.0,2.0,0.0,2.0,B01
201400013989,0,34,0,0.0,1.0,5.0,0.0,A01
201400013990,0,7,0,0.0,2.0,5.0,16.0,A01
201400013990,0,30,0,0.0,2.0,1.0,1.0,B01
201400013991,0,30,0,0.0,0.0,8.0,1.0,A01
201400013992,0,30,0,0.0,1.0,8.0,17.0,A01
201400013993,0,7,0,0.0,2.0,0.0,15.0,A01
201400013993,0,30,0,1.0,2.0,1.0,21.0,B01
201400013994,1,7,0,0.0,1.0,0.0,1.0,Z01
201400013995,0,7,0,0.0,0.0,4.0,0.0,A01
201400013995,0,7,0,0.0,0.0,0.0,0.0,B01
201400013996,0,7,0,0.0,2.0,4.0,0.0,A01
201400013996,0,32,0,0.0,2.0,1.0,1.0,B01
201400013997,0,33,0,0.0,2.0,1.0,1.0,B01
201400013997,0,7,0,0.0,2.0,6.0,15.0,A01
201400013998,0,33,0,0.0,2.0,1.0,1.0,A01
201400013998,0,7,0,0.0,2.0,6.0,1.0,B01
201400013999,0,7,0,0.0,2.0,1.0,2.0,A01
201400013999,0,7,0,0.0,2.0,4.0,2.0,B01
201400014000,0,7,0,0.0,2.0,7.0,15.0,A01
201400014000,0,7,0,0.0,2.0,1.0,1.0,B01
201400014000,0,7,0,0.0,2.0,3.0,23.0,C01
201400014001,0,7,0,0.0,2.0,1.0,1.0,A01
201400014001,0,7,0,0.0,2.0,2.0,15.0,B01
201400014002,0,7,0,0.0,2.0,3.0,9.0,A01
201400014002,0,7,0,0.0,2.0,3.0,1.0,B01
201400014003,0,7,0,0.0,2.0,1.0,2.0,A01
201400014003,0,7,0,0.0,2.0,4.0,2.0,B01
201400014004,0,34,0,0.0,2.0,1.0,1.0,A01
201400014004,0,7,0,0.0,2.0,3.0,10.0,B01
201400014005,0,7,0,0.0,2.0,3.0,2.0,A01
201400014005,0,34,0,0.0,2.0,1.0,2.0,B01
201400014006,0,7,0,0.0,2.0,1.0,5.0,A01
201400014006,0,30,0,0.0,2.0,1.0,6.0,B01
201400014007,0,7,0,15.0,0.0,1.0,1.0,A01
201400014008,0,7,0,0.0,1.0,1.0,1.0,A01
201400014009,0,7,0,0.0,2.0,5.0,1.0,B01
201400014009,0,7,0,0.0,2.0,2.0,15.0,A01
201400014010,0,7,0,1.0,0.0,1.0,1.0,A01
201400014011,0,7,0,0.0,0.0,9.0,0.0,A01
201400014012,0,7,0,0.0,1.0,2.0,2.0,A01
201400014013,0,10,0,0.0,2.0,1.0,2.0,A01
201400014013,0,7,0,0.0,2.0,4.0,23.0,B01
201400014014,0,2,0,0.0,2.0,1.0,13.0,A01
201400014014,0,7,0,0.0,2.0,1.0,1.0,B01
201400014015,0,7,0,0.0,2.0,7.0,0.0,B01
201400014015,0,7,0,0.0,2.0,1.0,15.0,A01
201400014016,0,2,0,0.0,2.0,0.0,14.0,A01
201400014016,0,7,0,0.0,9.0,3.0,1.0,B01
201400014017,0,30,0,0.0,2.0,0.0,14.0,A01
201400014017,0,7,0,0.0,9.0,3.0,1.0,B01
201400014018,0,7,0,0.0,2.0,2.0,0.0,A01
201400014018,0,32,0,0.0,2.0,1.0,2.0,B01
201400014019,0,7,0,0.0,2.0,3.0,1.0,B01
201400014019,0,33,0,0.0,1.0,1.0,1.0,A01
201400014020,0,7,0,0.0,2.0,1.0,13.0,A01
201400014020,0,7,0,0.0,0.0,0.0,13.0,B01
201400014020,0,30,0,0.0,2.0,1.0,1.0,C01
201400014021,0,30,0,0.0,0.0,0.0,1.0,A01
201400014022,0,32,0,0.0,2.0,1.0,9.0,A01
201400014022,0,7,0,0.0,2.0,3.0,0.0,B01
201400014023,0,7,0,2.0,0.0,3.0,0.0,A01
201400014024,0,38,3,0.0,2.0,7.0,2.0,A01
201400014024,0,38,2,0.0,2.0,4.0,24.0,C01
201400014025,0,7,0,0.0,2.0,1.0,1.0,A01
201400014025,0,7,0,0.0,2.0,2.0,1.0,B01
201400014026,1,7,0,0.0,1.0,3.0,1.0,Z01
201400014027,0,7,0,0.0,2.0,3.0,10.0,A01
201400014027,0,7,0,0.0,2.0,5.0,9.0,B01
201400014028,1,32,0,0.0,1.0,1.0,1.0,Z01
201400014029,0,3,0,0.0,2.0,2.0,2.0,A01
201400014029,0,10,0,0.0,2.0,6.0,2.0,B01
201400014030,0,10,0,0.0,2.0,4.0,4.0,A01
201400014030,0,7,0,0.0,2.0,1.0,23.0,B01
201400014031,0,7,0,0.0,2.0,7.0,10.0,A01
201400014031,0,34,0,0.0,2.0,1.0,1.0,B01
201400014032,2,7,0,0.0,2.0,1.0,1.0,A01
201400014032,0,7,0,0.0,2.0,8.0,1.0,B01
201400014033,0,7,0,0.0,2.0,1.0,1.0,B01
201400014033,1,7,0,0.0,2.0,1.0,1.0,Z01
201400014034,0,7,0,13.0,0.0,1.0,1.0,A01
201400014035,0,7,0,0.0,2.0,3.0,20.0,A01
201400014035,0,32,0,0.0,2.0,1.0,1.0,B01
201400014036,0,37,1,1.0,1.0,7.0,0.0,A01
201400014037,0,7,0,0.0,2.0,2.0,12.0,A01
201400014037,0,33,0,0.0,2.0,8.0,1.0,B01
201400014038,0,32,0,0.0,2.0,0.0,2.0,A01
201400014038,0,7,0,0.0,2.0,3.0,15.0,B01
201400014039,0,7,0,0.0,0.0,0.0,9.0,A01
201400014039,0,33,0,0.0,0.0,0.0,21.0,B01
201400014040,0,34,0,0.0,2.0,2.0,2.0,A01
201400014040,0,10,0,0.0,2.0,7.0,16.0,B01
201400014041,0,7,0,4.0,2.0,8.0,9.0,A01
201400014041,0,7,0,0.0,2.0,7.0,2.0,B01
201400014042,0,7,0,0.0,2.0,7.0,11.0,A01
201400014042,0,7,0,8.0,2.0,1.0,2.0,B01
201400014043,1,30,0,0.0,1.0,0.0,0.0,Z01
201400014044,0,2,0,0.0,2.0,1.0,0.0,A01
201400014044,0,1,0,0.0,2.0,4.0,19.0,B01
201400014045,0,7,0,6.0,0.0,3.0,14.0,A01
201400014046,0,10,0,0.0,2.0,2.0,9.0,A01
201400014046,0,32,0,0.0,2.0,8.0,2.0,B01
201400014047,0,7,0,0.0,2.0,3.0,1.0,B01
201400014047,0,7,0,0.0,2.0,2.0,1.0,A01
201400014048,0,7,0,8.0,0.0,2.0,0.0,A01
201400014049,0,7,0,0.0,2.0,5.0,10.0,A01
201400014049,0,31,0,0.0,2.0,8.0,21.0,B01
201400014050,0,7,0,0.0,2.0,7.0,15.0,A01
201400014050,0,30,0,0.0,0.0,1.0,1.0,B01
201400014051,0,7,0,0.0,2.0,4.0,1.0,B01
201400014051,1,7,0,0.0,2.0,1.0,1.0,Z01
201400014052,1,7,0,0.0,0.0,0.0,1.0,Z01
201400014052,0,1,0,0.0,2.0,8.0,1.0,B01
201400014053,0,7,0,0.0,1.0,1.0,1.0,A01
201400014054,0,7,0,0.0,9.0,8.0,15.0,B01
201400014054,0,1,0,0.0,2.0,1.0,17.0,A01
201400014055,0,10,0,0.0,1.0,1.0,1.0,A01
201400014056,1,7,0,0.0,1.0,0.0,1.0,Z01
201400014057,1,30,0,0.0,1.0,0.0,0.0,Z01
201400014058,0,30,0,0.0,1.0,1.0,1.0,A01
201400014059,0,7,0,0.0,2.0,3.0,13.0,A01
201400014059,0,7,0,0.0,2.0,3.0,0.0,B01
201400014060,0,32,0,8.0,0.0,1.0,1.0,A01
201400014061,0,7,0,0.0,2.0,3.0,15.0,B01
201400014061,0,30,0,0.0,2.0,2.0,17.0,A01
201400014062,0,7,0,0.0,1.0,1.0,1.0,A01
201400014063,0,7,0,0.0,2.0,1.0,1.0,A01
201400014063,0,7,0,0.0,2.0,4.0,1.0,B01
201400014064,0,30,0,0.0,2.0,1.0,1.0,B01
201400014064,1,7,0,0.0,2.0,0.0,1.0,Z01
201400014065,0,32,0,0.0,0.0,0.0,16.0,A01
201400014066,0,30,0,0.0,2.0,4.0,2.0,B01
201400014066,0,7,0,0.0,2.0,1.0,2.0,A01
201400014067,0,7,0,0.0,2.0,2.0,0.0,A01
201400014067,0,32,0,0.0,2.0,1.0,1.0,B01
201400014068,1,7,0,0.0,2.0,8.0,15.0,Z01
201400014068,0,7,0,0.0,2.0,9.0,5.0,A01
201400014068,0,7,0,0.0,2.0,8.0,1.0,B01
201400014069,0,7,0,0.0,2.0,1.0,23.0,B01
201400014069,1,7,0,0.0,0.0,4.0,4.0,Z01
201400014070,0,1,0,0.0,2.0,4.0,1.0,A01
201400014070,1,7,0,0.0,2.0,1.0,15.0,Z01
201400014071,0,7,0,0.0,2.0,7.0,1.0,A01
201400014071,0,7,0,0.0,2.0,3.0,1.0,B01
201400014072,0,7,0,0.0,1.0,1.0,1.0,A01
201400014073,0,7,0,0.0,1.0,5.0,1.0,A01
201400014074,0,10,0,0.0,2.0,3.0,16.0,A01
201400014074,0,7,0,0.0,2.0,5.0,16.0,B01
201400014075,0,7,0,0.0,2.0,4.0,1.0,A01
201400014075,1,33,0,0.0,0.0,0.0,0.0,Z01
201400014076,0,7,0,0.0,1.0,1.0,1.0,A01
201400014077,0,30,0,0.0,2.0,1.0,1.0,A01
201400014077,0,7,0,0.0,0.0,0.0,16.0,B01
201400014078,0,7,0,0.0,2.0,3.0,9.0,A01
201400014078,0,33,0,0.0,2.0,5.0,1.0,B01
201400014079,0,7,0,0.0,2.0,2.0,9.0,A01
201400014079,0,30,0,0.0,2.0,7.0,5.0,B01
201400014080,1,7,0,0.0,1.0,1.0,1.0,Z01
201400014081,1,7,0,0.0,2.0,2.0,2.0,Z01
201400014081,0,7,0,0.0,2.0,6.0,2.0,B01
201400014082,0,7,0,0.0,0.0,1.0,0.0,A01
201400014083,0,7,0,13.0,0.0,1.0,1.0,A01
201400014084,0,7,0,0.0,2.0,8.0,10.0,A01
201400014084,0,3,0,0.0,2.0,2.0,1.0,B01
201400014085,0,7,0,0.0,1.0,3.0,6.0,A01
201400014086,0,7,0,0.0,2.0,1.0,1.0,A01
201400014086,0,7,0,0.0,2.0,2.0,1.0,B01
201400014087,1,7,0,0.0,1.0,0.0,1.0,Z01
201400014088,0,7,0,0.0,2.0,0.0,10.0,A01
201400014088,0,33,0,0.0,2.0,0.0,2.0,B01
201400014089,2,7,0,0.0,2.0,1.0,2.0,A01
201400014089,0,7,0,0.0,2.0,4.0,23.0,B01
201400014089,0,7,0,0.0,2.0,4.0,23.0,C01
201400014090,0,32,0,0.0,2.0,1.0,1.0,A01
201400014090,0,7,0,0.0,2.0,2.0,12.0,B01
201400014091,0,32,0,0.0,2.0,7.0,1.0,B01
201400014091,0,7,0,0.0,2.0,3.0,9.0,A01
201400014092,0,30,0,0.0,2.0,3.0,1.0,A01
201400014092,1,7,0,0.0,0.0,0.0,0.0,Z01
201400014093,1,7,0,0.0,2.0,0.0,0.0,Z01
201400014093,0,7,0,0.0,2.0,4.0,2.0,A01
201400014094,0,34,0,0.0,2.0,1.0,1.0,B01
201400014094,0,7,0,0.0,2.0,5.0,15.0,A01
201400014095,0,33,0,0.0,2.0,1.0,17.0,A01
201400014095,0,7,0,0.0,2.0,8.0,13.0,B01
201400014096,0,2,0,0.0,2.0,1.0,17.0,A01
201400014096,0,7,0,0.0,2.0,3.0,15.0,B01
201400014097,0,7,0,0.0,1.0,1.0,1.0,A01
201400014098,0,7,0,0.0,2.0,1.0,2.0,A01
201400014098,0,7,0,0.0,2.0,5.0,16.0,B01
201400014099,0,7,0,0.0,2.0,6.0,2.0,B01
201400014099,1,7,0,0.0,2.0,1.0,2.0,Z01
201400014100,0,7,0,0.0,2.0,1.0,2.0,A01
201400014100,0,7,0,0.0,0.0,4.0,2.0,B01
201400014101,1,7,0,0.0,1.0,0.0,1.0,Z01
201400014102,0,7,0,0.0,1.0,1.0,0.0,A01
201400014103,0,7,0,0.0,2.0,8.0,15.0,A01
201400014103,0,33,0,0.0,2.0,1.0,2.0,B01
201400014104,1,7,0,0.0,2.0,7.0,12.0,Z01
201400014104,0,33,0,0.0,2.0,8.0,1.0,B01
201400014105,0,7,0,0.0,2.0,3.0,9.0,A01
201400014105,0,34,0,0.0,2.0,1.0,1.0,B01
201400014106,0,30,0,0.0,2.0,2.0,6.0,A01
201400014106,0,7,0,0.0,2.0,3.0,2.0,B01
201400014107,0,7,0,0.0,2.0,4.0,4.0,A01
201400014107,0,7,0,0.0,2.0,1.0,1.0,B01
201400014108,0,7,0,0.0,2.0,8.0,10.0,A01
201400014108,0,7,0,1.0,2.0,3.0,13.0,B01
201400014108,0,7,0,0.0,2.0,3.0,1.0,C01
201400014109,0,31,0,0.0,2.0,1.0,1.0,B01
201400014109,0,7,0,0.0,2.0,7.0,1.0,A01
201400014110,0,37,1,0.0,2.0,2.0,19.0,B01
201400014110,0,7,0,0.0,2.0,1.0,1.0,A01
201400014111,0,32,0,0.0,2.0,1.0,0.0,A01
201400014111,0,7,0,0.0,2.0,1.0,23.0,B01
201400014112,0,7,0,0.0,2.0,2.0,19.0,A01
201400014112,0,32,0,0.0,2.0,8.0,1.0,B01
201400014113,0,7,0,0.0,2.0,1.0,2.0,A01
201400014113,0,7,0,0.0,2.0,8.0,2.0,B01
201400014113,0,7,0,0.0,2.0,4.0,2.0,C01
201400014114,0,34,0,0.0,2.0,3.0,0.0,A01
201400014114,0,7,0,0.0,2.0,3.0,0.0,B01
201400014115,1,30,0,0.0,1.0,0.0,0.0,Z01
201400014116,0,7,0,0.0,0.0,1.0,1.0,B01
201400014116,0,7,0,0.0,0.0,7.0,9.0,A01
201400014117,0,37,44,1.0,0.0,2.0,2.0,A01
201400014117,0,10,0,0.0,0.0,4.0,23.0,B01
201400014118,0,10,0,0.0,2.0,1.0,2.0,A01
201400014118,0,7,0,0.0,2.0,4.0,2.0,B01
201400014119,0,31,0,0.0,2.0,1.0,1.0,A01
201400014119,0,7,0,0.0,2.0,3.0,2.0,B01
201400014120,0,7,0,0.0,2.0,3.0,1.0,B01
201400014120,1,7,0,0.0,2.0,0.0,0.0,Z01
201400014121,1,7,0,0.0,0.0,0.0,9.0,Z01
201400014121,0,32,0,0.0,2.0,0.0,1.0,B01
201400014122,0,7,0,0.0,2.0,7.0,2.0,A01
201400014122,0,7,0,0.0,2.0,3.0,2.0,B01
201400014123,0,7,0,14.0,0.0,8.0,2.0,A01
201400014123,0,7,0,0.0,0.0,6.0,2.0,B01
201400014124,0,7,0,0.0,2.0,7.0,24.0,B01
201400014124,0,7,0,0.0,2.0,1.0,21.0,A01
201400014125,0,7,0,0.0,2.0,8.0,17.0,A01
201400014125,0,33,0,0.0,2.0,1.0,1.0,B01
201400014126,0,7,0,0.0,2.0,6.0,12.0,B01
201400014126,0,7,0,0.0,2.0,2.0,2.0,A01
201400014127,0,7,0,0.0,2.0,4.0,4.0,A01
201400014127,0,37,2,0.0,2.0,3.0,1.0,B01
201400014128,0,33,0,0.0,2.0,1.0,2.0,A01
201400014128,0,7,0,0.0,2.0,5.0,1.0,B01
201400014129,0,7,0,0.0,2.0,4.0,3.0,A01
201400014129,0,16,0,0.0,2.0,2.0,2.0,B01
201400014129,0,7,0,0.0,2.0,6.0,2.0,C01
201400014130,0,7,0,0.0,2.0,1.0,2.0,A01
201400014130,0,32,0,0.0,2.0,4.0,2.0,B01
201400014131,0,7,0,0.0,2.0,1.0,2.0,A01
201400014131,0,7,0,0.0,2.0,4.0,23.0,B01
201400014132,0,10,0,0.0,2.0,5.0,22.0,A01
201400014132,0,7,0,0.0,2.0,3.0,2.0,B01
201400014133,0,7,0,0.0,1.0,1.0,2.0,A01
201400014134,0,34,0,0.0,2.0,1.0,0.0,B01
201400014134,0,7,0,0.0,2.0,3.0,0.0,A01
201400014135,0,10,0,0.0,2.0,4.0,23.0,B01
201400014135,1,7,0,0.0,2.0,1.0,2.0,Z01
201400014136,0,7,0,0.0,2.0,3.0,1.0,B01
201400014136,1,7,0,0.0,2.0,1.0,5.0,Z01
201400014137,0,7,0,0.0,2.0,1.0,13.0,A01
201400014137,0,7,0,0.0,2.0,3.0,1.0,B01
201400014138,0,7,0,0.0,2.0,4.0,16.0,B01
201400014138,0,32,0,0.0,2.0,1.0,1.0,A01
201400014139,1,7,0,0.0,2.0,1.0,0.0,Z01
201400014139,0,7,0,0.0,2.0,4.0,1.0,A01
201400014140,0,31,0,0.0,2.0,7.0,2.0,B01
201400014140,0,7,0,0.0,2.0,8.0,9.0,A01
201400014141,0,7,0,0.0,2.0,3.0,1.0,A01
201400014141,0,7,0,0.0,2.0,2.0,1.0,B01
201400014142,0,31,0,0.0,1.0,1.0,1.0,A01
201400014143,1,13,0,0.0,1.0,1.0,0.0,Z01
201400014144,0,32,0,0.0,1.0,1.0,1.0,A01
201400014145,0,7,0,0.0,2.0,3.0,10.0,A01
201400014145,0,32,0,0.0,2.0,1.0,17.0,B01
201400014146,0,1,0,0.0,2.0,8.0,2.0,A01
201400014146,0,99,0,0.0,2.0,7.0,2.0,B01
201400014147,0,10,0,0.0,2.0,3.0,15.0,A01
201400014147,0,30,0,0.0,2.0,1.0,1.0,B01
201400014148,0,34,0,0.0,2.0,1.0,1.0,B01
201400014148,0,7,0,0.0,2.0,8.0,9.0,A01
201400014149,0,7,0,0.0,2.0,5.0,1.0,A01
201400014149,1,7,0,0.0,2.0,1.0,1.0,Z01
201400014150,0,7,0,0.0,2.0,7.0,16.0,B01
201400014150,0,33,0,0.0,2.0,3.0,1.0,A01
201400014151,0,7,0,0.0,2.0,8.0,15.0,A01
201400014151,0,31,0,0.0,2.0,0.0,2.0,B01
201400014152,0,34,0,0.0,0.0,0.0,1.0,A01
201400014153,0,7,0,0.0,2.0,2.0,0.0,B01
201400014153,0,2,0,0.0,2.0,6.0,0.0,A01
201400014154,0,30,0,0.0,2.0,6.0,15.0,B01
201400014154,0,7,0,0.0,2.0,8.0,15.0,A01
201400014155,0,7,0,0.0,2.0,3.0,1.0,A01
201400014155,0,1,0,0.0,2.0,0.0,0.0,B01
201400014156,0,7,0,0.0,2.0,0.0,24.0,A01
201400014156,1,7,0,0.0,2.0,7.0,1.0,Z01
201400014157,0,7,0,0.0,2.0,7.0,9.0,A01
201400014157,0,31,0,0.0,2.0,7.0,17.0,B01
201400014158,0,7,0,0.0,2.0,1.0,2.0,A01
201400014158,0,7,0,0.0,2.0,4.0,2.0,B01
201400014159,0,7,0,0.0,2.0,1.0,9.0,A01
201400014159,0,31,0,0.0,2.0,2.0,1.0,B01
201400014160,0,7,0,0.0,2.0,1.0,2.0,A01
201400014160,0,7,0,0.0,2.0,4.0,2.0,B01
201400014160,0,7,0,0.0,2.0,1.0,2.0,C01
201400014161,0,34,0,0.0,0.0,1.0,1.0,A01
201400014162,0,7,0,0.0,2.0,3.0,16.0,A01
201400014162,0,33,0,0.0,2.0,1.0,1.0,B01
201400014163,0,33,0,0.0,2.0,1.0,5.0,A01
201400014163,0,7,0,0.0,2.0,3.0,9.0,B01
201400014164,0,7,0,0.0,2.0,1.0,2.0,A01
201400014164,0,2,0,0.0,2.0,4.0,2.0,B01
201400014165,0,7,0,0.0,9.0,1.0,16.0,A01
201400014166,0,7,0,0.0,2.0,5.0,5.0,A01
201400014166,0,7,0,0.0,2.0,2.0,1.0,B01
201400014167,0,7,0,0.0,2.0,1.0,2.0,A01
201400014167,0,7,0,0.0,2.0,4.0,2.0,B01
201400014168,0,30,0,0.0,2.0,1.0,1.0,A01
201400014168,0,7,0,0.0,2.0,3.0,15.0,B01
201400014169,0,32,0,0.0,2.0,1.0,17.0,A01
201400014169,0,7,0,0.0,2.0,3.0,0.0,B01
201400014170,0,7,0,0.0,2.0,1.0,9.0,A01
201400014170,0,32,0,0.0,2.0,1.0,0.0,B01