Num_Acc,senc,catv,occutc,obs,obsm,choc,manv,num_veh
201400014171,0,33,0,0.0,2.0,1.0,17.0,A01
201400014171,0,7,0,0.0,2.0,2.0,1.0,B01
201400014172,0,7,0,0.0,2.0,3.0,9.0,B01
201400014172,0,7,0,0.0,2.0,3.0,21.0,A01
201400014173,0,7,0,0.0,2.0,1.0,1.0,A01
201400014173,0,7,0,0.0,2.0,8.0,1.0,B01
201400014174,0,7,0,0.0,2.0,5.0,1.0,B01
201400014174,0,2,0,0.0,2.0,1.0,2.0,A01
201400014175,0,7,0,0.0,2.0,3.0,1.0,B01
201400014175,0,7,0,0.0,2.0,1.0,1.0,A01
201400014176,0,7,0,0.0,0.0,1.0,0.0,A01
201400014177,0,7,0,0.0,2.0,3.0,1.0,A01
201400014177,0,33,0,0.0,2.0,1.0,1.0,B01
201400014178,0,33,0,0.0,2.0,1.0,2.0,A01
201400014178,0,7,0,0.0,2.0,4.0,1.0,B01
201400014179,0,7,0,0.0,2.0,2.0,1.0,B01
201400014179,1,7,0,0.0,2.0,0.0,1.0,Z01
201400014180,0,33,0,0.0,2.0,5.0,1.0,A01
201400014180,0,7,0,0.0,2.0,3.0,1.0,B01
201400014181,0,7,0,0.0,2.0,1.0,1.0,A01
201400014181,0,7,0,0.0,2.0,4.0,1.0,B01
201400014182,0,7,0,0.0,2.0,8.0,15.0,B01
201400014182,0,7,0,0.0,2.0,3.0,1.0,A01
201400014183,0,10,0,0.0,0.0,0.0,17.0,A01
201400014183,0,32,0,0.0,0.0,0.0,17.0,B01
201400014184,0,7,0,0.0,2.0,1.0,0.0,A01
201400014184,0,7,0,0.0,2.0,4.0,1.0,B01
201400014185,0,33,0,0.0,2.0,1.0,2.0,B01
201400014185,1,7,0,0.0,0.0,4.0,2.0,Z01
201400014186,0,7,0,0.0,2.0,7.0,1.0,B01
201400014186,0,7,0,0.0,2.0,0.0,5.0,A01
201400014187,0,7,0,0.0,2.0,3.0,1.0,A01
201400014187,0,7,0,0.0,2.0,2.0,1.0,B01
201400014188,0,34,0,0.0,6.0,7.0,1.0,A01
201400014189,1,7,0,0.0,2.0,3.0,15.0,Z01
201400014189,0,2,0,0.0,2.0,1.0,1.0,B01
201400014190,0,7,0,0.0,2.0,1.0,2.0,A01
201400014190,0,7,0,0.0,2.0,4.0,1.0,B01
201400014191,0,34,0,0.0,2.0,1.0,1.0,A01
201400014191,0,7,0,0.0,2.0,6.0,23.0,B01
201400014192,0,7,0,0.0,2.0,1.0,15.0,A01
201400014192,0,33,0,0.0,2.0,8.0,17.0,B01
201400014193,0,7,0,0.0,1.0,4.0,4.0,A01
201400014194,0,7,0,0.0,1.0,1.0,1.0,A01
201400014195,0,33,0,0.0,1.0,4.0,4.0,A01
201400014196,0,7,0,0.0,2.0,8.0,22.0,A01
201400014196,0,30,0,0.0,2.0,7.0,1.0,B01
201400014197,0,7,0,0.0,2.0,1.0,15.0,A01
201400014197,0,34,0,0.0,2.0,1.0,1.0,B01
201400014198,0,7,0,0.0,2.0,3.0,9.0,A01
201400014198,0,2,0,0.0,2.0,1.0,1.0,B01
201400014199,0,7,0,0.0,2.0,7.0,2.0,B01
201400014199,0,34,0,0.0,2.0,8.0,2.0,A01
201400014200,0,30,0,0.0,2.0,1.0,2.0,A01
201400014200,0,32,0,0.0,2.0,6.0,2.0,B01
201400014201,1,7,0,0.0,1.0,1.0,0.0,Z01
201400014202,0,7,0,0.0,2.0,4.0,0.0,B01
201400014202,0,7,0,0.0,1.0,1.0,1.0,A01
201400014203,0,7,0,0.0,2.0,1.0,15.0,A01
201400014203,0,7,0,0.0,2.0,3.0,1.0,B01
201400014204,0,7,0,0.0,2.0,1.0,2.0,A01
201400014204,0,7,0,0.0,2.0,5.0,1.0,B01
201400014205,0,7,0,0.0,2.0,3.0,15.0,B01
201400014205,0,33,0,0.0,2.0,5.0,17.0,A01
201400014206,1,7,0,0.0,0.0,0.0,0.0,Z01
201400014206,0,7,0,2.0,2.0,3.0,0.0,A01
201400014207,0,7,0,0.0,2.0,3.0,9.0,A01
201400014207,0,7,0,0.0,2.0,2.0,0.0,B01
201400014208,0,7,0,0.0,2.0,1.0,2.0,A01
201400014208,0,10,0,0.0,2.0,4.0,2.0,B01
201400014209,0,33,0,0.0,0.0,7.0,0.0,A01
201400014210,0,30,0,0.0,2.0,1.0,1.0,B01
201400014210,0,7,0,0.0,1.0,7.0,16.0,A01
201400014211,0,7,0,0.0,2.0,9.0,17.0,A01
201400014211,0,7,0,0.0,2.0,1.0,1.0,B01
201400014212,0,7,0,0.0,2.0,1.0,9.0,A01
201400014212,0,30,0,0.0,2.0,9.0,1.0,B01
201400014213,0,7,0,0.0,2.0,5.0,16.0,A01
201400014213,0,33,0,0.0,2.0,3.0,16.0,B01
201400014214,0,30,0,0.0,2.0,1.0,1.0,A01
201400014214,0,7,0,0.0,2.0,2.0,1.0,B01
201400014215,0,7,0,0.0,2.0,1.0,2.0,A01
201400014215,0,7,0,0.0,2.0,4.0,2.0,C01
201400014215,0,7,0,0.0,2.0,4.0,2.0,B01
201400014216,0,7,0,0.0,1.0,4.0,4.0,A01
201400014217,0,7,0,0.0,2.0,5.0,1.0,B01
201400014217,0,30,0,0.0,2.0,1.0,1.0,A01
201400014218,0,33,0,10.0,0.0,1.0,0.0,A01
201400014219,0,2,0,14.0,0.0,3.0,18.0,A01
201400014219,0,10,0,0.0,0.0,5.0,23.0,B01
201400014220,0,33,0,1.0,0.0,2.0,1.0,A01
201400014221,0,32,0,0.0,2.0,5.0,23.0,A01
201400014221,1,7,0,0.0,2.0,4.0,0.0,Z01
201400014222,0,7,0,0.0,2.0,7.0,9.0,A01
201400014222,0,7,0,0.0,2.0,2.0,1.0,B01
201400014223,0,7,0,0.0,2.0,3.0,17.0,A01
201400014223,0,34,0,0.0,2.0,7.0,17.0,B01
201400014224,0,7,0,0.0,2.0,1.0,2.0,A01
201400014224,0,7,0,0.0,2.0,4.0,2.0,B01
201400014225,0,33,0,0.0,2.0,3.0,1.0,B01
201400014225,0,7,0,0.0,2.0,6.0,15.0,A01
201400014226,1,7,0,0.0,2.0,1.0,2.0,Z01
201400014226,0,7,0,0.0,2.0,4.0,2.0,A01
201400014227,0,10,0,0.0,2.0,8.0,15.0,A01
201400014227,0,1,0,0.0,2.0,1.0,1.0,B01
201400014228,0,7,0,0.0,2.0,3.0,9.0,A01
201400014228,1,7,0,0.0,2.0,2.0,1.0,Z01
201400014229,0,33,0,0.0,2.0,1.0,2.0,B01
201400014229,1,7,0,0.0,2.0,4.0,4.0,Z01
201400014230,1,99,0,0.0,2.0,2.0,0.0,Z01
201400014230,0,34,0,0.0,2.0,1.0,0.0,B01
201400014231,0,7,0,0.0,1.0,2.0,1.0,A01
201400014232,0,7,0,0.0,2.0,1.0,2.0,A01
201400014232,0,7,0,0.0,2.0,4.0,2.0,B01
201400014233,0,7,0,0.0,1.0,2.0,0.0,A01
201400014234,0,34,0,0.0,2.0,7.0,0.0,A01
201400014234,0,7,0,0.0,2.0,1.0,1.0,B01
201400014235,0,7,0,0.0,2.0,0.0,1.0,A01
201400014235,0,7,0,0.0,2.0,7.0,1.0,B01
201400014236,0,7,0,0.0,2.0,1.0,2.0,A01
201400014236,0,7,0,0.0,2.0,4.0,2.0,B01
201400014237,0,31,0,0.0,2.0,0.0,17.0,A01
201400014237,0,7,0,0.0,2.0,0.0,1.0,C01
201400014237,0,7,0,0.0,2.0,8.0,1.0,B01
201400014238,0,7,0,0.0,2.0,1.0,1.0,B01
201400014238,0,7,0,0.0,2.0,3.0,16.0,A01
201400014239,1,7,0,0.0,1.0,3.0,1.0,Z01
201400014240,0,7,0,0.0,2.0,1.0,2.0,A01
201400014240,0,7,0,0.0,2.0,4.0,2.0,B01
201400014240,0,7,0,0.0,2.0,4.0,2.0,C01
201400014241,0,34,0,0.0,2.0,1.0,1.0,B01
201400014241,0,7,0,0.0,2.0,1.0,9.0,A01
201400014242,0,7,0,0.0,4.0,6.0,1.0,B01
201400014242,0,7,0,0.0,2.0,1.0,1.0,C01
201400014242,0,7,0,0.0,2.0,1.0,15.0,A01
201400014243,0,17,0,0.0,1.0,6.0,1.0,A01
201400014244,0,3,0,1.0,0.0,2.0,14.0,A01
201400014245,0,7,0,0.0,2.0,1.0,9.0,A01
201400014245,0,33,0,0.0,2.0,3.0,2.0,B01
201400014246,0,7,0,0.0,1.0,1.0,5.0,A01
201400014247,0,30,0,0.0,2.0,1.0,17.0,A01
201400014247,0,7,0,0.0,2.0,6.0,9.0,B01
201400014248,0,40,0,0.0,2.0,2.0,1.0,B01
201400014248,0,7,0,0.0,4.0,8.0,1.0,A01
201400014249,1,7,0,0.0,2.0,1.0,1.0,Z01
201400014249,0,7,0,0.0,2.0,4.0,1.0,B01
201400014249,0,7,0,0.0,2.0,4.0,1.0,A01
201400014250,0,1,0,0.0,2.0,7.0,17.0,B01
201400014250,0,7,0,0.0,2.0,8.0,17.0,A01
201400014251,0,7,0,0.0,2.0,5.0,16.0,B01
201400014251,0,2,0,0.0,2.0,1.0,7.0,A01
201400014252,0,7,0,0.0,1.0,7.0,15.0,A01
201400014253,0,7,0,0.0,2.0,3.0,15.0,A01
201400014253,0,31,0,0.0,2.0,1.0,1.0,B01
201400014254,0,7,0,0.0,2.0,1.0,2.0,A01
201400014254,0,7,0,0.0,2.0,4.0,1.0,B01
201400014255,0,33,0,0.0,2.0,1.0,2.0,A01
201400014255,0,30,0,0.0,2.0,4.0,2.0,B01
201400014256,0,7,0,0.0,1.0,4.0,4.0,A01
201400014257,0,30,0,0.0,2.0,1.0,1.0,B01
201400014257,0,7,0,0.0,2.0,1.0,15.0,A01
201400014258,0,7,0,0.0,2.0,1.0,1.0,A01
201400014258,0,7,0,0.0,2.0,1.0,1.0,B01
201400014259,0,7,0,0.0,0.0,9.0,1.0,A01
201400014260,0,7,0,0.0,2.0,5.0,1.0,A01
201400014260,0,32,0,0.0,2.0,1.0,1.0,B01
201400014261,0,7,0,0.0,2.0,8.0,0.0,B01
201400014261,0,7,0,0.0,2.0,7.0,0.0,A01
201400014262,0,7,0,0.0,2.0,5.0,2.0,B01
201400014262,0,7,0,0.0,2.0,1.0,2.0,A01
201400014263,0,7,0,0.0,2.0,3.0,5.0,A01
201400014263,0,7,0,0.0,2.0,6.0,0.0,B01
201400014263,0,7,0,0.0,2.0,7.0,5.0,C01
201400014264,0,7,0,0.0,2.0,5.0,1.0,B01
201400014264,0,7,0,1.0,2.0,5.0,2.0,C01
201400014264,0,7,0,0.0,2.0,2.0,2.0,A01
201400014265,0,33,0,0.0,2.0,1.0,1.0,B01
201400014265,0,7,0,0.0,2.0,7.0,15.0,A01
201400014266,0,2,0,0.0,2.0,3.0,12.0,A01
201400014266,0,32,0,0.0,2.0,3.0,13.0,B01
201400014267,0,13,0,0.0,2.0,6.0,1.0,B01
201400014267,0,7,0,0.0,2.0,0.0,13.0,A01
201400014268,0,2,0,0.0,0.0,0.0,0.0,A01
201400014269,1,7,0,0.0,1.0,0.0,0.0,Z01
201400014270,0,33,0,0.0,2.0,1.0,2.0,A01
201400014270,0,7,0,0.0,2.0,4.0,2.0,B01
201400014271,0,7,0,0.0,2.0,8.0,15.0,A01
201400014271,0,32,0,0.0,2.0,1.0,17.0,B01
201400014272,0,7,0,0.0,1.0,2.0,2.0,A01
201400014273,0,32,0,0.0,1.0,1.0,14.0,A01
201400014274,0,37,1,0.0,1.0,3.0,1.0,A01
201400014275,0,7,0,0.0,2.0,2.0,16.0,B01
201400014275,0,30,0,0.0,2.0,1.0,5.0,A01
201400014276,0,2,0,14.0,0.0,8.0,1.0,A01
201400014277,0,7,0,0.0,1.0,3.0,1.0,A01
201400014278,0,2,0,0.0,2.0,1.0,1.0,B01
201400014278,0,7,0,0.0,2.0,3.0,11.0,A01
201400014279,0,7,0,0.0,2.0,2.0,1.0,A01
201400014279,1,7,0,0.0,2.0,0.0,9.0,Z01
201400014280,0,10,0,1.0,0.0,3.0,0.0,A01
201400014280,0,7,0,0.0,2.0,6.0,0.0,B01
201400014281,0,7,0,0.0,2.0,2.0,15.0,A01
201400014281,1,7,0,0.0,2.0,4.0,0.0,Z01
201400014282,0,2,0,0.0,0.0,0.0,2.0,A01
201400014283,0,7,0,10.0,0.0,9.0,1.0,A01
201400014284,0,33,0,0.0,2.0,1.0,1.0,A01
201400014284,0,7,0,0.0,2.0,3.0,19.0,B01
201400014285,0,7,0,0.0,2.0,3.0,19.0,B01
201400014285,0,32,0,0.0,2.0,1.0,17.0,A01
201400014286,0,32,0,0.0,2.0,1.0,1.0,B01
201400014286,0,7,0,0.0,2.0,3.0,10.0,A01
201400014287,0,7,0,0.0,1.0,2.0,1.0,A01
201400014288,0,1,0,0.0,2.0,8.0,1.0,B01
201400014288,0,37,1,0.0,2.0,2.0,14.0,A01
201400014289,0,7,0,0.0,2.0,1.0,14.0,A01
201400014289,0,7,0,0.0,2.0,7.0,1.0,B01
201400014290,0,7,0,0.0,2.0,3.0,10.0,A01
201400014290,0,30,0,0.0,2.0,2.0,2.0,B01
201400014291,0,10,0,0.0,2.0,2.0,10.0,A01
201400014291,0,31,0,0.0,2.0,1.0,1.0,B01
201400014292,0,7,0,0.0,2.0,1.0,2.0,B01
201400014292,0,7,0,0.0,2.0,4.0,2.0,A01
201400014293,0,15,0,0.0,1.0,8.0,1.0,A01
201400014294,0,7,0,0.0,2.0,6.0,24.0,B01
201400014294,0,7,0,1.0,0.0,2.0,14.0,A01
201400014295,0,30,0,0.0,2.0,0.0,17.0,A01
201400014295,0,7,0,0.0,2.0,3.0,15.0,B01
201400014296,0,30,0,0.0,2.0,1.0,0.0,A01
201400014296,0,7,0,0.0,2.0,5.0,1.0,B01
201400014297,0,34,0,0.0,1.0,1.0,1.0,A01
201400014298,0,10,0,0.0,2.0,2.0,1.0,B01
201400014298,0,30,0,0.0,2.0,1.0,1.0,A01
201400014299,0,7,0,0.0,2.0,3.0,11.0,A01
201400014299,0,33,0,0.0,2.0,7.0,1.0,B01
201400014300,0,7,0,12.0,0.0,2.0,1.0,A01
201400014301,0,7,0,0.0,2.0,1.0,15.0,A01
201400014301,0,7,0,0.0,2.0,7.0,1.0,B01
201400014302,0,7,0,0.0,1.0,7.0,15.0,A01
201400014303,0,7,0,0.0,2.0,7.0,1.0,B01
201400014303,0,7,0,0.0,2.0,1.0,13.0,A01
201400014304,1,99,0,0.0,0.0,0.0,0.0,Z01
201400014304,0,32,0,0.0,2.0,3.0,0.0,A01
201400014305,0,7,0,0.0,2.0,1.0,17.0,A01
201400014305,0,7,0,0.0,2.0,8.0,1.0,B01
201400014306,0,30,0,0.0,1.0,2.0,1.0,A01
201400014307,0,30,0,0.0,2.0,1.0,1.0,B01
201400014307,0,7,0,0.0,2.0,3.0,15.0,A01
201400014308,0,34,0,0.0,2.0,7.0,1.0,B01
201400014308,0,7,0,0.0,2.0,3.0,9.0,A01
201400014309,0,17,0,0.0,2.0,4.0,2.0,B01
201400014309,0,10,0,0.0,2.0,2.0,2.0,A01
201400014310,0,37,2,0.0,2.0,1.0,1.0,B01
201400014310,0,7,0,0.0,2.0,3.0,13.0,A01
201400014311,0,7,0,0.0,2.0,3.0,9.0,A01
201400014311,0,34,0,0.0,2.0,2.0,1.0,B01
201400014312,0,32,0,15.0,0.0,1.0,1.0,A01
201400014313,0,7,0,0.0,2.0,6.0,4.0,A01
201400014313,0,7,0,0.0,2.0,3.0,1.0,B01
201400014314,0,7,0,0.0,1.0,2.0,14.0,A01
201400014315,1,7,0,0.0,0.0,0.0,0.0,Z01
201400014315,0,7,0,0.0,2.0,7.0,2.0,B01
201400014315,0,30,0,0.0,2.0,7.0,0.0,A01
201400014316,0,33,0,0.0,2.0,7.0,1.0,B01
201400014316,0,7,0,0.0,2.0,8.0,11.0,A01
201400014317,0,37,1,0.0,1.0,2.0,2.0,A01
201400014318,0,7,0,0.0,2.0,7.0,1.0,B01
201400014318,0,37,1,8.0,2.0,2.0,1.0,A01
201400014319,0,7,0,0.0,2.0,1.0,13.0,A01
201400014319,0,7,0,0.0,2.0,7.0,1.0,B01
201400014320,0,7,0,0.0,2.0,6.0,1.0,B01
201400014320,1,7,0,0.0,2.0,1.0,1.0,Z01
201400014321,0,33,0,0.0,2.0,7.0,2.0,B01
201400014321,0,7,0,0.0,2.0,3.0,9.0,A01
201400014322,0,7,0,0.0,1.0,3.0,1.0,A01
201400014323,0,7,0,0.0,2.0,8.0,23.0,C01
201400014323,0,1,0,0.0,2.0,1.0,0.0,B01
201400014323,0,34,0,0.0,2.0,2.0,0.0,A01
201400014324,0,7,0,0.0,2.0,8.0,1.0,B01
201400014324,0,7,0,0.0,2.0,3.0,1.0,D01
201400014324,0,7,0,0.0,2.0,3.0,23.0,C01
201400014324,0,7,0,0.0,2.0,1.0,9.0,A01
201400014325,0,7,0,11.0,0.0,1.0,0.0,A01
201400014326,0,33,0,2.0,0.0,8.0,0.0,A01
201400014327,0,10,0,0.0,2.0,7.0,2.0,A01
201400014327,0,32,0,0.0,2.0,4.0,18.0,B01
201400014328,0,7,0,0.0,2.0,2.0,2.0,A01
201400014328,1,7,0,0.0,2.0,1.0,0.0,Z01
201400014329,0,34,0,0.0,1.0,1.0,1.0,A01
201400014330,0,7,0,0.0,2.0,3.0,13.0,A01
201400014330,0,33,0,0.0,2.0,1.0,1.0,B01
201400014331,0,7,0,0.0,1.0,1.0,11.0,A01
201400014332,0,10,0,0.0,2.0,3.0,10.0,A01
201400014332,0,7,0,0.0,2.0,2.0,1.0,B01
201400014333,0,7,0,0.0,2.0,4.0,2.0,C01
201400014333,0,7,0,0.0,2.0,4.0,2.0,B01
201400014333,0,7,0,0.0,2.0,1.0,2.0,A01
201400014334,0,7,0,0.0,2.0,3.0,1.0,D01
201400014334,0,10,0,0.0,2.0,0.0,1.0,F02
201400014334,0,33,0,0.0,2.0,1.0,1.0,B01
201400014334,0,2,0,0.0,2.0,8.0,1.0,C01
201400014334,0,7,0,0.0,2.0,2.0,9.0,A01
201400014334,0,7,0,0.0,2.0,2.0,1.0,E01
201400014335,1,7,0,0.0,2.0,2.0,15.0,Z01
201400014335,0,32,0,0.0,2.0,1.0,1.0,A01
201400014336,0,7,0,0.0,2.0,8.0,10.0,A01
201400014336,0,34,0,0.0,2.0,1.0,1.0,B01
201400014337,0,34,0,0.0,2.0,7.0,1.0,B01
201400014337,2,7,0,0.0,2.0,2.0,0.0,Z01
201400014338,1,7,0,0.0,0.0,7.0,0.0,Z01
201400014338,0,7,0,0.0,2.0,1.0,1.0,B01
201400014339,0,32,0,0.0,2.0,1.0,2.0,A01
201400014339,0,10,0,0.0,2.0,4.0,2.0,B01
201400014340,0,37,1,0.0,9.0,2.0,1.0,B01
201400014340,0,1,0,0.0,2.0,8.0,3.0,A01
201400014341,0,7,0,0.0,2.0,1.0,2.0,A01
201400014341,0,7,0,0.0,2.0,4.0,2.0,B01
201400014342,0,7,0,0.0,2.0,2.0,1.0,A01
201400014342,0,32,0,0.0,2.0,8.0,1.0,B01
201400014343,0,7,0,0.0,1.0,1.0,1.0,A01
201400014344,0,34,0,0.0,2.0,1.0,17.0,A01
201400014344,0,7,0,0.0,2.0,6.0,15.0,B01
201400014345,0,30,0,0.0,0.0,0.0,21.0,A01
201400014346,0,32,0,0.0,2.0,2.0,1.0,B01
201400014346,0,7,0,0.0,2.0,3.0,11.0,A01
201400014347,0,7,0,0.0,2.0,6.0,15.0,A01
201400014347,0,30,0,0.0,2.0,1.0,17.0,B01
201400014348,0,7,0,1.0,0.0,1.0,19.0,A01
201400014349,0,37,1,0.0,1.0,2.0,8.0,A01
201400014350,0,7,0,0.0,2.0,5.0,1.0,B01
201400014350,0,7,0,0.0,2.0,8.0,11.0,A01
201400014351,0,7,0,0.0,2.0,5.0,1.0,B01
201400014351,0,7,0,0.0,2.0,1.0,21.0,A01
201400014352,0,7,0,0.0,1.0,3.0,1.0,A01
201400014353,0,14,0,0.0,2.0,8.0,1.0,A01
201400014353,0,37,2,0.0,2.0,4.0,15.0,B01
201400014354,0,30,0,0.0,2.0,1.0,17.0,A01
201400014354,0,7,0,0.0,2.0,0.0,9.0,B01
201400014355,0,2,0,0.0,2.0,1.0,1.0,B01
201400014355,0,7,0,0.0,2.0,3.0,10.0,A01
201400014356,0,7,0,0.0,1.0,1.0,0.0,A01
201400014357,0,7,0,0.0,2.0,1.0,15.0,A01
201400014357,0,32,0,0.0,2.0,1.0,1.0,B01
201400014358,0,7,0,0.0,2.0,1.0,19.0,A01
201400014359,0,7,0,0.0,1.0,4.0,4.0,A01
201400014360,0,30,0,0.0,2.0,1.0,1.0,B01
201400014360,0,7,0,0.0,2.0,2.0,15.0,A01
201400014361,0,7,0,0.0,2.0,2.0,1.0,B01
201400014361,0,7,0,0.0,2.0,3.0,21.0,A01
201400014362,0,7,0,0.0,2.0,2.0,2.0,A01
201400014362,0,7,0,0.0,2.0,6.0,16.0,B01
201400014363,0,32,0,0.0,2.0,5.0,1.0,B01
201400014363,0,7,0,0.0,2.0,1.0,9.0,A01
201400014364,0,31,0,0.0,2.0,4.0,2.0,B01
201400014364,0,7,0,0.0,2.0,1.0,2.0,A01
201400014365,0,7,0,0.0,2.0,1.0,2.0,A01
201400014365,0,7,0,0.0,2.0,4.0,2.0,B01
201400014366,0,37,1,0.0,1.0,2.0,1.0,A01
201400014367,0,7,0,0.0,2.0,4.0,2.0,B01
201400014367,0,15,0,0.0,2.0,1.0,2.0,A01
201400014368,0,37,1,0.0,2.0,1.0,2.0,A01
201400014368,0,7,0,0.0,2.0,4.0,2.0,B01
201400014369,0,33,0,0.0,2.0,7.0,1.0,B01
201400014369,0,7,0,0.0,2.0,3.0,9.0,A01
201400014369,0,7,0,0.0,2.0,8.0,1.0,C01
201400014370,0,7,0,0.0,1.0,3.0,1.0,A01
201400014371,0,32,0,0.0,0.0,7.0,21.0,A01
201400014372,0,7,0,0.0,2.0,1.0,1.0,B01
201400014372,0,7,0,0.0,2.0,5.0,2.0,A01
201400014373,0,7,0,2.0,0.0,1.0,0.0,A01
201400014374,0,7,0,0.0,1.0,1.0,2.0,A01
201400014375,0,30,0,0.0,2.0,1.0,1.0,A01
201400014375,0,33,0,0.0,2.0,7.0,9.0,B01
201400014376,0,7,0,0.0,1.0,1.0,1.0,A01
201400014377,0,33,0,12.0,0.0,1.0,0.0,A01
201400014378,0,7,0,0.0,2.0,3.0,1.0,B01
201400014378,0,10,0,0.0,5.0,7.0,12.0,A01
201400014379,0,7,0,0.0,2.0,8.0,1.0,A01
201400014379,0,32,0,0.0,2.0,1.0,1.0,B01
201400014380,0,7,0,0.0,2.0,1.0,1.0,B01
201400014380,0,7,0,0.0,2.0,5.0,1.0,A01
201400014381,0,30,0,0.0,1.0,1.0,21.0,A01
201400014382,0,10,0,0.0,2.0,7.0,9.0,A01
201400014382,0,7,0,0.0,2.0,8.0,18.0,B01
201400014383,0,7,0,0.0,2.0,2.0,0.0,A01
201400014383,0,34,0,0.0,2.0,3.0,1.0,B01
201400014384,1,7,0,0.0,2.0,4.0,15.0,Z01
201400014384,0,7,0,0.0,2.0,1.0,2.0,A01
201400014384,0,7,0,0.0,2.0,4.0,2.0,B01
201400014385,0,33,0,0.0,0.0,0.0,1.0,A01
201400014386,0,7,0,0.0,1.0,0.0,1.0,A01
201400014387,0,7,0,1.0,0.0,8.0,9.0,A01
201400014387,0,7,0,0.0,0.0,1.0,1.0,B01
201400014388,0,7,0,0.0,2.0,5.0,23.0,B01
201400014388,0,30,0,0.0,2.0,1.0,1.0,A01
201400014389,0,2,0,0.0,2.0,1.0,0.0,A01
201400014389,0,1,0,0.0,2.0,0.0,0.0,B01
201400014390,0,34,0,8.0,0.0,9.0,0.0,A01
201400014390,0,7,0,0.0,0.0,0.0,0.0,B01
201400014391,1,32,0,0.0,1.0,0.0,0.0,Z01
201400014392,0,33,0,0.0,2.0,3.0,1.0,A01
201400014392,0,7,0,0.0,2.0,5.0,1.0,B01
201400014393,0,7,0,0.0,2.0,3.0,0.0,A01
201400014393,0,31,0,0.0,2.0,0.0,13.0,B01
201400014394,0,7,0,0.0,2.0,2.0,1.0,B01
201400014394,0,10,0,0.0,2.0,3.0,19.0,A01
201400014395,1,7,0,0.0,1.0,0.0,15.0,Z01
201400014396,0,7,0,0.0,2.0,8.0,0.0,A01
201400014396,1,7,0,0.0,2.0,2.0,0.0,Z01
201400014397,0,7,0,0.0,1.0,0.0,0.0,A01
201400014398,0,7,0,0.0,2.0,1.0,1.0,A01
201400014398,0,7,0,0.0,2.0,4.0,1.0,B01
201400014399,0,32,0,0.0,9.0,8.0,1.0,A01
201400014400,0,7,0,0.0,2.0,0.0,13.0,A01
201400014400,0,7,0,0.0,2.0,8.0,1.0,B01
201400014401,0,7,0,0.0,2.0,1.0,1.0,B01
201400014401,0,7,0,0.0,2.0,6.0,15.0,A01
201400014402,1,7,0,0.0,2.0,0.0,15.0,Z01
201400014402,0,31,0,0.0,2.0,1.0,1.0,B01
201400014403,0,30,0,2.0,2.0,1.0,17.0,A01
201400014403,0,7,0,0.0,2.0,3.0,15.0,B01
201400014404,0,7,0,0.0,2.0,2.0,12.0,A01
201400014404,0,7,0,0.0,2.0,6.0,23.0,B01
201400014405,0,7,0,0.0,2.0,1.0,16.0,A01
201400014405,0,33,0,0.0,2.0,1.0,16.0,B01
201400014406,0,7,0,0.0,2.0,2.0,1.0,B01
201400014406,0,7,0,0.0,2.0,8.0,1.0,A01
201400014407,0,7,0,0.0,2.0,7.0,1.0,C01
201400014407,0,33,0,0.0,2.0,7.0,17.0,A01
201400014407,0,7,0,0.0,2.0,8.0,24.0,B01
201400014408,0,32,0,0.0,2.0,1.0,1.0,B01
201400014408,0,7,0,0.0,2.0,3.0,9.0,A01
201400014409,0,7,0,0.0,2.0,5.0,1.0,B01
201400014409,0,7,0,0.0,2.0,3.0,1.0,A01
201400014410,0,33,0,0.0,1.0,7.0,14.0,A01
201400014411,0,7,0,0.0,2.0,6.0,22.0,A01
201400014411,0,30,0,0.0,2.0,1.0,17.0,B01
201400014412,0,33,0,0.0,2.0,1.0,1.0,B01
201400014412,0,30,0,0.0,2.0,1.0,0.0,A01
201400014413,0,7,0,0.0,2.0,4.0,23.0,A01
201400014413,1,7,0,0.0,2.0,1.0,1.0,Z01
201400014414,0,32,0,0.0,1.0,1.0,1.0,A01
201400014415,0,30,0,0.0,0.0,0.0,1.0,A01
201400014416,0,32,0,0.0,2.0,1.0,0.0,B01
201400014416,0,34,0,0.0,2.0,7.0,15.0,A01
201400014417,0,7,0,0.0,2.0,3.0,1.0,B01
201400014417,0,32,0,0.0,0.0,9.0,17.0,A01
201400014418,0,7,0,0.0,2.0,3.0,10.0,A01
201400014418,0,34,0,0.0,2.0,1.0,1.0,B01
201400014419,0,33,0,0.0,2.0,7.0,0.0,B01
201400014419,0,7,0,0.0,2.0,3.0,10.0,A01
201400014420,0,7,0,8.0,1.0,6.0,1.0,B01
201400014420,0,7,0,0.0,2.0,3.0,1.0,A01
201400014421,1,7,0,0.0,2.0,3.0,0.0,Z01
201400014421,0,99,0,0.0,2.0,1.0,1.0,B01
201400014422,0,7,0,0.0,2.0,3.0,15.0,B01
201400014422,0,33,0,0.0,2.0,3.0,15.0,A01
201400014423,0,30,0,0.0,2.0,1.0,2.0,A01
201400014423,0,10,0,0.0,2.0,4.0,15.0,B01
201400014424,0,7,0,0.0,1.0,1.0,1.0,A01
201400014425,0,10,0,0.0,2.0,3.0,10.0,A01
201400014425,0,32,0,0.0,2.0,1.0,2.0,B01
201400014426,0,7,0,0.0,2.0,7.0,1.0,A01
201400014426,0,7,0,0.0,2.0,3.0,15.0,B01
201400014427,0,7,0,0.0,2.0,1.0,5.0,A01
201400014427,0,31,0,0.0,2.0,1.0,1.0,B01