Num_Acc,senc,catv,occutc,obs,obsm,choc,manv,num_veh
201400014957,1,7,0,0.0,2.0,1.0,0.0,Z01
201400014958,0,7,0,0.0,1.0,1.0,1.0,A01
201400014959,0,32,0,0.0,2.0,1.0,1.0,A01
201400014959,0,10,0,0.0,2.0,4.0,1.0,B01
201400014960,0,33,0,0.0,2.0,4.0,2.0,B01
201400014960,0,7,0,0.0,2.0,4.0,2.0,C01
201400014960,0,7,0,0.0,2.0,1.0,2.0,A01
201400014961,0,33,0,0.0,2.0,4.0,23.0,A01
201400014961,0,7,0,0.0,2.0,1.0,1.0,B01
201400014962,0,7,0,0.0,2.0,6.0,9.0,A01
201400014962,0,32,0,0.0,2.0,1.0,1.0,B01
201400014963,0,7,0,0.0,2.0,1.0,1.0,A01
201400014963,0,7,0,0.0,2.0,4.0,0.0,B01
201400014964,0,1,0,0.0,1.0,1.0,5.0,A01
201400014965,0,7,0,0.0,2.0,4.0,23.0,B01
201400014965,0,7,0,0.0,2.0,1.0,2.0,A01
201400014966,0,7,0,0.0,2.0,5.0,1.0,A01
201400014966,0,7,0,0.0,2.0,1.0,1.0,B01
201400014967,0,7,0,0.0,2.0,3.0,1.0,B01
201400014967,1,7,0,0.0,2.0,1.0,1.0,Z01
201400014968,0,33,0,0.0,2.0,2.0,2.0,A01
201400014968,0,7,0,0.0,2.0,6.0,2.0,B01
201400014969,0,7,0,0.0,2.0,6.0,1.0,B01
201400014969,0,32,0,0.0,2.0,2.0,12.0,A01
201400014970,1,7,0,0.0,2.0,1.0,2.0,Z01
201400014970,0,7,0,0.0,2.0,4.0,2.0,C01
201400014970,0,7,0,0.0,2.0,4.0,2.0,B01
201400014971,0,32,0,0.0,2.0,1.0,1.0,A01
201400014971,0,7,0,0.0,2.0,3.0,19.0,B01
201400014972,0,7,0,0.0,2.0,3.0,9.0,A01
201400014972,0,7,0,0.0,2.0,3.0,1.0,B01
201400014973,0,7,0,0.0,2.0,8.0,10.0,A01
201400014973,0,14,0,0.0,2.0,5.0,1.0,B01
201400014974,0,7,0,0.0,2.0,8.0,13.0,A01
201400014974,0,17,0,0.0,2.0,2.0,2.0,B01
201400014975,0,7,0,0.0,2.0,1.0,1.0,C01
201400014975,0,7,0,0.0,2.0,1.0,2.0,A01
201400014975,0,7,0,0.0,2.0,4.0,2.0,B01
201400014976,0,7,0,0.0,2.0,0.0,11.0,A01
201400014976,0,32,0,0.0,2.0,0.0,17.0,B01
201400014977,0,7,0,0.0,2.0,2.0,12.0,A01
201400014977,0,33,0,0.0,2.0,3.0,1.0,B01
201400014978,0,7,0,0.0,2.0,4.0,16.0,B01
201400014978,0,37,2,0.0,2.0,1.0,2.0,A01
201400014979,0,7,0,0.0,2.0,8.0,15.0,A01
201400014979,0,7,0,0.0,2.0,8.0,1.0,B01
201400014980,0,33,0,0.0,2.0,1.0,1.0,B01
201400014980,0,7,0,0.0,2.0,2.0,0.0,A01
201400014981,0,2,0,0.0,2.0,1.0,15.0,B01
201400014981,0,7,0,0.0,2.0,8.0,15.0,A01
201400014982,0,7,0,0.0,2.0,3.0,1.0,A01
201400014982,0,7,0,0.0,2.0,1.0,1.0,B01
201400014983,0,7,0,0.0,1.0,6.0,4.0,A01
201400014984,2,30,0,0.0,2.0,1.0,5.0,A01
201400014984,0,7,0,0.0,2.0,1.0,21.0,B01
201400014985,0,2,0,0.0,2.0,8.0,0.0,A01
201400014985,0,7,0,0.0,2.0,7.0,1.0,B01
201400014986,0,2,0,0.0,9.0,0.0,0.0,A01
201400014987,0,7,0,0.0,2.0,4.0,0.0,B01
201400014987,0,7,0,0.0,2.0,1.0,0.0,A01
201400014988,1,7,0,0.0,2.0,1.0,2.0,Z01
201400014988,0,32,0,0.0,2.0,4.0,23.0,A01
201400014989,0,33,0,0.0,2.0,7.0,2.0,A01
201400014989,0,7,0,0.0,2.0,8.0,15.0,B01
201400014990,0,7,0,0.0,1.0,1.0,1.0,A01
201400014991,0,2,0,0.0,2.0,1.0,17.0,A01
201400014991,0,7,0,0.0,2.0,3.0,15.0,B01
201400014992,0,31,0,0.0,2.0,1.0,1.0,B01
201400014992,0,7,0,0.0,2.0,5.0,15.0,A01
201400014993,0,30,0,0.0,2.0,0.0,14.0,B01
201400014993,0,7,0,0.0,2.0,5.0,16.0,A01
201400014994,0,33,0,0.0,1.0,0.0,1.0,A01
201400014995,0,7,0,0.0,1.0,2.0,1.0,A01
201400014996,0,7,0,0.0,2.0,4.0,23.0,B01
201400014996,0,7,0,0.0,2.0,1.0,2.0,A01
201400014997,1,7,0,0.0,1.0,0.0,15.0,Z01
201400014998,1,30,0,0.0,1.0,1.0,1.0,Z01
201400014999,0,7,0,0.0,2.0,2.0,1.0,B01
201400014999,0,32,0,0.0,2.0,1.0,9.0,A01
201400015000,0,7,0,0.0,2.0,2.0,9.0,A01
201400015000,0,34,0,0.0,2.0,2.0,1.0,B01
201400015001,0,7,0,0.0,1.0,2.0,1.0,A01
201400015002,0,7,0,0.0,1.0,2.0,1.0,A01
201400015003,0,99,0,8.0,0.0,1.0,0.0,A01
201400015004,0,7,0,0.0,2.0,3.0,2.0,B01
201400015004,0,32,0,0.0,2.0,1.0,2.0,A01
201400015005,0,32,0,0.0,2.0,2.0,1.0,A01
201400015005,0,7,0,0.0,2.0,8.0,15.0,B01
201400015006,0,7,0,0.0,2.0,2.0,15.0,A01
201400015006,0,32,0,0.0,2.0,8.0,1.0,B01
201400015007,0,7,0,0.0,1.0,1.0,1.0,A01
201400015008,0,2,0,0.0,2.0,2.0,2.0,A01
201400015008,0,7,0,0.0,2.0,4.0,1.0,B01
201400015009,0,7,0,14.0,2.0,2.0,1.0,A01
201400015010,0,7,0,0.0,2.0,2.0,12.0,A01
201400015010,0,32,0,0.0,2.0,3.0,12.0,B01
201400015011,0,35,0,6.0,0.0,0.0,1.0,A01
201400015012,0,7,0,0.0,2.0,1.0,20.0,B01
201400015012,0,30,0,0.0,2.0,1.0,17.0,A01
201400015013,1,7,0,0.0,2.0,1.0,2.0,Z01
201400015013,0,7,0,0.0,2.0,4.0,23.0,B01
201400015013,0,7,0,0.0,2.0,4.0,23.0,C01
201400015014,0,7,0,0.0,2.0,2.0,15.0,A01
201400015014,0,7,0,0.0,2.0,1.0,1.0,B01
201400015015,0,10,0,0.0,2.0,1.0,2.0,A01
201400015015,0,7,0,0.0,2.0,4.0,21.0,B01
201400015016,0,7,0,0.0,1.0,3.0,1.0,A01
201400015017,0,7,0,0.0,2.0,7.0,9.0,A01
201400015017,0,34,0,0.0,2.0,5.0,1.0,B01
201400015018,0,7,0,0.0,2.0,1.0,15.0,B01
201400015018,0,7,0,0.0,2.0,3.0,1.0,A01
201400015019,0,7,0,0.0,2.0,1.0,1.0,B01
201400015019,0,7,0,0.0,2.0,8.0,9.0,A01
201400015020,0,33,0,0.0,2.0,7.0,17.0,B01
201400015020,0,7,0,0.0,2.0,0.0,15.0,A01
201400015021,0,7,0,0.0,2.0,4.0,2.0,B01
201400015021,0,7,0,0.0,2.0,1.0,2.0,A01
201400015022,0,33,0,0.0,1.0,3.0,17.0,A01
201400015023,1,2,0,0.0,2.0,0.0,0.0,Z01
201400015023,0,34,0,0.0,2.0,2.0,2.0,B01
201400015024,0,32,0,0.0,2.0,1.0,16.0,A01
201400015024,0,7,0,0.0,2.0,2.0,19.0,B01
201400015025,1,7,0,0.0,2.0,1.0,2.0,Z01
201400015025,0,7,0,0.0,2.0,4.0,1.0,A01
201400015026,0,7,0,0.0,2.0,4.0,2.0,B01
201400015026,0,7,0,0.0,2.0,1.0,2.0,A01
201400015027,0,31,0,0.0,2.0,1.0,2.0,A01
201400015027,0,32,0,0.0,2.0,6.0,2.0,B01
201400015028,0,7,0,0.0,2.0,5.0,4.0,A01
201400015028,0,7,0,0.0,2.0,1.0,0.0,B01
201400015029,1,7,0,0.0,1.0,2.0,16.0,Z01
201400015030,0,7,0,0.0,2.0,2.0,12.0,A01
201400015030,0,34,0,0.0,2.0,6.0,1.0,B01
201400015031,0,7,0,15.0,0.0,2.0,21.0,A01
201400015032,0,7,0,0.0,2.0,1.0,2.0,A01
201400015032,0,7,0,0.0,2.0,4.0,2.0,B01
201400015033,1,7,0,0.0,1.0,0.0,0.0,Z01
201400015034,0,7,0,0.0,2.0,3.0,0.0,A01
201400015034,0,7,0,0.0,2.0,3.0,1.0,B01
201400015035,0,7,0,0.0,2.0,2.0,1.0,A01
201400015035,0,7,0,0.0,0.0,3.0,1.0,B01
201400015036,0,10,0,0.0,2.0,4.0,2.0,B01
201400015036,0,7,0,0.0,2.0,1.0,2.0,A01
201400015036,0,7,0,0.0,2.0,4.0,18.0,C01
201400015037,1,30,0,0.0,1.0,0.0,1.0,Z01
201400015038,0,7,0,0.0,2.0,1.0,2.0,A01
201400015038,0,7,0,0.0,2.0,4.0,2.0,B01
201400015039,0,7,0,0.0,2.0,1.0,2.0,A01
201400015039,0,7,0,0.0,2.0,4.0,2.0,B01
201400015040,0,7,0,0.0,2.0,8.0,10.0,A01
201400015040,0,33,0,0.0,2.0,0.0,2.0,B01
201400015041,0,32,0,0.0,2.0,1.0,1.0,B01
201400015041,1,32,0,0.0,0.0,0.0,1.0,Z01
201400015042,0,7,0,0.0,2.0,4.0,1.0,C01
201400015042,0,7,0,0.0,2.0,4.0,2.0,B01
201400015042,0,7,0,0.0,2.0,1.0,1.0,A01
201400015043,1,7,0,0.0,2.0,1.0,16.0,Z01
201400015043,0,7,0,0.0,2.0,8.0,1.0,B01
201400015044,0,33,0,0.0,2.0,0.0,13.0,A01
201400015044,0,7,0,0.0,2.0,8.0,1.0,B01
201400015045,0,7,0,0.0,1.0,1.0,1.0,A01
201400015046,0,10,0,0.0,2.0,7.0,9.0,A01
201400015046,0,2,0,0.0,2.0,1.0,16.0,B01
201400015047,0,30,0,0.0,2.0,8.0,19.0,B01
201400015047,0,37,1,0.0,2.0,1.0,1.0,A01
201400015048,0,7,0,0.0,2.0,5.0,15.0,B01
201400015048,0,3,0,0.0,2.0,3.0,1.0,A01
201400015049,0,33,0,0.0,0.0,7.0,16.0,A01
201400015050,0,7,0,0.0,2.0,1.0,1.0,A01
201400015050,0,7,0,0.0,2.0,4.0,2.0,B01
201400015051,0,7,0,0.0,1.0,1.0,1.0,A01
201400015052,0,32,0,0.0,2.0,1.0,1.0,B01
201400015052,0,2,0,0.0,2.0,1.0,16.0,A01
201400015053,0,7,0,0.0,2.0,4.0,2.0,B01
201400015053,0,7,0,0.0,2.0,1.0,2.0,A01
201400015054,0,7,0,0.0,1.0,1.0,1.0,A01
201400015055,0,7,0,0.0,2.0,2.0,1.0,B01
201400015055,0,30,0,0.0,2.0,6.0,13.0,A01
201400015056,0,32,0,0.0,2.0,7.0,17.0,A01
201400015056,0,7,0,0.0,2.0,3.0,10.0,B01
201400015057,0,7,0,0.0,2.0,3.0,20.0,A01
201400015057,0,33,0,0.0,2.0,2.0,1.0,B01
201400015058,0,7,0,0.0,2.0,1.0,1.0,A01
201400015058,0,7,0,0.0,2.0,4.0,1.0,B01
201400015059,0,7,0,0.0,2.0,3.0,23.0,B01
201400015059,0,33,0,0.0,2.0,1.0,1.0,A01
201400015060,1,7,0,0.0,2.0,1.0,9.0,Z01
201400015060,0,33,0,0.0,2.0,2.0,2.0,B01
201400015061,0,3,0,0.0,1.0,2.0,1.0,A01
201400015062,0,7,0,0.0,2.0,5.0,15.0,C01
201400015062,0,7,0,0.0,2.0,1.0,9.0,A01
201400015062,0,33,0,0.0,2.0,2.0,15.0,B01
201400015063,0,7,0,0.0,2.0,1.0,2.0,C01
201400015063,0,7,0,0.0,2.0,4.0,21.0,A01
201400015063,0,7,0,0.0,2.0,1.0,2.0,D01
201400015063,0,7,0,0.0,2.0,1.0,2.0,B01
201400015064,0,7,0,0.0,2.0,3.0,15.0,B01
201400015064,0,7,0,0.0,2.0,2.0,15.0,A01
201400015065,0,7,0,0.0,2.0,3.0,9.0,A01
201400015065,0,2,0,0.0,2.0,7.0,1.0,B01
201400015066,0,7,0,8.0,2.0,1.0,1.0,B01
201400015066,0,7,0,8.0,2.0,2.0,15.0,A01
201400015067,0,33,0,0.0,2.0,1.0,1.0,A01
201400015067,0,33,0,0.0,2.0,4.0,1.0,B01
201400015068,0,31,0,0.0,1.0,1.0,1.0,A01
201400015069,0,7,0,0.0,2.0,5.0,1.0,B01
201400015069,0,33,0,0.0,2.0,1.0,3.0,A01
201400015070,0,32,0,0.0,9.0,0.0,1.0,A01
201400015071,0,30,0,0.0,2.0,3.0,17.0,A01
201400015071,0,7,0,0.0,2.0,8.0,15.0,B01
201400015072,0,7,0,0.0,2.0,3.0,15.0,A01
201400015072,0,31,0,0.0,2.0,1.0,1.0,B01
201400015073,0,7,0,0.0,2.0,7.0,2.0,B01
201400015073,0,32,0,8.0,2.0,1.0,2.0,A01
201400015074,0,7,0,0.0,2.0,6.0,1.0,B01
201400015074,0,7,0,0.0,2.0,1.0,1.0,C01
201400015074,0,7,0,0.0,2.0,1.0,13.0,A01
201400015075,0,7,0,0.0,2.0,4.0,1.0,B01
201400015075,0,33,0,0.0,2.0,1.0,1.0,A01
201400015076,0,7,0,0.0,2.0,4.0,2.0,C01
201400015076,0,7,0,0.0,2.0,1.0,2.0,A01
201400015076,0,7,0,0.0,2.0,4.0,2.0,B01
201400015077,0,7,0,0.0,2.0,6.0,15.0,A01
201400015077,0,34,0,0.0,2.0,1.0,2.0,B01
201400015078,0,7,0,0.0,1.0,4.0,4.0,A01
201400015079,0,34,0,14.0,0.0,8.0,1.0,A01
201400015080,0,7,0,0.0,2.0,4.0,23.0,B01
201400015080,0,7,0,0.0,2.0,1.0,2.0,A01
201400015081,0,7,0,0.0,0.0,2.0,9.0,A01
201400015081,0,30,0,0.0,2.0,0.0,1.0,B01
201400015082,0,33,0,0.0,1.0,1.0,1.0,A01
201400015083,0,32,0,6.0,0.0,1.0,1.0,A01
201400015084,0,7,0,0.0,2.0,4.0,15.0,B01
201400015084,0,7,0,0.0,2.0,1.0,2.0,A01
201400015085,0,7,0,0.0,2.0,1.0,2.0,A01
201400015085,0,7,0,0.0,2.0,4.0,2.0,B01
201400015086,1,33,0,0.0,1.0,1.0,1.0,Z01
201400015087,0,7,0,0.0,2.0,1.0,1.0,A01
201400015087,0,7,0,0.0,2.0,3.0,1.0,B01
201400015088,0,7,0,0.0,2.0,2.0,1.0,B01
201400015088,0,7,0,0.0,2.0,3.0,9.0,A01
201400015089,0,33,0,0.0,2.0,1.0,2.0,A01
201400015089,0,7,0,0.0,2.0,3.0,2.0,B01
201400015090,0,32,0,0.0,5.0,1.0,1.0,A01
201400015091,0,7,0,0.0,2.0,3.0,13.0,A01
201400015091,0,32,0,0.0,2.0,8.0,1.0,B01
201400015092,1,7,0,0.0,1.0,1.0,1.0,Z01
201400015093,0,7,0,0.0,2.0,3.0,1.0,A01
201400015093,0,7,0,0.0,2.0,3.0,1.0,B01
201400015094,0,30,0,0.0,1.0,3.0,3.0,A01
201400015094,1,30,0,0.0,2.0,0.0,1.0,Z01
201400015095,0,10,0,0.0,2.0,1.0,2.0,A01
201400015095,0,7,0,0.0,2.0,4.0,2.0,B01
201400015096,0,7,0,0.0,2.0,1.0,2.0,A01
201400015096,1,30,0,0.0,2.0,9.0,17.0,Z01
201400015096,0,7,0,0.0,2.0,6.0,2.0,B01
201400015096,0,7,0,0.0,2.0,3.0,1.0,C01
201400015097,0,1,0,0.0,2.0,8.0,1.0,B01
201400015097,1,7,0,0.0,2.0,0.0,17.0,Z01
201400015098,2,7,0,0.0,2.0,2.0,10.0,Z01
201400015098,0,7,0,0.0,2.0,2.0,1.0,B01
201400015099,0,7,0,0.0,1.0,5.0,1.0,A01
201400015100,1,7,0,0.0,1.0,0.0,1.0,Z01
201400015101,1,30,0,0.0,1.0,1.0,1.0,Z01
201400015102,0,33,0,0.0,1.0,1.0,1.0,A01
201400015103,0,7,0,0.0,2.0,4.0,0.0,B01
201400015103,0,34,0,0.0,2.0,4.0,1.0,C01
201400015103,0,7,0,0.0,2.0,1.0,1.0,A01
201400015103,0,7,0,0.0,2.0,4.0,1.0,D01
201400015104,0,7,0,0.0,1.0,2.0,1.0,A01
201400015105,0,7,0,0.0,2.0,6.0,1.0,B01
201400015105,1,7,0,0.0,2.0,0.0,1.0,Z01
201400015106,0,7,0,0.0,2.0,1.0,2.0,A01
201400015106,0,7,0,0.0,2.0,4.0,23.0,B01
201400015107,0,7,0,0.0,0.0,4.0,1.0,B01
201400015107,0,7,0,0.0,2.0,1.0,2.0,A01
201400015108,0,31,0,0.0,2.0,1.0,17.0,A01
201400015108,0,7,0,0.0,2.0,1.0,1.0,B01
201400015108,0,10,0,0.0,2.0,3.0,1.0,C01
201400015109,0,7,0,0.0,2.0,3.0,1.0,B01
201400015109,0,10,0,0.0,2.0,5.0,12.0,A01
201400015110,0,7,0,1.0,2.0,3.0,10.0,A01
201400015110,0,2,0,0.0,2.0,1.0,1.0,B01
201400015111,0,14,0,0.0,1.0,4.0,4.0,A01
201400015112,0,7,0,0.0,2.0,5.0,15.0,A01
201400015112,0,7,0,0.0,2.0,1.0,1.0,B01
201400015113,0,7,0,0.0,1.0,1.0,11.0,A01
201400015114,0,7,0,0.0,2.0,1.0,2.0,A01
201400015114,0,7,0,0.0,2.0,4.0,2.0,B01
201400015114,0,7,0,0.0,2.0,4.0,2.0,C01
201400015115,0,33,0,0.0,2.0,1.0,0.0,B01
201400015115,0,7,0,0.0,2.0,1.0,0.0,A01
201400015116,0,7,0,0.0,2.0,1.0,1.0,B01
201400015116,0,7,0,0.0,2.0,1.0,5.0,A01
201400015117,0,7,0,0.0,1.0,1.0,1.0,A01
201400015118,0,7,0,0.0,2.0,1.0,2.0,A01
201400015118,0,7,0,0.0,2.0,4.0,2.0,B01
201400015119,0,7,0,0.0,2.0,2.0,2.0,A01
201400015119,0,7,0,0.0,2.0,6.0,2.0,B01
201400015120,0,30,0,0.0,2.0,0.0,9.0,A01
201400015120,0,7,0,0.0,2.0,3.0,1.0,B01
201400015121,0,7,0,0.0,1.0,4.0,4.0,A01
201400015122,0,7,0,12.0,2.0,1.0,13.0,A01
201400015122,0,7,0,0.0,2.0,1.0,1.0,B01
201400015123,0,33,0,0.0,2.0,3.0,1.0,B01
201400015123,0,7,0,0.0,2.0,3.0,13.0,A01
201400015124,0,32,0,0.0,0.0,4.0,0.0,A01
201400015125,0,7,0,0.0,2.0,5.0,16.0,B01
201400015125,0,37,7,0.0,2.0,3.0,7.0,A01
201400015126,0,33,0,0.0,2.0,1.0,1.0,B01
201400015126,0,7,0,0.0,2.0,1.0,14.0,A01
201400015127,0,2,0,0.0,1.0,3.0,1.0,A01
201400015128,0,7,0,0.0,2.0,5.0,15.0,A01
201400015128,0,32,0,0.0,2.0,1.0,18.0,B01
201400015129,0,7,0,0.0,2.0,3.0,1.0,A01
201400015129,0,7,0,0.0,2.0,2.0,1.0,B01
201400015130,0,7,0,8.0,0.0,1.0,1.0,A01
201400015131,0,7,0,0.0,2.0,3.0,1.0,B01
201400015131,0,32,0,0.0,2.0,1.0,1.0,A01
201400015132,0,37,1,0.0,2.0,2.0,1.0,B01
201400015132,1,7,0,0.0,2.0,1.0,19.0,Z01
201400015133,0,33,0,14.0,9.0,0.0,1.0,A01
201400015134,0,37,1,0.0,2.0,2.0,2.0,A01
201400015134,0,7,0,0.0,2.0,6.0,2.0,B01
201400015135,0,7,0,0.0,1.0,4.0,23.0,B01
201400015135,0,7,0,0.0,2.0,1.0,2.0,A01
201400015136,0,31,0,0.0,2.0,1.0,1.0,B01
201400015136,0,7,0,0.0,2.0,3.0,9.0,A01
201400015137,0,7,0,0.0,2.0,8.0,17.0,B01
201400015137,0,2,0,0.0,2.0,7.0,17.0,A01
201400015138,0,7,0,0.0,2.0,6.0,17.0,A01
201400015138,0,34,0,0.0,2.0,1.0,21.0,B01
201400015139,0,7,0,0.0,2.0,3.0,1.0,A01
201400015139,0,7,0,0.0,2.0,3.0,1.0,B01
201400015140,0,33,0,0.0,2.0,4.0,1.0,B01
201400015140,1,7,0,0.0,2.0,1.0,2.0,Z01
201400015141,0,2,0,0.0,0.0,0.0,1.0,A01
201400015142,0,7,0,0.0,2.0,4.0,23.0,B01
201400015142,0,7,0,0.0,2.0,1.0,2.0,A01
201400015143,0,7,0,0.0,2.0,5.0,15.0,A01
201400015143,0,30,0,0.0,2.0,1.0,1.0,B01
201400015144,1,30,0,0.0,2.0,0.0,0.0,Z01
201400015144,0,7,0,0.0,2.0,6.0,11.0,A01
201400015145,0,30,0,12.0,0.0,7.0,1.0,A01
201400015146,0,7,0,0.0,2.0,3.0,2.0,B01
201400015146,0,7,0,0.0,2.0,3.0,2.0,A01
201400015147,0,7,0,0.0,2.0,4.0,15.0,B01
201400015147,0,33,0,0.0,2.0,1.0,1.0,A01
201400015148,0,7,0,0.0,2.0,8.0,1.0,B01
201400015148,0,7,0,0.0,2.0,8.0,1.0,A01
201400015149,0,7,0,0.0,2.0,0.0,15.0,A01
201400015149,0,34,0,0.0,2.0,2.0,1.0,B01
201400015150,0,7,0,0.0,1.0,1.0,1.0,A01
201400015151,0,33,0,0.0,2.0,1.0,21.0,A01
201400015151,0,32,0,0.0,2.0,4.0,15.0,B01
201400015152,0,14,0,0.0,2.0,1.0,11.0,A01
201400015152,0,33,0,0.0,2.0,1.0,1.0,B01
201400015153,1,7,0,0.0,1.0,0.0,1.0,Z01
201400015154,0,7,0,0.0,2.0,1.0,2.0,A01
201400015154,0,7,0,0.0,2.0,4.0,1.0,B01
201400015155,1,7,0,0.0,2.0,7.0,1.0,Z01
201400015155,0,7,0,0.0,2.0,1.0,1.0,B01
201400015156,0,30,0,0.0,2.0,4.0,1.0,B01
201400015156,1,7,0,0.0,2.0,1.0,2.0,Z01
201400015157,1,7,0,0.0,2.0,8.0,10.0,Z01
201400015157,0,34,0,0.0,2.0,1.0,1.0,B01
201400015158,1,7,0,0.0,2.0,1.0,1.0,Z01
201400015158,0,30,0,0.0,2.0,8.0,1.0,B01
201400015159,0,7,0,0.0,1.0,1.0,1.0,A01
201400015160,0,32,0,0.0,2.0,5.0,1.0,B01
201400015160,0,7,0,0.0,2.0,3.0,9.0,A01
201400015161,0,30,0,0.0,2.0,8.0,1.0,B01
201400015161,1,10,0,0.0,2.0,1.0,1.0,Z01
201400015162,0,7,0,0.0,2.0,8.0,23.0,B01
201400015162,1,7,0,0.0,2.0,0.0,1.0,Z01
201400015162,0,7,0,0.0,2.0,7.0,1.0,A01
201400015163,0,7,0,0.0,2.0,1.0,15.0,A01
201400015163,0,34,0,0.0,2.0,1.0,1.0,B01
201400015164,0,7,0,0.0,2.0,1.0,1.0,B01
201400015164,0,7,0,0.0,2.0,1.0,11.0,A01
201400015165,0,7,0,0.0,2.0,1.0,15.0,A01
201400015165,0,3,0,0.0,2.0,1.0,1.0,B01
201400015166,0,7,0,0.0,2.0,1.0,2.0,A01
201400015166,0,14,0,0.0,2.0,4.0,1.0,B01
201400015167,0,7,0,0.0,2.0,3.0,15.0,B01
201400015167,0,7,0,0.0,2.0,2.0,9.0,A01
201400015168,0,7,0,0.0,2.0,7.0,1.0,A01
201400015168,0,7,0,0.0,2.0,1.0,1.0,B01
201400015169,0,33,0,0.0,2.0,3.0,1.0,A01
201400015169,0,7,0,0.0,2.0,3.0,9.0,B01
201400015170,0,33,0,4.0,0.0,1.0,13.0,A01
201400015171,0,7,0,0.0,2.0,1.0,1.0,A01
201400015171,0,7,0,0.0,2.0,4.0,1.0,B01
201400015172,0,34,0,14.0,0.0,9.0,1.0,A01
201400015173,0,2,0,0.0,2.0,8.0,1.0,A01
201400015173,0,7,0,0.0,2.0,7.0,9.0,B01
201400015174,0,10,0,0.0,2.0,3.0,9.0,A01
201400015174,0,7,0,0.0,2.0,7.0,1.0,B01
201400015175,0,7,0,0.0,2.0,7.0,1.0,B01
201400015175,0,30,0,0.0,2.0,1.0,1.0,A01
201400015176,0,7,0,0.0,2.0,1.0,1.0,A01
201400015176,0,2,0,0.0,2.0,1.0,1.0,B01
201400015177,0,7,0,1.0,0.0,2.0,14.0,A01
201400015178,0,7,0,0.0,2.0,5.0,9.0,B01
201400015178,0,34,0,0.0,2.0,3.0,17.0,A01
201400015179,0,7,0,0.0,2.0,2.0,15.0,B01
201400015179,0,30,0,0.0,2.0,1.0,1.0,A01
201400015180,0,30,0,0.0,2.0,7.0,15.0,A01
201400015180,0,7,0,0.0,2.0,8.0,15.0,B01
201400015181,0,2,0,12.0,0.0,1.0,1.0,A01
201400015182,0,1,0,0.0,2.0,7.0,0.0,B01
201400015182,1,7,0,0.0,2.0,8.0,9.0,Z01
201400015183,0,7,0,0.0,2.0,8.0,13.0,A01
201400015183,0,3,0,0.0,2.0,3.0,1.0,B01
201400015184,0,31,0,0.0,2.0,8.0,15.0,A01
201400015184,0,33,0,0.0,2.0,1.0,2.0,B01
201400015185,0,7,0,0.0,2.0,2.0,10.0,A01
201400015185,0,34,0,0.0,2.0,1.0,0.0,B01
201400015186,0,30,0,0.0,2.0,1.0,1.0,A01
201400015186,0,7,0,0.0,2.0,3.0,16.0,B01
201400015187,0,32,0,15.0,0.0,1.0,1.0,A01
201400015188,0,7,0,0.0,2.0,3.0,13.0,A01
201400015188,0,33,0,0.0,2.0,1.0,1.0,B01
201400015189,0,33,0,0.0,2.0,7.0,19.0,A01
201400015190,0,7,0,0.0,1.0,0.0,12.0,A01
201400015191,0,32,0,0.0,1.0,1.0,1.0,A01
201400015192,0,10,0,0.0,1.0,1.0,1.0,A01
201400015193,0,7,0,0.0,2.0,4.0,23.0,A01
201400015193,1,7,0,0.0,2.0,1.0,2.0,Z01
201400015194,0,7,0,0.0,1.0,1.0,1.0,A01
201400015195,0,7,0,0.0,2.0,1.0,2.0,A01
201400015195,0,30,0,0.0,2.0,4.0,2.0,B01
201400015196,2,30,0,0.0,2.0,1.0,1.0,Z01
201400015196,0,7,0,0.0,2.0,3.0,1.0,B01
201400015197,0,30,0,0.0,2.0,3.0,18.0,A01
201400015197,0,7,0,0.0,2.0,5.0,18.0,B01
201400015198,0,34,0,0.0,2.0,6.0,21.0,B01
201400015198,0,7,0,0.0,2.0,6.0,23.0,A01
201400015199,0,7,0,0.0,1.0,1.0,1.0,A01
201400015200,0,32,0,0.0,2.0,1.0,1.0,B01
201400015200,0,1,0,0.0,2.0,6.0,19.0,A01
201400015201,0,7,0,0.0,1.0,0.0,15.0,A01
201400015202,0,32,0,0.0,2.0,1.0,2.0,A01
201400015202,0,1,0,0.0,2.0,4.0,2.0,B01
201400015203,0,32,0,0.0,0.0,0.0,21.0,B01
201400015203,1,7,0,0.0,0.0,0.0,1.0,Z01
201400015204,0,3,0,0.0,2.0,8.0,1.0,A01
201400015204,1,13,0,0.0,2.0,0.0,0.0,Z01
201400015205,0,7,0,0.0,2.0,3.0,17.0,A01
201400015205,0,7,0,0.0,2.0,3.0,16.0,B01
201400015206,0,10,0,0.0,2.0,6.0,1.0,B01
201400015206,0,32,0,0.0,2.0,1.0,17.0,A01
201400015207,0,7,0,0.0,2.0,8.0,10.0,A01
201400015207,0,7,0,0.0,2.0,2.0,1.0,B01
201400015208,0,30,0,0.0,2.0,2.0,1.0,A01
201400015208,0,7,0,0.0,2.0,2.0,1.0,B01
201400015209,0,7,0,0.0,2.0,5.0,1.0,B01
201400015209,0,2,0,0.0,2.0,1.0,2.0,A01
201400015210,0,7,0,0.0,1.0,4.0,4.0,A01
201400015211,0,7,0,0.0,2.0,4.0,2.0,B01
201400015211,0,7,0,0.0,2.0,1.0,2.0,A01
201400015211,0,7,0,0.0,2.0,4.0,2.0,C01
201400015212,0,7,0,0.0,1.0,1.0,1.0,A01
201400015213,0,7,0,0.0,2.0,8.0,15.0,B01