Num_Acc,senc,catv,occutc,obs,obsm,choc,manv,num_veh
201400015213,0,32,0,0.0,2.0,1.0,3.0,A01
201400015214,0,7,0,0.0,2.0,1.0,1.0,A01
201400015214,0,7,0,0.0,2.0,6.0,1.0,B01
201400015215,1,7,0,0.0,2.0,1.0,2.0,Z01
201400015215,0,30,0,0.0,2.0,4.0,1.0,B01
201400015216,0,7,0,0.0,2.0,1.0,15.0,A01
201400015216,0,7,0,0.0,2.0,1.0,1.0,B01
201400015217,0,13,0,0.0,2.0,6.0,1.0,B01
201400015217,0,2,0,0.0,2.0,0.0,5.0,A01
201400015218,0,7,0,0.0,2.0,5.0,15.0,A01
201400015218,0,7,0,0.0,2.0,1.0,1.0,B01
201400015219,0,7,0,0.0,1.0,6.0,4.0,A01
201400015220,0,31,0,0.0,2.0,1.0,1.0,A01
201400015220,0,7,0,0.0,2.0,7.0,10.0,B01
201400015221,0,7,0,0.0,2.0,4.0,2.0,B01
201400015221,0,7,0,0.0,2.0,1.0,2.0,A01
201400015222,0,7,0,0.0,2.0,3.0,16.0,A01
201400015222,0,7,0,0.0,2.0,3.0,16.0,B01
201400015223,0,34,0,0.0,2.0,1.0,1.0,B01
201400015223,0,7,0,0.0,2.0,3.0,9.0,A01
201400015224,0,33,0,0.0,0.0,0.0,16.0,A01
201400015225,0,7,0,0.0,2.0,5.0,15.0,A01
201400015225,0,33,0,0.0,2.0,1.0,1.0,B01
201400015226,0,7,0,0.0,2.0,3.0,1.0,B01
201400015226,0,30,0,0.0,2.0,7.0,9.0,A01
201400015227,0,7,0,0.0,2.0,6.0,1.0,B01
201400015227,0,7,0,0.0,2.0,1.0,12.0,A01
201400015228,0,32,0,0.0,2.0,7.0,1.0,B01
201400015228,0,32,0,0.0,2.0,0.0,0.0,C01
201400015228,1,7,0,0.0,2.0,8.0,11.0,Z01
201400015229,0,30,0,0.0,2.0,1.0,15.0,B01
201400015229,0,30,0,0.0,2.0,1.0,17.0,A01
201400015230,0,34,0,0.0,2.0,8.0,9.0,B01
201400015230,0,32,0,0.0,2.0,1.0,1.0,A01
201400015231,0,7,0,0.0,1.0,2.0,1.0,A01
201400015232,0,7,0,0.0,1.0,7.0,1.0,A01
201400015233,0,32,0,0.0,2.0,1.0,1.0,B01
201400015233,0,7,0,0.0,2.0,3.0,15.0,A01
201400015234,0,33,0,0.0,2.0,1.0,1.0,B01
201400015234,0,7,0,0.0,2.0,1.0,15.0,A01
201400015235,0,7,0,0.0,2.0,3.0,1.0,B01
201400015235,0,30,0,0.0,2.0,1.0,10.0,A01
201400015236,0,7,0,0.0,2.0,3.0,15.0,B01
201400015236,0,2,0,0.0,2.0,7.0,17.0,A01
201400015237,0,7,0,0.0,2.0,3.0,9.0,A01
201400015237,0,7,0,0.0,2.0,1.0,1.0,B01
201400015238,0,30,0,0.0,2.0,1.0,0.0,A01
201400015238,0,7,0,0.0,2.0,1.0,9.0,B01
201400015239,0,2,0,0.0,2.0,1.0,5.0,A01
201400015239,0,7,0,0.0,2.0,3.0,1.0,B01
201400015240,1,7,0,0.0,2.0,7.0,17.0,Z01
201400015240,0,2,0,0.0,2.0,3.0,1.0,B01
201400015241,0,7,0,0.0,2.0,3.0,15.0,B01
201400015241,0,33,0,0.0,2.0,1.0,17.0,A01
201400015242,1,7,0,0.0,1.0,1.0,1.0,Z01
201400015243,0,7,0,0.0,1.0,1.0,15.0,A01
201400015244,0,32,0,0.0,2.0,1.0,9.0,A01
201400015244,0,30,0,0.0,2.0,7.0,1.0,B01
201400015245,0,7,0,0.0,2.0,1.0,1.0,B01
201400015245,0,7,0,0.0,2.0,3.0,1.0,A01
201400015246,0,30,0,0.0,2.0,6.0,1.0,B01
201400015246,0,33,0,0.0,2.0,1.0,1.0,A01
201400015247,1,7,0,0.0,1.0,1.0,1.0,Z01
201400015248,0,7,0,0.0,2.0,3.0,1.0,C01
201400015248,0,2,0,0.0,2.0,9.0,1.0,A01
201400015248,0,7,0,0.0,2.0,6.0,23.0,B01
201400015249,0,7,0,0.0,2.0,4.0,6.0,A01
201400015249,0,7,0,0.0,2.0,8.0,1.0,B01
201400015249,0,7,0,0.0,2.0,1.0,1.0,C01
201400015250,0,7,0,0.0,1.0,3.0,1.0,A01
201400015251,0,32,0,0.0,0.0,0.0,1.0,A01
201400015252,0,34,0,0.0,2.0,6.0,1.0,B01
201400015252,0,7,0,0.0,2.0,2.0,12.0,A01
201400015253,0,30,0,0.0,2.0,1.0,0.0,A01
201400015253,0,7,0,0.0,2.0,0.0,0.0,B01
201400015253,1,7,0,0.0,0.0,0.0,0.0,Z01
201400015254,0,7,0,0.0,2.0,2.0,2.0,B01
201400015254,0,7,0,0.0,2.0,3.0,2.0,A01
201400015255,0,15,0,0.0,2.0,7.0,2.0,A01
201400015255,0,32,0,0.0,2.0,3.0,2.0,B01
201400015256,0,7,0,12.0,0.0,1.0,1.0,A01
201400015257,0,7,0,8.0,0.0,1.0,1.0,A01
201400015258,0,32,0,0.0,2.0,7.0,1.0,B01
201400015258,1,7,0,0.0,2.0,8.0,13.0,Z01
201400015259,0,32,0,0.0,2.0,1.0,17.0,A01
201400015259,0,7,0,0.0,2.0,3.0,15.0,B01
201400015260,0,2,0,0.0,2.0,1.0,17.0,B01
201400015260,0,7,0,0.0,2.0,3.0,6.0,A01
201400015261,0,32,0,0.0,2.0,1.0,17.0,B01
201400015261,0,7,0,0.0,2.0,8.0,15.0,A01
201400015262,0,7,0,0.0,9.0,1.0,1.0,A01
201400015263,0,32,0,0.0,2.0,4.0,23.0,B01
201400015263,0,7,0,0.0,2.0,1.0,2.0,A01
201400015264,1,7,0,0.0,2.0,1.0,9.0,Z01
201400015264,0,7,0,0.0,2.0,5.0,1.0,A01
201400015265,0,32,0,1.0,0.0,1.0,1.0,A01
201400015266,0,32,0,0.0,2.0,1.0,1.0,B01
201400015266,0,7,0,0.0,2.0,6.0,10.0,A01
201400015267,0,7,0,14.0,2.0,2.0,5.0,A01
201400015267,0,7,0,0.0,2.0,5.0,16.0,B01
201400015268,0,7,0,0.0,2.0,7.0,12.0,A01
201400015268,0,7,0,0.0,2.0,8.0,1.0,B01
201400015269,0,7,0,0.0,2.0,1.0,9.0,A01
201400015269,0,7,0,0.0,2.0,5.0,1.0,B01
201400015270,0,33,0,0.0,2.0,1.0,1.0,B01
201400015270,0,7,0,0.0,2.0,8.0,17.0,A01
201400015271,0,2,0,0.0,2.0,7.0,15.0,B01
201400015271,0,7,0,0.0,2.0,8.0,1.0,A01
201400015272,0,7,0,0.0,2.0,1.0,2.0,A01
201400015272,0,7,0,0.0,2.0,4.0,1.0,B01
201400015273,0,7,0,0.0,2.0,3.0,20.0,A01
201400015273,0,37,1,0.0,2.0,2.0,2.0,B01
201400015274,0,7,0,0.0,2.0,4.0,1.0,C01
201400015274,0,7,0,0.0,2.0,1.0,1.0,B01
201400015274,0,7,0,0.0,2.0,1.0,1.0,A01
201400015275,0,7,0,0.0,1.0,1.0,1.0,A01
201400015275,0,7,0,0.0,2.0,5.0,1.0,B01
201400015276,0,30,0,1.0,0.0,2.0,1.0,A01
201400015277,0,33,0,0.0,0.0,4.0,1.0,A01
201400015278,0,34,0,0.0,2.0,1.0,1.0,B01
201400015278,0,7,0,0.0,2.0,3.0,9.0,A01
201400015279,0,32,0,0.0,2.0,1.0,1.0,B01
201400015279,0,7,0,0.0,9.0,1.0,11.0,A01
201400015280,0,7,0,0.0,1.0,2.0,1.0,A01
201400015281,0,32,0,1.0,0.0,1.0,0.0,A01
201400015282,0,7,0,0.0,2.0,1.0,2.0,A01
201400015282,0,7,0,0.0,2.0,4.0,2.0,D01
201400015282,0,7,0,0.0,2.0,4.0,2.0,C01
201400015282,0,7,0,0.0,2.0,4.0,2.0,B01
201400015282,0,7,0,0.0,2.0,4.0,2.0,E01
201400015283,0,7,0,0.0,2.0,1.0,19.0,A01
201400015283,0,7,0,0.0,2.0,7.0,1.0,B01
201400015284,1,7,0,0.0,1.0,1.0,0.0,Z01
201400015285,0,7,0,0.0,2.0,1.0,1.0,B01
201400015285,0,7,0,0.0,2.0,1.0,5.0,A01
201400015286,0,7,0,0.0,2.0,1.0,9.0,A01
201400015286,0,31,0,0.0,2.0,8.0,1.0,B01
201400015287,0,30,0,0.0,0.0,0.0,1.0,A01
201400015288,0,7,0,8.0,2.0,1.0,1.0,A01
201400015288,0,7,0,0.0,2.0,1.0,1.0,C01
201400015288,0,7,0,0.0,2.0,5.0,1.0,B01
201400015289,0,34,0,0.0,2.0,1.0,17.0,B01
201400015289,0,7,0,0.0,2.0,8.0,15.0,A01
201400015290,0,7,0,0.0,2.0,4.0,2.0,B01
201400015290,0,10,0,0.0,2.0,2.0,2.0,A01
201400015291,0,32,0,0.0,2.0,4.0,2.0,B01
201400015291,0,34,0,0.0,2.0,1.0,2.0,A01
201400015292,0,30,0,0.0,2.0,1.0,5.0,A01
201400015292,0,32,0,0.0,2.0,7.0,1.0,B01
201400015293,0,10,0,0.0,2.0,4.0,1.0,B01
201400015293,0,33,0,0.0,2.0,1.0,2.0,A01
201400015294,0,7,0,0.0,2.0,1.0,7.0,B01
201400015294,0,7,0,0.0,2.0,7.0,16.0,A01
201400015295,0,2,0,0.0,2.0,0.0,13.0,A01
201400015295,0,34,0,0.0,2.0,3.0,1.0,B01
201400015296,0,7,0,0.0,4.0,3.0,1.0,A01
201400015296,0,40,0,0.0,2.0,1.0,1.0,B01
201400015297,0,7,0,0.0,1.0,3.0,1.0,A01
201400015298,0,31,0,0.0,2.0,1.0,1.0,B01
201400015298,0,7,0,0.0,2.0,7.0,15.0,A01
201400015299,0,7,0,0.0,2.0,1.0,1.0,B01
201400015299,0,7,0,0.0,2.0,3.0,8.0,A01
201400015300,0,10,0,0.0,2.0,2.0,9.0,A01
201400015300,0,10,0,0.0,2.0,3.0,1.0,B01
201400015301,0,7,0,0.0,2.0,6.0,1.0,B01
201400015301,0,7,0,0.0,2.0,2.0,2.0,A01
201400015302,0,7,0,0.0,1.0,2.0,1.0,A01
201400015303,0,7,0,0.0,2.0,2.0,9.0,A01
201400015303,0,7,0,0.0,2.0,3.0,1.0,B01
201400015304,0,7,0,0.0,2.0,3.0,5.0,B01
201400015304,0,7,0,0.0,2.0,3.0,7.0,A01
201400015305,0,7,0,0.0,2.0,4.0,12.0,B01
201400015305,0,32,0,0.0,2.0,1.0,1.0,A01
201400015306,0,7,0,0.0,2.0,1.0,15.0,A01
201400015306,0,7,0,6.0,2.0,1.0,1.0,B01
201400015307,0,7,0,0.0,2.0,3.0,21.0,B01
201400015307,0,7,0,0.0,2.0,2.0,15.0,A01
201400015308,0,7,0,0.0,2.0,3.0,1.0,A01
201400015308,0,7,0,0.0,2.0,3.0,1.0,B01
201400015309,0,15,0,0.0,2.0,1.0,1.0,B01
201400015309,0,7,0,0.0,2.0,4.0,6.0,A01
201400015310,0,31,0,0.0,2.0,1.0,1.0,B01
201400015310,0,7,0,0.0,2.0,1.0,15.0,A01
201400015311,0,32,0,0.0,2.0,1.0,2.0,A01
201400015311,0,7,0,0.0,2.0,4.0,2.0,B01
201400015312,0,7,0,0.0,2.0,7.0,19.0,B01
201400015312,0,34,0,0.0,2.0,1.0,1.0,A01
201400015313,0,1,0,0.0,2.0,1.0,1.0,B01
201400015313,0,7,0,0.0,2.0,7.0,15.0,A01
201400015314,0,7,0,0.0,2.0,8.0,15.0,B01
201400015314,0,33,0,0.0,2.0,2.0,17.0,A01
201400015315,0,7,0,0.0,4.0,1.0,2.0,A01
201400015315,0,7,0,0.0,2.0,4.0,23.0,B01
201400015316,0,33,0,0.0,2.0,8.0,1.0,B01
201400015316,0,7,0,0.0,2.0,7.0,19.0,A01
201400015317,0,7,0,1.0,2.0,8.0,15.0,B01
201400015317,0,7,0,0.0,2.0,1.0,1.0,A01
201400015318,0,31,0,0.0,0.0,1.0,1.0,A01
201400015319,1,37,1,0.0,2.0,7.0,1.0,Z01
201400015319,0,7,0,0.0,2.0,8.0,23.0,B01
201400015320,0,7,0,0.0,2.0,1.0,2.0,A01
201400015320,0,7,0,0.0,2.0,4.0,23.0,B01
201400015320,0,7,0,0.0,2.0,4.0,23.0,C01
201400015321,0,1,0,0.0,2.0,4.0,1.0,A01
201400015321,0,7,0,0.0,2.0,1.0,16.0,B01
201400015322,0,7,0,0.0,2.0,6.0,16.0,B01
201400015322,0,7,0,0.0,2.0,2.0,1.0,A01
201400015323,0,7,0,0.0,2.0,1.0,15.0,B01
201400015323,0,33,0,0.0,2.0,1.0,1.0,A01
201400015324,0,7,0,0.0,2.0,3.0,1.0,B01
201400015324,0,7,0,8.0,2.0,5.0,5.0,A01
201400015325,0,7,0,0.0,2.0,1.0,1.0,B01
201400015325,0,7,0,0.0,2.0,7.0,1.0,A01
201400015326,0,7,0,0.0,2.0,8.0,1.0,B01
201400015326,0,30,0,0.0,2.0,1.0,1.0,A01
201400015327,1,30,0,0.0,1.0,1.0,1.0,Z01
201400015328,0,20,0,0.0,2.0,3.0,9.0,B01
201400015328,0,30,0,8.0,2.0,1.0,21.0,A01
201400015329,0,13,0,6.0,2.0,2.0,1.0,A01
201400015330,0,7,0,0.0,1.0,5.0,1.0,B01
201400015331,1,30,0,0.0,1.0,1.0,1.0,Z01
201400015332,0,7,0,0.0,2.0,8.0,15.0,B01
201400015332,0,7,0,0.0,2.0,2.0,17.0,A01
201400015333,0,32,0,0.0,2.0,1.0,1.0,B01
201400015333,0,7,0,0.0,2.0,6.0,9.0,A01
201400015334,0,7,0,0.0,2.0,4.0,1.0,B01
201400015334,0,7,0,0.0,2.0,1.0,2.0,A01
201400015335,0,7,0,0.0,2.0,2.0,9.0,B01
201400015335,1,7,0,0.0,2.0,0.0,1.0,Z01
201400015336,0,7,0,0.0,1.0,2.0,1.0,A01
201400015337,1,99,0,0.0,2.0,1.0,1.0,Z01
201400015337,0,7,0,0.0,2.0,5.0,1.0,B01
201400015337,0,7,0,0.0,2.0,3.0,1.0,C01
201400015338,0,7,0,14.0,0.0,1.0,1.0,A01
201400015339,0,7,0,0.0,2.0,3.0,1.0,B01
201400015339,0,2,0,0.0,2.0,1.0,17.0,A01
201400015340,1,7,0,0.0,2.0,0.0,10.0,Z01
201400015340,0,34,0,0.0,2.0,1.0,1.0,A01
201400015341,0,7,0,0.0,2.0,4.0,2.0,B01
201400015341,0,7,0,0.0,2.0,1.0,2.0,A01
201400015342,0,7,0,0.0,2.0,1.0,1.0,A01
201400015342,0,7,0,0.0,2.0,4.0,23.0,B01
201400015343,0,7,0,0.0,2.0,6.0,9.0,B01
201400015343,0,7,0,0.0,2.0,1.0,1.0,A01
201400015344,0,7,0,0.0,2.0,1.0,15.0,A01
201400015344,0,30,0,0.0,2.0,7.0,1.0,B01
201400015345,1,7,0,0.0,2.0,0.0,1.0,Z01
201400015345,0,33,0,0.0,2.0,5.0,15.0,B01
201400015346,0,32,0,8.0,0.0,8.0,0.0,A01
201400015347,1,2,0,0.0,1.0,1.0,1.0,Z01
201400015348,0,7,0,1.0,0.0,4.0,1.0,A01
201400015349,1,99,0,0.0,2.0,0.0,1.0,Z01
201400015349,0,1,0,0.0,2.0,0.0,0.0,B01
201400015350,0,7,0,0.0,2.0,1.0,1.0,A01
201400015350,0,99,0,0.0,2.0,8.0,1.0,B01
201400015351,0,7,0,0.0,2.0,2.0,13.0,A01
201400015351,0,30,0,0.0,2.0,8.0,3.0,B01
201400015352,0,7,0,0.0,2.0,2.0,9.0,A01
201400015352,0,34,0,0.0,2.0,3.0,1.0,B01
201400015353,0,7,0,0.0,2.0,4.0,11.0,B01
201400015353,0,30,0,0.0,2.0,1.0,2.0,A01
201400015354,0,7,0,14.0,1.0,4.0,4.0,A01
201400015355,0,7,0,0.0,2.0,6.0,1.0,B01
201400015355,0,32,0,0.0,2.0,1.0,0.0,A01
201400015356,0,10,0,0.0,1.0,2.0,1.0,A01
201400015357,0,7,0,0.0,2.0,1.0,15.0,A01
201400015357,0,33,0,0.0,2.0,6.0,1.0,B01
201400015358,0,2,0,0.0,2.0,1.0,1.0,A01
201400015358,1,30,0,0.0,2.0,2.0,15.0,Z01
201400015359,0,30,0,0.0,2.0,1.0,1.0,B01
201400015359,0,7,0,0.0,2.0,6.0,15.0,A01
201400015360,0,7,0,0.0,1.0,3.0,1.0,A01
201400015361,0,33,0,0.0,0.0,1.0,0.0,A01
201400015362,0,33,0,0.0,2.0,1.0,1.0,B01
201400015362,0,7,0,0.0,2.0,7.0,15.0,A01
201400015363,0,32,0,0.0,0.0,0.0,1.0,A01
201400015364,1,7,0,0.0,0.0,0.0,0.0,Z01
201400015364,0,3,0,9.0,1.0,2.0,21.0,A01
201400015365,0,7,0,0.0,2.0,5.0,9.0,B01
201400015365,0,32,0,0.0,2.0,4.0,21.0,A01
201400015366,0,7,0,0.0,2.0,4.0,2.0,B01
201400015366,0,7,0,0.0,2.0,1.0,2.0,A01
201400015367,0,34,0,0.0,2.0,5.0,1.0,B01
201400015367,1,7,0,0.0,2.0,3.0,10.0,Z01
201400015368,0,7,0,0.0,1.0,4.0,4.0,A01
201400015369,0,7,0,0.0,1.0,2.0,1.0,A01
201400015370,0,33,0,0.0,2.0,1.0,1.0,B01
201400015370,0,10,0,0.0,2.0,2.0,15.0,A01
201400015371,0,7,0,0.0,0.0,3.0,13.0,A01
201400015372,0,7,0,0.0,2.0,9.0,17.0,A01
201400015372,0,7,0,0.0,2.0,3.0,1.0,C01
201400015372,0,7,0,0.0,2.0,7.0,1.0,B01
201400015373,0,2,0,0.0,0.0,8.0,1.0,A01
201400015374,0,7,0,0.0,2.0,1.0,1.0,A01
201400015374,0,7,0,0.0,2.0,8.0,1.0,B01
201400015375,0,30,0,0.0,2.0,7.0,17.0,B01
201400015375,0,7,0,0.0,2.0,8.0,15.0,A01
201400015376,1,7,0,0.0,2.0,0.0,9.0,Z01
201400015376,0,33,0,0.0,2.0,5.0,1.0,A01
201400015377,1,7,0,0.0,2.0,4.0,11.0,Z01
201400015377,0,33,0,0.0,2.0,1.0,1.0,A01
201400015378,0,33,0,0.0,0.0,0.0,0.0,A01
201400015379,0,37,3,0.0,2.0,3.0,17.0,B01
201400015379,1,7,0,0.0,2.0,0.0,9.0,Z01
201400015380,0,7,0,0.0,2.0,3.0,9.0,A01
201400015380,0,7,0,0.0,2.0,5.0,14.0,B01
201400015381,0,2,0,0.0,0.0,1.0,1.0,A01
201400015382,0,7,0,0.0,2.0,3.0,1.0,B01
201400015382,1,7,0,0.0,2.0,1.0,1.0,Z01
201400015383,0,7,0,6.0,0.0,2.0,21.0,A01
201400015384,0,7,0,0.0,2.0,6.0,9.0,A01
201400015384,0,33,0,0.0,2.0,1.0,1.0,B01
201400015385,1,30,0,0.0,1.0,1.0,1.0,Z01
201400015386,0,32,0,0.0,2.0,1.0,1.0,A01
201400015386,0,7,0,0.0,2.0,8.0,1.0,B01
201400015387,0,7,0,0.0,2.0,5.0,15.0,B01
201400015387,0,33,0,0.0,2.0,9.0,18.0,A01
201400015388,0,34,0,0.0,2.0,4.0,23.0,B01
201400015388,0,7,0,0.0,2.0,1.0,1.0,A01
201400015389,0,7,0,0.0,2.0,1.0,13.0,A01
201400015389,0,14,0,0.0,2.0,7.0,1.0,B01
201400015390,0,33,0,0.0,2.0,2.0,17.0,B01
201400015390,0,7,0,0.0,2.0,1.0,9.0,A01
201400015390,0,34,0,0.0,2.0,3.0,23.0,C01
201400015391,0,7,0,0.0,2.0,1.0,2.0,A01
201400015391,0,7,0,0.0,2.0,4.0,2.0,B01
201400015392,0,17,0,0.0,1.0,1.0,1.0,A01
201400015393,0,7,0,0.0,2.0,3.0,1.0,A01
201400015393,0,7,0,0.0,2.0,5.0,15.0,B01
201400015394,0,7,0,0.0,2.0,4.0,23.0,C01
201400015394,0,7,0,0.0,2.0,1.0,2.0,A01
201400015394,0,7,0,0.0,2.0,4.0,2.0,B01
201400015395,0,7,0,0.0,1.0,3.0,15.0,A01
201400015396,0,1,0,0.0,2.0,1.0,1.0,B01
201400015396,0,7,0,0.0,2.0,7.0,1.0,A01
201400015397,1,7,0,0.0,1.0,0.0,1.0,Z01
201400015398,0,7,0,0.0,2.0,3.0,1.0,B01
201400015398,0,32,0,0.0,2.0,1.0,1.0,A01
201400015399,0,7,0,0.0,2.0,2.0,7.0,A01
201400015399,0,7,0,0.0,2.0,6.0,16.0,B01
201400015400,0,7,0,0.0,2.0,4.0,2.0,B01
201400015400,1,7,0,0.0,2.0,1.0,2.0,Z01
201400015401,0,7,0,0.0,2.0,7.0,1.0,A01
201400015401,0,33,0,0.0,2.0,1.0,1.0,B01
201400015402,0,7,0,0.0,2.0,4.0,1.0,B01
201400015402,0,7,0,0.0,2.0,2.0,1.0,A01
201400015403,0,7,0,0.0,1.0,3.0,1.0,A01
201400015404,0,7,0,0.0,2.0,8.0,13.0,A01
201400015404,0,32,0,0.0,2.0,7.0,17.0,B01
201400015405,0,7,0,0.0,2.0,1.0,15.0,B01
201400015405,0,7,0,0.0,2.0,2.0,1.0,A01
201400015406,1,2,0,0.0,2.0,0.0,2.0,Z01
201400015406,0,2,0,0.0,2.0,1.0,2.0,B01
201400015407,0,7,0,0.0,2.0,1.0,2.0,B01
201400015407,0,7,0,0.0,2.0,1.0,16.0,A01
201400015408,0,2,0,0.0,2.0,1.0,2.0,A01
201400015408,0,7,0,0.0,2.0,5.0,1.0,B01
201400015409,0,32,0,0.0,2.0,1.0,17.0,A01
201400015409,0,7,0,0.0,2.0,3.0,15.0,B01
201400015410,0,7,0,0.0,1.0,1.0,1.0,A01
201400015411,0,7,0,0.0,1.0,1.0,1.0,A01
201400015412,0,33,0,14.0,0.0,2.0,1.0,A01
201400015413,0,7,0,0.0,1.0,1.0,15.0,A01
201400015414,1,7,0,0.0,1.0,1.0,1.0,Z01
201400015415,0,7,0,0.0,2.0,2.0,15.0,A01
201400015415,0,34,0,0.0,2.0,1.0,1.0,B01
201400015416,0,7,0,0.0,2.0,1.0,2.0,A01
201400015416,0,7,0,0.0,2.0,4.0,2.0,B01
201400015416,0,7,0,0.0,2.0,4.0,23.0,C01
201400015417,0,7,0,0.0,2.0,1.0,2.0,A01
201400015417,0,7,0,0.0,2.0,4.0,2.0,B01
201400015418,0,32,0,0.0,2.0,1.0,21.0,B01
201400015418,0,7,0,0.0,2.0,7.0,15.0,A01
201400015419,0,30,0,0.0,2.0,1.0,1.0,A01
201400015419,0,7,0,0.0,2.0,4.0,1.0,B01
201400015420,0,7,0,0.0,2.0,4.0,1.0,B01
201400015420,1,7,0,0.0,2.0,0.0,0.0,Z01
201400015421,0,32,0,0.0,2.0,2.0,1.0,B01
201400015421,0,7,0,0.0,2.0,1.0,9.0,A01
201400015422,0,30,0,0.0,2.0,2.0,15.0,B01
201400015422,0,7,0,0.0,2.0,3.0,15.0,A01
201400015423,0,7,0,9.0,1.0,1.0,21.0,A01
201400015424,0,7,0,0.0,1.0,1.0,1.0,A01
201400015425,0,7,0,0.0,2.0,3.0,1.0,B01
201400015425,0,7,0,0.0,2.0,3.0,13.0,A01
201400015426,0,7,0,0.0,2.0,8.0,15.0,A01
201400015426,0,33,0,0.0,2.0,1.0,2.0,B01
201400015427,0,7,0,0.0,2.0,3.0,15.0,B01
201400015427,0,30,0,0.0,2.0,7.0,3.0,A01
201400015428,0,34,0,0.0,2.0,1.0,0.0,A01
201400015428,0,7,0,0.0,2.0,6.0,16.0,B01
201400015429,0,7,0,0.0,9.0,1.0,15.0,A01
201400015429,0,32,0,1.0,2.0,0.0,21.0,B01
201400015430,0,7,0,0.0,9.0,4.0,1.0,A01
201400015430,0,1,0,0.0,2.0,4.0,1.0,B01
201400015431,0,1,0,0.0,0.0,1.0,1.0,A01
201400015432,0,7,0,0.0,2.0,2.0,15.0,A01
201400015432,0,33,0,0.0,2.0,1.0,16.0,B01
201400015433,0,7,0,0.0,1.0,3.0,1.0,A01
201400015434,0,7,0,0.0,2.0,3.0,11.0,B01
201400015434,0,30,0,0.0,2.0,1.0,1.0,A01
201400015435,0,7,0,0.0,2.0,1.0,2.0,A01
201400015435,0,7,0,0.0,2.0,4.0,2.0,B01
201400015435,0,7,0,0.0,2.0,4.0,2.0,C01
201400015436,0,7,0,8.0,0.0,1.0,14.0,A01
201400015437,0,7,0,0.0,1.0,2.0,1.0,A01
201400015438,0,7,0,0.0,2.0,3.0,9.0,A01
201400015438,0,37,1,0.0,2.0,2.0,1.0,B01
201400015439,0,32,0,0.0,2.0,7.0,17.0,A01
201400015439,0,7,0,0.0,2.0,8.0,15.0,B01
201400015440,0,33,0,0.0,2.0,1.0,1.0,B01
201400015440,0,30,0,0.0,2.0,7.0,19.0,A01
201400015441,0,7,0,0.0,2.0,4.0,2.0,B01
201400015441,0,10,0,0.0,2.0,1.0,2.0,A01
201400015442,0,2,0,0.0,0.0,0.0,15.0,A01
201400015443,0,14,0,0.0,2.0,4.0,4.0,A01
201400015443,0,99,0,0.0,2.0,7.0,2.0,B01
201400015444,0,7,0,0.0,1.0,1.0,1.0,A01
201400015445,1,7,0,0.0,1.0,1.0,1.0,Z01
201400015446,0,7,0,4.0,0.0,2.0,1.0,A01
201400015447,0,30,0,0.0,2.0,1.0,1.0,B01
201400015447,0,7,0,0.0,2.0,7.0,15.0,A01
201400015448,0,32,0,0.0,2.0,7.0,1.0,A01
201400015448,1,32,0,0.0,2.0,0.0,0.0,Z01
201400015449,0,1,0,0.0,9.0,1.0,21.0,A01
201400015450,0,7,0,0.0,2.0,4.0,1.0,B01
201400015450,0,7,0,0.0,2.0,1.0,1.0,A01
201400015451,0,7,0,1.0,0.0,1.0,0.0,A01
201400015452,0,7,0,0.0,1.0,7.0,1.0,A01
201400015453,0,7,0,0.0,2.0,4.0,2.0,B01
201400015453,0,7,0,0.0,2.0,1.0,2.0,A01
201400015454,0,7,0,0.0,0.0,0.0,17.0,A01
201400015455,0,7,0,0.0,2.0,5.0,1.0,A01
201400015455,0,31,0,0.0,2.0,1.0,1.0,B01
201400015456,0,7,0,1.0,9.0,1.0,17.0,A01
201400015457,0,7,0,6.0,2.0,3.0,1.0,B01
201400015457,0,7,0,0.0,2.0,3.0,15.0,A01
201400015458,0,7,0,0.0,2.0,4.0,11.0,A01
201400015458,0,13,0,0.0,2.0,1.0,2.0,B01
201400015459,0,7,0,0.0,2.0,3.0,1.0,B01
201400015459,0,7,0,0.0,2.0,2.0,10.0,A01
201400015460,0,30,0,0.0,1.0,1.0,1.0,A01
201400015461,0,7,0,14.0,0.0,0.0,1.0,A01
201400015462,0,7,0,0.0,2.0,4.0,2.0,B01
201400015462,0,7,0,0.0,2.0,1.0,2.0,A01
201400015463,0,7,0,0.0,2.0,2.0,17.0,A01
201400015463,0,7,0,0.0,2.0,3.0,15.0,B01
201400015464,0,2,0,0.0,2.0,1.0,17.0,B01
201400015464,0,7,0,0.0,2.0,3.0,15.0,A01
201400015465,0,7,0,0.0,1.0,0.0,1.0,A01
201400015466,0,7,0,0.0,2.0,6.0,2.0,B01
201400015466,0,7,0,0.0,2.0,2.0,2.0,A01
201400015467,0,7,0,0.0,1.0,5.0,1.0,A01
201400015468,0,31,0,0.0,1.0,2.0,1.0,A01
201400015469,0,30,0,0.0,0.0,7.0,1.0,A01
201400015470,0,32,0,0.0,2.0,1.0,15.0,A01
201400015470,0,32,0,0.0,2.0,8.0,1.0,B01
201400015471,0,37,2,0.0,1.0,2.0,7.0,A01
201400015472,0,7,0,0.0,1.0,2.0,1.0,A01
201400015473,0,33,0,0.0,2.0,4.0,2.0,B01
201400015473,0,7,0,0.0,2.0,1.0,2.0,A01
201400015474,0,7,0,0.0,2.0,0.0,24.0,D01
201400015474,0,10,0,1.0,0.0,1.0,2.0,A01
201400015475,0,30,0,0.0,2.0,1.0,15.0,A01
201400015475,0,7,0,0.0,2.0,2.0,16.0,B01