Num_Acc,senc,catv,occutc,obs,obsm,choc,manv,num_veh
201400015755,0,2,0,0.0,2.0,3.0,2.0,A01
201400015755,0,37,1,0.0,2.0,7.0,2.0,B01
201400015756,0,33,0,0.0,2.0,0.0,1.0,B01
201400015756,0,7,0,0.0,0.0,0.0,11.0,A01
201400015757,0,10,0,0.0,1.0,3.0,11.0,A01
201400015758,1,99,0,0.0,1.0,0.0,1.0,Z01
201400015759,0,7,0,0.0,2.0,2.0,15.0,B01
201400015759,0,7,0,0.0,2.0,1.0,2.0,A01
201400015760,0,30,0,0.0,2.0,1.0,1.0,B01
201400015760,0,7,0,0.0,2.0,8.0,9.0,A01
201400015761,0,7,0,0.0,2.0,8.0,1.0,B01
201400015761,0,7,0,0.0,2.0,2.0,12.0,A01
201400015762,0,7,0,0.0,1.0,1.0,1.0,A01
201400015763,0,7,0,0.0,1.0,1.0,15.0,A01
201400015764,0,7,0,0.0,2.0,2.0,17.0,A01
201400015764,0,7,0,0.0,2.0,3.0,3.0,B01
201400015765,0,30,0,0.0,2.0,0.0,1.0,A01
201400015765,0,7,0,0.0,9.0,8.0,20.0,B01
201400015766,0,7,0,0.0,2.0,3.0,9.0,A01
201400015766,0,32,0,0.0,2.0,1.0,17.0,B01
201400015767,0,7,0,0.0,2.0,8.0,15.0,B01
201400015767,0,34,0,0.0,2.0,1.0,17.0,A01
201400015768,0,33,0,0.0,2.0,2.0,1.0,B01
201400015768,1,7,0,0.0,2.0,0.0,19.0,Z01
201400015769,0,7,0,0.0,2.0,4.0,20.0,B01
201400015769,1,7,0,0.0,2.0,1.0,1.0,Z01
201400015770,0,7,0,0.0,2.0,7.0,23.0,B01
201400015770,0,33,0,0.0,2.0,1.0,18.0,A01
201400015771,0,33,0,0.0,0.0,0.0,21.0,B01
201400015771,0,30,0,0.0,0.0,0.0,21.0,A01
201400015772,0,30,0,0.0,2.0,1.0,10.0,A01
201400015772,0,30,0,0.0,2.0,3.0,10.0,B01
201400015773,0,7,0,0.0,2.0,0.0,2.0,A01
201400015773,0,7,0,0.0,2.0,7.0,2.0,B01
201400015774,1,7,0,0.0,1.0,7.0,1.0,Z01
201400015775,1,7,0,0.0,2.0,7.0,15.0,Z01
201400015775,0,2,0,0.0,2.0,3.0,1.0,A01
201400015775,0,7,0,0.0,2.0,3.0,23.0,B01
201400015776,0,33,0,8.0,0.0,1.0,15.0,A01
201400015777,0,30,0,14.0,0.0,8.0,1.0,A01
201400015778,0,30,0,0.0,0.0,0.0,0.0,A01
201400015779,0,33,0,0.0,2.0,6.0,2.0,B01
201400015779,0,7,0,0.0,2.0,0.0,2.0,A01
201400015780,1,32,0,0.0,1.0,1.0,0.0,Z01
201400015781,1,7,0,0.0,1.0,1.0,1.0,Z01
201400015782,0,7,0,0.0,2.0,1.0,2.0,B01
201400015782,0,13,0,0.0,2.0,4.0,2.0,A01
201400015783,1,7,0,0.0,2.0,7.0,15.0,Z01
201400015783,0,32,0,0.0,2.0,1.0,1.0,B01
201400015784,0,7,0,0.0,2.0,1.0,1.0,B01
201400015784,0,7,0,0.0,2.0,2.0,19.0,A01
201400015785,0,37,1,0.0,2.0,6.0,23.0,B01
201400015785,0,2,0,0.0,2.0,1.0,18.0,A01
201400015786,0,30,0,0.0,2.0,0.0,9.0,B01
201400015786,1,7,0,0.0,2.0,0.0,1.0,Z01
201400015787,0,7,0,0.0,1.0,1.0,1.0,A01
201400015788,0,32,0,0.0,2.0,8.0,2.0,A01
201400015788,0,7,0,0.0,2.0,7.0,2.0,B01
201400015789,1,7,0,0.0,1.0,1.0,1.0,Z01
201400015790,0,32,0,0.0,2.0,2.0,21.0,A01
201400015790,0,7,0,0.0,2.0,3.0,1.0,B01
201400015791,0,33,0,0.0,0.0,7.0,1.0,B01
201400015791,0,7,0,0.0,0.0,0.0,15.0,A01
201400015792,0,7,0,0.0,1.0,3.0,4.0,A01
201400015793,0,7,0,0.0,0.0,0.0,0.0,B01
201400015793,0,1,0,0.0,2.0,1.0,1.0,A01
201400015794,0,7,0,0.0,2.0,9.0,23.0,B01
201400015794,0,13,0,0.0,2.0,4.0,23.0,C01
201400015794,0,7,0,0.0,2.0,1.0,2.0,A01
201400015795,0,7,0,0.0,1.0,0.0,1.0,A01
201400015796,0,7,0,0.0,2.0,1.0,9.0,A01
201400015796,0,7,0,0.0,2.0,8.0,1.0,B01
201400015797,0,7,0,0.0,2.0,2.0,9.0,A01
201400015797,0,32,0,0.0,2.0,2.0,1.0,B01
201400015798,0,7,0,0.0,2.0,4.0,2.0,B01
201400015798,0,7,0,0.0,2.0,1.0,2.0,A01
201400015799,0,7,0,0.0,2.0,1.0,1.0,A01
201400015799,0,7,0,0.0,1.0,1.0,16.0,B01
201400015800,0,7,0,0.0,2.0,4.0,23.0,B01
201400015800,0,7,0,0.0,2.0,1.0,2.0,A01
201400015801,0,7,0,0.0,2.0,5.0,15.0,A01
201400015801,0,33,0,0.0,2.0,3.0,1.0,B01
201400015802,0,7,0,0.0,1.0,2.0,15.0,A01
201400015803,0,7,0,0.0,2.0,0.0,1.0,B01
201400015803,0,14,0,0.0,2.0,2.0,9.0,A01
201400015804,1,7,0,0.0,2.0,0.0,0.0,Z01
201400015804,0,34,0,0.0,2.0,7.0,1.0,A01
201400015805,1,7,0,0.0,2.0,0.0,1.0,Z01
201400015805,0,7,0,0.0,2.0,1.0,1.0,A01
201400015806,0,7,0,0.0,2.0,1.0,1.0,B01
201400015806,0,7,0,0.0,2.0,7.0,1.0,A01
201400015807,0,7,0,0.0,2.0,3.0,1.0,B01
201400015807,0,30,0,0.0,2.0,3.0,1.0,A01
201400015808,0,33,0,0.0,2.0,1.0,1.0,A01
201400015808,0,7,0,0.0,2.0,4.0,1.0,B01
201400015809,0,33,0,0.0,2.0,1.0,15.0,A01
201400015809,0,7,0,0.0,2.0,2.0,19.0,B01
201400015810,0,7,0,0.0,2.0,8.0,1.0,B01
201400015810,0,7,0,0.0,2.0,1.0,19.0,A01
201400015811,0,7,0,0.0,2.0,2.0,1.0,B01
201400015811,0,7,0,0.0,2.0,1.0,19.0,A01
201400015812,1,7,0,0.0,1.0,1.0,1.0,Z01
201400015813,0,7,0,0.0,1.0,2.0,1.0,A01
201400015814,0,7,0,0.0,2.0,6.0,1.0,A01
201400015814,0,33,0,0.0,2.0,1.0,12.0,B01
201400015815,0,32,0,0.0,2.0,0.0,2.0,A01
201400015815,0,7,0,0.0,2.0,0.0,11.0,B01
201400015816,0,7,0,0.0,2.0,7.0,15.0,A01
201400015816,0,7,0,0.0,2.0,2.0,1.0,B01
201400015817,0,7,0,0.0,2.0,4.0,2.0,A01
201400015817,0,7,0,0.0,2.0,4.0,2.0,B01
201400015818,0,7,0,0.0,2.0,8.0,1.0,B01
201400015818,0,7,0,0.0,2.0,1.0,9.0,A01
201400015819,0,37,1,0.0,2.0,6.0,23.0,B01
201400015819,0,32,0,0.0,2.0,1.0,1.0,A01
201400015820,0,10,0,0.0,1.0,0.0,1.0,A01
201400015821,0,33,0,0.0,2.0,1.0,9.0,B01
201400015821,0,7,0,0.0,2.0,7.0,9.0,A01
201400015822,0,30,0,0.0,0.0,0.0,1.0,A01
201400015823,0,30,0,0.0,0.0,0.0,1.0,A01
201400015824,0,14,0,0.0,2.0,0.0,0.0,A01
201400015824,0,7,0,0.0,1.0,2.0,1.0,B01
201400015825,0,7,0,0.0,2.0,3.0,1.0,B01
201400015825,0,7,0,0.0,2.0,1.0,16.0,A01
201400015826,0,7,0,0.0,2.0,4.0,1.0,B01
201400015826,0,7,0,0.0,2.0,5.0,2.0,A01
201400015827,0,7,0,0.0,2.0,1.0,15.0,A01
201400015827,0,34,0,0.0,2.0,7.0,1.0,B01
201400015828,0,7,0,0.0,2.0,1.0,2.0,A01
201400015828,0,10,0,0.0,2.0,4.0,23.0,C01
201400015828,0,7,0,0.0,2.0,4.0,23.0,B01
201400015829,0,32,0,0.0,1.0,1.0,1.0,A01
201400015830,0,31,0,0.0,2.0,1.0,1.0,B01
201400015830,0,7,0,0.0,2.0,3.0,9.0,A01
201400015831,0,7,0,0.0,2.0,3.0,1.0,B01
201400015831,0,7,0,0.0,2.0,1.0,1.0,A01
201400015832,0,7,0,0.0,2.0,7.0,1.0,A01
201400015832,0,32,0,0.0,2.0,1.0,1.0,B01
201400015833,0,7,0,0.0,1.0,1.0,1.0,A01
201400015834,0,7,0,0.0,2.0,2.0,16.0,B01
201400015834,0,31,0,0.0,2.0,3.0,18.0,A01
201400015835,0,30,0,0.0,2.0,1.0,17.0,A01
201400015835,0,7,0,0.0,2.0,3.0,15.0,B01
201400015836,0,33,0,0.0,1.0,1.0,1.0,A01
201400015837,0,2,0,14.0,0.0,1.0,1.0,A01
201400015838,0,7,0,0.0,2.0,1.0,2.0,A01
201400015838,0,32,0,0.0,2.0,4.0,23.0,B01
201400015839,0,7,0,0.0,1.0,1.0,17.0,A01
201400015840,0,7,0,0.0,2.0,4.0,2.0,C01
201400015840,0,7,0,0.0,2.0,4.0,2.0,B01
201400015840,0,7,0,0.0,2.0,1.0,2.0,A01
201400015841,0,7,0,0.0,2.0,2.0,1.0,B01
201400015841,0,7,0,0.0,2.0,1.0,11.0,A01
201400015842,0,7,0,0.0,2.0,3.0,9.0,A01
201400015842,0,30,0,0.0,2.0,1.0,17.0,B01
201400015843,0,7,0,0.0,2.0,6.0,1.0,B01
201400015843,0,7,0,0.0,2.0,4.0,4.0,A01
201400015844,0,7,0,0.0,1.0,3.0,1.0,A01
201400015845,0,34,0,0.0,0.0,0.0,1.0,A01
201400015846,0,3,0,0.0,1.0,1.0,1.0,A01
201400015847,0,7,0,0.0,2.0,3.0,23.0,B01
201400015847,0,7,0,0.0,2.0,8.0,1.0,A01
201400015848,0,7,0,6.0,0.0,1.0,1.0,A01
201400015848,0,7,0,0.0,0.0,0.0,1.0,C01
201400015848,0,7,0,0.0,0.0,0.0,1.0,B01
201400015849,0,7,0,8.0,0.0,1.0,6.0,A01
201400015850,0,7,0,0.0,2.0,4.0,2.0,B01
201400015850,0,32,0,0.0,2.0,1.0,2.0,A01
201400015851,0,7,0,0.0,2.0,4.0,23.0,C01
201400015851,0,7,0,0.0,2.0,4.0,2.0,B01
201400015851,0,10,0,0.0,2.0,1.0,2.0,A01
201400015852,0,7,0,0.0,2.0,8.0,15.0,A01
201400015852,0,30,0,0.0,2.0,2.0,17.0,B01
201400015853,0,7,0,1.0,0.0,2.0,14.0,A01
201400015854,0,7,0,2.0,0.0,2.0,0.0,A01
201400015855,0,2,0,0.0,2.0,3.0,0.0,A01
201400015855,0,7,0,0.0,2.0,2.0,16.0,B01
201400015856,0,7,0,0.0,2.0,7.0,1.0,B01
201400015856,0,34,0,0.0,2.0,1.0,5.0,A01
201400015857,0,7,0,0.0,2.0,8.0,10.0,A01
201400015857,0,7,0,0.0,2.0,2.0,2.0,B01
201400015858,0,30,0,0.0,1.0,0.0,0.0,A01
201400015859,0,7,0,0.0,2.0,5.0,1.0,A01
201400015859,0,7,0,0.0,2.0,2.0,1.0,B01
201400015860,0,7,0,0.0,2.0,1.0,2.0,A01
201400015860,0,7,0,0.0,2.0,4.0,2.0,B01
201400015861,0,7,0,0.0,2.0,3.0,0.0,C01
201400015861,0,37,1,0.0,2.0,1.0,1.0,B01
201400015861,0,7,0,0.0,2.0,1.0,16.0,A01
201400015862,0,99,0,0.0,2.0,6.0,1.0,B01
201400015862,0,7,0,0.0,2.0,3.0,9.0,A01
201400015863,0,7,0,0.0,2.0,3.0,13.0,B01
201400015863,0,7,0,0.0,2.0,1.0,16.0,A01
201400015864,0,33,0,1.0,2.0,1.0,1.0,A01
201400015864,0,7,0,0.0,2.0,1.0,9.0,B01
201400015865,0,7,0,0.0,2.0,4.0,1.0,B01
201400015865,0,30,0,0.0,2.0,1.0,2.0,A01
201400015866,1,7,0,0.0,1.0,1.0,1.0,Z01
201400015867,0,7,0,0.0,2.0,2.0,15.0,A01
201400015867,0,34,0,0.0,2.0,3.0,1.0,B01
201400015868,0,32,0,0.0,0.0,8.0,17.0,A01
201400015869,1,7,0,1.0,1.0,9.0,0.0,Z01
201400015870,0,1,0,0.0,1.0,1.0,1.0,A01
201400015871,0,7,0,0.0,2.0,1.0,2.0,A01
201400015871,0,32,0,0.0,2.0,4.0,11.0,B01
201400015872,0,32,0,0.0,2.0,7.0,1.0,B01
201400015872,0,7,0,0.0,2.0,3.0,9.0,A01
201400015873,0,7,0,0.0,2.0,7.0,19.0,A01
201400015873,0,2,0,0.0,2.0,1.0,19.0,B01
201400015874,0,34,0,0.0,1.0,1.0,19.0,A01
201400015875,0,2,0,0.0,2.0,1.0,1.0,A01
201400015875,0,7,0,0.0,2.0,3.0,1.0,B01
201400015876,1,7,0,0.0,2.0,5.0,1.0,Z01
201400015876,0,33,0,0.0,2.0,1.0,1.0,A01
201400015877,0,7,0,0.0,1.0,1.0,1.0,A01
201400015878,0,34,0,0.0,2.0,3.0,1.0,B01
201400015878,0,7,0,0.0,2.0,1.0,1.0,A01
201400015879,0,10,0,0.0,2.0,1.0,1.0,B01
201400015879,0,10,0,0.0,2.0,0.0,1.0,A01
201400015880,0,30,0,0.0,2.0,3.0,12.0,B01
201400015880,0,7,0,0.0,2.0,3.0,15.0,A01
201400015881,0,7,0,0.0,2.0,4.0,1.0,B01
201400015881,0,7,0,0.0,2.0,3.0,6.0,A01
201400015882,0,7,0,13.0,0.0,1.0,0.0,C01
201400015882,0,7,0,0.0,2.0,1.0,1.0,A01
201400015882,1,7,0,0.0,2.0,0.0,0.0,Z01
201400015883,0,7,0,0.0,2.0,3.0,15.0,B01
201400015883,0,7,0,8.0,2.0,2.0,17.0,A01
201400015884,0,7,0,0.0,2.0,1.0,1.0,B01
201400015884,0,7,0,0.0,2.0,1.0,15.0,A01
201400015885,0,32,0,0.0,2.0,1.0,17.0,A01
201400015885,0,7,0,0.0,2.0,3.0,15.0,B01
201400015886,1,7,0,0.0,1.0,1.0,16.0,Z01
201400015887,0,30,0,0.0,2.0,2.0,5.0,A01
201400015887,0,34,0,0.0,2.0,8.0,1.0,B01
201400015888,0,7,0,0.0,2.0,8.0,15.0,A01
201400015888,0,7,0,0.0,2.0,1.0,1.0,B01
201400015889,0,7,0,1.0,0.0,9.0,1.0,A01
201400015890,0,7,0,0.0,2.0,1.0,1.0,A01
201400015890,0,7,0,0.0,2.0,1.0,1.0,B01
201400015891,0,32,0,0.0,2.0,8.0,1.0,B01
201400015891,0,7,0,0.0,2.0,3.0,15.0,A01
201400015892,1,7,0,0.0,2.0,2.0,1.0,Z01
201400015892,0,7,0,0.0,2.0,6.0,0.0,A01
201400015893,0,7,0,0.0,2.0,8.0,15.0,A01
201400015893,0,32,0,1.0,2.0,7.0,17.0,B01
201400015894,0,7,0,0.0,2.0,4.0,2.0,B01
201400015894,0,7,0,0.0,2.0,1.0,2.0,A01
201400015894,0,7,0,0.0,2.0,4.0,23.0,C01
201400015895,0,7,0,0.0,2.0,2.0,1.0,B01
201400015895,0,7,0,0.0,2.0,1.0,9.0,A01
201400015896,0,32,0,0.0,0.0,0.0,1.0,A01
201400015897,0,7,0,0.0,2.0,1.0,23.0,A01
201400015897,1,7,0,0.0,2.0,1.0,1.0,Z01
201400015897,0,7,0,0.0,2.0,4.0,23.0,B01
201400015898,0,7,0,0.0,2.0,1.0,1.0,A01
201400015898,0,7,0,0.0,2.0,4.0,1.0,C01
201400015898,0,7,0,0.0,2.0,4.0,1.0,B01
201400015899,0,7,0,0.0,2.0,1.0,1.0,A01
201400015899,0,7,0,0.0,0.0,4.0,2.0,B01
201400015900,0,40,0,0.0,0.0,8.0,1.0,B01
201400015900,0,7,0,0.0,4.0,2.0,1.0,A01
201400015901,0,7,0,8.0,0.0,1.0,1.0,A01
201400015902,0,7,0,0.0,0.0,2.0,1.0,B01
201400015903,1,30,0,0.0,1.0,1.0,1.0,Z01
201400015904,0,7,0,0.0,2.0,6.0,15.0,A01
201400015904,0,33,0,0.0,2.0,3.0,17.0,B01
201400015905,0,30,0,0.0,2.0,1.0,1.0,A01
201400015905,1,7,0,0.0,2.0,0.0,1.0,Z01
201400015906,1,7,0,0.0,1.0,0.0,1.0,Z01
201400015907,0,7,0,0.0,2.0,3.0,15.0,B01
201400015907,0,34,0,0.0,2.0,1.0,17.0,A01
201400015908,0,7,0,0.0,2.0,5.0,12.0,A01
201400015908,0,32,0,0.0,2.0,3.0,12.0,B01
201400015909,0,7,0,0.0,2.0,6.0,9.0,B01
201400015909,0,7,0,0.0,2.0,1.0,1.0,A01
201400015910,0,7,0,0.0,2.0,2.0,1.0,B01
201400015910,0,7,0,0.0,2.0,8.0,11.0,A01
201400015911,1,7,0,0.0,2.0,2.0,11.0,Z01
201400015911,0,2,0,0.0,2.0,1.0,1.0,A01
201400015912,0,7,0,0.0,2.0,4.0,2.0,B01
201400015912,0,32,0,0.0,2.0,1.0,2.0,A01
201400015913,0,7,0,0.0,2.0,3.0,15.0,A01
201400015913,0,37,2,0.0,2.0,2.0,21.0,B01
201400015914,0,7,0,0.0,2.0,4.0,1.0,B01
201400015914,0,7,0,0.0,2.0,4.0,2.0,D01
201400015914,1,10,0,0.0,2.0,1.0,1.0,Z01
201400015914,0,7,0,0.0,2.0,4.0,2.0,C01
201400015915,0,7,0,0.0,2.0,4.0,2.0,A01
201400015915,0,7,0,0.0,2.0,1.0,2.0,B01
201400015915,0,7,0,0.0,2.0,1.0,2.0,C01
201400015916,0,34,0,0.0,2.0,1.0,1.0,B01
201400015916,1,7,0,0.0,2.0,7.0,1.0,Z01
201400015917,0,7,0,0.0,2.0,9.0,6.0,A01
201400015917,0,7,0,0.0,2.0,8.0,1.0,B01
201400015918,1,7,0,0.0,1.0,1.0,0.0,Z01
201400015919,0,7,0,0.0,1.0,2.0,1.0,A01
201400015920,0,40,0,0.0,1.0,0.0,1.0,A01
201400015921,0,7,0,0.0,1.0,6.0,15.0,A01
201400015922,1,7,0,0.0,2.0,1.0,17.0,Z01
201400015922,0,30,0,0.0,2.0,2.0,2.0,B01
201400015923,0,7,0,0.0,2.0,9.0,23.0,B01
201400015923,0,7,0,0.0,2.0,1.0,2.0,A01
201400015923,0,7,0,0.0,2.0,4.0,23.0,C01
201400015924,0,7,0,0.0,1.0,4.0,4.0,A01
201400015925,1,7,0,0.0,1.0,2.0,1.0,Z01
201400015926,0,13,0,0.0,2.0,1.0,1.0,A01
201400015926,1,7,0,0.0,2.0,0.0,1.0,Z01
201400015927,0,7,0,0.0,2.0,7.0,15.0,A01
201400015927,0,34,0,0.0,2.0,3.0,1.0,B01
201400015928,0,30,0,0.0,2.0,1.0,1.0,B01
201400015928,0,7,0,0.0,2.0,2.0,15.0,A01
201400015929,0,7,0,0.0,2.0,1.0,1.0,B01
201400015929,0,30,0,0.0,2.0,7.0,1.0,A01
201400015930,0,7,0,0.0,9.0,2.0,16.0,B01
201400015930,0,2,0,0.0,2.0,3.0,5.0,A01
201400015931,0,7,0,0.0,2.0,3.0,1.0,A01
201400015931,0,7,0,0.0,2.0,3.0,9.0,B01
201400015932,0,7,0,0.0,2.0,3.0,19.0,A01
201400015932,0,30,0,0.0,2.0,1.0,17.0,B01
201400015933,0,7,0,0.0,2.0,2.0,1.0,A01
201400015933,0,7,0,0.0,2.0,1.0,1.0,B01
201400015934,0,7,0,0.0,1.0,1.0,1.0,A01
201400015935,0,32,0,0.0,2.0,3.0,18.0,A01
201400015935,0,7,0,0.0,2.0,5.0,15.0,B01
201400015936,0,7,0,0.0,2.0,4.0,23.0,B01
201400015936,0,7,0,0.0,2.0,1.0,1.0,A01
201400015937,0,32,0,0.0,2.0,1.0,1.0,A01
201400015937,0,7,0,0.0,2.0,8.0,1.0,B01
201400015938,0,33,0,0.0,2.0,1.0,1.0,B01
201400015938,0,7,0,0.0,2.0,8.0,10.0,A01
201400015939,0,7,0,0.0,2.0,4.0,21.0,B01
201400015939,0,7,0,1.0,0.0,4.0,21.0,A01
201400015940,0,7,0,0.0,1.0,3.0,1.0,A01
201400015941,0,7,0,0.0,2.0,3.0,9.0,A01
201400015941,0,7,0,0.0,0.0,1.0,0.0,B01
201400015942,0,7,0,0.0,2.0,5.0,1.0,B01
201400015942,0,30,0,0.0,2.0,1.0,1.0,A01
201400015943,0,30,0,0.0,2.0,1.0,1.0,A01
201400015943,0,30,0,0.0,2.0,7.0,1.0,B01
201400015944,0,33,0,0.0,1.0,2.0,1.0,A01
201400015945,0,7,0,0.0,2.0,5.0,3.0,A01
201400015945,0,7,0,0.0,2.0,3.0,1.0,B01
201400015946,0,14,0,0.0,1.0,8.0,15.0,A01
201400015947,0,7,0,0.0,1.0,3.0,16.0,A01
201400015948,0,7,0,0.0,2.0,2.0,1.0,B01
201400015948,0,7,0,0.0,2.0,1.0,1.0,A01
201400015949,1,1,0,0.0,1.0,0.0,1.0,Z01
201400015950,0,33,0,0.0,2.0,7.0,17.0,B01
201400015950,0,7,0,0.0,2.0,3.0,23.0,C01
201400015950,0,7,0,0.0,2.0,8.0,18.0,A01
201400015951,0,7,0,0.0,2.0,5.0,1.0,B01
201400015951,0,34,0,0.0,2.0,1.0,1.0,A01
201400015952,0,7,0,0.0,2.0,2.0,19.0,A01
201400015952,0,7,0,0.0,2.0,1.0,1.0,B01
201400015953,0,7,0,0.0,2.0,1.0,1.0,B01
201400015953,0,7,0,0.0,2.0,2.0,15.0,A01
201400015954,0,7,0,0.0,2.0,4.0,2.0,B01
201400015954,0,7,0,0.0,2.0,1.0,2.0,A01
201400015955,0,7,0,0.0,9.0,8.0,2.0,A01
201400015955,0,1,0,0.0,2.0,7.0,2.0,B01
201400015956,0,7,0,0.0,1.0,1.0,1.0,A01
201400015957,1,7,0,0.0,1.0,0.0,1.0,Z01
201400015958,0,7,0,0.0,1.0,1.0,0.0,A01
201400015959,0,7,0,0.0,2.0,1.0,15.0,A01
201400015959,0,30,0,0.0,2.0,2.0,17.0,B01
201400015960,0,7,0,8.0,0.0,1.0,1.0,A01
201400015961,1,30,0,0.0,1.0,8.0,1.0,Z01
201400015962,0,30,0,0.0,0.0,0.0,1.0,A01
201400015963,0,7,0,0.0,2.0,3.0,15.0,A01
201400015963,0,30,0,0.0,2.0,9.0,1.0,B01
201400015964,0,10,0,0.0,2.0,2.0,1.0,B01
201400015964,0,1,0,0.0,2.0,8.0,19.0,A01
201400015965,0,7,0,0.0,2.0,7.0,16.0,B01
201400015965,0,33,0,0.0,2.0,8.0,2.0,A01
201400015966,0,7,0,0.0,2.0,2.0,19.0,A01
201400015966,0,33,0,0.0,2.0,1.0,1.0,B01
201400015967,0,7,0,0.0,2.0,3.0,13.0,A01
201400015967,0,7,0,0.0,2.0,8.0,1.0,B01
201400015968,1,7,0,0.0,1.0,0.0,1.0,Z01
201400015969,0,30,0,0.0,2.0,1.0,1.0,A01
201400015970,0,7,0,0.0,2.0,4.0,2.0,C01
201400015970,0,7,0,0.0,2.0,1.0,2.0,A01
201400015970,0,7,0,0.0,2.0,9.0,2.0,B01
201400015971,1,7,0,0.0,2.0,3.0,13.0,Z01
201400015971,0,30,0,0.0,2.0,1.0,1.0,A01
201400015972,0,7,0,8.0,0.0,1.0,1.0,A01
201400015973,0,7,0,0.0,2.0,3.0,15.0,A01
201400015973,0,7,0,0.0,2.0,3.0,1.0,B01
201400015974,1,7,0,0.0,1.0,0.0,0.0,Z01
201400015975,0,7,0,0.0,2.0,5.0,4.0,A01
201400015975,0,7,0,0.0,2.0,2.0,0.0,B01
201400015976,0,30,0,0.0,1.0,1.0,3.0,A01
201400015977,0,7,0,0.0,2.0,4.0,23.0,B01
201400015977,0,7,0,0.0,2.0,1.0,1.0,A01
201400015978,0,7,0,0.0,1.0,1.0,16.0,A01
201400015979,0,30,0,0.0,5.0,1.0,1.0,A01
201400015980,0,30,0,0.0,2.0,1.0,5.0,A01
201400015980,0,7,0,0.0,2.0,1.0,0.0,B01
201400015981,0,33,0,0.0,2.0,4.0,0.0,C01
201400015981,1,7,0,0.0,2.0,3.0,13.0,Z01
201400015981,0,7,0,0.0,2.0,3.0,1.0,B01
201400015982,0,7,0,0.0,2.0,1.0,1.0,A01
201400015982,0,7,0,0.0,2.0,3.0,1.0,B01
201400015983,0,2,0,0.0,0.0,1.0,1.0,A01
201400015984,0,7,0,0.0,2.0,1.0,1.0,B01
201400015984,0,7,0,0.0,2.0,6.0,1.0,A01
201400015985,0,10,0,0.0,2.0,1.0,1.0,A01
201400015985,0,7,0,0.0,2.0,4.0,23.0,B01
201400015986,0,33,0,0.0,2.0,0.0,1.0,A01
201400015986,0,10,0,0.0,2.0,2.0,12.0,B01
201400015987,0,7,0,15.0,0.0,2.0,1.0,A01
201400015988,0,7,0,0.0,2.0,1.0,1.0,B01
201400015988,0,7,0,16.0,2.0,1.0,6.0,A01
201400015989,0,7,0,0.0,1.0,4.0,4.0,A01
201400015990,0,7,0,0.0,2.0,2.0,2.0,A01
201400015990,0,7,0,0.0,2.0,3.0,23.0,B01
201400015990,0,7,0,0.0,2.0,6.0,2.0,C01
201400015991,0,30,0,0.0,2.0,1.0,2.0,A01
201400015991,0,10,0,0.0,2.0,4.0,2.0,B01
201400015992,0,7,0,0.0,2.0,4.0,2.0,B01
201400015992,0,33,0,0.0,2.0,1.0,2.0,A01
201400015993,0,7,0,0.0,2.0,3.0,9.0,A01
201400015993,0,30,0,0.0,2.0,1.0,1.0,B01
201400015994,0,32,0,0.0,2.0,1.0,1.0,B01
201400015994,0,7,0,0.0,2.0,3.0,1.0,A01
201400015995,0,32,0,0.0,2.0,0.0,17.0,B01
201400015995,0,7,0,0.0,2.0,0.0,13.0,A01
201400015996,0,7,0,0.0,2.0,4.0,2.0,B01
201400015996,0,7,0,0.0,2.0,4.0,1.0,C01
201400015996,0,7,0,0.0,2.0,1.0,2.0,A01
201400015997,0,33,0,0.0,1.0,1.0,1.0,A01
201400015998,0,7,0,0.0,1.0,2.0,1.0,A01
201400015999,0,7,0,0.0,2.0,1.0,9.0,A01
201400015999,0,7,0,0.0,2.0,7.0,1.0,B01
201400016000,0,7,0,0.0,2.0,1.0,2.0,A01
201400016000,0,7,0,0.0,2.0,9.0,2.0,B01
201400016000,0,7,0,0.0,2.0,4.0,2.0,C01
201400016001,0,2,0,0.0,1.0,1.0,2.0,A01
201400016002,0,7,0,0.0,2.0,3.0,1.0,B01
201400016002,0,34,0,0.0,2.0,1.0,1.0,A01
201400016003,0,7,0,0.0,2.0,1.0,9.0,A01
201400016003,0,30,0,0.0,2.0,8.0,1.0,B01
201400016004,0,7,0,8.0,0.0,1.0,1.0,A01
201400016005,0,7,0,0.0,2.0,8.0,15.0,A01
201400016005,0,33,0,0.0,2.0,1.0,1.0,B01
201400016006,0,31,0,0.0,2.0,2.0,1.0,A01
201400016006,1,7,0,0.0,2.0,3.0,1.0,Z01
201400016007,1,2,0,0.0,1.0,8.0,0.0,Z01
201400016008,0,7,0,1.0,0.0,3.0,15.0,A01
201400016009,0,30,0,0.0,2.0,5.0,17.0,A01
201400016009,0,7,0,0.0,2.0,3.0,2.0,B01
201400016010,0,7,0,0.0,2.0,6.0,1.0,B01
201400016010,0,33,0,11.0,2.0,3.0,17.0,A01
201400016011,0,33,0,0.0,2.0,1.0,1.0,B01
201400016011,0,7,0,0.0,2.0,2.0,15.0,A01
201400016012,0,7,0,0.0,1.0,7.0,13.0,A01
201400016013,0,7,0,0.0,1.0,1.0,9.0,A01
201400016014,0,7,0,0.0,2.0,2.0,1.0,B01
201400016014,0,7,0,0.0,2.0,8.0,9.0,A01
201400016015,0,7,0,0.0,2.0,1.0,1.0,B01
201400016015,1,16,0,0.0,2.0,4.0,1.0,Z01
201400016016,0,7,0,0.0,0.0,1.0,1.0,A01
201400016017,0,30,0,0.0,2.0,8.0,14.0,A01
201400016017,1,7,0,0.0,2.0,7.0,1.0,Z01