Num_Acc,senc,catv,occutc,obs,obsm,choc,manv,num_veh
201400016018,0,10,0,0.0,1.0,4.0,4.0,A01
201400016019,0,33,0,6.0,0.0,2.0,0.0,A01
201400016020,0,7,0,0.0,2.0,1.0,1.0,B01
201400016020,0,30,0,0.0,2.0,1.0,19.0,A01
201400016021,0,7,0,0.0,2.0,4.0,23.0,B01
201400016021,0,7,0,0.0,2.0,1.0,2.0,A01
201400016022,0,7,0,0.0,2.0,2.0,15.0,A01
201400016022,0,7,0,0.0,2.0,1.0,1.0,B01
201400016023,0,33,0,1.0,0.0,1.0,21.0,A01
201400016024,0,30,0,0.0,2.0,1.0,9.0,A01
201400016024,0,7,0,0.0,2.0,2.0,1.0,B01
201400016025,1,7,0,0.0,1.0,1.0,15.0,Z01
201400016026,0,30,0,0.0,1.0,1.0,1.0,A01
201400016027,0,7,0,0.0,1.0,3.0,1.0,A01
201400016028,0,7,0,0.0,0.0,1.0,9.0,A01
201400016028,0,30,0,0.0,2.0,2.0,17.0,B01
201400016029,0,33,0,13.0,0.0,7.0,1.0,A01
201400016030,0,7,0,0.0,1.0,1.0,1.0,A01
201400016031,1,7,0,0.0,1.0,5.0,1.0,Z01
201400016032,0,7,0,0.0,2.0,3.0,1.0,B01
201400016032,0,10,0,0.0,2.0,2.0,15.0,A01
201400016033,0,7,0,0.0,2.0,1.0,17.0,A01
201400016033,0,7,0,0.0,2.0,2.0,1.0,B01
201400016034,1,7,0,0.0,2.0,1.0,1.0,B01
201400016034,0,7,0,0.0,2.0,2.0,10.0,A01
201400016035,0,7,0,0.0,2.0,4.0,2.0,C01
201400016035,0,7,0,0.0,2.0,1.0,2.0,A01
201400016035,0,7,0,0.0,0.0,4.0,2.0,B01
201400016036,0,7,0,8.0,0.0,1.0,14.0,A01
201400016037,0,7,0,0.0,2.0,3.0,10.0,A01
201400016037,0,34,0,0.0,2.0,2.0,1.0,B01
201400016038,0,7,0,0.0,2.0,4.0,2.0,B01
201400016038,0,7,0,0.0,2.0,1.0,2.0,A01
201400016039,1,10,0,0.0,2.0,1.0,1.0,Z01
201400016039,0,7,0,0.0,2.0,1.0,23.0,A01
201400016040,0,7,0,0.0,2.0,3.0,13.0,A01
201400016040,0,7,0,0.0,2.0,3.0,1.0,B01
201400016041,0,7,0,0.0,2.0,3.0,1.0,B01
201400016041,0,30,0,0.0,2.0,1.0,5.0,A01
201400016042,0,7,0,0.0,1.0,1.0,1.0,A01
201400016043,0,7,0,0.0,2.0,2.0,4.0,A01
201400016043,0,7,0,0.0,2.0,1.0,2.0,B01
201400016043,0,7,0,0.0,2.0,4.0,2.0,C01
201400016044,0,32,0,0.0,2.0,8.0,1.0,A01
201400016044,0,7,0,0.0,2.0,2.0,15.0,B01
201400016045,0,7,0,0.0,1.0,1.0,1.0,A01
201400016046,0,7,0,0.0,2.0,8.0,13.0,A01
201400016046,0,32,0,0.0,2.0,1.0,17.0,B01
201400016047,0,30,0,0.0,0.0,1.0,1.0,A01
201400016048,0,7,0,0.0,1.0,2.0,1.0,A01
201400016049,0,7,0,0.0,2.0,8.0,1.0,B01
201400016049,0,7,0,0.0,2.0,1.0,1.0,A01
201400016050,0,7,0,2.0,0.0,2.0,13.0,A01
201400016051,0,32,0,0.0,0.0,0.0,0.0,A01
201400016052,0,7,0,0.0,2.0,1.0,15.0,A01
201400016052,0,7,0,0.0,2.0,3.0,1.0,B01
201400016052,0,7,0,0.0,2.0,3.0,1.0,C01
201400016053,0,30,0,0.0,1.0,0.0,0.0,A01
201400016054,0,30,0,0.0,9.0,8.0,1.0,A01
201400016055,0,7,0,0.0,1.0,7.0,1.0,A01
201400016056,0,7,0,0.0,2.0,4.0,2.0,B01
201400016056,0,7,0,0.0,2.0,1.0,2.0,A01
201400016057,0,7,0,12.0,0.0,1.0,0.0,A01
201400016058,0,33,0,0.0,2.0,2.0,2.0,A01
201400016058,0,7,0,0.0,2.0,4.0,2.0,B01
201400016059,0,7,0,0.0,1.0,3.0,1.0,A01
201400016060,0,7,0,0.0,0.0,1.0,2.0,A01
201400016060,0,7,0,0.0,2.0,4.0,2.0,B01
201400016060,0,7,0,0.0,2.0,4.0,2.0,C01
201400016061,0,7,0,0.0,2.0,1.0,21.0,A01
201400016061,0,7,0,0.0,2.0,3.0,21.0,B01
201400016062,0,30,0,0.0,2.0,1.0,1.0,B01
201400016062,0,7,0,0.0,2.0,2.0,15.0,A01
201400016063,0,7,0,0.0,2.0,1.0,2.0,A01
201400016063,0,7,0,0.0,2.0,4.0,2.0,B01
201400016064,0,7,0,0.0,2.0,7.0,17.0,A01
201400016064,0,7,0,0.0,2.0,1.0,1.0,B01
201400016065,0,7,0,0.0,2.0,3.0,13.0,A01
201400016065,0,32,0,0.0,2.0,1.0,2.0,B01
201400016066,0,7,0,0.0,1.0,3.0,10.0,A01
201400016067,1,7,0,0.0,1.0,0.0,1.0,Z01
201400016068,1,7,0,0.0,1.0,0.0,1.0,Z01
201400016069,2,7,0,1.0,0.0,3.0,1.0,A01
201400016069,0,7,0,0.0,2.0,4.0,24.0,B01
201400016070,0,2,0,0.0,2.0,1.0,1.0,A01
201400016070,0,7,0,0.0,2.0,7.0,15.0,B01
201400016071,0,7,0,0.0,2.0,5.0,1.0,B01
201400016071,0,7,0,0.0,2.0,2.0,1.0,A01
201400016072,0,34,0,0.0,2.0,1.0,2.0,A01
201400016072,0,7,0,0.0,2.0,5.0,16.0,B01
201400016073,0,7,0,0.0,1.0,7.0,1.0,A01
201400016074,1,7,0,0.0,2.0,2.0,1.0,Z01
201400016075,0,7,0,0.0,2.0,8.0,15.0,A01
201400016075,0,37,1,0.0,2.0,1.0,1.0,B01
201400016076,0,7,0,0.0,1.0,2.0,16.0,A01
201400016077,0,3,0,0.0,2.0,3.0,15.0,B01
201400016077,0,2,0,0.0,2.0,2.0,17.0,A01
201400016078,0,7,0,0.0,2.0,2.0,1.0,A01
201400016078,0,7,0,0.0,2.0,6.0,1.0,B01
201400016079,0,7,0,0.0,2.0,3.0,0.0,B01
201400016079,0,32,0,14.0,0.0,1.0,1.0,A01
201400016080,0,1,0,0.0,2.0,7.0,19.0,B01
201400016080,0,7,0,0.0,2.0,2.0,16.0,A01
201400016081,0,7,0,0.0,2.0,4.0,1.0,B01
201400016081,0,32,0,0.0,2.0,1.0,1.0,A01
201400016082,0,33,0,0.0,2.0,1.0,1.0,B01
201400016082,0,7,0,0.0,2.0,3.0,15.0,A01
201400016083,0,7,0,0.0,2.0,7.0,15.0,B01
201400016083,0,7,0,0.0,2.0,8.0,1.0,A01
201400016084,0,7,0,0.0,2.0,6.0,16.0,B01
201400016084,0,7,0,0.0,2.0,2.0,13.0,A01
201400016085,0,7,0,0.0,2.0,2.0,1.0,B01
201400016085,0,7,0,0.0,2.0,8.0,9.0,A01
201400016086,1,7,0,0.0,2.0,1.0,1.0,Z01
201400016086,0,30,0,0.0,2.0,4.0,1.0,A01
201400016087,0,7,0,0.0,2.0,1.0,15.0,B01
201400016087,0,2,0,0.0,2.0,1.0,1.0,A01
201400016088,0,7,0,0.0,2.0,3.0,15.0,B01
201400016088,0,32,0,0.0,2.0,1.0,17.0,A01
201400016089,0,7,0,0.0,2.0,2.0,15.0,A01
201400016089,0,33,0,0.0,2.0,1.0,1.0,B01
201400016090,0,7,0,0.0,2.0,3.0,15.0,A01
201400016090,0,34,0,0.0,2.0,1.0,1.0,B01
201400016091,0,32,0,0.0,2.0,1.0,1.0,A01
201400016091,0,7,0,0.0,2.0,2.0,1.0,B01
201400016092,0,7,0,0.0,2.0,7.0,1.0,B01
201400016092,0,7,0,0.0,2.0,1.0,1.0,A01
201400016093,0,7,0,0.0,1.0,1.0,15.0,A01
201400016094,0,32,0,0.0,2.0,8.0,23.0,B01
201400016094,1,7,0,0.0,0.0,0.0,0.0,Z01
201400016095,0,33,0,0.0,2.0,8.0,2.0,A01
201400016095,0,33,0,0.0,2.0,4.0,2.0,B01
201400016096,0,33,0,0.0,2.0,1.0,2.0,A01
201400016096,0,7,0,0.0,2.0,4.0,1.0,B01
201400016097,0,7,0,0.0,2.0,1.0,1.0,B01
201400016097,0,31,0,0.0,2.0,4.0,16.0,A01
201400016098,0,2,0,0.0,0.0,0.0,1.0,A01
201400016099,0,30,0,0.0,0.0,0.0,1.0,B01
201400016100,0,7,0,0.0,1.0,7.0,1.0,A01
201400016101,0,7,0,0.0,2.0,2.0,14.0,A01
201400016101,0,7,0,0.0,2.0,5.0,1.0,B01
201400016102,0,7,0,0.0,2.0,5.0,23.0,B01
201400016102,0,30,0,1.0,2.0,1.0,1.0,A01
201400016103,0,7,0,0.0,2.0,3.0,9.0,A01
201400016103,0,31,0,0.0,2.0,2.0,1.0,B01
201400016104,0,7,0,0.0,2.0,5.0,15.0,B01
201400016104,0,7,0,0.0,2.0,0.0,1.0,A01
201400016105,0,32,0,0.0,2.0,1.0,17.0,A01
201400016105,0,7,0,0.0,2.0,3.0,15.0,B01
201400016106,0,7,0,0.0,2.0,3.0,15.0,B01
201400016106,0,2,0,0.0,2.0,2.0,17.0,A01
201400016107,0,7,0,0.0,2.0,8.0,20.0,C01
201400016107,0,7,0,0.0,2.0,1.0,23.0,B01
201400016107,0,7,0,0.0,2.0,1.0,2.0,A01
201400016108,0,33,0,0.0,2.0,1.0,1.0,B01
201400016108,0,7,0,0.0,2.0,1.0,9.0,A01
201400016109,0,7,0,0.0,2.0,2.0,15.0,B01
201400016109,0,7,0,0.0,2.0,2.0,15.0,A01
201400016110,0,7,0,0.0,2.0,1.0,1.0,A01
201400016110,0,7,0,0.0,2.0,2.0,15.0,B01
201400016111,0,3,0,0.0,2.0,1.0,1.0,B01
201400016111,0,32,0,14.0,2.0,1.0,1.0,A01
201400016112,0,33,0,12.0,0.0,1.0,1.0,A01
201400016113,0,7,0,0.0,1.0,3.0,1.0,A01
201400016114,0,7,0,0.0,1.0,1.0,1.0,A01
201400016115,0,31,0,0.0,2.0,2.0,17.0,B01
201400016115,0,7,0,0.0,2.0,3.0,15.0,A01
201400016116,0,34,0,0.0,1.0,2.0,1.0,A01
201400016117,0,7,0,0.0,2.0,4.0,2.0,B01
201400016117,0,7,0,0.0,2.0,3.0,2.0,A01
201400016118,0,30,0,0.0,2.0,3.0,1.0,A01
201400016118,0,7,0,0.0,2.0,8.0,13.0,B01
201400016119,0,7,0,0.0,2.0,5.0,1.0,B01
201400016119,0,7,0,0.0,2.0,3.0,1.0,A01
201400016120,0,7,0,0.0,1.0,1.0,15.0,A01
201400016121,0,7,0,0.0,1.0,3.0,1.0,A01
201400016122,0,30,0,0.0,2.0,0.0,1.0,A01
201400016122,1,7,0,0.0,2.0,0.0,4.0,Z01
201400016123,0,7,0,0.0,1.0,2.0,1.0,A01
201400016124,0,30,0,0.0,2.0,1.0,1.0,B01
201400016124,0,7,0,0.0,2.0,7.0,15.0,A01
201400016125,0,2,0,0.0,0.0,0.0,0.0,A01
201400016126,0,7,0,0.0,1.0,3.0,1.0,A01
201400016127,0,7,0,0.0,1.0,1.0,15.0,A01
201400016128,0,7,0,0.0,2.0,1.0,5.0,A01
201400016128,0,33,0,0.0,2.0,1.0,15.0,B01
201400016129,1,7,0,0.0,2.0,2.0,9.0,Z01
201400016129,0,7,0,0.0,2.0,3.0,1.0,B01
201400016130,0,2,0,12.0,0.0,1.0,1.0,A01
201400016131,0,7,0,0.0,1.0,2.0,1.0,A01
201400016132,0,7,0,0.0,2.0,3.0,9.0,A01
201400016132,0,34,0,0.0,2.0,2.0,1.0,B01
201400016133,0,2,0,0.0,2.0,8.0,1.0,A01
201400016133,0,7,0,0.0,2.0,7.0,2.0,B01
201400016134,0,7,0,0.0,2.0,2.0,1.0,B01
201400016134,0,2,0,0.0,2.0,8.0,15.0,A01
201400016135,0,1,0,0.0,2.0,0.0,0.0,A01
201400016135,1,7,0,0.0,0.0,0.0,0.0,Z01
201400016136,0,33,0,0.0,2.0,8.0,1.0,B01
201400016136,0,7,0,0.0,2.0,2.0,9.0,A01
201400016137,0,7,0,0.0,2.0,2.0,16.0,A01
201400016137,0,32,0,0.0,2.0,3.0,1.0,B01
201400016138,0,7,0,0.0,1.0,8.0,1.0,A01
201400016139,0,7,0,0.0,2.0,1.0,2.0,A01
201400016139,0,33,0,0.0,2.0,4.0,1.0,B01
201400016140,0,7,0,0.0,2.0,7.0,15.0,A01
201400016140,0,32,0,0.0,2.0,1.0,1.0,B01
201400016141,0,2,0,0.0,2.0,1.0,5.0,A01
201400016141,0,7,0,0.0,2.0,6.0,0.0,B01
201400016142,0,2,0,1.0,0.0,1.0,1.0,B01
201400016142,0,7,0,0.0,2.0,2.0,24.0,A01
201400016143,0,7,0,0.0,9.0,3.0,15.0,B01
201400016143,0,30,0,0.0,2.0,1.0,8.0,A01
201400016144,0,7,0,0.0,2.0,1.0,1.0,A01
201400016144,0,7,0,0.0,2.0,6.0,1.0,B01
201400016145,0,33,0,0.0,2.0,5.0,2.0,B01
201400016145,0,7,0,0.0,2.0,3.0,2.0,A01
201400016146,0,33,0,0.0,0.0,0.0,0.0,A01
201400016147,0,32,0,0.0,0.0,1.0,1.0,B01
201400016147,0,7,0,0.0,2.0,2.0,15.0,A01
201400016148,0,7,0,12.0,0.0,1.0,1.0,A01
201400016149,0,7,0,0.0,2.0,4.0,1.0,A01
201400016149,1,7,0,0.0,2.0,0.0,1.0,Z01
201400016149,0,7,0,0.0,2.0,4.0,1.0,B01
201400016150,0,7,0,0.0,2.0,3.0,1.0,B01
201400016150,0,7,0,0.0,2.0,5.0,14.0,A01
201400016151,0,7,0,0.0,2.0,1.0,19.0,A01
201400016151,0,7,0,0.0,2.0,2.0,1.0,B01
201400016152,1,7,0,0.0,1.0,0.0,1.0,Z01
201400016153,0,7,0,0.0,2.0,4.0,1.0,B01
201400016153,0,7,0,0.0,2.0,1.0,1.0,A01
201400016154,0,34,0,0.0,0.0,0.0,1.0,A01
201400016155,0,7,0,0.0,2.0,3.0,15.0,B01
201400016155,0,33,0,0.0,2.0,1.0,13.0,A01
201400016156,1,7,0,0.0,1.0,1.0,1.0,Z01
201400016157,1,7,0,0.0,2.0,0.0,1.0,Z01
201400016157,0,7,0,0.0,2.0,7.0,16.0,B01
201400016158,0,7,0,0.0,2.0,8.0,10.0,A01
201400016158,0,33,0,0.0,2.0,1.0,2.0,B01
201400016159,0,7,0,0.0,2.0,3.0,15.0,B01
201400016159,0,30,0,0.0,2.0,1.0,17.0,A01
201400016160,0,7,0,4.0,0.0,7.0,1.0,A01
201400016161,0,7,0,1.0,0.0,8.0,6.0,A01
201400016162,0,7,0,0.0,2.0,8.0,2.0,A01
201400016162,0,7,0,0.0,2.0,1.0,1.0,B01
201400016163,0,7,0,1.0,0.0,1.0,19.0,A01
201400016163,0,30,0,0.0,2.0,8.0,0.0,B01
201400016164,0,7,0,0.0,1.0,3.0,1.0,A01
201400016165,0,7,0,0.0,2.0,3.0,1.0,B01
201400016165,0,32,0,0.0,2.0,1.0,5.0,A01
201400016166,0,7,0,1.0,0.0,9.0,1.0,A01
201400016167,0,7,0,0.0,1.0,1.0,1.0,A01
201400016168,0,37,5,0.0,2.0,3.0,1.0,B01
201400016168,0,7,0,0.0,2.0,2.0,1.0,A01
201400016169,0,10,0,0.0,1.0,3.0,0.0,A01
201400016170,0,2,0,0.0,2.0,0.0,16.0,B01
201400016170,0,7,0,0.0,2.0,2.0,0.0,A01
201400016171,0,7,0,0.0,2.0,7.0,16.0,A01
201400016171,0,32,0,8.0,2.0,3.0,18.0,B01
201400016172,0,3,0,0.0,2.0,1.0,2.0,A01
201400016172,0,7,0,1.0,2.0,4.0,2.0,B01
201400016173,2,7,0,0.0,2.0,1.0,1.0,A01
201400016173,0,7,0,0.0,2.0,2.0,1.0,B01
201400016174,0,7,0,0.0,2.0,1.0,1.0,A01
201400016174,0,32,0,0.0,2.0,5.0,23.0,B01
201400016175,0,7,0,0.0,1.0,4.0,4.0,A01
201400016176,0,7,0,0.0,2.0,8.0,9.0,A01
201400016176,0,2,0,0.0,2.0,1.0,1.0,B01
201400016177,0,1,0,0.0,2.0,1.0,19.0,A01
201400016177,0,7,0,0.0,9.0,3.0,1.0,B01
201400016178,0,33,0,0.0,2.0,2.0,1.0,B01
201400016178,0,7,0,0.0,2.0,3.0,15.0,A01
201400016179,0,31,0,0.0,2.0,1.0,0.0,A01
201400016179,0,7,0,0.0,2.0,6.0,8.0,B01
201400016180,0,10,0,0.0,2.0,1.0,0.0,B01
201400016180,0,7,0,0.0,2.0,1.0,1.0,A01
201400016181,0,7,0,0.0,2.0,3.0,1.0,A01
201400016181,0,32,0,0.0,2.0,1.0,0.0,B01
201400016182,0,1,0,0.0,2.0,0.0,1.0,B01
201400016182,0,7,0,0.0,2.0,0.0,0.0,A01
201400016183,0,7,0,0.0,1.0,3.0,15.0,A01
201400016184,0,7,0,0.0,2.0,1.0,1.0,B01
201400016184,0,7,0,0.0,2.0,9.0,15.0,A01
201400016185,0,7,0,14.0,0.0,2.0,1.0,A01
201400016186,0,30,0,0.0,0.0,0.0,1.0,A01
201400016187,0,30,0,0.0,2.0,1.0,1.0,A01
201400016187,0,7,0,0.0,2.0,4.0,23.0,B01
201400016188,0,32,0,0.0,2.0,1.0,1.0,A01
201400016188,0,3,0,0.0,2.0,1.0,1.0,B01
201400016189,0,33,0,14.0,0.0,0.0,1.0,A01
201400016190,0,7,0,1.0,0.0,1.0,14.0,A01
201400016191,0,7,0,0.0,2.0,1.0,1.0,A01
201400016191,0,7,0,0.0,2.0,4.0,2.0,B01
201400016192,0,7,0,7.0,2.0,3.0,5.0,A01
201400016192,0,7,0,0.0,2.0,2.0,1.0,B01
201400016193,0,7,0,1.0,0.0,1.0,0.0,A01
201400016194,0,7,0,0.0,2.0,1.0,3.0,A01
201400016194,0,33,0,0.0,2.0,1.0,21.0,B01
201400016195,0,34,0,0.0,2.0,1.0,1.0,A01
201400016195,0,7,0,0.0,2.0,7.0,15.0,B01
201400016196,0,32,0,0.0,2.0,1.0,1.0,B01
201400016196,0,7,0,0.0,2.0,3.0,1.0,A01
201400016197,0,7,0,8.0,0.0,1.0,1.0,A01
201400016198,0,34,0,4.0,0.0,7.0,1.0,A01
201400016199,0,7,0,0.0,1.0,2.0,5.0,A01
201400016200,0,7,0,0.0,2.0,1.0,0.0,A01
201400016200,0,7,0,0.0,2.0,1.0,0.0,B01
201400016201,0,10,0,0.0,2.0,7.0,1.0,B01
201400016201,0,7,0,0.0,2.0,1.0,0.0,A01
201400016202,0,7,0,0.0,2.0,8.0,1.0,B01
201400016202,0,7,0,0.0,2.0,1.0,9.0,A01
201400016203,0,7,0,8.0,0.0,1.0,6.0,A01
201400016204,1,7,0,0.0,0.0,3.0,1.0,A01
201400016205,0,30,0,0.0,2.0,7.0,0.0,A01
201400016205,0,7,0,0.0,2.0,1.0,0.0,B01
201400016206,1,7,0,0.0,1.0,0.0,1.0,Z01
201400016207,0,7,0,0.0,2.0,8.0,11.0,B01
201400016207,0,7,0,0.0,2.0,9.0,0.0,A01
201400016208,0,7,0,0.0,2.0,3.0,1.0,B01
201400016208,0,10,0,0.0,2.0,3.0,13.0,A01
201400016209,0,7,0,0.0,2.0,2.0,15.0,A01
201400016209,0,33,0,0.0,2.0,3.0,1.0,B01
201400016210,0,7,0,0.0,2.0,3.0,21.0,A01
201400016210,0,7,0,0.0,2.0,8.0,21.0,B01
201400016210,0,7,0,0.0,2.0,8.0,0.0,C01
201400016211,0,7,0,0.0,1.0,2.0,1.0,A01
201400016212,0,7,0,0.0,2.0,1.0,1.0,B01
201400016212,0,7,0,0.0,2.0,4.0,4.0,A01
201400016213,0,7,0,0.0,2.0,4.0,2.0,B01
201400016213,0,7,0,0.0,2.0,1.0,2.0,A01
201400016214,0,32,0,0.0,0.0,7.0,17.0,A01
201400016215,0,7,0,0.0,2.0,1.0,1.0,A01
201400016215,0,7,0,0.0,2.0,3.0,1.0,B01
201400016216,0,10,0,0.0,2.0,3.0,3.0,A01
201400016216,0,7,0,0.0,2.0,3.0,3.0,B01
201400016217,0,7,0,1.0,0.0,2.0,1.0,A01
201400016218,0,32,0,0.0,1.0,8.0,1.0,A01
201400016219,0,30,0,0.0,2.0,1.0,2.0,B01
201400016219,0,7,0,0.0,9.0,8.0,10.0,A01
201400016220,0,32,0,0.0,2.0,1.0,1.0,B01
201400016220,0,32,0,0.0,2.0,1.0,1.0,A01
201400016221,0,7,0,0.0,2.0,0.0,0.0,A01
201400016221,0,33,0,0.0,2.0,0.0,0.0,B01
201400016222,1,30,0,0.0,1.0,0.0,1.0,Z01
201400016223,0,34,0,0.0,2.0,7.0,9.0,A01
201400016223,1,7,0,0.0,2.0,0.0,1.0,Z01
201400016224,0,7,0,0.0,2.0,7.0,15.0,A01
201400016224,0,33,0,0.0,2.0,3.0,1.0,B01
201400016225,0,7,0,0.0,2.0,4.0,2.0,B01
201400016225,1,7,0,0.0,2.0,1.0,2.0,Z01
201400016226,2,30,0,0.0,0.0,0.0,1.0,A01
201400016227,0,30,0,0.0,2.0,1.0,1.0,A01
201400016227,0,7,0,0.0,2.0,5.0,1.0,B01
201400016228,0,30,0,0.0,2.0,1.0,1.0,A01
201400016228,0,7,0,0.0,2.0,3.0,1.0,B01
201400016229,0,7,0,1.0,0.0,1.0,0.0,A01
201400016230,0,7,0,0.0,1.0,7.0,1.0,A01
201400016231,0,30,0,0.0,1.0,1.0,1.0,A01
201400016232,0,7,0,0.0,1.0,1.0,1.0,A01
201400016233,0,7,0,0.0,2.0,0.0,10.0,A01
201400016233,0,7,0,0.0,2.0,0.0,1.0,B01
201400016234,0,7,0,0.0,2.0,4.0,4.0,A01
201400016234,0,2,0,0.0,2.0,0.0,1.0,B01
201400016235,0,7,0,0.0,1.0,1.0,1.0,A01
201400016236,0,7,0,0.0,2.0,8.0,24.0,B01
201400016236,0,30,0,1.0,0.0,1.0,1.0,A01
201400016237,1,7,0,0.0,2.0,1.0,1.0,B01
201400016237,0,15,0,0.0,2.0,1.0,1.0,C01
201400016237,0,7,0,0.0,2.0,4.0,1.0,A01
201400016238,0,37,1,0.0,1.0,5.0,7.0,A01
201400016239,0,7,0,0.0,1.0,4.0,4.0,A01
201400016240,0,7,0,0.0,1.0,0.0,1.0,A01
201400016241,0,7,0,0.0,1.0,8.0,1.0,A01
201400016242,0,7,0,0.0,1.0,0.0,1.0,A01
201400016243,0,7,0,0.0,2.0,1.0,1.0,C01
201400016243,0,7,0,0.0,2.0,1.0,1.0,A01
201400016243,0,7,0,0.0,2.0,4.0,1.0,B01
201400016244,0,15,0,0.0,0.0,8.0,1.0,A01
201400016245,0,33,0,0.0,2.0,1.0,2.0,A01
201400016245,0,7,0,0.0,2.0,7.0,16.0,B01
201400016246,1,99,0,0.0,1.0,0.0,15.0,Z01
201400016247,0,7,0,0.0,2.0,1.0,2.0,A01
201400016247,0,7,0,0.0,2.0,4.0,2.0,B01
201400016248,0,30,0,0.0,5.0,8.0,1.0,A01
201400016249,0,7,0,0.0,1.0,1.0,1.0,A01
201400016250,0,7,0,0.0,0.0,0.0,0.0,A01
201400016251,0,7,0,0.0,2.0,4.0,2.0,B01
201400016251,0,7,0,0.0,2.0,4.0,2.0,C01
201400016251,0,7,0,0.0,2.0,1.0,2.0,A01
201400016251,0,7,0,0.0,2.0,4.0,2.0,D01
201400016252,0,14,0,0.0,2.0,1.0,2.0,A01
201400016252,0,7,0,0.0,0.0,4.0,2.0,B01
201400016253,0,7,0,9.0,2.0,2.0,1.0,B01
201400016253,0,7,0,0.0,2.0,3.0,11.0,A01
201400016254,0,7,0,0.0,2.0,1.0,13.0,A01
201400016254,0,7,0,0.0,2.0,1.0,1.0,B01
201400016255,0,7,0,0.0,2.0,8.0,1.0,B01
201400016255,0,10,0,0.0,2.0,2.0,16.0,A01
201400016256,0,7,0,0.0,2.0,8.0,12.0,A01
201400016256,0,10,0,0.0,2.0,3.0,11.0,B01
201400016257,0,7,0,12.0,2.0,1.0,1.0,B01
201400016257,0,7,0,12.0,2.0,1.0,13.0,A01
201400016258,0,33,0,0.0,2.0,8.0,13.0,A01
201400016258,0,7,0,0.0,2.0,8.0,17.0,B01
201400016259,0,7,0,0.0,2.0,1.0,13.0,A01
201400016259,0,7,0,0.0,2.0,8.0,1.0,B01
201400016260,1,7,0,0.0,1.0,0.0,15.0,Z01
201400016261,0,14,0,0.0,2.0,1.0,2.0,A01
201400016261,0,7,0,0.0,2.0,4.0,2.0,B01
201400016262,0,33,0,1.0,0.0,1.0,14.0,A01
201400016263,0,7,0,0.0,1.0,1.0,2.0,A01
201400016264,0,7,0,0.0,2.0,4.0,2.0,A01
201400016264,0,32,0,0.0,2.0,7.0,2.0,B01
201400016265,0,2,0,0.0,2.0,1.0,1.0,B01
201400016265,0,7,0,0.0,2.0,7.0,1.0,A01
201400016266,0,7,0,0.0,2.0,1.0,13.0,A01
201400016266,0,7,0,0.0,2.0,1.0,23.0,B01
201400016267,0,7,0,0.0,2.0,3.0,11.0,B01
201400016267,0,33,0,0.0,2.0,2.0,12.0,A01
201400016268,0,7,0,0.0,2.0,1.0,1.0,A01
201400016268,0,7,0,0.0,0.0,8.0,19.0,B01
201400016269,0,14,0,0.0,1.0,4.0,4.0,A01
201400016270,0,36,0,6.0,0.0,1.0,2.0,A01
201400016271,0,7,0,0.0,2.0,1.0,1.0,B01
201400016271,0,30,0,0.0,2.0,1.0,5.0,A01
201400016272,0,2,0,0.0,2.0,1.0,19.0,A01
201400016272,0,10,0,0.0,0.0,7.0,1.0,B01
201400016273,0,10,0,0.0,0.0,8.0,10.0,B01
201400016273,0,33,0,0.0,2.0,1.0,17.0,A01
201400016274,1,7,0,0.0,2.0,1.0,1.0,Z01
201400016274,0,7,0,0.0,2.0,3.0,19.0,A01
201400016275,0,7,0,0.0,2.0,1.0,13.0,A01
201400016275,0,7,0,0.0,2.0,1.0,1.0,C01
201400016275,0,7,0,0.0,2.0,1.0,1.0,B01
201400016276,0,7,0,0.0,1.0,1.0,15.0,A01
201400016277,0,33,0,0.0,2.0,1.0,1.0,B01
201400016277,0,7,0,0.0,2.0,3.0,15.0,A01
201400016278,0,7,0,0.0,0.0,3.0,15.0,A01
201400016278,0,33,0,0.0,2.0,0.0,0.0,B01
201400016279,0,7,0,0.0,2.0,1.0,5.0,A01
201400016279,0,7,0,0.0,2.0,1.0,1.0,B01
201400016280,0,14,0,0.0,2.0,2.0,21.0,B01
201400016280,0,7,0,0.0,2.0,1.0,1.0,C01
201400016280,0,7,0,4.0,2.0,2.0,13.0,A01
201400016281,0,10,0,0.0,2.0,4.0,2.0,E01
201400016281,0,10,0,0.0,2.0,4.0,2.0,D01
201400016281,0,17,0,0.0,2.0,4.0,2.0,B01
201400016281,0,10,0,0.0,2.0,4.0,2.0,C01
201400016281,0,10,0,0.0,2.0,1.0,2.0,A01
201400016282,0,7,0,0.0,0.0,4.0,23.0,B01
201400016282,0,33,0,0.0,2.0,1.0,1.0,A01
201400016283,0,7,0,0.0,2.0,1.0,9.0,A01
201400016283,1,7,0,0.0,2.0,1.0,1.0,B01
201400016284,0,34,0,0.0,2.0,1.0,1.0,B01
201400016284,0,7,0,0.0,2.0,1.0,15.0,A01
201400016285,0,7,0,0.0,1.0,2.0,1.0,A01
201400016286,0,7,0,0.0,2.0,2.0,1.0,B01
201400016286,0,7,0,0.0,2.0,3.0,9.0,A01
201400016287,0,7,0,0.0,1.0,2.0,2.0,A01
201400016288,0,7,0,0.0,2.0,1.0,0.0,A01
201400016288,0,7,0,0.0,2.0,2.0,2.0,B01
201400016289,0,7,0,0.0,1.0,1.0,1.0,A01
201400016290,0,7,0,0.0,0.0,1.0,1.0,A01
201400016291,0,7,0,2.0,0.0,9.0,2.0,A01
201400016292,0,7,0,4.0,0.0,5.0,13.0,A01