Num_Acc,senc,catv,occutc,obs,obsm,choc,manv,num_veh
201400016293,0,7,0,0.0,2.0,0.0,2.0,B01
201400016293,0,7,0,0.0,2.0,4.0,2.0,C01
201400016293,0,7,0,0.0,2.0,1.0,2.0,A01
201400016294,0,2,0,0.0,0.0,5.0,1.0,B01
201400016294,0,7,0,0.0,2.0,1.0,1.0,A01
201400016295,0,7,0,1.0,1.0,1.0,0.0,A01
201400016296,0,30,0,0.0,2.0,7.0,15.0,A01
201400016296,0,7,0,0.0,2.0,1.0,1.0,B01
201400016297,0,10,0,0.0,2.0,4.0,2.0,C01
201400016297,0,10,0,0.0,2.0,1.0,2.0,A01
201400016297,0,7,0,0.0,2.0,4.0,2.0,B01
201400016298,0,7,0,0.0,2.0,4.0,2.0,D01
201400016298,0,7,0,0.0,2.0,4.0,2.0,B01
201400016298,0,7,0,0.0,2.0,1.0,2.0,A01
201400016298,0,7,0,0.0,2.0,4.0,2.0,C01
201400016299,0,7,0,0.0,0.0,4.0,23.0,B01
201400016299,2,7,0,0.0,2.0,1.0,1.0,A01
201400016300,0,7,0,0.0,2.0,8.0,15.0,A01
201400016300,0,32,0,0.0,2.0,1.0,17.0,B01
201400016301,0,7,0,0.0,2.0,2.0,1.0,B01
201400016301,0,7,0,0.0,2.0,1.0,1.0,A01
201400016302,0,7,0,0.0,0.0,4.0,23.0,B01
201400016302,0,7,0,0.0,2.0,1.0,1.0,A01
201400016303,0,7,0,0.0,1.0,1.0,2.0,A01
201400016304,0,7,0,0.0,2.0,1.0,13.0,A01
201400016304,0,7,0,0.0,2.0,1.0,1.0,B01
201400016305,0,33,0,9.0,2.0,1.0,21.0,A01
201400016305,0,7,0,0.0,0.0,6.0,23.0,B01
201400016306,0,7,0,0.0,2.0,1.0,2.0,A01
201400016306,0,7,0,0.0,0.0,4.0,23.0,B01
201400016307,0,7,0,0.0,2.0,1.0,2.0,A01
201400016307,0,10,0,0.0,0.0,4.0,23.0,B01
201400016308,0,7,0,6.0,0.0,1.0,15.0,A01
201400016309,0,7,0,0.0,2.0,1.0,1.0,B01
201400016309,0,7,0,0.0,2.0,8.0,15.0,A01
201400016310,0,10,0,0.0,2.0,1.0,1.0,C01
201400016310,0,10,0,0.0,2.0,1.0,14.0,A01
201400016310,0,7,0,0.0,2.0,4.0,1.0,B01
201400016311,0,2,0,0.0,2.0,1.0,1.0,B01
201400016311,0,7,0,0.0,2.0,4.0,2.0,A01
201400016312,0,2,0,0.0,0.0,7.0,0.0,A01
201400016313,1,7,0,0.0,2.0,1.0,2.0,A01
201400016313,0,10,0,0.0,0.0,5.0,1.0,B01
201400016314,0,7,0,0.0,1.0,1.0,1.0,A01
201400016315,0,13,0,0.0,1.0,2.0,1.0,A01
201400016316,0,13,0,0.0,2.0,6.0,15.0,A01
201400016316,0,33,0,0.0,2.0,0.0,0.0,B01
201400016317,0,7,0,0.0,2.0,3.0,15.0,A01
201400016317,0,7,0,0.0,2.0,1.0,1.0,B01
201400016318,0,33,0,0.0,2.0,7.0,1.0,B01
201400016318,0,7,0,0.0,2.0,1.0,9.0,A01
201400016319,0,7,0,0.0,2.0,1.0,15.0,A01
201400016319,0,33,0,0.0,2.0,7.0,0.0,B01
201400016320,0,7,0,2.0,0.0,1.0,0.0,A01
201400016321,0,7,0,0.0,2.0,2.0,2.0,A01
201400016321,0,1,0,0.0,2.0,3.0,10.0,B01
201400016322,0,7,0,2.0,0.0,1.0,0.0,A01
201400016323,0,7,0,0.0,1.0,1.0,4.0,A01
201400016324,0,7,0,2.0,0.0,2.0,14.0,A01
201400016325,0,7,0,0.0,2.0,2.0,16.0,A01
201400016325,0,1,0,0.0,2.0,8.0,1.0,B01
201400016326,0,7,0,13.0,2.0,1.0,0.0,B01
201400016326,0,7,0,0.0,2.0,1.0,0.0,A01
201400016327,0,7,0,14.0,2.0,4.0,23.0,B01
201400016327,0,7,0,0.0,2.0,4.0,23.0,A01
201400016327,0,7,0,14.0,0.0,1.0,2.0,C01
201400016328,0,7,0,0.0,1.0,2.0,0.0,A01
201400016329,0,33,0,2.0,0.0,1.0,0.0,A01
201400016330,0,7,0,0.0,0.0,3.0,0.0,B01
201400016330,0,7,0,1.0,0.0,2.0,0.0,A01
201400016331,0,7,0,13.0,0.0,3.0,0.0,A01
201400016332,0,7,0,0.0,2.0,1.0,0.0,A01
201400016332,0,7,0,0.0,0.0,4.0,0.0,B01
201400016333,0,7,0,0.0,1.0,3.0,0.0,A01
201400016334,0,10,0,0.0,2.0,1.0,1.0,B01
201400016334,0,10,0,0.0,2.0,6.0,1.0,A01
201400016335,0,7,0,0.0,2.0,7.0,14.0,A01
201400016335,0,30,0,0.0,2.0,8.0,2.0,B01
201400016336,0,7,0,1.0,0.0,9.0,0.0,A01
201400016337,0,7,0,0.0,2.0,3.0,15.0,A01
201400016337,0,7,0,0.0,2.0,1.0,0.0,B01
201400016338,0,7,0,0.0,1.0,6.0,4.0,A01
201400016339,0,7,0,0.0,0.0,0.0,1.0,B01
201400016339,0,7,0,0.0,0.0,0.0,0.0,A01
201400016340,0,7,0,0.0,0.0,3.0,1.0,B01
201400016340,0,7,0,0.0,0.0,3.0,1.0,A01
201400016341,0,7,0,0.0,2.0,3.0,15.0,A01
201400016341,0,2,0,0.0,2.0,1.0,1.0,B01
201400016342,0,7,0,0.0,0.0,0.0,1.0,A01
201400016343,0,7,0,0.0,1.0,2.0,1.0,A01
201400016344,0,7,0,0.0,0.0,0.0,0.0,A01
201400016345,0,7,0,8.0,0.0,9.0,1.0,A01
201400016346,0,7,0,0.0,2.0,5.0,16.0,A01
201400016346,0,30,0,0.0,2.0,7.0,1.0,B01
201400016347,0,7,0,0.0,0.0,7.0,1.0,A01
201400016348,0,7,0,0.0,0.0,0.0,0.0,A01
201400016349,1,7,0,0.0,1.0,0.0,1.0,Z01
201400016350,0,7,0,0.0,2.0,1.0,1.0,A01
201400016350,0,17,0,0.0,4.0,1.0,1.0,B01
201400016351,0,7,0,0.0,1.0,6.0,4.0,A01
201400016352,0,17,0,0.0,0.0,0.0,1.0,A01
201400016353,0,33,0,1.0,0.0,1.0,1.0,A01
201400016353,0,7,0,0.0,0.0,8.0,24.0,B01
201400016353,0,7,0,0.0,0.0,8.0,24.0,C01
201400016354,0,7,0,0.0,0.0,7.0,15.0,A01
201400016354,0,7,0,0.0,2.0,2.0,1.0,B01
201400016355,0,30,0,0.0,0.0,1.0,1.0,A01
201400016355,0,7,0,0.0,0.0,8.0,1.0,B01
201400016356,0,7,0,13.0,0.0,1.0,1.0,A01
201400016357,0,7,0,0.0,2.0,3.0,1.0,C01
201400016357,0,7,0,0.0,2.0,3.0,1.0,B01
201400016357,0,7,0,0.0,2.0,1.0,1.0,A01
201400016358,0,7,0,0.0,6.0,1.0,0.0,A01
201400016359,0,7,0,0.0,0.0,0.0,1.0,A01
201400016360,0,33,0,0.0,0.0,7.0,1.0,A01
201400016360,0,7,0,0.0,0.0,3.0,23.0,B01
201400016361,0,7,0,0.0,0.0,0.0,0.0,A01
201400016361,0,7,0,0.0,0.0,0.0,0.0,B01
201400016362,0,2,0,0.0,0.0,0.0,0.0,A01
201400016363,0,33,0,0.0,0.0,1.0,1.0,A01
201400016364,0,7,0,1.0,0.0,7.0,17.0,B01
201400016365,0,7,0,0.0,0.0,3.0,1.0,B01
201400016365,0,7,0,0.0,0.0,1.0,15.0,A01
201400016366,0,30,0,0.0,0.0,0.0,1.0,A01
201400016367,0,7,0,0.0,2.0,0.0,1.0,B01
201400016367,0,1,0,0.0,0.0,0.0,1.0,A01
201400016368,0,7,0,0.0,0.0,4.0,1.0,B01
201400016368,1,7,0,0.0,2.0,2.0,0.0,Z01
201400016369,0,7,0,0.0,5.0,2.0,1.0,A01
201400016370,0,7,0,0.0,0.0,4.0,1.0,B01
201400016370,0,7,0,0.0,2.0,1.0,1.0,A01
201400016371,0,7,0,0.0,0.0,0.0,0.0,A01
201400016372,0,36,0,0.0,0.0,1.0,1.0,A01
201400016373,0,7,0,0.0,0.0,3.0,1.0,A01
201400016374,0,7,0,0.0,2.0,7.0,1.0,A01
201400016374,0,7,0,0.0,2.0,1.0,16.0,B01
201400016375,0,7,0,0.0,2.0,1.0,1.0,B01
201400016375,0,7,0,0.0,2.0,1.0,1.0,A01
201400016376,0,7,0,0.0,2.0,3.0,1.0,B01
201400016376,0,7,0,0.0,2.0,3.0,15.0,A01
201400016377,0,7,0,0.0,2.0,3.0,1.0,B01
201400016377,0,21,0,0.0,2.0,2.0,16.0,A01
201400016378,1,7,0,0.0,2.0,1.0,1.0,Z01
201400016378,0,7,0,0.0,0.0,4.0,1.0,A01
201400016379,0,20,0,0.0,2.0,3.0,1.0,B01
201400016379,1,13,0,0.0,2.0,6.0,1.0,Z01
201400016379,0,7,0,0.0,2.0,3.0,1.0,A01
201400016380,0,33,0,0.0,0.0,4.0,1.0,B01
201400016380,0,33,0,0.0,0.0,4.0,1.0,C01
201400016380,0,7,0,0.0,2.0,1.0,1.0,A01
201400016381,0,30,0,0.0,0.0,0.0,1.0,A01
201400016382,0,7,0,0.0,0.0,0.0,1.0,A01
201400016382,0,7,0,0.0,9.0,3.0,1.0,B01
201400016383,0,21,0,13.0,0.0,0.0,1.0,A01
201400016384,0,7,0,0.0,0.0,0.0,1.0,A01
201400016385,0,7,0,0.0,0.0,0.0,1.0,A01
201400016386,0,7,0,0.0,0.0,1.0,1.0,A01
201400016387,0,7,0,0.0,2.0,1.0,1.0,A01
201400016387,0,7,0,0.0,0.0,4.0,1.0,B01
201400016388,0,2,0,0.0,0.0,0.0,1.0,A01
201400016389,0,7,0,0.0,0.0,4.0,1.0,C01
201400016389,0,7,0,0.0,0.0,4.0,1.0,B01
201400016389,0,7,0,0.0,2.0,1.0,1.0,A01
201400016390,0,99,0,0.0,0.0,8.0,1.0,B01
201400016390,0,7,0,0.0,9.0,7.0,1.0,A01
201400016391,0,7,0,0.0,0.0,7.0,1.0,B01
201400016391,0,7,0,0.0,2.0,3.0,1.0,A01
201400016392,0,7,0,0.0,0.0,0.0,1.0,A01
201400016393,0,7,0,0.0,0.0,0.0,1.0,A01
201400016394,0,7,0,0.0,0.0,0.0,1.0,A01
201400016395,0,15,0,0.0,0.0,8.0,0.0,A01
201400016396,0,7,0,0.0,2.0,1.0,1.0,B01
201400016396,0,7,0,0.0,2.0,1.0,17.0,A01
201400016396,0,7,0,0.0,2.0,1.0,1.0,C01
201400016397,0,7,0,0.0,0.0,6.0,1.0,A01
201400016397,0,7,0,0.0,2.0,1.0,1.0,B01
201400016398,0,7,0,0.0,0.0,4.0,15.0,B01
201400016398,0,7,0,0.0,2.0,1.0,1.0,A01
201400016399,0,7,0,0.0,0.0,8.0,15.0,A01
201400016399,0,7,0,0.0,2.0,1.0,1.0,B01
201400016400,0,7,0,0.0,2.0,1.0,1.0,B01
201400016400,0,7,0,0.0,0.0,2.0,15.0,A01
201400016401,0,7,0,0.0,2.0,1.0,1.0,A01
201400016401,0,7,0,0.0,0.0,4.0,1.0,C01
201400016401,0,7,0,0.0,2.0,4.0,1.0,B01
201400016402,0,7,0,0.0,2.0,2.0,15.0,A01
201400016402,0,7,0,0.0,2.0,2.0,1.0,B01
201400016403,0,7,0,0.0,0.0,0.0,1.0,A01
201400016404,0,1,0,0.0,2.0,1.0,1.0,Y01
201400016404,0,7,0,0.0,2.0,7.0,1.0,A01
201400016405,0,7,0,0.0,2.0,3.0,0.0,A01
201400016405,0,30,0,0.0,2.0,3.0,1.0,B01
201400016406,0,7,0,0.0,0.0,4.0,1.0,B01
201400016406,0,30,0,0.0,2.0,1.0,1.0,A01
201400016407,0,7,0,0.0,0.0,7.0,1.0,A01
201400016407,0,7,0,0.0,2.0,1.0,1.0,B01
201400016408,0,7,0,0.0,2.0,1.0,1.0,B01
201400016408,0,2,0,0.0,2.0,1.0,1.0,A01
201400016409,0,7,0,0.0,2.0,0.0,16.0,A01
201400016409,0,1,0,0.0,0.0,0.0,0.0,Y01
201400016410,0,31,0,0.0,0.0,0.0,0.0,A01
201400016411,0,7,0,0.0,2.0,4.0,1.0,C01
201400016411,0,7,0,0.0,2.0,4.0,1.0,B01
201400016411,0,7,0,0.0,2.0,1.0,1.0,A01
201400016412,0,30,0,0.0,2.0,1.0,1.0,A01
201400016412,0,7,0,0.0,0.0,4.0,15.0,B01
201400016413,0,7,0,0.0,0.0,0.0,1.0,A01
201400016414,0,33,0,0.0,0.0,1.0,1.0,A01
201400016415,0,14,0,0.0,0.0,3.0,15.0,B01
201400016415,0,33,0,0.0,2.0,7.0,17.0,A01
201400016416,0,7,0,0.0,2.0,1.0,1.0,C01
201400016416,0,7,0,0.0,2.0,4.0,1.0,B01
201400016416,0,7,0,0.0,0.0,0.0,15.0,A01
201400016417,0,13,0,0.0,2.0,1.0,1.0,A01
201400016417,0,7,0,0.0,0.0,4.0,1.0,B01
201400016418,0,7,0,0.0,2.0,1.0,1.0,A01
201400016418,0,2,0,0.0,0.0,4.0,0.0,B01
201400016419,0,7,0,0.0,1.0,0.0,1.0,A01
201400016420,0,7,0,0.0,0.0,0.0,1.0,A01
201400016421,0,7,0,0.0,1.0,7.0,1.0,A01
201400016422,0,31,0,0.0,0.0,0.0,1.0,B01
201400016422,0,31,0,0.0,0.0,0.0,1.0,A01
201400016423,0,7,0,0.0,0.0,0.0,1.0,A01
201400016424,0,7,0,0.0,0.0,1.0,1.0,A01
201400016425,0,7,0,0.0,0.0,0.0,1.0,A01
201400016426,0,7,0,0.0,0.0,4.0,1.0,C01
201400016426,0,7,0,0.0,2.0,1.0,1.0,A01
201400016426,0,7,0,0.0,0.0,1.0,1.0,B01
201400016427,0,7,0,1.0,0.0,1.0,1.0,A01
201400016428,0,7,0,0.0,0.0,0.0,1.0,A01
201400016429,0,7,0,0.0,2.0,1.0,1.0,B01
201400016429,0,7,0,0.0,0.0,7.0,15.0,A01
201400016430,0,7,0,0.0,1.0,0.0,1.0,A01
201400016431,0,7,0,0.0,0.0,1.0,1.0,A01
201400016432,0,30,0,0.0,1.0,0.0,1.0,Z01
201400016433,0,7,0,0.0,6.0,1.0,1.0,A01
201400016434,0,7,0,0.0,1.0,8.0,0.0,A01
201400016435,0,7,0,0.0,2.0,1.0,1.0,A01
201400016435,0,7,0,0.0,2.0,1.0,1.0,B01
201400016436,0,7,0,0.0,2.0,4.0,1.0,C01
201400016436,0,7,0,0.0,2.0,1.0,1.0,A01
201400016436,0,7,0,0.0,0.0,4.0,1.0,B01
201400016437,0,7,0,0.0,0.0,1.0,1.0,B01
201400016437,0,7,0,0.0,0.0,1.0,1.0,A01
201400016438,0,7,0,0.0,0.0,4.0,4.0,A01
201400016438,0,7,0,0.0,2.0,1.0,1.0,B01
201400016439,0,7,0,0.0,0.0,8.0,15.0,B01
201400016439,0,7,0,0.0,2.0,1.0,17.0,A01
201400016440,0,7,0,0.0,0.0,0.0,1.0,A01
201400016441,0,10,0,0.0,1.0,2.0,1.0,A01
201400016442,0,13,0,0.0,0.0,2.0,1.0,A01
201400016443,1,7,0,0.0,0.0,0.0,0.0,Z01
201400016443,0,7,0,0.0,2.0,2.0,1.0,A01
201400016444,0,7,0,0.0,6.0,1.0,1.0,A01
201400016445,0,7,0,0.0,2.0,1.0,1.0,A01
201400016445,0,7,0,0.0,2.0,1.0,1.0,B01
201400016446,0,7,0,0.0,0.0,2.0,1.0,A01
201400016447,0,7,0,0.0,2.0,2.0,0.0,A01
201400016447,0,7,0,0.0,0.0,3.0,1.0,B01
201400016448,0,7,0,8.0,0.0,2.0,14.0,A01
201400016449,0,7,0,0.0,2.0,1.0,2.0,A01
201400016449,0,7,0,0.0,0.0,4.0,1.0,B01
201400016450,0,38,1,0.0,1.0,2.0,11.0,A01
201400016451,0,7,0,0.0,0.0,3.0,0.0,A01
201400016451,0,7,0,1.0,2.0,2.0,2.0,B01
201400016451,0,7,0,0.0,2.0,3.0,0.0,C01
201400016452,0,7,0,0.0,0.0,3.0,0.0,B01
201400016452,0,7,0,0.0,0.0,2.0,1.0,A01
201400016453,0,7,0,1.0,0.0,1.0,1.0,A01
201400016453,0,15,0,0.0,2.0,4.0,24.0,B01
201400016454,0,7,0,0.0,1.0,2.0,1.0,A01
201400016455,0,13,0,0.0,2.0,4.0,0.0,D01
201400016455,0,7,0,0.0,2.0,3.0,0.0,A01
201400016455,0,13,0,0.0,2.0,4.0,1.0,B01
201400016455,0,7,0,0.0,2.0,4.0,0.0,C01
201400016456,0,7,0,0.0,2.0,8.0,10.0,A01
201400016456,0,33,0,0.0,2.0,1.0,1.0,B01
201400016457,0,7,0,8.0,2.0,7.0,1.0,B01
201400016457,0,7,0,0.0,2.0,1.0,1.0,A01
201400016458,0,7,0,9.0,2.0,5.0,15.0,A01
201400016458,0,7,0,9.0,2.0,1.0,1.0,B01
201400016459,0,7,0,0.0,2.0,2.0,0.0,A01
201400016459,0,7,0,0.0,2.0,2.0,1.0,B01
201400016460,0,7,0,13.0,0.0,1.0,1.0,A01
201400016461,0,7,0,12.0,0.0,3.0,1.0,A01
201400016462,0,14,0,1.0,0.0,6.0,1.0,A01
201400016462,0,7,0,0.0,2.0,6.0,24.0,B01
201400016463,0,14,0,0.0,2.0,4.0,4.0,A01
201400016463,0,7,0,0.0,2.0,1.0,23.0,B01
201400016464,0,33,0,0.0,2.0,2.0,17.0,A01
201400016465,0,7,0,8.0,0.0,2.0,1.0,A01
201400016466,0,7,0,0.0,2.0,3.0,9.0,A01
201400016466,0,7,0,0.0,2.0,2.0,1.0,B01
201400016467,0,7,0,0.0,2.0,2.0,2.0,A01
201400016467,0,7,0,0.0,2.0,6.0,2.0,B01
201400016468,0,33,0,0.0,2.0,1.0,1.0,B01
201400016468,0,7,0,0.0,2.0,8.0,19.0,A01
201400016469,0,7,0,0.0,2.0,1.0,1.0,B01
201400016469,0,7,0,0.0,2.0,3.0,16.0,A01
201400016470,0,7,0,4.0,0.0,1.0,1.0,A01
201400016471,0,33,0,0.0,0.0,1.0,16.0,A01
201400016472,0,7,0,13.0,0.0,1.0,2.0,A01
201400016473,0,7,0,12.0,0.0,3.0,6.0,A01
201400016474,0,7,0,0.0,2.0,1.0,2.0,A01
201400016474,0,7,0,0.0,2.0,4.0,1.0,B01
201400016475,0,10,0,0.0,2.0,1.0,2.0,A01
201400016475,1,7,0,0.0,2.0,4.0,2.0,B01
201400016476,0,10,0,0.0,2.0,1.0,2.0,A01
201400016476,0,7,0,0.0,2.0,4.0,2.0,B01
201400016477,0,7,0,0.0,2.0,1.0,2.0,A01
201400016477,0,7,0,0.0,2.0,4.0,2.0,B01
201400016478,0,7,0,0.0,0.0,2.0,14.0,A01
201400016479,0,7,0,13.0,2.0,5.0,13.0,A01
201400016479,0,7,0,0.0,2.0,1.0,1.0,B01
201400016480,2,7,0,4.0,0.0,9.0,6.0,A01
201400016481,0,7,0,0.0,0.0,9.0,1.0,A01
201400016482,0,7,0,0.0,1.0,0.0,4.0,A01
201400016483,0,7,0,0.0,2.0,8.0,1.0,B01
201400016483,0,10,0,0.0,2.0,3.0,5.0,A01
201400016484,0,7,0,13.0,0.0,1.0,17.0,A01
201400016484,0,7,0,0.0,0.0,0.0,1.0,C01
201400016484,0,7,0,0.0,0.0,0.0,2.0,B01
201400016485,0,7,0,0.0,2.0,3.0,1.0,A01
201400016485,0,7,0,0.0,2.0,4.0,1.0,B01
201400016485,0,7,0,0.0,0.0,4.0,1.0,C01
201400016486,0,30,0,0.0,0.0,0.0,17.0,A01
201400016487,0,2,0,7.0,0.0,1.0,2.0,A01
201400016488,0,17,0,0.0,2.0,4.0,2.0,B01
201400016488,0,7,0,0.0,2.0,1.0,2.0,A01
201400016489,0,33,0,0.0,2.0,1.0,2.0,B01
201400016489,0,7,0,0.0,2.0,6.0,13.0,A01
201400016490,0,7,0,0.0,0.0,4.0,23.0,C01
201400016490,0,7,0,0.0,2.0,1.0,2.0,A01
201400016490,0,7,0,0.0,2.0,4.0,23.0,B01
201400016491,0,7,0,0.0,2.0,6.0,11.0,B01
201400016491,0,33,0,0.0,2.0,1.0,17.0,A01
201400016492,0,7,0,0.0,2.0,7.0,1.0,B01
201400016492,0,7,0,0.0,2.0,1.0,19.0,A01
201400016493,0,7,0,0.0,2.0,1.0,2.0,A01
201400016493,0,7,0,0.0,2.0,4.0,2.0,B01
201400016493,0,7,0,0.0,2.0,4.0,2.0,C01
201400016494,0,7,0,13.0,0.0,9.0,0.0,A01
201400016495,0,7,0,0.0,2.0,4.0,2.0,C01
201400016495,0,7,0,0.0,2.0,4.0,2.0,B01
201400016495,0,7,0,0.0,2.0,1.0,2.0,A01
201400016496,0,33,0,0.0,2.0,1.0,5.0,B01
201400016496,0,7,0,0.0,2.0,1.0,19.0,A01
201400016497,0,7,0,0.0,2.0,1.0,0.0,A01
201400016497,0,7,0,0.0,2.0,1.0,0.0,B01
201400016498,0,7,0,0.0,2.0,1.0,13.0,A01
201400016498,0,7,0,0.0,2.0,2.0,21.0,B01
201400016498,0,7,0,0.0,2.0,3.0,1.0,C01
201400016499,0,7,0,0.0,2.0,8.0,11.0,B01
201400016499,0,7,0,0.0,2.0,1.0,2.0,A01
201400016500,0,7,0,0.0,2.0,1.0,2.0,A01
201400016500,0,7,0,0.0,2.0,4.0,2.0,B01
201400016500,0,7,0,0.0,2.0,4.0,2.0,D01
201400016500,0,7,0,0.0,2.0,4.0,2.0,C01
201400016501,0,7,0,4.0,2.0,8.0,1.0,B01
201400016501,0,14,0,0.0,2.0,7.0,0.0,A01
201400016502,0,7,0,1.0,1.0,1.0,2.0,A01
201400016503,0,7,0,0.0,1.0,2.0,2.0,A01
201400016504,0,7,0,0.0,0.0,4.0,23.0,B01
201400016504,0,1,0,0.0,2.0,1.0,1.0,A01
201400016505,0,7,0,0.0,2.0,5.0,16.0,B01
201400016505,0,7,0,0.0,2.0,1.0,2.0,A01
201400016506,0,7,0,0.0,2.0,4.0,2.0,C01
201400016506,0,7,0,0.0,2.0,4.0,2.0,B01
201400016506,0,7,0,0.0,2.0,1.0,2.0,A01
201400016507,0,7,0,0.0,2.0,2.0,16.0,B01
201400016507,0,33,0,0.0,2.0,1.0,18.0,A01
201400016508,0,7,0,0.0,2.0,4.0,2.0,B01
201400016508,0,7,0,0.0,2.0,2.0,2.0,A01
201400016509,0,7,0,0.0,1.0,0.0,0.0,A01
201400016510,0,15,0,0.0,0.0,0.0,13.0,A01
201400016511,0,7,0,0.0,2.0,6.0,1.0,B01
201400016511,0,7,0,0.0,2.0,5.0,1.0,C01
201400016511,0,7,0,0.0,2.0,2.0,21.0,A01
201400016512,0,7,0,0.0,2.0,7.0,15.0,A01
201400016512,0,10,0,0.0,2.0,2.0,1.0,B01
201400016513,0,13,0,0.0,1.0,1.0,16.0,A01
201400016514,0,1,0,1.0,0.0,1.0,1.0,A01
201400016514,0,7,0,0.0,0.0,5.0,23.0,B01
201400016515,0,7,0,0.0,0.0,9.0,2.0,A01
201400016516,0,32,0,0.0,5.0,2.0,1.0,A01
201400016517,0,7,0,0.0,2.0,2.0,2.0,B01
201400016517,0,7,0,0.0,2.0,8.0,9.0,A01
201400016518,0,7,0,15.0,0.0,1.0,1.0,A01
201400016519,0,7,0,15.0,0.0,5.0,13.0,A01
201400016520,0,7,0,0.0,2.0,5.0,1.0,B01
201400016520,0,7,0,0.0,2.0,2.0,9.0,A01
201400016521,0,7,0,0.0,2.0,1.0,2.0,A01
201400016521,0,7,0,0.0,0.0,4.0,0.0,B01
201400016522,0,7,0,0.0,2.0,7.0,2.0,A01
201400016522,0,7,0,0.0,2.0,8.0,2.0,B01
201400016523,0,7,0,0.0,2.0,7.0,15.0,A01
201400016523,0,33,0,0.0,2.0,1.0,1.0,B01
201400016524,0,10,0,1.0,0.0,1.0,2.0,A01
201400016525,0,32,0,14.0,0.0,1.0,0.0,A01
201400016526,0,30,0,0.0,0.0,1.0,1.0,A01
201400016527,0,33,0,0.0,0.0,0.0,0.0,A01
201400016528,0,7,0,0.0,0.0,7.0,1.0,A01
201400016528,0,7,0,0.0,0.0,1.0,1.0,B01
201400016529,0,7,0,0.0,2.0,1.0,11.0,A01
201400016529,0,7,0,0.0,2.0,1.0,1.0,B01
201400016529,0,7,0,0.0,2.0,2.0,21.0,C01
201400016530,0,7,0,0.0,2.0,8.0,15.0,B01
201400016530,0,30,0,0.0,2.0,1.0,17.0,A01
201400016531,0,31,0,0.0,0.0,1.0,0.0,A01
201400016531,0,7,0,0.0,0.0,8.0,1.0,B01
201400016532,0,7,0,0.0,2.0,4.0,2.0,B01
201400016532,0,7,0,0.0,2.0,1.0,2.0,A01
201400016533,0,7,0,0.0,0.0,3.0,0.0,B01
201400016533,0,7,0,0.0,0.0,2.0,0.0,A01
201400016534,0,7,0,0.0,2.0,8.0,1.0,B01
201400016534,0,7,0,0.0,2.0,2.0,9.0,A01
201400016535,2,7,0,1.0,1.0,2.0,1.0,A01
201400016535,0,7,0,0.0,0.0,6.0,24.0,C01
201400016536,0,30,0,0.0,0.0,1.0,1.0,A01
201400016537,0,33,0,0.0,2.0,8.0,0.0,B01
201400016537,0,7,0,0.0,2.0,3.0,15.0,A01
201400016538,0,7,0,0.0,1.0,1.0,0.0,A01
201400016539,0,7,0,0.0,2.0,1.0,1.0,A01
201400016539,0,7,0,0.0,0.0,4.0,1.0,B01
201400016540,0,7,0,0.0,1.0,6.0,15.0,A01
201400016541,0,7,0,0.0,2.0,7.0,1.0,B01
201400016541,0,34,0,0.0,2.0,3.0,18.0,A01
201400016542,0,7,0,0.0,2.0,1.0,1.0,B01
201400016542,0,7,0,0.0,2.0,8.0,15.0,A01
201400016543,0,7,0,4.0,0.0,2.0,1.0,A01
201400016544,0,7,0,8.0,0.0,2.0,14.0,A01
201400016545,0,7,0,0.0,2.0,1.0,5.0,A01
201400016545,0,7,0,0.0,2.0,1.0,1.0,B01
201400016546,0,7,0,0.0,0.0,6.0,2.0,B01
201400016546,0,33,0,0.0,2.0,1.0,2.0,A01
201400016547,0,7,0,10.0,2.0,1.0,1.0,A01
201400016547,0,7,0,10.0,0.0,8.0,1.0,B01
201400016548,0,7,0,0.0,2.0,4.0,2.0,B01
201400016548,0,7,0,0.0,2.0,1.0,2.0,A01
201400016548,0,7,0,0.0,2.0,4.0,1.0,C01
201400016549,0,7,0,0.0,2.0,1.0,13.0,A01
201400016549,0,7,0,0.0,2.0,1.0,1.0,B01
201400016550,0,7,0,0.0,0.0,0.0,4.0,A01
201400016550,0,7,0,0.0,0.0,0.0,24.0,B01
201400016551,0,7,0,0.0,0.0,4.0,2.0,B01
201400016551,0,7,0,0.0,0.0,1.0,2.0,A01
201400016552,0,7,0,0.0,2.0,8.0,15.0,B01
201400016552,0,33,0,0.0,2.0,1.0,17.0,A01
201400016553,0,7,0,0.0,2.0,6.0,19.0,A01
201400016553,0,32,0,0.0,2.0,1.0,1.0,B01
201400016554,0,7,0,0.0,1.0,1.0,9.0,A01
201400016555,0,7,0,0.0,2.0,1.0,1.0,A01
201400016555,0,7,0,0.0,2.0,4.0,1.0,B01
201400016556,0,7,0,0.0,2.0,8.0,1.0,A01
201400016556,0,7,0,0.0,2.0,8.0,1.0,B01
201400016557,0,7,0,3.0,2.0,1.0,11.0,A01
201400016558,0,7,0,3.0,0.0,1.0,1.0,A01
201400016559,0,7,0,2.0,0.0,1.0,0.0,A01
201400016560,0,7,0,0.0,2.0,1.0,1.0,A01
201400016560,0,10,0,0.0,2.0,4.0,1.0,B01
201400016561,0,7,0,0.0,2.0,1.0,2.0,A01
201400016561,0,7,0,0.0,2.0,2.0,2.0,B01
201400016561,0,7,0,0.0,2.0,4.0,1.0,C01
201400016562,0,7,0,0.0,2.0,5.0,16.0,A01
201400016562,0,30,0,0.0,2.0,8.0,0.0,B01
201400016563,0,33,0,3.0,0.0,8.0,1.0,A01
201400016564,0,30,0,0.0,2.0,0.0,17.0,A01