Num_Acc,senc,catv,occutc,obs,obsm,choc,manv,num_veh
201400016564,0,7,0,0.0,2.0,6.0,15.0,B01
201400016565,0,2,0,0.0,0.0,1.0,1.0,A01
201400016566,0,7,0,0.0,2.0,2.0,1.0,A01
201400016566,0,7,0,0.0,2.0,3.0,1.0,B01
201400016567,0,7,0,0.0,0.0,6.0,0.0,B01
201400016567,0,7,0,0.0,2.0,0.0,0.0,A01
201400016568,0,7,0,0.0,2.0,6.0,1.0,B01
201400016568,0,7,0,0.0,2.0,3.0,15.0,A01
201400016569,0,7,0,6.0,0.0,1.0,13.0,A01
201400016570,0,7,0,0.0,2.0,4.0,23.0,B01
201400016570,0,7,0,0.0,2.0,1.0,2.0,A01
201400016571,0,7,0,0.0,2.0,6.0,9.0,B01
201400016571,0,7,0,0.0,2.0,2.0,9.0,A01
201400016572,0,7,0,0.0,2.0,4.0,2.0,B01
201400016572,0,7,0,0.0,2.0,4.0,2.0,C01
201400016572,0,7,0,0.0,2.0,1.0,2.0,A01
201400016573,0,7,0,15.0,0.0,1.0,2.0,A01
201400016574,0,7,0,14.0,0.0,1.0,2.0,A01
201400016575,0,32,0,0.0,2.0,7.0,1.0,A01
201400016575,0,7,0,0.0,2.0,1.0,9.0,B01
201400016576,0,7,0,0.0,0.0,0.0,0.0,A01
201400016577,0,7,0,0.0,0.0,1.0,23.0,B01
201400016577,0,33,0,14.0,0.0,8.0,2.0,A01
201400016578,0,7,0,8.0,0.0,1.0,1.0,A01
201400016579,0,7,0,0.0,2.0,3.0,1.0,B01
201400016579,0,7,0,0.0,2.0,1.0,1.0,A01
201400016580,0,34,0,0.0,0.0,0.0,21.0,B01
201400016580,0,7,0,0.0,0.0,0.0,15.0,A01
201400016581,0,7,0,0.0,9.0,6.0,9.0,A01
201400016581,0,33,0,0.0,2.0,1.0,2.0,B01
201400016582,0,7,0,4.0,0.0,9.0,1.0,A01
201400016583,0,7,0,0.0,0.0,4.0,2.0,B01
201400016583,0,7,0,0.0,0.0,1.0,2.0,A01
201400016584,0,33,0,12.0,0.0,1.0,17.0,A01
201400016585,0,7,0,0.0,2.0,7.0,1.0,B01
201400016585,0,7,0,0.0,2.0,1.0,19.0,A01
201400016586,0,7,0,4.0,2.0,1.0,1.0,B01
201400016586,0,7,0,0.0,2.0,2.0,9.0,A01
201400016587,0,7,0,0.0,0.0,3.0,11.0,A01
201400016587,0,33,0,0.0,2.0,7.0,1.0,B01
201400016588,0,7,0,0.0,2.0,8.0,15.0,A01
201400016588,0,33,0,0.0,2.0,1.0,2.0,B01
201400016589,0,33,0,0.0,2.0,1.0,2.0,A01
201400016589,0,7,0,0.0,2.0,1.0,2.0,C01
201400016589,0,7,0,0.0,2.0,1.0,2.0,B01
201400016590,0,7,0,0.0,2.0,6.0,2.0,B01
201400016590,0,7,0,6.0,2.0,1.0,17.0,A01
201400016591,0,7,0,0.0,1.0,7.0,1.0,A01
201400016592,0,32,0,0.0,2.0,1.0,2.0,B01
201400016592,0,7,0,0.0,2.0,3.0,10.0,A01
201400016593,0,7,0,1.0,2.0,3.0,1.0,B01
201400016593,0,7,0,0.0,2.0,3.0,17.0,A01
201400016594,0,7,0,0.0,2.0,3.0,2.0,A01
201400016594,0,7,0,0.0,0.0,5.0,2.0,B01
201400016595,0,7,0,8.0,0.0,1.0,14.0,A01
201400016596,0,33,0,3.0,0.0,8.0,21.0,A01
201400016597,0,7,0,0.0,2.0,6.0,10.0,A01
201400016597,0,30,0,0.0,2.0,7.0,17.0,B01
201400016598,0,1,0,0.0,2.0,1.0,1.0,B01
201400016598,0,7,0,0.0,2.0,5.0,19.0,A01
201400016599,0,7,0,0.0,2.0,7.0,0.0,A01
201400016599,0,1,0,0.0,2.0,0.0,2.0,B01
201400016600,0,7,0,0.0,2.0,3.0,9.0,A01
201400016600,0,33,0,0.0,2.0,7.0,1.0,B01
201400016601,0,14,0,4.0,0.0,0.0,1.0,A01
201400016602,0,34,0,0.0,2.0,1.0,0.0,B01
201400016602,0,7,0,0.0,2.0,5.0,15.0,A01
201400016603,0,7,0,0.0,2.0,4.0,2.0,B01
201400016603,0,7,0,0.0,2.0,1.0,2.0,A01
201400016604,0,7,0,4.0,0.0,9.0,1.0,A01
201400016605,0,7,0,0.0,0.0,3.0,2.0,B01
201400016606,0,7,0,3.0,0.0,1.0,9.0,A01
201400016607,0,7,0,0.0,2.0,8.0,19.0,A01
201400016607,0,31,0,0.0,2.0,7.0,1.0,B01
201400016608,0,7,0,4.0,0.0,1.0,0.0,A01
201400016609,0,7,0,6.0,0.0,1.0,0.0,A01
201400016610,0,7,0,5.0,0.0,3.0,15.0,A01
201400016611,0,7,0,0.0,0.0,3.0,15.0,B01
201400016611,0,31,0,0.0,2.0,2.0,17.0,A01
201400016612,0,7,0,0.0,0.0,1.0,2.0,A01
201400016612,0,7,0,0.0,0.0,0.0,1.0,B01
201400016613,0,7,0,0.0,2.0,1.0,1.0,B01
201400016613,0,7,0,0.0,2.0,1.0,13.0,A01
201400016614,0,2,0,0.0,2.0,1.0,1.0,B01
201400016614,0,7,0,0.0,2.0,5.0,15.0,A01
201400016615,0,33,0,0.0,0.0,0.0,2.0,A01
201400016616,0,7,0,0.0,0.0,4.0,2.0,B01
201400016616,0,30,0,0.0,2.0,1.0,2.0,A01
201400016617,0,1,0,0.0,2.0,8.0,0.0,B01
201400016617,0,15,0,0.0,9.0,1.0,0.0,A01
201400016618,0,7,0,4.0,1.0,1.0,5.0,A01
201400016619,0,7,0,0.0,2.0,2.0,1.0,A01
201400016619,0,7,0,0.0,2.0,3.0,0.0,B01
201400016620,0,7,0,0.0,2.0,1.0,1.0,A01
201400016620,0,7,0,0.0,2.0,4.0,23.0,D01
201400016620,0,7,0,0.0,2.0,4.0,23.0,B01
201400016620,0,7,0,0.0,2.0,4.0,23.0,C01
201400016620,0,7,0,0.0,2.0,4.0,23.0,E01
201400016621,0,2,0,0.0,2.0,1.0,1.0,B01
201400016621,0,7,0,0.0,2.0,3.0,15.0,A01
201400016622,0,7,0,0.0,2.0,3.0,0.0,B01
201400016622,0,2,0,0.0,2.0,1.0,0.0,A01
201400016623,0,7,0,0.0,2.0,6.0,2.0,C01
201400016623,0,33,0,0.0,2.0,2.0,3.0,B01
201400016623,0,7,0,0.0,2.0,3.0,11.0,A01
201400016624,0,34,0,0.0,0.0,9.0,0.0,B01
201400016624,0,7,0,0.0,0.0,1.0,0.0,A01
201400016625,0,7,0,0.0,2.0,3.0,1.0,B01
201400016625,0,33,0,0.0,2.0,2.0,17.0,A01
201400016626,0,2,0,0.0,0.0,7.0,2.0,A01
201400016626,0,7,0,0.0,0.0,3.0,2.0,B01
201400016627,0,7,0,0.0,2.0,1.0,2.0,A01
201400016627,0,7,0,0.0,0.0,4.0,1.0,B01
201400016628,0,33,0,3.0,0.0,1.0,1.0,A01
201400016629,0,7,0,0.0,0.0,3.0,15.0,A01
201400016629,0,34,0,0.0,0.0,1.0,1.0,B01
201400016630,0,7,0,2.0,0.0,2.0,0.0,A01
201400016631,0,7,0,0.0,2.0,1.0,1.0,A01
201400016631,0,7,0,0.0,2.0,4.0,1.0,B01
201400016632,0,7,0,0.0,2.0,1.0,9.0,A01
201400016632,0,7,0,0.0,0.0,6.0,1.0,B01
201400016633,0,7,0,13.0,0.0,2.0,15.0,A01
201400016634,0,7,0,0.0,0.0,1.0,1.0,A01
201400016634,0,7,0,0.0,0.0,4.0,0.0,B01
201400016635,0,7,0,0.0,2.0,3.0,1.0,B01
201400016635,0,7,0,0.0,2.0,3.0,1.0,A01
201400016636,0,7,0,6.0,0.0,1.0,0.0,A01
201400016637,0,7,0,3.0,0.0,1.0,0.0,A01
201400016638,0,7,0,1.0,0.0,8.0,1.0,A01
201400016638,0,7,0,13.0,2.0,1.0,23.0,B01
201400016639,0,7,0,0.0,2.0,6.0,15.0,A01
201400016639,0,7,0,0.0,2.0,2.0,17.0,B01
201400016640,0,7,0,4.0,0.0,3.0,9.0,A01
201400016641,0,7,0,0.0,2.0,1.0,0.0,A01
201400016641,0,7,0,0.0,2.0,1.0,1.0,B01
201400016642,0,7,0,0.0,2.0,3.0,11.0,B01
201400016642,0,7,0,0.0,0.0,7.0,11.0,A01
201400016643,0,7,0,6.0,0.0,1.0,0.0,A01
201400016644,0,7,0,0.0,2.0,3.0,13.0,A01
201400016644,0,7,0,0.0,2.0,1.0,1.0,C01
201400016644,0,7,0,3.0,2.0,6.0,1.0,B01
201400016645,0,7,0,0.0,2.0,1.0,1.0,B01
201400016645,0,7,0,0.0,2.0,5.0,1.0,A01
201400016646,0,7,0,0.0,2.0,8.0,2.0,B01
201400016646,0,2,0,0.0,2.0,7.0,2.0,A01
201400016647,0,7,0,0.0,2.0,8.0,1.0,B01
201400016647,0,7,0,0.0,2.0,3.0,1.0,A01
201400016648,0,7,0,0.0,2.0,2.0,2.0,A01
201400016648,0,7,0,0.0,2.0,3.0,0.0,B01
201400016649,0,7,0,0.0,2.0,1.0,17.0,B01
201400016649,0,7,0,0.0,2.0,5.0,4.0,A01
201400016650,0,7,0,0.0,2.0,5.0,2.0,B01
201400016650,0,7,0,0.0,2.0,3.0,2.0,A01
201400016651,0,7,0,0.0,2.0,1.0,0.0,B01
201400016651,0,7,0,0.0,2.0,2.0,9.0,A01
201400016652,0,7,0,0.0,2.0,8.0,2.0,A01
201400016652,0,17,0,0.0,2.0,2.0,2.0,B01
201400016653,0,7,0,0.0,1.0,1.0,1.0,A01
201400016654,0,7,0,0.0,2.0,1.0,2.0,A01
201400016654,0,7,0,0.0,2.0,4.0,2.0,C01
201400016654,0,7,0,0.0,2.0,4.0,2.0,B01
201400016655,0,7,0,3.0,0.0,1.0,1.0,A01
201400016656,0,33,0,0.0,2.0,2.0,1.0,A01
201400016656,1,99,0,0.0,0.0,0.0,0.0,Z01
201400016657,0,7,0,0.0,0.0,4.0,2.0,B01
201400016657,0,7,0,0.0,0.0,3.0,2.0,A01
201400016658,0,3,0,3.0,0.0,1.0,1.0,A01
201400016659,0,7,0,0.0,2.0,1.0,2.0,A01
201400016659,0,7,0,0.0,0.0,4.0,2.0,B01
201400016660,0,7,0,0.0,0.0,4.0,0.0,B01
201400016660,0,34,0,0.0,2.0,1.0,2.0,A01
201400016661,0,7,0,0.0,0.0,7.0,1.0,A01
201400016661,0,7,0,0.0,0.0,1.0,1.0,B01
201400016662,0,7,0,12.0,2.0,2.0,2.0,B01
201400016662,0,7,0,0.0,2.0,8.0,9.0,A01
201400016663,0,7,0,7.0,0.0,8.0,0.0,A01
201400016664,0,7,0,3.0,0.0,2.0,1.0,A01
201400016665,0,7,0,0.0,2.0,1.0,0.0,B01
201400016665,0,7,0,0.0,0.0,2.0,0.0,A01
201400016666,0,7,0,0.0,1.0,1.0,2.0,A01
201400016667,0,7,0,0.0,0.0,4.0,0.0,B01
201400016667,1,7,0,0.0,2.0,9.0,2.0,A01
201400016667,1,99,0,0.0,0.0,0.0,0.0,Z01
201400016668,0,33,0,0.0,0.0,1.0,1.0,A01
201400016668,0,7,0,0.0,0.0,5.0,15.0,B01
201400016669,0,7,0,0.0,0.0,4.0,23.0,C01
201400016669,0,7,0,0.0,0.0,1.0,2.0,A01
201400016669,0,7,0,0.0,0.0,4.0,23.0,B01
201400016670,0,37,2,0.0,2.0,3.0,0.0,B01
201400016670,0,7,0,0.0,2.0,5.0,0.0,A01
201400016671,0,33,0,0.0,0.0,3.0,15.0,B01
201400016671,0,7,0,0.0,0.0,3.0,15.0,A01
201400016672,0,7,0,0.0,1.0,1.0,0.0,A01
201400016673,0,7,0,0.0,2.0,3.0,2.0,B01
201400016673,0,7,0,4.0,2.0,0.0,14.0,A01
201400016674,0,33,0,0.0,2.0,2.0,1.0,B01
201400016674,0,7,0,0.0,2.0,3.0,16.0,A01
201400016675,1,7,0,0.0,0.0,0.0,0.0,A01
201400016675,0,7,0,0.0,2.0,3.0,1.0,D01
201400016675,0,7,0,0.0,2.0,5.0,1.0,B01
201400016675,0,7,0,0.0,2.0,1.0,2.0,C01
201400016676,0,2,0,0.0,2.0,3.0,17.0,B01
201400016676,0,31,0,0.0,2.0,3.0,1.0,A01
201400016677,0,7,0,0.0,1.0,1.0,1.0,A01
201400016678,0,34,0,0.0,2.0,1.0,1.0,A01
201400016678,0,7,0,0.0,0.0,5.0,1.0,B01
201400016678,0,7,0,0.0,0.0,8.0,1.0,C01
201400016679,0,7,0,0.0,2.0,4.0,2.0,B01
201400016679,0,7,0,0.0,2.0,1.0,2.0,A01
201400016679,0,7,0,0.0,0.0,6.0,2.0,C01
201400016680,0,7,0,0.0,1.0,4.0,4.0,A01
201400016681,0,7,0,0.0,2.0,7.0,17.0,A01
201400016681,0,7,0,0.0,2.0,8.0,1.0,B02
201400016682,0,7,0,0.0,2.0,1.0,2.0,A01
201400016682,0,7,0,0.0,2.0,4.0,23.0,B02
201400016682,0,7,0,0.0,2.0,4.0,23.0,C03
201400016682,0,7,0,0.0,2.0,4.0,23.0,D04
201400016682,0,7,0,0.0,0.0,4.0,23.0,E05
201400016683,0,7,0,13.0,0.0,1.0,1.0,A01
201400016684,0,3,0,0.0,2.0,4.0,1.0,A01
201400016684,0,10,0,0.0,2.0,1.0,2.0,B02
201400016684,0,7,0,0.0,2.0,7.0,17.0,C03
201400016685,0,7,0,1.0,0.0,2.0,2.0,A01
201400016685,0,7,0,0.0,0.0,6.0,23.0,B02
201400016686,0,7,0,0.0,2.0,1.0,2.0,A01
201400016686,0,15,0,0.0,0.0,4.0,2.0,B02
201400016687,0,10,0,0.0,2.0,1.0,2.0,A01
201400016687,0,7,0,0.0,0.0,4.0,2.0,B02
201400016688,0,38,50,0.0,2.0,2.0,2.0,A01
201400016688,0,17,0,0.0,0.0,6.0,2.0,B02
201400016689,0,7,0,2.0,0.0,2.0,14.0,A01
201400016690,0,15,0,16.0,0.0,0.0,14.0,A01
201400016691,0,7,0,3.0,0.0,1.0,1.0,A01
201400016692,0,10,0,13.0,0.0,2.0,14.0,A01
201400016693,0,7,0,0.0,0.0,6.0,1.0,A01
201400016693,0,10,0,0.0,2.0,4.0,2.0,B02
201400016693,0,7,0,0.0,2.0,1.0,1.0,C03
201400016693,0,10,0,0.0,2.0,1.0,2.0,D04
201400016693,0,7,0,0.0,2.0,1.0,2.0,E05
201400016694,0,7,0,0.0,0.0,0.0,1.0,A01
201400016695,0,7,0,4.0,0.0,3.0,1.0,A01
201400016696,0,10,0,0.0,2.0,1.0,2.0,A01
201400016696,0,7,0,0.0,0.0,4.0,2.0,B02
201400016697,0,10,0,4.0,0.0,1.0,17.0,A01
201400016698,0,10,0,0.0,0.0,0.0,1.0,A01
201400016699,0,7,0,0.0,2.0,1.0,17.0,A01
201400016699,0,17,0,0.0,2.0,4.0,1.0,B02
201400016700,0,14,0,13.0,0.0,1.0,14.0,A01
201400016701,0,7,0,0.0,2.0,1.0,1.0,A01
201400016701,0,7,0,0.0,2.0,6.0,2.0,B02
201400016702,0,7,0,4.0,0.0,1.0,21.0,A01
201400016703,0,7,0,0.0,2.0,1.0,19.0,A01
201400016703,0,7,0,0.0,2.0,8.0,1.0,B02
201400016704,0,7,0,0.0,0.0,0.0,1.0,A01
201400016705,0,7,0,0.0,2.0,5.0,1.0,A01
201400016705,0,7,0,0.0,2.0,1.0,1.0,B02
201400016705,0,17,0,0.0,2.0,3.0,1.0,C03
201400016706,0,10,0,2.0,0.0,3.0,1.0,A01
201400016707,0,7,0,0.0,2.0,1.0,2.0,A01
201400016707,0,15,0,0.0,2.0,6.0,2.0,B02
201400016708,0,7,0,2.0,0.0,3.0,1.0,A01
201400016709,0,7,0,0.0,2.0,1.0,1.0,A01
201400016709,0,7,0,0.0,2.0,1.0,1.0,B02
201400016710,0,7,0,0.0,2.0,3.0,1.0,B02
201400016710,0,7,0,0.0,2.0,1.0,1.0,A01
201400016711,0,7,0,0.0,2.0,3.0,1.0,A01
201400016711,0,7,0,0.0,2.0,3.0,1.0,B02
201400016712,0,7,0,0.0,2.0,1.0,1.0,A01
201400016712,0,33,0,0.0,2.0,1.0,19.0,B02
201400016713,0,7,0,0.0,2.0,3.0,15.0,A01
201400016713,0,7,0,0.0,2.0,1.0,1.0,B02
201400016714,0,33,0,0.0,2.0,1.0,1.0,A01
201400016714,0,10,0,0.0,0.0,1.0,15.0,B02
201400016715,0,30,0,0.0,0.0,8.0,14.0,A01
201400016716,0,7,0,0.0,0.0,4.0,2.0,A01
201400016716,0,33,0,0.0,0.0,1.0,2.0,B02
201400016717,0,33,0,12.0,0.0,1.0,1.0,A01
201400016718,0,33,0,13.0,0.0,1.0,1.0,A01
201400016719,0,7,0,3.0,0.0,3.0,1.0,A01
201400016720,0,7,0,0.0,2.0,2.0,2.0,A01
201400016720,0,15,0,0.0,0.0,6.0,1.0,B02
201400016721,0,7,0,4.0,0.0,3.0,13.0,A01
201400016722,0,10,0,3.0,0.0,6.0,1.0,B02
201400016722,0,7,0,0.0,2.0,2.0,17.0,A01
201400016723,0,7,0,13.0,0.0,2.0,1.0,A01
201400016724,0,7,0,13.0,0.0,9.0,1.0,A01
201400016725,0,7,0,4.0,0.0,3.0,1.0,A01
201400016726,0,14,0,0.0,2.0,1.0,1.0,B02
201400016726,0,7,0,0.0,2.0,8.0,10.0,A01
201400016727,0,7,0,0.0,2.0,6.0,1.0,A01
201400016727,0,7,0,0.0,2.0,2.0,1.0,B02
201400016728,0,7,0,0.0,2.0,3.0,19.0,A01
201400016728,0,7,0,0.0,2.0,1.0,1.0,B02
201400016728,0,7,0,0.0,2.0,3.0,2.0,C03
201400016729,0,14,0,0.0,2.0,2.0,17.0,A01
201400016729,0,10,0,0.0,2.0,8.0,15.0,B02
201400016730,0,7,0,0.0,1.0,2.0,1.0,A01
201400016731,0,7,0,0.0,9.0,1.0,2.0,C03
201400016731,0,33,0,0.0,2.0,1.0,2.0,A01
201400016731,0,7,0,0.0,0.0,6.0,2.0,B02
201400016732,0,7,0,0.0,2.0,1.0,1.0,A01
201400016732,0,36,0,0.0,2.0,1.0,1.0,B02
201400016733,0,7,0,0.0,2.0,8.0,1.0,B02
201400016733,0,7,0,0.0,2.0,1.0,19.0,A01
201400016734,0,7,0,13.0,0.0,1.0,1.0,A01
201400016735,0,21,0,0.0,2.0,3.0,15.0,B02
201400016735,0,7,0,0.0,2.0,2.0,17.0,A01
201400016736,0,33,0,1.0,2.0,7.0,13.0,B02
201400016736,0,7,0,0.0,2.0,3.0,1.0,A01
201400016737,0,7,0,0.0,2.0,6.0,15.0,B02
201400016737,0,32,0,0.0,2.0,1.0,17.0,A01
201400016738,0,7,0,0.0,2.0,2.0,14.0,A01
201400016738,0,30,0,0.0,2.0,1.0,1.0,B02
201400016739,0,10,0,1.0,2.0,4.0,2.0,B01
201400016739,0,7,0,0.0,2.0,1.0,1.0,C02
201400016740,0,7,0,0.0,1.0,3.0,15.0,A01
201400016741,0,33,0,3.0,0.0,2.0,14.0,A01
201400016742,0,7,0,13.0,0.0,1.0,1.0,A01
201400016743,0,7,0,1.0,0.0,2.0,14.0,A01
201400016744,0,7,0,3.0,0.0,1.0,14.0,A01
201400016745,0,7,0,2.0,0.0,1.0,1.0,A01
201400016746,0,7,0,3.0,0.0,9.0,1.0,A01
201400016747,0,7,0,0.0,0.0,1.0,1.0,A01
201400016748,0,10,0,0.0,2.0,1.0,2.0,A01
201400016748,0,14,0,0.0,2.0,4.0,1.0,B02
201400016749,0,7,0,11.0,0.0,1.0,1.0,A01
201400016750,0,7,0,3.0,0.0,2.0,14.0,A01
201400016751,0,7,0,0.0,0.0,2.0,14.0,A01
201400016752,0,17,0,0.0,0.0,5.0,10.0,A01
201400016752,0,10,0,0.0,2.0,2.0,1.0,B02
201400016753,0,38,26,0.0,2.0,3.0,1.0,A01
201400016753,0,7,0,0.0,2.0,8.0,19.0,B02
201400016754,0,7,0,0.0,2.0,1.0,2.0,A01
201400016754,0,7,0,0.0,2.0,4.0,2.0,B02
201400016755,0,10,0,8.0,0.0,8.0,1.0,A01
201400016756,0,10,0,13.0,0.0,2.0,1.0,A01
201400016757,0,7,0,0.0,2.0,3.0,13.0,A01
201400016757,0,7,0,0.0,2.0,3.0,1.0,B02
201400016758,0,30,0,5.0,4.0,1.0,1.0,A01
201400016758,0,39,0,0.0,4.0,3.0,1.0,B02
201400016759,0,7,0,6.0,0.0,3.0,1.0,A01
201400016760,0,15,0,0.0,2.0,2.0,1.0,B02
201400016760,0,10,0,0.0,2.0,8.0,19.0,A01
201400016761,0,1,0,0.0,0.0,8.0,19.0,A01
201400016761,0,10,0,0.0,0.0,2.0,21.0,B02
201400016762,0,7,0,0.0,0.0,7.0,9.0,A01
201400016762,0,7,0,0.0,2.0,3.0,21.0,B02
201400016763,0,7,0,0.0,2.0,1.0,2.0,A01
201400016763,0,7,0,0.0,2.0,4.0,2.0,B02
201400016764,0,30,0,0.0,2.0,1.0,1.0,A01
201400016764,0,10,0,0.0,2.0,1.0,13.0,B02
201400016765,0,7,0,9.0,0.0,3.0,1.0,A01
201400016766,1,99,0,0.0,1.0,1.0,1.0,A01
201400016767,0,33,0,0.0,2.0,2.0,1.0,A01
201400016767,0,2,0,0.0,2.0,3.0,9.0,B02
201400016768,0,1,0,0.0,0.0,0.0,1.0,A01
201400016768,1,7,0,0.0,0.0,0.0,17.0,B02
201400016769,0,7,0,0.0,2.0,1.0,13.0,A01
201400016769,0,10,0,0.0,2.0,3.0,1.0,B02
201400016770,0,7,0,0.0,2.0,2.0,21.0,A01
201400016770,0,7,0,0.0,2.0,1.0,13.0,B02
201400016771,0,7,0,3.0,0.0,1.0,13.0,A01
201400016771,0,7,0,14.0,0.0,1.0,21.0,B02
201400016772,0,7,0,13.0,0.0,1.0,1.0,A01
201400016773,0,7,0,0.0,0.0,1.0,1.0,A01
201400016773,0,7,0,0.0,0.0,4.0,1.0,B02
201400016774,0,7,0,7.0,0.0,1.0,14.0,A01
201400016775,0,7,0,0.0,0.0,4.0,2.0,B02
201400016775,0,7,0,0.0,2.0,1.0,2.0,A01
201400016776,0,7,0,2.0,6.0,1.0,1.0,A01
201400016777,0,10,0,2.0,0.0,2.0,0.0,A01
201400016778,0,7,0,15.0,1.0,0.0,1.0,A01
201400016779,0,33,0,0.0,0.0,9.0,21.0,A01
201400016779,0,7,0,0.0,0.0,0.0,19.0,B02
201400016780,0,7,0,0.0,2.0,2.0,0.0,A01
201400016780,0,7,0,0.0,2.0,3.0,13.0,B02
201400016781,0,7,0,0.0,0.0,0.0,1.0,A01
201400016782,0,7,0,0.0,0.0,7.0,19.0,A01
201400016782,0,2,0,0.0,0.0,1.0,0.0,B02
201400016783,0,10,0,13.0,0.0,7.0,15.0,A01
201400016784,0,30,0,0.0,2.0,1.0,1.0,A01
201400016784,0,7,0,0.0,2.0,2.0,16.0,B02
201400016785,0,7,0,0.0,1.0,2.0,1.0,A01
201400016786,0,2,0,0.0,2.0,8.0,1.0,A01
201400016786,0,7,0,0.0,2.0,3.0,15.0,B01
201400016787,0,7,0,0.0,2.0,7.0,15.0,A01
201400016787,0,2,0,0.0,2.0,1.0,1.0,B01
201400016788,0,7,0,0.0,1.0,8.0,1.0,A01
201400016789,0,7,0,3.0,2.0,2.0,3.0,A01
201400016789,0,7,0,0.0,2.0,6.0,1.0,B01
201400016789,0,7,0,0.0,2.0,2.0,1.0,C01
201400016790,0,7,0,2.0,0.0,2.0,13.0,A01
201400016791,0,7,0,0.0,2.0,2.0,15.0,A01
201400016791,0,2,0,0.0,2.0,1.0,1.0,B01
201400016792,0,7,0,4.0,0.0,9.0,1.0,A01
201400016793,0,7,0,3.0,0.0,3.0,9.0,A01
201400016794,0,7,0,0.0,1.0,3.0,15.0,A01
201400016795,0,10,0,0.0,1.0,4.0,4.0,A01
201400016796,0,7,0,0.0,1.0,1.0,1.0,A01
201400016797,0,7,0,0.0,2.0,1.0,1.0,A01
201400016797,0,7,0,0.0,2.0,4.0,23.0,B01
201400016798,0,7,0,0.0,2.0,6.0,11.0,A01
201400016798,0,33,0,0.0,2.0,1.0,17.0,B01
201400016799,0,33,0,0.0,2.0,1.0,1.0,B01
201400016799,0,7,0,0.0,2.0,1.0,13.0,A01
201400016800,0,7,0,0.0,1.0,3.0,15.0,A01
201400016801,0,7,0,0.0,2.0,7.0,15.0,A01
201400016801,0,7,0,0.0,2.0,1.0,1.0,B01
201400016802,0,7,0,0.0,2.0,8.0,15.0,B01
201400016802,0,33,0,0.0,2.0,1.0,17.0,A01
201400016803,0,7,0,0.0,2.0,1.0,1.0,A01
201400016803,0,7,0,0.0,2.0,4.0,23.0,B01
201400016804,0,7,0,3.0,0.0,1.0,14.0,A01
201400016805,0,7,0,0.0,2.0,7.0,15.0,A01
201400016805,0,33,0,0.0,2.0,8.0,1.0,B01
201400016806,0,7,0,0.0,2.0,3.0,1.0,B01
201400016806,0,7,0,0.0,2.0,2.0,1.0,A01
201400016807,0,10,0,0.0,2.0,2.0,12.0,A01
201400016807,0,21,0,0.0,2.0,6.0,1.0,B01
201400016808,0,7,0,0.0,2.0,2.0,15.0,A01
201400016808,0,2,0,0.0,2.0,1.0,1.0,B01
201400016809,0,7,0,0.0,2.0,3.0,15.0,A01
201400016809,0,1,0,0.0,2.0,1.0,1.0,B01
201400016810,0,1,0,0.0,1.0,3.0,21.0,A01
201400016811,0,1,0,0.0,2.0,8.0,19.0,A01
201400016811,0,7,0,0.0,2.0,1.0,15.0,B01
201400016812,0,7,0,0.0,2.0,6.0,9.0,A01
201400016812,0,15,0,0.0,2.0,1.0,1.0,B01
201400016813,0,7,0,0.0,1.0,2.0,1.0,A01
201400016814,0,7,0,2.0,0.0,7.0,14.0,A01
201400016815,0,7,0,0.0,2.0,1.0,1.0,A01
201400016815,0,7,0,0.0,2.0,4.0,23.0,B01
201400016815,0,7,0,0.0,2.0,4.0,23.0,C01
201400016816,0,7,0,2.0,0.0,1.0,16.0,A01
201400016817,0,7,0,0.0,2.0,3.0,15.0,A01
201400016817,0,1,0,0.0,2.0,1.0,1.0,B01
201400016818,0,2,0,1.0,0.0,1.0,13.0,A01
201400016819,0,7,0,6.0,2.0,4.0,15.0,B01
201400016819,0,7,0,0.0,2.0,1.0,1.0,A01
201400016820,0,7,0,0.0,2.0,1.0,1.0,B01
201400016820,0,7,0,0.0,2.0,7.0,1.0,A01
201400016821,0,7,0,0.0,2.0,7.0,15.0,B01
201400016821,0,2,0,0.0,2.0,1.0,7.0,A01
201400016822,0,7,0,0.0,1.0,3.0,17.0,A01
201400016823,0,10,0,0.0,2.0,1.0,1.0,A01
201400016823,0,7,0,0.0,2.0,4.0,1.0,B01
201400016824,0,7,0,0.0,2.0,6.0,1.0,B01
201400016824,0,33,0,0.0,2.0,1.0,2.0,A01
201400016825,0,33,0,0.0,2.0,1.0,1.0,A01
201400016825,0,7,0,0.0,2.0,2.0,15.0,B01
201400016826,0,2,0,0.0,2.0,4.0,1.0,A01
201400016826,1,7,0,0.0,2.0,1.0,2.0,Z01
201400016827,0,7,0,0.0,1.0,3.0,1.0,A01
201400016828,0,7,0,2.0,0.0,1.0,19.0,A01
201400016829,0,7,0,0.0,1.0,1.0,1.0,A01
201400016830,0,7,0,0.0,2.0,4.0,1.0,B01
201400016830,0,7,0,0.0,2.0,1.0,1.0,A01
201400016830,0,7,0,0.0,2.0,4.0,1.0,C01
201400016831,0,30,0,6.0,0.0,2.0,1.0,A01
201400016832,0,32,0,8.0,0.0,1.0,13.0,A01
201400016833,0,7,0,0.0,2.0,5.0,1.0,B01
201400016833,0,33,0,0.0,2.0,8.0,9.0,A01
201400016834,0,7,0,0.0,2.0,1.0,17.0,A01
201400016834,0,21,0,0.0,2.0,4.0,15.0,B01
201400016835,0,2,0,0.0,0.0,0.0,1.0,A01