Num_Acc,senc,catv,occutc,obs,obsm,choc,manv,num_veh
201400016836,0,1,0,0.0,2.0,8.0,1.0,A01
201400016836,1,7,0,0.0,2.0,7.0,14.0,Z01
201400016837,0,2,0,0.0,2.0,1.0,1.0,A01
201400016837,0,7,0,0.0,2.0,2.0,15.0,B01
201400016838,0,1,0,0.0,2.0,1.0,5.0,A01
201400016838,0,7,0,0.0,2.0,2.0,16.0,B01
201400016839,0,7,0,0.0,2.0,7.0,1.0,A01
201400016839,0,1,0,0.0,2.0,1.0,9.0,B01
201400016840,1,33,0,0.0,1.0,1.0,1.0,Z01
201400016841,0,7,0,0.0,1.0,2.0,21.0,A01
201400016842,0,7,0,0.0,2.0,2.0,15.0,A01
201400016842,0,33,0,0.0,2.0,1.0,1.0,B01
201400016843,0,7,0,0.0,1.0,2.0,9.0,A01
201400016844,0,7,0,0.0,1.0,3.0,1.0,A01
201400016845,0,31,0,0.0,2.0,1.0,15.0,A01
201400016845,0,7,0,0.0,2.0,8.0,1.0,B01
201400016846,0,2,0,0.0,1.0,1.0,1.0,A01
201400016847,0,1,0,0.0,0.0,0.0,1.0,A01
201400016848,0,7,0,0.0,2.0,8.0,16.0,A01
201400016848,0,1,0,0.0,2.0,1.0,15.0,B01
201400016849,0,2,0,1.0,0.0,1.0,14.0,A01
201400016850,0,1,0,0.0,2.0,1.0,19.0,A01
201400016850,0,7,0,0.0,2.0,2.0,1.0,B01
201400016851,0,7,0,3.0,2.0,2.0,1.0,A01
201400016851,0,15,0,0.0,2.0,4.0,1.0,B01
201400016852,0,7,0,0.0,2.0,3.0,23.0,B01
201400016852,0,7,0,11.0,2.0,1.0,15.0,A01
201400016853,0,37,20,0.0,2.0,5.0,1.0,A01
201400016853,0,1,0,0.0,1.0,9.0,23.0,B01
201400016854,0,33,0,0.0,2.0,1.0,1.0,B01
201400016854,0,10,0,0.0,2.0,3.0,15.0,A01
201400016855,0,31,0,12.0,0.0,1.0,21.0,B01
201400016856,0,7,0,0.0,4.0,3.0,15.0,A01
201400016856,0,40,0,0.0,2.0,7.0,1.0,B01
201400016857,0,7,0,0.0,1.0,2.0,1.0,A01
201400016858,0,3,0,0.0,2.0,7.0,17.0,A01
201400016858,0,1,0,0.0,2.0,8.0,1.0,B01
201400016859,0,2,0,0.0,0.0,1.0,1.0,A01
201400016860,0,7,0,0.0,2.0,1.0,1.0,B01
201400016860,0,7,0,0.0,2.0,2.0,15.0,A01
201400016861,0,7,0,0.0,1.0,1.0,13.0,A01
201400016862,0,30,0,0.0,2.0,1.0,15.0,A01
201400016862,0,2,0,0.0,2.0,1.0,1.0,B01
201400016863,0,7,0,0.0,2.0,6.0,1.0,A01
201400016863,0,7,0,0.0,2.0,2.0,1.0,B01
201400016864,0,7,0,0.0,2.0,1.0,15.0,A01
201400016864,0,2,0,0.0,2.0,1.0,1.0,B01
201400016865,0,2,0,0.0,2.0,1.0,21.0,A01
201400016865,1,7,0,0.0,2.0,0.0,15.0,Z01
201400016866,0,30,0,0.0,2.0,7.0,1.0,B01
201400016866,0,10,0,0.0,2.0,3.0,15.0,A01
201400016867,0,7,0,0.0,2.0,1.0,13.0,A01
201400016867,0,7,0,0.0,2.0,1.0,1.0,B01
201400016868,0,7,0,0.0,1.0,1.0,1.0,A01
201400016869,0,7,0,0.0,1.0,2.0,1.0,A01
201400016870,0,37,1,0.0,2.0,2.0,1.0,B01
201400016870,0,1,0,0.0,2.0,1.0,1.0,A01
201400016871,0,7,0,0.0,2.0,1.0,1.0,B01
201400016871,0,7,0,0.0,2.0,1.0,0.0,A01
201400016872,0,7,0,0.0,2.0,1.0,1.0,A01
201400016872,0,7,0,0.0,2.0,6.0,1.0,B01
201400016873,0,7,0,0.0,1.0,8.0,1.0,A01
201400016874,0,7,0,0.0,1.0,1.0,1.0,A01
201400016875,0,7,0,0.0,2.0,7.0,13.0,A01
201400016875,0,14,0,0.0,2.0,1.0,1.0,C01
201400016875,0,7,0,0.0,0.0,1.0,1.0,B01
201400016876,0,7,0,0.0,2.0,1.0,1.0,B01
201400016876,0,7,0,0.0,2.0,1.0,1.0,A01
201400016877,0,7,0,0.0,1.0,3.0,15.0,A01
201400016878,0,7,0,0.0,2.0,3.0,13.0,A01
201400016878,0,10,0,0.0,0.0,8.0,1.0,B02
201400016878,0,7,0,0.0,0.0,6.0,1.0,C03
201400016879,0,7,0,2.0,0.0,1.0,1.0,A01
201400016879,0,7,0,0.0,2.0,1.0,1.0,B02
201400016880,0,7,0,0.0,2.0,1.0,1.0,B02
201400016880,0,7,0,0.0,2.0,7.0,1.0,A01
201400016881,0,7,0,0.0,0.0,2.0,15.0,A01
201400016881,0,33,0,0.0,2.0,1.0,1.0,B02
201400016882,0,7,0,2.0,0.0,1.0,15.0,A01
201400016883,0,7,0,0.0,6.0,9.0,21.0,A01
201400016884,0,10,0,2.0,0.0,1.0,14.0,A01
201400016885,0,7,0,8.0,0.0,7.0,1.0,A01
201400016886,0,1,0,0.0,2.0,8.0,5.0,B01
201400016886,0,2,0,0.0,2.0,1.0,1.0,A01
201400016887,0,7,0,0.0,1.0,1.0,12.0,A01
201400016888,0,7,0,2.0,0.0,1.0,13.0,A01
201400016889,0,1,0,0.0,2.0,4.0,1.0,B01
201400016889,1,7,0,0.0,2.0,1.0,1.0,A01
201400016890,0,7,0,0.0,2.0,5.0,23.0,B01
201400016890,0,2,0,0.0,2.0,1.0,2.0,A01
201400016891,0,7,0,0.0,2.0,4.0,2.0,A01
201400016891,0,7,0,0.0,2.0,1.0,2.0,B01
201400016892,0,1,0,0.0,2.0,8.0,1.0,A01
201400016892,0,7,0,0.0,2.0,7.0,14.0,B01
201400016893,0,7,0,0.0,2.0,4.0,2.0,A01
201400016893,0,30,0,0.0,2.0,1.0,2.0,B01
201400016894,0,7,0,0.0,2.0,1.0,15.0,A01
201400016894,0,7,0,0.0,2.0,1.0,1.0,B01
201400016895,0,1,0,0.0,2.0,7.0,1.0,B01
201400016895,0,7,0,0.0,2.0,1.0,9.0,A01
201400016896,0,30,0,0.0,2.0,1.0,17.0,A01
201400016896,0,1,0,0.0,2.0,3.0,19.0,B01
201400016897,0,30,0,0.0,0.0,1.0,1.0,A01
201400016897,0,7,0,0.0,0.0,8.0,1.0,B01
201400016898,0,7,0,0.0,9.0,1.0,2.0,A01
201400016898,0,99,0,0.0,0.0,4.0,2.0,B01
201400016899,0,7,0,11.0,0.0,9.0,1.0,A01
201400016900,0,7,0,0.0,2.0,3.0,1.0,B01
201400016900,0,31,0,0.0,2.0,2.0,1.0,A01
201400016901,0,33,0,0.0,0.0,0.0,1.0,A01
201400016902,0,7,0,0.0,2.0,3.0,1.0,A01
201400016902,0,32,0,0.0,2.0,2.0,15.0,B01
201400016903,0,7,0,12.0,0.0,1.0,1.0,A01
201400016904,0,33,0,0.0,0.0,2.0,16.0,A01
201400016905,0,1,0,0.0,2.0,1.0,1.0,A01
201400016905,0,7,0,0.0,2.0,1.0,15.0,B02
201400016906,0,33,0,0.0,2.0,1.0,1.0,B02
201400016906,0,7,0,0.0,2.0,7.0,19.0,A01
201400016907,0,7,0,0.0,2.0,1.0,1.0,B02
201400016907,0,7,0,0.0,2.0,5.0,13.0,A01
201400016908,0,33,0,0.0,2.0,7.0,17.0,A01
201400016908,0,7,0,0.0,2.0,1.0,19.0,B02
201400016909,0,7,0,0.0,5.0,2.0,1.0,A01
201400016910,0,7,0,0.0,2.0,6.0,15.0,A01
201400016910,0,33,0,0.0,2.0,1.0,1.0,B02
201400016911,0,7,0,13.0,0.0,1.0,1.0,A01
201400016912,0,7,0,0.0,1.0,3.0,1.0,A01
201400016913,0,7,0,7.0,0.0,7.0,19.0,A01
201400016914,0,33,0,0.0,2.0,1.0,1.0,B02
201400016914,0,7,0,0.0,2.0,2.0,15.0,A01
201400016915,0,33,0,0.0,2.0,1.0,1.0,B02
201400016915,0,7,0,0.0,2.0,3.0,19.0,A01
201400016916,0,7,0,0.0,2.0,3.0,15.0,A01
201400016916,0,2,0,0.0,2.0,2.0,1.0,B02
201400016917,0,7,0,0.0,2.0,8.0,1.0,A01
201400016917,0,7,0,0.0,2.0,1.0,9.0,B02
201400016918,0,33,0,0.0,2.0,5.0,1.0,A01
201400016918,0,21,0,0.0,2.0,1.0,19.0,B02
201400016919,0,1,0,0.0,2.0,1.0,16.0,A01
201400016919,0,7,0,0.0,2.0,7.0,1.0,B02
201400016920,0,7,0,0.0,2.0,1.0,1.0,B02
201400016920,0,30,0,0.0,2.0,1.0,1.0,A01
201400016921,0,7,0,15.0,0.0,1.0,1.0,A01
201400016922,0,30,0,14.0,0.0,1.0,1.0,A01
201400016923,0,10,0,0.0,6.0,9.0,17.0,A01
201400016924,0,30,0,8.0,0.0,0.0,1.0,A01
201400016925,0,7,0,6.0,0.0,3.0,13.0,A01
201400016926,0,15,0,0.0,2.0,8.0,13.0,A01
201400016926,0,15,0,0.0,2.0,3.0,1.0,B02
201400016927,0,10,0,0.0,1.0,6.0,1.0,A01
201400016928,0,7,0,0.0,2.0,6.0,15.0,A01
201400016928,0,33,0,0.0,2.0,1.0,1.0,B02
201400016929,0,33,0,0.0,2.0,1.0,17.0,A01
201400016929,0,21,0,0.0,2.0,6.0,15.0,B02
201400016930,0,15,0,0.0,2.0,1.0,1.0,A01
201400016930,0,7,0,0.0,0.0,8.0,15.0,B02
201400016931,0,15,0,0.0,2.0,1.0,1.0,B02
201400016931,0,7,0,0.0,2.0,8.0,19.0,A01
201400016932,0,7,0,0.0,1.0,1.0,1.0,A01
201400016933,0,36,0,14.0,1.0,1.0,2.0,A01
201400016934,0,7,0,13.0,0.0,2.0,0.0,A01
201400016935,0,7,0,0.0,0.0,0.0,1.0,A01
201400016936,0,33,0,16.0,0.0,1.0,15.0,A01
201400016937,0,36,0,0.0,0.0,7.0,15.0,A01
201400016938,0,7,0,6.0,0.0,1.0,19.0,A01
201400016939,0,17,0,0.0,2.0,2.0,1.0,B02
201400016939,0,7,0,0.0,2.0,8.0,15.0,A01
201400016940,0,7,0,16.0,0.0,0.0,13.0,A01
201400016941,0,31,0,6.0,2.0,5.0,19.0,A01
201400016941,0,7,0,0.0,2.0,2.0,1.0,B02
201400016942,0,1,0,0.0,0.0,4.0,1.0,B02
201400016942,0,7,0,0.0,2.0,1.0,1.0,A01
201400016943,0,7,0,13.0,0.0,2.0,1.0,A01
201400016944,0,7,0,0.0,0.0,4.0,1.0,B02
201400016944,0,31,0,0.0,2.0,1.0,17.0,A01
201400016945,0,36,0,7.0,0.0,1.0,1.0,A01
201400016946,0,33,0,0.0,0.0,8.0,1.0,A01
201400016947,0,7,0,6.0,0.0,1.0,1.0,A01
201400016948,0,7,0,6.0,0.0,1.0,1.0,A01
201400016949,0,7,0,0.0,0.0,3.0,13.0,A01
201400016949,0,15,0,0.0,0.0,3.0,1.0,B02
201400016950,0,33,0,0.0,0.0,1.0,1.0,A01
201400016951,0,7,0,0.0,2.0,3.0,1.0,B02
201400016951,0,7,0,0.0,2.0,1.0,19.0,A01
201400016952,0,7,0,0.0,2.0,5.0,13.0,B02
201400016952,0,1,0,0.0,2.0,1.0,1.0,A01
201400016953,0,21,0,0.0,0.0,4.0,2.0,A01
201400016953,0,7,0,0.0,2.0,1.0,2.0,B02
201400016954,0,7,0,8.0,0.0,1.0,1.0,A01
201400016955,0,30,0,12.0,0.0,2.0,1.0,A01
201400016956,0,10,0,13.0,0.0,2.0,1.0,A01
201400016957,0,33,0,0.0,0.0,6.0,1.0,A01
201400016958,0,7,0,0.0,1.0,2.0,1.0,A01
201400016959,0,7,0,14.0,0.0,3.0,1.0,A01
201400016960,0,33,0,0.0,2.0,1.0,17.0,A01
201400016960,0,21,0,0.0,2.0,3.0,15.0,B02
201400016961,0,30,0,0.0,0.0,0.0,0.0,A01
201400016962,0,21,0,0.0,1.0,0.0,1.0,A01
201400016963,0,7,0,0.0,2.0,2.0,9.0,A01
201400016963,0,7,0,0.0,2.0,1.0,1.0,B02
201400016964,0,7,0,2.0,0.0,3.0,1.0,A01
201400016965,0,33,0,0.0,0.0,2.0,1.0,A01
201400016966,0,7,0,0.0,1.0,1.0,1.0,A01
201400016967,0,10,0,0.0,2.0,8.0,19.0,A01
201400016967,0,7,0,0.0,2.0,1.0,1.0,B02
201400016968,0,7,0,2.0,0.0,2.0,1.0,A01
201400016969,0,1,0,0.0,0.0,4.0,1.0,B02
201400016969,0,7,0,0.0,0.0,2.0,1.0,A01
201400016970,0,7,0,0.0,2.0,1.0,1.0,A01
201400016970,0,7,0,0.0,2.0,1.0,1.0,B02
201400016971,0,33,0,0.0,2.0,7.0,1.0,B01
201400016971,0,7,0,0.0,2.0,3.0,1.0,A01
201400016972,0,7,0,0.0,2.0,8.0,15.0,A01
201400016972,0,33,0,0.0,2.0,2.0,1.0,B01
201400016973,0,7,0,1.0,0.0,2.0,1.0,A01
201400016974,0,33,0,0.0,2.0,1.0,2.0,A01
201400016974,0,10,0,0.0,2.0,4.0,2.0,B01
201400016975,0,10,0,16.0,0.0,9.0,13.0,A01
201400016976,0,2,0,0.0,2.0,7.0,1.0,B01
201400016976,0,7,0,0.0,2.0,1.0,9.0,A01
201400016977,0,7,0,0.0,2.0,2.0,15.0,A01
201400016977,0,2,0,0.0,2.0,1.0,1.0,B01
201400016978,0,7,0,0.0,1.0,7.0,1.0,A01
201400016979,0,7,0,0.0,2.0,3.0,15.0,A01
201400016979,0,30,0,0.0,2.0,1.0,1.0,B01
201400016980,0,10,0,0.0,1.0,7.0,1.0,A01
201400016981,0,7,0,2.0,0.0,1.0,1.0,A01
201400016982,0,10,0,0.0,0.0,5.0,21.0,A01
201400016982,0,7,0,0.0,2.0,4.0,23.0,B01
201400016982,0,7,0,0.0,2.0,1.0,21.0,C01
201400016983,0,7,0,0.0,2.0,1.0,21.0,B01
201400016983,0,7,0,0.0,2.0,8.0,19.0,A01
201400016984,0,30,0,0.0,2.0,7.0,1.0,B01
201400016984,0,10,0,0.0,2.0,3.0,9.0,A01
201400016985,0,7,0,0.0,2.0,5.0,1.0,B01
201400016985,0,1,0,0.0,2.0,1.0,9.0,A01
201400016986,0,7,0,0.0,1.0,2.0,1.0,A01
201400016987,0,7,0,0.0,2.0,1.0,16.0,B01
201400016987,0,1,0,0.0,2.0,6.0,1.0,A01
201400016988,0,33,0,0.0,0.0,8.0,1.0,A01
201400016989,0,33,0,0.0,2.0,2.0,21.0,A01
201400016989,0,10,0,0.0,0.0,6.0,21.0,B01
201400016990,0,7,0,6.0,0.0,2.0,14.0,A01
201400016991,0,7,0,0.0,1.0,3.0,1.0,A01
201400016992,0,7,0,2.0,0.0,3.0,13.0,A01
201400016993,0,2,0,1.0,0.0,1.0,2.0,A01
201400016993,0,7,0,1.0,0.0,6.0,2.0,B01
201400016994,0,7,0,0.0,2.0,2.0,1.0,B01
201400016994,0,1,0,0.0,2.0,1.0,9.0,A01
201400016995,0,7,0,11.0,2.0,5.0,2.0,A01
201400016995,0,2,0,0.0,2.0,8.0,2.0,B01
201400016996,0,7,0,0.0,2.0,7.0,15.0,A01
201400016996,0,10,0,0.0,2.0,1.0,1.0,B01
201400016997,0,7,0,0.0,2.0,5.0,0.0,A01
201400016997,0,33,0,0.0,2.0,1.0,0.0,B01
201400016998,0,7,0,0.0,1.0,1.0,1.0,A01
201400016999,0,7,0,0.0,0.0,5.0,0.0,A01
201400016999,0,7,0,0.0,0.0,2.0,0.0,B01
201400017000,0,7,0,0.0,1.0,2.0,15.0,A01
201400017001,0,7,0,0.0,2.0,1.0,16.0,B02
201400017001,0,2,0,0.0,2.0,1.0,1.0,A01
201400017002,0,33,0,6.0,0.0,3.0,13.0,A01
201400017003,0,31,0,0.0,0.0,1.0,16.0,A01
201400017004,0,7,0,0.0,0.0,8.0,15.0,A01
201400017004,0,30,0,0.0,0.0,1.0,1.0,B02
201400017005,0,7,0,2.0,0.0,8.0,0.0,A01
201400017006,0,7,0,16.0,0.0,9.0,1.0,A01
201400017007,0,7,0,16.0,0.0,9.0,1.0,A01
201400017008,0,7,0,0.0,1.0,2.0,1.0,A01
201400017009,0,7,0,2.0,0.0,9.0,1.0,A01
201400017010,0,33,0,16.0,0.0,8.0,1.0,A01
201400017011,0,1,0,0.0,0.0,0.0,1.0,A01
201400017011,0,7,0,0.0,0.0,0.0,1.0,B02
201400017012,0,33,0,0.0,2.0,7.0,1.0,B02
201400017012,0,33,0,14.0,0.0,1.0,1.0,C03
201400017013,0,33,0,3.0,0.0,2.0,1.0,A01
201400017014,0,7,0,13.0,0.0,9.0,13.0,A01
201400017015,0,7,0,2.0,0.0,1.0,1.0,A01
201400017016,0,7,0,0.0,2.0,2.0,1.0,A01
201400017016,0,33,0,0.0,2.0,0.0,13.0,B02
201400017017,0,33,0,8.0,0.0,8.0,14.0,A01
201400017018,0,7,0,0.0,2.0,3.0,13.0,A01
201400017018,0,14,0,0.0,0.0,8.0,1.0,B02
201400017019,0,33,0,5.0,0.0,0.0,1.0,A01
201400017020,0,15,0,0.0,2.0,3.0,1.0,B02
201400017020,0,7,0,0.0,2.0,1.0,13.0,A01
201400017021,0,37,1,1.0,0.0,4.0,2.0,B02
201400017021,0,7,0,0.0,2.0,1.0,2.0,A01
201400017022,0,33,0,0.0,1.0,1.0,1.0,A01
201400017022,0,7,0,0.0,2.0,8.0,9.0,B02
201400017023,0,1,0,8.0,2.0,8.0,1.0,A01
201400017023,0,7,0,8.0,2.0,1.0,1.0,B02
201400017024,0,7,0,0.0,6.0,3.0,21.0,A01
201400017024,0,7,0,0.0,2.0,1.0,1.0,B02
201400017025,0,31,0,0.0,6.0,0.0,1.0,A01
201400017026,0,7,0,0.0,2.0,3.0,1.0,B02
201400017026,0,7,0,0.0,2.0,3.0,13.0,A01
201400017027,0,33,0,0.0,2.0,1.0,1.0,A01
201400017027,0,33,0,0.0,2.0,1.0,1.0,B02
201400017027,0,7,0,0.0,2.0,1.0,19.0,C01
201400017028,0,7,0,13.0,0.0,1.0,1.0,A01
201400017029,0,7,0,0.0,1.0,1.0,1.0,A01
201400017030,0,36,0,13.0,0.0,2.0,0.0,A01
201400017031,0,2,0,11.0,0.0,1.0,1.0,A01
201400017032,0,7,0,0.0,2.0,1.0,1.0,A01
201400017032,0,7,0,0.0,2.0,1.0,1.0,B02
201400017033,0,7,0,0.0,2.0,6.0,15.0,B02
201400017033,0,30,0,0.0,2.0,1.0,2.0,A01
201400017033,0,7,0,0.0,2.0,3.0,1.0,C03
201400017034,0,7,0,8.0,6.0,1.0,1.0,A01
201400017035,0,7,0,0.0,1.0,1.0,1.0,A01
201400017036,0,7,0,8.0,0.0,8.0,1.0,A01
201400017037,0,30,0,15.0,0.0,1.0,1.0,A01
201400017038,0,33,0,0.0,2.0,1.0,17.0,A01
201400017038,0,7,0,0.0,0.0,8.0,15.0,B02
201400017039,0,7,0,,6.0,0.0,1.0,A01
201400017040,0,7,0,0.0,6.0,0.0,1.0,A01
201400017041,0,33,0,0.0,2.0,1.0,1.0,B02
201400017041,0,7,0,0.0,0.0,8.0,9.0,A01
201400017042,0,7,0,0.0,0.0,2.0,17.0,A01
201400017042,0,1,0,0.0,0.0,0.0,0.0,B02
201400017043,0,7,0,0.0,0.0,1.0,19.0,A01
201400017044,0,7,0,0.0,2.0,1.0,1.0,B01
201400017044,0,7,0,0.0,2.0,1.0,1.0,A01
201400017045,0,30,0,1.0,0.0,8.0,1.0,A01
201400017046,0,1,0,0.0,0.0,5.0,19.0,A01
201400017046,0,7,0,0.0,2.0,1.0,1.0,B02
201400017047,0,7,0,0.0,2.0,1.0,15.0,B01
201400017047,0,33,0,0.0,2.0,1.0,1.0,A02
201400017048,0,7,0,0.0,0.0,1.0,1.0,A01
201400017049,0,2,0,0.0,2.0,1.0,17.0,A01
201400017049,0,7,0,,2.0,6.0,17.0,B02
201400017050,0,17,0,0.0,0.0,8.0,13.0,A01
201400017051,0,7,0,15.0,0.0,1.0,14.0,A01
201400017052,0,7,0,0.0,2.0,2.0,15.0,A01
201400017052,0,7,0,0.0,2.0,2.0,1.0,B01
201400017053,0,2,0,0.0,2.0,1.0,2.0,A01
201400017053,0,7,0,0.0,0.0,4.0,15.0,B01
201400017054,0,7,0,0.0,1.0,1.0,1.0,A01
201400017055,0,7,0,0.0,2.0,3.0,1.0,A01
201400017055,0,1,0,0.0,2.0,1.0,1.0,B01
201400017056,0,7,0,0.0,2.0,2.0,1.0,B01
201400017056,0,10,0,0.0,2.0,8.0,9.0,A01
201400017057,0,7,0,0.0,2.0,8.0,1.0,B01
201400017057,0,2,0,0.0,2.0,1.0,1.0,A01
201400017058,0,15,0,0.0,2.0,2.0,15.0,A01
201400017058,0,7,0,0.0,2.0,8.0,1.0,B01
201400017059,0,7,0,0.0,2.0,1.0,2.0,A01
201400017059,0,7,0,0.0,0.0,4.0,15.0,B01
201400017060,0,7,0,0.0,1.0,2.0,20.0,A01
201400017061,0,7,0,0.0,2.0,1.0,2.0,A01
201400017061,0,7,0,0.0,2.0,4.0,2.0,B01
201400017062,0,7,0,0.0,1.0,3.0,1.0,A01
201400017063,0,7,0,0.0,2.0,3.0,1.0,B01
201400017063,0,7,0,0.0,2.0,1.0,19.0,A01
201400017064,0,7,0,0.0,2.0,3.0,15.0,A01
201400017064,0,30,0,0.0,2.0,1.0,1.0,B01
201400017065,0,2,0,0.0,0.0,7.0,21.0,B01
201400017066,1,7,0,0.0,2.0,4.0,1.0,B01
201400017066,0,7,0,0.0,2.0,1.0,2.0,A01
201400017067,0,2,0,0.0,2.0,1.0,2.0,A01
201400017067,0,7,0,0.0,2.0,5.0,2.0,B01
201400017068,0,7,0,0.0,2.0,2.0,15.0,A01
201400017068,0,33,0,0.0,2.0,1.0,1.0,B01
201400017069,0,33,0,1.0,0.0,1.0,13.0,A01
201400017070,0,7,0,0.0,2.0,6.0,19.0,A01
201400017070,0,7,0,0.0,2.0,1.0,1.0,B01
201400017071,0,7,0,0.0,2.0,3.0,15.0,A01
201400017071,0,33,0,0.0,2.0,1.0,17.0,B01
201400017072,0,7,0,0.0,2.0,1.0,13.0,A01
201400017072,0,7,0,0.0,2.0,1.0,1.0,B01
201400017073,0,2,0,0.0,0.0,0.0,21.0,B01
201400017074,0,30,0,0.0,2.0,1.0,13.0,A01
201400017074,0,7,0,0.0,2.0,1.0,1.0,B01
201400017075,0,7,0,0.0,2.0,2.0,19.0,A01
201400017075,0,2,0,0.0,2.0,8.0,1.0,B01
201400017076,1,99,0,0.0,2.0,2.0,0.0,A01
201400017076,0,30,0,0.0,2.0,1.0,0.0,B01
201400017077,0,30,0,12.0,0.0,8.0,1.0,A01
201400017078,0,2,0,0.0,2.0,1.0,2.0,A01
201400017078,1,7,0,0.0,0.0,4.0,23.0,B01
201400017079,0,7,0,1.0,1.0,1.0,0.0,A01
201400017080,1,7,0,0.0,2.0,7.0,17.0,A01
201400017080,0,2,0,0.0,2.0,8.0,15.0,B01
201400017081,0,7,0,0.0,1.0,1.0,1.0,A01
201400017082,0,17,0,0.0,1.0,4.0,4.0,A01
201400017083,0,7,0,0.0,2.0,3.0,9.0,A01
201400017083,0,15,0,0.0,2.0,2.0,1.0,B01
201400017084,0,30,0,0.0,2.0,7.0,2.0,B01
201400017084,0,7,0,0.0,2.0,3.0,2.0,A01
201400017085,0,7,0,0.0,1.0,1.0,1.0,A01
201400017086,0,7,0,0.0,1.0,4.0,4.0,A01
201400017087,0,7,0,0.0,2.0,1.0,2.0,A01
201400017087,0,7,0,0.0,0.0,4.0,2.0,B01
201400017088,0,33,0,0.0,0.0,0.0,1.0,A01
201400017089,0,7,0,0.0,2.0,7.0,20.0,A01
201400017089,0,31,0,0.0,2.0,1.0,1.0,B01
201400017090,0,7,0,13.0,0.0,0.0,1.0,A01
201400017091,0,7,0,0.0,2.0,1.0,1.0,C01
201400017091,0,7,0,0.0,2.0,1.0,9.0,A01
201400017091,0,7,0,0.0,2.0,2.0,1.0,B01
201400017092,0,7,0,8.0,0.0,9.0,1.0,A01
201400017093,0,7,0,0.0,2.0,1.0,1.0,A01
201400017093,0,7,0,0.0,2.0,1.0,1.0,B01
201400017094,0,1,0,0.0,2.0,1.0,16.0,B02
201400017094,0,7,0,0.0,2.0,1.0,15.0,A01
201400017095,0,7,0,0.0,2.0,1.0,1.0,A01
201400017095,0,2,0,0.0,2.0,1.0,13.0,B01
201400017096,0,7,0,0.0,1.0,1.0,16.0,A01
201400017097,0,3,0,1.0,0.0,1.0,1.0,A01
201400017098,0,30,0,0.0,2.0,1.0,1.0,A01
201400017098,0,7,0,0.0,2.0,6.0,1.0,B01
201400017099,0,7,0,0.0,0.0,0.0,1.0,A01
201400017100,0,7,0,0.0,2.0,1.0,2.0,A01
201400017100,0,7,0,0.0,0.0,4.0,2.0,B01
201400017100,0,7,0,0.0,0.0,4.0,2.0,C01
201400017101,0,33,0,0.0,2.0,1.0,1.0,B02
201400017101,0,7,0,0.0,2.0,3.0,20.0,A01
201400017102,0,7,0,0.0,2.0,7.0,1.0,B02
201400017102,0,1,0,0.0,2.0,1.0,5.0,A01
201400017103,0,15,0,0.0,6.0,7.0,1.0,A01
201400017104,0,7,0,0.0,0.0,6.0,15.0,B02
201400017104,0,33,0,0.0,2.0,1.0,17.0,A01
201400017105,0,7,0,10.0,0.0,1.0,15.0,A01
201400017106,0,7,0,16.0,0.0,9.0,1.0,A01
201400017107,0,30,0,0.0,2.0,1.0,5.0,A01
201400017107,0,7,0,0.0,2.0,1.0,1.0,B02
201400017108,0,31,0,13.0,0.0,7.0,14.0,A01
201400017109,0,33,0,15.0,0.0,1.0,14.0,A01
201400017110,0,7,0,0.0,2.0,2.0,17.0,A01
201400017110,0,7,0,0.0,2.0,8.0,15.0,B02
201400017111,0,7,0,0.0,2.0,7.0,13.0,A01
201400017111,0,10,0,0.0,2.0,1.0,1.0,B02
201400017112,0,7,0,0.0,2.0,3.0,1.0,A01
201400017112,0,3,0,0.0,2.0,8.0,19.0,B02
201400017113,0,2,0,0.0,0.0,0.0,0.0,A01
201400017114,0,7,0,14.0,0.0,1.0,14.0,A01
201400017115,0,33,0,0.0,0.0,8.0,2.0,A01
201400017116,0,7,0,0.0,2.0,1.0,1.0,A01
201400017116,0,7,0,0.0,2.0,1.0,1.0,B02
201400017117,0,33,0,12.0,0.0,1.0,16.0,A01
201400017118,0,7,0,2.0,0.0,8.0,1.0,A01
201400017119,0,7,0,15.0,0.0,1.0,19.0,A01
201400017120,0,7,0,0.0,2.0,3.0,13.0,A01
201400017120,0,7,0,0.0,2.0,3.0,1.0,B02
201400017121,0,14,0,0.0,0.0,1.0,0.0,A01
201400017122,0,7,0,13.0,0.0,3.0,1.0,A01
201400017123,0,10,0,0.0,0.0,9.0,1.0,A01
201400017124,0,7,0,0.0,2.0,3.0,0.0,B02
201400017124,0,7,0,0.0,2.0,3.0,0.0,A01
201400017125,0,7,0,13.0,0.0,3.0,1.0,A01
201400017126,0,7,0,2.0,0.0,8.0,1.0,A01
201400017127,0,33,0,13.0,0.0,1.0,1.0,A01
201400017128,0,10,0,8.0,0.0,1.0,1.0,A01
201400017129,0,7,0,13.0,0.0,8.0,1.0,A01
201400017130,0,7,0,2.0,0.0,7.0,1.0,A01
201400017131,0,7,0,0.0,1.0,3.0,1.0,A01
201400017132,0,32,0,0.0,1.0,1.0,1.0,A01
201400017133,0,33,0,0.0,2.0,1.0,1.0,A01
201400017133,0,7,0,0.0,2.0,3.0,19.0,B02
201400017134,0,7,0,6.0,0.0,1.0,1.0,A01
201400017135,0,7,0,0.0,2.0,1.0,15.0,A01
201400017135,0,7,0,0.0,2.0,3.0,1.0,B02