Num_Acc,senc,catv,occutc,obs,obsm,choc,manv,num_veh
201400017136,0,2,0,0.0,2.0,3.0,13.0,A01
201400017136,0,7,0,0.0,2.0,3.0,1.0,B02
201400017137,0,38,1,0.0,0.0,0.0,1.0,B02
201400017137,0,33,0,0.0,2.0,0.0,1.0,A01
201400017138,0,7,0,0.0,0.0,3.0,0.0,A01
201400017138,0,7,0,14.0,0.0,3.0,0.0,B02
201400017139,0,7,0,13.0,0.0,9.0,1.0,A01
201400017140,0,7,0,10.0,0.0,3.0,1.0,A01
201400017141,0,33,0,0.0,2.0,7.0,17.0,A01
201400017142,0,7,0,2.0,0.0,7.0,1.0,A01
201400017143,0,7,0,6.0,0.0,2.0,1.0,A01
201400017144,0,10,0,0.0,2.0,1.0,1.0,B02
201400017144,0,10,0,0.0,2.0,1.0,1.0,A01
201400017145,0,7,0,0.0,2.0,5.0,1.0,A01
201400017145,0,7,0,0.0,2.0,1.0,1.0,B02
201400017146,0,7,0,0.0,2.0,1.0,13.0,A01
201400017146,0,17,0,0.0,2.0,3.0,1.0,B02
201400017147,0,7,0,0.0,2.0,3.0,1.0,B02
201400017147,0,7,0,0.0,2.0,1.0,13.0,A01
201400017148,0,35,0,0.0,0.0,1.0,1.0,B02
201400017148,0,7,0,0.0,2.0,2.0,1.0,A01
201400017149,0,7,0,0.0,2.0,4.0,2.0,F06
201400017149,0,7,0,0.0,2.0,6.0,2.0,C03
201400017149,0,7,0,0.0,2.0,6.0,2.0,D04
201400017149,0,7,0,0.0,0.0,4.0,2.0,G07
201400017149,0,10,0,4.0,2.0,1.0,2.0,A01
201400017149,0,7,0,0.0,2.0,4.0,2.0,E05
201400017149,0,10,0,0.0,2.0,4.0,2.0,B02
201400017150,0,10,0,0.0,0.0,9.0,0.0,A01
201400017151,0,7,0,0.0,1.0,1.0,1.0,A01
201400017152,0,7,0,0.0,2.0,1.0,1.0,B02
201400017152,0,1,0,0.0,2.0,1.0,1.0,A01
201400017153,0,7,0,0.0,2.0,1.0,1.0,B02
201400017153,0,7,0,0.0,2.0,1.0,13.0,A01
201400017154,0,7,0,8.0,0.0,1.0,1.0,A01
201400017155,0,7,0,13.0,0.0,1.0,1.0,A01
201400017156,0,7,0,0.0,1.0,3.0,19.0,A01
201400017157,0,7,0,0.0,2.0,1.0,1.0,A01
201400017157,0,7,0,0.0,2.0,7.0,1.0,B02
201400017158,0,7,0,3.0,0.0,3.0,13.0,A01
201400017159,0,7,0,15.0,0.0,3.0,1.0,A01
201400017160,0,7,0,0.0,2.0,1.0,1.0,C03
201400017160,0,7,0,0.0,2.0,3.0,13.0,A01
201400017160,0,7,0,0.0,2.0,3.0,1.0,B02
201400017161,0,7,0,0.0,2.0,2.0,1.0,B02
201400017161,0,7,0,8.0,2.0,3.0,1.0,A01
201400017162,0,7,0,0.0,0.0,9.0,1.0,A01
201400017163,0,15,0,13.0,0.0,2.0,1.0,A01
201400017164,0,7,0,0.0,2.0,8.0,1.0,B02
201400017164,0,7,0,0.0,2.0,8.0,13.0,A01
201400017165,0,7,0,0.0,2.0,1.0,13.0,B02
201400017165,0,7,0,0.0,2.0,1.0,1.0,A01
201400017166,0,7,0,0.0,2.0,2.0,1.0,A01
201400017166,0,1,0,0.0,2.0,8.0,15.0,B02
201400017167,0,17,0,0.0,2.0,3.0,1.0,B02
201400017167,0,7,0,0.0,2.0,3.0,5.0,A01
201400017168,0,33,0,4.0,0.0,1.0,1.0,A01
201400017169,0,7,0,0.0,2.0,9.0,1.0,A01
201400017170,0,1,0,0.0,2.0,1.0,19.0,B02
201400017170,0,7,0,0.0,2.0,2.0,1.0,A01
201400017171,0,33,0,3.0,2.0,1.0,1.0,A01
201400017172,0,7,0,0.0,2.0,8.0,1.0,B02
201400017172,0,7,0,0.0,2.0,7.0,15.0,A01
201400017173,0,7,0,0.0,0.0,0.0,1.0,A01
201400017174,0,7,0,13.0,0.0,9.0,1.0,A01
201400017175,0,7,0,,,,,B01
201400017175,0,7,0,,,,,A02
201400017175,0,15,0,,,,,C03
201400017176,0,7,0,13.0,0.0,1.0,1.0,A01
201400017177,0,7,0,0.0,2.0,3.0,1.0,B02
201400017177,0,7,0,0.0,2.0,3.0,17.0,A01
201400017178,0,7,0,0.0,2.0,1.0,1.0,A01
201400017178,0,1,0,0.0,2.0,8.0,19.0,B02
201400017179,0,7,0,0.0,2.0,1.0,1.0,B02
201400017179,0,30,0,0.0,2.0,1.0,13.0,A01
201400017180,0,32,0,,,1.0,,B02
201400017180,0,7,0,,,4.0,20.0,A01
201400017181,0,7,0,,,,,B01
201400017181,0,7,0,,,,,A01
201400017182,0,7,0,0.0,2.0,2.0,10.0,A01
201400017182,0,2,0,0.0,2.0,1.0,1.0,B02
201400017183,0,7,0,0.0,2.0,2.0,6.0,A01
201400017183,0,36,0,0.0,2.0,6.0,1.0,B02
201400017184,0,30,0,,,,,A01
201400017185,0,7,0,,,9.0,2.0,A01
201400017186,0,7,0,1.0,2.0,8.0,15.0,A01
201400017186,0,7,0,1.0,2.0,2.0,17.0,B02
201400017187,0,7,0,0.0,2.0,3.0,1.0,B02
201400017187,0,7,0,0.0,2.0,3.0,5.0,A01
201400017188,0,7,0,0.0,2.0,8.0,15.0,B02
201400017188,0,33,0,0.0,2.0,1.0,17.0,A01
201400017189,0,7,0,0.0,2.0,2.0,2.0,A01
201400017189,0,1,0,0.0,2.0,6.0,2.0,B02
201400017190,0,31,0,0.0,2.0,3.0,15.0,B02
201400017190,0,7,0,0.0,2.0,2.0,1.0,A01
201400017191,0,33,0,0.0,2.0,1.0,19.0,A01
201400017191,0,7,0,0.0,2.0,3.0,1.0,B02
201400017192,0,33,0,0.0,0.0,4.0,1.0,A01
201400017192,0,33,0,0.0,2.0,1.0,1.0,B02
201400017193,0,7,0,8.0,0.0,1.0,1.0,A01
201400017194,0,33,0,0.0,2.0,0.0,13.0,A01
201400017194,0,7,0,0.0,2.0,2.0,1.0,B02
201400017195,0,7,0,6.0,0.0,1.0,1.0,A01
201400017196,0,7,0,0.0,2.0,3.0,1.0,B02
201400017196,0,7,0,0.0,2.0,1.0,13.0,A01
201400017197,0,10,0,0.0,2.0,8.0,13.0,A01
201400017197,0,33,0,0.0,2.0,3.0,13.0,B02
201400017198,0,7,0,2.0,0.0,2.0,1.0,A01
201400017199,0,2,0,3.0,0.0,2.0,1.0,A01
201400017200,0,7,0,0.0,2.0,1.0,13.0,A01
201400017200,0,33,0,0.0,2.0,1.0,1.0,B02
201400017201,0,31,0,0.0,2.0,7.0,17.0,A01
201400017201,0,7,0,0.0,2.0,8.0,1.0,B02
201400017202,0,99,0,0.0,2.0,2.0,19.0,A01
201400017202,0,7,0,0.0,2.0,2.0,1.0,B02
201400017203,0,33,0,0.0,0.0,9.0,1.0,A01
201400017204,0,7,0,0.0,6.0,9.0,1.0,A01
201400017205,0,7,0,0.0,9.0,1.0,1.0,A01
201400017205,1,14,0,0.0,0.0,0.0,1.0,B02
201400017206,0,10,0,13.0,0.0,1.0,13.0,A01
201400017207,0,7,0,0.0,2.0,2.0,1.0,A01
201400017207,0,7,0,0.0,2.0,3.0,19.0,B02
201400017208,0,7,0,0.0,2.0,1.0,2.0,A01
201400017208,0,33,0,0.0,2.0,4.0,2.0,B02
201400017209,0,10,0,13.0,0.0,1.0,1.0,A01
201400017210,0,33,0,0.0,6.0,1.0,1.0,A01
201400017211,0,7,0,0.0,0.0,2.0,5.0,A01
201400017211,0,7,0,0.0,0.0,1.0,5.0,B02
201400017212,0,7,0,16.0,0.0,3.0,13.0,A01
201400017213,0,7,0,2.0,0.0,1.0,1.0,A01
201400017214,0,7,0,2.0,0.0,8.0,1.0,A01
201400017215,0,7,0,0.0,2.0,2.0,1.0,A01
201400017215,0,7,0,0.0,2.0,3.0,9.0,B02
201400017216,0,7,0,2.0,0.0,2.0,1.0,A01
201400017217,0,10,0,0.0,2.0,1.0,15.0,A01
201400017217,0,7,0,0.0,2.0,3.0,1.0,B02
201400017218,0,7,0,0.0,2.0,1.0,1.0,A01
201400017218,0,7,0,0.0,2.0,1.0,1.0,B02
201400017219,0,31,0,0.0,0.0,6.0,1.0,A01
201400017220,0,7,0,0.0,1.0,5.0,14.0,A01
201400017221,0,7,0,0.0,2.0,1.0,13.0,A01
201400017221,0,7,0,0.0,2.0,1.0,1.0,B02
201400017222,0,33,0,0.0,0.0,1.0,1.0,A01
201400017222,0,30,0,0.0,0.0,8.0,19.0,B02
201400017223,0,7,0,0.0,2.0,1.0,15.0,A01
201400017223,0,2,0,0.0,2.0,3.0,1.0,B02
201400017224,0,7,0,1.0,1.0,3.0,24.0,A01
201400017225,0,7,0,0.0,2.0,2.0,15.0,A01
201400017225,0,7,0,0.0,2.0,1.0,1.0,B02
201400017226,0,7,0,2.0,0.0,1.0,1.0,A01
201400017227,0,10,0,0.0,2.0,0.0,15.0,A01
201400017227,0,33,0,0.0,2.0,8.0,1.0,B02
201400017228,0,21,0,0.0,0.0,0.0,19.0,B02
201400017228,0,7,0,16.0,0.0,0.0,21.0,A01
201400017229,0,7,0,0.0,1.0,3.0,15.0,A01
201400017230,0,7,0,0.0,2.0,0.0,13.0,A01
201400017230,0,7,0,0.0,2.0,2.0,2.0,B02
201400017231,0,7,0,1.0,1.0,2.0,14.0,A01
201400017232,0,7,0,0.0,0.0,7.0,15.0,A01
201400017232,0,33,0,0.0,0.0,1.0,0.0,B02
201400017233,0,7,0,0.0,2.0,3.0,1.0,A01
201400017233,0,7,0,0.0,2.0,3.0,1.0,B02
201400017234,0,7,0,0.0,1.0,2.0,1.0,A01
201400017235,0,7,0,0.0,2.0,3.0,1.0,A01
201400017235,0,14,0,0.0,2.0,2.0,1.0,B02
201400017236,0,33,0,0.0,2.0,1.0,13.0,A01
201400017236,0,7,0,0.0,2.0,3.0,1.0,B02
201400017237,0,30,0,0.0,2.0,7.0,1.0,A01
201400017237,0,7,0,0.0,2.0,1.0,1.0,B02
201400017238,0,7,0,0.0,2.0,1.0,1.0,B02
201400017238,0,7,0,0.0,2.0,2.0,15.0,A01
201400017239,0,7,0,0.0,1.0,0.0,1.0,A01
201400017240,0,7,0,0.0,2.0,1.0,19.0,B01
201400017240,0,10,0,0.0,2.0,1.0,23.0,C02
201400017240,0,7,0,0.0,2.0,8.0,1.0,A01
201400017241,0,7,0,13.0,0.0,3.0,21.0,A01
201400017242,0,2,0,0.0,2.0,1.0,13.0,A01
201400017242,0,7,0,0.0,2.0,3.0,1.0,B02
201400017243,0,7,0,0.0,2.0,5.0,19.0,A01
201400017243,0,33,0,0.0,2.0,3.0,1.0,B02
201400017244,0,7,0,0.0,2.0,3.0,13.0,A01
201400017244,0,7,0,0.0,2.0,8.0,1.0,B02
201400017244,0,7,0,0.0,2.0,3.0,1.0,C03
201400017245,0,7,0,0.0,2.0,8.0,1.0,A01
201400017245,0,1,0,0.0,2.0,1.0,1.0,B02
201400017245,0,1,0,0.0,2.0,1.0,1.0,C03
201400017246,0,7,0,0.0,2.0,1.0,1.0,A01
201400017246,0,7,0,0.0,2.0,8.0,19.0,B02
201400017247,0,33,0,3.0,0.0,7.0,1.0,A01
201400017248,0,7,0,13.0,0.0,9.0,13.0,A01
201400017249,0,7,0,13.0,0.0,3.0,1.0,A01
201400017250,0,7,0,0.0,2.0,1.0,1.0,A01
201400017250,0,7,0,0.0,2.0,1.0,5.0,B02
201400017250,0,7,0,0.0,2.0,6.0,1.0,C03
201400017251,0,7,0,0.0,0.0,1.0,0.0,B02
201400017251,0,7,0,0.0,0.0,3.0,0.0,A01
201400017252,0,2,0,0.0,0.0,4.0,2.0,B02
201400017252,0,7,0,0.0,2.0,3.0,2.0,A01
201400017253,0,7,0,8.0,0.0,3.0,13.0,A01
201400017254,0,7,0,2.0,0.0,7.0,13.0,A01
201400017255,0,7,0,0.0,0.0,9.0,13.0,A01
201400017256,0,7,0,0.0,2.0,2.0,15.0,A01
201400017256,0,7,0,0.0,2.0,1.0,1.0,B02
201400017257,0,7,0,0.0,1.0,8.0,1.0,A01
201400017258,0,21,0,0.0,1.0,5.0,1.0,A01
201400017259,0,2,0,0.0,2.0,1.0,5.0,B02
201400017259,0,7,0,0.0,2.0,7.0,1.0,A01
201400017260,0,7,0,0.0,2.0,6.0,23.0,A01
201400017260,0,30,0,0.0,2.0,1.0,21.0,B02
201400017261,0,7,0,0.0,2.0,1.0,1.0,A01
201400017261,0,33,0,0.0,2.0,8.0,19.0,B02
201400017262,0,7,0,8.0,0.0,9.0,1.0,A01
201400017263,0,7,0,2.0,0.0,2.0,1.0,A01
201400017264,0,7,0,13.0,0.0,1.0,17.0,A01
201400017264,0,21,0,0.0,0.0,0.0,15.0,B02
201400017265,0,7,0,10.0,0.0,1.0,1.0,A01
201400017266,0,33,0,9.0,0.0,1.0,1.0,A01
201400017267,0,15,0,0.0,1.0,1.0,16.0,A01
201400017268,0,7,0,0.0,1.0,1.0,19.0,A01
201400017269,0,7,0,0.0,2.0,1.0,11.0,A01
201400017269,0,15,0,0.0,2.0,3.0,21.0,B02
201400017270,0,7,0,13.0,0.0,1.0,14.0,A01
201400017271,0,1,0,0.0,0.0,4.0,16.0,A01
201400017271,0,10,0,0.0,0.0,2.0,1.0,B02
201400017272,0,1,0,0.0,2.0,1.0,1.0,A01
201400017272,0,17,0,0.0,0.0,4.0,15.0,B02
201400017273,0,7,0,0.0,2.0,1.0,15.0,A01
201400017273,0,2,0,0.0,2.0,1.0,1.0,B02
201400017274,0,7,0,0.0,1.0,3.0,1.0,A01
201400017275,0,7,0,0.0,2.0,1.0,1.0,A01
201400017275,0,21,0,0.0,2.0,8.0,6.0,B02
201400017276,0,32,0,0.0,2.0,1.0,1.0,B02
201400017276,0,14,0,0.0,2.0,7.0,15.0,A01
201400017277,0,33,0,0.0,0.0,8.0,1.0,A01
201400017278,0,36,0,13.0,0.0,3.0,1.0,A01
201400017279,0,7,0,0.0,2.0,1.0,1.0,B02
201400017279,0,33,0,0.0,2.0,1.0,1.0,A01
201400017280,0,7,0,0.0,2.0,1.0,0.0,A01
201400017280,0,7,0,0.0,2.0,1.0,0.0,B02
201400017281,0,33,0,2.0,0.0,1.0,1.0,A01
201400017282,0,1,0,0.0,2.0,1.0,1.0,B02
201400017282,0,7,0,0.0,2.0,3.0,13.0,A01
201400017283,0,33,0,0.0,0.0,3.0,1.0,A01
201400017284,0,7,0,13.0,0.0,3.0,1.0,A01
201400017285,0,10,0,0.0,2.0,3.0,15.0,B02
201400017285,0,7,0,2.0,2.0,2.0,17.0,A01
201400017286,0,7,0,0.0,2.0,3.0,1.0,B02
201400017286,0,7,0,0.0,2.0,1.0,13.0,A01
201400017287,0,7,0,0.0,2.0,1.0,5.0,A01
201400017287,0,7,0,0.0,2.0,1.0,1.0,B02
201400017288,0,7,0,13.0,2.0,3.0,0.0,A01
201400017288,0,17,0,0.0,2.0,3.0,0.0,B02
201400017288,0,7,0,0.0,2.0,8.0,0.0,C03
201400017289,0,33,0,13.0,0.0,1.0,13.0,A01
201400017290,0,33,0,0.0,2.0,8.0,1.0,A01
201400017290,0,7,0,0.0,2.0,3.0,0.0,B02
201400017291,0,99,0,0.0,2.0,4.0,0.0,A01
201400017291,0,33,0,0.0,2.0,1.0,0.0,B02
201400017292,0,7,0,2.0,0.0,7.0,13.0,A01
201400017293,0,7,0,6.0,2.0,1.0,13.0,A01
201400017293,0,7,0,0.0,2.0,1.0,1.0,B02
201400017294,0,33,0,0.0,2.0,1.0,1.0,C03
201400017294,0,33,0,0.0,2.0,8.0,1.0,B02
201400017294,0,7,0,0.0,2.0,3.0,1.0,A01
201400017295,0,7,0,0.0,2.0,1.0,1.0,B02
201400017295,0,7,0,0.0,2.0,7.0,13.0,A01
201400017296,0,7,0,0.0,1.0,3.0,1.0,A01
201400017297,0,30,0,0.0,0.0,8.0,1.0,A01
201400017298,0,7,0,0.0,1.0,2.0,14.0,A01
201400017299,0,1,0,0.0,0.0,0.0,2.0,A01
201400017300,0,7,0,0.0,2.0,3.0,17.0,A01
201400017300,0,7,0,0.0,2.0,2.0,2.0,B02
201400017301,0,7,0,8.0,0.0,2.0,1.0,A01
201400017302,0,10,0,0.0,0.0,2.0,1.0,B02
201400017302,0,7,0,0.0,0.0,1.0,5.0,A01
201400017303,0,7,0,0.0,1.0,1.0,1.0,A01
201400017304,0,7,0,2.0,0.0,1.0,13.0,A01
201400017305,0,7,0,0.0,1.0,1.0,1.0,A01
201400017306,0,7,0,0.0,2.0,6.0,23.0,A01
201400017306,0,7,0,0.0,2.0,6.0,23.0,B02
201400017306,0,7,0,1.0,0.0,2.0,1.0,C03
201400017306,0,7,0,0.0,2.0,6.0,1.0,D04
201400017306,0,7,0,1.0,0.0,9.0,1.0,E05
201400017306,0,7,0,1.0,0.0,0.0,1.0,F06
201400017307,0,7,0,0.0,2.0,1.0,1.0,A01
201400017307,0,2,0,,2.0,1.0,13.0,B02
201400017308,0,7,0,6.0,0.0,3.0,13.0,A01
201400017309,0,31,0,13.0,0.0,1.0,1.0,A01
201400017310,0,7,0,0.0,2.0,8.0,1.0,A01
201400017310,0,7,0,0.0,2.0,3.0,15.0,B02
201400017311,0,36,0,13.0,0.0,1.0,1.0,A01
201400017312,0,10,0,0.0,2.0,7.0,1.0,A01
201400017312,0,31,0,0.0,2.0,1.0,19.0,B02
201400017313,0,7,0,0.0,9.0,1.0,2.0,A01
201400017313,0,1,0,0.0,2.0,4.0,2.0,B02
201400017313,0,1,0,0.0,2.0,4.0,2.0,C03
201400017314,0,10,0,0.0,1.0,3.0,19.0,A01
201400017315,0,7,0,0.0,2.0,3.0,10.0,A01
201400017315,0,2,0,0.0,2.0,1.0,1.0,B02
201400017316,0,7,0,0.0,2.0,3.0,13.0,A01
201400017316,0,10,0,0.0,2.0,3.0,1.0,B02
201400017316,0,10,0,0.0,2.0,1.0,1.0,C03
201400017317,0,7,0,0.0,0.0,1.0,15.0,A01
201400017317,0,1,0,0.0,2.0,4.0,15.0,B02
201400017318,0,7,0,13.0,0.0,3.0,13.0,A01
201400017319,0,1,0,6.0,0.0,1.0,1.0,A01
201400017320,0,7,0,7.0,0.0,1.0,1.0,A01
201400017321,0,7,0,0.0,2.0,3.0,2.0,B02
201400017321,0,33,0,0.0,2.0,9.0,17.0,A01
201400017322,0,7,0,0.0,2.0,1.0,1.0,B02
201400017322,0,7,0,0.0,2.0,7.0,16.0,A01
201400017323,0,7,0,0.0,6.0,7.0,14.0,A01
201400017324,0,7,0,0.0,2.0,1.0,13.0,A01
201400017324,0,7,0,0.0,2.0,1.0,1.0,B02
201400017325,0,7,0,0.0,0.0,9.0,1.0,A01
201400017326,0,7,0,0.0,2.0,1.0,1.0,B02
201400017326,0,7,0,0.0,2.0,2.0,1.0,A01
201400017327,0,7,0,13.0,0.0,1.0,13.0,A01
201400017328,0,7,0,0.0,2.0,4.0,20.0,A01
201400017328,0,30,0,0.0,2.0,7.0,1.0,B02
201400017329,0,7,0,0.0,1.0,2.0,1.0,A01
201400017330,0,10,0,2.0,0.0,8.0,1.0,A01
201400017331,0,10,0,8.0,0.0,1.0,1.0,A01
201400017332,0,7,0,13.0,0.0,1.0,16.0,A01
201400017333,0,30,0,0.0,2.0,1.0,19.0,A01
201400017333,0,7,0,0.0,2.0,3.0,15.0,B02
201400017334,0,7,0,0.0,2.0,7.0,19.0,A01
201400017334,0,7,0,0.0,2.0,1.0,1.0,B02
201400017335,0,7,0,0.0,2.0,2.0,15.0,A01
201400017335,0,7,0,0.0,2.0,2.0,1.0,B02
201400017336,0,7,0,0.0,2.0,1.0,1.0,B02
201400017336,0,7,0,0.0,2.0,1.0,13.0,A01
201400017337,0,33,0,1.0,0.0,2.0,1.0,A01
201400017338,0,7,0,13.0,0.0,8.0,13.0,A01
201400017339,1,7,0,0.0,1.0,8.0,1.0,A01
201400017340,0,10,0,0.0,1.0,3.0,1.0,A01
201400017341,0,33,0,15.0,0.0,3.0,1.0,A01
201400017342,0,7,0,0.0,2.0,2.0,17.0,A01
201400017342,0,2,0,0.0,2.0,6.0,13.0,B02
201400017343,0,7,0,0.0,2.0,1.0,1.0,B02
201400017343,0,7,0,0.0,2.0,7.0,19.0,A01
201400017344,0,7,0,2.0,0.0,8.0,13.0,A01
201400017345,0,7,0,2.0,0.0,1.0,1.0,A01
201400017346,0,7,0,0.0,1.0,2.0,1.0,A01
201400017347,0,33,0,1.0,0.0,0.0,21.0,A01
201400017348,0,30,0,16.0,0.0,8.0,1.0,A01
201400017349,0,7,0,2.0,0.0,1.0,0.0,A01
201400017350,0,7,0,2.0,0.0,1.0,13.0,A01
201400017351,0,33,0,9.0,0.0,1.0,1.0,A01
201400017352,0,7,0,0.0,2.0,1.0,2.0,A01
201400017352,0,7,0,0.0,2.0,4.0,2.0,B02
201400017353,0,7,0,2.0,0.0,5.0,13.0,A01
201400017354,0,7,0,13.0,0.0,1.0,13.0,A01
201400017355,0,7,0,9.0,0.0,1.0,17.0,A01
201400017356,0,7,0,2.0,0.0,8.0,1.0,A01
201400017357,0,7,0,0.0,2.0,3.0,13.0,A01
201400017357,0,7,0,0.0,2.0,3.0,1.0,B02
201400017358,0,7,0,13.0,0.0,9.0,16.0,A01
201400017359,0,7,0,13.0,0.0,1.0,2.0,A01
201400017360,0,7,0,2.0,0.0,3.0,21.0,A01
201400017361,0,7,0,0.0,0.0,6.0,15.0,A01
201400017361,0,7,0,0.0,2.0,1.0,1.0,B02
201400017362,0,7,0,6.0,0.0,7.0,5.0,A01
201400017363,0,7,0,0.0,0.0,1.0,19.0,A01
201400017364,0,7,0,0.0,2.0,3.0,13.0,A01
201400017364,0,31,0,0.0,2.0,6.0,0.0,B02
201400017365,0,1,0,0.0,2.0,1.0,1.0,B02
201400017365,0,7,0,0.0,9.0,1.0,15.0,A01
201400017366,0,10,0,0.0,2.0,8.0,0.0,B02
201400017366,0,14,0,0.0,2.0,7.0,19.0,A01
201400017367,0,7,0,0.0,1.0,2.0,1.0,A01
201400017368,0,7,0,0.0,0.0,2.0,15.0,A01
201400017368,0,33,0,0.0,0.0,1.0,1.0,B02
201400017369,0,7,0,0.0,0.0,3.0,9.0,A01
201400017369,0,33,0,0.0,2.0,0.0,1.0,B02
201400017370,0,7,0,2.0,0.0,1.0,1.0,A01
201400017371,0,7,0,13.0,0.0,1.0,1.0,A01
201400017372,0,10,0,5.0,0.0,2.0,1.0,A01
201400017373,0,7,0,2.0,0.0,6.0,13.0,A01
201400017374,0,7,0,0.0,2.0,2.0,1.0,B01
201400017374,0,7,0,0.0,2.0,3.0,19.0,A01
201400017375,0,2,0,0.0,0.0,0.0,1.0,A01
201400017376,0,7,0,0.0,2.0,1.0,13.0,A01
201400017376,0,7,0,0.0,2.0,1.0,1.0,B02
201400017377,0,36,0,0.0,2.0,1.0,1.0,A01
201400017377,0,10,0,0.0,2.0,3.0,1.0,B01
201400017378,0,7,0,0.0,2.0,1.0,9.0,A01
201400017378,0,1,0,0.0,2.0,7.0,1.0,B01
201400017379,0,7,0,0.0,2.0,3.0,13.0,A01
201400017379,0,10,0,0.0,2.0,8.0,1.0,B01
201400017380,0,7,0,13.0,0.0,1.0,1.0,A01
201400017381,0,7,0,0.0,1.0,2.0,1.0,A01
201400017382,0,7,0,16.0,0.0,1.0,1.0,A01
201400017383,0,7,0,0.0,2.0,1.0,17.0,A01
201400017383,0,30,0,0.0,2.0,4.0,15.0,B02
201400017384,0,21,0,13.0,0.0,0.0,1.0,A01
201400017385,0,7,0,0.0,2.0,1.0,13.0,A01
201400017385,0,7,0,0.0,2.0,1.0,1.0,B01
201400017386,0,38,20,0.0,1.0,8.0,1.0,A01
201400017387,0,33,0,0.0,2.0,1.0,1.0,A01
201400017387,0,7,0,0.0,2.0,3.0,15.0,B02
201400017388,0,7,0,2.0,0.0,8.0,1.0,A01
201400017389,0,33,0,14.0,0.0,1.0,1.0,A01
201400017390,0,7,0,0.0,0.0,9.0,1.0,A01
201400017391,0,7,0,2.0,0.0,1.0,1.0,A01
201400017392,0,7,0,0.0,2.0,3.0,1.0,B02
201400017392,0,7,0,0.0,2.0,3.0,13.0,A01
201400017393,0,7,0,0.0,2.0,2.0,15.0,A02
201400017393,0,30,0,0.0,2.0,3.0,1.0,B01
201400017394,0,36,0,0.0,2.0,1.0,13.0,A01
201400017394,0,10,0,0.0,2.0,3.0,1.0,B01
201400017395,0,7,0,8.0,0.0,1.0,1.0,A01
201400017396,0,7,0,15.0,0.0,2.0,1.0,A01
201400017397,0,7,0,0.0,2.0,1.0,17.0,A01
201400017397,0,7,0,0.0,2.0,1.0,1.0,B02
201400017398,0,7,0,0.0,2.0,7.0,13.0,A01
201400017398,0,7,0,0.0,2.0,1.0,1.0,B01
201400017399,0,7,0,13.0,0.0,2.0,1.0,A01
201400017400,0,7,0,0.0,1.0,1.0,17.0,A01
201400017401,0,7,0,8.0,0.0,3.0,13.0,A01
201400017402,0,7,0,0.0,2.0,8.0,1.0,B02
201400017402,0,7,0,0.0,2.0,7.0,17.0,A01
201400017403,0,33,0,0.0,2.0,1.0,13.0,A01
201400017403,0,33,0,0.0,2.0,1.0,1.0,B02
201400017404,0,7,0,15.0,0.0,9.0,1.0,A01
201400017405,0,7,0,4.0,0.0,1.0,14.0,A01
201400017406,0,7,0,16.0,0.0,9.0,21.0,A01
201400017407,0,7,0,0.0,0.0,9.0,21.0,A01
201400017408,0,7,0,0.0,1.0,3.0,15.0,A01
201400017409,0,33,0,0.0,2.0,8.0,10.0,B02
201400017409,0,33,0,0.0,2.0,1.0,1.0,A01
201400017410,0,7,0,0.0,2.0,3.0,15.0,B02
201400017410,0,7,0,0.0,2.0,2.0,1.0,A01
201400017411,0,7,0,0.0,1.0,3.0,1.0,A01
201400017412,0,10,0,0.0,2.0,2.0,1.0,B02
201400017412,0,31,0,0.0,2.0,1.0,13.0,A01
201400017413,0,7,0,2.0,0.0,2.0,0.0,A01
201400017414,0,7,0,2.0,0.0,7.0,1.0,A01
201400017415,0,33,0,0.0,2.0,8.0,17.0,A01
201400017415,0,10,0,0.0,2.0,3.0,1.0,B02
201400017416,0,7,0,2.0,0.0,1.0,1.0,A01
201400017417,0,7,0,0.0,2.0,5.0,4.0,A01
201400017417,0,31,0,0.0,2.0,1.0,1.0,B02
201400017418,0,36,0,0.0,9.0,2.0,2.0,A01
201400017418,0,1,0,0.0,2.0,4.0,2.0,B02
201400017419,0,7,0,0.0,2.0,3.0,1.0,C03
201400017419,0,17,0,0.0,2.0,0.0,1.0,A01
201400017420,0,7,0,0.0,2.0,3.0,1.0,A01
201400017420,0,31,0,8.0,2.0,7.0,1.0,B02
201400017421,0,7,0,2.0,0.0,2.0,1.0,A01
201400017422,0,2,0,13.0,0.0,9.0,17.0,A01
201400017422,0,21,0,0.0,0.0,0.0,23.0,B02
201400017423,0,7,0,16.0,0.0,1.0,13.0,A01
201400017424,0,7,0,6.0,0.0,2.0,1.0,A01
201400017425,0,33,0,0.0,6.0,1.0,1.0,A01
201400017426,0,7,0,8.0,0.0,3.0,13.0,A01
201400017427,0,7,0,0.0,2.0,2.0,15.0,A01
201400017427,0,7,0,0.0,2.0,2.0,1.0,B02
201400017428,0,7,0,8.0,0.0,3.0,1.0,A01
201400017429,0,7,0,0.0,2.0,1.0,1.0,A01
201400017429,0,30,0,0.0,2.0,1.0,15.0,B02
201400017430,0,2,0,0.0,2.0,1.0,1.0,A01
201400017430,0,7,0,0.0,2.0,8.0,15.0,B02
201400017431,0,7,0,2.0,0.0,1.0,1.0,A01
201400017432,0,7,0,0.0,2.0,1.0,1.0,B02
201400017432,0,7,0,0.0,2.0,3.0,16.0,A01