Num_Acc,senc,catv,occutc,obs,obsm,choc,manv,num_veh
201400017433,0,1,0,0.0,1.0,1.0,1.0,A01
201400017434,0,36,0,0.0,0.0,8.0,10.0,A01
201400017435,0,33,0,13.0,0.0,1.0,1.0,A01
201400017436,0,33,0,0.0,0.0,7.0,1.0,A01
201400017437,0,7,0,0.0,1.0,2.0,16.0,A01
201400017438,0,31,0,0.0,2.0,1.0,1.0,A01
201400017438,0,14,0,0.0,2.0,5.0,1.0,B02
201400017439,0,10,0,2.0,0.0,3.0,1.0,A01
201400017440,0,7,0,13.0,0.0,1.0,1.0,A01
201400017441,0,7,0,0.0,2.0,8.0,23.0,C03
201400017441,0,10,0,0.0,2.0,2.0,15.0,A01
201400017441,0,7,0,0.0,2.0,3.0,1.0,B02
201400017442,0,7,0,0.0,2.0,2.0,19.0,A01
201400017442,0,7,0,0.0,2.0,1.0,1.0,B02
201400017443,0,7,0,0.0,0.0,3.0,14.0,A01
201400017444,0,7,0,0.0,2.0,1.0,13.0,A02
201400017444,0,7,0,0.0,2.0,1.0,1.0,B01
201400017445,0,7,0,13.0,0.0,2.0,14.0,A01
201400017446,0,33,0,0.0,2.0,1.0,1.0,B02
201400017446,0,7,0,0.0,2.0,6.0,10.0,A01
201400017447,0,10,0,13.0,0.0,9.0,1.0,A01
201400017448,0,7,0,13.0,0.0,1.0,1.0,A01
201400017449,0,7,0,16.0,0.0,9.0,1.0,A01
201400017450,0,33,0,12.0,0.0,1.0,1.0,A01
201400017451,0,7,0,0.0,1.0,1.0,21.0,A01
201400017452,0,10,0,0.0,2.0,1.0,1.0,B02
201400017452,0,7,0,0.0,2.0,1.0,13.0,A01
201400017453,0,7,0,0.0,1.0,3.0,1.0,A01
201400017454,0,7,0,0.0,2.0,1.0,19.0,A01
201400017454,0,10,0,0.0,2.0,7.0,19.0,B02
201400017455,0,7,0,8.0,0.0,9.0,14.0,A01
201400017456,0,15,0,0.0,2.0,3.0,1.0,B02
201400017456,0,7,0,0.0,2.0,3.0,13.0,A01
201400017457,0,7,0,0.0,1.0,7.0,1.0,A01
201400017458,0,33,0,0.0,2.0,8.0,1.0,B02
201400017458,0,7,0,0.0,2.0,3.0,15.0,A01
201400017459,0,7,0,13.0,0.0,9.0,21.0,A01
201400017460,0,33,0,0.0,0.0,8.0,1.0,A01
201400017461,0,7,0,0.0,2.0,3.0,1.0,B02
201400017461,0,3,0,0.0,2.0,3.0,13.0,A01
201400017462,0,7,0,0.0,2.0,3.0,9.0,B02
201400017462,0,2,0,0.0,2.0,5.0,1.0,A01
201400017463,0,7,0,0.0,2.0,8.0,15.0,A01
201400017463,0,33,0,0.0,2.0,1.0,1.0,B02
201400017464,0,7,0,0.0,1.0,2.0,1.0,A01
201400017465,0,7,0,0.0,2.0,8.0,1.0,A01
201400017465,0,32,0,0.0,2.0,1.0,13.0,B02
201400017466,0,7,0,0.0,1.0,7.0,1.0,A01
201400017467,0,30,0,0.0,0.0,1.0,13.0,A01
201400017467,0,13,0,0.0,0.0,1.0,1.0,B02
201400017468,0,7,0,2.0,0.0,1.0,1.0,A01
201400017469,0,7,0,0.0,1.0,3.0,1.0,A01
201400017470,0,7,0,6.0,2.0,3.0,1.0,A01
201400017470,0,10,0,0.0,2.0,3.0,1.0,B02
201400017471,0,7,0,6.0,0.0,1.0,13.0,A01
201400017472,0,33,0,0.0,2.0,8.0,1.0,B02
201400017472,0,21,0,0.0,2.0,6.0,19.0,A01
201400017473,0,7,0,0.0,0.0,8.0,1.0,B02
201400017473,0,7,0,0.0,2.0,3.0,17.0,A01
201400017473,0,7,0,0.0,0.0,1.0,1.0,C03
201400017474,0,1,0,0.0,2.0,4.0,9.0,A01
201400017474,0,7,0,0.0,2.0,1.0,1.0,B01
201400017475,0,7,0,0.0,2.0,6.0,1.0,B02
201400017475,0,7,0,0.0,2.0,3.0,13.0,A01
201400017476,0,7,0,2.0,0.0,1.0,1.0,A01
201400017477,0,7,0,0.0,2.0,2.0,15.0,A01
201400017477,0,7,0,0.0,2.0,1.0,1.0,B02
201400017478,0,2,0,1.0,0.0,1.0,1.0,A02
201400017478,0,2,0,0.0,2.0,4.0,23.0,B01
201400017479,0,7,0,3.0,6.0,1.0,1.0,A01
201400017480,0,7,0,0.0,2.0,7.0,15.0,A01
201400017480,0,2,0,0.0,2.0,1.0,1.0,B02
201400017481,0,7,0,2.0,0.0,8.0,17.0,A01
201400017482,0,1,0,4.0,0.0,7.0,1.0,A01
201400017483,0,2,0,0.0,2.0,1.0,17.0,A01
201400017483,0,33,0,0.0,2.0,2.0,1.0,B02
201400017484,0,7,0,0.0,2.0,3.0,17.0,A01
201400017484,0,7,0,0.0,2.0,3.0,1.0,B02
201400017485,0,33,0,0.0,2.0,1.0,17.0,A01
201400017485,0,7,0,0.0,2.0,6.0,15.0,B02
201400017486,0,33,0,11.0,0.0,1.0,1.0,A01
201400017487,0,33,0,0.0,2.0,1.0,17.0,A01
201400017487,0,7,0,0.0,2.0,3.0,1.0,B02
201400017488,0,10,0,0.0,1.0,1.0,1.0,A01
201400017489,0,7,0,6.0,0.0,7.0,1.0,A01
201400017490,0,20,0,13.0,0.0,9.0,1.0,A01
201400017491,0,7,0,0.0,2.0,2.0,9.0,A01
201400017491,0,1,0,0.0,2.0,4.0,1.0,B02
201400017492,0,7,0,0.0,0.0,1.0,1.0,B02
201400017492,0,7,0,0.0,0.0,8.0,15.0,A01
201400017493,0,7,0,0.0,2.0,5.0,1.0,B02
201400017493,0,7,0,0.0,2.0,2.0,5.0,A01
201400017494,0,10,0,0.0,1.0,2.0,1.0,A01
201400017495,0,7,0,0.0,2.0,9.0,2.0,C03
201400017495,0,7,0,0.0,2.0,6.0,2.0,A01
201400017495,0,7,0,0.0,2.0,9.0,2.0,B02
201400017495,0,7,0,0.0,2.0,1.0,2.0,D04
201400017496,0,7,0,2.0,0.0,1.0,0.0,A01
201400017497,0,33,0,0.0,0.0,1.0,0.0,A01
201400017498,0,7,0,8.0,0.0,1.0,1.0,A01
201400017499,0,7,0,0.0,2.0,2.0,15.0,A01
201400017499,0,7,0,0.0,2.0,7.0,1.0,B02
201400017500,0,7,0,0.0,2.0,2.0,1.0,A01
201400017500,0,1,0,0.0,2.0,1.0,5.0,B02
201400017501,0,7,0,0.0,1.0,2.0,2.0,A01
201400017502,0,7,0,2.0,0.0,1.0,1.0,A01
201400017503,0,7,0,2.0,0.0,7.0,1.0,A01
201400017504,0,7,0,0.0,2.0,1.0,1.0,B02
201400017504,0,7,0,0.0,2.0,1.0,1.0,C03
201400017504,0,7,0,0.0,2.0,1.0,13.0,A01
201400017505,0,7,0,0.0,2.0,3.0,1.0,A01
201400017505,0,21,0,0.0,2.0,8.0,1.0,B02
201400017506,0,7,0,0.0,2.0,3.0,13.0,A01
201400017506,0,33,0,0.0,2.0,1.0,1.0,B02
201400017507,0,33,0,13.0,0.0,1.0,1.0,A01
201400017508,0,7,0,13.0,0.0,1.0,1.0,A01
201400017509,0,33,0,3.0,0.0,7.0,1.0,A01
201400017510,0,7,0,0.0,2.0,3.0,1.0,C03
201400017510,0,7,0,0.0,2.0,8.0,1.0,B02
201400017510,0,7,0,0.0,2.0,1.0,13.0,A01
201400017511,0,33,0,13.0,0.0,1.0,1.0,A01
201400017511,0,33,0,13.0,0.0,1.0,1.0,B02
201400017512,0,7,0,0.0,2.0,2.0,13.0,A01
201400017512,0,7,0,0.0,2.0,2.0,21.0,B02
201400017513,0,7,0,0.0,2.0,3.0,1.0,B02
201400017513,0,30,0,0.0,2.0,1.0,1.0,A01
201400017514,0,7,0,13.0,0.0,9.0,21.0,A01
201400017515,0,7,0,8.0,0.0,1.0,1.0,A01
201400017516,0,7,0,0.0,1.0,2.0,1.0,A01
201400017517,0,7,0,0.0,2.0,3.0,19.0,A01
201400017517,0,33,0,0.0,2.0,1.0,1.0,B02
201400017518,0,7,0,0.0,0.0,6.0,1.0,B02
201400017518,0,7,0,0.0,2.0,3.0,1.0,A01
201400017519,0,33,0,0.0,2.0,2.0,1.0,B02
201400017519,0,7,0,1.0,2.0,3.0,9.0,A01
201400017520,0,10,0,0.0,2.0,5.0,15.0,A01
201400017520,0,2,0,0.0,2.0,1.0,1.0,B02
201400017521,0,33,0,0.0,2.0,8.0,1.0,B02
201400017521,0,33,0,0.0,2.0,7.0,14.0,A01
201400017522,0,30,0,8.0,0.0,1.0,1.0,A01
201400017523,0,10,0,0.0,2.0,1.0,1.0,B02
201400017523,0,10,0,0.0,2.0,1.0,13.0,A01
201400017524,0,7,0,13.0,0.0,3.0,13.0,A01
201400017525,0,7,0,0.0,2.0,1.0,13.0,A01
201400017525,0,7,0,0.0,2.0,1.0,1.0,B02
201400017526,0,2,0,0.0,0.0,8.0,1.0,A01
201400017527,0,10,0,0.0,2.0,2.0,1.0,A01
201400017527,0,2,0,0.0,2.0,1.0,16.0,B02
201400017528,0,7,0,2.0,0.0,9.0,21.0,A01
201400017529,0,7,0,0.0,2.0,2.0,1.0,B02
201400017529,0,7,0,0.0,2.0,2.0,17.0,A01
201400017530,0,7,0,0.0,2.0,3.0,1.0,A01
201400017530,0,7,0,0.0,2.0,2.0,1.0,B02
201400017531,0,7,0,0.0,2.0,3.0,1.0,B02
201400017531,0,3,0,0.0,2.0,1.0,13.0,A01
201400017532,0,10,0,13.0,0.0,9.0,1.0,A01
201400017533,0,7,0,0.0,2.0,1.0,15.0,A01
201400017533,0,7,0,0.0,2.0,1.0,1.0,B02
201400017534,0,7,0,13.0,0.0,1.0,1.0,A01
201400017535,0,10,0,0.0,2.0,3.0,1.0,B02
201400017535,0,7,0,0.0,2.0,1.0,13.0,A01
201400017536,0,7,0,13.0,0.0,3.0,1.0,A01
201400017537,0,7,0,13.0,0.0,3.0,1.0,A01
201400017538,0,7,0,2.0,0.0,2.0,1.0,A01
201400017539,0,7,0,0.0,2.0,7.0,1.0,A01
201400017539,0,21,0,0.0,2.0,1.0,1.0,B02
201400017540,0,7,0,0.0,2.0,6.0,19.0,A01
201400017540,0,30,0,0.0,2.0,1.0,1.0,B02
201400017541,0,7,0,2.0,0.0,1.0,1.0,A01
201400017542,0,7,0,7.0,0.0,4.0,1.0,A01
201400017543,0,7,0,16.0,0.0,0.0,0.0,A01
201400017544,0,33,0,0.0,0.0,8.0,1.0,A01
201400017545,0,33,0,0.0,0.0,2.0,1.0,A01
201400017546,0,7,0,0.0,2.0,2.0,1.0,A01
201400017546,0,7,0,0.0,2.0,2.0,1.0,B02
201400017547,0,7,0,0.0,1.0,4.0,4.0,A01
201400017548,0,7,0,0.0,2.0,1.0,1.0,A01
201400017548,0,7,0,0.0,2.0,6.0,19.0,B02
201400017549,0,7,0,0.0,2.0,1.0,21.0,B02
201400017549,0,21,0,0.0,2.0,2.0,15.0,A01
201400017550,0,7,0,0.0,2.0,1.0,1.0,A01
201400017550,0,7,0,0.0,2.0,8.0,1.0,B02
201400017551,0,7,0,2.0,0.0,1.0,14.0,A01
201400017552,0,7,0,9.0,0.0,2.0,1.0,A01
201400017553,0,7,0,13.0,0.0,8.0,1.0,A01
201400017554,0,7,0,0.0,2.0,7.0,13.0,A01
201400017554,0,7,0,0.0,2.0,1.0,1.0,B02
201400017555,0,7,0,0.0,2.0,1.0,1.0,B02
201400017555,0,7,0,0.0,2.0,7.0,13.0,A01
201400017556,0,7,0,0.0,2.0,5.0,13.0,A01
201400017556,0,7,0,0.0,2.0,1.0,1.0,B02
201400017557,0,7,0,0.0,1.0,1.0,1.0,A01
201400017558,0,7,0,0.0,2.0,9.0,14.0,A01
201400017558,0,7,0,0.0,2.0,1.0,21.0,B02
201400017558,0,7,0,0.0,2.0,5.0,21.0,C03
201400017559,0,7,0,0.0,2.0,1.0,15.0,A01
201400017559,0,7,0,0.0,2.0,1.0,1.0,B02
201400017560,0,10,0,0.0,2.0,3.0,1.0,A01
201400017560,0,7,0,0.0,2.0,3.0,1.0,B02
201400017561,0,7,0,0.0,2.0,3.0,1.0,A01
201400017561,0,7,0,0.0,2.0,1.0,1.0,B02
201400017562,0,7,0,0.0,2.0,1.0,11.0,A01
201400017562,0,7,0,0.0,2.0,8.0,15.0,B02
201400017563,0,33,0,0.0,2.0,1.0,1.0,A01
201400017563,0,7,0,0.0,2.0,7.0,15.0,B02
201400017564,0,7,0,0.0,2.0,1.0,2.0,A01
201400017564,0,7,0,0.0,0.0,4.0,23.0,B02
201400017565,0,7,0,0.0,1.0,3.0,1.0,A01
201400017566,0,15,0,0.0,2.0,1.0,1.0,B02
201400017566,0,7,0,0.0,2.0,5.0,19.0,A01
201400017567,0,7,0,0.0,1.0,2.0,19.0,A01
201400017568,0,7,0,0.0,2.0,0.0,1.0,B02
201400017568,0,7,0,0.0,2.0,3.0,1.0,A01
201400017569,0,7,0,3.0,2.0,3.0,13.0,A01
201400017569,0,7,0,0.0,2.0,3.0,1.0,B02
201400017570,0,7,0,0.0,2.0,3.0,1.0,A01
201400017570,0,7,0,0.0,2.0,2.0,1.0,B02
201400017571,0,7,0,0.0,2.0,1.0,19.0,C03
201400017571,0,10,0,0.0,2.0,3.0,1.0,B02
201400017571,0,7,0,0.0,2.0,1.0,1.0,A01
201400017572,0,7,0,0.0,9.0,3.0,1.0,A01
201400017572,0,1,0,0.0,2.0,2.0,1.0,B02
201400017573,1,7,0,0.0,1.0,3.0,1.0,A01
201400017574,0,7,0,0.0,0.0,1.0,15.0,A01
201400017574,0,30,0,0.0,0.0,8.0,1.0,B02
201400017575,0,7,0,0.0,2.0,1.0,1.0,B02
201400017575,0,33,0,0.0,2.0,1.0,1.0,A01
201400017576,0,7,0,0.0,2.0,3.0,1.0,B02
201400017576,0,3,0,0.0,2.0,1.0,13.0,A01
201400017577,0,7,0,8.0,0.0,2.0,0.0,A01
201400017578,0,7,0,0.0,1.0,1.0,1.0,A01
201400017579,0,7,0,0.0,2.0,1.0,1.0,A01
201400017579,0,7,0,0.0,2.0,8.0,19.0,B02
201400017580,0,7,0,6.0,0.0,1.0,1.0,A01
201400017581,0,32,0,12.0,0.0,1.0,1.0,A01
201400017582,0,7,0,0.0,0.0,8.0,19.0,A01
201400017582,0,7,0,0.0,0.0,1.0,1.0,B02
201400017583,0,7,0,6.0,0.0,3.0,1.0,A01
201400017584,0,7,0,0.0,2.0,1.0,1.0,B02
201400017584,0,7,0,0.0,2.0,3.0,1.0,A01
201400017584,0,7,0,0.0,2.0,1.0,0.0,C03
201400017585,0,30,0,0.0,0.0,0.0,0.0,B02
201400017585,0,10,0,0.0,2.0,1.0,0.0,A01
201400017586,0,7,0,0.0,9.0,7.0,15.0,A01
201400017586,0,1,0,0.0,0.0,0.0,0.0,B02
201400017587,0,1,0,0.0,2.0,0.0,21.0,A01
201400017587,0,13,0,0.0,2.0,3.0,1.0,B02
201400017588,0,7,0,7.0,0.0,1.0,1.0,A01
201400017589,0,7,0,0.0,2.0,3.0,13.0,A01
201400017589,0,7,0,0.0,2.0,3.0,1.0,B02
201400017590,0,33,0,9.0,0.0,1.0,1.0,A01
201400017591,0,32,0,0.0,2.0,1.0,1.0,A01
201400017591,0,21,0,0.0,0.0,5.0,11.0,B02
201400017592,0,7,0,2.0,0.0,3.0,1.0,A01
201400017593,0,7,0,0.0,1.0,2.0,1.0,A01
201400017594,0,10,0,0.0,1.0,1.0,1.0,A01
201400017595,0,7,0,0.0,2.0,1.0,13.0,A01
201400017595,0,7,0,0.0,2.0,1.0,1.0,B02
201400017596,0,7,0,0.0,2.0,5.0,1.0,A01
201400017596,0,2,0,0.0,2.0,1.0,1.0,B02
201400017597,0,7,0,0.0,1.0,1.0,1.0,A01
201400017598,0,7,0,0.0,2.0,3.0,15.0,A01
201400017598,0,10,0,0.0,2.0,2.0,1.0,B02
201400017599,0,33,0,0.0,2.0,7.0,16.0,B02
201400017599,0,7,0,0.0,2.0,3.0,16.0,A01
201400017600,0,7,0,0.0,2.0,1.0,17.0,A01
201400017600,0,7,0,0.0,2.0,1.0,1.0,B02
201400017601,0,10,0,0.0,2.0,3.0,13.0,B02
201400017601,0,15,0,0.0,2.0,3.0,1.0,A01
201400017602,0,2,0,0.0,2.0,3.0,13.0,A01
201400017602,0,7,0,0.0,2.0,3.0,1.0,B02
201400017603,0,17,0,0.0,2.0,3.0,1.0,A01
201400017603,0,7,0,0.0,2.0,1.0,13.0,B02
201400017604,0,7,0,0.0,2.0,4.0,1.0,A01
201400017604,0,30,0,0.0,2.0,1.0,1.0,B02
201400017605,0,7,0,0.0,6.0,9.0,1.0,A01
201400017606,0,7,0,0.0,0.0,8.0,1.0,A01
201400017607,0,14,0,0.0,1.0,3.0,1.0,A01
201400017608,0,7,0,0.0,9.0,5.0,12.0,A01
201400017608,0,1,0,0.0,2.0,8.0,1.0,B02
201400017609,0,7,0,6.0,1.0,2.0,20.0,A01
201400017610,0,7,0,0.0,2.0,1.0,5.0,A01
201400017610,0,7,0,0.0,2.0,3.0,1.0,B02
201400017611,0,33,0,4.0,0.0,3.0,1.0,A01
201400017612,0,33,0,1.0,0.0,1.0,1.0,A01
201400017612,0,7,0,1.0,2.0,6.0,23.0,B02
201400017612,0,7,0,0.0,2.0,4.0,23.0,C03
201400017613,0,31,0,0.0,0.0,7.0,19.0,A01
201400017614,0,33,0,13.0,0.0,3.0,1.0,A01
201400017615,0,7,0,6.0,0.0,2.0,1.0,A01
201400017616,0,7,0,0.0,0.0,5.0,1.0,A01
201400017616,0,30,0,0.0,0.0,2.0,0.0,B02
201400017617,0,33,0,0.0,1.0,1.0,0.0,A01
201400017618,0,14,0,0.0,0.0,2.0,1.0,A01
201400017619,0,7,0,0.0,0.0,9.0,13.0,A01
201400017620,0,14,0,0.0,2.0,1.0,1.0,B02
201400017620,0,7,0,0.0,2.0,1.0,5.0,A01
201400017621,0,38,1,0.0,2.0,8.0,5.0,B02
201400017621,0,33,0,0.0,2.0,8.0,5.0,A01
201400017622,0,7,0,0.0,2.0,3.0,1.0,B02
201400017622,0,31,0,0.0,2.0,1.0,5.0,A01
201400017623,0,10,0,0.0,2.0,1.0,1.0,A01
201400017623,0,7,0,0.0,2.0,1.0,5.0,B02
201400017624,0,7,0,0.0,2.0,1.0,5.0,A01
201400017624,0,7,0,0.0,2.0,1.0,1.0,B02
201400017625,0,7,0,2.0,0.0,1.0,14.0,A01
201400017626,0,10,0,0.0,2.0,1.0,2.0,A01
201400017626,0,7,0,0.0,2.0,4.0,15.0,B02
201400017627,0,14,0,0.0,2.0,3.0,1.0,B02
201400017627,0,99,0,13.0,2.0,2.0,5.0,A01
201400017628,0,30,0,0.0,0.0,8.0,1.0,A01
201400017629,0,30,0,0.0,0.0,0.0,13.0,A01
201400017630,0,7,0,0.0,6.0,0.0,0.0,A01
201400017631,0,7,0,0.0,2.0,3.0,1.0,B02
201400017631,1,10,0,0.0,2.0,3.0,13.0,A01
201400017632,0,33,0,10.0,0.0,1.0,1.0,A01
201400017632,0,33,0,0.0,2.0,1.0,2.0,B02
201400017633,0,7,0,0.0,2.0,3.0,1.0,B02
201400017633,0,7,0,0.0,2.0,3.0,13.0,A01
201400017634,0,33,0,0.0,6.0,1.0,1.0,A01
201400017635,0,7,0,0.0,2.0,2.0,13.0,A01
201400017635,0,7,0,0.0,2.0,1.0,1.0,B02
201400017636,0,7,0,2.0,0.0,2.0,1.0,A01
201400017637,1,7,0,0.0,1.0,0.0,0.0,A01
201400017638,0,7,0,13.0,0.0,9.0,14.0,A01
201400017639,0,7,0,0.0,0.0,1.0,13.0,A01
201400017639,0,7,0,0.0,2.0,1.0,0.0,B02
201400017640,0,7,0,2.0,0.0,3.0,1.0,A01
201400017641,0,7,0,0.0,1.0,3.0,15.0,A01
201400017642,0,14,0,0.0,2.0,3.0,0.0,B02
201400017642,0,7,0,0.0,2.0,7.0,13.0,A01
201400017643,0,7,0,0.0,0.0,3.0,1.0,A01
201400017644,0,7,0,0.0,1.0,3.0,1.0,A01
201400017645,0,39,0,0.0,9.0,2.0,1.0,A01
201400017645,0,1,0,0.0,4.0,7.0,1.0,B02
201400017646,0,33,0,16.0,0.0,0.0,1.0,A01
201400017647,0,33,0,8.0,2.0,1.0,2.0,A01
201400017647,0,3,0,0.0,0.0,3.0,24.0,C03
201400017647,0,7,0,0.0,0.0,5.0,14.0,B02
201400017648,0,7,0,0.0,0.0,2.0,1.0,A01
201400017648,0,1,0,0.0,0.0,8.0,19.0,B02
201400017649,0,14,0,0.0,2.0,1.0,1.0,B01
201400017649,0,7,0,0.0,2.0,8.0,15.0,A01
201400017650,0,7,0,0.0,1.0,3.0,1.0,A01
201400017651,0,7,0,0.0,2.0,1.0,17.0,A01
201400017651,0,7,0,0.0,2.0,1.0,1.0,B01
201400017652,0,7,0,0.0,0.0,1.0,1.0,B01
201400017652,0,7,0,0.0,2.0,1.0,15.0,A01
201400017653,0,7,0,0.0,2.0,4.0,17.0,B01
201400017653,0,33,0,0.0,2.0,1.0,17.0,A01
201400017654,0,7,0,0.0,2.0,1.0,1.0,A01
201400017654,0,7,0,0.0,2.0,5.0,13.0,B01
201400017655,0,33,0,0.0,2.0,1.0,1.0,B02
201400017655,0,2,0,0.0,2.0,8.0,15.0,A01
201400017656,0,7,0,0.0,6.0,9.0,14.0,A01
201400017657,0,2,0,0.0,2.0,1.0,21.0,A01
201400017657,0,7,0,0.0,9.0,2.0,9.0,B01
201400017658,0,33,0,0.0,2.0,1.0,17.0,A01
201400017658,0,7,0,0.0,2.0,6.0,15.0,B01
201400017659,0,7,0,0.0,1.0,2.0,1.0,A01
201400017660,0,7,0,0.0,2.0,8.0,1.0,A01
201400017661,0,7,0,0.0,2.0,7.0,15.0,A01
201400017661,0,7,0,0.0,2.0,1.0,1.0,B02
201400017662,0,7,0,0.0,2.0,2.0,15.0,A01
201400017662,0,7,0,0.0,2.0,3.0,1.0,B02
201400017663,0,7,0,0.0,2.0,8.0,1.0,A01
201400017663,0,31,0,0.0,2.0,2.0,1.0,B01
201400017664,0,7,0,0.0,2.0,2.0,1.0,A01
201400017664,1,7,0,0.0,2.0,3.0,16.0,B01
201400017665,0,21,0,0.0,2.0,4.0,15.0,A01
201400017665,0,7,0,0.0,2.0,1.0,17.0,B01
201400017666,0,1,0,0.0,2.0,1.0,19.0,A01
201400017666,0,7,0,0.0,2.0,3.0,1.0,B01
201400017667,0,30,0,0.0,2.0,1.0,15.0,A01
201400017667,0,7,0,0.0,2.0,2.0,1.0,B02
201400017668,0,17,0,0.0,2.0,2.0,1.0,B02
201400017668,0,7,0,0.0,0.0,8.0,19.0,A01
201400017669,0,7,0,0.0,2.0,8.0,1.0,B01
201400017669,0,7,0,0.0,2.0,1.0,16.0,A01
201400017670,0,7,0,0.0,2.0,3.0,15.0,A01
201400017670,0,30,0,0.0,2.0,1.0,1.0,B01
201400017671,0,7,0,0.0,2.0,8.0,6.0,A01
201400017671,0,2,0,0.0,2.0,1.0,1.0,B01
201400017672,0,30,0,0.0,2.0,1.0,13.0,A01
201400017672,0,7,0,0.0,2.0,1.0,1.0,B01
201400017673,0,30,0,0.0,2.0,1.0,2.0,A01
201400017673,0,7,0,0.0,2.0,5.0,15.0,B01
201400017674,0,14,0,0.0,1.0,5.0,1.0,A01
201400017675,0,21,0,0.0,2.0,8.0,15.0,A01
201400017675,0,10,0,0.0,2.0,2.0,17.0,B01
201400017676,0,30,0,0.0,2.0,8.0,1.0,A01
201400017676,0,7,0,0.0,2.0,8.0,1.0,B01
201400017677,0,7,0,0.0,2.0,3.0,17.0,A01
201400017677,0,7,0,0.0,2.0,3.0,1.0,B01
201400017678,0,7,0,0.0,2.0,3.0,1.0,B01
201400017678,0,7,0,2.0,2.0,8.0,13.0,A01
201400017679,0,7,0,0.0,2.0,1.0,2.0,A01
201400017679,0,10,0,0.0,0.0,4.0,23.0,B01
201400017680,0,1,0,0.0,0.0,9.0,21.0,A01
201400017681,0,7,0,16.0,0.0,1.0,1.0,A01
201400017682,0,7,0,0.0,0.0,3.0,1.0,A01
201400017682,0,7,0,0.0,0.0,1.0,19.0,B01
201400017683,0,7,0,0.0,0.0,2.0,1.0,B02
201400017683,0,7,0,0.0,0.0,1.0,13.0,A01
201400017684,0,33,0,0.0,2.0,1.0,1.0,B02
201400017684,0,10,0,0.0,2.0,2.0,13.0,A01
201400017685,0,7,0,0.0,2.0,3.0,1.0,A01
201400017685,0,17,0,0.0,2.0,3.0,13.0,B01
201400017686,0,7,0,13.0,0.0,8.0,1.0,A01
201400017687,0,7,0,13.0,0.0,0.0,13.0,A01
201400017688,0,7,0,0.0,2.0,6.0,19.0,A01
201400017688,0,7,0,0.0,2.0,1.0,1.0,B02
201400017689,0,2,0,0.0,2.0,1.0,19.0,B01
201400017689,0,10,0,0.0,2.0,2.0,1.0,A01
201400017690,0,7,0,0.0,1.0,5.0,1.0,A01
201400017691,0,7,0,0.0,2.0,4.0,15.0,B02
201400017691,0,7,0,0.0,2.0,3.0,1.0,D04
201400017691,0,7,0,0.0,2.0,8.0,1.0,E05
201400017691,0,7,0,0.0,2.0,3.0,1.0,C03
201400017691,0,7,0,0.0,2.0,1.0,1.0,A01
201400017692,0,7,0,0.0,2.0,1.0,1.0,B02
201400017692,0,31,0,0.0,2.0,1.0,13.0,A01
201400017693,0,1,0,0.0,2.0,7.0,1.0,A01
201400017693,0,7,0,0.0,9.0,1.0,9.0,B02
201400017694,0,7,0,0.0,2.0,2.0,19.0,B01
201400017694,0,2,0,0.0,2.0,1.0,1.0,A01
201400017695,0,7,0,0.0,1.0,3.0,1.0,A01
201400017696,0,7,0,0.0,6.0,2.0,21.0,A01
201400017697,0,1,0,0.0,2.0,1.0,0.0,B02
201400017697,0,7,0,0.0,9.0,3.0,1.0,A01
201400017698,0,7,0,0.0,,4.0,23.0,B02
201400017698,0,32,0,0.0,2.0,1.0,1.0,A01
201400017699,0,7,0,0.0,2.0,1.0,13.0,A01
201400017699,0,7,0,0.0,2.0,1.0,1.0,B02
201400017699,0,7,0,0.0,2.0,1.0,21.0,C03
201400017700,0,7,0,15.0,0.0,1.0,13.0,A01
201400017701,0,38,10,0.0,1.0,5.0,9.0,A01
201400017702,0,33,0,0.0,2.0,5.0,21.0,A01
201400017702,0,7,0,0.0,2.0,2.0,9.0,B02
201400017703,0,1,0,0.0,0.0,0.0,1.0,A01
201400017704,0,1,0,0.0,2.0,1.0,1.0,A01
201400017704,0,7,0,0.0,2.0,3.0,9.0,B02
201400017705,0,33,0,7.0,0.0,1.0,1.0,A01
201400017706,0,7,0,13.0,0.0,2.0,14.0,A01
201400017707,0,1,0,0.0,2.0,7.0,1.0,A01
201400017707,0,20,0,0.0,2.0,6.0,4.0,B02
201400017708,0,1,0,0.0,1.0,1.0,1.0,A01
201400017709,0,2,0,0.0,2.0,1.0,1.0,B02
201400017709,0,10,0,0.0,2.0,1.0,5.0,A01
201400017710,0,7,0,0.0,2.0,1.0,1.0,B02
201400017710,0,7,0,0.0,2.0,8.0,19.0,A01
201400017711,0,33,0,0.0,2.0,1.0,2.0,A01
201400017711,0,7,0,0.0,2.0,4.0,1.0,B02
201400017712,0,1,0,0.0,5.0,1.0,1.0,A01
201400017713,0,7,0,0.0,2.0,6.0,1.0,B01
201400017713,0,7,0,1.0,0.0,2.0,1.0,A01
201400017714,0,7,0,13.0,0.0,3.0,13.0,A01
201400017715,0,7,0,2.0,0.0,8.0,13.0,A01
201400017716,0,10,0,13.0,2.0,7.0,1.0,B01
201400017716,0,7,0,0.0,2.0,1.0,1.0,A01
201400017717,0,7,0,0.0,2.0,3.0,1.0,A01
201400017717,0,21,0,0.0,2.0,3.0,1.0,B02
201400017718,0,7,0,13.0,6.0,2.0,21.0,A01
201400017719,0,7,0,15.0,0.0,1.0,13.0,A01