Num_Acc,senc,catv,occutc,obs,obsm,choc,manv,num_veh
201400017720,0,7,0,0.0,2.0,6.0,19.0,A01
201400017720,0,33,0,0.0,2.0,1.0,1.0,B01
201400017721,0,7,0,0.0,2.0,2.0,21.0,B01
201400017721,0,7,0,0.0,2.0,2.0,17.0,A01
201400017722,0,3,0,0.0,2.0,4.0,23.0,A01
201400017722,0,1,0,0.0,2.0,1.0,2.0,B01
201400017723,0,33,0,1.0,0.0,1.0,1.0,A01
201400017724,0,7,0,0.0,2.0,1.0,1.0,A01
201400017724,0,7,0,0.0,2.0,8.0,15.0,B01
201400017725,0,10,0,0.0,0.0,8.0,1.0,A01
201400017726,0,30,0,0.0,0.0,0.0,1.0,A01
201400017727,0,1,0,13.0,0.0,1.0,14.0,A01
201400017728,0,7,0,0.0,1.0,2.0,1.0,A01
201400017729,0,33,0,0.0,2.0,1.0,13.0,A01
201400017729,0,7,0,0.0,2.0,1.0,1.0,B01
201400017730,0,30,0,0.0,2.0,7.0,1.0,B02
201400017730,0,7,0,0.0,2.0,3.0,1.0,A01
201400017731,0,7,0,0.0,2.0,4.0,23.0,A01
201400017731,0,7,0,0.0,2.0,1.0,1.0,B01
201400017732,0,33,0,0.0,2.0,1.0,21.0,A01
201400017732,0,7,0,13.0,2.0,3.0,13.0,B02
201400017733,0,7,0,13.0,0.0,3.0,13.0,A01
201400017734,0,7,0,13.0,2.0,6.0,10.0,A01
201400017734,0,7,0,15.0,2.0,3.0,17.0,B02
201400017735,0,31,0,3.0,0.0,1.0,13.0,A01
201400017736,0,7,0,2.0,0.0,1.0,1.0,A01
201400017737,0,7,0,0.0,2.0,1.0,1.0,B02
201400017737,0,7,0,0.0,2.0,7.0,13.0,A01
201400017738,0,7,0,0.0,2.0,1.0,1.0,A01
201400017738,0,7,0,0.0,2.0,1.0,1.0,B01
201400017739,0,31,0,0.0,2.0,0.0,2.0,A01
201400017740,0,7,0,2.0,0.0,3.0,13.0,A01
201400017741,0,2,0,0.0,2.0,2.0,15.0,B01
201400017741,0,10,0,0.0,2.0,3.0,1.0,A01
201400017742,0,30,0,0.0,2.0,0.0,1.0,A01
201400017742,1,7,0,0.0,2.0,4.0,2.0,B01
201400017743,0,33,0,0.0,2.0,0.0,17.0,A01
201400017743,0,7,0,0.0,2.0,3.0,1.0,B02
201400017744,0,7,0,0.0,2.0,3.0,10.0,A01
201400017744,0,31,0,0.0,2.0,1.0,2.0,B02
201400017745,0,7,0,0.0,0.0,1.0,1.0,B02
201400017745,0,7,0,0.0,0.0,8.0,1.0,A01
201400017746,0,7,0,0.0,0.0,2.0,0.0,A01
201400017747,0,7,0,0.0,2.0,2.0,1.0,A01
201400017747,0,1,0,0.0,2.0,4.0,1.0,B02
201400017748,0,7,0,2.0,0.0,7.0,1.0,A01
201400017749,0,33,0,0.0,0.0,0.0,0.0,A01
201400017750,0,7,0,0.0,1.0,1.0,1.0,A01
201400017751,0,1,0,0.0,2.0,8.0,21.0,B02
201400017751,0,7,0,0.0,2.0,1.0,15.0,A01
201400017752,0,10,0,0.0,2.0,1.0,13.0,A01
201400017752,0,14,0,0.0,2.0,1.0,1.0,B02
201400017753,0,33,0,0.0,2.0,9.0,13.0,A01
201400017753,0,7,0,0.0,2.0,1.0,1.0,B02
201400017753,0,7,0,0.0,2.0,8.0,1.0,C03
201400017754,0,7,0,0.0,2.0,8.0,19.0,B02
201400017754,0,10,0,0.0,2.0,1.0,1.0,A01
201400017755,0,33,0,6.0,0.0,2.0,1.0,A01
201400017756,0,7,0,16.0,2.0,1.0,1.0,B02
201400017756,0,7,0,16.0,2.0,1.0,1.0,A01
201400017756,0,30,0,16.0,9.0,5.0,1.0,C03
201400017757,0,7,0,8.0,0.0,2.0,14.0,A01
201400017758,0,7,0,13.0,0.0,2.0,1.0,A01
201400017759,0,7,0,2.0,0.0,7.0,13.0,A01
201400017760,0,33,0,16.0,0.0,2.0,1.0,A01
201400017761,0,7,0,0.0,2.0,3.0,13.0,A01
201400017761,0,7,0,0.0,2.0,1.0,1.0,B02
201400017762,0,33,0,0.0,2.0,1.0,1.0,A01
201400017762,0,7,0,0.0,2.0,4.0,1.0,B02
201400017763,0,7,0,13.0,0.0,2.0,1.0,A01
201400017764,0,7,0,0.0,0.0,3.0,1.0,B02
201400017764,0,7,0,0.0,0.0,1.0,1.0,A01
201400017765,0,10,0,0.0,2.0,1.0,13.0,A01
201400017765,0,14,0,0.0,2.0,1.0,1.0,B02
201400017766,0,7,0,8.0,0.0,1.0,13.0,A01
201400017767,0,7,0,0.0,0.0,0.0,15.0,A01
201400017768,0,33,0,0.0,0.0,1.0,0.0,A01
201400017768,0,7,0,0.0,0.0,4.0,0.0,B02
201400017769,0,3,0,0.0,2.0,1.0,5.0,A01
201400017769,0,7,0,0.0,2.0,1.0,1.0,B02
201400017770,0,33,0,0.0,2.0,3.0,1.0,B02
201400017770,0,33,0,0.0,2.0,3.0,1.0,A01
201400017771,0,34,0,0.0,2.0,1.0,17.0,A01
201400017771,0,10,0,0.0,0.0,4.0,15.0,B02
201400017772,0,14,0,5.0,2.0,3.0,1.0,B02
201400017772,0,14,0,13.0,2.0,3.0,13.0,A01
201400017773,0,33,0,13.0,0.0,1.0,1.0,A01
201400017774,0,31,0,13.0,0.0,3.0,0.0,A01
201400017775,0,33,0,5.0,0.0,1.0,1.0,A01
201400017776,0,7,0,2.0,0.0,1.0,0.0,A01
201400017777,0,7,0,0.0,2.0,1.0,13.0,A01
201400017777,0,7,0,0.0,2.0,1.0,1.0,B02
201400017778,0,2,0,0.0,2.0,1.0,13.0,B02
201400017778,0,7,0,0.0,2.0,2.0,1.0,A01
201400017779,0,7,0,0.0,9.0,1.0,13.0,A01
201400017779,0,1,0,0.0,2.0,1.0,1.0,B02
201400017780,0,7,0,6.0,0.0,1.0,1.0,A01
201400017781,0,7,0,0.0,2.0,8.0,1.0,B02
201400017781,0,7,0,0.0,2.0,6.0,1.0,C03
201400017781,0,7,0,0.0,2.0,8.0,13.0,A01
201400017782,0,30,0,0.0,2.0,1.0,16.0,A01
201400017782,0,10,0,0.0,0.0,8.0,1.0,B02
201400017783,0,7,0,0.0,2.0,3.0,11.0,C03
201400017783,0,10,0,0.0,2.0,3.0,1.0,B02
201400017783,0,7,0,0.0,2.0,1.0,11.0,A01
201400017784,0,7,0,0.0,2.0,3.0,1.0,A01
201400017784,0,30,0,0.0,2.0,7.0,19.0,B02
201400017785,0,7,0,0.0,2.0,8.0,15.0,A01
201400017785,0,7,0,0.0,2.0,1.0,1.0,B02
201400017786,0,7,0,0.0,2.0,3.0,19.0,B02
201400017786,0,30,0,0.0,2.0,5.0,1.0,A01
201400017787,0,3,0,0.0,1.0,3.0,2.0,A01
201400017788,0,7,0,13.0,0.0,2.0,1.0,A01
201400017789,0,2,0,0.0,2.0,1.0,5.0,A01
201400017789,0,7,0,0.0,2.0,3.0,5.0,B02
201400017790,0,33,0,0.0,0.0,7.0,0.0,A01
201400017791,0,31,0,0.0,2.0,1.0,1.0,B02
201400017791,0,7,0,0.0,2.0,8.0,15.0,A01
201400017792,0,33,0,0.0,2.0,1.0,13.0,B02
201400017792,0,7,0,0.0,2.0,1.0,1.0,A01
201400017793,0,17,0,0.0,2.0,8.0,21.0,B02
201400017793,0,10,0,0.0,2.0,3.0,13.0,A01
201400017794,0,17,0,13.0,2.0,3.0,1.0,B02
201400017794,0,10,0,13.0,2.0,3.0,13.0,A01
201400017795,0,7,0,0.0,2.0,4.0,1.0,B02
201400017795,0,7,0,0.0,2.0,1.0,1.0,A01
201400017796,0,7,0,0.0,2.0,2.0,1.0,A01
201400017796,0,30,0,0.0,2.0,1.0,9.0,B02
201400017797,0,33,0,0.0,5.0,1.0,1.0,A01
201400017798,0,7,0,0.0,2.0,7.0,1.0,A01
201400017798,0,31,0,0.0,2.0,1.0,9.0,B02
201400017799,0,7,0,0.0,1.0,1.0,1.0,A01
201400017800,0,7,0,0.0,2.0,1.0,1.0,A01
201400017800,0,7,0,0.0,2.0,4.0,1.0,B02
201400017801,0,7,0,0.0,2.0,3.0,1.0,A01
201400017801,0,7,0,0.0,2.0,3.0,1.0,B02
201400017802,0,33,0,0.0,0.0,7.0,1.0,A01
201400017803,0,1,0,0.0,0.0,7.0,16.0,A01
201400017804,0,10,0,0.0,0.0,0.0,17.0,B02
201400017804,0,33,0,13.0,0.0,1.0,17.0,A01
201400017805,0,7,0,0.0,2.0,1.0,1.0,B02
201400017806,0,38,0,0.0,2.0,3.0,1.0,A01
201400017806,0,7,0,0.0,2.0,3.0,1.0,B02
201400017807,0,7,0,0.0,2.0,1.0,1.0,B02
201400017807,0,30,0,0.0,2.0,1.0,1.0,C03
201400017807,0,7,0,0.0,2.0,1.0,13.0,A01
201400017808,0,33,0,8.0,0.0,1.0,1.0,A01
201400017809,0,32,0,0.0,2.0,2.0,0.0,A01
201400017809,0,7,0,0.0,2.0,3.0,0.0,B02
201400017810,0,33,0,0.0,2.0,7.0,1.0,A01
201400017810,0,30,0,0.0,2.0,4.0,19.0,B02
201400017811,0,38,0,13.0,0.0,2.0,1.0,A01
201400017812,0,7,0,0.0,1.0,1.0,1.0,A01
201400017813,0,31,0,0.0,2.0,2.0,2.0,A01
201400017813,0,7,0,0.0,0.0,4.0,23.0,B02
201400017814,0,7,0,0.0,1.0,2.0,19.0,A01
201400017815,0,33,0,0.0,0.0,1.0,1.0,A01
201400017816,0,7,0,0.0,0.0,1.0,1.0,A01
201400017816,0,99,0,0.0,0.0,8.0,0.0,B02
201400017817,0,7,0,0.0,2.0,1.0,1.0,A01
201400017817,0,99,0,0.0,2.0,1.0,1.0,B02
201400017818,0,7,0,8.0,0.0,0.0,0.0,A01
201400017819,0,7,0,2.0,0.0,5.0,1.0,A01
201400017820,0,7,0,0.0,2.0,1.0,19.0,A01
201400017820,0,7,0,0.0,2.0,7.0,21.0,B02
201400017821,0,7,0,0.0,2.0,5.0,15.0,A01
201400017821,0,33,0,0.0,2.0,1.0,21.0,B02
201400017822,0,10,0,0.0,2.0,1.0,1.0,B02
201400017822,0,7,0,0.0,2.0,3.0,1.0,A01
201400017823,0,33,0,16.0,0.0,0.0,1.0,A01
201400017824,0,7,0,2.0,0.0,3.0,0.0,A01
201400017825,0,7,0,6.0,0.0,2.0,1.0,A01
201400017826,0,10,0,13.0,0.0,3.0,0.0,A01
201400017827,0,7,0,2.0,0.0,2.0,14.0,A01
201400017828,0,7,0,0.0,0.0,6.0,23.0,A01
201400017828,0,7,0,14.0,2.0,2.0,21.0,B02
201400017828,0,7,0,0.0,2.0,1.0,1.0,C03
201400017829,0,7,0,0.0,2.0,2.0,18.0,A01
201400017829,0,33,0,0.0,2.0,8.0,9.0,B01
201400017830,0,7,0,2.0,0.0,2.0,14.0,A01
201400017831,0,10,0,0.0,2.0,8.0,1.0,B02
201400017831,0,7,0,0.0,2.0,3.0,1.0,A01
201400017832,0,7,0,13.0,0.0,8.0,13.0,A01
201400017833,0,7,0,13.0,0.0,5.0,1.0,A01
201400017834,0,1,0,0.0,0.0,1.0,1.0,A01
201400017835,0,7,0,0.0,1.0,3.0,1.0,A01
201400017836,0,30,0,0.0,2.0,1.0,1.0,A01
201400017836,0,7,0,0.0,2.0,8.0,1.0,B01
201400017837,0,7,0,2.0,0.0,1.0,1.0,A01
201400017838,0,7,0,0.0,2.0,1.0,1.0,A01
201400017838,0,7,0,2.0,2.0,8.0,9.0,B01
201400017839,0,7,0,0.0,2.0,2.0,15.0,A01
201400017839,0,30,0,0.0,2.0,1.0,1.0,B01
201400017840,0,7,0,7.0,0.0,9.0,13.0,A01
201400017841,0,7,0,13.0,0.0,1.0,21.0,A01
201400017842,0,10,0,0.0,1.0,4.0,4.0,A01
201400017843,0,30,0,0.0,2.0,1.0,18.0,B01
201400017843,0,7,0,0.0,2.0,7.0,16.0,A01
201400017844,0,1,0,0.0,2.0,1.0,19.0,B01
201400017844,0,7,0,0.0,2.0,2.0,15.0,A01
201400017845,1,7,0,0.0,2.0,7.0,1.0,A01
201400017845,0,30,0,0.0,2.0,8.0,1.0,B01
201400017846,0,7,0,2.0,0.0,2.0,0.0,A01
201400017847,0,30,0,0.0,0.0,7.0,1.0,A01
201400017848,0,7,0,0.0,2.0,1.0,5.0,A01
201400017848,0,7,0,0.0,2.0,1.0,1.0,B02
201400017849,0,7,0,0.0,2.0,8.0,13.0,A01
201400017849,0,2,0,0.0,2.0,7.0,1.0,B01
201400017850,0,7,0,0.0,2.0,8.0,9.0,A01
201400017850,0,7,0,0.0,2.0,1.0,1.0,B01
201400017851,0,30,0,0.0,0.0,7.0,16.0,A01
201400017852,0,33,0,0.0,2.0,1.0,1.0,B01
201400017852,0,7,0,0.0,2.0,7.0,9.0,A01
201400017853,0,30,0,0.0,0.0,0.0,21.0,A01
201400017854,0,7,0,0.0,0.0,7.0,1.0,A01
201400017854,0,30,0,0.0,0.0,8.0,1.0,B01
201400017855,0,7,0,0.0,1.0,4.0,20.0,A01
201400017856,0,7,0,0.0,1.0,0.0,1.0,A01
201400017857,0,7,0,13.0,0.0,1.0,1.0,A01
201400017858,0,7,0,13.0,0.0,8.0,1.0,A01
201400017859,0,7,0,0.0,2.0,3.0,9.0,A01
201400017859,0,33,0,0.0,2.0,1.0,1.0,B01
201400017860,0,31,0,1.0,0.0,1.0,1.0,A01
201400017861,0,99,0,0.0,1.0,4.0,4.0,A01
201400017862,0,7,0,0.0,2.0,7.0,17.0,A01
201400017862,0,30,0,0.0,2.0,8.0,1.0,B01
201400017863,0,7,0,0.0,0.0,2.0,1.0,A01
201400017864,0,7,0,0.0,2.0,1.0,2.0,A01
201400017864,0,7,0,0.0,2.0,4.0,1.0,B01
201400017865,0,7,0,13.0,0.0,9.0,1.0,A01
201400017866,0,36,0,0.0,2.0,1.0,1.0,B01
201400017866,0,7,0,0.0,2.0,7.0,9.0,A01
201400017867,0,7,0,0.0,1.0,4.0,4.0,A01
201400017868,0,1,0,0.0,1.0,1.0,1.0,A01
201400017869,0,7,0,0.0,1.0,1.0,4.0,A01
201400017869,0,7,0,0.0,2.0,1.0,1.0,B01
201400017870,0,7,0,0.0,2.0,1.0,2.0,A01
201400017870,0,7,0,0.0,2.0,4.0,2.0,B01
201400017871,0,7,0,1.0,0.0,1.0,21.0,A01
201400017872,0,7,0,0.0,9.0,6.0,0.0,A01
201400017872,0,33,0,0.0,2.0,1.0,2.0,B01
201400017873,0,33,0,0.0,0.0,1.0,0.0,A01
201400017874,0,33,0,0.0,0.0,2.0,0.0,A01
201400017875,0,7,0,0.0,0.0,3.0,9.0,A01
201400017875,0,2,0,0.0,2.0,1.0,1.0,B01
201400017876,0,2,0,0.0,2.0,1.0,1.0,A01
201400017876,0,7,0,0.0,2.0,3.0,1.0,B01
201400017877,0,7,0,0.0,1.0,7.0,1.0,A01
201400017878,0,2,0,0.0,0.0,8.0,1.0,A01
201400017879,0,13,0,15.0,0.0,2.0,1.0,A01
201400017880,0,7,0,0.0,1.0,1.0,1.0,A01
201400017881,0,3,0,0.0,2.0,7.0,1.0,A01
201400017881,0,7,0,0.0,2.0,1.0,5.0,B01
201400017882,0,7,0,14.0,1.0,1.0,1.0,A01
201400017883,0,7,0,15.0,9.0,1.0,1.0,A01
201400017884,2,7,0,0.0,2.0,3.0,1.0,A01
201400017884,0,7,0,0.0,2.0,3.0,1.0,B02
201400017885,0,33,0,3.0,0.0,7.0,1.0,A01
201400017886,0,10,0,0.0,1.0,4.0,23.0,A01
201400017887,0,7,0,0.0,2.0,4.0,0.0,B02
201400017887,0,7,0,1.0,1.0,5.0,1.0,A01
201400017888,0,7,0,13.0,0.0,1.0,15.0,A01
201400017889,0,1,0,0.0,0.0,4.0,1.0,B02
201400017889,0,10,0,0.0,9.0,2.0,1.0,A01
201400017890,0,33,0,0.0,2.0,1.0,1.0,A01
201400017890,0,10,0,0.0,0.0,4.0,23.0,B02
201400017891,0,7,0,0.0,2.0,3.0,13.0,A01
201400017891,0,7,0,0.0,2.0,3.0,1.0,B02
201400017892,0,10,0,0.0,2.0,1.0,1.0,A01
201400017892,0,10,0,0.0,2.0,1.0,15.0,B02
201400017893,0,7,0,0.0,2.0,3.0,1.0,A01
201400017893,0,1,0,0.0,2.0,1.0,13.0,B02
201400017894,0,7,0,0.0,1.0,3.0,1.0,A01
201400017895,0,33,0,0.0,9.0,1.0,1.0,B02
201400017895,0,33,0,0.0,9.0,1.0,1.0,A01
201400017896,0,7,0,0.0,2.0,3.0,15.0,A01
201400017896,0,7,0,0.0,2.0,2.0,1.0,B02
201400017897,0,7,0,0.0,2.0,7.0,1.0,A01
201400017897,0,7,0,0.0,2.0,1.0,1.0,B02
201400017898,0,33,0,0.0,0.0,7.0,1.0,A01
201400017899,0,10,0,0.0,2.0,1.0,1.0,A01
201400017899,0,7,0,0.0,2.0,4.0,1.0,B02
201400017900,0,33,0,0.0,0.0,0.0,1.0,A01
201400017901,0,7,0,0.0,2.0,1.0,1.0,A01
201400017901,0,33,0,0.0,2.0,1.0,1.0,B02
201400017902,0,33,0,0.0,0.0,0.0,1.0,A01
201400017903,0,7,0,0.0,2.0,1.0,1.0,C03
201400017903,0,7,0,0.0,2.0,3.0,13.0,A01
201400017903,0,7,0,0.0,2.0,3.0,1.0,B02
201400017904,0,10,0,13.0,0.0,3.0,1.0,A01
201400017905,0,10,0,13.0,0.0,1.0,21.0,A01
201400017906,0,7,0,0.0,0.0,1.0,13.0,A01
201400017906,0,7,0,0.0,0.0,1.0,0.0,B02
201400017907,0,33,0,0.0,2.0,1.0,2.0,A01
201400017907,0,1,0,0.0,2.0,4.0,15.0,B02
201400017908,0,7,0,0.0,1.0,2.0,1.0,A01
201400017909,0,7,0,0.0,2.0,2.0,1.0,A01
201400017909,0,7,0,0.0,2.0,1.0,1.0,B02
201400017910,0,7,0,0.0,2.0,6.0,17.0,A01
201400017910,0,33,0,0.0,2.0,0.0,13.0,B02
201400017911,0,7,0,0.0,2.0,1.0,15.0,A01
201400017911,0,7,0,0.0,2.0,2.0,1.0,B02
201400017912,0,7,0,0.0,2.0,1.0,17.0,A01
201400017912,0,7,0,0.0,2.0,1.0,1.0,B02
201400017913,0,7,0,0.0,2.0,3.0,13.0,A01
201400017913,0,7,0,0.0,2.0,3.0,1.0,B02
201400017914,0,7,0,0.0,2.0,1.0,1.0,A01
201400017914,0,37,0,0.0,2.0,2.0,1.0,B02
201400017915,0,7,0,13.0,0.0,4.0,4.0,A01
201400017916,0,7,0,0.0,2.0,1.0,13.0,A01
201400017916,0,7,0,0.0,2.0,3.0,1.0,B02
201400017917,0,10,0,0.0,1.0,8.0,1.0,A01
201400017918,0,7,0,0.0,2.0,8.0,15.0,B02
201400017918,0,30,0,0.0,2.0,1.0,17.0,A01
201400017919,0,7,0,0.0,2.0,3.0,13.0,A01
201400017919,0,17,0,0.0,2.0,3.0,1.0,B02
201400017920,0,7,0,6.0,0.0,2.0,1.0,A01
201400017921,0,7,0,13.0,0.0,9.0,1.0,A01
201400017922,0,7,0,0.0,2.0,1.0,1.0,B02
201400017922,0,7,0,0.0,2.0,1.0,1.0,C03
201400017922,0,10,0,0.0,2.0,6.0,13.0,A01
201400017923,0,7,0,0.0,2.0,1.0,17.0,A01
201400017923,0,7,0,0.0,2.0,8.0,15.0,B02
201400017924,0,7,0,0.0,2.0,7.0,13.0,A01
201400017924,0,7,0,0.0,2.0,1.0,1.0,B02
201400017925,0,33,0,0.0,2.0,9.0,1.0,B02
201400017925,0,7,0,0.0,0.0,2.0,19.0,A01
201400017926,0,7,0,0.0,2.0,3.0,15.0,A01
201400017926,0,33,0,0.0,2.0,6.0,0.0,B02
201400017927,0,14,0,0.0,2.0,8.0,0.0,B02
201400017927,0,10,0,0.0,2.0,7.0,17.0,A01
201400017928,0,30,0,1.0,0.0,2.0,1.0,A01
201400017929,0,7,0,0.0,2.0,1.0,1.0,B02
201400017929,0,30,0,0.0,2.0,1.0,13.0,A01
201400017930,0,7,0,0.0,2.0,2.0,23.0,A01
201400017930,0,1,0,0.0,2.0,3.0,1.0,B02
201400017931,0,30,0,15.0,0.0,1.0,1.0,A01
201400017932,0,7,0,16.0,6.0,9.0,1.0,A01
201400017933,0,30,0,12.0,0.0,7.0,1.0,A01
201400017934,0,1,0,0.0,2.0,8.0,1.0,B02
201400017934,0,21,0,0.0,2.0,1.0,15.0,A01
201400017935,0,7,0,8.0,0.0,3.0,16.0,A01
201400017936,0,7,0,0.0,2.0,3.0,13.0,A01
201400017936,0,15,0,0.0,2.0,3.0,1.0,B02
201400017937,0,7,0,0.0,2.0,3.0,15.0,B02
201400017937,0,1,0,0.0,2.0,1.0,1.0,A01
201400017938,0,17,0,7.0,0.0,1.0,1.0,A01
201400017939,0,7,0,0.0,2.0,0.0,2.0,A01
201400017939,0,7,0,0.0,9.0,4.0,2.0,B02
201400017940,0,7,0,0.0,2.0,8.0,1.0,C03
201400017940,0,7,0,0.0,9.0,1.0,1.0,E05
201400017940,0,10,0,0.0,2.0,8.0,1.0,G07
201400017940,0,7,0,0.0,2.0,1.0,1.0,B02
201400017940,0,7,0,0.0,2.0,1.0,5.0,A01
201400017940,0,10,0,0.0,2.0,7.0,21.0,F06
201400017940,0,7,0,0.0,9.0,1.0,1.0,D04
201400017940,0,17,0,0.0,9.0,0.0,1.0,H08
201400017941,0,17,0,0.0,2.0,2.0,13.0,A01
201400017941,0,17,0,0.0,2.0,3.0,1.0,B02
201400017942,0,7,0,0.0,2.0,3.0,1.0,B02
201400017942,0,7,0,0.0,2.0,2.0,5.0,A01
201400017943,0,7,0,0.0,2.0,7.0,15.0,A01
201400017943,0,33,0,0.0,2.0,2.0,1.0,B02
201400017944,0,7,0,0.0,2.0,3.0,13.0,A01
201400017944,0,15,0,0.0,2.0,3.0,1.0,B02
201400017945,0,33,0,0.0,0.0,1.0,0.0,A01
201400017945,0,7,0,0.0,0.0,6.0,0.0,B02
201400017946,0,7,0,2.0,0.0,3.0,14.0,A01
201400017947,0,10,0,6.0,2.0,8.0,1.0,B01
201400017947,0,7,0,0.0,2.0,8.0,13.0,A01
201400017948,0,2,0,0.0,2.0,7.0,2.0,B01
201400017948,0,7,0,0.0,2.0,3.0,9.0,A01
201400017949,0,7,0,0.0,2.0,2.0,1.0,B02
201400017949,0,7,0,0.0,0.0,1.0,19.0,A01
201400017950,0,7,0,0.0,2.0,1.0,1.0,B02
201400017950,0,10,0,0.0,2.0,1.0,1.0,A01
201400017951,0,7,0,0.0,1.0,2.0,1.0,A01
201400017952,0,33,0,0.0,0.0,1.0,1.0,A01
201400017953,0,7,0,15.0,0.0,3.0,13.0,A01
201400017954,0,10,0,0.0,0.0,0.0,14.0,A01
201400017955,0,7,0,0.0,2.0,1.0,1.0,A01
201400017955,0,10,0,0.0,0.0,8.0,23.0,C03
201400017955,0,7,0,0.0,0.0,7.0,1.0,B02
201400017956,0,7,0,3.0,0.0,2.0,1.0,A01
201400017957,0,7,0,0.0,2.0,2.0,19.0,A01
201400017957,0,7,0,0.0,2.0,8.0,1.0,B02
201400017958,0,7,0,0.0,1.0,3.0,15.0,A01
201400017959,0,7,0,2.0,0.0,2.0,1.0,A01
201400017960,0,7,0,2.0,0.0,3.0,1.0,A01
201400017961,0,10,0,0.0,0.0,9.0,21.0,A01
201400017962,0,1,0,0.0,2.0,3.0,1.0,B02
201400017962,0,7,0,0.0,2.0,5.0,12.0,A01
201400017963,0,14,0,0.0,2.0,1.0,9.0,B02
201400017963,0,7,0,0.0,2.0,7.0,1.0,A01
201400017963,0,7,0,0.0,2.0,3.0,19.0,C03
201400017964,0,7,0,4.0,0.0,7.0,1.0,A01
201400017965,0,7,0,0.0,9.0,5.0,16.0,A01
201400017965,0,1,0,0.0,2.0,1.0,15.0,B02
201400017966,0,7,0,6.0,0.0,2.0,1.0,A01
201400017967,0,7,0,3.0,0.0,9.0,14.0,A01
201400017968,0,33,0,0.0,2.0,1.0,2.0,A01
201400017968,0,7,0,0.0,2.0,6.0,15.0,B02
201400017969,0,7,0,0.0,2.0,1.0,13.0,A01
201400017969,0,7,0,0.0,2.0,1.0,1.0,B01
201400017970,0,7,0,2.0,0.0,2.0,14.0,A01
201400017971,0,7,0,2.0,0.0,1.0,1.0,A01
201400017972,0,7,0,13.0,0.0,9.0,14.0,A01
201400017973,0,10,0,0.0,2.0,3.0,1.0,A01
201400017973,0,7,0,0.0,2.0,2.0,15.0,B01
201400017974,0,7,0,0.0,2.0,7.0,1.0,B01
201400017974,0,7,0,0.0,2.0,3.0,16.0,A01
201400017975,0,7,0,0.0,2.0,3.0,15.0,B02
201400017975,0,33,0,0.0,2.0,1.0,1.0,A01
201400017976,0,7,0,0.0,1.0,1.0,1.0,A01
201400017977,0,7,0,0.0,2.0,3.0,15.0,B02
201400017977,0,31,0,0.0,2.0,8.0,1.0,A01
201400017978,0,7,0,0.0,2.0,1.0,1.0,B02
201400017978,0,33,0,0.0,2.0,1.0,1.0,A01
201400017979,0,7,0,0.0,2.0,2.0,19.0,A01
201400017979,0,7,0,0.0,2.0,7.0,1.0,C03
201400017979,0,7,0,0.0,2.0,1.0,1.0,B02
201400017980,0,7,0,2.0,0.0,0.0,1.0,A01
201400017981,0,7,0,6.0,0.0,3.0,5.0,A01
201400017982,0,7,0,0.0,2.0,1.0,1.0,B02
201400017982,0,7,0,0.0,2.0,3.0,13.0,A01
201400017983,0,33,0,3.0,0.0,1.0,1.0,A01
201400017984,0,7,0,13.0,0.0,1.0,1.0,A01
201400017985,0,31,0,0.0,2.0,1.0,1.0,A01
201400017986,0,7,0,0.0,2.0,1.0,13.0,A01
201400017986,0,7,0,0.0,2.0,3.0,1.0,B02
201400017987,0,7,0,0.0,2.0,3.0,9.0,A01
201400017987,0,7,0,0.0,2.0,1.0,2.0,B02
201400017988,0,7,0,0.0,1.0,1.0,1.0,A01
201400017989,0,10,0,0.0,2.0,3.0,1.0,B02
201400017989,0,10,0,0.0,2.0,2.0,1.0,A01
201400017990,0,7,0,0.0,2.0,7.0,13.0,A01
201400017990,0,2,0,0.0,2.0,1.0,1.0,B02
201400017991,0,7,0,0.0,2.0,2.0,5.0,A01
201400017991,0,14,0,0.0,2.0,1.0,5.0,B02
201400017992,0,7,0,0.0,1.0,2.0,1.0,A01
201400017993,0,7,0,0.0,2.0,1.0,1.0,A01
201400017993,0,7,0,0.0,2.0,9.0,23.0,B02
201400017993,0,7,0,15.0,2.0,3.0,1.0,C03
201400017994,0,7,0,0.0,2.0,2.0,15.0,A01
201400017994,0,33,0,0.0,2.0,1.0,1.0,B02
201400017995,0,33,0,0.0,0.0,8.0,1.0,A01
201400017996,0,7,0,13.0,0.0,1.0,1.0,A01
201400017997,0,33,0,0.0,2.0,3.0,13.0,A01
201400017997,0,7,0,0.0,2.0,3.0,1.0,B02
201400017997,0,33,0,0.0,2.0,8.0,2.0,C03
201400017998,0,7,0,0.0,2.0,2.0,1.0,A01
201400017998,0,7,0,0.0,2.0,0.0,1.0,B02
201400017999,0,7,0,2.0,0.0,3.0,13.0,A01
201400018000,0,33,0,0.0,2.0,0.0,16.0,A01
201400018000,0,7,0,0.0,2.0,3.0,1.0,B02
201400018001,0,7,0,0.0,2.0,8.0,13.0,A01
201400018001,0,33,0,0.0,2.0,3.0,1.0,B02
201400018002,0,15,0,0.0,0.0,6.0,15.0,A01
201400018002,0,7,0,0.0,2.0,1.0,1.0,B02
201400018003,0,7,0,0.0,1.0,3.0,15.0,A01
201400018004,0,33,0,0.0,2.0,8.0,13.0,A01
201400018004,0,7,0,0.0,2.0,3.0,0.0,B02
201400018005,0,33,0,0.0,1.0,1.0,1.0,A01