Num_Acc,senc,catv,occutc,obs,obsm,choc,manv,num_veh
201400018006,0,7,0,8.0,0.0,1.0,1.0,A01
201400018007,0,33,0,0.0,2.0,1.0,1.0,A01
201400018007,0,33,0,0.0,2.0,0.0,1.0,B02
201400018008,0,7,0,0.0,1.0,1.0,1.0,A01
201400018009,0,7,0,0.0,2.0,2.0,15.0,A01
201400018009,0,7,0,0.0,2.0,1.0,1.0,B02
201400018010,0,7,0,13.0,0.0,2.0,1.0,A01
201400018011,0,7,0,0.0,2.0,3.0,13.0,A01
201400018011,0,7,0,0.0,2.0,3.0,1.0,B02
201400018012,0,10,0,0.0,2.0,5.0,15.0,A01
201400018012,0,33,0,0.0,2.0,1.0,1.0,B02
201400018013,0,21,0,6.0,0.0,7.0,14.0,A01
201400018014,0,7,0,6.0,0.0,1.0,13.0,A01
201400018015,0,7,0,0.0,2.0,3.0,13.0,A01
201400018015,0,7,0,0.0,0.0,3.0,1.0,B02
201400018016,0,7,0,0.0,2.0,2.0,16.0,A01
201400018016,0,31,0,7.0,2.0,3.0,1.0,B02
201400018017,0,30,0,1.0,9.0,2.0,17.0,A01
201400018017,0,30,0,0.0,2.0,3.0,17.0,B02
201400018018,0,7,0,13.0,0.0,9.0,14.0,A01
201400018019,0,7,0,0.0,0.0,3.0,1.0,B02
201400018019,0,7,0,0.0,2.0,2.0,19.0,A01
201400018020,0,7,0,5.0,0.0,9.0,14.0,A01
201400018021,0,7,0,0.0,2.0,1.0,1.0,B02
201400018021,0,7,0,0.0,2.0,8.0,9.0,A01
201400018022,0,10,0,0.0,2.0,3.0,1.0,B02
201400018022,0,14,0,0.0,2.0,7.0,9.0,A01
201400018023,0,31,0,0.0,2.0,1.0,13.0,A01
201400018023,0,21,0,0.0,2.0,1.0,23.0,B02
201400018024,0,30,0,0.0,2.0,1.0,13.0,A01
201400018024,0,10,0,0.0,2.0,3.0,1.0,B02
201400018025,0,35,0,2.0,0.0,1.0,14.0,A01
201400018026,0,7,0,0.0,2.0,6.0,13.0,A01
201400018026,0,7,0,0.0,2.0,1.0,1.0,B02
201400018027,0,7,0,0.0,2.0,0.0,1.0,B02
201400018027,0,10,0,0.0,2.0,2.0,13.0,A01
201400018028,0,7,0,6.0,0.0,9.0,14.0,A01
201400018029,0,7,0,0.0,1.0,1.0,1.0,A01
201400018030,0,7,0,2.0,0.0,1.0,14.0,A01
201400018031,0,15,0,0.0,0.0,4.0,1.0,E05
201400018031,0,15,0,0.0,2.0,1.0,1.0,A01
201400018031,0,7,0,0.0,2.0,4.0,1.0,B02
201400018031,0,7,0,0.0,2.0,4.0,1.0,C03
201400018031,0,7,0,0.0,2.0,4.0,1.0,D04
201400018032,0,15,0,0.0,2.0,1.0,1.0,B02
201400018032,0,7,0,0.0,2.0,8.0,13.0,A01
201400018033,0,2,0,9.0,0.0,1.0,14.0,A01
201400018034,0,14,0,16.0,0.0,8.0,14.0,A01
201400018035,0,7,0,13.0,0.0,1.0,14.0,A01
201400018036,0,21,0,16.0,0.0,1.0,13.0,A01
201400018037,0,33,0,0.0,2.0,1.0,1.0,B02
201400018037,0,7,0,0.0,2.0,1.0,15.0,A01
201400018037,0,7,0,0.0,2.0,3.0,23.0,C03
201400018038,0,7,0,0.0,2.0,3.0,11.0,A01
201400018038,0,7,0,0.0,2.0,2.0,17.0,B02
201400018039,0,7,0,0.0,1.0,7.0,1.0,A01
201400018040,0,7,0,0.0,2.0,1.0,15.0,A01
201400018040,0,7,0,0.0,2.0,1.0,1.0,B02
201400018041,0,7,0,0.0,2.0,2.0,15.0,A01
201400018041,0,7,0,0.0,2.0,2.0,21.0,B02
201400018042,0,7,0,0.0,2.0,2.0,20.0,A01
201400018042,0,30,0,0.0,2.0,1.0,1.0,B02
201400018043,0,7,0,0.0,2.0,3.0,13.0,A01
201400018043,0,14,0,0.0,2.0,3.0,1.0,B02
201400018044,0,1,0,0.0,2.0,8.0,19.0,A01
201400018044,0,7,0,0.0,2.0,1.0,19.0,B02
201400018045,0,7,0,0.0,2.0,3.0,17.0,A01
201400018045,0,1,0,0.0,2.0,0.0,1.0,B02
201400018046,0,7,0,0.0,2.0,1.0,1.0,B02
201400018046,0,7,0,0.0,2.0,7.0,13.0,A01
201400018047,0,7,0,0.0,2.0,3.0,13.0,A01
201400018047,0,7,0,0.0,2.0,3.0,1.0,B02
201400018048,0,7,0,13.0,0.0,2.0,14.0,A01
201400018049,0,7,0,13.0,0.0,2.0,21.0,A01
201400018050,0,3,0,0.0,1.0,1.0,14.0,A01
201400018051,0,7,0,2.0,0.0,3.0,13.0,A01
201400018052,0,7,0,2.0,0.0,2.0,14.0,A01
201400018053,0,10,0,0.0,2.0,8.0,1.0,A01
201400018053,0,7,0,0.0,2.0,2.0,17.0,B02
201400018054,0,7,0,8.0,0.0,7.0,14.0,A01
201400018055,0,7,0,6.0,0.0,2.0,21.0,A01
201400018056,0,7,0,0.0,1.0,3.0,1.0,A01
201400018057,0,7,0,0.0,2.0,1.0,15.0,A01
201400018057,0,7,0,0.0,2.0,1.0,1.0,B02
201400018058,0,21,0,0.0,2.0,7.0,5.0,B02
201400018058,0,7,0,0.0,2.0,1.0,1.0,A01
201400018059,0,7,0,0.0,0.0,9.0,13.0,A01
201400018060,0,7,0,0.0,2.0,2.0,15.0,A01
201400018060,0,33,0,0.0,2.0,0.0,1.0,B02
201400018061,0,10,0,0.0,2.0,1.0,1.0,B02
201400018061,0,10,0,0.0,2.0,1.0,13.0,A01
201400018062,0,7,0,2.0,0.0,1.0,13.0,A01
201400018063,0,1,0,0.0,2.0,4.0,2.0,B02
201400018063,0,7,0,0.0,2.0,2.0,2.0,A01
201400018064,0,7,0,2.0,0.0,1.0,1.0,A01
201400018065,0,7,0,0.0,2.0,2.0,2.0,C03
201400018065,0,7,0,0.0,2.0,1.0,1.0,B02
201400018065,0,7,0,0.0,2.0,1.0,5.0,A01
201400018066,0,7,0,10.0,0.0,2.0,1.0,A01
201400018067,0,10,0,0.0,2.0,2.0,1.0,B02
201400018067,0,15,0,0.0,2.0,6.0,1.0,A01
201400018068,0,33,0,3.0,0.0,1.0,1.0,A01
201400018069,0,7,0,4.0,2.0,1.0,1.0,A01
201400018069,0,7,0,4.0,2.0,8.0,17.0,B02
201400018070,0,7,0,0.0,2.0,3.0,1.0,A01
201400018070,0,33,0,0.0,2.0,1.0,2.0,B02
201400018071,0,14,0,3.0,0.0,9.0,1.0,A01
201400018072,0,2,0,0.0,2.0,1.0,13.0,A01
201400018072,0,7,0,0.0,2.0,1.0,1.0,B02
201400018073,0,7,0,0.0,2.0,4.0,23.0,B02
201400018073,0,7,0,0.0,2.0,1.0,2.0,C03
201400018073,0,7,0,0.0,0.0,4.0,23.0,A01
201400018074,0,7,0,0.0,2.0,3.0,10.0,A01
201400018074,0,2,0,0.0,2.0,1.0,1.0,B02
201400018075,0,7,0,0.0,0.0,7.0,0.0,B02
201400018075,0,7,0,0.0,2.0,1.0,0.0,A01
201400018076,0,1,0,6.0,0.0,1.0,1.0,A01
201400018077,0,7,0,0.0,2.0,7.0,1.0,A01
201400018077,0,7,0,0.0,2.0,8.0,1.0,B02
201400018078,0,7,0,0.0,2.0,1.0,13.0,A01
201400018078,0,7,0,0.0,2.0,8.0,1.0,B02
201400018079,0,7,0,6.0,0.0,1.0,1.0,A01
201400018080,0,7,0,0.0,2.0,1.0,15.0,A01
201400018080,0,7,0,0.0,2.0,6.0,1.0,B02
201400018080,0,7,0,0.0,2.0,1.0,1.0,C03
201400018081,0,7,0,0.0,0.0,4.0,1.0,A01
201400018081,0,7,0,0.0,2.0,1.0,2.0,B02
201400018081,0,7,0,0.0,2.0,1.0,2.0,C03
201400018082,0,7,0,0.0,2.0,5.0,15.0,B02
201400018082,0,33,0,0.0,2.0,1.0,1.0,A01
201400018083,0,7,0,0.0,2.0,1.0,23.0,C03
201400018083,0,2,0,0.0,2.0,1.0,1.0,A01
201400018083,0,7,0,0.0,2.0,3.0,16.0,B02
201400018084,0,7,0,0.0,2.0,8.0,1.0,A01
201400018084,0,33,0,0.0,2.0,1.0,1.0,B02
201400018085,0,7,0,0.0,2.0,1.0,15.0,A01
201400018085,0,2,0,0.0,2.0,8.0,1.0,B02
201400018086,0,7,0,0.0,2.0,7.0,1.0,A01
201400018086,0,33,0,0.0,2.0,8.0,9.0,B02
201400018087,0,10,0,0.0,1.0,3.0,15.0,A01
201400018088,0,7,0,0.0,2.0,1.0,1.0,B02
201400018088,0,7,0,0.0,2.0,8.0,1.0,A01
201400018089,0,7,0,6.0,0.0,2.0,14.0,A01
201400018090,0,7,0,0.0,2.0,3.0,0.0,A01
201400018090,0,1,0,0.0,2.0,7.0,1.0,B02
201400018091,0,7,0,0.0,0.0,4.0,2.0,C03
201400018091,0,7,0,0.0,0.0,4.0,2.0,B02
201400018091,0,7,0,0.0,2.0,1.0,2.0,A01
201400018092,0,30,0,0.0,0.0,8.0,9.0,A01
201400018092,0,33,0,0.0,2.0,1.0,1.0,B02
201400018093,0,7,0,8.0,0.0,2.0,1.0,A01
201400018094,0,32,0,0.0,5.0,1.0,1.0,A01
201400018095,0,7,0,6.0,0.0,7.0,1.0,A01
201400018096,0,30,0,0.0,2.0,8.0,19.0,A01
201400018096,0,7,0,0.0,2.0,2.0,1.0,B02
201400018097,0,33,0,0.0,2.0,1.0,17.0,A01
201400018097,0,7,0,0.0,0.0,4.0,15.0,C03
201400018097,0,33,0,0.0,2.0,1.0,17.0,B02
201400018098,0,7,0,0.0,2.0,3.0,1.0,B02
201400018098,0,7,0,0.0,2.0,2.0,15.0,A01
201400018099,0,7,0,0.0,0.0,1.0,0.0,A01
201400018099,0,33,0,0.0,0.0,6.0,1.0,B02
201400018100,0,7,0,0.0,0.0,1.0,15.0,A01
201400018100,0,7,0,0.0,0.0,1.0,1.0,B02
201400018101,0,33,0,13.0,0.0,1.0,2.0,A01
201400018102,0,33,0,0.0,2.0,1.0,1.0,A01
201400018102,0,7,0,0.0,0.0,8.0,10.0,B02
201400018103,0,7,0,0.0,0.0,5.0,1.0,B02
201400018103,0,2,0,0.0,2.0,1.0,18.0,A01
201400018104,0,7,0,0.0,2.0,4.0,2.0,D04
201400018104,0,7,0,0.0,2.0,3.0,13.0,A01
201400018104,0,14,0,0.0,2.0,3.0,0.0,B02
201400018104,0,7,0,0.0,2.0,3.0,0.0,C03
201400018105,0,7,0,0.0,2.0,2.0,1.0,A01
201400018105,0,7,0,0.0,2.0,1.0,15.0,B02
201400018106,0,7,0,0.0,1.0,7.0,0.0,A01
201400018107,0,7,0,0.0,2.0,1.0,17.0,A01
201400018107,0,21,0,0.0,0.0,6.0,15.0,B02
201400018108,0,7,0,0.0,2.0,1.0,2.0,B02
201400018108,0,7,0,0.0,2.0,4.0,1.0,A01
201400018109,0,7,0,0.0,0.0,1.0,13.0,A01
201400018109,0,7,0,0.0,0.0,1.0,1.0,B02
201400018110,0,7,0,0.0,2.0,2.0,13.0,A01
201400018110,0,7,0,0.0,2.0,2.0,1.0,B02
201400018111,0,7,0,0.0,2.0,1.0,1.0,A01
201400018111,0,7,0,0.0,2.0,1.0,1.0,B02
201400018112,0,7,0,6.0,0.0,1.0,1.0,A01
201400018113,0,31,0,15.0,0.0,1.0,0.0,A01
201400018114,0,7,0,8.0,0.0,1.0,13.0,A01
201400018115,0,7,0,0.0,1.0,2.0,1.0,A01
201400018116,0,1,0,0.0,0.0,4.0,1.0,C03
201400018116,0,1,0,0.0,2.0,4.0,1.0,B02
201400018116,0,7,0,0.0,2.0,2.0,1.0,A01
201400018117,0,7,0,0.0,2.0,4.0,15.0,B02
201400018117,0,7,0,0.0,2.0,1.0,1.0,C03
201400018117,0,7,0,0.0,2.0,3.0,2.0,A01
201400018118,0,7,0,0.0,2.0,1.0,5.0,A01
201400018118,0,15,0,0.0,2.0,1.0,1.0,B02
201400018119,0,7,0,0.0,0.0,4.0,2.0,B02
201400018119,0,30,0,0.0,2.0,1.0,2.0,A01
201400018120,0,31,0,0.0,2.0,1.0,1.0,B02
201400018120,0,7,0,0.0,0.0,5.0,15.0,A01
201400018121,0,7,0,0.0,2.0,1.0,19.0,A01
201400018121,0,7,0,0.0,2.0,8.0,1.0,B02
201400018122,0,7,0,0.0,2.0,3.0,1.0,B02
201400018122,0,31,0,0.0,2.0,1.0,1.0,A01
201400018123,0,10,0,13.0,0.0,9.0,1.0,A01
201400018124,0,7,0,0.0,2.0,8.0,15.0,A01
201400018124,0,31,0,0.0,2.0,2.0,13.0,B02
201400018125,0,30,0,0.0,0.0,4.0,15.0,B02
201400018125,0,10,0,0.0,2.0,1.0,2.0,A01
201400018126,0,7,0,2.0,0.0,1.0,0.0,A01
201400018127,0,7,0,0.0,2.0,1.0,1.0,B02
201400018127,0,7,0,0.0,2.0,7.0,1.0,A01
201400018128,0,7,0,2.0,0.0,7.0,14.0,A01
201400018129,0,7,0,6.0,0.0,7.0,1.0,A01
201400018130,0,7,0,10.0,0.0,3.0,1.0,A01
201400018131,0,33,0,0.0,0.0,7.0,13.0,A01
201400018132,0,7,0,13.0,0.0,3.0,0.0,A01
201400018133,0,7,0,2.0,0.0,2.0,2.0,A01
201400018134,0,7,0,0.0,2.0,5.0,17.0,A01
201400018134,0,1,0,0.0,2.0,6.0,17.0,B02
201400018135,0,33,0,0.0,2.0,9.0,1.0,A01
201400018135,0,7,0,0.0,2.0,1.0,1.0,B02
201400018136,0,7,0,0.0,0.0,1.0,3.0,B02
201400018136,0,7,0,0.0,2.0,1.0,1.0,A01
201400018137,0,7,0,0.0,2.0,1.0,9.0,A01
201400018137,0,1,0,0.0,2.0,7.0,1.0,B02
201400018138,0,7,0,0.0,1.0,3.0,15.0,A01
201400018139,0,7,0,0.0,1.0,2.0,1.0,A01
201400018140,0,33,0,0.0,1.0,1.0,18.0,A01
201400018141,0,7,0,0.0,2.0,1.0,15.0,A01
201400018141,0,1,0,0.0,2.0,1.0,1.0,B02
201400018142,0,7,0,0.0,1.0,1.0,1.0,A01
201400018143,0,10,0,0.0,2.0,1.0,2.0,A01
201400018143,0,7,0,0.0,2.0,4.0,2.0,B02
201400018143,0,13,0,0.0,0.0,4.0,15.0,C03
201400018144,0,1,0,0.0,2.0,7.0,1.0,A01
201400018144,0,7,0,0.0,2.0,1.0,9.0,B02
201400018145,0,10,0,0.0,1.0,1.0,1.0,A01
201400018146,0,7,0,13.0,0.0,3.0,1.0,A01
201400018147,0,10,0,0.0,1.0,7.0,1.0,A01
201400018148,0,30,0,0.0,2.0,1.0,0.0,A01
201400018148,0,7,0,0.0,2.0,7.0,0.0,B02
201400018149,0,10,0,13.0,0.0,3.0,0.0,A01
201400018150,0,7,0,0.0,0.0,3.0,9.0,A01
201400018150,0,2,0,0.0,2.0,1.0,1.0,B02
201400018151,0,7,0,0.0,2.0,1.0,5.0,A01
201400018151,0,7,0,0.0,2.0,3.0,1.0,B02
201400018152,0,7,0,13.0,0.0,1.0,1.0,A01
201400018153,0,7,0,0.0,2.0,2.0,1.0,A01
201400018153,0,2,0,0.0,2.0,8.0,15.0,B02
201400018154,0,33,0,0.0,2.0,8.0,0.0,A01
201400018154,0,7,0,0.0,2.0,2.0,15.0,B02
201400018155,0,30,0,0.0,2.0,1.0,1.0,B02
201400018155,0,7,0,0.0,5.0,4.0,1.0,A01
201400018156,0,30,0,0.0,2.0,1.0,14.0,A01
201400018156,0,7,0,0.0,2.0,5.0,1.0,B02
201400018157,0,2,0,14.0,0.0,1.0,13.0,A01
201400018158,0,7,0,0.0,2.0,3.0,9.0,A01
201400018158,0,33,0,0.0,2.0,1.0,1.0,B02
201400018159,0,10,0,0.0,1.0,2.0,1.0,A01
201400018160,0,7,0,0.0,2.0,1.0,13.0,A01
201400018160,0,14,0,0.0,2.0,1.0,1.0,B02
201400018161,0,7,0,0.0,1.0,2.0,2.0,A01
201400018162,0,7,0,0.0,2.0,3.0,13.0,A01
201400018162,0,14,0,0.0,2.0,3.0,1.0,B02
201400018163,0,33,0,0.0,0.0,3.0,0.0,A01
201400018164,0,7,0,0.0,2.0,0.0,1.0,A01
201400018164,0,10,0,0.0,2.0,1.0,1.0,B02
201400018165,0,7,0,13.0,0.0,2.0,1.0,A01
201400018166,0,33,0,0.0,0.0,8.0,1.0,A01
201400018167,0,10,0,6.0,0.0,3.0,1.0,A01
201400018168,0,10,0,13.0,0.0,2.0,1.0,A01
201400018169,0,7,0,0.0,2.0,6.0,15.0,A01
201400018169,0,34,0,0.0,2.0,1.0,1.0,B02
201400018170,0,7,0,0.0,2.0,2.0,15.0,A01
201400018170,0,33,0,0.0,2.0,1.0,1.0,B02
201400018171,0,33,0,0.0,0.0,0.0,1.0,A01
201400018172,0,2,0,16.0,0.0,0.0,1.0,A01
201400018173,0,33,0,12.0,2.0,1.0,13.0,A01
201400018173,0,7,0,0.0,2.0,2.0,1.0,B02
201400018174,0,33,0,3.0,0.0,1.0,1.0,A01
201400018175,0,7,0,0.0,0.0,2.0,1.0,B02
201400018175,0,7,0,0.0,0.0,4.0,1.0,A01
201400018176,0,7,0,0.0,0.0,4.0,17.0,A01
201400018176,0,33,0,0.0,2.0,1.0,1.0,B02
201400018177,0,7,0,13.0,0.0,1.0,13.0,A01
201400018178,0,7,0,0.0,2.0,5.0,15.0,A01
201400018178,0,33,0,0.0,2.0,1.0,1.0,B02
201400018179,0,99,0,0.0,9.0,1.0,1.0,A01
201400018180,0,21,0,13.0,0.0,1.0,13.0,A01
201400018181,0,7,0,6.0,0.0,2.0,14.0,A01
201400018182,0,7,0,0.0,0.0,9.0,1.0,A01
201400018183,0,33,0,13.0,0.0,1.0,1.0,A01
201400018184,0,7,0,8.0,0.0,8.0,1.0,A01
201400018185,0,14,0,6.0,0.0,2.0,1.0,A01
201400018186,0,7,0,0.0,2.0,3.0,15.0,B02
201400018186,0,10,0,0.0,2.0,2.0,1.0,A01
201400018187,0,7,0,0.0,2.0,4.0,24.0,B02
201400018187,0,7,0,1.0,0.0,1.0,14.0,A01
201400018188,0,7,0,2.0,0.0,8.0,1.0,A01
201400018189,0,7,0,0.0,2.0,8.0,19.0,A01
201400018189,0,30,0,0.0,2.0,1.0,1.0,B02
201400018190,0,7,0,8.0,0.0,9.0,1.0,A01
201400018191,0,7,0,0.0,2.0,7.0,15.0,B02
201400018191,0,7,0,0.0,2.0,1.0,17.0,A01
201400018192,0,7,0,13.0,0.0,1.0,1.0,A01
201400018193,0,10,0,0.0,2.0,1.0,0.0,B02
201400018193,0,7,0,0.0,2.0,8.0,1.0,A01
201400018194,0,7,0,0.0,0.0,5.0,15.0,A01
201400018194,0,33,0,0.0,0.0,1.0,1.0,B02
201400018195,0,7,0,0.0,2.0,7.0,2.0,C03
201400018195,0,7,0,0.0,2.0,2.0,2.0,B02
201400018195,0,1,0,0.0,0.0,6.0,2.0,A01
201400018196,0,7,0,0.0,2.0,1.0,13.0,A01
201400018196,0,7,0,0.0,2.0,1.0,1.0,B02
201400018197,0,7,0,0.0,2.0,5.0,2.0,B02
201400018197,0,7,0,3.0,2.0,1.0,2.0,A01
201400018198,0,7,0,8.0,0.0,9.0,19.0,A01
201400018199,0,7,0,0.0,1.0,3.0,15.0,A01
201400018200,0,7,0,6.0,0.0,1.0,1.0,A01
201400018201,0,7,0,1.0,1.0,0.0,20.0,A01
201400018202,0,7,0,6.0,0.0,2.0,14.0,A01
201400018203,0,7,0,0.0,1.0,2.0,1.0,A01
201400018204,0,7,0,6.0,0.0,2.0,1.0,A01
201400018205,0,10,0,13.0,0.0,0.0,1.0,A01
201400018206,0,7,0,0.0,2.0,1.0,1.0,A01
201400018206,0,1,0,0.0,2.0,4.0,1.0,B02
201400018207,0,33,0,0.0,0.0,0.0,2.0,A01
201400018207,0,7,0,0.0,0.0,0.0,9.0,B02
201400018208,0,2,0,0.0,2.0,1.0,1.0,A01
201400018208,0,7,0,0.0,2.0,3.0,16.0,B02
201400018209,0,7,0,0.0,2.0,2.0,1.0,A01
201400018209,0,7,0,0.0,2.0,3.0,0.0,B02
201400018210,0,7,0,0.0,2.0,2.0,1.0,A01
201400018210,0,7,0,0.0,2.0,8.0,19.0,B02
201400018211,0,7,0,13.0,0.0,3.0,13.0,A01
201400018212,0,21,0,0.0,2.0,5.0,15.0,A01
201400018212,0,2,0,0.0,2.0,1.0,1.0,B02
201400018213,0,7,0,13.0,0.0,2.0,17.0,A01
201400018214,0,7,0,0.0,2.0,1.0,15.0,A01
201400018214,0,7,0,0.0,2.0,3.0,1.0,B02
201400018215,0,7,0,0.0,2.0,3.0,13.0,A01
201400018215,0,15,0,0.0,2.0,3.0,1.0,B02
201400018216,0,7,0,13.0,0.0,2.0,1.0,A01
201400018217,0,14,0,0.0,2.0,3.0,15.0,B02
201400018217,0,7,0,0.0,2.0,2.0,1.0,A01
201400018218,0,10,0,0.0,0.0,3.0,2.0,A01
201400018218,0,1,0,0.0,0.0,7.0,1.0,B02
201400018219,0,7,0,0.0,0.0,2.0,1.0,A01
201400018220,0,7,0,0.0,2.0,4.0,1.0,C03
201400018220,0,15,0,0.0,2.0,3.0,2.0,A01
201400018220,0,7,0,0.0,2.0,8.0,0.0,E05
201400018220,0,7,0,0.0,2.0,5.0,1.0,D04
201400018220,0,7,0,0.0,2.0,5.0,2.0,B02
201400018221,0,30,0,3.0,0.0,8.0,1.0,A01
201400018222,0,30,0,0.0,0.0,8.0,13.0,B02
201400018222,0,7,0,0.0,2.0,3.0,1.0,A01
201400018223,0,7,0,0.0,2.0,3.0,1.0,B02
201400018223,0,7,0,0.0,2.0,3.0,15.0,A01
201400018224,0,7,0,5.0,0.0,1.0,0.0,A01
201400018225,0,7,0,0.0,2.0,3.0,1.0,B02
201400018225,0,10,0,0.0,2.0,3.0,1.0,A01
201400018226,0,7,0,0.0,0.0,1.0,1.0,B02
201400018226,0,7,0,0.0,2.0,7.0,1.0,A01
201400018227,1,7,0,0.0,2.0,8.0,19.0,A01
201400018227,0,2,0,0.0,2.0,1.0,1.0,B02
201400018228,0,7,0,0.0,2.0,1.0,17.0,B02
201400018228,0,7,0,0.0,2.0,1.0,15.0,A01
201400018229,0,7,0,6.0,0.0,1.0,13.0,A01
201400018230,0,33,0,0.0,2.0,1.0,1.0,B02
201400018230,0,7,0,0.0,2.0,2.0,15.0,A01
201400018231,0,7,0,0.0,2.0,3.0,13.0,A01
201400018231,0,10,0,0.0,2.0,3.0,1.0,B02
201400018232,0,7,0,0.0,2.0,2.0,1.0,B02
201400018232,0,7,0,0.0,2.0,2.0,13.0,A01
201400018233,0,7,0,2.0,0.0,7.0,1.0,A01
201400018234,0,33,0,0.0,2.0,1.0,17.0,B02
201400018234,0,7,0,0.0,2.0,3.0,15.0,A01
201400018235,0,7,0,0.0,2.0,1.0,1.0,B02
201400018235,0,7,0,0.0,2.0,1.0,1.0,C03
201400018235,0,10,0,0.0,2.0,7.0,13.0,A01
201400018236,0,7,0,6.0,0.0,1.0,1.0,A01
201400018237,0,7,0,0.0,2.0,2.0,11.0,A01
201400018237,0,10,0,0.0,2.0,2.0,1.0,B02
201400018238,0,7,0,16.0,0.0,9.0,1.0,A01
201400018239,0,14,0,0.0,2.0,6.0,1.0,A01
201400018239,0,7,0,0.0,2.0,3.0,13.0,B02
201400018240,0,7,0,12.0,0.0,3.0,1.0,A01
201400018241,0,1,0,0.0,1.0,1.0,1.0,A01
201400018242,0,7,0,0.0,2.0,2.0,13.0,A01
201400018242,0,7,0,0.0,2.0,3.0,1.0,B02
201400018243,0,31,0,0.0,2.0,1.0,1.0,B02
201400018243,0,7,0,0.0,2.0,2.0,15.0,A01
201400018244,0,7,0,0.0,1.0,2.0,1.0,A01
201400018245,0,30,0,3.0,0.0,8.0,1.0,A01
201400018246,0,30,0,0.0,2.0,1.0,1.0,B02
201400018246,0,7,0,0.0,2.0,1.0,15.0,A01
201400018247,0,30,0,0.0,1.0,1.0,1.0,A01
201400018248,0,7,0,0.0,1.0,7.0,13.0,A01
201400018249,0,10,0,0.0,2.0,8.0,15.0,A01
201400018249,0,31,0,0.0,2.0,7.0,17.0,B02
201400018250,0,7,0,0.0,2.0,3.0,13.0,A01
201400018250,0,7,0,0.0,2.0,3.0,21.0,B02
201400018251,0,7,0,0.0,2.0,1.0,1.0,C03
201400018251,0,7,0,0.0,2.0,1.0,1.0,B02
201400018251,0,7,0,0.0,2.0,1.0,17.0,A01
201400018252,0,2,0,0.0,2.0,1.0,1.0,B02
201400018252,0,7,0,0.0,2.0,3.0,15.0,A01
201400018253,0,30,0,0.0,2.0,5.0,16.0,A01
201400018253,0,7,0,0.0,2.0,3.0,1.0,B02
201400018254,0,7,0,0.0,1.0,3.0,1.0,A01
201400018255,0,14,0,0.0,2.0,3.0,1.0,B02
201400018255,0,7,0,0.0,2.0,3.0,15.0,A01
201400018256,0,1,0,0.0,2.0,2.0,1.0,B02
201400018256,0,10,0,0.0,2.0,2.0,15.0,A01
201400018257,0,7,0,0.0,2.0,3.0,1.0,C03
201400018257,0,7,0,0.0,2.0,3.0,1.0,A01
201400018257,0,7,0,0.0,2.0,6.0,15.0,B02
201400018258,0,7,0,13.0,0.0,1.0,1.0,A01
201400018259,0,7,0,0.0,2.0,1.0,1.0,A01
201400018259,0,7,0,13.0,2.0,3.0,19.0,B02
201400018260,0,33,0,0.0,2.0,1.0,5.0,A01
201400018260,0,7,0,0.0,2.0,1.0,1.0,B02
201400018261,0,7,0,6.0,0.0,1.0,1.0,A01
201400018262,0,14,0,0.0,2.0,8.0,2.0,A01
201400018262,0,33,0,0.0,2.0,1.0,10.0,B02
201400018263,0,7,0,0.0,0.0,5.0,1.0,A01
201400018263,0,2,0,0.0,0.0,1.0,1.0,B02
201400018264,0,7,0,0.0,2.0,1.0,1.0,A01
201400018264,0,33,0,0.0,2.0,8.0,13.0,B02
201400018265,0,7,0,0.0,0.0,2.0,9.0,A01
201400018265,0,38,1,0.0,2.0,3.0,1.0,B02
201400018265,0,14,0,0.0,2.0,2.0,1.0,C03
201400018266,0,7,0,0.0,2.0,2.0,19.0,A01
201400018266,0,33,0,0.0,2.0,2.0,1.0,B02
201400018267,0,10,0,0.0,0.0,1.0,13.0,A01
201400018267,0,7,0,0.0,0.0,1.0,1.0,B02
201400018268,0,7,0,0.0,9.0,3.0,9.0,A01
201400018268,0,1,0,0.0,2.0,1.0,15.0,B02
201400018269,0,7,0,13.0,0.0,9.0,1.0,A01
201400018270,0,7,0,0.0,1.0,6.0,4.0,A01
201400018271,0,31,0,0.0,2.0,5.0,17.0,A01
201400018271,0,7,0,0.0,2.0,3.0,15.0,B02
201400018272,0,1,0,12.0,0.0,1.0,1.0,A01
201400018273,0,7,0,6.0,0.0,3.0,13.0,A01
201400018274,0,7,0,0.0,2.0,3.0,1.0,B02
201400018274,0,7,0,0.0,2.0,1.0,13.0,A01
201400018275,0,36,0,0.0,2.0,1.0,13.0,A01
201400018275,0,7,0,0.0,2.0,1.0,1.0,B02
201400018276,0,7,0,0.0,2.0,8.0,13.0,A01
201400018276,0,7,0,0.0,2.0,8.0,21.0,B02
201400018277,0,7,0,0.0,2.0,1.0,13.0,A01
201400018277,0,10,0,0.0,2.0,3.0,1.0,B02
201400018278,0,33,0,0.0,5.0,0.0,1.0,A01
201400018279,0,1,0,0.0,2.0,8.0,0.0,B02
201400018279,0,33,0,0.0,2.0,1.0,1.0,A01
201400018280,0,7,0,0.0,1.0,1.0,1.0,A01
201400018281,0,7,0,0.0,2.0,1.0,13.0,A01
201400018281,0,7,0,0.0,2.0,1.0,1.0,B02
201400018282,0,7,0,2.0,0.0,1.0,13.0,A01
201400018283,0,7,0,13.0,0.0,1.0,1.0,A01
201400018284,0,7,0,0.0,1.0,2.0,1.0,A01