Num_Acc,senc,catv,occutc,obs,obsm,choc,manv,num_veh
201400018285,0,33,0,0.0,0.0,0.0,13.0,A01
201400018286,0,7,0,2.0,0.0,1.0,1.0,A01
201400018287,0,10,0,0.0,2.0,3.0,1.0,A01
201400018287,0,10,0,0.0,2.0,1.0,1.0,B02
201400018288,0,7,0,0.0,2.0,1.0,5.0,A01
201400018288,0,7,0,0.0,2.0,3.0,2.0,B02
201400018289,0,7,0,0.0,0.0,3.0,2.0,A01
201400018289,0,7,0,0.0,0.0,5.0,15.0,B02
201400018290,0,7,0,0.0,1.0,4.0,20.0,A01
201400018291,0,7,0,8.0,0.0,1.0,1.0,A01
201400018292,0,7,0,0.0,0.0,0.0,21.0,A01
201400018293,0,7,0,0.0,0.0,0.0,17.0,A01
201400018293,0,7,0,13.0,2.0,7.0,21.0,C03
201400018293,0,7,0,2.0,2.0,1.0,1.0,B02
201400018294,0,7,0,0.0,2.0,8.0,15.0,A01
201400018294,0,7,0,0.0,2.0,1.0,1.0,B02
201400018295,0,33,0,0.0,0.0,0.0,17.0,A01
201400018296,0,1,0,0.0,9.0,1.0,1.0,A01
201400018297,0,7,0,0.0,9.0,2.0,15.0,A01
201400018297,0,1,0,0.0,2.0,1.0,1.0,B02
201400018298,0,7,0,2.0,0.0,3.0,1.0,A01
201400018299,0,33,0,0.0,2.0,9.0,13.0,A01
201400018299,0,10,0,0.0,2.0,6.0,1.0,B02
201400018300,0,7,0,0.0,2.0,4.0,15.0,B02
201400018300,0,7,0,0.0,2.0,1.0,17.0,A01
201400018301,0,33,0,13.0,0.0,1.0,1.0,A01
201400018302,0,2,0,0.0,2.0,1.0,13.0,A01
201400018302,0,21,0,0.0,2.0,1.0,1.0,B02
201400018303,0,7,0,1.0,0.0,1.0,1.0,A01
201400018304,0,7,0,0.0,2.0,1.0,13.0,A01
201400018304,0,7,0,0.0,2.0,1.0,1.0,B02
201400018305,0,7,0,0.0,2.0,1.0,13.0,A01
201400018305,0,7,0,0.0,2.0,1.0,1.0,B02
201400018306,0,1,0,0.0,0.0,0.0,0.0,A01
201400018307,0,7,0,0.0,2.0,2.0,15.0,A01
201400018307,0,31,0,0.0,2.0,8.0,1.0,B02
201400018308,0,7,0,0.0,2.0,2.0,1.0,B02
201400018308,0,30,0,0.0,2.0,8.0,19.0,A01
201400018309,0,7,0,0.0,2.0,3.0,1.0,B02
201400018309,0,7,0,0.0,2.0,2.0,19.0,A01
201400018310,0,7,0,0.0,2.0,2.0,1.0,A01
201400018310,0,7,0,13.0,0.0,6.0,0.0,B02
201400018311,0,7,0,0.0,2.0,1.0,1.0,B02
201400018311,0,7,0,0.0,2.0,7.0,19.0,A01
201400018312,0,7,0,16.0,0.0,2.0,1.0,A01
201400018313,0,15,0,0.0,0.0,8.0,14.0,A01
201400018314,0,7,0,0.0,2.0,1.0,17.0,A01
201400018314,0,14,0,0.0,2.0,1.0,0.0,B02
201400018315,0,31,0,0.0,2.0,1.0,1.0,A01
201400018315,0,10,0,0.0,2.0,5.0,15.0,B02
201400018316,0,31,0,1.0,0.0,2.0,1.0,A01
201400018316,0,7,0,0.0,2.0,2.0,24.0,B02
201400018317,0,3,0,2.0,0.0,1.0,2.0,A01
201400018318,0,7,0,0.0,2.0,1.0,1.0,A01
201400018318,0,10,0,0.0,2.0,1.0,1.0,B02
201400018319,0,10,0,0.0,2.0,3.0,10.0,A01
201400018319,0,7,0,0.0,2.0,1.0,1.0,B02
201400018320,0,7,0,13.0,0.0,3.0,1.0,A01
201400018321,0,33,0,11.0,0.0,1.0,1.0,A01
201400018322,0,7,0,0.0,2.0,2.0,19.0,A01
201400018322,0,7,0,0.0,2.0,3.0,1.0,B02
201400018323,0,7,0,0.0,2.0,3.0,13.0,A01
201400018323,0,15,0,0.0,2.0,3.0,1.0,B02
201400018324,0,7,0,0.0,2.0,3.0,13.0,A01
201400018324,0,21,0,0.0,2.0,6.0,1.0,B02
201400018325,0,30,0,0.0,2.0,1.0,1.0,B01
201400018325,0,7,0,0.0,0.0,2.0,15.0,A02
201400018326,0,7,0,0.0,2.0,3.0,17.0,A01
201400018326,0,15,0,0.0,2.0,1.0,21.0,B02
201400018327,0,10,0,0.0,1.0,3.0,13.0,A01
201400018328,0,7,0,13.0,0.0,3.0,21.0,A01
201400018329,0,10,0,0.0,2.0,3.0,13.0,A01
201400018329,0,7,0,0.0,2.0,3.0,1.0,B02
201400018330,0,7,0,2.0,0.0,3.0,1.0,A01
201400018331,0,10,0,0.0,2.0,1.0,1.0,A01
201400018331,0,10,0,0.0,0.0,8.0,9.0,B02
201400018332,0,7,0,0.0,1.0,4.0,20.0,A01
201400018333,0,33,0,0.0,2.0,1.0,1.0,B02
201400018333,0,10,0,0.0,2.0,8.0,19.0,A01
201400018334,0,10,0,0.0,1.0,3.0,1.0,A01
201400018335,0,7,0,2.0,0.0,1.0,13.0,A01
201400018336,0,7,0,0.0,2.0,8.0,13.0,A01
201400018336,0,7,0,0.0,2.0,1.0,1.0,B02
201400018337,0,7,0,0.0,1.0,3.0,15.0,A01
201400018338,0,7,0,13.0,0.0,3.0,13.0,A01
201400018339,0,7,0,0.0,2.0,7.0,1.0,A01
201400018339,0,10,0,0.0,2.0,1.0,1.0,B02
201400018340,0,7,0,0.0,2.0,2.0,15.0,A01
201400018340,0,33,0,0.0,2.0,1.0,1.0,B02
201400018341,0,7,0,0.0,1.0,1.0,1.0,A01
201400018342,0,33,0,0.0,2.0,7.0,3.0,B02
201400018342,0,7,0,0.0,2.0,1.0,15.0,A01
201400018343,0,7,0,0.0,2.0,3.0,1.0,A01
201400018343,0,30,0,0.0,2.0,8.0,15.0,B02
201400018344,0,21,0,0.0,2.0,6.0,1.0,A01
201400018344,0,31,0,0.0,2.0,3.0,1.0,B02
201400018345,0,7,0,0.0,0.0,1.0,19.0,B02
201400018345,0,7,0,0.0,0.0,1.0,19.0,A01
201400018346,0,33,0,0.0,2.0,2.0,17.0,A01
201400018346,0,21,0,0.0,2.0,3.0,15.0,B02
201400018347,0,7,0,0.0,2.0,5.0,15.0,A01
201400018347,0,2,0,0.0,2.0,1.0,17.0,B02
201400018348,0,33,0,0.0,2.0,2.0,17.0,A01
201400018348,0,21,0,0.0,2.0,3.0,15.0,B02
201400018349,0,7,0,0.0,1.0,1.0,1.0,A01
201400018350,0,7,0,0.0,1.0,1.0,1.0,A01
201400018351,0,7,0,0.0,1.0,3.0,1.0,A01
201400018352,0,7,0,13.0,2.0,7.0,13.0,A01
201400018352,0,7,0,0.0,2.0,1.0,1.0,B02
201400018353,0,30,0,0.0,2.0,1.0,1.0,A01
201400018353,0,7,0,0.0,2.0,3.0,9.0,B02
201400018354,0,33,0,13.0,0.0,1.0,1.0,A01
201400018355,0,10,0,0.0,9.0,4.0,4.0,A01
201400018355,0,1,0,0.0,2.0,1.0,1.0,B02
201400018356,0,1,0,0.0,0.0,1.0,15.0,A01
201400018357,0,7,0,0.0,2.0,1.0,13.0,A01
201400018357,0,10,0,0.0,2.0,1.0,1.0,B02
201400018358,0,7,0,13.0,0.0,1.0,1.0,A01
201400018359,0,7,0,6.0,1.0,2.0,1.0,A01
201400018359,0,7,0,6.0,0.0,3.0,1.0,B02
201400018360,0,1,0,0.0,0.0,0.0,1.0,A01
201400018361,0,7,0,2.0,0.0,1.0,13.0,A01
201400018362,0,7,0,13.0,0.0,3.0,1.0,A01
201400018363,0,7,0,13.0,0.0,1.0,1.0,A01
201400018364,0,7,0,13.0,0.0,2.0,1.0,A01
201400018365,0,15,0,0.0,2.0,3.0,1.0,B02
201400018365,0,7,0,0.0,2.0,6.0,19.0,A01
201400018366,0,7,0,0.0,2.0,1.0,1.0,B02
201400018366,0,3,0,0.0,2.0,8.0,19.0,A01
201400018367,0,7,0,0.0,1.0,2.0,1.0,A01
201400018368,0,7,0,0.0,2.0,3.0,1.0,B01
201400018368,0,7,0,0.0,2.0,8.0,15.0,A02
201400018369,0,7,0,1.0,0.0,1.0,13.0,A01
201400018370,0,33,0,13.0,0.0,1.0,2.0,A01
201400018371,0,7,0,16.0,0.0,6.0,1.0,A01
201400018371,0,33,0,0.0,0.0,1.0,1.0,B02
201400018372,0,31,0,0.0,2.0,8.0,16.0,B01
201400018372,0,7,0,0.0,2.0,7.0,1.0,A01
201400018373,0,7,0,0.0,2.0,1.0,5.0,A01
201400018373,0,7,0,0.0,2.0,1.0,1.0,B02
201400018374,0,7,0,0.0,2.0,1.0,13.0,A01
201400018374,0,7,0,0.0,2.0,1.0,1.0,B02
201400018375,0,7,0,0.0,2.0,7.0,19.0,A01
201400018375,0,7,0,0.0,2.0,1.0,1.0,B02
201400018376,0,7,0,0.0,0.0,2.0,1.0,A01
201400018376,0,1,0,0.0,0.0,4.0,1.0,B02
201400018377,0,36,0,16.0,0.0,2.0,1.0,A01
201400018378,0,7,0,0.0,2.0,1.0,15.0,A01
201400018378,0,7,0,0.0,2.0,1.0,1.0,B02
201400018379,0,33,0,13.0,0.0,0.0,0.0,A01
201400018380,0,7,0,0.0,0.0,3.0,13.0,A01
201400018380,0,7,0,0.0,2.0,8.0,1.0,B02
201400018380,0,7,0,0.0,2.0,8.0,1.0,C03
201400018381,0,30,0,8.0,0.0,1.0,1.0,A01
201400018382,0,7,0,0.0,2.0,5.0,15.0,A01
201400018382,0,7,0,0.0,2.0,2.0,1.0,B02
201400018383,0,10,0,0.0,2.0,1.0,1.0,A01
201400018383,0,7,0,0.0,2.0,9.0,23.0,B02
201400018383,0,10,0,0.0,2.0,4.0,15.0,C03
201400018384,0,2,0,14.0,2.0,1.0,2.0,A01
201400018384,0,7,0,0.0,0.0,4.0,2.0,B02
201400018385,0,7,0,0.0,2.0,1.0,1.0,B02
201400018385,0,7,0,0.0,2.0,6.0,19.0,A01
201400018386,0,7,0,0.0,0.0,5.0,19.0,A01
201400018386,0,7,0,0.0,2.0,1.0,1.0,B02
201400018387,0,7,0,0.0,2.0,1.0,1.0,A01
201400018387,0,7,0,0.0,0.0,0.0,23.0,B02
201400018388,0,21,0,0.0,2.0,6.0,15.0,A01
201400018388,0,7,0,0.0,2.0,2.0,17.0,B02
201400018389,0,2,0,0.0,0.0,3.0,1.0,B02
201400018389,0,7,0,0.0,0.0,3.0,15.0,A01
201400018390,0,7,0,0.0,2.0,2.0,15.0,A01
201400018390,0,2,0,0.0,2.0,1.0,1.0,B02
201400018391,0,30,0,0.0,2.0,3.0,17.0,A01
201400018391,0,7,0,0.0,2.0,3.0,1.0,B02
201400018392,0,7,0,0.0,2.0,2.0,15.0,A01
201400018392,0,30,0,0.0,2.0,1.0,1.0,B02
201400018393,0,7,0,0.0,1.0,2.0,13.0,A01
201400018394,0,7,0,0.0,0.0,3.0,13.0,A01
201400018394,0,7,0,0.0,0.0,3.0,1.0,B02
201400018395,0,7,0,0.0,2.0,3.0,19.0,A01
201400018395,0,7,0,0.0,2.0,1.0,1.0,B02
201400018396,0,7,0,0.0,2.0,2.0,5.0,A01
201400018396,0,7,0,0.0,2.0,2.0,1.0,B02
201400018397,0,14,0,13.0,0.0,2.0,1.0,A01
201400018398,0,7,0,0.0,2.0,1.0,13.0,A01
201400018398,0,7,0,0.0,2.0,1.0,1.0,B02
201400018399,0,33,0,13.0,0.0,1.0,13.0,A01
201400018400,0,33,0,0.0,0.0,8.0,14.0,A01
201400018401,0,7,0,0.0,1.0,1.0,1.0,A01
201400018402,0,7,0,0.0,2.0,3.0,15.0,A01
201400018402,0,7,0,3.0,2.0,8.0,1.0,B02
201400018403,0,33,0,11.0,0.0,1.0,1.0,A01
201400018404,0,7,0,0.0,0.0,4.0,1.0,A01
201400018404,0,30,0,0.0,2.0,1.0,2.0,B02
201400018405,0,33,0,0.0,2.0,1.0,17.0,A01
201400018405,0,17,0,0.0,2.0,8.0,9.0,B02
201400018406,0,7,0,0.0,2.0,7.0,15.0,A01
201400018406,0,31,0,0.0,2.0,1.0,1.0,B01
201400018407,0,33,0,16.0,0.0,8.0,1.0,A01
201400018408,0,7,0,2.0,0.0,3.0,1.0,A01
201400018409,0,7,0,0.0,2.0,1.0,1.0,B02
201400018409,0,7,0,0.0,2.0,1.0,11.0,A01
201400018410,0,10,0,0.0,1.0,5.0,4.0,A01
201400018411,0,10,0,0.0,2.0,2.0,1.0,B02
201400018411,0,33,0,4.0,2.0,0.0,13.0,A01
201400018412,0,7,0,0.0,0.0,2.0,5.0,A01
201400018412,0,7,0,0.0,2.0,3.0,1.0,B02
201400018413,0,31,0,0.0,1.0,1.0,1.0,A01
201400018414,0,1,0,0.0,0.0,0.0,0.0,A01
201400018415,0,31,0,0.0,2.0,3.0,1.0,A01
201400018415,0,7,0,0.0,2.0,3.0,16.0,B02
201400018416,0,33,0,1.0,0.0,2.0,1.0,A01
201400018417,0,7,0,3.0,2.0,3.0,13.0,A01
201400018417,0,14,0,3.0,2.0,3.0,1.0,B02
201400018418,0,10,0,0.0,2.0,3.0,10.0,A01
201400018418,0,33,0,0.0,2.0,1.0,1.0,B02
201400018419,0,7,0,13.0,0.0,1.0,1.0,A01
201400018420,0,7,0,13.0,0.0,9.0,1.0,A01
201400018421,0,1,0,0.0,2.0,2.0,1.0,A01
201400018421,0,30,0,0.0,2.0,6.0,16.0,B02
201400018422,0,10,0,0.0,2.0,2.0,2.0,A01
201400018422,0,21,0,0.0,2.0,6.0,2.0,B02
201400018423,0,7,0,6.0,0.0,1.0,1.0,A01
201400018424,0,7,0,0.0,2.0,1.0,1.0,B02
201400018424,0,7,0,0.0,2.0,1.0,13.0,A01
201400018425,0,7,0,2.0,2.0,9.0,1.0,A01
201400018425,0,7,0,0.0,2.0,1.0,21.0,B02
201400018426,0,7,0,2.0,0.0,8.0,13.0,A01
201400018427,0,33,0,0.0,2.0,1.0,13.0,A01
201400018427,0,7,0,0.0,2.0,3.0,1.0,B02
201400018428,0,7,0,2.0,0.0,9.0,2.0,A01
201400018429,0,7,0,2.0,0.0,1.0,14.0,A01
201400018430,0,1,0,0.0,1.0,1.0,17.0,A01
201400018431,0,7,0,13.0,0.0,9.0,1.0,A01
201400018432,0,7,0,0.0,9.0,8.0,1.0,A01
201400018432,0,1,0,0.0,2.0,8.0,17.0,B02
201400018433,0,1,0,0.0,2.0,1.0,5.0,A01
201400018433,0,38,0,0.0,2.0,3.0,1.0,B02
201400018434,0,7,0,0.0,1.0,3.0,1.0,A01
201400018435,0,7,0,0.0,2.0,1.0,1.0,B02
201400018435,0,7,0,0.0,2.0,7.0,15.0,A01
201400018436,0,33,0,4.0,0.0,3.0,1.0,A01
201400018437,0,7,0,6.0,0.0,1.0,13.0,A01
201400018438,0,7,0,13.0,0.0,7.0,1.0,A01
201400018439,0,7,0,0.0,1.0,1.0,1.0,A01
201400018440,0,33,0,0.0,2.0,1.0,1.0,B02
201400018440,0,7,0,0.0,2.0,1.0,1.0,A01
201400018441,0,7,0,0.0,1.0,3.0,1.0,A01
201400018442,0,7,0,0.0,1.0,3.0,1.0,A01
201400018443,0,7,0,0.0,2.0,1.0,13.0,A01
201400018443,0,17,0,0.0,2.0,6.0,1.0,B01
201400018443,0,7,0,0.0,2.0,1.0,1.0,C01
201400018444,0,7,0,0.0,1.0,2.0,15.0,A01
201400018445,0,7,0,0.0,1.0,1.0,1.0,A01
201400018446,0,7,0,13.0,0.0,2.0,14.0,A01
201400018447,0,7,0,0.0,1.0,4.0,4.0,A01
201400018448,0,7,0,0.0,1.0,1.0,1.0,A01
201400018449,0,10,0,0.0,2.0,7.0,13.0,A01
201400018449,0,7,0,0.0,2.0,1.0,1.0,B01
201400018450,0,31,0,0.0,2.0,1.0,1.0,B01
201400018450,0,7,0,0.0,2.0,2.0,19.0,A01
201400018451,0,7,0,0.0,2.0,8.0,15.0,B01
201400018451,0,2,0,0.0,2.0,1.0,17.0,A01
201400018452,0,7,0,0.0,2.0,7.0,19.0,A01
201400018452,0,7,0,0.0,2.0,2.0,1.0,B01
201400018453,0,7,0,0.0,1.0,5.0,4.0,A01
201400018454,0,1,0,14.0,0.0,9.0,1.0,A01
201400018455,0,2,0,9.0,0.0,1.0,1.0,A01
201400018456,0,7,0,0.0,2.0,1.0,1.0,A01
201400018456,0,7,0,0.0,0.0,7.0,1.0,B02
201400018457,0,10,0,0.0,2.0,2.0,1.0,B02
201400018457,0,34,0,4.0,2.0,0.0,1.0,A01
201400018458,0,7,0,2.0,0.0,3.0,1.0,A01
201400018459,0,7,0,14.0,0.0,1.0,13.0,A01
201400018460,0,10,0,0.0,1.0,0.0,1.0,A01
201400018461,0,33,0,7.0,0.0,1.0,17.0,A01
201400018462,0,10,0,0.0,2.0,3.0,1.0,A01
201400018462,0,15,0,0.0,2.0,3.0,1.0,B02
201400018463,0,7,0,0.0,1.0,4.0,4.0,A01
201400018464,0,7,0,0.0,2.0,3.0,9.0,A01
201400018464,0,30,0,0.0,2.0,1.0,1.0,B02
201400018465,0,33,0,6.0,0.0,8.0,13.0,A01
201400018466,0,1,0,0.0,0.0,0.0,1.0,A01
201400018467,0,7,0,0.0,0.0,1.0,1.0,A01
201400018467,0,7,0,0.0,0.0,7.0,9.0,B02
201400018468,0,33,0,0.0,2.0,1.0,17.0,A01
201400018468,0,10,0,0.0,2.0,6.0,15.0,B02
201400018469,0,15,0,0.0,2.0,3.0,13.0,A01
201400018469,0,15,0,0.0,2.0,3.0,1.0,B02
201400018470,0,7,0,0.0,2.0,5.0,13.0,A01
201400018470,0,7,0,0.0,2.0,1.0,1.0,B02
201400018471,0,7,0,2.0,0.0,1.0,1.0,A01
201400018472,0,33,0,0.0,2.0,1.0,1.0,A01
201400018472,0,7,0,0.0,0.0,4.0,1.0,B02
201400018473,0,33,0,0.0,6.0,1.0,11.0,A01
201400018474,0,17,0,0.0,9.0,2.0,2.0,A01
201400018474,0,1,0,0.0,2.0,4.0,2.0,B02
201400018475,0,30,0,0.0,0.0,2.0,1.0,A01
201400018476,0,30,0,0.0,0.0,0.0,1.0,A01
201400018477,0,7,0,15.0,0.0,1.0,1.0,A01
201400018478,0,10,0,8.0,0.0,1.0,13.0,A01
201400018479,0,15,0,0.0,2.0,1.0,1.0,A01
201400018479,0,10,0,0.0,2.0,3.0,19.0,B02
201400018480,0,30,0,0.0,0.0,8.0,1.0,A01
201400018480,0,30,0,0.0,0.0,7.0,1.0,B02
201400018481,0,30,0,0.0,2.0,8.0,1.0,A01
201400018481,0,7,0,0.0,2.0,8.0,1.0,B02
201400018482,0,7,0,0.0,2.0,3.0,13.0,A01
201400018482,0,15,0,0.0,2.0,3.0,21.0,B02
201400018483,0,31,0,0.0,2.0,0.0,1.0,A01
201400018483,0,7,0,0.0,2.0,8.0,9.0,B02
201400018484,0,7,0,0.0,2.0,7.0,15.0,A01
201400018484,0,33,0,0.0,2.0,1.0,1.0,B02
201400018484,0,33,0,0.0,2.0,1.0,1.0,C03
201400018485,0,7,0,0.0,2.0,2.0,1.0,A01
201400018485,0,2,0,0.0,2.0,8.0,9.0,B02
201400018486,0,7,0,13.0,2.0,6.0,1.0,A01
201400018486,0,7,0,13.0,2.0,3.0,1.0,B02
201400018487,0,30,0,0.0,2.0,1.0,2.0,A01
201400018487,0,10,0,0.0,2.0,6.0,2.0,B02
201400018488,0,30,0,0.0,1.0,1.0,1.0,A01
201400018489,0,21,0,0.0,0.0,0.0,15.0,B02
201400018489,0,7,0,13.0,0.0,1.0,17.0,A01
201400018490,1,7,0,0.0,1.0,2.0,14.0,A01
201400018491,1,7,0,0.0,0.0,0.0,15.0,B02
201400018491,0,33,0,0.0,2.0,1.0,17.0,A01
201400018492,0,10,0,0.0,2.0,2.0,15.0,A01
201400018492,0,2,0,0.0,2.0,1.0,1.0,B02
201400018493,0,7,0,0.0,2.0,3.0,1.0,B02
201400018493,0,7,0,0.0,2.0,7.0,15.0,A01
201400018494,0,33,0,13.0,0.0,1.0,1.0,A01
201400018495,0,7,0,8.0,0.0,8.0,1.0,A01
201400018496,0,7,0,2.0,0.0,1.0,13.0,A01
201400018497,0,7,0,0.0,0.0,1.0,21.0,A01
201400018498,0,7,0,2.0,0.0,9.0,17.0,A01
201400018499,0,7,0,15.0,0.0,9.0,13.0,A01
201400018500,0,7,0,0.0,1.0,2.0,1.0,A01
201400018501,0,7,0,0.0,0.0,3.0,1.0,A01
201400018502,0,7,0,0.0,2.0,2.0,2.0,A01
201400018502,0,7,0,0.0,0.0,6.0,12.0,B02
201400018503,0,7,0,8.0,0.0,3.0,17.0,A01
201400018504,0,10,0,0.0,1.0,4.0,20.0,A01
201400018505,0,7,0,0.0,2.0,1.0,21.0,B02
201400018505,0,7,0,0.0,2.0,3.0,13.0,A01
201400018506,0,7,0,0.0,2.0,3.0,1.0,B02
201400018506,0,7,0,0.0,2.0,3.0,17.0,A01
201400018507,0,7,0,0.0,2.0,2.0,19.0,A01
201400018507,0,33,0,0.0,2.0,3.0,1.0,B02
201400018508,0,33,0,1.0,0.0,6.0,1.0,A01
201400018509,0,7,0,0.0,2.0,7.0,0.0,B02
201400018509,0,31,0,0.0,2.0,1.0,0.0,A01
201400018510,0,7,0,13.0,0.0,2.0,1.0,A01
201400018511,0,17,0,0.0,2.0,3.0,1.0,B02
201400018511,1,33,0,0.0,2.0,1.0,17.0,A01
201400018512,0,10,0,0.0,2.0,4.0,2.0,B02
201400018512,0,30,0,0.0,2.0,1.0,2.0,A01
201400018513,0,7,0,0.0,1.0,7.0,17.0,A01
201400018514,0,7,0,0.0,0.0,9.0,14.0,A01
201400018515,0,33,0,0.0,2.0,9.0,13.0,A01
201400018515,0,7,0,0.0,2.0,1.0,1.0,B02
201400018516,0,2,0,0.0,2.0,1.0,13.0,B02
201400018516,0,7,0,0.0,2.0,3.0,14.0,A01
201400018517,0,7,0,0.0,2.0,3.0,1.0,B02
201400018517,0,7,0,0.0,2.0,3.0,15.0,A01
201400018518,0,33,0,0.0,0.0,0.0,13.0,A01
201400018519,0,7,0,0.0,1.0,1.0,1.0,A01
201400018520,0,7,0,8.0,0.0,8.0,1.0,A01
201400018521,0,1,0,0.0,0.0,4.0,0.0,B02
201400018522,0,7,0,0.0,2.0,1.0,0.0,B02
201400018522,0,7,0,0.0,2.0,5.0,15.0,A01
201400018523,0,10,0,0.0,0.0,0.0,0.0,B02
201400018523,0,33,0,0.0,2.0,0.0,2.0,A01
201400018524,0,7,0,0.0,2.0,3.0,0.0,B02
201400018524,0,10,0,0.0,2.0,3.0,5.0,A01
201400018525,0,7,0,13.0,0.0,1.0,1.0,A01
201400018526,0,10,0,0.0,1.0,1.0,1.0,A01
201400018527,0,7,0,0.0,2.0,1.0,1.0,A01
201400018527,0,7,0,0.0,2.0,1.0,1.0,B02
201400018528,0,7,0,0.0,1.0,1.0,1.0,A01
201400018529,0,7,0,0.0,2.0,3.0,1.0,B02
201400018529,0,33,0,0.0,2.0,1.0,13.0,A01
201400018530,0,7,0,2.0,0.0,8.0,11.0,A01
201400018531,0,33,0,0.0,0.0,8.0,1.0,A01
201400018532,0,7,0,13.0,0.0,4.0,1.0,A01
201400018533,0,33,0,16.0,0.0,8.0,14.0,A01
201400018534,0,7,0,2.0,0.0,8.0,14.0,A01
201400018535,0,7,0,0.0,2.0,1.0,1.0,A01
201400018535,0,7,0,0.0,2.0,7.0,1.0,B02
201400018536,0,7,0,2.0,0.0,7.0,13.0,A01
201400018537,0,7,0,0.0,0.0,6.0,24.0,A01
201400018537,0,2,0,1.0,0.0,1.0,1.0,B02
201400018538,0,7,0,0.0,1.0,3.0,0.0,A01
201400018539,0,33,0,16.0,0.0,1.0,15.0,A01
201400018540,0,7,0,13.0,0.0,1.0,1.0,A01
201400018541,0,7,0,13.0,0.0,3.0,1.0,A01
201400018542,0,7,0,2.0,0.0,0.0,0.0,A01
201400018543,0,7,0,0.0,0.0,1.0,1.0,B02
201400018543,0,7,0,0.0,2.0,4.0,16.0,A01
201400018544,0,7,0,8.0,0.0,1.0,1.0,A01
201400018545,0,7,0,8.0,0.0,8.0,1.0,A01
201400018546,0,7,0,8.0,0.0,2.0,14.0,A01
201400018547,0,17,0,0.0,2.0,4.0,23.0,C03
201400018547,0,17,0,0.0,2.0,1.0,23.0,B02
201400018547,0,17,0,0.0,2.0,1.0,2.0,A01
201400018548,0,7,0,2.0,0.0,9.0,1.0,A01
201400018549,0,7,0,0.0,2.0,3.0,5.0,A01
201400018549,0,7,0,0.0,2.0,3.0,17.0,B02
201400018550,0,7,0,6.0,0.0,1.0,14.0,A01
201400018551,0,7,0,0.0,2.0,3.0,19.0,A01
201400018551,0,33,0,0.0,2.0,1.0,1.0,B02
201400018552,0,10,0,2.0,0.0,1.0,1.0,A01
201400018553,0,7,0,2.0,0.0,1.0,1.0,A01
201400018554,0,1,0,0.0,5.0,1.0,1.0,A01
201400018555,0,7,0,0.0,2.0,5.0,15.0,B02
201400018555,0,33,0,0.0,2.0,5.0,1.0,A01
201400018556,0,7,0,0.0,2.0,3.0,9.0,A01
201400018556,0,7,0,0.0,2.0,1.0,1.0,B02
201400018557,0,1,0,0.0,2.0,8.0,1.0,B02
201400018557,0,7,0,0.0,2.0,2.0,1.0,A01
201400018558,0,10,0,0.0,0.0,3.0,13.0,A01
201400018558,0,10,0,,,2.0,1.0,B02
201400018559,0,10,0,0.0,2.0,3.0,1.0,B02
201400018559,0,10,0,0.0,2.0,1.0,19.0,A01
201400018560,0,7,0,10.0,0.0,1.0,1.0,A01
201400018561,0,7,0,0.0,2.0,3.0,1.0,A01
201400018561,0,2,0,0.0,2.0,3.0,1.0,B02
201400018562,0,7,0,0.0,2.0,7.0,15.0,A01
201400018562,0,33,0,0.0,2.0,1.0,1.0,B02
201400018563,0,7,0,0.0,2.0,8.0,1.0,A01
201400018563,0,2,0,0.0,2.0,1.0,11.0,B02
201400018564,0,7,0,13.0,0.0,2.0,1.0,A01
201400018565,0,7,0,0.0,0.0,3.0,1.0,A01
201400018566,0,7,0,0.0,2.0,7.0,6.0,A01
201400018566,0,7,0,0.0,2.0,7.0,1.0,B02
201400018567,0,7,0,2.0,0.0,1.0,15.0,A01
201400018568,0,7,0,0.0,2.0,1.0,11.0,B02
201400018568,0,21,0,0.0,2.0,1.0,1.0,A01
201400018569,0,7,0,16.0,0.0,9.0,0.0,A01
201400018570,0,7,0,0.0,2.0,1.0,13.0,A01
201400018570,0,7,0,0.0,2.0,1.0,1.0,B02
201400018571,0,7,0,2.0,0.0,9.0,13.0,A01
201400018572,0,7,0,10.0,0.0,1.0,1.0,A01
201400018573,0,7,0,0.0,1.0,2.0,1.0,A01
201400018574,0,7,0,6.0,2.0,3.0,0.0,B02
201400018574,0,7,0,13.0,2.0,3.0,0.0,A01
201400018575,0,10,0,2.0,0.0,1.0,0.0,A01
201400018576,0,7,0,0.0,2.0,3.0,1.0,B02
201400018576,0,7,0,0.0,2.0,3.0,13.0,A01
201400018577,0,7,0,0.0,2.0,2.0,1.0,A01
201400018577,0,14,0,0.0,2.0,1.0,1.0,B02
201400018578,0,7,0,0.0,0.0,1.0,5.0,A01
201400018579,0,7,0,13.0,0.0,1.0,1.0,A01
201400018580,0,33,0,0.0,6.0,1.0,0.0,A01
201400018581,0,7,0,8.0,0.0,7.0,1.0,A01
201400018582,0,7,0,0.0,2.0,3.0,1.0,A01
201400018582,0,7,0,0.0,0.0,5.0,15.0,B02
201400018583,0,2,0,0.0,2.0,7.0,0.0,A01
201400018583,0,7,0,0.0,2.0,8.0,9.0,B02
201400018584,0,7,0,0.0,2.0,1.0,1.0,B02
201400018584,0,7,0,0.0,2.0,1.0,15.0,A01
201400018585,0,7,0,0.0,5.0,1.0,1.0,A01
201400018586,0,7,0,5.0,0.0,3.0,13.0,A01