Num_Acc,senc,catv,occutc,obs,obsm,choc,manv,num_veh
201400018587,0,7,0,6.0,0.0,1.0,1.0,A01
201400018588,0,7,0,2.0,0.0,1.0,1.0,A01
201400018589,0,17,0,0.0,0.0,1.0,1.0,A01
201400018589,0,37,0,0.0,0.0,1.0,23.0,B02
201400018590,0,7,0,0.0,1.0,1.0,1.0,A01
201400018591,0,7,0,0.0,2.0,6.0,9.0,A01
201400018591,0,7,0,0.0,2.0,1.0,2.0,B02
201400018592,0,2,0,0.0,2.0,1.0,1.0,B02
201400018592,0,7,0,0.0,2.0,1.0,15.0,A01
201400018593,0,7,0,0.0,2.0,3.0,16.0,A01
201400018593,0,7,0,0.0,2.0,3.0,1.0,B02
201400018594,0,7,0,0.0,1.0,7.0,1.0,A01
201400018595,0,1,0,0.0,2.0,1.0,9.0,A01
201400018595,0,7,0,0.0,2.0,8.0,1.0,B02
201400018596,0,7,0,0.0,2.0,1.0,19.0,A01
201400018596,0,7,0,0.0,2.0,2.0,1.0,B02
201400018597,0,7,0,2.0,0.0,3.0,1.0,A01
201400018598,0,33,0,3.0,0.0,1.0,16.0,A01
201400018599,0,15,0,0.0,2.0,1.0,15.0,A01
201400018599,0,33,0,0.0,2.0,1.0,1.0,B02
201400018600,0,33,0,6.0,0.0,1.0,1.0,A01
201400018601,0,21,0,0.0,0.0,0.0,1.0,A01
201400018602,0,10,0,0.0,0.0,2.0,1.0,A01
201400018603,0,7,0,2.0,0.0,2.0,1.0,A01
201400018604,0,7,0,0.0,1.0,6.0,9.0,A01
201400018604,0,7,0,0.0,2.0,2.0,9.0,B02
201400018605,0,7,0,0.0,0.0,4.0,1.0,A01
201400018606,0,7,0,0.0,2.0,1.0,1.0,C03
201400018606,0,10,0,13.0,2.0,1.0,1.0,B02
201400018606,0,14,0,13.0,2.0,7.0,1.0,A01
201400018607,0,7,0,0.0,2.0,3.0,15.0,A01
201400018607,0,7,0,0.0,2.0,1.0,1.0,B02
201400018608,0,33,0,0.0,2.0,1.0,13.0,A01
201400018608,0,17,0,0.0,2.0,8.0,1.0,B02
201400018609,0,17,0,13.0,0.0,2.0,1.0,A01
201400018610,0,13,0,0.0,2.0,1.0,1.0,C03
201400018610,0,7,0,0.0,2.0,2.0,1.0,A01
201400018610,0,7,0,0.0,2.0,8.0,1.0,B02
201400018611,0,7,0,2.0,0.0,9.0,1.0,A01
201400018612,0,33,0,0.0,2.0,1.0,1.0,A01
201400018612,0,7,0,0.0,2.0,1.0,1.0,B02
201400018613,0,7,0,0.0,1.0,3.0,1.0,A01
201400018614,0,7,0,13.0,0.0,1.0,17.0,A01
201400018615,0,7,0,3.0,0.0,2.0,14.0,A01
201400018616,0,33,0,0.0,2.0,1.0,1.0,B02
201400018616,0,10,0,0.0,2.0,1.0,15.0,A01
201400018617,0,33,0,0.0,0.0,9.0,13.0,A01
201400018618,0,7,0,0.0,2.0,2.0,2.0,A01
201400018618,0,1,0,0.0,2.0,4.0,1.0,B02
201400018619,0,7,0,0.0,2.0,1.0,13.0,A01
201400018619,0,7,0,6.0,2.0,3.0,1.0,B02
201400018619,0,7,0,0.0,2.0,3.0,1.0,C03
201400018619,0,7,0,3.0,2.0,3.0,1.0,D04
201400018620,0,10,0,0.0,2.0,3.0,13.0,A01
201400018620,0,10,0,0.0,2.0,3.0,1.0,B02
201400018621,0,7,0,0.0,1.0,2.0,1.0,A01
201400018622,0,7,0,0.0,2.0,3.0,15.0,A01
201400018622,0,30,0,0.0,2.0,3.0,1.0,B02
201400018623,0,7,0,0.0,2.0,3.0,10.0,A01
201400018623,0,7,0,0.0,2.0,1.0,1.0,B02
201400018624,0,10,0,0.0,0.0,0.0,0.0,A01
201400018625,0,7,0,0.0,2.0,1.0,0.0,A01
201400018625,0,1,0,0.0,2.0,4.0,0.0,B02
201400018626,0,7,0,2.0,0.0,2.0,14.0,A01
201400018627,0,7,0,0.0,2.0,1.0,1.0,B02
201400018627,0,7,0,0.0,2.0,8.0,15.0,A01
201400018628,0,2,0,0.0,2.0,1.0,13.0,A01
201400018628,0,7,0,0.0,2.0,3.0,1.0,B02
201400018629,0,33,0,0.0,0.0,9.0,1.0,A01
201400018630,0,7,0,0.0,1.0,3.0,15.0,A01
201400018631,0,7,0,0.0,2.0,7.0,19.0,B02
201400018631,0,3,0,0.0,2.0,1.0,1.0,A01
201400018632,0,7,0,0.0,1.0,2.0,17.0,A01
201400018633,0,7,0,0.0,2.0,5.0,1.0,A01
201400018633,0,1,0,0.0,2.0,4.0,1.0,B02
201400018634,0,2,0,0.0,1.0,1.0,1.0,A01
201400018635,0,7,0,15.0,2.0,7.0,1.0,B02
201400018635,0,7,0,0.0,2.0,1.0,1.0,A01
201400018636,0,7,0,0.0,1.0,2.0,1.0,A01
201400018637,0,7,0,0.0,2.0,3.0,1.0,B02
201400018637,0,7,0,0.0,2.0,2.0,1.0,A01
201400018638,0,7,0,0.0,2.0,1.0,13.0,A01
201400018638,0,7,0,0.0,2.0,1.0,1.0,B02
201400018638,0,7,0,13.0,0.0,7.0,14.0,C03
201400018639,0,30,0,0.0,2.0,3.0,13.0,A01
201400018639,0,7,0,0.0,2.0,2.0,1.0,B02
201400018640,0,7,0,0.0,5.0,1.0,1.0,A01
201400018641,0,7,0,7.0,0.0,1.0,0.0,A01
201400018642,0,33,0,0.0,0.0,7.0,0.0,A01
201400018643,0,7,0,0.0,2.0,7.0,17.0,A01
201400018643,0,31,0,0.0,2.0,8.0,1.0,B02
201400018644,0,7,0,0.0,2.0,6.0,19.0,A01
201400018644,0,7,0,0.0,2.0,1.0,1.0,B02
201400018645,0,7,0,6.0,0.0,1.0,1.0,A01
201400018646,0,7,0,8.0,0.0,1.0,1.0,A01
201400018647,0,7,0,13.0,0.0,2.0,1.0,A01
201400018648,0,7,0,0.0,2.0,1.0,13.0,A01
201400018648,0,7,0,0.0,2.0,1.0,1.0,B02
201400018649,0,7,0,0.0,2.0,1.0,1.0,A01
201400018649,0,7,0,0.0,2.0,7.0,19.0,B02
201400018650,0,30,0,13.0,0.0,8.0,1.0,A01
201400018651,0,10,0,0.0,2.0,3.0,1.0,B02
201400018651,0,2,0,0.0,2.0,8.0,19.0,A01
201400018652,0,7,0,0.0,2.0,3.0,16.0,A01
201400018652,0,30,0,0.0,2.0,8.0,1.0,B02
201400018653,0,33,0,0.0,0.0,8.0,1.0,A01
201400018654,0,33,0,0.0,2.0,7.0,1.0,B02
201400018654,0,10,0,0.0,2.0,3.0,1.0,A01
201400018655,0,7,0,2.0,0.0,1.0,14.0,A01
201400018656,0,7,0,3.0,2.0,1.0,13.0,A01
201400018656,0,15,0,0.0,2.0,3.0,1.0,B02
201400018657,0,7,0,2.0,0.0,7.0,13.0,A01
201400018658,0,31,0,0.0,0.0,7.0,1.0,A01
201400018659,0,7,0,0.0,0.0,1.0,1.0,A01
201400018660,0,7,0,2.0,0.0,9.0,1.0,A01
201400018661,0,7,0,13.0,0.0,3.0,1.0,A01
201400018662,0,1,0,0.0,2.0,1.0,2.0,A01
201400018662,0,21,0,0.0,2.0,4.0,2.0,B02
201400018663,0,7,0,0.0,2.0,2.0,1.0,B02
201400018663,0,7,0,0.0,2.0,3.0,1.0,A01
201400018664,0,7,0,0.0,1.0,3.0,1.0,A01
201400018665,0,7,0,0.0,2.0,7.0,15.0,B02
201400018665,0,33,0,0.0,2.0,1.0,1.0,A01
201400018666,0,7,0,13.0,0.0,3.0,19.0,A01
201400018667,0,1,0,0.0,0.0,0.0,0.0,A01
201400018668,0,7,0,0.0,5.0,1.0,1.0,A01
201400018669,0,7,0,0.0,1.0,3.0,2.0,A01
201400018670,0,7,0,0.0,2.0,1.0,1.0,A01
201400018670,0,7,0,0.0,2.0,3.0,19.0,B02
201400018671,0,7,0,0.0,2.0,1.0,2.0,A01
201400018671,0,7,0,0.0,2.0,4.0,23.0,B02
201400018672,0,7,0,2.0,0.0,1.0,1.0,A01
201400018673,0,7,0,13.0,0.0,1.0,1.0,A01
201400018674,0,7,0,0.0,2.0,2.0,15.0,A01
201400018674,0,7,0,0.0,2.0,1.0,1.0,B02
201400018675,0,7,0,6.0,0.0,1.0,14.0,A01
201400018676,0,7,0,0.0,2.0,1.0,1.0,B02
201400018676,0,7,0,0.0,2.0,1.0,13.0,A01
201400018677,0,7,0,14.0,0.0,1.0,1.0,A01
201400018678,0,7,0,13.0,0.0,9.0,13.0,A01
201400018679,1,7,0,0.0,2.0,3.0,15.0,A01
201400018679,0,33,0,0.0,2.0,5.0,17.0,B02
201400018680,0,7,0,0.0,2.0,8.0,19.0,B02
201400018680,0,7,0,0.0,2.0,2.0,1.0,A01
201400018681,0,7,0,1.0,2.0,1.0,13.0,A01
201400018681,0,7,0,0.0,2.0,1.0,1.0,B02
201400018682,0,7,0,0.0,2.0,3.0,1.0,B02
201400018682,0,2,0,0.0,2.0,1.0,1.0,A01
201400018683,0,7,0,0.0,2.0,3.0,1.0,C03
201400018683,0,7,0,0.0,2.0,1.0,1.0,B02
201400018683,0,7,0,0.0,2.0,9.0,15.0,A01
201400018684,0,10,0,0.0,2.0,8.0,19.0,B02
201400018684,0,14,0,0.0,2.0,3.0,1.0,A01
201400018685,0,7,0,13.0,0.0,2.0,14.0,A01
201400018686,0,7,0,0.0,1.0,0.0,1.0,A01
201400018687,0,7,0,8.0,0.0,3.0,13.0,A01
201400018688,0,7,0,0.0,0.0,0.0,14.0,A01
201400018689,0,30,0,13.0,0.0,1.0,14.0,A01
201400018690,0,3,0,1.0,0.0,1.0,1.0,A01
201400018691,0,7,0,0.0,2.0,1.0,1.0,C03
201400018691,0,7,0,0.0,2.0,5.0,15.0,B02
201400018691,0,7,0,0.0,2.0,3.0,1.0,A01
201400018692,0,7,0,2.0,0.0,2.0,0.0,A01
201400018693,0,10,0,0.0,2.0,3.0,1.0,A01
201400018693,0,33,0,0.0,2.0,1.0,13.0,B02
201400018694,0,31,0,13.0,0.0,1.0,1.0,A01
201400018695,0,7,0,0.0,2.0,3.0,1.0,B02
201400018695,0,7,0,0.0,2.0,3.0,5.0,A01
201400018696,0,7,0,0.0,0.0,3.0,1.0,B02
201400018696,0,7,0,0.0,0.0,2.0,15.0,A01
201400018697,0,7,0,2.0,0.0,3.0,1.0,A01
201400018698,0,33,0,0.0,2.0,1.0,1.0,B02
201400018698,0,7,0,0.0,2.0,8.0,13.0,A01
201400018699,2,7,0,1.0,0.0,1.0,1.0,A01
201400018700,0,7,0,0.0,2.0,1.0,5.0,B02
201400018700,0,7,0,0.0,2.0,1.0,13.0,A01
201400018701,1,99,0,0.0,1.0,1.0,1.0,A01
201400018702,0,1,0,14.0,2.0,5.0,0.0,B02
201400018702,0,7,0,0.0,2.0,2.0,2.0,A01
201400018703,0,17,0,2.0,0.0,1.0,1.0,A01
201400018704,0,7,0,0.0,0.0,4.0,1.0,A01
201400018704,0,30,0,0.0,2.0,1.0,1.0,B02
201400018705,0,7,0,0.0,1.0,2.0,1.0,A01
201400018706,1,38,0,0.0,1.0,7.0,1.0,A01
201400018707,0,1,0,0.0,2.0,1.0,0.0,A01
201400018707,0,10,0,0.0,2.0,2.0,1.0,B02
201400018708,0,10,0,0.0,2.0,3.0,1.0,B02
201400018708,0,7,0,14.0,0.0,8.0,1.0,C03
201400018708,0,7,0,0.0,2.0,3.0,6.0,A01
201400018709,0,7,0,6.0,0.0,1.0,1.0,A01
201400018710,0,7,0,0.0,2.0,3.0,1.0,A01
201400018710,0,7,0,0.0,0.0,5.0,2.0,B02
201400018711,0,7,0,0.0,2.0,3.0,1.0,A01
201400018711,0,7,0,0.0,2.0,3.0,1.0,B02
201400018712,0,7,0,0.0,0.0,8.0,13.0,A01
201400018712,0,33,0,0.0,2.0,1.0,1.0,B02
201400018713,0,7,0,0.0,1.0,2.0,1.0,A01
201400018714,0,7,0,8.0,0.0,1.0,14.0,A01
201400018715,0,7,0,0.0,2.0,3.0,15.0,A01
201400018715,0,7,0,0.0,2.0,2.0,1.0,B02
201400018716,0,7,0,0.0,1.0,1.0,1.0,A01
201400018717,0,7,0,0.0,9.0,2.0,1.0,A01
201400018717,0,1,0,0.0,2.0,8.0,9.0,B02
201400018718,0,7,0,2.0,0.0,0.0,14.0,A01
201400018719,0,7,0,0.0,2.0,2.0,15.0,A01
201400018719,0,33,0,0.0,2.0,1.0,1.0,B02
201400018720,0,7,0,0.0,2.0,8.0,15.0,A01
201400018720,0,7,0,0.0,2.0,1.0,1.0,B02
201400018721,0,33,0,6.0,0.0,8.0,20.0,A01
201400018722,0,33,0,0.0,0.0,8.0,14.0,A01
201400018723,0,33,0,6.0,0.0,7.0,1.0,A01
201400018724,0,1,0,0.0,2.0,1.0,15.0,A01
201400018724,0,7,0,0.0,9.0,3.0,16.0,B02
201400018725,0,15,0,0.0,2.0,8.0,1.0,B02
201400018725,0,7,0,0.0,2.0,8.0,1.0,A01
201400018726,0,17,0,0.0,0.0,0.0,1.0,A01
201400018726,0,7,0,0.0,2.0,1.0,1.0,C03
201400018727,0,7,0,0.0,2.0,7.0,1.0,A01
201400018727,0,7,0,0.0,2.0,3.0,1.0,B02
201400018728,0,1,0,0.0,0.0,0.0,0.0,A01
201400018729,0,2,0,0.0,1.0,3.0,13.0,A01
201400018730,0,7,0,13.0,0.0,2.0,1.0,A01
201400018731,0,7,0,0.0,2.0,3.0,1.0,A01
201400018731,0,34,0,0.0,2.0,8.0,1.0,B02
201400018732,0,7,0,0.0,2.0,4.0,1.0,A01
201400018732,0,33,0,0.0,2.0,1.0,1.0,B02
201400018733,0,7,0,0.0,2.0,8.0,9.0,A01
201400018733,0,31,0,0.0,2.0,1.0,1.0,B02
201400018734,0,7,0,8.0,0.0,1.0,16.0,A01
201400018735,0,7,0,0.0,2.0,1.0,21.0,A01
201400018735,0,7,0,0.0,2.0,8.0,19.0,B02
201400018736,0,7,0,0.0,0.0,5.0,10.0,A01
201400018736,0,31,0,0.0,0.0,1.0,1.0,B02
201400018737,0,7,0,2.0,0.0,9.0,14.0,A01
201400018738,0,7,0,13.0,0.0,1.0,14.0,A01
201400018739,0,7,0,13.0,0.0,1.0,0.0,A01
201400018740,0,7,0,0.0,2.0,1.0,1.0,A01
201400018740,0,7,0,0.0,2.0,2.0,1.0,B02
201400018741,0,7,0,0.0,0.0,9.0,14.0,A01
201400018742,0,38,0,0.0,2.0,2.0,15.0,A01
201400018742,0,33,0,0.0,2.0,1.0,1.0,B02
201400018743,0,7,0,0.0,2.0,2.0,1.0,A01
201400018743,0,32,0,0.0,2.0,1.0,15.0,B02
201400018744,0,17,0,3.0,0.0,8.0,13.0,A01
201400018745,0,7,0,8.0,0.0,3.0,1.0,A01
201400018746,0,33,0,0.0,2.0,1.0,1.0,B02
201400018746,0,7,0,0.0,2.0,7.0,15.0,A01
201400018747,0,7,0,0.0,2.0,3.0,1.0,B02
201400018747,0,33,0,0.0,2.0,1.0,1.0,A01
201400018748,0,7,0,0.0,2.0,1.0,19.0,B02
201400018748,0,7,0,0.0,2.0,8.0,1.0,A01
201400018749,0,33,0,0.0,2.0,2.0,17.0,B02
201400018749,0,7,0,0.0,2.0,3.0,15.0,A01
201400018750,0,10,0,6.0,1.0,6.0,4.0,A01
201400018751,0,7,0,2.0,0.0,3.0,0.0,A01
201400018752,0,2,0,0.0,2.0,1.0,13.0,A01
201400018752,0,7,0,0.0,2.0,2.0,0.0,B02
201400018753,0,33,0,0.0,1.0,1.0,1.0,A01
201400018754,0,7,0,0.0,1.0,1.0,1.0,A01
201400018755,0,7,0,13.0,0.0,9.0,1.0,A01
201400018756,0,7,0,2.0,0.0,5.0,1.0,A01
201400018757,0,7,0,0.0,2.0,1.0,13.0,A01
201400018757,0,10,0,0.0,2.0,1.0,1.0,B02
201400018758,0,7,0,6.0,0.0,1.0,1.0,A01
201400018759,0,7,0,0.0,2.0,2.0,1.0,A01
201400018760,0,7,0,13.0,0.0,3.0,13.0,A01
201400018761,0,7,0,14.0,0.0,1.0,1.0,A01
201400018762,0,17,0,1.0,0.0,1.0,13.0,A01
201400018762,0,17,0,0.0,0.0,8.0,24.0,B02
201400018763,0,7,0,0.0,2.0,5.0,14.0,A01
201400018763,0,7,0,0.0,2.0,3.0,2.0,B02
201400018764,0,10,0,8.0,0.0,0.0,2.0,A01
201400018765,0,33,0,0.0,2.0,7.0,13.0,A01
201400018765,0,7,0,0.0,2.0,8.0,15.0,B02
201400018766,0,33,0,13.0,0.0,2.0,16.0,A01
201400018767,0,15,0,0.0,1.0,2.0,1.0,A01
201400018768,0,7,0,0.0,2.0,2.0,15.0,A01
201400018768,0,31,0,0.0,2.0,1.0,1.0,B02
201400018769,0,7,0,0.0,2.0,1.0,2.0,A01
201400018769,0,2,0,0.0,0.0,4.0,2.0,B02
201400018770,0,7,0,0.0,2.0,6.0,1.0,A01
201400018770,0,7,0,0.0,2.0,1.0,1.0,B02
201400018771,0,7,0,2.0,0.0,3.0,1.0,A01
201400018772,0,7,0,2.0,0.0,1.0,14.0,A01
201400018773,0,30,0,0.0,0.0,2.0,1.0,A01
201400018774,0,30,0,0.0,0.0,0.0,1.0,A01
201400018775,0,7,0,0.0,2.0,1.0,17.0,A01
201400018775,0,30,0,0.0,2.0,1.0,1.0,B02
201400018776,0,7,0,0.0,1.0,8.0,1.0,A01
201400018777,0,7,0,0.0,0.0,3.0,15.0,A01
201400018777,0,31,0,0.0,2.0,1.0,1.0,B02
201400018778,0,30,0,0.0,0.0,0.0,1.0,A01
201400018779,0,7,0,0.0,2.0,2.0,15.0,A01
201400018779,0,30,0,0.0,2.0,1.0,1.0,B02
201400018780,0,33,0,0.0,0.0,2.0,1.0,A01
201400018781,0,7,0,2.0,0.0,2.0,1.0,A01
201400018782,0,15,0,0.0,1.0,2.0,1.0,A01
201400018783,0,7,0,0.0,1.0,2.0,1.0,A01
201400018784,0,7,0,0.0,0.0,6.0,1.0,A01
201400018784,0,34,0,0.0,0.0,3.0,0.0,B02
201400018785,0,7,0,0.0,9.0,3.0,1.0,A01
201400018785,0,33,0,0.0,2.0,1.0,13.0,B02
201400018786,0,7,0,13.0,0.0,3.0,1.0,A01
201400018787,0,7,0,0.0,2.0,7.0,13.0,A01
201400018787,0,7,0,0.0,2.0,1.0,1.0,B02
201400018788,0,17,0,0.0,0.0,8.0,15.0,A01
201400018788,0,7,0,0.0,2.0,3.0,1.0,B02
201400018789,0,7,0,0.0,2.0,1.0,0.0,A01
201400018789,0,10,0,0.0,2.0,1.0,1.0,B02
201400018790,0,7,0,0.0,2.0,3.0,1.0,A01
201400018790,0,7,0,0.0,2.0,8.0,15.0,B02
201400018791,0,7,0,0.0,2.0,3.0,13.0,A01
201400018791,0,7,0,0.0,2.0,1.0,9.0,B02
201400018792,0,7,0,0.0,1.0,2.0,5.0,A01
201400018793,0,7,0,13.0,0.0,1.0,12.0,A01
201400018794,0,7,0,2.0,0.0,3.0,13.0,A01
201400018795,0,7,0,13.0,0.0,9.0,1.0,A01
201400018796,0,7,0,9.0,0.0,1.0,1.0,A01
201400018797,0,7,0,0.0,2.0,2.0,1.0,A01
201400018797,0,21,0,0.0,2.0,1.0,15.0,B02
201400018798,0,33,0,0.0,2.0,1.0,21.0,B02
201400018798,0,33,0,0.0,2.0,1.0,21.0,C03
201400018798,0,30,0,0.0,2.0,8.0,15.0,A01
201400018799,0,7,0,0.0,2.0,7.0,13.0,A01
201400018799,0,7,0,0.0,0.0,0.0,17.0,B02
201400018799,0,17,0,0.0,2.0,3.0,1.0,C03
201400018800,0,7,0,13.0,0.0,3.0,1.0,A01
201400018801,0,30,0,0.0,5.0,8.0,1.0,A01
201400018802,0,10,0,0.0,2.0,1.0,1.0,A01
201400018802,0,7,0,0.0,2.0,4.0,23.0,B02
201400018803,0,7,0,0.0,2.0,3.0,13.0,A01
201400018803,0,7,0,0.0,0.0,6.0,1.0,B02
201400018804,0,7,0,2.0,0.0,3.0,13.0,A01
201400018805,0,7,0,0.0,2.0,1.0,15.0,A01
201400018805,0,7,0,0.0,2.0,1.0,1.0,B02
201400018806,0,7,0,0.0,0.0,2.0,13.0,A01
201400018806,0,10,0,0.0,2.0,3.0,1.0,B02
201400018807,0,7,0,1.0,0.0,1.0,13.0,A01
201400018807,0,7,0,0.0,2.0,3.0,21.0,B02
201400018808,0,7,0,0.0,2.0,1.0,13.0,A01
201400018808,0,7,0,0.0,2.0,1.0,1.0,B02
201400018809,0,7,0,0.0,1.0,3.0,15.0,A01
201400018810,0,7,0,0.0,0.0,0.0,1.0,A01
201400018811,0,33,0,6.0,0.0,1.0,14.0,A01
201400018812,0,7,0,0.0,2.0,2.0,1.0,A01
201400018812,0,7,0,0.0,2.0,1.0,1.0,B02
201400018813,0,7,0,10.0,0.0,7.0,21.0,A01
201400018814,0,15,0,0.0,2.0,6.0,13.0,A01
201400018814,0,7,0,0.0,2.0,3.0,1.0,B02
201400018815,0,7,0,3.0,2.0,7.0,1.0,A01
201400018815,0,7,0,0.0,2.0,1.0,1.0,B02
201400018816,0,7,0,0.0,9.0,1.0,15.0,A01
201400018816,0,1,0,0.0,2.0,1.0,1.0,B02
201400018817,0,17,0,0.0,2.0,3.0,1.0,A01
201400018817,0,7,0,0.0,2.0,3.0,1.0,B02
201400018818,0,2,0,0.0,2.0,1.0,1.0,A01
201400018818,0,7,0,0.0,2.0,3.0,17.0,B02
201400018819,0,7,0,0.0,1.0,1.0,1.0,A01
201400018820,0,7,0,1.0,0.0,9.0,1.0,A01
201400018821,0,7,0,10.0,0.0,2.0,1.0,A01
201400018822,0,7,0,8.0,0.0,2.0,14.0,A01
201400018823,0,7,0,0.0,2.0,2.0,1.0,A01
201400018823,0,31,0,0.0,2.0,8.0,15.0,B02
201400018824,0,7,0,0.0,2.0,8.0,15.0,A01
201400018824,0,33,0,0.0,2.0,1.0,17.0,B02
201400018825,0,7,0,0.0,2.0,3.0,1.0,A01
201400018825,0,7,0,0.0,2.0,2.0,1.0,B02
201400018826,0,7,0,0.0,2.0,1.0,19.0,A01
201400018826,0,31,0,0.0,2.0,8.0,1.0,B02
201400018827,0,7,0,0.0,2.0,3.0,13.0,A01
201400018827,0,15,0,0.0,2.0,3.0,1.0,B02
201400018828,0,7,0,0.0,1.0,1.0,1.0,A01
201400018829,0,1,0,0.0,2.0,8.0,19.0,B02
201400018829,0,7,0,0.0,2.0,1.0,1.0,A01
201400018830,0,7,0,6.0,0.0,3.0,13.0,A01
201400018831,0,7,0,8.0,0.0,5.0,1.0,A01
201400018832,0,7,0,0.0,1.0,2.0,1.0,A01
201400018833,0,7,0,0.0,1.0,1.0,1.0,A01
201400018834,0,7,0,0.0,9.0,7.0,9.0,A01
201400018834,0,1,0,0.0,2.0,7.0,1.0,B02
201400018835,0,30,0,0.0,2.0,1.0,2.0,A01
201400018835,0,7,0,0.0,0.0,5.0,23.0,B02
201400018836,0,7,0,0.0,2.0,1.0,1.0,B02
201400018836,0,7,0,0.0,0.0,4.0,15.0,C03
201400018836,0,7,0,0.0,0.0,1.0,1.0,A01
201400018837,0,31,0,0.0,2.0,1.0,1.0,B02
201400018837,0,7,0,0.0,2.0,5.0,15.0,A01
201400018838,0,7,0,0.0,1.0,3.0,1.0,A01
201400018839,0,7,0,2.0,0.0,1.0,13.0,A01
201400018840,0,7,0,0.0,1.0,2.0,10.0,A01
201400018841,0,30,0,7.0,0.0,1.0,1.0,A01
201400018842,1,7,0,0.0,2.0,2.0,17.0,B01
201400018842,0,30,0,0.0,2.0,8.0,1.0,A01
201400018843,0,7,0,0.0,2.0,3.0,1.0,A01
201400018843,0,7,0,0.0,2.0,3.0,1.0,B02
201400018844,0,7,0,2.0,0.0,2.0,1.0,A01
201400018845,0,7,0,13.0,0.0,2.0,1.0,A01
201400018846,0,7,0,0.0,2.0,2.0,16.0,A01
201400018846,0,33,0,0.0,2.0,1.0,1.0,B02
201400018847,0,7,0,13.0,0.0,1.0,1.0,A01
201400018848,0,7,0,6.0,0.0,1.0,1.0,A01
201400018849,0,7,0,0.0,2.0,8.0,13.0,A01
201400018849,0,7,0,0.0,2.0,8.0,1.0,B02
201400018850,0,7,0,6.0,0.0,3.0,1.0,A01
201400018851,0,10,0,0.0,1.0,4.0,4.0,A01
201400018852,0,7,0,2.0,0.0,7.0,1.0,A01
201400018853,0,1,0,0.0,2.0,7.0,21.0,A01
201400018853,0,3,0,0.0,2.0,3.0,9.0,B02
201400018854,0,7,0,15.0,0.0,3.0,1.0,A01
201400018855,0,7,0,0.0,0.0,0.0,0.0,A01
201400018856,0,10,0,0.0,1.0,7.0,1.0,A01
201400018857,0,7,0,0.0,2.0,1.0,13.0,A01
201400018857,0,7,0,0.0,2.0,3.0,1.0,B02
201400018858,0,10,0,0.0,2.0,3.0,19.0,A01
201400018858,0,30,0,0.0,2.0,1.0,1.0,B02
201400018859,0,7,0,8.0,0.0,1.0,14.0,A01
201400018860,0,7,0,0.0,2.0,1.0,1.0,B02
201400018860,0,33,0,0.0,2.0,1.0,17.0,A01
201400018861,0,7,0,0.0,2.0,2.0,15.0,A01
201400018861,0,33,0,0.0,2.0,1.0,1.0,B02
201400018862,0,33,0,0.0,0.0,2.0,1.0,A01
201400018863,0,15,0,2.0,0.0,1.0,0.0,A01
201400018864,0,7,0,13.0,0.0,3.0,1.0,A01
201400018865,0,7,0,0.0,1.0,2.0,1.0,A01
201400018866,0,15,0,0.0,2.0,2.0,1.0,B02
201400018866,0,10,0,0.0,2.0,2.0,17.0,A01
201400018867,0,7,0,13.0,0.0,2.0,1.0,A01
201400018868,0,7,0,0.0,2.0,3.0,1.0,A01
201400018868,0,7,0,0.0,2.0,3.0,1.0,B02
201400018869,0,31,0,9.0,0.0,1.0,1.0,A01
201400018870,0,30,0,0.0,2.0,1.0,1.0,B02
201400018870,0,7,0,0.0,2.0,3.0,1.0,A01
201400018871,0,1,0,0.0,1.0,1.0,1.0,A01
201400018872,0,7,0,0.0,2.0,1.0,13.0,B02
201400018872,0,7,0,0.0,2.0,1.0,1.0,A01
201400018873,0,7,0,13.0,0.0,9.0,1.0,A01
201400018874,0,21,0,2.0,0.0,2.0,1.0,A01
201400018875,0,37,11,3.0,0.0,1.0,1.0,A01
201400018876,0,7,0,0.0,0.0,1.0,1.0,A01
201400018877,0,10,0,13.0,0.0,1.0,1.0,A01
201400018878,0,7,0,0.0,2.0,1.0,17.0,B02
201400018878,0,7,0,0.0,0.0,4.0,1.0,A01
201400018879,0,7,0,0.0,2.0,1.0,1.0,A01
201400018879,0,38,0,0.0,2.0,4.0,15.0,B02
201400018880,0,7,0,0.0,2.0,2.0,2.0,A01
201400018880,0,15,0,0.0,2.0,6.0,1.0,B02
201400018881,0,7,0,0.0,2.0,3.0,2.0,A01
201400018881,0,33,0,0.0,2.0,2.0,2.0,B02
201400018882,0,17,0,0.0,0.0,0.0,1.0,A01
201400018883,0,10,0,2.0,0.0,1.0,13.0,A01
201400018884,0,7,0,2.0,0.0,1.0,0.0,A01
201400018885,0,36,0,6.0,0.0,2.0,1.0,A01
201400018886,0,7,0,0.0,9.0,2.0,1.0,A01
201400018886,0,1,0,0.0,2.0,8.0,15.0,B02
201400018887,0,10,0,0.0,0.0,1.0,15.0,A01
201400018887,0,10,0,13.0,0.0,3.0,0.0,B02
201400018888,0,21,0,0.0,1.0,5.0,1.0,A01
201400018889,0,7,0,0.0,1.0,2.0,1.0,A01
201400018890,0,7,0,0.0,2.0,8.0,19.0,A01
201400018890,0,7,0,0.0,2.0,3.0,1.0,B02
201400018891,0,7,0,0.0,2.0,3.0,1.0,B02
201400018891,0,3,0,0.0,2.0,9.0,13.0,A01
201400018892,0,7,0,2.0,0.0,8.0,2.0,A01