Num_Acc,senc,catv,occutc,obs,obsm,choc,manv,num_veh
201400018893,0,7,0,16.0,0.0,1.0,13.0,A01
201400018894,0,7,0,6.0,0.0,2.0,1.0,A01
201400018895,0,7,0,0.0,2.0,1.0,1.0,A01
201400018895,0,7,0,0.0,2.0,1.0,1.0,B02
201400018896,0,30,0,0.0,0.0,0.0,1.0,A01
201400018897,0,7,0,3.0,0.0,1.0,14.0,F06
201400018897,0,7,0,3.0,2.0,1.0,14.0,G07
201400018897,0,7,0,1.0,0.0,1.0,1.0,H08
201400018897,0,7,0,0.0,2.0,1.0,1.0,D04
201400018897,0,10,0,0.0,2.0,1.0,1.0,C03
201400018897,0,7,0,0.0,2.0,1.0,1.0,B02
201400018897,0,17,0,0.0,2.0,1.0,13.0,A01
201400018897,0,21,0,0.0,2.0,4.0,1.0,E05
201400018898,0,7,0,0.0,2.0,6.0,4.0,A01
201400018898,0,1,0,0.0,2.0,0.0,21.0,B02
201400018899,0,7,0,13.0,0.0,1.0,2.0,A01
201400018900,0,17,0,0.0,2.0,3.0,1.0,A01
201400018900,0,7,0,0.0,0.0,0.0,13.0,C03
201400018900,0,7,0,0.0,2.0,3.0,1.0,B02
201400018901,0,7,0,0.0,0.0,0.0,14.0,A01
201400018902,0,15,0,0.0,2.0,2.0,1.0,A01
201400018902,0,1,0,0.0,2.0,6.0,1.0,B02
201400018903,0,7,0,2.0,0.0,3.0,13.0,A01
201400018904,0,1,0,0.0,0.0,6.0,1.0,A01
201400018904,0,7,0,0.0,2.0,2.0,1.0,B02
201400018905,0,7,0,2.0,0.0,3.0,13.0,A01
201400018906,0,10,0,0.0,2.0,1.0,1.0,B02
201400018906,0,7,0,0.0,2.0,8.0,19.0,A01
201400018907,0,7,0,8.0,0.0,1.0,13.0,A01
201400018908,0,10,0,16.0,0.0,9.0,13.0,A01
201400018909,0,7,0,8.0,0.0,1.0,1.0,A01
201400018910,0,7,0,16.0,0.0,9.0,1.0,A01
201400018911,0,33,0,16.0,0.0,0.0,1.0,A01
201400018912,0,33,0,1.0,1.0,1.0,1.0,A01
201400018913,0,33,0,0.0,2.0,2.0,17.0,A01
201400018913,0,7,0,0.0,2.0,8.0,13.0,B02
201400018914,0,7,0,0.0,2.0,1.0,15.0,A01
201400018914,0,10,0,0.0,2.0,3.0,1.0,B02
201400018915,0,7,0,0.0,2.0,7.0,19.0,A01
201400018915,0,7,0,0.0,2.0,1.0,1.0,B02
201400018916,0,7,0,0.0,1.0,2.0,17.0,A01
201400018917,0,7,0,2.0,0.0,1.0,5.0,A01
201400018918,0,7,0,0.0,2.0,1.0,1.0,A01
201400018918,0,7,0,0.0,2.0,8.0,10.0,B02
201400018919,0,17,0,6.0,1.0,1.0,14.0,A01
201400018920,0,10,0,0.0,2.0,7.0,17.0,A01
201400018920,0,1,0,0.0,2.0,8.0,1.0,B02
201400018921,0,33,0,0.0,2.0,8.0,0.0,A01
201400018921,0,33,0,0.0,2.0,1.0,1.0,B02
201400018922,0,7,0,0.0,2.0,3.0,1.0,A01
201400018922,0,7,0,0.0,2.0,3.0,1.0,B02
201400018923,0,10,0,0.0,2.0,8.0,10.0,A01
201400018923,0,7,0,0.0,2.0,1.0,2.0,B02
201400018924,0,7,0,13.0,0.0,3.0,13.0,A01
201400018925,0,7,0,0.0,2.0,1.0,2.0,A01
201400018925,0,17,0,0.0,0.0,4.0,23.0,B02
201400018926,0,2,0,0.0,0.0,8.0,1.0,A01
201400018927,0,7,0,0.0,2.0,1.0,17.0,A01
201400018927,0,21,0,0.0,2.0,4.0,1.0,B02
201400018928,0,7,0,0.0,2.0,3.0,1.0,B02
201400018928,0,7,0,0.0,2.0,3.0,13.0,A01
201400018929,0,7,0,0.0,9.0,1.0,17.0,A01
201400018929,0,1,0,0.0,2.0,1.0,1.0,B02
201400018930,0,7,0,0.0,2.0,4.0,15.0,A01
201400018930,0,7,0,0.0,2.0,1.0,1.0,B02
201400018930,0,7,0,0.0,2.0,1.0,0.0,C03
201400018930,0,7,0,0.0,2.0,1.0,1.0,D04
201400018930,0,7,0,0.0,2.0,1.0,0.0,E05
201400018931,0,7,0,2.0,0.0,1.0,1.0,A01
201400018932,0,2,0,0.0,2.0,1.0,19.0,A01
201400018932,0,7,0,0.0,2.0,3.0,1.0,B02
201400018933,0,2,0,0.0,2.0,4.0,15.0,A01
201400018933,0,7,0,0.0,2.0,1.0,1.0,B02
201400018934,0,7,0,0.0,1.0,1.0,1.0,A01
201400018935,0,1,0,0.0,2.0,1.0,1.0,A01
201400018935,0,21,0,0.0,2.0,3.0,1.0,B02
201400018936,0,15,0,0.0,2.0,1.0,21.0,A01
201400018936,0,7,0,0.0,2.0,1.0,1.0,B02
201400018937,0,7,0,0.0,0.0,4.0,15.0,A01
201400018937,0,7,0,0.0,2.0,1.0,1.0,B02
201400018937,0,7,0,0.0,2.0,1.0,1.0,C03
201400018938,0,7,0,0.0,1.0,2.0,1.0,A01
201400018939,0,7,0,1.0,0.0,1.0,2.0,A01
201400018940,0,7,0,2.0,0.0,8.0,1.0,A01
201400018941,0,7,0,0.0,2.0,3.0,1.0,B02
201400018941,0,33,0,0.0,2.0,1.0,13.0,A01
201400018942,0,7,0,0.0,1.0,1.0,1.0,A01
201400018943,0,10,0,0.0,0.0,2.0,1.0,B02
201400018943,0,10,0,0.0,0.0,3.0,1.0,A01
201400018944,0,7,0,0.0,2.0,6.0,15.0,B02
201400018944,0,33,0,0.0,2.0,1.0,17.0,A01
201400018945,0,7,0,2.0,0.0,2.0,1.0,A01
201400018946,0,7,0,0.0,0.0,9.0,1.0,A01
201400018947,0,33,0,0.0,0.0,2.0,1.0,A01
201400018948,0,33,0,0.0,5.0,1.0,1.0,A01
201400018949,0,3,0,0.0,2.0,1.0,1.0,A01
201400018949,0,10,0,0.0,2.0,3.0,15.0,B02
201400018950,0,33,0,0.0,0.0,8.0,1.0,A01
201400018951,0,10,0,0.0,2.0,3.0,13.0,A01
201400018951,0,37,1,0.0,2.0,3.0,1.0,B02
201400018952,0,7,0,0.0,2.0,2.0,1.0,A01
201400018952,0,7,0,0.0,2.0,8.0,1.0,B02
201400018952,0,7,0,0.0,2.0,1.0,1.0,C03
201400018953,0,7,0,0.0,2.0,2.0,1.0,A01
201400018953,0,2,0,0.0,2.0,1.0,1.0,B02
201400018954,0,7,0,0.0,2.0,3.0,19.0,A01
201400018954,0,31,0,0.0,2.0,1.0,1.0,B02
201400018955,0,33,0,0.0,2.0,1.0,1.0,B02
201400018955,0,10,0,0.0,2.0,3.0,1.0,A01
201400018956,0,33,0,0.0,0.0,8.0,1.0,A01
201400018957,0,7,0,0.0,9.0,2.0,1.0,A01
201400018957,0,1,0,0.0,2.0,1.0,5.0,B02
201400018958,0,10,0,0.0,2.0,3.0,9.0,A01
201400018958,0,2,0,0.0,2.0,7.0,16.0,B02
201400018959,0,7,0,0.0,1.0,8.0,1.0,A01
201400018960,0,7,0,0.0,2.0,1.0,13.0,A01
201400018960,0,7,0,0.0,2.0,1.0,0.0,B02
201400018961,0,7,0,0.0,2.0,3.0,1.0,A01
201400018961,0,7,0,0.0,2.0,3.0,1.0,B02
201400018962,0,7,0,0.0,0.0,6.0,15.0,B02
201400018962,0,33,0,0.0,2.0,1.0,1.0,A01
201400018963,0,7,0,0.0,0.0,8.0,15.0,B02
201400018963,0,33,0,0.0,2.0,7.0,17.0,A01
201400018964,0,1,0,0.0,2.0,8.0,1.0,B02
201400018964,0,10,0,0.0,2.0,7.0,17.0,A01
201400018965,0,10,0,0.0,0.0,9.0,14.0,A01
201400018966,0,7,0,0.0,2.0,2.0,1.0,A01
201400018966,0,17,0,16.0,2.0,3.0,1.0,B02
201400018967,0,7,0,0.0,2.0,2.0,15.0,A01
201400018967,0,33,0,0.0,2.0,1.0,1.0,B02
201400018968,0,7,0,0.0,2.0,7.0,1.0,A01
201400018968,0,2,0,0.0,1.0,8.0,17.0,B02
201400018969,0,7,0,2.0,0.0,8.0,13.0,A01
201400018970,0,7,0,0.0,2.0,7.0,1.0,A01
201400018970,0,7,0,0.0,2.0,1.0,1.0,B02
201400018971,0,7,0,13.0,0.0,9.0,1.0,A01
201400018972,0,7,0,0.0,2.0,1.0,13.0,A01
201400018972,0,7,0,0.0,2.0,1.0,1.0,B02
201400018973,0,7,0,2.0,0.0,1.0,1.0,A01
201400018974,0,36,0,0.0,0.0,8.0,1.0,A01
201400018975,0,10,0,0.0,1.0,2.0,20.0,A01
201400018976,0,30,0,0.0,2.0,1.0,18.0,A01
201400018976,0,7,0,0.0,0.0,7.0,16.0,B02
201400018977,0,7,0,0.0,2.0,7.0,1.0,A01
201400018977,0,7,0,0.0,2.0,1.0,1.0,B02
201400018978,0,7,0,13.0,0.0,9.0,1.0,A01
201400018979,0,7,0,0.0,2.0,3.0,1.0,A01
201400018979,0,15,0,0.0,2.0,8.0,1.0,B02
201400018980,0,2,0,0.0,0.0,7.0,1.0,A01
201400018981,0,7,0,6.0,0.0,2.0,1.0,A01
201400018982,0,7,0,0.0,2.0,3.0,15.0,A01
201400018982,0,2,0,0.0,2.0,8.0,1.0,B02
201400018983,0,7,0,0.0,2.0,1.0,19.0,A01
201400018983,0,7,0,0.0,2.0,1.0,1.0,B02
201400018984,0,7,0,0.0,1.0,2.0,1.0,A01
201400018985,0,36,0,0.0,2.0,1.0,2.0,B02
201400018985,0,7,0,0.0,2.0,3.0,15.0,A01
201400018986,0,7,0,0.0,2.0,1.0,1.0,A01
201400018986,0,37,1,0.0,2.0,6.0,15.0,B02
201400018987,0,7,0,0.0,2.0,7.0,15.0,A01
201400018987,0,2,0,0.0,2.0,1.0,1.0,B02
201400018988,0,7,0,0.0,2.0,2.0,15.0,A01
201400018988,0,7,0,0.0,2.0,1.0,1.0,B02
201400018989,0,7,0,0.0,2.0,2.0,17.0,A01
201400018989,0,2,0,0.0,2.0,8.0,15.0,B02
201400018990,0,7,0,9.0,0.0,1.0,0.0,A01
201400018991,0,7,0,0.0,2.0,2.0,1.0,B02
201400018991,0,7,0,0.0,2.0,1.0,1.0,A01
201400018992,0,31,0,13.0,0.0,2.0,14.0,A01
201400018993,0,7,0,0.0,2.0,8.0,1.0,A01
201400018993,0,21,0,0.0,2.0,8.0,1.0,B02
201400018994,0,7,0,2.0,0.0,1.0,1.0,A01
201400018995,0,7,0,0.0,2.0,2.0,19.0,B02
201400018995,0,7,0,0.0,2.0,1.0,1.0,A01
201400018996,0,7,0,13.0,0.0,2.0,6.0,A01
201400018997,0,38,1,0.0,2.0,7.0,15.0,A01
201400018997,0,7,0,0.0,2.0,1.0,1.0,B02
201400018998,0,10,0,16.0,0.0,3.0,16.0,A01
201400018999,0,7,0,8.0,0.0,2.0,1.0,A01
201400019000,0,7,0,0.0,2.0,2.0,19.0,A01
201400019000,0,33,0,0.0,2.0,3.0,1.0,B02
201400019001,0,33,0,0.0,0.0,9.0,0.0,A01
201400019001,0,33,0,0.0,0.0,9.0,0.0,B02
201400019002,0,7,0,0.0,0.0,0.0,1.0,A01
201400019003,0,7,0,0.0,0.0,9.0,1.0,A01
201400019004,0,33,0,0.0,2.0,1.0,1.0,A01
201400019004,0,7,0,0.0,0.0,8.0,1.0,B02
201400019005,0,7,0,0.0,2.0,8.0,1.0,A01
201400019005,0,7,0,0.0,2.0,1.0,1.0,B02
201400019006,0,20,0,0.0,2.0,5.0,2.0,A01
201400019006,0,30,0,0.0,2.0,3.0,2.0,B02
201400019007,0,7,0,13.0,0.0,9.0,1.0,A01
201400019008,0,7,0,7.0,0.0,1.0,1.0,A01
201400019009,0,33,0,0.0,2.0,1.0,13.0,A01
201400019009,0,7,0,0.0,9.0,3.0,1.0,B02
201400019010,0,30,0,0.0,2.0,1.0,5.0,A01
201400019010,0,7,0,0.0,2.0,2.0,1.0,B02
201400019011,0,30,0,0.0,2.0,3.0,1.0,A01
201400019011,0,99,0,0.0,2.0,3.0,1.0,B02
201400019012,0,7,0,0.0,2.0,8.0,1.0,B02
201400019012,0,7,0,0.0,2.0,1.0,1.0,A01
201400019013,0,7,0,0.0,1.0,1.0,1.0,A01
201400019014,0,7,0,0.0,4.0,3.0,1.0,A01
201400019014,0,39,1,0.0,2.0,7.0,0.0,B02
201400019015,0,30,0,0.0,2.0,1.0,1.0,B02
201400019015,0,7,0,0.0,2.0,6.0,15.0,A01
201400019016,0,7,0,2.0,0.0,6.0,1.0,A01
201400019017,0,30,0,16.0,0.0,9.0,1.0,A01
201400019018,0,7,0,0.0,2.0,1.0,5.0,A01
201400019018,0,7,0,0.0,2.0,1.0,1.0,B02
201400019019,0,7,0,0.0,2.0,1.0,13.0,A01
201400019019,0,7,0,0.0,2.0,1.0,1.0,B02
201400019020,0,7,0,0.0,2.0,7.0,10.0,A01
201400019020,0,33,0,0.0,2.0,1.0,1.0,B02
201400019021,0,2,0,0.0,0.0,2.0,10.0,A01
201400019021,0,7,0,0.0,2.0,6.0,17.0,B02
201400019022,0,33,0,0.0,0.0,3.0,13.0,A01
201400019023,0,33,0,0.0,0.0,1.0,1.0,A01
201400019024,0,1,0,0.0,2.0,1.0,19.0,A01
201400019024,0,7,0,0.0,0.0,2.0,1.0,B02
201400019025,0,7,0,0.0,2.0,3.0,13.0,B02
201400019025,0,33,0,0.0,2.0,7.0,17.0,A01
201400019026,0,7,0,2.0,0.0,4.0,17.0,A01
201400019027,0,7,0,0.0,2.0,8.0,15.0,B02
201400019027,0,38,0,0.0,2.0,1.0,1.0,A01
201400019028,0,7,0,0.0,1.0,3.0,1.0,A01
201400019029,0,17,0,0.0,2.0,1.0,11.0,A01
201400019029,0,17,0,0.0,0.0,4.0,1.0,B02
201400019030,0,7,0,0.0,0.0,1.0,1.0,A01
201400019031,0,7,0,13.0,0.0,1.0,14.0,A01
201400019032,0,7,0,0.0,1.0,2.0,1.0,A01
201400019033,0,7,0,16.0,0.0,1.0,0.0,A01
201400019034,0,36,0,0.0,0.0,9.0,15.0,A01
201400019035,0,7,0,8.0,0.0,1.0,1.0,A01
201400019036,0,7,0,13.0,0.0,1.0,1.0,A01
201400019037,0,10,0,0.0,2.0,7.0,17.0,A01
201400019037,0,33,0,0.0,2.0,8.0,2.0,B02
201400019038,0,17,0,0.0,0.0,0.0,1.0,A01
201400019039,0,7,0,0.0,2.0,7.0,1.0,A01
201400019039,0,7,0,0.0,2.0,1.0,16.0,B02
201400019040,0,33,0,0.0,2.0,8.0,1.0,A01
201400019040,0,7,0,0.0,2.0,3.0,15.0,B02
201400019041,0,7,0,0.0,2.0,6.0,1.0,B02
201400019041,0,7,0,0.0,2.0,2.0,2.0,A01
201400019042,0,7,0,0.0,2.0,8.0,13.0,A01
201400019042,0,7,0,0.0,2.0,8.0,1.0,B02
201400019043,0,10,0,0.0,2.0,3.0,1.0,A01
201400019043,0,99,0,0.0,2.0,3.0,1.0,B02
201400019044,0,99,0,0.0,2.0,8.0,15.0,A01
201400019044,0,33,0,0.0,2.0,1.0,17.0,B02
201400019045,0,7,0,0.0,2.0,3.0,1.0,B02
201400019045,0,7,0,0.0,2.0,3.0,13.0,A01
201400019046,0,7,0,0.0,2.0,1.0,1.0,A01
201400019046,0,7,0,0.0,2.0,8.0,9.0,B02
201400019047,0,7,0,0.0,0.0,5.0,16.0,A01
201400019047,0,30,0,0.0,0.0,1.0,2.0,B02
201400019048,0,31,0,0.0,2.0,3.0,1.0,A01
201400019049,0,7,0,6.0,0.0,1.0,13.0,A01
201400019050,0,33,0,0.0,2.0,1.0,1.0,A01
201400019050,0,7,0,0.0,2.0,6.0,1.0,B02
201400019051,0,7,0,0.0,0.0,3.0,1.0,B02
201400019051,0,7,0,0.0,2.0,3.0,15.0,A01
201400019052,0,7,0,4.0,0.0,3.0,6.0,A01
201400019053,0,10,0,0.0,0.0,3.0,1.0,B02
201400019053,0,33,0,0.0,2.0,1.0,13.0,A01
201400019054,0,7,0,0.0,2.0,7.0,15.0,A01
201400019054,0,7,0,0.0,0.0,1.0,1.0,C03
201400019054,0,33,0,0.0,0.0,1.0,1.0,B02
201400019055,0,7,0,13.0,0.0,1.0,14.0,A01
201400019056,0,2,0,0.0,2.0,8.0,1.0,B02
201400019056,0,2,0,0.0,2.0,8.0,1.0,A01
201400019057,0,7,0,0.0,2.0,6.0,1.0,B02
201400019057,0,33,0,0.0,2.0,1.0,2.0,A01
201400019058,0,7,0,0.0,2.0,2.0,15.0,A01
201400019058,0,7,0,0.0,2.0,1.0,1.0,B02
201400019059,0,33,0,0.0,2.0,8.0,13.0,A01
201400019059,0,17,0,0.0,2.0,2.0,21.0,B02
201400019060,0,33,0,0.0,2.0,2.0,1.0,A01
201400019060,0,7,0,0.0,2.0,5.0,15.0,B02
201400019061,0,7,0,0.0,2.0,3.0,13.0,A01
201400019061,0,7,0,0.0,2.0,3.0,1.0,B02
201400019062,0,7,0,0.0,2.0,2.0,2.0,A01
201400019062,0,7,0,0.0,0.0,6.0,23.0,B02
201400019063,0,7,0,2.0,0.0,1.0,0.0,A01
201400019064,0,7,0,6.0,0.0,3.0,1.0,A01
201400019065,0,7,0,0.0,2.0,3.0,13.0,A01
201400019065,0,7,0,0.0,2.0,3.0,1.0,B02
201400019065,0,7,0,0.0,2.0,3.0,1.0,C03
201400019066,0,30,0,14.0,0.0,7.0,1.0,A01
201400019067,0,7,0,13.0,0.0,9.0,1.0,A01
201400019068,0,7,0,0.0,1.0,5.0,1.0,A01
201400019069,0,2,0,0.0,2.0,7.0,1.0,A01
201400019069,0,7,0,0.0,2.0,1.0,1.0,B02
201400019070,0,7,0,2.0,0.0,5.0,1.0,A01
201400019071,0,7,0,13.0,0.0,5.0,13.0,A01
201400019072,0,7,0,0.0,2.0,3.0,1.0,B02
201400019072,0,7,0,0.0,2.0,3.0,13.0,A01
201400019073,0,10,0,0.0,2.0,1.0,1.0,A01
201400019073,0,7,0,0.0,2.0,6.0,1.0,B02
201400019074,0,7,0,0.0,2.0,1.0,1.0,A01
201400019074,0,7,0,0.0,2.0,8.0,1.0,B02
201400019075,0,32,0,6.0,0.0,2.0,0.0,A01
201400019076,0,7,0,0.0,0.0,0.0,1.0,A01
201400019077,0,30,0,0.0,2.0,1.0,2.0,A01
201400019077,0,7,0,0.0,2.0,4.0,1.0,B02
201400019078,0,33,0,0.0,6.0,1.0,1.0,A01
201400019079,0,7,0,0.0,2.0,3.0,13.0,A01
201400019079,0,7,0,0.0,2.0,3.0,1.0,B02
201400019080,0,7,0,0.0,2.0,1.0,19.0,A01
201400019080,0,33,0,0.0,2.0,1.0,1.0,C03
201400019080,0,7,0,0.0,2.0,6.0,1.0,B02
201400019081,0,7,0,2.0,0.0,8.0,1.0,A01
201400019082,0,7,0,13.0,0.0,1.0,1.0,A01
201400019083,0,7,0,0.0,2.0,3.0,1.0,B02
201400019083,0,2,0,0.0,2.0,7.0,1.0,A01
201400019084,0,7,0,0.0,2.0,3.0,13.0,A01
201400019084,0,14,0,0.0,2.0,8.0,1.0,B02
201400019085,0,7,0,0.0,2.0,3.0,9.0,A01
201400019085,0,30,0,0.0,2.0,1.0,1.0,B02
201400019086,0,33,0,11.0,0.0,1.0,1.0,A01
201400019087,0,7,0,0.0,0.0,9.0,1.0,A01
201400019088,0,7,0,2.0,0.0,1.0,1.0,A01
201400019089,0,2,0,0.0,0.0,7.0,1.0,A01
201400019090,0,10,0,0.0,2.0,1.0,13.0,A01
201400019090,0,10,0,0.0,2.0,1.0,1.0,B02
201400019091,0,17,0,0.0,2.0,3.0,1.0,A01
201400019091,0,10,0,0.0,2.0,3.0,1.0,B02
201400019092,0,7,0,0.0,1.0,1.0,1.0,A01
201400019093,0,2,0,0.0,2.0,1.0,16.0,A01
201400019093,0,2,0,0.0,2.0,3.0,1.0,B02
201400019094,0,10,0,8.0,0.0,8.0,14.0,A01
201400019095,0,33,0,0.0,2.0,1.0,17.0,B02
201400019095,0,10,0,0.0,2.0,6.0,17.0,A01
201400019096,0,7,0,0.0,1.0,2.0,1.0,A01
201400019097,0,7,0,0.0,1.0,2.0,1.0,A01
201400019098,0,7,0,0.0,2.0,7.0,15.0,A01
201400019098,0,33,0,0.0,2.0,0.0,1.0,B02
201400019099,0,7,0,2.0,0.0,3.0,1.0,A01
201400019100,0,10,0,0.0,2.0,1.0,1.0,B02
201400019100,0,10,0,0.0,0.0,7.0,1.0,A01
201400019101,0,1,0,0.0,9.0,1.0,1.0,A01
201400019101,0,21,0,0.0,2.0,6.0,1.0,B02
201400019102,0,33,0,0.0,2.0,8.0,19.0,B02
201400019102,0,7,0,0.0,2.0,2.0,1.0,A01
201400019103,0,10,0,14.0,,1.0,1.0,A01
201400019103,0,7,0,0.0,2.0,1.0,1.0,D04
201400019103,0,7,0,0.0,2.0,4.0,23.0,B02
201400019103,0,7,0,0.0,2.0,4.0,23.0,C03
201400019104,0,17,0,0.0,2.0,0.0,1.0,A01
201400019104,0,7,0,0.0,9.0,1.0,1.0,B02
201400019105,0,7,0,0.0,0.0,8.0,10.0,A01
201400019105,0,33,0,0.0,2.0,1.0,1.0,B02
201400019106,0,33,0,0.0,2.0,2.0,1.0,B02
201400019106,0,7,0,0.0,2.0,8.0,15.0,A01
201400019107,0,7,0,0.0,2.0,1.0,1.0,A01
201400019107,0,7,0,0.0,0.0,1.0,0.0,B02
201400019108,0,7,0,0.0,4.0,6.0,0.0,A01
201400019108,0,39,0,0.0,2.0,3.0,0.0,B02
201400019109,0,30,0,8.0,0.0,1.0,1.0,A01
201400019110,0,36,0,8.0,0.0,1.0,1.0,A01
201400019111,0,7,0,0.0,1.0,2.0,1.0,A01
201400019112,0,7,0,0.0,0.0,2.0,0.0,A01
201400019113,0,7,0,0.0,0.0,7.0,1.0,A01
201400019114,0,10,0,2.0,0.0,3.0,1.0,A01
201400019115,0,31,0,0.0,0.0,4.0,1.0,A01
201400019116,0,33,0,0.0,2.0,3.0,1.0,A01
201400019116,0,7,0,0.0,2.0,3.0,1.0,B02
201400019117,0,30,0,0.0,2.0,4.0,16.0,A01
201400019117,0,7,0,0.0,2.0,2.0,1.0,B02
201400019118,0,7,0,0.0,2.0,5.0,15.0,A01
201400019118,0,33,0,0.0,2.0,2.0,1.0,B02
201400019119,0,7,0,13.0,0.0,9.0,1.0,A01
201400019120,0,7,0,0.0,2.0,3.0,13.0,B02
201400019120,0,17,0,0.0,2.0,3.0,1.0,A01
201400019121,0,7,0,13.0,0.0,9.0,1.0,A01
201400019122,0,31,0,0.0,0.0,0.0,21.0,A01
201400019122,0,7,0,0.0,0.0,0.0,9.0,B02
201400019123,0,2,0,0.0,2.0,1.0,13.0,A01
201400019123,0,7,0,0.0,2.0,1.0,1.0,B02
201400019124,0,7,0,13.0,0.0,2.0,1.0,A01
201400019125,0,7,0,0.0,1.0,1.0,1.0,A01
201400019126,0,7,0,0.0,2.0,3.0,1.0,A01
201400019126,0,7,0,0.0,2.0,3.0,1.0,B02
201400019127,0,17,0,2.0,2.0,3.0,1.0,B02
201400019127,0,7,0,0.0,2.0,1.0,13.0,A01
201400019128,0,7,0,0.0,2.0,1.0,1.0,A01
201400019128,0,7,0,0.0,2.0,2.0,1.0,B02
201400019129,0,7,0,0.0,2.0,3.0,1.0,B02
201400019129,0,7,0,0.0,2.0,1.0,15.0,A01
201400019130,0,2,0,0.0,1.0,1.0,1.0,A01
201400019131,0,7,0,0.0,2.0,1.0,1.0,A01
201400019131,0,7,0,0.0,2.0,3.0,1.0,B02
201400019132,0,10,0,2.0,0.0,3.0,1.0,A01
201400019133,0,7,0,0.0,1.0,7.0,1.0,A01
201400019134,0,7,0,15.0,0.0,1.0,13.0,A01
201400019135,0,3,0,16.0,0.0,1.0,14.0,A01
201400019136,0,7,0,10.0,0.0,8.0,1.0,A01
201400019137,0,7,0,8.0,0.0,1.0,14.0,A01
201400019138,0,7,0,0.0,2.0,8.0,1.0,B02
201400019138,0,7,0,0.0,2.0,7.0,1.0,A01
201400019139,0,7,0,0.0,2.0,7.0,1.0,A01
201400019139,0,7,0,0.0,2.0,1.0,1.0,B02
201400019140,0,33,0,0.0,2.0,1.0,1.0,A01
201400019140,0,7,0,0.0,2.0,3.0,15.0,B02
201400019141,0,14,0,3.0,0.0,0.0,13.0,A01
201400019142,0,7,0,0.0,0.0,8.0,0.0,A01
201400019142,0,7,0,0.0,0.0,3.0,0.0,B02
201400019143,0,7,0,0.0,2.0,3.0,1.0,B02
201400019143,0,33,0,0.0,2.0,1.0,1.0,A01
201400019144,0,33,0,0.0,2.0,7.0,1.0,A01
201400019144,0,7,0,0.0,0.0,8.0,19.0,B02
201400019145,0,2,0,0.0,2.0,1.0,15.0,B02
201400019145,0,7,0,0.0,2.0,1.0,0.0,A01
201400019146,0,7,0,0.0,1.0,1.0,1.0,A01
201400019147,0,10,0,0.0,2.0,8.0,19.0,B02
201400019147,0,10,0,0.0,2.0,1.0,1.0,A01
201400019148,0,33,0,0.0,2.0,1.0,1.0,B02
201400019148,0,7,0,0.0,2.0,1.0,17.0,A01
201400019149,0,7,0,2.0,0.0,3.0,13.0,A01
201400019150,0,7,0,0.0,2.0,1.0,9.0,A01
201400019150,0,10,0,0.0,2.0,8.0,9.0,B02
201400019151,0,33,0,13.0,0.0,1.0,1.0,A01
201400019152,0,10,0,0.0,0.0,7.0,1.0,A01
201400019152,0,14,0,0.0,0.0,3.0,1.0,B02
201400019153,0,7,0,2.0,0.0,1.0,13.0,A01
201400019154,0,33,0,8.0,0.0,9.0,1.0,A01
201400019155,0,7,0,0.0,2.0,7.0,13.0,A01
201400019155,0,7,0,0.0,2.0,7.0,1.0,B02
201400019156,0,7,0,0.0,2.0,1.0,13.0,B02
201400019156,0,7,0,0.0,2.0,1.0,1.0,A01
201400019157,0,7,0,13.0,0.0,9.0,14.0,A01
201400019158,0,7,0,0.0,2.0,3.0,13.0,A01
201400019158,0,7,0,0.0,2.0,3.0,1.0,B02
201400019159,0,36,0,8.0,0.0,1.0,1.0,A01
201400019160,0,7,0,0.0,2.0,3.0,1.0,B02
201400019160,0,7,0,0.0,2.0,5.0,15.0,A01
201400019161,0,14,0,0.0,0.0,7.0,1.0,A01
201400019162,0,7,0,6.0,0.0,2.0,1.0,A01
201400019163,0,14,0,0.0,2.0,3.0,15.0,A01
201400019163,0,7,0,0.0,2.0,3.0,1.0,B02
201400019164,0,7,0,0.0,2.0,5.0,15.0,A01
201400019164,0,33,0,0.0,2.0,1.0,1.0,B02
201400019165,0,2,0,0.0,2.0,1.0,1.0,B02
201400019165,0,10,0,0.0,2.0,7.0,15.0,A01
201400019166,0,7,0,0.0,1.0,2.0,1.0,A01
201400019167,0,7,0,0.0,9.0,3.0,1.0,A01
201400019167,0,1,0,0.0,2.0,1.0,1.0,B02
201400019168,0,7,0,0.0,2.0,3.0,1.0,B02
201400019168,0,7,0,0.0,2.0,8.0,1.0,A01
201400019169,0,7,0,2.0,0.0,1.0,1.0,A01
201400019170,0,99,0,0.0,0.0,2.0,0.0,B02
201400019170,0,10,0,0.0,9.0,2.0,1.0,A01
201400019171,0,7,0,0.0,2.0,1.0,1.0,B02
201400019171,0,7,0,0.0,2.0,1.0,13.0,A01
201400019172,0,7,0,0.0,2.0,3.0,21.0,B02
201400019172,0,7,0,0.0,2.0,3.0,17.0,A01
201400019173,0,10,0,0.0,2.0,1.0,13.0,A01
201400019173,0,10,0,0.0,2.0,1.0,1.0,B02
201400019174,0,7,0,0.0,2.0,1.0,2.0,A01
201400019174,0,7,0,0.0,2.0,4.0,2.0,B02
201400019175,0,31,0,0.0,2.0,1.0,1.0,A01
201400019176,0,7,0,0.0,1.0,1.0,15.0,A01
201400019177,0,7,0,2.0,0.0,1.0,14.0,A01
201400019178,0,33,0,0.0,2.0,1.0,1.0,A01