Num_Acc,senc,catv,occutc,obs,obsm,choc,manv,num_veh
201400019178,0,7,0,0.0,2.0,3.0,1.0,B02
201400019179,0,7,0,0.0,2.0,3.0,0.0,C03
201400019179,0,7,0,0.0,2.0,1.0,0.0,A01
201400019179,0,7,0,0.0,2.0,3.0,0.0,B02
201400019180,0,7,0,0.0,2.0,8.0,1.0,C03
201400019180,0,7,0,0.0,2.0,1.0,1.0,D04
201400019180,0,33,0,0.0,2.0,3.0,1.0,B02
201400019180,0,7,0,0.0,2.0,3.0,1.0,A01
201400019181,0,7,0,0.0,2.0,3.0,1.0,A01
201400019181,0,7,0,0.0,2.0,3.0,13.0,B02
201400019182,0,7,0,0.0,1.0,2.0,1.0,A01
201400019183,0,7,0,0.0,0.0,0.0,17.0,A01
201400019184,0,7,0,0.0,2.0,1.0,13.0,A01
201400019184,0,7,0,0.0,2.0,1.0,1.0,B02
201400019185,0,7,0,0.0,0.0,9.0,0.0,A01
201400019186,0,7,0,2.0,6.0,7.0,1.0,A01
201400019187,0,7,0,0.0,2.0,6.0,1.0,B02
201400019187,0,33,0,0.0,2.0,1.0,1.0,A01
201400019188,0,10,0,6.0,0.0,3.0,13.0,A01
201400019189,0,7,0,13.0,0.0,2.0,14.0,A01
201400019190,0,7,0,0.0,1.0,4.0,1.0,A01
201400019190,0,7,0,0.0,2.0,1.0,1.0,B02
201400019191,0,30,0,0.0,2.0,1.0,1.0,B02
201400019191,0,7,0,0.0,2.0,3.0,15.0,A01
201400019192,0,7,0,0.0,2.0,1.0,1.0,B02
201400019192,0,33,0,0.0,2.0,1.0,13.0,A01
201400019193,0,38,0,0.0,2.0,2.0,13.0,B02
201400019193,0,7,0,0.0,2.0,8.0,1.0,A01
201400019194,0,7,0,6.0,0.0,9.0,1.0,A01
201400019195,0,31,0,6.0,0.0,7.0,14.0,A01
201400019196,0,7,0,0.0,2.0,3.0,13.0,A01
201400019196,0,10,0,0.0,2.0,3.0,1.0,B02
201400019197,0,7,0,0.0,2.0,1.0,1.0,B02
201400019197,0,7,0,4.0,2.0,9.0,1.0,A01
201400019198,0,33,0,0.0,2.0,1.0,1.0,C03
201400019198,0,7,0,0.0,2.0,4.0,15.0,B02
201400019198,0,7,0,0.0,2.0,1.0,2.0,A01
201400019199,0,7,0,0.0,2.0,7.0,1.0,A01
201400019199,0,10,0,0.0,2.0,1.0,1.0,B02
201400019200,0,7,0,0.0,1.0,6.0,0.0,A01
201400019201,0,7,0,0.0,2.0,4.0,23.0,B02
201400019201,0,7,0,0.0,2.0,4.0,0.0,C03
201400019201,0,7,0,0.0,2.0,1.0,1.0,A01
201400019202,0,2,0,0.0,2.0,1.0,1.0,B02
201400019202,0,32,0,0.0,2.0,1.0,15.0,A01
201400019203,0,7,0,0.0,1.0,1.0,1.0,A01
201400019204,0,7,0,8.0,0.0,3.0,2.0,A01
201400019205,0,3,0,0.0,2.0,1.0,13.0,A01
201400019205,0,14,0,0.0,2.0,2.0,1.0,B02
201400019206,0,10,0,6.0,0.0,1.0,13.0,A01
201400019207,0,7,0,0.0,2.0,3.0,1.0,B02
201400019207,0,33,0,0.0,2.0,8.0,17.0,A01
201400019208,0,7,0,0.0,0.0,7.0,15.0,A01
201400019208,0,33,0,0.0,2.0,1.0,1.0,B02
201400019209,0,7,0,2.0,0.0,0.0,17.0,A01
201400019210,0,33,0,8.0,0.0,0.0,1.0,A01
201400019211,0,33,0,8.0,0.0,3.0,1.0,A01
201400019212,0,7,0,0.0,2.0,3.0,1.0,A01
201400019212,0,7,0,0.0,2.0,3.0,1.0,B02
201400019213,0,7,0,0.0,2.0,2.0,9.0,A01
201400019213,0,33,0,0.0,2.0,7.0,1.0,B02
201400019214,0,7,0,0.0,1.0,3.0,0.0,A01
201400019215,0,33,0,0.0,2.0,1.0,21.0,B02
201400019215,0,14,0,0.0,2.0,2.0,1.0,A01
201400019216,0,7,0,0.0,1.0,2.0,2.0,A01
201400019217,0,33,0,16.0,0.0,0.0,1.0,A01
201400019218,0,33,0,0.0,2.0,1.0,1.0,A01
201400019218,0,7,0,0.0,0.0,1.0,15.0,B02
201400019219,0,2,0,0.0,2.0,1.0,21.0,B02
201400019219,0,7,0,0.0,2.0,1.0,15.0,A01
201400019220,0,7,0,13.0,0.0,1.0,13.0,A01
201400019221,0,33,0,0.0,2.0,1.0,1.0,A01
201400019221,0,10,0,0.0,2.0,3.0,1.0,B02
201400019222,1,2,0,0.0,2.0,0.0,0.0,A01
201400019222,0,1,0,0.0,2.0,1.0,1.0,B02
201400019223,0,7,0,0.0,1.0,3.0,1.0,A01
201400019224,0,7,0,0.0,1.0,0.0,4.0,A01
201400019225,0,7,0,0.0,2.0,2.0,13.0,A01
201400019225,0,14,0,0.0,2.0,2.0,21.0,B02
201400019226,0,7,0,0.0,2.0,7.0,5.0,A01
201400019226,0,7,0,0.0,2.0,4.0,5.0,B02
201400019226,0,7,0,0.0,2.0,1.0,1.0,C03
201400019226,0,7,0,0.0,2.0,1.0,1.0,D04
201400019227,0,33,0,0.0,2.0,1.0,17.0,A01
201400019227,0,10,0,0.0,2.0,3.0,1.0,B02
201400019228,0,7,0,0.0,2.0,3.0,1.0,A01
201400019228,0,33,0,0.0,2.0,1.0,1.0,B02
201400019229,0,7,0,2.0,0.0,7.0,2.0,A01
201400019230,0,7,0,0.0,9.0,0.0,2.0,A01
201400019230,0,99,0,0.0,0.0,0.0,0.0,B02
201400019231,0,30,0,0.0,2.0,5.0,1.0,B02
201400019231,0,7,0,0.0,2.0,3.0,1.0,A01
201400019232,0,10,0,0.0,0.0,1.0,0.0,C03
201400019232,0,10,0,0.0,2.0,1.0,0.0,A01
201400019232,0,7,0,0.0,2.0,1.0,1.0,B02
201400019233,0,7,0,0.0,2.0,1.0,13.0,A01
201400019233,0,7,0,0.0,2.0,1.0,1.0,B02
201400019234,0,7,0,0.0,2.0,7.0,1.0,A01
201400019234,0,7,0,0.0,2.0,8.0,1.0,B02
201400019235,0,33,0,0.0,2.0,2.0,1.0,B02
201400019235,0,7,0,0.0,2.0,3.0,6.0,A01
201400019236,0,7,0,0.0,1.0,4.0,20.0,A01
201400019237,0,10,0,16.0,0.0,8.0,1.0,A01
201400019238,0,30,0,5.0,0.0,1.0,1.0,A01
201400019239,0,7,0,2.0,0.0,1.0,1.0,A01
201400019240,0,30,0,0.0,0.0,5.0,0.0,B02
201400019240,0,7,0,0.0,0.0,0.0,0.0,A01
201400019241,0,30,0,0.0,1.0,1.0,1.0,A01
201400019242,0,33,0,6.0,0.0,3.0,1.0,A01
201400019243,0,7,0,0.0,1.0,2.0,2.0,A01
201400019244,0,7,0,0.0,1.0,3.0,14.0,A01
201400019244,0,7,0,0.0,2.0,3.0,1.0,B02
201400019245,0,7,0,0.0,2.0,5.0,1.0,A01
201400019245,0,7,0,0.0,2.0,2.0,1.0,B02
201400019246,0,7,0,0.0,0.0,8.0,15.0,A01
201400019246,0,31,0,0.0,0.0,2.0,17.0,B02
201400019247,0,7,0,8.0,0.0,3.0,13.0,A01
201400019248,0,7,0,0.0,1.0,3.0,1.0,A01
201400019249,0,7,0,0.0,0.0,3.0,13.0,A01
201400019250,0,1,0,0.0,1.0,1.0,1.0,A01
201400019251,0,7,0,13.0,0.0,9.0,1.0,A01
201400019252,0,7,0,3.0,0.0,4.0,1.0,A01
201400019253,0,7,0,0.0,2.0,2.0,15.0,B02
201400019253,0,30,0,0.0,2.0,1.0,1.0,A01
201400019254,0,7,0,0.0,2.0,1.0,13.0,A01
201400019254,0,7,0,0.0,2.0,1.0,1.0,B02
201400019255,0,7,0,14.0,1.0,2.0,1.0,A01
201400019256,0,7,0,7.0,0.0,1.0,15.0,A01
201400019257,0,7,0,0.0,2.0,1.0,2.0,A01
201400019257,0,1,0,0.0,2.0,4.0,2.0,B02
201400019258,0,7,0,0.0,2.0,1.0,13.0,A01
201400019258,0,7,0,0.0,2.0,1.0,1.0,B02
201400019259,0,7,0,4.0,0.0,1.0,1.0,A01
201400019260,0,30,0,0.0,2.0,1.0,9.0,B02
201400019260,0,15,0,0.0,2.0,5.0,15.0,A01
201400019261,0,33,0,0.0,2.0,1.0,2.0,A01
201400019261,0,7,0,0.0,0.0,4.0,15.0,B02
201400019262,0,33,0,0.0,2.0,1.0,1.0,A01
201400019262,0,7,0,0.0,2.0,3.0,17.0,B02
201400019263,0,7,0,6.0,0.0,1.0,1.0,A01
201400019264,0,7,0,1.0,0.0,1.0,1.0,A01
201400019265,0,33,0,0.0,2.0,1.0,1.0,A01
201400019265,0,7,0,0.0,2.0,6.0,6.0,B02
201400019266,0,33,0,0.0,2.0,1.0,13.0,A01
201400019266,0,7,0,0.0,2.0,1.0,1.0,C03
201400019266,0,7,0,0.0,2.0,3.0,1.0,B02
201400019267,0,2,0,0.0,1.0,1.0,1.0,A01
201400019268,0,7,0,0.0,2.0,3.0,17.0,A01
201400019268,0,15,0,0.0,2.0,1.0,1.0,B02
201400019268,0,15,0,0.0,2.0,3.0,1.0,C03
201400019269,0,2,0,14.0,0.0,1.0,1.0,A01
201400019270,0,33,0,0.0,2.0,1.0,1.0,A01
201400019270,0,14,0,0.0,0.0,5.0,16.0,B02
201400019271,0,10,0,0.0,2.0,3.0,17.0,A01
201400019271,0,30,0,0.0,2.0,1.0,1.0,B02
201400019272,0,10,0,0.0,2.0,8.0,15.0,A01
201400019272,0,34,0,0.0,2.0,1.0,17.0,B02
201400019273,2,7,0,0.0,2.0,3.0,13.0,A01
201400019273,0,7,0,0.0,2.0,3.0,1.0,B02
201400019274,0,7,0,0.0,2.0,3.0,15.0,A01
201400019274,0,2,0,0.0,2.0,1.0,1.0,B02
201400019275,0,1,0,0.0,2.0,1.0,1.0,B02
201400019275,0,7,0,0.0,2.0,3.0,15.0,A01
201400019276,0,7,0,8.0,0.0,3.0,13.0,A01
201400019277,0,7,0,0.0,1.0,3.0,1.0,A01
201400019278,0,7,0,0.0,1.0,2.0,1.0,A01
201400019279,0,33,0,0.0,2.0,1.0,13.0,A01
201400019279,0,7,0,0.0,2.0,3.0,1.0,B02
201400019280,0,2,0,16.0,0.0,1.0,1.0,A01
201400019281,0,7,0,3.0,2.0,1.0,23.0,B02
201400019281,0,7,0,0.0,2.0,1.0,1.0,A01
201400019282,0,7,0,0.0,1.0,4.0,1.0,A01
201400019283,0,7,0,0.0,2.0,2.0,1.0,A01
201400019283,0,1,0,0.0,2.0,4.0,1.0,B02
201400019284,0,7,0,0.0,1.0,3.0,15.0,A01
201400019285,0,31,0,0.0,2.0,1.0,1.0,B02
201400019285,0,10,0,0.0,0.0,7.0,15.0,A01
201400019286,0,7,0,0.0,2.0,2.0,9.0,A01
201400019286,0,2,0,0.0,2.0,1.0,1.0,B02
201400019287,0,7,0,2.0,0.0,2.0,1.0,A01
201400019288,0,33,0,13.0,0.0,8.0,15.0,A01
201400019289,0,31,0,13.0,0.0,7.0,9.0,A01
201400019290,0,7,0,0.0,2.0,1.0,19.0,A01
201400019290,0,7,0,0.0,2.0,3.0,1.0,B02
201400019291,0,2,0,0.0,2.0,3.0,13.0,A01
201400019291,0,15,0,0.0,2.0,8.0,1.0,B02
201400019292,0,33,0,8.0,0.0,1.0,1.0,A01
201400019293,0,7,0,3.0,0.0,8.0,1.0,A01
201400019294,0,10,0,6.0,0.0,1.0,1.0,A01
201400019295,0,7,0,0.0,2.0,1.0,21.0,B02
201400019295,0,7,0,0.0,2.0,1.0,1.0,A01
201400019296,0,33,0,13.0,0.0,0.0,1.0,A01
201400019297,0,7,0,0.0,0.0,6.0,1.0,B02
201400019297,0,33,0,0.0,2.0,1.0,2.0,A01
201400019298,0,7,0,8.0,0.0,9.0,0.0,A01
201400019299,0,1,0,0.0,2.0,7.0,1.0,B02
201400019299,0,7,0,0.0,2.0,3.0,16.0,A01
201400019300,0,7,0,0.0,1.0,2.0,1.0,A01
201400019301,0,7,0,0.0,1.0,2.0,1.0,A01
201400019302,0,7,0,0.0,2.0,1.0,1.0,C03
201400019302,0,17,0,0.0,2.0,3.0,1.0,B02
201400019302,0,17,0,0.0,2.0,3.0,13.0,A01
201400019303,0,33,0,0.0,0.0,0.0,0.0,A01
201400019304,0,33,0,0.0,2.0,0.0,1.0,B02
201400019304,0,10,0,0.0,2.0,1.0,15.0,A01
201400019305,0,30,0,0.0,2.0,7.0,1.0,A01
201400019305,0,7,0,0.0,2.0,1.0,1.0,B02
201400019306,0,7,0,0.0,2.0,3.0,12.0,A01
201400019306,0,99,0,0.0,2.0,4.0,1.0,B02
201400019307,0,7,0,0.0,2.0,4.0,23.0,C03
201400019307,0,37,2,0.0,2.0,1.0,1.0,A01
201400019307,0,7,0,0.0,0.0,4.0,23.0,D04
201400019307,0,7,0,0.0,2.0,4.0,23.0,B02
201400019308,0,14,0,0.0,2.0,8.0,1.0,B02
201400019308,0,14,0,0.0,2.0,4.0,4.0,A01
201400019309,0,7,0,0.0,0.0,3.0,13.0,A01
201400019309,0,7,0,0.0,2.0,3.0,0.0,B02
201400019310,0,7,0,0.0,2.0,3.0,19.0,A01
201400019310,0,1,0,0.0,2.0,7.0,1.0,B02
201400019311,0,7,0,0.0,2.0,1.0,13.0,A01
201400019311,0,7,0,0.0,2.0,1.0,1.0,B02
201400019312,0,7,0,0.0,2.0,1.0,13.0,A01
201400019312,0,7,0,0.0,2.0,1.0,1.0,B02
201400019313,0,7,0,0.0,2.0,1.0,1.0,B02
201400019313,0,7,0,0.0,2.0,3.0,0.0,E05
201400019313,0,7,0,0.0,2.0,3.0,1.0,D04
201400019313,0,7,0,0.0,2.0,1.0,0.0,A01
201400019313,0,7,0,0.0,2.0,3.0,1.0,C03
201400019314,0,7,0,0.0,2.0,1.0,1.0,A01
201400019314,0,7,0,0.0,2.0,3.0,1.0,B02
201400019314,0,14,0,0.0,2.0,3.0,1.0,C03
201400019315,0,7,0,13.0,0.0,1.0,1.0,A01
201400019316,0,7,0,0.0,1.0,3.0,20.0,A01
201400019317,0,7,0,13.0,0.0,1.0,1.0,A01
201400019318,0,7,0,0.0,2.0,2.0,1.0,A01
201400019318,0,1,0,0.0,2.0,1.0,1.0,B02
201400019319,0,30,0,0.0,2.0,1.0,1.0,B02
201400019319,0,7,0,0.0,2.0,1.0,11.0,A01
201400019320,0,7,0,0.0,2.0,3.0,1.0,B02
201400019320,0,7,0,0.0,2.0,1.0,13.0,A01
201400019321,0,7,0,13.0,0.0,0.0,1.0,A01
201400019322,0,7,0,0.0,2.0,3.0,13.0,A01
201400019322,0,14,0,0.0,2.0,3.0,0.0,B02
201400019323,0,7,0,8.0,0.0,1.0,13.0,A01
201400019324,0,34,0,0.0,2.0,1.0,17.0,B02
201400019324,0,1,0,0.0,2.0,4.0,13.0,A01
201400019325,0,7,0,0.0,0.0,4.0,24.0,C03
201400019325,0,7,0,1.0,0.0,2.0,14.0,A01
201400019325,0,7,0,0.0,0.0,4.0,24.0,B02
201400019326,0,7,0,0.0,2.0,7.0,15.0,A01
201400019326,0,2,0,0.0,2.0,1.0,1.0,B02
201400019327,0,7,0,13.0,0.0,1.0,1.0,A01
201400019328,0,2,0,0.0,2.0,1.0,1.0,B02
201400019328,0,7,0,0.0,2.0,2.0,21.0,A01
201400019329,0,33,0,0.0,2.0,1.0,1.0,A01
201400019329,0,7,0,0.0,0.0,4.0,1.0,B02
201400019329,0,7,0,0.0,9.0,3.0,1.0,C03
201400019330,0,7,0,0.0,2.0,1.0,1.0,A01
201400019330,0,34,0,0.0,0.0,4.0,1.0,B02
201400019331,0,1,0,13.0,0.0,1.0,1.0,A01
201400019332,0,7,0,0.0,2.0,1.0,13.0,B02
201400019332,0,7,0,0.0,2.0,1.0,1.0,A01
201400019333,0,30,0,0.0,2.0,8.0,13.0,B02
201400019333,0,7,0,0.0,2.0,2.0,1.0,A01
201400019334,0,7,0,2.0,0.0,1.0,1.0,A01
201400019335,1,7,0,0.0,0.0,0.0,11.0,B02
201400019335,0,7,0,3.0,2.0,1.0,1.0,A01
201400019336,0,7,0,13.0,0.0,2.0,1.0,A01
201400019337,0,33,0,0.0,0.0,8.0,15.0,A01
201400019338,0,7,0,8.0,0.0,1.0,1.0,A01
201400019339,0,7,0,8.0,0.0,3.0,13.0,A01
201400019340,0,1,0,0.0,0.0,4.0,1.0,A01
201400019340,1,7,0,0.0,2.0,2.0,2.0,B02
201400019341,0,31,0,0.0,0.0,5.0,15.0,A01
201400019341,0,7,0,0.0,0.0,3.0,0.0,B02
201400019342,0,30,0,6.0,0.0,1.0,1.0,A01
201400019343,0,7,0,7.0,0.0,2.0,1.0,A01
201400019344,0,15,0,0.0,2.0,2.0,1.0,B02
201400019344,0,7,0,0.0,2.0,3.0,10.0,A01
201400019345,0,15,0,0.0,2.0,0.0,17.0,A01
201400019345,0,7,0,0.0,2.0,9.0,1.0,C03
201400019346,0,7,0,0.0,2.0,1.0,13.0,A01
201400019346,0,7,0,0.0,2.0,1.0,1.0,B02
201400019347,0,7,0,0.0,1.0,2.0,2.0,A01
201400019348,0,30,0,0.0,2.0,8.0,1.0,A01
201400019348,0,7,0,0.0,2.0,1.0,19.0,B02
201400019349,0,33,0,0.0,2.0,1.0,1.0,B02
201400019349,0,10,0,0.0,2.0,1.0,15.0,A01
201400019349,0,33,0,0.0,2.0,1.0,1.0,C03
201400019350,0,33,0,0.0,2.0,1.0,13.0,A01
201400019350,0,10,0,0.0,2.0,1.0,1.0,B02
201400019351,0,7,0,0.0,2.0,1.0,1.0,A01
201400019351,0,20,0,0.0,2.0,3.0,1.0,B02
201400019352,0,10,0,0.0,2.0,7.0,15.0,A01
201400019352,0,7,0,0.0,2.0,1.0,1.0,B02
201400019352,0,10,0,0.0,2.0,1.0,1.0,C03
201400019353,0,7,0,6.0,0.0,1.0,1.0,A01
201400019354,0,7,0,15.0,0.0,1.0,1.0,A01
201400019355,0,7,0,0.0,2.0,1.0,13.0,A01
201400019355,0,10,0,0.0,2.0,3.0,1.0,B02
201400019356,0,7,0,13.0,0.0,9.0,0.0,A01
201400019357,0,7,0,0.0,2.0,1.0,0.0,B02
201400019357,0,7,0,0.0,2.0,1.0,13.0,A01
201400019358,0,14,0,0.0,2.0,8.0,15.0,A01
201400019358,0,7,0,0.0,2.0,1.0,1.0,B02
201400019359,0,7,0,0.0,2.0,1.0,17.0,A01
201400019359,0,10,0,0.0,2.0,8.0,15.0,B02
201400019360,0,7,0,15.0,2.0,3.0,19.0,A01
201400019360,0,7,0,9.0,2.0,2.0,19.0,B02
201400019361,0,2,0,0.0,0.0,7.0,1.0,A01
201400019362,0,7,0,0.0,2.0,1.0,19.0,A01
201400019362,0,7,0,0.0,2.0,2.0,1.0,B02
201400019363,0,30,0,14.0,2.0,1.0,1.0,A01
201400019363,0,7,0,0.0,2.0,4.0,23.0,B02
201400019364,0,7,0,0.0,2.0,4.0,23.0,B02
201400019364,0,30,0,14.0,2.0,1.0,1.0,A01
201400019365,0,7,0,0.0,1.0,1.0,1.0,A01
201400019366,0,7,0,0.0,1.0,3.0,1.0,A01
201400019367,0,30,0,0.0,0.0,8.0,1.0,A01
201400019368,0,7,0,8.0,0.0,2.0,14.0,A01
201400019369,0,7,0,2.0,0.0,2.0,1.0,A01
201400019370,0,33,0,8.0,0.0,1.0,1.0,A01
201400019371,0,7,0,0.0,2.0,2.0,1.0,A01
201400019371,0,1,0,0.0,2.0,4.0,2.0,B02
201400019372,0,10,0,3.0,2.0,3.0,13.0,A01
201400019372,0,38,2,3.0,2.0,3.0,1.0,B02
201400019373,0,7,0,2.0,0.0,3.0,13.0,A01
201400019374,0,7,0,0.0,2.0,1.0,13.0,A01
201400019374,0,7,0,0.0,2.0,1.0,1.0,B02
201400019375,0,7,0,0.0,2.0,4.0,13.0,A01
201400019375,0,33,0,0.0,2.0,1.0,17.0,B02
201400019376,0,7,0,1.0,0.0,1.0,0.0,A01
201400019377,0,7,0,0.0,2.0,3.0,1.0,A01
201400019377,0,7,0,0.0,0.0,3.0,13.0,B02
201400019378,0,7,0,0.0,2.0,3.0,10.0,A01
201400019378,0,33,0,0.0,2.0,1.0,1.0,B02
201400019379,0,33,0,0.0,2.0,1.0,21.0,A01
201400019379,0,7,0,0.0,2.0,2.0,17.0,B02
201400019380,0,7,0,0.0,2.0,3.0,23.0,B02
201400019380,0,7,0,0.0,2.0,2.0,19.0,A01
201400019380,0,33,0,0.0,2.0,8.0,1.0,C03
201400019381,0,10,0,2.0,0.0,2.0,14.0,A01
201400019382,0,7,0,2.0,0.0,2.0,1.0,A01
201400019383,0,10,0,8.0,0.0,1.0,1.0,D04
201400019383,0,10,0,0.0,2.0,1.0,1.0,C03
201400019383,0,14,0,0.0,2.0,8.0,2.0,A01
201400019383,0,10,0,0.0,2.0,7.0,1.0,B02
201400019384,0,36,0,0.0,0.0,9.0,16.0,A01
201400019385,0,7,0,0.0,2.0,2.0,6.0,A01
201400019385,0,7,0,0.0,2.0,1.0,1.0,B02
201400019386,0,7,0,0.0,1.0,3.0,1.0,A01
201400019387,0,33,0,0.0,2.0,2.0,1.0,B02
201400019387,0,7,0,13.0,2.0,5.0,1.0,A01
201400019387,0,33,0,0.0,2.0,2.0,1.0,C03
201400019388,0,7,0,2.0,0.0,9.0,1.0,A01
201400019389,0,7,0,2.0,0.0,2.0,0.0,A01
201400019390,0,15,0,0.0,2.0,1.0,1.0,B02
201400019390,0,33,0,0.0,2.0,1.0,13.0,A01
201400019391,0,31,0,13.0,0.0,1.0,14.0,A01
201400019392,0,7,0,0.0,0.0,0.0,1.0,A01
201400019393,0,2,0,0.0,0.0,1.0,1.0,A01
201400019394,0,1,0,0.0,2.0,1.0,1.0,B02
201400019394,0,7,0,0.0,2.0,7.0,15.0,A01
201400019395,0,33,0,0.0,2.0,1.0,1.0,B02
201400019395,0,7,0,0.0,2.0,7.0,15.0,A01
201400019396,0,2,0,0.0,2.0,1.0,18.0,A01
201400019396,0,10,0,0.0,2.0,5.0,20.0,B02
201400019397,0,7,0,2.0,0.0,1.0,1.0,A01
201400019398,0,7,0,0.0,2.0,1.0,13.0,A01
201400019398,0,7,0,0.0,2.0,1.0,1.0,B02
201400019399,0,33,0,16.0,0.0,1.0,1.0,A01
201400019400,0,7,0,2.0,0.0,3.0,5.0,A01
201400019401,0,7,0,6.0,0.0,1.0,1.0,A01
201400019402,0,7,0,0.0,1.0,1.0,15.0,A01
201400019403,0,33,0,16.0,0.0,1.0,1.0,A01
201400019404,0,33,0,0.0,0.0,7.0,9.0,A01
201400019405,0,7,0,0.0,1.0,1.0,16.0,A01
201400019406,0,7,0,0.0,1.0,1.0,1.0,A01
201400019407,0,7,0,0.0,2.0,1.0,23.0,C03
201400019407,0,7,0,0.0,2.0,6.0,1.0,A01
201400019407,0,7,0,0.0,2.0,1.0,19.0,B02
201400019408,0,7,0,0.0,2.0,8.0,9.0,A01
201400019408,0,1,0,0.0,2.0,2.0,1.0,B02
201400019409,0,10,0,0.0,2.0,7.0,13.0,A01
201400019409,0,7,0,0.0,2.0,2.0,1.0,B02
201400019410,0,15,0,0.0,2.0,3.0,0.0,C03
201400019410,0,7,0,0.0,2.0,9.0,1.0,A01
201400019410,0,10,0,0.0,2.0,8.0,15.0,B02
201400019411,0,7,0,0.0,2.0,1.0,1.0,A01
201400019411,0,7,0,0.0,2.0,4.0,1.0,B02
201400019412,0,7,0,0.0,2.0,1.0,1.0,A01
201400019412,0,1,0,0.0,2.0,8.0,19.0,B02
201400019413,0,30,0,0.0,0.0,4.0,2.0,B01
201400019413,0,7,0,0.0,0.0,1.0,2.0,A02
201400019414,0,7,0,0.0,2.0,1.0,1.0,B02
201400019414,0,7,0,0.0,2.0,8.0,9.0,A01
201400019415,0,10,0,0.0,2.0,1.0,1.0,B02
201400019415,0,7,0,0.0,2.0,8.0,19.0,A01
201400019416,0,10,0,0.0,1.0,3.0,1.0,A01
201400019417,0,7,0,0.0,2.0,3.0,9.0,A01
201400019417,0,2,0,0.0,2.0,2.0,1.0,B02
201400019418,0,7,0,0.0,9.0,1.0,9.0,B02
201400019418,0,1,0,0.0,2.0,1.0,5.0,A01
201400019419,0,7,0,0.0,1.0,1.0,1.0,A01
201400019420,0,30,0,6.0,0.0,7.0,1.0,A01
201400019421,0,7,0,0.0,2.0,1.0,2.0,A01
201400019421,0,7,0,0.0,2.0,4.0,2.0,B02
201400019421,0,14,0,0.0,2.0,4.0,2.0,C03
201400019422,0,7,0,0.0,2.0,1.0,19.0,C03
201400019422,0,21,0,0.0,2.0,3.0,0.0,A01
201400019422,0,7,0,0.0,2.0,7.0,0.0,B02
201400019423,0,1,0,0.0,2.0,1.0,1.0,B02
201400019423,0,7,0,0.0,9.0,3.0,13.0,A01
201400019424,0,7,0,6.0,0.0,8.0,14.0,A01
201400019425,0,7,0,0.0,2.0,1.0,13.0,A01
201400019425,0,14,0,0.0,2.0,1.0,1.0,B02
201400019426,0,7,0,13.0,0.0,1.0,1.0,A01
201400019427,0,7,0,0.0,2.0,1.0,1.0,B02
201400019427,0,10,0,0.0,2.0,2.0,19.0,A01
201400019427,0,7,0,0.0,2.0,6.0,1.0,C03
201400019428,0,7,0,0.0,0.0,9.0,1.0,A01
201400019429,0,7,0,0.0,1.0,1.0,17.0,A01
201400019430,0,7,0,0.0,0.0,0.0,1.0,A01
201400019431,0,7,0,0.0,1.0,3.0,16.0,A01
201400019431,0,7,0,0.0,2.0,7.0,1.0,B02
201400019432,0,33,0,0.0,6.0,1.0,0.0,A01
201400019433,0,7,0,13.0,0.0,3.0,13.0,A01
201400019434,0,14,0,0.0,2.0,1.0,1.0,A01
201400019434,0,7,0,0.0,2.0,1.0,5.0,B02
201400019435,0,30,0,0.0,2.0,1.0,17.0,B02
201400019435,0,7,0,0.0,2.0,6.0,15.0,A01
201400019436,0,2,0,9.0,0.0,1.0,1.0,A01
201400019437,0,7,0,0.0,1.0,1.0,20.0,A01
201400019438,0,7,0,0.0,0.0,4.0,2.0,A01
201400019438,0,7,0,0.0,2.0,1.0,2.0,B02
201400019439,0,7,0,0.0,1.0,1.0,1.0,A01
201400019440,0,7,0,0.0,2.0,3.0,13.0,A01
201400019440,0,38,10,0.0,2.0,2.0,1.0,B02
201400019441,0,33,0,0.0,2.0,1.0,11.0,A01
201400019441,0,7,0,0.0,2.0,4.0,2.0,B02
201400019442,0,7,0,0.0,1.0,3.0,1.0,A01
201400019443,0,7,0,0.0,2.0,2.0,2.0,A01
201400019443,0,7,0,0.0,2.0,1.0,1.0,C03
201400019443,0,7,0,0.0,2.0,3.0,1.0,B02
201400019444,0,33,0,0.0,0.0,1.0,1.0,A01
201400019445,0,7,0,0.0,0.0,9.0,14.0,A01
201400019446,0,7,0,0.0,2.0,3.0,1.0,B02
201400019446,0,7,0,0.0,2.0,1.0,1.0,C03
201400019446,0,7,0,0.0,2.0,3.0,13.0,A01
201400019447,0,17,0,0.0,2.0,8.0,1.0,B02
201400019447,0,33,0,14.0,2.0,1.0,17.0,A01
201400019448,0,7,0,13.0,0.0,1.0,14.0,A01
201400019449,0,7,0,0.0,2.0,1.0,1.0,A01
201400019449,0,7,0,0.0,2.0,1.0,15.0,B02
201400019450,0,7,0,0.0,1.0,2.0,1.0,A01
201400019451,0,30,0,0.0,2.0,1.0,13.0,B02
201400019451,0,10,0,0.0,2.0,2.0,1.0,A01
201400019452,0,7,0,0.0,2.0,3.0,13.0,A01
201400019452,0,17,0,0.0,2.0,3.0,1.0,B02
201400019453,0,30,0,0.0,2.0,1.0,1.0,A01
201400019453,0,7,0,0.0,2.0,8.0,19.0,B02
201400019454,0,7,0,0.0,2.0,8.0,15.0,A01
201400019454,0,33,0,0.0,2.0,7.0,2.0,B02
201400019455,0,10,0,0.0,2.0,4.0,23.0,A01