Num_Acc,senc,catv,occutc,obs,obsm,choc,manv,num_veh
201400019455,0,7,0,1.0,0.0,1.0,2.0,B02
201400019456,0,33,0,0.0,2.0,3.0,13.0,A01
201400019456,0,10,0,0.0,2.0,3.0,1.0,B02
201400019457,0,7,0,6.0,0.0,2.0,1.0,A01
201400019458,2,10,0,0.0,2.0,3.0,13.0,B02
201400019458,0,7,0,0.0,2.0,3.0,1.0,A01
201400019459,0,7,0,1.0,0.0,1.0,1.0,A01
201400019459,0,7,0,0.0,0.0,4.0,0.0,C03
201400019459,0,7,0,0.0,0.0,4.0,1.0,B02
201400019460,0,33,0,0.0,2.0,7.0,17.0,A01
201400019460,0,7,0,0.0,2.0,6.0,15.0,B02
201400019461,0,15,0,0.0,1.0,3.0,9.0,A01
201400019462,0,15,0,0.0,0.0,4.0,24.0,B02
201400019462,0,7,0,1.0,0.0,2.0,1.0,A01
201400019463,0,31,0,0.0,6.0,2.0,21.0,A01
201400019464,0,7,0,0.0,2.0,5.0,13.0,A01
201400019464,0,7,0,0.0,2.0,1.0,1.0,B02
201400019465,0,7,0,1.0,0.0,1.0,1.0,B02
201400019465,0,14,0,0.0,2.0,2.0,23.0,A01
201400019466,0,7,0,2.0,9.0,2.0,1.0,A01
201400019467,0,33,0,14.0,0.0,1.0,1.0,B02
201400019467,0,7,0,0.0,0.0,7.0,10.0,A01
201400019468,0,1,0,0.0,2.0,1.0,6.0,B02
201400019468,0,7,0,0.0,9.0,3.0,6.0,A01
201400019469,0,33,0,0.0,2.0,1.0,1.0,B02
201400019469,0,7,0,0.0,2.0,7.0,15.0,A01
201400019470,0,7,0,0.0,9.0,2.0,2.0,A01
201400019470,0,1,0,0.0,0.0,4.0,2.0,B02
201400019471,0,7,0,0.0,2.0,1.0,1.0,B02
201400019471,0,7,0,0.0,2.0,4.0,1.0,A01
201400019472,0,7,0,0.0,2.0,3.0,13.0,A01
201400019472,0,7,0,0.0,2.0,3.0,1.0,B02
201400019473,0,7,0,0.0,2.0,3.0,10.0,A01
201400019473,0,33,0,0.0,2.0,2.0,17.0,B02
201400019474,0,7,0,6.0,0.0,1.0,16.0,A01
201400019475,0,10,0,0.0,2.0,1.0,2.0,A01
201400019475,0,17,0,0.0,2.0,4.0,1.0,B02
201400019476,0,7,0,0.0,2.0,6.0,2.0,A01
201400019476,0,10,0,0.0,2.0,1.0,13.0,C03
201400019476,0,7,0,0.0,2.0,2.0,2.0,B02
201400019477,0,7,0,0.0,2.0,3.0,1.0,B02
201400019477,0,7,0,0.0,2.0,2.0,13.0,A01
201400019478,0,7,0,0.0,2.0,3.0,1.0,D04
201400019478,0,10,0,0.0,2.0,1.0,21.0,C03
201400019478,0,7,0,0.0,2.0,3.0,1.0,B02
201400019478,0,7,0,0.0,2.0,3.0,17.0,A01
201400019479,0,7,0,0.0,2.0,2.0,15.0,A01
201400019479,0,33,0,0.0,2.0,1.0,1.0,B02
201400019480,0,10,0,13.0,0.0,1.0,1.0,A01
201400019481,0,7,0,0.0,2.0,3.0,1.0,A01
201400019481,0,7,0,0.0,2.0,2.0,11.0,B02
201400019482,0,7,0,2.0,0.0,3.0,1.0,A01
201400019483,0,7,0,0.0,2.0,1.0,1.0,A01
201400019483,0,7,0,0.0,2.0,1.0,1.0,C03
201400019483,0,7,0,0.0,2.0,1.0,1.0,B02
201400019484,0,10,0,0.0,2.0,1.0,1.0,B01
201400019484,0,7,0,10.0,2.0,4.0,1.0,C02
201400019485,0,7,0,0.0,1.0,8.0,1.0,A01
201400019486,0,33,0,0.0,2.0,1.0,1.0,A01
201400019486,0,7,0,0.0,2.0,4.0,10.0,B01
201400019487,0,17,0,0.0,2.0,5.0,18.0,A01
201400019487,0,7,0,0.0,2.0,3.0,1.0,B01
201400019488,0,7,0,0.0,2.0,1.0,13.0,A01
201400019488,0,7,0,0.0,2.0,1.0,1.0,B01
201400019489,0,2,0,0.0,2.0,1.0,15.0,A01
201400019489,0,7,0,0.0,2.0,1.0,1.0,B01
201400019490,0,7,0,0.0,2.0,1.0,2.0,A01
201400019490,0,7,0,0.0,2.0,4.0,2.0,B01
201400019490,0,7,0,0.0,2.0,4.0,2.0,C01
201400019490,0,7,0,0.0,2.0,4.0,2.0,D01
201400019491,0,7,0,1.0,0.0,7.0,14.0,A01
201400019492,0,7,0,8.0,0.0,1.0,14.0,A01
201400019493,0,7,0,0.0,1.0,2.0,17.0,A01
201400019494,0,7,0,6.0,0.0,1.0,13.0,A01
201400019495,0,7,0,0.0,2.0,2.0,1.0,B01
201400019495,0,10,0,0.0,2.0,1.0,15.0,A01
201400019496,0,7,0,0.0,1.0,2.0,1.0,A01
201400019497,0,30,0,0.0,2.0,1.0,14.0,A01
201400019497,0,7,0,0.0,2.0,8.0,1.0,B01
201400019498,0,7,0,0.0,2.0,8.0,11.0,A01
201400019498,0,7,0,0.0,0.0,2.0,1.0,B01
201400019498,0,7,0,0.0,2.0,2.0,1.0,C01
201400019499,0,7,0,0.0,1.0,1.0,1.0,A01
201400019500,0,7,0,0.0,2.0,2.0,21.0,A01
201400019500,1,7,0,,2.0,3.0,5.0,A02
201400019501,0,7,0,0.0,1.0,1.0,1.0,A01
201400019502,0,7,0,0.0,2.0,1.0,2.0,A01
201400019502,0,7,0,0.0,2.0,4.0,23.0,B01
201400019502,0,7,0,0.0,2.0,4.0,23.0,C01
201400019503,0,10,0,0.0,1.0,2.0,20.0,A01
201400019504,0,7,0,0.0,1.0,1.0,1.0,A01
201400019505,0,7,0,0.0,2.0,1.0,2.0,A01
201400019505,0,7,0,0.0,2.0,1.0,23.0,B01
201400019505,0,7,0,0.0,2.0,1.0,23.0,C01
201400019505,0,7,0,0.0,2.0,4.0,23.0,D01
201400019506,0,7,0,16.0,0.0,1.0,14.0,A01
201400019507,0,7,0,0.0,1.0,1.0,16.0,A01
201400019508,0,7,0,0.0,2.0,2.0,2.0,A01
201400019508,0,7,0,0.0,2.0,8.0,15.0,B01
201400019509,0,33,0,0.0,2.0,1.0,2.0,A01
201400019509,0,7,0,0.0,2.0,6.0,11.0,B01
201400019510,0,7,0,8.0,0.0,2.0,1.0,A01
201400019511,0,7,0,0.0,2.0,3.0,13.0,A01
201400019511,0,7,0,0.0,2.0,3.0,1.0,B01
201400019512,0,7,0,0.0,1.0,2.0,1.0,A01
201400019513,0,7,0,13.0,0.0,4.0,21.0,A01
201400019514,0,7,0,0.0,2.0,3.0,1.0,B01
201400019514,0,30,0,0.0,2.0,2.0,1.0,A01
201400019515,0,33,0,0.0,2.0,8.0,21.0,A01
201400019515,1,7,0,0.0,0.0,,,Z01
201400019516,1,7,0,0.0,1.0,2.0,0.0,A01
201400019517,0,7,0,0.0,2.0,1.0,2.0,A01
201400019517,0,7,0,0.0,2.0,4.0,15.0,B01
201400019518,0,33,0,0.0,1.0,1.0,19.0,A01
201400019519,0,15,0,0.0,2.0,4.0,2.0,A01
201400019519,0,7,0,0.0,2.0,1.0,2.0,B01
201400019520,0,7,0,0.0,1.0,2.0,1.0,A01
201400019521,0,2,0,0.0,2.0,4.0,2.0,A01
201400019521,0,30,0,0.0,2.0,1.0,2.0,B01
201400019522,0,33,0,0.0,2.0,1.0,1.0,B01
201400019522,0,7,0,0.0,2.0,1.0,1.0,A01
201400019523,0,7,0,0.0,2.0,8.0,10.0,A01
201400019523,0,30,0,0.0,2.0,1.0,1.0,B01
201400019524,0,2,0,0.0,2.0,1.0,2.0,A01
201400019524,0,7,0,0.0,2.0,4.0,15.0,B01
201400019525,0,7,0,0.0,2.0,4.0,1.0,A01
201400019525,0,2,0,0.0,2.0,1.0,2.0,B01
201400019526,0,7,0,0.0,1.0,4.0,20.0,A01
201400019527,0,7,0,0.0,1.0,2.0,1.0,A01
201400019528,0,2,0,0.0,2.0,2.0,17.0,A01
201400019528,0,7,0,0.0,2.0,8.0,1.0,B01
201400019528,0,7,0,0.0,2.0,8.0,1.0,C01
201400019529,0,10,0,0.0,1.0,1.0,1.0,A01
201400019530,0,7,0,0.0,2.0,1.0,2.0,A01
201400019530,0,7,0,0.0,2.0,4.0,2.0,B01
201400019530,0,7,0,0.0,2.0,3.0,16.0,C01
201400019531,0,37,2,0.0,2.0,1.0,23.0,A01
201400019531,0,7,0,0.0,2.0,1.0,2.0,B01
201400019531,0,7,0,0.0,2.0,4.0,23.0,C01
201400019532,0,7,0,0.0,2.0,4.0,2.0,A01
201400019532,0,30,0,0.0,2.0,1.0,2.0,B01
201400019533,0,33,0,0.0,1.0,2.0,1.0,A01
201400019534,0,10,0,0.0,2.0,6.0,4.0,A01
201400019534,0,2,0,0.0,2.0,5.0,1.0,B01
201400019535,0,37,2,0.0,2.0,2.0,17.0,A01
201400019535,0,7,0,0.0,2.0,6.0,17.0,B01
201400019535,0,7,0,0.0,2.0,4.0,20.0,C01
201400019536,0,7,0,0.0,2.0,1.0,2.0,A01
201400019536,0,7,0,0.0,2.0,4.0,2.0,B01
201400019537,0,7,0,0.0,2.0,8.0,19.0,A01
201400019537,0,7,0,0.0,2.0,1.0,1.0,B01
201400019538,1,7,0,0.0,1.0,4.0,20.0,A01
201400019539,0,2,0,0.0,2.0,1.0,1.0,A01
201400019539,0,7,0,0.0,2.0,6.0,23.0,B01
201400019540,0,7,0,0.0,2.0,1.0,1.0,A01
201400019540,0,7,0,0.0,2.0,4.0,1.0,B01
201400019541,0,33,0,9.0,0.0,7.0,15.0,A01
201400019542,0,1,0,0.0,2.0,1.0,1.0,B01
201400019542,0,7,0,0.0,2.0,1.0,1.0,A01
201400019543,0,7,0,0.0,2.0,2.0,13.0,A01
201400019543,0,7,0,0.0,2.0,2.0,1.0,B01
201400019544,0,10,0,14.0,0.0,1.0,1.0,A01
201400019545,0,30,0,0.0,2.0,2.0,17.0,B01
201400019545,0,7,0,0.0,2.0,3.0,9.0,A01
201400019546,0,7,0,0.0,2.0,8.0,9.0,A01
201400019546,0,7,0,1.0,2.0,1.0,1.0,B01
201400019547,0,7,0,0.0,2.0,2.0,15.0,A01
201400019547,0,7,0,0.0,2.0,1.0,1.0,B01
201400019548,1,99,0,0.0,1.0,2.0,0.0,A01
201400019549,0,7,0,0.0,1.0,1.0,1.0,A01
201400019550,0,7,0,0.0,2.0,3.0,17.0,A01
201400019550,0,7,0,0.0,2.0,9.0,1.0,B01
201400019550,0,7,0,0.0,2.0,1.0,1.0,C01
201400019551,0,33,0,0.0,0.0,0.0,1.0,A01
201400019552,0,33,0,0.0,2.0,1.0,1.0,A01
201400019552,0,7,0,0.0,2.0,4.0,1.0,B01
201400019553,0,10,0,0.0,1.0,4.0,4.0,A01
201400019554,0,2,0,0.0,2.0,1.0,1.0,B01
201400019554,0,7,0,0.0,2.0,3.0,15.0,A01
201400019555,0,7,0,0.0,1.0,2.0,1.0,A01
201400019556,0,33,0,13.0,0.0,8.0,17.0,A01
201400019557,0,7,0,0.0,2.0,1.0,10.0,A01
201400019557,0,7,0,0.0,2.0,2.0,1.0,B01
201400019558,0,7,0,0.0,2.0,4.0,20.0,A01
201400019558,0,33,0,0.0,2.0,1.0,2.0,B01
201400019559,0,2,0,12.0,0.0,0.0,1.0,A01
201400019560,0,7,0,13.0,0.0,7.0,21.0,A01
201400019561,0,7,0,0.0,2.0,1.0,13.0,A01
201400019561,0,7,0,0.0,2.0,1.0,1.0,B01
201400019562,0,7,0,0.0,2.0,1.0,2.0,A01
201400019562,0,7,0,0.0,2.0,4.0,1.0,B01
201400019562,0,7,0,0.0,2.0,4.0,20.0,C01
201400019563,0,7,0,0.0,1.0,5.0,1.0,A01
201400019564,0,33,0,0.0,2.0,8.0,17.0,A01
201400019564,0,7,0,0.0,2.0,2.0,17.0,B01
201400019565,0,7,0,6.0,0.0,7.0,21.0,B01
201400019565,0,7,0,0.0,2.0,1.0,9.0,A01
201400019566,0,10,0,3.0,0.0,7.0,1.0,A01
201400019567,0,7,0,0.0,2.0,1.0,1.0,A01
201400019567,0,7,0,0.0,2.0,1.0,1.0,B01
201400019568,0,7,0,0.0,2.0,2.0,15.0,A01
201400019568,0,31,0,0.0,2.0,1.0,1.0,B01
201400019569,0,7,0,4.0,0.0,1.0,1.0,A01
201400019570,0,7,0,0.0,2.0,4.0,23.0,A01
201400019570,0,1,0,0.0,2.0,1.0,2.0,B01
201400019571,0,10,0,0.0,1.0,1.0,1.0,A01
201400019572,0,2,0,1.0,0.0,2.0,1.0,A01
201400019573,0,2,0,10.0,0.0,8.0,1.0,A01
201400019574,0,7,0,6.0,6.0,1.0,21.0,A01
201400019575,0,7,0,0.0,2.0,7.0,16.0,A01
201400019575,0,33,0,0.0,2.0,8.0,1.0,B01
201400019576,0,7,0,0.0,2.0,1.0,1.0,A01
201400019576,0,7,0,0.0,2.0,1.0,1.0,B01
201400019577,0,7,0,0.0,2.0,3.0,20.0,A01
201400019577,0,2,0,0.0,2.0,1.0,1.0,B01
201400019578,0,10,0,0.0,2.0,8.0,10.0,A01
201400019578,0,7,0,0.0,2.0,1.0,1.0,B01
201400019579,0,10,0,0.0,1.0,4.0,20.0,A01
201400019580,0,7,0,0.0,2.0,1.0,15.0,A01
201400019580,0,2,0,0.0,2.0,1.0,1.0,B01
201400019581,0,7,0,0.0,1.0,1.0,1.0,A01
201400019582,0,7,0,0.0,2.0,1.0,1.0,A01
201400019582,0,7,0,0.0,2.0,4.0,23.0,B01
201400019583,0,7,0,0.0,1.0,1.0,1.0,A01
201400019584,0,7,0,0.0,2.0,1.0,1.0,A01
201400019584,0,7,0,0.0,2.0,4.0,23.0,B01
201400019584,0,7,0,0.0,2.0,4.0,23.0,C01
201400019585,0,7,0,3.0,0.0,9.0,1.0,A01
201400019586,0,30,0,0.0,2.0,1.0,1.0,A01
201400019586,0,30,0,0.0,2.0,4.0,1.0,B01
201400019587,0,7,0,0.0,2.0,1.0,15.0,A01
201400019587,0,7,0,0.0,2.0,1.0,1.0,B01
201400019588,0,7,0,0.0,2.0,1.0,1.0,A01
201400019588,0,7,0,0.0,2.0,7.0,15.0,B01
201400019589,0,7,0,0.0,2.0,1.0,1.0,A01
201400019589,0,32,0,0.0,2.0,8.0,1.0,B01
201400019590,0,7,0,0.0,2.0,1.0,1.0,B01
201400019590,0,7,0,0.0,2.0,2.0,19.0,A01
201400019591,0,7,0,6.0,0.0,1.0,1.0,A01
201400019592,0,7,0,0.0,1.0,6.0,4.0,A01
201400019593,0,31,0,0.0,1.0,1.0,1.0,A01
201400019594,0,7,0,0.0,1.0,4.0,20.0,A01
201400019595,0,1,0,0.0,1.0,1.0,1.0,A01
201400019596,0,31,0,15.0,0.0,1.0,1.0,A01
201400019597,0,32,0,0.0,2.0,8.0,15.0,A01
201400019597,0,10,0,0.0,2.0,2.0,17.0,B01
201400019598,0,7,0,0.0,1.0,2.0,9.0,A01
201400019599,0,7,0,0.0,2.0,1.0,13.0,A01
201400019599,0,10,0,0.0,2.0,1.0,1.0,B01
201400019600,0,33,0,1.0,2.0,1.0,17.0,A01
201400019600,0,30,0,0.0,2.0,8.0,15.0,B01
201400019601,0,7,0,0.0,2.0,2.0,15.0,A01
201400019601,0,32,0,0.0,2.0,1.0,1.0,B01
201400019602,0,7,0,0.0,1.0,3.0,1.0,A01
201400019603,0,7,0,0.0,2.0,1.0,13.0,A01
201400019603,0,7,0,0.0,2.0,6.0,1.0,B01
201400019603,0,7,0,0.0,2.0,1.0,1.0,C01
201400019604,0,7,0,0.0,2.0,3.0,16.0,A01
201400019604,0,38,0,0.0,2.0,3.0,1.0,B02
201400019605,0,7,0,0.0,2.0,8.0,15.0,B02
201400019605,0,33,0,0.0,2.0,1.0,17.0,A01
201400019606,0,7,0,6.0,0.0,1.0,13.0,A01
201400019607,0,7,0,0.0,2.0,3.0,1.0,A01
201400019607,0,7,0,0.0,2.0,3.0,0.0,B02
201400019608,0,1,0,0.0,2.0,7.0,0.0,B02
201400019608,0,7,0,0.0,9.0,1.0,0.0,A01
201400019609,0,7,0,1.0,1.0,1.0,1.0,A01
201400019610,0,7,0,5.0,0.0,1.0,13.0,A01
201400019611,0,7,0,0.0,0.0,3.0,0.0,A01
201400019611,0,31,0,0.0,0.0,1.0,0.0,B02
201400019612,0,33,0,0.0,2.0,8.0,19.0,A01
201400019612,0,7,0,0.0,2.0,3.0,1.0,B02
201400019613,1,7,0,0.0,1.0,3.0,2.0,A01
201400019614,0,7,0,0.0,1.0,2.0,1.0,A01
201400019615,0,7,0,0.0,1.0,1.0,1.0,A01
201400019616,0,7,0,0.0,2.0,3.0,15.0,A01
201400019616,0,30,0,0.0,0.0,3.0,1.0,B02
201400019617,0,7,0,0.0,2.0,8.0,22.0,A01
201400019617,0,1,0,1.0,0.0,1.0,1.0,B01
201400019618,0,7,0,0.0,2.0,1.0,2.0,A01
201400019618,0,7,0,0.0,2.0,4.0,15.0,B01
201400019618,0,7,0,0.0,2.0,1.0,1.0,C01
201400019619,0,7,0,0.0,1.0,8.0,1.0,A01
201400019620,0,10,0,0.0,1.0,1.0,1.0,A01
201400019621,0,7,0,0.0,1.0,1.0,1.0,A01
201400019622,0,7,0,0.0,2.0,1.0,1.0,B01
201400019622,0,7,0,0.0,2.0,8.0,0.0,A01
201400019623,0,2,0,0.0,2.0,8.0,0.0,A01
201400019623,0,37,1,0.0,2.0,1.0,0.0,B01
201400019624,0,10,0,0.0,2.0,4.0,1.0,B01
201400019624,0,2,0,0.0,2.0,1.0,2.0,A01
201400019625,0,7,0,0.0,2.0,1.0,15.0,B01
201400019625,0,2,0,0.0,2.0,1.0,17.0,A01
201400019626,0,7,0,0.0,2.0,8.0,15.0,A01
201400019626,0,7,0,0.0,2.0,1.0,1.0,B01
201400019627,0,1,0,0.0,2.0,7.0,1.0,B01
201400019627,0,7,0,0.0,2.0,1.0,1.0,A01
201400019628,0,7,0,0.0,0.0,4.0,2.0,B01
201400019628,0,30,0,0.0,2.0,1.0,2.0,A01
201400019629,0,7,0,6.0,0.0,1.0,0.0,A01
201400019630,0,33,0,0.0,2.0,1.0,1.0,B01
201400019630,0,7,0,0.0,2.0,3.0,15.0,A01
201400019631,0,7,0,0.0,2.0,7.0,10.0,B01
201400019631,0,7,0,0.0,2.0,1.0,1.0,A01
201400019632,0,7,0,13.0,0.0,1.0,1.0,A01
201400019633,0,30,0,12.0,0.0,0.0,1.0,A01
201400019634,0,7,0,0.0,1.0,1.0,1.0,A01
201400019635,0,7,0,1.0,0.0,1.0,1.0,A01
201400019636,0,7,0,0.0,2.0,4.0,1.0,B01
201400019636,0,33,0,0.0,2.0,1.0,2.0,A01
201400019637,0,2,0,0.0,0.0,7.0,1.0,A01
201400019638,0,7,0,13.0,0.0,1.0,1.0,A01
201400019639,0,33,0,0.0,2.0,1.0,2.0,A01
201400019639,0,7,0,0.0,2.0,4.0,1.0,B01
201400019640,0,7,0,1.0,0.0,2.0,1.0,A01
201400019641,0,7,0,13.0,0.0,2.0,1.0,A01
201400019642,0,7,0,0.0,2.0,1.0,2.0,A01
201400019642,0,7,0,0.0,2.0,4.0,1.0,B01
201400019643,0,7,0,2.0,0.0,1.0,13.0,A01
201400019644,0,7,0,1.0,0.0,2.0,1.0,A01
201400019644,0,7,0,0.0,2.0,8.0,22.0,B01
201400019645,0,10,0,0.0,2.0,3.0,1.0,B01
201400019645,0,7,0,0.0,2.0,6.0,17.0,A01
201400019646,0,30,0,0.0,2.0,3.0,15.0,A01
201400019646,0,1,0,0.0,2.0,8.0,18.0,B01
201400019647,0,7,0,0.0,2.0,5.0,15.0,A01
201400019647,0,7,0,0.0,2.0,2.0,1.0,B01
201400019648,0,7,0,0.0,2.0,2.0,1.0,B01
201400019648,0,7,0,0.0,2.0,6.0,9.0,A01
201400019649,0,7,0,0.0,2.0,4.0,1.0,B01
201400019649,0,7,0,0.0,2.0,1.0,2.0,A01
201400019650,0,10,0,0.0,2.0,6.0,9.0,A01
201400019650,0,7,0,0.0,2.0,1.0,1.0,B01
201400019651,0,32,0,0.0,0.0,7.0,1.0,A01
201400019652,0,7,0,0.0,0.0,4.0,2.0,B01
201400019652,0,7,0,0.0,0.0,4.0,2.0,C01
201400019652,0,7,0,0.0,2.0,1.0,2.0,A01
201400019653,0,2,0,0.0,2.0,1.0,2.0,A01
201400019653,0,7,0,0.0,2.0,4.0,1.0,B01
201400019654,0,7,0,0.0,2.0,8.0,10.0,B01
201400019654,0,31,0,0.0,2.0,2.0,17.0,A01
201400019655,0,7,0,0.0,1.0,3.0,1.0,A01
201400019656,0,1,0,0.0,0.0,7.0,1.0,A01
201400019657,0,7,0,0.0,9.0,4.0,20.0,A01
201400019657,0,1,0,0.0,2.0,8.0,1.0,B01
201400019658,0,7,0,0.0,1.0,1.0,1.0,A01
201400019659,0,7,0,0.0,2.0,1.0,1.0,B01
201400019659,0,7,0,0.0,2.0,1.0,13.0,A01
201400019659,0,17,0,0.0,2.0,6.0,1.0,C01
201400019660,0,2,0,0.0,2.0,1.0,1.0,B01
201400019660,0,7,0,0.0,2.0,7.0,9.0,A01
201400019661,0,7,0,0.0,2.0,1.0,2.0,A01
201400019661,0,7,0,0.0,2.0,4.0,1.0,B01
201400019662,1,7,0,0.0,1.0,0.0,,Z01
201400019663,0,7,0,0.0,1.0,1.0,1.0,A01
201400019664,0,7,0,0.0,2.0,8.0,0.0,A01
201400019664,0,7,0,0.0,2.0,8.0,1.0,B01
201400019665,0,10,0,0.0,2.0,1.0,2.0,A01
201400019665,0,7,0,0.0,2.0,4.0,1.0,B01
201400019666,0,7,0,0.0,2.0,1.0,2.0,A01
201400019666,0,7,0,0.0,2.0,4.0,2.0,B01
201400019667,0,7,0,0.0,2.0,1.0,1.0,A01
201400019667,0,7,0,0.0,0.0,8.0,1.0,B01
201400019668,0,7,0,0.0,2.0,8.0,13.0,A01
201400019668,0,7,0,0.0,2.0,1.0,1.0,B01
201400019669,0,2,0,0.0,2.0,1.0,2.0,A01
201400019669,0,7,0,0.0,2.0,4.0,2.0,B01
201400019670,0,1,0,0.0,2.0,1.0,17.0,A01
201400019670,0,7,0,0.0,2.0,3.0,15.0,B01
201400019671,0,10,0,6.0,0.0,1.0,1.0,A01
201400019672,0,7,0,0.0,1.0,1.0,1.0,A01
201400019673,0,1,0,0.0,2.0,8.0,1.0,B01
201400019673,0,7,0,0.0,2.0,7.0,17.0,A01
201400019674,0,7,0,0.0,2.0,4.0,2.0,B01
201400019674,0,7,0,0.0,2.0,1.0,2.0,A01
201400019675,0,10,0,0.0,1.0,7.0,0.0,A01
201400019676,0,33,0,0.0,2.0,1.0,1.0,B01
201400019676,0,7,0,0.0,2.0,1.0,19.0,A01
201400019677,0,7,0,0.0,1.0,2.0,1.0,A01
201400019678,0,7,0,0.0,2.0,6.0,16.0,B01
201400019678,0,7,0,0.0,2.0,2.0,2.0,A01
201400019679,0,30,0,0.0,2.0,1.0,1.0,B01
201400019679,0,7,0,0.0,2.0,7.0,1.0,A01
201400019680,0,2,0,0.0,2.0,1.0,1.0,A01
201400019680,0,7,0,0.0,2.0,3.0,15.0,B01
201400019681,0,7,0,0.0,1.0,1.0,1.0,A01
201400019682,0,7,0,13.0,0.0,7.0,1.0,A01
201400019683,0,7,0,0.0,2.0,1.0,13.0,A01
201400019683,0,7,0,0.0,2.0,1.0,1.0,B01
201400019684,0,7,0,0.0,1.0,1.0,1.0,A01
201400019685,0,7,0,2.0,0.0,1.0,14.0,A01
201400019686,0,2,0,14.0,0.0,0.0,1.0,A01
201400019686,0,7,0,0.0,0.0,4.0,0.0,B01
201400019687,0,7,0,0.0,0.0,0.0,0.0,A01
201400019687,0,7,0,0.0,1.0,0.0,0.0,B01
201400019688,0,7,0,0.0,2.0,1.0,1.0,B01
201400019688,0,30,0,0.0,2.0,1.0,1.0,A01
201400019689,0,2,0,0.0,2.0,1.0,0.0,A01
201400019689,0,7,0,0.0,0.0,7.0,0.0,B01
201400019690,0,7,0,0.0,2.0,0.0,1.0,A01
201400019690,0,7,0,0.0,2.0,0.0,1.0,B01
201400019691,0,7,0,0.0,1.0,1.0,1.0,A01
201400019692,0,32,0,0.0,0.0,0.0,0.0,B01
201400019692,0,37,1,0.0,2.0,0.0,0.0,A01
201400019693,0,7,0,6.0,0.0,1.0,1.0,A01
201400019694,0,7,0,0.0,0.0,0.0,0.0,B01
201400019694,0,7,0,0.0,0.0,0.0,0.0,A01
201400019694,0,7,0,0.0,0.0,0.0,0.0,C01
201400019695,0,7,0,0.0,9.0,9.0,16.0,A01
201400019696,0,7,0,13.0,0.0,0.0,0.0,A01
201400019697,0,7,0,0.0,2.0,1.0,9.0,A01
201400019697,0,30,0,0.0,2.0,2.0,1.0,B01
201400019698,0,7,0,0.0,0.0,0.0,0.0,C01
201400019698,0,30,0,0.0,2.0,0.0,0.0,A01
201400019698,0,7,0,0.0,2.0,0.0,0.0,B01
201400019699,0,33,0,0.0,2.0,8.0,1.0,B01
201400019699,0,7,0,0.0,2.0,1.0,15.0,A01
201400019700,0,30,0,1.0,0.0,6.0,1.0,A01
201400019701,0,1,0,0.0,2.0,1.0,0.0,A01
201400019701,0,7,0,0.0,0.0,1.0,0.0,B01
201400019702,0,7,0,0.0,1.0,0.0,0.0,A01
201400019703,0,33,0,0.0,2.0,1.0,1.0,B01
201400019703,0,7,0,0.0,2.0,8.0,5.0,A01
201400019704,0,1,0,1.0,0.0,0.0,1.0,A01
201400019705,0,7,0,0.0,2.0,0.0,0.0,A01
201400019705,0,33,0,0.0,2.0,0.0,0.0,B01
201400019706,0,7,0,0.0,2.0,1.0,0.0,A01
201400019706,0,7,0,0.0,0.0,2.0,0.0,B01
201400019707,0,2,0,0.0,2.0,2.0,1.0,B01
201400019707,0,7,0,0.0,2.0,3.0,9.0,A01
201400019708,0,7,0,0.0,2.0,0.0,0.0,A01
201400019708,0,33,0,0.0,2.0,0.0,0.0,B01
201400019709,0,7,0,0.0,2.0,4.0,2.0,C01
201400019709,0,7,0,0.0,2.0,1.0,0.0,A01
201400019709,0,7,0,0.0,2.0,4.0,0.0,B01
201400019710,0,10,0,0.0,1.0,4.0,20.0,A01
201400019711,1,99,0,0.0,1.0,0.0,1.0,A01
201400019712,0,2,0,0.0,0.0,0.0,0.0,A01
201400019713,0,7,0,0.0,1.0,1.0,1.0,A01
201400019714,0,7,0,6.0,1.0,0.0,0.0,A01
201400019715,0,30,0,15.0,0.0,0.0,2.0,A01
201400019716,0,7,0,0.0,2.0,1.0,1.0,A01
201400019716,0,7,0,0.0,2.0,1.0,1.0,B01
201400019717,0,32,0,0.0,2.0,0.0,0.0,B01
201400019717,0,7,0,0.0,0.0,0.0,0.0,A01
201400019718,0,7,0,0.0,0.0,4.0,2.0,B01
201400019718,0,30,0,0.0,2.0,1.0,2.0,A01
201400019719,0,7,0,6.0,0.0,1.0,1.0,A01
201400019720,0,30,0,0.0,2.0,0.0,0.0,B01
201400019720,0,7,0,0.0,0.0,0.0,0.0,A01
201400019721,0,7,0,0.0,1.0,1.0,1.0,A01
201400019722,0,7,0,0.0,1.0,1.0,0.0,A01
201400019723,0,30,0,0.0,1.0,0.0,0.0,A01
201400019724,0,7,0,0.0,2.0,1.0,1.0,A01
201400019724,0,32,0,0.0,2.0,1.0,1.0,B01
201400019725,0,7,0,0.0,1.0,1.0,2.0,A01
201400019726,1,99,0,0.0,1.0,1.0,1.0,A01
201400019727,0,1,0,0.0,0.0,0.0,0.0,B01
201400019727,0,7,0,0.0,0.0,0.0,0.0,A01
201400019728,0,2,0,0.0,0.0,1.0,1.0,A01
201400019729,0,7,0,0.0,0.0,9.0,1.0,A01
201400019730,0,7,0,0.0,0.0,0.0,0.0,B01
201400019730,0,7,0,0.0,0.0,0.0,0.0,A01
201400019731,0,2,0,0.0,0.0,0.0,1.0,A01
201400019732,0,30,0,0.0,0.0,0.0,1.0,A01