Num_Acc,senc,catv,occutc,obs,obsm,choc,manv,num_veh
201400019733,0,7,0,0.0,0.0,0.0,0.0,A01
201400019733,0,30,0,0.0,0.0,0.0,0.0,B01
201400019734,0,7,0,0.0,2.0,1.0,1.0,B01
201400019734,0,10,0,0.0,2.0,2.0,1.0,A01
201400019735,0,30,0,0.0,0.0,0.0,1.0,A01
201400019736,0,7,0,0.0,0.0,0.0,0.0,C01
201400019736,0,7,0,0.0,0.0,0.0,0.0,B01
201400019736,0,7,0,0.0,0.0,0.0,0.0,A01
201400019737,0,7,0,9.0,0.0,1.0,1.0,A01
201400019738,0,7,0,0.0,2.0,7.0,14.0,A01
201400019738,0,7,0,0.0,2.0,8.0,1.0,B01
201400019739,0,1,0,0.0,0.0,0.0,0.0,B01
201400019739,0,7,0,0.0,0.0,0.0,0.0,A01
201400019740,0,2,0,0.0,0.0,7.0,1.0,A01
201400019741,0,7,0,12.0,0.0,3.0,1.0,A01
201400019742,0,14,0,0.0,0.0,0.0,0.0,A01
201400019743,0,7,0,0.0,1.0,1.0,1.0,A01
201400019744,0,7,0,0.0,1.0,1.0,1.0,A01
201400019745,0,1,0,0.0,0.0,0.0,0.0,A01
201400019746,0,7,0,8.0,0.0,1.0,1.0,A01
201400019747,0,7,0,0.0,0.0,0.0,0.0,A01
201400019747,0,7,0,0.0,0.0,0.0,0.0,B01
201400019748,0,7,0,0.0,2.0,4.0,2.0,B01
201400019748,0,7,0,0.0,2.0,1.0,0.0,A01
201400019749,0,10,0,0.0,1.0,1.0,1.0,A01
201400019750,0,2,0,0.0,0.0,0.0,0.0,A01
201400019750,0,1,0,0.0,0.0,0.0,0.0,C01
201400019751,0,7,0,0.0,2.0,1.0,0.0,A01
201400019751,0,33,0,0.0,2.0,0.0,1.0,B01
201400019752,0,7,0,0.0,2.0,1.0,1.0,A01
201400019752,0,1,0,0.0,2.0,4.0,1.0,C01
201400019752,0,1,0,0.0,2.0,4.0,1.0,B01
201400019753,0,7,0,0.0,2.0,1.0,1.0,B01
201400019753,0,7,0,0.0,0.0,4.0,1.0,A01
201400019754,0,7,0,0.0,9.0,4.0,0.0,B01
201400019754,0,1,0,0.0,2.0,3.0,0.0,A01
201400019755,0,7,0,6.0,0.0,1.0,14.0,A01
201400019756,0,15,0,0.0,2.0,7.0,16.0,A01
201400019756,0,1,0,0.0,2.0,1.0,2.0,P01
201400019757,0,7,0,0.0,2.0,1.0,0.0,B01
201400019757,0,7,0,0.0,2.0,1.0,1.0,A01
201400019758,0,7,0,0.0,2.0,1.0,14.0,A01
201400019758,0,34,0,0.0,2.0,1.0,1.0,B01
201400019759,0,7,0,0.0,2.0,0.0,0.0,B01
201400019759,0,7,0,0.0,2.0,0.0,1.0,A01
201400019760,0,7,0,0.0,2.0,1.0,1.0,A01
201400019760,0,7,0,0.0,2.0,4.0,1.0,B01
201400019761,0,7,0,0.0,2.0,1.0,15.0,B01
201400019761,0,1,0,0.0,2.0,3.0,1.0,A01
201400019762,0,35,0,0.0,2.0,1.0,0.0,A01
201400019762,0,7,0,0.0,2.0,1.0,0.0,B01
201400019763,0,33,0,0.0,2.0,1.0,1.0,B01
201400019763,0,7,0,0.0,2.0,7.0,15.0,A01
201400019764,0,1,0,0.0,2.0,3.0,1.0,A01
201400019764,0,2,0,0.0,2.0,2.0,12.0,B01
201400019765,0,33,0,0.0,1.0,0.0,0.0,A01
201400019766,0,1,0,1.0,0.0,1.0,1.0,A01
201400019767,0,1,0,0.0,2.0,1.0,19.0,B01
201400019767,0,7,0,0.0,9.0,3.0,2.0,A01
201400019768,0,7,0,3.0,0.0,1.0,1.0,A01
201400019769,0,1,0,0.0,2.0,8.0,19.0,B01
201400019769,0,7,0,0.0,2.0,1.0,1.0,A01
201400019770,0,7,0,0.0,2.0,0.0,0.0,A01
201400019770,0,33,0,0.0,2.0,1.0,0.0,B01
201400019771,0,37,1,0.0,1.0,1.0,1.0,A01
201400019772,0,7,0,0.0,0.0,0.0,9.0,A01
201400019773,0,7,0,0.0,2.0,1.0,1.0,A01
201400019773,0,7,0,0.0,2.0,4.0,1.0,B01
201400019774,0,7,0,0.0,2.0,7.0,16.0,A01
201400019774,0,34,0,0.0,2.0,1.0,3.0,B01
201400019775,0,7,0,0.0,2.0,3.0,1.0,B01
201400019775,0,7,0,0.0,2.0,1.0,1.0,A01
201400019776,0,7,0,0.0,1.0,1.0,2.0,A01
201400019777,0,30,0,0.0,0.0,7.0,1.0,A01
201400019778,0,7,0,0.0,2.0,1.0,1.0,B01
201400019778,0,7,0,0.0,2.0,1.0,13.0,A01
201400019779,0,7,0,0.0,1.0,0.0,0.0,A01
201400019780,0,32,0,0.0,2.0,3.0,1.0,B01
201400019780,0,7,0,0.0,2.0,2.0,12.0,A01
201400019781,0,7,0,0.0,1.0,1.0,2.0,A01
201400019782,0,7,0,1.0,0.0,1.0,1.0,A01
201400019782,0,10,0,0.0,2.0,4.0,24.0,B01
201400019783,0,2,0,0.0,2.0,7.0,1.0,B01
201400019783,0,7,0,0.0,2.0,4.0,4.0,A01
201400019784,0,30,0,0.0,2.0,0.0,0.0,B01
201400019784,0,7,0,0.0,2.0,0.0,0.0,A01
201400019785,0,7,0,0.0,2.0,5.0,2.0,A01
201400019785,0,33,0,0.0,2.0,1.0,2.0,B01
201400019786,0,7,0,0.0,1.0,1.0,1.0,A01
201400019787,0,7,0,0.0,2.0,4.0,1.0,B01
201400019787,0,30,0,0.0,2.0,1.0,1.0,A01
201400019788,0,31,0,0.0,2.0,1.0,1.0,A01
201400019788,1,7,0,0.0,2.0,0.0,15.0,Z01
201400019789,0,7,0,0.0,2.0,4.0,0.0,B01
201400019789,0,7,0,0.0,2.0,1.0,0.0,A01
201400019790,0,7,0,1.0,0.0,2.0,19.0,A01
201400019790,0,1,0,0.0,0.0,7.0,2.0,B01
201400019791,0,33,0,0.0,2.0,1.0,2.0,A01
201400019791,0,7,0,0.0,0.0,4.0,1.0,B01
201400019792,0,7,0,0.0,2.0,3.0,13.0,A01
201400019792,0,1,0,0.0,2.0,2.0,1.0,B01
201400019793,0,1,0,0.0,2.0,4.0,1.0,B01
201400019793,0,7,0,0.0,2.0,1.0,1.0,A01
201400019794,0,7,0,0.0,1.0,0.0,0.0,A01
201400019795,0,7,0,0.0,0.0,4.0,2.0,B01
201400019795,0,7,0,0.0,2.0,1.0,2.0,A01
201400019796,0,7,0,0.0,0.0,2.0,0.0,A01
201400019796,0,34,0,0.0,0.0,8.0,15.0,B01
201400019797,0,7,0,0.0,2.0,2.0,12.0,A01
201400019797,0,7,0,0.0,2.0,3.0,1.0,B01
201400019798,0,7,0,4.0,0.0,8.0,13.0,A01
201400019799,0,7,0,0.0,2.0,0.0,0.0,A01
201400019799,0,1,0,0.0,0.0,0.0,0.0,B01
201400019800,0,7,0,0.0,1.0,1.0,16.0,A01
201400019801,0,7,0,11.0,0.0,4.0,0.0,A01
201400019802,0,7,0,0.0,0.0,0.0,0.0,A01
201400019803,0,7,0,0.0,2.0,1.0,1.0,A01
201400019803,0,1,0,0.0,2.0,4.0,1.0,B01
201400019804,0,38,1,0.0,1.0,1.0,1.0,A01
201400019805,0,33,0,0.0,1.0,1.0,2.0,A01
201400019806,0,7,0,0.0,9.0,1.0,1.0,A01
201400019806,0,1,0,0.0,0.0,8.0,1.0,P01
201400019807,0,7,0,0.0,0.0,8.0,2.0,B01
201400019807,0,30,0,0.0,2.0,1.0,2.0,A01
201400019808,0,33,0,0.0,2.0,8.0,1.0,A01
201400019808,1,7,0,0.0,0.0,0.0,9.0,Z01
201400019809,0,34,0,0.0,2.0,1.0,1.0,A01
201400019809,0,7,0,0.0,2.0,2.0,15.0,B01
201400019810,0,2,0,0.0,0.0,7.0,2.0,A01
201400019811,0,7,0,0.0,2.0,2.0,15.0,A01
201400019811,0,2,0,0.0,2.0,1.0,1.0,B01
201400019812,0,7,0,0.0,2.0,1.0,9.0,A01
201400019812,0,7,0,0.0,2.0,1.0,1.0,B01
201400019813,0,1,0,0.0,2.0,4.0,1.0,B01
201400019813,0,7,0,0.0,2.0,1.0,1.0,A01
201400019814,0,30,0,0.0,0.0,1.0,13.0,A01
201400019814,0,1,0,0.0,2.0,1.0,2.0,B01
201400019815,0,7,0,0.0,2.0,4.0,1.0,B01
201400019815,0,33,0,0.0,2.0,1.0,1.0,A01
201400019816,0,7,0,0.0,2.0,1.0,1.0,A01
201400019816,0,2,0,0.0,2.0,4.0,1.0,B01
201400019817,0,7,0,0.0,1.0,1.0,0.0,A01
201400019818,0,2,0,0.0,0.0,8.0,2.0,A01
201400019819,0,30,0,0.0,0.0,1.0,1.0,A01
201400019820,0,7,0,0.0,2.0,3.0,9.0,A01
201400019820,0,7,0,0.0,2.0,4.0,1.0,B01
201400019821,2,7,0,0.0,2.0,2.0,2.0,B01
201400019821,0,30,0,0.0,0.0,0.0,2.0,A01
201400019822,0,7,0,0.0,2.0,1.0,1.0,A01
201400019822,0,7,0,0.0,2.0,4.0,1.0,B01
201400019823,1,7,0,0.0,2.0,7.0,15.0,Z01
201400019823,0,2,0,0.0,2.0,1.0,1.0,A01
201400019824,0,1,0,1.0,0.0,1.0,2.0,B01
201400019824,0,7,0,0.0,0.0,0.0,24.0,A01
201400019825,0,7,0,0.0,2.0,1.0,1.0,A01
201400019825,0,1,0,0.0,2.0,7.0,1.0,B01
201400019826,0,7,0,6.0,0.0,1.0,1.0,A01
201400019827,0,7,0,2.0,0.0,1.0,1.0,A01
201400019828,0,7,0,0.0,2.0,1.0,9.0,A01
201400019828,0,2,0,0.0,2.0,7.0,1.0,B01
201400019829,0,7,0,0.0,1.0,4.0,4.0,A01
201400019830,0,7,0,0.0,2.0,2.0,15.0,B01
201400019830,0,33,0,0.0,2.0,1.0,2.0,A01
201400019831,0,7,0,0.0,2.0,4.0,1.0,A01
201400019831,0,7,0,0.0,2.0,1.0,1.0,B01
201400019832,0,2,0,0.0,2.0,1.0,0.0,B01
201400019832,0,7,0,0.0,2.0,1.0,0.0,A01
201400019833,0,7,0,0.0,1.0,1.0,1.0,A01
201400019834,0,7,0,0.0,1.0,1.0,2.0,A01
201400019835,0,30,0,0.0,0.0,2.0,2.0,A01
201400019836,0,33,0,0.0,1.0,7.0,1.0,A01
201400019837,0,7,0,0.0,2.0,1.0,1.0,B01
201400019837,0,34,0,0.0,2.0,7.0,1.0,A01
201400019838,0,7,0,0.0,2.0,1.0,1.0,C01
201400019838,0,7,0,0.0,2.0,5.0,1.0,A01
201400019838,0,33,0,0.0,2.0,9.0,1.0,B01
201400019839,0,7,0,0.0,0.0,2.0,1.0,A01
201400019839,0,7,0,0.0,2.0,1.0,1.0,B01
201400019840,0,7,0,0.0,2.0,2.0,15.0,A01
201400019840,0,32,0,0.0,2.0,1.0,1.0,B01
201400019841,0,7,0,6.0,0.0,1.0,1.0,A01
201400019842,0,7,0,2.0,0.0,8.0,16.0,A01
201400019843,0,7,0,2.0,0.0,1.0,1.0,A01
201400019844,0,7,0,0.0,2.0,3.0,0.0,A01
201400019844,0,7,0,0.0,2.0,1.0,0.0,B01
201400019845,0,32,0,0.0,2.0,2.0,1.0,B01
201400019845,0,7,0,0.0,2.0,3.0,1.0,A01
201400019846,1,99,0,0.0,0.0,0.0,0.0,Z01
201400019846,0,1,0,0.0,2.0,6.0,0.0,B01
201400019847,0,7,0,0.0,2.0,2.0,1.0,B01
201400019847,0,7,0,0.0,2.0,3.0,1.0,A01
201400019848,0,13,0,0.0,2.0,1.0,0.0,A01
201400019848,0,7,0,0.0,2.0,8.0,0.0,B01
201400019849,0,7,0,0.0,0.0,4.0,2.0,B01
201400019849,0,7,0,0.0,2.0,1.0,2.0,A01
201400019850,0,3,0,9.0,0.0,4.0,4.0,A01
201400019851,0,13,0,0.0,2.0,1.0,2.0,A01
201400019851,0,7,0,0.0,2.0,3.0,15.0,B01
201400019852,0,7,0,0.0,2.0,1.0,0.0,A01
201400019852,0,13,0,0.0,2.0,8.0,0.0,B01
201400019853,0,32,0,0.0,2.0,1.0,1.0,A01
201400019853,0,7,0,0.0,2.0,8.0,15.0,B01
201400019854,0,7,0,1.0,0.0,2.0,1.0,A01
201400019855,0,34,0,0.0,0.0,2.0,0.0,A01
201400019856,0,7,0,0.0,1.0,3.0,0.0,A01
201400019857,1,99,0,0.0,1.0,2.0,0.0,Z01
201400019858,0,7,0,0.0,2.0,8.0,1.0,B01
201400019858,0,7,0,0.0,2.0,2.0,9.0,A01
201400019859,0,1,0,0.0,2.0,4.0,1.0,B01
201400019859,0,7,0,0.0,0.0,1.0,10.0,A01
201400019860,0,30,0,14.0,0.0,1.0,1.0,A01
201400019861,0,30,0,0.0,0.0,0.0,0.0,A01
201400019862,0,7,0,0.0,1.0,1.0,0.0,A01
201400019863,0,7,0,0.0,0.0,1.0,2.0,A01
201400019863,0,7,0,0.0,0.0,4.0,2.0,B01
201400019864,0,7,0,0.0,1.0,0.0,0.0,A01
201400019865,0,7,0,1.0,0.0,1.0,0.0,A01
201400019866,0,7,0,0.0,2.0,1.0,1.0,B01
201400019866,0,33,0,0.0,2.0,7.0,0.0,A01
201400019867,0,7,0,0.0,2.0,8.0,0.0,A01
201400019867,0,30,0,0.0,2.0,1.0,9.0,B01
201400019868,2,7,0,0.0,1.0,0.0,0.0,A01
201400019869,0,7,0,0.0,2.0,1.0,0.0,A01
201400019869,0,7,0,0.0,2.0,1.0,0.0,B01
201400019870,0,30,0,0.0,2.0,1.0,9.0,A01
201400019870,0,7,0,0.0,0.0,7.0,0.0,B01
201400019871,0,7,0,0.0,0.0,9.0,0.0,A01
201400019871,0,7,0,0.0,2.0,3.0,1.0,B01
201400019872,0,7,0,0.0,1.0,0.0,1.0,A01
201400019873,0,7,0,0.0,0.0,4.0,15.0,B01
201400019873,0,33,0,0.0,2.0,7.0,2.0,A01
201400019874,0,7,0,0.0,2.0,1.0,1.0,B01
201400019874,0,7,0,0.0,2.0,1.0,15.0,A01
201400019875,0,7,0,1.0,0.0,0.0,0.0,A01
201400019876,0,7,0,0.0,2.0,1.0,1.0,B01
201400019876,0,7,0,0.0,2.0,1.0,2.0,C01
201400019876,0,7,0,0.0,2.0,1.0,2.0,D01
201400019876,0,7,0,0.0,2.0,1.0,13.0,A01
201400019877,0,7,0,0.0,2.0,1.0,1.0,B01
201400019877,0,7,0,0.0,2.0,1.0,15.0,A01
201400019878,0,7,0,0.0,2.0,3.0,15.0,A01
201400019878,0,7,0,0.0,2.0,3.0,0.0,B01
201400019879,0,7,0,0.0,2.0,1.0,1.0,B01
201400019879,0,7,0,0.0,2.0,1.0,19.0,A01
201400019880,0,7,0,0.0,2.0,7.0,13.0,A01
201400019880,0,7,0,0.0,2.0,8.0,1.0,B01
201400019881,0,7,0,0.0,2.0,0.0,1.0,B01
201400019881,0,2,0,0.0,2.0,7.0,1.0,A01
201400019882,1,10,0,0.0,0.0,0.0,0.0,Z01
201400019882,0,33,0,0.0,2.0,9.0,1.0,B01
201400019883,0,2,0,0.0,0.0,1.0,21.0,A01
201400019884,0,7,0,0.0,2.0,1.0,1.0,A01
201400019884,0,7,0,0.0,2.0,4.0,1.0,B01
201400019885,0,7,0,6.0,0.0,9.0,1.0,A01
201400019886,0,7,0,0.0,2.0,8.0,13.0,A01
201400019886,0,7,0,0.0,2.0,8.0,1.0,B01
201400019887,0,7,0,0.0,2.0,7.0,1.0,B01
201400019887,0,1,0,0.0,2.0,1.0,9.0,A01
201400019888,0,7,0,0.0,2.0,7.0,17.0,A01
201400019888,0,1,0,0.0,2.0,8.0,1.0,B01
201400019889,0,7,0,0.0,2.0,1.0,1.0,B01
201400019889,0,2,0,0.0,2.0,7.0,1.0,A01
201400019890,0,7,0,0.0,2.0,7.0,1.0,B01
201400019890,0,7,0,0.0,2.0,1.0,1.0,A01
201400019891,0,7,0,0.0,2.0,8.0,0.0,B01
201400019891,0,7,0,0.0,2.0,1.0,0.0,A01
201400019892,0,7,0,0.0,2.0,7.0,1.0,B01
201400019892,0,30,0,0.0,2.0,1.0,1.0,A01
201400019893,0,7,0,0.0,2.0,1.0,1.0,A01
201400019893,0,34,0,0.0,2.0,1.0,1.0,B01
201400019894,0,7,0,0.0,2.0,3.0,15.0,A01
201400019894,0,7,0,0.0,2.0,1.0,1.0,B01
201400019895,0,7,0,0.0,2.0,1.0,1.0,B01
201400019895,0,30,0,0.0,2.0,3.0,9.0,A01
201400019896,0,7,0,0.0,2.0,8.0,10.0,A01
201400019896,0,2,0,0.0,2.0,1.0,1.0,B01
201400019897,0,1,0,0.0,2.0,8.0,1.0,B01
201400019897,0,7,0,0.0,2.0,1.0,16.0,A01
201400019898,0,7,0,6.0,0.0,1.0,1.0,A01
201400019899,0,7,0,0.0,2.0,6.0,15.0,B01
201400019899,0,30,0,0.0,2.0,1.0,17.0,A01
201400019900,0,7,0,0.0,2.0,1.0,1.0,A01
201400019900,0,30,0,0.0,2.0,4.0,1.0,B01
201400019901,0,7,0,0.0,2.0,5.0,1.0,A01
201400019901,0,30,0,0.0,2.0,1.0,1.0,B01
201400019902,0,7,0,0.0,1.0,1.0,15.0,A01
201400019902,0,99,0,0.0,2.0,8.0,16.0,B01
201400019903,0,7,0,1.0,0.0,2.0,1.0,A01
201400019903,0,7,0,0.0,2.0,3.0,24.0,B01
201400019904,0,30,0,0.0,2.0,7.0,0.0,B01
201400019904,0,7,0,0.0,2.0,3.0,1.0,A01
201400019905,0,7,0,6.0,0.0,1.0,1.0,A01
201400019906,0,7,0,8.0,0.0,1.0,1.0,A01
201400019907,0,3,0,0.0,2.0,1.0,1.0,A01
201400019907,0,7,0,0.0,2.0,4.0,1.0,C01
201400019907,0,7,0,0.0,2.0,4.0,1.0,B01
201400019908,0,7,0,0.0,2.0,1.0,1.0,B01
201400019908,0,1,0,0.0,2.0,1.0,1.0,A01
201400019909,0,7,0,0.0,2.0,1.0,1.0,B01
201400019909,0,2,0,0.0,2.0,7.0,1.0,A01
201400019910,0,30,0,0.0,2.0,2.0,1.0,A01
201400019910,0,7,0,0.0,2.0,4.0,20.0,B01
201400019911,0,7,0,0.0,0.0,4.0,2.0,B01
201400019911,0,2,0,0.0,2.0,1.0,2.0,A01
201400019912,0,7,0,0.0,1.0,1.0,1.0,A01
201400019913,0,7,0,1.0,0.0,0.0,2.0,A01
201400019914,0,2,0,0.0,2.0,3.0,1.0,B01
201400019914,0,7,0,0.0,2.0,6.0,15.0,A01
201400019915,0,2,0,0.0,2.0,5.0,0.0,A01
201400019915,0,7,0,0.0,2.0,2.0,0.0,B01
201400019916,0,33,0,0.0,2.0,1.0,1.0,B01
201400019916,0,10,0,0.0,2.0,5.0,16.0,A01
201400019917,0,3,0,16.0,0.0,0.0,15.0,A01
201400019918,0,10,0,0.0,1.0,2.0,1.0,A01
201400019919,0,7,0,0.0,2.0,4.0,1.0,B01
201400019919,0,7,0,0.0,2.0,1.0,2.0,A01
201400019920,0,7,0,0.0,2.0,3.0,1.0,B01
201400019920,0,7,0,0.0,2.0,2.0,0.0,A01
201400019921,0,7,0,0.0,2.0,1.0,1.0,A01
201400019921,0,7,0,0.0,2.0,4.0,1.0,B01
201400019922,0,3,0,0.0,2.0,4.0,1.0,B01
201400019922,0,7,0,0.0,2.0,1.0,1.0,A01
201400019923,0,7,0,0.0,2.0,6.0,10.0,A01
201400019924,0,7,0,0.0,1.0,1.0,1.0,A01
201400019925,0,7,0,0.0,2.0,1.0,18.0,A01
201400019925,0,7,0,0.0,2.0,8.0,1.0,B01
201400019925,0,7,0,0.0,2.0,1.0,1.0,C01
201400019926,0,7,0,0.0,2.0,4.0,1.0,B01
201400019926,0,7,0,0.0,2.0,1.0,0.0,A01
201400019927,0,17,0,1.0,1.0,2.0,1.0,B01
201400019928,0,7,0,3.0,0.0,2.0,1.0,A01
201400019929,0,7,0,0.0,1.0,0.0,1.0,A01
201400019930,0,7,0,0.0,1.0,1.0,1.0,A01
201400019931,0,7,0,0.0,2.0,1.0,1.0,A01
201400019931,0,7,0,0.0,0.0,4.0,15.0,B01
201400019932,0,2,0,0.0,0.0,4.0,1.0,B01
201400019932,0,2,0,0.0,2.0,1.0,1.0,A01
201400019933,0,7,0,0.0,1.0,0.0,0.0,A01
201400019934,0,7,0,0.0,1.0,1.0,1.0,A01
201400019935,0,7,0,0.0,2.0,1.0,1.0,A01
201400019935,0,7,0,0.0,2.0,4.0,1.0,B01
201400019936,0,7,0,0.0,2.0,1.0,14.0,A01
201400019936,0,7,0,0.0,2.0,1.0,21.0,B01
201400019937,0,7,0,2.0,0.0,1.0,0.0,A01
201400019938,0,7,0,0.0,0.0,0.0,0.0,B01
201400019938,0,7,0,0.0,0.0,0.0,0.0,A01
201400019939,0,7,0,2.0,0.0,1.0,0.0,A01
201400019940,0,7,0,4.0,0.0,1.0,0.0,A01
201400019941,0,33,0,13.0,0.0,1.0,0.0,A01
201400019942,0,30,0,0.0,1.0,0.0,0.0,A01
201400019943,0,7,0,0.0,1.0,1.0,16.0,A01
201400019944,0,30,0,9.0,0.0,1.0,0.0,A01
201400019945,0,7,0,0.0,0.0,0.0,0.0,B01
201400019945,0,7,0,0.0,0.0,0.0,0.0,A01
201400019946,0,10,0,0.0,2.0,4.0,1.0,B01
201400019946,0,7,0,0.0,2.0,1.0,1.0,A01
201400019946,0,37,3,0.0,0.0,4.0,1.0,C01
201400019947,0,7,0,6.0,0.0,1.0,13.0,A01
201400019948,0,7,0,0.0,1.0,3.0,1.0,A01
201400019949,0,7,0,0.0,2.0,3.0,16.0,A01
201400019949,0,2,0,0.0,2.0,1.0,1.0,B01
201400019950,0,7,0,0.0,1.0,3.0,1.0,A01
201400019951,0,7,0,0.0,2.0,1.0,13.0,A01
201400019951,0,7,0,0.0,2.0,6.0,1.0,B01
201400019951,0,14,0,0.0,2.0,1.0,1.0,C01
201400019952,0,7,0,0.0,9.0,1.0,16.0,A01
201400019952,0,1,0,0.0,2.0,1.0,1.0,B01
201400019953,0,7,0,0.0,9.0,3.0,1.0,A01
201400019953,0,1,0,0.0,2.0,2.0,13.0,B01
201400019954,0,7,0,0.0,2.0,1.0,4.0,A01
201400019954,0,1,0,0.0,2.0,8.0,1.0,B01
201400019955,0,7,0,0.0,2.0,4.0,1.0,B01
201400019955,0,3,0,0.0,2.0,1.0,1.0,A01
201400019956,0,30,0,0.0,0.0,0.0,0.0,A01
201400019956,0,7,0,0.0,0.0,0.0,0.0,B01
201400019957,0,7,0,0.0,0.0,0.0,0.0,B01
201400019957,0,7,0,0.0,0.0,0.0,0.0,A01
201400019958,0,7,0,0.0,0.0,0.0,0.0,A01
201400019958,0,7,0,0.0,0.0,0.0,0.0,B01
201400019959,0,30,0,0.0,0.0,0.0,0.0,B01
201400019959,0,2,0,0.0,0.0,0.0,0.0,A01
201400019960,0,33,0,0.0,0.0,0.0,0.0,A01
201400019961,0,13,0,0.0,0.0,0.0,0.0,B01
201400019961,0,7,0,0.0,0.0,0.0,0.0,A01
201400019962,0,33,0,0.0,0.0,0.0,0.0,B01
201400019962,0,7,0,0.0,0.0,0.0,0.0,A01
201400019963,0,7,0,0.0,0.0,0.0,0.0,A01
201400019964,0,1,0,0.0,0.0,0.0,0.0,B01
201400019964,0,7,0,0.0,0.0,0.0,0.0,A01
201400019965,0,7,0,0.0,0.0,0.0,0.0,A01
201400019965,0,7,0,0.0,0.0,0.0,0.0,C01
201400019965,0,7,0,0.0,2.0,0.0,0.0,B01
201400019966,0,7,0,0.0,0.0,0.0,1.0,B01
201400019966,0,2,0,0.0,2.0,1.0,1.0,A01
201400019967,0,7,0,0.0,0.0,4.0,1.0,B01
201400019967,0,7,0,0.0,2.0,1.0,1.0,A01
201400019968,0,2,0,0.0,2.0,1.0,1.0,B01
201400019968,0,7,0,0.0,2.0,1.0,20.0,A01
201400019969,0,10,0,0.0,1.0,1.0,1.0,A01
201400019970,0,7,0,0.0,2.0,8.0,15.0,A01
201400019970,0,30,0,0.0,2.0,2.0,17.0,B01
201400019971,0,7,0,0.0,0.0,4.0,1.0,B01
201400019971,0,2,0,0.0,0.0,1.0,1.0,A01
201400019972,0,7,0,0.0,2.0,3.0,1.0,B01
201400019972,0,2,0,0.0,2.0,1.0,21.0,A01
201400019973,0,7,0,0.0,0.0,9.0,1.0,A01
201400019974,0,7,0,0.0,1.0,1.0,1.0,A01
201400019975,0,2,0,0.0,0.0,0.0,0.0,B01
201400019975,0,7,0,0.0,0.0,0.0,0.0,A01
201400019976,0,7,0,0.0,2.0,1.0,0.0,A01
201400019976,0,7,0,0.0,0.0,8.0,1.0,B01
201400019977,0,7,0,0.0,2.0,7.0,1.0,B01
201400019977,0,33,0,0.0,2.0,6.0,11.0,A01
201400019978,0,36,0,0.0,2.0,1.0,1.0,B01
201400019978,0,7,0,0.0,2.0,2.0,15.0,A01
201400019979,0,7,0,0.0,2.0,1.0,15.0,A01
201400019979,0,33,0,0.0,2.0,1.0,1.0,B01
201400019980,0,7,0,0.0,2.0,3.0,15.0,A01
201400019980,0,2,0,0.0,2.0,1.0,1.0,B01
201400019981,0,7,0,0.0,0.0,0.0,0.0,A01
201400019982,0,7,0,0.0,0.0,0.0,0.0,B01
201400019982,0,7,0,0.0,0.0,0.0,0.0,A01
201400019983,0,30,0,0.0,2.0,1.0,0.0,A01
201400019983,0,7,0,0.0,0.0,4.0,1.0,B01
201400019984,0,7,0,0.0,9.0,1.0,0.0,A01
201400019985,0,30,0,0.0,0.0,1.0,1.0,A01
201400019986,0,33,0,0.0,5.0,1.0,1.0,A01
201400019987,0,7,0,0.0,0.0,4.0,4.0,A01
201400019988,0,7,0,0.0,0.0,0.0,0.0,B01
201400019988,0,7,0,0.0,0.0,0.0,0.0,A01
201400019989,0,7,0,0.0,0.0,4.0,1.0,B01
201400019989,0,2,0,0.0,2.0,1.0,1.0,A01
201400019990,0,7,0,0.0,2.0,3.0,15.0,A01
201400019990,0,30,0,0.0,2.0,1.0,1.0,B01
201400019991,0,7,0,0.0,0.0,1.0,0.0,A01
201400019992,0,7,0,0.0,0.0,4.0,2.0,A01
201400019992,0,7,0,0.0,0.0,1.0,2.0,B01
201400019993,0,7,0,0.0,1.0,0.0,0.0,A01
201400019994,0,7,0,0.0,2.0,6.0,1.0,B02
201400019994,0,7,0,4.0,2.0,2.0,17.0,A01
201400019995,0,17,0,0.0,0.0,6.0,1.0,A01
201400019995,0,10,0,0.0,2.0,1.0,14.0,B02
201400019996,0,7,0,0.0,2.0,4.0,2.0,B02
201400019996,0,10,0,0.0,2.0,1.0,2.0,A01
201400019997,0,7,0,4.0,2.0,1.0,5.0,A01
201400019997,0,7,0,0.0,2.0,1.0,1.0,C03
201400019997,0,7,0,0.0,2.0,3.0,1.0,B02
201400019998,0,7,0,4.0,0.0,1.0,1.0,A01
201400019999,0,7,0,0.0,2.0,8.0,10.0,B02
201400019999,0,31,0,0.0,2.0,1.0,17.0,A01
201400020000,0,15,0,0.0,2.0,4.0,24.0,A01
201400020000,0,15,0,1.0,0.0,1.0,1.0,B02
201400020001,0,7,0,0.0,0.0,4.0,1.0,B02
201400020001,0,33,0,0.0,2.0,1.0,1.0,A01
201400020002,0,7,0,0.0,2.0,1.0,1.0,B02
201400020002,0,7,0,0.0,2.0,1.0,13.0,A01
201400020002,0,7,0,0.0,2.0,3.0,2.0,D04
201400020002,0,7,0,0.0,2.0,6.0,1.0,C03
201400020003,0,7,0,0.0,2.0,0.0,19.0,B02
201400020003,0,30,0,0.0,2.0,1.0,17.0,A01
201400020004,0,7,0,0.0,2.0,1.0,13.0,A01
201400020004,0,7,0,0.0,2.0,1.0,1.0,B02
201400020005,0,7,0,0.0,2.0,1.0,1.0,B02
201400020005,0,7,0,0.0,2.0,1.0,13.0,A01
201400020006,0,7,0,0.0,2.0,3.0,1.0,B02
201400020006,0,7,0,0.0,2.0,3.0,13.0,A01
201400020007,0,7,0,0.0,2.0,1.0,5.0,A01
201400020007,0,7,0,0.0,2.0,1.0,1.0,B02