Num_Acc,senc,catv,occutc,obs,obsm,choc,manv,num_veh
201400020008,0,7,0,0.0,2.0,3.0,15.0,A01
201400020008,0,33,0,0.0,2.0,1.0,17.0,B02
201400020009,0,7,0,0.0,0.0,4.0,15.0,A01
201400020009,0,7,0,0.0,0.0,1.0,0.0,B02
201400020010,0,21,0,13.0,0.0,7.0,14.0,A01
201400020011,0,2,0,0.0,2.0,1.0,13.0,A01
201400020011,0,7,0,0.0,2.0,2.0,21.0,D04
201400020011,0,7,0,0.0,2.0,1.0,16.0,C03
201400020011,0,2,0,0.0,2.0,1.0,13.0,B02
201400020012,0,7,0,13.0,0.0,9.0,13.0,A01
201400020013,0,7,0,0.0,0.0,9.0,14.0,A01
201400020014,0,33,0,0.0,2.0,1.0,1.0,B02
201400020014,0,7,0,0.0,2.0,3.0,9.0,A01
201400020015,0,7,0,13.0,0.0,1.0,1.0,A01
201400020016,0,7,0,0.0,2.0,1.0,13.0,A01
201400020016,0,7,0,0.0,2.0,1.0,1.0,B02
201400020017,0,7,0,0.0,0.0,8.0,1.0,E05
201400020017,0,7,0,0.0,0.0,8.0,1.0,C03
201400020017,0,7,0,0.0,0.0,8.0,1.0,B02
201400020017,0,14,0,0.0,0.0,3.0,13.0,A01
201400020017,0,14,0,0.0,2.0,8.0,1.0,D04
201400020018,0,15,0,13.0,0.0,2.0,1.0,A01
201400020019,0,7,0,0.0,2.0,1.0,13.0,A01
201400020019,0,15,0,0.0,2.0,1.0,1.0,B02
201400020020,0,7,0,0.0,2.0,1.0,1.0,B02
201400020020,0,7,0,0.0,2.0,8.0,15.0,A01
201400020021,0,15,0,0.0,1.0,0.0,4.0,A01
201400020022,0,10,0,0.0,0.0,9.0,1.0,A01
201400020023,0,1,0,0.0,2.0,8.0,1.0,B02
201400020023,0,21,0,0.0,2.0,6.0,21.0,A01
201400020024,0,10,0,0.0,0.0,2.0,17.0,A01
201400020024,0,31,0,0.0,0.0,4.0,15.0,B02
201400020025,0,7,0,0.0,2.0,8.0,19.0,A01
201400020025,0,2,0,0.0,2.0,1.0,1.0,B02
201400020026,0,7,0,6.0,0.0,1.0,1.0,A01
201400020027,0,7,0,0.0,2.0,1.0,1.0,B02
201400020027,0,3,0,0.0,2.0,2.0,15.0,A01
201400020028,0,2,0,0.0,0.0,0.0,1.0,A01
201400020029,0,7,0,13.0,0.0,1.0,1.0,A01
201400020030,0,10,0,0.0,2.0,1.0,5.0,A01
201400020030,0,7,0,0.0,2.0,1.0,1.0,B02
201400020031,0,15,0,0.0,2.0,1.0,21.0,B02
201400020031,0,7,0,0.0,2.0,7.0,21.0,C03
201400020031,0,7,0,0.0,2.0,1.0,13.0,A01
201400020032,0,10,0,0.0,2.0,3.0,1.0,B02
201400020032,0,7,0,0.0,2.0,3.0,13.0,A01
201400020033,0,10,0,0.0,2.0,8.0,15.0,B02
201400020033,0,2,0,0.0,0.0,1.0,1.0,A01
201400020034,0,30,0,0.0,0.0,0.0,14.0,A01
201400020035,0,7,0,0.0,0.0,1.0,1.0,A01
201400020035,0,7,0,0.0,0.0,3.0,1.0,B02
201400020036,0,2,0,0.0,0.0,3.0,1.0,A01
201400020037,0,7,0,0.0,2.0,1.0,19.0,B02
201400020037,0,7,0,0.0,2.0,2.0,1.0,A01
201400020038,0,7,0,0.0,1.0,1.0,1.0,A01
201400020039,0,7,0,2.0,0.0,2.0,1.0,A01
201400020040,0,7,0,13.0,6.0,9.0,21.0,A01
201400020041,0,7,0,8.0,2.0,8.0,1.0,A01
201400020041,0,21,0,0.0,2.0,2.0,1.0,B02
201400020042,0,7,0,6.0,0.0,3.0,13.0,A01
201400020043,0,33,0,0.0,2.0,9.0,17.0,A01
201400020043,0,7,0,0.0,2.0,8.0,15.0,B02
201400020044,0,1,0,0.0,2.0,1.0,19.0,B02
201400020044,0,7,0,0.0,9.0,2.0,1.0,A01
201400020045,0,17,0,0.0,2.0,1.0,1.0,A01
201400020045,0,7,0,0.0,0.0,2.0,19.0,B02
201400020046,0,7,0,6.0,0.0,1.0,1.0,A01
201400020047,0,7,0,16.0,0.0,0.0,1.0,A01
201400020048,0,7,0,0.0,9.0,7.0,15.0,A01
201400020048,0,1,0,0.0,2.0,3.0,1.0,B02
201400020049,0,7,0,0.0,2.0,1.0,17.0,A01
201400020049,0,7,0,0.0,2.0,1.0,1.0,B02
201400020050,0,7,0,0.0,2.0,1.0,1.0,B02
201400020050,0,31,0,0.0,2.0,1.0,17.0,A01
201400020051,0,21,0,8.0,0.0,1.0,1.0,A01
201400020052,0,7,0,0.0,2.0,1.0,13.0,B02
201400020052,0,7,0,0.0,2.0,1.0,1.0,A01
201400020053,0,7,0,0.0,2.0,2.0,13.0,A01
201400020053,0,7,0,0.0,2.0,1.0,1.0,B02
201400020054,0,10,0,8.0,0.0,1.0,1.0,A01
201400020055,0,15,0,0.0,2.0,0.0,16.0,A01
201400020055,0,7,0,0.0,9.0,1.0,1.0,B02
201400020056,0,7,0,0.0,2.0,3.0,13.0,A01
201400020056,0,17,0,0.0,2.0,3.0,1.0,B02
201400020057,0,7,0,3.0,0.0,6.0,1.0,A01
201400020057,0,7,0,13.0,0.0,9.0,1.0,C03
201400020057,0,7,0,3.0,0.0,6.0,1.0,B02
201400020058,0,7,0,13.0,0.0,0.0,1.0,A01
201400020059,0,7,0,4.0,0.0,1.0,2.0,A01
201400020060,0,10,0,11.0,0.0,8.0,21.0,A01
201400020061,0,7,0,0.0,2.0,1.0,1.0,B02
201400020061,0,7,0,0.0,2.0,1.0,5.0,A01
201400020062,0,7,0,3.0,0.0,2.0,1.0,A01
201400020063,0,17,0,0.0,2.0,3.0,13.0,A01
201400020063,0,17,0,0.0,2.0,1.0,1.0,B02
201400020064,0,7,0,4.0,0.0,3.0,1.0,A01
201400020065,0,33,0,0.0,2.0,1.0,17.0,A01
201400020065,0,7,0,0.0,2.0,4.0,17.0,B02
201400020066,0,32,0,0.0,0.0,0.0,0.0,A01
201400020067,0,17,0,0.0,0.0,6.0,1.0,B02
201400020067,0,10,0,0.0,2.0,2.0,14.0,A01
201400020068,0,7,0,13.0,0.0,2.0,2.0,A01
201400020069,0,7,0,0.0,2.0,1.0,2.0,A01
201400020069,0,7,0,3.0,0.0,2.0,0.0,B02
201400020070,0,7,0,4.0,0.0,3.0,1.0,A01
201400020071,0,7,0,0.0,0.0,1.0,12.0,A01
201400020072,0,7,0,13.0,0.0,0.0,1.0,A01
201400020073,0,7,0,13.0,0.0,2.0,17.0,A01
201400020074,0,10,0,0.0,1.0,7.0,21.0,A01
201400020075,0,7,0,4.0,2.0,2.0,2.0,A01
201400020075,0,14,0,0.0,2.0,6.0,2.0,B02
201400020076,0,10,0,0.0,2.0,4.0,17.0,B02
201400020076,0,10,0,0.0,2.0,3.0,1.0,A01
201400020077,0,7,0,2.0,0.0,3.0,0.0,A01
201400020078,0,7,0,0.0,2.0,3.0,15.0,B02
201400020078,0,30,0,0.0,2.0,1.0,1.0,A01
201400020079,0,7,0,2.0,6.0,1.0,21.0,A01
201400020080,0,7,0,0.0,2.0,1.0,1.0,A01
201400020080,0,7,0,0.0,2.0,3.0,15.0,B02
201400020081,2,7,0,0.0,2.0,3.0,1.0,A01
201400020081,0,7,0,0.0,2.0,1.0,15.0,B02
201400020082,0,17,0,0.0,2.0,1.0,11.0,A01
201400020082,0,7,0,0.0,2.0,8.0,1.0,B02
201400020083,0,7,0,0.0,1.0,2.0,1.0,A01
201400020084,0,7,0,0.0,1.0,3.0,2.0,A01
201400020085,0,7,0,0.0,2.0,3.0,9.0,A01
201400020085,0,31,0,0.0,2.0,7.0,1.0,B02
201400020086,0,16,0,0.0,2.0,3.0,2.0,B02
201400020086,0,7,0,0.0,2.0,4.0,9.0,A01
201400020087,0,15,0,1.0,0.0,1.0,2.0,B02
201400020087,0,7,0,0.0,0.0,4.0,1.0,A01
201400020088,0,33,0,0.0,0.0,8.0,1.0,A01
201400020089,0,30,0,0.0,6.0,1.0,1.0,A01
201400020090,0,7,0,0.0,2.0,1.0,13.0,A01
201400020090,0,7,0,0.0,2.0,1.0,1.0,D04
201400020090,0,7,0,0.0,2.0,1.0,1.0,B02
201400020090,0,7,0,0.0,2.0,4.0,1.0,C03
201400020091,0,7,0,13.0,0.0,2.0,1.0,A01
201400020092,0,7,0,0.0,2.0,7.0,10.0,A01
201400020092,0,33,0,0.0,2.0,1.0,1.0,B02
201400020093,0,1,0,1.0,0.0,1.0,0.0,A01
201400020093,0,14,0,0.0,2.0,6.0,24.0,B02
201400020094,0,7,0,0.0,0.0,0.0,0.0,C03
201400020094,0,7,0,0.0,2.0,4.0,1.0,B02
201400020094,0,30,0,0.0,2.0,1.0,1.0,A01
201400020095,0,32,0,0.0,0.0,0.0,0.0,B02
201400020095,0,7,0,0.0,0.0,0.0,9.0,A01
201400020096,0,7,0,0.0,1.0,2.0,1.0,A01
201400020097,0,7,0,6.0,0.0,3.0,19.0,A01
201400020098,0,21,0,0.0,2.0,3.0,19.0,A01
201400020098,0,30,0,0.0,2.0,1.0,1.0,B02
201400020099,0,7,0,0.0,2.0,1.0,0.0,A01
201400020099,0,7,0,0.0,2.0,1.0,13.0,B02
201400020100,0,7,0,13.0,0.0,9.0,1.0,A01
201400020101,0,7,0,15.0,0.0,1.0,13.0,A01
201400020102,2,7,0,0.0,2.0,3.0,19.0,A01
201400020102,0,7,0,0.0,2.0,1.0,1.0,B02
201400020103,0,7,0,0.0,2.0,3.0,13.0,A01
201400020103,0,7,0,0.0,2.0,3.0,1.0,B02
201400020104,0,7,0,0.0,0.0,1.0,1.0,A01
201400020105,0,30,0,0.0,2.0,1.0,1.0,A01
201400020105,0,7,0,0.0,2.0,1.0,1.0,B02
201400020106,0,30,0,3.0,0.0,5.0,1.0,A01
201400020107,0,7,0,0.0,2.0,5.0,15.0,A01
201400020107,0,1,0,0.0,2.0,1.0,1.0,B02
201400020108,0,7,0,8.0,0.0,2.0,1.0,A01
201400020109,0,7,0,0.0,2.0,3.0,5.0,B02
201400020109,0,7,0,0.0,2.0,3.0,13.0,A01
201400020110,0,7,0,0.0,1.0,3.0,1.0,A01
201400020111,0,7,0,0.0,2.0,1.0,19.0,B01
201400020111,0,7,0,0.0,2.0,8.0,1.0,A01
201400020112,0,30,0,8.0,0.0,1.0,1.0,A01
201400020113,0,33,0,13.0,0.0,1.0,21.0,A01
201400020114,0,30,0,0.0,2.0,1.0,19.0,A01
201400020114,0,7,0,0.0,2.0,7.0,1.0,B01
201400020115,0,7,0,6.0,0.0,1.0,1.0,A01
201400020116,0,7,0,0.0,2.0,1.0,1.0,B01
201400020116,0,7,0,0.0,2.0,2.0,15.0,A01
201400020117,0,7,0,0.0,0.0,1.0,13.0,A01
201400020118,0,7,0,6.0,0.0,8.0,1.0,A01
201400020119,0,7,0,0.0,2.0,7.0,19.0,A01
201400020119,0,10,0,0.0,2.0,3.0,1.0,B02
201400020120,0,10,0,6.0,0.0,1.0,1.0,A01
201400020121,0,10,0,10.0,0.0,2.0,1.0,A01
201400020122,0,7,0,0.0,1.0,8.0,17.0,A01
201400020123,0,7,0,0.0,2.0,1.0,1.0,A01
201400020123,0,7,0,0.0,2.0,1.0,1.0,B02
201400020124,0,7,0,0.0,2.0,3.0,1.0,A01
201400020124,0,7,0,0.0,2.0,3.0,1.0,B02
201400020124,0,7,0,0.0,2.0,8.0,1.0,C03
201400020125,0,33,0,0.0,2.0,1.0,17.0,A01
201400020125,0,10,0,0.0,2.0,3.0,15.0,B02
201400020126,0,7,0,0.0,0.0,0.0,19.0,A01
201400020126,0,30,0,0.0,0.0,0.0,1.0,B02
201400020127,0,31,0,1.0,2.0,6.0,13.0,A01
201400020127,0,15,0,0.0,2.0,6.0,1.0,B02
201400020128,0,7,0,0.0,2.0,2.0,13.0,A01
201400020128,0,10,0,0.0,2.0,2.0,1.0,B02
201400020129,0,33,0,13.0,0.0,1.0,1.0,A01
201400020130,0,7,0,0.0,2.0,1.0,21.0,A01
201400020130,0,7,0,0.0,2.0,8.0,15.0,B02
201400020131,0,38,9,13.0,0.0,2.0,14.0,A01
201400020132,0,7,0,0.0,2.0,2.0,21.0,A01
201400020132,0,21,0,0.0,2.0,6.0,1.0,B01
201400020133,0,7,0,0.0,2.0,2.0,2.0,A01
201400020133,0,21,0,0.0,0.0,6.0,1.0,B02
201400020134,0,7,0,3.0,0.0,2.0,14.0,A01
201400020135,0,33,0,15.0,0.0,8.0,17.0,A01
201400020135,0,10,0,0.0,0.0,0.0,15.0,B02
201400020136,0,10,0,2.0,0.0,1.0,13.0,A01
201400020137,0,7,0,1.0,1.0,0.0,0.0,B02
201400020137,0,10,0,1.0,1.0,8.0,2.0,A01
201400020138,0,7,0,0.0,2.0,1.0,13.0,A01
201400020138,0,7,0,0.0,2.0,1.0,1.0,B02
201400020139,0,15,0,15.0,0.0,9.0,21.0,A01
201400020140,0,10,0,0.0,2.0,2.0,1.0,A01
201400020140,0,10,0,0.0,2.0,3.0,15.0,B02
201400020141,0,7,0,0.0,1.0,1.0,1.0,A01
201400020142,0,10,0,0.0,0.0,9.0,13.0,A01
201400020143,0,7,0,0.0,1.0,3.0,15.0,A01
201400020144,0,7,0,0.0,2.0,3.0,2.0,A01
201400020144,0,7,0,0.0,2.0,4.0,23.0,B01
201400020145,0,7,0,0.0,1.0,2.0,2.0,A01
201400020146,0,7,0,0.0,2.0,4.0,2.0,C01
201400020146,0,7,0,0.0,2.0,1.0,2.0,A01
201400020146,0,7,0,0.0,2.0,4.0,2.0,B01
201400020147,0,7,0,0.0,2.0,3.0,13.0,A01
201400020147,0,7,0,0.0,2.0,3.0,1.0,B01
201400020148,0,7,0,2.0,0.0,2.0,1.0,A01
201400020149,0,7,0,0.0,2.0,2.0,12.0,A01
201400020149,0,34,0,0.0,2.0,1.0,1.0,B01
201400020150,0,7,0,0.0,2.0,1.0,15.0,A01
201400020150,0,33,0,0.0,2.0,7.0,1.0,B01
201400020151,0,7,0,1.0,0.0,7.0,14.0,A01
201400020152,0,7,0,0.0,2.0,7.0,1.0,B01
201400020152,0,7,0,0.0,2.0,1.0,9.0,A01
201400020153,0,7,0,0.0,2.0,4.0,2.0,B01
201400020153,0,7,0,0.0,2.0,1.0,1.0,A01
201400020154,0,7,0,0.0,1.0,2.0,15.0,A01
201400020155,0,7,0,0.0,2.0,3.0,16.0,B01
201400020155,0,7,0,0.0,2.0,2.0,1.0,A01
201400020156,0,7,0,0.0,1.0,1.0,1.0,A01
201400020157,0,7,0,9.0,1.0,2.0,1.0,A01
201400020158,0,7,0,13.0,0.0,1.0,1.0,A01
201400020159,0,37,1,0.0,1.0,7.0,9.0,A01
201400020160,0,7,0,0.0,2.0,1.0,2.0,A01
201400020160,0,7,0,0.0,0.0,4.0,2.0,B01
201400020161,0,33,0,0.0,2.0,1.0,1.0,A01
201400020161,0,7,0,0.0,2.0,5.0,1.0,B01
201400020162,0,2,0,0.0,2.0,3.0,1.0,A01
201400020162,0,7,0,0.0,2.0,5.0,16.0,B01
201400020163,0,7,0,13.0,0.0,2.0,1.0,A01
201400020164,0,7,0,0.0,2.0,3.0,13.0,A01
201400020164,0,17,0,0.0,2.0,3.0,1.0,B01
201400020165,0,33,0,0.0,2.0,2.0,12.0,A01
201400020165,0,7,0,0.0,2.0,3.0,1.0,B01
201400020166,0,7,0,0.0,2.0,4.0,1.0,A01
201400020166,0,7,0,0.0,2.0,1.0,1.0,B01
201400020167,0,7,0,0.0,0.0,1.0,19.0,A01
201400020167,0,7,0,0.0,0.0,7.0,1.0,B01
201400020168,0,7,0,0.0,2.0,1.0,1.0,A01
201400020168,0,7,0,0.0,0.0,4.0,0.0,B01
201400020169,0,7,0,0.0,2.0,2.0,15.0,A01
201400020169,0,33,0,0.0,2.0,1.0,1.0,B01
201400020170,0,7,0,0.0,1.0,1.0,1.0,A01
201400020171,0,7,0,0.0,1.0,3.0,1.0,A01
201400020172,0,7,0,0.0,1.0,3.0,1.0,A01
201400020173,0,30,0,0.0,2.0,7.0,13.0,B01
201400020173,0,7,0,0.0,2.0,1.0,9.0,A01
201400020174,0,7,0,0.0,2.0,1.0,1.0,C01
201400020174,0,7,0,0.0,2.0,5.0,15.0,B01
201400020174,0,7,0,14.0,0.0,3.0,2.0,A01
201400020175,0,14,0,0.0,1.0,2.0,1.0,A01
201400020176,0,7,0,0.0,1.0,2.0,1.0,A01
201400020177,0,7,0,0.0,0.0,4.0,2.0,B01
201400020177,0,7,0,0.0,0.0,1.0,1.0,A01
201400020177,0,7,0,0.0,0.0,4.0,2.0,C01
201400020178,0,30,0,0.0,2.0,1.0,1.0,B01
201400020178,0,7,0,0.0,2.0,1.0,15.0,A01
201400020179,0,7,0,0.0,2.0,1.0,2.0,C01
201400020179,0,7,0,0.0,2.0,1.0,2.0,B01
201400020179,0,7,0,0.0,1.0,4.0,2.0,A01
201400020180,0,1,0,0.0,2.0,8.0,13.0,B01
201400020180,0,7,0,0.0,2.0,2.0,1.0,A01
201400020181,0,7,0,0.0,2.0,7.0,14.0,A01
201400020181,0,37,3,0.0,2.0,3.0,1.0,B01
201400020182,0,36,0,0.0,2.0,1.0,1.0,B01
201400020182,0,7,0,0.0,2.0,8.0,15.0,A01
201400020183,0,7,0,0.0,2.0,1.0,1.0,A01
201400020183,0,7,0,0.0,2.0,4.0,1.0,B01
201400020184,0,7,0,0.0,2.0,8.0,15.0,B01
201400020184,0,7,0,0.0,2.0,2.0,1.0,A01
201400020185,0,7,0,16.0,0.0,1.0,1.0,A01
201400020186,0,7,0,0.0,2.0,4.0,23.0,B01
201400020186,0,7,0,0.0,0.0,0.0,20.0,C01
201400020186,0,7,0,0.0,2.0,1.0,1.0,A01
201400020187,0,7,0,0.0,0.0,1.0,1.0,A01
201400020188,0,7,0,0.0,2.0,1.0,1.0,A01
201400020188,0,7,0,0.0,2.0,4.0,23.0,B01
201400020189,0,7,0,8.0,0.0,3.0,21.0,A01
201400020190,0,33,0,8.0,0.0,1.0,1.0,A01
201400020191,0,7,0,13.0,0.0,1.0,1.0,A01
201400020192,0,7,0,0.0,2.0,1.0,15.0,A01
201400020192,0,30,0,0.0,2.0,1.0,1.0,B01
201400020193,0,33,0,3.0,0.0,,1.0,A01
201400020194,0,7,0,13.0,0.0,1.0,1.0,A01
201400020195,0,33,0,11.0,2.0,1.0,21.0,B01
201400020195,0,7,0,0.0,2.0,3.0,9.0,A01
201400020196,0,10,0,0.0,1.0,3.0,1.0,A01
201400020197,0,7,0,0.0,1.0,2.0,1.0,A01
201400020198,0,33,0,0.0,2.0,8.0,1.0,B01
201400020198,0,7,0,0.0,2.0,3.0,15.0,A01
201400020199,0,7,0,0.0,2.0,1.0,1.0,A01
201400020199,0,7,0,0.0,2.0,9.0,2.0,B01
201400020199,0,7,0,0.0,2.0,9.0,2.0,C01
201400020199,0,7,0,0.0,0.0,4.0,2.0,D01
201400020200,0,7,0,6.0,0.0,1.0,9.0,A01
201400020201,0,7,0,6.0,0.0,1.0,15.0,A01
201400020202,0,7,0,0.0,2.0,3.0,1.0,B01
201400020202,0,7,0,0.0,2.0,3.0,13.0,A01
201400020202,0,7,0,0.0,2.0,3.0,1.0,C01
201400020203,0,10,0,0.0,1.0,4.0,4.0,A01
201400020204,0,7,0,0.0,2.0,1.0,1.0,A01
201400020204,0,2,0,0.0,2.0,7.0,1.0,B01
201400020205,0,7,0,0.0,1.0,7.0,17.0,A01
201400020206,0,7,0,0.0,2.0,1.0,1.0,A01
201400020206,0,7,0,0.0,2.0,3.0,1.0,B01
201400020207,0,7,0,0.0,1.0,1.0,1.0,A01
201400020208,0,30,0,12.0,0.0,1.0,1.0,A01
201400020209,0,7,0,3.0,0.0,1.0,14.0,A01
201400020210,0,7,0,0.0,2.0,5.0,1.0,B01
201400020210,0,3,0,1.0,2.0,1.0,13.0,A01
201400020211,0,33,0,7.0,0.0,1.0,1.0,A01
201400020212,0,7,0,13.0,,2.0,14.0,A01
201400020213,0,7,0,0.0,2.0,1.0,2.0,A01
201400020213,0,7,0,0.0,2.0,4.0,1.0,B01
201400020214,0,7,0,0.0,0.0,3.0,15.0,B01
201400020214,0,7,0,0.0,2.0,1.0,13.0,A01
201400020215,0,7,0,0.0,2.0,8.0,23.0,B01
201400020215,0,7,0,0.0,2.0,3.0,23.0,C01
201400020215,0,7,0,0.0,2.0,3.0,15.0,A01
201400020216,0,7,0,0.0,2.0,1.0,1.0,A01
201400020216,0,7,0,0.0,2.0,4.0,23.0,B01
201400020217,0,7,0,0.0,2.0,8.0,1.0,B01
201400020217,0,7,0,0.0,2.0,3.0,13.0,A01
201400020218,0,7,0,1.0,0.0,2.0,14.0,A01
201400020219,0,7,0,0.0,2.0,4.0,23.0,D01
201400020219,0,7,0,0.0,2.0,1.0,1.0,A01
201400020219,0,7,0,0.0,2.0,9.0,23.0,B01
201400020219,0,7,0,0.0,2.0,5.0,23.0,C01
201400020220,1,7,0,0.0,2.0,1.0,13.0,Z01
201400020220,0,7,0,0.0,2.0,8.0,1.0,A01
201400020221,0,7,0,14.0,0.0,1.0,2.0,A01
201400020221,0,7,0,0.0,2.0,4.0,23.0,C01
201400020221,0,3,0,14.0,2.0,4.0,23.0,B01
201400020222,0,7,0,0.0,2.0,3.0,10.0,B01
201400020222,0,33,0,0.0,2.0,1.0,17.0,A01
201400020223,0,7,0,0.0,2.0,1.0,2.0,A01
201400020223,0,7,0,0.0,2.0,4.0,1.0,B01
201400020224,0,7,0,0.0,2.0,2.0,10.0,B01
201400020224,0,7,0,0.0,2.0,3.0,1.0,A01
201400020225,0,33,0,0.0,0.0,8.0,1.0,A01
201400020226,0,7,0,8.0,0.0,3.0,1.0,A01
201400020227,0,7,0,0.0,1.0,2.0,20.0,A01
201400020228,0,7,0,2.0,0.0,1.0,1.0,A01
201400020229,0,7,0,0.0,2.0,1.0,2.0,A01
201400020229,0,7,0,0.0,2.0,4.0,1.0,C01
201400020229,0,10,0,0.0,2.0,4.0,1.0,B01
201400020230,0,7,0,13.0,0.0,9.0,1.0,A01
201400020231,0,33,0,0.0,0.0,7.0,1.0,A01
201400020232,0,33,0,0.0,2.0,1.0,1.0,B01
201400020232,0,7,0,0.0,2.0,2.0,9.0,A01
201400020233,0,7,0,0.0,0.0,7.0,15.0,A01
201400020233,0,7,0,0.0,2.0,1.0,1.0,B01
201400020234,0,30,0,0.0,2.0,8.0,15.0,B01
201400020234,0,2,0,0.0,2.0,1.0,17.0,A01
201400020235,0,7,0,8.0,0.0,3.0,13.0,A01
201400020236,0,30,0,0.0,5.0,1.0,1.0,B01
201400020237,0,7,0,0.0,2.0,1.0,1.0,A01
201400020237,0,7,0,0.0,2.0,1.0,1.0,B01
201400020238,0,30,0,0.0,2.0,1.0,1.0,A01
201400020238,0,7,0,0.0,2.0,4.0,1.0,B01
201400020239,0,33,0,0.0,2.0,1.0,1.0,B01
201400020239,0,7,0,0.0,2.0,3.0,15.0,A01
201400020240,0,7,0,0.0,2.0,1.0,1.0,A01
201400020240,0,7,0,0.0,2.0,1.0,1.0,B01
201400020241,0,7,0,8.0,0.0,1.0,1.0,A01
201400020242,0,7,0,0.0,2.0,3.0,15.0,A01
201400020242,0,30,0,0.0,2.0,1.0,1.0,B01
201400020243,0,7,0,0.0,2.0,1.0,2.0,A01
201400020243,0,14,0,0.0,2.0,4.0,2.0,B01
201400020244,0,2,0,0.0,2.0,1.0,1.0,A01
201400020244,0,7,0,0.0,2.0,4.0,0.0,B01
201400020245,0,7,0,0.0,2.0,4.0,15.0,B01
201400020245,0,7,0,0.0,2.0,1.0,1.0,A01
201400020246,0,30,0,0.0,1.0,1.0,1.0,Z01
201400020247,1,7,0,0.0,2.0,6.0,11.0,A01
201400020247,0,3,0,0.0,2.0,2.0,1.0,B01
201400020248,0,7,0,0.0,2.0,3.0,23.0,B01
201400020248,0,1,0,8.0,2.0,7.0,19.0,A01
201400020249,0,7,0,0.0,2.0,1.0,2.0,B01
201400020249,0,7,0,0.0,2.0,4.0,1.0,A01
201400020250,0,7,0,1.0,0.0,3.0,1.0,A01
201400020251,0,7,0,14.0,0.0,1.0,2.0,B01
201400020251,0,7,0,0.0,2.0,4.0,1.0,A01
201400020252,0,31,0,16.0,0.0,2.0,21.0,A01
201400020253,0,7,0,0.0,2.0,1.0,1.0,A01
201400020253,0,7,0,0.0,0.0,4.0,23.0,B01
201400020254,0,7,0,0.0,2.0,4.0,23.0,C01
201400020254,0,7,0,0.0,2.0,1.0,2.0,A01
201400020254,0,7,0,0.0,2.0,9.0,23.0,B01
201400020255,0,2,0,0.0,2.0,1.0,1.0,B01
201400020255,0,33,0,0.0,2.0,1.0,5.0,A01
201400020256,0,7,0,0.0,2.0,1.0,1.0,A01
201400020256,0,7,0,0.0,2.0,4.0,23.0,C01
201400020256,0,7,0,0.0,2.0,4.0,23.0,B01
201400020257,0,7,0,0.0,2.0,3.0,13.0,B01
201400020257,0,7,0,0.0,2.0,3.0,1.0,C01
201400020257,0,15,0,0.0,2.0,3.0,1.0,A01
201400020258,0,7,0,0.0,2.0,2.0,1.0,B01
201400020258,0,7,0,0.0,2.0,3.0,19.0,A01
201400020259,0,7,0,0.0,1.0,1.0,1.0,A01
201400020260,0,7,0,11.0,2.0,1.0,13.0,A01
201400020260,0,7,0,0.0,2.0,1.0,1.0,B01
201400020261,0,7,0,0.0,1.0,0.0,1.0,A01
201400020262,0,7,0,0.0,2.0,3.0,1.0,B01
201400020262,0,37,1,0.0,2.0,3.0,15.0,A01
201400020263,0,2,0,0.0,1.0,1.0,1.0,A01
201400020264,0,7,0,0.0,2.0,1.0,1.0,A01
201400020264,0,7,0,0.0,0.0,4.0,23.0,B01
201400020265,0,7,0,0.0,0.0,6.0,10.0,B01
201400020265,0,30,0,0.0,2.0,1.0,1.0,A01
201400020266,0,30,0,0.0,2.0,1.0,1.0,B01
201400020266,0,7,0,0.0,2.0,8.0,1.0,A01
201400020267,0,7,0,0.0,2.0,4.0,16.0,B01
201400020267,0,2,0,0.0,2.0,1.0,1.0,A01
201400020268,0,7,0,0.0,2.0,3.0,1.0,B01
201400020268,0,7,0,0.0,2.0,1.0,15.0,A01
201400020268,0,7,0,0.0,2.0,3.0,23.0,C01
201400020269,0,7,0,0.0,2.0,1.0,13.0,A01
201400020269,0,7,0,0.0,2.0,1.0,1.0,B01
201400020270,0,7,0,0.0,2.0,8.0,1.0,B01
201400020270,0,7,0,0.0,2.0,1.0,1.0,A01
201400020271,0,7,0,0.0,1.0,3.0,1.0,A01
201400020272,0,7,0,0.0,1.0,1.0,1.0,A01
201400020273,0,7,0,0.0,1.0,1.0,16.0,A01
201400020274,0,7,0,0.0,2.0,5.0,1.0,B01
201400020274,0,33,0,0.0,2.0,1.0,0.0,A01
201400020275,0,7,0,0.0,1.0,1.0,16.0,A01
201400020276,0,7,0,0.0,1.0,3.0,1.0,A01
201400020277,0,7,0,0.0,2.0,1.0,19.0,A01
201400020277,0,31,0,0.0,2.0,1.0,1.0,B02
201400020278,0,7,0,0.0,2.0,4.0,23.0,B02
201400020278,0,7,0,0.0,2.0,1.0,1.0,A01
201400020279,0,7,0,6.0,0.0,1.0,1.0,A01
201400020280,0,7,0,0.0,2.0,1.0,5.0,A01
201400020280,0,7,0,0.0,2.0,1.0,1.0,B02
201400020281,0,7,0,0.0,2.0,3.0,1.0,B02
201400020281,0,30,0,0.0,2.0,1.0,1.0,A01
201400020282,0,30,0,0.0,1.0,3.0,13.0,A01
201400020283,0,7,0,0.0,2.0,0.0,1.0,B02
201400020283,0,7,0,0.0,2.0,3.0,19.0,A01
201400020284,0,33,0,5.0,0.0,1.0,0.0,A01
201400020285,0,33,0,0.0,6.0,1.0,1.0,A01