Num_Acc,senc,catv,occutc,obs,obsm,choc,manv,num_veh
201400020286,0,7,0,0.0,2.0,1.0,1.0,A01
201400020286,0,7,0,0.0,0.0,4.0,15.0,B02
201400020287,0,33,0,0.0,6.0,1.0,1.0,A01
201400020288,0,33,0,13.0,0.0,1.0,1.0,A01
201400020289,0,1,0,0.0,0.0,1.0,1.0,A01
201400020290,0,33,0,4.0,0.0,8.0,1.0,A01
201400020291,0,7,0,0.0,1.0,3.0,15.0,A01
201400020292,0,33,0,0.0,2.0,1.0,1.0,A01
201400020292,0,10,0,0.0,0.0,6.0,15.0,B02
201400020292,0,7,0,0.0,2.0,8.0,1.0,C03
201400020293,0,7,0,0.0,1.0,1.0,9.0,A01
201400020294,0,7,0,0.0,2.0,1.0,1.0,A01
201400020294,0,7,0,0.0,2.0,3.0,19.0,B02
201400020295,0,7,0,0.0,2.0,1.0,1.0,B02
201400020295,0,33,0,0.0,0.0,4.0,1.0,A01
201400020296,0,7,0,0.0,2.0,1.0,1.0,A01
201400020296,0,7,0,0.0,2.0,7.0,1.0,B02
201400020297,0,7,0,0.0,1.0,2.0,1.0,A01
201400020298,0,7,0,0.0,2.0,1.0,1.0,B02
201400020298,0,7,0,0.0,2.0,7.0,15.0,A01
201400020299,0,7,0,0.0,2.0,8.0,1.0,B02
201400020299,0,7,0,3.0,2.0,1.0,17.0,A01
201400020300,0,33,0,3.0,0.0,1.0,1.0,A01
201400020301,0,7,0,3.0,2.0,1.0,17.0,A01
201400020301,0,33,0,3.0,2.0,6.0,1.0,B02
201400020302,0,7,0,3.0,0.0,1.0,1.0,A01
201400020303,0,38,0,0.0,2.0,3.0,1.0,A01
201400020303,0,7,0,0.0,2.0,3.0,1.0,B02
201400020304,0,7,0,0.0,2.0,1.0,1.0,B02
201400020304,0,7,0,0.0,2.0,4.0,4.0,A01
201400020305,0,10,0,3.0,0.0,1.0,1.0,A01
201400020306,0,7,0,0.0,2.0,1.0,1.0,B02
201400020306,0,7,0,3.0,0.0,1.0,0.0,C03
201400020306,0,17,0,3.0,2.0,2.0,2.0,A01
201400020307,0,10,0,0.0,2.0,6.0,15.0,A01
201400020307,0,15,0,0.0,2.0,3.0,1.0,B02
201400020308,0,7,0,0.0,0.0,4.0,1.0,B02
201400020308,0,7,0,0.0,2.0,9.0,17.0,A01
201400020309,0,33,0,4.0,0.0,7.0,2.0,A01
201400020310,0,15,0,14.0,0.0,3.0,1.0,B02
201400020310,0,15,0,4.0,0.0,2.0,1.0,A01
201400020311,0,17,0,0.0,2.0,3.0,2.0,A01
201400020311,0,7,0,0.0,2.0,4.0,2.0,B02
201400020312,0,7,0,3.0,0.0,9.0,1.0,A01
201400020313,0,7,0,3.0,0.0,3.0,1.0,A01
201400020314,0,7,0,13.0,0.0,7.0,14.0,A01
201400020315,0,7,0,5.0,0.0,1.0,14.0,A01
201400020316,0,10,0,0.0,0.0,0.0,2.0,A01
201400020316,0,10,0,14.0,0.0,8.0,21.0,B02
201400020317,0,17,0,1.0,0.0,2.0,14.0,A01
201400020317,0,7,0,0.0,0.0,6.0,24.0,B02
201400020318,0,7,0,1.0,0.0,1.0,21.0,A01
201400020318,0,7,0,13.0,2.0,9.0,21.0,B02
201400020319,0,7,0,3.0,0.0,1.0,1.0,A01
201400020320,0,7,0,0.0,2.0,1.0,2.0,A01
201400020320,0,15,0,0.0,2.0,4.0,1.0,B01
201400020321,0,7,0,3.0,0.0,1.0,1.0,A01
201400020322,0,7,0,6.0,0.0,1.0,1.0,A01
201400020323,0,10,0,0.0,1.0,2.0,19.0,A01
201400020324,0,33,0,4.0,0.0,6.0,1.0,A01
201400020325,0,7,0,4.0,0.0,3.0,17.0,A01
201400020326,0,7,0,4.0,2.0,2.0,2.0,A01
201400020326,0,7,0,4.0,2.0,2.0,17.0,B02
201400020327,0,33,0,0.0,0.0,8.0,21.0,A01
201400020328,0,7,0,5.0,0.0,1.0,1.0,A01
201400020329,0,7,0,13.0,0.0,1.0,1.0,A01
201400020330,0,7,0,13.0,0.0,9.0,14.0,A01
201400020331,0,10,0,13.0,0.0,2.0,1.0,A01
201400020332,0,7,0,3.0,0.0,1.0,17.0,A01
201400020332,0,10,0,0.0,2.0,1.0,1.0,B02
201400020333,0,33,0,0.0,2.0,9.0,17.0,A01
201400020334,0,7,0,0.0,0.0,9.0,1.0,A01
201400020335,0,7,0,0.0,0.0,9.0,0.0,A01
201400020336,0,7,0,0.0,2.0,1.0,5.0,A01
201400020336,0,7,0,3.0,2.0,1.0,1.0,B02
201400020337,0,7,0,0.0,2.0,1.0,17.0,A01
201400020337,0,14,0,0.0,2.0,8.0,0.0,B02
201400020338,0,7,0,0.0,2.0,2.0,2.0,C03
201400020338,0,7,0,3.0,0.0,6.0,4.0,A01
201400020338,0,7,0,0.0,2.0,1.0,1.0,B02
201400020339,0,7,0,13.0,0.0,6.0,13.0,A01
201400020340,0,7,0,4.0,0.0,2.0,17.0,A01
201400020341,0,7,0,0.0,2.0,4.0,2.0,B02
201400020341,0,7,0,0.0,2.0,1.0,2.0,A01
201400020342,0,7,0,6.0,0.0,1.0,1.0,A01
201400020343,0,7,0,0.0,2.0,1.0,1.0,B02
201400020343,0,7,0,0.0,2.0,1.0,1.0,C03
201400020343,0,7,0,0.0,2.0,1.0,5.0,A01
201400020344,0,7,0,3.0,0.0,1.0,14.0,A01
201400020345,0,7,0,4.0,0.0,1.0,0.0,A01
201400020346,0,7,0,4.0,0.0,9.0,1.0,A01
201400020347,0,7,0,0.0,2.0,5.0,1.0,A01
201400020347,0,7,0,0.0,2.0,3.0,1.0,B02
201400020348,0,10,0,0.0,0.0,1.0,0.0,C03
201400020348,0,10,0,0.0,0.0,1.0,0.0,B02
201400020348,0,7,0,0.0,0.0,4.0,0.0,A01
201400020349,0,7,0,3.0,0.0,2.0,14.0,A01
201400020350,0,7,0,3.0,0.0,2.0,2.0,B02
201400020350,0,17,0,3.0,2.0,3.0,2.0,A01
201400020351,0,33,0,0.0,0.0,7.0,21.0,A01
201400020352,0,7,0,6.0,5.0,1.0,1.0,A01
201400020353,0,7,0,13.0,0.0,2.0,1.0,A01
201400020354,0,7,0,0.0,2.0,8.0,21.0,C03
201400020354,0,7,0,0.0,0.0,8.0,5.0,A01
201400020354,0,7,0,0.0,2.0,1.0,21.0,B02
201400020355,0,7,0,4.0,0.0,1.0,14.0,A01
201400020356,0,33,0,3.0,0.0,1.0,13.0,A01
201400020357,0,7,0,0.0,2.0,4.0,2.0,B02
201400020357,0,7,0,0.0,2.0,1.0,23.0,A01
201400020358,0,7,0,3.0,0.0,1.0,1.0,A01
201400020359,0,7,0,4.0,0.0,3.0,1.0,A01
201400020360,0,7,0,0.0,2.0,2.0,2.0,A01
201400020360,0,13,0,,2.0,6.0,2.0,B02
201400020361,0,7,0,1.0,0.0,1.0,14.0,A01
201400020361,0,15,0,0.0,2.0,6.0,24.0,B02
201400020362,0,7,0,3.0,0.0,1.0,14.0,A01
201400020363,0,13,0,6.0,0.0,1.0,1.0,A01
201400020364,0,7,0,4.0,0.0,3.0,2.0,A01
201400020365,0,7,0,0.0,2.0,1.0,2.0,A01
201400020365,0,17,0,0.0,2.0,4.0,2.0,B02
201400020366,0,7,0,13.0,0.0,9.0,1.0,A01
201400020367,0,7,0,3.0,2.0,2.0,14.0,A01
201400020367,0,7,0,3.0,0.0,3.0,13.0,B02
201400020368,0,7,0,0.0,0.0,9.0,0.0,A01
201400020369,0,7,0,13.0,0.0,2.0,12.0,A01
201400020370,0,7,0,0.0,2.0,3.0,17.0,A01
201400020370,0,21,0,0.0,0.0,2.0,15.0,B02
201400020371,0,7,0,0.0,6.0,1.0,1.0,A01
201400020372,0,7,0,3.0,0.0,1.0,1.0,A01
201400020373,0,7,0,7.0,0.0,1.0,1.0,A01
201400020374,0,7,0,0.0,0.0,4.0,1.0,B02
201400020374,0,7,0,0.0,2.0,1.0,2.0,A01
201400020375,0,7,0,4.0,0.0,1.0,1.0,A01
201400020376,0,7,0,13.0,0.0,2.0,0.0,A01
201400020377,0,33,0,0.0,0.0,7.0,1.0,A01
201400020378,0,7,0,0.0,0.0,4.0,1.0,A01
201400020378,0,7,0,0.0,2.0,1.0,1.0,B02
201400020379,0,7,0,13.0,0.0,6.0,1.0,B02
201400020379,0,7,0,0.0,2.0,2.0,17.0,A01
201400020380,0,7,0,3.0,2.0,4.0,1.0,A01
201400020380,0,7,0,3.0,2.0,1.0,17.0,B02
201400020381,0,7,0,0.0,0.0,0.0,1.0,A01
201400020382,0,17,0,3.0,0.0,2.0,6.0,A01
201400020382,0,7,0,13.0,0.0,2.0,21.0,B02
201400020383,0,7,0,3.0,0.0,2.0,2.0,A01
201400020383,0,7,0,1.0,0.0,1.0,1.0,B02
201400020383,0,10,0,3.0,2.0,4.0,1.0,C03
201400020383,0,7,0,0.0,2.0,1.0,1.0,D04
201400020383,0,7,0,1.0,0.0,1.0,1.0,E05
201400020383,0,7,0,0.0,2.0,4.0,1.0,F06
201400020383,0,7,0,0.0,2.0,4.0,1.0,G07
201400020383,0,7,0,0.0,2.0,2.0,1.0,H08
201400020383,0,7,0,0.0,2.0,1.0,1.0,I09
201400020383,0,7,0,0.0,2.0,1.0,1.0,J10
201400020383,0,7,0,0.0,2.0,3.0,1.0,K11
201400020384,0,10,0,0.0,2.0,1.0,2.0,B02
201400020384,0,7,0,0.0,2.0,1.0,2.0,C03
201400020384,0,7,0,0.0,2.0,4.0,21.0,A01
201400020385,0,7,0,0.0,2.0,3.0,5.0,A01
201400020385,0,7,0,0.0,2.0,3.0,17.0,B02
201400020385,0,7,0,0.0,2.0,1.0,17.0,C03
201400020385,0,7,0,0.0,2.0,3.0,17.0,D04
201400020386,0,10,0,0.0,2.0,1.0,2.0,A01
201400020386,0,7,0,0.0,2.0,4.0,2.0,B02
201400020387,0,7,0,13.0,0.0,1.0,1.0,A01
201400020388,0,7,0,13.0,0.0,3.0,1.0,A01
201400020389,0,7,0,4.0,0.0,3.0,17.0,A01
201400020390,0,7,0,14.0,0.0,3.0,14.0,A01
201400020391,0,7,0,0.0,0.0,0.0,1.0,A01
201400020392,0,7,0,13.0,0.0,2.0,1.0,A01
201400020393,0,7,0,0.0,2.0,1.0,2.0,A01
201400020393,0,17,0,0.0,0.0,4.0,2.0,B01
201400020394,0,7,0,0.0,2.0,1.0,1.0,B01
201400020394,0,7,0,0.0,2.0,1.0,5.0,A01
201400020395,0,7,0,3.0,0.0,1.0,0.0,A01
201400020396,0,10,0,0.0,2.0,2.0,2.0,A01
201400020396,0,21,0,0.0,0.0,6.0,2.0,B01
201400020397,0,7,0,0.0,2.0,1.0,5.0,A01
201400020397,0,7,0,0.0,2.0,1.0,1.0,B01
201400020398,0,7,0,6.0,0.0,1.0,1.0,A01
201400020399,0,3,0,0.0,0.0,4.0,2.0,B01
201400020399,0,10,0,0.0,2.0,1.0,2.0,A01
201400020400,0,10,0,0.0,2.0,7.0,2.0,B02
201400020400,0,7,0,3.0,2.0,7.0,2.0,A01
201400020401,0,7,0,0.0,2.0,8.0,15.0,B01
201400020401,0,31,0,0.0,2.0,7.0,17.0,A01
201400020402,0,1,0,0.0,2.0,1.0,1.0,A01
201400020402,0,7,0,0.0,2.0,3.0,15.0,B01
201400020403,0,33,0,16.0,0.0,1.0,1.0,A01
201400020404,0,7,0,0.0,2.0,8.0,19.0,A01
201400020404,0,7,0,0.0,2.0,2.0,21.0,B01
201400020405,0,7,0,0.0,0.0,6.0,1.0,B01
201400020405,0,3,0,0.0,2.0,2.0,1.0,A01
201400020406,0,7,0,0.0,2.0,3.0,13.0,A01
201400020406,0,7,0,0.0,2.0,3.0,1.0,B01
201400020407,0,7,0,0.0,2.0,3.0,15.0,B01
201400020407,0,2,0,0.0,2.0,2.0,1.0,A01
201400020408,0,7,0,0.0,1.0,2.0,1.0,A01
201400020409,0,7,0,13.0,0.0,1.0,1.0,A01
201400020410,0,7,0,0.0,1.0,1.0,1.0,A01
201400020411,0,7,0,0.0,1.0,1.0,1.0,A01
201400020412,0,7,0,0.0,2.0,2.0,15.0,A01
201400020412,0,7,0,0.0,2.0,2.0,1.0,B01
201400020413,0,7,0,0.0,1.0,2.0,1.0,A01
201400020414,0,10,0,0.0,2.0,1.0,2.0,C01
201400020414,0,7,0,0.0,0.0,4.0,23.0,A01
201400020414,0,7,0,0.0,2.0,1.0,1.0,B01
201400020415,0,7,0,0.0,2.0,1.0,15.0,A01
201400020415,0,7,0,0.0,2.0,3.0,1.0,B01
201400020416,0,7,0,0.0,2.0,3.0,15.0,B01
201400020416,0,7,0,0.0,2.0,1.0,1.0,A01
201400020417,0,7,0,0.0,2.0,1.0,1.0,A01
201400020417,0,2,0,0.0,0.0,6.0,1.0,B01
201400020418,0,7,0,0.0,2.0,1.0,1.0,B01
201400020418,0,30,0,0.0,2.0,7.0,16.0,A01
201400020419,0,10,0,0.0,2.0,5.0,4.0,A01
201400020419,0,7,0,0.0,2.0,1.0,1.0,B01
201400020420,0,7,0,0.0,0.0,4.0,23.0,B01
201400020420,1,7,0,0.0,2.0,1.0,2.0,Z01
201400020421,0,7,0,0.0,2.0,3.0,1.0,B01
201400020421,0,2,0,0.0,2.0,1.0,1.0,A01
201400020422,0,7,0,0.0,2.0,1.0,1.0,B01
201400020422,0,7,0,8.0,2.0,1.0,1.0,A01
201400020423,0,7,0,0.0,1.0,2.0,1.0,A01
201400020424,0,7,0,0.0,0.0,6.0,2.0,B01
201400020424,0,31,0,0.0,2.0,1.0,1.0,A01
201400020425,0,7,0,0.0,2.0,1.0,1.0,A01
201400020425,0,7,0,0.0,2.0,3.0,15.0,B01
201400020426,0,7,0,0.0,1.0,1.0,1.0,A01
201400020427,0,7,0,0.0,2.0,2.0,17.0,A01
201400020427,0,7,0,0.0,2.0,8.0,15.0,B01
201400020428,0,7,0,0.0,1.0,3.0,1.0,A01
201400020429,0,7,0,0.0,2.0,2.0,1.0,A01
201400020429,0,7,0,0.0,2.0,3.0,16.0,B01
201400020430,0,7,0,0.0,2.0,1.0,9.0,A01
201400020430,0,7,0,0.0,2.0,7.0,15.0,B01
201400020431,0,10,0,0.0,0.0,7.0,1.0,B01
201400020431,0,7,0,0.0,2.0,1.0,16.0,A01
201400020432,0,7,0,0.0,2.0,3.0,1.0,C01
201400020432,0,7,0,0.0,2.0,2.0,1.0,B01
201400020432,0,7,0,0.0,2.0,1.0,19.0,A01
201400020433,0,7,0,0.0,1.0,3.0,1.0,A01
201400020434,0,7,0,0.0,1.0,1.0,15.0,A01
201400020435,0,7,0,8.0,0.0,1.0,1.0,A01
201400020436,0,10,0,16.0,0.0,1.0,1.0,A01
201400020437,0,1,0,0.0,2.0,8.0,2.0,B01
201400020437,0,15,0,0.0,9.0,7.0,1.0,A01
201400020438,0,7,0,9.0,0.0,1.0,1.0,A01
201400020439,0,7,0,0.0,2.0,3.0,12.0,B01
201400020439,2,7,0,0.0,2.0,2.0,15.0,Z01
201400020440,0,33,0,0.0,2.0,1.0,1.0,B01
201400020440,0,7,0,0.0,2.0,3.0,10.0,A01
201400020441,0,7,0,0.0,2.0,2.0,13.0,A01
201400020441,0,15,0,0.0,2.0,2.0,1.0,B01
201400020442,0,30,0,0.0,2.0,1.0,1.0,B01
201400020442,0,7,0,0.0,2.0,3.0,1.0,A01
201400020443,0,10,0,0.0,1.0,4.0,4.0,A01
201400020444,0,7,0,0.0,2.0,8.0,15.0,A01
201400020444,0,33,0,0.0,2.0,1.0,17.0,B01
201400020445,0,7,0,15.0,2.0,1.0,13.0,A01
201400020445,0,7,0,0.0,2.0,8.0,1.0,B01
201400020446,0,7,0,0.0,1.0,1.0,1.0,A01
201400020447,0,7,0,0.0,1.0,2.0,1.0,A01
201400020448,0,7,0,13.0,0.0,1.0,1.0,A01
201400020449,0,7,0,6.0,0.0,1.0,1.0,A01
201400020450,0,7,0,13.0,0.0,1.0,1.0,A01
201400020451,0,7,0,0.0,2.0,3.0,21.0,A01
201400020451,0,7,0,0.0,2.0,6.0,1.0,B02
201400020452,0,1,0,0.0,2.0,1.0,1.0,C03
201400020452,0,7,0,0.0,2.0,7.0,1.0,A01
201400020452,0,7,0,0.0,2.0,1.0,1.0,B02
201400020453,0,33,0,13.0,0.0,9.0,1.0,A01
201400020454,0,7,0,1.0,0.0,1.0,1.0,A01
201400020454,0,7,0,0.0,2.0,2.0,0.0,B02
201400020455,0,33,0,6.0,0.0,1.0,1.0,A01
201400020456,0,7,0,0.0,2.0,7.0,1.0,B02
201400020456,0,7,0,0.0,2.0,2.0,19.0,A01
201400020457,0,7,0,0.0,1.0,1.0,19.0,A01
201400020458,0,1,0,0.0,2.0,0.0,1.0,B02
201400020458,0,7,0,0.0,9.0,3.0,17.0,A01
201400020459,0,7,0,0.0,2.0,1.0,17.0,A01
201400020459,0,7,0,0.0,2.0,8.0,0.0,B02
201400020460,0,7,0,0.0,2.0,7.0,13.0,A01
201400020460,0,7,0,0.0,2.0,1.0,1.0,B02
201400020461,0,7,0,0.0,2.0,1.0,1.0,B02
201400020461,0,7,0,0.0,2.0,8.0,19.0,A01
201400020462,0,33,0,13.0,0.0,1.0,1.0,C03
201400020462,0,7,0,0.0,2.0,1.0,1.0,B02
201400020462,0,33,0,0.0,2.0,1.0,1.0,A01
201400020463,0,99,0,0.0,2.0,2.0,1.0,A01
201400020463,0,7,0,0.0,2.0,3.0,19.0,B02
201400020464,0,7,0,0.0,2.0,8.0,15.0,A01
201400020464,0,33,0,0.0,2.0,8.0,1.0,B02
201400020465,0,33,0,0.0,2.0,1.0,13.0,A01
201400020465,0,7,0,0.0,2.0,2.0,1.0,B02
201400020466,0,10,0,1.0,1.0,2.0,1.0,A01
201400020467,0,7,0,0.0,2.0,1.0,23.0,C03
201400020467,0,7,0,0.0,2.0,1.0,13.0,A01
201400020467,0,7,0,1.0,2.0,1.0,1.0,B02
201400020468,0,7,0,0.0,2.0,7.0,1.0,B02
201400020468,0,1,0,0.0,2.0,7.0,1.0,A01
201400020469,0,7,0,0.0,2.0,6.0,0.0,B02
201400020469,0,7,0,0.0,2.0,1.0,0.0,A01
201400020470,0,30,0,0.0,2.0,1.0,17.0,B02
201400020470,0,7,0,0.0,2.0,7.0,15.0,A01
201400020471,0,7,0,0.0,1.0,1.0,15.0,A01
201400020472,0,31,0,0.0,0.0,8.0,1.0,A01
201400020473,0,7,0,0.0,2.0,2.0,15.0,A01
201400020473,0,34,0,0.0,2.0,1.0,18.0,B02
201400020474,0,2,0,4.0,0.0,7.0,1.0,A01
201400020475,0,7,0,0.0,2.0,2.0,15.0,A01
201400020475,0,2,0,0.0,2.0,3.0,1.0,B02
201400020476,0,7,0,0.0,2.0,3.0,16.0,C03
201400020476,0,31,0,0.0,2.0,7.0,1.0,A01
201400020476,0,7,0,0.0,2.0,2.0,1.0,B02
201400020477,0,10,0,0.0,2.0,5.0,15.0,A01
201400020477,0,33,0,0.0,2.0,1.0,1.0,B02
201400020478,0,33,0,7.0,0.0,1.0,1.0,A01
201400020479,0,7,0,0.0,2.0,1.0,1.0,B02
201400020479,0,7,0,0.0,2.0,1.0,13.0,A01
201400020480,0,33,0,0.0,2.0,1.0,21.0,B02
201400020480,0,7,0,0.0,0.0,8.0,15.0,A01
201400020481,0,31,0,0.0,2.0,8.0,1.0,B02
201400020481,0,7,0,0.0,2.0,3.0,15.0,A01
201400020482,0,2,0,1.0,0.0,1.0,1.0,A01
201400020483,0,34,0,14.0,0.0,1.0,1.0,A01
201400020484,0,2,0,7.0,0.0,2.0,13.0,A01
201400020485,0,10,0,0.0,0.0,3.0,1.0,B02
201400020485,0,7,0,0.0,0.0,3.0,13.0,A01
201400020486,0,10,0,0.0,2.0,7.0,17.0,A01
201400020486,0,1,0,0.0,2.0,8.0,1.0,B02
201400020487,0,7,0,0.0,2.0,3.0,13.0,A01
201400020487,0,7,0,0.0,2.0,3.0,1.0,B02
201400020488,0,10,0,0.0,2.0,3.0,14.0,A01
201400020488,0,2,0,0.0,2.0,1.0,1.0,B02
201400020489,0,2,0,0.0,2.0,7.0,1.0,B02
201400020489,0,7,0,0.0,2.0,8.0,16.0,A01
201400020490,0,7,0,0.0,2.0,1.0,13.0,A01
201400020490,0,7,0,0.0,2.0,1.0,1.0,B02
201400020491,0,7,0,6.0,0.0,9.0,1.0,A01
201400020492,0,30,0,0.0,0.0,1.0,1.0,A01
201400020493,0,14,0,0.0,1.0,2.0,1.0,A01
201400020494,0,7,0,2.0,0.0,9.0,1.0,A01
201400020495,0,7,0,13.0,2.0,7.0,1.0,B02
201400020495,0,33,0,0.0,2.0,2.0,13.0,A01
201400020496,0,31,0,0.0,6.0,1.0,0.0,A01
201400020497,0,7,0,0.0,1.0,3.0,1.0,A01
201400020498,0,7,0,2.0,0.0,1.0,14.0,A01
201400020499,0,30,0,0.0,2.0,2.0,1.0,B02
201400020499,0,7,0,0.0,2.0,3.0,20.0,A01
201400020500,0,7,0,0.0,2.0,1.0,1.0,B02
201400020500,0,7,0,0.0,2.0,1.0,13.0,A01
201400020501,0,7,0,0.0,2.0,1.0,1.0,A01
201400020501,0,7,0,0.0,2.0,1.0,1.0,B02
201400020502,0,7,0,0.0,2.0,1.0,13.0,A01
201400020502,0,7,0,0.0,2.0,1.0,1.0,B02
201400020503,0,33,0,0.0,2.0,7.0,1.0,A01
201400020503,0,1,0,0.0,2.0,6.0,2.0,B02
201400020504,0,33,0,0.0,2.0,1.0,1.0,A01
201400020504,0,7,0,0.0,2.0,2.0,15.0,B02
201400020505,0,7,0,0.0,2.0,6.0,23.0,B02
201400020505,0,1,0,1.0,2.0,1.0,14.0,A01
201400020506,0,7,0,0.0,2.0,3.0,1.0,B02
201400020506,0,10,0,0.0,2.0,8.0,14.0,A01
201400020507,0,7,0,0.0,2.0,7.0,10.0,A01
201400020507,0,33,0,0.0,2.0,1.0,9.0,B02
201400020508,0,7,0,0.0,1.0,1.0,1.0,A01
201400020509,0,38,1,0.0,1.0,1.0,1.0,A01
201400020510,0,7,0,0.0,2.0,3.0,1.0,B01
201400020510,0,7,0,0.0,2.0,1.0,15.0,A01
201400020511,0,7,0,0.0,2.0,8.0,13.0,A01
201400020511,0,30,0,0.0,2.0,8.0,17.0,B01
201400020512,0,7,0,0.0,1.0,1.0,1.0,A01
201400020513,0,7,0,0.0,1.0,1.0,1.0,A01
201400020514,0,7,0,0.0,1.0,7.0,16.0,A01
201400020515,0,7,0,0.0,2.0,1.0,1.0,B01
201400020515,0,7,0,0.0,2.0,1.0,9.0,A01
201400020516,0,7,0,0.0,1.0,3.0,15.0,A01
201400020517,1,7,0,0.0,1.0,1.0,1.0,Z01
201400020518,0,7,0,1.0,2.0,1.0,1.0,B01
201400020518,0,7,0,0.0,2.0,7.0,17.0,A01
201400020519,0,1,0,0.0,2.0,1.0,2.0,A01
201400020519,0,7,0,0.0,2.0,4.0,1.0,B01
201400020520,0,7,0,0.0,2.0,3.0,15.0,A01
201400020520,0,7,0,0.0,2.0,6.0,1.0,B01
201400020521,0,10,0,0.0,1.0,4.0,20.0,A01
201400020522,0,7,0,0.0,2.0,1.0,1.0,A01
201400020522,0,7,0,0.0,2.0,4.0,23.0,B01
201400020523,0,7,0,0.0,2.0,7.0,16.0,B01
201400020523,0,30,0,0.0,2.0,1.0,18.0,A01
201400020524,0,7,0,0.0,2.0,1.0,1.0,A01
201400020524,0,7,0,0.0,2.0,4.0,23.0,B01
201400020525,0,7,0,0.0,2.0,1.0,1.0,B01
201400020525,0,7,0,0.0,2.0,8.0,9.0,A01
201400020526,0,30,0,0.0,2.0,7.0,9.0,A01
201400020526,0,7,0,0.0,2.0,1.0,1.0,B01
201400020527,0,7,0,0.0,2.0,1.0,15.0,A01
201400020527,0,30,0,0.0,2.0,1.0,1.0,B01
201400020528,0,7,0,0.0,2.0,1.0,1.0,A01
201400020528,0,7,0,0.0,2.0,4.0,23.0,B01
201400020529,0,7,0,0.0,1.0,0.0,1.0,A01
201400020530,0,2,0,0.0,2.0,2.0,1.0,B01
201400020530,0,7,0,0.0,2.0,1.0,9.0,A01
201400020531,0,7,0,0.0,2.0,1.0,1.0,B01
201400020531,0,7,0,1.0,2.0,2.0,15.0,A01
201400020532,0,7,0,0.0,1.0,2.0,1.0,A01
201400020533,0,2,0,0.0,2.0,7.0,9.0,A01
201400020533,0,10,0,0.0,2.0,3.0,1.0,B01
201400020534,0,7,0,0.0,2.0,4.0,2.0,B01
201400020534,0,2,0,0.0,2.0,1.0,1.0,A01
201400020535,0,7,0,0.0,1.0,1.0,1.0,A01
201400020536,0,10,0,0.0,1.0,1.0,1.0,A01
201400020537,0,7,0,0.0,2.0,2.0,9.0,A01
201400020537,0,7,0,0.0,2.0,3.0,1.0,B01
201400020538,0,7,0,0.0,2.0,3.0,1.0,B01
201400020538,0,7,0,0.0,2.0,2.0,15.0,A01
201400020539,0,7,0,0.0,2.0,2.0,1.0,B01
201400020539,0,1,0,0.0,2.0,1.0,9.0,A01
201400020540,0,7,0,0.0,1.0,1.0,1.0,A01
201400020541,1,7,0,0.0,1.0,1.0,1.0,Z01
201400020542,0,2,0,0.0,0.0,9.0,18.0,C01
201400020542,0,2,0,0.0,2.0,1.0,2.0,A01
201400020542,0,7,0,0.0,2.0,6.0,16.0,B01
201400020543,0,7,0,0.0,2.0,9.0,1.0,B01
201400020543,0,7,0,0.0,2.0,1.0,1.0,A01
201400020544,0,7,0,0.0,1.0,4.0,4.0,A01
201400020545,0,7,0,6.0,2.0,1.0,6.0,A01
201400020545,0,7,0,0.0,2.0,7.0,1.0,B01
201400020546,0,7,0,0.0,2.0,3.0,9.0,A01
201400020546,0,7,0,0.0,2.0,7.0,1.0,B01
201400020547,0,7,0,15.0,0.0,9.0,1.0,A01
201400020548,0,7,0,0.0,2.0,0.0,13.0,A01
201400020548,0,7,0,0.0,2.0,8.0,1.0,B01
201400020549,0,2,0,0.0,2.0,1.0,2.0,A01
201400020549,0,2,0,0.0,2.0,4.0,1.0,B01
201400020550,0,2,0,0.0,2.0,1.0,9.0,A01
201400020550,0,7,0,0.0,2.0,1.0,1.0,B01
201400020551,0,2,0,0.0,2.0,1.0,1.0,B01
201400020551,0,7,0,0.0,2.0,3.0,9.0,A01
201400020552,0,7,0,0.0,2.0,2.0,9.0,B01
201400020552,0,10,0,0.0,2.0,1.0,1.0,A01
201400020553,0,30,0,1.0,0.0,2.0,1.0,A01
201400020554,0,7,0,0.0,2.0,0.0,9.0,A01
201400020554,0,2,0,0.0,2.0,1.0,1.0,B01
201400020555,0,7,0,0.0,2.0,2.0,15.0,A01
201400020555,0,2,0,0.0,2.0,1.0,1.0,B01
201400020556,0,7,0,0.0,2.0,4.0,23.0,C01
201400020556,0,7,0,0.0,2.0,4.0,23.0,B01
201400020556,0,7,0,0.0,2.0,1.0,2.0,A01
201400020557,0,7,0,0.0,2.0,1.0,2.0,A01
201400020557,0,7,0,0.0,2.0,4.0,16.0,B01
201400020558,0,2,0,0.0,2.0,1.0,1.0,A01
201400020558,0,10,0,0.0,2.0,4.0,2.0,B01
201400020559,0,7,0,0.0,2.0,8.0,10.0,A01
201400020559,0,2,0,0.0,2.0,1.0,1.0,B01
201400020560,0,7,0,1.0,0.0,1.0,1.0,A01
201400020561,0,7,0,0.0,2.0,4.0,23.0,B01
201400020561,0,7,0,0.0,2.0,1.0,2.0,A01
201400020562,0,1,0,0.0,2.0,1.0,1.0,B01
201400020562,0,7,0,0.0,2.0,2.0,15.0,A01
201400020563,0,7,0,0.0,2.0,1.0,1.0,B01
201400020563,0,7,0,0.0,2.0,8.0,9.0,A01
201400020564,0,7,0,0.0,2.0,8.0,1.0,B01
201400020564,0,30,0,0.0,2.0,8.0,1.0,A01
201400020565,0,7,0,0.0,1.0,1.0,15.0,A01