Num_Acc,senc,catv,occutc,obs,obsm,choc,manv,num_veh
201400020566,0,33,0,12.0,0.0,9.0,1.0,A01
201400020567,0,7,0,0.0,2.0,1.0,1.0,A01
201400020567,0,7,0,0.0,2.0,7.0,1.0,B01
201400020568,0,30,0,0.0,2.0,1.0,1.0,B01
201400020568,0,7,0,0.0,2.0,3.0,9.0,A01
201400020569,0,33,0,0.0,2.0,7.0,1.0,A01
201400020569,2,30,0,0.0,2.0,1.0,19.0,B01
201400020570,0,7,0,0.0,2.0,1.0,1.0,A01
201400020570,0,7,0,0.0,2.0,4.0,15.0,B01
201400020571,0,7,0,0.0,1.0,3.0,1.0,A01
201400020572,0,7,0,0.0,2.0,8.0,15.0,B01
201400020572,0,30,0,0.0,2.0,1.0,1.0,A01
201400020573,0,7,0,15.0,0.0,1.0,1.0,A01
201400020573,0,7,0,8.0,0.0,1.0,1.0,B01
201400020574,0,7,0,0.0,2.0,8.0,11.0,A01
201400020574,0,30,0,0.0,2.0,7.0,17.0,B01
201400020575,0,7,0,0.0,2.0,1.0,2.0,A01
201400020575,0,7,0,0.0,2.0,4.0,23.0,B01
201400020575,0,7,0,0.0,2.0,4.0,23.0,C01
201400020576,0,7,0,0.0,1.0,1.0,15.0,A01
201400020577,0,7,0,0.0,2.0,1.0,1.0,B01
201400020577,0,7,0,0.0,2.0,2.0,15.0,A01
201400020578,0,33,0,0.0,2.0,9.0,1.0,B01
201400020578,0,7,0,0.0,2.0,8.0,11.0,A01
201400020579,0,7,0,0.0,2.0,4.0,4.0,A01
201400020579,0,1,0,0.0,2.0,7.0,1.0,B01
201400020580,0,7,0,0.0,2.0,8.0,15.0,A01
201400020580,0,33,0,0.0,2.0,1.0,1.0,B01
201400020581,0,7,0,0.0,2.0,1.0,2.0,A01
201400020581,0,7,0,0.0,2.0,4.0,23.0,B01
201400020582,0,7,0,0.0,2.0,6.0,2.0,B01
201400020582,0,2,0,0.0,2.0,1.0,1.0,A01
201400020583,0,7,0,0.0,1.0,1.0,1.0,A01
201400020584,0,7,0,0.0,2.0,4.0,4.0,A01
201400020584,0,7,0,0.0,2.0,8.0,23.0,B01
201400020585,0,2,0,0.0,2.0,0.0,17.0,A01
201400020585,0,7,0,0.0,2.0,8.0,15.0,B01
201400020586,0,7,0,0.0,2.0,1.0,1.0,A01
201400020586,0,7,0,0.0,2.0,4.0,23.0,B01
201400020587,0,7,0,1.0,0.0,1.0,1.0,A01
201400020588,0,2,0,0.0,2.0,1.0,17.0,B01
201400020588,0,10,0,0.0,2.0,0.0,9.0,A01
201400020589,0,7,0,0.0,2.0,1.0,1.0,A01
201400020589,0,7,0,0.0,2.0,4.0,23.0,B01
201400020590,0,7,0,0.0,2.0,4.0,23.0,C01
201400020590,0,2,0,0.0,2.0,1.0,1.0,A01
201400020590,0,7,0,0.0,2.0,1.0,2.0,B01
201400020591,0,1,0,0.0,2.0,4.0,2.0,B01
201400020591,0,7,0,0.0,2.0,1.0,2.0,A01
201400020592,0,7,0,0.0,2.0,2.0,9.0,A01
201400020592,0,7,0,0.0,2.0,1.0,1.0,B01
201400020593,0,7,0,0.0,2.0,4.0,15.0,A01
201400020593,0,2,0,0.0,2.0,1.0,17.0,B01
201400020594,0,7,0,0.0,2.0,8.0,10.0,A01
201400020594,0,2,0,0.0,2.0,1.0,1.0,B01
201400020595,0,7,0,0.0,1.0,2.0,1.0,A01
201400020596,0,7,0,0.0,2.0,4.0,2.0,C01
201400020596,0,7,0,0.0,2.0,4.0,2.0,B01
201400020596,0,7,0,0.0,2.0,1.0,1.0,A01
201400020597,0,3,0,0.0,2.0,1.0,1.0,A01
201400020597,0,7,0,0.0,2.0,4.0,2.0,B01
201400020598,0,7,0,0.0,2.0,1.0,1.0,B01
201400020598,0,7,0,0.0,2.0,7.0,15.0,A01
201400020599,0,7,0,0.0,1.0,1.0,15.0,A01
201400020600,0,30,0,0.0,2.0,1.0,1.0,A01
201400020600,0,7,0,0.0,2.0,1.0,1.0,B01
201400020601,0,7,0,0.0,2.0,4.0,2.0,C01
201400020601,0,7,0,0.0,2.0,4.0,2.0,B01
201400020601,0,14,0,0.0,2.0,1.0,1.0,A01
201400020601,0,7,0,0.0,2.0,4.0,2.0,D01
201400020602,0,30,0,0.0,2.0,3.0,15.0,A01
201400020602,0,15,0,0.0,2.0,8.0,1.0,B01
201400020603,0,7,0,0.0,1.0,0.0,0.0,A01
201400020604,0,7,0,0.0,2.0,1.0,1.0,A01
201400020604,0,7,0,0.0,2.0,1.0,1.0,B01
201400020605,0,7,0,0.0,2.0,1.0,15.0,A01
201400020605,0,33,0,0.0,2.0,1.0,1.0,B01
201400020606,0,7,0,0.0,2.0,1.0,15.0,A01
201400020606,0,7,0,0.0,0.0,1.0,1.0,B01
201400020607,0,7,0,0.0,2.0,1.0,1.0,A01
201400020607,0,7,0,0.0,2.0,4.0,1.0,D01
201400020607,0,7,0,0.0,2.0,4.0,1.0,B01
201400020607,0,7,0,0.0,2.0,1.0,1.0,C01
201400020608,0,7,0,0.0,2.0,6.0,1.0,A01
201400020608,0,7,0,0.0,2.0,3.0,1.0,B01
201400020609,0,7,0,0.0,2.0,0.0,15.0,A01
201400020609,0,7,0,0.0,2.0,3.0,1.0,B01
201400020610,0,2,0,0.0,2.0,1.0,18.0,A01
201400020610,0,7,0,0.0,2.0,2.0,16.0,B01
201400020611,0,7,0,0.0,2.0,2.0,2.0,A01
201400020611,0,7,0,0.0,2.0,4.0,1.0,B01
201400020612,0,2,0,0.0,2.0,1.0,1.0,A01
201400020612,0,7,0,0.0,2.0,4.0,2.0,B01
201400020613,0,7,0,0.0,2.0,8.0,1.0,A01
201400020613,0,31,0,0.0,2.0,4.0,2.0,B01
201400020614,0,7,0,0.0,2.0,2.0,1.0,A01
201400020614,0,7,0,0.0,2.0,6.0,2.0,B01
201400020615,0,33,0,0.0,2.0,1.0,17.0,A01
201400020615,0,7,0,0.0,2.0,8.0,15.0,B01
201400020616,0,7,0,0.0,2.0,7.0,9.0,A01
201400020616,0,7,0,0.0,2.0,1.0,1.0,B01
201400020617,0,2,0,0.0,2.0,7.0,17.0,A01
201400020617,0,3,0,0.0,2.0,8.0,15.0,B01
201400020618,0,7,0,0.0,2.0,3.0,13.0,A01
201400020618,0,31,0,0.0,2.0,1.0,17.0,B01
201400020619,0,7,0,9.0,0.0,1.0,19.0,A01
201400020620,0,2,0,0.0,2.0,4.0,1.0,B01
201400020620,0,2,0,0.0,2.0,1.0,2.0,A01
201400020621,0,2,0,0.0,1.0,4.0,1.0,A01
201400020622,0,7,0,0.0,1.0,1.0,1.0,A01
201400020623,0,7,0,0.0,2.0,3.0,15.0,A01
201400020623,0,30,0,0.0,2.0,1.0,1.0,B01
201400020624,0,7,0,0.0,2.0,1.0,2.0,A01
201400020624,0,7,0,0.0,2.0,4.0,23.0,B01
201400020625,0,2,0,0.0,2.0,1.0,1.0,A01
201400020625,0,7,0,0.0,2.0,8.0,1.0,B01
201400020626,0,30,0,0.0,2.0,4.0,2.0,B01
201400020626,0,7,0,0.0,2.0,1.0,1.0,A01
201400020627,0,7,0,0.0,1.0,4.0,4.0,A01
201400020628,0,7,0,0.0,2.0,1.0,9.0,A01
201400020628,0,7,0,0.0,2.0,6.0,1.0,B01
201400020629,0,7,0,0.0,2.0,2.0,15.0,A01
201400020629,0,2,0,0.0,2.0,1.0,1.0,B01
201400020630,0,7,0,0.0,2.0,1.0,1.0,B01
201400020630,0,7,0,0.0,2.0,1.0,13.0,A01
201400020631,0,7,0,8.0,0.0,1.0,1.0,A01
201400020632,0,7,0,0.0,2.0,8.0,9.0,A01
201400020632,0,2,0,0.0,2.0,1.0,1.0,B01
201400020633,0,7,0,0.0,2.0,1.0,1.0,A01
201400020633,0,7,0,0.0,2.0,6.0,1.0,B01
201400020634,0,7,0,0.0,2.0,1.0,1.0,A01
201400020634,0,7,0,0.0,2.0,4.0,1.0,B01
201400020635,0,2,0,0.0,0.0,1.0,1.0,A01
201400020636,0,7,0,0.0,2.0,6.0,15.0,B01
201400020636,0,7,0,0.0,2.0,1.0,2.0,A01
201400020637,0,7,0,0.0,2.0,8.0,9.0,A01
201400020637,0,31,0,0.0,2.0,1.0,1.0,B01
201400020638,0,7,0,0.0,2.0,3.0,15.0,A01
201400020638,0,32,0,0.0,2.0,7.0,17.0,B01
201400020639,0,2,0,0.0,2.0,1.0,2.0,A01
201400020639,0,7,0,0.0,2.0,4.0,2.0,B01
201400020640,0,10,0,0.0,1.0,2.0,1.0,A01
201400020641,0,30,0,0.0,2.0,8.0,1.0,B01
201400020641,0,7,0,0.0,2.0,2.0,15.0,A01
201400020642,0,33,0,0.0,2.0,1.0,13.0,A01
201400020642,0,34,0,0.0,2.0,1.0,1.0,B02
201400020643,0,7,0,0.0,2.0,3.0,20.0,A01
201400020643,0,33,0,0.0,2.0,8.0,1.0,B02
201400020644,0,7,0,6.0,0.0,0.0,1.0,A01
201400020645,0,7,0,0.0,1.0,2.0,1.0,A01
201400020646,0,7,0,0.0,2.0,2.0,1.0,A01
201400020647,0,7,0,0.0,2.0,3.0,15.0,A01
201400020647,0,33,0,0.0,2.0,8.0,1.0,B02
201400020648,0,7,0,6.0,0.0,3.0,2.0,A01
201400020649,0,7,0,0.0,0.0,4.0,17.0,B02
201400020649,0,7,0,0.0,0.0,6.0,1.0,A01
201400020649,0,33,0,0.0,2.0,1.0,17.0,C03
201400020650,0,7,0,6.0,0.0,1.0,1.0,A01
201400020651,0,33,0,0.0,2.0,8.0,1.0,B02
201400020651,0,7,0,0.0,2.0,6.0,15.0,A01
201400020652,0,7,0,0.0,1.0,3.0,1.0,A01
201400020653,0,1,0,0.0,5.0,1.0,1.0,A01
201400020654,0,10,0,0.0,1.0,8.0,1.0,A01
201400020655,0,10,0,0.0,1.0,4.0,4.0,A01
201400020656,1,7,0,1.0,0.0,0.0,1.0,A01
201400020657,0,1,0,0.0,2.0,1.0,1.0,D01
201400020657,0,7,0,0.0,0.0,5.0,1.0,A01
201400020658,0,7,0,0.0,0.0,6.0,1.0,B01
201400020658,0,7,0,0.0,0.0,5.0,24.0,C01
201400020658,0,7,0,0.0,2.0,1.0,15.0,A01
201400020659,0,7,0,0.0,1.0,4.0,4.0,A01
201400020660,0,33,0,0.0,2.0,7.0,2.0,A01
201400020660,0,7,0,0.0,2.0,3.0,2.0,B01
201400020661,0,7,0,0.0,0.0,8.0,0.0,C01
201400020661,0,7,0,0.0,2.0,3.0,0.0,B01
201400020661,0,7,0,1.0,0.0,2.0,1.0,A01
201400020662,0,7,0,0.0,1.0,3.0,9.0,A01
201400020663,0,7,0,0.0,2.0,3.0,10.0,A01
201400020663,0,33,0,3.0,2.0,2.0,2.0,B01
201400020664,0,7,0,13.0,0.0,2.0,0.0,A01
201400020665,0,7,0,15.0,1.0,3.0,1.0,A01
201400020666,0,7,0,13.0,0.0,1.0,2.0,A01
201400020667,0,7,0,16.0,0.0,1.0,1.0,A01
201400020668,0,7,0,0.0,2.0,1.0,5.0,A01
201400020668,0,7,0,0.0,2.0,1.0,2.0,B01
201400020669,0,7,0,0.0,1.0,6.0,4.0,A01
201400020670,0,33,0,14.0,0.0,1.0,6.0,A01
201400020671,0,7,0,0.0,2.0,3.0,1.0,B01
201400020671,0,1,0,0.0,2.0,7.0,15.0,A01
201400020672,0,7,0,1.0,0.0,2.0,1.0,A01
201400020673,0,7,0,2.0,0.0,1.0,0.0,A01
201400020674,0,7,0,0.0,9.0,7.0,17.0,A01
201400020674,0,1,0,0.0,9.0,8.0,2.0,B01
201400020675,0,7,0,2.0,0.0,1.0,2.0,A01
201400020676,0,7,0,0.0,2.0,4.0,2.0,B01
201400020676,1,7,0,0.0,2.0,1.0,2.0,A01
201400020677,0,7,0,0.0,1.0,3.0,1.0,A01
201400020678,0,7,0,0.0,2.0,2.0,1.0,A01
201400020678,0,1,0,0.0,2.0,8.0,15.0,B02
201400020679,0,33,0,0.0,2.0,1.0,1.0,A01
201400020679,0,7,0,0.0,2.0,6.0,15.0,B02
201400020680,0,33,0,0.0,2.0,8.0,2.0,A01
201400020680,0,7,0,0.0,2.0,7.0,17.0,B02
201400020681,0,7,0,2.0,0.0,1.0,1.0,A01
201400020682,0,7,0,2.0,0.0,1.0,1.0,A01
201400020683,1,2,0,0.0,1.0,1.0,1.0,A01
201400020684,0,2,0,0.0,2.0,4.0,15.0,B01
201400020684,0,7,0,0.0,2.0,1.0,1.0,A01
201400020685,0,7,0,0.0,2.0,1.0,1.0,B01
201400020685,0,7,0,0.0,2.0,1.0,13.0,A01
201400020686,0,7,0,0.0,2.0,5.0,1.0,B01
201400020686,0,2,0,0.0,2.0,1.0,9.0,A01
201400020687,0,33,0,0.0,2.0,1.0,1.0,B01
201400020687,0,7,0,0.0,2.0,3.0,1.0,A01
201400020688,0,7,0,14.0,0.0,0.0,22.0,A01
201400020688,0,1,0,0.0,2.0,0.0,21.0,B01
201400020689,0,31,0,0.0,2.0,1.0,1.0,B01
201400020689,0,7,0,0.0,2.0,6.0,19.0,A01
201400020690,0,7,0,0.0,1.0,2.0,1.0,A01
201400020691,0,7,0,0.0,2.0,7.0,1.0,A01
201400020691,0,1,0,0.0,2.0,1.0,19.0,B01
201400020692,0,7,0,0.0,1.0,2.0,16.0,A01
201400020693,0,7,0,0.0,1.0,7.0,16.0,A01
201400020694,0,33,0,0.0,2.0,2.0,17.0,A01
201400020694,0,7,0,0.0,2.0,3.0,10.0,B01
201400020695,0,7,0,0.0,2.0,1.0,1.0,B01
201400020695,0,7,0,0.0,2.0,7.0,19.0,A01
201400020696,0,7,0,0.0,2.0,3.0,15.0,B01
201400020696,0,1,0,0.0,2.0,1.0,5.0,A01
201400020697,0,7,0,0.0,2.0,8.0,10.0,A01
201400020697,0,7,0,0.0,2.0,1.0,1.0,B01
201400020698,0,7,0,0.0,1.0,0.0,1.0,A01
201400020699,0,7,0,0.0,2.0,2.0,19.0,A01
201400020699,0,7,0,0.0,2.0,3.0,1.0,B01
201400020700,0,7,0,0.0,1.0,2.0,1.0,A01
201400020701,0,7,0,15.0,2.0,1.0,17.0,A01
201400020701,0,7,0,0.0,2.0,8.0,15.0,B01
201400020702,0,7,0,0.0,1.0,1.0,15.0,A01
201400020703,0,37,10,0.0,1.0,1.0,1.0,A01
201400020704,0,7,0,0.0,2.0,1.0,15.0,A01
201400020704,0,30,0,0.0,2.0,1.0,1.0,B01
201400020705,0,7,0,0.0,2.0,2.0,1.0,A01
201400020705,0,33,0,0.0,2.0,1.0,1.0,B01
201400020706,0,7,0,0.0,1.0,4.0,20.0,A01
201400020707,0,7,0,0.0,2.0,3.0,1.0,B01
201400020707,0,2,0,0.0,2.0,1.0,15.0,A01
201400020708,0,7,0,0.0,2.0,1.0,2.0,A01
201400020708,0,7,0,0.0,2.0,4.0,23.0,B01
201400020709,0,7,0,0.0,1.0,2.0,16.0,A01
201400020710,0,7,0,13.0,0.0,1.0,14.0,A01
201400020711,0,7,0,1.0,0.0,2.0,14.0,A01
201400020712,0,3,0,0.0,1.0,1.0,1.0,A01
201400020713,1,7,0,0.0,1.0,1.0,1.0,Z01
201400020714,0,1,0,0.0,2.0,4.0,15.0,B01
201400020714,0,7,0,0.0,2.0,1.0,17.0,A01
201400020715,0,7,0,6.0,1.0,1.0,14.0,A01
201400020716,0,30,0,0.0,2.0,1.0,1.0,A01
201400020716,0,7,0,0.0,2.0,7.0,15.0,B01
201400020717,0,7,0,0.0,2.0,3.0,15.0,A01
201400020717,0,33,0,0.0,2.0,1.0,1.0,B01
201400020718,2,33,0,0.0,2.0,1.0,1.0,A01
201400020718,0,7,0,0.0,2.0,3.0,0.0,B01
201400020719,0,7,0,0.0,2.0,8.0,16.0,B01
201400020719,0,7,0,0.0,2.0,1.0,17.0,A01
201400020720,0,7,0,6.0,0.0,1.0,14.0,A01
201400020721,0,7,0,0.0,2.0,5.0,1.0,B01
201400020721,0,30,0,0.0,2.0,1.0,2.0,A01
201400020722,0,7,0,0.0,2.0,1.0,1.0,A01
201400020722,0,33,0,0.0,2.0,3.0,15.0,B01
201400020723,0,7,0,0.0,2.0,6.0,23.0,B01
201400020723,0,2,0,0.0,2.0,1.0,2.0,A01
201400020724,1,7,0,0.0,2.0,2.0,17.0,Z01
201400020724,0,30,0,0.0,2.0,6.0,1.0,B01
201400020725,0,7,0,0.0,0.0,0.0,15.0,B01
201400020725,0,30,0,12.0,0.0,0.0,15.0,A01
201400020726,0,10,0,1.0,1.0,5.0,4.0,A01
201400020727,0,32,0,0.0,2.0,3.0,1.0,B01
201400020727,1,10,0,0.0,2.0,2.0,1.0,Z01
201400020728,0,7,0,1.0,0.0,1.0,14.0,A01
201400020729,2,10,0,0.0,2.0,2.0,15.0,Z01
201400020729,0,7,0,0.0,2.0,8.0,1.0,B01
201400020730,0,31,0,0.0,2.0,1.0,17.0,B01
201400020730,0,7,0,1.0,2.0,3.0,1.0,A01
201400020731,0,7,0,0.0,1.0,1.0,1.0,A01
201400020732,0,31,0,1.0,0.0,2.0,1.0,A01
201400020733,0,7,0,0.0,1.0,1.0,0.0,A01
201400020734,0,1,0,0.0,2.0,1.0,1.0,A01
201400020734,0,1,0,0.0,2.0,4.0,16.0,B01
201400020735,0,7,0,0.0,2.0,7.0,1.0,A01
201400020735,0,7,0,9.0,2.0,1.0,1.0,B01
201400020736,0,1,0,1.0,0.0,1.0,1.0,B01
201400020736,0,7,0,0.0,2.0,8.0,22.0,A01
201400020737,0,7,0,0.0,1.0,2.0,1.0,A01
201400020738,0,7,0,0.0,2.0,4.0,1.0,B01
201400020738,0,7,0,0.0,2.0,1.0,2.0,A01
201400020739,0,7,0,0.0,1.0,2.0,1.0,A01
201400020740,0,30,0,12.0,0.0,1.0,1.0,A01
201400020741,0,7,0,3.0,0.0,1.0,13.0,A01
201400020742,0,7,0,0.0,1.0,2.0,1.0,A01
201400020743,0,7,0,0.0,2.0,1.0,15.0,B01
201400020743,0,32,0,0.0,2.0,1.0,1.0,A01
201400020744,2,7,0,6.0,2.0,2.0,1.0,A01
201400020744,0,10,0,0.0,2.0,1.0,1.0,B01
201400020745,0,7,0,0.0,2.0,1.0,1.0,B01
201400020745,0,7,0,0.0,2.0,8.0,20.0,A01
201400020746,0,7,0,2.0,0.0,2.0,14.0,A01
201400020747,0,7,0,6.0,2.0,3.0,1.0,B01
201400020747,0,7,0,0.0,2.0,1.0,1.0,A01
201400020748,0,7,0,0.0,2.0,2.0,15.0,B01
201400020748,0,7,0,0.0,2.0,3.0,1.0,A01
201400020749,0,30,0,0.0,2.0,3.0,2.0,A01
201400020749,0,7,0,0.0,2.0,5.0,2.0,B01
201400020750,0,30,0,11.0,0.0,1.0,13.0,A01
201400020751,0,31,0,0.0,0.0,8.0,23.0,A01
201400020751,0,7,0,0.0,2.0,2.0,17.0,B01
201400020752,0,7,0,1.0,0.0,2.0,14.0,A01
201400020753,0,99,0,0.0,2.0,3.0,23.0,B01
201400020753,0,31,0,12.0,2.0,6.0,21.0,A01
201400020754,0,7,0,0.0,2.0,1.0,13.0,A01
201400020754,0,7,0,0.0,2.0,1.0,1.0,B01
201400020755,0,30,0,0.0,2.0,2.0,1.0,B01
201400020755,1,7,0,0.0,2.0,3.0,16.0,Z01
201400020756,0,7,0,0.0,2.0,5.0,15.0,A01
201400020756,0,30,0,0.0,2.0,1.0,1.0,B01
201400020757,0,7,0,0.0,2.0,3.0,16.0,A01
201400020757,0,7,0,0.0,2.0,7.0,1.0,B01
201400020758,0,7,0,0.0,1.0,3.0,1.0,A01
201400020759,0,33,0,6.0,0.0,1.0,1.0,A01
201400020760,0,10,0,0.0,2.0,1.0,1.0,A01
201400020760,0,2,0,0.0,2.0,8.0,1.0,B01
201400020761,0,7,0,0.0,1.0,1.0,1.0,A01
201400020762,0,7,0,0.0,2.0,1.0,10.0,A01
201400020762,0,33,0,0.0,2.0,1.0,1.0,B01
201400020763,0,33,0,0.0,2.0,1.0,1.0,B01
201400020763,0,7,0,0.0,2.0,1.0,5.0,A01
201400020764,0,7,0,0.0,2.0,4.0,11.0,A01
201400020764,0,33,0,0.0,2.0,1.0,1.0,B01
201400020765,0,2,0,15.0,0.0,1.0,1.0,A01
201400020766,0,1,0,0.0,2.0,8.0,1.0,B01
201400020766,0,40,0,0.0,2.0,1.0,1.0,A01
201400020767,0,32,0,0.0,2.0,1.0,1.0,B01
201400020767,0,7,0,0.0,2.0,2.0,15.0,A01
201400020768,0,1,0,0.0,2.0,1.0,1.0,B01
201400020768,0,7,0,0.0,2.0,7.0,1.0,A01
201400020769,0,33,0,0.0,2.0,1.0,1.0,B01
201400020769,0,7,0,0.0,2.0,5.0,15.0,A01
201400020770,0,7,0,0.0,1.0,2.0,15.0,A01
201400020771,0,7,0,0.0,2.0,2.0,15.0,A01
201400020771,0,33,0,0.0,2.0,1.0,1.0,B01
201400020772,1,7,0,0.0,1.0,1.0,1.0,Z01
201400020773,0,7,0,0.0,2.0,1.0,16.0,A01
201400020773,0,1,0,0.0,2.0,6.0,1.0,B01
201400020774,0,34,0,0.0,0.0,0.0,1.0,A01
201400020775,0,7,0,0.0,2.0,3.0,1.0,B01
201400020775,0,7,0,0.0,2.0,2.0,1.0,A01
201400020776,0,7,0,0.0,1.0,4.0,4.0,A01
201400020777,0,7,0,0.0,1.0,1.0,1.0,A01
201400020778,0,7,0,0.0,2.0,4.0,15.0,C01
201400020778,0,7,0,0.0,2.0,1.0,2.0,A01
201400020778,0,7,0,0.0,2.0,4.0,2.0,B01
201400020779,0,7,0,6.0,0.0,1.0,14.0,A01
201400020780,0,37,10,0.0,1.0,2.0,21.0,A01
201400020781,1,7,0,0.0,1.0,2.0,1.0,Z01
201400020782,0,31,0,0.0,2.0,3.0,1.0,A01
201400020782,0,10,0,0.0,2.0,2.0,20.0,B01
201400020783,1,30,0,0.0,2.0,1.0,0.0,B01
201400020783,0,7,0,0.0,2.0,3.0,1.0,A01
201400020784,0,7,0,0.0,1.0,1.0,1.0,B01
201400020784,0,7,0,0.0,1.0,2.0,1.0,A01
201400020785,0,10,0,0.0,2.0,3.0,15.0,A01
201400020785,0,2,0,0.0,2.0,1.0,1.0,B01
201400020786,0,7,0,0.0,2.0,2.0,1.0,B01
201400020786,0,7,0,6.0,2.0,1.0,1.0,A01
201400020787,0,10,0,6.0,1.0,1.0,14.0,A01
201400020788,0,7,0,0.0,2.0,2.0,13.0,A01
201400020788,0,7,0,0.0,2.0,1.0,1.0,B01
201400020789,0,7,0,0.0,1.0,2.0,15.0,A01
201400020790,0,7,0,0.0,2.0,3.0,0.0,A01
201400020790,0,7,0,0.0,2.0,2.0,1.0,B01
201400020791,0,30,0,0.0,2.0,1.0,1.0,A01
201400020791,0,7,0,0.0,2.0,8.0,1.0,B01
201400020792,0,7,0,0.0,2.0,2.0,15.0,B01
201400020792,1,7,0,0.0,2.0,1.0,1.0,A01
201400020793,0,10,0,0.0,1.0,3.0,15.0,A01
201400020794,0,7,0,0.0,2.0,2.0,15.0,A01
201400020794,0,30,0,0.0,2.0,1.0,1.0,B01
201400020795,0,7,0,6.0,2.0,1.0,1.0,B01
201400020795,0,7,0,1.0,2.0,8.0,20.0,A01
201400020796,0,30,0,0.0,2.0,8.0,13.0,A01
201400020796,0,7,0,0.0,2.0,3.0,1.0,B01
201400020797,0,33,0,0.0,2.0,1.0,1.0,C01
201400020797,0,33,0,0.0,2.0,1.0,1.0,B01
201400020797,0,7,0,0.0,2.0,3.0,15.0,A01
201400020798,0,7,0,0.0,2.0,1.0,1.0,B01
201400020798,0,7,0,0.0,2.0,5.0,1.0,A01
201400020799,0,7,0,0.0,0.0,7.0,15.0,A01
201400020799,0,2,0,0.0,2.0,1.0,1.0,B02
201400020800,0,7,0,0.0,0.0,3.0,13.0,B02
201400020800,0,33,0,0.0,2.0,3.0,1.0,A01
201400020800,0,7,0,0.0,0.0,1.0,1.0,C03
201400020801,0,33,0,13.0,0.0,1.0,1.0,A01
201400020802,0,7,0,1.0,2.0,2.0,13.0,A01
201400020802,0,7,0,0.0,2.0,1.0,1.0,B01
201400020803,0,7,0,0.0,2.0,1.0,13.0,A01
201400020803,0,7,0,0.0,2.0,3.0,9.0,B01
201400020804,0,7,0,0.0,2.0,4.0,15.0,A01
201400020804,0,7,0,0.0,2.0,1.0,2.0,B01
201400020805,0,35,0,3.0,0.0,1.0,15.0,A01
201400020806,0,30,0,0.0,0.0,7.0,1.0,A01
201400020807,0,2,0,16.0,0.0,1.0,13.0,A01
201400020808,0,7,0,0.0,1.0,8.0,1.0,A01
201400020809,0,7,0,0.0,1.0,2.0,14.0,A01
201400020810,0,7,0,0.0,1.0,7.0,1.0,A01
201400020811,0,7,0,0.0,1.0,1.0,1.0,A01
201400020812,0,1,0,0.0,0.0,7.0,2.0,A01
201400020813,0,33,0,0.0,2.0,1.0,13.0,A01
201400020813,0,7,0,0.0,0.0,3.0,19.0,B01
201400020814,0,7,0,0.0,2.0,1.0,1.0,A01
201400020814,0,7,0,0.0,2.0,1.0,1.0,B01
201400020815,0,33,0,0.0,0.0,7.0,16.0,A01
201400020816,1,7,0,0.0,1.0,0.0,0.0,Z01
201400020817,0,32,0,0.0,0.0,0.0,2.0,A01
201400020818,0,7,0,0.0,1.0,3.0,1.0,A01
201400020819,0,7,0,0.0,2.0,1.0,2.0,A01
201400020819,0,30,0,0.0,0.0,4.0,2.0,B01
201400020820,0,7,0,15.0,2.0,3.0,14.0,A01
201400020821,0,7,0,0.0,2.0,1.0,5.0,A01
201400020821,0,7,0,0.0,0.0,1.0,0.0,B01
201400020822,0,33,0,0.0,2.0,7.0,1.0,B01
201400020822,0,7,0,0.0,2.0,1.0,9.0,A01
201400020823,0,3,0,15.0,0.0,1.0,13.0,A01
201400020824,0,2,0,12.0,0.0,1.0,13.0,A01
201400020825,0,7,0,14.0,0.0,1.0,1.0,A01
201400020825,0,7,0,14.0,0.0,4.0,23.0,B01
201400020825,0,7,0,0.0,0.0,4.0,23.0,C01
201400020826,0,7,0,0.0,0.0,0.0,1.0,A01
201400020827,0,2,0,0.0,0.0,0.0,1.0,A01
201400020828,0,2,0,0.0,0.0,0.0,1.0,A01
201400020829,0,7,0,0.0,2.0,1.0,2.0,A01
201400020829,0,7,0,0.0,2.0,6.0,2.0,B01
201400020830,0,7,0,0.0,2.0,4.0,9.0,A01
201400020830,0,7,0,0.0,2.0,1.0,1.0,B01
201400020831,0,7,0,0.0,1.0,1.0,1.0,A01
201400020832,0,7,0,0.0,2.0,7.0,15.0,A01
201400020832,0,1,0,0.0,2.0,7.0,1.0,B01
201400020833,0,7,0,0.0,2.0,1.0,1.0,A01
201400020833,0,2,0,0.0,2.0,4.0,1.0,B01
201400020833,0,7,0,0.0,2.0,3.0,1.0,C01
201400020834,0,7,0,13.0,0.0,1.0,1.0,A01
201400020835,0,7,0,0.0,1.0,1.0,1.0,A01
201400020836,0,2,0,0.0,0.0,0.0,1.0,A01
201400020837,0,30,0,0.0,2.0,7.0,17.0,A01
201400020837,0,14,0,0.0,2.0,8.0,1.0,B01
201400020838,0,7,0,0.0,2.0,4.0,20.0,A01
201400020838,0,7,0,0.0,2.0,1.0,1.0,B01
201400020839,0,7,0,0.0,1.0,1.0,1.0,A01
201400020840,0,7,0,0.0,2.0,1.0,17.0,A01
201400020840,0,7,0,0.0,0.0,6.0,15.0,B01
201400020841,0,7,0,0.0,2.0,2.0,9.0,A01
201400020841,0,2,0,0.0,2.0,4.0,9.0,B01
201400020842,0,7,0,0.0,1.0,3.0,1.0,A01
201400020843,0,7,0,3.0,0.0,1.0,14.0,A01
201400020844,0,7,0,9.0,0.0,1.0,0.0,A01
201400020845,0,31,0,0.0,2.0,1.0,1.0,A01
201400020845,0,7,0,0.0,2.0,4.0,1.0,B01