Num_Acc,senc,catv,occutc,obs,obsm,choc,manv,num_veh
201400020846,0,15,0,0.0,2.0,7.0,1.0,A01
201400020846,0,99,0,0.0,2.0,8.0,1.0,B01
201400020847,0,7,0,0.0,0.0,1.0,2.0,A01
201400020847,0,30,0,0.0,2.0,4.0,1.0,B01
201400020848,0,7,0,3.0,0.0,1.0,1.0,A01
201400020849,0,7,0,0.0,2.0,1.0,13.0,A01
201400020849,0,7,0,0.0,2.0,1.0,1.0,B01
201400020850,0,30,0,11.0,0.0,1.0,1.0,A01
201400020851,0,7,0,12.0,0.0,1.0,1.0,A01
201400020852,0,7,0,0.0,2.0,3.0,19.0,A01
201400020852,0,30,0,0.0,2.0,8.0,1.0,B01
201400020853,0,7,0,0.0,2.0,1.0,1.0,A01
201400020853,0,7,0,0.0,2.0,8.0,1.0,B01
201400020853,0,7,0,0.0,2.0,1.0,1.0,C01
201400020854,0,7,0,0.0,2.0,1.0,2.0,A01
201400020854,0,7,0,0.0,2.0,4.0,2.0,B01
201400020855,0,7,0,0.0,2.0,1.0,1.0,A01
201400020855,0,1,0,0.0,2.0,4.0,15.0,B01
201400020856,0,7,0,2.0,0.0,1.0,1.0,A01
201400020857,0,30,0,12.0,0.0,1.0,1.0,A01
201400020858,0,7,0,0.0,1.0,1.0,16.0,A01
201400020859,0,7,0,0.0,1.0,7.0,1.0,A01
201400020860,0,7,0,0.0,2.0,7.0,16.0,A01
201400020860,0,1,0,0.0,2.0,8.0,16.0,B01
201400020861,0,7,0,0.0,2.0,1.0,1.0,A01
201400020861,0,7,0,0.0,2.0,4.0,23.0,B01
201400020862,0,30,0,0.0,0.0,8.0,1.0,A01
201400020863,0,2,0,0.0,2.0,4.0,1.0,A01
201400020863,1,99,0,0.0,0.0,0.0,0.0,Z01
201400020864,0,10,0,0.0,2.0,6.0,1.0,A01
201400020864,0,1,0,0.0,2.0,1.0,1.0,B01
201400020865,0,7,0,0.0,2.0,1.0,2.0,A01
201400020865,0,3,0,0.0,2.0,4.0,2.0,B01
201400020866,0,7,0,0.0,2.0,3.0,13.0,A01
201400020866,0,7,0,0.0,2.0,8.0,1.0,B01
201400020867,0,33,0,9.0,0.0,1.0,17.0,A01
201400020868,0,7,0,0.0,2.0,1.0,2.0,A01
201400020868,0,7,0,0.0,2.0,4.0,2.0,B01
201400020869,0,30,0,14.0,0.0,1.0,6.0,A01
201400020870,0,7,0,0.0,2.0,1.0,1.0,A01
201400020870,0,7,0,0.0,2.0,4.0,1.0,B01
201400020870,0,7,0,0.0,0.0,4.0,1.0,C01
201400020871,0,2,0,0.0,0.0,0.0,16.0,A01
201400020872,0,33,0,16.0,0.0,7.0,1.0,A01
201400020873,0,2,0,0.0,0.0,7.0,1.0,A01
201400020874,0,7,0,0.0,1.0,6.0,4.0,A01
201400020875,0,7,0,0.0,1.0,7.0,1.0,A01
201400020876,0,7,0,0.0,1.0,1.0,9.0,A01
201400020877,0,7,0,13.0,0.0,1.0,1.0,A01
201400020877,0,7,0,0.0,0.0,0.0,9.0,B01
201400020878,0,2,0,14.0,0.0,1.0,2.0,A01
201400020878,0,7,0,0.0,2.0,4.0,23.0,B01
201400020879,0,7,0,0.0,2.0,1.0,1.0,A01
201400020879,0,7,0,0.0,2.0,4.0,2.0,B01
201400020879,0,7,0,0.0,2.0,4.0,2.0,C01
201400020879,0,7,0,0.0,0.0,4.0,2.0,D01
201400020880,0,7,0,1.0,1.0,8.0,1.0,A01
201400020881,0,7,0,0.0,2.0,4.0,15.0,B01
201400020881,1,99,0,0.0,0.0,0.0,0.0,Z01
201400020882,0,7,0,14.0,0.0,1.0,2.0,A01
201400020882,0,30,0,0.0,2.0,4.0,2.0,B01
201400020883,0,33,0,0.0,0.0,8.0,1.0,B01
201400020883,0,7,0,0.0,0.0,0.0,9.0,A01
201400020884,0,7,0,9.0,0.0,1.0,13.0,A01
201400020885,0,2,0,0.0,0.0,0.0,0.0,A01
201400020886,0,2,0,0.0,0.0,7.0,1.0,A01
201400020887,0,1,0,8.0,0.0,1.0,1.0,A01
201400020888,0,7,0,13.0,0.0,2.0,1.0,A01
201400020889,0,3,0,14.0,0.0,3.0,13.0,A01
201400020890,0,30,0,0.0,2.0,7.0,1.0,B01
201400020890,0,7,0,0.0,2.0,8.0,1.0,A01
201400020891,0,7,0,0.0,2.0,4.0,1.0,A01
201400020891,0,7,0,0.0,2.0,1.0,2.0,B01
201400020892,0,10,0,9.0,2.0,3.0,7.0,A01
201400020892,0,7,0,0.0,2.0,2.0,16.0,B01
201400020893,0,33,0,0.0,2.0,7.0,1.0,B01
201400020893,1,10,0,0.0,2.0,7.0,19.0,Z01
201400020894,0,7,0,0.0,2.0,1.0,9.0,A01
201400020894,0,7,0,0.0,2.0,8.0,1.0,B01
201400020895,0,2,0,0.0,0.0,7.0,1.0,A01
201400020896,0,30,0,0.0,0.0,7.0,1.0,A01
201400020897,0,7,0,0.0,2.0,8.0,1.0,B01
201400020897,0,7,0,0.0,2.0,1.0,9.0,A01
201400020898,0,7,0,0.0,2.0,1.0,1.0,A01
201400020898,0,7,0,0.0,0.0,4.0,1.0,B01
201400020899,0,2,0,0.0,0.0,1.0,1.0,A01
201400020900,0,7,0,0.0,1.0,1.0,1.0,A01
201400020901,0,7,0,0.0,2.0,1.0,9.0,A01
201400020901,0,1,0,0.0,2.0,7.0,1.0,B01
201400020902,0,7,0,1.0,0.0,1.0,20.0,A01
201400020903,0,7,0,0.0,2.0,1.0,15.0,A01
201400020903,0,7,0,0.0,2.0,1.0,1.0,B01
201400020904,1,99,0,0.0,1.0,2.0,0.0,Z01
201400020905,0,7,0,0.0,2.0,1.0,2.0,A01
201400020905,0,7,0,0.0,2.0,4.0,2.0,B01
201400020905,0,7,0,0.0,2.0,4.0,2.0,C01
201400020906,0,30,0,13.0,0.0,1.0,1.0,A01
201400020907,0,7,0,0.0,2.0,1.0,1.0,A01
201400020907,0,1,0,0.0,2.0,1.0,0.0,B01
201400020908,0,7,0,13.0,0.0,1.0,1.0,A01
201400020909,0,7,0,0.0,2.0,1.0,1.0,A01
201400020909,0,7,0,0.0,0.0,4.0,1.0,B01
201400020910,0,37,10,0.0,2.0,2.0,16.0,A01
201400020910,0,7,0,0.0,0.0,5.0,1.0,B01
201400020911,0,7,0,0.0,2.0,7.0,17.0,A01
201400020911,0,1,0,0.0,2.0,8.0,1.0,B01
201400020912,0,33,0,16.0,0.0,0.0,9.0,A01
201400020913,0,7,0,0.0,2.0,1.0,16.0,B01
201400020913,0,7,0,0.0,2.0,1.0,13.0,A01
201400020914,0,7,0,0.0,2.0,8.0,10.0,A01
201400020914,0,30,0,0.0,2.0,7.0,1.0,B01
201400020915,0,7,0,0.0,2.0,1.0,16.0,A01
201400020915,0,7,0,0.0,2.0,1.0,1.0,B01
201400020916,0,7,0,0.0,1.0,2.0,9.0,A01
201400020917,0,32,0,0.0,2.0,1.0,1.0,A01
201400020917,0,7,0,0.0,0.0,4.0,1.0,B01
201400020918,0,7,0,0.0,2.0,1.0,2.0,A01
201400020918,0,7,0,0.0,2.0,4.0,2.0,B01
201400020919,0,30,0,0.0,2.0,1.0,17.0,A01
201400020919,0,7,0,0.0,0.0,8.0,15.0,B01
201400020920,0,7,0,0.0,2.0,1.0,1.0,B01
201400020920,0,7,0,0.0,2.0,8.0,1.0,A01
201400020921,0,14,0,0.0,0.0,0.0,9.0,A01
201400020921,0,30,0,0.0,0.0,0.0,9.0,B01
201400020922,0,1,0,14.0,0.0,1.0,0.0,A01
201400020923,0,7,0,0.0,2.0,1.0,15.0,A01
201400020923,0,33,0,0.0,2.0,1.0,1.0,B01
201400020924,0,33,0,0.0,2.0,4.0,1.0,B01
201400020924,0,7,0,0.0,2.0,1.0,9.0,A01
201400020925,0,7,0,3.0,2.0,8.0,1.0,A01
201400020925,0,7,0,0.0,9.0,3.0,1.0,B01
201400020926,0,7,0,0.0,2.0,1.0,2.0,A01
201400020926,0,7,0,0.0,2.0,4.0,2.0,B01
201400020926,0,7,0,0.0,2.0,4.0,2.0,C01
201400020927,0,33,0,0.0,2.0,1.0,1.0,B01
201400020927,0,7,0,0.0,2.0,8.0,19.0,A01
201400020928,0,7,0,0.0,2.0,1.0,1.0,A01
201400020928,0,7,0,0.0,0.0,4.0,12.0,B01
201400020929,0,33,0,12.0,0.0,0.0,1.0,A01
201400020929,0,7,0,0.0,0.0,0.0,15.0,B01
201400020930,0,2,0,0.0,2.0,4.0,1.0,A01
201400020930,1,99,0,0.0,2.0,0.0,0.0,Z01
201400020931,0,2,0,0.0,2.0,1.0,1.0,A01
201400020931,0,7,0,0.0,0.0,4.0,1.0,B01
201400020932,0,7,0,0.0,2.0,3.0,15.0,A01
201400020932,0,31,0,0.0,2.0,8.0,1.0,B01
201400020933,0,33,0,0.0,0.0,1.0,1.0,A01
201400020934,0,7,0,0.0,0.0,4.0,23.0,A01
201400020934,0,1,0,0.0,2.0,1.0,1.0,Y01
201400020935,0,7,0,0.0,2.0,1.0,1.0,B01
201400020935,0,30,0,0.0,2.0,3.0,9.0,A01
201400020936,0,7,0,0.0,2.0,5.0,1.0,B01
201400020936,0,7,0,0.0,2.0,3.0,9.0,A01
201400020937,0,7,0,13.0,0.0,9.0,14.0,A01
201400020938,0,7,0,0.0,2.0,7.0,1.0,A01
201400020938,0,33,0,0.0,2.0,8.0,9.0,M01
201400020939,0,7,0,0.0,2.0,3.0,1.0,B01
201400020939,0,2,0,0.0,2.0,1.0,5.0,A01
201400020940,0,7,0,0.0,2.0,6.0,1.0,A01
201400020940,0,7,0,0.0,2.0,8.0,1.0,B01
201400020941,0,7,0,14.0,0.0,1.0,6.0,A01
201400020942,0,7,0,0.0,2.0,1.0,1.0,A01
201400020942,0,7,0,0.0,0.0,7.0,1.0,B01
201400020943,0,7,0,6.0,0.0,1.0,1.0,A01
201400020944,0,7,0,0.0,2.0,0.0,13.0,A01
201400020944,0,1,0,0.0,2.0,0.0,1.0,B01
201400020945,0,7,0,0.0,0.0,3.0,22.0,A01
201400020945,0,1,0,1.0,0.0,1.0,1.0,B01
201400020946,0,30,0,0.0,0.0,0.0,1.0,A01
201400020947,0,2,0,0.0,2.0,1.0,1.0,B01
201400020947,0,7,0,0.0,2.0,3.0,9.0,A01
201400020948,0,7,0,0.0,2.0,4.0,1.0,A01
201400020948,0,7,0,0.0,2.0,1.0,1.0,B01
201400020949,0,1,0,0.0,0.0,7.0,1.0,A01
201400020950,0,3,0,12.0,0.0,0.0,9.0,A01
201400020951,0,30,0,0.0,2.0,7.0,17.0,A01
201400020951,0,30,0,0.0,2.0,8.0,1.0,B01
201400020952,0,7,0,0.0,2.0,1.0,15.0,A01
201400020952,0,7,0,0.0,2.0,8.0,1.0,B01
201400020953,0,7,0,0.0,1.0,0.0,1.0,A01
201400020954,0,2,0,0.0,0.0,7.0,1.0,A01
201400020955,0,2,0,0.0,2.0,8.0,1.0,A01
201400020955,0,7,0,0.0,2.0,7.0,1.0,B01
201400020956,1,99,0,0.0,1.0,0.0,1.0,Z01
201400020957,0,7,0,0.0,2.0,1.0,2.0,A01
201400020957,0,7,0,0.0,2.0,4.0,2.0,B01
201400020958,0,33,0,1.0,0.0,7.0,1.0,A01
201400020959,0,30,0,0.0,2.0,1.0,9.0,A01
201400020959,0,7,0,0.0,2.0,8.0,9.0,B01
201400020960,0,33,0,0.0,2.0,1.0,2.0,A01
201400020960,0,7,0,0.0,2.0,4.0,2.0,B01
201400020961,1,30,0,0.0,1.0,0.0,1.0,Z01
201400020962,0,2,0,0.0,2.0,6.0,1.0,A01
201400020962,0,7,0,0.0,2.0,5.0,20.0,B01
201400020963,0,7,0,0.0,2.0,2.0,1.0,A01
201400020963,0,7,0,0.0,2.0,3.0,1.0,B01
201400020964,0,1,0,0.0,1.0,1.0,1.0,A01
201400020965,0,7,0,0.0,2.0,3.0,9.0,A01
201400020965,0,2,0,0.0,2.0,1.0,1.0,B01
201400020966,0,7,0,0.0,2.0,1.0,10.0,A01
201400020966,0,1,0,0.0,2.0,8.0,1.0,B01
201400020967,0,7,0,0.0,1.0,1.0,1.0,A01
201400020968,0,2,0,8.0,0.0,1.0,9.0,A01
201400020969,0,30,0,0.0,2.0,1.0,9.0,A01
201400020969,0,7,0,0.0,2.0,2.0,15.0,B01
201400020970,0,7,0,0.0,2.0,3.0,15.0,A01
201400020970,0,31,0,0.0,2.0,1.0,1.0,B01
201400020971,0,7,0,0.0,2.0,3.0,15.0,A01
201400020971,0,31,0,0.0,2.0,1.0,1.0,B01
201400020972,0,30,0,12.0,0.0,7.0,1.0,A01
201400020973,1,7,0,0.0,1.0,4.0,20.0,Z01
201400020974,0,7,0,0.0,2.0,5.0,20.0,A01
201400020974,0,30,0,0.0,2.0,1.0,1.0,B01
201400020975,0,33,0,0.0,2.0,1.0,13.0,A01
201400020975,0,7,0,0.0,2.0,1.0,1.0,B01
201400020976,0,7,0,15.0,0.0,1.0,1.0,A01
201400020977,0,7,0,0.0,1.0,2.0,1.0,A01
201400020978,0,7,0,0.0,2.0,2.0,0.0,A01
201400020978,0,7,0,0.0,2.0,1.0,1.0,B01
201400020979,0,30,0,0.0,2.0,1.0,1.0,B01
201400020979,0,7,0,0.0,2.0,1.0,9.0,A01
201400020980,0,30,0,0.0,0.0,0.0,0.0,A01
201400020981,0,30,0,0.0,0.0,7.0,1.0,A01
201400020982,0,1,0,0.0,0.0,0.0,1.0,A01
201400020983,0,7,0,0.0,0.0,9.0,1.0,A01
201400020984,0,1,0,0.0,2.0,0.0,1.0,A01
201400020984,1,99,0,0.0,0.0,0.0,16.0,Z01
201400020985,0,7,0,0.0,2.0,3.0,15.0,A01
201400020985,0,7,0,0.0,2.0,1.0,1.0,B01
201400020986,0,7,0,0.0,1.0,0.0,20.0,A01
201400020987,0,2,0,0.0,2.0,1.0,2.0,A01
201400020987,0,7,0,0.0,2.0,5.0,2.0,B01
201400020988,0,2,0,0.0,2.0,7.0,1.0,B01
201400020988,0,7,0,0.0,2.0,8.0,9.0,A01
201400020989,0,7,0,0.0,2.0,4.0,23.0,A01
201400020989,0,7,0,0.0,2.0,1.0,2.0,B01
201400020990,0,7,0,0.0,1.0,2.0,1.0,A01
201400020991,0,20,0,1.0,2.0,2.0,11.0,A01
201400020991,0,7,0,0.0,2.0,1.0,9.0,B01
201400020992,0,7,0,0.0,1.0,7.0,1.0,A01
201400020993,0,7,0,0.0,1.0,3.0,1.0,A01
201400020994,0,7,0,0.0,2.0,1.0,2.0,A01
201400020994,0,7,0,0.0,2.0,4.0,2.0,B01
201400020995,0,7,0,0.0,2.0,1.0,2.0,A01
201400020995,0,7,0,0.0,2.0,4.0,2.0,B01
201400020996,0,1,0,11.0,0.0,8.0,1.0,A01
201400020997,0,7,0,3.0,2.0,1.0,1.0,A01
201400020997,0,7,0,0.0,0.0,4.0,1.0,B01
201400020998,1,7,0,0.0,1.0,2.0,0.0,Z01
201400020999,0,10,0,0.0,2.0,8.0,19.0,A01
201400020999,0,7,0,0.0,2.0,1.0,1.0,B01
201400021000,0,10,0,0.0,2.0,3.0,13.0,A01
201400021000,0,10,0,0.0,2.0,8.0,1.0,B01
201400021000,0,7,0,0.0,2.0,3.0,1.0,C01
201400021001,0,7,0,2.0,0.0,1.0,13.0,A01
201400021002,0,7,0,0.0,2.0,3.0,13.0,A01
201400021002,0,14,0,0.0,2.0,8.0,1.0,B01
201400021003,0,7,0,0.0,2.0,3.0,1.0,B01
201400021003,1,10,0,0.0,2.0,2.0,17.0,Z01
201400021004,0,7,0,0.0,2.0,1.0,1.0,A01
201400021004,0,7,0,0.0,0.0,4.0,1.0,B01
201400021005,0,7,0,0.0,2.0,1.0,1.0,A01
201400021005,0,7,0,0.0,2.0,2.0,1.0,B01
201400021006,0,7,0,0.0,2.0,1.0,2.0,A01
201400021006,0,7,0,0.0,2.0,4.0,2.0,B01
201400021006,0,7,0,0.0,2.0,4.0,2.0,C01
201400021007,0,7,0,0.0,2.0,4.0,2.0,A01
201400021007,0,7,0,0.0,2.0,4.0,2.0,B01
201400021007,0,7,0,0.0,2.0,3.0,1.0,C01
201400021008,0,7,0,6.0,0.0,2.0,1.0,A01
201400021009,1,7,0,0.0,1.0,2.0,1.0,Z01
201400021010,0,7,0,0.0,2.0,1.0,9.0,A01
201400021010,0,1,0,0.0,2.0,4.0,1.0,B01
201400021011,0,7,0,13.0,0.0,0.0,1.0,A01
201400021012,0,7,0,0.0,2.0,1.0,1.0,A01
201400021012,0,7,0,1.0,0.0,4.0,1.0,B01
201400021013,0,7,0,0.0,2.0,1.0,15.0,A01
201400021013,0,30,0,0.0,2.0,1.0,1.0,B01
201400021014,0,2,0,0.0,2.0,1.0,9.0,A01
201400021014,0,7,0,0.0,2.0,8.0,9.0,B01
201400021015,0,30,0,8.0,0.0,1.0,1.0,A01
201400021016,0,2,0,11.0,0.0,1.0,1.0,A01
201400021017,0,7,0,0.0,2.0,3.0,15.0,A01
201400021017,0,7,0,0.0,2.0,1.0,1.0,B01
201400021018,0,7,0,2.0,0.0,1.0,1.0,A01
201400021019,0,7,0,13.0,0.0,2.0,1.0,A01
201400021020,0,7,0,0.0,2.0,2.0,15.0,A01
201400021020,0,2,0,0.0,2.0,1.0,1.0,B01
201400021021,2,7,0,0.0,0.0,0.0,1.0,A01
201400021022,0,10,0,0.0,2.0,4.0,4.0,A01
201400021022,0,30,0,0.0,2.0,1.0,1.0,B01
201400021023,0,1,0,1.0,0.0,0.0,13.0,A01
201400021023,0,7,0,0.0,0.0,0.0,24.0,B01
201400021024,0,33,0,0.0,2.0,6.0,15.0,A01
201400021024,0,7,0,0.0,2.0,8.0,13.0,B01
201400021025,0,2,0,1.0,0.0,1.0,1.0,A01
201400021025,0,7,0,1.0,2.0,1.0,0.0,A02
201400021026,0,7,0,0.0,2.0,1.0,1.0,A01
201400021026,0,7,0,0.0,2.0,4.0,1.0,B01
201400021026,0,7,0,0.0,2.0,4.0,1.0,C01
201400021027,2,7,0,0.0,2.0,2.0,1.0,A01
201400021027,0,7,0,0.0,0.0,4.0,1.0,B01
201400021028,0,33,0,0.0,0.0,0.0,1.0,A01
201400021029,0,2,0,0.0,2.0,1.0,17.0,A01
201400021029,0,7,0,0.0,2.0,8.0,15.0,B01
201400021030,0,7,0,0.0,2.0,8.0,11.0,A01
201400021030,0,7,0,0.0,2.0,7.0,1.0,B01
201400021031,1,7,0,0.0,1.0,2.0,1.0,A01
201400021032,0,2,0,0.0,1.0,1.0,1.0,A01
201400021033,0,3,0,0.0,1.0,3.0,1.0,A01
201400021034,0,30,0,16.0,0.0,1.0,1.0,A01
201400021035,0,2,0,0.0,2.0,1.0,2.0,B01
201400021035,0,2,0,0.0,0.0,8.0,15.0,A01
201400021036,0,7,0,0.0,2.0,3.0,13.0,A01
201400021036,0,7,0,0.0,2.0,3.0,1.0,B01
201400021037,1,7,0,0.0,1.0,2.0,1.0,Z01
201400021038,0,7,0,0.0,1.0,2.0,16.0,A01
201400021039,0,7,0,0.0,1.0,2.0,20.0,A01
201400021040,0,2,0,0.0,0.0,0.0,1.0,A01
201400021041,0,7,0,0.0,0.0,1.0,15.0,A01
201400021041,0,10,0,0.0,0.0,0.0,2.0,B01
201400021042,0,7,0,12.0,1.0,1.0,20.0,A01
201400021043,0,7,0,13.0,0.0,2.0,1.0,A01
201400021044,0,7,0,0.0,2.0,2.0,1.0,A01
201400021044,0,33,0,0.0,2.0,3.0,1.0,B01
201400021045,0,2,0,0.0,2.0,7.0,15.0,B01
201400021045,1,7,0,0.0,2.0,8.0,2.0,A01
201400021046,0,7,0,0.0,1.0,2.0,1.0,A01
201400021047,0,30,0,14.0,0.0,1.0,0.0,A01
201400021048,0,7,0,0.0,2.0,5.0,2.0,B01
201400021048,0,1,0,0.0,2.0,1.0,2.0,A01
201400021049,0,7,0,0.0,2.0,1.0,1.0,B01
201400021049,0,7,0,0.0,2.0,1.0,13.0,A01
201400021050,0,10,0,0.0,2.0,1.0,15.0,A01
201400021050,0,30,0,0.0,2.0,1.0,1.0,B01
201400021051,0,1,0,0.0,2.0,1.0,1.0,B01
201400021051,0,13,0,0.0,2.0,6.0,9.0,A01
201400021052,0,33,0,0.0,2.0,1.0,17.0,A01
201400021052,0,7,0,0.0,2.0,4.0,15.0,B01
201400021053,0,7,0,0.0,1.0,3.0,1.0,A01
201400021054,0,7,0,1.0,1.0,3.0,0.0,A01
201400021054,0,7,0,0.0,2.0,8.0,0.0,B01
201400021055,0,7,0,0.0,1.0,1.0,15.0,A01
201400021056,0,7,0,13.0,0.0,1.0,1.0,A01
201400021057,0,7,0,0.0,2.0,3.0,0.0,A01
201400021057,0,33,0,0.0,2.0,4.0,0.0,B01
201400021058,0,7,0,0.0,2.0,3.0,1.0,C01
201400021058,0,7,0,0.0,2.0,3.0,1.0,B01
201400021058,0,7,0,0.0,2.0,3.0,1.0,A01
201400021059,0,7,0,0.0,2.0,8.0,15.0,A01
201400021059,0,33,0,0.0,2.0,1.0,17.0,B01
201400021060,0,7,0,0.0,1.0,1.0,1.0,A01
201400021061,0,7,0,0.0,2.0,3.0,19.0,A01
201400021061,0,2,0,0.0,2.0,1.0,1.0,B01
201400021062,0,2,0,0.0,2.0,1.0,17.0,A01
201400021062,0,7,0,0.0,2.0,3.0,9.0,B01
201400021063,0,30,0,12.0,0.0,5.0,2.0,A01
201400021064,0,7,0,0.0,1.0,1.0,1.0,A01
201400021065,0,7,0,0.0,2.0,8.0,1.0,B01
201400021065,0,2,0,0.0,2.0,1.0,1.0,A01
201400021066,0,7,0,0.0,1.0,3.0,0.0,A01
201400021067,0,33,0,0.0,0.0,0.0,21.0,A01
201400021067,0,10,0,0.0,0.0,0.0,15.0,B01
201400021068,0,7,0,0.0,2.0,1.0,13.0,A01
201400021068,0,7,0,0.0,0.0,2.0,1.0,B01
201400021069,0,21,0,0.0,0.0,5.0,1.0,A01
201400021070,0,7,0,0.0,2.0,1.0,1.0,A01
201400021070,0,10,0,0.0,1.0,1.0,1.0,B01
201400021071,0,7,0,0.0,1.0,1.0,15.0,A01
201400021072,0,7,0,0.0,2.0,3.0,15.0,B01
201400021072,0,33,0,0.0,2.0,1.0,17.0,A01
201400021073,0,7,0,0.0,1.0,1.0,16.0,A01
201400021074,0,1,0,0.0,2.0,1.0,1.0,B01
201400021074,0,10,0,0.0,2.0,1.0,1.0,A01
201400021075,0,7,0,0.0,2.0,1.0,1.0,B01
201400021075,0,7,0,0.0,2.0,2.0,15.0,A01
201400021076,0,7,0,0.0,2.0,6.0,1.0,B01
201400021076,0,7,0,0.0,2.0,2.0,1.0,A01
201400021077,0,7,0,0.0,1.0,2.0,1.0,A01
201400021078,0,33,0,0.0,2.0,7.0,2.0,B01
201400021078,0,7,0,0.0,2.0,1.0,15.0,A01
201400021079,0,1,0,0.0,2.0,0.0,1.0,B01
201400021079,0,7,0,0.0,2.0,8.0,1.0,A01
201400021080,0,7,0,0.0,2.0,2.0,20.0,C01
201400021080,0,33,0,1.0,2.0,1.0,14.0,A01
201400021081,0,7,0,0.0,2.0,3.0,15.0,A01
201400021081,0,2,0,0.0,2.0,1.0,1.0,B01
201400021082,0,15,0,3.0,2.0,3.0,1.0,B01
201400021082,0,7,0,13.0,2.0,3.0,13.0,A01
201400021083,0,7,0,0.0,1.0,1.0,0.0,A01
201400021084,0,7,0,0.0,1.0,7.0,1.0,A01
201400021085,0,33,0,0.0,2.0,1.0,1.0,B01
201400021085,0,7,0,0.0,2.0,7.0,15.0,A01
201400021086,0,7,0,0.0,1.0,5.0,1.0,A01
201400021087,1,7,0,0.0,1.0,1.0,0.0,A01
201400021088,0,7,0,0.0,2.0,3.0,15.0,B01
201400021088,0,37,2,0.0,2.0,2.0,1.0,A01
201400021089,0,7,0,0.0,1.0,7.0,1.0,A01
201400021090,0,7,0,0.0,2.0,2.0,15.0,A01
201400021090,0,1,0,0.0,2.0,0.0,9.0,B01
201400021091,1,15,0,0.0,2.0,2.0,0.0,A01
201400021091,0,2,0,0.0,2.0,0.0,0.0,B01
201400021092,0,7,0,0.0,2.0,4.0,2.0,B01
201400021092,1,7,0,0.0,2.0,4.0,2.0,C01
201400021092,0,7,0,0.0,2.0,1.0,2.0,A01
201400021093,0,7,0,0.0,2.0,1.0,1.0,A01
201400021093,0,7,0,0.0,2.0,2.0,15.0,B01
201400021094,0,7,0,0.0,1.0,7.0,1.0,A01
201400021095,0,7,0,0.0,1.0,1.0,0.0,A01
201400021096,0,7,0,0.0,1.0,1.0,1.0,A01
201400021097,0,7,0,8.0,0.0,0.0,0.0,A01
201400021098,0,30,0,0.0,0.0,0.0,0.0,A01
201400021099,0,33,0,0.0,2.0,1.0,1.0,B01
201400021099,0,7,0,0.0,2.0,5.0,15.0,A01
201400021100,0,7,0,9.0,0.0,1.0,1.0,A01
201400021101,0,7,0,0.0,1.0,2.0,15.0,A01
201400021102,0,7,0,0.0,2.0,2.0,15.0,A01
201400021102,0,1,0,0.0,2.0,1.0,1.0,B01
201400021103,0,7,0,8.0,0.0,1.0,0.0,A01
201400021104,0,7,0,12.0,0.0,1.0,9.0,A01
201400021105,0,32,0,0.0,2.0,5.0,12.0,B01
201400021105,0,7,0,0.0,2.0,3.0,0.0,A01
201400021106,0,10,0,0.0,1.0,0.0,0.0,A01
201400021107,0,7,0,0.0,9.0,3.0,9.0,A01
201400021107,0,1,0,0.0,2.0,0.0,1.0,B01
201400021108,0,7,0,0.0,1.0,0.0,0.0,A01
201400021109,1,7,0,0.0,2.0,2.0,15.0,A01
201400021109,0,1,0,0.0,2.0,1.0,1.0,B01
201400021110,0,7,0,0.0,2.0,1.0,15.0,A01
201400021110,0,7,0,0.0,2.0,1.0,1.0,B01
201400021111,0,7,0,0.0,2.0,7.0,15.0,A01
201400021111,0,7,0,0.0,2.0,3.0,1.0,B01
201400021112,0,7,0,0.0,2.0,1.0,2.0,A01
201400021112,0,7,0,0.0,2.0,4.0,1.0,B01
201400021113,0,7,0,12.0,0.0,1.0,0.0,A01
201400021114,0,7,0,0.0,2.0,3.0,15.0,A01
201400021114,0,7,0,0.0,2.0,8.0,1.0,B01
201400021115,0,7,0,0.0,2.0,4.0,23.0,B01
201400021115,0,7,0,0.0,2.0,4.0,23.0,C01
201400021115,0,7,0,0.0,2.0,1.0,1.0,A01
201400021116,0,7,0,0.0,2.0,5.0,1.0,B01
201400021116,0,7,0,6.0,2.0,1.0,9.0,A01
201400021117,2,7,0,0.0,1.0,0.0,0.0,A01
201400021118,0,10,0,0.0,2.0,4.0,2.0,B01
201400021118,0,10,0,0.0,0.0,4.0,2.0,C01
201400021118,0,7,0,0.0,2.0,1.0,2.0,A01
201400021119,0,7,0,0.0,2.0,1.0,2.0,A01
201400021119,0,7,0,0.0,2.0,6.0,2.0,B01
201400021120,1,30,0,0.0,1.0,0.0,2.0,A01
201400021121,0,7,0,12.0,0.0,3.0,1.0,A01
201400021122,0,33,0,0.0,2.0,1.0,0.0,A01
201400021122,0,1,0,0.0,2.0,0.0,9.0,B01
201400021123,0,1,0,0.0,2.0,1.0,0.0,B01
201400021123,0,1,0,0.0,2.0,0.0,0.0,C01
201400021123,0,7,0,0.0,2.0,3.0,9.0,A01
201400021124,0,7,0,0.0,2.0,0.0,15.0,A01
201400021124,0,1,0,0.0,2.0,0.0,1.0,B01
201400021125,0,1,0,0.0,0.0,0.0,0.0,A01
201400021126,0,33,0,0.0,0.0,0.0,0.0,A01
201400021127,0,7,0,0.0,2.0,1.0,1.0,A01
201400021127,0,30,0,0.0,2.0,4.0,23.0,B01
201400021128,0,7,0,0.0,2.0,1.0,2.0,A01
201400021128,0,7,0,0.0,2.0,4.0,2.0,B01
201400021129,0,7,0,0.0,2.0,1.0,2.0,A01
201400021129,0,7,0,0.0,2.0,4.0,2.0,B01