Num_Acc,senc,catv,occutc,obs,obsm,choc,manv,num_veh
201400021129,0,7,0,0.0,2.0,4.0,2.0,C01
201400021130,0,7,0,0.0,1.0,1.0,0.0,A01
201400021131,0,7,0,9.0,0.0,3.0,15.0,A01
201400021132,1,31,0,0.0,1.0,0.0,0.0,Z01
201400021133,0,2,0,0.0,2.0,1.0,17.0,A01
201400021133,0,7,0,0.0,2.0,6.0,1.0,B01
201400021134,0,7,0,0.0,2.0,7.0,13.0,A01
201400021134,0,7,0,0.0,2.0,3.0,0.0,B01
201400021135,0,7,0,0.0,0.0,0.0,0.0,A01
201400021135,0,33,0,16.0,0.0,0.0,1.0,B01
201400021136,0,7,0,0.0,1.0,0.0,0.0,A01
201400021137,0,7,0,0.0,2.0,3.0,1.0,B01
201400021137,0,7,0,0.0,2.0,1.0,23.0,C01
201400021137,0,7,0,0.0,2.0,3.0,9.0,A01
201400021138,0,7,0,0.0,2.0,1.0,2.0,A01
201400021138,0,7,0,0.0,2.0,4.0,23.0,B01
201400021138,0,7,0,0.0,2.0,6.0,1.0,C01
201400021139,0,7,0,0.0,1.0,2.0,1.0,A01
201400021140,0,33,0,0.0,2.0,1.0,1.0,B01
201400021140,0,7,0,0.0,2.0,2.0,9.0,A01
201400021141,0,7,0,2.0,0.0,0.0,17.0,A01
201400021142,0,7,0,0.0,2.0,2.0,15.0,A01
201400021142,0,33,0,0.0,2.0,1.0,1.0,B01
201400021143,0,7,0,0.0,2.0,2.0,16.0,A01
201400021143,0,7,0,0.0,2.0,0.0,1.0,B01
201400021144,0,7,0,0.0,1.0,3.0,1.0,A01
201400021145,0,7,0,0.0,2.0,1.0,13.0,A01
201400021145,0,7,0,0.0,2.0,1.0,0.0,B01
201400021146,0,7,0,0.0,2.0,1.0,1.0,A01
201400021146,0,7,0,0.0,2.0,2.0,1.0,B01
201400021147,0,7,0,4.0,0.0,0.0,0.0,A01
201400021148,0,1,0,0.0,2.0,0.0,2.0,B01
201400021148,0,15,0,0.0,2.0,0.0,2.0,A01
201400021149,0,1,0,0.0,2.0,7.0,0.0,A01
201400021149,0,7,0,0.0,2.0,3.0,0.0,B01
201400021150,2,30,0,0.0,1.0,1.0,0.0,A01
201400021151,0,10,0,0.0,2.0,2.0,1.0,A01
201400021151,0,7,0,0.0,2.0,3.0,1.0,B01
201400021152,0,7,0,0.0,1.0,1.0,17.0,A01
201400021153,0,7,0,0.0,2.0,1.0,2.0,A01
201400021153,0,7,0,0.0,2.0,4.0,2.0,B01
201400021153,0,7,0,0.0,2.0,4.0,2.0,C01
201400021154,0,37,1,0.0,2.0,4.0,1.0,A01
201400021154,0,7,0,0.0,2.0,1.0,1.0,B01
201400021155,0,7,0,0.0,1.0,8.0,16.0,A01
201400021156,0,7,0,0.0,2.0,8.0,15.0,A01
201400021156,0,30,0,0.0,2.0,1.0,17.0,B01
201400021157,0,7,0,0.0,1.0,2.0,1.0,A01
201400021158,0,7,0,0.0,1.0,1.0,1.0,A01
201400021159,0,7,0,0.0,2.0,2.0,20.0,A01
201400021159,0,1,0,0.0,2.0,1.0,16.0,B01
201400021160,0,30,0,0.0,0.0,0.0,0.0,A01
201400021161,0,7,0,0.0,1.0,7.0,1.0,A01
201400021162,0,1,0,0.0,2.0,0.0,1.0,B01
201400021162,0,17,0,0.0,2.0,0.0,16.0,A01
201400021163,1,7,0,0.0,1.0,0.0,0.0,Z01
201400021164,0,7,0,0.0,0.0,4.0,1.0,B01
201400021164,0,7,0,0.0,2.0,1.0,1.0,A01
201400021165,0,7,0,0.0,9.0,3.0,2.0,A01
201400021165,0,2,0,0.0,2.0,1.0,3.0,B01
201400021166,0,7,0,0.0,1.0,0.0,0.0,A01
201400021167,0,7,0,0.0,2.0,1.0,15.0,A01
201400021167,0,1,0,0.0,2.0,8.0,1.0,B01
201400021168,0,20,0,4.0,0.0,3.0,1.0,A01
201400021169,0,7,0,0.0,2.0,1.0,2.0,A01
201400021169,0,7,0,0.0,2.0,4.0,2.0,B01
201400021170,0,1,0,0.0,1.0,0.0,1.0,A01
201400021171,0,7,0,0.0,1.0,2.0,15.0,A01
201400021172,0,7,0,0.0,2.0,8.0,9.0,A01
201400021172,0,7,0,0.0,2.0,1.0,1.0,B01
201400021173,0,7,0,0.0,2.0,3.0,9.0,A01
201400021173,0,7,0,0.0,2.0,3.0,1.0,B01
201400021174,0,7,0,4.0,0.0,9.0,1.0,A01
201400021175,0,7,0,0.0,2.0,8.0,15.0,A01
201400021175,0,33,0,0.0,2.0,1.0,1.0,B01
201400021176,0,7,0,0.0,2.0,7.0,9.0,A01
201400021176,0,1,0,0.0,2.0,1.0,1.0,B01
201400021177,0,7,0,11.0,0.0,2.0,1.0,A01
201400021178,1,7,0,0.0,2.0,1.0,1.0,B01
201400021178,0,7,0,0.0,2.0,4.0,1.0,A01
201400021179,0,7,0,0.0,2.0,2.0,1.0,A01
201400021179,0,7,0,0.0,2.0,3.0,1.0,B01
201400021180,0,31,0,1.0,0.0,1.0,1.0,A01
201400021181,0,7,0,2.0,0.0,1.0,1.0,A01
201400021182,0,1,0,0.0,2.0,0.0,19.0,B01
201400021182,0,2,0,0.0,2.0,0.0,1.0,A01
201400021183,0,31,0,0.0,2.0,3.0,18.0,B01
201400021183,0,7,0,0.0,2.0,7.0,16.0,A01
201400021184,1,30,0,0.0,1.0,0.0,0.0,A01
201400021185,0,30,0,0.0,2.0,0.0,1.0,A01
201400021185,0,7,0,0.0,2.0,0.0,1.0,B01
201400021186,0,7,0,0.0,2.0,3.0,11.0,A01
201400021186,0,33,0,0.0,2.0,7.0,17.0,B01
201400021187,0,7,0,0.0,2.0,7.0,0.0,A01
201400021187,0,7,0,0.0,2.0,1.0,1.0,B01
201400021188,0,7,0,0.0,2.0,1.0,9.0,A01
201400021188,0,1,0,0.0,2.0,7.0,0.0,B01
201400021189,0,7,0,0.0,2.0,1.0,1.0,A01
201400021189,0,7,0,0.0,2.0,1.0,15.0,B01
201400021190,0,7,0,0.0,9.0,2.0,20.0,A01
201400021190,0,2,0,0.0,2.0,1.0,1.0,B01
201400021191,1,36,0,0.0,2.0,0.0,0.0,A01
201400021191,0,7,0,0.0,2.0,0.0,0.0,B01
201400021192,0,7,0,0.0,2.0,1.0,1.0,A01
201400021192,0,7,0,0.0,2.0,4.0,1.0,B01
201400021193,0,7,0,0.0,2.0,3.0,11.0,A01
201400021193,0,7,0,0.0,2.0,7.0,1.0,B01
201400021194,0,33,0,4.0,0.0,0.0,1.0,A01
201400021195,0,7,0,0.0,2.0,1.0,1.0,B01
201400021195,0,30,0,0.0,2.0,1.0,9.0,A01
201400021196,0,33,0,0.0,0.0,0.0,0.0,A01
201400021197,0,2,0,0.0,2.0,1.0,1.0,A01
201400021197,1,7,0,0.0,2.0,3.0,15.0,Z01
201400021198,0,7,0,0.0,2.0,3.0,10.0,A01
201400021198,0,33,0,0.0,2.0,1.0,1.0,B01
201400021199,0,2,0,0.0,2.0,4.0,0.0,B01
201400021199,0,7,0,0.0,2.0,2.0,0.0,A01
201400021200,0,7,0,9.0,0.0,2.0,1.0,A01
201400021201,0,31,0,0.0,2.0,1.0,13.0,A01
201400021201,0,7,0,0.0,2.0,1.0,1.0,B01
201400021202,0,14,0,0.0,2.0,2.0,12.0,A01
201400021202,0,7,0,0.0,2.0,8.0,1.0,B01
201400021203,0,40,1,0.0,1.0,2.0,1.0,A01
201400021204,0,31,0,8.0,0.0,0.0,0.0,A01
201400021205,0,7,0,0.0,1.0,2.0,2.0,A01
201400021206,0,1,0,0.0,2.0,1.0,2.0,A01
201400021206,0,7,0,0.0,2.0,4.0,2.0,B01
201400021207,0,32,0,0.0,2.0,1.0,1.0,A01
201400021207,0,7,0,0.0,2.0,7.0,1.0,B01
201400021208,0,7,0,0.0,2.0,3.0,1.0,B01
201400021208,0,7,0,0.0,2.0,1.0,19.0,A01
201400021209,0,7,0,0.0,2.0,3.0,16.0,B01
201400021209,0,7,0,0.0,2.0,2.0,15.0,A01
201400021210,0,7,0,0.0,2.0,2.0,1.0,A01
201400021210,0,7,0,0.0,2.0,2.0,1.0,B01
201400021211,0,33,0,0.0,2.0,1.0,2.0,A01
201400021211,0,7,0,0.0,2.0,4.0,2.0,B01
201400021212,0,31,0,0.0,2.0,1.0,1.0,B01
201400021212,0,7,0,0.0,2.0,1.0,19.0,A01
201400021213,0,2,0,0.0,2.0,6.0,11.0,A01
201400021213,0,7,0,0.0,2.0,2.0,1.0,B01
201400021214,0,7,0,0.0,2.0,1.0,0.0,B01
201400021214,0,7,0,0.0,2.0,2.0,0.0,A01
201400021215,0,10,0,0.0,2.0,1.0,9.0,A01
201400021215,0,7,0,0.0,2.0,1.0,1.0,B01
201400021216,0,7,0,0.0,1.0,1.0,1.0,A01
201400021217,1,7,0,0.0,1.0,1.0,0.0,A01
201400021218,0,10,0,0.0,1.0,2.0,0.0,A01
201400021219,0,7,0,0.0,2.0,8.0,15.0,A01
201400021219,0,37,4,0.0,2.0,1.0,1.0,B01
201400021220,1,7,0,0.0,2.0,0.0,1.0,Z01
201400021220,0,1,0,0.0,2.0,7.0,9.0,A01
201400021221,0,7,0,0.0,2.0,3.0,15.0,A01
201400021221,0,1,0,0.0,2.0,1.0,1.0,B01
201400021222,0,7,0,0.0,2.0,2.0,17.0,A01
201400021222,0,2,0,0.0,2.0,8.0,15.0,B01
201400021223,0,7,0,0.0,1.0,2.0,1.0,A01
201400021224,1,99,0,0.0,1.0,0.0,0.0,A01
201400021225,0,30,0,0.0,0.0,0.0,1.0,A01
201400021226,0,7,0,0.0,1.0,1.0,0.0,A01
201400021227,0,10,0,6.0,0.0,1.0,1.0,A01
201400021228,0,30,0,0.0,0.0,0.0,0.0,A01
201400021229,0,7,0,4.0,0.0,0.0,0.0,A01
201400021229,0,7,0,0.0,0.0,4.0,23.0,B01
201400021229,0,7,0,1.0,0.0,8.0,21.0,C01
201400021230,0,7,0,0.0,1.0,3.0,15.0,A01
201400021231,0,30,0,0.0,1.0,1.0,13.0,A01
201400021232,0,7,0,0.0,1.0,2.0,1.0,A01
201400021233,1,15,0,0.0,2.0,0.0,14.0,B01
201400021233,0,7,0,7.0,1.0,4.0,2.0,A01
201400021234,0,7,0,0.0,2.0,1.0,11.0,A01
201400021234,0,7,0,0.0,2.0,1.0,0.0,B01
201400021234,0,7,0,0.0,2.0,1.0,1.0,C01
201400021235,0,2,0,1.0,0.0,1.0,2.0,A01
201400021236,0,7,0,0.0,2.0,1.0,10.0,A01
201400021236,0,31,0,0.0,2.0,8.0,1.0,B01
201400021237,0,7,0,0.0,2.0,5.0,0.0,B01
201400021237,0,33,0,0.0,2.0,1.0,0.0,A01
201400021238,0,7,0,0.0,1.0,2.0,1.0,A01
201400021239,0,7,0,0.0,1.0,3.0,1.0,A01
201400021240,0,7,0,0.0,2.0,2.0,1.0,A01
201400021240,0,7,0,0.0,2.0,1.0,1.0,B01
201400021241,0,33,0,12.0,0.0,0.0,1.0,A01
201400021242,0,7,0,0.0,1.0,1.0,0.0,A01
201400021243,0,7,0,0.0,1.0,2.0,1.0,A01
201400021244,0,7,0,0.0,2.0,1.0,2.0,B01
201400021244,0,7,0,0.0,2.0,1.0,2.0,A01
201400021245,0,7,0,0.0,1.0,3.0,15.0,A01
201400021246,0,7,0,0.0,1.0,0.0,0.0,A01
201400021247,0,7,0,0.0,1.0,2.0,0.0,A01
201400021248,0,7,0,0.0,2.0,1.0,13.0,A01
201400021248,0,7,0,0.0,2.0,1.0,0.0,B01
201400021249,0,2,0,12.0,0.0,1.0,1.0,A01
201400021250,0,7,0,0.0,9.0,5.0,0.0,B01
201400021250,0,1,0,0.0,2.0,1.0,19.0,A01
201400021251,0,7,0,0.0,1.0,2.0,0.0,A01
201400021252,0,7,0,0.0,2.0,2.0,1.0,A01
201400021252,0,1,0,0.0,2.0,1.0,6.0,B01
201400021253,0,7,0,0.0,1.0,1.0,1.0,A01
201400021254,0,7,0,0.0,1.0,2.0,1.0,A01
201400021255,0,7,0,0.0,1.0,1.0,19.0,A01
201400021256,0,7,0,0.0,1.0,1.0,1.0,A01
201400021257,0,7,0,0.0,2.0,1.0,1.0,A01
201400021257,0,7,0,0.0,2.0,6.0,1.0,B01
201400021258,0,7,0,0.0,1.0,3.0,0.0,A01
201400021259,0,7,0,0.0,1.0,8.0,1.0,A01
201400021260,0,7,0,0.0,1.0,2.0,1.0,A01
201400021261,0,15,0,16.0,0.0,9.0,2.0,A01
201400021262,0,7,0,0.0,1.0,3.0,1.0,A01
201400021263,0,7,0,0.0,0.0,1.0,9.0,A01
201400021263,0,1,0,0.0,0.0,7.0,1.0,B01
201400021264,0,7,0,1.0,1.0,2.0,1.0,A01
201400021265,0,7,0,0.0,0.0,7.0,19.0,B01
201400021265,0,7,0,0.0,0.0,1.0,15.0,A01
201400021266,0,7,0,0.0,1.0,1.0,1.0,A01
201400021267,0,7,0,0.0,0.0,6.0,2.0,B01
201400021267,0,7,0,0.0,0.0,1.0,2.0,A01
201400021268,0,7,0,0.0,1.0,7.0,1.0,A01
201400021269,0,7,0,0.0,2.0,1.0,13.0,A01
201400021269,0,7,0,0.0,2.0,1.0,1.0,B01
201400021269,0,7,0,0.0,2.0,1.0,1.0,C01
201400021270,0,7,0,0.0,2.0,6.0,9.0,A01
201400021270,0,14,0,0.0,2.0,3.0,0.0,P01
201400021271,0,99,0,0.0,2.0,3.0,0.0,A01
201400021271,0,31,0,0.0,2.0,2.0,0.0,B01
201400021272,0,14,0,0.0,1.0,1.0,15.0,A01
201400021273,0,1,0,0.0,2.0,0.0,2.0,A01
201400021273,0,7,0,0.0,0.0,5.0,0.0,B01
201400021274,0,7,0,0.0,1.0,0.0,2.0,A01
201400021275,0,7,0,0.0,0.0,3.0,13.0,A01
201400021276,0,7,0,2.0,0.0,1.0,1.0,A01
201400021277,0,31,0,0.0,2.0,1.0,2.0,A01
201400021277,0,7,0,0.0,2.0,4.0,2.0,B01
201400021278,0,7,0,0.0,2.0,5.0,4.0,A01
201400021278,0,2,0,0.0,2.0,7.0,21.0,B01
201400021279,0,33,0,8.0,0.0,1.0,14.0,A01
201400021280,0,7,0,0.0,2.0,2.0,6.0,A01
201400021280,0,7,0,0.0,2.0,3.0,1.0,B01
201400021281,0,10,0,0.0,2.0,1.0,1.0,A01
201400021281,0,7,0,0.0,2.0,7.0,1.0,B01
201400021282,0,1,0,0.0,1.0,1.0,18.0,A01
201400021283,0,1,0,0.0,0.0,1.0,2.0,A01
201400021283,0,7,0,0.0,0.0,4.0,2.0,B01
201400021284,1,7,0,0.0,1.0,1.0,1.0,A01
201400021285,0,7,0,0.0,0.0,5.0,17.0,A01
201400021285,0,7,0,0.0,0.0,3.0,2.0,B01
201400021286,0,7,0,0.0,0.0,3.0,15.0,B01
201400021286,0,1,0,16.0,0.0,1.0,5.0,A01
201400021287,0,7,0,0.0,2.0,1.0,15.0,A01
201400021287,0,33,0,0.0,2.0,1.0,0.0,B01
201400021288,0,7,0,0.0,2.0,3.0,13.0,A01
201400021288,0,7,0,0.0,2.0,3.0,1.0,B01
201400021289,0,15,0,0.0,0.0,6.0,1.0,B01
201400021289,0,1,0,0.0,2.0,1.0,9.0,A01
201400021290,0,7,0,0.0,1.0,2.0,1.0,A01
201400021291,0,7,0,0.0,2.0,1.0,2.0,A01
201400021291,0,7,0,0.0,2.0,4.0,2.0,B01
201400021292,0,7,0,13.0,0.0,2.0,1.0,A01
201400021293,0,7,0,0.0,9.0,3.0,9.0,A01
201400021293,0,1,0,0.0,2.0,1.0,0.0,B01
201400021294,0,7,0,3.0,0.0,1.0,2.0,A01
201400021295,0,7,0,0.0,0.0,1.0,1.0,A01
201400021295,0,7,0,0.0,0.0,1.0,0.0,B01
201400021296,0,10,0,0.0,1.0,4.0,4.0,A01
201400021297,0,7,0,0.0,1.0,3.0,1.0,A01
201400021298,0,7,0,0.0,0.0,1.0,1.0,A01
201400021298,0,7,0,0.0,0.0,6.0,1.0,B01
201400021299,0,7,0,0.0,2.0,1.0,21.0,A01
201400021299,0,7,0,0.0,0.0,8.0,19.0,B02
201400021300,0,10,0,0.0,0.0,7.0,1.0,A01
201400021301,0,7,0,8.0,0.0,1.0,1.0,A01
201400021302,0,7,0,13.0,0.0,1.0,1.0,A01
201400021303,0,7,0,0.0,0.0,9.0,0.0,A01
201400021304,0,33,0,0.0,2.0,1.0,1.0,B02
201400021304,0,7,0,0.0,2.0,3.0,19.0,A01
201400021305,0,7,0,0.0,2.0,3.0,13.0,A01
201400021305,0,7,0,0.0,2.0,8.0,1.0,B02
201400021306,0,7,0,6.0,0.0,1.0,13.0,A01
201400021307,0,7,0,0.0,2.0,2.0,1.0,A01
201400021307,0,14,0,0.0,0.0,8.0,10.0,B02
201400021308,0,7,0,13.0,0.0,7.0,14.0,A01
201400021309,0,7,0,0.0,1.0,1.0,16.0,A01
201400021310,0,7,0,6.0,0.0,2.0,14.0,A01
201400021311,0,7,0,0.0,2.0,3.0,13.0,A01
201400021311,0,10,0,0.0,2.0,3.0,1.0,B02
201400021312,0,33,0,0.0,2.0,1.0,17.0,A01
201400021312,0,7,0,0.0,2.0,3.0,1.0,B02
201400021313,0,7,0,13.0,0.0,9.0,1.0,A01
201400021314,0,7,0,0.0,2.0,1.0,1.0,A01
201400021314,0,7,0,0.0,2.0,7.0,19.0,B02
201400021315,0,36,0,13.0,0.0,1.0,19.0,A01
201400021316,0,7,0,2.0,0.0,3.0,1.0,A01
201400021317,0,7,0,13.0,0.0,9.0,1.0,A01
201400021318,0,33,0,0.0,2.0,1.0,1.0,C03
201400021318,0,33,0,0.0,2.0,1.0,1.0,B02
201400021318,0,7,0,0.0,2.0,8.0,10.0,A01
201400021318,0,7,0,0.0,2.0,8.0,1.0,D04
201400021319,0,7,0,0.0,0.0,6.0,2.0,A01
201400021319,0,33,0,0.0,2.0,1.0,2.0,B02
201400021320,0,7,0,0.0,2.0,2.0,15.0,A01
201400021320,0,2,0,0.0,2.0,1.0,1.0,B02
201400021321,0,33,0,0.0,2.0,2.0,1.0,B02
201400021321,0,31,0,0.0,2.0,1.0,15.0,A01
201400021322,0,33,0,0.0,9.0,1.0,1.0,A01
201400021322,0,1,0,0.0,0.0,8.0,19.0,B02
201400021323,0,32,0,0.0,2.0,1.0,1.0,A01
201400021323,0,7,0,0.0,2.0,2.0,1.0,B02
201400021324,0,7,0,8.0,0.0,1.0,0.0,A01
201400021325,0,10,0,0.0,9.0,3.0,1.0,B02
201400021325,0,30,0,0.0,2.0,3.0,1.0,A01
201400021326,0,33,0,0.0,2.0,1.0,17.0,A01
201400021326,0,7,0,0.0,2.0,3.0,15.0,B02
201400021327,0,30,0,0.0,2.0,1.0,1.0,A01
201400021327,0,7,0,0.0,2.0,8.0,4.0,B02
201400021328,0,7,0,2.0,0.0,8.0,1.0,A01
201400021329,0,7,0,0.0,2.0,4.0,13.0,A01
201400021329,0,30,0,0.0,2.0,1.0,1.0,B02
201400021330,0,7,0,0.0,2.0,3.0,19.0,A01
201400021330,0,10,0,0.0,2.0,1.0,1.0,B02
201400021331,0,7,0,0.0,1.0,1.0,1.0,A01
201400021332,0,7,0,0.0,1.0,1.0,1.0,A01
201400021333,0,7,0,0.0,2.0,3.0,13.0,A01
201400021333,0,15,0,0.0,2.0,3.0,1.0,B02
201400021334,1,7,0,0.0,1.0,2.0,1.0,A01
201400021335,0,30,0,0.0,2.0,7.0,1.0,A01
201400021335,0,7,0,0.0,0.0,8.0,15.0,B02
201400021336,0,33,0,7.0,0.0,1.0,1.0,A01
201400021337,0,7,0,2.0,0.0,2.0,0.0,A01
201400021338,0,7,0,0.0,2.0,3.0,5.0,A01
201400021338,0,7,0,0.0,2.0,1.0,1.0,B02
201400021338,0,7,0,0.0,2.0,1.0,1.0,C03
201400021339,0,7,0,0.0,2.0,1.0,17.0,A01
201400021339,0,7,0,0.0,2.0,1.0,1.0,B02
201400021340,0,7,0,0.0,1.0,2.0,1.0,A01
201400021341,0,10,0,0.0,2.0,1.0,1.0,B02
201400021341,0,7,0,0.0,2.0,1.0,21.0,A01
201400021342,0,7,0,0.0,2.0,1.0,13.0,A01
201400021342,0,10,0,0.0,2.0,3.0,1.0,B02
201400021343,0,2,0,0.0,0.0,7.0,21.0,B02
201400021343,0,10,0,0.0,0.0,2.0,15.0,A01
201400021344,0,10,0,0.0,2.0,1.0,13.0,A01
201400021344,0,7,0,0.0,2.0,1.0,1.0,B02
201400021344,0,7,0,0.0,2.0,3.0,1.0,C03
201400021345,0,14,0,0.0,1.0,5.0,1.0,A01
201400021346,0,7,0,0.0,0.0,9.0,0.0,A01
201400021347,0,36,0,0.0,2.0,3.0,17.0,A01
201400021348,0,7,0,0.0,1.0,3.0,1.0,A01
201400021349,0,36,0,12.0,0.0,7.0,1.0,A01
201400021350,0,14,0,0.0,1.0,0.0,0.0,A01
201400021351,0,7,0,0.0,2.0,1.0,14.0,A01
201400021351,0,17,0,0.0,2.0,4.0,24.0,B02
201400021352,0,7,0,0.0,2.0,2.0,1.0,A01
201400021352,0,7,0,0.0,2.0,3.0,16.0,B02
201400021353,0,7,0,13.0,0.0,2.0,1.0,A01
201400021354,0,7,0,0.0,1.0,7.0,1.0,A01
201400021355,0,33,0,0.0,0.0,0.0,1.0,A01
201400021356,0,7,0,0.0,2.0,8.0,1.0,C03
201400021356,0,7,0,0.0,2.0,3.0,13.0,A01
201400021356,0,38,0,0.0,2.0,3.0,1.0,B02
201400021357,0,7,0,0.0,0.0,0.0,1.0,A01
201400021358,0,10,0,0.0,2.0,3.0,13.0,A01
201400021358,0,7,0,0.0,2.0,3.0,1.0,B02
201400021359,0,7,0,0.0,0.0,3.0,0.0,B02
201400021359,0,34,0,0.0,0.0,7.0,0.0,A01
201400021360,0,7,0,0.0,1.0,1.0,0.0,A01
201400021361,0,7,0,0.0,1.0,2.0,16.0,A01
201400021362,0,7,0,0.0,1.0,1.0,1.0,A01
201400021363,0,7,0,8.0,0.0,4.0,1.0,A01
201400021363,1,7,0,0.0,0.0,,,Z01
201400021364,0,7,0,0.0,0.0,1.0,1.0,A01
201400021365,0,3,0,0.0,2.0,1.0,11.0,A01
201400021365,0,2,0,0.0,2.0,1.0,1.0,B01
201400021366,0,7,0,0.0,2.0,7.0,1.0,A01
201400021366,0,1,0,0.0,2.0,8.0,1.0,B01
201400021367,0,7,0,0.0,2.0,7.0,19.0,A01
201400021367,0,16,0,0.0,2.0,3.0,1.0,B01
201400021368,0,32,0,0.0,0.0,0.0,1.0,A01
201400021368,1,7,0,0.0,0.0,0.0,15.0,Z01
201400021369,0,17,0,6.0,0.0,1.0,1.0,A01
201400021370,0,1,0,0.0,2.0,1.0,15.0,B01
201400021370,0,7,0,0.0,1.0,3.0,15.0,A01
201400021371,0,7,0,0.0,9.0,1.0,1.0,A01
201400021371,0,1,0,0.0,2.0,7.0,1.0,B01
201400021372,0,7,0,0.0,2.0,2.0,15.0,A01
201400021372,0,2,0,0.0,2.0,1.0,17.0,B01
201400021373,0,1,0,0.0,0.0,7.0,1.0,B01
201400021373,0,7,0,0.0,2.0,1.0,1.0,A01
201400021374,0,7,0,0.0,9.0,3.0,0.0,A01
201400021374,0,1,0,0.0,2.0,7.0,1.0,B01
201400021375,0,7,0,0.0,2.0,8.0,1.0,B01
201400021375,0,2,0,0.0,2.0,1.0,19.0,A01
201400021376,0,7,0,0.0,2.0,1.0,0.0,A01
201400021376,0,7,0,0.0,0.0,4.0,1.0,B01
201400021377,0,2,0,0.0,2.0,1.0,13.0,A01
201400021377,0,7,0,0.0,0.0,6.0,1.0,B01
201400021378,0,7,0,0.0,9.0,3.0,2.0,A01
201400021378,0,1,0,0.0,2.0,2.0,1.0,B01
201400021379,0,7,0,0.0,2.0,2.0,1.0,A01
201400021379,0,7,0,0.0,2.0,3.0,16.0,B01
201400021380,0,7,0,0.0,2.0,2.0,15.0,A01
201400021380,0,1,0,0.0,2.0,1.0,1.0,B01
201400021381,0,7,0,0.0,2.0,1.0,15.0,A01
201400021381,0,31,0,0.0,2.0,7.0,1.0,B01
201400021382,0,2,0,0.0,2.0,1.0,1.0,A01
201400021382,0,7,0,0.0,0.0,4.0,1.0,B01
201400021383,0,31,0,0.0,2.0,1.0,2.0,A01
201400021383,0,7,0,0.0,0.0,4.0,2.0,B01
201400021384,0,7,0,0.0,2.0,1.0,15.0,A01
201400021384,0,31,0,0.0,2.0,1.0,1.0,B01
201400021385,0,7,0,0.0,2.0,3.0,2.0,A01
201400021385,0,30,0,0.0,2.0,1.0,2.0,B01
201400021386,0,7,0,0.0,1.0,2.0,17.0,A01
201400021387,0,1,0,0.0,2.0,2.0,15.0,B01
201400021387,0,7,0,0.0,0.0,3.0,15.0,A01
201400021388,0,7,0,0.0,1.0,1.0,1.0,A01
201400021389,0,30,0,0.0,2.0,7.0,15.0,B01
201400021389,0,7,0,0.0,2.0,2.0,0.0,A01
201400021390,0,7,0,0.0,2.0,0.0,15.0,A01
201400021390,0,30,0,0.0,2.0,7.0,1.0,B01
201400021391,0,3,0,0.0,1.0,1.0,17.0,A01
201400021392,0,32,0,0.0,2.0,1.0,0.0,A01
201400021392,0,7,0,0.0,2.0,0.0,0.0,B01
201400021393,0,10,0,0.0,1.0,0.0,0.0,A01
201400021394,0,7,0,1.0,2.0,0.0,0.0,A01
201400021394,0,7,0,0.0,2.0,0.0,0.0,B01
201400021395,0,7,0,0.0,2.0,1.0,1.0,A01
201400021395,0,7,0,0.0,2.0,1.0,1.0,B01
201400021396,0,7,0,0.0,2.0,1.0,1.0,A01
201400021396,0,7,0,0.0,2.0,4.0,23.0,B01
201400021396,0,7,0,0.0,0.0,4.0,23.0,C01
201400021397,0,7,0,0.0,2.0,0.0,0.0,A01
201400021397,0,7,0,0.0,2.0,0.0,0.0,B01
201400021398,0,7,0,0.0,2.0,1.0,13.0,A01
201400021398,0,7,0,0.0,0.0,1.0,1.0,B01
201400021399,0,7,0,0.0,1.0,3.0,15.0,A01
201400021400,0,7,0,0.0,2.0,3.0,1.0,A01
201400021400,0,7,0,0.0,2.0,2.0,15.0,B01
201400021401,0,7,0,0.0,2.0,2.0,1.0,A01
201400021401,0,7,0,0.0,0.0,5.0,23.0,B01
201400021402,0,7,0,0.0,0.0,4.0,23.0,B01
201400021402,0,7,0,0.0,2.0,1.0,1.0,A01
201400021403,0,10,0,0.0,2.0,3.0,10.0,A01
201400021403,0,7,0,0.0,2.0,7.0,17.0,B01
201400021404,0,1,0,0.0,2.0,3.0,19.0,A01
201400021404,0,7,0,0.0,2.0,2.0,1.0,B01
201400021405,0,7,0,0.0,1.0,1.0,1.0,A01
201400021406,0,7,0,0.0,2.0,1.0,1.0,B01
201400021406,0,7,0,0.0,2.0,7.0,9.0,A01
201400021407,0,30,0,0.0,2.0,1.0,1.0,A01
201400021407,0,10,0,0.0,0.0,4.0,23.0,B01
201400021408,0,7,0,0.0,9.0,3.0,22.0,A01
201400021408,0,1,0,1.0,2.0,0.0,1.0,B01
201400021409,0,7,0,0.0,2.0,1.0,1.0,A01
201400021409,0,7,0,0.0,0.0,4.0,23.0,B01
201400021410,0,7,0,0.0,2.0,1.0,1.0,A01
201400021410,0,7,0,0.0,0.0,4.0,23.0,B01
201400021411,0,7,0,0.0,2.0,1.0,2.0,A01
201400021411,0,7,0,0.0,2.0,4.0,2.0,B01
201400021412,0,7,0,0.0,2.0,3.0,19.0,A01
201400021412,0,7,0,0.0,2.0,2.0,1.0,B01
201400021413,0,33,0,0.0,2.0,1.0,1.0,B01
201400021413,0,1,0,0.0,2.0,7.0,19.0,A01
201400021414,0,7,0,0.0,1.0,1.0,9.0,A01
201400021415,0,7,0,0.0,2.0,1.0,0.0,A01
201400021415,0,7,0,0.0,2.0,1.0,0.0,B01
201400021416,0,7,0,0.0,2.0,2.0,19.0,A01