Num_Acc,senc,catv,occutc,obs,obsm,choc,manv,num_veh
201400021416,0,2,0,0.0,2.0,1.0,0.0,B01
201400021417,0,7,0,0.0,2.0,1.0,1.0,A01
201400021417,0,7,0,0.0,0.0,4.0,23.0,B01
201400021418,0,7,0,0.0,2.0,1.0,9.0,A01
201400021418,0,1,0,0.0,2.0,1.0,0.0,B01
201400021419,0,7,0,0.0,2.0,5.0,19.0,A01
201400021419,0,33,0,0.0,2.0,1.0,0.0,B01
201400021420,0,7,0,0.0,2.0,3.0,0.0,A01
201400021420,0,30,0,0.0,2.0,1.0,0.0,B01
201400021421,0,7,0,0.0,2.0,1.0,1.0,A01
201400021421,0,7,0,0.0,2.0,4.0,23.0,B01
201400021422,0,7,0,0.0,2.0,3.0,13.0,A01
201400021422,0,7,0,0.0,0.0,3.0,1.0,B01
201400021423,0,7,0,0.0,2.0,1.0,1.0,B01
201400021423,0,7,0,0.0,2.0,1.0,19.0,A01
201400021424,0,33,0,0.0,1.0,1.0,17.0,A01
201400021425,0,7,0,0.0,2.0,1.0,2.0,A01
201400021425,0,7,0,0.0,0.0,4.0,2.0,B01
201400021426,0,1,0,0.0,2.0,1.0,0.0,B01
201400021426,0,7,0,0.0,2.0,3.0,0.0,A01
201400021427,0,1,0,0.0,2.0,1.0,13.0,A01
201400021427,0,7,0,0.0,2.0,3.0,0.0,B01
201400021428,0,3,0,0.0,2.0,1.0,0.0,A01
201400021428,0,7,0,0.0,2.0,1.0,0.0,B01
201400021429,0,7,0,0.0,1.0,7.0,1.0,A01
201400021430,0,7,0,0.0,2.0,3.0,9.0,A01
201400021430,0,1,0,0.0,2.0,2.0,1.0,B02
201400021431,0,7,0,0.0,2.0,2.0,15.0,A01
201400021431,0,7,0,0.0,2.0,1.0,0.0,B01
201400021432,0,7,0,0.0,2.0,1.0,1.0,A01
201400021432,0,10,0,0.0,2.0,4.0,23.0,B01
201400021432,0,10,0,0.0,0.0,4.0,1.0,C01
201400021433,0,7,0,0.0,2.0,1.0,1.0,A01
201400021433,0,7,0,0.0,2.0,4.0,23.0,B01
201400021433,0,7,0,0.0,0.0,4.0,23.0,C01
201400021434,0,7,0,0.0,1.0,1.0,15.0,A01
201400021435,0,7,0,0.0,2.0,1.0,0.0,B01
201400021435,0,33,0,0.0,2.0,3.0,0.0,A01
201400021436,0,7,0,15.0,0.0,1.0,14.0,A01
201400021437,0,7,0,0.0,2.0,2.0,9.0,A01
201400021437,0,1,0,0.0,2.0,4.0,1.0,B01
201400021438,0,7,0,0.0,2.0,1.0,1.0,A01
201400021438,0,7,0,0.0,0.0,4.0,23.0,B01
201400021439,0,7,0,0.0,2.0,2.0,15.0,A01
201400021439,0,7,0,0.0,2.0,1.0,1.0,B01
201400021440,0,7,0,0.0,2.0,1.0,1.0,A01
201400021440,0,7,0,0.0,5.0,0.0,1.0,B01
201400021441,0,7,0,0.0,2.0,1.0,13.0,A01
201400021441,0,7,0,0.0,9.0,3.0,1.0,B01
201400021442,0,7,0,0.0,2.0,4.0,20.0,A01
201400021442,0,7,0,0.0,2.0,3.0,1.0,B01
201400021443,0,7,0,0.0,2.0,1.0,0.0,B01
201400021443,0,31,0,0.0,2.0,2.0,0.0,A01
201400021444,0,7,0,0.0,0.0,6.0,0.0,B01
201400021444,0,30,0,0.0,2.0,1.0,2.0,A01
201400021445,0,7,0,0.0,0.0,4.0,0.0,B01
201400021445,0,7,0,0.0,2.0,1.0,0.0,A01
201400021446,0,7,0,0.0,2.0,3.0,13.0,A01
201400021446,0,7,0,0.0,2.0,3.0,1.0,B01
201400021447,0,7,0,0.0,2.0,3.0,0.0,A01
201400021447,0,1,0,0.0,2.0,8.0,0.0,B01
201400021448,0,7,0,0.0,2.0,1.0,15.0,B01
201400021448,0,2,0,0.0,2.0,3.0,9.0,A01
201400021449,0,7,0,0.0,2.0,6.0,10.0,A01
201400021449,0,2,0,0.0,2.0,2.0,17.0,B01
201400021450,0,7,0,0.0,2.0,1.0,0.0,B01
201400021450,0,7,0,0.0,2.0,7.0,0.0,A01
201400021451,0,1,0,0.0,2.0,7.0,1.0,B01
201400021451,0,7,0,0.0,2.0,1.0,9.0,A01
201400021452,0,1,0,0.0,2.0,7.0,1.0,B01
201400021452,0,7,0,0.0,2.0,1.0,9.0,A01
201400021453,0,7,0,0.0,2.0,3.0,10.0,A01
201400021453,0,2,0,0.0,2.0,2.0,17.0,B01
201400021454,0,30,0,0.0,2.0,1.0,0.0,B01
201400021454,0,7,0,0.0,2.0,0.0,0.0,A01
201400021455,0,7,0,0.0,2.0,1.0,9.0,A01
201400021455,0,7,0,0.0,2.0,7.0,1.0,B01
201400021456,0,7,0,0.0,2.0,1.0,1.0,A01
201400021456,0,7,0,0.0,2.0,1.0,23.0,B01
201400021456,0,7,0,0.0,0.0,4.0,23.0,C01
201400021457,0,7,0,0.0,2.0,2.0,0.0,B01
201400021457,0,7,0,0.0,2.0,3.0,0.0,A01
201400021458,0,7,0,1.0,0.0,3.0,13.0,A01
201400021459,0,7,0,0.0,2.0,8.0,15.0,A01
201400021459,0,2,0,0.0,2.0,2.0,17.0,B01
201400021460,0,7,0,0.0,2.0,2.0,1.0,A01
201400021460,0,7,0,0.0,0.0,5.0,16.0,B01
201400021461,0,7,0,0.0,2.0,2.0,13.0,A01
201400021461,0,7,0,0.0,2.0,6.0,1.0,B01
201400021462,0,7,0,0.0,2.0,1.0,0.0,B01
201400021462,0,7,0,0.0,2.0,8.0,5.0,A01
201400021463,0,7,0,0.0,2.0,1.0,0.0,B01
201400021463,0,7,0,0.0,2.0,3.0,0.0,A01
201400021464,0,7,0,0.0,1.0,2.0,0.0,A01
201400021465,0,7,0,0.0,2.0,3.0,1.0,A01
201400021465,0,7,0,0.0,0.0,5.0,23.0,B01
201400021466,0,2,0,0.0,2.0,6.0,0.0,A01
201400021466,0,10,0,0.0,2.0,8.0,0.0,B01
201400021467,0,7,0,0.0,2.0,8.0,1.0,B01
201400021467,0,1,0,0.0,2.0,7.0,19.0,A01
201400021468,0,7,0,0.0,2.0,3.0,13.0,A01
201400021468,0,7,0,0.0,2.0,3.0,1.0,B01
201400021469,0,7,0,0.0,1.0,1.0,1.0,A01
201400021470,0,2,0,0.0,2.0,1.0,2.0,A01
201400021470,0,7,0,0.0,2.0,4.0,2.0,B01
201400021471,0,7,0,0.0,1.0,1.0,1.0,A01
201400021472,0,7,0,0.0,2.0,8.0,9.0,A01
201400021472,0,30,0,0.0,2.0,1.0,1.0,B01
201400021473,0,7,0,0.0,2.0,3.0,9.0,A01
201400021473,0,1,0,0.0,2.0,2.0,1.0,B01
201400021474,0,2,0,0.0,2.0,1.0,0.0,B01
201400021474,0,7,0,0.0,2.0,3.0,0.0,A01
201400021475,0,7,0,0.0,2.0,1.0,1.0,A01
201400021475,0,7,0,0.0,0.0,4.0,23.0,B01
201400021476,0,30,0,0.0,1.0,1.0,17.0,A01
201400021477,0,7,0,0.0,2.0,7.0,2.0,A01
201400021477,0,1,0,0.0,0.0,8.0,2.0,B01
201400021478,0,7,0,0.0,1.0,0.0,0.0,A01
201400021479,0,33,0,0.0,2.0,1.0,1.0,B01
201400021479,0,7,0,0.0,2.0,8.0,19.0,A01
201400021480,0,30,0,0.0,2.0,1.0,0.0,B01
201400021480,0,7,0,0.0,2.0,8.0,0.0,A01
201400021481,0,7,0,0.0,2.0,3.0,2.0,A01
201400021481,0,1,0,0.0,2.0,2.0,19.0,B01
201400021482,0,7,0,0.0,2.0,1.0,1.0,A01
201400021482,0,7,0,0.0,2.0,2.0,0.0,B01
201400021483,0,7,0,0.0,2.0,1.0,21.0,A01
201400021483,0,30,0,0.0,2.0,1.0,15.0,B01
201400021484,0,10,0,0.0,1.0,1.0,1.0,A01
201400021485,0,7,0,0.0,2.0,3.0,10.0,A01
201400021485,0,33,0,0.0,2.0,1.0,2.0,B01
201400021486,0,7,0,0.0,1.0,1.0,0.0,A01
201400021487,0,7,0,0.0,2.0,1.0,0.0,A01
201400021487,0,1,0,0.0,2.0,0.0,0.0,B01
201400021488,0,7,0,11.0,0.0,1.0,2.0,A01
201400021489,0,7,0,0.0,0.0,1.0,1.0,A01
201400021490,0,7,0,0.0,1.0,2.0,2.0,A01
201400021491,0,1,0,0.0,1.0,0.0,0.0,A01
201400021492,0,7,0,0.0,2.0,8.0,19.0,A01
201400021492,0,2,0,0.0,2.0,1.0,2.0,B01
201400021493,0,7,0,0.0,1.0,3.0,2.0,A01
201400021494,0,7,0,0.0,1.0,1.0,1.0,A01
201400021495,0,7,0,0.0,2.0,1.0,9.0,B01
201400021495,1,7,0,0.0,2.0,1.0,5.0,Z01
201400021496,0,7,0,0.0,1.0,7.0,1.0,A01
201400021497,0,10,0,0.0,0.0,5.0,9.0,A01
201400021497,0,33,0,0.0,2.0,1.0,2.0,B01
201400021498,0,7,0,0.0,1.0,1.0,1.0,A01
201400021499,0,7,0,6.0,0.0,1.0,2.0,A01
201400021500,0,33,0,12.0,0.0,9.0,1.0,A01
201400021501,0,7,0,0.0,2.0,8.0,2.0,A01
201400021501,0,7,0,0.0,2.0,1.0,2.0,B01
201400021502,0,7,0,1.0,1.0,1.0,1.0,A01
201400021503,0,7,0,0.0,2.0,1.0,2.0,A01
201400021503,0,7,0,0.0,0.0,4.0,2.0,B01
201400021503,0,7,0,0.0,0.0,4.0,2.0,C01
201400021504,0,7,0,0.0,2.0,9.0,1.0,A01
201400021504,0,33,0,0.0,2.0,1.0,1.0,B01
201400021505,0,7,0,0.0,2.0,2.0,2.0,A01
201400021505,0,7,0,0.0,2.0,4.0,11.0,B01
201400021505,0,1,0,0.0,9.0,0.0,2.0,C01
201400021506,0,7,0,0.0,1.0,3.0,1.0,A01
201400021507,0,7,0,12.0,1.0,0.0,16.0,A01
201400021508,0,7,0,0.0,2.0,2.0,2.0,A01
201400021508,0,10,0,13.0,0.0,4.0,2.0,B01
201400021509,0,33,0,0.0,2.0,7.0,17.0,A01
201400021509,0,10,0,0.0,2.0,3.0,0.0,B01
201400021510,1,7,0,0.0,1.0,4.0,2.0,Z01
201400021510,0,7,0,0.0,2.0,1.0,2.0,A01
201400021511,0,32,0,0.0,2.0,0.0,1.0,B01
201400021511,0,7,0,0.0,2.0,0.0,9.0,A01
201400021512,0,7,0,0.0,2.0,3.0,15.0,A01
201400021512,0,34,0,0.0,2.0,1.0,15.0,B01
201400021513,0,31,0,0.0,2.0,8.0,1.0,B01
201400021513,0,7,0,0.0,2.0,6.0,9.0,A01
201400021514,1,34,0,0.0,2.0,1.0,21.0,A01
201400021514,0,7,0,0.0,0.0,5.0,15.0,B01
201400021515,0,7,0,0.0,2.0,3.0,15.0,A01
201400021515,0,33,0,0.0,2.0,1.0,1.0,B01
201400021516,0,7,0,0.0,1.0,2.0,2.0,A01
201400021517,0,2,0,0.0,0.0,0.0,0.0,A01
201400021518,0,7,0,0.0,2.0,1.0,2.0,B01
201400021518,0,1,0,0.0,2.0,8.0,19.0,A01
201400021519,0,7,0,6.0,0.0,9.0,1.0,A01
201400021520,0,7,0,0.0,2.0,4.0,1.0,A01
201400021520,0,1,0,0.0,2.0,1.0,0.0,B01
201400021521,0,7,0,0.0,2.0,1.0,2.0,A01
201400021521,0,1,0,0.0,0.0,4.0,15.0,B01
201400021522,0,7,0,3.0,0.0,0.0,1.0,A01
201400021522,1,7,0,0.0,0.0,0.0,5.0,Z01
201400021523,0,7,0,0.0,2.0,1.0,2.0,B01
201400021523,0,7,0,0.0,0.0,7.0,2.0,A01
201400021524,0,30,0,0.0,2.0,4.0,0.0,A01
201400021524,0,7,0,0.0,2.0,1.0,1.0,B01
201400021525,0,7,0,0.0,2.0,1.0,2.0,B01
201400021525,0,7,0,0.0,2.0,3.0,19.0,A01
201400021525,0,7,0,0.0,2.0,6.0,2.0,C01
201400021526,0,7,0,0.0,0.0,0.0,0.0,B01
201400021526,0,1,0,0.0,0.0,0.0,0.0,A01
201400021527,0,7,0,0.0,1.0,1.0,9.0,A01
201400021528,0,7,0,8.0,0.0,8.0,14.0,A01
201400021529,0,7,0,0.0,0.0,9.0,1.0,A01
201400021529,0,7,0,0.0,2.0,0.0,1.0,B01
201400021530,0,38,50,0.0,1.0,2.0,2.0,A01
201400021531,0,7,0,0.0,2.0,8.0,9.0,A01
201400021531,0,33,0,0.0,2.0,1.0,1.0,B01
201400021532,0,7,0,0.0,2.0,7.0,9.0,A01
201400021532,0,33,0,0.0,2.0,1.0,2.0,B01
201400021533,0,34,0,0.0,2.0,1.0,15.0,B01
201400021533,0,7,0,0.0,2.0,0.0,0.0,A01
201400021534,0,7,0,0.0,1.0,1.0,2.0,A01
201400021535,0,7,0,0.0,2.0,4.0,1.0,A01
201400021535,0,7,0,0.0,2.0,1.0,2.0,B01
201400021536,0,7,0,0.0,0.0,4.0,2.0,A01
201400021536,0,7,0,0.0,2.0,1.0,2.0,B01
201400021537,0,7,0,0.0,2.0,3.0,1.0,A01
201400021537,0,1,0,0.0,2.0,4.0,1.0,B01
201400021538,0,7,0,0.0,1.0,1.0,15.0,A01
201400021539,0,7,0,0.0,1.0,3.0,2.0,A01
201400021540,0,7,0,0.0,1.0,2.0,2.0,A01
201400021541,0,31,0,0.0,2.0,0.0,1.0,A01
201400021541,0,7,0,0.0,2.0,3.0,9.0,B01
201400021542,0,7,0,0.0,1.0,2.0,2.0,A01
201400021543,0,7,0,0.0,2.0,1.0,5.0,A01
201400021543,0,10,0,0.0,2.0,1.0,1.0,B01
201400021544,0,7,0,0.0,1.0,1.0,2.0,A01
201400021545,0,7,0,0.0,2.0,1.0,2.0,A01
201400021545,0,7,0,0.0,2.0,4.0,2.0,B01
201400021545,0,7,0,0.0,2.0,4.0,2.0,C01
201400021546,0,2,0,0.0,2.0,1.0,2.0,A01
201400021546,0,7,0,0.0,2.0,2.0,16.0,B01
201400021547,0,7,0,0.0,0.0,0.0,5.0,A01
201400021547,0,7,0,0.0,2.0,9.0,1.0,B01
201400021547,0,7,0,0.0,2.0,3.0,1.0,C01
201400021548,0,7,0,3.0,0.0,1.0,2.0,A01
201400021549,0,7,0,3.0,0.0,9.0,0.0,A01
201400021550,0,10,0,0.0,0.0,4.0,16.0,A01
201400021550,0,33,0,0.0,0.0,1.0,1.0,B02
201400021551,0,33,0,0.0,2.0,9.0,5.0,A01
201400021551,0,7,0,0.0,0.0,6.0,1.0,B02
201400021552,0,33,0,0.0,2.0,1.0,13.0,A01
201400021552,0,7,0,0.0,2.0,3.0,1.0,B02
201400021553,0,7,0,0.0,0.0,3.0,23.0,A01
201400021553,0,1,0,0.0,0.0,3.0,15.0,B02
201400021554,0,14,0,0.0,2.0,3.0,1.0,A01
201400021554,0,7,0,0.0,2.0,3.0,1.0,B02
201400021555,0,7,0,0.0,2.0,1.0,1.0,B02
201400021555,0,7,0,3.0,2.0,2.0,1.0,A01
201400021556,0,14,0,0.0,2.0,1.0,1.0,A01
201400021556,0,14,0,0.0,0.0,4.0,1.0,B02
201400021557,0,32,0,0.0,0.0,0.0,1.0,A01
201400021558,0,7,0,10.0,2.0,1.0,5.0,C03
201400021558,0,7,0,0.0,2.0,2.0,21.0,A01
201400021558,0,7,0,8.0,0.0,6.0,15.0,B02
201400021559,0,7,0,0.0,2.0,2.0,15.0,B02
201400021559,0,7,0,0.0,2.0,1.0,1.0,A01
201400021560,0,7,0,1.0,0.0,1.0,1.0,A01
201400021561,0,33,0,0.0,2.0,1.0,17.0,B02
201400021561,0,7,0,0.0,2.0,6.0,15.0,A01
201400021562,0,33,0,13.0,0.0,1.0,11.0,A01
201400021563,0,1,0,1.0,0.0,1.0,14.0,A01
201400021564,0,7,0,0.0,2.0,1.0,1.0,A01
201400021564,0,1,0,0.0,2.0,4.0,11.0,B02
201400021565,0,7,0,0.0,1.0,2.0,17.0,A01
201400021566,0,10,0,0.0,2.0,1.0,13.0,A01
201400021566,0,7,0,0.0,2.0,1.0,1.0,B02
201400021567,0,7,0,0.0,5.0,1.0,21.0,A01
201400021568,0,7,0,0.0,2.0,1.0,1.0,B02
201400021568,0,7,0,0.0,2.0,6.0,15.0,A01
201400021569,0,1,0,0.0,2.0,1.0,1.0,A01
201400021569,0,7,0,0.0,0.0,4.0,23.0,B02
201400021570,0,10,0,0.0,1.0,3.0,1.0,A01
201400021571,0,10,0,0.0,2.0,1.0,1.0,B02
201400021571,0,36,0,0.0,2.0,1.0,13.0,A01
201400021572,0,7,0,0.0,2.0,2.0,1.0,B02
201400021572,0,7,0,0.0,2.0,3.0,19.0,A01
201400021573,0,7,0,2.0,0.0,5.0,1.0,A01
201400021574,0,10,0,0.0,2.0,1.0,0.0,A01
201400021574,0,30,0,0.0,2.0,7.0,1.0,B02
201400021575,0,7,0,0.0,1.0,1.0,0.0,A01
201400021576,0,7,0,2.0,0.0,2.0,1.0,A01
201400021577,0,7,0,0.0,2.0,1.0,1.0,B02
201400021577,0,7,0,0.0,2.0,1.0,5.0,A01
201400021578,0,7,0,13.0,0.0,2.0,14.0,A01
201400021579,0,17,0,13.0,0.0,2.0,14.0,A01
201400021580,0,7,0,4.0,0.0,1.0,13.0,A01
201400021581,0,7,0,0.0,2.0,1.0,2.0,A01
201400021581,0,17,0,0.0,2.0,4.0,1.0,B02
201400021582,0,7,0,0.0,2.0,2.0,2.0,B02
201400021582,0,17,0,0.0,0.0,6.0,2.0,A01
201400021583,0,15,0,0.0,2.0,6.0,2.0,C03
201400021583,0,7,0,14.0,0.0,7.0,2.0,E05
201400021583,0,15,0,0.0,2.0,1.0,2.0,A01
201400021584,0,17,0,0.0,2.0,1.0,2.0,A01
201400021584,0,7,0,0.0,0.0,4.0,2.0,C03
201400021585,0,10,0,4.0,0.0,1.0,1.0,A01
201400021585,0,7,0,0.0,9.0,3.0,1.0,B02
201400021586,0,7,0,14.0,0.0,1.0,0.0,C03
201400021586,0,7,0,4.0,0.0,1.0,0.0,A01
201400021586,0,7,0,14.0,0.0,3.0,0.0,B02
201400021586,0,7,0,14.0,0.0,7.0,0.0,D04
201400021587,0,10,0,0.0,2.0,8.0,1.0,B02
201400021587,0,7,0,0.0,2.0,2.0,17.0,A01
201400021588,0,7,0,0.0,2.0,4.0,2.0,B02
201400021588,0,10,0,0.0,2.0,1.0,2.0,A01
201400021589,0,10,0,0.0,2.0,1.0,1.0,B02
201400021589,0,7,0,0.0,2.0,7.0,1.0,A01
201400021590,0,7,0,10.0,5.0,3.0,1.0,A01
201400021591,0,7,0,0.0,0.0,2.0,1.0,A01
201400021592,0,7,0,0.0,1.0,3.0,1.0,A01
201400021593,0,7,0,8.0,2.0,4.0,10.0,B01
201400021593,0,7,0,0.0,2.0,1.0,2.0,A01
201400021594,0,3,0,3.0,0.0,0.0,1.0,A01
201400021595,0,7,0,0.0,2.0,3.0,15.0,B01
201400021595,0,33,0,0.0,2.0,7.0,15.0,A01
201400021596,0,7,0,0.0,1.0,2.0,1.0,A01
201400021597,0,7,0,0.0,1.0,2.0,1.0,A01
201400021598,0,7,0,0.0,1.0,2.0,1.0,A01
201400021599,0,7,0,0.0,2.0,1.0,1.0,A01
201400021599,0,7,0,0.0,2.0,4.0,23.0,B01
201400021599,0,7,0,0.0,2.0,4.0,23.0,C01
201400021600,0,7,0,0.0,1.0,0.0,0.0,A01
201400021601,0,10,0,0.0,1.0,3.0,1.0,A01
201400021602,0,7,0,0.0,1.0,1.0,1.0,A01
201400021603,0,36,0,0.0,2.0,1.0,13.0,A01
201400021603,0,7,0,0.0,2.0,1.0,1.0,B01
201400021604,0,7,0,9.0,2.0,3.0,15.0,B01
201400021604,0,7,0,9.0,2.0,1.0,13.0,A01
201400021605,0,7,0,12.0,1.0,1.0,1.0,A01
201400021606,0,7,0,0.0,1.0,1.0,1.0,A01
201400021607,0,31,0,0.0,2.0,1.0,2.0,B01
201400021607,0,7,0,0.0,2.0,8.0,24.0,A01
201400021608,0,10,0,0.0,1.0,1.0,1.0,A01
201400021609,0,2,0,0.0,2.0,1.0,12.0,A01
201400021609,0,7,0,0.0,2.0,3.0,1.0,B01
201400021610,0,30,0,0.0,2.0,4.0,2.0,B01
201400021611,0,7,0,6.0,0.0,0.0,2.0,A01
201400021612,0,7,0,0.0,1.0,1.0,1.0,A01
201400021613,0,7,0,0.0,1.0,1.0,2.0,A01
201400021614,0,7,0,0.0,1.0,1.0,0.0,A01
201400021615,0,7,0,0.0,1.0,2.0,1.0,A01
201400021616,0,33,0,0.0,2.0,4.0,0.0,A01
201400021617,0,7,0,0.0,1.0,0.0,1.0,A01
201400021618,0,33,0,0.0,2.0,1.0,5.0,B01
201400021618,0,7,0,0.0,2.0,3.0,5.0,A01
201400021619,0,7,0,0.0,2.0,6.0,1.0,B02
201400021619,0,30,0,0.0,2.0,1.0,17.0,A01
201400021620,0,7,0,0.0,1.0,3.0,1.0,A01
201400021621,1,7,0,0.0,1.0,3.0,1.0,A01
201400021622,0,7,0,0.0,1.0,1.0,17.0,A01
201400021623,0,33,0,0.0,2.0,1.0,1.0,B01
201400021623,0,7,0,0.0,0.0,7.0,1.0,A01
201400021623,0,7,0,0.0,2.0,3.0,1.0,C01
201400021624,0,7,0,2.0,0.0,1.0,2.0,A01
201400021625,0,7,0,0.0,1.0,6.0,4.0,A01
201400021626,0,7,0,0.0,0.0,3.0,1.0,B01
201400021626,0,10,0,0.0,0.0,2.0,1.0,A01
201400021627,0,7,0,0.0,2.0,8.0,9.0,A01
201400021627,0,1,0,0.0,0.0,7.0,1.0,B01
201400021628,0,15,0,0.0,2.0,2.0,1.0,B01
201400021628,0,7,0,0.0,2.0,1.0,9.0,A01
201400021629,0,37,4,0.0,2.0,4.0,1.0,B01
201400021629,0,7,0,0.0,2.0,1.0,1.0,A01
201400021630,0,7,0,0.0,2.0,7.0,1.0,A01
201400021630,0,7,0,0.0,2.0,3.0,1.0,B01
201400021631,0,2,0,0.0,1.0,1.0,1.0,A01
201400021632,0,7,0,0.0,2.0,4.0,2.0,B01
201400021632,0,7,0,0.0,2.0,4.0,2.0,C01
201400021632,0,7,0,0.0,0.0,1.0,2.0,A01
201400021633,0,7,0,0.0,2.0,7.0,2.0,C01
201400021633,0,7,0,0.0,2.0,3.0,1.0,B01
201400021633,0,7,0,0.0,2.0,3.0,1.0,A01
201400021634,0,7,0,15.0,0.0,1.0,14.0,A01
201400021635,0,7,0,13.0,0.0,9.0,21.0,A01
201400021636,0,7,0,13.0,0.0,2.0,14.0,A01
201400021637,0,7,0,13.0,0.0,9.0,14.0,A01
201400021638,0,7,0,13.0,0.0,9.0,21.0,A01
201400021639,0,7,0,0.0,2.0,3.0,1.0,B02
201400021639,1,99,0,0.0,2.0,0.0,14.0,A01
201400021640,0,7,0,13.0,0.0,2.0,1.0,A01
201400021641,0,7,0,13.0,0.0,2.0,14.0,A01
201400021642,0,7,0,0.0,2.0,4.0,2.0,A01
201400021642,0,7,0,0.0,2.0,1.0,2.0,B02
201400021642,0,7,0,0.0,2.0,4.0,2.0,C03
201400021642,0,7,0,0.0,2.0,1.0,2.0,D04
201400021643,0,13,0,2.0,0.0,1.0,1.0,A01
201400021644,0,7,0,0.0,6.0,1.0,1.0,A01
201400021645,0,7,0,0.0,2.0,1.0,5.0,A01
201400021645,0,7,0,0.0,2.0,1.0,1.0,B02
201400021646,0,33,0,10.0,0.0,8.0,1.0,A01
201400021647,0,7,0,0.0,1.0,1.0,17.0,A01
201400021648,0,31,0,0.0,2.0,1.0,1.0,B02
201400021648,0,10,0,0.0,2.0,3.0,15.0,A01
201400021649,0,10,0,0.0,1.0,1.0,20.0,A01
201400021650,0,7,0,0.0,0.0,6.0,1.0,B02
201400021650,0,33,0,0.0,2.0,1.0,1.0,A01
201400021651,0,7,0,0.0,1.0,3.0,15.0,A01
201400021652,0,33,0,6.0,0.0,1.0,1.0,A01
201400021653,0,33,0,0.0,2.0,9.0,17.0,B02
201400021653,0,7,0,0.0,2.0,6.0,1.0,A01
201400021654,0,2,0,13.0,0.0,7.0,1.0,A01
201400021655,0,33,0,5.0,0.0,1.0,1.0,A01
201400021656,0,7,0,0.0,2.0,6.0,23.0,A01
201400021656,0,31,0,0.0,2.0,1.0,2.0,B02
201400021657,0,7,0,0.0,1.0,2.0,1.0,A01
201400021658,0,33,0,6.0,0.0,1.0,1.0,A01
201400021659,0,1,0,0.0,0.0,0.0,1.0,A01
201400021660,0,7,0,0.0,9.0,7.0,2.0,A01
201400021660,0,1,0,0.0,2.0,8.0,2.0,B02
201400021661,0,2,0,0.0,2.0,1.0,13.0,A01
201400021661,0,7,0,0.0,2.0,2.0,1.0,B02
201400021662,0,7,0,0.0,2.0,3.0,1.0,B02
201400021662,0,2,0,0.0,2.0,1.0,17.0,A01
201400021663,0,14,0,0.0,2.0,7.0,1.0,B02
201400021663,0,30,0,0.0,2.0,1.0,1.0,A01
201400021664,0,7,0,0.0,2.0,2.0,1.0,A01
201400021664,0,7,0,0.0,2.0,3.0,1.0,B01
201400021665,0,7,0,0.0,2.0,8.0,15.0,B01
201400021665,0,33,0,0.0,2.0,8.0,1.0,A01
201400021666,0,7,0,8.0,0.0,1.0,1.0,A01
201400021667,0,7,0,0.0,2.0,1.0,9.0,A01
201400021667,0,33,0,0.0,2.0,6.0,1.0,B01
201400021668,0,7,0,0.0,2.0,1.0,1.0,B01
201400021668,0,2,0,0.0,2.0,1.0,1.0,A01
201400021669,0,14,0,0.0,2.0,1.0,1.0,C01
201400021669,0,37,1,0.0,2.0,1.0,13.0,A01
201400021669,0,7,0,0.0,2.0,8.0,1.0,B01
201400021670,0,33,0,0.0,2.0,1.0,1.0,B01
201400021670,0,7,0,0.0,2.0,3.0,15.0,A01
201400021671,0,1,0,0.0,2.0,1.0,1.0,B01
201400021671,0,7,0,0.0,2.0,2.0,1.0,A01
201400021672,0,14,0,0.0,1.0,0.0,4.0,A01
201400021673,0,7,0,0.0,2.0,3.0,1.0,B01
201400021673,0,7,0,0.0,2.0,2.0,1.0,A01
201400021674,0,1,0,0.0,2.0,1.0,16.0,B01
201400021674,0,7,0,0.0,2.0,3.0,16.0,A01
201400021675,0,7,0,0.0,1.0,1.0,1.0,A01
201400021676,0,7,0,1.0,1.0,4.0,4.0,A01
201400021677,0,7,0,0.0,1.0,1.0,1.0,A01
201400021678,0,7,0,0.0,2.0,6.0,1.0,B01
201400021678,0,10,0,0.0,2.0,1.0,1.0,A01
201400021679,0,1,0,0.0,2.0,7.0,1.0,B02
201400021679,0,7,0,0.0,9.0,1.0,15.0,A01
201400021680,0,1,0,0.0,0.0,4.0,0.0,B02
201400021680,0,7,0,0.0,9.0,3.0,2.0,A01
201400021681,0,7,0,0.0,2.0,5.0,17.0,A01
201400021681,0,7,0,0.0,2.0,3.0,1.0,B02
201400021682,0,7,0,5.0,0.0,1.0,14.0,A01
201400021683,0,33,0,0.0,2.0,1.0,2.0,A01
201400021683,0,7,0,0.0,0.0,4.0,2.0,B02
201400021684,0,15,0,3.0,2.0,1.0,1.0,A01
201400021684,0,17,0,0.0,2.0,3.0,1.0,B02
201400021684,0,17,0,0.0,2.0,8.0,1.0,C03
201400021685,0,7,0,0.0,2.0,1.0,5.0,A01
201400021685,0,7,0,0.0,2.0,1.0,1.0,B02
201400021686,0,7,0,6.0,0.0,2.0,1.0,A01
201400021687,0,7,0,16.0,0.0,9.0,1.0,A01
201400021688,0,31,0,0.0,0.0,0.0,1.0,A01
201400021689,0,7,0,0.0,2.0,3.0,15.0,B02
201400021689,0,7,0,0.0,2.0,2.0,16.0,A01
201400021690,0,7,0,0.0,2.0,2.0,1.0,A01
201400021690,0,7,0,0.0,2.0,1.0,1.0,B02
201400021691,0,3,0,0.0,2.0,1.0,1.0,A01
201400021691,0,7,0,0.0,2.0,4.0,1.0,B02
201400021692,0,7,0,9.0,0.0,1.0,1.0,A01
201400021693,0,33,0,0.0,2.0,1.0,1.0,A01