Num_Acc,senc,catv,occutc,obs,obsm,choc,manv,num_veh
201400021693,0,37,1,0.0,2.0,8.0,15.0,B02
201400021694,0,30,0,0.0,2.0,1.0,1.0,B02
201400021694,0,7,0,0.0,2.0,6.0,15.0,A01
201400021695,0,7,0,0.0,2.0,2.0,1.0,A01
201400021695,0,2,0,0.0,2.0,8.0,1.0,B02
201400021696,0,7,0,0.0,2.0,1.0,1.0,B02
201400021696,0,7,0,0.0,2.0,3.0,1.0,C03
201400021696,0,7,0,0.0,2.0,0.0,1.0,A01
201400021697,0,7,0,4.0,0.0,3.0,1.0,A01
201400021698,0,7,0,,0.0,1.0,1.0,B02
201400021698,0,7,0,0.0,2.0,6.0,1.0,A01
201400021698,0,7,0,,,,,C03
201400021699,0,7,0,3.0,0.0,1.0,1.0,A01
201400021700,0,7,0,0.0,2.0,1.0,1.0,A01
201400021700,0,17,0,0.0,0.0,6.0,1.0,B02
201400021701,0,7,0,0.0,1.0,2.0,1.0,A01
201400021702,0,15,0,0.0,2.0,2.0,6.0,A01
201400021702,0,7,0,0.0,2.0,3.0,1.0,B02
201400021703,0,10,0,3.0,0.0,7.0,1.0,A01
201400021704,0,7,0,0.0,2.0,1.0,17.0,A01
201400021704,0,7,0,0.0,2.0,6.0,1.0,B02
201400021705,0,7,0,3.0,0.0,2.0,1.0,A01
201400021706,0,14,0,3.0,0.0,8.0,2.0,A01
201400021707,0,7,0,3.0,0.0,1.0,1.0,D04
201400021707,0,17,0,3.0,2.0,2.0,1.0,A01
201400021707,0,7,0,3.0,0.0,1.0,1.0,B02
201400021707,0,7,0,3.0,0.0,1.0,1.0,C03
201400021707,0,7,0,14.0,0.0,1.0,1.0,E05
201400021708,0,17,0,0.0,0.0,4.0,2.0,B02
201400021708,0,17,0,0.0,2.0,1.0,2.0,A01
201400021709,0,7,0,4.0,0.0,1.0,1.0,A01
201400021710,0,14,0,0.0,0.0,6.0,23.0,A01
201400021710,0,7,0,1.0,0.0,2.0,1.0,B02
201400021711,0,7,0,0.0,0.0,7.0,2.0,A01
201400021711,0,7,0,0.0,2.0,1.0,2.0,B02
201400021712,0,10,0,0.0,2.0,2.0,2.0,A01
201400021712,0,17,0,0.0,2.0,6.0,2.0,B01
201400021713,0,7,0,0.0,2.0,6.0,5.0,B02
201400021713,0,7,0,0.0,2.0,1.0,5.0,C03
201400021713,0,7,0,0.0,2.0,1.0,1.0,A01
201400021714,0,7,0,0.0,1.0,1.0,21.0,A01
201400021715,0,7,0,1.0,0.0,1.0,1.0,A01
201400021715,0,7,0,6.0,2.0,4.0,24.0,B02
201400021716,0,7,0,0.0,2.0,1.0,13.0,B02
201400021716,0,7,0,0.0,2.0,1.0,1.0,A01
201400021717,0,7,0,0.0,2.0,3.0,1.0,B01
201400021717,0,33,0,0.0,2.0,1.0,21.0,A01
201400021717,0,33,0,0.0,2.0,8.0,23.0,C01
201400021718,0,7,0,0.0,1.0,7.0,17.0,A01
201400021719,0,30,0,0.0,0.0,0.0,0.0,A01
201400021720,0,7,0,0.0,2.0,4.0,23.0,D01
201400021720,0,7,0,0.0,2.0,1.0,1.0,A01
201400021720,0,7,0,0.0,2.0,4.0,23.0,B01
201400021720,0,7,0,0.0,2.0,4.0,23.0,C01
201400021721,0,1,0,0.0,0.0,1.0,1.0,B01
201400021721,0,7,0,0.0,9.0,2.0,22.0,A01
201400021722,0,38,1,0.0,1.0,2.0,0.0,A01
201400021723,0,7,0,0.0,0.0,0.0,0.0,A01
201400021723,0,32,0,0.0,2.0,1.0,1.0,B01
201400021724,0,7,0,0.0,1.0,3.0,1.0,A01
201400021725,0,7,0,0.0,1.0,1.0,0.0,A01
201400021726,0,37,0,0.0,1.0,7.0,1.0,A01
201400021727,0,1,0,0.0,4.0,7.0,1.0,B01
201400021727,0,7,0,0.0,2.0,1.0,1.0,A01
201400021728,0,7,0,0.0,2.0,2.0,15.0,C01
201400021728,0,33,0,12.0,2.0,2.0,21.0,A01
201400021728,0,7,0,0.0,2.0,1.0,1.0,B01
201400021729,1,7,0,0.0,1.0,0.0,0.0,A01
201400021730,0,7,0,0.0,0.0,8.0,1.0,B01
201400021730,0,7,0,0.0,2.0,1.0,15.0,A01
201400021731,0,32,0,0.0,2.0,7.0,1.0,B01
201400021731,0,7,0,0.0,2.0,8.0,20.0,A01
201400021732,0,33,0,0.0,0.0,0.0,0.0,B01
201400021732,0,13,0,0.0,0.0,0.0,0.0,A01
201400021733,0,7,0,0.0,2.0,5.0,2.0,B01
201400021733,0,2,0,0.0,2.0,1.0,2.0,A01
201400021734,0,7,0,0.0,1.0,3.0,0.0,A01
201400021735,0,7,0,9.0,0.0,1.0,1.0,A01
201400021736,0,7,0,0.0,0.0,4.0,1.0,A01
201400021736,0,33,0,0.0,2.0,1.0,1.0,B01
201400021737,0,7,0,0.0,1.0,1.0,1.0,A01
201400021738,0,7,0,0.0,2.0,1.0,17.0,B01
201400021738,0,7,0,0.0,2.0,8.0,10.0,A01
201400021739,0,30,0,0.0,2.0,2.0,2.0,B01
201400021739,0,7,0,0.0,2.0,3.0,2.0,A01
201400021740,0,34,0,0.0,2.0,1.0,17.0,A01
201400021740,0,7,0,0.0,2.0,1.0,15.0,B01
201400021741,0,1,0,0.0,2.0,7.0,21.0,B01
201400021741,0,7,0,0.0,9.0,1.0,9.0,A01
201400021742,0,7,0,0.0,1.0,0.0,0.0,A01
201400021743,0,33,0,3.0,0.0,3.0,1.0,A01
201400021744,0,1,0,0.0,2.0,1.0,1.0,B01
201400021744,0,7,0,0.0,2.0,1.0,9.0,A01
201400021745,0,7,0,0.0,2.0,5.0,15.0,A01
201400021745,0,33,0,0.0,2.0,1.0,0.0,B01
201400021746,0,1,0,0.0,2.0,2.0,1.0,B01
201400021746,0,7,0,0.0,2.0,3.0,15.0,A01
201400021747,0,7,0,13.0,0.0,9.0,2.0,A01
201400021748,0,2,0,12.0,0.0,1.0,13.0,A01
201400021749,0,7,0,0.0,1.0,0.0,0.0,A01
201400021750,0,33,0,0.0,0.0,8.0,2.0,A01
201400021751,0,7,0,0.0,2.0,4.0,2.0,C01
201400021751,0,7,0,0.0,2.0,4.0,2.0,B01
201400021751,0,7,0,0.0,2.0,1.0,2.0,A01
201400021752,0,7,0,0.0,2.0,1.0,1.0,B01
201400021752,0,7,0,0.0,2.0,1.0,13.0,A01
201400021753,0,7,0,4.0,0.0,1.0,0.0,A01
201400021754,0,34,0,0.0,0.0,8.0,16.0,A01
201400021755,0,7,0,7.0,0.0,1.0,21.0,A01
201400021756,0,2,0,0.0,1.0,8.0,1.0,A01
201400021757,0,7,0,0.0,1.0,3.0,20.0,A01
201400021758,0,33,0,0.0,0.0,0.0,0.0,A01
201400021759,0,2,0,0.0,0.0,0.0,0.0,A01
201400021760,0,7,0,0.0,2.0,3.0,15.0,A01
201400021760,0,1,0,0.0,2.0,1.0,1.0,B01
201400021761,0,7,0,0.0,1.0,2.0,20.0,A01
201400021762,0,30,0,0.0,2.0,1.0,0.0,B01
201400021762,0,7,0,0.0,2.0,1.0,15.0,A01
201400021763,0,38,1,0.0,1.0,2.0,1.0,A01
201400021764,0,7,0,0.0,1.0,3.0,1.0,A01
201400021765,0,7,0,0.0,2.0,1.0,2.0,A01
201400021765,0,7,0,0.0,2.0,4.0,2.0,B01
201400021765,0,7,0,0.0,2.0,4.0,12.0,C01
201400021766,0,7,0,13.0,0.0,3.0,1.0,A01
201400021767,0,1,0,0.0,0.0,0.0,0.0,A01
201400021768,0,7,0,0.0,0.0,8.0,23.0,B01
201400021768,0,7,0,0.0,1.0,3.0,1.0,A01
201400021769,0,7,0,0.0,1.0,1.0,1.0,A01
201400021770,0,33,0,0.0,2.0,1.0,1.0,B01
201400021770,0,7,0,0.0,0.0,8.0,16.0,A01
201400021771,0,7,0,0.0,1.0,1.0,1.0,A01
201400021772,0,33,0,0.0,2.0,1.0,1.0,B01
201400021772,0,7,0,0.0,2.0,2.0,15.0,A01
201400021773,0,7,0,14.0,0.0,1.0,1.0,A01
201400021774,0,1,0,0.0,2.0,1.0,1.0,B01
201400021774,0,7,0,0.0,2.0,1.0,15.0,A01
201400021775,0,30,0,14.0,0.0,1.0,2.0,A01
201400021775,0,7,0,0.0,0.0,5.0,2.0,B01
201400021776,0,2,0,0.0,2.0,3.0,1.0,B01
201400021776,0,7,0,0.0,2.0,3.0,15.0,A01
201400021777,0,7,0,0.0,1.0,1.0,1.0,A01
201400021778,0,7,0,0.0,9.0,2.0,0.0,B01
201400021778,0,1,0,0.0,2.0,3.0,0.0,A01
201400021779,0,30,0,0.0,2.0,1.0,0.0,A01
201400021779,1,7,0,0.0,2.0,0.0,0.0,Z01
201400021780,0,7,0,0.0,1.0,2.0,1.0,A01
201400021781,0,7,0,8.0,0.0,1.0,2.0,A01
201400021782,0,33,0,0.0,2.0,1.0,0.0,A01
201400021782,0,7,0,0.0,2.0,2.0,1.0,B01
201400021783,0,15,0,0.0,2.0,2.0,15.0,A01
201400021783,0,7,0,0.0,9.0,1.0,1.0,B01
201400021784,0,7,0,0.0,2.0,4.0,2.0,B01
201400021784,0,7,0,0.0,2.0,1.0,2.0,A01
201400021785,0,7,0,0.0,2.0,8.0,23.0,A01
201400021785,0,7,0,0.0,2.0,1.0,1.0,B01
201400021786,0,32,0,0.0,2.0,2.0,19.0,A01
201400021786,0,7,0,0.0,2.0,3.0,19.0,B01
201400021787,0,7,0,0.0,2.0,2.0,0.0,A01
201400021788,0,7,0,0.0,2.0,7.0,13.0,A01
201400021788,0,7,0,0.0,2.0,1.0,2.0,B01
201400021789,0,7,0,0.0,2.0,1.0,2.0,A01
201400021789,0,7,0,0.0,2.0,4.0,2.0,B01
201400021790,0,7,0,0.0,1.0,1.0,1.0,A01
201400021791,0,38,0,0.0,1.0,4.0,4.0,A01
201400021792,0,33,0,0.0,2.0,2.0,15.0,B01
201400021792,0,7,0,0.0,2.0,1.0,15.0,A01
201400021793,0,3,0,0.0,0.0,0.0,1.0,A01
201400021794,0,32,0,0.0,0.0,8.0,21.0,A01
201400021794,0,7,0,0.0,0.0,0.0,24.0,B01
201400021795,0,7,0,0.0,0.0,7.0,15.0,A01
201400021795,0,31,0,0.0,2.0,1.0,1.0,B01
201400021796,0,7,0,0.0,0.0,1.0,12.0,A01
201400021796,0,1,0,0.0,0.0,0.0,0.0,B01
201400021797,0,33,0,0.0,0.0,1.0,1.0,B01
201400021797,0,7,0,0.0,0.0,3.0,15.0,A01
201400021798,0,7,0,0.0,0.0,4.0,0.0,B01
201400021798,0,7,0,0.0,2.0,1.0,1.0,A01
201400021799,0,10,0,0.0,0.0,0.0,0.0,B01
201400021799,0,32,0,0.0,0.0,8.0,1.0,A01
201400021800,0,7,0,0.0,9.0,3.0,1.0,A01
201400021800,0,1,0,0.0,2.0,2.0,19.0,B01
201400021801,0,7,0,0.0,2.0,1.0,2.0,A01
201400021801,0,15,0,0.0,0.0,4.0,2.0,B01
201400021802,0,33,0,0.0,2.0,6.0,0.0,B01
201400021802,0,7,0,0.0,2.0,6.0,0.0,A01
201400021803,0,2,0,0.0,2.0,7.0,17.0,A01
201400021803,0,7,0,0.0,2.0,3.0,15.0,B01
201400021804,0,30,0,0.0,0.0,0.0,2.0,A01
201400021805,0,7,0,0.0,2.0,2.0,15.0,A01
201400021805,0,37,2,0.0,2.0,6.0,1.0,B01
201400021806,0,7,0,0.0,2.0,3.0,16.0,A01
201400021806,0,7,0,0.0,2.0,1.0,1.0,B01
201400021807,0,30,0,0.0,0.0,7.0,0.0,A01
201400021808,0,7,0,0.0,1.0,3.0,1.0,A01
201400021809,0,7,0,0.0,1.0,2.0,0.0,A01
201400021810,0,33,0,0.0,0.0,8.0,0.0,A01
201400021811,0,7,0,2.0,0.0,9.0,2.0,A01
201400021812,0,7,0,0.0,1.0,1.0,1.0,A01
201400021813,0,37,1,0.0,2.0,3.0,7.0,B01
201400021813,0,7,0,0.0,2.0,2.0,16.0,A01
201400021814,0,7,0,0.0,2.0,1.0,2.0,A01
201400021814,0,7,0,0.0,2.0,4.0,2.0,B01
201400021815,0,7,0,0.0,1.0,1.0,1.0,A01
201400021816,0,30,0,0.0,2.0,1.0,1.0,B01
201400021816,0,7,0,0.0,2.0,2.0,15.0,A01
201400021817,0,33,0,0.0,0.0,1.0,0.0,A01
201400021818,0,7,0,0.0,2.0,2.0,15.0,B01
201400021818,0,7,0,0.0,2.0,1.0,17.0,A01
201400021819,0,33,0,0.0,2.0,7.0,2.0,A01
201400021819,1,7,0,0.0,2.0,0.0,2.0,Z01
201400021820,0,1,0,0.0,0.0,0.0,0.0,B01
201400021820,0,7,0,0.0,2.0,1.0,9.0,A01
201400021821,0,1,0,0.0,1.0,8.0,19.0,B01
201400021821,0,7,0,0.0,9.0,3.0,1.0,A01
201400021822,0,7,0,0.0,1.0,3.0,4.0,A01
201400021823,0,7,0,0.0,2.0,8.0,1.0,C01
201400021823,0,33,0,0.0,2.0,7.0,1.0,A01
201400021823,0,7,0,0.0,0.0,7.0,16.0,B01
201400021824,0,7,0,0.0,2.0,1.0,2.0,A01
201400021824,0,7,0,0.0,2.0,4.0,2.0,B01
201400021825,0,33,0,0.0,2.0,1.0,1.0,B01
201400021825,0,7,0,0.0,2.0,1.0,13.0,A01
201400021826,0,1,0,0.0,2.0,7.0,19.0,B01
201400021826,0,7,0,0.0,2.0,1.0,1.0,A01
201400021827,0,7,0,0.0,2.0,3.0,0.0,A01
201400021827,0,1,0,0.0,0.0,6.0,0.0,B01
201400021828,0,7,0,0.0,2.0,1.0,9.0,A01
201400021828,0,7,0,0.0,2.0,7.0,19.0,B01
201400021829,0,7,0,0.0,2.0,4.0,1.0,B01
201400021829,0,7,0,0.0,2.0,1.0,1.0,A01
201400021830,0,34,0,0.0,2.0,1.0,9.0,A01
201400021830,0,7,0,0.0,2.0,1.0,1.0,B01
201400021831,0,7,0,0.0,1.0,4.0,4.0,A01
201400021832,0,7,0,0.0,1.0,1.0,1.0,A01
201400021833,0,7,0,0.0,1.0,1.0,1.0,A01
201400021834,0,2,0,0.0,0.0,8.0,1.0,A01
201400021835,0,1,0,0.0,0.0,0.0,0.0,B01
201400021835,0,7,0,0.0,9.0,7.0,13.0,A01
201400021836,0,7,0,7.0,0.0,1.0,1.0,A01
201400021837,0,10,0,0.0,2.0,1.0,1.0,A01
201400021837,0,7,0,0.0,2.0,3.0,15.0,B01
201400021838,0,33,0,0.0,0.0,0.0,0.0,A01
201400021839,0,7,0,13.0,0.0,0.0,1.0,A01
201400021840,0,7,0,0.0,9.0,5.0,16.0,A01
201400021840,0,1,0,0.0,2.0,1.0,2.0,B01
201400021841,0,7,0,0.0,1.0,2.0,15.0,A01
201400021842,0,7,0,0.0,9.0,3.0,1.0,A01
201400021842,0,1,0,0.0,2.0,1.0,15.0,B01
201400021843,0,7,0,0.0,2.0,2.0,9.0,B01
201400021843,0,7,0,0.0,2.0,3.0,1.0,A01
201400021844,0,7,0,0.0,2.0,6.0,1.0,A01
201400021844,0,33,0,0.0,2.0,2.0,1.0,B01
201400021845,0,7,0,0.0,1.0,3.0,2.0,A01
201400021846,0,7,0,0.0,2.0,5.0,2.0,C01
201400021846,0,7,0,0.0,2.0,3.0,2.0,A01
201400021846,0,7,0,0.0,2.0,5.0,2.0,B01
201400021846,0,7,0,0.0,2.0,5.0,2.0,D01
201400021847,0,7,0,0.0,1.0,1.0,1.0,A01
201400021848,0,32,0,0.0,0.0,7.0,2.0,A01
201400021849,0,13,0,0.0,0.0,1.0,1.0,A01
201400021849,0,33,0,0.0,0.0,1.0,2.0,B01
201400021850,0,7,0,0.0,2.0,8.0,15.0,B01
201400021850,0,7,0,0.0,2.0,1.0,2.0,A01
201400021851,0,7,0,0.0,2.0,2.0,17.0,A01
201400021851,0,2,0,0.0,2.0,6.0,15.0,B01
201400021852,0,7,0,2.0,1.0,3.0,16.0,A01
201400021853,0,32,0,0.0,2.0,1.0,2.0,A01
201400021853,0,7,0,0.0,2.0,6.0,1.0,B01
201400021854,0,7,0,6.0,0.0,1.0,0.0,A01
201400021855,0,10,0,0.0,2.0,1.0,2.0,A01
201400021855,0,7,0,0.0,0.0,4.0,2.0,B01
201400021856,0,7,0,0.0,2.0,1.0,2.0,A01
201400021856,0,7,0,0.0,2.0,4.0,2.0,B01
201400021856,0,7,0,0.0,2.0,4.0,2.0,C01
201400021856,0,7,0,0.0,0.0,4.0,2.0,D01
201400021857,0,7,0,0.0,0.0,1.0,5.0,A01
201400021857,0,1,0,0.0,0.0,4.0,5.0,B01
201400021858,0,7,0,0.0,2.0,9.0,2.0,B01
201400021858,0,7,0,0.0,2.0,9.0,2.0,A01
201400021859,0,7,0,0.0,2.0,8.0,15.0,A01
201400021859,0,33,0,0.0,2.0,1.0,17.0,B01
201400021860,0,7,0,0.0,2.0,4.0,2.0,B01
201400021860,0,7,0,0.0,2.0,1.0,2.0,A01
201400021861,0,7,0,0.0,0.0,0.0,1.0,B01
201400021861,0,7,0,0.0,2.0,1.0,0.0,A01
201400021862,0,7,0,0.0,2.0,1.0,0.0,A01
201400021862,0,7,0,0.0,2.0,4.0,0.0,B01
201400021862,0,7,0,0.0,2.0,4.0,0.0,C01
201400021863,0,7,0,1.0,0.0,1.0,2.0,A01
201400021864,0,7,0,0.0,9.0,2.0,1.0,A01
201400021864,0,1,0,0.0,2.0,1.0,1.0,B01
201400021865,0,34,0,0.0,2.0,1.0,1.0,A01
201400021865,0,7,0,0.0,2.0,2.0,20.0,B01
201400021866,0,1,0,0.0,2.0,1.0,19.0,B01
201400021866,0,7,0,0.0,9.0,2.0,1.0,A01
201400021867,1,32,0,0.0,1.0,3.0,16.0,A01
201400021868,0,7,0,0.0,2.0,3.0,2.0,A01
201400021868,0,31,0,0.0,2.0,2.0,2.0,B01
201400021869,0,7,0,0.0,2.0,3.0,15.0,A01
201400021869,0,33,0,0.0,2.0,7.0,2.0,B01
201400021870,0,7,0,8.0,0.0,1.0,13.0,A01
201400021871,0,7,0,2.0,0.0,8.0,0.0,A01
201400021872,1,7,0,0.0,2.0,1.0,1.0,A01
201400021872,0,1,0,0.0,2.0,7.0,1.0,B01
201400021873,0,7,0,0.0,1.0,2.0,1.0,A01
201400021874,0,7,0,0.0,0.0,3.0,0.0,B01
201400021874,0,99,0,0.0,1.0,0.0,0.0,A01
201400021875,0,30,0,0.0,0.0,1.0,1.0,A01
201400021876,0,7,0,0.0,1.0,8.0,2.0,A01
201400021877,0,7,0,0.0,2.0,3.0,15.0,A01
201400021877,0,7,0,0.0,2.0,3.0,1.0,B01
201400021878,0,7,0,0.0,2.0,2.0,15.0,A01
201400021878,0,33,0,0.0,2.0,1.0,1.0,B01
201400021879,0,7,0,0.0,1.0,3.0,13.0,A01
201400021880,0,2,0,0.0,2.0,2.0,17.0,B01
201400021880,0,7,0,0.0,2.0,3.0,15.0,A01
201400021881,0,17,0,0.0,2.0,4.0,2.0,B01
201400021881,0,10,0,0.0,2.0,1.0,1.0,A01
201400021882,0,37,0,0.0,1.0,1.0,7.0,A01
201400021883,0,7,0,13.0,0.0,2.0,1.0,A01
201400021884,0,7,0,0.0,0.0,0.0,11.0,A01
201400021884,0,32,0,0.0,2.0,0.0,2.0,B01
201400021885,0,7,0,0.0,1.0,2.0,1.0,A01
201400021886,0,7,0,0.0,0.0,3.0,10.0,B01
201400021886,0,33,0,0.0,2.0,1.0,1.0,A01
201400021887,0,7,0,0.0,1.0,1.0,16.0,A01
201400021888,0,30,0,0.0,2.0,3.0,15.0,A01
201400021888,0,14,0,0.0,2.0,3.0,1.0,B01
201400021889,0,30,0,0.0,0.0,8.0,2.0,A01
201400021890,0,33,0,0.0,0.0,0.0,13.0,A01
201400021891,0,2,0,0.0,0.0,0.0,1.0,B01
201400021891,0,7,0,0.0,0.0,4.0,1.0,A01
201400021892,1,7,0,1.0,0.0,1.0,13.0,A01
201400021893,0,31,0,12.0,0.0,1.0,1.0,A01
201400021894,0,2,0,0.0,5.0,1.0,1.0,A01
201400021895,0,7,0,0.0,0.0,4.0,2.0,C01
201400021895,0,7,0,0.0,2.0,4.0,2.0,B01
201400021895,0,7,0,0.0,2.0,1.0,2.0,A01
201400021896,0,7,0,0.0,0.0,0.0,0.0,B01
201400021896,0,1,0,0.0,0.0,0.0,0.0,A01
201400021897,0,10,0,0.0,1.0,8.0,1.0,A01
201400021898,0,7,0,13.0,0.0,1.0,21.0,A01
201400021899,0,7,0,0.0,2.0,3.0,1.0,A01
201400021899,0,3,0,0.0,2.0,2.0,19.0,B02
201400021900,0,7,0,0.0,0.0,7.0,1.0,A01
201400021901,0,31,0,0.0,2.0,1.0,1.0,B02
201400021901,0,7,0,0.0,2.0,7.0,15.0,A01
201400021902,0,7,0,0.0,2.0,1.0,13.0,A01
201400021902,0,7,0,0.0,2.0,1.0,13.0,B02
201400021903,0,7,0,6.0,0.0,1.0,1.0,A01
201400021904,0,7,0,6.0,0.0,2.0,1.0,A01
201400021905,0,7,0,0.0,2.0,1.0,19.0,A01
201400021905,0,1,0,0.0,2.0,0.0,23.0,B02
201400021905,0,7,0,0.0,2.0,3.0,1.0,C03
201400021906,0,7,0,0.0,2.0,3.0,1.0,A01
201400021906,0,7,0,0.0,2.0,3.0,1.0,B02
201400021907,0,7,0,2.0,0.0,2.0,13.0,A01
201400021908,0,10,0,0.0,2.0,7.0,1.0,A01
201400021908,0,30,0,0.0,2.0,1.0,19.0,B02
201400021909,0,7,0,0.0,2.0,1.0,1.0,B02
201400021909,0,10,0,0.0,2.0,2.0,15.0,A01
201400021910,0,7,0,0.0,0.0,7.0,1.0,A01
201400021911,0,2,0,1.0,0.0,1.0,1.0,A01
201400021912,0,7,0,0.0,2.0,1.0,1.0,B02
201400021912,0,7,0,0.0,2.0,1.0,1.0,C03
201400021912,0,7,0,0.0,2.0,1.0,13.0,A01
201400021913,0,37,1,0.0,0.0,4.0,23.0,B01
201400021913,0,2,0,0.0,2.0,1.0,2.0,A01
201400021914,0,7,0,0.0,0.0,4.0,2.0,B01
201400021914,0,15,0,0.0,2.0,1.0,1.0,A01
201400021915,0,7,0,0.0,1.0,2.0,1.0,A01
201400021916,0,7,0,0.0,2.0,1.0,1.0,A01
201400021916,0,33,0,0.0,2.0,4.0,1.0,B01
201400021917,0,32,0,0.0,2.0,1.0,1.0,B01
201400021917,0,7,0,0.0,2.0,3.0,15.0,A01
201400021918,0,7,0,0.0,1.0,2.0,1.0,A01
201400021919,0,7,0,0.0,2.0,3.0,1.0,B01
201400021919,0,10,0,0.0,2.0,3.0,13.0,A01
201400021920,0,7,0,0.0,1.0,2.0,15.0,A01
201400021921,0,7,0,0.0,2.0,3.0,10.0,B01
201400021921,0,32,0,0.0,2.0,1.0,17.0,A01
201400021922,0,7,0,0.0,1.0,2.0,0.0,A01
201400021923,0,2,0,0.0,2.0,5.0,1.0,B01
201400021923,0,7,0,0.0,2.0,1.0,9.0,A01
201400021924,0,33,0,0.0,2.0,7.0,1.0,B01
201400021924,0,7,0,0.0,2.0,1.0,15.0,A01
201400021925,0,7,0,0.0,9.0,2.0,0.0,B01
201400021925,0,1,0,0.0,2.0,1.0,5.0,A01
201400021926,0,7,0,0.0,2.0,1.0,13.0,A01
201400021926,0,7,0,0.0,2.0,1.0,1.0,B01
201400021927,0,7,0,2.0,0.0,3.0,0.0,A01
201400021928,0,7,0,0.0,2.0,1.0,1.0,B01
201400021928,0,7,0,0.0,6.0,7.0,13.0,A01
201400021929,0,7,0,9.0,2.0,1.0,14.0,A01
201400021929,0,7,0,0.0,2.0,8.0,2.0,B01
201400021930,0,14,0,13.0,2.0,1.0,0.0,B01
201400021930,0,7,0,13.0,2.0,1.0,19.0,A01
201400021931,0,7,0,2.0,0.0,8.0,1.0,A01
201400021932,1,7,0,0.0,0.0,0.0,0.0,A01
201400021932,0,7,0,0.0,0.0,6.0,0.0,B01
201400021933,0,39,0,0.0,2.0,1.0,1.0,B01
201400021933,0,7,0,0.0,4.0,7.0,1.0,A01
201400021934,0,7,0,0.0,2.0,1.0,13.0,A01
201400021934,0,7,0,0.0,2.0,3.0,1.0,C01
201400021934,0,7,0,0.0,2.0,6.0,1.0,B01
201400021935,0,32,0,0.0,2.0,1.0,2.0,A01
201400021935,0,7,0,0.0,2.0,6.0,2.0,B01
201400021936,0,1,0,0.0,2.0,6.0,2.0,B01
201400021936,1,3,0,0.0,9.0,2.0,2.0,A01
201400021937,0,7,0,0.0,2.0,3.0,9.0,A01
201400021937,0,7,0,0.0,2.0,2.0,1.0,B01
201400021938,0,7,0,0.0,2.0,3.0,1.0,B01
201400021938,0,33,0,0.0,2.0,1.0,16.0,A01
201400021939,0,7,0,0.0,1.0,1.0,1.0,A01
201400021940,0,7,0,0.0,1.0,2.0,1.0,A01
201400021941,0,7,0,0.0,2.0,1.0,13.0,A01
201400021941,0,7,0,0.0,2.0,1.0,1.0,B01
201400021942,0,7,0,0.0,2.0,5.0,1.0,B01
201400021942,0,7,0,0.0,2.0,3.0,1.0,A01
201400021943,0,33,0,0.0,2.0,1.0,1.0,B01
201400021943,0,33,0,0.0,2.0,1.0,17.0,A01
201400021944,0,7,0,0.0,1.0,1.0,1.0,A01
201400021945,0,7,0,0.0,9.0,5.0,1.0,B01
201400021945,0,1,0,0.0,2.0,1.0,1.0,A01
201400021946,0,30,0,0.0,2.0,8.0,1.0,B01
201400021946,0,7,0,0.0,2.0,7.0,9.0,A01
201400021947,0,7,0,0.0,2.0,3.0,1.0,B01
201400021947,0,7,0,0.0,2.0,5.0,12.0,A01
201400021948,0,34,0,11.0,0.0,5.0,16.0,A01
201400021949,0,7,0,0.0,1.0,2.0,1.0,A01
201400021950,0,7,0,0.0,2.0,3.0,10.0,A01
201400021950,0,7,0,0.0,2.0,1.0,1.0,B01
201400021951,0,7,0,0.0,0.0,9.0,1.0,A01
201400021952,0,7,0,0.0,2.0,4.0,1.0,B01
201400021952,1,7,0,7.0,2.0,1.0,2.0,A01
201400021953,0,7,0,2.0,2.0,1.0,17.0,A01
201400021953,0,7,0,0.0,2.0,1.0,1.0,B01
201400021954,0,7,0,0.0,1.0,5.0,4.0,A01
201400021955,0,7,0,0.0,2.0,1.0,1.0,A01
201400021955,0,14,0,0.0,2.0,4.0,1.0,B02
201400021955,0,7,0,0.0,2.0,1.0,1.0,C03
201400021955,0,17,0,0.0,2.0,6.0,1.0,D04
201400021955,0,7,0,0.0,2.0,1.0,1.0,E05
201400021956,0,15,0,1.0,0.0,5.0,14.0,A01
201400021956,0,15,0,0.0,0.0,6.0,24.0,B02
201400021957,0,7,0,3.0,0.0,1.0,1.0,A01
201400021958,0,7,0,4.0,0.0,9.0,1.0,A01
201400021959,0,7,0,0.0,2.0,1.0,2.0,A01
201400021959,0,17,0,0.0,0.0,4.0,2.0,B02
201400021960,0,10,0,0.0,2.0,2.0,14.0,A01
201400021960,0,17,0,0.0,0.0,6.0,1.0,B02
201400021961,0,17,0,0.0,2.0,4.0,2.0,B02
201400021961,0,14,0,0.0,2.0,2.0,1.0,A01
201400021962,0,7,0,0.0,2.0,3.0,9.0,B02
201400021962,0,7,0,0.0,2.0,2.0,1.0,A01
201400021963,0,33,0,0.0,2.0,8.0,21.0,B01
201400021963,0,7,0,0.0,2.0,6.0,13.0,A01
201400021964,0,7,0,0.0,2.0,1.0,19.0,B02
201400021964,0,7,0,0.0,2.0,8.0,1.0,A01
201400021965,0,7,0,0.0,2.0,3.0,1.0,B01
201400021965,0,7,0,0.0,2.0,1.0,13.0,A01
201400021966,0,7,0,13.0,2.0,4.0,12.0,A01
201400021966,0,17,0,0.0,2.0,2.0,1.0,B02
201400021967,0,10,0,6.0,0.0,1.0,1.0,A01
201400021968,0,7,0,13.0,0.0,1.0,1.0,A01
201400021969,0,7,0,13.0,0.0,4.0,17.0,A01