Num_Acc,senc,catv,occutc,obs,obsm,choc,manv,num_veh
201400022255,0,7,0,0.0,2.0,4.0,23.0,B01
201400022256,0,10,0,0.0,1.0,1.0,1.0,A01
201400022257,0,2,0,0.0,2.0,1.0,1.0,B01
201400022257,0,7,0,0.0,1.0,1.0,15.0,A01
201400022258,0,1,0,0.0,0.0,1.0,0.0,A01
201400022259,0,31,0,0.0,2.0,1.0,17.0,A01
201400022259,0,7,0,0.0,2.0,8.0,15.0,B01
201400022260,0,7,0,0.0,1.0,1.0,4.0,A01
201400022261,0,7,0,0.0,1.0,2.0,1.0,A01
201400022262,0,7,0,0.0,2.0,3.0,9.0,A01
201400022262,0,2,0,0.0,2.0,7.0,1.0,B01
201400022263,0,7,0,0.0,2.0,1.0,1.0,A01
201400022263,0,7,0,0.0,2.0,8.0,15.0,B01
201400022264,0,7,0,0.0,2.0,3.0,13.0,A01
201400022264,0,7,0,0.0,2.0,1.0,1.0,B01
201400022265,0,7,0,0.0,1.0,8.0,1.0,A01
201400022266,0,7,0,0.0,1.0,3.0,1.0,A01
201400022267,0,30,0,0.0,2.0,1.0,1.0,A01
201400022267,0,7,0,0.0,2.0,3.0,1.0,B01
201400022268,0,33,0,0.0,1.0,1.0,1.0,A01
201400022269,0,7,0,0.0,2.0,5.0,1.0,A01
201400022269,0,7,0,0.0,2.0,3.0,1.0,B01
201400022270,0,31,0,0.0,1.0,1.0,1.0,A01
201400022271,0,7,0,0.0,1.0,3.0,15.0,A01
201400022272,0,7,0,6.0,0.0,1.0,1.0,A01
201400022273,0,7,0,0.0,1.0,1.0,1.0,A01
201400022274,0,7,0,0.0,2.0,4.0,1.0,A01
201400022274,0,7,0,0.0,2.0,1.0,1.0,B01
201400022274,0,7,0,0.0,2.0,1.0,1.0,C01
201400022275,0,7,0,0.0,2.0,1.0,15.0,A01
201400022275,0,30,0,0.0,2.0,4.0,15.0,B01
201400022276,0,7,0,0.0,2.0,7.0,1.0,A01
201400022276,0,7,0,0.0,2.0,1.0,1.0,B01
201400022277,0,7,0,0.0,2.0,1.0,1.0,A01
201400022277,0,7,0,0.0,2.0,4.0,1.0,B01
201400022277,0,7,0,0.0,2.0,4.0,1.0,C01
201400022278,0,7,0,0.0,2.0,1.0,1.0,A01
201400022278,0,30,0,0.0,2.0,3.0,15.0,B01
201400022279,0,7,0,0.0,1.0,2.0,15.0,A01
201400022280,0,7,0,0.0,2.0,1.0,1.0,A01
201400022280,0,7,0,0.0,2.0,4.0,1.0,B01
201400022281,0,7,0,0.0,0.0,1.0,0.0,A01
201400022282,0,7,0,0.0,0.0,1.0,0.0,A01
201400022283,0,7,0,15.0,0.0,2.0,0.0,A01
201400022284,0,10,0,0.0,2.0,1.0,2.0,A01
201400022284,0,7,0,0.0,2.0,1.0,2.0,B01
201400022284,0,7,0,0.0,2.0,4.0,2.0,C01
201400022285,0,7,0,5.0,0.0,1.0,1.0,A01
201400022286,0,7,0,8.0,0.0,2.0,1.0,A01
201400022287,0,2,0,0.0,0.0,0.0,1.0,A01
201400022288,0,17,0,1.0,0.0,2.0,1.0,A01
201400022288,0,7,0,0.0,9.0,4.0,23.0,B01
201400022289,0,7,0,0.0,1.0,3.0,0.0,A01
201400022290,0,7,0,0.0,1.0,3.0,15.0,A01
201400022291,0,7,0,0.0,2.0,1.0,5.0,A01
201400022291,0,7,0,0.0,2.0,1.0,1.0,B01
201400022292,0,30,0,0.0,9.0,0.0,1.0,A01
201400022293,0,7,0,0.0,1.0,1.0,1.0,A01
201400022294,0,7,0,0.0,2.0,2.0,2.0,A01
201400022294,0,7,0,0.0,0.0,4.0,1.0,B01
201400022295,0,30,0,0.0,2.0,1.0,1.0,A01
201400022295,0,7,0,0.0,2.0,3.0,1.0,B01
201400022296,0,2,0,0.0,0.0,0.0,0.0,A01
201400022297,0,7,0,0.0,2.0,3.0,1.0,B01
201400022297,0,2,0,0.0,2.0,3.0,15.0,A01
201400022298,1,99,0,0.0,1.0,2.0,1.0,A01
201400022299,0,2,0,16.0,0.0,0.0,1.0,A01
201400022300,0,30,0,0.0,1.0,0.0,0.0,A01
201400022301,0,7,0,0.0,2.0,3.0,2.0,A01
201400022301,0,30,0,0.0,2.0,5.0,2.0,B01
201400022302,0,7,0,0.0,0.0,1.0,0.0,A01
201400022303,0,7,0,0.0,2.0,4.0,2.0,C01
201400022303,0,7,0,0.0,2.0,1.0,1.0,A01
201400022303,0,7,0,0.0,0.0,4.0,2.0,D01
201400022303,0,7,0,0.0,2.0,1.0,1.0,B01
201400022304,0,7,0,0.0,2.0,1.0,19.0,A01
201400022304,0,7,0,0.0,2.0,0.0,0.0,B01
201400022305,0,31,0,1.0,0.0,8.0,1.0,A01
201400022306,0,32,0,0.0,0.0,0.0,1.0,A01
201400022307,0,7,0,0.0,2.0,3.0,15.0,A01
201400022307,0,7,0,6.0,2.0,2.0,17.0,B01
201400022308,0,30,0,0.0,0.0,9.0,1.0,A01
201400022309,0,7,0,9.0,0.0,1.0,1.0,A01
201400022310,0,32,0,0.0,2.0,6.0,1.0,A01
201400022310,0,7,0,0.0,2.0,2.0,1.0,B01
201400022311,0,30,0,0.0,2.0,8.0,9.0,A01
201400022311,0,7,0,0.0,2.0,7.0,1.0,B01
201400022312,0,33,0,6.0,0.0,1.0,1.0,A01
201400022313,0,7,0,0.0,1.0,3.0,1.0,A01
201400022314,0,7,0,0.0,2.0,2.0,13.0,A01
201400022314,0,7,0,0.0,2.0,1.0,1.0,B01
201400022315,0,7,0,9.0,0.0,1.0,1.0,A01
201400022316,0,7,0,13.0,0.0,1.0,13.0,A01
201400022317,0,30,0,0.0,0.0,2.0,0.0,A01
201400022318,0,7,0,6.0,0.0,8.0,1.0,A01
201400022319,0,7,0,0.0,2.0,1.0,1.0,B01
201400022319,0,7,0,0.0,2.0,1.0,1.0,A01
201400022319,0,7,0,0.0,2.0,4.0,1.0,C01
201400022320,0,7,0,0.0,2.0,2.0,15.0,A01
201400022320,0,7,0,0.0,2.0,1.0,1.0,B01
201400022321,0,33,0,7.0,0.0,8.0,0.0,A01
201400022322,0,31,0,0.0,0.0,8.0,15.0,A01
201400022323,0,7,0,1.0,0.0,4.0,4.0,A01
201400022323,0,30,0,0.0,0.0,4.0,24.0,C01
201400022324,0,7,0,3.0,2.0,1.0,2.0,A01
201400022324,0,7,0,0.0,2.0,2.0,2.0,B01
201400022325,0,7,0,0.0,0.0,1.0,0.0,A01
201400022326,0,30,0,0.0,0.0,8.0,2.0,A01
201400022327,0,7,0,13.0,0.0,3.0,1.0,A01
201400022328,0,7,0,15.0,0.0,1.0,2.0,A01
201400022329,0,7,0,13.0,0.0,2.0,1.0,A01
201400022330,0,7,0,0.0,0.0,1.0,1.0,B01
201400022330,0,7,0,0.0,2.0,1.0,19.0,A01
201400022331,1,7,0,0.0,2.0,4.0,21.0,A01
201400022331,0,7,0,0.0,2.0,1.0,2.0,B01
201400022331,0,7,0,0.0,2.0,1.0,1.0,C01
201400022332,0,7,0,9.0,0.0,1.0,0.0,A01
201400022333,0,7,0,0.0,0.0,1.0,2.0,A01
201400022333,0,7,0,0.0,0.0,4.0,2.0,B01
201400022334,0,7,0,0.0,2.0,4.0,2.0,A01
201400022334,0,7,0,0.0,2.0,1.0,2.0,B01
201400022335,0,30,0,0.0,2.0,2.0,6.0,A01
201400022335,0,7,0,0.0,2.0,3.0,9.0,B01
201400022336,0,33,0,0.0,2.0,7.0,0.0,A01
201400022336,0,10,0,0.0,2.0,8.0,1.0,B01
201400022337,0,33,0,6.0,0.0,1.0,1.0,A01
201400022338,0,17,0,0.0,1.0,5.0,16.0,A01
201400022339,0,2,0,6.0,0.0,2.0,13.0,A01
201400022340,0,7,0,1.0,2.0,2.0,2.0,B01
201400022340,0,7,0,1.0,2.0,3.0,9.0,A01
201400022341,0,7,0,0.0,2.0,3.0,1.0,B01
201400022341,0,30,0,0.0,2.0,1.0,13.0,A01
201400022342,0,7,0,0.0,2.0,8.0,0.0,A01
201400022342,0,13,0,0.0,2.0,8.0,1.0,B01
201400022343,0,7,0,0.0,1.0,8.0,4.0,A01
201400022344,0,33,0,0.0,2.0,1.0,1.0,A01
201400022344,0,7,0,0.0,2.0,6.0,1.0,B01
201400022344,0,7,0,0.0,2.0,1.0,1.0,C01
201400022345,0,30,0,1.0,0.0,1.0,1.0,A01
201400022346,0,7,0,0.0,1.0,3.0,0.0,A01
201400022347,0,7,0,11.0,0.0,9.0,1.0,A01
201400022348,0,10,0,0.0,0.0,1.0,1.0,A01
201400022348,0,10,0,0.0,0.0,4.0,2.0,B01
201400022349,0,7,0,4.0,0.0,9.0,14.0,A01
201400022350,0,17,0,0.0,0.0,6.0,1.0,B02
201400022350,0,10,0,0.0,0.0,2.0,13.0,A01
201400022351,0,7,0,0.0,2.0,1.0,1.0,B02
201400022351,0,17,0,3.0,0.0,1.0,1.0,A01
201400022352,0,15,0,0.0,2.0,1.0,2.0,B02
201400022352,0,17,0,0.0,0.0,4.0,2.0,A01
201400022353,0,7,0,3.0,0.0,1.0,1.0,A01
201400022354,0,7,0,4.0,0.0,3.0,1.0,A01
201400022355,0,33,0,4.0,0.0,3.0,11.0,A01
201400022356,0,17,0,0.0,2.0,1.0,1.0,A01
201400022356,0,17,0,0.0,0.0,4.0,1.0,B02
201400022357,0,7,0,0.0,0.0,3.0,1.0,A01
201400022358,0,7,0,0.0,2.0,9.0,2.0,A01
201400022358,0,7,0,0.0,2.0,2.0,1.0,B02
201400022358,0,15,0,0.0,0.0,4.0,2.0,C03
201400022359,0,7,0,0.0,1.0,2.0,1.0,A01
201400022360,0,17,0,0.0,2.0,1.0,2.0,A01
201400022360,0,17,0,0.0,2.0,4.0,2.0,B02
201400022361,0,10,0,0.0,2.0,3.0,1.0,B02
201400022361,0,36,0,0.0,2.0,3.0,13.0,A01
201400022362,0,7,0,0.0,2.0,8.0,1.0,B02
201400022362,0,7,0,0.0,2.0,0.0,6.0,A01
201400022363,0,2,0,0.0,0.0,7.0,1.0,A01
201400022364,0,7,0,0.0,0.0,3.0,1.0,B02
201400022364,0,7,0,0.0,0.0,3.0,1.0,C03
201400022364,0,7,0,0.0,0.0,3.0,13.0,A01
201400022365,0,7,0,4.0,2.0,2.0,2.0,A01
201400022365,0,15,0,0.0,2.0,6.0,24.0,B02
201400022366,0,7,0,13.0,0.0,2.0,1.0,A01
201400022367,0,7,0,0.0,2.0,2.0,21.0,D04
201400022367,0,15,0,0.0,2.0,2.0,21.0,C03
201400022367,0,14,0,0.0,0.0,6.0,1.0,B02
201400022367,0,7,0,0.0,2.0,9.0,14.0,A01
201400022368,0,7,0,13.0,0.0,1.0,1.0,A01
201400022369,0,7,0,0.0,2.0,1.0,0.0,A01
201400022369,0,7,0,0.0,0.0,4.0,21.0,B01
201400022370,0,7,0,4.0,0.0,1.0,1.0,A01
201400022371,0,7,0,5.0,0.0,1.0,2.0,A01
201400022372,0,7,0,0.0,2.0,1.0,1.0,A01
201400022372,0,7,0,0.0,0.0,4.0,1.0,B01
201400022373,0,7,0,3.0,2.0,2.0,17.0,A01
201400022373,0,15,0,0.0,0.0,6.0,1.0,B01
201400022374,0,7,0,0.0,2.0,1.0,1.0,A01
201400022374,0,30,0,0.0,0.0,4.0,0.0,B01
201400022375,0,7,0,0.0,1.0,1.0,15.0,A01
201400022376,0,10,0,0.0,2.0,1.0,0.0,A01
201400022376,0,32,0,0.0,2.0,4.0,2.0,B01
201400022377,0,2,0,12.0,0.0,1.0,14.0,A01
201400022378,0,7,0,0.0,2.0,1.0,2.0,A01
201400022378,0,7,0,0.0,2.0,4.0,2.0,B01
201400022379,0,7,0,0.0,1.0,1.0,2.0,A01
201400022380,0,14,0,0.0,2.0,3.0,1.0,A01
201400022380,0,7,0,0.0,0.0,2.0,1.0,B01
201400022381,0,7,0,0.0,2.0,1.0,15.0,A01
201400022381,0,30,0,0.0,2.0,1.0,1.0,B01
201400022382,0,7,0,4.0,0.0,1.0,1.0,A01
201400022383,0,7,0,4.0,0.0,2.0,1.0,A01
201400022384,0,7,0,0.0,1.0,3.0,1.0,A01
201400022385,0,2,0,0.0,2.0,1.0,1.0,A01
201400022385,0,7,0,0.0,0.0,4.0,0.0,B01
201400022386,0,7,0,0.0,2.0,3.0,9.0,A01
201400022386,0,7,0,0.0,2.0,8.0,1.0,B01
201400022387,0,3,0,0.0,1.0,1.0,1.0,A01
201400022388,0,7,0,0.0,2.0,1.0,1.0,A01
201400022388,0,7,0,0.0,2.0,4.0,1.0,B01
201400022389,0,30,0,0.0,0.0,0.0,1.0,A01
201400022389,0,10,0,0.0,0.0,0.0,15.0,B01
201400022390,0,7,0,0.0,1.0,3.0,0.0,A01
201400022391,0,7,0,0.0,2.0,3.0,1.0,A01
201400022391,0,1,0,0.0,2.0,1.0,0.0,B01
201400022392,0,7,0,0.0,1.0,1.0,1.0,A01
201400022393,0,7,0,0.0,1.0,3.0,1.0,A01
201400022394,0,10,0,0.0,2.0,1.0,9.0,A01
201400022394,0,7,0,0.0,2.0,7.0,1.0,B01
201400022395,0,7,0,0.0,2.0,1.0,2.0,A01
201400022395,0,7,0,0.0,2.0,4.0,2.0,B01
201400022396,0,7,0,0.0,1.0,3.0,15.0,A01
201400022397,0,7,0,13.0,0.0,0.0,21.0,A01
201400022397,1,7,0,0.0,0.0,0.0,17.0,B01
201400022398,0,30,0,0.0,2.0,7.0,0.0,A01
201400022398,0,10,0,0.0,2.0,0.0,0.0,B01
201400022399,0,7,0,0.0,1.0,2.0,1.0,A01
201400022400,0,7,0,0.0,1.0,1.0,15.0,A01
201400022401,0,7,0,13.0,0.0,9.0,1.0,A01
201400022402,0,7,0,13.0,0.0,1.0,1.0,A01
201400022403,0,7,0,11.0,0.0,1.0,1.0,A01
201400022404,0,7,0,0.0,2.0,0.0,0.0,A01
201400022404,0,30,0,0.0,2.0,0.0,0.0,B01
201400022405,0,33,0,11.0,0.0,1.0,17.0,A01
201400022406,0,33,0,13.0,0.0,1.0,0.0,A01
201400022407,0,7,0,4.0,0.0,9.0,6.0,A01
201400022408,0,7,0,0.0,1.0,2.0,9.0,B01
201400022409,0,7,0,13.0,0.0,0.0,2.0,A01
201400022410,0,7,0,13.0,0.0,2.0,1.0,A01
201400022411,0,7,0,0.0,2.0,2.0,1.0,B01
201400022411,0,7,0,0.0,2.0,3.0,15.0,A01
201400022412,0,7,0,13.0,0.0,2.0,1.0,A01
201400022413,0,7,0,0.0,1.0,2.0,1.0,B01
201400022414,0,7,0,0.0,2.0,2.0,14.0,A01
201400022414,0,7,0,0.0,2.0,3.0,1.0,B01
201400022415,0,2,0,0.0,2.0,1.0,1.0,A01
201400022415,0,7,0,0.0,0.0,4.0,1.0,B01
201400022416,0,14,0,0.0,2.0,1.0,1.0,A01
201400022416,0,7,0,0.0,0.0,1.0,1.0,B01
201400022416,0,7,0,0.0,2.0,4.0,1.0,C01
201400022417,1,7,0,0.0,2.0,0.0,0.0,A01
201400022417,0,1,0,0.0,0.0,0.0,1.0,B01
201400022418,1,1,0,0.0,1.0,1.0,0.0,A01
201400022419,0,7,0,5.0,0.0,1.0,1.0,A01
201400022420,0,7,0,13.0,0.0,7.0,0.0,A01
201400022421,0,7,0,0.0,1.0,0.0,15.0,A01
201400022422,0,7,0,9.0,0.0,2.0,1.0,A01
201400022423,1,7,0,0.0,2.0,2.0,0.0,A01
201400022423,0,32,0,0.0,2.0,4.0,1.0,B01
201400022424,0,33,0,0.0,2.0,1.0,17.0,A01
201400022424,0,7,0,0.0,2.0,8.0,15.0,B01
201400022425,0,7,0,12.0,0.0,2.0,14.0,A01
201400022426,0,33,0,0.0,2.0,2.0,17.0,A01
201400022426,0,10,0,0.0,2.0,8.0,15.0,B01
201400022427,0,7,0,0.0,2.0,0.0,1.0,B01
201400022427,2,7,0,0.0,2.0,0.0,0.0,A01
201400022428,0,7,0,0.0,2.0,1.0,2.0,A01
201400022428,0,7,0,0.0,2.0,4.0,1.0,B01
201400022429,0,7,0,13.0,0.0,2.0,1.0,A01
201400022430,0,7,0,3.0,0.0,9.0,0.0,A01
201400022431,0,7,0,13.0,0.0,0.0,0.0,A01
201400022432,0,7,0,0.0,2.0,2.0,1.0,B01
201400022432,0,1,0,0.0,2.0,1.0,9.0,A01
201400022433,0,33,0,0.0,2.0,2.0,2.0,A01
201400022433,0,7,0,0.0,2.0,6.0,1.0,B01
201400022433,0,7,0,0.0,2.0,7.0,1.0,C01
201400022434,2,7,0,3.0,0.0,0.0,0.0,A01
201400022435,0,30,0,0.0,2.0,1.0,2.0,A01
201400022435,0,30,0,0.0,2.0,5.0,16.0,B01
201400022436,0,7,0,0.0,2.0,1.0,16.0,A01
201400022436,0,7,0,0.0,1.0,4.0,23.0,B01
201400022437,0,1,0,0.0,0.0,0.0,0.0,B01
201400022437,0,14,0,0.0,0.0,0.0,0.0,A01
201400022438,0,2,0,0.0,2.0,3.0,18.0,A01
201400022438,0,7,0,0.0,2.0,2.0,16.0,B01
201400022439,0,7,0,0.0,2.0,0.0,22.0,A01
201400022439,0,1,0,1.0,0.0,0.0,1.0,B01
201400022440,0,30,0,0.0,2.0,1.0,1.0,B01
201400022440,0,7,0,0.0,2.0,8.0,9.0,A01
201400022441,0,1,0,0.0,2.0,0.0,0.0,B01
201400022441,0,7,0,0.0,2.0,2.0,0.0,A01
201400022442,0,2,0,0.0,2.0,1.0,1.0,A01
201400022442,0,7,0,0.0,0.0,4.0,1.0,B01
201400022443,0,7,0,0.0,2.0,4.0,1.0,C01
201400022443,0,7,0,0.0,2.0,1.0,1.0,A01
201400022443,0,7,0,0.0,2.0,0.0,2.0,B01
201400022444,0,7,0,0.0,2.0,1.0,1.0,B01
201400022444,0,7,0,6.0,2.0,1.0,15.0,A01
201400022445,0,7,0,0.0,0.0,2.0,0.0,A01
201400022446,0,7,0,0.0,2.0,3.0,1.0,B01
201400022446,0,7,0,0.0,2.0,2.0,1.0,A01
201400022447,0,2,0,0.0,0.0,7.0,16.0,A01
201400022448,0,7,0,7.0,2.0,2.0,12.0,B01
201400022448,0,7,0,0.0,2.0,3.0,1.0,A01
201400022449,0,3,0,3.0,0.0,9.0,1.0,A01
201400022450,0,7,0,13.0,0.0,0.0,1.0,A01
201400022451,0,7,0,7.0,0.0,1.0,14.0,A01
201400022452,0,7,0,0.0,2.0,1.0,1.0,A01
201400022452,0,7,0,0.0,2.0,4.0,1.0,B01
201400022452,0,7,0,0.0,2.0,4.0,1.0,C01
201400022452,0,7,0,0.0,2.0,4.0,1.0,D01
201400022453,1,99,0,0.0,1.0,0.0,0.0,A01
201400022454,0,7,0,0.0,2.0,7.0,16.0,A01
201400022454,0,31,0,0.0,2.0,8.0,1.0,B01
201400022455,0,7,0,6.0,0.0,1.0,14.0,B01
201400022455,0,3,0,0.0,0.0,0.0,9.0,A01
201400022456,0,7,0,0.0,2.0,1.0,9.0,A01
201400022456,0,7,0,0.0,0.0,1.0,1.0,B01
201400022456,0,15,0,0.0,2.0,1.0,1.0,C01
201400022457,0,15,0,3.0,0.0,2.0,12.0,A01
201400022457,0,7,0,3.0,2.0,8.0,1.0,B01
201400022458,0,7,0,8.0,0.0,7.0,14.0,A01
201400022459,0,7,0,0.0,2.0,1.0,2.0,A01
201400022459,0,7,0,0.0,2.0,4.0,2.0,B01
201400022459,0,7,0,0.0,2.0,4.0,2.0,C01
201400022460,1,7,0,,0.0,0.0,,A01
201400022460,0,7,0,0.0,2.0,6.0,2.0,B01
201400022461,0,7,0,2.0,0.0,9.0,1.0,A01
201400022462,0,7,0,11.0,2.0,2.0,1.0,B01
201400022462,0,7,0,0.0,2.0,8.0,15.0,A01
201400022463,0,7,0,0.0,2.0,2.0,1.0,A01
201400022463,0,1,0,0.0,2.0,0.0,0.0,B01
201400022464,0,7,0,0.0,2.0,2.0,17.0,A01
201400022464,0,38,16,0.0,2.0,8.0,1.0,B01
201400022465,0,7,0,0.0,1.0,1.0,1.0,A01
201400022466,0,7,0,6.0,0.0,2.0,21.0,A01
201400022467,0,1,0,0.0,2.0,1.0,2.0,A01
201400022467,0,7,0,0.0,2.0,5.0,16.0,B01
201400022468,0,32,0,0.0,2.0,7.0,13.0,A01
201400022468,0,14,0,0.0,2.0,2.0,1.0,B01
201400022469,0,7,0,13.0,0.0,9.0,13.0,A01
201400022470,0,7,0,0.0,1.0,2.0,16.0,A01
201400022471,0,7,0,0.0,1.0,1.0,1.0,A01
201400022472,0,7,0,0.0,2.0,3.0,0.0,A01
201400022472,0,33,0,0.0,2.0,1.0,0.0,B01
201400022473,0,7,0,3.0,0.0,9.0,1.0,A01
201400022474,0,7,0,0.0,2.0,3.0,13.0,A01
201400022474,0,7,0,0.0,2.0,0.0,1.0,B01
201400022475,0,7,0,6.0,2.0,2.0,17.0,A01
201400022475,0,7,0,6.0,2.0,3.0,15.0,B01
201400022476,0,7,0,0.0,2.0,0.0,4.0,A01
201400022476,0,7,0,0.0,2.0,2.0,1.0,B01
201400022477,0,1,0,0.0,2.0,7.0,1.0,B01
201400022477,0,7,0,0.0,2.0,1.0,15.0,A01
201400022478,0,7,0,0.0,2.0,4.0,2.0,B01
201400022478,0,7,0,0.0,2.0,1.0,0.0,A01
201400022479,0,7,0,0.0,2.0,5.0,1.0,B01
201400022479,0,30,0,0.0,2.0,1.0,3.0,A01
201400022480,0,7,0,0.0,1.0,1.0,1.0,A01
201400022481,0,7,0,0.0,2.0,1.0,13.0,A01
201400022481,0,7,0,0.0,2.0,1.0,1.0,B01
201400022482,0,7,0,0.0,2.0,2.0,13.0,A01
201400022482,0,7,0,0.0,2.0,2.0,1.0,B01
201400022483,0,7,0,13.0,0.0,1.0,1.0,A01
201400022484,0,7,0,0.0,2.0,4.0,2.0,B01
201400022484,0,37,25,0.0,2.0,1.0,2.0,A01
201400022485,0,7,0,0.0,2.0,3.0,1.0,A01
201400022485,0,1,0,0.0,2.0,3.0,1.0,B01
201400022486,0,33,0,0.0,2.0,1.0,1.0,B01
201400022486,0,7,0,0.0,2.0,8.0,1.0,A01
201400022487,0,7,0,6.0,0.0,0.0,1.0,A01
201400022488,0,7,0,0.0,2.0,5.0,15.0,A01
201400022488,0,7,0,0.0,2.0,1.0,1.0,B01
201400022488,0,7,0,0.0,2.0,1.0,1.0,C01
201400022489,0,33,0,15.0,0.0,1.0,1.0,A01
201400022490,0,33,0,5.0,0.0,1.0,1.0,A01
201400022491,0,7,0,0.0,2.0,1.0,2.0,A01
201400022491,0,7,0,0.0,2.0,4.0,2.0,B01
201400022491,0,7,0,0.0,2.0,4.0,2.0,C01
201400022492,0,7,0,2.0,2.0,2.0,1.0,A01
201400022492,0,7,0,0.0,2.0,1.0,15.0,B01
201400022493,0,7,0,0.0,1.0,2.0,1.0,A01
201400022494,0,2,0,0.0,2.0,1.0,0.0,B01
201400022494,0,7,0,0.0,2.0,2.0,15.0,A01
201400022495,0,7,0,0.0,1.0,7.0,2.0,A01
201400022496,0,7,0,0.0,1.0,0.0,1.0,A01
201400022497,0,30,0,0.0,2.0,1.0,1.0,A01
201400022497,0,7,0,0.0,2.0,6.0,2.0,B01
201400022498,0,7,0,2.0,0.0,1.0,1.0,A01
201400022499,0,7,0,16.0,0.0,0.0,14.0,A01
201400022500,0,7,0,0.0,2.0,3.0,0.0,A01
201400022500,0,7,0,3.0,0.0,1.0,0.0,B01
201400022501,0,7,0,3.0,0.0,0.0,0.0,A01
201400022502,0,7,0,13.0,0.0,1.0,1.0,A01
201400022503,0,7,0,13.0,0.0,9.0,1.0,A01
201400022504,0,7,0,0.0,2.0,8.0,10.0,A01
201400022504,0,2,0,0.0,2.0,2.0,1.0,B01
201400022505,0,7,0,0.0,2.0,1.0,2.0,A01
201400022505,0,7,0,0.0,2.0,7.0,23.0,B01
201400022506,0,7,0,8.0,0.0,3.0,1.0,A01
201400022507,0,7,0,0.0,1.0,3.0,1.0,A01
201400022508,0,7,0,0.0,1.0,1.0,15.0,A01
201400022509,0,7,0,0.0,1.0,3.0,20.0,A01
201400022510,0,7,0,0.0,1.0,3.0,15.0,A01
201400022511,0,7,0,16.0,0.0,1.0,1.0,A01
201400022512,0,7,0,0.0,2.0,1.0,1.0,A01
201400022512,0,7,0,0.0,0.0,4.0,1.0,B01
201400022513,0,7,0,3.0,0.0,5.0,1.0,A01
201400022514,0,7,0,0.0,2.0,1.0,16.0,A01
201400022514,0,7,0,0.0,2.0,1.0,0.0,B01
201400022515,0,7,0,0.0,2.0,7.0,2.0,A01
201400022515,0,33,0,0.0,2.0,8.0,2.0,B01
201400022516,0,32,0,0.0,0.0,3.0,1.0,A01
201400022517,1,99,0,0.0,2.0,2.0,0.0,A01
201400022517,0,30,0,0.0,2.0,0.0,0.0,B01
201400022518,0,7,0,0.0,0.0,3.0,1.0,A01
201400022519,0,7,0,13.0,0.0,1.0,1.0,A01
201400022520,0,7,0,0.0,1.0,1.0,1.0,A01
201400022521,0,7,0,3.0,2.0,1.0,1.0,A01
201400022521,0,7,0,0.0,2.0,1.0,1.0,B01
201400022522,0,7,0,0.0,1.0,3.0,1.0,A01
201400022523,0,7,0,0.0,2.0,6.0,4.0,A01
201400022523,0,2,0,0.0,2.0,3.0,1.0,B01
201400022524,0,7,0,0.0,0.0,6.0,1.0,B02
201400022524,0,7,0,0.0,0.0,2.0,3.0,A01
201400022525,0,14,0,0.0,2.0,1.0,5.0,B02
201400022525,0,7,0,0.0,2.0,1.0,1.0,A01
201400022526,0,33,0,0.0,2.0,4.0,14.0,A01
201400022526,0,33,0,0.0,2.0,1.0,1.0,B02
201400022527,0,7,0,0.0,2.0,1.0,1.0,A01
201400022527,0,7,0,0.0,2.0,4.0,15.0,B02
201400022527,0,7,0,0.0,2.0,3.0,1.0,C03
201400022528,0,7,0,0.0,2.0,5.0,19.0,A01
201400022528,0,7,0,0.0,2.0,1.0,1.0,B02
201400022529,0,7,0,13.0,0.0,1.0,1.0,A01
201400022530,0,31,0,0.0,2.0,1.0,1.0,A01
201400022530,0,7,0,0.0,2.0,5.0,19.0,B02
201400022531,0,33,0,0.0,2.0,1.0,1.0,A01
201400022531,0,7,0,0.0,2.0,3.0,19.0,B02
201400022532,0,10,0,0.0,2.0,1.0,1.0,B02
201400022532,0,7,0,0.0,2.0,1.0,3.0,A01
201400022533,0,7,0,0.0,1.0,1.0,1.0,A01
201400022534,0,10,0,0.0,1.0,4.0,4.0,A01
201400022535,0,7,0,0.0,2.0,3.0,0.0,B01
201400022535,0,7,0,0.0,2.0,3.0,0.0,A01
201400022536,0,7,0,0.0,2.0,4.0,1.0,C01
201400022536,0,7,0,0.0,2.0,1.0,1.0,A01
201400022536,0,7,0,0.0,2.0,4.0,1.0,B01
201400022537,0,7,0,0.0,2.0,3.0,1.0,A01
201400022537,1,7,0,0.0,2.0,0.0,17.0,X01
201400022538,0,10,0,0.0,2.0,1.0,1.0,B01
201400022538,0,2,0,0.0,2.0,1.0,13.0,A01
201400022539,0,7,0,0.0,1.0,1.0,15.0,A01
201400022540,0,7,0,0.0,2.0,4.0,2.0,D01
201400022540,0,7,0,0.0,2.0,4.0,2.0,B01
201400022540,0,7,0,0.0,2.0,4.0,2.0,C01
201400022540,0,14,0,0.0,2.0,1.0,1.0,A01
201400022541,0,7,0,6.0,0.0,1.0,6.0,A01
201400022542,0,7,0,0.0,2.0,2.0,17.0,A01
201400022542,0,10,0,0.0,2.0,8.0,0.0,B01
201400022543,0,30,0,0.0,2.0,3.0,9.0,A01
201400022543,0,7,0,0.0,2.0,1.0,1.0,B01
201400022544,0,7,0,0.0,2.0,3.0,15.0,C01
201400022544,0,7,0,0.0,2.0,4.0,2.0,B01
201400022544,0,7,0,0.0,2.0,1.0,2.0,A01
201400022545,0,7,0,0.0,2.0,1.0,1.0,B01
201400022545,0,7,0,0.0,2.0,1.0,15.0,A01