Num_Acc,senc,catv,occutc,obs,obsm,choc,manv,num_veh
201400022546,0,7,0,0.0,1.0,1.0,1.0,A01
201400022547,0,7,0,0.0,1.0,4.0,20.0,A01
201400022548,0,7,0,0.0,1.0,1.0,1.0,A01
201400022549,0,7,0,0.0,2.0,4.0,2.0,A01
201400022549,1,7,0,0.0,2.0,1.0,2.0,Z01
201400022550,0,2,0,0.0,2.0,1.0,17.0,B01
201400022550,0,7,0,0.0,2.0,3.0,10.0,A01
201400022551,0,33,0,0.0,2.0,7.0,21.0,B01
201400022551,0,7,0,0.0,2.0,3.0,10.0,A01
201400022552,0,7,0,2.0,0.0,1.0,14.0,A01
201400022553,0,7,0,0.0,1.0,0.0,0.0,A01
201400022554,0,7,0,0.0,2.0,1.0,2.0,A01
201400022554,0,7,0,0.0,2.0,4.0,2.0,D01
201400022554,0,7,0,0.0,2.0,4.0,2.0,B01
201400022554,0,7,0,0.0,2.0,4.0,2.0,C01
201400022555,0,7,0,2.0,0.0,1.0,14.0,A01
201400022556,0,2,0,0.0,2.0,1.0,2.0,A01
201400022556,0,7,0,0.0,0.0,4.0,2.0,B01
201400022557,0,3,0,0.0,2.0,4.0,15.0,B01
201400022557,0,7,0,0.0,2.0,1.0,2.0,A01
201400022558,0,7,0,0.0,2.0,8.0,1.0,B01
201400022558,1,7,0,0.0,2.0,0.0,0.0,A01
201400022559,0,7,0,0.0,2.0,1.0,2.0,A01
201400022559,0,7,0,0.0,2.0,4.0,2.0,B01
201400022560,0,33,0,0.0,2.0,0.0,17.0,C01
201400022560,0,7,0,0.0,2.0,3.0,17.0,B01
201400022560,0,7,0,0.0,2.0,3.0,1.0,A01
201400022561,0,33,0,0.0,2.0,1.0,2.0,A01
201400022561,0,7,0,0.0,2.0,4.0,2.0,B01
201400022562,0,7,0,0.0,1.0,1.0,1.0,A01
201400022563,0,31,0,0.0,0.0,0.0,0.0,A01
201400022564,0,2,0,0.0,1.0,1.0,1.0,A01
201400022565,0,7,0,0.0,2.0,2.0,1.0,B01
201400022565,0,7,0,0.0,2.0,1.0,1.0,A01
201400022566,1,33,0,0.0,1.0,0.0,0.0,A01
201400022567,0,7,0,0.0,1.0,2.0,1.0,A01
201400022568,0,7,0,0.0,9.0,1.0,1.0,A01
201400022568,0,1,0,0.0,2.0,8.0,19.0,B01
201400022569,0,7,0,0.0,1.0,1.0,1.0,A01
201400022570,0,7,0,0.0,1.0,2.0,21.0,A01
201400022571,0,7,0,0.0,2.0,3.0,0.0,B01
201400022571,1,7,0,0.0,2.0,0.0,0.0,A01
201400022572,0,7,0,0.0,1.0,3.0,15.0,A01
201400022573,0,7,0,5.0,0.0,9.0,9.0,A01
201400022573,0,39,0,0.0,4.0,1.0,2.0,B01
201400022574,1,7,0,0.0,1.0,0.0,0.0,A01
201400022574,0,7,0,0.0,1.0,1.0,16.0,B01
201400022575,0,2,0,0.0,0.0,1.0,2.0,A01
201400022575,0,7,0,0.0,0.0,5.0,2.0,B01
201400022576,0,7,0,1.0,0.0,2.0,1.0,A01
201400022576,0,10,0,0.0,0.0,6.0,24.0,B01
201400022577,0,7,0,0.0,2.0,8.0,16.0,B01
201400022577,0,7,0,0.0,2.0,2.0,0.0,A01
201400022578,0,7,0,15.0,0.0,1.0,0.0,A01
201400022579,0,32,0,0.0,0.0,6.0,2.0,B01
201400022579,0,7,0,0.0,2.0,3.0,2.0,A01
201400022580,0,7,0,0.0,1.0,3.0,15.0,A01
201400022581,0,7,0,0.0,2.0,1.0,2.0,A01
201400022581,0,7,0,0.0,2.0,4.0,2.0,B01
201400022582,0,7,0,0.0,2.0,8.0,19.0,A01
201400022582,0,7,0,0.0,2.0,1.0,1.0,B01
201400022583,0,7,0,8.0,2.0,8.0,1.0,A01
201400022583,0,7,0,0.0,2.0,1.0,16.0,B01
201400022584,0,7,0,0.0,2.0,4.0,2.0,B01
201400022584,0,7,0,0.0,2.0,1.0,2.0,A01
201400022585,0,7,0,0.0,2.0,1.0,11.0,A01
201400022585,0,7,0,0.0,2.0,1.0,1.0,B01
201400022586,0,7,0,0.0,0.0,3.0,15.0,B01
201400022586,0,30,0,0.0,0.0,9.0,17.0,A01
201400022587,0,17,0,0.0,2.0,3.0,0.0,B01
201400022587,0,7,0,0.0,2.0,1.0,5.0,A01
201400022588,0,7,0,0.0,0.0,4.0,2.0,B01
201400022588,0,7,0,0.0,2.0,1.0,2.0,A01
201400022589,0,7,0,0.0,0.0,1.0,15.0,B01
201400022589,0,7,0,0.0,0.0,1.0,17.0,A01
201400022590,0,1,0,0.0,2.0,1.0,2.0,Y01
201400022590,0,13,0,0.0,0.0,8.0,2.0,A01
201400022591,0,33,0,0.0,2.0,1.0,1.0,B01
201400022591,0,7,0,0.0,2.0,7.0,15.0,A01
201400022592,0,7,0,0.0,0.0,4.0,23.0,C01
201400022592,0,7,0,0.0,2.0,4.0,23.0,B01
201400022592,0,7,0,0.0,2.0,1.0,1.0,A01
201400022593,0,7,0,0.0,2.0,2.0,5.0,A01
201400022593,0,7,0,0.0,2.0,2.0,1.0,B01
201400022594,0,7,0,0.0,1.0,1.0,1.0,A01
201400022595,0,2,0,0.0,2.0,4.0,2.0,B01
201400022595,0,7,0,0.0,2.0,1.0,2.0,A01
201400022596,0,7,0,0.0,1.0,2.0,2.0,A01
201400022597,0,31,0,0.0,0.0,2.0,17.0,A01
201400022597,0,7,0,0.0,2.0,6.0,15.0,B01
201400022598,0,7,0,0.0,2.0,3.0,0.0,A01
201400022598,0,7,0,0.0,2.0,2.0,1.0,B01
201400022599,0,7,0,0.0,1.0,1.0,15.0,A01
201400022600,0,31,0,0.0,2.0,2.0,1.0,B01
201400022600,0,7,0,0.0,2.0,4.0,10.0,A01
201400022601,0,2,0,0.0,1.0,1.0,1.0,A01
201400022602,1,99,0,0.0,1.0,0.0,0.0,A01
201400022603,0,7,0,1.0,2.0,1.0,1.0,A01
201400022603,0,10,0,12.0,2.0,3.0,1.0,B01
201400022604,0,7,0,0.0,1.0,3.0,1.0,A01
201400022605,0,33,0,0.0,2.0,7.0,1.0,B01
201400022605,0,7,0,0.0,2.0,7.0,15.0,A01
201400022606,0,7,0,0.0,2.0,7.0,15.0,A01
201400022606,0,33,0,0.0,2.0,1.0,1.0,B01
201400022607,0,7,0,0.0,0.0,4.0,1.0,B01
201400022607,0,7,0,0.0,2.0,1.0,2.0,A01
201400022608,0,30,0,3.0,0.0,1.0,1.0,A01
201400022609,0,31,0,0.0,2.0,1.0,1.0,B01
201400022609,0,7,0,0.0,2.0,2.0,1.0,A01
201400022610,0,7,0,0.0,1.0,6.0,4.0,A01
201400022611,1,7,0,0.0,0.0,0.0,1.0,A01
201400022611,0,2,0,0.0,0.0,0.0,1.0,B01
201400022612,0,7,0,0.0,1.0,2.0,1.0,A01
201400022613,0,7,0,12.0,2.0,2.0,13.0,A01
201400022613,0,7,0,0.0,2.0,1.0,1.0,B01
201400022614,0,7,0,0.0,2.0,3.0,15.0,A01
201400022614,0,33,0,0.0,2.0,1.0,1.0,B01
201400022615,0,7,0,0.0,2.0,4.0,1.0,B01
201400022615,0,7,0,0.0,2.0,1.0,1.0,A01
201400022616,0,7,0,0.0,2.0,4.0,1.0,B01
201400022616,0,7,0,0.0,2.0,1.0,1.0,A01
201400022616,0,7,0,0.0,2.0,4.0,1.0,E01
201400022616,0,7,0,0.0,2.0,4.0,1.0,C01
201400022616,0,10,0,0.0,2.0,4.0,1.0,D01
201400022617,0,7,0,0.0,1.0,3.0,15.0,A01
201400022618,0,7,0,0.0,2.0,1.0,1.0,B01
201400022618,0,7,0,0.0,2.0,1.0,13.0,A01
201400022619,0,7,0,0.0,2.0,5.0,16.0,A01
201400022619,0,33,0,0.0,2.0,1.0,1.0,B01
201400022620,0,7,0,0.0,2.0,8.0,1.0,B01
201400022620,0,7,0,0.0,2.0,1.0,15.0,A01
201400022621,0,7,0,0.0,1.0,2.0,15.0,A01
201400022622,0,7,0,0.0,2.0,1.0,2.0,A01
201400022622,0,7,0,0.0,2.0,4.0,2.0,B01
201400022623,1,7,0,0.0,2.0,2.0,0.0,B01
201400022623,0,33,0,0.0,2.0,4.0,1.0,A01
201400022624,0,31,0,0.0,1.0,1.0,1.0,A01
201400022625,0,7,0,0.0,1.0,1.0,1.0,A01
201400022626,0,7,0,0.0,2.0,1.0,1.0,B01
201400022626,0,7,0,0.0,2.0,1.0,13.0,A01
201400022627,0,37,1,1.0,2.0,1.0,1.0,A01
201400022627,0,7,0,0.0,2.0,6.0,1.0,E01
201400022627,0,10,0,0.0,0.0,1.0,1.0,B01
201400022628,0,1,0,0.0,2.0,8.0,1.0,B01
201400022628,0,7,0,0.0,2.0,0.0,0.0,A01
201400022629,0,7,0,0.0,2.0,3.0,1.0,B01
201400022629,0,30,0,0.0,2.0,1.0,1.0,A01
201400022630,0,7,0,0.0,2.0,4.0,2.0,D01
201400022630,0,7,0,0.0,2.0,4.0,2.0,E01
201400022630,0,7,0,0.0,2.0,1.0,2.0,A01
201400022630,0,7,0,0.0,2.0,9.0,2.0,C01
201400022630,0,7,0,0.0,2.0,9.0,2.0,B01
201400022631,0,30,0,0.0,2.0,1.0,1.0,B01
201400022631,0,7,0,0.0,2.0,2.0,1.0,A01
201400022632,0,7,0,0.0,2.0,5.0,2.0,B01
201400022632,0,33,0,0.0,2.0,0.0,2.0,A01
201400022633,0,14,0,0.0,2.0,1.0,1.0,B01
201400022633,0,7,0,0.0,2.0,8.0,1.0,A01
201400022634,0,33,0,0.0,0.0,1.0,1.0,B01
201400022634,0,7,0,0.0,2.0,2.0,10.0,A01
201400022635,0,7,0,0.0,2.0,3.0,15.0,A01
201400022635,0,33,0,0.0,2.0,7.0,1.0,B01
201400022636,0,7,0,0.0,2.0,2.0,15.0,B01
201400022636,0,30,0,0.0,2.0,2.0,17.0,A01
201400022637,0,7,0,0.0,1.0,1.0,1.0,A01
201400022638,0,31,0,0.0,2.0,2.0,17.0,A01
201400022638,0,10,0,0.0,2.0,3.0,15.0,B01
201400022639,0,7,0,0.0,2.0,6.0,23.0,B01
201400022639,0,33,0,0.0,2.0,2.0,1.0,A01
201400022640,0,7,0,0.0,2.0,1.0,2.0,B01
201400022640,0,7,0,0.0,2.0,1.0,2.0,C01
201400022640,0,7,0,0.0,2.0,4.0,2.0,A01
201400022641,0,30,0,0.0,2.0,8.0,1.0,B01
201400022641,0,7,0,0.0,2.0,1.0,1.0,A01
201400022642,0,2,0,0.0,2.0,1.0,13.0,A01
201400022642,0,33,0,0.0,2.0,1.0,23.0,B01
201400022643,0,7,0,0.0,2.0,1.0,15.0,A01
201400022643,0,7,0,0.0,2.0,8.0,23.0,B01
201400022644,0,7,0,0.0,2.0,7.0,1.0,B01
201400022644,0,7,0,0.0,2.0,1.0,19.0,A01
201400022645,0,7,0,0.0,2.0,6.0,1.0,B01
201400022645,0,7,0,0.0,2.0,6.0,2.0,A01
201400022646,0,10,0,0.0,1.0,2.0,1.0,A01
201400022647,0,7,0,0.0,2.0,1.0,1.0,B01
201400022647,0,7,0,0.0,2.0,2.0,15.0,A01
201400022647,0,7,0,0.0,2.0,1.0,23.0,C01
201400022648,0,7,0,0.0,2.0,3.0,1.0,A01
201400022648,0,32,0,0.0,2.0,7.0,1.0,B01
201400022649,0,7,0,6.0,0.0,1.0,15.0,A01
201400022650,1,7,0,0.0,2.0,0.0,0.0,Z01
201400022650,0,34,0,0.0,2.0,0.0,0.0,B01
201400022651,0,7,0,0.0,2.0,1.0,2.0,A01
201400022651,0,7,0,0.0,2.0,4.0,1.0,B01
201400022652,0,7,0,1.0,0.0,0.0,1.0,A01
201400022653,0,7,0,0.0,2.0,1.0,1.0,A01
201400022653,0,13,0,0.0,2.0,6.0,19.0,B01
201400022654,0,1,0,0.0,2.0,7.0,5.0,A01
201400022654,0,7,0,0.0,9.0,1.0,1.0,B01
201400022655,0,7,0,6.0,0.0,7.0,1.0,A01
201400022655,0,7,0,0.0,0.0,1.0,1.0,B01
201400022656,0,7,0,0.0,2.0,8.0,15.0,A01
201400022656,0,7,0,0.0,2.0,1.0,1.0,B01
201400022657,0,7,0,8.0,0.0,1.0,6.0,A01
201400022658,0,7,0,0.0,2.0,1.0,9.0,A01
201400022658,0,33,0,0.0,2.0,7.0,1.0,B01
201400022659,0,1,0,0.0,2.0,4.0,1.0,A01
201400022659,0,7,0,0.0,2.0,2.0,1.0,B01
201400022660,0,7,0,0.0,2.0,3.0,1.0,B01
201400022660,0,7,0,0.0,2.0,9.0,6.0,A01
201400022661,0,7,0,9.0,0.0,2.0,5.0,A01
201400022662,0,7,0,0.0,2.0,3.0,1.0,B01
201400022662,0,7,0,0.0,2.0,3.0,1.0,A01
201400022663,0,7,0,0.0,2.0,4.0,1.0,D01
201400022663,0,7,0,0.0,2.0,4.0,1.0,C01
201400022663,0,7,0,0.0,2.0,1.0,1.0,A01
201400022663,0,7,0,0.0,2.0,4.0,1.0,B01
201400022664,0,7,0,0.0,1.0,1.0,16.0,A01
201400022665,0,7,0,0.0,2.0,2.0,2.0,A01
201400022665,0,7,0,0.0,2.0,6.0,1.0,C01
201400022665,0,10,0,0.0,2.0,6.0,1.0,B01
201400022666,0,33,0,0.0,2.0,7.0,14.0,A01
201400022666,0,7,0,0.0,2.0,3.0,1.0,B01
201400022667,0,7,0,0.0,2.0,5.0,23.0,B01
201400022667,0,30,0,0.0,2.0,1.0,2.0,A01
201400022668,0,7,0,0.0,2.0,0.0,16.0,B01
201400022668,0,34,0,0.0,2.0,8.0,2.0,A01
201400022669,1,7,0,0.0,2.0,1.0,2.0,Z01
201400022669,0,7,0,0.0,2.0,4.0,1.0,B01
201400022670,0,7,0,0.0,2.0,6.0,1.0,B01
201400022670,0,7,0,0.0,2.0,2.0,2.0,A01
201400022671,0,7,0,0.0,2.0,7.0,1.0,B01
201400022671,0,7,0,0.0,2.0,1.0,1.0,A01
201400022672,0,32,0,0.0,0.0,8.0,0.0,A01
201400022673,0,7,0,6.0,0.0,3.0,13.0,A01
201400022674,0,10,0,0.0,1.0,1.0,1.0,A01
201400022675,0,15,0,8.0,2.0,2.0,1.0,B01
201400022675,0,7,0,0.0,2.0,8.0,13.0,A01
201400022676,0,31,0,0.0,2.0,1.0,16.0,B01
201400022676,0,7,0,0.0,2.0,5.0,19.0,A01
201400022677,0,7,0,0.0,1.0,0.0,1.0,A01
201400022678,0,7,0,0.0,1.0,2.0,15.0,A01
201400022679,0,7,0,13.0,0.0,7.0,14.0,A01
201400022680,0,7,0,0.0,2.0,0.0,9.0,A01
201400022680,0,7,0,0.0,2.0,2.0,1.0,B01
201400022681,0,7,0,0.0,2.0,1.0,15.0,A01
201400022681,0,33,0,0.0,2.0,1.0,1.0,B01
201400022682,0,10,0,0.0,2.0,1.0,1.0,B01
201400022682,0,17,0,0.0,2.0,3.0,13.0,A01
201400022683,0,7,0,0.0,1.0,1.0,1.0,A01
201400022684,0,1,0,0.0,2.0,1.0,7.0,A01
201400022684,0,7,0,0.0,2.0,1.0,15.0,B01
201400022685,0,7,0,0.0,2.0,3.0,1.0,A01
201400022685,0,7,0,0.0,2.0,3.0,1.0,B01
201400022686,0,7,0,0.0,2.0,3.0,1.0,B01
201400022686,0,30,0,0.0,2.0,1.0,1.0,A01
201400022687,0,7,0,0.0,2.0,5.0,1.0,A01
201400022687,0,7,0,0.0,2.0,2.0,1.0,B01
201400022688,0,7,0,0.0,1.0,0.0,15.0,A01
201400022689,0,1,0,0.0,2.0,7.0,0.0,B01
201400022689,0,7,0,0.0,2.0,8.0,0.0,A01
201400022690,0,7,0,0.0,2.0,1.0,1.0,A01
201400022690,0,7,0,0.0,2.0,4.0,1.0,B01
201400022690,0,7,0,0.0,2.0,4.0,1.0,C01
201400022691,0,7,0,13.0,0.0,1.0,14.0,A01
201400022692,0,7,0,0.0,2.0,1.0,1.0,B01
201400022692,0,1,0,0.0,2.0,0.0,5.0,A01
201400022693,0,7,0,0.0,2.0,2.0,1.0,A01
201400022693,0,7,0,0.0,2.0,5.0,19.0,B01
201400022694,0,7,0,0.0,1.0,3.0,7.0,A01
201400022695,0,7,0,0.0,9.0,2.0,20.0,A01
201400022695,0,1,0,0.0,2.0,1.0,1.0,B01
201400022696,0,7,0,0.0,2.0,1.0,1.0,B01
201400022696,0,7,0,0.0,2.0,1.0,13.0,A01
201400022697,0,10,0,1.0,1.0,2.0,1.0,A01
201400022698,0,7,0,0.0,1.0,7.0,1.0,A01
201400022699,0,7,0,0.0,2.0,0.0,1.0,A01
201400022699,0,1,0,0.0,2.0,0.0,1.0,B01
201400022700,0,7,0,0.0,2.0,2.0,16.0,A01
201400022700,0,7,0,0.0,2.0,8.0,0.0,B01
201400022701,0,7,0,0.0,2.0,1.0,1.0,A01
201400022701,0,7,0,0.0,2.0,4.0,1.0,B01
201400022702,0,13,0,0.0,2.0,8.0,9.0,B01
201400022702,0,7,0,0.0,2.0,1.0,1.0,A01
201400022703,0,7,0,0.0,0.0,5.0,1.0,B01
201400022703,0,32,0,0.0,2.0,1.0,0.0,A01
201400022704,0,33,0,0.0,0.0,1.0,0.0,A01
201400022705,0,7,0,0.0,1.0,2.0,1.0,A01
201400022706,0,7,0,0.0,2.0,3.0,1.0,B01
201400022706,0,7,0,11.0,2.0,2.0,13.0,A01
201400022707,0,7,0,0.0,2.0,1.0,1.0,A01
201400022707,0,7,0,0.0,0.0,4.0,1.0,B01
201400022708,1,32,0,0.0,0.0,0.0,0.0,A01
201400022709,0,7,0,0.0,1.0,3.0,1.0,A01
201400022710,0,7,0,0.0,2.0,1.0,1.0,A01
201400022710,0,7,0,0.0,0.0,4.0,1.0,B01
201400022711,0,30,0,8.0,0.0,0.0,0.0,A01
201400022712,0,7,0,0.0,1.0,1.0,15.0,A01
201400022713,0,7,0,1.0,2.0,0.0,1.0,A01
201400022713,0,10,0,1.0,2.0,0.0,1.0,B01
201400022714,0,7,0,0.0,2.0,2.0,10.0,A01
201400022714,0,1,0,0.0,2.0,1.0,19.0,B01
201400022715,0,37,1,0.0,1.0,7.0,1.0,A01
201400022716,0,7,0,0.0,2.0,7.0,1.0,B01
201400022716,0,33,0,0.0,2.0,1.0,21.0,A01
201400022717,0,7,0,0.0,1.0,8.0,1.0,A01
201400022718,0,7,0,0.0,2.0,1.0,5.0,A01
201400022718,0,7,0,0.0,2.0,1.0,1.0,B01
201400022719,0,7,0,0.0,2.0,4.0,1.0,C01
201400022719,0,7,0,0.0,2.0,1.0,1.0,A01
201400022719,0,7,0,0.0,2.0,4.0,1.0,B01
201400022720,0,7,0,0.0,1.0,7.0,1.0,A01
201400022721,0,32,0,0.0,2.0,7.0,1.0,B01
201400022721,0,7,0,0.0,2.0,8.0,13.0,A01
201400022722,0,33,0,0.0,0.0,7.0,21.0,A01
201400022723,0,30,0,0.0,2.0,7.0,1.0,B01
201400022723,0,7,0,0.0,2.0,3.0,9.0,A01
201400022724,0,7,0,0.0,1.0,4.0,4.0,A01
201400022725,0,1,0,0.0,2.0,1.0,1.0,A01
201400022725,0,7,0,0.0,2.0,3.0,1.0,B01
201400022726,0,7,0,0.0,2.0,3.0,1.0,B01
201400022726,1,7,0,0.0,2.0,2.0,1.0,Z01
201400022727,0,7,0,0.0,1.0,2.0,1.0,A01
201400022728,0,31,0,0.0,2.0,7.0,1.0,B01
201400022728,1,7,0,0.0,2.0,0.0,9.0,A01
201400022729,0,33,0,0.0,2.0,1.0,1.0,B01
201400022729,0,7,0,0.0,2.0,3.0,19.0,A01
201400022730,0,7,0,0.0,2.0,1.0,1.0,A01
201400022730,0,7,0,8.0,2.0,3.0,1.0,B01
201400022731,1,7,0,0.0,2.0,1.0,9.0,Z01
201400022731,0,30,0,0.0,2.0,1.0,1.0,B01
201400022732,0,15,0,0.0,2.0,4.0,1.0,B01
201400022732,0,30,0,0.0,2.0,1.0,9.0,A01
201400022733,0,7,0,0.0,2.0,4.0,1.0,B01
201400022733,0,7,0,0.0,2.0,1.0,1.0,A01
201400022734,0,7,0,13.0,0.0,1.0,13.0,A01
201400022735,0,10,0,0.0,2.0,5.0,1.0,B01
201400022735,0,3,0,0.0,2.0,1.0,1.0,A01
201400022736,0,30,0,0.0,2.0,0.0,1.0,B01
201400022736,0,7,0,0.0,2.0,1.0,1.0,A01
201400022737,0,30,0,0.0,0.0,1.0,0.0,A01
201400022738,0,7,0,0.0,2.0,1.0,1.0,A01
201400022738,0,1,0,0.0,2.0,7.0,19.0,B01
201400022739,0,7,0,1.0,2.0,5.0,15.0,A01
201400022739,0,7,0,0.0,2.0,1.0,1.0,B01
201400022740,0,1,0,0.0,2.0,7.0,19.0,A01
201400022740,0,34,0,0.0,2.0,1.0,1.0,B01
201400022741,0,7,0,0.0,2.0,1.0,17.0,A01
201400022741,0,14,0,0.0,2.0,6.0,9.0,B01
201400022742,0,7,0,0.0,2.0,1.0,15.0,B01
201400022742,0,7,0,0.0,2.0,0.0,17.0,A01
201400022743,0,7,0,1.0,2.0,1.0,1.0,A01
201400022743,0,33,0,0.0,2.0,3.0,1.0,B01
201400022744,0,7,0,0.0,2.0,3.0,10.0,A01
201400022744,0,33,0,0.0,2.0,1.0,1.0,B01
201400022745,0,7,0,0.0,2.0,3.0,1.0,A01
201400022745,0,7,0,0.0,2.0,5.0,1.0,B01
201400022746,0,7,0,0.0,2.0,4.0,0.0,B01
201400022746,0,33,0,0.0,2.0,1.0,0.0,A01
201400022747,0,7,0,0.0,2.0,6.0,16.0,A01
201400022747,0,7,0,0.0,2.0,2.0,1.0,B01
201400022748,0,36,0,0.0,2.0,3.0,13.0,A01
201400022748,0,7,0,0.0,2.0,3.0,1.0,B01
201400022749,0,7,0,0.0,1.0,1.0,1.0,A01
201400022750,1,7,0,0.0,2.0,0.0,0.0,A01
201400022750,0,1,0,0.0,2.0,1.0,0.0,B01
201400022751,0,7,0,0.0,2.0,1.0,15.0,A01
201400022751,0,99,0,0.0,2.0,4.0,1.0,B01
201400022752,0,7,0,0.0,2.0,3.0,9.0,A01
201400022752,0,7,0,0.0,2.0,1.0,1.0,B01
201400022753,1,10,0,0.0,1.0,1.0,1.0,A01
201400022754,1,7,0,0.0,2.0,1.0,1.0,A01
201400022754,0,7,0,0.0,2.0,4.0,23.0,B01
201400022755,0,7,0,0.0,2.0,8.0,15.0,A01
201400022755,0,2,0,0.0,2.0,8.0,2.0,B01
201400022756,0,7,0,0.0,1.0,3.0,1.0,A01
201400022757,0,7,0,13.0,0.0,0.0,14.0,A01
201400022758,0,30,0,0.0,2.0,1.0,1.0,A01
201400022758,0,7,0,0.0,2.0,5.0,16.0,B01
201400022759,0,38,1,0.0,2.0,1.0,1.0,B01
201400022759,0,7,0,0.0,2.0,1.0,1.0,A01
201400022760,0,10,0,0.0,1.0,1.0,1.0,A01
201400022761,0,7,0,0.0,2.0,4.0,1.0,B01
201400022761,0,30,0,0.0,2.0,1.0,1.0,A01
201400022762,0,7,0,0.0,1.0,1.0,1.0,A01
201400022763,0,10,0,0.0,1.0,1.0,1.0,A01
201400022764,0,7,0,0.0,2.0,4.0,23.0,B01
201400022764,0,30,0,0.0,2.0,1.0,1.0,A01
201400022765,1,30,0,0.0,2.0,2.0,0.0,A01
201400022766,0,7,0,0.0,1.0,1.0,1.0,A01
201400022767,0,7,0,0.0,1.0,1.0,1.0,A01
201400022768,0,7,0,0.0,1.0,2.0,1.0,A01
201400022769,0,7,0,0.0,2.0,3.0,1.0,B01
201400022769,0,1,0,0.0,2.0,1.0,5.0,A01
201400022770,0,7,0,0.0,2.0,2.0,1.0,B01
201400022770,0,31,0,0.0,2.0,2.0,15.0,A01
201400022771,0,7,0,0.0,2.0,7.0,1.0,A01
201400022771,0,7,0,0.0,2.0,1.0,1.0,B01
201400022772,0,7,0,0.0,1.0,0.0,16.0,A01
201400022773,0,7,0,0.0,2.0,1.0,9.0,B01
201400022773,0,1,0,0.0,2.0,8.0,5.0,A01
201400022774,0,7,0,0.0,2.0,8.0,15.0,B01
201400022774,0,32,0,0.0,2.0,7.0,3.0,A01
201400022775,0,7,0,0.0,2.0,4.0,1.0,B01
201400022775,0,7,0,0.0,2.0,1.0,1.0,A01
201400022776,0,7,0,0.0,2.0,1.0,1.0,B01
201400022776,0,7,0,0.0,2.0,3.0,9.0,A01
201400022777,0,7,0,0.0,2.0,4.0,1.0,B01
201400022777,0,1,0,0.0,2.0,1.0,1.0,A01
201400022778,0,7,0,0.0,2.0,2.0,15.0,A01
201400022778,0,7,0,0.0,2.0,3.0,1.0,B01
201400022779,0,7,0,0.0,2.0,1.0,1.0,A01
201400022779,0,7,0,0.0,2.0,7.0,15.0,B01
201400022780,0,7,0,0.0,2.0,1.0,1.0,A01
201400022780,0,1,0,0.0,2.0,4.0,1.0,B01
201400022781,0,1,0,0.0,2.0,8.0,19.0,B01
201400022781,1,7,0,0.0,2.0,1.0,1.0,A01
201400022782,0,7,0,0.0,2.0,2.0,15.0,A01
201400022782,0,31,0,0.0,2.0,0.0,17.0,B01
201400022783,0,30,0,0.0,2.0,7.0,1.0,B01
201400022783,1,7,0,0.0,2.0,1.0,5.0,Z01
201400022784,0,2,0,0.0,2.0,1.0,1.0,A01
201400022784,0,7,0,0.0,2.0,5.0,9.0,B01
201400022785,0,7,0,6.0,0.0,1.0,21.0,A01
201400022786,0,7,0,0.0,2.0,1.0,15.0,A01
201400022786,0,33,0,0.0,2.0,1.0,1.0,B01
201400022787,0,7,0,0.0,2.0,1.0,2.0,A01
201400022787,0,7,0,0.0,2.0,4.0,2.0,B01
201400022788,0,7,0,1.0,1.0,1.0,6.0,A01
201400022789,0,7,0,0.0,2.0,5.0,15.0,B01
201400022789,0,7,0,0.0,2.0,2.0,1.0,A01
201400022790,0,7,0,0.0,2.0,1.0,15.0,A01
201400022790,0,33,0,0.0,2.0,1.0,15.0,B01
201400022791,0,7,0,0.0,2.0,0.0,10.0,A01
201400022791,0,33,0,0.0,2.0,0.0,1.0,B01
201400022792,0,2,0,0.0,2.0,1.0,9.0,A01
201400022792,0,7,0,0.0,2.0,5.0,1.0,B01
201400022793,0,7,0,0.0,2.0,2.0,15.0,B01
201400022793,1,7,0,0.0,2.0,0.0,1.0,A01
201400022794,0,30,0,0.0,1.0,1.0,1.0,A01
201400022795,0,30,0,0.0,1.0,1.0,1.0,A01
201400022796,0,7,0,0.0,1.0,1.0,1.0,A01
201400022797,0,7,0,6.0,0.0,9.0,13.0,A01
201400022798,0,7,0,0.0,2.0,1.0,15.0,A01
201400022798,0,2,0,0.0,2.0,7.0,1.0,B01
201400022799,0,1,0,0.0,2.0,1.0,1.0,B01
201400022799,0,7,0,0.0,2.0,2.0,15.0,A01
201400022800,0,7,0,0.0,2.0,3.0,1.0,A01
201400022800,0,33,0,0.0,2.0,1.0,1.0,B01
201400022801,0,7,0,0.0,1.0,2.0,1.0,A01
201400022802,0,7,0,0.0,1.0,4.0,1.0,B01
201400022802,0,7,0,0.0,1.0,1.0,1.0,A01
201400022803,0,7,0,0.0,2.0,5.0,15.0,A01
201400022803,0,34,0,0.0,2.0,1.0,21.0,B01
201400022804,0,7,0,0.0,2.0,1.0,1.0,B01
201400022804,0,10,0,8.0,2.0,5.0,15.0,A01
201400022805,0,7,0,0.0,2.0,4.0,1.0,B01
201400022805,0,7,0,0.0,2.0,4.0,1.0,C01
201400022805,0,7,0,0.0,2.0,1.0,1.0,A01
201400022806,0,7,0,0.0,2.0,4.0,2.0,C01
201400022806,0,10,0,0.0,2.0,4.0,2.0,B01
201400022806,0,7,0,0.0,2.0,1.0,2.0,A01
201400022807,0,10,0,0.0,0.0,4.0,23.0,C01
201400022807,0,7,0,0.0,2.0,4.0,23.0,B01
201400022807,0,7,0,0.0,2.0,1.0,2.0,A01
201400022808,2,7,0,0.0,2.0,3.0,13.0,A01
201400022808,0,7,0,0.0,2.0,8.0,1.0,B01