Num_Acc,senc,catv,occutc,obs,obsm,choc,manv,num_veh
201400023072,0,33,0,0.0,2.0,1.0,1.0,A01
201400023073,1,7,0,0.0,0.0,0.0,0.0,Z01
201400023073,0,1,0,0.0,2.0,0.0,0.0,A01
201400023074,0,31,0,0.0,2.0,0.0,0.0,A01
201400023074,0,7,0,0.0,2.0,0.0,0.0,B01
201400023075,0,33,0,0.0,2.0,1.0,1.0,B01
201400023075,0,7,0,0.0,2.0,7.0,15.0,A01
201400023076,0,7,0,0.0,2.0,0.0,0.0,B01
201400023076,0,30,0,0.0,2.0,0.0,0.0,A01
201400023077,0,7,0,0.0,0.0,1.0,0.0,A01
201400023078,0,7,0,0.0,2.0,2.0,15.0,A01
201400023078,0,33,0,0.0,2.0,1.0,1.0,B01
201400023079,0,7,0,0.0,1.0,4.0,0.0,B01
201400023079,0,7,0,0.0,2.0,1.0,0.0,A01
201400023080,0,7,0,0.0,0.0,1.0,0.0,A01
201400023080,0,31,0,0.0,2.0,0.0,0.0,B01
201400023081,0,31,0,0.0,2.0,0.0,0.0,A01
201400023081,1,7,0,0.0,0.0,0.0,0.0,Z01
201400023082,0,7,0,0.0,1.0,1.0,15.0,A01
201400023083,0,7,0,7.0,0.0,1.0,0.0,A01
201400023084,0,7,0,0.0,0.0,0.0,0.0,A01
201400023085,0,34,0,0.0,2.0,1.0,17.0,B01
201400023085,0,7,0,0.0,2.0,1.0,10.0,A01
201400023086,0,7,0,1.0,0.0,1.0,13.0,A01
201400023087,0,7,0,0.0,1.0,0.0,0.0,A01
201400023088,0,7,0,0.0,2.0,1.0,2.0,A01
201400023088,0,7,0,0.0,0.0,4.0,2.0,B01
201400023089,0,31,0,0.0,2.0,1.0,2.0,B01
201400023089,0,7,0,0.0,2.0,8.0,10.0,A01
201400023090,0,7,0,0.0,2.0,4.0,2.0,B01
201400023090,0,7,0,0.0,2.0,1.0,2.0,A01
201400023091,1,7,0,0.0,2.0,0.0,0.0,Z01
201400023091,0,32,0,0.0,2.0,8.0,1.0,A01
201400023092,0,31,0,12.0,2.0,7.0,1.0,B01
201400023092,0,7,0,0.0,2.0,0.0,0.0,A01
201400023093,0,7,0,0.0,2.0,0.0,0.0,B01
201400023093,0,7,0,0.0,2.0,0.0,0.0,A01
201400023094,0,7,0,0.0,0.0,1.0,0.0,B01
201400023094,0,30,0,0.0,2.0,0.0,0.0,A01
201400023095,0,31,0,0.0,2.0,1.0,0.0,B01
201400023095,0,7,0,0.0,2.0,8.0,0.0,A01
201400023096,0,7,0,0.0,2.0,4.0,0.0,B01
201400023096,0,7,0,0.0,2.0,1.0,0.0,A01
201400023097,0,7,0,0.0,2.0,4.0,0.0,C01
201400023097,0,7,0,0.0,2.0,0.0,0.0,B01
201400023097,0,7,0,0.0,2.0,1.0,0.0,A01
201400023098,2,7,0,0.0,0.0,0.0,0.0,A01
201400023099,0,7,0,8.0,0.0,1.0,0.0,A01
201400023100,0,7,0,0.0,2.0,7.0,0.0,A01
201400023100,0,7,0,0.0,2.0,8.0,0.0,B01
201400023101,0,7,0,0.0,2.0,1.0,0.0,A01
201400023101,0,33,0,0.0,2.0,4.0,0.0,B01
201400023102,0,31,0,0.0,2.0,1.0,0.0,A01
201400023102,0,7,0,0.0,2.0,2.0,0.0,B01
201400023103,0,7,0,0.0,1.0,7.0,1.0,A01
201400023104,0,7,0,0.0,1.0,2.0,0.0,A01
201400023105,0,37,1,0.0,2.0,1.0,0.0,B01
201400023105,0,31,0,0.0,2.0,8.0,0.0,A01
201400023106,0,7,0,0.0,2.0,5.0,1.0,A01
201400023106,0,30,0,0.0,2.0,1.0,1.0,B01
201400023107,0,7,0,0.0,2.0,8.0,0.0,B01
201400023107,0,7,0,0.0,2.0,2.0,0.0,A01
201400023107,1,7,0,0.0,2.0,0.0,0.0,Z01
201400023108,0,7,0,0.0,2.0,1.0,2.0,A01
201400023108,0,7,0,0.0,2.0,4.0,2.0,B01
201400023109,0,7,0,0.0,1.0,1.0,0.0,A01
201400023110,0,7,0,0.0,2.0,0.0,0.0,A01
201400023110,0,32,0,0.0,2.0,0.0,0.0,B01
201400023111,0,7,0,4.0,0.0,1.0,1.0,A01
201400023112,0,31,0,0.0,2.0,0.0,0.0,B01
201400023112,0,7,0,0.0,2.0,0.0,0.0,A01
201400023113,0,7,0,4.0,0.0,3.0,13.0,A01
201400023114,0,31,0,0.0,2.0,8.0,1.0,A01
201400023114,1,7,0,0.0,2.0,0.0,16.0,Z01
201400023115,0,7,0,0.0,2.0,0.0,0.0,A01
201400023115,0,7,0,0.0,2.0,0.0,0.0,C01
201400023115,0,7,0,0.0,2.0,0.0,0.0,D01
201400023115,0,7,0,0.0,2.0,0.0,0.0,B01
201400023116,0,30,0,0.0,0.0,0.0,0.0,A01
201400023117,0,7,0,0.0,0.0,0.0,0.0,B01
201400023117,0,7,0,0.0,2.0,0.0,0.0,A01
201400023117,0,7,0,0.0,2.0,0.0,0.0,C01
201400023118,0,33,0,0.0,2.0,1.0,0.0,A01
201400023118,0,7,0,0.0,2.0,1.0,1.0,C01
201400023118,0,7,0,0.0,2.0,1.0,15.0,B01
201400023119,0,7,0,1.0,0.0,9.0,0.0,A01
201400023120,0,30,0,0.0,2.0,1.0,1.0,B01
201400023120,0,7,0,0.0,2.0,1.0,15.0,A01
201400023121,0,7,0,0.0,2.0,1.0,0.0,A01
201400023121,0,7,0,0.0,2.0,4.0,0.0,B01
201400023121,0,7,0,0.0,2.0,1.0,0.0,C01
201400023121,0,7,0,0.0,2.0,4.0,0.0,D01
201400023121,0,7,0,0.0,2.0,8.0,0.0,E01
201400023122,0,33,0,0.0,2.0,0.0,0.0,B01
201400023122,0,7,0,0.0,2.0,0.0,0.0,A01
201400023123,0,7,0,0.0,2.0,1.0,0.0,A01
201400023123,0,31,0,0.0,2.0,4.0,23.0,B01
201400023124,0,1,0,0.0,2.0,7.0,12.0,A01
201400023124,0,32,0,0.0,2.0,2.0,1.0,B01
201400023125,0,7,0,0.0,2.0,0.0,0.0,A01
201400023125,0,7,0,0.0,2.0,0.0,0.0,C01
201400023125,0,7,0,0.0,2.0,4.0,0.0,B01
201400023126,0,13,0,0.0,2.0,0.0,0.0,B01
201400023126,0,7,0,0.0,2.0,0.0,0.0,A01
201400023127,0,7,0,0.0,2.0,0.0,0.0,A01
201400023127,0,7,0,0.0,2.0,0.0,0.0,B01
201400023128,0,7,0,0.0,2.0,1.0,1.0,C01
201400023128,0,7,0,0.0,2.0,4.0,1.0,B01
201400023128,0,10,0,0.0,2.0,0.0,9.0,A01
201400023129,0,2,0,0.0,2.0,3.0,1.0,B01
201400023129,0,7,0,0.0,2.0,3.0,15.0,A01
201400023130,0,31,0,0.0,0.0,0.0,0.0,A01
201400023131,0,2,0,0.0,0.0,0.0,0.0,B01
201400023131,0,7,0,0.0,2.0,0.0,0.0,A01
201400023132,0,7,0,0.0,2.0,8.0,10.0,A01
201400023132,0,33,0,0.0,2.0,1.0,1.0,B01
201400023133,0,7,0,0.0,0.0,0.0,0.0,A01
201400023134,0,7,0,0.0,2.0,2.0,15.0,A01
201400023134,0,31,0,0.0,2.0,1.0,1.0,B01
201400023135,0,7,0,0.0,2.0,0.0,0.0,B01
201400023135,0,7,0,0.0,2.0,0.0,0.0,D01
201400023135,0,7,0,0.0,2.0,0.0,0.0,A01
201400023135,0,7,0,0.0,2.0,0.0,0.0,C01
201400023136,0,33,0,0.0,2.0,0.0,0.0,B01
201400023136,0,7,0,0.0,2.0,1.0,0.0,A01
201400023137,0,7,0,0.0,2.0,4.0,0.0,B01
201400023137,0,7,0,0.0,2.0,1.0,0.0,A01
201400023138,0,32,0,0.0,2.0,5.0,16.0,A01
201400023138,0,1,0,0.0,2.0,1.0,1.0,B01
201400023139,0,7,0,0.0,2.0,0.0,0.0,B01
201400023139,0,7,0,0.0,2.0,0.0,0.0,C01
201400023139,0,33,0,0.0,2.0,0.0,0.0,A01
201400023140,0,7,0,0.0,2.0,1.0,0.0,A01
201400023140,0,31,0,0.0,2.0,1.0,0.0,B01
201400023141,0,1,0,0.0,2.0,1.0,1.0,B01
201400023141,0,7,0,0.0,2.0,3.0,15.0,A01
201400023142,0,10,0,0.0,2.0,5.0,1.0,A01
201400023142,1,14,0,0.0,2.0,0.0,0.0,Z01
201400023143,0,2,0,0.0,2.0,0.0,0.0,A01
201400023143,0,7,0,0.0,2.0,1.0,0.0,B01
201400023144,0,7,0,0.0,1.0,0.0,0.0,A01
201400023145,0,30,0,0.0,2.0,0.0,0.0,A01
201400023146,0,33,0,0.0,2.0,0.0,0.0,A01
201400023146,0,10,0,0.0,2.0,0.0,0.0,B01
201400023147,0,7,0,0.0,2.0,0.0,0.0,B01
201400023147,0,7,0,0.0,2.0,0.0,0.0,C01
201400023147,0,1,0,0.0,2.0,0.0,0.0,A01
201400023148,0,10,0,0.0,1.0,1.0,1.0,A01
201400023149,0,7,0,0.0,0.0,0.0,0.0,A01
201400023150,0,2,0,0.0,2.0,0.0,0.0,B01
201400023150,0,7,0,0.0,2.0,0.0,0.0,A01
201400023151,1,10,0,0.0,2.0,1.0,0.0,Z01
201400023151,0,7,0,0.0,2.0,4.0,0.0,A01
201400023152,0,7,0,0.0,1.0,0.0,0.0,A01
201400023153,0,7,0,0.0,2.0,0.0,0.0,B01
201400023153,0,33,0,0.0,2.0,0.0,0.0,A01
201400023154,0,7,0,0.0,2.0,1.0,1.0,B01
201400023154,0,7,0,0.0,2.0,0.0,0.0,C01
201400023154,0,14,0,0.0,0.0,0.0,0.0,A01
201400023154,0,7,0,0.0,2.0,0.0,0.0,D01
201400023155,0,7,0,0.0,1.0,4.0,4.0,A01
201400023156,0,7,0,0.0,1.0,0.0,0.0,A01
201400023157,0,7,0,0.0,2.0,0.0,0.0,C01
201400023157,0,7,0,0.0,2.0,0.0,0.0,A01
201400023157,0,7,0,0.0,2.0,0.0,0.0,B01
201400023158,0,30,0,0.0,2.0,0.0,0.0,A01
201400023158,0,7,0,0.0,2.0,0.0,0.0,B01
201400023159,0,7,0,0.0,1.0,2.0,4.0,A01
201400023160,0,7,0,0.0,1.0,2.0,1.0,A01
201400023161,0,2,0,0.0,2.0,1.0,0.0,B01
201400023161,0,7,0,0.0,2.0,5.0,0.0,A01
201400023162,0,7,0,0.0,1.0,0.0,0.0,A01
201400023163,0,7,0,0.0,2.0,0.0,0.0,A01
201400023163,0,7,0,0.0,2.0,0.0,0.0,B01
201400023163,0,33,0,0.0,2.0,0.0,0.0,C01
201400023164,0,1,0,0.0,2.0,0.0,0.0,A01
201400023164,0,7,0,0.0,2.0,0.0,0.0,B01
201400023165,0,7,0,1.0,1.0,3.0,0.0,A01
201400023166,0,7,0,0.0,2.0,3.0,0.0,A01
201400023166,0,7,0,0.0,2.0,2.0,0.0,B01
201400023167,0,7,0,0.0,1.0,7.0,1.0,A01
201400023168,1,7,0,0.0,2.0,1.0,0.0,Z01
201400023168,0,1,0,0.0,2.0,0.0,0.0,B01
201400023169,0,32,0,0.0,0.0,0.0,0.0,B01
201400023169,0,7,0,0.0,0.0,0.0,0.0,A01
201400023170,0,7,0,0.0,2.0,0.0,0.0,B01
201400023170,0,7,0,0.0,2.0,0.0,0.0,A01
201400023171,0,7,0,0.0,2.0,1.0,0.0,A01
201400023172,0,7,0,0.0,2.0,1.0,1.0,B01
201400023172,0,33,0,0.0,2.0,0.0,0.0,A01
201400023173,0,7,0,0.0,1.0,1.0,1.0,A01
201400023174,0,7,0,0.0,1.0,0.0,0.0,A01
201400023175,0,7,0,0.0,2.0,6.0,1.0,A01
201400023175,1,31,0,0.0,2.0,0.0,0.0,Z01
201400023176,0,1,0,4.0,2.0,3.0,0.0,B01
201400023176,0,32,0,0.0,2.0,8.0,0.0,A01
201400023177,0,33,0,0.0,1.0,0.0,0.0,A01
201400023178,0,10,0,0.0,1.0,0.0,0.0,A01
201400023179,0,32,0,0.0,2.0,0.0,1.0,A01
201400023179,0,7,0,0.0,0.0,1.0,15.0,B01
201400023180,0,7,0,0.0,2.0,0.0,0.0,A01
201400023180,0,7,0,0.0,2.0,0.0,0.0,B01
201400023181,0,7,0,0.0,2.0,1.0,0.0,A01
201400023181,0,7,0,0.0,2.0,4.0,0.0,B01
201400023182,0,7,0,0.0,1.0,3.0,0.0,A01
201400023183,0,7,0,0.0,2.0,0.0,0.0,B01
201400023183,0,7,0,0.0,0.0,0.0,0.0,A01
201400023184,0,7,0,0.0,0.0,0.0,0.0,B01
201400023184,0,36,0,0.0,2.0,0.0,0.0,A01
201400023185,0,1,0,0.0,2.0,0.0,0.0,B01
201400023185,0,7,0,0.0,2.0,2.0,0.0,A01
201400023186,0,7,0,0.0,2.0,2.0,1.0,B01
201400023186,0,7,0,0.0,2.0,6.0,18.0,A01
201400023187,0,7,0,0.0,1.0,0.0,0.0,A01
201400023188,0,33,0,0.0,2.0,0.0,0.0,B01
201400023188,0,7,0,0.0,2.0,0.0,0.0,A01
201400023189,1,7,0,0.0,2.0,0.0,0.0,Z01
201400023189,0,7,0,0.0,2.0,9.0,1.0,B01
201400023190,0,7,0,0.0,2.0,3.0,0.0,B01
201400023190,0,7,0,0.0,2.0,1.0,1.0,A01
201400023191,0,1,0,0.0,2.0,0.0,19.0,B01
201400023191,0,7,0,0.0,9.0,0.0,1.0,A01
201400023192,0,7,0,0.0,1.0,0.0,0.0,A01
201400023193,0,7,0,0.0,0.0,0.0,0.0,A01
201400023194,0,7,0,0.0,1.0,3.0,9.0,A01
201400023195,0,33,0,0.0,2.0,0.0,0.0,B01
201400023195,0,33,0,0.0,2.0,0.0,0.0,A01
201400023196,0,30,0,0.0,2.0,0.0,0.0,A01
201400023196,0,7,0,0.0,2.0,0.0,0.0,B01
201400023197,0,7,0,0.0,0.0,4.0,1.0,D01
201400023197,0,7,0,0.0,2.0,4.0,2.0,C01
201400023197,0,7,0,0.0,2.0,3.0,12.0,A01
201400023197,0,7,0,0.0,2.0,5.0,2.0,B01
201400023198,0,10,0,0.0,2.0,0.0,0.0,A01
201400023198,0,33,0,0.0,2.0,0.0,0.0,B01
201400023199,0,7,0,0.0,2.0,0.0,0.0,A01
201400023199,0,33,0,0.0,2.0,0.0,0.0,B01
201400023199,0,7,0,0.0,2.0,0.0,0.0,C01
201400023200,0,7,0,0.0,2.0,3.0,11.0,A01
201400023200,0,31,0,0.0,2.0,1.0,1.0,B01
201400023201,0,1,0,0.0,0.0,0.0,0.0,B01
201400023201,1,7,0,0.0,0.0,0.0,0.0,Z01
201400023202,0,7,0,0.0,2.0,0.0,0.0,A01
201400023202,0,30,0,0.0,2.0,0.0,0.0,B01
201400023203,0,30,0,0.0,2.0,3.0,18.0,A01
201400023203,0,7,0,0.0,2.0,2.0,1.0,B01
201400023204,0,10,0,0.0,2.0,4.0,0.0,B01
201400023204,0,7,0,0.0,2.0,1.0,0.0,A01
201400023205,0,7,0,0.0,2.0,0.0,0.0,B01
201400023205,0,7,0,0.0,2.0,0.0,0.0,C01
201400023205,0,7,0,0.0,0.0,0.0,0.0,A01
201400023206,0,33,0,0.0,2.0,0.0,0.0,B01
201400023206,0,7,0,0.0,2.0,0.0,0.0,A01
201400023207,0,7,0,0.0,2.0,1.0,1.0,A01
201400023207,0,1,0,0.0,2.0,0.0,0.0,B01
201400023208,0,37,1,0.0,1.0,1.0,0.0,A01
201400023209,0,7,0,0.0,2.0,1.0,0.0,A01
201400023209,0,33,0,0.0,2.0,1.0,0.0,B01
201400023210,0,7,0,0.0,2.0,0.0,0.0,B01
201400023210,0,7,0,0.0,2.0,0.0,0.0,A01
201400023211,0,7,0,0.0,1.0,1.0,0.0,A01
201400023212,0,7,0,0.0,1.0,1.0,2.0,A01
201400023213,0,1,0,0.0,2.0,0.0,0.0,A01
201400023213,0,7,0,0.0,0.0,1.0,0.0,B01
201400023214,0,7,0,0.0,0.0,1.0,0.0,A01
201400023214,0,7,0,0.0,2.0,0.0,0.0,B01
201400023215,0,10,0,0.0,2.0,1.0,0.0,A01
201400023215,0,7,0,0.0,2.0,4.0,0.0,B01
201400023216,0,37,1,0.0,1.0,1.0,0.0,A01
201400023217,0,7,0,0.0,2.0,3.0,0.0,A01
201400023217,0,33,0,0.0,2.0,4.0,0.0,B01
201400023218,0,7,0,0.0,2.0,1.0,0.0,A01
201400023218,0,7,0,0.0,2.0,3.0,0.0,B01
201400023219,0,1,0,0.0,2.0,1.0,0.0,A01
201400023219,0,7,0,0.0,0.0,0.0,0.0,B01
201400023220,0,7,0,0.0,2.0,7.0,0.0,A01
201400023220,0,32,0,0.0,2.0,3.0,1.0,B01
201400023221,0,33,0,0.0,0.0,1.0,0.0,A01
201400023221,0,7,0,0.0,0.0,1.0,0.0,B01
201400023222,0,7,0,0.0,2.0,1.0,1.0,B01
201400023222,0,33,0,0.0,2.0,2.0,13.0,A01
201400023223,0,10,0,0.0,2.0,1.0,2.0,A01
201400023223,0,10,0,0.0,2.0,4.0,2.0,B01
201400023224,0,7,0,0.0,2.0,5.0,15.0,B01
201400023224,0,31,0,0.0,2.0,1.0,0.0,A01
201400023225,0,7,0,1.0,0.0,1.0,0.0,A01
201400023226,0,7,0,0.0,1.0,1.0,1.0,A01
201400023227,0,30,0,8.0,0.0,8.0,0.0,A01
201400023228,0,7,0,0.0,2.0,1.0,16.0,A01
201400023228,0,33,0,0.0,2.0,1.0,1.0,B01
201400023229,0,32,0,0.0,2.0,8.0,1.0,B01
201400023229,0,7,0,0.0,2.0,7.0,12.0,A01
201400023230,0,7,0,0.0,2.0,1.0,0.0,A01
201400023230,0,7,0,0.0,2.0,0.0,0.0,B01
201400023231,0,7,0,0.0,1.0,0.0,0.0,A01
201400023232,0,7,0,0.0,2.0,0.0,0.0,A01
201400023232,0,1,0,0.0,2.0,0.0,0.0,B01
201400023233,0,31,0,0.0,2.0,0.0,0.0,B01
201400023233,0,7,0,0.0,2.0,0.0,0.0,A01
201400023234,0,7,0,0.0,2.0,0.0,0.0,B01
201400023234,0,7,0,0.0,2.0,0.0,0.0,A01
201400023235,0,7,0,0.0,2.0,6.0,9.0,A01
201400023236,0,1,0,0.0,2.0,0.0,0.0,B01
201400023236,0,7,0,0.0,2.0,0.0,0.0,A01
201400023237,0,7,0,0.0,2.0,8.0,1.0,B01
201400023237,0,7,0,0.0,2.0,3.0,0.0,A01
201400023238,0,7,0,0.0,1.0,3.0,0.0,A01
201400023239,0,7,0,0.0,2.0,9.0,0.0,A01
201400023240,0,31,0,0.0,2.0,1.0,0.0,A01
201400023240,0,7,0,0.0,2.0,8.0,0.0,B01
201400023241,0,31,0,0.0,2.0,1.0,1.0,B01
201400023241,0,7,0,0.0,2.0,8.0,15.0,A01
201400023242,0,7,0,0.0,1.0,8.0,22.0,A01
201400023243,0,32,0,0.0,0.0,0.0,0.0,B01
201400023243,0,7,0,0.0,2.0,3.0,0.0,A01
201400023244,0,1,0,0.0,0.0,0.0,0.0,B01
201400023244,0,7,0,0.0,2.0,1.0,0.0,A01
201400023245,0,2,0,0.0,2.0,7.0,12.0,A01
201400023245,0,7,0,0.0,2.0,4.0,23.0,B01
201400023246,0,33,0,0.0,0.0,0.0,0.0,A01
201400023247,0,7,0,0.0,0.0,1.0,0.0,A01
201400023248,0,7,0,0.0,0.0,2.0,17.0,A01
201400023248,0,10,0,0.0,2.0,6.0,23.0,B01
201400023249,0,32,0,0.0,2.0,8.0,1.0,B01
201400023249,0,10,0,0.0,2.0,5.0,17.0,A01
201400023250,0,7,0,0.0,2.0,1.0,2.0,A01
201400023250,0,7,0,0.0,2.0,4.0,2.0,C01
201400023250,0,7,0,0.0,2.0,1.0,0.0,B01
201400023251,0,7,0,0.0,2.0,2.0,15.0,A01
201400023251,0,33,0,0.0,2.0,1.0,1.0,B01
201400023252,0,1,0,0.0,1.0,1.0,1.0,A01
201400023253,0,1,0,1.0,0.0,1.0,2.0,B01
201400023253,0,7,0,0.0,2.0,8.0,22.0,A01
201400023254,0,1,0,0.0,2.0,8.0,5.0,B01
201400023254,0,10,0,0.0,2.0,1.0,16.0,A01
201400023255,0,7,0,0.0,2.0,1.0,0.0,A01
201400023255,0,7,0,0.0,2.0,1.0,0.0,B01
201400023256,0,7,0,0.0,2.0,0.0,0.0,B01
201400023256,0,7,0,0.0,2.0,0.0,0.0,A01
201400023257,0,7,0,0.0,2.0,0.0,0.0,A01
201400023257,0,33,0,0.0,2.0,0.0,0.0,B01
201400023258,0,33,0,0.0,2.0,3.0,11.0,A01
201400023258,0,7,0,0.0,2.0,5.0,1.0,B01
201400023259,0,1,0,0.0,2.0,0.0,1.0,B01
201400023259,0,7,0,0.0,0.0,0.0,0.0,A01
201400023260,0,7,0,0.0,2.0,5.0,15.0,A01
201400023260,0,7,0,0.0,2.0,1.0,1.0,B01
201400023261,0,7,0,0.0,2.0,1.0,2.0,B01
201400023261,0,7,0,0.0,2.0,4.0,2.0,A01
201400023262,0,33,0,0.0,1.0,0.0,0.0,A01
201400023263,0,7,0,0.0,2.0,1.0,10.0,A01
201400023263,0,33,0,0.0,2.0,0.0,17.0,B01
201400023264,0,10,0,0.0,2.0,3.0,1.0,B01
201400023264,0,10,0,0.0,2.0,1.0,15.0,A01
201400023265,0,7,0,0.0,0.0,0.0,0.0,A01
201400023265,0,34,0,0.0,2.0,0.0,0.0,B01
201400023266,0,7,0,0.0,2.0,1.0,1.0,B01
201400023266,0,32,0,0.0,2.0,1.0,13.0,A01
201400023267,0,7,0,0.0,2.0,3.0,0.0,A01
201400023267,0,33,0,0.0,2.0,2.0,0.0,B01
201400023268,0,7,0,0.0,2.0,2.0,1.0,B01
201400023268,0,7,0,0.0,2.0,1.0,9.0,A01
201400023269,0,32,0,0.0,0.0,0.0,0.0,A01
201400023270,0,7,0,0.0,0.0,0.0,0.0,A01
201400023271,0,7,0,0.0,2.0,0.0,0.0,B01
201400023271,0,32,0,0.0,0.0,3.0,0.0,A01
201400023272,0,36,0,0.0,0.0,0.0,0.0,A01
201400023273,0,33,0,0.0,1.0,7.0,1.0,A01
201400023274,0,7,0,0.0,2.0,3.0,0.0,B01
201400023274,1,7,0,0.0,0.0,0.0,0.0,A01
201400023275,0,32,0,0.0,2.0,1.0,0.0,A01
201400023275,0,7,0,0.0,2.0,1.0,0.0,B01
201400023275,0,7,0,0.0,2.0,1.0,0.0,C01
201400023276,0,33,0,8.0,0.0,2.0,0.0,A01
201400023277,0,7,0,0.0,1.0,0.0,0.0,A01
201400023278,0,30,0,0.0,0.0,0.0,0.0,B01
201400023278,1,10,0,0.0,0.0,0.0,0.0,Z01
201400023279,0,7,0,0.0,1.0,2.0,2.0,A01
201400023280,0,7,0,0.0,2.0,1.0,0.0,A01
201400023280,0,31,0,0.0,0.0,0.0,0.0,B01
201400023281,0,10,0,0.0,1.0,5.0,16.0,A01
201400023282,0,7,0,0.0,0.0,0.0,0.0,A01
201400023283,0,7,0,0.0,2.0,4.0,0.0,B01
201400023283,0,7,0,0.0,2.0,1.0,0.0,A01
201400023284,0,7,0,0.0,1.0,1.0,0.0,A01
201400023285,0,10,0,0.0,2.0,1.0,0.0,A01
201400023285,0,7,0,0.0,2.0,0.0,0.0,B01
201400023286,2,7,0,0.0,0.0,0.0,0.0,A01
201400023287,0,2,0,0.0,0.0,7.0,1.0,B01
201400023287,0,7,0,0.0,2.0,0.0,1.0,A01
201400023288,0,33,0,0.0,0.0,0.0,0.0,A01
201400023289,0,33,0,0.0,2.0,0.0,0.0,A01
201400023289,0,7,0,0.0,2.0,0.0,0.0,B01
201400023290,0,31,0,0.0,2.0,0.0,0.0,B01
201400023290,1,7,0,0.0,2.0,0.0,0.0,Z01
201400023291,0,7,0,0.0,2.0,0.0,16.0,A01
201400023291,0,2,0,0.0,2.0,0.0,18.0,B01
201400023292,0,7,0,0.0,2.0,0.0,0.0,A01
201400023292,0,33,0,0.0,2.0,0.0,0.0,B01
201400023293,0,33,0,0.0,2.0,1.0,0.0,A01
201400023293,1,7,0,0.0,2.0,1.0,0.0,Z01
201400023294,0,7,0,0.0,2.0,1.0,15.0,B01
201400023294,0,32,0,0.0,2.0,1.0,17.0,A01
201400023295,0,7,0,0.0,2.0,1.0,0.0,A01
201400023295,0,7,0,0.0,2.0,8.0,0.0,B01
201400023296,0,7,0,0.0,2.0,0.0,0.0,B01
201400023296,0,7,0,0.0,2.0,0.0,0.0,A01
201400023297,0,7,0,0.0,1.0,0.0,0.0,A01
201400023298,0,33,0,0.0,0.0,0.0,0.0,A01
201400023299,0,7,0,0.0,2.0,2.0,0.0,B01
201400023299,0,34,0,0.0,2.0,1.0,0.0,A01
201400023300,0,33,0,0.0,2.0,0.0,0.0,B01
201400023300,0,7,0,0.0,2.0,0.0,0.0,A01
201400023301,0,7,0,0.0,0.0,1.0,1.0,A01
201400023302,0,7,0,0.0,2.0,1.0,5.0,A01
201400023302,0,37,2,0.0,2.0,0.0,1.0,B01
201400023303,0,30,0,0.0,2.0,0.0,0.0,B01
201400023303,0,7,0,0.0,2.0,0.0,0.0,A01
201400023304,0,7,0,0.0,2.0,0.0,0.0,B01
201400023304,0,32,0,0.0,2.0,0.0,0.0,A01
201400023305,0,34,0,0.0,2.0,1.0,0.0,A01
201400023305,0,10,0,0.0,2.0,3.0,20.0,B01
201400023305,0,37,9,0.0,2.0,0.0,0.0,C01
201400023306,1,7,0,0.0,1.0,0.0,0.0,Z01
201400023307,0,30,0,0.0,2.0,0.0,0.0,B01
201400023307,0,7,0,0.0,2.0,0.0,0.0,A01
201400023308,0,33,0,0.0,2.0,0.0,0.0,B01
201400023308,0,7,0,0.0,0.0,3.0,0.0,A01
201400023309,0,14,0,0.0,2.0,2.0,2.0,A01
201400023309,0,7,0,0.0,0.0,6.0,1.0,B01
201400023310,0,33,0,0.0,2.0,7.0,17.0,B01
201400023310,1,10,0,0.0,2.0,8.0,11.0,Z01
201400023311,0,7,0,0.0,1.0,0.0,0.0,A01
201400023312,0,7,0,0.0,2.0,0.0,0.0,D01
201400023312,0,7,0,0.0,2.0,0.0,0.0,E01
201400023312,0,7,0,0.0,2.0,0.0,0.0,C01
201400023312,0,10,0,0.0,2.0,0.0,0.0,B01
201400023312,0,7,0,0.0,2.0,1.0,0.0,A01
201400023313,0,32,0,0.0,2.0,0.0,0.0,A01
201400023313,0,7,0,0.0,2.0,0.0,0.0,B01
201400023314,0,7,0,0.0,0.0,0.0,0.0,A01
201400023315,0,1,0,0.0,0.0,0.0,0.0,B01
201400023315,0,33,0,0.0,2.0,0.0,0.0,A01
201400023316,0,7,0,0.0,2.0,0.0,0.0,A01
201400023316,0,10,0,0.0,2.0,0.0,0.0,B01
201400023317,0,7,0,0.0,2.0,1.0,1.0,A01
201400023317,0,7,0,0.0,2.0,5.0,1.0,B01
201400023318,0,30,0,0.0,2.0,0.0,0.0,B01
201400023318,0,7,0,0.0,2.0,0.0,0.0,A01
201400023319,0,1,0,0.0,1.0,0.0,0.0,A01
201400023320,0,1,0,0.0,2.0,0.0,0.0,B01
201400023320,0,1,0,0.0,2.0,0.0,0.0,C01
201400023320,0,7,0,0.0,2.0,0.0,0.0,A01
201400023321,0,7,0,0.0,2.0,1.0,1.0,B01
201400023321,0,10,0,0.0,2.0,1.0,1.0,A01
201400023322,0,7,0,0.0,2.0,1.0,2.0,A01
201400023322,0,7,0,0.0,2.0,4.0,1.0,B01
201400023322,0,7,0,0.0,0.0,4.0,1.0,C01
201400023323,0,7,0,0.0,0.0,0.0,0.0,A01
201400023324,0,7,0,0.0,2.0,1.0,0.0,A01
201400023324,0,7,0,0.0,2.0,4.0,0.0,B01
201400023325,2,7,0,0.0,2.0,0.0,0.0,A01
201400023325,0,7,0,0.0,2.0,1.0,0.0,B01
201400023326,0,1,0,0.0,0.0,0.0,0.0,A01
201400023326,0,7,0,0.0,2.0,1.0,0.0,B01
201400023327,0,31,0,0.0,0.0,0.0,0.0,A01
201400023327,0,7,0,0.0,2.0,2.0,0.0,B01