Num_Acc,senc,catv,occutc,obs,obsm,choc,manv,num_veh
201400023328,0,7,0,0.0,2.0,1.0,0.0,B01
201400023328,0,7,0,0.0,2.0,7.0,0.0,A01
201400023329,0,7,0,0.0,2.0,1.0,0.0,A01
201400023329,0,7,0,0.0,2.0,2.0,0.0,B01
201400023330,0,7,0,0.0,2.0,1.0,1.0,A01
201400023330,0,1,0,0.0,2.0,0.0,1.0,B01
201400023331,0,7,0,0.0,0.0,0.0,0.0,A01
201400023332,0,7,0,0.0,2.0,0.0,0.0,A01
201400023332,0,1,0,0.0,2.0,0.0,0.0,B01
201400023333,0,1,0,0.0,1.0,0.0,0.0,A01
201400023334,0,7,0,0.0,2.0,4.0,0.0,C01
201400023334,0,10,0,0.0,2.0,1.0,0.0,A01
201400023334,0,7,0,0.0,2.0,4.0,0.0,B01
201400023335,0,1,0,0.0,2.0,1.0,0.0,B01
201400023335,0,33,0,0.0,2.0,1.0,1.0,A01
201400023336,0,7,0,0.0,2.0,0.0,0.0,B01
201400023336,0,7,0,0.0,2.0,0.0,0.0,C01
201400023336,0,7,0,0.0,2.0,0.0,0.0,D01
201400023336,0,7,0,0.0,2.0,0.0,0.0,A01
201400023337,0,7,0,0.0,2.0,4.0,0.0,B01
201400023337,0,7,0,0.0,2.0,1.0,0.0,A01
201400023337,0,7,0,0.0,0.0,0.0,0.0,C01
201400023338,0,32,0,0.0,2.0,0.0,0.0,B01
201400023338,0,7,0,0.0,0.0,0.0,0.0,A01
201400023339,1,7,0,0.0,0.0,0.0,0.0,Z01
201400023339,0,7,0,0.0,2.0,6.0,0.0,A01
201400023340,0,7,0,0.0,0.0,0.0,0.0,A01
201400023341,0,31,0,0.0,2.0,1.0,2.0,A01
201400023341,0,37,1,0.0,2.0,4.0,0.0,B01
201400023342,0,7,0,0.0,2.0,3.0,15.0,A01
201400023342,0,32,0,0.0,2.0,1.0,1.0,B01
201400023343,0,7,0,0.0,1.0,1.0,1.0,A01
201400023344,0,2,0,0.0,2.0,1.0,1.0,A01
201400023344,0,7,0,0.0,2.0,3.0,16.0,B01
201400023345,0,33,0,0.0,2.0,1.0,0.0,A01
201400023345,0,10,0,0.0,2.0,3.0,0.0,B01
201400023346,0,7,0,0.0,2.0,1.0,0.0,B01
201400023346,0,7,0,0.0,2.0,1.0,0.0,A01
201400023347,0,7,0,0.0,2.0,1.0,0.0,A01
201400023347,0,7,0,0.0,2.0,4.0,0.0,C01
201400023347,0,7,0,0.0,2.0,0.0,0.0,B01
201400023348,0,33,0,2.0,0.0,1.0,0.0,A01
201400023349,0,7,0,0.0,1.0,0.0,0.0,A01
201400023350,0,7,0,0.0,2.0,4.0,0.0,B01
201400023350,0,7,0,0.0,0.0,1.0,0.0,A01
201400023351,1,7,0,0.0,0.0,4.0,23.0,Z01
201400023351,0,7,0,0.0,2.0,1.0,2.0,A01
201400023352,0,30,0,0.0,2.0,1.0,0.0,A01
201400023352,0,1,0,0.0,2.0,0.0,0.0,B01
201400023353,0,10,0,0.0,2.0,0.0,0.0,A01
201400023353,0,32,0,0.0,2.0,0.0,0.0,B01
201400023354,0,7,0,0.0,9.0,2.0,1.0,B01
201400023354,0,2,0,0.0,2.0,5.0,19.0,A01
201400023355,0,7,0,0.0,2.0,0.0,0.0,A01
201400023355,0,7,0,0.0,2.0,0.0,0.0,B01
201400023355,0,7,0,0.0,0.0,0.0,0.0,C01
201400023356,2,32,0,0.0,2.0,0.0,0.0,A01
201400023356,0,33,0,0.0,2.0,0.0,0.0,B01
201400023357,0,7,0,0.0,2.0,1.0,9.0,A01
201400023357,0,33,0,0.0,2.0,8.0,1.0,B01
201400023358,0,7,0,0.0,2.0,0.0,0.0,B01
201400023358,0,33,0,0.0,2.0,0.0,0.0,A01
201400023359,0,33,0,0.0,2.0,0.0,0.0,B01
201400023359,1,7,0,0.0,2.0,0.0,0.0,Z01
201400023360,0,7,0,0.0,2.0,0.0,0.0,B01
201400023360,0,10,0,0.0,2.0,0.0,0.0,A01
201400023361,0,7,0,0.0,2.0,0.0,0.0,A01
201400023361,0,7,0,0.0,2.0,0.0,0.0,B01
201400023362,0,7,0,0.0,2.0,0.0,0.0,B01
201400023362,0,7,0,0.0,2.0,0.0,0.0,A01
201400023362,2,7,0,0.0,2.0,0.0,0.0,Z01
201400023363,0,1,0,0.0,2.0,0.0,0.0,B01
201400023363,0,7,0,0.0,2.0,0.0,0.0,A01
201400023364,0,7,0,0.0,2.0,0.0,0.0,B01
201400023364,0,30,0,0.0,2.0,0.0,17.0,A01
201400023365,0,1,0,0.0,2.0,1.0,5.0,A01
201400023365,0,7,0,0.0,2.0,2.0,1.0,B01
201400023366,0,33,0,0.0,2.0,0.0,0.0,A01
201400023366,0,7,0,0.0,2.0,0.0,0.0,B01
201400023367,0,7,0,0.0,1.0,1.0,0.0,A01
201400023368,0,33,0,0.0,2.0,1.0,0.0,B01
201400023368,0,7,0,0.0,2.0,7.0,1.0,A01
201400023369,0,7,0,0.0,2.0,8.0,15.0,B01
201400023369,0,33,0,0.0,2.0,1.0,5.0,A01
201400023370,0,7,0,0.0,2.0,0.0,0.0,C01
201400023370,0,7,0,0.0,2.0,0.0,0.0,E01
201400023370,0,7,0,0.0,2.0,0.0,0.0,D01
201400023370,0,7,0,0.0,2.0,0.0,0.0,A01
201400023370,0,7,0,0.0,2.0,0.0,0.0,B01
201400023371,0,33,0,0.0,2.0,2.0,0.0,B01
201400023371,0,7,0,0.0,2.0,2.0,0.0,A01
201400023372,0,7,0,0.0,2.0,3.0,0.0,B01
201400023372,0,7,0,0.0,2.0,2.0,0.0,A01
201400023373,0,7,0,0.0,2.0,1.0,0.0,A01
201400023373,0,32,0,0.0,2.0,5.0,0.0,B01
201400023374,0,7,0,0.0,2.0,4.0,0.0,B01
201400023374,0,33,0,0.0,2.0,1.0,0.0,A01
201400023375,0,31,0,0.0,1.0,1.0,0.0,A01
201400023376,0,30,0,0.0,2.0,0.0,0.0,A01
201400023376,0,7,0,0.0,2.0,0.0,0.0,B01
201400023377,0,1,0,0.0,2.0,0.0,0.0,B01
201400023377,0,7,0,0.0,2.0,0.0,0.0,A01
201400023378,0,7,0,0.0,2.0,5.0,16.0,B01
201400023378,0,32,0,0.0,2.0,1.0,1.0,A01
201400023379,0,30,0,0.0,0.0,0.0,0.0,A01
201400023380,0,7,0,0.0,2.0,1.0,0.0,A01
201400023380,0,7,0,0.0,2.0,3.0,0.0,B01
201400023381,0,2,0,0.0,0.0,0.0,0.0,A01
201400023382,0,30,0,0.0,2.0,0.0,0.0,B01
201400023382,0,7,0,0.0,2.0,0.0,0.0,A01
201400023383,0,7,0,0.0,2.0,1.0,13.0,A01
201400023383,0,7,0,0.0,2.0,3.0,1.0,B01
201400023384,0,7,0,0.0,2.0,3.0,0.0,A01
201400023384,0,7,0,0.0,2.0,2.0,0.0,B01
201400023385,0,7,0,0.0,0.0,0.0,0.0,A01
201400023386,0,7,0,0.0,2.0,1.0,0.0,A01
201400023386,0,15,0,0.0,2.0,0.0,0.0,B01
201400023387,0,7,0,0.0,2.0,8.0,15.0,A01
201400023387,0,33,0,1.0,2.0,2.0,17.0,B01
201400023388,0,7,0,0.0,2.0,1.0,0.0,B01
201400023388,0,13,0,0.0,0.0,0.0,0.0,A01
201400023389,0,33,0,0.0,2.0,1.0,21.0,A01
201400023389,0,7,0,0.0,2.0,6.0,0.0,B01
201400023390,0,7,0,0.0,0.0,0.0,0.0,A01
201400023391,0,7,0,0.0,2.0,0.0,0.0,B01
201400023391,0,7,0,0.0,2.0,1.0,0.0,A01
201400023392,0,33,0,15.0,0.0,1.0,18.0,A01
201400023392,2,7,0,0.0,0.0,0.0,0.0,B01
201400023393,0,7,0,0.0,2.0,3.0,1.0,B01
201400023393,0,7,0,0.0,2.0,2.0,15.0,A01
201400023394,0,7,0,0.0,1.0,1.0,1.0,A01
201400023395,0,7,0,0.0,2.0,3.0,2.0,A01
201400023395,0,33,0,0.0,2.0,4.0,2.0,B01
201400023396,0,7,0,0.0,2.0,3.0,1.0,B01
201400023396,0,33,0,0.0,2.0,1.0,16.0,A01
201400023397,0,7,0,0.0,2.0,1.0,0.0,B01
201400023397,0,7,0,0.0,2.0,8.0,0.0,A01
201400023398,0,7,0,0.0,1.0,5.0,16.0,A01
201400023399,0,7,0,0.0,2.0,5.0,0.0,B01
201400023399,0,33,0,0.0,2.0,1.0,0.0,A01
201400023400,0,10,0,0.0,1.0,0.0,0.0,A01
201400023401,0,7,0,0.0,2.0,4.0,0.0,B01
201400023401,1,99,0,0.0,0.0,1.0,0.0,Z01
201400023402,1,10,0,0.0,0.0,0.0,0.0,Z01
201400023403,0,7,0,0.0,0.0,1.0,0.0,A01
201400023404,0,10,0,0.0,2.0,6.0,0.0,C01
201400023404,0,7,0,0.0,2.0,0.0,0.0,B01
201400023404,0,7,0,0.0,2.0,0.0,0.0,A01
201400023405,0,33,0,0.0,2.0,5.0,0.0,A01
201400023405,0,7,0,0.0,0.0,0.0,0.0,B01
201400023406,1,7,0,0.0,1.0,0.0,0.0,Z01
201400023407,0,33,0,0.0,2.0,1.0,1.0,B01
201400023407,0,7,0,0.0,2.0,0.0,15.0,A01
201400023408,0,7,0,0.0,0.0,6.0,10.0,A01
201400023408,0,33,0,0.0,2.0,1.0,1.0,B01
201400023409,0,7,0,0.0,0.0,0.0,0.0,A01
201400023410,0,7,0,0.0,2.0,4.0,1.0,B01
201400023410,0,7,0,0.0,0.0,1.0,0.0,A01
201400023411,0,7,0,0.0,0.0,1.0,0.0,A01
201400023412,0,7,0,0.0,2.0,5.0,0.0,B01
201400023412,0,31,0,0.0,2.0,1.0,0.0,A01
201400023413,0,7,0,0.0,1.0,1.0,15.0,A01
201400023414,0,7,0,0.0,2.0,0.0,0.0,B01
201400023414,0,7,0,0.0,2.0,0.0,0.0,A01
201400023414,0,7,0,0.0,0.0,0.0,0.0,C01
201400023415,0,7,0,0.0,0.0,0.0,0.0,B01
201400023415,0,13,0,0.0,0.0,0.0,0.0,A01
201400023416,0,7,0,0.0,2.0,1.0,15.0,A01
201400023416,0,1,0,0.0,2.0,1.0,1.0,B01
201400023417,0,7,0,0.0,1.0,0.0,0.0,A01
201400023418,0,7,0,0.0,1.0,1.0,1.0,A01
201400023419,0,10,0,0.0,1.0,2.0,1.0,A01
201400023420,1,7,0,0.0,1.0,0.0,0.0,Z01
201400023421,0,7,0,0.0,2.0,1.0,0.0,A01
201400023421,0,2,0,0.0,2.0,0.0,0.0,B01
201400023422,0,7,0,0.0,2.0,4.0,0.0,B01
201400023422,0,7,0,0.0,2.0,4.0,0.0,C01
201400023422,0,7,0,0.0,2.0,0.0,0.0,A01
201400023423,0,7,0,0.0,2.0,0.0,0.0,A01
201400023423,0,7,0,0.0,2.0,0.0,0.0,B01
201400023424,0,7,0,0.0,2.0,0.0,0.0,B01
201400023424,0,33,0,0.0,2.0,0.0,0.0,A01
201400023425,0,33,0,0.0,2.0,2.0,1.0,A01
201400023425,0,7,0,0.0,2.0,3.0,0.0,B01
201400023426,0,7,0,0.0,2.0,0.0,0.0,A01
201400023426,0,7,0,0.0,2.0,0.0,0.0,B01
201400023426,0,7,0,0.0,2.0,0.0,0.0,C01
201400023427,0,33,0,0.0,2.0,0.0,0.0,A01
201400023427,0,7,0,0.0,2.0,6.0,0.0,B01
201400023428,0,7,0,0.0,2.0,0.0,0.0,A01
201400023428,0,33,0,0.0,2.0,0.0,0.0,B01
201400023429,0,32,0,0.0,2.0,1.0,0.0,A01
201400023429,0,7,0,0.0,2.0,0.0,0.0,B01
201400023430,0,7,0,0.0,1.0,1.0,0.0,A01
201400023431,0,33,0,0.0,2.0,0.0,0.0,A01
201400023431,0,7,0,0.0,2.0,0.0,0.0,C01
201400023431,0,7,0,0.0,0.0,1.0,0.0,B01
201400023432,0,7,0,0.0,2.0,0.0,0.0,B01
201400023432,0,7,0,0.0,2.0,0.0,0.0,A01
201400023433,0,32,0,0.0,2.0,0.0,0.0,B01
201400023433,0,7,0,0.0,2.0,3.0,0.0,A01
201400023434,0,7,0,0.0,1.0,3.0,1.0,A01
201400023435,0,30,0,0.0,2.0,0.0,0.0,B01
201400023435,0,7,0,0.0,2.0,2.0,15.0,A01
201400023436,0,7,0,0.0,2.0,0.0,0.0,A01
201400023437,0,7,0,0.0,2.0,4.0,0.0,B01
201400023437,0,7,0,0.0,2.0,1.0,0.0,A01
201400023437,0,7,0,0.0,2.0,0.0,0.0,C01
201400023438,0,7,0,0.0,2.0,0.0,0.0,B01
201400023438,2,7,0,0.0,2.0,0.0,0.0,A01
201400023439,0,33,0,0.0,2.0,0.0,0.0,A01
201400023440,0,7,0,0.0,2.0,2.0,0.0,B01
201400023440,0,7,0,0.0,2.0,1.0,6.0,A01
201400023441,0,10,0,0.0,1.0,1.0,0.0,A01
201400023442,0,1,0,0.0,0.0,0.0,0.0,A01
201400023442,0,7,0,0.0,2.0,0.0,0.0,B01
201400023443,0,7,0,0.0,1.0,3.0,1.0,A01
201400023444,0,7,0,0.0,2.0,8.0,15.0,A01
201400023444,0,7,0,0.0,2.0,1.0,1.0,B01
201400023445,0,33,0,0.0,2.0,0.0,0.0,A01
201400023445,0,31,0,0.0,2.0,0.0,0.0,B01
201400023446,0,7,0,0.0,2.0,0.0,0.0,A01
201400023446,0,30,0,0.0,2.0,0.0,0.0,B01
201400023447,0,1,0,0.0,2.0,4.0,0.0,B01
201400023447,0,7,0,0.0,0.0,0.0,0.0,A01
201400023448,0,7,0,0.0,0.0,0.0,0.0,B01
201400023448,0,34,0,0.0,2.0,0.0,0.0,A01
201400023449,0,7,0,6.0,0.0,1.0,1.0,A01
201400023450,0,7,0,0.0,0.0,0.0,0.0,A01
201400023451,0,7,0,0.0,2.0,0.0,0.0,B01
201400023451,0,1,0,0.0,2.0,0.0,0.0,A01
201400023452,0,37,1,0.0,1.0,0.0,0.0,A01
201400023453,0,32,0,0.0,2.0,0.0,0.0,B01
201400023453,0,7,0,0.0,2.0,1.0,0.0,A01
201400023454,0,33,0,0.0,2.0,0.0,0.0,A01
201400023454,0,7,0,0.0,2.0,0.0,0.0,B01
201400023455,0,1,0,0.0,2.0,0.0,0.0,B01
201400023455,0,7,0,0.0,2.0,0.0,0.0,A01
201400023456,0,7,0,0.0,1.0,0.0,0.0,A01
201400023457,0,10,0,0.0,2.0,7.0,15.0,A01
201400023457,0,33,0,0.0,2.0,1.0,1.0,B01
201400023458,0,2,0,0.0,2.0,8.0,2.0,A01
201400023458,0,7,0,0.0,2.0,2.0,2.0,B01
201400023459,0,33,0,0.0,2.0,2.0,1.0,B01
201400023459,0,7,0,0.0,2.0,8.0,0.0,A01
201400023460,0,7,0,0.0,2.0,3.0,0.0,B01
201400023460,0,2,0,0.0,2.0,1.0,1.0,A01
201400023461,0,33,0,0.0,2.0,0.0,0.0,A01
201400023461,0,1,0,0.0,2.0,0.0,1.0,B01
201400023462,0,7,0,0.0,2.0,0.0,0.0,B01
201400023462,0,7,0,0.0,2.0,1.0,0.0,A01
201400023463,0,10,0,0.0,1.0,0.0,0.0,A01
201400023464,0,7,0,0.0,2.0,0.0,0.0,A01
201400023464,0,1,0,0.0,2.0,0.0,0.0,B01
201400023465,0,33,0,0.0,2.0,0.0,0.0,B01
201400023465,0,7,0,0.0,2.0,0.0,0.0,A01
201400023466,0,7,0,0.0,2.0,1.0,0.0,A01
201400023466,0,30,0,0.0,2.0,0.0,0.0,B01
201400023467,0,33,0,0.0,2.0,7.0,0.0,B01
201400023467,0,7,0,0.0,2.0,3.0,0.0,A01
201400023468,0,7,0,0.0,2.0,0.0,0.0,A01
201400023468,0,15,0,0.0,0.0,0.0,0.0,B01
201400023469,0,33,0,0.0,1.0,0.0,0.0,A01
201400023470,2,30,0,0.0,1.0,0.0,5.0,A01
201400023471,0,7,0,0.0,2.0,2.0,0.0,B01
201400023471,0,33,0,0.0,2.0,8.0,0.0,A01
201400023472,0,7,0,0.0,2.0,0.0,0.0,C01
201400023472,0,7,0,0.0,2.0,0.0,0.0,B01
201400023472,0,7,0,0.0,2.0,1.0,0.0,A01
201400023473,0,33,0,0.0,2.0,7.0,1.0,B01
201400023473,0,7,0,0.0,2.0,8.0,11.0,A01
201400023474,0,7,0,0.0,2.0,0.0,0.0,A01
201400023474,0,33,0,0.0,2.0,0.0,0.0,B01
201400023475,0,7,0,4.0,4.0,2.0,1.0,A01
201400023476,0,7,0,0.0,1.0,0.0,0.0,A01
201400023477,0,7,0,0.0,1.0,0.0,0.0,A01
201400023478,0,7,0,0.0,2.0,1.0,0.0,B01
201400023478,0,33,0,0.0,2.0,0.0,0.0,A01
201400023479,0,7,0,0.0,1.0,0.0,0.0,A01
201400023480,0,7,0,0.0,2.0,0.0,0.0,A01
201400023480,0,33,0,0.0,2.0,0.0,0.0,B01
201400023481,0,31,0,0.0,2.0,0.0,0.0,B01
201400023481,0,7,0,0.0,0.0,1.0,0.0,A01
201400023482,0,7,0,0.0,2.0,0.0,0.0,B01
201400023482,0,7,0,0.0,2.0,0.0,0.0,C01
201400023482,0,7,0,0.0,2.0,0.0,0.0,A01
201400023483,0,7,0,0.0,1.0,1.0,0.0,A01
201400023484,0,7,0,0.0,9.0,3.0,15.0,A01
201400023484,0,1,0,0.0,2.0,8.0,1.0,B01
201400023485,0,7,0,0.0,1.0,2.0,0.0,A01
201400023486,0,7,0,0.0,1.0,0.0,0.0,A01
201400023487,1,7,0,0.0,1.0,0.0,0.0,Z01
201400023488,0,10,0,0.0,1.0,0.0,0.0,A01
201400023489,0,7,0,0.0,2.0,0.0,0.0,A01
201400023489,0,7,0,0.0,2.0,1.0,0.0,B01
201400023490,0,99,0,0.0,1.0,3.0,0.0,A01
201400023491,0,14,0,0.0,2.0,6.0,0.0,B01
201400023491,0,7,0,0.0,2.0,2.0,0.0,A01
201400023492,0,33,0,0.0,2.0,0.0,0.0,A01
201400023492,0,7,0,0.0,2.0,4.0,2.0,B01
201400023493,0,7,0,0.0,1.0,0.0,0.0,B01
201400023494,0,7,0,0.0,2.0,3.0,15.0,A01
201400023494,0,33,0,0.0,2.0,0.0,0.0,B01
201400023495,0,37,1,0.0,1.0,2.0,1.0,A01
201400023496,0,33,0,0.0,2.0,4.0,0.0,B01
201400023496,0,7,0,0.0,2.0,1.0,0.0,A01
201400023497,0,33,0,0.0,2.0,1.0,1.0,B01
201400023497,0,7,0,0.0,2.0,8.0,15.0,A01
201400023498,0,7,0,0.0,2.0,1.0,2.0,B01
201400023498,0,7,0,0.0,0.0,4.0,2.0,A01
201400023499,0,1,0,0.0,2.0,0.0,0.0,B01
201400023499,0,7,0,0.0,2.0,0.0,0.0,A01
201400023500,1,7,0,,1.0,1.0,0.0,Z01
201400023501,0,32,0,0.0,1.0,0.0,0.0,A01
201400023502,0,7,0,0.0,2.0,0.0,0.0,B01
201400023502,0,7,0,0.0,2.0,0.0,0.0,A01
201400023503,0,7,0,0.0,1.0,0.0,0.0,A01
201400023504,0,7,0,0.0,2.0,0.0,0.0,B01
201400023504,0,32,0,0.0,2.0,0.0,0.0,A01
201400023505,2,7,0,0.0,1.0,0.0,0.0,Z01
201400023506,0,33,0,0.0,2.0,1.0,1.0,B01
201400023506,1,7,0,0.0,2.0,3.0,10.0,A01
201400023507,0,7,0,0.0,1.0,1.0,0.0,A01
201400023508,0,7,0,0.0,2.0,4.0,23.0,B01
201400023508,0,7,0,0.0,2.0,1.0,2.0,A01
201400023509,0,7,0,0.0,2.0,3.0,0.0,B01
201400023509,0,33,0,0.0,2.0,4.0,0.0,A01
201400023510,0,33,0,0.0,2.0,2.0,0.0,A01
201400023510,0,2,0,0.0,2.0,1.0,0.0,B01
201400023511,0,1,0,0.0,2.0,1.0,0.0,B01
201400023511,0,7,0,0.0,2.0,3.0,0.0,A01
201400023512,0,7,0,2.0,0.0,3.0,1.0,A01
201400023513,0,1,0,0.0,2.0,0.0,0.0,A01
201400023513,0,10,0,0.0,2.0,2.0,0.0,B01
201400023514,0,2,0,0.0,2.0,0.0,0.0,A01
201400023514,0,7,0,0.0,2.0,0.0,0.0,B01
201400023515,0,32,0,0.0,0.0,0.0,1.0,A01
201400023516,0,7,0,0.0,2.0,0.0,0.0,A01
201400023516,0,1,0,0.0,2.0,0.0,0.0,B01
201400023517,0,33,0,0.0,2.0,0.0,0.0,A01
201400023517,0,7,0,0.0,2.0,0.0,0.0,B01
201400023518,0,7,0,0.0,2.0,0.0,0.0,A01
201400023519,0,7,0,0.0,2.0,0.0,0.0,A01
201400023519,0,7,0,0.0,2.0,0.0,0.0,B01
201400023520,0,7,0,0.0,2.0,0.0,0.0,B01
201400023520,0,7,0,0.0,2.0,0.0,0.0,A01
201400023521,0,7,0,0.0,2.0,4.0,0.0,C01
201400023521,0,7,0,0.0,2.0,4.0,0.0,B01
201400023521,0,7,0,0.0,2.0,1.0,2.0,A01
201400023522,0,7,0,0.0,2.0,3.0,0.0,A01
201400023522,0,33,0,0.0,2.0,1.0,0.0,B01
201400023523,0,7,0,0.0,2.0,7.0,0.0,B01
201400023523,0,33,0,0.0,2.0,1.0,0.0,A01
201400023524,0,7,0,0.0,1.0,1.0,0.0,A01
201400023525,0,1,0,0.0,2.0,8.0,1.0,B01
201400023525,0,7,0,0.0,2.0,0.0,0.0,A01
201400023526,0,33,0,0.0,2.0,0.0,0.0,B01
201400023526,0,1,0,0.0,2.0,0.0,0.0,A01
201400023527,0,1,0,0.0,2.0,0.0,0.0,B01
201400023527,0,7,0,0.0,2.0,0.0,0.0,A01
201400023528,0,2,0,0.0,2.0,0.0,0.0,A01
201400023528,0,7,0,0.0,2.0,7.0,0.0,B01
201400023529,0,1,0,0.0,2.0,1.0,21.0,A01
201400023529,0,34,0,0.0,2.0,0.0,0.0,B01
201400023530,0,2,0,0.0,2.0,1.0,0.0,A01
201400023530,0,7,0,0.0,2.0,8.0,0.0,B01
201400023531,0,7,0,0.0,2.0,0.0,0.0,B01
201400023531,0,1,0,0.0,2.0,0.0,0.0,A01
201400023532,0,2,0,0.0,2.0,0.0,0.0,A01
201400023532,0,7,0,0.0,2.0,0.0,0.0,B01
201400023533,0,7,0,0.0,2.0,7.0,15.0,B01
201400023533,0,33,0,0.0,2.0,1.0,1.0,A01
201400023534,0,1,0,0.0,2.0,0.0,0.0,A01
201400023534,0,7,0,0.0,2.0,0.0,0.0,B01
201400023535,0,33,0,0.0,2.0,1.0,1.0,B01
201400023535,0,7,0,0.0,2.0,3.0,15.0,A01
201400023536,0,7,0,0.0,1.0,0.0,0.0,A01
201400023537,0,7,0,0.0,1.0,0.0,0.0,A01
201400023538,0,33,0,0.0,2.0,1.0,2.0,A01
201400023538,0,7,0,0.0,2.0,4.0,2.0,B01
201400023539,0,7,0,0.0,2.0,4.0,0.0,B01
201400023539,0,7,0,0.0,2.0,1.0,0.0,A01
201400023540,0,30,0,0.0,2.0,1.0,0.0,A01
201400023540,0,7,0,0.0,2.0,0.0,0.0,B01
201400023541,0,7,0,0.0,1.0,0.0,0.0,A01
201400023542,0,10,0,0.0,1.0,0.0,0.0,A01
201400023543,0,33,0,0.0,2.0,0.0,0.0,B01
201400023543,0,7,0,0.0,2.0,0.0,0.0,A01
201400023544,0,7,0,0.0,2.0,0.0,0.0,C01
201400023544,0,7,0,0.0,2.0,0.0,0.0,B01
201400023544,0,7,0,0.0,2.0,0.0,0.0,D01
201400023544,0,33,0,0.0,2.0,0.0,0.0,A01
201400023545,0,33,0,0.0,2.0,1.0,1.0,B01
201400023545,0,10,0,0.0,2.0,2.0,10.0,A01
201400023546,0,7,0,0.0,2.0,0.0,0.0,A01
201400023546,0,7,0,0.0,2.0,0.0,0.0,B01
201400023547,0,7,0,0.0,1.0,0.0,15.0,A01
201400023548,0,7,0,0.0,0.0,1.0,0.0,A01
201400023548,1,7,0,0.0,2.0,0.0,0.0,Z01
201400023549,0,13,0,0.0,1.0,0.0,0.0,A01
201400023550,0,7,0,2.0,0.0,2.0,19.0,A01
201400023551,0,34,0,8.0,0.0,1.0,0.0,A01
201400023552,0,7,0,0.0,2.0,4.0,0.0,B01
201400023552,0,33,0,0.0,2.0,1.0,0.0,A01
201400023553,0,7,0,0.0,1.0,7.0,0.0,A01
201400023554,0,7,0,0.0,1.0,1.0,0.0,A01
201400023555,0,37,1,0.0,1.0,2.0,0.0,A01
201400023556,0,33,0,0.0,2.0,1.0,0.0,B01
201400023556,0,7,0,0.0,2.0,8.0,0.0,A01
201400023557,0,7,0,0.0,2.0,8.0,0.0,A01
201400023557,0,1,0,0.0,2.0,0.0,0.0,B01
201400023558,0,7,0,0.0,2.0,1.0,0.0,A01
201400023558,0,31,0,0.0,2.0,1.0,0.0,B01
201400023559,0,7,0,0.0,2.0,0.0,0.0,B01
201400023559,0,33,0,0.0,2.0,1.0,0.0,A01
201400023559,0,7,0,0.0,2.0,8.0,0.0,C01
201400023560,0,7,0,0.0,1.0,1.0,1.0,A01
201400023561,0,7,0,0.0,1.0,0.0,0.0,A01
201400023562,0,7,0,0.0,2.0,2.0,0.0,B01
201400023562,0,1,0,0.0,2.0,0.0,0.0,A01
201400023563,0,10,0,0.0,0.0,0.0,0.0,B01
201400023563,0,7,0,0.0,1.0,0.0,0.0,A01
201400023564,0,33,0,0.0,2.0,1.0,2.0,B01
201400023564,0,7,0,0.0,2.0,5.0,15.0,A01
201400023565,0,7,0,0.0,2.0,1.0,0.0,A01
201400023565,0,7,0,0.0,2.0,4.0,0.0,B01
201400023566,0,7,0,0.0,2.0,1.0,2.0,A01
201400023566,0,7,0,0.0,2.0,4.0,2.0,B01
201400023567,0,7,0,0.0,0.0,0.0,0.0,A01
201400023568,2,33,0,0.0,1.0,1.0,0.0,Z01
201400023569,1,7,0,0.0,1.0,0.0,0.0,Z01
201400023570,0,7,0,0.0,0.0,1.0,0.0,A01
201400023570,0,7,0,0.0,0.0,0.0,0.0,C01
201400023570,0,7,0,0.0,2.0,0.0,0.0,B01
201400023571,0,31,0,0.0,2.0,0.0,0.0,B01
201400023571,0,7,0,0.0,2.0,0.0,0.0,C01
201400023571,0,7,0,0.0,2.0,0.0,0.0,A01
201400023572,0,7,0,0.0,2.0,8.0,0.0,B01
201400023572,0,33,0,0.0,2.0,1.0,0.0,A01
201400023573,0,7,0,0.0,2.0,8.0,15.0,A01
201400023573,0,31,0,0.0,2.0,0.0,3.0,B01
201400023574,0,7,0,0.0,1.0,0.0,0.0,A01
201400023575,0,7,0,0.0,2.0,0.0,0.0,B01
201400023575,0,7,0,0.0,2.0,1.0,0.0,C01
201400023575,0,7,0,0.0,2.0,5.0,0.0,D01
201400023575,0,7,0,0.0,2.0,1.0,0.0,A01
201400023576,0,7,0,0.0,2.0,0.0,0.0,B01
201400023576,0,7,0,0.0,2.0,0.0,0.0,A01
201400023577,0,2,0,0.0,2.0,0.0,0.0,A01
201400023577,0,7,0,0.0,2.0,0.0,0.0,B01
201400023578,0,7,0,0.0,2.0,7.0,1.0,B01
201400023578,0,32,0,0.0,2.0,8.0,13.0,A01
201400023579,0,7,0,0.0,2.0,4.0,0.0,C01
201400023579,0,7,0,0.0,2.0,5.0,0.0,B01
201400023579,0,7,0,0.0,2.0,0.0,0.0,A01
201400023580,1,7,0,0.0,1.0,0.0,0.0,Z01
201400023581,0,2,0,2.0,2.0,0.0,0.0,B01
201400023581,0,7,0,0.0,2.0,0.0,0.0,A01
201400023582,0,1,0,0.0,2.0,8.0,0.0,B01
201400023582,0,7,0,0.0,2.0,1.0,2.0,A01
201400023583,0,30,0,0.0,2.0,2.0,0.0,B01
201400023583,0,7,0,0.0,2.0,3.0,0.0,A01
201400023584,0,7,0,0.0,2.0,8.0,0.0,B01
201400023584,0,99,0,0.0,2.0,1.0,0.0,A01
201400023585,0,7,0,2.0,0.0,3.0,1.0,A01
201400023586,0,7,0,0.0,2.0,1.0,2.0,C01
201400023586,0,7,0,0.0,2.0,4.0,2.0,D01
201400023586,0,7,0,0.0,2.0,1.0,2.0,B01