Num_Acc,senc,catv,occutc,obs,obsm,choc,manv,num_veh
201400023586,0,7,0,0.0,2.0,1.0,0.0,A01
201400023587,0,31,0,0.0,2.0,1.0,0.0,A01
201400023587,1,7,0,0.0,2.0,0.0,15.0,Z01
201400023588,0,7,0,0.0,0.0,0.0,0.0,A01
201400023589,0,7,0,0.0,2.0,6.0,2.0,B01
201400023589,0,7,0,0.0,2.0,1.0,1.0,Z01
201400023590,0,31,0,0.0,2.0,1.0,1.0,B01
201400023590,0,7,0,0.0,2.0,0.0,0.0,A01
201400023591,0,7,0,0.0,2.0,8.0,15.0,A01
201400023591,0,33,0,0.0,2.0,1.0,2.0,B01
201400023592,0,7,0,0.0,9.0,0.0,2.0,A01
201400023593,0,7,0,0.0,2.0,0.0,0.0,A01
201400023593,0,7,0,0.0,2.0,0.0,0.0,B01
201400023593,0,7,0,0.0,2.0,0.0,0.0,C01
201400023594,0,7,0,0.0,2.0,4.0,0.0,C01
201400023594,0,7,0,0.0,2.0,5.0,0.0,B01
201400023594,0,7,0,0.0,2.0,1.0,0.0,A01
201400023595,0,7,0,0.0,2.0,0.0,0.0,A01
201400023595,0,31,0,0.0,2.0,0.0,0.0,B01
201400023596,0,1,0,0.0,2.0,4.0,0.0,B01
201400023596,0,7,0,0.0,2.0,2.0,0.0,A01
201400023597,0,7,0,0.0,2.0,0.0,0.0,B01
201400023597,0,1,0,0.0,2.0,0.0,0.0,A01
201400023598,0,7,0,0.0,1.0,0.0,0.0,A01
201400023599,0,7,0,0.0,2.0,1.0,0.0,B01
201400023599,0,33,0,0.0,2.0,1.0,0.0,A01
201400023600,0,1,0,0.0,2.0,0.0,0.0,B01
201400023600,0,7,0,0.0,2.0,7.0,0.0,A01
201400023601,0,2,0,0.0,2.0,1.0,2.0,A01
201400023601,0,7,0,0.0,2.0,1.0,2.0,B01
201400023602,0,1,0,0.0,1.0,1.0,0.0,A01
201400023603,0,7,0,0.0,2.0,8.0,0.0,A01
201400023603,0,33,0,0.0,2.0,1.0,0.0,B01
201400023604,0,7,0,0.0,2.0,1.0,0.0,A01
201400023604,0,33,0,0.0,2.0,1.0,0.0,B01
201400023605,0,7,0,0.0,2.0,0.0,0.0,A01
201400023605,0,33,0,0.0,2.0,0.0,0.0,B01
201400023606,0,7,0,0.0,2.0,0.0,0.0,A01
201400023606,0,7,0,0.0,2.0,0.0,0.0,B01
201400023607,0,10,0,0.0,2.0,0.0,0.0,A01
201400023607,0,1,0,0.0,2.0,0.0,0.0,B01
201400023608,0,7,0,0.0,1.0,0.0,0.0,A01
201400023609,0,7,0,0.0,2.0,0.0,0.0,B01
201400023609,0,7,0,0.0,2.0,0.0,0.0,A01
201400023610,0,7,0,0.0,1.0,0.0,0.0,A01
201400023611,0,7,0,0.0,2.0,0.0,0.0,B01
201400023611,0,7,0,0.0,2.0,0.0,0.0,A01
201400023612,0,7,0,0.0,2.0,0.0,0.0,A01
201400023612,0,33,0,0.0,2.0,0.0,0.0,B01
201400023613,0,2,0,0.0,2.0,1.0,1.0,B01
201400023613,0,7,0,0.0,2.0,4.0,16.0,A01
201400023614,0,7,0,0.0,2.0,0.0,0.0,A01
201400023614,0,1,0,1.0,2.0,0.0,0.0,B01
201400023615,0,7,0,0.0,2.0,2.0,16.0,B01
201400023615,0,31,0,0.0,2.0,1.0,1.0,A01
201400023616,0,1,0,0.0,1.0,0.0,0.0,A01
201400023617,0,7,0,0.0,1.0,3.0,1.0,B01
201400023617,0,7,0,0.0,1.0,1.0,0.0,A01
201400023618,0,7,0,0.0,2.0,0.0,0.0,A01
201400023618,0,7,0,0.0,2.0,0.0,0.0,D01
201400023618,0,7,0,0.0,2.0,0.0,0.0,B01
201400023618,0,7,0,0.0,0.0,0.0,1.0,C01
201400023619,0,7,0,0.0,2.0,0.0,0.0,B01
201400023619,0,7,0,0.0,2.0,0.0,0.0,A01
201400023620,0,7,0,0.0,2.0,0.0,0.0,A01
201400023620,0,7,0,0.0,2.0,0.0,0.0,B01
201400023621,0,7,0,0.0,2.0,2.0,16.0,B01
201400023621,0,2,0,0.0,2.0,1.0,18.0,A01
201400023622,0,7,0,0.0,1.0,0.0,0.0,A01
201400023623,0,10,0,0.0,2.0,7.0,17.0,A01
201400023623,0,30,0,0.0,2.0,3.0,1.0,B01
201400023624,0,33,0,0.0,2.0,0.0,0.0,A01
201400023624,1,7,0,0.0,2.0,0.0,0.0,Z01
201400023625,0,33,0,0.0,2.0,0.0,0.0,B01
201400023625,0,7,0,0.0,2.0,8.0,11.0,A01
201400023626,0,33,0,0.0,2.0,0.0,0.0,B01
201400023626,0,7,0,0.0,2.0,0.0,0.0,A01
201400023627,0,7,0,0.0,0.0,0.0,0.0,A01
201400023628,0,7,0,0.0,0.0,0.0,0.0,A01
201400023629,0,7,0,0.0,2.0,0.0,0.0,A01
201400023630,0,7,0,0.0,2.0,1.0,0.0,A01
201400023630,0,33,0,0.0,2.0,0.0,0.0,B01
201400023631,0,7,0,0.0,2.0,0.0,0.0,B01
201400023631,0,7,0,0.0,2.0,0.0,0.0,A01
201400023632,0,7,0,0.0,2.0,0.0,0.0,C01
201400023632,0,7,0,0.0,2.0,0.0,0.0,A01
201400023632,0,7,0,0.0,2.0,0.0,0.0,B01
201400023633,0,7,0,0.0,2.0,4.0,23.0,C01
201400023633,0,33,0,0.0,2.0,4.0,23.0,B01
201400023633,0,7,0,0.0,2.0,1.0,2.0,A01
201400023634,2,7,0,0.0,2.0,0.0,17.0,A01
201400023634,0,7,0,0.0,2.0,1.0,1.0,B01
201400023635,0,7,0,0.0,1.0,0.0,0.0,A01
201400023636,0,15,0,0.0,1.0,0.0,0.0,A01
201400023637,0,7,0,0.0,2.0,0.0,0.0,C01
201400023637,0,33,0,0.0,2.0,0.0,0.0,A01
201400023637,0,7,0,0.0,2.0,0.0,0.0,B01
201400023638,0,37,1,0.0,2.0,0.0,0.0,B01
201400023638,0,7,0,0.0,2.0,0.0,0.0,A01
201400023639,0,7,0,0.0,1.0,0.0,0.0,A01
201400023640,0,7,0,0.0,2.0,0.0,0.0,B01
201400023640,0,7,0,0.0,2.0,0.0,0.0,A01
201400023641,0,37,1,0.0,2.0,0.0,0.0,A01
201400023641,0,7,0,0.0,2.0,0.0,0.0,B01
201400023642,0,7,0,0.0,2.0,0.0,0.0,A01
201400023642,0,7,0,0.0,2.0,0.0,0.0,B01
201400023643,0,7,0,0.0,1.0,1.0,15.0,A01
201400023644,0,7,0,0.0,1.0,0.0,0.0,A01
201400023645,0,1,0,0.0,2.0,1.0,1.0,B01
201400023645,0,7,0,0.0,2.0,3.0,1.0,A01
201400023646,0,33,0,9.0,0.0,1.0,1.0,A01
201400023647,0,33,0,0.0,2.0,1.0,1.0,B01
201400023647,0,7,0,0.0,2.0,1.0,15.0,A01
201400023648,0,30,0,0.0,2.0,4.0,2.0,B01
201400023648,0,7,0,0.0,2.0,1.0,2.0,A01
201400023649,0,33,0,0.0,2.0,1.0,1.0,B01
201400023649,0,7,0,0.0,2.0,2.0,15.0,A01
201400023650,0,1,0,0.0,2.0,1.0,1.0,B01
201400023650,1,7,0,0.0,2.0,1.0,5.0,Z01
201400023651,0,2,0,0.0,2.0,0.0,15.0,A01
201400023651,0,7,0,0.0,2.0,1.0,1.0,B01
201400023652,0,7,0,0.0,0.0,4.0,23.0,B01
201400023652,0,7,0,0.0,2.0,1.0,1.0,A01
201400023653,0,7,0,0.0,1.0,5.0,0.0,A01
201400023654,0,2,0,0.0,2.0,1.0,1.0,B01
201400023654,0,7,0,0.0,2.0,1.0,15.0,A01
201400023655,0,7,0,0.0,2.0,4.0,1.0,B01
201400023655,0,7,0,0.0,2.0,1.0,2.0,A01
201400023656,0,30,0,0.0,2.0,1.0,16.0,A01
201400023656,0,10,0,0.0,2.0,2.0,15.0,B01
201400023657,0,33,0,0.0,2.0,3.0,2.0,A01
201400023657,0,7,0,0.0,2.0,5.0,20.0,B01
201400023658,0,30,0,0.0,0.0,8.0,21.0,B01
201400023658,0,7,0,0.0,0.0,0.0,16.0,A01
201400023659,0,7,0,0.0,1.0,0.0,0.0,A01
201400023660,0,31,0,0.0,2.0,0.0,0.0,A01
201400023660,0,7,0,0.0,2.0,0.0,0.0,B01
201400023661,0,7,0,0.0,1.0,0.0,0.0,A01
201400023662,0,7,0,0.0,2.0,0.0,0.0,B01
201400023662,0,2,0,0.0,2.0,0.0,0.0,A01
201400023663,0,7,0,0.0,2.0,0.0,0.0,A01
201400023663,0,7,0,0.0,2.0,0.0,0.0,B01
201400023664,0,7,0,0.0,2.0,1.0,1.0,B01
201400023664,0,7,0,0.0,2.0,0.0,0.0,A01
201400023665,0,7,0,0.0,2.0,4.0,0.0,B01
201400023665,0,7,0,0.0,2.0,1.0,0.0,A01
201400023666,1,7,0,0.0,1.0,8.0,0.0,Z01
201400023667,0,2,0,0.0,2.0,1.0,0.0,B01
201400023667,0,10,0,0.0,2.0,8.0,0.0,A01
201400023668,0,7,0,0.0,2.0,1.0,0.0,A01
201400023669,0,2,0,0.0,2.0,1.0,0.0,A01
201400023669,0,7,0,0.0,2.0,4.0,0.0,B01
201400023670,0,2,0,0.0,2.0,0.0,0.0,B01
201400023670,0,99,0,0.0,2.0,7.0,0.0,A01
201400023671,0,7,0,0.0,2.0,1.0,1.0,B01
201400023671,0,7,0,0.0,2.0,1.0,13.0,A01
201400023672,0,7,0,0.0,2.0,3.0,15.0,A01
201400023672,0,33,0,0.0,2.0,1.0,17.0,B01
201400023673,0,7,0,10.0,0.0,1.0,1.0,A01
201400023674,0,7,0,0.0,2.0,1.0,1.0,B01
201400023674,0,7,0,0.0,2.0,3.0,19.0,A01
201400023675,0,7,0,0.0,2.0,9.0,1.0,A01
201400023675,0,7,0,0.0,2.0,1.0,15.0,B02
201400023675,0,7,0,0.0,2.0,1.0,1.0,C03
201400023676,0,33,0,0.0,2.0,4.0,9.0,A01
201400023676,0,30,0,0.0,2.0,1.0,1.0,B02
201400023677,0,10,0,0.0,2.0,3.0,5.0,A01
201400023677,0,17,0,0.0,2.0,3.0,1.0,B02
201400023678,0,7,0,0.0,2.0,2.0,15.0,A01
201400023678,0,33,0,0.0,2.0,1.0,1.0,B02
201400023679,0,7,0,0.0,1.0,1.0,1.0,A01
201400023680,0,33,0,6.0,0.0,1.0,1.0,A01
201400023681,0,7,0,0.0,2.0,5.0,16.0,A01
201400023681,0,1,0,0.0,2.0,1.0,1.0,B02
201400023682,0,17,0,3.0,0.0,2.0,2.0,A01
201400023683,0,7,0,0.0,2.0,1.0,2.0,A01
201400023683,0,17,0,0.0,0.0,4.0,0.0,B02
201400023684,0,7,0,3.0,0.0,1.0,1.0,A01
201400023685,2,7,0,0.0,2.0,1.0,2.0,A01
201400023685,0,7,0,0.0,2.0,0.0,2.0,B02
201400023686,0,38,71,0.0,0.0,4.0,2.0,A01
201400023686,0,7,0,0.0,2.0,1.0,2.0,B02
201400023687,0,7,0,3.0,0.0,9.0,1.0,A01
201400023688,0,7,0,3.0,0.0,2.0,1.0,A01
201400023689,0,17,0,4.0,0.0,2.0,1.0,A01
201400023690,2,7,0,0.0,2.0,1.0,1.0,A01
201400023690,0,10,0,0.0,0.0,4.0,1.0,B02
201400023691,0,10,0,0.0,0.0,4.0,2.0,B02
201400023691,0,10,0,0.0,2.0,1.0,12.0,A01
201400023692,0,7,0,10.0,0.0,3.0,1.0,A01
201400023693,0,33,0,0.0,2.0,1.0,3.0,A01
201400023693,0,7,0,0.0,2.0,4.0,1.0,B02
201400023694,0,7,0,0.0,0.0,4.0,2.0,C03
201400023694,0,7,0,0.0,2.0,1.0,2.0,A01
201400023694,0,7,0,0.0,2.0,4.0,2.0,B02
201400023695,0,7,0,3.0,0.0,3.0,14.0,A01
201400023696,0,17,0,0.0,0.0,6.0,1.0,B02
201400023696,0,7,0,0.0,2.0,2.0,17.0,A01
201400023697,0,7,0,0.0,2.0,7.0,12.0,A01
201400023697,0,7,0,0.0,2.0,8.0,1.0,B02
201400023698,0,7,0,3.0,0.0,2.0,1.0,A01
201400023699,0,7,0,0.0,2.0,7.0,12.0,A01
201400023699,0,33,0,0.0,2.0,8.0,1.0,B02
201400023700,0,14,0,0.0,0.0,0.0,11.0,B02
201400023700,0,10,0,4.0,0.0,3.0,1.0,A01
201400023701,0,7,0,4.0,0.0,1.0,1.0,A01
201400023702,0,10,0,1.0,1.0,1.0,14.0,A01
201400023703,0,7,0,0.0,2.0,1.0,1.0,B02
201400023703,0,7,0,3.0,2.0,3.0,0.0,A01
201400023704,0,10,0,0.0,2.0,2.0,12.0,B02
201400023704,0,15,0,0.0,0.0,6.0,0.0,A01
201400023705,0,7,0,4.0,2.0,3.0,1.0,A01
201400023705,0,7,0,0.0,2.0,3.0,1.0,B02
201400023706,0,32,0,4.0,0.0,2.0,0.0,A01
201400023707,0,7,0,0.0,2.0,4.0,2.0,C03
201400023707,0,7,0,0.0,2.0,4.0,2.0,B02
201400023707,0,7,0,0.0,2.0,1.0,2.0,A01
201400023708,0,7,0,0.0,2.0,4.0,1.0,B02
201400023708,0,7,0,0.0,2.0,1.0,14.0,A01
201400023709,0,7,0,4.0,0.0,3.0,1.0,B02
201400023709,0,7,0,0.0,2.0,0.0,0.0,C03
201400023709,0,7,0,0.0,2.0,2.0,14.0,A01
201400023710,0,34,0,0.0,2.0,8.0,3.0,B02
201400023710,0,7,0,0.0,2.0,5.0,1.0,C03
201400023710,0,33,0,0.0,2.0,3.0,3.0,A01
201400023711,0,7,0,3.0,0.0,1.0,24.0,A01
201400023711,0,7,0,1.0,1.0,2.0,1.0,B02
201400023712,0,7,0,3.0,0.0,3.0,1.0,A01
201400023713,0,7,0,0.0,2.0,4.0,1.0,A01
201400023713,0,7,0,0.0,2.0,1.0,1.0,B02
201400023714,0,7,0,0.0,2.0,6.0,11.0,B02
201400023714,0,33,0,0.0,2.0,1.0,9.0,A01
201400023715,0,7,0,0.0,2.0,4.0,1.0,B02
201400023715,0,7,0,0.0,2.0,1.0,1.0,A01
201400023716,0,10,0,0.0,2.0,1.0,1.0,A01
201400023716,0,7,0,0.0,0.0,4.0,1.0,B02
201400023717,0,7,0,6.0,0.0,1.0,14.0,A01
201400023718,0,7,0,0.0,0.0,1.0,2.0,B02
201400023718,0,7,0,0.0,0.0,7.0,13.0,A01
201400023719,0,7,0,3.0,0.0,1.0,1.0,A01
201400023720,0,7,0,3.0,0.0,7.0,1.0,A01
201400023721,0,7,0,0.0,2.0,2.0,14.0,A01
201400023721,0,7,0,0.0,2.0,3.0,1.0,B02
201400023722,0,7,0,3.0,0.0,1.0,14.0,A01
201400023723,0,10,0,4.0,0.0,3.0,2.0,A01
201400023724,0,15,0,0.0,2.0,1.0,2.0,A01
201400023724,0,15,0,3.0,2.0,4.0,2.0,B02
201400023725,0,7,0,4.0,0.0,3.0,1.0,A01
201400023726,0,7,0,13.0,0.0,0.0,3.0,A01
201400023727,0,10,0,3.0,0.0,5.0,1.0,B02
201400023727,0,7,0,4.0,2.0,1.0,17.0,A01
201400023728,0,38,40,9.0,2.0,1.0,1.0,B02
201400023728,0,7,0,0.0,2.0,1.0,13.0,A01
201400023729,0,7,0,0.0,2.0,2.0,2.0,A01
201400023729,0,17,0,0.0,0.0,6.0,1.0,B02
201400023730,0,10,0,0.0,2.0,2.0,1.0,A01
201400023730,0,7,0,0.0,0.0,6.0,2.0,B02
201400023731,0,7,0,0.0,0.0,3.0,1.0,B02
201400023731,0,7,0,0.0,2.0,1.0,21.0,A01
201400023732,0,7,0,0.0,2.0,8.0,1.0,D04
201400023732,0,7,0,0.0,2.0,8.0,1.0,C03
201400023732,0,14,0,0.0,2.0,1.0,1.0,B02
201400023732,0,7,0,0.0,2.0,3.0,15.0,A01
201400023733,0,7,0,0.0,2.0,2.0,1.0,A01
201400023733,0,21,0,0.0,2.0,6.0,1.0,B02
201400023734,0,17,0,0.0,0.0,5.0,23.0,A01
201400023734,0,7,0,14.0,0.0,1.0,1.0,B02
201400023735,0,7,0,0.0,2.0,1.0,1.0,A01
201400023735,0,37,7,0.0,2.0,3.0,1.0,B02
201400023736,0,17,0,0.0,2.0,3.0,1.0,B02
201400023736,0,7,0,0.0,2.0,1.0,13.0,A01
201400023737,0,14,0,13.0,0.0,7.0,1.0,A01
201400023738,0,7,0,0.0,0.0,8.0,19.0,A01
201400023738,0,30,0,0.0,2.0,1.0,1.0,B02
201400023739,0,7,0,0.0,0.0,4.0,2.0,C03
201400023739,0,7,0,0.0,2.0,1.0,2.0,B02
201400023739,0,7,0,0.0,2.0,1.0,2.0,A01
201400023740,0,7,0,6.0,0.0,3.0,11.0,A01
201400023741,0,31,0,0.0,0.0,9.0,17.0,A01
201400023741,0,7,0,0.0,2.0,1.0,2.0,B02
201400023742,0,7,0,13.0,0.0,1.0,1.0,A01
201400023743,0,33,0,13.0,0.0,8.0,1.0,A01
201400023744,0,7,0,2.0,0.0,3.0,1.0,A01
201400023745,0,10,0,1.0,2.0,8.0,9.0,A01
201400023745,0,14,0,0.0,2.0,2.0,1.0,B02
201400023746,0,30,0,0.0,2.0,1.0,1.0,A01
201400023746,0,7,0,0.0,2.0,4.0,1.0,B02
201400023747,0,21,0,0.0,2.0,8.0,1.0,B02
201400023747,0,30,0,0.0,9.0,8.0,1.0,A01
201400023748,0,7,0,13.0,0.0,8.0,1.0,A01
201400023749,0,7,0,0.0,2.0,1.0,13.0,A01
201400023749,0,7,0,0.0,2.0,3.0,1.0,B01
201400023750,0,7,0,16.0,0.0,9.0,14.0,A01
201400023751,0,7,0,0.0,2.0,3.0,13.0,A01
201400023751,0,10,0,0.0,2.0,3.0,1.0,B01
201400023752,0,7,0,0.0,1.0,2.0,1.0,A01
201400023753,0,7,0,0.0,2.0,3.0,15.0,A01
201400023753,0,30,0,0.0,0.0,1.0,1.0,B01
201400023754,0,7,0,0.0,2.0,7.0,1.0,A01
201400023754,0,7,0,0.0,2.0,1.0,1.0,B01
201400023755,0,7,0,14.0,0.0,1.0,17.0,A01
201400023756,0,32,0,0.0,0.0,1.0,1.0,B01
201400023756,0,7,0,0.0,2.0,1.0,15.0,A01
201400023757,0,7,0,0.0,2.0,1.0,1.0,B01
201400023757,0,10,0,0.0,0.0,8.0,15.0,A01
201400023758,0,30,0,0.0,0.0,0.0,21.0,A01
201400023759,0,7,0,0.0,1.0,3.0,1.0,A01
201400023760,0,2,0,0.0,2.0,1.0,19.0,A01
201400023760,0,34,0,0.0,2.0,7.0,17.0,B01
201400023761,0,7,0,2.0,0.0,1.0,14.0,A01
201400023762,0,7,0,0.0,6.0,1.0,1.0,A01
201400023763,0,7,0,0.0,2.0,4.0,23.0,B01
201400023763,0,33,0,0.0,2.0,1.0,2.0,A01
201400023764,0,10,0,0.0,2.0,1.0,13.0,A01
201400023764,0,7,0,0.0,2.0,8.0,1.0,B01
201400023765,0,7,0,0.0,2.0,1.0,1.0,A01
201400023765,0,7,0,0.0,2.0,4.0,1.0,B01
201400023766,0,7,0,0.0,2.0,4.0,2.0,B01
201400023766,0,7,0,0.0,2.0,4.0,2.0,C01
201400023766,0,7,0,0.0,2.0,1.0,1.0,A01
201400023767,0,30,0,0.0,0.0,9.0,1.0,A01
201400023768,0,10,0,0.0,1.0,4.0,20.0,A01
201400023769,0,7,0,2.0,0.0,1.0,13.0,A01
201400023770,0,7,0,13.0,0.0,9.0,1.0,A01
201400023771,0,7,0,0.0,2.0,1.0,16.0,B01
201400023771,0,7,0,0.0,2.0,3.0,15.0,A01
201400023772,0,7,0,0.0,2.0,2.0,2.0,A01
201400023772,0,30,0,0.0,2.0,4.0,23.0,B01
201400023773,0,10,0,0.0,1.0,4.0,4.0,A01
201400023774,0,30,0,12.0,0.0,0.0,1.0,A01
201400023775,0,7,0,0.0,1.0,0.0,1.0,A01
201400023776,0,14,0,0.0,2.0,3.0,1.0,B01
201400023776,0,14,0,0.0,0.0,6.0,9.0,A01
201400023777,0,7,0,0.0,1.0,3.0,13.0,A01
201400023778,0,7,0,13.0,0.0,1.0,0.0,A01
201400023779,0,7,0,0.0,1.0,1.0,15.0,A01
201400023780,0,7,0,0.0,1.0,7.0,0.0,A01
201400023781,0,7,0,0.0,1.0,2.0,1.0,A01
201400023782,0,10,0,0.0,1.0,2.0,1.0,A01
201400023783,0,15,0,0.0,1.0,2.0,1.0,A01
201400023784,0,30,0,3.0,0.0,0.0,1.0,A01
201400023785,0,30,0,0.0,2.0,0.0,1.0,A01
201400023785,1,7,0,0.0,2.0,0.0,0.0,X01
201400023786,0,7,0,0.0,2.0,4.0,23.0,C01
201400023787,0,7,0,0.0,9.0,1.0,1.0,A01
201400023787,0,1,0,0.0,0.0,7.0,19.0,B01
201400023788,0,7,0,0.0,2.0,2.0,15.0,A01
201400023788,0,30,0,0.0,2.0,1.0,1.0,B01
201400023789,0,7,0,0.0,2.0,1.0,17.0,A01
201400023789,0,15,0,0.0,0.0,6.0,1.0,C03
201400023789,0,10,0,0.0,0.0,1.0,1.0,B02
201400023790,0,33,0,0.0,6.0,9.0,1.0,A01
201400023791,0,7,0,0.0,2.0,1.0,1.0,A01
201400023791,0,7,0,0.0,2.0,1.0,1.0,B02
201400023792,0,7,0,2.0,0.0,1.0,1.0,A01
201400023793,0,7,0,7.0,0.0,1.0,1.0,A01
201400023794,0,7,0,0.0,2.0,1.0,1.0,E05
201400023794,0,17,0,3.0,2.0,1.0,6.0,A01
201400023794,0,17,0,0.0,2.0,1.0,1.0,C03
201400023795,0,15,0,0.0,0.0,6.0,1.0,B02
201400023795,0,7,0,3.0,2.0,2.0,14.0,A01
201400023796,0,7,0,0.0,2.0,1.0,2.0,A01
201400023796,0,7,0,0.0,2.0,4.0,2.0,B02
201400023797,0,7,0,3.0,0.0,1.0,15.0,A01
201400023798,0,10,0,3.0,0.0,1.0,1.0,A01
201400023799,0,7,0,13.0,0.0,2.0,14.0,A01
201400023800,0,33,0,0.0,2.0,1.0,1.0,B02
201400023800,0,7,0,0.0,2.0,3.0,10.0,A01
201400023801,0,7,0,0.0,2.0,2.0,13.0,A01
201400023801,0,7,0,0.0,2.0,1.0,1.0,B02
201400023802,0,7,0,13.0,0.0,3.0,1.0,A01
201400023803,0,7,0,0.0,2.0,4.0,23.0,C03
201400023803,0,7,0,0.0,2.0,4.0,23.0,B02
201400023803,0,7,0,0.0,2.0,1.0,2.0,A01
201400023804,0,33,0,0.0,0.0,8.0,21.0,A01
201400023805,0,7,0,0.0,1.0,1.0,1.0,A01
201400023806,0,7,0,0.0,2.0,2.0,16.0,A01
201400023806,0,30,0,0.0,2.0,1.0,18.0,B02
201400023807,0,7,0,8.0,0.0,9.0,1.0,A01
201400023808,0,7,0,3.0,0.0,6.0,1.0,A01
201400023809,0,7,0,12.0,0.0,1.0,14.0,A01
201400023810,0,7,0,8.0,0.0,7.0,13.0,A01
201400023811,0,7,0,0.0,2.0,2.0,15.0,A01
201400023811,0,33,0,0.0,2.0,7.0,19.0,B02
201400023812,0,7,0,0.0,2.0,1.0,1.0,B02
201400023812,0,7,0,0.0,2.0,2.0,13.0,A01
201400023813,0,7,0,0.0,2.0,1.0,1.0,A01
201400023813,0,7,0,0.0,2.0,1.0,13.0,B02
201400023814,0,33,0,0.0,2.0,7.0,1.0,B02
201400023814,0,7,0,0.0,2.0,6.0,15.0,A01
201400023815,0,7,0,13.0,0.0,2.0,1.0,A01
201400023816,0,7,0,16.0,0.0,3.0,1.0,A01
201400023817,0,33,0,2.0,0.0,7.0,1.0,A01
201400023818,0,33,0,0.0,0.0,0.0,0.0,A01
201400023818,0,21,0,0.0,0.0,3.0,0.0,B02
201400023819,0,7,0,0.0,2.0,1.0,1.0,B02
201400023819,0,7,0,0.0,2.0,1.0,17.0,A01
201400023820,0,7,0,0.0,2.0,1.0,1.0,B02
201400023820,0,7,0,0.0,2.0,1.0,13.0,A01
201400023821,0,32,0,0.0,2.0,1.0,13.0,A01
201400023821,0,10,0,0.0,2.0,1.0,1.0,B02
201400023822,0,7,0,13.0,0.0,0.0,1.0,A01
201400023823,0,32,0,0.0,2.0,4.0,1.0,B01
201400023823,0,34,0,0.0,2.0,1.0,2.0,A01
201400023824,0,7,0,0.0,2.0,1.0,0.0,B01
201400023824,0,7,0,0.0,2.0,8.0,1.0,A01
201400023825,0,7,0,0.0,1.0,1.0,1.0,A01
201400023826,0,7,0,0.0,2.0,1.0,1.0,A01
201400023826,0,7,0,0.0,0.0,4.0,23.0,B01
201400023827,0,7,0,0.0,2.0,3.0,1.0,B01
201400023827,0,7,0,0.0,2.0,3.0,1.0,A01
201400023828,0,30,0,0.0,2.0,7.0,17.0,A01
201400023828,0,34,0,7.0,2.0,8.0,15.0,B01
201400023829,0,30,0,0.0,2.0,1.0,1.0,A01
201400023829,0,10,0,0.0,0.0,6.0,1.0,B01
201400023830,0,7,0,0.0,2.0,3.0,10.0,A01
201400023830,0,33,0,0.0,2.0,2.0,1.0,B01
201400023831,0,10,0,0.0,2.0,1.0,1.0,A01
201400023831,0,10,0,0.0,0.0,4.0,1.0,B01
201400023832,0,10,0,0.0,2.0,8.0,15.0,B01
201400023832,0,2,0,0.0,2.0,2.0,17.0,A01
201400023833,0,34,0,5.0,9.0,1.0,1.0,A01
201400023833,0,1,0,0.0,9.0,1.0,1.0,B01
201400023834,0,7,0,0.0,2.0,8.0,0.0,A01
201400023834,0,7,0,0.0,2.0,8.0,1.0,B01
201400023834,0,7,0,0.0,2.0,1.0,1.0,C01
201400023835,0,7,0,0.0,2.0,2.0,1.0,B01
201400023835,0,2,0,0.0,2.0,1.0,15.0,A01
201400023836,0,7,0,0.0,2.0,7.0,15.0,A01
201400023836,0,7,0,0.0,2.0,1.0,1.0,B01
201400023837,0,7,0,0.0,9.0,3.0,1.0,D01
201400023837,0,10,0,0.0,2.0,1.0,1.0,A01
201400023837,0,7,0,0.0,2.0,4.0,1.0,B01
201400023837,0,7,0,0.0,2.0,4.0,1.0,C01
201400023838,0,7,0,1.0,1.0,1.0,0.0,A01
201400023839,0,10,0,0.0,2.0,1.0,13.0,A01
201400023839,0,7,0,0.0,2.0,1.0,1.0,B01
201400023840,0,7,0,0.0,2.0,3.0,9.0,A01
201400023840,0,31,0,0.0,0.0,5.0,1.0,B01
201400023841,0,7,0,0.0,2.0,3.0,9.0,A01
201400023841,0,7,0,0.0,2.0,2.0,1.0,B01
201400023842,0,7,0,2.0,0.0,1.0,13.0,A01
201400023843,0,7,0,0.0,1.0,3.0,1.0,A01
201400023844,0,7,0,0.0,2.0,3.0,15.0,A01
201400023844,0,31,0,0.0,2.0,8.0,1.0,B01
201400023845,0,33,0,0.0,2.0,1.0,17.0,A01
201400023845,0,7,0,0.0,0.0,0.0,1.0,B01
201400023846,0,7,0,0.0,2.0,2.0,15.0,A01
201400023846,0,10,0,0.0,2.0,3.0,1.0,B01
201400023847,0,7,0,0.0,2.0,2.0,1.0,B01
201400023847,0,7,0,1.0,2.0,3.0,9.0,A01
201400023848,0,2,0,0.0,2.0,1.0,15.0,A01
201400023848,0,7,0,0.0,2.0,8.0,1.0,B01
201400023849,0,2,0,0.0,0.0,8.0,1.0,A01
201400023850,0,1,0,0.0,1.0,1.0,1.0,A01
201400023851,0,1,0,0.0,2.0,1.0,1.0,B01
201400023851,0,10,0,0.0,2.0,2.0,16.0,A01
201400023852,0,7,0,0.0,2.0,2.0,15.0,B01
201400023852,0,2,0,0.0,2.0,1.0,1.0,A01
201400023853,0,7,0,0.0,2.0,3.0,13.0,A01
201400023853,0,10,0,0.0,2.0,3.0,1.0,B01
201400023854,0,10,0,0.0,9.0,0.0,1.0,A01
201400023854,0,10,0,0.0,9.0,8.0,1.0,B01
201400023854,0,7,0,3.0,9.0,1.0,1.0,C01
201400023854,0,7,0,3.0,9.0,8.0,1.0,D01