Num_Acc,senc,catv,occutc,obs,obsm,choc,manv,num_veh
201400024123,0,7,0,0.0,2.0,3.0,15.0,A01
201400024123,0,7,0,0.0,0.0,7.0,15.0,B01
201400024124,0,2,0,0.0,2.0,7.0,1.0,A01
201400024124,0,7,0,0.0,2.0,3.0,16.0,B01
201400024125,0,1,0,0.0,0.0,2.0,1.0,A01
201400024125,0,7,0,0.0,2.0,1.0,1.0,B01
201400024126,0,7,0,0.0,2.0,3.0,15.0,A01
201400024126,0,40,0,0.0,2.0,2.0,1.0,B01
201400024127,0,10,0,0.0,1.0,0.0,16.0,A01
201400024128,0,1,0,0.0,1.0,1.0,1.0,A01
201400024129,0,7,0,0.0,0.0,2.0,1.0,B01
201400024129,0,7,0,0.0,2.0,1.0,15.0,A01
201400024130,0,2,0,12.0,0.0,1.0,16.0,A01
201400024131,0,10,0,0.0,1.0,1.0,1.0,A01
201400024132,0,31,0,0.0,2.0,7.0,16.0,A01
201400024132,0,7,0,0.0,0.0,2.0,16.0,B01
201400024133,0,1,0,0.0,2.0,1.0,1.0,A01
201400024133,0,10,0,0.0,0.0,4.0,23.0,B01
201400024134,0,2,0,0.0,2.0,1.0,1.0,A01
201400024134,0,7,0,0.0,0.0,1.0,15.0,B01
201400024135,0,33,0,1.0,0.0,1.0,1.0,A01
201400024136,0,10,0,0.0,2.0,8.0,15.0,A01
201400024136,0,7,0,0.0,0.0,8.0,1.0,B01
201400024137,0,33,0,0.0,2.0,1.0,15.0,B01
201400024137,0,10,0,0.0,0.0,8.0,15.0,A01
201400024138,0,30,0,1.0,2.0,1.0,17.0,A01
201400024138,0,7,0,0.0,2.0,8.0,17.0,B01
201400024139,0,7,0,0.0,0.0,6.0,23.0,B01
201400024139,0,30,0,0.0,2.0,1.0,1.0,A01
201400024140,0,2,0,11.0,0.0,1.0,1.0,A01
201400024141,0,1,0,0.0,0.0,0.0,5.0,A01
201400024141,0,7,0,0.0,0.0,0.0,15.0,B01
201400024142,0,40,0,0.0,2.0,1.0,1.0,A01
201400024142,0,1,0,0.0,4.0,4.0,1.0,B01
201400024143,0,7,0,0.0,2.0,1.0,15.0,A01
201400024143,0,31,0,0.0,0.0,1.0,1.0,B01
201400024144,0,7,0,0.0,2.0,2.0,15.0,A01
201400024144,0,7,0,0.0,2.0,1.0,1.0,B01
201400024145,0,31,0,0.0,0.0,8.0,1.0,A01
201400024146,0,7,0,0.0,2.0,9.0,1.0,A01
201400024146,0,7,0,0.0,2.0,1.0,1.0,B01
201400024147,0,7,0,0.0,0.0,1.0,15.0,A01
201400024147,0,31,0,0.0,2.0,1.0,1.0,B01
201400024148,0,7,0,0.0,2.0,1.0,2.0,A01
201400024148,0,15,0,0.0,0.0,4.0,1.0,B01
201400024149,0,7,0,0.0,1.0,2.0,1.0,A01
201400024150,0,7,0,0.0,1.0,7.0,1.0,A01
201400024151,0,37,1,0.0,1.0,2.0,1.0,A01
201400024152,0,7,0,0.0,0.0,8.0,10.0,A01
201400024152,0,33,0,0.0,2.0,1.0,1.0,B01
201400024153,0,7,0,0.0,0.0,6.0,23.0,B01
201400024153,0,34,0,0.0,2.0,7.0,1.0,A01
201400024154,0,7,0,0.0,1.0,2.0,1.0,A01
201400024155,0,7,0,0.0,0.0,7.0,22.0,A01
201400024155,0,1,0,0.0,2.0,1.0,1.0,B01
201400024156,0,7,0,8.0,0.0,1.0,21.0,C01
201400024156,0,7,0,0.0,0.0,4.0,1.0,B01
201400024156,0,2,0,0.0,2.0,1.0,1.0,A01
201400024157,0,10,0,0.0,0.0,4.0,15.0,B01
201400024157,0,10,0,0.0,2.0,1.0,2.0,A01
201400024158,1,10,0,0.0,1.0,0.0,15.0,Z01
201400024159,0,7,0,0.0,2.0,7.0,1.0,A01
201400024159,0,33,0,0.0,0.0,9.0,1.0,B01
201400024160,0,33,0,0.0,2.0,1.0,1.0,B01
201400024160,0,10,0,0.0,0.0,1.0,15.0,A01
201400024161,0,7,0,0.0,1.0,1.0,15.0,A01
201400024162,0,30,0,0.0,0.0,1.0,1.0,A01
201400024163,0,30,0,0.0,0.0,7.0,1.0,A01
201400024163,2,7,0,0.0,0.0,0.0,20.0,B01
201400024164,0,10,0,0.0,2.0,1.0,2.0,A01
201400024164,0,7,0,0.0,2.0,4.0,23.0,B01
201400024165,0,7,0,0.0,2.0,6.0,15.0,A01
201400024165,0,33,0,0.0,2.0,1.0,1.0,B01
201400024166,0,7,0,0.0,2.0,3.0,15.0,B01
201400024166,0,30,0,0.0,2.0,2.0,17.0,A01
201400024167,0,7,0,0.0,1.0,2.0,21.0,A01
201400024168,0,7,0,0.0,0.0,3.0,16.0,A01
201400024168,0,32,0,0.0,2.0,1.0,1.0,B01
201400024169,0,40,0,0.0,1.0,0.0,1.0,A01
201400024170,0,31,0,0.0,2.0,1.0,1.0,B01
201400024170,0,7,0,0.0,2.0,2.0,15.0,A01
201400024171,0,7,0,0.0,2.0,3.0,16.0,A01
201400024171,0,1,0,0.0,2.0,1.0,5.0,B01
201400024172,0,7,0,0.0,2.0,1.0,1.0,A01
201400024172,0,33,0,0.0,0.0,4.0,23.0,B01
201400024173,0,7,0,0.0,0.0,4.0,1.0,B01
201400024173,1,7,0,0.0,2.0,1.0,1.0,Z01
201400024174,0,10,0,0.0,2.0,3.0,16.0,A01
201400024174,0,7,0,0.0,2.0,1.0,1.0,B01
201400024175,0,2,0,0.0,2.0,1.0,1.0,B01
201400024175,0,7,0,0.0,2.0,1.0,20.0,A01
201400024176,0,33,0,1.0,0.0,7.0,1.0,A01
201400024176,0,10,0,0.0,0.0,7.0,22.0,B01
201400024177,0,7,0,1.0,2.0,8.0,1.0,B01
201400024177,0,2,0,0.0,2.0,1.0,1.0,A01
201400024178,0,10,0,0.0,2.0,1.0,1.0,A01
201400024178,0,7,0,0.0,0.0,4.0,23.0,B01
201400024179,0,7,0,0.0,2.0,1.0,1.0,B01
201400024179,0,7,0,0.0,0.0,7.0,10.0,A01
201400024180,0,2,0,0.0,2.0,1.0,1.0,A01
201400024180,0,7,0,0.0,2.0,1.0,15.0,B01
201400024181,0,7,0,0.0,2.0,7.0,18.0,A01
201400024181,0,7,0,0.0,2.0,3.0,1.0,B01
201400024182,0,7,0,0.0,1.0,4.0,4.0,A01
201400024183,0,7,0,0.0,2.0,3.0,15.0,A01
201400024183,0,31,0,0.0,2.0,1.0,1.0,B01
201400024184,0,7,0,0.0,2.0,1.0,1.0,A01
201400024184,0,7,0,0.0,0.0,4.0,1.0,C01
201400024184,0,7,0,0.0,0.0,4.0,1.0,B01
201400024185,0,10,0,0.0,0.0,8.0,13.0,A01
201400024185,0,33,0,0.0,2.0,7.0,1.0,B01
201400024186,0,33,0,0.0,2.0,1.0,1.0,A01
201400024186,0,7,0,0.0,2.0,1.0,1.0,B01
201400024187,0,7,0,0.0,2.0,8.0,1.0,A01
201400024187,0,7,0,0.0,2.0,1.0,1.0,B01
201400024188,0,7,0,0.0,2.0,8.0,15.0,A01
201400024188,0,33,0,0.0,0.0,9.0,1.0,B01
201400024189,0,1,0,0.0,0.0,9.0,1.0,B01
201400024189,0,7,0,0.0,2.0,1.0,9.0,A01
201400024190,0,7,0,0.0,2.0,1.0,16.0,B01
201400024190,0,2,0,0.0,2.0,1.0,6.0,A01
201400024191,0,7,0,0.0,2.0,1.0,15.0,A01
201400024191,0,1,0,0.0,2.0,1.0,1.0,B01
201400024192,0,7,0,0.0,2.0,3.0,15.0,A01
201400024192,0,33,0,1.0,2.0,7.0,17.0,B01
201400024193,0,7,0,0.0,0.0,4.0,1.0,B01
201400024193,0,7,0,0.0,2.0,1.0,1.0,A01
201400024194,0,7,0,0.0,2.0,3.0,1.0,A01
201400024194,0,30,0,0.0,2.0,5.0,1.0,B01
201400024195,0,7,0,8.0,0.0,1.0,1.0,A01
201400024196,0,37,3,0.0,2.0,3.0,1.0,A01
201400024196,0,7,0,0.0,1.0,4.0,15.0,B01
201400024197,0,7,0,8.0,0.0,1.0,1.0,A01
201400024198,0,10,0,0.0,1.0,0.0,1.0,A01
201400024199,0,7,0,0.0,2.0,1.0,1.0,A01
201400024199,0,7,0,0.0,0.0,7.0,1.0,B01
201400024200,0,7,0,0.0,0.0,8.0,15.0,A01
201400024200,0,33,0,0.0,0.0,1.0,17.0,B01
201400024201,2,7,0,0.0,2.0,1.0,1.0,A01
201400024201,0,7,0,1.0,2.0,7.0,1.0,B01
201400024202,0,7,0,0.0,0.0,2.0,1.0,C01
201400024202,0,33,0,0.0,2.0,1.0,1.0,A01
201400024202,0,7,0,0.0,0.0,6.0,1.0,B01
201400024203,0,7,0,0.0,0.0,7.0,1.0,B01
201400024203,0,1,0,0.0,2.0,1.0,16.0,A01
201400024204,0,40,132,0.0,2.0,2.0,1.0,B01
201400024204,0,10,0,0.0,4.0,3.0,10.0,A01
201400024205,0,33,0,0.0,0.0,8.0,23.0,B01
201400024205,0,7,0,0.0,2.0,1.0,15.0,A01
201400024206,0,7,0,0.0,1.0,3.0,1.0,Z01
201400024207,0,30,0,0.0,2.0,9.0,1.0,A01
201400024207,0,7,0,0.0,0.0,3.0,15.0,B01
201400024208,0,7,0,0.0,0.0,8.0,15.0,A01
201400024208,0,30,0,0.0,2.0,3.0,1.0,B01
201400024209,0,99,0,0.0,1.0,5.0,1.0,A01
201400024210,0,7,0,0.0,2.0,3.0,15.0,A01
201400024210,0,33,0,0.0,2.0,1.0,1.0,B01
201400024211,0,7,0,0.0,1.0,0.0,1.0,A01
201400024212,0,7,0,6.0,0.0,1.0,15.0,A01
201400024213,0,7,0,0.0,2.0,3.0,15.0,A01
201400024213,0,7,0,0.0,2.0,7.0,1.0,B01
201400024214,0,7,0,0.0,0.0,8.0,23.0,B01
201400024214,0,34,0,0.0,2.0,1.0,1.0,A01
201400024215,0,7,0,0.0,0.0,4.0,23.0,D01
201400024215,0,7,0,0.0,2.0,1.0,1.0,A01
201400024215,0,7,0,0.0,2.0,4.0,23.0,B01
201400024215,0,7,0,0.0,2.0,1.0,23.0,C01
201400024216,0,33,0,0.0,2.0,2.0,1.0,B01
201400024216,0,14,0,0.0,2.0,1.0,15.0,A01
201400024217,0,7,0,0.0,2.0,3.0,15.0,A01
201400024217,0,2,0,0.0,0.0,3.0,23.0,B01
201400024218,1,10,0,0.0,2.0,4.0,1.0,Z01
201400024218,0,1,0,0.0,2.0,0.0,1.0,A01
201400024219,0,2,0,0.0,0.0,9.0,1.0,A01
201400024219,1,10,0,0.0,0.0,0.0,18.0,Z01
201400024220,0,7,0,0.0,1.0,2.0,15.0,A01
201400024221,0,30,0,1.0,0.0,1.0,14.0,A01
201400024222,0,2,0,0.0,2.0,1.0,18.0,A01
201400024222,0,15,0,0.0,2.0,2.0,1.0,B01
201400024223,0,7,0,0.0,1.0,4.0,4.0,A01
201400024224,0,7,0,0.0,2.0,3.0,1.0,A01
201400024224,0,37,18,0.0,2.0,2.0,1.0,B01
201400024225,0,7,0,0.0,0.0,4.0,1.0,B01
201400024225,0,33,0,0.0,2.0,1.0,17.0,A01
201400024226,0,1,0,0.0,2.0,5.0,1.0,A01
201400024226,0,1,0,0.0,2.0,1.0,19.0,B01
201400024227,0,7,0,0.0,2.0,1.0,1.0,B01
201400024227,0,7,0,0.0,2.0,1.0,1.0,A01
201400024228,0,7,0,0.0,2.0,1.0,15.0,A01
201400024228,0,33,0,0.0,2.0,1.0,16.0,B01
201400024229,0,7,0,1.0,0.0,3.0,1.0,B01
201400024229,0,14,0,0.0,2.0,9.0,15.0,A01
201400024230,0,7,0,0.0,2.0,1.0,16.0,A01
201400024230,0,31,0,0.0,2.0,5.0,1.0,B01
201400024231,0,10,0,8.0,0.0,7.0,21.0,A01
201400024231,1,7,0,0.0,0.0,0.0,1.0,Z01
201400024232,0,7,0,1.0,1.0,1.0,1.0,A01
201400024233,0,31,0,1.0,2.0,3.0,1.0,B01
201400024233,0,7,0,0.0,2.0,3.0,1.0,A01
201400024234,0,1,0,0.0,2.0,1.0,1.0,B01
201400024234,0,7,0,0.0,2.0,1.0,1.0,A01
201400024235,0,33,0,0.0,0.0,8.0,1.0,A01
201400024236,0,1,0,0.0,0.0,9.0,1.0,B01
201400024236,0,7,0,6.0,2.0,1.0,1.0,A01
201400024237,0,3,0,3.0,0.0,4.0,1.0,A01
201400024237,1,7,0,0.0,2.0,0.0,0.0,Z01
201400024238,0,1,0,0.0,2.0,1.0,1.0,A01
201400024238,0,7,0,0.0,0.0,7.0,15.0,B01
201400024239,0,7,0,0.0,0.0,4.0,1.0,B01
201400024239,0,7,0,0.0,2.0,1.0,2.0,A01
201400024240,0,7,0,0.0,2.0,1.0,15.0,A01
201400024240,0,7,0,0.0,2.0,1.0,1.0,B01
201400024241,0,31,0,0.0,2.0,1.0,1.0,A01
201400024241,0,7,0,0.0,0.0,2.0,16.0,B01
201400024242,0,7,0,0.0,0.0,4.0,23.0,B01
201400024242,0,2,0,0.0,2.0,7.0,1.0,A01
201400024243,0,7,0,0.0,2.0,2.0,1.0,A01
201400024243,0,1,0,0.0,0.0,3.0,19.0,B01
201400024244,0,40,63,0.0,2.0,2.0,1.0,B01
201400024244,0,7,0,0.0,0.0,3.0,1.0,A01
201400024245,0,7,0,0.0,1.0,1.0,1.0,A01
201400024246,0,33,0,0.0,1.0,7.0,1.0,A01
201400024247,0,7,0,0.0,2.0,3.0,9.0,A01
201400024247,0,33,0,0.0,0.0,7.0,1.0,B01
201400024248,0,10,0,0.0,0.0,4.0,23.0,B01
201400024248,0,7,0,0.0,2.0,1.0,2.0,A01
201400024249,0,7,0,0.0,1.0,1.0,15.0,A01
201400024250,0,7,0,0.0,0.0,1.0,15.0,A01
201400024250,0,31,0,0.0,2.0,8.0,1.0,B01
201400024251,0,7,0,0.0,1.0,4.0,4.0,A01
201400024252,0,10,0,0.0,0.0,3.0,10.0,A01
201400024252,0,31,0,0.0,2.0,7.0,16.0,B01
201400024253,0,30,0,0.0,1.0,7.0,1.0,A01
201400024254,0,7,0,0.0,2.0,8.0,1.0,A01
201400024254,0,7,0,0.0,2.0,1.0,1.0,B01
201400024255,0,1,0,0.0,2.0,3.0,16.0,B01
201400024255,0,7,0,0.0,2.0,0.0,16.0,A01
201400024256,0,7,0,0.0,2.0,1.0,5.0,A01
201400024256,0,7,0,0.0,0.0,1.0,1.0,B01
201400024257,0,7,0,0.0,2.0,1.0,1.0,B01
201400024257,0,7,0,0.0,0.0,8.0,1.0,A01
201400024258,0,7,0,8.0,2.0,5.0,1.0,B01
201400024258,0,7,0,0.0,2.0,1.0,1.0,A01
201400024259,0,31,0,0.0,0.0,8.0,1.0,B01
201400024259,1,7,0,0.0,2.0,1.0,1.0,A01
201400024259,0,7,0,0.0,2.0,3.0,1.0,C01
201400024260,0,7,0,0.0,2.0,3.0,1.0,A01
201400024260,0,7,0,0.0,2.0,9.0,1.0,B01
201400024261,0,7,0,0.0,2.0,1.0,1.0,A01
201400024261,0,1,0,0.0,2.0,8.0,1.0,B01
201400024262,0,2,0,0.0,2.0,1.0,1.0,A01
201400024262,0,7,0,0.0,2.0,2.0,15.0,B01
201400024263,0,7,0,0.0,0.0,7.0,21.0,A01
201400024263,0,2,0,0.0,2.0,1.0,1.0,B01
201400024264,0,7,0,0.0,1.0,0.0,15.0,A01
201400024265,0,40,0,0.0,1.0,0.0,1.0,A01
201400024266,0,7,0,0.0,2.0,3.0,15.0,A01
201400024266,0,7,0,0.0,0.0,6.0,1.0,B01
201400024267,0,31,0,12.0,0.0,1.0,1.0,A01
201400024268,0,7,0,0.0,2.0,1.0,15.0,B01
201400024268,0,2,0,0.0,2.0,7.0,1.0,A01
201400024269,0,33,0,0.0,2.0,1.0,1.0,B01
201400024269,0,7,0,0.0,0.0,3.0,10.0,A01
201400024270,0,7,0,0.0,2.0,3.0,15.0,A01
201400024270,0,33,0,0.0,2.0,1.0,1.0,B01
201400024271,0,30,0,0.0,2.0,0.0,1.0,B01
201400024271,0,1,0,0.0,0.0,0.0,19.0,A01
201400024272,0,7,0,0.0,2.0,1.0,1.0,A01
201400024272,0,7,0,0.0,0.0,1.0,23.0,C01
201400024272,0,7,0,0.0,2.0,1.0,23.0,B01
201400024273,0,10,0,0.0,2.0,6.0,15.0,B01
201400024273,0,33,0,0.0,2.0,2.0,1.0,A01
201400024274,0,7,0,0.0,2.0,2.0,2.0,A01
201400024274,0,7,0,0.0,0.0,4.0,16.0,B01
201400024275,0,1,0,0.0,2.0,0.0,1.0,A01
201400024275,0,7,0,0.0,2.0,2.0,1.0,B01
201400024276,0,7,0,11.0,0.0,1.0,16.0,A01
201400024277,0,7,0,0.0,2.0,1.0,17.0,A01
201400024277,0,1,0,0.0,2.0,0.0,15.0,B01
201400024278,0,7,0,0.0,0.0,0.0,1.0,A01
201400024278,0,7,0,1.0,2.0,1.0,1.0,B01
201400024279,0,7,0,0.0,2.0,1.0,1.0,A01
201400024279,0,7,0,0.0,0.0,4.0,23.0,B01
201400024280,0,7,0,1.0,2.0,2.0,16.0,A01
201400024280,0,2,0,0.0,2.0,7.0,1.0,B01
201400024281,0,10,0,0.0,2.0,3.0,1.0,A01
201400024281,0,30,0,0.0,2.0,6.0,15.0,B01
201400024282,0,7,0,0.0,2.0,3.0,9.0,B01
201400024282,0,2,0,0.0,2.0,1.0,1.0,A01
201400024283,0,7,0,0.0,1.0,2.0,1.0,A01
201400024284,0,7,0,0.0,0.0,7.0,1.0,B01
201400024284,0,1,0,0.0,2.0,1.0,17.0,A01
201400024285,0,1,0,0.0,0.0,1.0,2.0,B01
201400024285,0,7,0,0.0,0.0,1.0,1.0,A01
201400024286,0,37,5,0.0,2.0,1.0,2.0,A01
201400024286,0,7,0,0.0,0.0,4.0,1.0,B01
201400024287,0,7,0,0.0,0.0,5.0,15.0,A01
201400024287,0,33,0,0.0,2.0,1.0,1.0,B01
201400024288,0,7,0,0.0,1.0,2.0,1.0,A01
201400024289,0,7,0,8.0,0.0,2.0,1.0,A01
201400024290,0,1,0,0.0,2.0,1.0,1.0,A01
201400024290,0,7,0,0.0,2.0,3.0,1.0,B01
201400024291,0,1,0,0.0,0.0,0.0,0.0,B01
201400024291,0,10,0,0.0,2.0,1.0,1.0,A01
201400024292,0,7,0,0.0,2.0,1.0,2.0,A01
201400024292,0,7,0,0.0,0.0,4.0,1.0,B01
201400024293,0,7,0,0.0,0.0,5.0,15.0,A01
201400024293,0,2,0,0.0,2.0,1.0,1.0,B01
201400024294,0,7,0,0.0,2.0,3.0,15.0,A01
201400024294,0,30,0,0.0,2.0,2.0,1.0,B01
201400024295,0,37,25,0.0,1.0,3.0,1.0,A01
201400024296,0,7,0,0.0,0.0,4.0,1.0,A01
201400024296,0,2,0,0.0,0.0,1.0,1.0,B01
201400024297,0,7,0,0.0,1.0,6.0,4.0,A01
201400024298,0,1,0,0.0,0.0,1.0,1.0,B01
201400024298,0,7,0,0.0,0.0,1.0,1.0,A01
201400024299,0,1,0,0.0,2.0,9.0,0.0,B01
201400024299,0,7,0,0.0,2.0,7.0,1.0,A01
201400024300,0,7,0,0.0,0.0,3.0,10.0,A01
201400024300,0,31,0,0.0,2.0,1.0,1.0,B01
201400024301,0,7,0,0.0,0.0,4.0,23.0,B01
201400024301,0,7,0,0.0,2.0,1.0,1.0,A01
201400024302,0,33,0,0.0,1.0,1.0,1.0,A01
201400024303,0,10,0,0.0,0.0,4.0,15.0,A01
201400024303,0,7,0,0.0,2.0,1.0,1.0,B01
201400024304,0,7,0,0.0,0.0,0.0,15.0,B01
201400024304,0,1,0,0.0,2.0,3.0,16.0,A01
201400024304,0,7,0,0.0,0.0,0.0,24.0,C01
201400024305,0,7,0,0.0,2.0,1.0,1.0,B01
201400024305,0,7,0,6.0,0.0,8.0,1.0,A01
201400024306,0,1,0,0.0,0.0,7.0,1.0,A01
201400024306,0,7,0,0.0,2.0,1.0,15.0,B01
201400024307,0,7,0,0.0,0.0,5.0,23.0,B01
201400024307,0,31,0,0.0,2.0,1.0,13.0,A01
201400024308,0,7,0,0.0,0.0,4.0,2.0,A01
201400024308,1,7,0,0.0,2.0,1.0,1.0,Z01
201400024308,0,7,0,0.0,2.0,1.0,1.0,B01
201400024309,0,7,0,0.0,2.0,1.0,1.0,A01
201400024309,0,7,0,0.0,0.0,4.0,1.0,B01
201400024310,0,7,0,0.0,2.0,6.0,15.0,A01
201400024310,0,7,0,0.0,2.0,3.0,1.0,B01
201400024311,0,7,0,0.0,2.0,3.0,9.0,A01
201400024311,0,1,0,0.0,0.0,0.0,1.0,B01
201400024312,0,10,0,0.0,2.0,1.0,2.0,C01
201400024312,0,7,0,0.0,0.0,0.0,1.0,A01
201400024312,0,10,0,0.0,2.0,1.0,2.0,B01
201400024313,0,10,0,0.0,0.0,0.0,15.0,B01
201400024313,0,30,0,0.0,2.0,1.0,1.0,A01
201400024314,0,7,0,0.0,0.0,6.0,1.0,A01
201400024314,0,7,0,0.0,2.0,1.0,1.0,B01
201400024315,0,10,0,0.0,1.0,4.0,4.0,A01
201400024316,0,7,0,0.0,0.0,4.0,23.0,B01
201400024316,0,7,0,0.0,2.0,1.0,2.0,A01
201400024317,0,2,0,3.0,0.0,1.0,1.0,A01
201400024317,0,7,0,0.0,0.0,1.0,15.0,B01
201400024318,0,7,0,0.0,2.0,7.0,15.0,A01
201400024318,0,7,0,0.0,2.0,1.0,1.0,B01
201400024319,0,31,0,0.0,1.0,1.0,1.0,A01
201400024320,0,37,17,0.0,0.0,3.0,16.0,B01
201400024320,0,7,0,0.0,0.0,5.0,16.0,A01
201400024321,0,33,0,0.0,2.0,1.0,1.0,A01
201400024321,0,7,0,0.0,0.0,8.0,15.0,B01
201400024322,0,7,0,0.0,2.0,8.0,15.0,A01
201400024322,0,2,0,0.0,2.0,2.0,1.0,B01
201400024323,0,7,0,0.0,2.0,2.0,23.0,A01
201400024323,0,1,0,0.0,0.0,7.0,1.0,B01
201400024324,0,7,0,0.0,1.0,1.0,1.0,A01
201400024325,0,7,0,0.0,1.0,0.0,1.0,A01
201400024326,0,2,0,0.0,4.0,1.0,1.0,A01
201400024326,0,40,0,0.0,0.0,8.0,1.0,B01
201400024327,0,2,0,0.0,2.0,1.0,1.0,B01
201400024327,0,7,0,1.0,2.0,5.0,15.0,A01
201400024328,0,7,0,0.0,0.0,1.0,1.0,B01
201400024328,0,7,0,0.0,2.0,1.0,13.0,A01
201400024329,0,31,0,0.0,0.0,0.0,1.0,A01
201400024330,0,37,19,0.0,0.0,1.0,0.0,A01
201400024330,0,1,0,0.0,2.0,0.0,1.0,B01
201400024331,0,7,0,0.0,2.0,4.0,2.0,C01
201400024331,0,7,0,0.0,2.0,1.0,1.0,A01
201400024331,0,7,0,0.0,2.0,1.0,2.0,B01
201400024332,0,7,0,0.0,2.0,5.0,15.0,A01
201400024332,0,2,0,0.0,2.0,1.0,1.0,B01
201400024333,0,10,0,0.0,1.0,1.0,1.0,A01
201400024334,0,7,0,0.0,2.0,5.0,15.0,A01
201400024334,0,30,0,0.0,2.0,1.0,1.0,B01
201400024335,0,7,0,0.0,2.0,3.0,15.0,A01
201400024335,0,1,0,0.0,2.0,1.0,1.0,B01
201400024336,0,7,0,0.0,2.0,1.0,2.0,A01
201400024336,0,7,0,0.0,2.0,1.0,2.0,B01
201400024336,0,7,0,0.0,2.0,1.0,2.0,C01
201400024336,0,7,0,0.0,0.0,4.0,1.0,D01
201400024337,1,7,0,0.0,1.0,0.0,1.0,Z01
201400024338,0,7,0,0.0,2.0,3.0,1.0,A01
201400024338,0,31,0,0.0,2.0,2.0,1.0,B01
201400024339,0,10,0,0.0,1.0,2.0,1.0,A01
201400024340,0,7,0,0.0,1.0,1.0,1.0,A01
201400024341,0,31,0,0.0,2.0,1.0,1.0,B01
201400024341,0,7,0,0.0,2.0,6.0,1.0,A01
201400024342,0,10,0,0.0,0.0,5.0,10.0,A01
201400024342,0,31,0,0.0,2.0,1.0,1.0,B01
201400024343,0,7,0,0.0,0.0,4.0,23.0,B01
201400024343,0,2,0,0.0,2.0,1.0,1.0,A01
201400024344,0,30,0,0.0,0.0,0.0,0.0,A01
201400024345,0,7,0,2.0,0.0,2.0,1.0,A01
201400024346,0,7,0,0.0,2.0,0.0,1.0,Z01
201400024346,0,7,0,0.0,2.0,7.0,1.0,B01
201400024347,0,7,0,0.0,2.0,2.0,2.0,A01
201400024347,0,30,0,0.0,0.0,4.0,1.0,B01
201400024348,0,7,0,0.0,2.0,1.0,2.0,A01
201400024348,0,7,0,0.0,2.0,4.0,2.0,B01
201400024348,0,7,0,0.0,0.0,4.0,1.0,C01
201400024349,0,2,0,0.0,2.0,1.0,1.0,B01
201400024349,0,7,0,0.0,2.0,5.0,1.0,A01
201400024350,0,33,0,0.0,2.0,7.0,17.0,A01
201400024350,0,7,0,0.0,2.0,7.0,15.0,B01
201400024351,0,2,0,0.0,2.0,0.0,17.0,B01
201400024351,0,7,0,0.0,2.0,8.0,15.0,A01
201400024352,0,7,0,0.0,2.0,1.0,1.0,A01
201400024352,0,7,0,1.0,0.0,3.0,1.0,B01
201400024353,0,38,1,0.0,2.0,3.0,15.0,B01
201400024353,0,7,0,0.0,2.0,3.0,1.0,A01
201400024354,0,7,0,0.0,0.0,4.0,1.0,B01
201400024354,0,31,0,0.0,2.0,1.0,2.0,A01
201400024355,0,7,0,0.0,2.0,7.0,15.0,B01
201400024355,0,7,0,15.0,2.0,3.0,17.0,A01
201400024356,0,33,0,12.0,0.0,9.0,13.0,A01
201400024357,0,1,0,0.0,1.0,1.0,1.0,A01
201400024358,0,1,0,0.0,2.0,3.0,5.0,B01
201400024358,0,7,0,0.0,2.0,2.0,1.0,A01
201400024359,0,33,0,0.0,2.0,7.0,1.0,A01
201400024359,0,10,0,0.0,2.0,3.0,1.0,B01
201400024360,0,7,0,0.0,2.0,3.0,1.0,B01
201400024360,0,2,0,0.0,2.0,1.0,1.0,A01
201400024361,0,1,0,0.0,2.0,0.0,19.0,B01
201400024361,0,37,1,0.0,2.0,7.0,1.0,A01
201400024362,0,7,0,0.0,2.0,8.0,15.0,A01
201400024362,0,33,0,0.0,2.0,2.0,17.0,B01
201400024363,0,7,0,0.0,2.0,1.0,1.0,B01
201400024363,0,7,0,0.0,2.0,2.0,1.0,C01
201400024363,0,7,0,0.0,2.0,1.0,11.0,A01
201400024364,0,7,0,0.0,2.0,1.0,15.0,A01
201400024364,0,7,0,0.0,2.0,1.0,21.0,B01
201400024364,0,10,0,0.0,2.0,0.0,1.0,C01
201400024365,0,7,0,0.0,2.0,3.0,15.0,A01
201400024365,0,1,0,0.0,2.0,2.0,1.0,B01
201400024366,0,33,0,0.0,2.0,1.0,1.0,B01
201400024366,0,7,0,0.0,2.0,3.0,1.0,A01
201400024367,0,10,0,0.0,2.0,1.0,9.0,A01
201400024367,0,1,0,0.0,0.0,7.0,1.0,B01
201400024368,0,7,0,0.0,2.0,1.0,1.0,A01
201400024368,0,7,0,0.0,0.0,8.0,1.0,B01
201400024369,0,30,0,0.0,0.0,0.0,1.0,B01
201400024369,0,7,0,0.0,0.0,0.0,20.0,A01
201400024370,0,7,0,0.0,2.0,1.0,13.0,A01
201400024370,0,7,0,0.0,2.0,1.0,1.0,B01
201400024371,0,7,0,0.0,2.0,1.0,15.0,A01
201400024371,0,1,0,0.0,2.0,1.0,1.0,B01
201400024372,0,7,0,1.0,2.0,2.0,1.0,A01
201400024372,0,7,0,0.0,2.0,1.0,1.0,B01
201400024373,0,7,0,0.0,2.0,2.0,1.0,A01
201400024373,0,1,0,0.0,2.0,0.0,1.0,B01
201400024374,0,2,0,0.0,0.0,0.0,1.0,A01
201400024375,0,7,0,0.0,2.0,2.0,1.0,A01
201400024375,0,7,0,0.0,2.0,3.0,1.0,B01