Num_Acc,senc,catv,occutc,obs,obsm,choc,manv,num_veh
201400024376,1,7,0,0.0,1.0,0.0,1.0,Z01
201400024377,0,10,0,0.0,2.0,4.0,10.0,A01
201400024377,0,1,0,0.0,0.0,1.0,1.0,B01
201400024378,0,7,0,0.0,2.0,8.0,1.0,B01
201400024378,0,7,0,0.0,2.0,1.0,1.0,A01
201400024379,0,7,0,0.0,2.0,8.0,10.0,A01
201400024379,0,33,0,0.0,2.0,1.0,1.0,B01
201400024380,0,7,0,0.0,2.0,1.0,1.0,B01
201400024380,0,30,0,0.0,0.0,1.0,1.0,A01
201400024381,0,1,0,0.0,2.0,2.0,1.0,A01
201400024381,0,10,0,0.0,2.0,1.0,1.0,B01
201400024382,0,33,0,6.0,0.0,7.0,18.0,A01
201400024382,0,7,0,0.0,0.0,0.0,16.0,B01
201400024383,0,33,0,0.0,1.0,2.0,1.0,A01
201400024384,0,7,0,0.0,0.0,7.0,15.0,A01
201400024384,0,33,0,0.0,2.0,1.0,1.0,B01
201400024385,0,30,0,0.0,0.0,7.0,23.0,A01
201400024386,0,7,0,0.0,1.0,2.0,15.0,A01
201400024387,0,33,0,0.0,2.0,8.0,2.0,B01
201400024387,0,7,0,0.0,2.0,6.0,1.0,A01
201400024388,0,7,0,0.0,0.0,0.0,15.0,A01
201400024388,0,33,0,0.0,0.0,8.0,1.0,B01
201400024389,0,10,0,0.0,2.0,1.0,15.0,A01
201400024389,0,1,0,0.0,2.0,1.0,1.0,B01
201400024390,0,10,0,0.0,2.0,2.0,15.0,B01
201400024390,0,7,0,0.0,2.0,1.0,1.0,A01
201400024391,0,7,0,1.0,0.0,1.0,1.0,A01
201400024392,0,31,0,0.0,2.0,3.0,2.0,A01
201400024392,0,34,0,0.0,0.0,7.0,1.0,B01
201400024393,0,7,0,0.0,1.0,1.0,1.0,A01
201400024394,0,7,0,0.0,0.0,6.0,1.0,A01
201400024394,0,7,0,0.0,2.0,1.0,1.0,B01
201400024395,0,7,0,0.0,1.0,3.0,1.0,A01
201400024396,0,7,0,1.0,0.0,2.0,1.0,A01
201400024397,0,7,0,0.0,2.0,2.0,1.0,A01
201400024397,0,7,0,0.0,0.0,3.0,1.0,B01
201400024398,0,7,0,0.0,1.0,2.0,15.0,A01
201400024399,0,7,0,0.0,0.0,6.0,1.0,B01
201400024399,0,7,0,0.0,2.0,2.0,2.0,A01
201400024400,0,7,0,0.0,1.0,1.0,15.0,A01
201400024401,0,33,0,1.0,0.0,1.0,1.0,A01
201400024402,0,7,0,0.0,2.0,4.0,1.0,C01
201400024402,0,7,0,0.0,2.0,4.0,2.0,B01
201400024402,0,7,0,0.0,2.0,1.0,2.0,A01
201400024403,0,7,0,0.0,2.0,1.0,21.0,A01
201400024403,0,7,0,0.0,0.0,4.0,1.0,B01
201400024404,0,2,0,0.0,2.0,1.0,1.0,A01
201400024404,0,7,0,0.0,0.0,2.0,16.0,B01
201400024405,0,7,0,0.0,0.0,0.0,23.0,C01
201400024405,0,7,0,0.0,0.0,5.0,23.0,B01
201400024405,0,33,0,0.0,2.0,1.0,1.0,A01
201400024406,0,7,0,0.0,2.0,1.0,1.0,A01
201400024406,0,7,0,0.0,2.0,1.0,1.0,B01
201400024407,0,7,0,8.0,0.0,1.0,1.0,A01
201400024408,0,7,0,0.0,2.0,7.0,17.0,A01
201400024408,0,2,0,0.0,2.0,3.0,15.0,B01
201400024409,0,7,0,0.0,2.0,2.0,15.0,A01
201400024409,0,1,0,0.0,2.0,0.0,1.0,B01
201400024410,0,7,0,1.0,0.0,3.0,1.0,A01
201400024411,0,7,0,0.0,0.0,4.0,15.0,A01
201400024411,0,7,0,0.0,2.0,3.0,2.0,B01
201400024411,0,10,0,0.0,2.0,1.0,2.0,C01
201400024412,0,33,0,0.0,2.0,8.0,0.0,A01
201400024412,0,7,0,0.0,0.0,6.0,0.0,B01
201400024413,0,7,0,0.0,0.0,2.0,15.0,A01
201400024413,0,7,0,0.0,2.0,1.0,1.0,B01
201400024414,0,7,0,0.0,2.0,2.0,2.0,A01
201400024414,0,7,0,0.0,0.0,6.0,1.0,B01
201400024415,0,31,0,0.0,2.0,7.0,15.0,A01
201400024415,0,7,0,0.0,2.0,1.0,15.0,B01
201400024416,0,7,0,0.0,0.0,3.0,9.0,A01
201400024416,0,31,0,0.0,2.0,2.0,1.0,B01
201400024417,0,14,0,0.0,0.0,7.0,16.0,A01
201400024417,0,31,0,0.0,2.0,3.0,1.0,B01
201400024418,0,7,0,0.0,0.0,2.0,15.0,A01
201400024418,0,7,0,0.0,2.0,3.0,1.0,B01
201400024419,0,7,0,0.0,2.0,2.0,2.0,B01
201400024419,0,1,0,0.0,0.0,4.0,1.0,A01
201400024420,0,37,15,0.0,2.0,1.0,1.0,A01
201400024420,0,1,0,0.0,0.0,8.0,15.0,B01
201400024421,0,7,0,0.0,2.0,3.0,1.0,A01
201400024421,0,7,0,0.0,2.0,6.0,1.0,B01
201400024422,0,33,0,0.0,2.0,3.0,7.0,A01
201400024422,0,7,0,0.0,2.0,2.0,16.0,B01
201400024423,0,7,0,0.0,1.0,4.0,4.0,A01
201400024424,0,7,0,0.0,2.0,4.0,2.0,B01
201400024424,0,7,0,0.0,0.0,4.0,1.0,C01
201400024424,0,7,0,0.0,2.0,1.0,2.0,A01
201400024425,0,7,0,0.0,2.0,1.0,1.0,A01
201400024425,0,7,0,0.0,0.0,4.0,23.0,B01
201400024426,0,40,0,0.0,1.0,1.0,1.0,A01
201400024427,0,31,0,0.0,0.0,7.0,1.0,A01
201400024428,0,7,0,1.0,0.0,2.0,1.0,A01
201400024429,0,7,0,0.0,0.0,2.0,15.0,A01
201400024429,0,33,0,0.0,2.0,8.0,1.0,B01
201400024430,0,7,0,0.0,1.0,3.0,1.0,A01
201400024431,0,33,0,0.0,2.0,1.0,1.0,A01
201400024431,0,15,0,0.0,0.0,2.0,16.0,B01
201400024432,0,10,0,0.0,0.0,6.0,10.0,A01
201400024432,0,31,0,0.0,2.0,1.0,1.0,B01
201400024433,0,7,0,0.0,2.0,1.0,1.0,B01
201400024433,0,10,0,0.0,0.0,8.0,10.0,A01
201400024434,0,33,0,0.0,2.0,1.0,1.0,A01
201400024434,0,7,0,0.0,0.0,7.0,16.0,B01
201400024435,0,2,0,0.0,0.0,1.0,5.0,A01
201400024435,0,7,0,0.0,2.0,7.0,1.0,B01
201400024436,0,1,0,0.0,2.0,1.0,5.0,A01
201400024436,0,7,0,0.0,0.0,7.0,1.0,B01
201400024437,0,1,0,0.0,0.0,0.0,1.0,A01
201400024438,0,7,0,0.0,2.0,1.0,10.0,B01
201400024438,0,7,0,0.0,2.0,5.0,15.0,A01
201400024439,0,7,0,0.0,0.0,4.0,23.0,C01
201400024439,0,7,0,0.0,2.0,1.0,1.0,A01
201400024439,0,7,0,0.0,2.0,1.0,23.0,B01
201400024440,0,3,0,0.0,1.0,1.0,1.0,A01
201400024441,0,7,0,0.0,2.0,4.0,23.0,B01
201400024441,0,7,0,0.0,0.0,4.0,23.0,C01
201400024441,0,7,0,0.0,2.0,1.0,1.0,A01
201400024442,0,7,0,0.0,0.0,4.0,23.0,B01
201400024442,0,7,0,0.0,2.0,1.0,1.0,A01
201400024443,0,7,0,0.0,1.0,2.0,1.0,A01
201400024444,0,10,0,0.0,2.0,7.0,15.0,A01
201400024444,0,33,0,0.0,2.0,1.0,1.0,B01
201400024445,0,33,0,0.0,2.0,1.0,1.0,B01
201400024445,0,7,0,0.0,0.0,7.0,16.0,A01
201400024446,0,7,0,0.0,0.0,5.0,23.0,B01
201400024446,0,2,0,0.0,2.0,1.0,1.0,A01
201400024447,0,7,0,0.0,2.0,5.0,16.0,B01
201400024447,0,1,0,1.0,0.0,0.0,1.0,A01
201400024448,0,7,0,0.0,0.0,8.0,15.0,A01
201400024448,0,33,0,0.0,2.0,2.0,17.0,B01
201400024449,0,2,0,0.0,2.0,8.0,1.0,B01
201400024449,0,7,0,0.0,2.0,5.0,15.0,A01
201400024450,0,2,0,1.0,0.0,2.0,1.0,A01
201400024451,0,7,0,0.0,2.0,1.0,15.0,A01
201400024451,0,33,0,0.0,2.0,8.0,1.0,B01
201400024452,0,1,0,0.0,1.0,7.0,1.0,A01
201400024453,0,1,0,0.0,2.0,0.0,1.0,A01
201400024453,0,7,0,0.0,0.0,1.0,1.0,B01
201400024454,0,7,0,0.0,1.0,8.0,1.0,A01
201400024455,0,10,0,0.0,0.0,5.0,4.0,A01
201400024455,0,7,0,0.0,2.0,1.0,1.0,B01
201400024456,0,7,0,0.0,0.0,8.0,15.0,B01
201400024456,0,33,0,0.0,2.0,2.0,1.0,A01
201400024457,0,7,0,0.0,2.0,3.0,9.0,A01
201400024457,0,2,0,0.0,0.0,7.0,16.0,B01
201400024458,0,7,0,0.0,1.0,2.0,1.0,A01
201400024459,0,2,0,0.0,0.0,4.0,20.0,B01
201400024459,0,2,0,0.0,2.0,8.0,1.0,A01
201400024460,0,2,0,0.0,2.0,3.0,15.0,A01
201400024460,0,7,0,1.0,0.0,6.0,1.0,B01
201400024461,0,7,0,0.0,2.0,3.0,1.0,A01
201400024461,0,7,0,0.0,2.0,3.0,1.0,B01
201400024462,0,7,0,0.0,1.0,1.0,1.0,A01
201400024463,1,7,0,0.0,2.0,0.0,1.0,Z01
201400024463,0,33,0,0.0,0.0,7.0,1.0,A01
201400024464,0,1,0,0.0,0.0,8.0,1.0,A01
201400024464,0,7,0,0.0,2.0,1.0,1.0,B01
201400024465,0,33,0,0.0,2.0,1.0,1.0,A01
201400024465,0,7,0,0.0,0.0,8.0,1.0,B01
201400024466,0,7,0,0.0,0.0,7.0,1.0,A01
201400024466,0,1,0,0.0,2.0,1.0,13.0,B01
201400024467,0,7,0,0.0,0.0,2.0,16.0,B01
201400024467,0,2,0,0.0,2.0,1.0,1.0,A01
201400024468,0,7,0,0.0,2.0,2.0,15.0,A01
201400024468,0,2,0,0.0,2.0,2.0,1.0,B01
201400024469,0,7,0,0.0,0.0,4.0,1.0,B01
201400024469,0,7,0,12.0,2.0,1.0,1.0,A01
201400024470,0,7,0,0.0,0.0,0.0,1.0,A01
201400024470,0,31,0,0.0,0.0,0.0,1.0,B01
201400024471,0,7,0,0.0,0.0,4.0,23.0,D01
201400024471,0,2,0,0.0,2.0,4.0,23.0,C01
201400024471,0,10,0,0.0,2.0,1.0,2.0,A01
201400024471,0,7,0,0.0,2.0,4.0,23.0,B01
201400024472,0,7,0,0.0,2.0,1.0,13.0,A01
201400024472,0,7,0,0.0,0.0,1.0,1.0,B01
201400024473,0,7,0,0.0,2.0,2.0,1.0,A01
201400024473,0,7,0,6.0,2.0,3.0,1.0,B01
201400024474,0,7,0,0.0,0.0,2.0,1.0,A01
201400024474,0,31,0,1.0,2.0,3.0,19.0,B01
201400024475,0,1,0,0.0,4.0,0.0,19.0,B01
201400024475,0,15,0,0.0,0.0,7.0,16.0,A01
201400024476,0,10,0,0.0,2.0,1.0,1.0,A01
201400024476,0,1,0,0.0,0.0,4.0,1.0,B01
201400024477,0,7,0,0.0,0.0,3.0,9.0,A01
201400024477,0,32,0,0.0,2.0,1.0,1.0,B01
201400024478,0,7,0,1.0,0.0,1.0,1.0,A01
201400024479,0,33,0,0.0,0.0,7.0,1.0,A01
201400024480,0,7,0,0.0,0.0,7.0,15.0,A01
201400024480,0,7,0,0.0,2.0,2.0,1.0,B01
201400024481,0,7,0,0.0,2.0,1.0,1.0,A01
201400024481,0,7,0,0.0,0.0,4.0,23.0,B01
201400024482,0,30,0,0.0,2.0,0.0,1.0,B01
201400024482,0,7,0,0.0,2.0,0.0,0.0,Z01
201400024483,0,7,0,0.0,1.0,2.0,1.0,A01
201400024484,0,7,0,13.0,0.0,3.0,16.0,A01
201400024485,0,1,0,0.0,0.0,1.0,19.0,B01
201400024485,1,7,0,0.0,2.0,1.0,1.0,Z01
201400024486,0,33,0,0.0,2.0,7.0,1.0,A01
201400024486,0,7,0,0.0,2.0,7.0,10.0,B01
201400024487,0,7,0,0.0,1.0,1.0,16.0,A01
201400024488,0,7,0,0.0,1.0,1.0,16.0,A01
201400024489,0,7,0,0.0,2.0,1.0,1.0,B01
201400024489,0,7,0,0.0,0.0,7.0,15.0,A01
201400024490,0,1,0,0.0,2.0,1.0,1.0,B01
201400024490,0,7,0,0.0,2.0,2.0,16.0,A01
201400024491,0,1,0,0.0,2.0,1.0,0.0,B01
201400024491,0,7,0,0.0,9.0,2.0,0.0,A01
201400024492,0,7,0,0.0,2.0,3.0,1.0,A01
201400024492,0,1,0,0.0,2.0,2.0,2.0,B01
201400024493,0,2,0,0.0,2.0,8.0,1.0,B01
201400024493,0,7,0,0.0,0.0,1.0,1.0,A01
201400024494,0,7,0,0.0,2.0,3.0,1.0,B01
201400024494,0,7,0,0.0,2.0,3.0,15.0,A01
201400024495,0,7,0,0.0,2.0,2.0,2.0,A01
201400024495,0,33,0,0.0,0.0,2.0,2.0,B01
201400024496,0,7,0,0.0,1.0,1.0,15.0,A01
201400024497,0,7,0,0.0,2.0,7.0,24.0,B01
201400024497,2,7,0,0.0,0.0,0.0,1.0,Z01
201400024498,0,1,0,0.0,1.0,0.0,1.0,A01
201400024499,0,7,0,0.0,2.0,7.0,1.0,A01
201400024499,0,2,0,0.0,2.0,1.0,1.0,B01
201400024500,0,7,0,0.0,2.0,2.0,15.0,A01
201400024500,0,1,0,0.0,2.0,1.0,1.0,B01
201400024501,0,10,0,0.0,1.0,4.0,20.0,A01
201400024502,0,7,0,0.0,2.0,2.0,16.0,A01
201400024502,0,30,0,0.0,2.0,6.0,1.0,B01
201400024503,0,7,0,0.0,2.0,1.0,1.0,B01
201400024503,0,7,0,14.0,2.0,2.0,15.0,A01
201400024504,1,7,0,0.0,1.0,0.0,2.0,Z01
201400024505,0,7,0,0.0,2.0,6.0,1.0,A01
201400024505,0,7,0,8.0,2.0,1.0,1.0,B01
201400024506,0,30,0,11.0,0.0,1.0,1.0,A01
201400024507,0,10,0,0.0,1.0,1.0,16.0,A01
201400024508,0,7,0,0.0,2.0,3.0,1.0,A01
201400024508,0,2,0,0.0,2.0,1.0,1.0,B01
201400024509,0,7,0,0.0,2.0,3.0,1.0,A01
201400024509,0,7,0,0.0,0.0,7.0,15.0,B01
201400024510,0,7,0,0.0,2.0,1.0,0.0,A01
201400024510,0,33,0,0.0,2.0,1.0,1.0,B01
201400024511,0,7,0,0.0,1.0,2.0,0.0,A01
201400024512,0,33,0,0.0,2.0,9.0,17.0,B01
201400024512,0,7,0,0.0,0.0,3.0,10.0,A01
201400024513,0,7,0,1.0,0.0,7.0,16.0,A01
201400024513,0,2,0,0.0,0.0,0.0,1.0,B01
201400024514,0,34,0,0.0,0.0,4.0,2.0,B01
201400024514,0,10,0,14.0,0.0,1.0,2.0,A01
201400024515,0,1,0,0.0,2.0,1.0,1.0,B01
201400024515,0,7,0,0.0,2.0,2.0,16.0,A01
201400024516,0,30,0,0.0,2.0,8.0,13.0,A01
201400024516,0,1,0,0.0,2.0,1.0,1.0,B01
201400024517,0,10,0,0.0,2.0,1.0,16.0,B01
201400024517,0,1,0,0.0,2.0,7.0,19.0,A01
201400024518,0,10,0,0.0,0.0,8.0,10.0,A01
201400024518,0,2,0,0.0,2.0,1.0,17.0,B01
201400024519,0,1,0,0.0,0.0,0.0,1.0,C01
201400024519,1,7,0,0.0,1.0,0.0,2.0,Z01
201400024519,0,2,0,0.0,2.0,4.0,1.0,B01
201400024520,0,7,0,0.0,1.0,1.0,1.0,A01
201400024521,0,7,0,0.0,2.0,2.0,16.0,A01
201400024521,0,1,0,0.0,2.0,1.0,2.0,B01
201400024522,0,1,0,0.0,2.0,1.0,2.0,A01
201400024522,0,10,0,0.0,2.0,3.0,1.0,B01
201400024523,0,7,0,0.0,2.0,3.0,1.0,B01
201400024523,0,2,0,0.0,2.0,2.0,1.0,A01
201400024524,0,7,0,0.0,0.0,4.0,1.0,A01
201400024524,0,2,0,0.0,2.0,7.0,2.0,B01
201400024525,0,2,0,0.0,0.0,7.0,1.0,C01
201400024525,0,7,0,0.0,2.0,2.0,1.0,A01
201400024525,0,10,0,0.0,0.0,8.0,1.0,B01
201400024526,0,7,0,0.0,1.0,2.0,1.0,A01
201400024527,0,32,0,0.0,2.0,1.0,1.0,B01
201400024527,0,7,0,0.0,2.0,8.0,15.0,A01
201400024528,0,31,0,0.0,2.0,1.0,1.0,B01
201400024528,0,10,0,0.0,0.0,1.0,15.0,A01
201400024529,2,30,0,0.0,2.0,7.0,1.0,Z01
201400024529,0,33,0,0.0,2.0,8.0,1.0,B01
201400024530,0,7,0,0.0,0.0,4.0,1.0,B01
201400024530,0,10,0,0.0,2.0,1.0,2.0,A01
201400024531,0,1,0,0.0,2.0,2.0,1.0,A01
201400024531,0,10,0,0.0,2.0,3.0,16.0,B01
201400024532,0,33,0,1.0,0.0,1.0,1.0,A01
201400024532,0,7,0,0.0,2.0,1.0,23.0,B01
201400024533,0,7,0,0.0,2.0,1.0,1.0,B01
201400024533,0,1,0,0.0,0.0,7.0,1.0,A01
201400024534,0,33,0,0.0,2.0,1.0,1.0,B01
201400024534,0,7,0,0.0,0.0,3.0,15.0,A01
201400024535,0,7,0,0.0,2.0,1.0,15.0,A01
201400024535,0,33,0,0.0,2.0,1.0,1.0,B01
201400024536,0,2,0,0.0,9.0,2.0,1.0,B01
201400024536,0,1,0,0.0,0.0,8.0,9.0,A01
201400024537,0,1,0,0.0,2.0,1.0,1.0,B01
201400024537,0,7,0,0.0,0.0,7.0,15.0,A01
201400024538,0,2,0,0.0,2.0,1.0,14.0,B01
201400024538,0,7,0,0.0,2.0,1.0,15.0,A01
201400024539,0,7,0,0.0,2.0,8.0,15.0,A01
201400024539,1,7,0,0.0,2.0,4.0,4.0,Z01
201400024540,0,2,0,0.0,0.0,7.0,1.0,A01
201400024540,1,7,0,0.0,0.0,0.0,0.0,Z01
201400024541,0,7,0,0.0,0.0,7.0,10.0,A01
201400024541,0,33,0,0.0,2.0,8.0,1.0,B01
201400024542,0,3,0,0.0,2.0,2.0,15.0,A01
201400024542,0,30,0,0.0,2.0,1.0,1.0,B01
201400024543,0,7,0,0.0,2.0,1.0,1.0,A01
201400024543,0,7,0,0.0,0.0,7.0,15.0,B01
201400024543,0,33,0,0.0,2.0,1.0,2.0,C01
201400024544,0,7,0,0.0,2.0,1.0,0.0,A01
201400024544,0,1,0,0.0,2.0,1.0,1.0,B01
201400024545,0,7,0,0.0,1.0,2.0,1.0,A01
201400024546,0,7,0,0.0,2.0,1.0,15.0,A01
201400024546,0,7,0,0.0,0.0,8.0,1.0,B01
201400024547,0,7,0,0.0,2.0,3.0,9.0,A01
201400024547,0,33,0,0.0,2.0,1.0,1.0,B01
201400024548,0,7,0,0.0,0.0,8.0,15.0,B01
201400024548,0,31,0,0.0,2.0,1.0,17.0,A01
201400024549,0,33,0,0.0,2.0,1.0,1.0,B01
201400024549,0,7,0,0.0,2.0,3.0,15.0,A01
201400024550,0,37,1,0.0,1.0,7.0,1.0,A01
201400024551,0,7,0,0.0,2.0,3.0,15.0,A01
201400024551,0,2,0,0.0,2.0,1.0,1.0,B01
201400024552,0,33,0,1.0,2.0,1.0,17.0,B01
201400024552,0,10,0,0.0,2.0,8.0,15.0,A01
201400024553,0,33,0,1.0,2.0,1.0,1.0,A01
201400024553,0,10,0,0.0,2.0,4.0,2.0,B01
201400024554,0,10,0,0.0,1.0,1.0,1.0,A01
201400024555,0,7,0,0.0,0.0,6.0,10.0,A01
201400024555,0,32,0,0.0,2.0,1.0,17.0,B01
201400024556,0,1,0,0.0,0.0,0.0,19.0,B01
201400024556,0,7,0,0.0,2.0,1.0,1.0,A01
201400024557,0,1,0,0.0,2.0,1.0,1.0,A01
201400024557,0,7,0,0.0,0.0,4.0,23.0,B01
201400024558,0,7,0,0.0,1.0,3.0,1.0,A01
201400024559,0,2,0,0.0,2.0,1.0,1.0,A01
201400024559,0,33,0,0.0,2.0,1.0,1.0,B01
201400024560,0,31,0,0.0,0.0,8.0,1.0,A01
201400024561,0,1,0,0.0,2.0,3.0,1.0,B01
201400024561,0,7,0,0.0,2.0,1.0,15.0,A01
201400024562,0,7,0,0.0,2.0,0.0,1.0,A01
201400024562,0,7,0,0.0,0.0,8.0,1.0,B01
201400024563,0,33,0,0.0,2.0,1.0,1.0,B01
201400024563,0,7,0,0.0,2.0,1.0,15.0,A01
201400024564,0,7,0,0.0,2.0,7.0,9.0,A01
201400024564,0,31,0,0.0,2.0,8.0,9.0,B01
201400024565,0,2,0,0.0,2.0,1.0,2.0,B01
201400024565,0,7,0,0.0,0.0,5.0,15.0,A01
201400024566,0,7,0,0.0,1.0,2.0,15.0,A01
201400024567,0,7,0,0.0,2.0,3.0,15.0,A01
201400024567,0,2,0,0.0,2.0,1.0,1.0,B01
201400024568,0,7,0,0.0,0.0,7.0,1.0,B01
201400024568,0,1,0,0.0,2.0,1.0,1.0,A01
201400024569,0,7,0,0.0,2.0,1.0,21.0,A01
201400024569,0,33,0,0.0,2.0,8.0,1.0,B01
201400024570,0,7,0,0.0,2.0,1.0,2.0,A01
201400024570,0,7,0,0.0,0.0,4.0,16.0,B01
201400024571,0,7,0,0.0,2.0,3.0,24.0,A01
201400024571,0,1,0,1.0,0.0,2.0,0.0,B01
201400024572,0,7,0,0.0,1.0,2.0,1.0,A01
201400024573,0,32,0,0.0,1.0,2.0,1.0,A01
201400024574,0,7,0,0.0,2.0,1.0,1.0,A01
201400024574,0,1,0,0.0,0.0,0.0,0.0,B01
201400024575,0,7,0,1.0,0.0,1.0,14.0,A01
201400024576,0,7,0,0.0,0.0,4.0,23.0,B01
201400024576,0,7,0,0.0,2.0,1.0,1.0,A01
201400024577,0,33,0,0.0,2.0,1.0,1.0,A01
201400024577,0,7,0,0.0,0.0,7.0,15.0,B01
201400024578,0,7,0,0.0,2.0,1.0,2.0,A01
201400024578,0,7,0,0.0,0.0,4.0,1.0,B01
201400024579,0,2,0,0.0,2.0,8.0,1.0,B01
201400024579,0,7,0,0.0,2.0,1.0,1.0,A01
201400024580,0,7,0,0.0,2.0,2.0,16.0,Z01
201400024580,0,1,0,0.0,2.0,1.0,1.0,B01
201400024581,0,7,0,1.0,0.0,1.0,1.0,A01
201400024582,0,7,0,0.0,0.0,2.0,1.0,A01
201400024582,0,33,0,0.0,2.0,8.0,1.0,B01
201400024583,0,1,0,0.0,2.0,0.0,1.0,A01
201400024583,1,7,0,0.0,2.0,8.0,22.0,Z01
201400024584,0,1,0,0.0,1.0,1.0,15.0,A01
201400024585,0,7,0,0.0,0.0,1.0,15.0,A01
201400024585,0,7,0,0.0,2.0,1.0,1.0,B01
201400024586,0,7,0,0.0,2.0,7.0,2.0,A01
201400024586,0,33,0,0.0,2.0,1.0,17.0,B01
201400024587,0,30,0,0.0,2.0,1.0,1.0,B01
201400024587,0,7,0,0.0,0.0,3.0,1.0,A01
201400024588,0,7,0,0.0,2.0,1.0,1.0,A01
201400024588,0,7,0,0.0,0.0,1.0,1.0,B01
201400024588,0,7,0,0.0,0.0,4.0,1.0,C01
201400024589,0,7,0,0.0,0.0,6.0,1.0,C01
201400024589,0,7,0,0.0,2.0,1.0,2.0,A01
201400024589,0,10,0,0.0,0.0,3.0,1.0,B01
201400024590,0,1,0,0.0,1.0,1.0,1.0,A01
201400024591,0,7,0,0.0,2.0,1.0,1.0,B01
201400024591,0,7,0,0.0,0.0,8.0,1.0,A01
201400024592,0,7,0,0.0,0.0,6.0,15.0,A01
201400024592,0,33,0,0.0,2.0,3.0,1.0,B01
201400024593,0,33,0,0.0,2.0,1.0,1.0,B01
201400024593,0,7,0,0.0,2.0,2.0,15.0,A01
201400024594,0,7,0,0.0,0.0,4.0,1.0,A01
201400024594,0,7,0,0.0,2.0,1.0,1.0,B01
201400024595,0,7,0,0.0,0.0,2.0,20.0,A01
201400024595,0,1,0,0.0,2.0,1.0,1.0,B01
201400024596,0,7,0,12.0,0.0,2.0,1.0,A01
201400024597,0,7,0,0.0,1.0,4.0,4.0,A01
201400024598,0,7,0,0.0,0.0,7.0,15.0,A01
201400024598,0,33,0,0.0,2.0,1.0,1.0,B01
201400024599,0,7,0,0.0,1.0,2.0,15.0,A01
201400024600,0,13,0,0.0,2.0,4.0,24.0,B01
201400024600,0,7,0,1.0,1.0,1.0,0.0,A01
201400024601,0,1,0,0.0,2.0,1.0,1.0,B01
201400024601,0,7,0,0.0,0.0,1.0,15.0,A01
201400024602,1,7,0,0.0,2.0,3.0,18.0,Z01
201400024602,0,7,0,0.0,0.0,8.0,1.0,A01
201400024602,0,1,0,0.0,2.0,2.0,13.0,B01
201400024603,0,40,0,0.0,2.0,2.0,1.0,A01
201400024603,0,7,0,0.0,2.0,3.0,0.0,B01
201400024604,0,1,0,0.0,2.0,2.0,19.0,B01
201400024604,0,7,0,0.0,0.0,3.0,1.0,A01
201400024605,0,7,0,0.0,0.0,7.0,15.0,A01
201400024605,0,14,0,0.0,2.0,2.0,1.0,B01
201400024606,0,7,0,0.0,2.0,3.0,16.0,A01
201400024606,0,33,0,0.0,0.0,7.0,1.0,B01
201400024607,0,7,0,0.0,1.0,1.0,1.0,A01
201400024608,0,31,0,0.0,0.0,8.0,1.0,A01
201400024608,0,7,0,0.0,0.0,0.0,15.0,B01
201400024609,0,7,0,0.0,0.0,8.0,1.0,B01
201400024609,0,1,0,0.0,2.0,4.0,1.0,A01
201400024610,0,7,0,0.0,1.0,1.0,1.0,A01
201400024611,0,7,0,0.0,1.0,4.0,23.0,B01
201400024611,0,7,0,0.0,2.0,1.0,2.0,A01
201400024612,0,37,1,0.0,2.0,3.0,1.0,A01
201400024612,0,1,0,0.0,2.0,6.0,19.0,B01
201400024613,0,7,0,0.0,0.0,8.0,10.0,A01
201400024613,0,33,0,0.0,2.0,1.0,1.0,B01
201400024614,0,1,0,0.0,0.0,1.0,0.0,A01
201400024615,0,1,0,0.0,0.0,5.0,1.0,A01
201400024615,0,10,0,0.0,2.0,1.0,1.0,B01
201400024616,0,30,0,0.0,2.0,2.0,18.0,A01
201400024616,0,7,0,0.0,2.0,7.0,16.0,B01
201400024617,0,7,0,0.0,1.0,3.0,1.0,A01
201400024618,0,7,0,0.0,0.0,8.0,1.0,A01
201400024618,0,40,150,0.0,2.0,1.0,1.0,B01
201400024619,0,1,0,0.0,2.0,0.0,0.0,B01
201400024619,0,7,0,0.0,2.0,0.0,0.0,A01
201400024620,0,7,0,0.0,2.0,1.0,15.0,A01
201400024620,0,1,0,0.0,0.0,8.0,19.0,B01
201400024621,0,7,0,0.0,2.0,1.0,9.0,A01
201400024621,0,37,3,0.0,0.0,1.0,1.0,B01
201400024622,0,37,1,0.0,1.0,3.0,0.0,A01
201400024623,0,7,0,0.0,2.0,2.0,15.0,A01
201400024623,0,7,0,0.0,2.0,1.0,1.0,B01
201400024624,0,7,0,0.0,0.0,2.0,1.0,B01
201400024624,0,10,0,0.0,2.0,1.0,1.0,A01
201400024625,0,7,0,0.0,2.0,1.0,1.0,A01
201400024625,0,7,0,0.0,2.0,1.0,1.0,B01
201400024625,0,7,0,0.0,0.0,4.0,23.0,C01
201400024626,0,1,0,0.0,2.0,7.0,0.0,B01
201400024626,0,7,0,0.0,2.0,3.0,15.0,A01
201400024627,0,7,0,0.0,2.0,1.0,1.0,A01
201400024627,0,7,0,0.0,2.0,1.0,1.0,B01
201400024628,1,7,0,0.0,0.0,7.0,15.0,A01
201400024628,0,33,0,0.0,2.0,0.0,1.0,B01
201400024629,0,1,0,0.0,0.0,3.0,1.0,B01
201400024629,0,7,0,0.0,2.0,2.0,16.0,A01
201400024630,0,10,0,0.0,2.0,1.0,1.0,A01
201400024630,0,1,0,0.0,0.0,4.0,1.0,B01
201400024631,0,1,0,0.0,2.0,1.0,1.0,A01