Num_Acc,senc,catv,occutc,obs,obsm,choc,manv,num_veh
201400024631,0,20,0,0.0,0.0,5.0,16.0,B01
201400024632,0,7,0,0.0,2.0,6.0,1.0,B01
201400024632,0,33,0,0.0,0.0,4.0,1.0,A01
201400024633,0,40,150,0.0,1.0,1.0,1.0,A01
201400024634,0,1,0,0.0,2.0,8.0,1.0,B01
201400024634,0,2,0,0.0,2.0,1.0,1.0,A01
201400024635,0,30,0,0.0,0.0,9.0,15.0,A01
201400024636,0,7,0,0.0,0.0,3.0,9.0,A01
201400024636,0,30,0,0.0,2.0,1.0,1.0,B01
201400024637,0,7,0,0.0,0.0,7.0,1.0,A01
201400024637,0,13,0,0.0,2.0,1.0,1.0,B01
201400024638,0,7,0,0.0,0.0,0.0,1.0,A01
201400024638,0,31,0,0.0,0.0,8.0,15.0,B01
201400024639,0,20,0,0.0,2.0,1.0,2.0,A01
201400024639,0,7,0,0.0,2.0,4.0,2.0,B01
201400024639,0,7,0,0.0,0.0,4.0,1.0,C01
201400024640,0,7,0,0.0,2.0,3.0,1.0,B01
201400024640,0,2,0,0.0,2.0,1.0,1.0,A01
201400024641,0,30,0,0.0,2.0,5.0,1.0,A01
201400024641,0,10,0,0.0,2.0,3.0,12.0,B01
201400024642,0,7,0,14.0,1.0,1.0,1.0,A01
201400024643,0,1,0,0.0,1.0,1.0,1.0,A01
201400024644,0,7,0,8.0,0.0,1.0,1.0,A01
201400024645,0,1,0,0.0,1.0,0.0,1.0,A01
201400024646,0,10,0,0.0,2.0,2.0,15.0,A01
201400024646,0,30,0,0.0,2.0,1.0,1.0,B01
201400024647,0,10,0,9.0,0.0,1.0,1.0,A01
201400024648,0,34,0,0.0,2.0,1.0,1.0,A01
201400024648,0,7,0,0.0,0.0,3.0,9.0,B01
201400024649,0,34,0,0.0,2.0,3.0,21.0,A01
201400024650,0,30,0,0.0,2.0,8.0,1.0,B01
201400024650,0,7,0,0.0,2.0,1.0,1.0,A01
201400024651,0,7,0,0.0,2.0,1.0,2.0,A01
201400024651,0,7,0,0.0,2.0,4.0,0.0,B01
201400024652,0,2,0,0.0,2.0,1.0,0.0,A01
201400024652,0,7,0,0.0,2.0,2.0,0.0,B01
201400024653,0,7,0,0.0,2.0,1.0,1.0,A01
201400024653,0,7,0,0.0,0.0,8.0,1.0,B01
201400024654,0,7,0,0.0,2.0,1.0,1.0,A01
201400024654,0,7,0,0.0,0.0,4.0,23.0,B01
201400024655,0,7,0,2.0,0.0,2.0,1.0,A01
201400024656,0,7,0,0.0,2.0,7.0,10.0,A01
201400024656,0,10,0,0.0,2.0,1.0,1.0,B01
201400024657,0,17,0,0.0,0.0,4.0,1.0,B01
201400024657,0,7,0,0.0,2.0,1.0,1.0,A01
201400024658,0,7,0,0.0,2.0,4.0,2.0,C01
201400024658,0,7,0,0.0,2.0,1.0,2.0,A01
201400024658,0,7,0,0.0,2.0,4.0,2.0,B01
201400024659,0,7,0,0.0,1.0,8.0,1.0,A01
201400024660,0,33,0,0.0,2.0,2.0,0.0,A01
201400024660,0,7,0,0.0,2.0,4.0,0.0,B01
201400024661,0,2,0,0.0,1.0,2.0,1.0,A01
201400024662,0,33,0,0.0,2.0,3.0,0.0,A01
201400024662,0,7,0,0.0,2.0,3.0,1.0,B01
201400024663,0,2,0,0.0,0.0,4.0,23.0,A01
201400024663,1,7,0,0.0,2.0,0.0,1.0,Z01
201400024664,0,7,0,0.0,1.0,2.0,1.0,A01
201400024665,0,31,0,0.0,2.0,1.0,1.0,B01
201400024665,0,7,0,0.0,0.0,7.0,1.0,A01
201400024666,0,1,0,0.0,2.0,3.0,1.0,A01
201400024666,0,7,0,0.0,2.0,2.0,0.0,B01
201400024667,0,7,0,0.0,2.0,7.0,20.0,A01
201400024667,0,34,0,0.0,2.0,1.0,2.0,B01
201400024668,0,7,0,0.0,2.0,1.0,1.0,A01
201400024668,0,31,0,0.0,0.0,8.0,1.0,B01
201400024669,0,7,0,0.0,0.0,7.0,15.0,A01
201400024669,0,33,0,0.0,2.0,1.0,1.0,B01
201400024670,0,7,0,0.0,2.0,2.0,1.0,A01
201400024670,0,7,0,0.0,0.0,1.0,1.0,B01
201400024671,0,1,0,0.0,0.0,8.0,19.0,B01
201400024671,0,7,0,0.0,2.0,1.0,1.0,A01
201400024672,0,10,0,0.0,1.0,3.0,0.0,A01
201400024673,0,7,0,0.0,0.0,2.0,1.0,A01
201400024673,0,7,0,0.0,0.0,1.0,16.0,B01
201400024674,0,7,0,0.0,1.0,3.0,1.0,A01
201400024675,0,33,0,0.0,2.0,0.0,1.0,A01
201400024675,0,7,0,0.0,6.0,1.0,1.0,B01
201400024676,0,40,125,0.0,2.0,3.0,1.0,B01
201400024676,0,1,0,0.0,4.0,1.0,1.0,A01
201400024677,0,7,0,0.0,0.0,3.0,10.0,A01
201400024677,0,33,0,0.0,2.0,1.0,2.0,B01
201400024678,0,1,0,0.0,2.0,2.0,19.0,A01
201400024678,0,7,0,0.0,2.0,3.0,1.0,B01
201400024679,0,7,0,0.0,1.0,1.0,1.0,A01
201400024680,0,32,0,0.0,2.0,8.0,1.0,B01
201400024680,0,7,0,0.0,2.0,1.0,15.0,A01
201400024681,0,2,0,0.0,2.0,9.0,1.0,B01
201400024681,0,7,0,0.0,0.0,2.0,15.0,A01
201400024682,0,7,0,3.0,0.0,8.0,1.0,A01
201400024682,0,7,0,0.0,2.0,1.0,1.0,B01
201400024683,0,7,0,0.0,2.0,1.0,1.0,B01
201400024683,0,7,0,0.0,0.0,1.0,1.0,A01
201400024684,0,7,0,0.0,2.0,7.0,14.0,A01
201400024684,0,1,0,0.0,0.0,8.0,1.0,B01
201400024685,0,7,0,0.0,0.0,8.0,15.0,A01
201400024685,0,37,4,0.0,2.0,1.0,1.0,B01
201400024686,0,2,0,0.0,0.0,7.0,1.0,A01
201400024687,0,7,0,0.0,0.0,0.0,0.0,A01
201400024687,0,1,0,0.0,0.0,0.0,0.0,B01
201400024688,0,2,0,0.0,0.0,0.0,1.0,A01
201400024689,0,7,0,0.0,2.0,6.0,24.0,B01
201400024689,0,31,0,0.0,2.0,1.0,2.0,A01
201400024690,0,7,0,0.0,2.0,3.0,1.0,A01
201400024690,0,1,0,0.0,2.0,4.0,1.0,B01
201400024691,0,7,0,0.0,1.0,8.0,1.0,A01
201400024692,0,7,0,0.0,0.0,6.0,1.0,A01
201400024692,0,33,0,0.0,2.0,3.0,1.0,B01
201400024693,1,7,0,0.0,0.0,0.0,1.0,Z01
201400024693,0,33,0,1.0,0.0,7.0,21.0,A01
201400024694,0,2,0,0.0,2.0,1.0,2.0,B01
201400024694,0,7,0,0.0,2.0,8.0,16.0,A01
201400024695,0,1,0,0.0,1.0,1.0,5.0,A01
201400024696,0,31,0,0.0,2.0,3.0,1.0,B01
201400024696,0,7,0,0.0,2.0,8.0,15.0,A01
201400024697,0,7,0,0.0,2.0,1.0,1.0,A01
201400024697,0,99,0,0.0,0.0,8.0,1.0,B01
201400024698,0,2,0,0.0,2.0,8.0,1.0,A01
201400024698,2,7,0,0.0,2.0,3.0,0.0,Z01
201400024699,0,33,0,1.0,2.0,1.0,1.0,B01
201400024699,0,7,0,0.0,0.0,8.0,16.0,A01
201400024700,0,2,0,0.0,0.0,7.0,15.0,A01
201400024701,0,7,0,0.0,2.0,2.0,9.0,A01
201400024701,0,1,0,0.0,0.0,3.0,1.0,B01
201400024702,0,1,0,0.0,0.0,3.0,16.0,A01
201400024702,0,31,0,0.0,2.0,1.0,15.0,B01
201400024703,0,33,0,0.0,2.0,1.0,1.0,A01
201400024703,0,7,0,0.0,0.0,6.0,1.0,B01
201400024704,0,7,0,0.0,0.0,5.0,16.0,A01
201400024704,0,1,0,0.0,2.0,1.0,1.0,B01
201400024705,0,2,0,0.0,2.0,3.0,1.0,A01
201400024705,0,7,0,0.0,0.0,5.0,1.0,B01
201400024706,0,2,0,0.0,0.0,7.0,1.0,A01
201400024707,0,37,1,0.0,2.0,2.0,2.0,A01
201400024707,0,7,0,0.0,0.0,3.0,16.0,B01
201400024708,0,1,0,0.0,2.0,7.0,0.0,B01
201400024708,0,7,0,0.0,2.0,3.0,0.0,A01
201400024709,0,7,0,0.0,2.0,1.0,15.0,A01
201400024709,0,7,0,0.0,0.0,1.0,1.0,B01
201400024710,0,10,0,0.0,1.0,2.0,1.0,A01
201400024711,0,7,0,0.0,2.0,1.0,1.0,B01
201400024711,0,7,0,0.0,0.0,0.0,16.0,A01
201400024712,0,7,0,0.0,2.0,2.0,15.0,B01
201400024712,0,7,0,0.0,0.0,3.0,1.0,A01
201400024713,0,7,0,0.0,2.0,1.0,2.0,A01
201400024713,0,7,0,0.0,0.0,4.0,1.0,B01
201400024714,0,31,0,1.0,0.0,9.0,1.0,B01
201400024714,0,7,0,0.0,0.0,0.0,11.0,A01
201400024715,0,33,0,0.0,1.0,1.0,1.0,A01
201400024716,1,7,0,0.0,2.0,1.0,2.0,Z01
201400024716,0,7,0,0.0,2.0,4.0,2.0,B01
201400024717,0,37,1,0.0,1.0,7.0,1.0,A01
201400024718,0,7,0,0.0,0.0,4.0,1.0,C01
201400024718,0,7,0,0.0,2.0,1.0,2.0,A01
201400024718,0,7,0,0.0,2.0,4.0,2.0,B01
201400024719,0,10,0,0.0,1.0,0.0,1.0,A01
201400024720,0,7,0,0.0,2.0,1.0,15.0,A01
201400024720,0,7,0,0.0,0.0,8.0,15.0,B01
201400024721,0,7,0,0.0,2.0,5.0,1.0,A01
201400024721,0,30,0,0.0,2.0,1.0,1.0,B01
201400024722,0,7,0,0.0,2.0,1.0,1.0,B01
201400024722,0,7,0,0.0,2.0,1.0,15.0,A01
201400024723,0,10,0,0.0,2.0,1.0,15.0,A01
201400024723,0,33,0,0.0,2.0,9.0,1.0,B01
201400024724,0,1,0,0.0,2.0,1.0,1.0,B01
201400024724,0,7,0,0.0,2.0,1.0,1.0,A01
201400024725,0,7,0,0.0,0.0,5.0,15.0,A01
201400024725,0,33,0,0.0,2.0,3.0,1.0,B01
201400024726,0,14,0,0.0,2.0,0.0,16.0,A01
201400024726,0,1,0,0.0,0.0,2.0,16.0,B01
201400024727,0,10,0,0.0,1.0,2.0,16.0,A01
201400024728,0,10,0,0.0,1.0,3.0,1.0,A01
201400024729,0,7,0,0.0,2.0,1.0,1.0,B01
201400024729,0,7,0,0.0,2.0,1.0,15.0,A01
201400024730,0,33,0,11.0,0.0,1.0,1.0,A01
201400024731,1,10,0,0.0,1.0,0.0,1.0,Z01
201400024732,0,7,0,0.0,2.0,2.0,16.0,A01
201400024732,0,2,0,0.0,2.0,1.0,1.0,B01
201400024733,0,7,0,0.0,1.0,2.0,1.0,A01
201400024734,0,7,0,0.0,2.0,1.0,2.0,A01
201400024734,0,7,0,0.0,2.0,4.0,2.0,B01
201400024735,0,7,0,0.0,2.0,8.0,10.0,A01
201400024735,0,33,0,0.0,2.0,1.0,1.0,B01
201400024736,0,7,0,0.0,2.0,2.0,15.0,A01
201400024736,0,30,0,0.0,2.0,1.0,1.0,B01
201400024737,0,7,0,0.0,2.0,2.0,15.0,A01
201400024737,0,33,0,0.0,0.0,8.0,1.0,B01
201400024738,0,33,0,0.0,2.0,1.0,1.0,B01
201400024738,0,7,0,0.0,2.0,3.0,20.0,A01
201400024739,0,37,1,0.0,2.0,6.0,24.0,B01
201400024739,0,7,0,1.0,0.0,2.0,2.0,A01
201400024740,0,7,0,0.0,2.0,1.0,16.0,A01
201400024740,0,1,0,0.0,2.0,3.0,1.0,B01
201400024741,0,7,0,0.0,0.0,4.0,23.0,A01
201400024741,0,33,0,0.0,2.0,1.0,1.0,B01
201400024742,0,7,0,0.0,2.0,3.0,15.0,A01
201400024742,0,30,0,0.0,2.0,1.0,1.0,B01
201400024743,0,1,0,0.0,1.0,1.0,1.0,A01
201400024744,0,7,0,0.0,1.0,6.0,4.0,A01
201400024745,0,7,0,14.0,0.0,1.0,1.0,A01
201400024746,0,10,0,0.0,2.0,3.0,1.0,A01
201400024746,0,7,0,0.0,2.0,8.0,15.0,B01
201400024747,0,7,0,0.0,2.0,7.0,15.0,A01
201400024747,0,7,0,1.0,2.0,1.0,1.0,B01
201400024747,0,7,0,0.0,0.0,1.0,23.0,C01
201400024748,0,7,0,0.0,0.0,0.0,1.0,A01
201400024748,0,33,0,0.0,2.0,7.0,1.0,B01
201400024749,0,1,0,0.0,2.0,5.0,19.0,A01
201400024749,0,7,0,0.0,2.0,1.0,1.0,B01
201400024750,0,2,0,0.0,2.0,1.0,17.0,A01
201400024750,0,7,0,0.0,0.0,6.0,10.0,B01
201400024751,0,1,0,0.0,0.0,1.0,1.0,A01
201400024751,1,7,0,0.0,0.0,0.0,4.0,Z01
201400024752,0,7,0,0.0,0.0,7.0,1.0,B01
201400024752,0,33,0,0.0,2.0,1.0,1.0,A01
201400024753,0,7,0,1.0,0.0,7.0,0.0,A01
201400024754,0,10,0,0.0,1.0,2.0,15.0,A01
201400024755,0,7,0,0.0,0.0,3.0,17.0,B01
201400024755,0,31,0,0.0,2.0,1.0,18.0,A01
201400024756,0,32,0,0.0,2.0,1.0,1.0,B01
201400024756,0,7,0,0.0,2.0,3.0,1.0,C01
201400024756,0,7,0,0.0,2.0,8.0,16.0,A01
201400024757,0,7,0,0.0,0.0,8.0,15.0,B01
201400024757,0,7,0,0.0,2.0,3.0,1.0,A01
201400024758,0,7,0,0.0,1.0,1.0,15.0,A01
201400024759,0,7,0,0.0,0.0,8.0,10.0,A01
201400024759,0,40,59,0.0,2.0,1.0,1.0,B01
201400024760,0,7,0,0.0,2.0,1.0,1.0,A01
201400024760,0,7,0,8.0,0.0,1.0,1.0,B01
201400024761,0,10,0,0.0,2.0,2.0,1.0,B01
201400024761,0,2,0,0.0,2.0,1.0,13.0,A01
201400024762,0,7,0,14.0,0.0,1.0,1.0,A01
201400024763,0,2,0,0.0,2.0,3.0,1.0,B01
201400024763,0,10,0,0.0,2.0,8.0,15.0,A01
201400024764,0,30,0,0.0,2.0,1.0,2.0,A01
201400024764,0,7,0,0.0,0.0,4.0,1.0,B01
201400024765,0,7,0,0.0,2.0,1.0,13.0,A01
201400024765,0,7,0,0.0,0.0,1.0,1.0,B01
201400024766,0,10,0,0.0,1.0,1.0,1.0,A01
201400024767,0,10,0,0.0,2.0,9.0,1.0,A01
201400024767,0,7,0,0.0,2.0,4.0,1.0,B01
201400024768,0,7,0,0.0,0.0,8.0,10.0,A01
201400024768,0,31,0,0.0,2.0,7.0,1.0,B01
201400024769,0,40,120,0.0,2.0,1.0,1.0,B01
201400024769,0,7,0,0.0,2.0,6.0,15.0,A01
201400024770,0,33,0,0.0,2.0,1.0,2.0,A01
201400024770,0,7,0,0.0,0.0,6.0,15.0,B01
201400024771,0,7,0,0.0,2.0,1.0,15.0,A01
201400024771,0,2,0,0.0,0.0,1.0,1.0,B01
201400024772,0,7,0,0.0,0.0,8.0,15.0,A01
201400024772,0,33,0,0.0,2.0,1.0,1.0,B01
201400024773,0,7,0,8.0,0.0,1.0,5.0,A01
201400024774,0,7,0,0.0,2.0,7.0,15.0,A01
201400024774,0,31,0,0.0,2.0,1.0,1.0,B01
201400024775,0,7,0,0.0,2.0,1.0,15.0,A01
201400024775,0,7,0,0.0,0.0,4.0,2.0,B01
201400024776,0,7,0,0.0,2.0,2.0,9.0,A01
201400024776,0,33,0,0.0,2.0,7.0,1.0,B01
201400024777,0,7,0,0.0,2.0,6.0,1.0,D01
201400024777,0,7,0,0.0,0.0,7.0,1.0,B01
201400024777,0,7,0,0.0,0.0,4.0,1.0,E01
201400024777,0,7,0,0.0,2.0,9.0,2.0,A01
201400024777,0,7,0,0.0,0.0,5.0,1.0,C01
201400024778,0,7,0,0.0,2.0,1.0,2.0,A01
201400024778,0,7,0,0.0,0.0,4.0,1.0,B01
201400024779,0,7,0,0.0,0.0,0.0,15.0,A01
201400024779,0,2,0,0.0,0.0,0.0,1.0,B01
201400024780,0,7,0,0.0,2.0,1.0,1.0,B01
201400024780,0,2,0,0.0,2.0,3.0,16.0,A01
201400024781,0,7,0,8.0,2.0,1.0,1.0,A01
201400024781,0,7,0,0.0,0.0,5.0,1.0,B01
201400024782,0,2,0,0.0,2.0,1.0,1.0,A01
201400024782,0,10,0,0.0,2.0,4.0,1.0,B01
201400024783,0,7,0,0.0,2.0,1.0,15.0,A01
201400024783,0,1,0,0.0,2.0,1.0,15.0,B01
201400024784,0,2,0,0.0,0.0,8.0,1.0,A01
201400024784,0,7,0,0.0,0.0,3.0,1.0,B01
201400024785,0,7,0,0.0,2.0,1.0,1.0,A01
201400024785,0,7,0,0.0,0.0,5.0,15.0,B01
201400024786,0,10,0,0.0,1.0,1.0,1.0,A01
201400024787,0,10,0,1.0,2.0,7.0,1.0,A01
201400024787,0,7,0,0.0,2.0,1.0,1.0,B01
201400024788,0,7,0,1.0,0.0,4.0,2.0,B01
201400024788,0,7,0,1.0,2.0,1.0,2.0,A01
201400024788,0,7,0,0.0,2.0,4.0,2.0,C01
201400024789,0,7,0,0.0,2.0,2.0,9.0,B01
201400024789,0,7,0,0.0,2.0,7.0,0.0,A01
201400024790,0,7,0,0.0,2.0,1.0,15.0,B01
201400024790,0,1,0,0.0,0.0,1.0,1.0,A01
201400024791,0,7,0,0.0,2.0,2.0,1.0,B01
201400024791,0,1,0,0.0,0.0,0.0,19.0,A01
201400024792,0,1,0,0.0,1.0,0.0,1.0,A01
201400024793,0,7,0,0.0,2.0,1.0,15.0,A01
201400024793,0,7,0,0.0,2.0,1.0,1.0,B01
201400024794,0,7,0,0.0,1.0,2.0,15.0,A01
201400024795,0,2,0,0.0,2.0,1.0,1.0,A01
201400024795,1,7,0,0.0,0.0,1.0,15.0,Z01
201400024796,0,7,0,0.0,2.0,3.0,16.0,B01
201400024796,0,7,0,0.0,2.0,3.0,15.0,A01
201400024797,0,7,0,0.0,2.0,1.0,23.0,A01
201400024797,0,10,0,0.0,0.0,1.0,1.0,B01
201400024798,0,7,0,0.0,0.0,5.0,15.0,A01
201400024798,0,2,0,0.0,2.0,1.0,1.0,B01
201400024799,0,7,0,0.0,1.0,2.0,1.0,A01
201400024800,0,2,0,0.0,0.0,0.0,1.0,A01
201400024801,0,7,0,0.0,0.0,2.0,15.0,A01
201400024801,0,7,0,1.0,2.0,1.0,1.0,B01
201400024802,0,2,0,0.0,2.0,1.0,2.0,A01
201400024802,0,7,0,0.0,0.0,4.0,2.0,B01
201400024803,0,31,0,0.0,2.0,1.0,2.0,A01
201400024803,0,7,0,0.0,0.0,0.0,15.0,B01
201400024804,1,7,0,0.0,1.0,3.0,1.0,Z01
201400024805,0,7,0,0.0,0.0,3.0,15.0,A01
201400024805,0,1,0,0.0,2.0,1.0,1.0,B01
201400024806,0,7,0,0.0,2.0,3.0,1.0,A01
201400024806,0,1,0,0.0,0.0,1.0,1.0,B01
201400024807,0,7,0,0.0,1.0,1.0,1.0,A01
201400024808,0,10,0,0.0,2.0,1.0,1.0,B01
201400024808,0,7,0,0.0,0.0,8.0,1.0,A01
201400024809,0,10,0,0.0,2.0,1.0,2.0,A01
201400024809,0,7,0,0.0,0.0,4.0,1.0,B01
201400024810,0,1,0,0.0,2.0,4.0,1.0,B01
201400024810,0,1,0,1.0,2.0,3.0,1.0,C01
201400024810,0,7,0,0.0,2.0,0.0,16.0,A01
201400024811,0,7,0,0.0,0.0,2.0,15.0,A01
201400024811,0,2,0,0.0,2.0,1.0,1.0,B01
201400024812,0,7,0,0.0,2.0,3.0,15.0,A01
201400024812,0,33,0,0.0,2.0,1.0,1.0,B01
201400024813,0,7,0,0.0,1.0,2.0,1.0,A01
201400024814,0,7,0,0.0,0.0,0.0,15.0,A01
201400024814,0,33,0,0.0,0.0,0.0,1.0,B01
201400024815,1,7,0,0.0,2.0,0.0,0.0,Z01
201400024815,0,1,0,0.0,0.0,4.0,1.0,B01
201400024816,0,7,0,0.0,1.0,1.0,1.0,A01
201400024817,0,7,0,0.0,1.0,1.0,1.0,A01
201400024818,0,7,0,0.0,1.0,1.0,15.0,A01
201400024819,0,7,0,0.0,1.0,3.0,1.0,A01
201400024820,0,7,0,0.0,1.0,1.0,1.0,A01
201400024821,0,1,0,0.0,2.0,1.0,1.0,B01
201400024821,0,33,0,0.0,2.0,1.0,15.0,A01
201400024822,0,33,0,0.0,2.0,1.0,1.0,A01
201400024822,0,7,0,0.0,0.0,1.0,1.0,B01
201400024822,0,7,0,0.0,0.0,4.0,1.0,C01
201400024822,0,7,0,0.0,2.0,1.0,1.0,D01
201400024823,0,33,0,0.0,2.0,1.0,0.0,A01
201400024823,0,10,0,0.0,2.0,4.0,13.0,B01
201400024824,0,2,0,0.0,2.0,6.0,1.0,B01
201400024824,0,1,0,0.0,0.0,7.0,1.0,A01
201400024825,0,10,0,0.0,1.0,1.0,1.0,A01
201400024826,0,10,0,0.0,2.0,1.0,16.0,A01
201400024826,0,31,0,0.0,0.0,7.0,1.0,B01
201400024827,0,7,0,0.0,4.0,2.0,1.0,A01
201400024827,0,40,153,0.0,0.0,2.0,1.0,B01
201400024828,0,7,0,0.0,2.0,2.0,1.0,A01
201400024828,0,10,0,0.0,2.0,8.0,1.0,B01
201400024829,0,7,0,0.0,2.0,1.0,15.0,A01
201400024829,0,7,0,0.0,2.0,1.0,1.0,B01
201400024830,0,7,0,0.0,2.0,3.0,15.0,A01
201400024830,0,33,0,0.0,2.0,1.0,2.0,B01
201400024831,0,7,0,0.0,2.0,1.0,1.0,B01
201400024831,2,7,0,0.0,2.0,8.0,1.0,A01
201400024832,0,7,0,0.0,2.0,2.0,15.0,A01
201400024832,0,33,0,0.0,2.0,1.0,1.0,B01
201400024833,0,10,0,0.0,1.0,2.0,1.0,A01
201400024834,0,7,0,0.0,2.0,8.0,24.0,A01
201400024834,0,1,0,1.0,0.0,1.0,2.0,B01
201400024835,0,7,0,0.0,2.0,2.0,15.0,A01
201400024835,0,2,0,0.0,2.0,1.0,1.0,B01
201400024836,0,7,0,0.0,2.0,1.0,15.0,B01
201400024836,0,2,0,0.0,2.0,7.0,1.0,A01
201400024837,0,7,0,0.0,2.0,1.0,1.0,A01
201400024837,0,1,0,0.0,0.0,7.0,1.0,B01
201400024838,0,7,0,8.0,0.0,1.0,1.0,A01
201400024839,0,7,0,0.0,2.0,3.0,15.0,A01
201400024839,0,1,0,0.0,2.0,1.0,1.0,B01
201400024840,0,7,0,0.0,2.0,5.0,15.0,A01
201400024840,0,2,0,0.0,2.0,1.0,1.0,B01
201400024841,0,10,0,0.0,2.0,4.0,23.0,B01
201400024841,0,1,0,0.0,2.0,1.0,17.0,A01
201400024842,0,1,0,0.0,2.0,1.0,15.0,A01
201400024842,0,7,0,0.0,2.0,3.0,1.0,B01
201400024843,0,7,0,0.0,2.0,1.0,15.0,A01
201400024843,0,33,0,0.0,2.0,1.0,1.0,B01
201400024844,0,32,0,0.0,0.0,0.0,1.0,A01
201400024845,0,7,0,0.0,0.0,8.0,9.0,A01
201400024845,0,1,0,0.0,2.0,1.0,1.0,B01
201400024846,0,7,0,0.0,1.0,0.0,0.0,A01
201400024847,0,2,0,0.0,1.0,1.0,1.0,A01
201400024848,0,7,0,0.0,2.0,1.0,2.0,A01
201400024848,0,7,0,0.0,0.0,3.0,2.0,B01
201400024849,0,7,0,0.0,2.0,1.0,1.0,A01
201400024849,0,7,0,0.0,0.0,4.0,1.0,B01
201400024850,0,1,0,0.0,0.0,0.0,1.0,A01
201400024851,0,31,0,0.0,2.0,1.0,1.0,B01
201400024851,0,10,0,0.0,2.0,1.0,1.0,A01
201400024852,0,10,0,0.0,2.0,1.0,1.0,C01
201400024852,0,7,0,0.0,0.0,7.0,15.0,A01
201400024852,0,32,0,0.0,2.0,1.0,1.0,B01
201400024853,0,7,0,0.0,0.0,7.0,15.0,A01
201400024853,0,31,0,0.0,2.0,1.0,1.0,B01
201400024854,0,10,0,0.0,2.0,1.0,1.0,C01
201400024854,0,7,0,1.0,0.0,1.0,2.0,A01
201400024854,0,7,0,0.0,0.0,4.0,23.0,B01
201400024855,0,2,0,0.0,2.0,7.0,1.0,B01
201400024855,0,7,0,0.0,2.0,1.0,9.0,A01
201400024856,0,7,0,0.0,2.0,1.0,15.0,B01
201400024856,0,2,0,0.0,2.0,8.0,1.0,A01
201400024857,0,33,0,0.0,2.0,1.0,1.0,B01
201400024857,0,7,0,0.0,2.0,7.0,15.0,A01
201400024858,0,7,0,0.0,0.0,9.0,0.0,A01
201400024859,0,1,0,12.0,0.0,2.0,0.0,A01
201400024860,1,32,0,0.0,1.0,1.0,0.0,A01
201400024861,0,7,0,0.0,1.0,0.0,15.0,A01
201400024862,0,7,0,0.0,2.0,1.0,1.0,A01
201400024862,0,7,0,0.0,2.0,7.0,1.0,B01
201400024863,0,7,0,0.0,1.0,1.0,1.0,A01
201400024864,1,7,0,0.0,1.0,0.0,0.0,Z01
201400024865,0,7,0,0.0,2.0,1.0,9.0,A01
201400024865,0,33,0,0.0,2.0,2.0,17.0,B01
201400024866,0,1,0,0.0,2.0,1.0,1.0,B01
201400024866,0,10,0,0.0,2.0,7.0,15.0,A01
201400024867,0,7,0,0.0,2.0,1.0,1.0,A01
201400024867,0,10,0,0.0,2.0,2.0,9.0,B01
201400024868,0,7,0,0.0,2.0,2.0,9.0,A01
201400024868,0,33,0,0.0,2.0,7.0,1.0,B01
201400024869,0,7,0,2.0,0.0,6.0,1.0,A01
201400024870,0,7,0,0.0,1.0,8.0,1.0,A01
201400024871,0,7,0,0.0,2.0,1.0,15.0,B01
201400024871,0,31,0,0.0,2.0,1.0,17.0,A01
201400024872,0,10,0,0.0,1.0,3.0,15.0,A01
201400024873,0,7,0,1.0,0.0,2.0,2.0,A01
201400024873,0,7,0,0.0,0.0,4.0,2.0,C01
201400024873,0,7,0,1.0,0.0,4.0,2.0,B01
201400024874,0,7,0,0.0,2.0,1.0,0.0,B01
201400024874,0,30,0,0.0,2.0,0.0,1.0,A01
201400024875,0,7,0,0.0,1.0,3.0,17.0,A01
201400024876,0,7,0,0.0,2.0,8.0,24.0,A01
201400024876,0,1,0,1.0,0.0,1.0,1.0,B01
201400024877,0,7,0,0.0,1.0,3.0,1.0,A01
201400024878,0,34,0,11.0,0.0,7.0,0.0,A01
201400024879,0,33,0,0.0,2.0,1.0,1.0,A01
201400024879,0,15,0,0.0,0.0,8.0,4.0,B01
201400024880,0,40,184,0.0,2.0,8.0,1.0,B01
201400024880,0,1,0,0.0,4.0,1.0,19.0,A01
201400024881,0,10,0,0.0,1.0,4.0,4.0,A01
201400024882,0,30,0,0.0,1.0,1.0,1.0,A01
201400024882,0,1,0,0.0,0.0,0.0,0.0,B01
201400024883,0,1,0,0.0,0.0,3.0,1.0,B01
201400024883,0,7,0,0.0,2.0,3.0,9.0,A01
201400024884,0,7,0,6.0,1.0,1.0,0.0,A01
201400024885,0,7,0,0.0,2.0,7.0,1.0,B01
201400024885,0,7,0,3.0,2.0,1.0,1.0,A01
201400024886,0,10,0,0.0,1.0,4.0,4.0,A01
201400024887,0,7,0,0.0,2.0,1.0,1.0,A01
201400024887,0,7,0,0.0,2.0,8.0,1.0,B01
201400024888,0,7,0,0.0,2.0,1.0,1.0,A01
201400024888,0,7,0,1.0,0.0,6.0,1.0,B01
201400024889,0,7,0,15.0,2.0,1.0,1.0,A01
201400024889,0,7,0,15.0,0.0,1.0,24.0,C01
201400024889,0,7,0,0.0,2.0,1.0,15.0,B01
201400024890,0,1,0,0.0,2.0,3.0,16.0,B01
201400024890,0,10,0,0.0,2.0,3.0,1.0,A01
201400024891,0,7,0,1.0,0.0,1.0,1.0,A01
201400024892,0,7,0,0.0,2.0,1.0,1.0,B01
201400024892,0,7,0,0.0,2.0,2.0,15.0,A01
201400024893,0,30,0,0.0,2.0,1.0,1.0,B01