Num_Acc,senc,catv,occutc,obs,obsm,choc,manv,num_veh
201400024893,0,7,0,0.0,2.0,3.0,15.0,A01
201400024894,0,7,0,7.0,0.0,1.0,1.0,A01
201400024895,0,7,0,0.0,1.0,0.0,1.0,A01
201400024896,0,7,0,0.0,0.0,0.0,15.0,Z01
201400024896,0,32,0,0.0,2.0,7.0,1.0,B01
201400024897,0,40,63,0.0,2.0,1.0,1.0,A01
201400024897,0,7,0,0.0,4.0,1.0,1.0,B01
201400024898,1,7,0,0.0,0.0,0.0,0.0,Z01
201400024898,0,2,0,0.0,0.0,7.0,1.0,A01
201400024899,0,7,0,1.0,0.0,1.0,1.0,A01
201400024900,0,7,0,0.0,0.0,1.0,15.0,A01
201400024900,0,7,0,0.0,2.0,1.0,1.0,B01
201400024901,1,7,0,0.0,2.0,2.0,1.0,Z01
201400024901,0,7,0,0.0,0.0,3.0,1.0,B01
201400024902,0,32,0,15.0,0.0,1.0,1.0,A01
201400024903,0,7,0,0.0,2.0,8.0,9.0,A01
201400024903,0,2,0,0.0,2.0,1.0,1.0,B01
201400024904,0,1,0,0.0,2.0,4.0,1.0,B01
201400024904,0,7,0,0.0,2.0,3.0,1.0,A01
201400024905,0,7,0,0.0,2.0,1.0,13.0,A01
201400024905,0,7,0,0.0,2.0,1.0,1.0,B01
201400024906,0,37,1,0.0,1.0,7.0,1.0,A01
201400024907,0,7,0,0.0,2.0,8.0,15.0,B01
201400024907,0,2,0,1.0,2.0,1.0,1.0,A01
201400024908,0,7,0,0.0,2.0,3.0,15.0,A01
201400024908,0,31,0,0.0,2.0,2.0,1.0,B01
201400024909,0,7,0,0.0,2.0,1.0,1.0,A01
201400024909,0,7,0,0.0,2.0,1.0,1.0,B01
201400024910,0,7,0,0.0,0.0,8.0,10.0,A01
201400024910,0,7,0,0.0,2.0,1.0,1.0,B01
201400024911,0,7,0,0.0,0.0,8.0,15.0,A01
201400024911,0,32,0,0.0,2.0,1.0,1.0,B01
201400024912,0,7,0,0.0,2.0,1.0,1.0,B01
201400024912,0,7,0,0.0,2.0,1.0,1.0,A01
201400024913,0,7,0,4.0,0.0,1.0,1.0,A01
201400024914,1,7,0,0.0,1.0,3.0,1.0,Z01
201400024915,0,7,0,0.0,1.0,1.0,1.0,A01
201400024916,0,33,0,0.0,2.0,8.0,1.0,B01
201400024916,0,7,0,0.0,2.0,7.0,16.0,Z01
201400024917,0,7,0,0.0,2.0,1.0,1.0,B01
201400024917,0,10,0,0.0,0.0,1.0,15.0,A01
201400024918,0,7,0,0.0,2.0,1.0,1.0,A01
201400024918,0,7,0,0.0,2.0,3.0,1.0,B01
201400024919,0,7,0,0.0,2.0,2.0,21.0,A01
201400024919,0,7,0,0.0,2.0,3.0,19.0,B02
201400024920,0,7,0,0.0,1.0,2.0,16.0,A01
201400024921,0,7,0,0.0,2.0,1.0,13.0,A01
201400024921,0,7,0,0.0,2.0,1.0,1.0,B02
201400024922,0,7,0,8.0,0.0,2.0,1.0,A01
201400024923,0,7,0,16.0,0.0,1.0,1.0,A01
201400024924,0,7,0,0.0,0.0,9.0,21.0,A01
201400024925,0,7,0,0.0,2.0,5.0,4.0,A01
201400024925,0,1,0,0.0,2.0,1.0,1.0,B02
201400024926,0,10,0,0.0,2.0,3.0,1.0,B02
201400024926,0,2,0,0.0,2.0,1.0,13.0,A01
201400024927,0,33,0,3.0,0.0,7.0,1.0,A01
201400024928,0,7,0,0.0,2.0,8.0,1.0,A01
201400024928,0,15,0,0.0,2.0,6.0,1.0,B02
201400024929,0,30,0,0.0,2.0,1.0,1.0,B02
201400024929,0,7,0,0.0,2.0,3.0,15.0,A01
201400024930,0,7,0,0.0,0.0,1.0,1.0,A01
201400024931,0,30,0,6.0,0.0,2.0,1.0,A01
201400024932,0,2,0,0.0,2.0,5.0,1.0,B02
201400024932,0,7,0,0.0,2.0,3.0,16.0,A01
201400024933,0,2,0,0.0,2.0,1.0,1.0,A01
201400024933,0,7,0,0.0,2.0,3.0,13.0,B02
201400024934,0,7,0,0.0,0.0,6.0,15.0,A01
201400024934,0,33,0,0.0,2.0,1.0,2.0,B02
201400024935,0,7,0,0.0,2.0,7.0,15.0,B02
201400024935,0,33,0,0.0,2.0,1.0,1.0,A01
201400024936,0,34,0,0.0,2.0,1.0,1.0,B02
201400024936,0,7,0,0.0,2.0,2.0,15.0,A01
201400024937,0,2,0,0.0,0.0,1.0,1.0,B02
201400024937,0,7,0,0.0,0.0,3.0,13.0,A01
201400024938,0,33,0,0.0,5.0,1.0,2.0,A01
201400024939,0,7,0,0.0,2.0,1.0,0.0,B02
201400024939,0,33,0,0.0,2.0,1.0,0.0,A01
201400024940,0,7,0,0.0,0.0,1.0,19.0,A01
201400024940,0,33,0,0.0,2.0,1.0,0.0,B02
201400024941,0,33,0,0.0,2.0,1.0,1.0,B02
201400024941,0,7,0,0.0,2.0,3.0,15.0,A01
201400024942,0,33,0,0.0,0.0,1.0,18.0,B02
201400024942,0,7,0,0.0,0.0,2.0,0.0,A01
201400024943,0,31,0,0.0,0.0,1.0,2.0,A01
201400024943,0,7,0,0.0,0.0,3.0,1.0,B02
201400024944,0,7,0,0.0,2.0,1.0,2.0,A01
201400024944,0,30,0,0.0,0.0,4.0,2.0,B02
201400024945,0,7,0,0.0,2.0,1.0,13.0,A01
201400024945,0,7,0,0.0,2.0,1.0,1.0,B02
201400024946,0,30,0,0.0,2.0,9.0,17.0,C03
201400024946,0,13,0,0.0,2.0,3.0,1.0,A01
201400024946,0,7,0,0.0,2.0,6.0,1.0,B02
201400024947,0,31,0,0.0,2.0,1.0,17.0,B02
201400024947,0,7,0,0.0,2.0,8.0,15.0,A01
201400024948,0,7,0,0.0,0.0,0.0,15.0,C03
201400024948,0,7,0,0.0,2.0,1.0,15.0,A01
201400024948,0,2,0,0.0,2.0,1.0,1.0,B02
201400024949,0,30,0,0.0,1.0,1.0,1.0,A01
201400024950,0,33,0,12.0,0.0,1.0,6.0,A01
201400024951,0,33,0,0.0,2.0,7.0,1.0,B02
201400024951,0,10,0,0.0,2.0,3.0,16.0,A01
201400024952,0,7,0,0.0,1.0,1.0,0.0,A01
201400024953,0,7,0,0.0,2.0,5.0,15.0,A01
201400024953,0,2,0,0.0,2.0,1.0,1.0,B01
201400024954,0,33,0,0.0,2.0,1.0,0.0,A01
201400024954,0,7,0,0.0,2.0,1.0,1.0,B01
201400024955,0,7,0,0.0,2.0,8.0,1.0,C01
201400024955,0,7,0,3.0,2.0,8.0,1.0,B01
201400024955,0,7,0,0.0,2.0,8.0,17.0,A01
201400024956,0,7,0,0.0,2.0,3.0,9.0,A01
201400024956,0,1,0,0.0,2.0,1.0,1.0,B01
201400024957,0,7,0,2.0,0.0,3.0,6.0,A01
201400024957,0,7,0,2.0,0.0,1.0,6.0,B01
201400024958,0,7,0,0.0,2.0,3.0,9.0,A01
201400024958,0,1,0,0.0,2.0,4.0,2.0,B01
201400024959,0,2,0,0.0,2.0,1.0,17.0,B01
201400024959,0,7,0,0.0,2.0,6.0,15.0,A01
201400024960,0,31,0,6.0,0.0,1.0,14.0,A01
201400024961,0,7,0,0.0,2.0,2.0,0.0,A01
201400024961,0,1,0,0.0,2.0,7.0,19.0,B01
201400024962,0,32,0,1.0,0.0,3.0,13.0,A01
201400024963,0,10,0,0.0,2.0,7.0,15.0,A01
201400024963,0,1,0,0.0,2.0,1.0,1.0,B01
201400024964,0,1,0,0.0,2.0,4.0,2.0,B01
201400024964,0,7,0,0.0,2.0,1.0,2.0,A01
201400024965,0,7,0,2.0,2.0,3.0,0.0,B01
201400024965,0,7,0,0.0,2.0,0.0,0.0,A01
201400024966,1,7,0,0.0,1.0,0.0,1.0,A01
201400024967,0,7,0,0.0,2.0,8.0,15.0,A01
201400024967,0,33,0,0.0,2.0,1.0,17.0,B01
201400024968,0,7,0,2.0,0.0,2.0,6.0,A01
201400024969,0,33,0,0.0,0.0,0.0,0.0,A01
201400024970,1,7,0,0.0,1.0,1.0,1.0,Z01
201400024971,0,7,0,0.0,2.0,3.0,13.0,A01
201400024971,0,7,0,0.0,2.0,3.0,1.0,B01
201400024972,0,7,0,0.0,2.0,1.0,1.0,A01
201400024972,0,30,0,0.0,2.0,1.0,13.0,B01
201400024973,0,7,0,0.0,2.0,1.0,1.0,B01
201400024973,0,7,0,0.0,2.0,7.0,1.0,Z01
201400024974,0,33,0,0.0,2.0,7.0,18.0,A01
201400024974,0,7,0,0.0,2.0,4.0,16.0,B01
201400024975,0,7,0,0.0,1.0,2.0,1.0,A01
201400024976,0,7,0,0.0,2.0,3.0,1.0,B01
201400024976,0,2,0,0.0,2.0,7.0,15.0,A01
201400024977,0,7,0,0.0,1.0,1.0,1.0,A01
201400024978,0,7,0,0.0,2.0,1.0,1.0,A01
201400024978,0,7,0,0.0,2.0,4.0,1.0,B01
201400024979,0,7,0,9.0,1.0,4.0,4.0,A01
201400024980,0,7,0,0.0,1.0,1.0,1.0,A01
201400024981,0,7,0,1.0,2.0,1.0,5.0,A01
201400024981,0,37,3,0.0,2.0,3.0,1.0,C01
201400024982,0,7,0,0.0,2.0,1.0,13.0,A01
201400024982,0,7,0,0.0,2.0,1.0,1.0,B01
201400024983,0,7,0,0.0,2.0,8.0,1.0,B01
201400024983,1,7,0,0.0,2.0,0.0,9.0,Z01
201400024984,0,7,0,0.0,2.0,9.0,13.0,A01
201400024984,0,7,0,0.0,2.0,3.0,1.0,B01
201400024985,1,7,0,1.0,1.0,0.0,0.0,Z01
201400024986,0,7,0,0.0,1.0,1.0,1.0,A01
201400024987,0,7,0,0.0,0.0,9.0,1.0,A01
201400024988,0,7,0,0.0,1.0,7.0,1.0,A01
201400024989,0,7,0,0.0,1.0,3.0,1.0,A01
201400024990,0,7,0,0.0,2.0,5.0,15.0,A01
201400024990,0,7,0,0.0,2.0,3.0,1.0,B01
201400024991,0,7,0,0.0,2.0,6.0,1.0,B01
201400024991,0,31,0,0.0,2.0,1.0,1.0,A01
201400024992,0,1,0,0.0,0.0,8.0,1.0,A01
201400024993,0,10,0,10.0,0.0,1.0,1.0,A01
201400024994,1,31,0,0.0,1.0,1.0,1.0,Z01
201400024995,0,7,0,0.0,2.0,1.0,13.0,A01
201400024995,0,7,0,0.0,2.0,1.0,1.0,B01
201400024996,0,7,0,0.0,2.0,8.0,19.0,A01
201400024996,0,32,0,0.0,2.0,1.0,1.0,B01
201400024997,0,7,0,0.0,1.0,3.0,1.0,A01
201400024998,0,7,0,0.0,2.0,1.0,1.0,A01
201400024998,0,21,0,0.0,2.0,4.0,1.0,B01
201400024999,0,7,0,0.0,2.0,3.0,17.0,A01
201400024999,0,7,0,0.0,2.0,3.0,1.0,B01
201400025000,0,7,0,0.0,2.0,7.0,15.0,A01
201400025000,0,7,0,0.0,2.0,1.0,1.0,B01
201400025001,0,7,0,4.0,0.0,3.0,17.0,A01
201400025002,0,7,0,0.0,2.0,5.0,4.0,A01
201400025002,0,7,0,0.0,2.0,2.0,1.0,B01
201400025003,0,7,0,0.0,2.0,7.0,1.0,B01
201400025003,0,1,0,0.0,2.0,1.0,5.0,A01
201400025004,0,7,0,0.0,1.0,1.0,1.0,A01
201400025005,0,7,0,0.0,2.0,3.0,15.0,B01
201400025005,1,31,0,0.0,2.0,0.0,15.0,A01
201400025006,1,7,0,0.0,2.0,1.0,1.0,Z01
201400025006,0,7,0,0.0,2.0,4.0,1.0,B01
201400025007,0,1,0,0.0,2.0,8.0,1.0,B01
201400025007,0,7,0,0.0,2.0,3.0,15.0,A01
201400025008,0,7,0,0.0,2.0,4.0,1.0,B01
201400025008,0,7,0,0.0,2.0,1.0,1.0,A01
201400025009,0,31,0,0.0,2.0,8.0,1.0,A01
201400025009,0,7,0,0.0,2.0,3.0,15.0,B01
201400025010,0,7,0,0.0,1.0,1.0,1.0,A01
201400025011,0,7,0,0.0,1.0,3.0,1.0,A01
201400025012,0,38,36,0.0,2.0,1.0,1.0,B01
201400025012,0,17,0,3.0,2.0,8.0,1.0,A01
201400025013,0,10,0,0.0,2.0,1.0,1.0,B01
201400025013,0,7,0,0.0,2.0,1.0,5.0,A01
201400025014,0,2,0,0.0,2.0,1.0,2.0,B01
201400025014,0,7,0,0.0,2.0,8.0,13.0,A01
201400025015,0,7,0,0.0,2.0,1.0,1.0,B01
201400025015,0,7,0,0.0,2.0,1.0,13.0,A01
201400025016,0,7,0,0.0,1.0,2.0,1.0,A01
201400025017,1,7,0,0.0,1.0,3.0,1.0,Z01
201400025018,0,1,0,0.0,0.0,0.0,1.0,A01
201400025019,0,33,0,5.0,2.0,1.0,1.0,A01
201400025019,0,7,0,0.0,0.0,4.0,1.0,B01
201400025020,0,7,0,0.0,1.0,1.0,1.0,A01
201400025021,0,33,0,0.0,0.0,1.0,1.0,A01
201400025022,0,30,0,0.0,2.0,7.0,1.0,B01
201400025022,0,7,0,0.0,2.0,3.0,9.0,A01
201400025023,0,33,0,0.0,2.0,9.0,1.0,A01
201400025023,0,7,0,0.0,2.0,1.0,1.0,B01
201400025024,0,7,0,0.0,2.0,3.0,15.0,B01
201400025024,0,30,0,0.0,2.0,1.0,1.0,A01
201400025025,0,7,0,12.0,0.0,0.0,1.0,A01
201400025026,0,7,0,0.0,2.0,2.0,15.0,A01
201400025026,0,33,0,0.0,2.0,1.0,1.0,B01
201400025027,0,7,0,0.0,0.0,8.0,11.0,A01
201400025027,0,33,0,0.0,2.0,1.0,1.0,B01
201400025028,0,30,0,0.0,2.0,1.0,1.0,A01
201400025028,0,7,0,0.0,2.0,5.0,1.0,B01
201400025029,0,7,0,2.0,0.0,4.0,17.0,A01
201400025030,0,7,0,0.0,2.0,8.0,15.0,A01
201400025030,0,7,0,0.0,2.0,1.0,1.0,B01
201400025031,0,7,0,0.0,1.0,1.0,1.0,A01
201400025032,0,30,0,0.0,2.0,1.0,1.0,B01
201400025032,0,7,0,0.0,2.0,2.0,15.0,A01
201400025033,0,7,0,0.0,1.0,1.0,15.0,A01
201400025034,0,31,0,0.0,1.0,2.0,1.0,A01
201400025035,0,7,0,0.0,2.0,2.0,21.0,B01
201400025035,0,30,0,0.0,2.0,1.0,21.0,A01
201400025036,1,7,0,0.0,2.0,0.0,0.0,Z01
201400025036,0,7,0,0.0,2.0,2.0,1.0,B01
201400025037,0,7,0,0.0,2.0,2.0,15.0,B01
201400025037,0,30,0,0.0,2.0,1.0,0.0,A01
201400025038,0,32,0,0.0,2.0,1.0,1.0,B01
201400025038,0,7,0,0.0,2.0,5.0,15.0,A01
201400025039,0,7,0,0.0,2.0,4.0,2.0,B01
201400025039,0,7,0,0.0,2.0,1.0,2.0,A01
201400025040,0,7,0,0.0,1.0,1.0,1.0,A01
201400025041,0,33,0,0.0,2.0,1.0,2.0,A01
201400025041,0,7,0,0.0,2.0,4.0,2.0,B01
201400025042,0,37,0,0.0,0.0,0.0,1.0,A01
201400025043,0,33,0,0.0,2.0,4.0,2.0,B01
201400025043,0,7,0,0.0,2.0,1.0,2.0,A01
201400025044,0,7,0,0.0,2.0,3.0,9.0,A01
201400025044,0,7,0,0.0,2.0,2.0,21.0,B01
201400025045,0,7,0,0.0,2.0,1.0,1.0,B01
201400025045,0,7,0,0.0,0.0,4.0,17.0,A01
201400025046,0,7,0,0.0,2.0,3.0,9.0,A01
201400025046,0,7,0,0.0,2.0,2.0,1.0,B01
201400025047,0,30,0,0.0,2.0,8.0,1.0,A01
201400025047,0,7,0,0.0,2.0,1.0,1.0,B01
201400025048,0,1,0,0.0,0.0,1.0,0.0,A01
201400025048,0,37,30,0.0,0.0,3.0,1.0,B01
201400025049,0,7,0,0.0,0.0,4.0,23.0,B01
201400025049,1,7,0,0.0,2.0,1.0,2.0,Z01
201400025050,0,33,0,12.0,0.0,1.0,1.0,A01
201400025051,0,7,0,0.0,2.0,3.0,15.0,A01
201400025051,0,7,0,0.0,2.0,6.0,1.0,B01
201400025052,0,7,0,0.0,2.0,3.0,9.0,A01
201400025052,0,33,0,0.0,2.0,2.0,1.0,B01
201400025053,0,1,0,0.0,0.0,4.0,1.0,B01
201400025053,0,7,0,0.0,2.0,1.0,9.0,A01
201400025054,0,7,0,0.0,2.0,3.0,9.0,A01
201400025054,0,34,0,0.0,2.0,1.0,1.0,B01
201400025055,0,32,0,0.0,0.0,7.0,1.0,A01
201400025056,0,7,0,0.0,2.0,1.0,1.0,B01
201400025056,0,7,0,0.0,0.0,7.0,15.0,A01
201400025057,0,7,0,0.0,2.0,2.0,9.0,A01
201400025057,0,1,0,0.0,2.0,1.0,1.0,B01
201400025058,0,7,0,0.0,2.0,2.0,1.0,B01
201400025058,0,1,0,0.0,2.0,1.0,15.0,A01
201400025059,0,2,0,0.0,2.0,0.0,1.0,A01
201400025059,0,7,0,0.0,2.0,4.0,16.0,B01
201400025060,0,7,0,0.0,1.0,2.0,2.0,A01
201400025061,0,7,0,0.0,2.0,3.0,9.0,A01
201400025061,0,33,0,0.0,2.0,7.0,1.0,B01
201400025062,0,7,0,0.0,2.0,8.0,0.0,B01
201400025062,0,7,0,0.0,2.0,1.0,0.0,A01
201400025063,0,7,0,0.0,2.0,4.0,0.0,E01
201400025063,0,7,0,0.0,2.0,4.0,1.0,B01
201400025063,0,7,0,0.0,2.0,6.0,0.0,D01
201400025063,0,7,0,9.0,2.0,0.0,1.0,A01
201400025063,0,7,0,0.0,2.0,2.0,1.0,C01
201400025064,0,2,0,0.0,2.0,3.0,16.0,A01
201400025065,0,30,0,0.0,2.0,1.0,1.0,B01
201400025065,0,7,0,0.0,2.0,1.0,15.0,A01
201400025066,0,20,0,0.0,2.0,2.0,14.0,A01
201400025066,0,7,0,0.0,0.0,8.0,1.0,B01
201400025067,0,7,0,0.0,2.0,1.0,1.0,B01
201400025067,0,10,0,0.0,2.0,8.0,1.0,A01
201400025068,0,33,0,12.0,0.0,1.0,1.0,A01
201400025069,0,7,0,0.0,2.0,8.0,1.0,B01
201400025069,0,7,0,0.0,2.0,3.0,15.0,A01
201400025070,0,2,0,0.0,2.0,1.0,1.0,B01
201400025070,0,7,0,0.0,2.0,3.0,5.0,A01
201400025071,0,33,0,0.0,1.0,1.0,1.0,B01
201400025072,0,33,0,2.0,2.0,1.0,1.0,B01
201400025072,0,7,0,0.0,0.0,6.0,24.0,C01
201400025072,0,7,0,0.0,2.0,3.0,0.0,A01
201400025073,0,7,0,0.0,1.0,3.0,1.0,B01
201400025074,0,2,0,0.0,2.0,3.0,18.0,A01
201400025074,0,7,0,0.0,2.0,5.0,2.0,B01
201400025075,0,32,0,3.0,0.0,1.0,1.0,A01
201400025076,0,32,0,0.0,2.0,1.0,15.0,A01
201400025076,0,7,0,0.0,2.0,2.0,1.0,B01
201400025077,0,7,0,0.0,0.0,4.0,23.0,B01
201400025077,0,7,0,0.0,2.0,1.0,2.0,A01
201400025078,0,1,0,0.0,2.0,1.0,0.0,A01
201400025078,0,7,0,0.0,2.0,8.0,23.0,B01
201400025079,0,2,0,0.0,0.0,1.0,1.0,A01
201400025080,0,7,0,0.0,2.0,2.0,1.0,B01
201400025080,0,1,0,0.0,0.0,4.0,1.0,A01
201400025081,0,10,0,0.0,0.0,4.0,23.0,B01
201400025081,0,7,0,0.0,2.0,1.0,2.0,A01
201400025082,0,7,0,0.0,2.0,2.0,12.0,A01
201400025082,0,33,0,0.0,2.0,3.0,1.0,B01
201400025083,1,99,0,0.0,1.0,2.0,15.0,Z01
201400025084,0,7,0,0.0,1.0,1.0,1.0,A01
201400025085,0,33,0,0.0,2.0,1.0,1.0,B01
201400025085,0,10,0,0.0,2.0,8.0,19.0,A01
201400025086,0,7,0,0.0,2.0,3.0,2.0,A01
201400025086,0,1,0,0.0,2.0,5.0,2.0,B01
201400025087,0,7,0,0.0,2.0,5.0,15.0,A01
201400025087,0,2,0,0.0,2.0,1.0,1.0,B01
201400025088,0,1,0,6.0,0.0,0.0,0.0,A01
201400025089,0,7,0,0.0,2.0,1.0,0.0,A01
201400025089,0,7,0,0.0,2.0,7.0,0.0,B01
201400025090,0,7,0,0.0,2.0,8.0,19.0,B01
201400025090,2,7,0,0.0,2.0,1.0,1.0,A01
201400025091,0,7,0,0.0,1.0,3.0,0.0,A01
201400025092,0,31,0,0.0,2.0,1.0,17.0,A01
201400025092,0,7,0,0.0,2.0,3.0,15.0,B01
201400025093,0,7,0,0.0,2.0,3.0,1.0,B01
201400025093,0,7,0,0.0,2.0,1.0,1.0,A01
201400025094,0,7,0,0.0,2.0,1.0,13.0,A01
201400025094,0,7,0,0.0,2.0,3.0,20.0,B01
201400025095,0,1,0,14.0,0.0,1.0,1.0,A01
201400025096,0,7,0,0.0,2.0,1.0,15.0,A01
201400025096,0,32,0,0.0,2.0,1.0,1.0,B01
201400025097,0,33,0,0.0,2.0,1.0,2.0,A01
201400025097,0,7,0,0.0,2.0,4.0,2.0,B01
201400025098,0,10,0,0.0,2.0,7.0,16.0,A01
201400025098,0,30,0,0.0,2.0,1.0,2.0,B01
201400025099,0,33,0,12.0,0.0,1.0,1.0,A01
201400025100,0,7,0,0.0,2.0,1.0,13.0,A01
201400025100,0,7,0,0.0,2.0,1.0,1.0,B01
201400025101,0,33,0,0.0,2.0,1.0,1.0,B01
201400025101,0,7,0,0.0,2.0,3.0,15.0,A01
201400025102,0,2,0,0.0,2.0,1.0,1.0,B01
201400025102,0,7,0,0.0,2.0,5.0,15.0,A01
201400025103,0,2,0,0.0,0.0,7.0,1.0,A01
201400025104,0,7,0,0.0,2.0,6.0,1.0,B01
201400025104,1,7,0,0.0,2.0,0.0,17.0,Z01
201400025105,0,7,0,0.0,2.0,1.0,1.0,A01
201400025105,0,10,0,0.0,2.0,4.0,23.0,B01
201400025105,0,7,0,0.0,2.0,4.0,23.0,C01
201400025106,0,7,0,0.0,2.0,1.0,1.0,B01
201400025106,0,10,0,0.0,2.0,1.0,15.0,A01
201400025107,0,7,0,0.0,0.0,4.0,23.0,B01
201400025107,0,7,0,0.0,0.0,4.0,23.0,C01
201400025107,0,7,0,0.0,2.0,1.0,2.0,A01
201400025108,0,33,0,0.0,2.0,1.0,1.0,A01
201400025108,1,7,0,0.0,2.0,5.0,15.0,Z01
201400025109,0,7,0,0.0,2.0,3.0,15.0,B01
201400025109,0,7,0,0.0,2.0,2.0,9.0,A01
201400025110,0,7,0,0.0,2.0,7.0,15.0,A01
201400025110,0,7,0,0.0,2.0,1.0,1.0,B01
201400025111,0,32,0,0.0,2.0,7.0,14.0,A01
201400025112,0,7,0,0.0,0.0,2.0,10.0,A01
201400025112,0,7,0,0.0,0.0,6.0,1.0,B01
201400025113,0,17,0,1.0,1.0,0.0,15.0,A01
201400025114,0,7,0,0.0,2.0,1.0,15.0,A01
201400025114,0,1,0,0.0,2.0,1.0,2.0,B01
201400025115,0,30,0,0.0,2.0,1.0,13.0,A01
201400025115,0,7,0,0.0,2.0,3.0,1.0,B01
201400025116,0,32,0,0.0,2.0,2.0,1.0,B01
201400025116,0,7,0,0.0,2.0,3.0,10.0,A01
201400025117,0,33,0,0.0,2.0,4.0,2.0,A01
201400025117,0,10,0,0.0,0.0,6.0,2.0,B01
201400025118,0,30,0,0.0,0.0,0.0,1.0,A01
201400025119,0,7,0,0.0,0.0,1.0,1.0,A01
201400025120,0,7,0,0.0,2.0,1.0,2.0,A01
201400025120,0,10,0,0.0,0.0,4.0,23.0,B01
201400025120,0,7,0,0.0,0.0,4.0,23.0,C01
201400025121,0,7,0,0.0,2.0,4.0,4.0,A01
201400025121,0,1,0,0.0,2.0,8.0,19.0,B01
201400025122,0,7,0,0.0,0.0,4.0,1.0,B01
201400025122,0,7,0,0.0,2.0,1.0,1.0,A01
201400025123,0,7,0,0.0,1.0,1.0,1.0,A01
201400025124,0,2,0,0.0,0.0,7.0,1.0,A01
201400025125,0,31,0,0.0,2.0,2.0,1.0,B01
201400025125,0,7,0,0.0,2.0,8.0,21.0,A01
201400025126,0,7,0,0.0,2.0,6.0,15.0,A01
201400025126,0,1,0,0.0,2.0,1.0,1.0,B01
201400025127,0,7,0,8.0,0.0,1.0,1.0,A01
201400025128,0,7,0,11.0,0.0,0.0,9.0,A01
201400025129,0,7,0,0.0,2.0,1.0,1.0,B01
201400025129,0,7,0,0.0,0.0,8.0,1.0,A01
201400025130,0,7,0,0.0,2.0,1.0,1.0,B01
201400025130,0,3,0,0.0,2.0,7.0,9.0,A01
201400025131,0,7,0,0.0,2.0,3.0,13.0,A01
201400025131,0,33,0,0.0,2.0,7.0,1.0,B01
201400025132,1,7,0,0.0,2.0,1.0,13.0,Z01
201400025132,0,7,0,0.0,2.0,1.0,1.0,A01
201400025133,2,7,0,0.0,2.0,2.0,5.0,B01
201400025133,0,7,0,0.0,2.0,1.0,1.0,A01
201400025134,0,10,0,0.0,2.0,1.0,1.0,B01
201400025134,0,7,0,0.0,2.0,8.0,15.0,A01
201400025135,0,32,0,0.0,1.0,1.0,1.0,A01
201400025136,0,10,0,0.0,0.0,1.0,1.0,A01
201400025136,0,7,0,0.0,2.0,3.0,1.0,B01
201400025137,0,1,0,0.0,2.0,3.0,1.0,A01
201400025137,0,1,0,0.0,2.0,7.0,14.0,B01
201400025138,0,36,0,8.0,0.0,1.0,7.0,A01
201400025139,0,7,0,0.0,2.0,3.0,1.0,B01
201400025139,0,7,0,0.0,2.0,3.0,13.0,A01
201400025140,0,7,0,4.0,0.0,1.0,16.0,A01
201400025141,0,33,0,0.0,2.0,7.0,17.0,B01
201400025141,0,7,0,0.0,2.0,3.0,1.0,C01
201400025141,0,7,0,0.0,2.0,8.0,13.0,A01
201400025142,0,7,0,0.0,2.0,4.0,2.0,C01
201400025142,0,7,0,0.0,2.0,4.0,2.0,B01
201400025142,0,7,0,0.0,2.0,1.0,2.0,A01
201400025143,0,7,0,0.0,2.0,4.0,2.0,B01
201400025143,0,7,0,0.0,2.0,1.0,2.0,A01
201400025143,0,7,0,0.0,0.0,4.0,2.0,C01
201400025144,0,7,0,0.0,1.0,1.0,1.0,A01
201400025145,0,7,0,0.0,1.0,3.0,4.0,A01
201400025146,0,32,0,0.0,0.0,0.0,1.0,A01
201400025147,0,33,0,0.0,4.0,8.0,1.0,B01
201400025147,0,40,0,0.0,2.0,2.0,1.0,A01
201400025148,0,7,0,0.0,1.0,7.0,13.0,A01
201400025149,0,33,0,0.0,2.0,7.0,16.0,A01
201400025149,0,7,0,0.0,2.0,3.0,1.0,B01
201400025150,0,7,0,0.0,1.0,3.0,1.0,A01
201400025151,0,7,0,0.0,2.0,4.0,23.0,B01
201400025151,0,7,0,0.0,2.0,4.0,23.0,C01
201400025151,0,7,0,0.0,2.0,1.0,1.0,A01
201400025152,0,31,0,12.0,0.0,1.0,9.0,A01
201400025153,0,7,0,0.0,2.0,2.0,1.0,A01
201400025153,0,7,0,0.0,0.0,6.0,20.0,B01
201400025154,0,7,0,1.0,0.0,2.0,1.0,A01
201400025155,0,7,0,0.0,1.0,2.0,1.0,A01
201400025156,0,30,0,0.0,2.0,1.0,1.0,B01
201400025156,0,7,0,0.0,2.0,3.0,15.0,A01
201400025157,0,7,0,11.0,0.0,1.0,1.0,A01
201400025158,0,31,0,0.0,2.0,1.0,1.0,B01
201400025158,0,7,0,0.0,2.0,3.0,19.0,A01
201400025159,0,7,0,0.0,0.0,8.0,1.0,B01
201400025159,0,33,0,0.0,0.0,7.0,1.0,A01
201400025160,1,99,0,0.0,1.0,1.0,1.0,Z01
201400025161,0,7,0,0.0,2.0,4.0,2.0,B01
201400025161,0,7,0,0.0,2.0,1.0,2.0,A01
201400025162,0,7,0,0.0,2.0,8.0,2.0,B01
201400025162,0,31,0,0.0,2.0,1.0,9.0,A01
201400025162,0,7,0,0.0,2.0,2.0,1.0,C01
201400025163,1,7,0,0.0,0.0,4.0,0.0,Z01
201400025163,0,30,0,0.0,2.0,1.0,1.0,B01
201400025164,0,7,0,0.0,1.0,1.0,1.0,A01