Num_Acc,senc,catv,occutc,obs,obsm,choc,manv,num_veh
201400025165,0,10,0,0.0,2.0,3.0,1.0,B01
201400025165,0,31,0,0.0,2.0,1.0,2.0,A01
201400025165,0,31,0,0.0,2.0,1.0,1.0,C01
201400025166,0,7,0,0.0,2.0,1.0,2.0,A01
201400025166,0,7,0,0.0,2.0,4.0,2.0,B01
201400025166,0,7,0,0.0,0.0,4.0,2.0,C01
201400025167,0,33,0,0.0,2.0,8.0,1.0,B01
201400025167,0,7,0,0.0,2.0,7.0,10.0,A01
201400025168,0,7,0,0.0,2.0,4.0,2.0,B01
201400025168,0,7,0,0.0,2.0,1.0,2.0,A01
201400025168,0,10,0,0.0,0.0,4.0,2.0,C01
201400025169,0,33,0,0.0,2.0,1.0,1.0,B01
201400025169,0,7,0,0.0,2.0,5.0,15.0,A01
201400025170,0,1,0,0.0,0.0,7.0,1.0,B01
201400025170,0,7,0,0.0,2.0,1.0,1.0,A01
201400025170,0,7,0,0.0,0.0,1.0,1.0,C01
201400025171,0,7,0,3.0,0.0,7.0,14.0,A01
201400025172,0,15,0,0.0,0.0,7.0,1.0,A01
201400025173,0,1,0,0.0,0.0,0.0,1.0,A01
201400025174,0,7,0,0.0,0.0,4.0,1.0,B01
201400025174,0,7,0,0.0,2.0,1.0,2.0,A01
201400025175,0,30,0,0.0,0.0,1.0,2.0,A01
201400025175,0,7,0,0.0,0.0,6.0,2.0,B01
201400025176,0,7,0,0.0,2.0,2.0,15.0,A01
201400025176,0,33,0,0.0,2.0,2.0,17.0,B01
201400025177,0,1,0,0.0,0.0,0.0,1.0,A01
201400025178,0,7,0,0.0,2.0,1.0,1.0,A01
201400025178,0,7,0,0.0,0.0,4.0,1.0,B01
201400025179,0,37,1,0.0,0.0,6.0,1.0,B01
201400025179,0,7,0,0.0,0.0,2.0,2.0,A01
201400025180,0,7,0,0.0,2.0,3.0,1.0,B01
201400025180,0,7,0,0.0,2.0,2.0,1.0,A01
201400025181,0,7,0,0.0,0.0,4.0,2.0,B01
201400025181,0,7,0,0.0,2.0,1.0,2.0,A01
201400025182,0,32,0,0.0,2.0,1.0,1.0,B01
201400025182,0,7,0,0.0,0.0,3.0,9.0,A01
201400025183,0,3,0,0.0,2.0,7.0,1.0,B01
201400025183,1,7,0,0.0,2.0,0.0,15.0,A01
201400025184,0,33,0,0.0,2.0,4.0,1.0,B01
201400025184,0,7,0,0.0,2.0,1.0,2.0,A01
201400025185,0,30,0,0.0,0.0,1.0,2.0,A01
201400025185,0,7,0,0.0,0.0,4.0,2.0,B01
201400025186,0,7,0,0.0,0.0,3.0,1.0,A01
201400025186,0,7,0,0.0,0.0,1.0,1.0,B01
201400025187,0,7,0,0.0,2.0,2.0,1.0,B01
201400025187,0,7,0,0.0,2.0,1.0,1.0,A01
201400025188,0,33,0,0.0,9.0,1.0,21.0,B01
201400025188,0,1,0,0.0,2.0,1.0,19.0,A01
201400025189,0,7,0,0.0,2.0,2.0,15.0,A01
201400025189,0,33,0,0.0,2.0,8.0,1.0,B01
201400025190,1,7,0,0.0,1.0,4.0,4.0,A01
201400025191,0,10,0,0.0,2.0,4.0,16.0,B01
201400025191,0,10,0,0.0,2.0,2.0,1.0,A01
201400025192,0,33,0,4.0,0.0,8.0,21.0,A01
201400025193,0,10,0,0.0,1.0,4.0,4.0,A01
201400025194,0,7,0,0.0,2.0,8.0,1.0,A01
201400025194,0,1,0,0.0,2.0,1.0,1.0,B01
201400025195,1,7,0,0.0,1.0,4.0,4.0,A01
201400025196,0,7,0,0.0,2.0,1.0,1.0,B01
201400025196,0,7,0,0.0,2.0,3.0,9.0,A01
201400025197,0,7,0,0.0,9.0,4.0,1.0,B01
201400025197,0,7,0,0.0,2.0,4.0,2.0,A01
201400025198,0,7,0,0.0,1.0,6.0,4.0,A01
201400025199,0,33,0,7.0,0.0,1.0,13.0,A01
201400025200,2,7,0,2.0,0.0,2.0,13.0,A01
201400025201,0,32,0,0.0,2.0,8.0,1.0,B01
201400025201,0,7,0,0.0,2.0,2.0,1.0,A01
201400025202,0,7,0,0.0,2.0,3.0,15.0,B01
201400025202,0,34,0,14.0,2.0,1.0,1.0,A01
201400025203,0,7,0,0.0,0.0,2.0,14.0,A01
201400025204,0,1,0,0.0,2.0,1.0,9.0,A01
201400025204,0,7,0,0.0,2.0,2.0,15.0,B01
201400025205,0,10,0,0.0,1.0,1.0,1.0,A01
201400025206,0,7,0,0.0,0.0,1.0,2.0,B01
201400025206,0,7,0,0.0,0.0,1.0,15.0,A01
201400025207,0,7,0,0.0,1.0,1.0,1.0,A01
201400025208,0,7,0,0.0,2.0,6.0,1.0,B01
201400025208,0,31,0,0.0,2.0,2.0,17.0,A01
201400025209,0,31,0,13.0,0.0,1.0,1.0,A01
201400025210,0,7,0,0.0,1.0,1.0,21.0,A01
201400025211,0,30,0,0.0,2.0,1.0,1.0,B01
201400025211,0,7,0,0.0,2.0,1.0,15.0,A01
201400025212,0,7,0,0.0,2.0,3.0,15.0,A01
201400025212,0,32,0,0.0,2.0,3.0,19.0,B01
201400025213,0,99,0,0.0,2.0,7.0,15.0,A01
201400025213,0,7,0,0.0,2.0,2.0,1.0,B01
201400025214,0,30,0,0.0,2.0,1.0,2.0,A01
201400025214,0,7,0,0.0,0.0,4.0,2.0,B01
201400025215,0,7,0,0.0,1.0,1.0,0.0,A01
201400025216,0,31,0,0.0,2.0,3.0,1.0,A01
201400025216,1,7,0,0.0,0.0,0.0,12.0,Z01
201400025217,0,7,0,0.0,2.0,1.0,23.0,A01
201400025217,1,7,0,0.0,0.0,2.0,16.0,Z01
201400025218,0,7,0,4.0,0.0,3.0,1.0,A01
201400025219,0,7,0,0.0,2.0,2.0,12.0,A01
201400025219,0,34,0,0.0,2.0,8.0,1.0,B01
201400025220,0,30,0,0.0,2.0,1.0,1.0,B01
201400025220,0,7,0,0.0,2.0,2.0,1.0,A01
201400025221,0,7,0,0.0,1.0,4.0,4.0,A01
201400025222,0,1,0,0.0,2.0,1.0,1.0,B01
201400025222,0,7,0,0.0,2.0,2.0,1.0,A01
201400025223,0,30,0,0.0,2.0,8.0,3.0,A01
201400025223,0,7,0,0.0,2.0,2.0,1.0,B01
201400025224,0,7,0,0.0,2.0,1.0,2.0,A01
201400025224,0,7,0,0.0,2.0,4.0,1.0,B01
201400025225,1,7,0,0.0,2.0,7.0,17.0,Z01
201400025225,0,1,0,0.0,2.0,8.0,1.0,B01
201400025226,0,7,0,0.0,2.0,3.0,15.0,A01
201400025226,0,2,0,0.0,2.0,1.0,1.0,B01
201400025227,0,31,0,0.0,2.0,1.0,17.0,A01
201400025227,0,7,0,0.0,0.0,4.0,1.0,B01
201400025228,0,31,0,0.0,0.0,4.0,2.0,B01
201400025228,0,7,0,0.0,2.0,2.0,2.0,A01
201400025229,0,7,0,2.0,0.0,1.0,0.0,A01
201400025230,0,7,0,0.0,2.0,8.0,15.0,A01
201400025230,0,31,0,0.0,2.0,7.0,1.0,B01
201400025231,0,32,0,0.0,2.0,1.0,1.0,B01
201400025231,0,7,0,0.0,2.0,2.0,15.0,A01
201400025232,0,7,0,0.0,1.0,1.0,0.0,A01
201400025233,0,7,0,0.0,1.0,1.0,1.0,A01
201400025234,0,7,0,0.0,1.0,6.0,0.0,A01
201400025235,0,10,0,0.0,2.0,1.0,1.0,A01
201400025235,0,7,0,0.0,0.0,4.0,1.0,B01
201400025236,0,7,0,12.0,0.0,7.0,1.0,A01
201400025237,0,30,0,0.0,2.0,1.0,16.0,A01
201400025237,0,10,0,0.0,2.0,3.0,1.0,B01
201400025238,0,7,0,0.0,2.0,7.0,1.0,C01
201400025238,0,32,0,0.0,2.0,7.0,17.0,A01
201400025238,0,10,0,0.0,2.0,3.0,1.0,B01
201400025239,0,32,0,0.0,2.0,1.0,0.0,A01
201400025239,0,7,0,0.0,2.0,2.0,1.0,B01
201400025240,0,33,0,0.0,2.0,3.0,18.0,A01
201400025240,0,7,0,0.0,2.0,2.0,16.0,B01
201400025241,0,7,0,0.0,1.0,1.0,1.0,A01
201400025242,0,33,0,0.0,2.0,2.0,21.0,B01
201400025242,0,7,0,0.0,2.0,3.0,13.0,A01
201400025243,0,7,0,0.0,2.0,3.0,9.0,A01
201400025243,0,1,0,0.0,2.0,7.0,1.0,B01
201400025244,0,31,0,0.0,2.0,8.0,1.0,B01
201400025244,0,7,0,0.0,2.0,8.0,13.0,A01
201400025245,0,7,0,0.0,1.0,3.0,1.0,A01
201400025246,0,7,0,0.0,2.0,3.0,15.0,A01
201400025246,0,33,0,12.0,2.0,3.0,0.0,B01
201400025247,0,37,1,0.0,1.0,5.0,17.0,A01
201400025248,0,33,0,0.0,0.0,7.0,17.0,A01
201400025248,0,7,0,0.0,2.0,8.0,1.0,B01
201400025249,0,7,0,0.0,2.0,1.0,2.0,A01
201400025249,0,7,0,0.0,0.0,4.0,2.0,B01
201400025250,0,32,0,0.0,2.0,1.0,17.0,A01
201400025250,0,7,0,0.0,2.0,6.0,15.0,B01
201400025251,0,7,0,0.0,1.0,1.0,16.0,A01
201400025252,0,7,0,15.0,0.0,8.0,0.0,A01
201400025253,0,7,0,0.0,0.0,3.0,15.0,A01
201400025253,0,31,0,0.0,2.0,1.0,1.0,B01
201400025254,0,7,0,8.0,0.0,3.0,15.0,A01
201400025255,0,30,0,0.0,0.0,8.0,1.0,A01
201400025256,0,7,0,0.0,2.0,2.0,9.0,A01
201400025256,0,1,0,0.0,2.0,1.0,1.0,B01
201400025257,0,7,0,0.0,2.0,1.0,1.0,B01
201400025257,0,7,0,0.0,2.0,8.0,1.0,A01
201400025258,0,7,0,0.0,2.0,8.0,10.0,A01
201400025258,0,7,0,0.0,2.0,1.0,1.0,B01
201400025259,0,30,0,0.0,0.0,1.0,1.0,A01
201400025260,0,7,0,0.0,2.0,1.0,13.0,A01
201400025260,0,3,0,0.0,2.0,1.0,1.0,B01
201400025261,0,7,0,0.0,1.0,5.0,6.0,A01
201400025262,0,7,0,0.0,2.0,2.0,1.0,B01
201400025262,0,7,0,0.0,2.0,1.0,1.0,A01
201400025263,0,10,0,0.0,2.0,2.0,16.0,A01
201400025263,0,1,0,0.0,2.0,1.0,1.0,B01
201400025264,0,7,0,0.0,1.0,1.0,1.0,A01
201400025265,0,7,0,0.0,2.0,8.0,15.0,B01
201400025265,0,1,0,0.0,2.0,1.0,19.0,A01
201400025266,0,7,0,0.0,2.0,4.0,9.0,B01
201400025266,0,7,0,0.0,2.0,1.0,1.0,A01
201400025267,0,7,0,0.0,2.0,5.0,1.0,B01
201400025267,0,7,0,0.0,2.0,3.0,15.0,A01
201400025268,0,7,0,0.0,2.0,1.0,1.0,B01
201400025268,0,7,0,0.0,2.0,1.0,15.0,A01
201400025269,0,33,0,0.0,0.0,8.0,15.0,B01
201400025269,0,7,0,0.0,0.0,6.0,11.0,A01
201400025270,0,7,0,0.0,0.0,3.0,1.0,A01
201400025270,0,7,0,0.0,0.0,2.0,15.0,B01
201400025271,0,7,0,11.0,0.0,1.0,1.0,A01
201400025272,0,33,0,0.0,9.0,2.0,1.0,B01
201400025272,0,7,0,0.0,0.0,6.0,2.0,A01
201400025273,0,7,0,0.0,2.0,3.0,15.0,A01
201400025273,0,34,0,0.0,2.0,1.0,1.0,B01
201400025274,0,7,0,0.0,2.0,1.0,1.0,B01
201400025274,0,7,0,0.0,2.0,2.0,15.0,A01
201400025275,0,30,0,0.0,2.0,5.0,1.0,B01
201400025275,0,7,0,0.0,2.0,2.0,1.0,A01
201400025276,0,7,0,0.0,2.0,6.0,2.0,B01
201400025276,0,7,0,0.0,2.0,4.0,2.0,C01
201400025276,0,7,0,0.0,2.0,1.0,2.0,A01
201400025277,0,7,0,0.0,2.0,2.0,1.0,A01
201400025277,0,33,0,0.0,0.0,6.0,2.0,B01
201400025278,0,31,0,0.0,0.0,8.0,1.0,A01
201400025279,0,7,0,4.0,0.0,3.0,1.0,A01
201400025280,0,10,0,0.0,0.0,1.0,2.0,A01
201400025280,0,7,0,0.0,0.0,4.0,2.0,C01
201400025280,0,7,0,0.0,0.0,4.0,2.0,B01
201400025280,0,7,0,0.0,0.0,4.0,2.0,D01
201400025281,0,1,0,0.0,4.0,3.0,9.0,A01
201400025281,0,40,0,0.0,2.0,1.0,1.0,B01
201400025282,0,34,0,0.0,2.0,1.0,2.0,B01
201400025282,0,7,0,0.0,2.0,1.0,15.0,A01
201400025283,0,7,0,0.0,2.0,3.0,23.0,B01
201400025283,0,7,0,0.0,2.0,2.0,2.0,A01
201400025284,0,1,0,0.0,2.0,1.0,1.0,B01
201400025284,0,7,0,0.0,2.0,3.0,15.0,A01
201400025285,1,7,0,0.0,2.0,2.0,0.0,A01
201400025285,0,30,0,0.0,2.0,4.0,0.0,B01
201400025286,0,33,0,0.0,2.0,1.0,1.0,B01
201400025286,0,7,0,0.0,2.0,2.0,15.0,A01
201400025287,0,31,0,12.0,0.0,1.0,1.0,A01
201400025288,0,7,0,12.0,0.0,2.0,1.0,A01
201400025289,0,7,0,0.0,2.0,2.0,1.0,B01
201400025289,0,2,0,0.0,2.0,1.0,1.0,A01
201400025290,0,7,0,0.0,2.0,9.0,2.0,B01
201400025290,0,7,0,0.0,2.0,1.0,2.0,A01
201400025290,0,7,0,0.0,2.0,4.0,2.0,C01
201400025291,0,33,0,12.0,0.0,1.0,1.0,A01
201400025292,0,32,0,0.0,2.0,2.0,17.0,A01
201400025292,0,7,0,0.0,2.0,6.0,15.0,B01
201400025293,0,7,0,13.0,0.0,1.0,1.0,A01
201400025294,1,7,0,0.0,1.0,0.0,0.0,A01
201400025295,0,7,0,0.0,2.0,1.0,2.0,A01
201400025295,0,7,0,0.0,2.0,4.0,1.0,B01
201400025296,0,10,0,0.0,2.0,2.0,1.0,A01
201400025296,0,32,0,0.0,2.0,1.0,1.0,B01
201400025297,0,2,0,0.0,2.0,3.0,17.0,A01
201400025297,0,7,0,0.0,2.0,3.0,15.0,B01
201400025298,0,31,0,0.0,2.0,7.0,17.0,B01
201400025298,1,7,0,0.0,2.0,8.0,10.0,A01
201400025299,0,32,0,0.0,2.0,1.0,2.0,A01
201400025299,0,7,0,0.0,0.0,4.0,23.0,B01
201400025300,0,7,0,0.0,2.0,1.0,1.0,B01
201400025300,0,7,0,0.0,2.0,1.0,1.0,A01
201400025301,0,7,0,0.0,2.0,1.0,1.0,B01
201400025301,0,7,0,0.0,2.0,3.0,5.0,A01
201400025302,0,7,0,15.0,0.0,3.0,13.0,A01
201400025303,1,99,0,0.0,1.0,0.0,0.0,Z01
201400025304,0,7,0,0.0,0.0,7.0,1.0,B01
201400025304,0,1,0,0.0,2.0,1.0,19.0,A01
201400025305,0,10,0,0.0,2.0,1.0,2.0,A01
201400025305,0,7,0,0.0,0.0,4.0,2.0,B01
201400025306,0,34,0,0.0,2.0,1.0,1.0,B01
201400025306,0,13,0,0.0,2.0,3.0,15.0,A01
201400025307,0,40,0,0.0,2.0,1.0,1.0,B01
201400025307,0,1,0,0.0,4.0,8.0,15.0,A01
201400025308,0,33,0,0.0,2.0,7.0,12.0,A01
201400025308,0,7,0,0.0,2.0,3.0,1.0,B01
201400025309,0,7,0,0.0,2.0,4.0,2.0,B01
201400025309,0,7,0,0.0,2.0,1.0,2.0,A01
201400025310,0,7,0,0.0,2.0,4.0,2.0,B01
201400025310,0,7,0,0.0,2.0,1.0,2.0,A01
201400025311,0,7,0,15.0,0.0,2.0,14.0,A01
201400025312,0,7,0,0.0,2.0,3.0,2.0,B01
201400025312,0,1,0,0.0,2.0,2.0,12.0,A01
201400025313,0,7,0,0.0,2.0,3.0,1.0,B01
201400025313,0,7,0,0.0,2.0,7.0,12.0,A01
201400025314,0,7,0,0.0,2.0,3.0,15.0,A01
201400025314,0,32,0,0.0,2.0,1.0,13.0,B01
201400025315,0,7,0,0.0,0.0,2.0,11.0,A01
201400025315,0,1,0,0.0,0.0,1.0,0.0,B01
201400025316,0,7,0,0.0,2.0,3.0,15.0,B01
201400025316,0,7,0,0.0,2.0,1.0,1.0,A01
201400025317,0,10,0,0.0,2.0,2.0,16.0,B01
201400025317,1,30,0,0.0,2.0,0.0,18.0,Z01
201400025318,0,30,0,0.0,0.0,0.0,2.0,A01
201400025319,0,33,0,0.0,2.0,8.0,1.0,B01
201400025319,0,10,0,0.0,2.0,1.0,15.0,A01
201400025320,0,31,0,0.0,2.0,1.0,1.0,B01
201400025320,0,7,0,0.0,0.0,0.0,10.0,A01
201400025321,0,32,0,0.0,2.0,2.0,1.0,B01
201400025321,0,7,0,0.0,2.0,3.0,1.0,A01
201400025322,0,7,0,0.0,0.0,8.0,1.0,B01
201400025322,1,7,0,0.0,2.0,1.0,1.0,A01
201400025323,0,15,0,0.0,1.0,7.0,1.0,A01
201400025324,0,32,0,0.0,0.0,0.0,1.0,A01
201400025325,0,7,0,3.0,0.0,5.0,1.0,A01
201400025326,0,7,0,0.0,2.0,1.0,2.0,A01
201400025326,0,7,0,0.0,0.0,4.0,23.0,C01
201400025326,0,7,0,0.0,2.0,1.0,2.0,B01
201400025327,0,7,0,0.0,0.0,6.0,2.0,B01
201400025327,0,31,0,0.0,2.0,2.0,2.0,A01
201400025328,1,7,0,0.0,1.0,0.0,0.0,Z01
201400025329,0,7,0,0.0,1.0,7.0,1.0,A01
201400025330,1,99,0,0.0,1.0,0.0,0.0,Z01
201400025331,0,33,0,0.0,2.0,4.0,2.0,B01
201400025331,0,7,0,0.0,2.0,1.0,2.0,A01
201400025332,0,32,0,4.0,0.0,7.0,0.0,A01
201400025333,0,1,0,0.0,2.0,1.0,1.0,A01
201400025333,0,7,0,0.0,9.0,2.0,1.0,B01
201400025334,0,7,0,0.0,2.0,3.0,15.0,A01
201400025334,0,30,0,0.0,1.0,1.0,1.0,Z01
201400025335,0,7,0,0.0,2.0,2.0,21.0,B01
201400025335,0,7,0,0.0,2.0,3.0,11.0,A01
201400025336,0,7,0,0.0,4.0,8.0,15.0,A01
201400025336,0,40,0,0.0,2.0,2.0,1.0,B01
201400025337,0,31,0,0.0,2.0,1.0,1.0,C01
201400025337,0,7,0,0.0,2.0,1.0,5.0,A01
201400025337,0,7,0,0.0,2.0,1.0,1.0,B01
201400025338,0,7,0,0.0,9.0,6.0,2.0,B01
201400025338,0,31,0,0.0,2.0,1.0,2.0,A01
201400025339,0,7,0,0.0,1.0,5.0,0.0,A01
201400025340,0,7,0,0.0,2.0,1.0,1.0,B01
201400025340,0,7,0,0.0,0.0,7.0,15.0,A01
201400025341,0,31,0,0.0,0.0,8.0,1.0,A01
201400025342,0,7,0,0.0,2.0,1.0,2.0,A01
201400025342,0,7,0,0.0,0.0,4.0,2.0,C01
201400025342,0,7,0,0.0,2.0,1.0,2.0,B01
201400025343,0,7,0,0.0,2.0,4.0,1.0,A01
201400025343,0,7,0,0.0,2.0,1.0,1.0,B01
201400025344,0,33,0,0.0,2.0,1.0,1.0,B01
201400025344,0,7,0,0.0,2.0,5.0,15.0,A01
201400025345,0,7,0,0.0,2.0,3.0,9.0,A01
201400025345,0,7,0,0.0,2.0,5.0,14.0,B01
201400025346,0,7,0,0.0,1.0,1.0,1.0,A01
201400025347,0,7,0,0.0,2.0,3.0,1.0,C01
201400025347,0,7,0,0.0,2.0,1.0,1.0,B01
201400025347,0,7,0,0.0,2.0,2.0,13.0,A01
201400025348,0,33,0,0.0,2.0,1.0,0.0,A01
201400025348,0,1,0,0.0,2.0,2.0,0.0,B01
201400025349,0,7,0,0.0,1.0,2.0,17.0,A01
201400025350,0,34,0,0.0,2.0,1.0,2.0,A01
201400025350,0,7,0,0.0,0.0,4.0,2.0,B01
201400025351,0,33,0,0.0,2.0,4.0,1.0,B01
201400025351,0,7,0,0.0,2.0,1.0,2.0,A01
201400025352,0,7,0,0.0,1.0,2.0,0.0,A01
201400025353,0,7,0,0.0,2.0,2.0,15.0,A01
201400025353,0,33,0,0.0,2.0,7.0,1.0,B01
201400025354,0,7,0,0.0,2.0,8.0,0.0,A01
201400025354,0,7,0,0.0,2.0,1.0,0.0,B01
201400025355,0,7,0,0.0,1.0,1.0,1.0,A01
201400025356,0,7,0,0.0,2.0,8.0,15.0,A01
201400025356,0,33,0,0.0,2.0,8.0,1.0,B01
201400025357,0,7,0,8.0,0.0,8.0,1.0,A01
201400025358,1,7,0,0.0,1.0,1.0,0.0,A01
201400025359,0,10,0,0.0,2.0,2.0,15.0,B01
201400025359,0,30,0,0.0,2.0,1.0,17.0,A01
201400025360,0,33,0,0.0,2.0,1.0,1.0,B01
201400025360,0,7,0,0.0,0.0,7.0,15.0,A01
201400025361,0,34,0,0.0,2.0,1.0,1.0,B01
201400025361,0,7,0,0.0,2.0,2.0,15.0,A01
201400025362,0,7,0,0.0,2.0,8.0,16.0,A01
201400025362,0,1,0,0.0,2.0,1.0,19.0,B01
201400025363,0,7,0,0.0,0.0,1.0,15.0,B01
201400025363,0,31,0,0.0,0.0,8.0,1.0,A01
201400025364,0,10,0,0.0,2.0,7.0,15.0,A01
201400025364,0,7,0,0.0,2.0,1.0,1.0,B01
201400025365,0,31,0,0.0,0.0,0.0,21.0,A01
201400025366,0,2,0,0.0,2.0,1.0,1.0,B01
201400025366,0,7,0,0.0,2.0,2.0,15.0,A01
201400025367,0,33,0,0.0,2.0,1.0,1.0,A01
201400025367,0,7,0,0.0,2.0,2.0,15.0,B01
201400025368,0,7,0,1.0,0.0,8.0,19.0,A01
201400025368,0,30,0,1.0,2.0,1.0,1.0,B01
201400025369,0,7,0,0.0,2.0,1.0,23.0,B01
201400025369,0,7,0,0.0,0.0,6.0,10.0,A01
201400025369,0,7,0,0.0,2.0,1.0,1.0,C01
201400025370,0,33,0,0.0,2.0,1.0,1.0,B01
201400025370,0,7,0,0.0,2.0,7.0,15.0,A01
201400025371,2,30,0,0.0,1.0,1.0,0.0,A01
201400025372,0,7,0,0.0,1.0,1.0,1.0,A01
201400025373,0,30,0,0.0,2.0,8.0,1.0,B01
201400025373,1,7,0,0.0,2.0,1.0,1.0,Z01
201400025374,0,33,0,0.0,1.0,2.0,1.0,A01
201400025375,0,7,0,8.0,2.0,3.0,9.0,A01
201400025375,0,7,0,0.0,2.0,2.0,0.0,B01
201400025376,0,10,0,0.0,0.0,8.0,16.0,B01
201400025376,0,30,0,0.0,2.0,1.0,1.0,A01
201400025377,1,30,0,0.0,1.0,0.0,0.0,Z01
201400025378,0,7,0,0.0,2.0,2.0,15.0,A01
201400025378,0,33,0,0.0,2.0,1.0,1.0,B01
201400025379,0,7,0,0.0,1.0,1.0,15.0,A01
201400025380,0,40,0,0.0,2.0,3.0,2.0,B01
201400025380,0,14,0,0.0,4.0,7.0,16.0,A01
201400025381,0,2,0,0.0,2.0,1.0,1.0,B01
201400025381,0,7,0,0.0,2.0,7.0,1.0,A01
201400025382,1,34,0,0.0,1.0,0.0,1.0,Z01
201400025383,0,33,0,0.0,2.0,1.0,23.0,B01
201400025383,0,10,0,0.0,2.0,4.0,4.0,A01
201400025384,0,7,0,0.0,1.0,3.0,9.0,A01
201400025385,0,1,0,0.0,1.0,1.0,1.0,A01
201400025386,0,7,0,0.0,2.0,3.0,9.0,A01
201400025386,0,7,0,0.0,2.0,7.0,1.0,B01
201400025387,0,7,0,0.0,1.0,2.0,15.0,A01
201400025388,0,10,0,0.0,2.0,7.0,15.0,B01
201400025388,0,33,0,0.0,2.0,1.0,1.0,A01
201400025389,0,32,0,0.0,2.0,1.0,17.0,A01
201400025389,0,7,0,0.0,2.0,3.0,15.0,B01
201400025390,0,7,0,0.0,0.0,4.0,2.0,B01
201400025390,0,7,0,0.0,2.0,1.0,2.0,A01
201400025391,0,7,0,0.0,2.0,2.0,2.0,B01
201400025391,0,7,0,0.0,2.0,3.0,15.0,A01
201400025392,0,33,0,0.0,2.0,2.0,17.0,A01
201400025392,0,7,0,0.0,2.0,3.0,15.0,B01
201400025393,0,33,0,0.0,1.0,1.0,0.0,A01
201400025394,0,33,0,4.0,0.0,2.0,0.0,A01
201400025395,0,31,0,1.0,2.0,2.0,1.0,B01
201400025395,0,7,0,1.0,0.0,2.0,20.0,A01
201400025396,0,7,0,1.0,2.0,1.0,9.0,A01
201400025396,0,7,0,1.0,0.0,3.0,11.0,B01
201400025397,0,7,0,0.0,2.0,1.0,2.0,A01
201400025397,0,7,0,0.0,0.0,4.0,2.0,B01
201400025398,0,7,0,6.0,0.0,1.0,1.0,A01
201400025399,0,7,0,0.0,2.0,3.0,15.0,A01
201400025399,0,32,0,0.0,2.0,5.0,17.0,B01
201400025400,0,7,0,0.0,2.0,3.0,5.0,A01
201400025400,0,7,0,0.0,2.0,3.0,2.0,B01
201400025401,0,7,0,0.0,2.0,2.0,12.0,A01
201400025401,0,32,0,0.0,2.0,8.0,1.0,B01
201400025402,0,7,0,0.0,2.0,2.0,15.0,A01
201400025402,0,32,0,0.0,2.0,1.0,1.0,B01
201400025403,0,7,0,0.0,2.0,3.0,9.0,A01
201400025403,0,7,0,0.0,0.0,3.0,1.0,B01
201400025404,0,7,0,1.0,0.0,4.0,23.0,C01
201400025404,0,7,0,1.0,0.0,1.0,14.0,A01
201400025404,0,33,0,1.0,0.0,4.0,23.0,B01
201400025405,0,7,0,9.0,0.0,2.0,0.0,A01
201400025406,0,7,0,0.0,2.0,1.0,1.0,B01
201400025406,0,32,0,0.0,2.0,2.0,1.0,A01
201400025407,1,34,0,0.0,1.0,1.0,1.0,A01
201400025408,0,7,0,0.0,1.0,2.0,1.0,A01
201400025409,1,33,0,0.0,2.0,1.0,1.0,B01
201400025409,0,7,0,0.0,2.0,1.0,0.0,A01
201400025410,0,7,0,0.0,2.0,1.0,1.0,B01
201400025410,0,10,0,0.0,2.0,2.0,15.0,A01
201400025411,0,32,0,0.0,2.0,8.0,1.0,B01
201400025411,0,7,0,0.0,2.0,1.0,15.0,A01
201400025412,0,7,0,0.0,2.0,1.0,2.0,A01
201400025412,0,31,0,0.0,0.0,4.0,9.0,B01
201400025413,0,7,0,0.0,1.0,8.0,15.0,A01
201400025414,0,7,0,0.0,2.0,7.0,15.0,A01
201400025414,2,7,0,0.0,2.0,1.0,0.0,B01
201400025415,0,7,0,0.0,2.0,3.0,13.0,A01
201400025415,0,7,0,0.0,2.0,3.0,0.0,B01
201400025416,0,7,0,9.0,2.0,5.0,23.0,B01
201400025416,0,7,0,0.0,2.0,4.0,23.0,C01
201400025416,0,7,0,0.0,2.0,1.0,1.0,A01
201400025417,0,33,0,13.0,2.0,7.0,2.0,B01
201400025417,0,7,0,0.0,2.0,2.0,16.0,A01
201400025418,0,10,0,0.0,2.0,8.0,11.0,B01
201400025418,0,32,0,0.0,2.0,7.0,1.0,A01
201400025419,0,30,0,0.0,2.0,7.0,16.0,A01
201400025419,1,7,0,0.0,2.0,3.0,0.0,B01
201400025420,0,7,0,0.0,0.0,6.0,9.0,A01
201400025420,0,32,0,0.0,2.0,8.0,1.0,B01
201400025421,1,7,0,1.0,1.0,0.0,15.0,Z01
201400025422,0,7,0,0.0,1.0,1.0,16.0,A01
201400025423,0,7,0,0.0,2.0,3.0,1.0,C01
201400025423,0,7,0,0.0,2.0,1.0,5.0,A01
201400025423,0,33,0,0.0,2.0,1.0,1.0,B01
201400025424,0,2,0,0.0,1.0,0.0,1.0,A01
201400025425,0,7,0,0.0,2.0,1.0,2.0,A01
201400025425,0,7,0,0.0,2.0,4.0,2.0,B01
201400025425,0,7,0,0.0,2.0,4.0,2.0,C01
201400025426,0,33,0,0.0,1.0,1.0,1.0,A01
201400025427,0,32,0,0.0,2.0,1.0,1.0,B01
201400025427,0,7,0,0.0,2.0,1.0,9.0,A01
201400025428,1,32,0,0.0,2.0,1.0,2.0,Z01
201400025428,0,1,0,0.0,2.0,4.0,1.0,A01