Num_Acc,senc,catv,occutc,obs,obsm,choc,manv,num_veh
201400025429,1,7,0,0.0,1.0,2.0,0.0,A01
201400025430,0,2,0,14.0,0.0,7.0,1.0,A01
201400025431,0,7,0,0.0,2.0,1.0,0.0,A01
201400025431,0,7,0,0.0,2.0,1.0,1.0,B01
201400025432,0,1,0,0.0,2.0,1.0,19.0,A01
201400025432,0,7,0,0.0,2.0,1.0,1.0,B01
201400025433,0,7,0,0.0,2.0,2.0,1.0,B01
201400025433,0,10,0,0.0,2.0,1.0,1.0,A01
201400025434,0,33,0,0.0,0.0,1.0,0.0,A01
201400025435,0,7,0,0.0,1.0,1.0,15.0,A01
201400025436,0,7,0,0.0,2.0,3.0,1.0,A01
201400025436,0,7,0,0.0,2.0,3.0,1.0,B01
201400025437,0,7,0,0.0,2.0,1.0,0.0,A01
201400025437,0,7,0,0.0,2.0,3.0,1.0,B01
201400025437,0,7,0,0.0,2.0,1.0,1.0,C01
201400025438,0,7,0,0.0,2.0,9.0,1.0,C01
201400025438,0,7,0,0.0,2.0,1.0,1.0,B01
201400025438,0,7,0,0.0,2.0,2.0,12.0,A01
201400025439,0,7,0,10.0,0.0,1.0,0.0,A01
201400025440,0,7,0,0.0,2.0,4.0,0.0,C01
201400025440,0,10,0,0.0,0.0,0.0,0.0,D01
201400025440,0,10,0,0.0,2.0,1.0,1.0,B01
201400025440,0,7,0,1.0,2.0,7.0,1.0,A01
201400025441,0,7,0,0.0,2.0,3.0,0.0,B01
201400025441,0,7,0,0.0,2.0,3.0,0.0,A01
201400025442,0,2,0,1.0,0.0,1.0,1.0,A01
201400025442,0,7,0,0.0,2.0,6.0,23.0,B01
201400025443,0,7,0,0.0,1.0,4.0,4.0,A01
201400025444,0,7,0,0.0,0.0,0.0,0.0,A01
201400025444,0,32,0,0.0,0.0,8.0,0.0,B01
201400025445,0,7,0,0.0,2.0,2.0,15.0,A01
201400025445,0,2,0,0.0,2.0,1.0,1.0,B01
201400025446,0,32,0,0.0,2.0,7.0,15.0,A01
201400025446,0,7,0,0.0,2.0,1.0,1.0,B01
201400025447,0,7,0,0.0,2.0,4.0,0.0,B01
201400025447,0,2,0,3.0,0.0,1.0,0.0,A01
201400025448,0,7,0,0.0,2.0,1.0,15.0,B01
201400025448,0,34,0,0.0,2.0,7.0,0.0,A01
201400025449,0,7,0,0.0,2.0,3.0,1.0,B01
201400025449,0,7,0,0.0,2.0,1.0,1.0,A01
201400025450,0,7,0,0.0,1.0,4.0,0.0,A01
201400025451,0,32,0,0.0,2.0,1.0,0.0,A01
201400025451,0,7,0,0.0,2.0,1.0,0.0,B01
201400025452,0,7,0,0.0,2.0,0.0,1.0,B01
201400025452,0,7,0,0.0,2.0,2.0,1.0,A01
201400025453,0,7,0,0.0,1.0,3.0,1.0,A01
201400025454,0,13,0,6.0,0.0,1.0,0.0,A01
201400025455,0,7,0,0.0,2.0,1.0,1.0,C01
201400025455,0,2,0,0.0,2.0,1.0,1.0,B01
201400025455,0,7,0,0.0,2.0,3.0,9.0,A01
201400025456,0,7,0,0.0,2.0,3.0,0.0,B01
201400025456,0,30,0,0.0,2.0,1.0,0.0,A01
201400025457,0,1,0,0.0,2.0,1.0,0.0,B01
201400025457,1,7,0,0.0,2.0,1.0,0.0,A01
201400025458,0,7,0,0.0,2.0,3.0,11.0,A01
201400025458,0,7,0,0.0,2.0,0.0,0.0,C01
201400025458,0,33,0,1.0,2.0,0.0,0.0,B01
201400025459,0,7,0,0.0,2.0,1.0,0.0,B01
201400025459,0,32,0,0.0,2.0,1.0,0.0,A01
201400025460,0,30,0,0.0,2.0,1.0,0.0,A01
201400025460,0,7,0,0.0,2.0,1.0,0.0,B01
201400025461,0,33,0,0.0,2.0,1.0,13.0,A01
201400025461,0,7,0,0.0,2.0,0.0,1.0,C01
201400025461,0,7,0,0.0,2.0,1.0,1.0,B01
201400025462,0,1,0,0.0,2.0,4.0,0.0,B01
201400025462,1,7,0,0.0,2.0,1.0,0.0,A01
201400025463,0,3,0,0.0,2.0,8.0,15.0,A01
201400025463,0,33,0,0.0,2.0,1.0,0.0,B01
201400025464,0,32,0,15.0,2.0,1.0,2.0,B01
201400025464,0,7,0,0.0,2.0,5.0,14.0,A01
201400025465,0,7,0,0.0,1.0,1.0,0.0,A01
201400025466,0,33,0,0.0,2.0,8.0,2.0,A01
201400025466,0,7,0,0.0,2.0,2.0,2.0,B01
201400025467,0,32,0,14.0,0.0,0.0,1.0,A01
201400025468,0,7,0,6.0,0.0,1.0,0.0,A01
201400025469,0,32,0,1.0,0.0,3.0,0.0,A01
201400025469,0,10,0,0.0,2.0,6.0,0.0,B01
201400025470,0,7,0,0.0,2.0,2.0,15.0,A01
201400025470,0,32,0,0.0,2.0,1.0,1.0,B01
201400025471,0,30,0,1.0,2.0,7.0,1.0,A01
201400025471,0,7,0,0.0,2.0,1.0,1.0,B01
201400025471,0,7,0,0.0,2.0,5.0,1.0,C01
201400025472,0,30,0,0.0,0.0,8.0,0.0,A01
201400025473,0,32,0,0.0,0.0,1.0,0.0,A01
201400025474,0,7,0,0.0,2.0,1.0,2.0,A01
201400025474,0,30,0,0.0,2.0,4.0,2.0,B01
201400025475,0,7,0,0.0,2.0,7.0,1.0,B01
201400025475,0,1,0,0.0,2.0,1.0,16.0,A01
201400025476,0,7,0,0.0,1.0,1.0,1.0,A01
201400025477,0,7,0,0.0,2.0,4.0,1.0,B01
201400025477,0,32,0,0.0,2.0,1.0,1.0,A01
201400025478,0,7,0,0.0,2.0,1.0,1.0,B01
201400025478,0,7,0,0.0,2.0,1.0,13.0,A01
201400025479,0,7,0,0.0,1.0,1.0,1.0,A01
201400025480,0,7,0,0.0,2.0,1.0,1.0,A01
201400025480,0,7,0,0.0,2.0,4.0,1.0,B01
201400025481,0,7,0,0.0,2.0,1.0,1.0,B01
201400025481,0,7,0,0.0,2.0,6.0,2.0,C01
201400025481,0,7,0,0.0,2.0,2.0,1.0,D01
201400025481,0,99,0,0.0,2.0,1.0,13.0,A01
201400025482,0,7,0,0.0,2.0,4.0,1.0,C01
201400025482,0,33,0,0.0,2.0,8.0,1.0,A01
201400025482,0,7,0,0.0,2.0,7.0,1.0,B01
201400025483,0,7,0,0.0,2.0,3.0,0.0,B01
201400025483,0,32,0,1.0,0.0,1.0,0.0,A01
201400025484,0,7,0,0.0,2.0,3.0,10.0,A01
201400025484,0,34,0,0.0,2.0,1.0,1.0,B01
201400025485,0,7,0,0.0,2.0,1.0,1.0,A01
201400025485,0,7,0,0.0,1.0,1.0,2.0,B01
201400025486,0,34,0,0.0,1.0,1.0,1.0,A01
201400025487,0,7,0,0.0,1.0,1.0,0.0,A01
201400025488,0,7,0,0.0,2.0,3.0,9.0,A01
201400025488,0,2,0,0.0,2.0,2.0,15.0,B01
201400025489,0,7,0,0.0,0.0,8.0,10.0,A01
201400025489,0,38,1,0.0,2.0,1.0,1.0,B01
201400025490,0,7,0,0.0,0.0,3.0,10.0,A01
201400025490,0,7,0,0.0,2.0,1.0,1.0,B01
201400025491,0,7,0,0.0,1.0,1.0,1.0,A01
201400025492,0,7,0,0.0,1.0,3.0,15.0,A01
201400025493,0,13,0,0.0,1.0,2.0,16.0,A01
201400025494,0,2,0,0.0,2.0,1.0,1.0,B01
201400025494,0,7,0,0.0,2.0,3.0,9.0,A01
201400025495,0,7,0,0.0,2.0,1.0,6.0,A01
201400025495,0,2,0,0.0,0.0,8.0,1.0,B01
201400025496,0,7,0,0.0,2.0,4.0,23.0,B01
201400025496,0,7,0,0.0,2.0,1.0,2.0,A01
201400025497,0,7,0,0.0,2.0,1.0,0.0,B01
201400025497,0,7,0,0.0,2.0,1.0,0.0,A01
201400025498,0,33,0,15.0,0.0,1.0,5.0,A01
201400025499,0,7,0,0.0,1.0,1.0,1.0,A01
201400025500,0,7,0,1.0,0.0,0.0,0.0,A01
201400025501,0,7,0,0.0,2.0,3.0,1.0,B01
201400025501,0,7,0,0.0,2.0,3.0,15.0,A01
201400025502,0,7,0,1.0,0.0,2.0,14.0,B01
201400025503,0,30,0,0.0,0.0,8.0,18.0,B01
201400025503,0,7,0,0.0,0.0,3.0,15.0,A01
201400025504,0,7,0,6.0,2.0,8.0,1.0,A01
201400025504,0,10,0,0.0,2.0,1.0,1.0,B01
201400025505,0,7,0,0.0,1.0,1.0,1.0,A01
201400025506,0,7,0,0.0,2.0,5.0,15.0,A01
201400025506,0,33,0,0.0,2.0,1.0,1.0,B01
201400025507,0,30,0,0.0,2.0,2.0,1.0,B01
201400025507,0,7,0,0.0,2.0,3.0,1.0,A01
201400025508,0,7,0,0.0,1.0,3.0,2.0,A01
201400025509,0,7,0,0.0,1.0,2.0,1.0,A01
201400025510,0,7,0,0.0,1.0,3.0,1.0,A01
201400025511,0,33,0,0.0,0.0,2.0,1.0,A01
201400025512,0,7,0,0.0,1.0,1.0,1.0,A01
201400025513,0,7,0,0.0,0.0,1.0,1.0,A01
201400025514,0,7,0,0.0,0.0,1.0,1.0,A01
201400025515,0,7,0,0.0,2.0,2.0,15.0,B01
201400025515,0,7,0,0.0,2.0,1.0,17.0,A01
201400025516,0,7,0,0.0,1.0,0.0,1.0,A01
201400025517,0,7,0,0.0,2.0,0.0,15.0,A01
201400025517,0,7,0,0.0,2.0,2.0,15.0,B01
201400025518,0,7,0,0.0,2.0,4.0,23.0,B01
201400025518,0,7,0,0.0,2.0,2.0,2.0,A01
201400025519,0,7,0,0.0,1.0,4.0,1.0,A01
201400025520,0,7,0,0.0,2.0,1.0,1.0,B01
201400025520,0,7,0,0.0,2.0,1.0,15.0,A01
201400025521,0,7,0,0.0,2.0,4.0,2.0,B01
201400025521,0,7,0,0.0,2.0,1.0,2.0,A01
201400025522,0,33,0,0.0,2.0,8.0,1.0,B01
201400025522,0,7,0,0.0,2.0,1.0,15.0,A01
201400025523,0,1,0,0.0,2.0,1.0,15.0,B01
201400025523,0,7,0,0.0,2.0,7.0,15.0,A01
201400025524,0,7,0,0.0,1.0,2.0,9.0,A01
201400025525,0,7,0,13.0,0.0,2.0,1.0,A01
201400025526,0,7,0,0.0,1.0,1.0,1.0,A01
201400025527,0,7,0,4.0,0.0,7.0,1.0,A01
201400025528,0,33,0,9.0,0.0,7.0,18.0,A01
201400025529,0,7,0,0.0,1.0,7.0,1.0,A01
201400025530,0,31,0,0.0,0.0,2.0,1.0,A01
201400025531,0,7,0,0.0,2.0,4.0,23.0,C01
201400025531,0,7,0,0.0,2.0,8.0,2.0,A01
201400025531,0,7,0,0.0,2.0,1.0,23.0,B01
201400025532,0,37,3,0.0,2.0,2.0,1.0,B01
201400025532,0,33,0,0.0,2.0,4.0,1.0,A01
201400025533,0,7,0,0.0,1.0,4.0,1.0,A01
201400025534,0,37,10,0.0,2.0,0.0,1.0,B01
201400025534,0,7,0,0.0,2.0,0.0,1.0,A01
201400025535,0,7,0,11.0,0.0,1.0,1.0,A01
201400025536,0,7,0,0.0,0.0,4.0,23.0,D01
201400025536,0,7,0,0.0,0.0,1.0,1.0,A01
201400025536,0,7,0,0.0,0.0,4.0,23.0,C01
201400025536,0,7,0,0.0,0.0,4.0,1.0,B01
201400025537,0,7,0,0.0,1.0,1.0,1.0,A01
201400025538,0,7,0,0.0,2.0,0.0,2.0,A01
201400025538,0,7,0,0.0,2.0,4.0,2.0,B01
201400025539,0,1,0,0.0,2.0,4.0,1.0,A01
201400025539,0,7,0,0.0,2.0,0.0,1.0,B01
201400025540,0,1,0,0.0,2.0,1.0,1.0,A01
201400025540,0,7,0,0.0,2.0,2.0,15.0,B01
201400025541,0,7,0,0.0,2.0,1.0,2.0,B01
201400025541,0,7,0,0.0,2.0,2.0,2.0,C01
201400025541,1,15,0,0.0,2.0,0.0,2.0,Z01
201400025542,0,31,0,0.0,2.0,1.0,1.0,B01
201400025542,0,7,0,0.0,2.0,1.0,15.0,A01
201400025543,0,33,0,0.0,0.0,0.0,1.0,A01
201400025544,0,7,0,0.0,2.0,4.0,23.0,B01
201400025544,0,7,0,0.0,2.0,1.0,1.0,A01
201400025545,0,30,0,0.0,0.0,1.0,1.0,A01
201400025546,0,7,0,0.0,2.0,5.0,15.0,A01
201400025546,0,7,0,0.0,2.0,1.0,1.0,B01
201400025547,0,30,0,0.0,0.0,5.0,1.0,A01
201400025548,0,7,0,0.0,2.0,4.0,23.0,C01
201400025548,0,7,0,0.0,2.0,1.0,2.0,A01
201400025548,0,7,0,0.0,2.0,4.0,23.0,B01
201400025549,0,7,0,0.0,1.0,1.0,16.0,A01
201400025550,0,1,0,0.0,2.0,1.0,1.0,B01
201400025550,1,7,0,0.0,2.0,0.0,1.0,A01
201400025551,0,31,0,0.0,1.0,1.0,17.0,A01
201400025552,0,7,0,0.0,2.0,0.0,4.0,A01
201400025552,0,33,0,0.0,2.0,1.0,1.0,B01
201400025553,0,7,0,0.0,2.0,0.0,2.0,A01
201400025553,0,7,0,0.0,2.0,0.0,23.0,B01
201400025554,0,7,0,0.0,2.0,1.0,2.0,A01
201400025554,0,7,0,0.0,2.0,4.0,23.0,B01
201400025555,0,10,0,3.0,0.0,4.0,1.0,A01
201400025556,0,7,0,0.0,1.0,2.0,17.0,A01
201400025557,0,7,0,0.0,2.0,9.0,1.0,B01
201400025557,0,7,0,3.0,2.0,2.0,1.0,A01
201400025558,0,7,0,0.0,2.0,2.0,9.0,A01
201400025558,0,32,0,0.0,2.0,2.0,1.0,B01
201400025559,0,7,0,0.0,1.0,3.0,1.0,A01
201400025560,0,1,0,0.0,2.0,0.0,1.0,B01
201400025560,0,7,0,0.0,2.0,3.0,16.0,A01
201400025561,0,7,0,0.0,1.0,0.0,1.0,A01
201400025562,0,33,0,0.0,0.0,0.0,1.0,A01
201400025563,0,7,0,0.0,1.0,7.0,1.0,A01
201400025564,0,7,0,0.0,1.0,1.0,1.0,A01
201400025565,0,10,0,0.0,2.0,0.0,2.0,A01
201400025565,0,7,0,0.0,2.0,0.0,2.0,B01
201400025566,0,7,0,0.0,2.0,4.0,2.0,B01
201400025566,0,7,0,0.0,2.0,8.0,2.0,A01
201400025567,0,7,0,0.0,2.0,4.0,23.0,B01
201400025567,0,10,0,0.0,2.0,4.0,2.0,A01
201400025568,0,7,0,0.0,1.0,1.0,15.0,A01
201400025569,0,7,0,0.0,0.0,1.0,1.0,A01
201400025570,0,7,0,0.0,1.0,0.0,1.0,A01
201400025571,0,1,0,0.0,2.0,1.0,1.0,B01
201400025571,0,7,0,0.0,2.0,0.0,16.0,A01
201400025572,0,7,0,0.0,2.0,1.0,1.0,A01
201400025572,0,30,0,0.0,2.0,0.0,1.0,B01
201400025573,0,7,0,0.0,2.0,4.0,23.0,C01
201400025573,0,7,0,0.0,2.0,1.0,2.0,A01
201400025573,0,7,0,0.0,2.0,4.0,23.0,B01
201400025574,0,7,0,0.0,1.0,8.0,20.0,A01
201400025575,0,7,0,0.0,2.0,0.0,2.0,A01
201400025575,0,7,0,0.0,2.0,4.0,15.0,B01
201400025576,0,31,0,0.0,2.0,9.0,12.0,A01
201400025576,0,7,0,0.0,2.0,4.0,1.0,B01
201400025577,0,7,0,0.0,2.0,9.0,15.0,A01
201400025577,0,7,0,0.0,2.0,2.0,1.0,B01
201400025578,0,7,0,0.0,2.0,4.0,2.0,B01
201400025578,0,10,0,0.0,2.0,1.0,2.0,A01
201400025578,0,7,0,0.0,2.0,1.0,2.0,C01
201400025578,0,7,0,0.0,2.0,9.0,2.0,D01
201400025579,0,7,0,1.0,2.0,1.0,0.0,A01
201400025580,0,30,0,0.0,1.0,0.0,1.0,A01
201400025581,1,7,0,0.0,1.0,2.0,1.0,A01
201400025582,0,7,0,0.0,2.0,4.0,15.0,A01
201400025582,0,1,0,0.0,2.0,1.0,1.0,B01
201400025583,0,7,0,0.0,1.0,1.0,1.0,A01
201400025584,0,1,0,0.0,2.0,1.0,15.0,B01
201400025584,0,7,0,0.0,2.0,2.0,1.0,A01
201400025585,0,7,0,0.0,2.0,4.0,16.0,A01
201400025585,0,1,0,0.0,2.0,4.0,1.0,B01
201400025586,0,7,0,0.0,1.0,1.0,1.0,A01
201400025587,0,7,0,0.0,2.0,4.0,2.0,C01
201400025587,0,7,0,0.0,2.0,4.0,2.0,B01
201400025587,0,7,0,0.0,2.0,1.0,2.0,A01
201400025588,0,7,0,13.0,0.0,1.0,10.0,A01
201400025589,0,1,0,0.0,2.0,1.0,1.0,A01
201400025589,0,7,0,0.0,2.0,1.0,15.0,B01
201400025590,0,33,0,0.0,0.0,1.0,1.0,A01
201400025591,0,7,0,0.0,2.0,4.0,2.0,C01
201400025591,0,7,0,0.0,2.0,4.0,2.0,B01
201400025591,0,7,0,0.0,2.0,0.0,2.0,A01
201400025592,0,30,0,0.0,2.0,4.0,2.0,A01
201400025592,0,10,0,0.0,2.0,4.0,23.0,B01
201400025593,0,33,0,0.0,0.0,0.0,1.0,A01
201400025594,0,7,0,9.0,0.0,9.0,1.0,A01
201400025595,0,7,0,0.0,2.0,1.0,1.0,B01
201400025595,0,10,0,0.0,2.0,1.0,15.0,A01
201400025596,0,7,0,0.0,2.0,3.0,1.0,B01
201400025596,0,7,0,0.0,2.0,1.0,13.0,A01
201400025597,0,7,0,2.0,0.0,1.0,1.0,A01
201400025598,0,7,0,9.0,0.0,1.0,1.0,A01
201400025599,0,7,0,0.0,0.0,1.0,1.0,A01
201400025600,0,7,0,0.0,2.0,1.0,15.0,A01
201400025600,0,2,0,0.0,2.0,1.0,1.0,B01
201400025601,0,7,0,0.0,2.0,3.0,15.0,A01
201400025601,0,7,0,0.0,2.0,3.0,1.0,B01
201400025602,0,7,0,0.0,2.0,3.0,2.0,A01
201400025602,0,7,0,0.0,2.0,4.0,2.0,B01
201400025603,0,7,0,0.0,2.0,3.0,2.0,B01
201400025603,0,7,0,8.0,2.0,4.0,2.0,A01
201400025604,0,33,0,0.0,2.0,1.0,1.0,B01
201400025604,0,7,0,0.0,2.0,2.0,15.0,A01
201400025605,0,30,0,0.0,2.0,1.0,1.0,A01
201400025605,0,7,0,0.0,2.0,3.0,15.0,B01
201400025606,0,30,0,9.0,0.0,8.0,1.0,A01
201400025607,0,7,0,0.0,2.0,1.0,15.0,A01
201400025607,0,33,0,0.0,2.0,1.0,1.0,B01
201400025608,0,7,0,0.0,2.0,0.0,15.0,A01
201400025608,0,7,0,0.0,2.0,1.0,1.0,B01
201400025609,0,7,0,0.0,1.0,0.0,15.0,A01
201400025610,0,30,0,0.0,0.0,1.0,17.0,A01
201400025611,0,7,0,0.0,1.0,1.0,11.0,A01
201400025612,1,7,0,0.0,1.0,1.0,1.0,Z01
201400025613,0,7,0,0.0,0.0,9.0,1.0,A01
201400025614,0,7,0,0.0,1.0,7.0,1.0,A01
201400025615,0,7,0,0.0,1.0,1.0,1.0,A01
201400025616,0,7,0,9.0,0.0,1.0,1.0,A01
201400025617,0,7,0,9.0,0.0,0.0,1.0,A01
201400025618,1,1,0,0.0,1.0,0.0,0.0,A01
201400025619,0,7,0,0.0,2.0,1.0,1.0,A01
201400025619,0,7,0,0.0,2.0,4.0,23.0,C01
201400025619,0,33,0,0.0,2.0,1.0,1.0,B01
201400025620,0,7,0,0.0,0.0,1.0,1.0,A01
201400025621,0,37,10,0.0,1.0,1.0,1.0,A01
201400025622,0,33,0,14.0,0.0,8.0,1.0,A01
201400025623,0,7,0,3.0,2.0,7.0,1.0,C01
201400025623,0,7,0,0.0,2.0,1.0,9.0,A01
201400025623,0,7,0,3.0,2.0,7.0,1.0,B01
201400025624,0,7,0,0.0,2.0,1.0,1.0,B01
201400025624,0,7,0,0.0,2.0,5.0,15.0,A01
201400025625,0,2,0,0.0,2.0,9.0,1.0,B01
201400025625,0,7,0,0.0,2.0,2.0,15.0,A01
201400025626,0,14,0,0.0,2.0,2.0,1.0,A01
201400025626,0,37,10,0.0,2.0,8.0,23.0,B01
201400025627,0,7,0,0.0,2.0,1.0,15.0,B01
201400025627,0,33,0,0.0,2.0,1.0,17.0,A01
201400025628,0,7,0,3.0,2.0,1.0,1.0,B01
201400025628,0,7,0,0.0,2.0,4.0,9.0,A01
201400025629,0,7,0,0.0,2.0,6.0,15.0,B01
201400025629,0,33,0,0.0,2.0,1.0,17.0,A01
201400025630,0,7,0,0.0,2.0,3.0,15.0,B01
201400025630,0,33,0,0.0,2.0,1.0,17.0,A01
201400025631,0,7,0,0.0,2.0,4.0,2.0,A01
201400025631,0,7,0,0.0,2.0,4.0,23.0,B01
201400025631,0,7,0,0.0,0.0,0.0,23.0,C01
201400025632,0,7,0,0.0,2.0,3.0,6.0,A01
201400025632,0,7,0,1.0,0.0,1.0,2.0,C01
201400025632,0,7,0,0.0,2.0,3.0,1.0,B01
201400025633,0,7,0,0.0,2.0,4.0,2.0,B01
201400025633,0,10,0,0.0,2.0,1.0,2.0,A01
201400025634,0,7,0,0.0,2.0,4.0,1.0,B01
201400025634,0,7,0,0.0,2.0,4.0,1.0,C01
201400025634,0,7,0,0.0,2.0,1.0,1.0,A01
201400025635,0,7,0,0.0,0.0,2.0,15.0,A01
201400025635,0,32,0,0.0,0.0,1.0,1.0,B01
201400025636,0,7,0,0.0,2.0,3.0,1.0,B01
201400025636,0,10,0,0.0,2.0,2.0,15.0,A01
201400025637,0,33,0,4.0,0.0,0.0,12.0,A01
201400025638,0,7,0,7.0,0.0,1.0,1.0,A01
201400025639,0,7,0,1.0,0.0,1.0,1.0,A01
201400025640,0,7,0,14.0,2.0,1.0,1.0,A01
201400025640,0,7,0,13.0,2.0,9.0,1.0,B01
201400025641,0,7,0,0.0,2.0,8.0,15.0,B01
201400025641,0,37,10,0.0,2.0,1.0,1.0,A01
201400025642,0,1,0,0.0,2.0,8.0,1.0,B01
201400025642,0,38,15,0.0,2.0,7.0,1.0,A01
201400025643,0,7,0,0.0,2.0,3.0,1.0,B01
201400025643,0,7,0,0.0,2.0,1.0,1.0,A01
201400025644,0,7,0,0.0,2.0,1.0,15.0,A01
201400025644,0,10,0,0.0,2.0,3.0,1.0,B01
201400025645,0,7,0,9.0,0.0,1.0,0.0,A01
201400025646,0,7,0,9.0,0.0,1.0,1.0,A01
201400025647,0,15,0,3.0,0.0,0.0,0.0,A01
201400025648,0,7,0,0.0,2.0,6.0,23.0,B01
201400025648,0,7,0,0.0,2.0,1.0,1.0,A01
201400025649,0,7,0,3.0,0.0,1.0,0.0,A01
201400025650,0,7,0,0.0,0.0,0.0,15.0,A01
201400025650,0,1,0,0.0,0.0,0.0,15.0,B01
201400025651,0,7,0,13.0,0.0,9.0,9.0,A01
201400025652,0,7,0,0.0,2.0,7.0,1.0,B01
201400025652,0,14,0,0.0,2.0,3.0,1.0,A01
201400025653,0,30,0,0.0,0.0,0.0,0.0,A01
201400025654,0,10,0,0.0,2.0,4.0,1.0,B01
201400025654,0,7,0,0.0,2.0,1.0,1.0,A01
201400025655,0,17,0,3.0,2.0,1.0,1.0,A01
201400025655,0,14,0,0.0,2.0,4.0,0.0,B01
201400025656,0,7,0,0.0,2.0,1.0,1.0,A01
201400025656,0,7,0,0.0,2.0,4.0,2.0,B01
201400025657,0,7,0,0.0,1.0,1.0,1.0,A01
201400025658,0,7,0,0.0,0.0,3.0,13.0,A01
201400025659,0,7,0,0.0,2.0,1.0,13.0,A01
201400025659,0,1,0,0.0,2.0,1.0,1.0,B01
201400025660,0,7,0,0.0,2.0,3.0,16.0,A01
201400025660,0,30,0,0.0,2.0,1.0,1.0,B01
201400025661,0,7,0,0.0,2.0,3.0,1.0,A01
201400025661,0,7,0,0.0,2.0,4.0,1.0,B01
201400025662,0,7,0,15.0,0.0,1.0,0.0,A01
201400025663,0,7,0,5.0,0.0,1.0,1.0,A01
201400025664,0,7,0,0.0,0.0,0.0,15.0,A01
201400025664,0,1,0,0.0,0.0,0.0,1.0,B01
201400025665,0,33,0,0.0,1.0,1.0,1.0,A01
201400025666,0,7,0,0.0,1.0,1.0,1.0,A01
201400025667,0,7,0,0.0,1.0,7.0,1.0,A01
201400025668,0,7,0,11.0,0.0,1.0,1.0,A01
201400025669,0,33,0,8.0,0.0,1.0,1.0,A01
201400025670,0,7,0,0.0,2.0,0.0,9.0,A01
201400025670,0,1,0,0.0,2.0,1.0,1.0,B01
201400025671,0,7,0,0.0,0.0,9.0,1.0,A01
201400025672,0,7,0,0.0,1.0,1.0,1.0,A01
201400025673,0,7,0,0.0,2.0,4.0,1.0,C01
201400025673,0,7,0,0.0,2.0,1.0,1.0,A01
201400025673,0,7,0,0.0,2.0,4.0,1.0,B01
201400025674,0,7,0,0.0,2.0,4.0,4.0,A01
201400025674,0,7,0,0.0,2.0,2.0,1.0,B01
201400025675,0,1,0,0.0,1.0,1.0,1.0,A01
201400025676,0,1,0,0.0,0.0,1.0,0.0,A01
201400025677,0,7,0,0.0,1.0,2.0,1.0,A01
201400025678,0,7,0,0.0,2.0,1.0,1.0,B01
201400025678,0,30,0,0.0,2.0,1.0,15.0,A01
201400025679,0,7,0,0.0,0.0,0.0,1.0,A01
201400025680,0,7,0,0.0,2.0,1.0,1.0,B01
201400025680,0,7,0,0.0,2.0,7.0,15.0,A01
201400025681,0,7,0,2.0,0.0,1.0,1.0,A01
201400025682,0,7,0,0.0,1.0,2.0,1.0,A01
201400025683,0,7,0,0.0,1.0,4.0,4.0,A01
201400025684,1,7,0,0.0,1.0,4.0,4.0,Z01
201400025685,0,14,0,0.0,2.0,1.0,1.0,B01
201400025685,0,10,0,0.0,2.0,8.0,1.0,A01
201400025686,0,30,0,0.0,0.0,0.0,1.0,A01
201400025687,0,10,0,0.0,2.0,4.0,1.0,B01
201400025687,0,7,0,0.0,2.0,1.0,1.0,A01
201400025688,0,7,0,0.0,1.0,2.0,16.0,A01
201400025689,0,7,0,0.0,2.0,1.0,1.0,B01
201400025689,0,7,0,0.0,0.0,1.0,2.0,C01
201400025689,0,7,0,0.0,2.0,1.0,13.0,A01
201400025690,0,7,0,0.0,2.0,4.0,23.0,B01
201400025690,0,17,0,0.0,2.0,1.0,1.0,A01
201400025691,0,7,0,0.0,0.0,4.0,2.0,B01
201400025691,0,2,0,0.0,2.0,1.0,2.0,A01
201400025692,0,10,0,1.0,0.0,2.0,17.0,A01
201400025693,0,7,0,0.0,2.0,4.0,1.0,B01
201400025693,0,7,0,0.0,2.0,1.0,1.0,A01
201400025694,0,10,0,0.0,2.0,4.0,1.0,B01
201400025694,0,7,0,0.0,2.0,1.0,1.0,A01
201400025695,0,7,0,0.0,2.0,1.0,1.0,F01
201400025695,0,7,0,0.0,2.0,1.0,1.0,C01
201400025695,0,7,0,0.0,2.0,4.0,1.0,B02
201400025695,0,7,0,0.0,2.0,1.0,1.0,A02
201400025695,0,7,0,0.0,2.0,1.0,1.0,D01
201400025695,0,10,0,0.0,2.0,1.0,1.0,E01
201400025695,0,10,0,0.0,2.0,1.0,1.0,G01
201400025696,0,7,0,0.0,1.0,2.0,4.0,A01
201400025697,0,7,0,0.0,2.0,1.0,1.0,A01
201400025697,0,7,0,0.0,2.0,4.0,23.0,B01
201400025697,0,7,0,0.0,2.0,4.0,23.0,C01
201400025698,0,7,0,0.0,2.0,4.0,1.0,A01
201400025698,0,7,0,0.0,2.0,1.0,1.0,B01
201400025699,0,7,0,0.0,2.0,1.0,1.0,A01
201400025699,0,10,0,0.0,2.0,5.0,1.0,C01
201400025699,0,7,0,0.0,2.0,4.0,1.0,B01
201400025700,0,30,0,0.0,1.0,1.0,1.0,A01
201400025701,0,7,0,0.0,2.0,1.0,1.0,A01
201400025701,0,7,0,0.0,2.0,4.0,1.0,B01
201400025702,0,7,0,0.0,2.0,3.0,22.0,A01
201400025702,0,1,0,0.0,2.0,1.0,17.0,B01
201400025703,0,1,0,0.0,2.0,1.0,1.0,B01
201400025703,0,10,0,0.0,2.0,2.0,16.0,A01
201400025704,0,7,0,0.0,1.0,2.0,1.0,A01