Num_Acc,senc,catv,occutc,obs,obsm,choc,manv,num_veh
201400025705,0,7,0,3.0,0.0,0.0,1.0,A01
201400025706,0,2,0,9.0,0.0,1.0,1.0,A01
201400025707,0,7,0,0.0,2.0,1.0,1.0,A01
201400025707,0,1,0,0.0,2.0,1.0,1.0,B01
201400025708,0,1,0,0.0,2.0,1.0,1.0,B01
201400025708,0,7,0,0.0,2.0,7.0,15.0,A01
201400025709,0,7,0,0.0,2.0,5.0,1.0,A01
201400025709,0,7,0,0.0,2.0,1.0,1.0,B01
201400025710,0,7,0,0.0,2.0,3.0,15.0,A01
201400025710,0,30,0,0.0,2.0,2.0,15.0,B01
201400025711,0,33,0,0.0,2.0,1.0,16.0,A01
201400025711,0,7,0,0.0,2.0,1.0,16.0,B01
201400025712,0,7,0,0.0,2.0,1.0,12.0,A01
201400025712,0,7,0,0.0,2.0,6.0,2.0,B01
201400025713,0,1,0,0.0,0.0,1.0,1.0,A01
201400025714,0,7,0,0.0,2.0,2.0,1.0,B01
201400025714,0,1,0,0.0,2.0,1.0,0.0,A01
201400025715,0,7,0,0.0,2.0,8.0,1.0,B01
201400025715,0,30,0,0.0,2.0,1.0,1.0,A01
201400025716,0,7,0,0.0,2.0,1.0,2.0,A01
201400025716,0,7,0,0.0,2.0,4.0,2.0,B01
201400025717,0,7,0,0.0,2.0,4.0,1.0,B01
201400025717,0,33,0,0.0,2.0,1.0,0.0,A01
201400025718,0,7,0,0.0,1.0,1.0,1.0,A01
201400025719,0,10,0,2.0,2.0,1.0,1.0,A01
201400025719,0,7,0,0.0,0.0,4.0,23.0,B01
201400025720,0,7,0,0.0,1.0,4.0,4.0,A01
201400025721,0,10,0,0.0,1.0,1.0,1.0,A01
201400025722,0,7,0,0.0,2.0,1.0,15.0,A01
201400025722,0,31,0,0.0,2.0,8.0,1.0,B01
201400025723,0,7,0,0.0,2.0,2.0,15.0,A01
201400025723,0,1,0,0.0,2.0,1.0,1.0,B01
201400025724,0,1,0,0.0,2.0,1.0,1.0,B01
201400025724,0,7,0,0.0,2.0,2.0,16.0,A01
201400025725,0,7,0,0.0,2.0,4.0,15.0,A01
201400025725,0,31,0,0.0,2.0,1.0,1.0,B01
201400025726,0,7,0,0.0,2.0,1.0,1.0,A01
201400025726,0,33,0,0.0,2.0,6.0,23.0,B01
201400025727,0,10,0,0.0,2.0,4.0,23.0,C01
201400025727,0,7,0,0.0,2.0,1.0,2.0,A01
201400025727,0,7,0,0.0,2.0,4.0,23.0,B01
201400025728,0,32,0,12.0,0.0,3.0,1.0,A01
201400025729,0,7,0,0.0,2.0,3.0,15.0,B01
201400025729,0,32,0,0.0,2.0,1.0,17.0,A01
201400025730,0,7,0,0.0,2.0,1.0,0.0,A01
201400025730,0,7,0,0.0,2.0,4.0,0.0,B01
201400025731,0,7,0,0.0,2.0,4.0,1.0,C01
201400025731,0,7,0,0.0,2.0,3.0,1.0,A01
201400025731,0,33,0,0.0,2.0,6.0,1.0,B01
201400025732,0,10,0,0.0,2.0,4.0,23.0,B01
201400025732,0,7,0,0.0,2.0,1.0,1.0,A01
201400025733,0,7,0,0.0,2.0,4.0,1.0,B01
201400025733,0,7,0,0.0,2.0,1.0,1.0,A01
201400025734,0,1,0,0.0,2.0,1.0,1.0,A01
201400025734,0,7,0,0.0,2.0,6.0,23.0,B01
201400025735,0,7,0,0.0,2.0,1.0,15.0,A01
201400025735,0,7,0,0.0,2.0,1.0,1.0,B01
201400025736,0,7,0,11.0,0.0,1.0,1.0,A01
201400025737,0,30,0,0.0,0.0,0.0,1.0,A01
201400025738,0,7,0,0.0,2.0,4.0,23.0,C01
201400025738,0,7,0,0.0,2.0,1.0,1.0,A01
201400025738,0,7,0,0.0,2.0,4.0,23.0,B01
201400025739,0,7,0,0.0,2.0,1.0,1.0,B01
201400025739,0,7,0,0.0,2.0,2.0,15.0,A01
201400025740,0,7,0,0.0,1.0,3.0,0.0,A01
201400025741,1,7,0,0.0,1.0,1.0,0.0,A01
201400025742,0,7,0,0.0,2.0,1.0,1.0,B01
201400025742,0,33,0,0.0,2.0,6.0,19.0,A01
201400025743,0,7,0,0.0,2.0,1.0,1.0,A01
201400025743,0,7,0,0.0,2.0,1.0,1.0,B01
201400025744,0,7,0,0.0,0.0,9.0,1.0,A01
201400025745,0,33,0,0.0,2.0,7.0,1.0,B01
201400025745,1,7,0,0.0,0.0,0.0,0.0,A01
201400025746,0,30,0,0.0,2.0,8.0,1.0,B01
201400025746,0,7,0,0.0,2.0,2.0,15.0,A01
201400025747,2,7,0,0.0,2.0,1.0,1.0,A01
201400025747,0,7,0,0.0,2.0,4.0,23.0,C01
201400025747,0,34,0,0.0,2.0,4.0,23.0,B01
201400025748,0,7,0,0.0,2.0,1.0,1.0,B01
201400025748,0,7,0,0.0,2.0,1.0,15.0,A01
201400025749,0,1,0,0.0,0.0,0.0,1.0,A01
201400025750,0,7,0,13.0,0.0,1.0,1.0,A01
201400025751,0,33,0,7.0,0.0,1.0,1.0,A01
201400025752,0,7,0,0.0,0.0,1.0,1.0,A01
201400025753,0,14,0,0.0,2.0,1.0,2.0,A01
201400025753,0,14,0,0.0,2.0,4.0,1.0,B01
201400025754,0,1,0,0.0,2.0,8.0,19.0,A01
201400025754,0,7,0,0.0,9.0,1.0,1.0,B01
201400025755,0,10,0,0.0,1.0,1.0,1.0,A01
201400025756,0,7,0,0.0,1.0,1.0,15.0,A01
201400025757,0,7,0,0.0,0.0,9.0,0.0,A01
201400025758,0,31,0,0.0,0.0,1.0,1.0,A01
201400025759,0,33,0,0.0,2.0,2.0,1.0,B01
201400025759,0,7,0,0.0,2.0,5.0,15.0,A01
201400025760,0,13,0,0.0,2.0,1.0,1.0,A01
201400025760,0,7,0,0.0,2.0,8.0,15.0,B01
201400025761,0,7,0,0.0,2.0,1.0,1.0,B01
201400025761,0,7,0,0.0,2.0,1.0,15.0,A01
201400025762,0,10,0,0.0,2.0,1.0,1.0,A01
201400025762,0,7,0,0.0,2.0,4.0,23.0,B01
201400025763,0,7,0,0.0,2.0,0.0,23.0,B01
201400025763,0,7,0,0.0,2.0,0.0,0.0,A01
201400025764,0,7,0,0.0,2.0,3.0,15.0,B01
201400025764,0,33,0,0.0,2.0,2.0,17.0,A01
201400025765,0,7,0,0.0,2.0,1.0,1.0,A01
201400025765,0,1,0,0.0,2.0,4.0,15.0,B01
201400025766,0,30,0,0.0,2.0,1.0,0.0,A01
201400025766,0,7,0,0.0,2.0,0.0,1.0,B01
201400025766,0,7,0,0.0,0.0,0.0,1.0,C01
201400025767,0,10,0,0.0,1.0,1.0,1.0,A01
201400025768,0,7,0,0.0,0.0,1.0,1.0,A01
201400025768,0,32,0,0.0,2.0,4.0,23.0,B01
201400025769,0,7,0,0.0,2.0,4.0,23.0,C01
201400025769,0,7,0,0.0,2.0,1.0,1.0,A01
201400025769,0,7,0,0.0,2.0,4.0,23.0,B01
201400025770,0,7,0,0.0,2.0,1.0,1.0,A01
201400025770,0,7,0,0.0,2.0,7.0,1.0,B01
201400025771,0,7,0,0.0,2.0,8.0,1.0,B01
201400025771,0,30,0,0.0,2.0,1.0,1.0,A01
201400025772,0,7,0,0.0,2.0,2.0,1.0,B01
201400025772,0,30,0,0.0,2.0,1.0,15.0,A01
201400025773,0,7,0,0.0,1.0,1.0,1.0,A01
201400025774,0,30,0,0.0,0.0,0.0,1.0,A01
201400025775,0,30,0,0.0,2.0,4.0,1.0,B01
201400025775,0,10,0,0.0,2.0,1.0,1.0,A01
201400025776,0,7,0,0.0,2.0,1.0,1.0,B01
201400025776,0,7,0,0.0,2.0,8.0,1.0,A01
201400025777,0,7,0,0.0,2.0,2.0,16.0,A01
201400025777,0,1,0,0.0,2.0,1.0,1.0,B01
201400025778,0,7,0,0.0,2.0,2.0,15.0,A01
201400025778,0,1,0,0.0,2.0,1.0,1.0,B01
201400025779,0,7,0,0.0,2.0,8.0,16.0,A01
201400025779,0,37,1,0.0,2.0,1.0,1.0,B01
201400025780,0,33,0,0.0,2.0,7.0,1.0,B01
201400025780,0,7,0,0.0,2.0,3.0,9.0,A01
201400025781,0,30,0,0.0,0.0,1.0,1.0,A01
201400025782,0,7,0,0.0,2.0,3.0,9.0,A01
201400025782,0,1,0,0.0,2.0,1.0,1.0,B01
201400025783,0,7,0,0.0,2.0,7.0,12.0,A01
201400025783,0,7,0,0.0,2.0,8.0,1.0,B01
201400025784,0,7,0,0.0,2.0,3.0,15.0,A01
201400025784,0,7,0,0.0,2.0,1.0,1.0,B01
201400025785,0,10,0,0.0,2.0,0.0,17.0,A01
201400025785,0,30,0,0.0,2.0,8.0,1.0,B01
201400025786,0,7,0,0.0,1.0,3.0,1.0,A01
201400025787,0,30,0,0.0,0.0,1.0,1.0,A01
201400025788,0,7,0,9.0,1.0,1.0,1.0,A01
201400025789,0,10,0,0.0,2.0,2.0,16.0,A01
201400025789,0,1,0,0.0,2.0,1.0,1.0,B01
201400025790,0,7,0,0.0,2.0,1.0,1.0,A01
201400025790,0,7,0,0.0,2.0,4.0,1.0,B01
201400025790,0,7,0,0.0,2.0,4.0,1.0,C01
201400025790,0,7,0,0.0,2.0,4.0,1.0,D01
201400025791,0,10,0,0.0,2.0,8.0,10.0,A01
201400025791,0,7,0,0.0,2.0,1.0,1.0,B01
201400025792,0,7,0,12.0,0.0,1.0,1.0,A01
201400025793,0,7,0,0.0,1.0,1.0,1.0,A01
201400025794,0,7,0,0.0,2.0,1.0,1.0,B01
201400025794,0,7,0,0.0,2.0,7.0,15.0,A01
201400025795,0,7,0,0.0,2.0,2.0,16.0,A01
201400025795,0,1,0,0.0,2.0,1.0,1.0,B01
201400025796,0,7,0,2.0,0.0,1.0,12.0,A01
201400025797,0,7,0,0.0,2.0,2.0,1.0,A01
201400025797,0,33,0,1.0,2.0,0.0,1.0,B01
201400025798,0,7,0,0.0,2.0,1.0,1.0,B01
201400025798,0,1,0,0.0,2.0,1.0,15.0,A01
201400025799,0,7,0,0.0,2.0,1.0,17.0,A01
201400025799,0,7,0,0.0,2.0,4.0,23.0,B01
201400025799,0,7,0,0.0,2.0,4.0,23.0,C01
201400025800,0,1,0,0.0,2.0,1.0,1.0,A01
201400025800,0,7,0,0.0,2.0,3.0,1.0,B01
201400025801,0,10,0,0.0,2.0,2.0,15.0,A01
201400025801,0,33,0,0.0,2.0,1.0,1.0,B01
201400025802,0,7,0,0.0,1.0,2.0,1.0,A01
201400025803,0,30,0,0.0,0.0,0.0,16.0,A01
201400025804,0,17,0,0.0,2.0,7.0,12.0,A01
201400025804,0,7,0,0.0,2.0,8.0,1.0,B01
201400025805,0,1,0,0.0,0.0,0.0,1.0,A01
201400025806,0,7,0,1.0,0.0,9.0,0.0,A01
201400025807,0,7,0,0.0,2.0,5.0,2.0,B01
201400025807,0,7,0,0.0,2.0,1.0,1.0,A01
201400025808,0,7,0,0.0,2.0,1.0,1.0,B01
201400025808,0,7,0,0.0,2.0,2.0,1.0,A01
201400025809,0,7,0,13.0,2.0,7.0,17.0,A01
201400025809,0,10,0,0.0,2.0,8.0,1.0,B01
201400025810,0,7,0,0.0,2.0,1.0,15.0,A01
201400025810,0,7,0,0.0,2.0,4.0,23.0,B01
201400025811,0,7,0,0.0,0.0,1.0,1.0,A01
201400025811,0,7,0,0.0,2.0,4.0,24.0,B01
201400025812,0,30,0,0.0,0.0,0.0,16.0,A01
201400025813,0,7,0,0.0,0.0,9.0,1.0,A01
201400025814,0,1,0,0.0,0.0,0.0,1.0,A01
201400025815,0,1,0,0.0,0.0,0.0,1.0,A01
201400025816,0,7,0,0.0,2.0,7.0,16.0,B01
201400025816,0,10,0,0.0,2.0,8.0,15.0,A01
201400025817,0,14,0,0.0,2.0,7.0,12.0,A01
201400025817,0,7,0,0.0,2.0,8.0,1.0,B01
201400025818,0,10,0,0.0,1.0,4.0,4.0,A01
201400025819,0,30,0,0.0,2.0,4.0,16.0,B01
201400025819,0,7,0,0.0,2.0,1.0,1.0,A01
201400025820,0,7,0,0.0,2.0,1.0,1.0,A01
201400025820,0,7,0,0.0,2.0,4.0,1.0,B01
201400025820,0,7,0,0.0,2.0,4.0,1.0,C01
201400025821,0,1,0,0.0,2.0,1.0,1.0,B01
201400025821,0,30,0,0.0,2.0,1.0,15.0,A01
201400025822,0,30,0,0.0,2.0,1.0,15.0,A01
201400025822,0,1,0,0.0,2.0,1.0,1.0,B01
201400025823,0,7,0,11.0,0.0,9.0,1.0,A01
201400025824,0,1,0,0.0,2.0,2.0,1.0,A01
201400025824,0,14,0,0.0,2.0,2.0,1.0,B01
201400025825,0,30,0,0.0,2.0,1.0,1.0,A01
201400025825,0,7,0,0.0,2.0,5.0,23.0,B01
201400025826,0,7,0,0.0,0.0,1.0,1.0,A01
201400025827,0,10,0,0.0,2.0,1.0,1.0,A01
201400025827,0,7,0,0.0,2.0,4.0,1.0,B01
201400025828,0,30,0,0.0,2.0,2.0,1.0,B01
201400025828,0,7,0,0.0,2.0,3.0,1.0,A01
201400025829,0,37,10,0.0,1.0,1.0,1.0,A01
201400025830,0,30,0,9.0,0.0,0.0,1.0,A01
201400025831,0,7,0,0.0,2.0,2.0,1.0,A01
201400025831,0,1,0,0.0,2.0,1.0,1.0,B01
201400025832,0,7,0,0.0,1.0,1.0,1.0,A01
201400025833,0,37,10,0.0,1.0,8.0,1.0,A01
201400025834,0,33,0,0.0,0.0,8.0,1.0,A01
201400025835,0,33,0,0.0,0.0,5.0,1.0,A01
201400025836,0,7,0,12.0,0.0,8.0,1.0,A01
201400025837,0,7,0,0.0,2.0,1.0,15.0,B01
201400025837,0,30,0,0.0,2.0,1.0,1.0,A01
201400025838,0,1,0,0.0,2.0,7.0,1.0,A01
201400025839,0,7,0,0.0,2.0,3.0,1.0,B01
201400025839,0,7,0,0.0,2.0,2.0,15.0,A01
201400025840,0,7,0,0.0,2.0,2.0,15.0,A01
201400025840,0,32,0,0.0,2.0,1.0,1.0,B01
201400025841,0,7,0,0.0,2.0,8.0,22.0,A01
201400025841,0,1,0,0.0,2.0,1.0,1.0,B01
201400025842,0,1,0,0.0,2.0,8.0,1.0,C01
201400025842,0,7,0,0.0,2.0,1.0,1.0,A01
201400025842,0,7,0,0.0,2.0,4.0,1.0,B01
201400025843,0,7,0,0.0,2.0,6.0,1.0,B01
201400025843,0,16,0,0.0,2.0,7.0,12.0,A01
201400025844,0,1,0,0.0,2.0,1.0,1.0,A01
201400025844,0,7,0,0.0,2.0,2.0,1.0,B01
201400025845,0,7,0,0.0,2.0,9.0,1.0,B01
201400025845,0,7,0,0.0,2.0,9.0,12.0,A01
201400025846,0,33,0,0.0,2.0,2.0,14.0,A01
201400025846,0,7,0,0.0,2.0,8.0,16.0,B01
201400025847,0,7,0,0.0,2.0,1.0,15.0,A01
201400025847,0,33,0,0.0,2.0,0.0,1.0,B01
201400025848,0,7,0,0.0,2.0,6.0,0.0,B01
201400025848,0,7,0,0.0,0.0,4.0,2.0,A01
201400025848,0,7,0,0.0,2.0,1.0,0.0,D01
201400025848,0,7,0,0.0,2.0,1.0,0.0,C01
201400025849,0,1,0,0.0,2.0,1.0,1.0,A01
201400025849,0,7,0,0.0,2.0,6.0,1.0,B01
201400025850,0,1,0,0.0,0.0,0.0,1.0,A01
201400025851,0,7,0,0.0,2.0,3.0,0.0,A01
201400025851,0,1,0,0.0,2.0,1.0,1.0,B01
201400025852,0,7,0,0.0,2.0,3.0,1.0,B01
201400025852,0,7,0,0.0,2.0,3.0,15.0,A01
201400025853,1,7,0,0.0,2.0,1.0,0.0,A01
201400025853,0,1,0,0.0,2.0,4.0,1.0,B01
201400025854,0,7,0,0.0,1.0,1.0,1.0,A01
201400025855,0,7,0,0.0,2.0,4.0,2.0,B01
201400025855,0,33,0,0.0,2.0,1.0,2.0,A01
201400025856,0,7,0,0.0,1.0,4.0,4.0,A01
201400025857,0,7,0,0.0,2.0,4.0,23.0,B01
201400025857,0,7,0,0.0,2.0,1.0,2.0,A01
201400025858,0,1,0,0.0,1.0,1.0,1.0,A01
201400025859,0,7,0,0.0,2.0,4.0,23.0,B01
201400025859,0,7,0,0.0,2.0,6.0,23.0,C01
201400025859,0,7,0,0.0,2.0,1.0,2.0,A01
201400025860,0,7,0,0.0,2.0,1.0,2.0,A01
201400025860,0,7,0,0.0,2.0,4.0,2.0,B01
201400025861,0,7,0,0.0,1.0,1.0,1.0,A01
201400025862,0,7,0,0.0,1.0,1.0,0.0,A01
201400025863,0,1,0,0.0,2.0,0.0,1.0,B01
201400025863,0,7,0,0.0,9.0,8.0,2.0,A01
201400025864,0,7,0,0.0,2.0,5.0,14.0,A01
201400025864,0,33,0,0.0,2.0,8.0,1.0,B01
201400025865,0,7,0,0.0,2.0,4.0,2.0,B01
201400025865,0,7,0,0.0,2.0,4.0,2.0,C01
201400025865,0,7,0,0.0,2.0,1.0,2.0,A01
201400025866,0,14,0,0.0,2.0,1.0,1.0,A01
201400025866,0,10,0,0.0,2.0,4.0,1.0,B01
201400025866,0,7,0,0.0,2.0,4.0,1.0,C01
201400025866,0,7,0,0.0,2.0,4.0,1.0,D01
201400025867,0,7,0,0.0,1.0,1.0,1.0,A01
201400025868,0,7,0,0.0,1.0,0.0,1.0,A01
201400025869,0,7,0,0.0,2.0,1.0,1.0,A01
201400025869,0,7,0,0.0,2.0,4.0,23.0,B01
201400025870,0,2,0,0.0,0.0,3.0,1.0,A01
201400025871,0,33,0,0.0,5.0,1.0,1.0,A01
201400025872,0,7,0,0.0,2.0,3.0,1.0,B01
201400025872,0,1,0,0.0,2.0,1.0,1.0,A01
201400025873,0,30,0,0.0,1.0,1.0,1.0,A01
201400025874,0,7,0,0.0,2.0,3.0,1.0,B01
201400025874,0,10,0,0.0,2.0,1.0,15.0,A01
201400025875,0,7,0,0.0,2.0,5.0,23.0,B01
201400025875,0,7,0,0.0,2.0,1.0,1.0,A01
201400025876,0,33,0,0.0,1.0,9.0,14.0,A01
201400025877,0,7,0,0.0,2.0,4.0,23.0,B01
201400025877,0,7,0,0.0,2.0,1.0,1.0,A01
201400025878,0,7,0,7.0,0.0,1.0,1.0,A01
201400025879,0,7,0,0.0,2.0,1.0,15.0,A01
201400025879,0,30,0,0.0,2.0,1.0,1.0,B01
201400025880,0,7,0,0.0,1.0,1.0,1.0,A01
201400025881,0,7,0,0.0,0.0,9.0,1.0,A01
201400025882,0,31,0,0.0,2.0,1.0,17.0,B01
201400025882,0,10,0,0.0,2.0,8.0,20.0,A01
201400025883,0,7,0,0.0,2.0,4.0,2.0,C01
201400025883,0,7,0,0.0,2.0,1.0,2.0,A01
201400025883,0,7,0,0.0,2.0,4.0,2.0,B01
201400025884,0,1,0,0.0,2.0,1.0,1.0,B01
201400025884,0,7,0,0.0,2.0,2.0,15.0,A01
201400025885,0,7,0,0.0,2.0,1.0,2.0,A01
201400025885,0,7,0,0.0,2.0,4.0,2.0,B01
201400025886,0,7,0,15.0,0.0,1.0,1.0,A01
201400025887,0,7,0,0.0,2.0,1.0,15.0,A01
201400025887,0,32,0,0.0,2.0,1.0,1.0,B01
201400025888,0,30,0,0.0,1.0,1.0,7.0,A01
201400025889,0,7,0,0.0,2.0,3.0,9.0,A01
201400025889,0,1,0,0.0,2.0,2.0,1.0,B01
201400025890,0,7,0,0.0,2.0,4.0,2.0,B01
201400025890,0,7,0,0.0,2.0,1.0,2.0,A01
201400025890,0,10,0,0.0,2.0,4.0,2.0,D01
201400025890,0,7,0,0.0,2.0,4.0,2.0,C01
201400025891,0,7,0,0.0,0.0,1.0,1.0,C01
201400025891,0,15,0,0.0,2.0,0.0,1.0,A01
201400025891,0,10,0,0.0,0.0,1.0,1.0,B01
201400025892,0,7,0,0.0,2.0,2.0,15.0,A01
201400025892,0,7,0,0.0,2.0,1.0,1.0,B01
201400025893,0,7,0,0.0,2.0,1.0,15.0,B01
201400025893,0,7,0,0.0,2.0,7.0,16.0,A01
201400025894,0,7,0,0.0,1.0,3.0,15.0,A01
201400025895,0,7,0,0.0,1.0,3.0,1.0,A01
201400025896,0,7,0,0.0,1.0,3.0,1.0,A01
201400025897,0,7,0,0.0,9.0,8.0,1.0,B01
201400025897,0,1,0,0.0,2.0,1.0,1.0,A01
201400025898,0,10,0,0.0,2.0,3.0,1.0,B01
201400025898,0,7,0,0.0,2.0,5.0,15.0,A01
201400025899,0,7,0,0.0,2.0,1.0,15.0,A01
201400025899,0,7,0,0.0,2.0,1.0,1.0,B01
201400025900,0,7,0,0.0,2.0,5.0,15.0,B01
201400025900,0,7,0,0.0,2.0,2.0,1.0,A01
201400025901,1,7,0,0.0,2.0,1.0,1.0,A01
201400025901,0,7,0,0.0,2.0,4.0,2.0,B01
201400025902,0,7,0,2.0,0.0,1.0,1.0,A01
201400025903,0,31,0,0.0,2.0,1.0,2.0,A01
201400025903,0,7,0,0.0,2.0,4.0,2.0,B01
201400025904,0,7,0,0.0,1.0,0.0,15.0,A01
201400025905,0,7,0,0.0,2.0,1.0,1.0,A01
201400025905,0,10,0,0.0,2.0,6.0,23.0,B01
201400025906,0,1,0,1.0,0.0,1.0,1.0,B01
201400025906,0,7,0,0.0,2.0,8.0,20.0,A01
201400025907,0,1,0,0.0,2.0,1.0,1.0,B01
201400025907,1,7,0,0.0,2.0,0.0,16.0,A01
201400025908,0,1,0,0.0,2.0,1.0,9.0,A01
201400025908,0,37,5,0.0,2.0,1.0,1.0,B01
201400025909,0,7,0,0.0,1.0,1.0,1.0,A01
201400025910,0,1,0,0.0,2.0,0.0,16.0,B01
201400025910,0,10,0,0.0,2.0,2.0,9.0,A01
201400025911,0,7,0,0.0,2.0,5.0,15.0,A01
201400025911,0,1,0,0.0,2.0,1.0,1.0,B01
201400025912,0,7,0,0.0,2.0,1.0,15.0,A01
201400025912,0,34,0,0.0,2.0,1.0,1.0,B01
201400025913,0,15,0,0.0,2.0,4.0,11.0,B01
201400025913,0,7,0,0.0,2.0,7.0,17.0,A01
201400025914,0,30,0,0.0,2.0,1.0,1.0,A01
201400025914,0,10,0,0.0,2.0,2.0,15.0,B01
201400025915,0,7,0,0.0,2.0,1.0,2.0,A01
201400025915,0,7,0,0.0,2.0,4.0,2.0,B01
201400025916,0,2,0,0.0,0.0,1.0,0.0,A01
201400025917,0,30,0,0.0,0.0,1.0,0.0,A01
201400025918,0,32,0,0.0,2.0,2.0,17.0,A01
201400025918,0,7,0,0.0,2.0,3.0,13.0,B01
201400025919,0,1,0,12.0,0.0,1.0,1.0,A01
201400025920,0,7,0,0.0,2.0,1.0,1.0,B01
201400025920,0,33,0,0.0,2.0,0.0,1.0,A01
201400025921,0,1,0,0.0,2.0,0.0,15.0,B01
201400025921,0,7,0,0.0,2.0,0.0,0.0,A01
201400025922,0,33,0,0.0,2.0,7.0,1.0,B01
201400025922,1,7,0,0.0,2.0,0.0,16.0,Z01
201400025923,0,7,0,0.0,2.0,0.0,16.0,A01
201400025923,0,31,0,0.0,2.0,0.0,1.0,B01
201400025924,0,7,0,0.0,2.0,0.0,15.0,A01
201400025924,0,31,0,0.0,2.0,0.0,1.0,B01
201400025925,0,7,0,0.0,2.0,4.0,23.0,B01
201400025925,0,7,0,0.0,0.0,1.0,1.0,A01
201400025925,0,7,0,0.0,0.0,4.0,23.0,C01
201400025926,0,30,0,0.0,0.0,8.0,23.0,A01
201400025927,0,31,0,0.0,2.0,3.0,2.0,A01
201400025927,0,7,0,0.0,2.0,5.0,23.0,B01
201400025928,0,7,0,0.0,1.0,1.0,16.0,A01
201400025929,0,7,0,0.0,1.0,2.0,1.0,A01
201400025930,0,7,0,0.0,2.0,4.0,23.0,C01
201400025930,0,7,0,0.0,2.0,1.0,1.0,A01
201400025930,0,7,0,0.0,2.0,4.0,23.0,D01
201400025930,0,7,0,0.0,2.0,4.0,23.0,B01
201400025931,0,30,0,0.0,2.0,3.0,1.0,A01
201400025931,0,1,0,0.0,2.0,0.0,15.0,B01
201400025932,0,33,0,0.0,2.0,1.0,1.0,B01
201400025932,0,7,0,0.0,2.0,2.0,15.0,A01
201400025933,0,7,0,0.0,2.0,1.0,15.0,A01
201400025933,0,30,0,0.0,2.0,1.0,1.0,B01
201400025934,0,7,0,0.0,2.0,1.0,1.0,B01
201400025934,0,7,0,3.0,2.0,1.0,1.0,A01
201400025935,0,34,0,0.0,0.0,1.0,1.0,A01
201400025936,0,34,0,0.0,0.0,7.0,1.0,A01
201400025937,0,2,0,0.0,0.0,0.0,0.0,A01
201400025938,0,7,0,0.0,1.0,4.0,1.0,A01
201400025939,0,10,0,0.0,2.0,1.0,1.0,C01
201400025939,0,7,0,0.0,2.0,4.0,1.0,B01
201400025939,0,7,0,3.0,2.0,1.0,9.0,A01
201400025940,0,7,0,0.0,1.0,1.0,15.0,A01
201400025941,0,1,0,0.0,2.0,5.0,1.0,B01
201400025941,0,7,0,0.0,2.0,3.0,1.0,A01
201400025942,0,7,0,0.0,1.0,1.0,16.0,A01
201400025943,2,7,0,0.0,2.0,1.0,1.0,A01
201400025943,0,7,0,5.0,2.0,4.0,1.0,B01
201400025944,0,7,0,13.0,0.0,1.0,0.0,A01
201400025945,0,7,0,0.0,1.0,1.0,15.0,A01
201400025946,0,7,0,0.0,2.0,1.0,20.0,A01
201400025946,0,30,0,0.0,2.0,1.0,1.0,B01
201400025947,0,1,0,0.0,1.0,1.0,1.0,A01
201400025948,0,7,0,0.0,2.0,1.0,1.0,A01
201400025948,0,7,0,0.0,2.0,4.0,1.0,B01
201400025949,0,7,0,0.0,2.0,8.0,1.0,B01
201400025949,0,7,0,0.0,2.0,1.0,15.0,A01
201400025950,0,33,0,0.0,2.0,1.0,1.0,A01
201400025950,0,1,0,0.0,2.0,8.0,19.0,B01
201400025951,0,1,0,0.0,2.0,1.0,19.0,A01
201400025951,0,33,0,0.0,2.0,1.0,1.0,B01
201400025952,0,7,0,4.0,0.0,9.0,1.0,A01
201400025953,0,7,0,0.0,2.0,3.0,1.0,B01
201400025953,0,7,0,0.0,2.0,1.0,1.0,A01
201400025954,0,10,0,0.0,2.0,1.0,2.0,A01
201400025954,0,7,0,0.0,2.0,4.0,2.0,B01
201400025955,0,7,0,0.0,2.0,4.0,2.0,B01
201400025955,0,7,0,0.0,2.0,4.0,2.0,C01
201400025955,0,7,0,0.0,2.0,3.0,2.0,A01
201400025956,0,7,0,0.0,2.0,4.0,23.0,B01
201400025956,0,7,0,0.0,2.0,1.0,2.0,A01
201400025957,0,7,0,8.0,0.0,0.0,1.0,A01
201400025958,0,7,0,0.0,1.0,2.0,1.0,A01
201400025959,0,7,0,0.0,1.0,2.0,1.0,A01
201400025960,0,2,0,0.0,0.0,0.0,1.0,A01
201400025961,0,7,0,0.0,2.0,4.0,23.0,C01
201400025961,1,7,0,0.0,2.0,0.0,2.0,A01
201400025961,0,10,0,0.0,2.0,9.0,2.0,B01
201400025962,0,7,0,0.0,1.0,1.0,1.0,A01
201400025963,0,32,0,0.0,1.0,1.0,1.0,A01
201400025964,0,10,0,4.0,0.0,9.0,1.0,A01
201400025965,0,30,0,0.0,2.0,1.0,1.0,B01
201400025965,0,7,0,0.0,2.0,2.0,15.0,A01
201400025966,0,7,0,0.0,2.0,1.0,2.0,A01
201400025966,0,7,0,0.0,2.0,4.0,23.0,B01
201400025967,0,7,0,0.0,2.0,1.0,2.0,A01
201400025967,0,7,0,0.0,2.0,4.0,23.0,B01
201400025968,0,7,0,0.0,2.0,4.0,2.0,B01
201400025968,0,7,0,0.0,2.0,1.0,2.0,A01
201400025969,0,1,0,0.0,2.0,7.0,1.0,A01
201400025969,0,30,0,0.0,2.0,3.0,1.0,B01
201400025970,0,1,0,0.0,2.0,0.0,19.0,A01
201400025970,0,7,0,0.0,2.0,1.0,16.0,B01
201400025971,0,7,0,0.0,2.0,8.0,1.0,B01