Num_Acc,senc,catv,occutc,obs,obsm,choc,manv,num_veh
201400026248,0,32,0,0.0,0.0,8.0,1.0,A01
201400026249,0,7,0,0.0,2.0,8.0,1.0,B01
201400026249,0,7,0,0.0,2.0,1.0,1.0,A01
201400026250,0,32,0,0.0,1.0,1.0,1.0,A01
201400026251,0,7,0,0.0,2.0,0.0,1.0,A01
201400026251,0,1,0,0.0,0.0,0.0,0.0,B01
201400026252,0,7,0,0.0,0.0,1.0,1.0,A01
201400026252,0,2,0,0.0,2.0,1.0,1.0,B01
201400026253,0,7,0,0.0,2.0,4.0,1.0,B01
201400026253,0,10,0,0.0,2.0,1.0,1.0,A01
201400026253,0,7,0,0.0,2.0,4.0,1.0,C01
201400026254,0,33,0,0.0,2.0,8.0,1.0,B01
201400026254,0,7,0,0.0,2.0,7.0,17.0,A01
201400026255,0,1,0,0.0,0.0,0.0,1.0,A01
201400026256,0,7,0,0.0,2.0,4.0,1.0,B01
201400026256,0,17,0,0.0,2.0,1.0,1.0,A01
201400026257,0,7,0,0.0,2.0,1.0,1.0,A01
201400026257,0,7,0,0.0,2.0,3.0,1.0,B01
201400026258,0,10,0,0.0,2.0,0.0,22.0,A01
201400026258,0,1,0,1.0,0.0,1.0,1.0,B01
201400026259,0,2,0,0.0,0.0,0.0,1.0,A01
201400026260,0,7,0,1.0,0.0,1.0,1.0,A01
201400026261,0,7,0,0.0,1.0,1.0,1.0,A01
201400026262,0,7,0,0.0,2.0,1.0,1.0,A01
201400026262,0,7,0,0.0,2.0,4.0,1.0,B01
201400026263,0,7,0,0.0,2.0,1.0,1.0,A01
201400026263,0,7,0,6.0,2.0,8.0,1.0,B01
201400026264,0,7,0,0.0,2.0,1.0,1.0,A01
201400026264,0,7,0,0.0,0.0,4.0,1.0,B01
201400026265,0,10,0,0.0,2.0,1.0,1.0,A01
201400026265,0,7,0,0.0,2.0,4.0,1.0,B01
201400026266,0,40,0,0.0,2.0,2.0,1.0,A01
201400026266,0,2,0,0.0,4.0,4.0,1.0,B01
201400026267,0,7,0,14.0,0.0,1.0,1.0,A01
201400026267,0,7,0,0.0,0.0,4.0,23.0,B01
201400026268,0,7,0,14.0,0.0,1.0,1.0,A01
201400026268,0,7,0,0.0,0.0,4.0,23.0,B01
201400026269,0,7,0,0.0,1.0,3.0,1.0,A01
201400026270,0,7,0,0.0,2.0,1.0,2.0,A01
201400026270,0,10,0,0.0,2.0,4.0,15.0,B01
201400026271,0,2,0,0.0,0.0,8.0,15.0,A01
201400026272,0,7,0,0.0,2.0,7.0,16.0,A01
201400026272,0,30,0,0.0,2.0,1.0,2.0,B01
201400026273,1,7,0,0.0,1.0,2.0,0.0,Z01
201400026274,0,7,0,0.0,1.0,2.0,1.0,A01
201400026275,0,7,0,0.0,0.0,2.0,1.0,B01
201400026275,0,33,0,0.0,0.0,1.0,0.0,A01
201400026276,0,7,0,0.0,0.0,4.0,2.0,C01
201400026276,0,7,0,0.0,2.0,4.0,2.0,B01
201400026276,0,7,0,0.0,2.0,1.0,2.0,A01
201400026277,0,7,0,0.0,2.0,4.0,2.0,B01
201400026277,0,7,0,0.0,0.0,4.0,2.0,C01
201400026277,0,7,0,0.0,2.0,1.0,2.0,A01
201400026278,0,10,0,0.0,2.0,1.0,9.0,A01
201400026278,0,32,0,0.0,2.0,1.0,1.0,B01
201400026279,0,7,0,0.0,1.0,2.0,1.0,A01
201400026280,0,7,0,0.0,2.0,1.0,0.0,A01
201400026280,0,7,0,0.0,2.0,1.0,1.0,B01
201400026281,0,7,0,0.0,2.0,1.0,2.0,A01
201400026281,0,7,0,0.0,0.0,6.0,15.0,B01
201400026282,0,7,0,4.0,0.0,3.0,1.0,A01
201400026283,0,7,0,0.0,1.0,1.0,2.0,A01
201400026284,0,7,0,4.0,0.0,3.0,2.0,A01
201400026285,0,30,0,0.0,0.0,7.0,2.0,A01
201400026286,0,7,0,0.0,2.0,2.0,19.0,A01
201400026286,0,7,0,0.0,2.0,1.0,19.0,B01
201400026287,0,7,0,0.0,2.0,1.0,2.0,B01
201400026287,0,7,0,0.0,2.0,7.0,19.0,A01
201400026288,0,7,0,0.0,1.0,8.0,2.0,A01
201400026289,2,2,0,0.0,1.0,2.0,0.0,A01
201400026290,0,7,0,0.0,2.0,4.0,2.0,B01
201400026290,0,7,0,14.0,0.0,1.0,2.0,A01
201400026290,0,7,0,0.0,2.0,4.0,2.0,C01
201400026291,0,7,0,0.0,2.0,3.0,0.0,A01
201400026291,0,7,0,1.0,2.0,6.0,0.0,B01
201400026292,0,33,0,0.0,2.0,7.0,1.0,B01
201400026292,0,7,0,0.0,2.0,8.0,15.0,A01
201400026293,0,7,0,0.0,2.0,1.0,1.0,B01
201400026293,0,2,0,0.0,2.0,8.0,1.0,A01
201400026294,0,33,0,0.0,0.0,0.0,1.0,A01
201400026295,0,32,0,0.0,0.0,0.0,1.0,A01
201400026296,1,7,0,0.0,1.0,2.0,1.0,Z01
201400026297,0,7,0,0.0,0.0,0.0,0.0,A01
201400026297,0,2,0,0.0,0.0,0.0,0.0,B01
201400026298,0,10,0,0.0,2.0,3.0,15.0,B01
201400026298,0,32,0,0.0,2.0,1.0,1.0,A01
201400026299,0,7,0,0.0,2.0,4.0,1.0,C01
201400026299,0,7,0,0.0,2.0,1.0,0.0,A01
201400026299,0,7,0,0.0,2.0,4.0,1.0,B01
201400026300,0,1,0,0.0,2.0,4.0,0.0,B01
201400026300,0,7,0,0.0,2.0,3.0,16.0,A01
201400026301,0,7,0,0.0,2.0,8.0,20.0,A01
201400026301,0,2,0,0.0,2.0,1.0,1.0,B01
201400026302,0,7,0,0.0,2.0,3.0,1.0,B01
201400026302,0,7,0,0.0,2.0,3.0,15.0,A01
201400026303,0,33,0,0.0,0.0,8.0,1.0,A01
201400026304,0,7,0,0.0,2.0,1.0,0.0,A01
201400026304,0,7,0,0.0,2.0,1.0,1.0,B01
201400026305,0,30,0,0.0,2.0,2.0,1.0,B01
201400026305,0,30,0,0.0,2.0,8.0,9.0,A01
201400026306,0,7,0,0.0,2.0,2.0,1.0,A01
201400026306,0,7,0,0.0,2.0,1.0,1.0,B01
201400026307,0,7,0,0.0,1.0,1.0,1.0,A01
201400026308,0,33,0,0.0,2.0,7.0,1.0,B01
201400026308,0,10,0,0.0,2.0,2.0,9.0,A01
201400026309,0,33,0,0.0,2.0,7.0,1.0,B01
201400026309,0,7,0,0.0,2.0,3.0,9.0,A01
201400026310,0,33,0,0.0,2.0,7.0,1.0,B01
201400026310,0,33,0,0.0,2.0,8.0,1.0,A01
201400026311,0,7,0,0.0,1.0,1.0,0.0,A01
201400026312,0,10,0,0.0,2.0,4.0,1.0,B01
201400026312,0,7,0,0.0,2.0,1.0,1.0,A01
201400026313,0,7,0,0.0,2.0,1.0,1.0,A01
201400026313,0,7,0,0.0,2.0,4.0,1.0,B01
201400026314,0,7,0,0.0,2.0,2.0,1.0,B01
201400026314,0,7,0,0.0,2.0,8.0,15.0,A01
201400026315,0,7,0,0.0,2.0,3.0,15.0,B01
201400026315,0,7,0,0.0,2.0,1.0,2.0,A01
201400026316,0,7,0,0.0,0.0,0.0,0.0,B01
201400026316,0,30,0,0.0,2.0,0.0,0.0,A01
201400026317,0,7,0,0.0,2.0,1.0,1.0,A01
201400026317,0,7,0,0.0,2.0,4.0,1.0,B01
201400026318,0,7,0,0.0,1.0,1.0,1.0,A01
201400026319,0,7,0,0.0,1.0,2.0,1.0,A01
201400026320,0,7,0,0.0,2.0,1.0,0.0,B01
201400026320,0,7,0,0.0,2.0,5.0,0.0,A01
201400026321,0,32,0,0.0,0.0,8.0,1.0,A01
201400026322,0,7,0,0.0,2.0,1.0,2.0,A01
201400026322,0,1,0,0.0,2.0,8.0,19.0,B01
201400026323,0,7,0,0.0,2.0,2.0,1.0,B01
201400026323,0,1,0,0.0,2.0,1.0,9.0,A01
201400026324,0,7,0,0.0,2.0,1.0,1.0,A01
201400026324,0,7,0,0.0,2.0,4.0,1.0,B01
201400026325,0,7,0,0.0,2.0,2.0,15.0,A01
201400026325,0,7,0,0.0,2.0,1.0,1.0,B01
201400026326,0,7,0,0.0,0.0,2.0,1.0,A01
201400026327,0,2,0,0.0,2.0,1.0,2.0,A01
201400026327,0,7,0,0.0,2.0,4.0,2.0,B01
201400026328,0,2,0,0.0,0.0,0.0,2.0,A01
201400026329,0,1,0,0.0,0.0,0.0,1.0,A01
201400026330,0,7,0,15.0,0.0,2.0,13.0,A01
201400026331,0,7,0,0.0,1.0,1.0,9.0,A01
201400026332,0,33,0,0.0,0.0,0.0,0.0,A01
201400026333,0,1,0,0.0,2.0,1.0,1.0,B01
201400026333,0,7,0,0.0,2.0,0.0,22.0,A01
201400026334,0,1,0,0.0,0.0,4.0,1.0,A01
201400026335,0,7,0,0.0,2.0,4.0,15.0,B01
201400026335,0,10,0,0.0,2.0,1.0,1.0,A01
201400026335,0,10,0,0.0,2.0,1.0,1.0,C01
201400026336,0,7,0,0.0,2.0,1.0,1.0,B01
201400026336,0,2,0,0.0,2.0,1.0,1.0,A01
201400026337,0,7,0,0.0,2.0,1.0,1.0,A01
201400026337,0,7,0,7.0,1.0,7.0,1.0,B01
201400026338,0,7,0,0.0,2.0,1.0,1.0,A01
201400026338,0,10,0,0.0,2.0,4.0,1.0,C01
201400026338,0,7,0,0.0,2.0,4.0,1.0,B01
201400026339,1,33,0,0.0,2.0,1.0,1.0,B01
201400026339,0,7,0,0.0,2.0,6.0,11.0,A01
201400026340,0,7,0,0.0,1.0,1.0,1.0,A01
201400026341,0,10,0,4.0,0.0,3.0,1.0,A01
201400026342,0,2,0,0.0,0.0,0.0,0.0,A01
201400026343,0,7,0,0.0,2.0,4.0,1.0,B01
201400026343,0,7,0,0.0,2.0,0.0,1.0,C01
201400026343,0,37,1,0.0,2.0,1.0,1.0,A01
201400026344,0,7,0,0.0,2.0,1.0,1.0,A01
201400026344,0,7,0,0.0,2.0,4.0,1.0,B01
201400026345,0,34,0,0.0,2.0,1.0,1.0,B01
201400026345,0,7,0,0.0,2.0,1.0,15.0,A01
201400026346,0,37,1,0.0,2.0,4.0,23.0,B01
201400026346,0,7,0,0.0,2.0,1.0,13.0,A01
201400026347,0,10,0,0.0,2.0,1.0,1.0,A01
201400026347,0,10,0,0.0,2.0,6.0,1.0,B01
201400026348,0,7,0,0.0,2.0,6.0,1.0,C01
201400026348,0,7,0,0.0,2.0,6.0,1.0,B01
201400026348,0,7,0,0.0,2.0,1.0,1.0,A01
201400026349,0,7,0,0.0,2.0,2.0,1.0,B01
201400026349,0,2,0,0.0,2.0,5.0,1.0,A01
201400026350,0,7,0,0.0,2.0,3.0,9.0,A01
201400026350,0,30,0,0.0,2.0,7.0,1.0,B01
201400026351,0,7,0,0.0,2.0,5.0,2.0,B01
201400026351,0,7,0,0.0,2.0,1.0,19.0,A01
201400026352,0,7,0,4.0,0.0,8.0,1.0,A01
201400026353,0,7,0,15.0,0.0,1.0,13.0,A01
201400026354,0,7,0,0.0,1.0,2.0,9.0,A01
201400026355,0,7,0,0.0,2.0,1.0,2.0,A01
201400026355,0,7,0,0.0,2.0,4.0,2.0,B01
201400026355,0,7,0,0.0,2.0,4.0,2.0,C01
201400026355,0,7,0,0.0,2.0,4.0,2.0,D01
201400026356,0,7,0,0.0,2.0,1.0,1.0,A01
201400026356,0,7,0,0.0,2.0,6.0,1.0,B01
201400026357,0,7,0,0.0,0.0,5.0,15.0,B01
201400026357,0,33,0,0.0,2.0,1.0,2.0,A01
201400026358,0,7,0,0.0,1.0,8.0,1.0,A01
201400026359,0,30,0,0.0,2.0,1.0,1.0,A01
201400026359,0,7,0,0.0,0.0,3.0,15.0,B01
201400026360,0,7,0,0.0,1.0,7.0,1.0,A01
201400026361,0,1,0,0.0,2.0,1.0,2.0,B01
201400026361,0,7,0,1.0,2.0,8.0,22.0,A01
201400026362,0,7,0,0.0,2.0,2.0,1.0,A01
201400026362,0,7,0,0.0,2.0,3.0,1.0,B01
201400026363,0,7,0,0.0,2.0,6.0,2.0,B01
201400026363,0,7,0,0.0,2.0,6.0,4.0,A01
201400026364,0,37,1,0.0,2.0,3.0,16.0,B01
201400026364,0,7,0,0.0,2.0,2.0,1.0,A01
201400026365,0,7,0,0.0,2.0,6.0,15.0,B01
201400026365,0,7,0,0.0,2.0,2.0,1.0,A01
201400026366,0,10,0,14.0,0.0,2.0,17.0,A01
201400026366,0,15,0,0.0,2.0,6.0,23.0,C01
201400026366,0,2,0,0.0,2.0,1.0,1.0,B01
201400026367,0,30,0,0.0,1.0,1.0,1.0,A01
201400026368,0,7,0,0.0,2.0,7.0,15.0,B01
201400026368,0,7,0,0.0,2.0,1.0,1.0,A01
201400026369,0,10,0,0.0,2.0,2.0,1.0,B01
201400026369,0,7,0,0.0,2.0,6.0,4.0,A01
201400026370,0,1,0,0.0,0.0,0.0,15.0,A01
201400026371,0,7,0,0.0,2.0,1.0,1.0,B01
201400026371,0,37,2,0.0,2.0,7.0,1.0,A01
201400026372,0,10,0,0.0,2.0,5.0,0.0,B01
201400026372,0,10,0,1.0,0.0,2.0,2.0,A01
201400026373,0,7,0,0.0,2.0,2.0,15.0,A01
201400026373,0,1,0,0.0,2.0,1.0,15.0,B01
201400026374,0,7,0,0.0,2.0,4.0,2.0,B01
201400026374,0,7,0,0.0,2.0,1.0,2.0,A01
201400026374,0,10,0,0.0,0.0,4.0,2.0,C01
201400026375,0,7,0,0.0,2.0,1.0,2.0,A01
201400026375,0,10,0,0.0,2.0,4.0,2.0,B01
201400026376,0,2,0,0.0,2.0,4.0,15.0,B01
201400026376,1,10,0,0.0,2.0,1.0,15.0,Z01
201400026377,0,2,0,0.0,2.0,1.0,2.0,A01
201400026377,0,15,0,0.0,2.0,6.0,2.0,B01
201400026378,0,1,0,0.0,0.0,6.0,2.0,A01
201400026379,0,30,0,0.0,2.0,7.0,1.0,B01
201400026379,0,7,0,0.0,2.0,3.0,10.0,A01
201400026380,0,7,0,0.0,2.0,4.0,1.0,B01
201400026380,0,7,0,0.0,2.0,1.0,2.0,A01
201400026380,0,7,0,0.0,0.0,4.0,2.0,C01
201400026381,0,7,0,0.0,2.0,4.0,2.0,B01
201400026381,0,7,0,0.0,2.0,1.0,2.0,A01
201400026382,0,7,0,6.0,0.0,1.0,0.0,A01
201400026383,0,7,0,0.0,0.0,0.0,0.0,B01
201400026383,0,2,0,0.0,2.0,0.0,0.0,A01
201400026384,0,33,0,0.0,0.0,0.0,0.0,A01
201400026385,0,1,0,0.0,0.0,0.0,0.0,A01
201400026386,0,7,0,0.0,1.0,7.0,1.0,A01
201400026387,0,7,0,3.0,0.0,1.0,1.0,A01
201400026388,0,7,0,0.0,2.0,3.0,1.0,B01
201400026388,0,7,0,0.0,2.0,2.0,1.0,A01
201400026389,0,10,0,0.0,2.0,1.0,1.0,A01
201400026389,0,7,0,0.0,2.0,4.0,1.0,B01
201400026389,0,7,0,0.0,2.0,4.0,1.0,C01
201400026390,0,7,0,0.0,1.0,3.0,1.0,A01
201400026391,0,7,0,0.0,2.0,8.0,1.0,B01
201400026391,0,7,0,0.0,2.0,1.0,1.0,A01
201400026392,0,7,0,0.0,2.0,4.0,1.0,B01
201400026392,0,7,0,0.0,2.0,1.0,1.0,A01
201400026393,0,7,0,0.0,2.0,8.0,22.0,A01
201400026393,0,1,0,1.0,0.0,1.0,1.0,B01
201400026394,0,7,0,1.0,2.0,8.0,1.0,B01
201400026394,0,7,0,9.0,2.0,1.0,1.0,A01
201400026395,0,7,0,0.0,2.0,7.0,14.0,A01
201400026395,0,1,0,0.0,2.0,8.0,1.0,B01
201400026396,0,1,0,0.0,2.0,8.0,0.0,B01
201400026396,0,7,0,0.0,9.0,2.0,1.0,A01
201400026397,0,7,0,0.0,9.0,2.0,9.0,A01
201400026397,0,1,0,0.0,2.0,7.0,9.0,B01
201400026398,1,7,0,0.0,1.0,0.0,1.0,A01
201400026399,0,1,0,0.0,2.0,1.0,1.0,B01
201400026399,0,7,0,0.0,2.0,1.0,1.0,A01
201400026400,0,7,0,13.0,0.0,1.0,1.0,A01
201400026401,0,10,0,4.0,0.0,2.0,1.0,A01
201400026402,0,7,0,4.0,0.0,1.0,1.0,A01
201400026403,0,7,0,0.0,2.0,1.0,1.0,A01
201400026403,0,7,0,0.0,2.0,6.0,1.0,B01
201400026404,0,7,0,13.0,0.0,4.0,1.0,A01
201400026405,0,2,0,6.0,0.0,1.0,14.0,A01
201400026406,0,7,0,3.0,0.0,1.0,1.0,A01
201400026407,0,7,0,0.0,2.0,8.0,1.0,B01
201400026407,0,7,0,0.0,2.0,7.0,14.0,A01
201400026408,0,7,0,1.0,0.0,1.0,1.0,A01
201400026409,0,37,1,0.0,1.0,0.0,0.0,A01
201400026410,0,7,0,4.0,0.0,1.0,1.0,A01
201400026411,0,7,0,8.0,0.0,3.0,0.0,A01
201400026412,0,7,0,0.0,1.0,1.0,15.0,A01
201400026413,0,33,0,0.0,2.0,1.0,1.0,A01
201400026413,0,7,0,0.0,2.0,4.0,1.0,B01
201400026414,0,1,0,0.0,2.0,1.0,1.0,B01
201400026414,0,7,0,0.0,2.0,2.0,15.0,A01
201400026415,0,7,0,0.0,2.0,2.0,16.0,A01
201400026415,0,30,0,0.0,2.0,1.0,1.0,B01
201400026416,0,1,0,0.0,0.0,1.0,1.0,B01
201400026417,0,2,0,0.0,0.0,0.0,0.0,A01
201400026418,0,7,0,0.0,0.0,0.0,0.0,A01
201400026418,0,7,0,0.0,0.0,0.0,0.0,B01
201400026419,0,7,0,0.0,0.0,0.0,0.0,A01
201400026419,0,30,0,0.0,0.0,0.0,0.0,B01
201400026420,0,3,0,0.0,0.0,6.0,0.0,A01
201400026420,1,7,0,0.0,0.0,1.0,0.0,Z01
201400026421,0,7,0,0.0,2.0,1.0,1.0,B01
201400026421,0,7,0,0.0,2.0,1.0,5.0,A01
201400026422,0,7,0,0.0,2.0,1.0,1.0,B01
201400026422,1,7,0,0.0,2.0,2.0,1.0,Z01
201400026423,0,7,0,0.0,2.0,3.0,1.0,A01
201400026423,0,1,0,0.0,2.0,1.0,1.0,B01
201400026424,0,30,0,0.0,2.0,1.0,1.0,A01
201400026424,0,13,0,0.0,0.0,5.0,15.0,B01
201400026425,0,1,0,0.0,0.0,0.0,0.0,A01
201400026426,0,1,0,12.0,0.0,7.0,1.0,A01
201400026427,0,7,0,0.0,1.0,1.0,1.0,A01
201400026428,0,7,0,0.0,2.0,8.0,1.0,B01
201400026428,0,7,0,0.0,2.0,1.0,1.0,A01
201400026429,0,1,0,0.0,2.0,1.0,1.0,B01
201400026429,0,7,0,0.0,2.0,3.0,1.0,A01
201400026430,1,2,0,0.0,2.0,7.0,1.0,B01
201400026430,0,7,0,0.0,2.0,1.0,1.0,A01
201400026431,0,7,0,0.0,2.0,1.0,2.0,A01
201400026431,0,7,0,0.0,2.0,4.0,1.0,B01
201400026432,0,7,0,0.0,2.0,4.0,2.0,B01
201400026432,0,7,0,0.0,2.0,4.0,2.0,C01
201400026432,0,7,0,0.0,2.0,1.0,2.0,A01
201400026433,0,7,0,0.0,2.0,3.0,15.0,A01
201400026433,0,33,0,0.0,2.0,1.0,1.0,B01
201400026434,0,2,0,0.0,2.0,1.0,1.0,B01
201400026434,0,7,0,0.0,2.0,2.0,1.0,A01
201400026435,0,33,0,0.0,2.0,1.0,5.0,A01
201400026435,0,7,0,0.0,2.0,3.0,1.0,B01
201400026436,0,1,0,0.0,2.0,8.0,1.0,B01
201400026436,0,7,0,0.0,2.0,1.0,1.0,A01
201400026437,0,7,0,0.0,2.0,1.0,1.0,A01
201400026437,0,7,0,0.0,2.0,6.0,1.0,B01
201400026438,0,7,0,0.0,2.0,4.0,15.0,B01
201400026438,0,33,0,0.0,2.0,1.0,1.0,A01
201400026439,0,1,0,14.0,0.0,8.0,15.0,A01
201400026440,0,7,0,0.0,2.0,1.0,2.0,A01
201400026440,0,7,0,0.0,0.0,4.0,23.0,B01
201400026441,0,7,0,0.0,2.0,3.0,2.0,A01
201400026441,0,7,0,0.0,2.0,2.0,5.0,B01
201400026442,0,7,0,0.0,2.0,4.0,2.0,B01
201400026442,0,7,0,0.0,2.0,1.0,2.0,A01
201400026442,0,7,0,0.0,2.0,4.0,2.0,C01
201400026443,0,7,0,4.0,0.0,1.0,0.0,A01
201400026444,0,1,0,0.0,2.0,7.0,2.0,B01
201400026444,1,7,0,0.0,2.0,8.0,1.0,A01
201400026445,0,7,0,6.0,0.0,1.0,1.0,A01
201400026446,0,7,0,0.0,2.0,6.0,1.0,A01
201400026446,0,40,2,0.0,2.0,1.0,1.0,B01
201400026447,0,1,0,0.0,2.0,7.0,1.0,B01
201400026447,0,7,0,0.0,2.0,5.0,1.0,A01
201400026448,0,7,0,4.0,0.0,3.0,17.0,A01
201400026449,0,1,0,8.0,0.0,1.0,1.0,A01
201400026450,0,1,0,15.0,0.0,1.0,0.0,A01
201400026451,0,33,0,0.0,2.0,1.0,2.0,A01
201400026451,0,7,0,0.0,0.0,4.0,2.0,B01
201400026452,0,7,0,0.0,2.0,1.0,2.0,B01
201400026452,0,7,0,6.0,2.0,1.0,19.0,A01
201400026453,0,1,0,0.0,5.0,0.0,2.0,A01
201400026454,0,7,0,0.0,2.0,1.0,15.0,B01
201400026454,0,2,0,0.0,2.0,7.0,1.0,A01
201400026455,0,7,0,0.0,2.0,1.0,2.0,A01
201400026455,0,7,0,0.0,2.0,4.0,2.0,B01
201400026455,0,7,0,0.0,0.0,4.0,2.0,C01
201400026456,0,7,0,0.0,2.0,3.0,20.0,A01
201400026456,0,2,0,0.0,2.0,1.0,2.0,B01
201400026457,0,1,0,0.0,2.0,1.0,2.0,B01
201400026457,0,7,0,0.0,2.0,6.0,20.0,A01
201400026458,0,1,0,0.0,1.0,1.0,1.0,A01
201400026459,0,7,0,0.0,2.0,4.0,2.0,B01
201400026459,0,7,0,0.0,2.0,1.0,2.0,A01
201400026460,0,7,0,0.0,2.0,3.0,9.0,A01
201400026460,0,30,0,0.0,2.0,7.0,15.0,B01
201400026461,0,7,0,0.0,2.0,3.0,13.0,A01
201400026461,0,10,0,0.0,2.0,3.0,1.0,B01
201400026462,0,30,0,11.0,0.0,1.0,1.0,A01
201400026463,0,32,0,0.0,0.0,8.0,21.0,A01
201400026464,0,34,0,0.0,2.0,8.0,1.0,B01
201400026464,0,7,0,0.0,2.0,3.0,15.0,A01
201400026465,0,7,0,0.0,1.0,4.0,4.0,A01
201400026466,0,7,0,8.0,0.0,1.0,13.0,A01
201400026467,0,30,0,0.0,2.0,1.0,1.0,B01
201400026467,0,7,0,0.0,2.0,8.0,1.0,A01
201400026468,0,30,0,0.0,0.0,0.0,16.0,A01
201400026469,0,7,0,0.0,2.0,4.0,1.0,B01
201400026469,0,7,0,0.0,2.0,4.0,1.0,C01
201400026469,0,7,0,0.0,2.0,1.0,1.0,A01
201400026470,0,7,0,0.0,2.0,4.0,23.0,C01
201400026470,0,7,0,0.0,2.0,4.0,23.0,B01
201400026470,0,7,0,0.0,2.0,1.0,1.0,A01
201400026471,0,7,0,0.0,2.0,1.0,13.0,A01
201400026471,0,7,0,0.0,2.0,1.0,1.0,B01
201400026472,0,30,0,0.0,0.0,0.0,1.0,A01
201400026473,0,2,0,0.0,0.0,0.0,0.0,A01
201400026474,0,30,0,0.0,2.0,0.0,0.0,A01
201400026474,0,7,0,0.0,0.0,0.0,0.0,B01
201400026475,0,2,0,0.0,0.0,0.0,1.0,A01
201400026476,0,7,0,0.0,2.0,0.0,0.0,B01
201400026476,0,33,0,0.0,2.0,0.0,0.0,A01
201400026477,0,7,0,0.0,0.0,0.0,0.0,B01
201400026477,0,7,0,0.0,2.0,0.0,0.0,A01
201400026478,0,7,0,15.0,0.0,0.0,0.0,A01
201400026479,0,7,0,0.0,2.0,1.0,9.0,A01
201400026479,0,37,1,0.0,2.0,7.0,1.0,B01
201400026480,0,7,0,0.0,2.0,8.0,10.0,A01
201400026480,0,33,0,0.0,2.0,1.0,1.0,B01
201400026481,0,1,0,0.0,2.0,5.0,9.0,A01
201400026481,0,7,0,0.0,2.0,1.0,1.0,B01
201400026482,0,7,0,0.0,2.0,2.0,1.0,A01
201400026482,0,7,0,0.0,2.0,1.0,1.0,B01
201400026483,0,33,0,2.0,0.0,1.0,1.0,A01
201400026484,0,7,0,0.0,2.0,1.0,1.0,A01
201400026484,0,10,0,0.0,2.0,4.0,1.0,B01
201400026485,0,7,0,0.0,2.0,4.0,23.0,B01
201400026485,0,7,0,0.0,2.0,1.0,1.0,A01
201400026486,0,36,0,3.0,0.0,3.0,17.0,A01
201400026487,0,7,0,13.0,0.0,1.0,1.0,A01
201400026488,0,7,0,0.0,2.0,2.0,1.0,B01
201400026488,0,7,0,0.0,2.0,3.0,1.0,A01
201400026489,0,7,0,4.0,0.0,1.0,1.0,A01
201400026490,0,1,0,0.0,0.0,0.0,1.0,A01
201400026491,0,7,0,0.0,2.0,4.0,1.0,B01
201400026491,0,7,0,0.0,2.0,1.0,1.0,A01
201400026492,0,1,0,0.0,2.0,1.0,5.0,A01
201400026492,0,7,0,0.0,2.0,1.0,1.0,B01
201400026493,0,33,0,0.0,2.0,0.0,21.0,B01
201400026493,0,10,0,0.0,2.0,0.0,20.0,A01
201400026494,0,7,0,0.0,2.0,1.0,1.0,B01
201400026494,0,7,0,7.0,2.0,1.0,1.0,A01
201400026495,0,7,0,0.0,1.0,5.0,1.0,A01
201400026496,0,2,0,11.0,0.0,1.0,16.0,A01
201400026497,0,7,0,0.0,2.0,1.0,15.0,B01
201400026497,0,1,0,0.0,2.0,1.0,15.0,A01
201400026498,0,1,0,0.0,1.0,1.0,0.0,A01
201400026499,0,10,0,0.0,2.0,5.0,1.0,A01
201400026499,0,7,0,0.0,2.0,1.0,1.0,B01
201400026500,0,7,0,0.0,2.0,4.0,1.0,C01
201400026500,0,7,0,0.0,2.0,1.0,0.0,A01
201400026500,0,7,0,0.0,2.0,4.0,1.0,B01
201400026501,0,30,0,0.0,2.0,1.0,0.0,A01
201400026501,1,7,0,0.0,2.0,4.0,0.0,Z01
201400026502,0,7,0,2.0,0.0,1.0,1.0,A01
201400026503,0,7,0,0.0,2.0,8.0,1.0,B01
201400026503,0,7,0,0.0,2.0,2.0,12.0,A01
201400026504,0,32,0,0.0,0.0,0.0,1.0,A01
201400026505,0,7,0,0.0,2.0,4.0,1.0,B01
201400026505,0,10,0,0.0,2.0,2.0,1.0,A01
201400026506,0,7,0,0.0,2.0,6.0,15.0,B01
201400026506,0,33,0,0.0,2.0,1.0,17.0,A01
201400026507,0,7,0,0.0,2.0,1.0,1.0,A01
201400026507,0,7,0,0.0,2.0,4.0,1.0,B01
201400026508,0,1,0,0.0,2.0,8.0,1.0,B01
201400026508,0,7,0,0.0,2.0,1.0,13.0,A01
201400026509,0,2,0,0.0,0.0,0.0,0.0,A01
201400026510,0,30,0,0.0,0.0,0.0,0.0,B01
201400026510,1,7,0,0.0,0.0,0.0,0.0,A01
201400026511,0,7,0,0.0,2.0,8.0,1.0,B01
201400026511,0,30,0,0.0,2.0,1.0,1.0,A01
201400026512,0,7,0,0.0,1.0,1.0,1.0,A01
201400026513,0,7,0,0.0,2.0,3.0,15.0,A01
201400026513,0,7,0,0.0,2.0,3.0,1.0,B01
201400026514,0,1,0,0.0,2.0,3.0,1.0,B01
201400026514,0,7,0,0.0,2.0,5.0,16.0,A01
201400026515,0,1,0,0.0,2.0,1.0,1.0,A01
201400026515,0,7,0,0.0,2.0,1.0,1.0,B01
201400026516,0,1,0,0.0,2.0,1.0,1.0,B01
201400026516,0,7,0,0.0,2.0,1.0,1.0,A01
201400026517,0,7,0,0.0,2.0,1.0,1.0,B01
201400026517,0,7,0,0.0,2.0,2.0,1.0,A01
201400026518,0,7,0,0.0,2.0,1.0,1.0,A01
201400026518,0,7,0,0.0,2.0,1.0,1.0,C01