Num_Acc,senc,catv,occutc,obs,obsm,choc,manv,num_veh
201400026518,0,7,0,0.0,2.0,1.0,1.0,B01
201400026519,0,1,0,0.0,2.0,1.0,1.0,B01
201400026519,0,7,0,0.0,2.0,6.0,15.0,A01
201400026520,0,7,0,0.0,2.0,1.0,15.0,A01
201400026520,0,1,0,0.0,2.0,1.0,1.0,B01
201400026521,0,7,0,0.0,2.0,1.0,1.0,A01
201400026521,0,7,0,0.0,2.0,4.0,1.0,B01
201400026521,0,7,0,0.0,2.0,4.0,1.0,D01
201400026521,0,7,0,0.0,2.0,4.0,1.0,C01
201400026522,0,7,0,0.0,0.0,1.0,1.0,A01
201400026523,0,7,0,8.0,0.0,2.0,1.0,A01
201400026524,0,1,0,0.0,0.0,1.0,1.0,A01
201400026525,0,7,0,0.0,2.0,1.0,1.0,B01
201400026525,0,7,0,0.0,2.0,1.0,15.0,A01
201400026526,0,7,0,0.0,2.0,1.0,1.0,A01
201400026526,0,2,0,0.0,2.0,1.0,1.0,B01
201400026527,0,7,0,0.0,1.0,1.0,1.0,A01
201400026528,0,1,0,0.0,2.0,1.0,1.0,A01
201400026528,0,7,0,0.0,2.0,7.0,14.0,B01
201400026529,0,7,0,0.0,2.0,4.0,1.0,B01
201400026529,0,7,0,0.0,2.0,1.0,1.0,A01
201400026529,0,7,0,0.0,2.0,4.0,1.0,C01
201400026530,0,2,0,0.0,2.0,1.0,9.0,B01
201400026530,0,7,0,0.0,2.0,7.0,1.0,A01
201400026531,0,1,0,0.0,2.0,1.0,1.0,B01
201400026531,0,7,0,0.0,2.0,3.0,15.0,A01
201400026532,0,7,0,2.0,0.0,1.0,1.0,A01
201400026533,0,1,0,0.0,0.0,0.0,0.0,A01
201400026534,0,7,0,11.0,0.0,0.0,0.0,A01
201400026535,0,2,0,0.0,0.0,0.0,0.0,A01
201400026536,0,7,0,0.0,2.0,6.0,10.0,A01
201400026536,0,33,0,0.0,2.0,1.0,1.0,B01
201400026537,0,1,0,0.0,2.0,1.0,1.0,B01
201400026537,0,7,0,0.0,2.0,3.0,15.0,A01
201400026538,0,7,0,0.0,2.0,4.0,1.0,B01
201400026538,0,7,0,0.0,2.0,1.0,1.0,A01
201400026539,0,7,0,4.0,0.0,3.0,1.0,A01
201400026540,0,7,0,0.0,2.0,1.0,1.0,B01
201400026540,0,7,0,0.0,2.0,3.0,15.0,A01
201400026541,0,31,0,0.0,0.0,8.0,15.0,A01
201400026542,0,7,0,0.0,2.0,4.0,1.0,B01
201400026542,0,14,0,0.0,2.0,1.0,1.0,A01
201400026542,0,7,0,0.0,0.0,4.0,1.0,C01
201400026543,0,1,0,0.0,2.0,2.0,1.0,B01
201400026543,1,7,0,0.0,2.0,1.0,1.0,A01
201400026544,0,10,0,0.0,2.0,2.0,15.0,A01
201400026544,0,33,0,0.0,2.0,1.0,1.0,B01
201400026545,0,10,0,0.0,2.0,4.0,1.0,B01
201400026545,0,7,0,0.0,2.0,1.0,1.0,A01
201400026546,0,7,0,0.0,2.0,8.0,10.0,A01
201400026546,0,7,0,0.0,2.0,1.0,1.0,B01
201400026547,0,32,0,0.0,0.0,0.0,1.0,A01
201400026548,0,7,0,4.0,0.0,1.0,1.0,A01
201400026549,0,7,0,0.0,2.0,7.0,2.0,B01
201400026549,0,7,0,0.0,2.0,3.0,16.0,A01
201400026550,0,7,0,0.0,2.0,1.0,2.0,B01
201400026550,0,7,0,0.0,2.0,1.0,2.0,A01
201400026550,0,7,0,0.0,2.0,4.0,2.0,C01
201400026551,0,30,0,0.0,0.0,0.0,0.0,A01
201400026552,0,34,0,0.0,2.0,1.0,1.0,B01
201400026552,0,7,0,0.0,2.0,1.0,15.0,A01
201400026553,0,30,0,0.0,0.0,0.0,2.0,A01
201400026554,0,10,0,7.0,2.0,3.0,16.0,B01
201400026554,0,13,0,0.0,2.0,2.0,2.0,A01
201400026555,0,7,0,0.0,2.0,3.0,1.0,B01
201400026555,0,1,0,0.0,2.0,8.0,15.0,A01
201400026556,0,31,0,0.0,2.0,1.0,1.0,B01
201400026556,0,7,0,0.0,2.0,2.0,15.0,A01
201400026557,0,30,0,0.0,2.0,1.0,1.0,A01
201400026557,0,7,0,0.0,2.0,5.0,1.0,B01
201400026558,0,7,0,0.0,2.0,2.0,1.0,B01
201400026558,0,30,0,0.0,2.0,1.0,1.0,A01
201400026559,0,7,0,0.0,0.0,0.0,0.0,A01
201400026559,0,7,0,0.0,0.0,0.0,0.0,B01
201400026559,0,33,0,0.0,0.0,0.0,0.0,C01
201400026560,0,7,0,0.0,0.0,0.0,17.0,B01
201400026560,0,7,0,0.0,0.0,0.0,13.0,A01
201400026561,0,37,2,0.0,1.0,1.0,15.0,A01
201400026562,0,7,0,0.0,2.0,4.0,1.0,B01
201400026562,0,7,0,0.0,2.0,4.0,1.0,C01
201400026562,0,7,0,0.0,2.0,1.0,1.0,A01
201400026563,0,7,0,0.0,1.0,2.0,15.0,A01
201400026564,0,7,0,13.0,0.0,7.0,17.0,A01
201400026565,0,1,0,0.0,2.0,4.0,1.0,B01
201400026565,0,7,0,0.0,2.0,1.0,9.0,A01
201400026566,0,30,0,0.0,2.0,0.0,0.0,A01
201400026566,0,7,0,0.0,2.0,0.0,0.0,B01
201400026567,0,31,0,0.0,2.0,0.0,15.0,A01
201400026567,0,7,0,0.0,0.0,0.0,1.0,B01
201400026568,0,7,0,0.0,2.0,2.0,1.0,A01
201400026568,0,1,0,0.0,2.0,8.0,19.0,B01
201400026569,0,34,0,0.0,2.0,8.0,1.0,B01
201400026569,0,10,0,0.0,2.0,0.0,9.0,A01
201400026570,0,7,0,0.0,2.0,1.0,1.0,A01
201400026570,0,7,0,0.0,2.0,4.0,1.0,B01
201400026571,0,7,0,0.0,0.0,9.0,1.0,A01
201400026572,0,7,0,0.0,2.0,1.0,1.0,A01
201400026572,0,7,0,0.0,2.0,7.0,1.0,B01
201400026573,0,7,0,0.0,2.0,6.0,1.0,B01
201400026573,0,2,0,0.0,2.0,2.0,17.0,A01
201400026574,0,30,0,0.0,2.0,1.0,9.0,A01
201400026574,0,7,0,0.0,2.0,7.0,2.0,B01
201400026575,0,7,0,0.0,2.0,1.0,15.0,A01
201400026575,0,30,0,0.0,2.0,1.0,1.0,B01
201400026575,0,7,0,0.0,9.0,1.0,23.0,C01
201400026576,0,7,0,0.0,2.0,2.0,17.0,A01
201400026576,0,30,0,0.0,2.0,8.0,15.0,B01
201400026577,0,10,0,0.0,1.0,4.0,4.0,A01
201400026578,0,7,0,0.0,2.0,5.0,16.0,B01
201400026578,0,1,0,0.0,2.0,1.0,1.0,A01
201400026579,0,31,0,0.0,0.0,7.0,1.0,A01
201400026580,0,7,0,0.0,2.0,1.0,1.0,B01
201400026580,0,7,0,0.0,2.0,2.0,15.0,A01
201400026581,0,7,0,0.0,1.0,3.0,1.0,A01
201400026582,0,7,0,0.0,1.0,2.0,0.0,A01
201400026583,0,7,0,0.0,2.0,1.0,13.0,A01
201400026583,0,7,0,0.0,2.0,1.0,1.0,B01
201400026584,0,33,0,11.0,0.0,1.0,17.0,A01
201400026585,0,1,0,0.0,0.0,0.0,1.0,A01
201400026586,0,7,0,0.0,2.0,1.0,1.0,A01
201400026586,0,7,0,0.0,2.0,4.0,1.0,B01
201400026587,0,10,0,0.0,1.0,1.0,7.0,A01
201400026588,0,33,0,0.0,2.0,3.0,1.0,B01
201400026588,0,10,0,0.0,2.0,5.0,15.0,A01
201400026589,0,33,0,0.0,2.0,1.0,1.0,B01
201400026589,0,7,0,0.0,2.0,5.0,15.0,A01
201400026590,0,1,0,0.0,2.0,5.0,1.0,B01
201400026590,0,7,0,0.0,2.0,2.0,1.0,A01
201400026591,0,7,0,0.0,2.0,1.0,1.0,A01
201400026591,0,7,0,0.0,1.0,4.0,1.0,B01
201400026592,0,7,0,0.0,1.0,1.0,1.0,A01
201400026593,0,7,0,2.0,0.0,1.0,1.0,A01
201400026594,0,31,0,0.0,0.0,8.0,1.0,A01
201400026595,0,7,0,11.0,0.0,3.0,1.0,A01
201400026596,0,33,0,0.0,0.0,1.0,1.0,A01
201400026597,0,7,0,0.0,2.0,3.0,16.0,B01
201400026597,0,7,0,0.0,2.0,2.0,17.0,A01
201400026598,0,7,0,0.0,1.0,1.0,1.0,A01
201400026599,0,1,0,0.0,0.0,0.0,1.0,A01
201400026600,0,1,0,0.0,0.0,0.0,1.0,A01
201400026601,0,7,0,0.0,1.0,3.0,0.0,A01
201400026602,0,2,0,0.0,0.0,8.0,1.0,A01
201400026603,0,7,0,0.0,2.0,8.0,1.0,B01
201400026603,0,7,0,0.0,2.0,1.0,1.0,A01
201400026604,0,7,0,0.0,2.0,1.0,1.0,B01
201400026604,0,10,0,8.0,2.0,7.0,1.0,A01
201400026605,0,7,0,0.0,1.0,3.0,1.0,A01
201400026606,0,7,0,0.0,2.0,7.0,1.0,A01
201400026606,0,7,0,0.0,2.0,1.0,1.0,B01
201400026607,0,1,0,0.0,2.0,1.0,21.0,B01
201400026607,0,1,0,0.0,2.0,1.0,5.0,A01
201400026608,0,7,0,15.0,0.0,1.0,1.0,A01
201400026609,0,33,0,0.0,2.0,1.0,1.0,B01
201400026609,0,7,0,0.0,2.0,2.0,15.0,A01
201400026610,0,1,0,0.0,2.0,1.0,1.0,B01
201400026610,1,7,0,0.0,9.0,0.0,0.0,A01
201400026611,0,30,0,9.0,0.0,1.0,1.0,A01
201400026612,0,7,0,0.0,1.0,3.0,6.0,A01
201400026613,0,7,0,11.0,0.0,1.0,1.0,A01
201400026614,0,33,0,0.0,2.0,1.0,1.0,B01
201400026614,1,99,0,0.0,2.0,8.0,15.0,A01
201400026615,0,7,0,6.0,0.0,1.0,16.0,A01
201400026616,0,7,0,0.0,6.0,7.0,21.0,A01
201400026617,0,7,0,0.0,2.0,1.0,1.0,A01
201400026617,0,7,0,0.0,2.0,1.0,1.0,B01
201400026618,0,7,0,0.0,1.0,1.0,1.0,A01
201400026619,0,7,0,0.0,2.0,1.0,1.0,A01
201400026619,0,7,0,0.0,0.0,4.0,1.0,B01
201400026620,0,7,0,0.0,1.0,7.0,1.0,A01
201400026621,0,7,0,0.0,1.0,1.0,1.0,A01
201400026622,0,7,0,0.0,2.0,5.0,1.0,B01
201400026622,0,7,0,0.0,2.0,3.0,9.0,A01
201400026623,0,10,0,4.0,0.0,1.0,1.0,A01
201400026624,0,31,0,0.0,0.0,0.0,0.0,A01
201400026625,0,7,0,0.0,2.0,1.0,1.0,A01
201400026625,0,7,0,0.0,2.0,8.0,1.0,B01
201400026626,0,7,0,0.0,2.0,3.0,1.0,B01
201400026626,0,7,0,0.0,2.0,3.0,15.0,A01
201400026627,0,7,0,0.0,1.0,1.0,21.0,A01
201400026628,0,7,0,0.0,1.0,1.0,1.0,A01
201400026629,1,33,0,0.0,1.0,2.0,0.0,Z01
201400026630,0,33,0,0.0,2.0,1.0,17.0,B01
201400026630,0,7,0,0.0,2.0,6.0,15.0,A01
201400026631,0,7,0,0.0,1.0,1.0,1.0,A01
201400026632,0,32,0,9.0,0.0,1.0,1.0,A01
201400026633,0,10,0,0.0,2.0,1.0,1.0,B01
201400026633,0,7,0,0.0,2.0,8.0,1.0,A01
201400026634,0,7,0,0.0,2.0,8.0,15.0,B01
201400026634,0,2,0,0.0,2.0,1.0,2.0,A01
201400026635,0,7,0,0.0,2.0,5.0,1.0,A01
201400026635,0,30,0,0.0,2.0,1.0,1.0,B01
201400026636,0,40,20,0.0,2.0,1.0,1.0,B01
201400026636,0,2,0,0.0,4.0,8.0,1.0,A01
201400026637,0,20,0,0.0,2.0,0.0,10.0,A01
201400026637,0,1,0,0.0,2.0,0.0,17.0,B01
201400026638,0,1,0,8.0,0.0,1.0,1.0,A01
201400026639,0,30,0,15.0,0.0,2.0,1.0,A01
201400026640,0,7,0,0.0,1.0,3.0,15.0,A01
201400026641,0,7,0,0.0,2.0,3.0,15.0,A01
201400026641,0,32,0,0.0,2.0,1.0,1.0,B01
201400026642,0,7,0,0.0,2.0,2.0,1.0,B01
201400026642,0,7,0,0.0,2.0,1.0,15.0,A01
201400026643,0,7,0,0.0,1.0,1.0,2.0,A01
201400026644,0,7,0,0.0,2.0,4.0,1.0,B01
201400026644,0,7,0,0.0,2.0,1.0,1.0,A01
201400026645,0,7,0,3.0,0.0,1.0,1.0,A01
201400026646,0,7,0,0.0,1.0,3.0,15.0,A01
201400026647,0,7,0,0.0,0.0,0.0,0.0,B01
201400026647,0,1,0,0.0,0.0,0.0,0.0,A01
201400026648,0,32,0,0.0,0.0,0.0,0.0,A01
201400026649,0,7,0,0.0,0.0,0.0,0.0,B01
201400026649,0,7,0,0.0,0.0,0.0,0.0,A01
201400026650,0,31,0,0.0,2.0,1.0,1.0,A01
201400026651,0,33,0,0.0,1.0,1.0,1.0,A01
201400026652,0,31,0,0.0,1.0,1.0,1.0,A01
201400026653,0,7,0,0.0,2.0,2.0,1.0,B01
201400026653,0,30,0,0.0,2.0,8.0,1.0,A01
201400026654,0,37,1,0.0,1.0,5.0,15.0,A01
201400026655,0,7,0,0.0,0.0,4.0,2.0,B01
201400026655,0,7,0,0.0,2.0,1.0,2.0,A01
201400026656,0,7,0,0.0,2.0,1.0,0.0,A01
201400026656,0,7,0,0.0,0.0,4.0,0.0,B01
201400026657,0,7,0,0.0,2.0,4.0,1.0,B01
201400026657,0,2,0,0.0,2.0,1.0,1.0,A01
201400026658,0,7,0,0.0,2.0,1.0,1.0,B01
201400026658,0,1,0,0.0,2.0,8.0,19.0,A01
201400026659,0,1,0,0.0,2.0,1.0,1.0,B01
201400026659,0,7,0,0.0,2.0,3.0,9.0,A01
201400026660,0,7,0,0.0,1.0,2.0,1.0,A01
201400026661,0,7,0,0.0,2.0,1.0,1.0,A01
201400026661,0,7,0,0.0,2.0,4.0,1.0,B01
201400026662,0,3,0,7.0,0.0,1.0,1.0,A01
201400026663,0,7,0,0.0,2.0,8.0,22.0,A01
201400026663,0,1,0,0.0,2.0,0.0,0.0,B01
201400026664,0,7,0,1.0,2.0,3.0,1.0,B01
201400026664,0,7,0,0.0,2.0,3.0,13.0,A01
201400026665,0,7,0,0.0,2.0,0.0,0.0,A01
201400026665,0,7,0,0.0,0.0,0.0,0.0,B01
201400026666,0,1,0,0.0,0.0,0.0,0.0,A01
201400026667,0,7,0,0.0,1.0,0.0,0.0,A01
201400026668,0,7,0,0.0,0.0,0.0,0.0,A01
201400026669,0,7,0,0.0,0.0,0.0,0.0,C01
201400026669,0,7,0,0.0,0.0,0.0,0.0,A01
201400026669,0,7,0,0.0,0.0,0.0,0.0,B01
201400026670,0,7,0,0.0,1.0,0.0,0.0,A01
201400026671,0,7,0,0.0,2.0,3.0,1.0,C01
201400026671,0,33,0,0.0,2.0,7.0,10.0,B01
201400026671,0,7,0,0.0,2.0,1.0,15.0,A01
201400026672,0,7,0,0.0,2.0,1.0,2.0,A01
201400026672,0,33,0,0.0,2.0,4.0,2.0,B01
201400026673,0,7,0,0.0,0.0,4.0,2.0,B01
201400026673,0,7,0,0.0,2.0,1.0,2.0,A01
201400026674,0,7,0,0.0,2.0,7.0,14.0,A01
201400026674,0,33,0,0.0,2.0,1.0,1.0,B01
201400026675,0,36,0,3.0,0.0,1.0,1.0,A01
201400026676,0,7,0,0.0,2.0,1.0,1.0,A01
201400026676,0,7,0,0.0,1.0,4.0,1.0,B01
201400026677,0,31,0,0.0,0.0,7.0,0.0,A01
201400026678,0,32,0,0.0,2.0,1.0,1.0,A01
201400026678,0,7,0,0.0,2.0,7.0,1.0,B01
201400026679,0,1,0,0.0,2.0,1.0,13.0,A01
201400026679,0,7,0,0.0,2.0,1.0,1.0,B01
201400026680,0,7,0,0.0,2.0,2.0,2.0,B01
201400026680,0,1,0,0.0,2.0,4.0,1.0,A01
201400026681,0,7,0,0.0,2.0,2.0,1.0,A01
201400026681,0,33,0,0.0,2.0,1.0,1.0,B01
201400026682,0,7,0,0.0,2.0,2.0,15.0,A01
201400026682,0,33,0,0.0,2.0,1.0,1.0,B01
201400026683,0,7,0,0.0,2.0,8.0,1.0,B01
201400026683,0,15,0,0.0,2.0,2.0,0.0,A01
201400026684,0,36,0,6.0,0.0,2.0,1.0,A01
201400026685,0,2,0,0.0,2.0,2.0,1.0,B01
201400026685,1,2,0,0.0,2.0,0.0,1.0,A01
201400026686,0,7,0,0.0,2.0,1.0,1.0,B01
201400026686,0,30,0,0.0,2.0,1.0,13.0,A01
201400026687,0,37,1,0.0,2.0,1.0,15.0,A01
201400026687,0,7,0,0.0,2.0,1.0,1.0,B01
201400026688,0,30,0,0.0,2.0,8.0,1.0,A01
201400026689,0,30,0,2.0,0.0,1.0,0.0,A01
201400026690,0,7,0,0.0,1.0,2.0,1.0,A01
201400026691,0,7,0,0.0,2.0,3.0,1.0,B01
201400026691,0,7,0,0.0,2.0,1.0,15.0,A01
201400026692,0,1,0,1.0,0.0,7.0,14.0,A01
201400026693,0,10,0,0.0,1.0,4.0,4.0,A01
201400026694,0,7,0,6.0,1.0,3.0,1.0,A01
201400026695,0,33,0,12.0,0.0,0.0,0.0,A01
201400026696,0,7,0,2.0,0.0,3.0,2.0,A01
201400026697,0,7,0,0.0,2.0,3.0,15.0,B01
201400026697,0,2,0,0.0,2.0,1.0,1.0,A01
201400026698,0,14,0,0.0,2.0,3.0,1.0,B01
201400026698,2,7,0,0.0,2.0,1.0,13.0,A01
201400026699,0,7,0,9.0,0.0,1.0,1.0,A01
201400026700,0,7,0,1.0,0.0,2.0,1.0,A01
201400026701,0,7,0,0.0,2.0,1.0,1.0,A01
201400026701,0,7,0,0.0,2.0,1.0,1.0,B01
201400026702,0,7,0,0.0,2.0,2.0,1.0,A01
201400026702,0,33,0,0.0,2.0,1.0,1.0,B01
201400026703,0,7,0,0.0,2.0,4.0,1.0,B01
201400026703,0,7,0,0.0,2.0,1.0,1.0,A01
201400026704,0,7,0,0.0,1.0,7.0,1.0,A01
201400026705,0,7,0,0.0,2.0,5.0,15.0,A01
201400026705,0,7,0,0.0,2.0,1.0,1.0,B01
201400026706,0,31,0,0.0,2.0,1.0,1.0,A01
201400026706,0,7,0,0.0,2.0,3.0,15.0,B01
201400026707,0,30,0,0.0,9.0,7.0,21.0,A01
201400026707,0,37,1,0.0,2.0,3.0,1.0,B01
201400026708,1,7,0,0.0,2.0,1.0,5.0,Z01
201400026708,0,7,0,0.0,2.0,1.0,1.0,B01
201400026709,0,7,0,0.0,0.0,0.0,0.0,A01
201400026710,0,1,0,0.0,2.0,1.0,1.0,A01
201400026710,0,7,0,0.0,2.0,3.0,23.0,B01
201400026711,0,7,0,0.0,2.0,2.0,2.0,B01
201400026711,0,30,0,0.0,2.0,3.0,5.0,A01
201400026712,0,7,0,0.0,1.0,1.0,1.0,A01
201400026713,0,10,0,0.0,2.0,6.0,1.0,B01
201400026713,0,7,0,0.0,2.0,6.0,1.0,C01
201400026713,0,2,0,0.0,2.0,1.0,1.0,A01
201400026714,0,7,0,0.0,1.0,1.0,1.0,A01
201400026715,0,31,0,12.0,0.0,3.0,17.0,A01
201400026716,0,7,0,0.0,1.0,1.0,1.0,A01
201400026717,0,1,0,0.0,2.0,1.0,1.0,B01
201400026717,0,14,0,0.0,2.0,1.0,16.0,A01
201400026718,1,7,0,0.0,1.0,1.0,1.0,Z01
201400026719,0,31,0,0.0,2.0,1.0,1.0,A01
201400026719,0,7,0,0.0,2.0,4.0,1.0,B01
201400026720,0,31,0,0.0,2.0,8.0,18.0,A01
201400026720,0,7,0,0.0,2.0,5.0,15.0,B01
201400026721,0,7,0,0.0,1.0,3.0,15.0,A01
201400026722,0,7,0,0.0,1.0,1.0,1.0,A01
201400026723,0,7,0,0.0,1.0,7.0,1.0,A01
201400026724,0,7,0,0.0,1.0,4.0,4.0,A01
201400026725,0,7,0,0.0,2.0,2.0,2.0,A01
201400026725,0,7,0,0.0,2.0,6.0,2.0,B01
201400026726,0,7,0,0.0,1.0,4.0,20.0,A01
201400026727,0,34,0,0.0,2.0,2.0,1.0,B01
201400026727,0,7,0,0.0,2.0,8.0,10.0,A01
201400026728,1,7,0,0.0,1.0,1.0,1.0,A01
201400026729,0,2,0,15.0,0.0,2.0,1.0,A01
201400026730,0,7,0,0.0,2.0,3.0,15.0,A01
201400026730,0,33,0,0.0,2.0,1.0,0.0,B01
201400026731,0,2,0,0.0,1.0,1.0,0.0,A01
201400026732,0,7,0,0.0,1.0,2.0,16.0,A01
201400026733,0,7,0,0.0,2.0,1.0,0.0,B01
201400026733,0,7,0,0.0,2.0,4.0,2.0,C01
201400026733,0,10,0,0.0,2.0,1.0,2.0,D01
201400026733,0,7,0,0.0,2.0,8.0,15.0,A01
201400026734,0,7,0,0.0,1.0,1.0,1.0,A01
201400026735,0,7,0,0.0,2.0,3.0,15.0,A01
201400026735,0,2,0,0.0,2.0,1.0,1.0,B01
201400026735,0,7,0,0.0,2.0,1.0,23.0,C01
201400026736,0,30,0,14.0,0.0,7.0,1.0,A01
201400026737,0,33,0,12.0,0.0,1.0,1.0,A01
201400026738,0,7,0,0.0,2.0,4.0,15.0,A01
201400026738,0,33,0,0.0,2.0,1.0,1.0,B01
201400026739,0,10,0,0.0,0.0,3.0,22.0,A01
201400026739,0,7,0,14.0,0.0,3.0,5.0,B01
201400026740,2,7,0,12.0,2.0,2.0,2.0,A01
201400026740,0,7,0,0.0,2.0,8.0,11.0,B01
201400026741,0,7,0,0.0,2.0,3.0,0.0,C01
201400026741,0,7,0,0.0,2.0,5.0,0.0,B01
201400026741,0,7,0,0.0,2.0,1.0,19.0,A01
201400026742,0,33,0,0.0,2.0,3.0,1.0,B01
201400026742,0,7,0,0.0,2.0,2.0,9.0,A01
201400026743,0,7,0,0.0,0.0,4.0,1.0,B01
201400026743,0,7,0,0.0,2.0,1.0,1.0,A01
201400026744,0,7,0,0.0,1.0,3.0,1.0,A01
201400026745,0,7,0,3.0,2.0,2.0,2.0,A01
201400026745,0,7,0,0.0,0.0,6.0,1.0,B01
201400026746,0,7,0,0.0,2.0,1.0,1.0,B01
201400026746,0,2,0,0.0,2.0,8.0,0.0,A01
201400026747,0,7,0,6.0,0.0,1.0,6.0,A01
201400026748,0,7,0,0.0,1.0,1.0,1.0,A01
201400026749,0,37,1,0.0,1.0,2.0,1.0,A01
201400026750,0,7,0,0.0,2.0,8.0,1.0,B01
201400026750,0,7,0,0.0,2.0,3.0,13.0,A01
201400026751,0,10,0,0.0,2.0,8.0,9.0,B01
201400026751,0,33,0,0.0,2.0,0.0,2.0,A01
201400026752,0,1,0,0.0,2.0,4.0,2.0,B01
201400026752,0,14,0,0.0,2.0,7.0,2.0,A01
201400026753,0,40,0,0.0,1.0,5.0,2.0,A01
201400026754,0,7,0,0.0,2.0,1.0,1.0,A01
201400026754,0,7,0,0.0,2.0,3.0,1.0,B01
201400026755,0,7,0,0.0,2.0,3.0,9.0,A01
201400026755,0,7,0,0.0,2.0,2.0,1.0,B01
201400026756,0,7,0,0.0,4.0,8.0,1.0,A01
201400026756,0,40,0,0.0,2.0,1.0,1.0,B01
201400026757,0,7,0,0.0,1.0,7.0,1.0,A01
201400026758,0,7,0,0.0,2.0,1.0,1.0,A01
201400026758,0,7,0,0.0,2.0,4.0,1.0,B01
201400026758,0,7,0,0.0,2.0,3.0,1.0,C01
201400026759,0,1,0,0.0,4.0,1.0,1.0,B01
201400026759,0,39,0,0.0,9.0,3.0,1.0,A01
201400026760,1,7,0,0.0,2.0,1.0,15.0,A01
201400026760,0,7,0,0.0,2.0,1.0,1.0,B01
201400026761,1,7,0,0.0,1.0,0.0,0.0,Z01
201400026762,0,7,0,0.0,0.0,1.0,1.0,A01
201400026763,0,7,0,0.0,1.0,1.0,1.0,A01
201400026764,0,7,0,0.0,1.0,2.0,11.0,A01
201400026765,0,7,0,0.0,1.0,2.0,1.0,A01
201400026766,0,7,0,0.0,1.0,0.0,1.0,A01
201400026767,0,7,0,0.0,0.0,2.0,1.0,A01
201400026767,0,30,0,0.0,2.0,3.0,11.0,B01
201400026768,0,40,0,0.0,0.0,1.0,1.0,B01
201400026768,0,7,0,0.0,0.0,3.0,1.0,A01
201400026769,0,33,0,0.0,2.0,1.0,1.0,B01
201400026770,0,7,0,0.0,1.0,8.0,1.0,A01
201400026771,0,7,0,0.0,1.0,1.0,1.0,A01
201400026772,0,7,0,0.0,2.0,4.0,23.0,B01
201400026772,0,7,0,0.0,2.0,4.0,23.0,C01
201400026772,0,7,0,0.0,2.0,1.0,1.0,A01
201400026772,0,7,0,0.0,2.0,4.0,23.0,D01
201400026773,0,7,0,0.0,1.0,3.0,1.0,A01
201400026774,0,10,0,0.0,1.0,2.0,1.0,A01
201400026775,0,37,1,0.0,1.0,2.0,1.0,A01
201400026776,0,30,0,0.0,0.0,7.0,1.0,A01
201400026777,0,7,0,0.0,2.0,2.0,1.0,A01
201400026777,0,7,0,0.0,2.0,3.0,15.0,B01
201400026778,0,40,0,0.0,1.0,0.0,1.0,A01
201400026779,0,7,0,0.0,2.0,8.0,2.0,C01
201400026779,0,7,0,0.0,2.0,3.0,2.0,B01
201400026779,0,30,0,0.0,2.0,1.0,13.0,A01
201400026780,0,33,0,0.0,1.0,2.0,1.0,A01
201400026781,0,7,0,0.0,2.0,0.0,1.0,A01
201400026781,0,7,0,0.0,2.0,0.0,1.0,B01
201400026782,2,7,0,9.0,0.0,0.0,1.0,A01
201400026783,0,30,0,0.0,2.0,8.0,11.0,B01
201400026783,0,7,0,0.0,2.0,7.0,1.0,A01
201400026784,0,32,0,0.0,0.0,1.0,1.0,A01
201400026784,0,7,0,0.0,0.0,2.0,20.0,B01
201400026785,0,10,0,0.0,1.0,1.0,15.0,A01
201400026786,0,7,0,0.0,1.0,4.0,4.0,A01
201400026787,0,7,0,0.0,0.0,2.0,1.0,A01
201400026787,0,7,0,0.0,0.0,1.0,1.0,B01
201400026788,0,7,0,0.0,0.0,8.0,15.0,B01
201400026788,0,7,0,0.0,0.0,1.0,1.0,A01
201400026789,0,7,0,0.0,2.0,1.0,2.0,A01
201400026789,0,7,0,0.0,2.0,4.0,23.0,B01
201400026789,0,7,0,0.0,2.0,4.0,23.0,C01
201400026789,0,7,0,0.0,2.0,4.0,23.0,D01
201400026790,0,33,0,0.0,2.0,6.0,1.0,B01
201400026790,0,7,0,0.0,2.0,2.0,10.0,A01
201400026791,0,7,0,0.0,2.0,8.0,10.0,A01
201400026791,0,33,0,0.0,2.0,1.0,1.0,B01
201400026792,0,1,0,0.0,0.0,0.0,0.0,A01
201400026793,0,30,0,0.0,2.0,1.0,9.0,A01
201400026793,0,7,0,0.0,2.0,7.0,1.0,B01
201400026794,0,33,0,3.0,2.0,1.0,18.0,A01
201400026794,0,7,0,0.0,2.0,3.0,1.0,B01
201400026795,0,7,0,0.0,2.0,1.0,1.0,B01
201400026795,0,7,0,0.0,2.0,2.0,15.0,A01
201400026796,0,7,0,8.0,0.0,9.0,21.0,A01
201400026797,0,7,0,9.0,0.0,2.0,0.0,A01
201400026798,0,33,0,0.0,2.0,7.0,1.0,B01
201400026798,0,7,0,0.0,2.0,8.0,11.0,A01
201400026799,0,7,0,0.0,1.0,1.0,1.0,A01
201400026800,0,7,0,0.0,2.0,2.0,1.0,A01
201400026800,0,33,0,0.0,0.0,4.0,1.0,B01
201400026801,0,7,0,0.0,1.0,1.0,1.0,A01
201400026802,0,7,0,0.0,2.0,2.0,16.0,A01
201400026802,0,1,0,0.0,2.0,1.0,1.0,B01
201400026803,0,7,0,0.0,0.0,4.0,1.0,C01
201400026803,0,7,0,0.0,2.0,0.0,1.0,A01
201400026803,0,7,0,3.0,0.0,4.0,1.0,B01
201400026804,0,1,0,0.0,0.0,1.0,19.0,B01
201400026804,0,33,0,0.0,2.0,1.0,17.0,A01
201400026805,0,7,0,0.0,0.0,3.0,22.0,A01