Num_Acc,senc,catv,occutc,obs,obsm,choc,manv,num_veh
201400027380,0,7,0,0.0,2.0,3.0,9.0,A01
201400027381,0,33,0,0.0,2.0,1.0,5.0,A01
201400027381,0,7,0,0.0,2.0,1.0,1.0,B01
201400027382,0,7,0,0.0,1.0,0.0,1.0,A01
201400027383,0,7,0,6.0,0.0,1.0,14.0,A01
201400027384,0,7,0,0.0,2.0,3.0,13.0,A01
201400027384,0,7,0,0.0,2.0,3.0,1.0,B01
201400027385,0,1,0,0.0,1.0,1.0,1.0,A01
201400027386,0,7,0,0.0,2.0,4.0,2.0,B01
201400027386,0,7,0,0.0,2.0,4.0,2.0,C01
201400027386,0,7,0,0.0,2.0,1.0,2.0,A01
201400027387,0,7,0,0.0,2.0,4.0,2.0,B01
201400027387,0,7,0,0.0,2.0,1.0,2.0,A01
201400027388,0,7,0,0.0,1.0,3.0,1.0,A01
201400027389,1,7,0,12.0,1.0,1.0,0.0,Z01
201400027390,1,7,0,0.0,1.0,2.0,1.0,Z01
201400027391,1,7,0,0.0,2.0,3.0,11.0,Z01
201400027391,0,30,0,0.0,2.0,1.0,1.0,B01
201400027392,0,7,0,0.0,0.0,9.0,1.0,A01
201400027393,0,7,0,0.0,2.0,1.0,1.0,A01
201400027393,0,7,0,0.0,2.0,8.0,1.0,B01
201400027394,0,1,0,0.0,2.0,1.0,1.0,B01
201400027394,0,7,0,0.0,2.0,2.0,1.0,A01
201400027395,0,30,0,0.0,2.0,7.0,1.0,A01
201400027395,0,7,0,0.0,2.0,7.0,15.0,B01
201400027396,0,33,0,8.0,0.0,1.0,1.0,A01
201400027397,0,7,0,0.0,1.0,2.0,17.0,A01
201400027398,0,7,0,1.0,0.0,1.0,1.0,A01
201400027399,0,7,0,0.0,1.0,2.0,1.0,A01
201400027400,0,7,0,0.0,2.0,7.0,22.0,A01
201400027400,0,1,0,1.0,0.0,1.0,18.0,B01
201400027401,1,7,0,,0.0,2.0,20.0,Z01
201400027401,0,2,0,0.0,2.0,5.0,1.0,B01
201400027402,0,7,0,0.0,2.0,1.0,2.0,A01
201400027402,0,7,0,0.0,2.0,4.0,2.0,B01
201400027403,0,7,0,0.0,2.0,1.0,1.0,C01
201400027403,0,7,0,13.0,2.0,3.0,1.0,B01
201400027403,0,7,0,0.0,2.0,3.0,13.0,A01
201400027404,1,99,0,0.0,2.0,7.0,2.0,Z01
201400027404,0,1,0,0.0,2.0,8.0,2.0,B01
201400027405,0,10,0,0.0,1.0,6.0,4.0,A01
201400027406,0,7,0,0.0,2.0,1.0,1.0,B01
201400027406,0,7,0,0.0,2.0,7.0,19.0,A01
201400027407,0,7,0,0.0,1.0,1.0,1.0,A01
201400027408,0,7,0,0.0,1.0,7.0,1.0,A01
201400027409,0,7,0,0.0,1.0,1.0,1.0,A01
201400027410,0,2,0,13.0,0.0,1.0,15.0,A01
201400027411,0,7,0,0.0,1.0,1.0,1.0,A01
201400027412,1,7,0,0.0,2.0,0.0,20.0,Z01
201400027412,0,2,0,0.0,2.0,2.0,1.0,B01
201400027413,0,7,0,0.0,2.0,3.0,1.0,B01
201400027413,0,33,0,0.0,2.0,1.0,1.0,A01
201400027414,0,30,0,0.0,2.0,1.0,1.0,A01
201400027414,0,37,1,0.0,2.0,3.0,1.0,B01
201400027415,0,34,0,0.0,2.0,1.0,15.0,A01
201400027415,0,7,0,0.0,2.0,3.0,15.0,B01
201400027416,1,10,0,0.0,1.0,0.0,4.0,Z01
201400027417,0,7,0,0.0,2.0,1.0,11.0,A01
201400027417,0,7,0,11.0,2.0,8.0,15.0,B01
201400027418,0,31,0,0.0,2.0,3.0,9.0,A01
201400027418,0,7,0,0.0,2.0,5.0,1.0,B01
201400027419,0,7,0,0.0,1.0,2.0,1.0,A01
201400027420,0,33,0,1.0,2.0,1.0,1.0,A01
201400027420,0,7,0,0.0,2.0,3.0,1.0,B01
201400027421,0,7,0,0.0,2.0,1.0,13.0,A01
201400027421,0,7,0,6.0,1.0,1.0,23.0,B01
201400027422,0,7,0,0.0,2.0,1.0,1.0,B01
201400027422,0,7,0,1.0,2.0,9.0,1.0,A01
201400027423,0,7,0,0.0,4.0,1.0,9.0,A01
201400027423,0,40,0,0.0,0.0,7.0,1.0,B01
201400027424,0,7,0,15.0,2.0,8.0,1.0,B01
201400027424,0,7,0,0.0,2.0,3.0,1.0,A01
201400027425,0,7,0,9.0,0.0,1.0,1.0,A01
201400027426,0,7,0,0.0,2.0,3.0,1.0,B01
201400027426,0,7,0,0.0,2.0,2.0,16.0,A01
201400027427,0,7,0,0.0,2.0,1.0,15.0,A01
201400027427,0,30,0,0.0,0.0,1.0,1.0,B01
201400027428,0,33,0,0.0,0.0,0.0,0.0,A01
201400027429,0,7,0,1.0,0.0,9.0,1.0,A01
201400027430,0,7,0,0.0,2.0,0.0,1.0,A01
201400027430,0,7,0,0.0,2.0,0.0,1.0,B01
201400027431,0,7,0,0.0,2.0,2.0,16.0,B01
201400027431,0,33,0,0.0,2.0,1.0,1.0,A01
201400027432,0,7,0,0.0,2.0,1.0,15.0,A01
201400027432,0,7,0,0.0,2.0,3.0,1.0,B01
201400027433,2,7,0,0.0,2.0,1.0,1.0,C01
201400027433,0,7,0,0.0,2.0,4.0,1.0,B01
201400027433,0,7,0,0.0,2.0,4.0,1.0,A01
201400027434,0,7,0,0.0,2.0,2.0,15.0,A01
201400027434,0,30,0,0.0,2.0,8.0,1.0,B01
201400027435,0,7,0,0.0,1.0,0.0,1.0,A01
201400027436,0,7,0,0.0,2.0,0.0,2.0,E01
201400027436,0,7,0,0.0,2.0,0.0,2.0,D01
201400027436,0,7,0,0.0,2.0,0.0,2.0,B01
201400027436,0,7,0,0.0,2.0,0.0,2.0,C01
201400027436,0,7,0,0.0,2.0,0.0,2.0,A01
201400027437,0,7,0,0.0,1.0,2.0,1.0,A01
201400027438,0,7,0,0.0,1.0,3.0,1.0,A01
201400027439,0,40,22,0.0,1.0,2.0,1.0,A01
201400027440,0,7,0,1.0,0.0,1.0,1.0,A01
201400027441,0,7,0,0.0,2.0,4.0,2.0,B01
201400027441,0,10,0,0.0,2.0,1.0,2.0,A01
201400027442,0,7,0,0.0,2.0,7.0,12.0,A01
201400027442,0,7,0,0.0,2.0,3.0,1.0,B01
201400027443,0,1,0,0.0,2.0,8.0,1.0,B01
201400027443,0,7,0,0.0,2.0,3.0,1.0,A01
201400027444,0,7,0,0.0,1.0,1.0,1.0,A01
201400027445,0,7,0,0.0,2.0,4.0,23.0,C01
201400027445,0,7,0,0.0,2.0,4.0,23.0,B01
201400027445,1,7,0,0.0,2.0,1.0,1.0,A01
201400027446,0,7,0,0.0,2.0,1.0,1.0,A01
201400027446,0,7,0,0.0,2.0,1.0,1.0,B01
201400027447,0,7,0,0.0,1.0,1.0,1.0,A01
201400027448,0,10,0,0.0,1.0,1.0,2.0,A01
201400027449,0,7,0,0.0,2.0,1.0,15.0,A01
201400027449,0,1,0,0.0,2.0,1.0,1.0,B01
201400027450,0,7,0,0.0,1.0,2.0,1.0,A01
201400027451,0,7,0,0.0,2.0,2.0,15.0,A01
201400027451,0,30,0,0.0,2.0,1.0,1.0,B01
201400027452,0,7,0,0.0,2.0,1.0,1.0,A01
201400027452,0,7,0,0.0,2.0,9.0,2.0,B01
201400027452,0,7,0,0.0,2.0,4.0,2.0,C01
201400027453,0,7,0,4.0,0.0,1.0,1.0,A01
201400027454,1,99,0,0.0,1.0,1.0,0.0,Z01
201400027455,0,7,0,0.0,1.0,1.0,15.0,A01
201400027456,0,30,0,0.0,0.0,0.0,1.0,A01
201400027457,0,7,0,6.0,0.0,7.0,1.0,A01
201400027457,0,7,0,0.0,2.0,1.0,1.0,B01
201400027458,0,7,0,0.0,2.0,4.0,15.0,C01
201400027458,0,7,0,0.0,2.0,1.0,2.0,A01
201400027458,0,7,0,0.0,2.0,1.0,2.0,B01
201400027459,0,7,0,0.0,2.0,5.0,15.0,A01
201400027459,0,30,0,0.0,2.0,1.0,1.0,B01
201400027460,0,7,0,0.0,2.0,6.0,9.0,A01
201400027460,0,2,0,0.0,2.0,1.0,1.0,B01
201400027461,0,33,0,3.0,2.0,8.0,17.0,A01
201400027461,0,7,0,0.0,2.0,3.0,1.0,B01
201400027462,0,7,0,0.0,1.0,1.0,15.0,A01
201400027463,0,10,0,0.0,1.0,3.0,1.0,A01
201400027464,0,7,0,0.0,2.0,8.0,1.0,B01
201400027464,0,7,0,0.0,2.0,1.0,15.0,A01
201400027465,0,7,0,0.0,2.0,3.0,15.0,A01
201400027465,0,33,0,0.0,2.0,1.0,17.0,B01
201400027466,0,7,0,0.0,1.0,1.0,1.0,A01
201400027467,0,7,0,0.0,1.0,1.0,1.0,A01
201400027468,0,1,0,0.0,2.0,6.0,15.0,B01
201400027468,0,30,0,0.0,2.0,1.0,17.0,A01
201400027469,0,30,0,1.0,0.0,7.0,1.0,A01
201400027470,0,10,0,0.0,2.0,8.0,1.0,B01
201400027470,0,1,0,0.0,2.0,1.0,19.0,A01
201400027471,0,30,0,0.0,0.0,7.0,1.0,A01
201400027472,0,1,0,0.0,2.0,1.0,1.0,B01
201400027472,0,7,0,0.0,2.0,2.0,16.0,A01
201400027473,0,7,0,0.0,2.0,3.0,15.0,A01
201400027473,0,1,0,0.0,2.0,1.0,1.0,B01
201400027474,0,7,0,13.0,0.0,1.0,1.0,A01
201400027475,0,7,0,0.0,1.0,1.0,15.0,A01
201400027476,0,2,0,0.0,0.0,8.0,1.0,A01
201400027477,0,33,0,0.0,2.0,1.0,1.0,B01
201400027477,0,7,0,0.0,2.0,3.0,15.0,A01
201400027478,0,10,0,0.0,2.0,1.0,1.0,B01
201400027478,0,7,0,0.0,2.0,1.0,13.0,A01
201400027479,0,33,0,0.0,0.0,7.0,1.0,A01
201400027480,0,7,0,0.0,2.0,8.0,15.0,A01
201400027480,0,30,0,0.0,2.0,7.0,1.0,B01
201400027481,0,30,0,1.0,1.0,1.0,1.0,A01
201400027482,0,33,0,0.0,0.0,8.0,1.0,A01
201400027483,1,7,0,0.0,1.0,0.0,1.0,A01
201400027484,0,7,0,0.0,2.0,2.0,13.0,A01
201400027484,0,7,0,0.0,2.0,3.0,1.0,B01
201400027485,0,30,0,0.0,2.0,1.0,19.0,A01
201400027485,0,10,0,0.0,2.0,2.0,15.0,B01
201400027486,0,37,1,0.0,1.0,7.0,1.0,A01
201400027487,0,10,0,0.0,2.0,1.0,13.0,A01
201400027487,0,7,0,0.0,2.0,8.0,1.0,B01
201400027488,0,7,0,6.0,2.0,3.0,1.0,B01
201400027488,0,7,0,0.0,2.0,3.0,13.0,A01
201400027489,0,1,0,0.0,2.0,8.0,2.0,B01
201400027489,0,7,0,0.0,9.0,2.0,17.0,A01
201400027490,0,7,0,0.0,2.0,1.0,1.0,B01
201400027490,0,17,0,0.0,2.0,4.0,4.0,A01
201400027491,0,7,0,0.0,1.0,2.0,15.0,A01
201400027492,0,1,0,0.0,1.0,1.0,1.0,A01
201400027493,0,10,0,0.0,1.0,2.0,1.0,A01
201400027494,0,7,0,9.0,0.0,1.0,1.0,A01
201400027495,0,7,0,0.0,1.0,7.0,1.0,A01
201400027496,0,7,0,0.0,2.0,1.0,1.0,A01
201400027496,0,1,0,0.0,2.0,1.0,15.0,B01
201400027497,0,7,0,0.0,1.0,3.0,1.0,A01
201400027498,0,7,0,0.0,2.0,2.0,1.0,B01
201400027498,0,7,0,16.0,2.0,3.0,16.0,A01
201400027499,0,30,0,0.0,0.0,0.0,13.0,A01
201400027500,0,30,0,0.0,0.0,6.0,0.0,A01
201400027501,0,7,0,16.0,0.0,9.0,1.0,A01
201400027502,0,7,0,0.0,1.0,1.0,15.0,A01
201400027503,0,7,0,0.0,2.0,1.0,1.0,B01
201400027503,0,7,0,0.0,2.0,6.0,19.0,A01
201400027504,0,7,0,0.0,2.0,2.0,1.0,B01
201400027504,0,7,0,0.0,2.0,1.0,1.0,A01
201400027505,0,7,0,1.0,0.0,7.0,1.0,A01
201400027506,0,7,0,0.0,1.0,1.0,1.0,A01
201400027507,0,32,0,0.0,2.0,7.0,17.0,A01
201400027507,0,7,0,0.0,2.0,8.0,1.0,B01
201400027508,0,7,0,0.0,2.0,1.0,5.0,A01
201400027508,0,1,0,0.0,2.0,0.0,1.0,B01
201400027509,0,7,0,0.0,2.0,9.0,14.0,A01
201400027509,0,31,0,0.0,2.0,1.0,2.0,B01
201400027510,0,7,0,0.0,2.0,3.0,15.0,A01
201400027510,0,30,0,0.0,2.0,7.0,1.0,B01
201400027511,0,7,0,0.0,9.0,3.0,1.0,B01
201400027511,0,1,0,0.0,2.0,3.0,13.0,A01
201400027512,0,1,0,0.0,0.0,0.0,1.0,A01
201400027513,0,7,0,0.0,2.0,1.0,2.0,A01
201400027513,0,7,0,0.0,2.0,4.0,2.0,C01
201400027513,0,7,0,0.0,0.0,4.0,2.0,B01
201400027514,0,7,0,2.0,0.0,1.0,1.0,A01
201400027515,0,7,0,8.0,2.0,1.0,1.0,A01
201400027516,0,30,0,0.0,0.0,8.0,1.0,A01
201400027517,0,1,0,0.0,2.0,7.0,1.0,B01
201400027517,0,7,0,0.0,2.0,8.0,9.0,A01
201400027518,0,7,0,0.0,2.0,3.0,1.0,B01
201400027518,0,1,0,0.0,2.0,1.0,5.0,A01
201400027519,0,7,0,0.0,9.0,3.0,1.0,B01
201400027519,0,30,0,0.0,2.0,1.0,15.0,A01
201400027520,0,7,0,12.0,0.0,3.0,15.0,A01
201400027520,0,2,0,0.0,2.0,3.0,17.0,B01
201400027521,0,10,0,0.0,2.0,1.0,15.0,A01
201400027521,0,30,0,0.0,2.0,7.0,1.0,B01
201400027522,0,7,0,0.0,2.0,1.0,1.0,B01
201400027522,0,7,0,0.0,2.0,1.0,1.0,A01
201400027523,0,7,0,0.0,0.0,4.0,1.0,B01
201400027523,0,30,0,0.0,2.0,1.0,2.0,A01
201400027524,0,7,0,0.0,2.0,4.0,2.0,B01
201400027524,0,7,0,0.0,2.0,1.0,2.0,A01
201400027525,0,7,0,8.0,0.0,1.0,5.0,A01
201400027526,0,1,0,12.0,0.0,1.0,1.0,A01
201400027527,0,2,0,0.0,1.0,1.0,1.0,A01
201400027528,0,10,0,0.0,1.0,0.0,1.0,A01
201400027529,0,7,0,0.0,2.0,1.0,1.0,B01
201400027529,0,1,0,0.0,2.0,8.0,19.0,A01
201400027530,0,7,0,13.0,0.0,9.0,1.0,A01
201400027531,0,30,0,0.0,2.0,1.0,1.0,B01
201400027531,0,7,0,0.0,2.0,3.0,1.0,A01
201400027532,0,2,0,0.0,2.0,1.0,2.0,A01
201400027532,0,7,0,0.0,2.0,4.0,2.0,B01
201400027533,0,7,0,0.0,0.0,4.0,1.0,B01
201400027533,0,2,0,0.0,2.0,1.0,1.0,A01
201400027534,0,7,0,0.0,0.0,4.0,2.0,B01
201400027534,0,7,0,0.0,2.0,1.0,2.0,A01
201400027535,0,1,0,0.0,2.0,4.0,2.0,B01
201400027535,0,7,0,0.0,9.0,2.0,2.0,A01
201400027536,0,7,0,0.0,2.0,1.0,0.0,A01
201400027536,0,1,0,0.0,0.0,8.0,1.0,B01
201400027537,0,30,0,0.0,0.0,0.0,1.0,A01
201400027538,0,7,0,0.0,1.0,7.0,0.0,A01
201400027539,0,7,0,0.0,9.0,3.0,1.0,A01
201400027539,0,1,0,0.0,2.0,4.0,1.0,B01
201400027540,0,30,0,14.0,0.0,1.0,1.0,A01
201400027541,0,2,0,0.0,2.0,1.0,2.0,A01
201400027541,0,7,0,0.0,2.0,5.0,2.0,B01
201400027542,0,7,0,0.0,2.0,8.0,22.0,A01
201400027542,0,1,0,1.0,0.0,1.0,1.0,B01
201400027543,0,30,0,0.0,0.0,0.0,1.0,A01
201400027544,0,7,0,0.0,1.0,7.0,1.0,A01
201400027545,0,1,0,0.0,2.0,4.0,13.0,A01
201400027545,0,7,0,0.0,0.0,4.0,1.0,B01
201400027546,0,1,0,0.0,2.0,6.0,1.0,B01
201400027546,0,7,0,0.0,2.0,3.0,19.0,A01
201400027547,0,7,0,0.0,9.0,7.0,15.0,A01
201400027547,0,1,0,0.0,2.0,1.0,1.0,B01
201400027548,0,7,0,0.0,2.0,2.0,1.0,A01
201400027548,0,30,0,0.0,2.0,1.0,0.0,B01
201400027549,0,7,0,15.0,2.0,3.0,1.0,A01
201400027549,0,7,0,1.0,2.0,3.0,1.0,B01
201400027550,0,30,0,0.0,2.0,1.0,2.0,A01
201400027550,0,10,0,0.0,9.0,3.0,1.0,B01
201400027551,0,7,0,0.0,1.0,2.0,2.0,A01
201400027552,0,30,0,13.0,0.0,0.0,1.0,A01
201400027553,0,7,0,0.0,2.0,1.0,15.0,B01
201400027553,0,32,0,0.0,2.0,7.0,1.0,A01
201400027554,0,7,0,8.0,0.0,1.0,13.0,A01
201400027555,0,2,0,11.0,0.0,2.0,1.0,A01
201400027556,0,7,0,8.0,9.0,1.0,1.0,A01
201400027557,0,7,0,0.0,2.0,7.0,16.0,B01
201400027557,0,31,0,0.0,2.0,7.0,18.0,A01
201400027558,0,7,0,0.0,1.0,2.0,15.0,A01
201400027559,0,1,0,0.0,2.0,8.0,15.0,B01
201400027559,0,7,0,0.0,9.0,1.0,1.0,A01
201400027560,0,34,0,0.0,2.0,2.0,2.0,B01
201400027560,0,7,0,0.0,2.0,3.0,2.0,A01
201400027561,0,7,0,0.0,1.0,3.0,1.0,A01
201400027562,0,7,0,0.0,2.0,1.0,1.0,A01
201400027562,0,7,0,0.0,2.0,8.0,15.0,B01
201400027563,0,2,0,0.0,2.0,7.0,2.0,A01
201400027563,0,7,0,0.0,2.0,3.0,15.0,B01
201400027564,0,2,0,1.0,0.0,1.0,1.0,A01
201400027565,0,30,0,0.0,2.0,2.0,2.0,B01
201400027565,0,7,0,0.0,0.0,3.0,10.0,A01
201400027566,0,7,0,8.0,0.0,1.0,0.0,A01
201400027567,0,7,0,16.0,0.0,2.0,1.0,A01
201400027568,0,7,0,8.0,0.0,0.0,0.0,A01
201400027569,0,2,0,0.0,1.0,1.0,1.0,A01
201400027570,0,7,0,3.0,0.0,7.0,21.0,A01
201400027571,0,7,0,14.0,0.0,1.0,2.0,A01
201400027572,0,40,2,0.0,1.0,3.0,0.0,A01
201400027573,0,7,0,0.0,1.0,2.0,1.0,A01
201400027574,0,7,0,0.0,2.0,1.0,0.0,A01
201400027574,0,32,0,0.0,2.0,6.0,0.0,B01
201400027575,0,7,0,0.0,2.0,3.0,1.0,B01
201400027575,0,33,0,0.0,2.0,1.0,1.0,C01
201400027575,0,7,0,0.0,2.0,1.0,15.0,A01
201400027576,0,1,0,0.0,2.0,1.0,1.0,B01
201400027576,0,10,0,0.0,9.0,2.0,16.0,A01
201400027577,0,7,0,0.0,1.0,1.0,0.0,A01
201400027578,0,33,0,0.0,2.0,5.0,1.0,B01
201400027578,0,10,0,0.0,2.0,2.0,1.0,A01
201400027579,0,1,0,0.0,2.0,8.0,1.0,B01
201400027579,0,7,0,0.0,2.0,7.0,17.0,A01
201400027580,0,7,0,15.0,0.0,2.0,0.0,A01
201400027581,0,7,0,0.0,2.0,7.0,1.0,A01
201400027581,1,17,0,0.0,2.0,0.0,3.0,B01
201400027582,0,30,0,0.0,2.0,4.0,0.0,A01
201400027583,0,7,0,0.0,1.0,1.0,1.0,A01
201400027584,0,7,0,0.0,1.0,1.0,0.0,A01
201400027585,0,7,0,0.0,2.0,1.0,7.0,A01
201400027585,0,7,0,0.0,2.0,4.0,16.0,B01
201400027586,0,7,0,0.0,1.0,0.0,1.0,A01
201400027587,0,1,0,0.0,2.0,0.0,0.0,B01
201400027587,1,99,0,0.0,0.0,0.0,0.0,A01
201400027588,0,7,0,0.0,2.0,1.0,15.0,A01
201400027588,0,7,0,0.0,2.0,1.0,1.0,B01
201400027589,0,7,0,0.0,1.0,1.0,1.0,A01
201400027590,0,2,0,0.0,0.0,4.0,23.0,B01
201400027590,1,7,0,0.0,2.0,1.0,1.0,A01
201400027591,0,7,0,0.0,1.0,1.0,1.0,A01
201400027592,0,7,0,0.0,0.0,6.0,2.0,B01
201400027592,0,7,0,0.0,0.0,0.0,1.0,A01
201400027593,0,10,0,0.0,4.0,2.0,16.0,A01
201400027593,0,40,1,0.0,2.0,1.0,0.0,B01
201400027594,0,37,1,0.0,2.0,3.0,23.0,B01
201400027594,0,30,0,14.0,0.0,1.0,2.0,A01
201400027595,0,7,0,0.0,9.0,1.0,11.0,A01
201400027595,0,1,0,0.0,0.0,0.0,0.0,B01
201400027596,0,13,0,3.0,2.0,3.0,1.0,B01
201400027596,0,7,0,3.0,2.0,3.0,13.0,A01
201400027597,0,30,0,0.0,2.0,2.0,0.0,B01
201400027597,1,99,0,0.0,0.0,0.0,0.0,Z01
201400027598,0,7,0,4.0,0.0,7.0,9.0,A01
201400027599,0,7,0,0.0,2.0,3.0,15.0,A01
201400027599,0,32,0,1.0,2.0,1.0,17.0,B01
201400027600,0,1,0,0.0,0.0,1.0,1.0,A01
201400027601,1,99,0,0.0,1.0,2.0,0.0,A01
201400027602,0,1,0,0.0,0.0,0.0,0.0,A01
201400027603,0,2,0,0.0,1.0,0.0,0.0,A01
201400027604,0,7,0,0.0,2.0,2.0,15.0,A01
201400027604,0,33,0,0.0,2.0,1.0,1.0,B01
201400027605,0,14,0,0.0,2.0,3.0,1.0,A01
201400027605,0,7,0,0.0,2.0,9.0,1.0,B01
201400027605,0,7,0,0.0,2.0,1.0,0.0,C01
201400027606,0,7,0,0.0,1.0,3.0,1.0,A01
201400027607,0,7,0,0.0,1.0,1.0,1.0,A01
201400027608,0,7,0,0.0,2.0,8.0,9.0,B01
201400027608,0,7,0,0.0,2.0,2.0,1.0,A01
201400027609,0,7,0,3.0,0.0,1.0,1.0,A01
201400027610,0,2,0,0.0,2.0,9.0,1.0,B01
201400027610,1,7,0,,0.0,2.0,10.0,Z01
201400027611,0,33,0,0.0,2.0,3.0,7.0,A01
201400027611,0,7,0,0.0,2.0,2.0,16.0,B01
201400027612,0,33,0,0.0,2.0,8.0,1.0,A01
201400027612,0,7,0,0.0,9.0,8.0,17.0,B01
201400027613,0,33,0,0.0,2.0,8.0,1.0,A01
201400027613,0,7,0,0.0,9.0,8.0,17.0,B01
201400027614,0,10,0,0.0,2.0,1.0,1.0,A01
201400027614,0,7,0,0.0,2.0,1.0,1.0,B01
201400027614,0,10,0,0.0,0.0,5.0,2.0,C01
201400027615,0,10,0,0.0,0.0,5.0,2.0,C01
201400027615,0,10,0,0.0,2.0,1.0,1.0,A01
201400027615,0,7,0,0.0,2.0,1.0,1.0,B01
201400027616,1,7,0,0.0,1.0,2.0,0.0,Z01
201400027617,0,7,0,0.0,1.0,2.0,1.0,A01
201400027618,0,7,0,0.0,2.0,0.0,0.0,B01
201400027618,0,7,0,0.0,2.0,0.0,1.0,A01
201400027619,0,7,0,0.0,1.0,0.0,0.0,A01
201400027620,0,7,0,0.0,2.0,3.0,15.0,A01
201400027620,0,32,0,0.0,2.0,1.0,1.0,B01
201400027621,0,7,0,0.0,2.0,1.0,1.0,A01
201400027621,0,33,0,0.0,0.0,4.0,1.0,B01
201400027622,0,10,0,0.0,2.0,2.0,1.0,A01
201400027622,0,1,0,0.0,2.0,8.0,19.0,B01
201400027623,0,7,0,0.0,1.0,3.0,16.0,A01
201400027624,0,7,0,0.0,0.0,0.0,0.0,C01
201400027624,0,7,0,0.0,0.0,0.0,0.0,A01
201400027624,0,7,0,0.0,0.0,0.0,0.0,B01
201400027625,0,7,0,0.0,1.0,2.0,1.0,A01
201400027626,2,7,0,8.0,0.0,1.0,1.0,A01
201400027627,0,31,0,0.0,0.0,7.0,1.0,A01
201400027628,1,7,0,0.0,1.0,1.0,15.0,Z01
201400027629,0,7,0,0.0,2.0,1.0,0.0,A01
201400027629,0,1,0,0.0,2.0,1.0,0.0,B01
201400027630,1,7,0,0.0,1.0,0.0,0.0,A01
201400027631,0,7,0,1.0,4.0,8.0,0.0,A01
201400027631,0,40,1,0.0,2.0,2.0,1.0,B01
201400027631,0,7,0,1.0,2.0,4.0,24.0,C01
201400027632,0,32,0,0.0,1.0,3.0,17.0,A01
201400027633,0,7,0,0.0,2.0,8.0,15.0,B01
201400027633,0,7,0,0.0,2.0,2.0,1.0,A01
201400027634,0,7,0,0.0,2.0,2.0,0.0,A01
201400027635,0,1,0,1.0,0.0,0.0,19.0,A01
201400027635,1,7,0,0.0,0.0,9.0,0.0,Z01
201400027636,0,7,0,0.0,1.0,3.0,0.0,A01
201400027637,0,33,0,0.0,2.0,1.0,7.0,A01
201400027637,0,7,0,0.0,2.0,5.0,4.0,B01
201400027638,0,1,0,0.0,2.0,0.0,0.0,B01
201400027638,0,7,0,0.0,9.0,3.0,0.0,A01
201400027639,0,7,0,0.0,1.0,2.0,9.0,A01
201400027640,0,7,0,0.0,1.0,2.0,21.0,A01
201400027641,0,7,0,0.0,1.0,3.0,1.0,A01
201400027642,1,7,0,0.0,1.0,1.0,7.0,A01
201400027643,0,30,0,12.0,0.0,5.0,21.0,A01
201400027644,0,7,0,0.0,2.0,7.0,16.0,B01
201400027644,0,31,0,0.0,2.0,3.0,1.0,A01
201400027645,0,7,0,0.0,1.0,1.0,1.0,A01
201400027646,0,99,0,0.0,1.0,0.0,0.0,A01
201400027647,0,7,0,0.0,2.0,3.0,1.0,A01
201400027647,0,1,0,0.0,2.0,1.0,1.0,B01
201400027648,0,7,0,2.0,0.0,3.0,14.0,A01
201400027649,0,7,0,0.0,2.0,7.0,15.0,A01
201400027649,0,7,0,0.0,2.0,1.0,1.0,B01
201400027650,0,7,0,0.0,9.0,3.0,23.0,C01
201400027650,0,7,0,0.0,2.0,1.0,15.0,A01
201400027650,0,33,0,0.0,2.0,1.0,1.0,B01
201400027651,0,33,0,8.0,0.0,1.0,0.0,A01
201400027652,0,7,0,0.0,0.0,0.0,0.0,A01
201400027652,0,30,0,0.0,0.0,0.0,0.0,B01
201400027653,0,7,0,0.0,0.0,0.0,0.0,A01
201400027653,0,7,0,0.0,0.0,0.0,0.0,B01
201400027654,0,7,0,0.0,1.0,0.0,1.0,A01
201400027655,0,7,0,8.0,2.0,2.0,0.0,A01
201400027655,0,7,0,0.0,2.0,1.0,0.0,B01
201400027656,0,34,0,0.0,0.0,0.0,0.0,B01
201400027656,0,7,0,0.0,0.0,0.0,0.0,A01
201400027657,0,33,0,0.0,0.0,0.0,0.0,A01
201400027657,0,7,0,0.0,0.0,0.0,0.0,B01
201400027658,0,7,0,0.0,1.0,0.0,0.0,A01
201400027659,0,7,0,0.0,0.0,0.0,0.0,A01
201400027660,0,7,0,0.0,0.0,0.0,0.0,A01
201400027660,0,7,0,0.0,0.0,0.0,0.0,B01
201400027661,0,2,0,0.0,9.0,1.0,0.0,A01
201400027662,0,2,0,14.0,0.0,1.0,1.0,A01
201400027662,0,7,0,0.0,0.0,7.0,22.0,B01
201400027663,0,2,0,0.0,2.0,8.0,0.0,B01
201400027663,1,7,0,0.0,2.0,0.0,0.0,A01
201400027664,0,7,0,0.0,0.0,0.0,0.0,A01
201400027664,0,7,0,0.0,0.0,0.0,0.0,B01
201400027665,0,7,0,0.0,0.0,4.0,23.0,C01
201400027665,0,7,0,0.0,2.0,4.0,23.0,B01
201400027665,0,7,0,0.0,2.0,1.0,2.0,A01
201400027666,0,7,0,0.0,0.0,0.0,0.0,B01
201400027666,0,7,0,0.0,0.0,0.0,0.0,A01
201400027667,1,7,0,0.0,1.0,3.0,0.0,A01
201400027668,0,7,0,0.0,0.0,0.0,0.0,C01
201400027668,0,7,0,0.0,0.0,0.0,0.0,B01
201400027668,0,7,0,0.0,0.0,0.0,0.0,A01
201400027668,0,7,0,0.0,0.0,0.0,0.0,D01
201400027669,0,30,0,0.0,2.0,1.0,13.0,A01
201400027669,0,7,0,0.0,2.0,1.0,1.0,B01