Num_Acc,senc,catv,occutc,obs,obsm,choc,manv,num_veh
201400027670,0,7,0,0.0,0.0,0.0,0.0,B01
201400027670,0,7,0,0.0,0.0,0.0,0.0,A01
201400027671,0,7,0,0.0,2.0,1.0,2.0,A01
201400027671,0,7,0,0.0,2.0,4.0,2.0,B01
201400027672,1,99,0,0.0,1.0,1.0,1.0,Z01
201400027673,0,33,0,0.0,2.0,4.0,1.0,B01
201400027673,0,7,0,0.0,0.0,4.0,1.0,C01
201400027673,0,7,0,0.0,2.0,1.0,1.0,A01
201400027674,0,7,0,0.0,0.0,0.0,0.0,D01
201400027674,1,7,0,0.0,0.0,0.0,0.0,A01
201400027674,0,7,0,0.0,0.0,0.0,0.0,C01
201400027674,0,7,0,0.0,0.0,0.0,0.0,B01
201400027675,0,32,0,0.0,2.0,1.0,1.0,B01
201400027675,1,7,0,0.0,2.0,0.0,0.0,A01
201400027676,0,7,0,0.0,2.0,1.0,1.0,A01
201400027676,0,7,0,0.0,2.0,0.0,1.0,B01
201400027677,0,7,0,0.0,2.0,2.0,10.0,B01
201400027677,0,33,0,0.0,2.0,1.0,1.0,A01
201400027678,0,7,0,0.0,2.0,2.0,1.0,B01
201400027678,0,7,0,0.0,2.0,8.0,15.0,A01
201400027679,1,7,0,15.0,1.0,1.0,0.0,Z01
201400027680,0,7,0,0.0,2.0,3.0,20.0,B01
201400027680,0,31,0,0.0,2.0,1.0,2.0,A01
201400027681,0,7,0,0.0,2.0,8.0,0.0,B01
201400027681,0,34,0,0.0,0.0,7.0,0.0,A01
201400027682,0,2,0,0.0,2.0,1.0,17.0,A01
201400027682,0,7,0,0.0,2.0,8.0,16.0,B01
201400027683,0,2,0,0.0,2.0,1.0,0.0,A01
201400027683,0,7,0,0.0,2.0,1.0,1.0,B01
201400027684,0,99,0,0.0,0.0,2.0,0.0,C01
201400027684,0,99,0,0.0,2.0,1.0,2.0,A01
201400027684,0,7,0,0.0,2.0,1.0,2.0,B01
201400027685,0,17,0,0.0,2.0,2.0,1.0,A01
201400027685,0,2,0,0.0,2.0,8.0,1.0,B01
201400027686,0,7,0,0.0,0.0,0.0,0.0,B01
201400027686,0,7,0,0.0,0.0,0.0,0.0,A01
201400027687,1,99,0,0.0,2.0,0.0,0.0,A01
201400027687,0,1,0,0.0,2.0,0.0,1.0,B01
201400027688,0,7,0,0.0,2.0,1.0,1.0,C01
201400027688,1,10,0,0.0,2.0,4.0,16.0,Z01
201400027688,0,7,0,0.0,2.0,4.0,1.0,A01
201400027688,0,7,0,0.0,2.0,4.0,0.0,B01
201400027689,0,33,0,0.0,0.0,0.0,0.0,A01
201400027690,0,7,0,0.0,2.0,1.0,15.0,A01
201400027690,0,33,0,0.0,2.0,1.0,1.0,B01
201400027691,0,7,0,0.0,2.0,3.0,1.0,A01
201400027691,0,33,0,0.0,2.0,1.0,1.0,B01
201400027692,1,2,0,0.0,1.0,0.0,0.0,A01
201400027693,0,33,0,0.0,2.0,7.0,17.0,A01
201400027693,0,10,0,0.0,2.0,3.0,13.0,B01
201400027694,0,7,0,0.0,2.0,4.0,1.0,B01
201400027694,0,7,0,0.0,0.0,1.0,1.0,A01
201400027695,0,1,0,0.0,2.0,1.0,7.0,B01
201400027695,0,7,0,0.0,2.0,5.0,1.0,A01
201400027696,0,7,0,0.0,1.0,0.0,0.0,A01
201400027697,0,7,0,0.0,2.0,2.0,15.0,A01
201400027697,0,2,0,0.0,2.0,1.0,1.0,B01
201400027698,0,7,0,0.0,0.0,0.0,0.0,A01
201400027699,0,7,0,0.0,0.0,1.0,0.0,A01
201400027700,0,33,0,0.0,1.0,0.0,0.0,A01
201400027701,0,30,0,0.0,1.0,0.0,0.0,A01
201400027702,0,7,0,0.0,0.0,1.0,0.0,C01
201400027702,0,7,0,0.0,0.0,1.0,0.0,A01
201400027702,0,37,5,0.0,0.0,1.0,0.0,B01
201400027703,0,40,20,0.0,1.0,0.0,0.0,A01
201400027704,0,7,0,0.0,2.0,3.0,1.0,B01
201400027704,0,7,0,0.0,2.0,3.0,13.0,A01
201400027705,0,33,0,0.0,0.0,5.0,2.0,B01
201400027705,0,2,0,0.0,2.0,1.0,0.0,A01
201400027706,0,13,0,0.0,9.0,7.0,1.0,A01
201400027706,0,13,0,0.0,0.0,0.0,0.0,B01
201400027707,1,7,0,0.0,2.0,8.0,18.0,Z01
201400027707,0,30,0,0.0,2.0,7.0,1.0,A01
201400027708,0,1,0,0.0,0.0,0.0,0.0,B01
201400027708,0,7,0,0.0,0.0,0.0,0.0,A01
201400027709,0,7,0,0.0,2.0,1.0,1.0,B01
201400027709,0,7,0,0.0,2.0,4.0,4.0,Z01
201400027710,1,7,0,0.0,2.0,0.0,0.0,A01
201400027710,0,7,0,0.0,0.0,6.0,0.0,B01
201400027711,0,7,0,0.0,0.0,6.0,1.0,C01
201400027711,0,7,0,0.0,2.0,1.0,1.0,B01
201400027711,0,7,0,0.0,2.0,1.0,1.0,A01
201400027712,0,7,0,0.0,2.0,3.0,15.0,A01
201400027712,0,33,0,0.0,2.0,1.0,1.0,B01
201400027713,0,7,0,0.0,2.0,3.0,0.0,A01
201400027713,0,1,0,0.0,2.0,1.0,0.0,B01
201400027714,0,7,0,0.0,2.0,1.0,15.0,A01
201400027714,0,31,0,0.0,2.0,1.0,1.0,B01
201400027715,0,10,0,2.0,0.0,0.0,0.0,A01
201400027716,0,7,0,0.0,2.0,0.0,0.0,B01
201400027716,0,7,0,0.0,2.0,3.0,15.0,A01
201400027717,0,7,0,0.0,0.0,0.0,0.0,A01
201400027718,1,36,0,0.0,1.0,1.0,1.0,Z01
201400027719,0,7,0,0.0,2.0,1.0,1.0,A01
201400027719,0,1,0,0.0,2.0,4.0,1.0,B01
201400027720,0,1,0,0.0,2.0,0.0,2.0,B01
201400027720,0,7,0,14.0,0.0,1.0,1.0,A01
201400027721,0,7,0,0.0,0.0,1.0,0.0,A01
201400027722,0,7,0,0.0,1.0,2.0,11.0,A01
201400027723,0,7,0,3.0,2.0,3.0,1.0,A01
201400027723,0,10,0,0.0,2.0,1.0,1.0,B01
201400027724,0,7,0,0.0,1.0,1.0,1.0,A01
201400027725,0,7,0,0.0,1.0,1.0,0.0,A01
201400027726,0,1,0,0.0,2.0,4.0,16.0,B01
201400027726,1,7,0,0.0,9.0,0.0,0.0,Z01
201400027727,0,7,0,0.0,1.0,1.0,0.0,A01
201400027728,0,1,0,0.0,0.0,0.0,0.0,A01
201400027729,0,33,0,0.0,2.0,7.0,17.0,B01
201400027729,0,7,0,0.0,2.0,6.0,1.0,C01
201400027729,0,7,0,0.0,2.0,3.0,11.0,A01
201400027730,0,1,0,0.0,6.0,0.0,1.0,A01
201400027731,0,7,0,0.0,1.0,1.0,1.0,A01
201400027732,0,7,0,0.0,2.0,8.0,19.0,B01
201400027732,0,30,0,0.0,2.0,2.0,1.0,A01
201400027733,0,7,0,0.0,1.0,2.0,2.0,A01
201400027734,0,7,0,0.0,2.0,3.0,1.0,B01
201400027734,0,7,0,3.0,2.0,2.0,12.0,A01
201400027735,0,10,0,0.0,2.0,1.0,1.0,B01
201400027735,0,33,0,0.0,2.0,3.0,9.0,A01
201400027736,0,7,0,6.0,1.0,2.0,9.0,A01
201400027737,0,7,0,0.0,2.0,3.0,1.0,A01
201400027737,0,7,0,14.0,2.0,3.0,6.0,B01
201400027738,0,7,0,0.0,2.0,3.0,0.0,A01
201400027738,0,34,0,0.0,2.0,0.0,0.0,B01
201400027739,0,30,0,0.0,2.0,1.0,0.0,A01
201400027739,0,37,1,0.0,2.0,8.0,0.0,B01
201400027740,0,33,0,0.0,2.0,1.0,0.0,B01
201400027740,0,7,0,0.0,2.0,6.0,10.0,A01
201400027741,0,33,0,0.0,2.0,7.0,1.0,A01
201400027741,0,7,0,0.0,2.0,8.0,1.0,B01
201400027742,0,1,0,0.0,2.0,1.0,0.0,B01
201400027742,0,1,0,0.0,2.0,1.0,0.0,A01
201400027743,2,7,0,0.0,2.0,1.0,2.0,A01
201400027743,0,7,0,0.0,2.0,4.0,2.0,B01
201400027744,0,33,0,0.0,2.0,1.0,15.0,B01
201400027744,1,7,0,0.0,2.0,1.0,6.0,Z01
201400027745,1,7,0,0.0,9.0,0.0,16.0,Z01
201400027745,0,1,0,0.0,2.0,8.0,1.0,A01
201400027746,0,7,0,0.0,2.0,1.0,16.0,B01
201400027746,2,7,0,0.0,2.0,1.0,5.0,A01
201400027747,0,7,0,0.0,2.0,1.0,1.0,A01
201400027747,0,33,0,0.0,2.0,1.0,1.0,B01
201400027748,0,7,0,0.0,1.0,2.0,1.0,A01
201400027749,1,13,0,0.0,2.0,6.0,1.0,A01
201400027749,0,14,0,0.0,2.0,6.0,1.0,B01
201400027750,0,7,0,0.0,2.0,4.0,2.0,B01
201400027750,1,10,0,0.0,2.0,1.0,2.0,Z01
201400027751,0,7,0,0.0,2.0,1.0,0.0,C01
201400027751,0,14,0,0.0,2.0,3.0,0.0,A01
201400027751,0,7,0,0.0,2.0,4.0,0.0,B01
201400027752,0,7,0,8.0,0.0,1.0,1.0,A01
201400027753,0,7,0,1.0,2.0,2.0,1.0,A01
201400027754,0,10,0,0.0,1.0,1.0,1.0,A01
201400027755,1,99,0,0.0,2.0,1.0,0.0,A01
201400027755,0,1,0,0.0,2.0,1.0,1.0,B01
201400027756,0,30,0,0.0,0.0,0.0,0.0,A01
201400027757,0,7,0,0.0,1.0,1.0,1.0,A01
201400027758,0,30,0,0.0,0.0,0.0,0.0,A01
201400027759,1,7,0,0.0,2.0,6.0,0.0,A01
201400027759,0,31,0,0.0,2.0,1.0,1.0,B01
201400027760,1,7,0,0.0,2.0,0.0,2.0,A01
201400027760,0,30,0,0.0,2.0,0.0,2.0,B01
201400027761,2,7,0,0.0,0.0,0.0,0.0,Z01
201400027761,0,32,0,0.0,0.0,0.0,0.0,A01
201400027762,0,7,0,0.0,2.0,1.0,1.0,B01
201400027762,0,7,0,0.0,2.0,1.0,13.0,A01
201400027763,0,7,0,0.0,1.0,1.0,0.0,A01
201400027764,0,7,0,0.0,1.0,1.0,1.0,A01
201400027765,0,33,0,8.0,0.0,1.0,1.0,A01
201400027766,0,7,0,0.0,2.0,2.0,7.0,A01
201400027766,0,7,0,0.0,2.0,3.0,15.0,B01
201400027767,0,7,0,0.0,0.0,3.0,0.0,B01
201400027767,0,7,0,0.0,1.0,3.0,0.0,A01
201400027768,0,7,0,0.0,1.0,1.0,15.0,A01
201400027769,0,2,0,1.0,0.0,1.0,0.0,A01
201400027770,0,2,0,0.0,0.0,0.0,0.0,B01
201400027771,0,7,0,0.0,2.0,7.0,10.0,A01
201400027771,0,33,0,0.0,2.0,1.0,1.0,B01
201400027772,1,7,0,0.0,1.0,1.0,1.0,Z01
201400027773,0,30,0,0.0,0.0,4.0,2.0,B01
201400027773,1,7,0,0.0,2.0,5.0,2.0,A01
201400027774,1,99,0,0.0,1.0,0.0,2.0,Z01
201400027775,0,33,0,0.0,2.0,1.0,17.0,A01
201400027775,0,10,0,0.0,2.0,3.0,15.0,B01
201400027776,1,7,0,0.0,9.0,0.0,11.0,A01
201400027776,0,1,0,0.0,2.0,0.0,0.0,B01
201400027777,0,7,0,0.0,1.0,2.0,1.0,A01
201400027778,1,30,0,0.0,1.0,0.0,0.0,Z01
201400027779,0,10,0,0.0,1.0,3.0,1.0,A01
201400027780,0,7,0,0.0,2.0,1.0,2.0,A01
201400027780,2,7,0,0.0,0.0,4.0,0.0,B01
201400027781,0,1,0,0.0,2.0,0.0,1.0,B01
201400027781,0,13,0,0.0,9.0,0.0,16.0,A01
201400027782,0,7,0,0.0,2.0,1.0,1.0,B01
201400027782,0,7,0,0.0,2.0,1.0,5.0,A01
201400027783,0,30,0,0.0,2.0,1.0,1.0,A01
201400027783,0,7,0,0.0,2.0,7.0,16.0,B01
201400027784,2,31,0,0.0,2.0,1.0,0.0,A01
201400027784,0,7,0,0.0,2.0,8.0,0.0,B01
201400027785,0,7,0,0.0,0.0,9.0,1.0,A01
201400027786,0,7,0,0.0,2.0,6.0,15.0,B01
201400027786,0,2,0,0.0,2.0,2.0,17.0,A01
201400027787,0,1,0,0.0,2.0,8.0,0.0,B01
201400027787,1,99,0,0.0,2.0,8.0,0.0,Z01
201400027788,0,33,0,0.0,2.0,1.0,2.0,B01
201400027788,0,7,0,0.0,2.0,3.0,11.0,A01
201400027789,0,17,0,0.0,2.0,8.0,15.0,B01
201400027789,0,7,0,0.0,2.0,1.0,7.0,A01
201400027790,0,33,0,0.0,2.0,4.0,23.0,B01
201400027790,2,7,0,0.0,2.0,1.0,2.0,Z01
201400027791,0,7,0,8.0,0.0,1.0,0.0,A01
201400027792,0,1,0,0.0,2.0,1.0,1.0,B01
201400027792,0,7,0,0.0,2.0,7.0,16.0,A01
201400027793,0,7,0,0.0,2.0,4.0,1.0,B01
201400027793,0,2,0,0.0,2.0,1.0,1.0,A01
201400027794,0,31,0,1.0,2.0,2.0,0.0,B01
201400027794,0,7,0,0.0,2.0,3.0,0.0,A01
201400027795,1,99,0,0.0,1.0,2.0,20.0,Z01
201400027796,0,7,0,0.0,2.0,1.0,23.0,A01
201400027796,0,7,0,0.0,2.0,4.0,4.0,B01
201400027797,0,33,0,0.0,2.0,2.0,1.0,B01
201400027797,0,7,0,0.0,0.0,2.0,9.0,A01
201400027798,1,7,0,0.0,1.0,0.0,0.0,Z01
201400027799,0,7,0,0.0,2.0,2.0,1.0,B01
201400027799,0,2,0,0.0,2.0,1.0,5.0,A01
201400027800,0,7,0,1.0,0.0,9.0,0.0,A01
201400027801,0,7,0,0.0,1.0,1.0,1.0,A01
201400027802,0,7,0,0.0,1.0,2.0,1.0,A01
201400027803,0,7,0,0.0,1.0,2.0,1.0,A01
201400027804,0,1,0,0.0,2.0,4.0,2.0,B01
201400027804,1,7,0,0.0,2.0,0.0,0.0,Z01
201400027805,1,7,0,0.0,1.0,0.0,0.0,A01
201400027806,0,7,0,0.0,2.0,4.0,1.0,B01
201400027806,0,7,0,0.0,2.0,1.0,1.0,A01
201400027807,0,7,0,0.0,2.0,1.0,1.0,A01
201400027807,0,7,0,0.0,0.0,4.0,1.0,B01
201400027808,0,7,0,0.0,2.0,7.0,1.0,A01
201400027808,0,30,0,0.0,2.0,1.0,1.0,B01
201400027809,0,33,0,0.0,1.0,1.0,1.0,A01
201400027810,0,7,0,0.0,0.0,4.0,2.0,B01
201400027810,0,7,0,0.0,2.0,1.0,2.0,A01
201400027811,0,1,0,0.0,0.0,0.0,0.0,B01
201400027811,1,7,0,0.0,0.0,8.0,0.0,A01
201400027812,0,7,0,0.0,2.0,3.0,1.0,B01
201400027812,0,7,0,0.0,2.0,3.0,1.0,A01
201400027813,0,99,0,0.0,0.0,0.0,0.0,A01
201400027813,0,10,0,0.0,0.0,3.0,0.0,B01
201400027814,1,7,0,0.0,0.0,0.0,14.0,Z01
201400027814,0,30,0,0.0,0.0,0.0,1.0,B01
201400027815,0,7,0,4.0,2.0,0.0,2.0,C01
201400027815,1,15,0,0.0,2.0,2.0,1.0,A01
201400027815,0,7,0,0.0,2.0,8.0,1.0,B01
201400027816,0,34,0,0.0,2.0,1.0,1.0,B01
201400027816,0,7,0,0.0,0.0,2.0,19.0,A01
201400027817,0,31,0,0.0,2.0,5.0,0.0,B01
201400027817,1,7,0,0.0,2.0,0.0,0.0,Z01
201400027818,0,33,0,0.0,2.0,1.0,1.0,B01
201400027818,1,99,0,0.0,2.0,0.0,0.0,Z01
201400027819,0,7,0,0.0,1.0,1.0,1.0,A01
201400027820,0,1,0,0.0,0.0,0.0,0.0,A01
201400027821,0,7,0,0.0,1.0,3.0,1.0,A01
201400027822,0,7,0,0.0,1.0,8.0,0.0,A01
201400027823,1,7,0,0.0,0.0,0.0,0.0,Z01
201400027823,0,1,0,0.0,2.0,1.0,1.0,A01
201400027824,0,10,0,0.0,1.0,0.0,1.0,A01
201400027825,0,33,0,0.0,2.0,0.0,3.0,B01
201400027825,0,7,0,0.0,2.0,6.0,12.0,A01
201400027826,1,7,0,0.0,2.0,0.0,0.0,Z01
201400027826,0,33,0,0.0,2.0,1.0,0.0,B01
201400027827,1,7,0,0.0,2.0,1.0,2.0,Z01
201400027827,0,7,0,0.0,0.0,4.0,2.0,B01
201400027828,0,7,0,0.0,2.0,3.0,0.0,A01
201400027828,0,34,0,0.0,2.0,1.0,0.0,B01
201400027829,0,7,0,0.0,2.0,3.0,15.0,B01
201400027829,0,33,0,0.0,2.0,1.0,1.0,A01
201400027830,0,30,0,0.0,1.0,1.0,1.0,A01
201400027831,0,37,2,0.0,2.0,2.0,1.0,B01
201400027831,0,33,0,0.0,2.0,8.0,15.0,A01
201400027832,0,10,0,0.0,2.0,3.0,2.0,B01
201400027832,0,33,0,0.0,2.0,1.0,2.0,A01
201400027833,0,7,0,0.0,1.0,1.0,1.0,A01
201400027834,0,33,0,0.0,2.0,6.0,1.0,A01
201400027834,0,7,0,0.0,2.0,2.0,1.0,B01
201400027835,0,32,0,0.0,2.0,4.0,1.0,A01
201400027835,1,7,0,0.0,2.0,1.0,1.0,Z01
201400027836,0,7,0,9.0,0.0,3.0,13.0,A01
201400027837,1,7,0,0.0,0.0,3.0,9.0,Z01
201400027837,0,7,0,0.0,2.0,7.0,1.0,B01
201400027838,0,33,0,0.0,2.0,2.0,17.0,A01
201400027838,0,7,0,0.0,2.0,3.0,23.0,B01
201400027839,1,7,0,0.0,1.0,0.0,2.0,A01
201400027840,0,7,0,5.0,0.0,0.0,1.0,A01
201400027841,2,34,0,0.0,0.0,7.0,0.0,A01
201400027842,1,7,0,0.0,1.0,0.0,0.0,Z01
201400027843,0,7,0,15.0,0.0,1.0,0.0,A01
201400027844,0,33,0,0.0,2.0,1.0,1.0,B01
201400027844,0,7,0,0.0,2.0,7.0,15.0,A01
201400027845,0,31,0,0.0,0.0,0.0,0.0,B01
201400027845,0,7,0,0.0,0.0,0.0,0.0,A01
201400027846,0,7,0,0.0,1.0,1.0,1.0,A01
201400027847,0,7,0,8.0,0.0,2.0,1.0,Z01
201400027848,0,3,0,0.0,2.0,3.0,0.0,B01
201400027848,0,10,0,0.0,2.0,1.0,10.0,A01
201400027849,0,40,10,0.0,1.0,4.0,1.0,A01
201400027850,0,7,0,1.0,0.0,1.0,14.0,A01
201400027851,0,7,0,0.0,2.0,4.0,2.0,B01
201400027851,1,7,0,0.0,2.0,1.0,2.0,A01
201400027852,0,31,0,0.0,2.0,1.0,1.0,B01
201400027852,0,7,0,0.0,2.0,6.0,10.0,A01
201400027853,1,7,0,0.0,0.0,0.0,0.0,Z01
201400027853,0,1,0,0.0,0.0,0.0,0.0,B01
201400027854,1,99,0,0.0,1.0,0.0,0.0,Z01
201400027855,0,7,0,0.0,2.0,1.0,17.0,A01
201400027855,0,7,0,0.0,2.0,6.0,1.0,C01
201400027855,0,7,0,0.0,2.0,1.0,1.0,B01
201400027856,1,99,0,0.0,0.0,0.0,0.0,A01
201400027856,0,33,0,0.0,2.0,1.0,1.0,B01
201400027857,0,7,0,0.0,0.0,1.0,0.0,A01
201400027858,0,7,0,0.0,2.0,1.0,1.0,B01
201400027858,0,7,0,0.0,2.0,1.0,13.0,A01
201400027859,0,7,0,0.0,2.0,1.0,13.0,A01
201400027859,0,7,0,0.0,2.0,3.0,1.0,B01
201400027860,0,7,0,0.0,0.0,6.0,1.0,B01
201400027860,0,7,0,0.0,2.0,3.0,9.0,A01
201400027861,0,7,0,0.0,2.0,3.0,24.0,A01
201400027861,0,37,1,1.0,0.0,7.0,1.0,B01
201400027862,0,1,0,0.0,2.0,1.0,1.0,B01
201400027862,0,7,0,0.0,2.0,0.0,15.0,A01
201400027863,0,34,0,0.0,0.0,4.0,18.0,A01
201400027864,0,30,0,0.0,2.0,1.0,1.0,A01
201400027864,0,7,0,0.0,2.0,7.0,15.0,B01
201400027865,0,7,0,0.0,1.0,5.0,0.0,A01
201400027866,2,7,0,0.0,2.0,1.0,1.0,A01
201400027866,0,7,0,0.0,0.0,4.0,2.0,B01
201400027867,0,7,0,0.0,2.0,1.0,9.0,A01
201400027867,0,31,0,0.0,2.0,7.0,15.0,B01
201400027868,0,7,0,0.0,9.0,3.0,15.0,A01
201400027868,0,1,0,0.0,2.0,1.0,1.0,B01
201400027869,0,10,0,0.0,2.0,0.0,1.0,A01
201400027869,0,1,0,0.0,2.0,0.0,1.0,B01
201400027870,0,7,0,7.0,2.0,2.0,13.0,A01
201400027870,0,7,0,0.0,2.0,2.0,1.0,B01
201400027871,0,7,0,0.0,1.0,3.0,1.0,A01
201400027872,0,7,0,0.0,1.0,2.0,1.0,A01
201400027873,1,7,0,0.0,1.0,1.0,0.0,A01
201400027874,0,2,0,0.0,1.0,0.0,0.0,A01
201400027875,0,7,0,0.0,2.0,7.0,15.0,A01
201400027875,0,33,0,0.0,2.0,1.0,1.0,B01
201400027876,0,1,0,0.0,1.0,0.0,0.0,A01
201400027877,0,7,0,0.0,9.0,6.0,0.0,B01
201400027877,0,33,0,0.0,2.0,1.0,0.0,A01
201400027878,0,7,0,0.0,9.0,2.0,0.0,A01
201400027878,0,7,0,0.0,9.0,2.0,2.0,B01
201400027878,0,1,0,0.0,2.0,8.0,2.0,C01
201400027879,0,32,0,0.0,1.0,0.0,0.0,A01
201400027880,0,7,0,0.0,1.0,0.0,1.0,A01
201400027881,0,7,0,0.0,1.0,2.0,1.0,A01
201400027882,0,7,0,0.0,2.0,1.0,17.0,A01
201400027882,0,7,0,0.0,2.0,1.0,11.0,B01
201400027882,0,7,0,0.0,2.0,1.0,0.0,D01
201400027882,0,7,0,0.0,2.0,0.0,0.0,C01
201400027883,0,7,0,0.0,2.0,1.0,15.0,A01
201400027883,0,7,0,0.0,2.0,3.0,1.0,B01
201400027884,0,7,0,2.0,0.0,1.0,14.0,A01
201400027885,0,30,0,0.0,2.0,1.0,0.0,A01
201400027885,0,7,0,0.0,2.0,3.0,0.0,B01
201400027886,0,30,0,0.0,4.0,2.0,1.0,A01
201400027886,0,39,56,0.0,2.0,1.0,0.0,B01
201400027887,0,7,0,0.0,1.0,1.0,1.0,A01
201400027888,0,7,0,0.0,2.0,7.0,17.0,A01
201400027888,0,2,0,0.0,2.0,6.0,1.0,B01
201400027889,0,7,0,0.0,2.0,3.0,15.0,A01
201400027889,0,2,0,0.0,2.0,1.0,1.0,B01
201400027890,0,7,0,0.0,1.0,1.0,1.0,A01
201400027891,0,10,0,0.0,2.0,3.0,1.0,A01
201400027891,0,2,0,0.0,2.0,6.0,1.0,B01
201400027892,0,7,0,0.0,2.0,3.0,15.0,A01
201400027892,0,2,0,0.0,2.0,1.0,1.0,B01
201400027893,0,10,0,0.0,2.0,1.0,1.0,B01
201400027893,0,2,0,0.0,2.0,2.0,1.0,A01
201400027894,0,7,0,0.0,2.0,7.0,16.0,B01
201400027894,0,2,0,0.0,2.0,1.0,1.0,A01
201400027895,0,7,0,0.0,1.0,1.0,1.0,A01
201400027896,0,7,0,0.0,2.0,2.0,1.0,B01
201400027896,0,2,0,0.0,2.0,1.0,1.0,A01
201400027897,0,7,0,0.0,2.0,1.0,15.0,A01
201400027897,0,7,0,0.0,2.0,1.0,1.0,B01
201400027898,0,1,0,0.0,2.0,3.0,1.0,B01
201400027898,0,7,0,0.0,2.0,3.0,9.0,A01
201400027899,0,7,0,0.0,2.0,3.0,15.0,B01
201400027899,0,2,0,0.0,2.0,1.0,17.0,A01
201400027900,0,7,0,1.0,0.0,1.0,13.0,A01
201400027901,0,7,0,0.0,2.0,1.0,1.0,A01
201400027901,0,2,0,0.0,2.0,4.0,1.0,B01
201400027902,0,7,0,0.0,1.0,1.0,1.0,A01
201400027903,0,7,0,0.0,2.0,6.0,1.0,B01
201400027903,0,33,0,0.0,2.0,2.0,21.0,A01
201400027904,0,3,0,0.0,2.0,4.0,1.0,C01
201400027904,0,7,0,0.0,2.0,1.0,1.0,A01
201400027904,0,7,0,0.0,2.0,4.0,1.0,B01
201400027905,0,1,0,0.0,2.0,1.0,1.0,A01
201400027905,0,10,0,0.0,2.0,4.0,1.0,B01
201400027906,0,7,0,0.0,2.0,2.0,15.0,A01
201400027906,0,7,0,0.0,2.0,1.0,1.0,B01
201400027907,0,7,0,2.0,0.0,1.0,14.0,A01
201400027908,0,7,0,0.0,2.0,3.0,1.0,A01
201400027908,0,37,2,0.0,2.0,2.0,1.0,B01
201400027909,0,2,0,0.0,2.0,1.0,1.0,B01
201400027909,0,7,0,0.0,2.0,2.0,1.0,A01
201400027910,0,1,0,0.0,2.0,8.0,11.0,B01
201400027910,0,7,0,0.0,2.0,2.0,1.0,A01
201400027911,0,7,0,0.0,2.0,3.0,1.0,A01
201400027911,0,7,0,0.0,2.0,5.0,1.0,B01
201400027912,0,3,0,1.0,0.0,1.0,14.0,A01
201400027913,0,2,0,0.0,2.0,1.0,13.0,A01
201400027913,0,7,0,0.0,2.0,1.0,1.0,B01
201400027914,0,7,0,0.0,2.0,1.0,1.0,A01
201400027914,0,7,0,0.0,2.0,8.0,1.0,B01
201400027915,0,7,0,0.0,2.0,1.0,1.0,B01
201400027915,0,33,0,0.0,2.0,1.0,1.0,A01
201400027916,0,7,0,0.0,2.0,5.0,1.0,A01
201400027916,0,7,0,0.0,2.0,3.0,15.0,B01
201400027917,0,2,0,0.0,2.0,1.0,1.0,B01
201400027917,0,1,0,0.0,2.0,1.0,1.0,A01
201400027918,0,7,0,0.0,1.0,4.0,1.0,A01
201400027919,0,7,0,0.0,2.0,1.0,1.0,B01
201400027919,0,7,0,0.0,2.0,1.0,9.0,A01
201400027920,0,7,0,0.0,1.0,2.0,1.0,A01
201400027921,0,7,0,0.0,2.0,3.0,13.0,A01
201400027921,0,7,0,0.0,2.0,5.0,1.0,B01
201400027922,0,7,0,0.0,2.0,8.0,15.0,B01
201400027922,0,7,0,0.0,2.0,1.0,1.0,A01
201400027923,0,10,0,0.0,2.0,1.0,15.0,A01
201400027923,0,7,0,0.0,2.0,1.0,1.0,B01
201400027924,0,7,0,0.0,2.0,1.0,13.0,A01
201400027924,0,10,0,0.0,2.0,1.0,1.0,B01
201400027924,0,7,0,0.0,2.0,1.0,1.0,C01
201400027925,0,7,0,0.0,2.0,4.0,1.0,B01
201400027925,0,7,0,0.0,2.0,1.0,1.0,A01
201400027925,0,10,0,0.0,2.0,4.0,1.0,C01
201400027926,0,7,0,0.0,2.0,3.0,1.0,A01
201400027926,0,1,0,0.0,2.0,1.0,1.0,B01
201400027927,0,33,0,0.0,2.0,1.0,17.0,A01
201400027927,0,7,0,0.0,2.0,8.0,15.0,B01
201400027928,0,7,0,0.0,1.0,1.0,1.0,A01
201400027929,0,7,0,0.0,1.0,3.0,1.0,A01
201400027930,0,7,0,0.0,2.0,3.0,15.0,B01
201400027930,0,2,0,0.0,2.0,1.0,1.0,A01
201400027931,0,1,0,0.0,2.0,1.0,15.0,A01
201400027931,0,1,0,0.0,2.0,1.0,1.0,B01
201400027932,0,7,0,0.0,2.0,4.0,1.0,B01
201400027932,0,7,0,0.0,2.0,1.0,1.0,A01
201400027933,0,7,0,0.0,1.0,1.0,1.0,A01
201400027934,0,17,0,0.0,2.0,8.0,1.0,B01
201400027934,0,33,0,0.0,2.0,1.0,17.0,A01
201400027935,0,7,0,12.0,2.0,1.0,15.0,A01
201400027935,0,37,6,0.0,2.0,1.0,1.0,B01
201400027936,0,7,0,7.0,0.0,9.0,1.0,A01
201400027937,0,7,0,1.0,0.0,2.0,14.0,A01
201400027938,0,7,0,0.0,2.0,2.0,1.0,B01
201400027938,0,7,0,0.0,2.0,8.0,1.0,A01
201400027939,0,7,0,0.0,2.0,7.0,1.0,A01
201400027939,1,99,0,0.0,2.0,1.0,9.0,Z01
201400027940,0,7,0,0.0,2.0,3.0,15.0,B01
201400027940,0,33,0,0.0,2.0,1.0,17.0,A01
201400027941,0,7,0,9.0,2.0,2.0,1.0,A01
201400027941,0,7,0,0.0,2.0,8.0,15.0,B01