Num_Acc,senc,catv,occutc,obs,obsm,choc,manv,num_veh
201400027942,0,30,0,0.0,2.0,8.0,9.0,A01
201400027942,0,7,0,0.0,2.0,1.0,1.0,B01
201400027943,0,7,0,0.0,2.0,4.0,2.0,B01
201400027943,0,30,0,0.0,2.0,1.0,2.0,A01
201400027944,0,7,0,0.0,2.0,7.0,1.0,B01
201400027944,0,7,0,0.0,2.0,1.0,1.0,A01
201400027945,0,7,0,0.0,2.0,1.0,1.0,A01
201400027945,0,7,0,0.0,2.0,4.0,1.0,B01
201400027946,0,7,0,0.0,2.0,1.0,13.0,A01
201400027946,0,7,0,0.0,2.0,1.0,1.0,B01
201400027947,0,2,0,6.0,0.0,1.0,14.0,A01
201400027948,0,7,0,0.0,2.0,1.0,1.0,A01
201400027948,0,7,0,0.0,2.0,7.0,1.0,B01
201400027949,0,7,0,0.0,2.0,3.0,15.0,A01
201400027949,0,2,0,0.0,2.0,1.0,1.0,B01
201400027950,0,7,0,2.0,0.0,3.0,14.0,A01
201400027951,0,7,0,0.0,2.0,6.0,9.0,A01
201400027951,0,7,0,0.0,2.0,1.0,1.0,B01
201400027952,0,7,0,0.0,2.0,2.0,15.0,A01
201400027952,0,7,0,0.0,2.0,3.0,1.0,B01
201400027953,0,33,0,0.0,2.0,5.0,15.0,B01
201400027953,0,7,0,0.0,2.0,1.0,14.0,A01
201400027954,0,7,0,0.0,2.0,1.0,9.0,A01
201400027954,0,37,5,0.0,2.0,1.0,1.0,B01
201400027955,0,7,0,6.0,0.0,1.0,13.0,A01
201400027956,0,2,0,0.0,2.0,1.0,1.0,B01
201400027956,0,7,0,0.0,2.0,7.0,15.0,A01
201400027957,0,33,0,0.0,2.0,1.0,1.0,A01
201400027957,0,7,0,0.0,2.0,4.0,1.0,B01
201400027958,0,7,0,0.0,2.0,5.0,9.0,A01
201400027958,0,1,0,0.0,2.0,3.0,1.0,B01
201400027959,0,7,0,0.0,2.0,1.0,1.0,A01
201400027959,0,7,0,0.0,2.0,1.0,1.0,B01
201400027960,0,7,0,0.0,2.0,1.0,1.0,B01
201400027960,0,1,0,0.0,2.0,1.0,1.0,A01
201400027961,0,1,0,0.0,2.0,1.0,1.0,B01
201400027961,0,7,0,0.0,2.0,3.0,9.0,A01
201400027962,0,33,0,0.0,2.0,1.0,15.0,A01
201400027962,0,1,0,0.0,2.0,1.0,1.0,B01
201400027963,0,37,1,0.0,2.0,2.0,1.0,B01
201400027963,0,7,0,0.0,2.0,3.0,1.0,A01
201400027964,0,7,0,0.0,2.0,1.0,13.0,A01
201400027964,0,7,0,0.0,2.0,1.0,1.0,B01
201400027965,0,7,0,0.0,2.0,4.0,1.0,B01
201400027965,1,7,0,0.0,2.0,1.0,1.0,Z01
201400027966,0,2,0,0.0,1.0,1.0,1.0,A01
201400027967,0,7,0,0.0,1.0,8.0,1.0,A01
201400027968,0,7,0,0.0,2.0,3.0,15.0,A01
201400027968,0,2,0,0.0,2.0,1.0,1.0,B01
201400027969,0,33,0,0.0,2.0,1.0,1.0,B01
201400027969,0,7,0,0.0,2.0,6.0,1.0,A01
201400027970,0,7,0,1.0,0.0,1.0,13.0,A01
201400027971,0,7,0,0.0,2.0,1.0,9.0,A01
201400027971,0,7,0,0.0,2.0,1.0,1.0,B01
201400027972,0,1,0,0.0,2.0,1.0,1.0,B01
201400027972,0,10,0,0.0,2.0,2.0,1.0,A01
201400027973,0,7,0,1.0,0.0,1.0,14.0,A01
201400027974,0,7,0,0.0,2.0,1.0,9.0,A01
201400027974,0,30,0,0.0,2.0,3.0,17.0,B01
201400027975,0,1,0,0.0,2.0,4.0,1.0,B01
201400027975,0,7,0,0.0,2.0,3.0,15.0,A01
201400027976,1,7,0,0.0,2.0,1.0,15.0,Z01
201400027976,0,7,0,0.0,2.0,1.0,1.0,A01
201400027977,0,7,0,0.0,1.0,4.0,4.0,A01
201400027978,1,7,0,0.0,0.0,0.0,20.0,Z01
201400027978,0,30,0,0.0,2.0,4.0,23.0,A01
201400027979,0,1,0,0.0,2.0,1.0,1.0,B01
201400027979,0,7,0,0.0,2.0,1.0,9.0,A01
201400027980,0,7,0,0.0,2.0,1.0,1.0,A01
201400027980,0,7,0,0.0,2.0,3.0,1.0,B01
201400027981,0,7,0,9.0,2.0,1.0,1.0,A01
201400027981,0,7,0,0.0,2.0,1.0,15.0,B01
201400027982,0,7,0,0.0,2.0,3.0,1.0,B01
201400027982,0,7,0,0.0,2.0,1.0,1.0,A01
201400027983,0,7,0,0.0,2.0,1.0,1.0,B01
201400027983,0,7,0,6.0,2.0,1.0,1.0,A01
201400027984,0,7,0,0.0,2.0,1.0,15.0,A01
201400027984,0,2,0,0.0,2.0,1.0,1.0,B01
201400027985,0,7,0,0.0,2.0,1.0,1.0,B01
201400027985,0,7,0,0.0,2.0,1.0,1.0,A01
201400027986,0,2,0,0.0,2.0,4.0,1.0,B01
201400027986,0,7,0,0.0,2.0,1.0,1.0,A01
201400027987,0,7,0,0.0,2.0,3.0,1.0,B01
201400027987,0,7,0,0.0,2.0,2.0,1.0,A01
201400027988,0,7,0,0.0,2.0,4.0,1.0,B01
201400027988,0,7,0,0.0,2.0,4.0,1.0,C01
201400027988,0,7,0,0.0,2.0,4.0,1.0,D01
201400027988,0,7,0,0.0,2.0,1.0,1.0,A01
201400027989,0,7,0,0.0,2.0,1.0,1.0,A01
201400027989,0,2,0,0.0,2.0,1.0,1.0,B01
201400027990,1,7,0,0.0,1.0,1.0,1.0,Z01
201400027991,0,7,0,0.0,2.0,1.0,1.0,A01
201400027991,0,1,0,0.0,2.0,1.0,19.0,B01
201400027992,0,7,0,0.0,1.0,2.0,1.0,A01
201400027993,0,7,0,0.0,2.0,1.0,15.0,A01
201400027993,0,2,0,0.0,2.0,1.0,1.0,B01
201400027994,0,7,0,0.0,1.0,2.0,1.0,A01
201400027995,0,30,0,0.0,1.0,1.0,1.0,A01
201400027996,0,7,0,0.0,1.0,7.0,1.0,Z01
201400027997,0,7,0,0.0,1.0,3.0,1.0,A01
201400027998,0,7,0,0.0,2.0,4.0,1.0,B01
201400027998,0,10,0,0.0,2.0,1.0,1.0,A01
201400027999,0,1,0,0.0,2.0,1.0,1.0,B01
201400027999,0,7,0,0.0,2.0,8.0,1.0,A01
201400028000,0,2,0,14.0,0.0,1.0,2.0,A01
201400028001,0,7,0,14.0,2.0,1.0,21.0,A01
201400028001,1,99,0,0.0,0.0,0.0,5.0,B01
201400028002,0,7,0,0.0,1.0,2.0,1.0,A01
201400028003,0,2,0,14.0,0.0,1.0,1.0,A01
201400028004,0,7,0,0.0,2.0,3.0,15.0,B01
201400028004,0,7,0,0.0,2.0,3.0,1.0,A01
201400028005,0,30,0,0.0,2.0,1.0,1.0,A01
201400028005,0,7,0,0.0,0.0,8.0,1.0,B01
201400028006,0,7,0,0.0,0.0,5.0,23.0,B01
201400028006,0,7,0,0.0,0.0,4.0,23.0,C01
201400028006,0,7,0,0.0,2.0,3.0,1.0,A01
201400028007,0,7,0,0.0,1.0,1.0,16.0,A01
201400028008,0,2,0,1.0,2.0,1.0,17.0,A01
201400028008,0,7,0,0.0,2.0,2.0,1.0,B01
201400028008,0,7,0,0.0,2.0,3.0,24.0,C01
201400028009,0,7,0,0.0,1.0,2.0,1.0,A01
201400028010,0,10,0,9.0,0.0,2.0,1.0,A01
201400028011,0,7,0,0.0,1.0,2.0,1.0,A01
201400028012,0,7,0,0.0,1.0,1.0,1.0,A01
201400028013,0,7,0,8.0,2.0,7.0,17.0,A01
201400028013,0,7,0,0.0,0.0,3.0,15.0,B01
201400028014,0,7,0,13.0,0.0,9.0,1.0,A01
201400028015,0,7,0,0.0,1.0,1.0,1.0,A01
201400028016,0,7,0,0.0,2.0,1.0,15.0,A01
201400028016,0,7,0,0.0,2.0,1.0,1.0,B01
201400028017,0,7,0,13.0,0.0,1.0,1.0,A01
201400028018,0,7,0,13.0,0.0,9.0,1.0,A01
201400028019,0,7,0,0.0,2.0,1.0,2.0,A01
201400028019,0,7,0,0.0,0.0,4.0,23.0,B01
201400028020,0,30,0,0.0,2.0,1.0,1.0,B01
201400028020,0,7,0,0.0,2.0,3.0,15.0,A01
201400028021,0,13,0,0.0,2.0,3.0,15.0,A01
201400028021,0,2,0,0.0,2.0,8.0,1.0,B01
201400028022,0,7,0,0.0,1.0,4.0,4.0,A01
201400028023,0,7,0,0.0,1.0,1.0,1.0,A01
201400028024,0,7,0,0.0,0.0,9.0,1.0,A01
201400028025,0,30,0,0.0,2.0,1.0,1.0,A01
201400028025,0,7,0,0.0,0.0,7.0,1.0,B01
201400028026,0,7,0,0.0,2.0,8.0,9.0,A01
201400028026,0,7,0,0.0,2.0,3.0,1.0,B01
201400028027,0,30,0,0.0,2.0,7.0,21.0,B01
201400028027,0,36,0,0.0,2.0,2.0,15.0,A01
201400028028,0,30,0,0.0,2.0,7.0,1.0,A01
201400028028,0,7,0,0.0,2.0,1.0,1.0,B01
201400028029,0,7,0,0.0,2.0,1.0,2.0,B01
201400028029,0,7,0,0.0,0.0,4.0,1.0,A01
201400028030,0,7,0,13.0,0.0,3.0,13.0,A01
201400028031,0,7,0,0.0,2.0,1.0,2.0,A01
201400028031,0,7,0,0.0,0.0,4.0,23.0,B01
201400028032,0,30,0,16.0,0.0,3.0,1.0,A01
201400028033,0,33,0,0.0,2.0,7.0,17.0,A01
201400028033,0,7,0,0.0,2.0,1.0,15.0,B01
201400028034,0,7,0,0.0,2.0,2.0,1.0,A01
201400028034,0,1,0,0.0,2.0,8.0,1.0,B01
201400028035,0,7,0,0.0,2.0,3.0,13.0,A01
201400028035,0,14,0,0.0,0.0,8.0,1.0,B01
201400028036,0,7,0,12.0,9.0,1.0,1.0,A01
201400028037,0,2,0,0.0,2.0,1.0,17.0,B01
201400028037,0,7,0,0.0,0.0,6.0,11.0,A01
201400028038,0,7,0,0.0,0.0,4.0,23.0,A01
201400028038,0,7,0,0.0,2.0,1.0,2.0,B01
201400028039,0,7,0,0.0,0.0,4.0,1.0,B01
201400028039,0,7,0,0.0,2.0,1.0,1.0,A01
201400028040,0,1,0,0.0,2.0,1.0,19.0,B01
201400028040,0,7,0,0.0,2.0,2.0,1.0,A01
201400028041,0,7,0,0.0,1.0,1.0,1.0,A01
201400028042,0,7,0,15.0,0.0,9.0,14.0,A01
201400028043,0,7,0,0.0,0.0,0.0,15.0,A01
201400028043,0,33,0,12.0,0.0,1.0,21.0,B01
201400028044,0,7,0,1.0,0.0,4.0,5.0,A01
201400028045,0,7,0,0.0,2.0,1.0,1.0,B01
201400028045,0,7,0,0.0,0.0,8.0,1.0,A01
201400028046,0,3,0,0.0,1.0,5.0,4.0,A01
201400028047,0,7,0,0.0,0.0,4.0,23.0,A01
201400028047,0,7,0,14.0,0.0,1.0,2.0,B01
201400028048,0,7,0,0.0,2.0,3.0,9.0,A01
201400028048,0,7,0,0.0,2.0,2.0,1.0,B01
201400028049,0,1,0,0.0,0.0,1.0,9.0,B01
201400028049,0,7,0,0.0,2.0,2.0,1.0,A01
201400028050,0,2,0,0.0,2.0,1.0,2.0,B01
201400028050,0,7,0,0.0,2.0,3.0,1.0,C01
201400028050,0,38,1,0.0,0.0,4.0,15.0,A01
201400028051,0,7,0,0.0,1.0,6.0,1.0,A01
201400028052,0,7,0,0.0,2.0,3.0,1.0,A01
201400028052,0,7,0,0.0,2.0,2.0,15.0,B01
201400028053,0,2,0,0.0,0.0,7.0,0.0,A01
201400028054,0,7,0,3.0,0.0,3.0,13.0,A01
201400028055,0,7,0,6.0,0.0,1.0,1.0,A01
201400028056,0,7,0,0.0,2.0,2.0,1.0,A01
201400028056,0,7,0,0.0,2.0,1.0,1.0,B01
201400028057,0,33,0,0.0,2.0,2.0,1.0,B01
201400028057,0,7,0,0.0,2.0,3.0,5.0,A01
201400028058,0,7,0,6.0,0.0,1.0,1.0,A01
201400028059,0,10,0,0.0,2.0,1.0,11.0,A01
201400028059,0,30,0,0.0,2.0,1.0,1.0,B01
201400028060,0,2,0,0.0,2.0,3.0,17.0,A01
201400028060,0,7,0,0.0,2.0,3.0,15.0,B01
201400028061,0,10,0,0.0,2.0,1.0,1.0,A01
201400028061,0,7,0,0.0,0.0,5.0,1.0,B01
201400028062,0,7,0,0.0,2.0,1.0,9.0,A01
201400028062,0,2,0,0.0,0.0,7.0,15.0,B01
201400028063,0,7,0,0.0,1.0,1.0,1.0,A01
201400028064,0,7,0,0.0,2.0,6.0,15.0,A01
201400028064,0,33,0,0.0,2.0,1.0,1.0,B01
201400028065,0,33,0,0.0,2.0,1.0,1.0,B01
201400028065,0,7,0,0.0,2.0,3.0,16.0,A01
201400028066,0,7,0,4.0,0.0,3.0,1.0,A01
201400028067,0,7,0,0.0,2.0,1.0,2.0,A01
201400028067,0,7,0,0.0,0.0,4.0,15.0,B01
201400028068,0,32,0,0.0,2.0,1.0,1.0,A01
201400028068,0,10,0,0.0,0.0,7.0,1.0,B01
201400028069,0,7,0,0.0,2.0,3.0,15.0,A01
201400028069,0,31,0,0.0,2.0,1.0,17.0,B01
201400028070,1,7,0,0.0,1.0,0.0,1.0,A01
201400028071,0,7,0,0.0,1.0,1.0,15.0,A01
201400028072,0,7,0,0.0,2.0,3.0,1.0,B01
201400028072,0,7,0,0.0,2.0,1.0,13.0,A01
201400028073,0,7,0,6.0,0.0,2.0,0.0,A01
201400028074,0,14,0,0.0,2.0,3.0,1.0,B01
201400028074,0,7,0,0.0,2.0,3.0,13.0,A01
201400028075,0,33,0,0.0,0.0,7.0,16.0,A01
201400028076,0,7,0,3.0,0.0,1.0,1.0,A01
201400028077,0,7,0,0.0,0.0,7.0,1.0,B01
201400028077,0,7,0,0.0,2.0,1.0,1.0,A01
201400028078,0,15,0,0.0,2.0,1.0,12.0,A01
201400028078,0,7,0,0.0,2.0,8.0,1.0,B01
201400028079,0,7,0,0.0,1.0,1.0,1.0,A01
201400028080,0,30,0,0.0,2.0,1.0,1.0,B01
201400028080,0,7,0,0.0,0.0,7.0,15.0,A01
201400028081,0,17,0,0.0,0.0,6.0,23.0,B01
201400028081,0,7,0,0.0,2.0,1.0,1.0,A01
201400028082,0,13,0,0.0,1.0,2.0,1.0,A01
201400028083,0,33,0,1.0,0.0,1.0,2.0,A01
201400028083,0,7,0,0.0,0.0,6.0,24.0,B01
201400028084,0,7,0,0.0,2.0,3.0,16.0,A01
201400028084,0,2,0,0.0,2.0,1.0,17.0,B01
201400028085,0,10,0,11.0,0.0,1.0,1.0,A01
201400028086,0,7,0,0.0,1.0,0.0,1.0,A01
201400028087,0,7,0,0.0,1.0,1.0,1.0,A01
201400028088,0,7,0,0.0,1.0,1.0,1.0,A01
201400028089,0,7,0,0.0,2.0,3.0,13.0,A01
201400028089,0,7,0,0.0,2.0,3.0,1.0,B01
201400028090,2,34,0,0.0,0.0,3.0,15.0,B01
201400028090,0,2,0,9.0,0.0,1.0,17.0,A01
201400028091,0,7,0,0.0,1.0,2.0,15.0,A01
201400028092,0,7,0,0.0,1.0,1.0,1.0,A01
201400028093,0,1,0,0.0,2.0,1.0,1.0,B01
201400028093,0,7,0,0.0,9.0,2.0,1.0,A01
201400028094,0,30,0,0.0,1.0,1.0,0.0,A01
201400028095,0,2,0,0.0,2.0,1.0,1.0,B01
201400028095,0,10,0,0.0,0.0,7.0,15.0,A01
201400028096,0,7,0,0.0,1.0,1.0,1.0,A01
201400028097,0,7,0,0.0,2.0,1.0,13.0,A01
201400028097,0,7,0,0.0,2.0,1.0,1.0,B01
201400028098,0,2,0,0.0,1.0,1.0,1.0,A01
201400028099,0,33,0,0.0,2.0,2.0,17.0,A01
201400028099,0,7,0,0.0,2.0,3.0,15.0,B01
201400028100,0,1,0,0.0,2.0,1.0,1.0,B01
201400028100,0,7,0,0.0,2.0,1.0,5.0,A01
201400028101,0,7,0,0.0,1.0,1.0,1.0,A01
201400028102,0,7,0,0.0,1.0,3.0,1.0,A01
201400028103,0,7,0,0.0,2.0,2.0,1.0,A01
201400028103,0,31,0,0.0,0.0,8.0,1.0,B01
201400028104,0,33,0,0.0,2.0,3.0,1.0,B01
201400028104,0,7,0,0.0,2.0,2.0,1.0,A01
201400028105,0,7,0,0.0,2.0,4.0,15.0,A01
201400028105,0,1,0,0.0,2.0,1.0,1.0,B01
201400028106,0,32,0,0.0,2.0,2.0,1.0,B01
201400028106,0,7,0,0.0,2.0,3.0,13.0,A01
201400028107,0,7,0,0.0,2.0,8.0,1.0,B01
201400028107,0,7,0,0.0,2.0,1.0,13.0,A01
201400028108,0,33,0,0.0,2.0,3.0,1.0,B01
201400028108,0,7,0,0.0,2.0,1.0,15.0,A01
201400028109,0,7,0,0.0,2.0,2.0,1.0,B01
201400028109,0,7,0,0.0,2.0,3.0,16.0,A01
201400028110,0,1,0,0.0,2.0,7.0,19.0,B01
201400028110,0,7,0,0.0,2.0,1.0,16.0,A01
201400028111,0,33,0,0.0,2.0,7.0,17.0,B01
201400028111,0,7,0,0.0,2.0,3.0,13.0,A01
201400028112,0,7,0,0.0,0.0,8.0,1.0,B01
201400028112,0,33,0,0.0,2.0,8.0,13.0,A01
201400028113,0,2,0,0.0,2.0,1.0,17.0,A01
201400028113,0,7,0,0.0,0.0,3.0,15.0,B01
201400028114,0,1,0,0.0,2.0,1.0,1.0,B01
201400028114,0,7,0,0.0,2.0,2.0,1.0,A01
201400028115,0,36,0,0.0,2.0,8.0,13.0,A01
201400028115,0,1,0,0.0,2.0,8.0,1.0,B01
201400028116,0,7,0,0.0,1.0,1.0,1.0,A01
201400028117,0,7,0,0.0,2.0,6.0,10.0,A01
201400028117,0,31,0,0.0,2.0,1.0,1.0,B01
201400028118,0,7,0,0.0,0.0,8.0,15.0,B01
201400028118,0,7,0,6.0,2.0,2.0,17.0,A01
201400028119,0,7,0,0.0,2.0,2.0,15.0,A01
201400028119,0,30,0,0.0,2.0,1.0,1.0,B01
201400028120,0,7,0,0.0,0.0,4.0,23.0,E01
201400028120,0,7,0,0.0,2.0,4.0,23.0,D01
201400028120,0,7,0,0.0,2.0,4.0,23.0,B01
201400028120,0,7,0,0.0,2.0,4.0,23.0,C01
201400028120,0,10,0,0.0,2.0,1.0,2.0,A01
201400028121,0,7,0,0.0,1.0,1.0,1.0,A01
201400028122,0,2,0,0.0,2.0,1.0,2.0,A01
201400028122,0,7,0,0.0,0.0,4.0,23.0,B01
201400028123,0,33,0,0.0,2.0,1.0,1.0,B01
201400028123,0,7,0,0.0,2.0,2.0,15.0,A01
201400028124,0,7,0,0.0,2.0,1.0,1.0,B01
201400028124,0,7,0,0.0,2.0,1.0,1.0,C01
201400028124,0,7,0,0.0,2.0,0.0,1.0,A01
201400028125,0,7,0,0.0,0.0,4.0,15.0,B01
201400028125,0,2,0,0.0,2.0,1.0,1.0,A01
201400028126,0,1,0,0.0,2.0,1.0,5.0,B01
201400028126,0,10,0,0.0,2.0,1.0,16.0,A01
201400028127,0,7,0,0.0,1.0,1.0,1.0,A01
201400028128,0,7,0,8.0,0.0,1.0,1.0,A01
201400028129,0,7,0,0.0,1.0,1.0,1.0,A01
201400028130,0,7,0,0.0,2.0,8.0,15.0,B01
201400028130,0,30,0,0.0,2.0,7.0,17.0,A01
201400028131,0,7,0,0.0,1.0,1.0,1.0,A01
201400028132,0,7,0,0.0,2.0,1.0,13.0,A01
201400028132,0,10,0,0.0,2.0,1.0,1.0,B01
201400028133,0,33,0,0.0,2.0,1.0,1.0,B01
201400028133,0,7,0,0.0,2.0,2.0,1.0,A01
201400028134,0,7,0,0.0,2.0,3.0,1.0,C01
201400028134,0,33,0,0.0,2.0,1.0,1.0,B01
201400028134,0,7,0,0.0,2.0,1.0,15.0,A01
201400028135,0,7,0,0.0,2.0,1.0,1.0,B01
201400028135,0,7,0,0.0,2.0,5.0,15.0,A01
201400028136,0,7,0,0.0,2.0,3.0,1.0,C01
201400028136,0,10,0,0.0,2.0,2.0,1.0,B01
201400028136,0,7,0,0.0,2.0,1.0,1.0,A01
201400028137,0,7,0,0.0,1.0,1.0,1.0,A01
201400028138,0,7,0,0.0,2.0,2.0,1.0,A01
201400028138,0,33,0,0.0,2.0,1.0,1.0,B01
201400028139,0,7,0,0.0,1.0,1.0,1.0,A01
201400028140,0,7,0,0.0,1.0,1.0,9.0,A01
201400028141,0,7,0,0.0,1.0,1.0,1.0,A01
201400028142,0,10,0,0.0,2.0,3.0,12.0,B01
201400028142,0,33,0,0.0,2.0,2.0,12.0,A01
201400028143,0,7,0,0.0,2.0,2.0,15.0,A01
201400028143,0,31,0,0.0,2.0,1.0,1.0,B01
201400028144,0,37,0,0.0,2.0,2.0,16.0,B01
201400028144,0,33,0,0.0,2.0,1.0,2.0,A01
201400028145,0,7,0,7.0,0.0,1.0,6.0,A01
201400028146,0,33,0,0.0,2.0,1.0,1.0,B01
201400028146,0,7,0,0.0,2.0,3.0,1.0,A01
201400028147,0,7,0,0.0,2.0,2.0,1.0,A01
201400028147,0,1,0,0.0,2.0,1.0,1.0,B01
201400028148,0,7,0,0.0,1.0,1.0,16.0,A01
201400028149,0,33,0,0.0,2.0,1.0,2.0,A01
201400028149,0,7,0,0.0,0.0,4.0,23.0,B01
201400028150,0,7,0,8.0,0.0,1.0,13.0,A01
201400028151,0,7,0,6.0,0.0,2.0,14.0,A01
201400028152,0,7,0,0.0,1.0,3.0,1.0,A01
201400028153,0,10,0,1.0,1.0,2.0,21.0,A01
201400028154,0,7,0,0.0,2.0,2.0,1.0,B01
201400028154,0,7,0,0.0,2.0,3.0,1.0,A01
201400028155,0,7,0,0.0,2.0,4.0,23.0,B01
201400028155,0,7,0,0.0,2.0,1.0,2.0,A01
201400028156,0,7,0,0.0,2.0,2.0,15.0,A01
201400028156,0,33,0,0.0,2.0,1.0,1.0,B01
201400028157,0,7,0,0.0,2.0,3.0,9.0,A01
201400028157,0,2,0,0.0,2.0,1.0,1.0,B01
201400028158,0,33,0,0.0,2.0,1.0,1.0,A01
201400028158,0,7,0,0.0,2.0,8.0,15.0,B01
201400028159,0,1,0,0.0,2.0,1.0,1.0,A01
201400028159,0,38,10,0.0,2.0,7.0,1.0,B01
201400028160,0,33,0,0.0,2.0,1.0,2.0,A01
201400028160,0,7,0,0.0,0.0,4.0,1.0,B01
201400028161,0,33,0,12.0,0.0,1.0,14.0,A01
201400028162,0,15,0,0.0,2.0,3.0,1.0,B01
201400028162,0,3,0,0.0,2.0,3.0,5.0,A01
201400028163,0,1,0,0.0,2.0,1.0,1.0,B01
201400028163,0,7,0,0.0,2.0,3.0,9.0,A01
201400028164,0,7,0,0.0,2.0,1.0,1.0,B01
201400028164,0,7,0,6.0,2.0,7.0,1.0,A01
201400028165,0,37,1,0.0,0.0,0.0,0.0,B01
201400028165,0,7,0,0.0,1.0,1.0,17.0,A01
201400028166,0,7,0,15.0,0.0,1.0,1.0,A01
201400028167,0,7,0,0.0,1.0,1.0,1.0,A01
201400028168,0,2,0,0.0,2.0,3.0,15.0,B01
201400028168,0,7,0,0.0,2.0,1.0,17.0,A01
201400028169,0,7,0,0.0,2.0,3.0,5.0,B01
201400028169,0,7,0,0.0,2.0,1.0,1.0,A01
201400028170,0,7,0,0.0,1.0,3.0,1.0,A01
201400028171,0,7,0,0.0,1.0,2.0,16.0,A01
201400028172,0,7,0,0.0,2.0,3.0,19.0,A01
201400028172,0,2,0,0.0,2.0,1.0,1.0,B01
201400028173,0,7,0,0.0,2.0,7.0,15.0,B01
201400028173,0,7,0,0.0,2.0,1.0,1.0,A01
201400028174,0,7,0,0.0,1.0,2.0,1.0,A01
201400028175,0,10,0,0.0,2.0,3.0,2.0,B01
201400028175,0,7,0,8.0,2.0,7.0,14.0,A01
201400028175,0,10,0,0.0,2.0,6.0,2.0,C01
201400028176,0,7,0,0.0,2.0,7.0,15.0,A01
201400028176,0,2,0,0.0,2.0,1.0,1.0,B01
201400028177,0,40,33,0.0,1.0,1.0,1.0,A01
201400028178,0,33,0,8.0,0.0,1.0,18.0,A01
201400028179,0,7,0,0.0,2.0,4.0,2.0,B01
201400028179,0,10,0,0.0,2.0,3.0,2.0,A01
201400028180,0,7,0,0.0,2.0,1.0,19.0,A01
201400028180,0,7,0,0.0,2.0,8.0,1.0,B01
201400028181,0,10,0,0.0,1.0,2.0,1.0,A01
201400028182,0,32,0,0.0,2.0,0.0,0.0,B01
201400028182,0,10,0,0.0,2.0,0.0,0.0,A01
201400028183,0,1,0,0.0,2.0,1.0,0.0,B01
201400028183,0,10,0,0.0,2.0,1.0,0.0,A01
201400028184,1,99,0,0.0,1.0,2.0,0.0,Z01
201400028185,0,10,0,0.0,2.0,3.0,0.0,B01
201400028185,0,10,0,0.0,2.0,3.0,0.0,A01
201400028186,0,7,0,13.0,0.0,9.0,2.0,A01
201400028187,0,30,0,0.0,2.0,1.0,1.0,B01
201400028187,0,7,0,15.0,2.0,1.0,13.0,A01
201400028188,0,7,0,0.0,0.0,3.0,1.0,C01
201400028188,0,7,0,0.0,2.0,2.0,9.0,A01
201400028188,0,7,0,0.0,2.0,0.0,1.0,B01
201400028189,1,7,0,0.0,2.0,7.0,18.0,B01
201400028189,0,2,0,0.0,2.0,7.0,9.0,A01
201400028190,0,30,0,0.0,0.0,1.0,1.0,B01
201400028190,0,7,0,0.0,2.0,3.0,15.0,A01
201400028191,0,33,0,9.0,0.0,0.0,1.0,A01
201400028192,0,31,0,0.0,2.0,1.0,1.0,A01
201400028192,0,7,0,0.0,0.0,7.0,15.0,B01
201400028193,0,1,0,0.0,2.0,7.0,1.0,B01
201400028193,0,7,0,0.0,2.0,0.0,9.0,A01
201400028194,0,7,0,0.0,1.0,4.0,20.0,A01
201400028195,0,33,0,0.0,2.0,1.0,1.0,A01
201400028195,0,7,0,0.0,0.0,8.0,15.0,B01
201400028196,0,1,0,0.0,2.0,1.0,1.0,B01
201400028196,0,7,0,0.0,9.0,1.0,15.0,A01
201400028197,0,7,0,0.0,1.0,7.0,1.0,A01
201400028198,0,7,0,0.0,1.0,5.0,20.0,A01
201400028199,0,33,0,0.0,0.0,0.0,1.0,A01
201400028200,0,33,0,3.0,0.0,0.0,1.0,A01
201400028201,0,30,0,0.0,0.0,0.0,1.0,A01
201400028202,0,7,0,0.0,1.0,1.0,15.0,A01
201400028203,0,7,0,0.0,2.0,5.0,12.0,A01
201400028203,0,34,0,0.0,0.0,8.0,1.0,B01
201400028204,0,3,0,1.0,0.0,1.0,13.0,B01
201400028204,0,7,0,0.0,0.0,3.0,23.0,A01
201400028205,0,2,0,0.0,2.0,1.0,1.0,A01
201400028205,0,7,0,0.0,0.0,4.0,1.0,B01
201400028206,0,31,0,1.0,0.0,8.0,1.0,A01
201400028207,0,7,0,0.0,2.0,1.0,1.0,B01
201400028207,0,2,0,0.0,2.0,7.0,1.0,A01
201400028208,0,2,0,14.0,0.0,1.0,1.0,A01
201400028208,0,7,0,0.0,0.0,6.0,23.0,B01
201400028209,0,7,0,0.0,2.0,1.0,1.0,A01
201400028209,0,7,0,0.0,2.0,3.0,15.0,B01
201400028210,0,7,0,0.0,2.0,7.0,15.0,B01
201400028210,0,33,0,0.0,2.0,1.0,1.0,A01
201400028211,0,7,0,0.0,2.0,1.0,1.0,B01
201400028211,0,1,0,0.0,2.0,1.0,1.0,A01
201400028212,0,7,0,0.0,1.0,3.0,15.0,A01
201400028213,0,7,0,0.0,2.0,1.0,13.0,A01
201400028213,0,7,0,0.0,2.0,1.0,1.0,B01
201400028214,0,7,0,0.0,2.0,7.0,16.0,B01
201400028214,0,33,0,8.0,2.0,1.0,18.0,A01
201400028215,0,7,0,0.0,2.0,1.0,13.0,A01
201400028215,0,7,0,0.0,2.0,1.0,1.0,B01
201400028216,0,1,0,0.0,2.0,1.0,19.0,A01