Num_Acc,senc,catv,occutc,obs,obsm,choc,manv,num_veh
201400028216,0,7,0,0.0,2.0,7.0,1.0,B01
201400028217,0,7,0,0.0,2.0,4.0,1.0,B01
201400028217,0,7,0,0.0,2.0,1.0,1.0,A01
201400028217,0,33,0,0.0,2.0,1.0,5.0,C01
201400028218,0,7,0,0.0,1.0,4.0,4.0,A01
201400028219,0,7,0,0.0,2.0,0.0,15.0,B01
201400028219,0,33,0,0.0,2.0,0.0,2.0,A01
201400028220,0,30,0,0.0,2.0,8.0,13.0,A01
201400028220,0,7,0,0.0,2.0,3.0,1.0,B01
201400028221,0,33,0,13.0,0.0,1.0,1.0,A01
201400028222,0,1,0,1.0,9.0,1.0,1.0,B01
201400028222,0,7,0,0.0,2.0,8.0,0.0,A01
201400028223,0,7,0,0.0,2.0,3.0,9.0,A01
201400028223,0,2,0,0.0,2.0,1.0,2.0,B01
201400028224,0,33,0,0.0,2.0,1.0,17.0,A01
201400028224,0,7,0,0.0,2.0,3.0,1.0,B01
201400028225,0,1,0,0.0,2.0,0.0,1.0,B01
201400028225,0,7,0,0.0,9.0,0.0,1.0,A01
201400028226,0,7,0,0.0,1.0,1.0,1.0,A01
201400028227,0,14,0,0.0,2.0,7.0,1.0,B01
201400028227,0,7,0,0.0,2.0,3.0,1.0,A01
201400028228,0,7,0,0.0,2.0,5.0,9.0,A01
201400028228,0,1,0,0.0,2.0,1.0,1.0,B01
201400028229,0,7,0,0.0,2.0,7.0,15.0,A01
201400028229,0,30,0,0.0,2.0,1.0,1.0,B01
201400028230,0,7,0,0.0,2.0,1.0,1.0,A01
201400028230,0,1,0,0.0,2.0,4.0,1.0,B01
201400028231,0,7,0,0.0,0.0,5.0,15.0,A01
201400028231,0,33,0,0.0,0.0,1.0,1.0,B01
201400028232,0,7,0,0.0,2.0,2.0,15.0,A01
201400028232,0,7,0,0.0,2.0,1.0,1.0,B01
201400028233,0,7,0,0.0,1.0,1.0,1.0,A01
201400028234,0,7,0,0.0,1.0,1.0,1.0,A01
201400028235,0,7,0,13.0,0.0,8.0,19.0,A01
201400028236,0,7,0,0.0,1.0,2.0,1.0,A01
201400028237,0,7,0,0.0,1.0,1.0,1.0,A01
201400028238,0,7,0,0.0,2.0,8.0,9.0,A01
201400028238,0,1,0,0.0,2.0,1.0,1.0,B01
201400028239,0,33,0,0.0,2.0,1.0,1.0,A01
201400028239,0,7,0,0.0,2.0,5.0,15.0,B01
201400028240,0,7,0,2.0,0.0,1.0,17.0,A01
201400028241,0,7,0,1.0,1.0,2.0,13.0,A01
201400028241,0,20,0,0.0,2.0,0.0,23.0,C01
201400028242,0,7,0,0.0,0.0,3.0,15.0,B01
201400028242,0,31,0,15.0,2.0,1.0,17.0,A01
201400028243,0,1,0,0.0,2.0,1.0,1.0,A01
201400028243,0,7,0,0.0,2.0,1.0,1.0,B01
201400028244,2,7,0,13.0,0.0,3.0,0.0,A01
201400028245,0,7,0,0.0,2.0,9.0,2.0,A01
201400028245,0,7,0,0.0,2.0,3.0,15.0,B01
201400028246,0,33,0,0.0,1.0,2.0,0.0,A01
201400028247,0,7,0,0.0,2.0,1.0,15.0,A01
201400028247,0,34,0,0.0,2.0,1.0,0.0,B01
201400028248,0,7,0,15.0,1.0,7.0,0.0,A01
201400028249,0,7,0,0.0,2.0,1.0,13.0,A01
201400028249,0,7,0,0.0,2.0,1.0,1.0,B01
201400028250,0,2,0,0.0,2.0,3.0,0.0,A01
201400028250,0,7,0,0.0,2.0,0.0,0.0,B01
201400028251,0,7,0,3.0,2.0,3.0,1.0,B01
201400028251,0,7,0,0.0,2.0,6.0,13.0,A01
201400028252,0,7,0,0.0,2.0,3.0,1.0,C01
201400028252,0,2,0,0.0,2.0,1.0,1.0,A01
201400028252,0,7,0,0.0,0.0,0.0,1.0,B01
201400028253,0,7,0,0.0,1.0,2.0,1.0,A01
201400028254,0,7,0,0.0,1.0,3.0,1.0,A01
201400028255,0,7,0,0.0,1.0,2.0,16.0,A01
201400028256,0,7,0,0.0,2.0,3.0,13.0,A01
201400028256,0,7,0,0.0,2.0,1.0,1.0,B01
201400028256,0,7,0,0.0,2.0,2.0,1.0,C01
201400028257,0,7,0,0.0,2.0,1.0,13.0,A01
201400028257,0,7,0,0.0,2.0,1.0,1.0,B01
201400028258,0,7,0,0.0,1.0,2.0,1.0,A01
201400028259,0,10,0,0.0,1.0,1.0,1.0,A01
201400028260,0,7,0,0.0,2.0,7.0,15.0,A01
201400028260,0,7,0,0.0,2.0,1.0,1.0,B01
201400028260,0,7,0,0.0,2.0,4.0,1.0,C01
201400028261,0,1,0,0.0,2.0,1.0,1.0,A01
201400028261,0,7,0,0.0,2.0,2.0,1.0,B01
201400028262,0,7,0,0.0,2.0,1.0,15.0,A01
201400028262,0,7,0,0.0,2.0,1.0,1.0,B01
201400028263,0,7,0,0.0,2.0,2.0,0.0,B01
201400028263,0,30,0,0.0,2.0,8.0,15.0,A01
201400028264,0,7,0,0.0,1.0,1.0,1.0,A01
201400028265,1,7,0,14.0,0.0,3.0,1.0,A01
201400028265,0,7,0,0.0,9.0,3.0,23.0,B01
201400028266,0,7,0,0.0,2.0,1.0,0.0,A01
201400028266,0,7,0,0.0,2.0,4.0,0.0,B01
201400028267,0,7,0,0.0,2.0,3.0,10.0,A01
201400028267,0,2,0,0.0,2.0,1.0,1.0,B01
201400028268,0,7,0,0.0,1.0,3.0,1.0,A01
201400028269,0,7,0,0.0,2.0,2.0,15.0,A01
201400028269,0,2,0,0.0,2.0,1.0,1.0,B01
201400028270,0,30,0,0.0,1.0,4.0,23.0,B01
201400028270,0,7,0,0.0,2.0,1.0,1.0,A01
201400028271,0,7,0,0.0,2.0,1.0,2.0,A01
201400028271,0,7,0,0.0,2.0,4.0,2.0,B01
201400028271,0,7,0,0.0,2.0,4.0,23.0,C01
201400028272,0,7,0,0.0,2.0,1.0,1.0,C01
201400028272,0,14,0,0.0,2.0,6.0,1.0,B01
201400028272,0,7,0,0.0,2.0,1.0,17.0,A01
201400028273,0,7,0,0.0,2.0,3.0,15.0,A01
201400028273,0,2,0,0.0,2.0,1.0,1.0,B01
201400028274,0,7,0,0.0,2.0,3.0,10.0,A01
201400028274,0,30,0,0.0,2.0,1.0,1.0,B01
201400028275,0,7,0,0.0,0.0,6.0,1.0,B01
201400028275,0,31,0,0.0,2.0,1.0,2.0,A01
201400028276,0,7,0,0.0,2.0,1.0,1.0,A01
201400028276,0,1,0,0.0,0.0,8.0,19.0,B01
201400028277,0,3,0,0.0,1.0,1.0,1.0,A01
201400028278,0,2,0,0.0,2.0,1.0,1.0,A01
201400028278,0,7,0,0.0,2.0,5.0,1.0,B01
201400028279,0,7,0,0.0,9.0,0.0,0.0,A01
201400028279,0,1,0,0.0,0.0,0.0,0.0,B01
201400028280,0,7,0,8.0,1.0,2.0,14.0,A01
201400028281,0,1,0,0.0,1.0,0.0,0.0,A01
201400028282,0,7,0,0.0,0.0,1.0,0.0,A01
201400028283,0,2,0,0.0,0.0,0.0,1.0,A01
201400028284,0,7,0,0.0,2.0,1.0,1.0,A01
201400028284,0,7,0,0.0,2.0,4.0,1.0,B01
201400028285,0,7,0,0.0,9.0,8.0,0.0,A01
201400028285,0,1,0,0.0,0.0,8.0,15.0,B01
201400028286,0,7,0,0.0,9.0,8.0,0.0,B01
201400028286,0,7,0,0.0,0.0,8.0,0.0,A01
201400028287,0,7,0,0.0,1.0,0.0,0.0,A01
201400028288,0,7,0,0.0,2.0,3.0,16.0,A01
201400028288,0,7,0,0.0,2.0,2.0,1.0,B01
201400028289,0,7,0,0.0,2.0,7.0,16.0,A01
201400028289,0,1,0,0.0,2.0,1.0,16.0,B01
201400028290,0,30,0,0.0,9.0,7.0,1.0,A01
201400028290,0,7,0,0.0,0.0,2.0,9.0,B01
201400028291,0,2,0,0.0,0.0,7.0,0.0,A01
201400028292,0,7,0,14.0,0.0,1.0,0.0,A01
201400028292,0,7,0,0.0,2.0,7.0,0.0,B01
201400028293,0,7,0,0.0,2.0,1.0,9.0,A01
201400028293,0,1,0,0.0,2.0,2.0,1.0,B01
201400028294,0,7,0,0.0,1.0,1.0,0.0,A01
201400028295,0,7,0,0.0,1.0,1.0,0.0,A01
201400028296,0,7,0,0.0,2.0,3.0,0.0,A01
201400028296,0,7,0,0.0,2.0,6.0,0.0,B01
201400028297,0,7,0,0.0,2.0,1.0,2.0,A01
201400028297,0,7,0,0.0,2.0,4.0,1.0,B01
201400028297,0,7,0,0.0,2.0,4.0,1.0,C01
201400028297,0,7,0,0.0,2.0,4.0,1.0,D01
201400028298,0,30,0,0.0,2.0,1.0,1.0,B01
201400028298,0,7,0,0.0,2.0,3.0,15.0,A01
201400028299,0,7,0,0.0,2.0,3.0,1.0,A01
201400028299,0,7,0,0.0,2.0,2.0,1.0,B01
201400028300,0,7,0,0.0,2.0,6.0,2.0,A01
201400028300,0,33,0,0.0,0.0,7.0,2.0,B01
201400028301,0,7,0,0.0,2.0,2.0,0.0,A01
201400028301,0,1,0,0.0,2.0,8.0,15.0,B01
201400028302,0,7,0,0.0,1.0,0.0,1.0,A01
201400028303,0,7,0,0.0,1.0,3.0,15.0,A01
201400028304,0,1,0,0.0,1.0,1.0,0.0,A01
201400028305,0,7,0,0.0,2.0,3.0,16.0,A01
201400028305,0,7,0,0.0,2.0,2.0,2.0,B01
201400028306,0,7,0,0.0,1.0,1.0,0.0,A01
201400028307,0,7,0,0.0,1.0,1.0,0.0,A01
201400028308,0,7,0,0.0,2.0,1.0,2.0,A01
201400028308,0,7,0,0.0,2.0,4.0,2.0,B01
201400028309,0,7,0,0.0,1.0,3.0,1.0,A01
201400028310,0,7,0,6.0,0.0,1.0,1.0,A01
201400028311,0,7,0,8.0,9.0,3.0,0.0,A01
201400028312,0,7,0,2.0,9.0,1.0,1.0,A01
201400028313,0,7,0,0.0,0.0,9.0,0.0,A01
201400028314,0,30,0,0.0,2.0,2.0,21.0,A01
201400028314,0,14,0,0.0,2.0,3.0,15.0,B01
201400028315,0,1,0,0.0,2.0,1.0,15.0,A01
201400028315,0,7,0,0.0,2.0,3.0,1.0,B01
201400028315,0,7,0,0.0,2.0,6.0,1.0,C01
201400028316,0,7,0,0.0,9.0,3.0,0.0,A01
201400028316,0,31,0,0.0,2.0,1.0,0.0,B01
201400028317,0,7,0,0.0,2.0,7.0,1.0,A01
201400028317,0,7,0,0.0,2.0,1.0,1.0,B01
201400028318,0,7,0,0.0,9.0,2.0,9.0,A01
201400028318,0,2,0,0.0,2.0,1.0,1.0,B01
201400028319,0,7,0,0.0,2.0,3.0,11.0,A01
201400028319,0,14,0,0.0,2.0,2.0,1.0,B01
201400028320,0,7,0,0.0,2.0,5.0,15.0,A01
201400028320,0,7,0,0.0,2.0,1.0,1.0,B01
201400028321,0,37,1,1.0,1.0,2.0,0.0,A01
201400028322,0,33,0,6.0,0.0,1.0,0.0,A01
201400028323,0,7,0,0.0,1.0,2.0,0.0,A01
201400028324,0,7,0,0.0,2.0,8.0,0.0,A01
201400028324,0,2,0,0.0,2.0,1.0,0.0,B01
201400028325,0,7,0,3.0,0.0,1.0,1.0,A01
201400028326,0,7,0,0.0,2.0,2.0,0.0,A01
201400028326,0,7,0,0.0,2.0,6.0,0.0,B01
201400028327,0,7,0,3.0,0.0,1.0,0.0,A01
201400028328,0,7,0,0.0,1.0,2.0,0.0,A01
201400028329,0,32,0,0.0,2.0,1.0,1.0,A01
201400028329,0,7,0,0.0,2.0,4.0,16.0,B01
201400028330,0,7,0,0.0,2.0,3.0,0.0,A01
201400028330,0,7,0,0.0,2.0,4.0,15.0,B01
201400028331,0,33,0,0.0,1.0,1.0,1.0,A01
201400028332,0,7,0,0.0,2.0,1.0,5.0,A01
201400028332,0,7,0,0.0,2.0,3.0,1.0,B01
201400028332,0,7,0,0.0,2.0,7.0,1.0,C01
201400028333,0,1,0,0.0,2.0,1.0,1.0,A01
201400028333,0,1,0,0.0,2.0,4.0,1.0,B01
201400028334,0,7,0,0.0,1.0,3.0,1.0,A01
201400028335,0,7,0,6.0,0.0,1.0,19.0,A01
201400028336,0,7,0,0.0,1.0,1.0,17.0,A01
201400028337,0,7,0,0.0,2.0,1.0,2.0,A01
201400028337,0,7,0,0.0,2.0,5.0,1.0,B01
201400028337,0,7,0,0.0,2.0,5.0,1.0,C01
201400028338,0,7,0,0.0,1.0,8.0,0.0,A01
201400028339,0,7,0,0.0,2.0,3.0,0.0,A01
201400028339,0,7,0,0.0,2.0,3.0,16.0,B01
201400028340,0,7,0,0.0,9.0,8.0,9.0,A01
201400028340,0,1,0,0.0,2.0,1.0,9.0,B01
201400028341,0,1,0,0.0,1.0,7.0,1.0,A01
201400028342,0,2,0,0.0,0.0,0.0,1.0,A01
201400028343,0,7,0,0.0,2.0,2.0,1.0,B01
201400028343,0,1,0,0.0,2.0,1.0,15.0,A01
201400028344,0,7,0,0.0,2.0,1.0,2.0,A01
201400028344,0,7,0,0.0,2.0,4.0,2.0,B01
201400028345,0,7,0,0.0,1.0,1.0,0.0,A01
201400028346,0,7,0,0.0,2.0,2.0,0.0,A01
201400028346,0,7,0,0.0,0.0,5.0,11.0,B01
201400028347,0,7,0,8.0,0.0,1.0,0.0,A01
201400028348,0,32,0,16.0,0.0,3.0,1.0,A01
201400028349,0,7,0,6.0,2.0,1.0,2.0,A01
201400028349,0,7,0,9.0,2.0,4.0,2.0,B01
201400028349,0,7,0,0.0,2.0,4.0,2.0,C01
201400028349,0,7,0,0.0,0.0,4.0,2.0,D01
201400028350,0,7,0,0.0,1.0,1.0,1.0,A01
201400028351,0,7,0,0.0,2.0,1.0,2.0,A01
201400028351,0,7,0,0.0,0.0,4.0,2.0,B01
201400028352,0,7,0,0.0,2.0,2.0,1.0,B01
201400028352,0,1,0,0.0,2.0,1.0,9.0,A01
201400028353,0,7,0,0.0,2.0,7.0,1.0,B01
201400028353,0,2,0,0.0,2.0,1.0,9.0,A01
201400028354,0,7,0,0.0,2.0,1.0,1.0,B01
201400028354,0,7,0,0.0,2.0,2.0,15.0,A01
201400028355,0,33,0,0.0,2.0,1.0,1.0,B01
201400028355,0,7,0,0.0,2.0,7.0,15.0,A01
201400028356,0,30,0,0.0,5.0,8.0,1.0,A01
201400028357,0,1,0,0.0,1.0,1.0,0.0,A01
201400028358,0,7,0,0.0,1.0,5.0,0.0,A01
201400028359,0,1,0,0.0,0.0,0.0,0.0,A01
201400028360,0,7,0,0.0,2.0,1.0,2.0,A01
201400028360,0,7,0,0.0,2.0,4.0,2.0,B01
201400028361,0,7,0,0.0,2.0,1.0,2.0,A01
201400028361,0,7,0,0.0,2.0,4.0,15.0,B01
201400028362,0,7,0,0.0,2.0,5.0,15.0,B01
201400028362,0,7,0,0.0,2.0,2.0,2.0,A01
201400028363,0,2,0,0.0,2.0,1.0,0.0,A01
201400028363,0,7,0,0.0,2.0,7.0,0.0,B01
201400028364,0,7,0,0.0,2.0,2.0,2.0,A01
201400028364,0,7,0,0.0,0.0,6.0,2.0,B01
201400028365,0,7,0,0.0,0.0,1.0,0.0,A01
201400028366,0,7,0,0.0,2.0,3.0,0.0,A01
201400028366,0,2,0,0.0,2.0,7.0,0.0,B01
201400028367,0,7,0,0.0,1.0,3.0,2.0,A01
201400028368,0,7,0,0.0,2.0,3.0,0.0,A01
201400028368,0,1,0,0.0,2.0,1.0,0.0,B01
201400028369,0,7,0,0.0,2.0,7.0,0.0,A01
201400028369,0,3,0,0.0,2.0,1.0,0.0,B01
201400028370,0,7,0,0.0,2.0,8.0,9.0,A01
201400028370,0,2,0,0.0,0.0,0.0,2.0,B01
201400028371,0,7,0,0.0,1.0,6.0,1.0,A01
201400028372,0,7,0,0.0,0.0,4.0,1.0,A01
201400028372,0,7,0,0.0,2.0,1.0,1.0,B01
201400028373,0,7,0,0.0,1.0,2.0,2.0,A01
201400028374,2,7,0,0.0,0.0,1.0,2.0,A01
201400028374,0,30,0,0.0,2.0,4.0,2.0,B01
201400028374,0,2,0,0.0,0.0,1.0,2.0,C01
201400028375,0,7,0,0.0,0.0,0.0,1.0,A01
201400028376,0,7,0,0.0,0.0,0.0,1.0,A01
201400028377,0,1,0,1.0,0.0,1.0,1.0,A01
201400028378,0,7,0,0.0,1.0,3.0,15.0,A01
201400028379,0,7,0,0.0,1.0,1.0,16.0,A01
201400028380,0,7,0,0.0,2.0,0.0,1.0,A01
201400028380,0,1,0,0.0,2.0,0.0,1.0,B01
201400028381,0,7,0,0.0,2.0,0.0,15.0,A01
201400028381,0,1,0,0.0,2.0,0.0,0.0,B01
201400028382,0,7,0,0.0,2.0,6.0,10.0,A01
201400028382,0,33,0,0.0,2.0,1.0,1.0,B01
201400028383,0,7,0,0.0,2.0,0.0,15.0,A01
201400028383,0,2,0,0.0,2.0,0.0,1.0,B01
201400028384,1,7,0,0.0,1.0,1.0,1.0,Z01
201400028385,0,7,0,0.0,1.0,4.0,20.0,A01
201400028386,0,7,0,0.0,2.0,2.0,21.0,A01
201400028386,0,7,0,4.0,2.0,9.0,1.0,B01
201400028387,0,7,0,0.0,2.0,1.0,1.0,A01
201400028387,0,1,0,0.0,2.0,0.0,1.0,B01
201400028388,0,2,0,0.0,1.0,1.0,1.0,A01
201400028389,0,7,0,0.0,2.0,2.0,14.0,A01
201400028389,0,7,0,0.0,2.0,3.0,1.0,B01
201400028390,0,1,0,1.0,0.0,1.0,1.0,A01
201400028391,0,1,0,0.0,1.0,1.0,1.0,A01
201400028392,0,7,0,0.0,2.0,1.0,1.0,B01
201400028392,0,3,0,0.0,2.0,1.0,1.0,A01
201400028393,0,7,0,0.0,2.0,1.0,1.0,A01
201400028393,0,7,0,0.0,2.0,4.0,0.0,B01
201400028394,0,7,0,0.0,2.0,0.0,1.0,A01
201400028394,0,1,0,0.0,2.0,0.0,1.0,B01
201400028395,0,7,0,0.0,2.0,3.0,16.0,A01
201400028395,0,2,0,0.0,2.0,1.0,1.0,B01
201400028396,0,7,0,0.0,2.0,3.0,15.0,A01
201400028396,0,1,0,0.0,2.0,8.0,1.0,B01
201400028397,0,7,0,0.0,2.0,4.0,1.0,A01
201400028397,0,2,0,0.0,2.0,1.0,1.0,B01
201400028398,0,7,0,0.0,2.0,1.0,1.0,A01
201400028398,0,7,0,0.0,2.0,4.0,1.0,C01
201400028398,0,7,0,0.0,2.0,4.0,1.0,B01
201400028399,0,7,0,0.0,2.0,4.0,1.0,B01
201400028399,0,32,0,0.0,2.0,1.0,1.0,A01
201400028400,0,7,0,0.0,2.0,1.0,1.0,A01
201400028400,0,7,0,0.0,2.0,4.0,1.0,B01
201400028400,0,7,0,0.0,2.0,4.0,1.0,C01
201400028401,0,7,0,0.0,2.0,1.0,1.0,A01
201400028401,0,7,0,0.0,2.0,4.0,1.0,B01
201400028402,0,7,0,0.0,2.0,1.0,1.0,A01
201400028402,0,7,0,0.0,2.0,4.0,1.0,B01
201400028403,0,7,0,0.0,2.0,3.0,20.0,A01
201400028403,0,7,0,0.0,2.0,1.0,1.0,B01
201400028404,0,1,0,0.0,5.0,1.0,1.0,A01
201400028405,0,7,0,0.0,2.0,8.0,1.0,A01
201400028405,0,7,0,0.0,2.0,3.0,1.0,B01
201400028406,0,7,0,0.0,1.0,1.0,1.0,A01
201400028407,0,7,0,0.0,2.0,1.0,15.0,A01
201400028407,0,7,0,0.0,2.0,1.0,1.0,B01
201400028408,0,1,0,0.0,0.0,0.0,0.0,A01
201400028409,0,7,0,0.0,1.0,0.0,0.0,A01
201400028410,0,7,0,0.0,2.0,3.0,1.0,B01
201400028410,0,7,0,0.0,2.0,1.0,15.0,A01
201400028411,0,7,0,0.0,2.0,1.0,1.0,A01
201400028411,0,1,0,0.0,2.0,0.0,1.0,B01
201400028412,0,7,0,0.0,2.0,8.0,22.0,A01
201400028412,0,1,0,0.0,2.0,0.0,1.0,B01
201400028413,0,7,0,0.0,2.0,0.0,1.0,A01
201400028413,0,1,0,0.0,2.0,0.0,1.0,B01
201400028414,0,7,0,0.0,1.0,2.0,0.0,A01
201400028415,0,7,0,0.0,2.0,4.0,14.0,A01
201400028415,0,2,0,0.0,2.0,1.0,1.0,B01
201400028416,0,7,0,0.0,1.0,1.0,1.0,A01
201400028417,0,7,0,0.0,2.0,1.0,1.0,A01
201400028417,0,1,0,0.0,2.0,0.0,15.0,B01
201400028418,0,7,0,0.0,2.0,3.0,16.0,A01
201400028418,0,1,0,0.0,2.0,0.0,1.0,B01
201400028419,0,7,0,0.0,2.0,8.0,15.0,A01
201400028419,0,7,0,0.0,2.0,1.0,1.0,B01
201400028420,0,7,0,0.0,2.0,8.0,16.0,A01
201400028420,0,2,0,0.0,2.0,7.0,1.0,B01
201400028421,0,7,0,0.0,2.0,1.0,1.0,A01
201400028421,0,7,0,0.0,2.0,4.0,1.0,B01
201400028421,0,7,0,0.0,2.0,4.0,1.0,C01
201400028422,0,7,0,0.0,1.0,1.0,1.0,A01
201400028423,0,7,0,0.0,1.0,6.0,1.0,A01
201400028424,0,7,0,0.0,0.0,0.0,15.0,A01
201400028424,0,33,0,0.0,0.0,0.0,1.0,B01
201400028425,0,7,0,0.0,2.0,4.0,11.0,A01
201400028425,0,7,0,0.0,2.0,1.0,1.0,B01
201400028426,0,7,0,0.0,2.0,1.0,16.0,A01
201400028426,0,7,0,0.0,2.0,5.0,1.0,B01
201400028427,0,1,0,0.0,1.0,0.0,1.0,A01
201400028428,0,7,0,0.0,2.0,3.0,23.0,B01
201400028428,0,2,0,0.0,2.0,1.0,16.0,A01
201400028429,0,7,0,9.0,0.0,1.0,1.0,A01
201400028430,0,2,0,0.0,2.0,1.0,1.0,A01
201400028430,0,7,0,0.0,2.0,1.0,1.0,B01
201400028431,0,7,0,0.0,2.0,1.0,15.0,A01
201400028431,0,2,0,0.0,2.0,0.0,1.0,B01
201400028432,0,15,0,0.0,2.0,3.0,11.0,A01
201400028432,0,37,1,0.0,2.0,2.0,17.0,B01
201400028433,0,7,0,0.0,2.0,8.0,1.0,A01
201400028433,0,2,0,0.0,2.0,7.0,1.0,B01
201400028434,0,7,0,0.0,2.0,1.0,1.0,A01
201400028434,0,1,0,0.0,2.0,0.0,19.0,B01
201400028435,0,7,0,0.0,2.0,1.0,1.0,A01
201400028435,0,7,0,0.0,2.0,4.0,1.0,B01
201400028435,0,7,0,0.0,0.0,4.0,1.0,C01
201400028436,0,33,0,0.0,0.0,0.0,1.0,A01
201400028437,0,2,0,0.0,2.0,1.0,1.0,A01
201400028437,0,7,0,0.0,2.0,1.0,1.0,B01
201400028438,0,7,0,0.0,2.0,4.0,1.0,B01
201400028438,0,2,0,0.0,2.0,1.0,1.0,A01
201400028439,0,7,0,0.0,2.0,0.0,16.0,A01
201400028439,0,37,2,0.0,2.0,0.0,1.0,B01
201400028440,0,7,0,0.0,2.0,1.0,15.0,A01
201400028440,0,2,0,0.0,2.0,8.0,1.0,B01
201400028441,0,2,0,0.0,2.0,1.0,1.0,A01
201400028441,0,1,0,0.0,2.0,1.0,1.0,B01
201400028442,0,7,0,0.0,2.0,1.0,1.0,A01
201400028442,0,7,0,0.0,2.0,4.0,1.0,B01
201400028443,0,7,0,0.0,2.0,3.0,15.0,A01
201400028443,0,2,0,0.0,2.0,0.0,1.0,B01
201400028444,0,7,0,0.0,2.0,3.0,15.0,A01
201400028444,0,2,0,0.0,2.0,1.0,1.0,B01
201400028445,0,7,0,0.0,2.0,0.0,1.0,A01
201400028445,0,7,0,0.0,2.0,0.0,1.0,B01
201400028446,0,7,0,0.0,2.0,3.0,15.0,A01
201400028446,0,1,0,0.0,2.0,0.0,1.0,B01
201400028447,0,2,0,0.0,2.0,7.0,1.0,B01
201400028447,0,7,0,0.0,2.0,1.0,15.0,A01
201400028448,0,2,0,0.0,2.0,1.0,1.0,A01
201400028448,0,7,0,0.0,2.0,4.0,1.0,B01
201400028449,0,7,0,0.0,1.0,2.0,0.0,A01
201400028450,0,2,0,0.0,0.0,0.0,1.0,A01
201400028451,0,2,0,2.0,0.0,7.0,1.0,A01
201400028452,0,33,0,0.0,0.0,0.0,0.0,A01
201400028453,0,7,0,0.0,2.0,2.0,1.0,B01
201400028453,0,2,0,0.0,2.0,1.0,15.0,A01
201400028454,0,7,0,4.0,0.0,1.0,1.0,A01
201400028455,0,7,0,0.0,0.0,8.0,1.0,A01
201400028456,0,7,0,1.0,1.0,2.0,1.0,A01
201400028457,0,7,0,0.0,9.0,3.0,22.0,A01
201400028457,0,1,0,1.0,0.0,1.0,1.0,B01
201400028458,0,7,0,0.0,2.0,1.0,1.0,A01
201400028458,0,7,0,0.0,2.0,4.0,0.0,B01
201400028459,0,31,0,0.0,0.0,0.0,1.0,A01
201400028460,0,7,0,0.0,2.0,0.0,0.0,A01
201400028461,0,7,0,0.0,2.0,1.0,1.0,A01
201400028461,0,7,0,0.0,2.0,2.0,1.0,B01
201400028462,0,2,0,0.0,2.0,1.0,15.0,A01
201400028462,0,7,0,0.0,2.0,1.0,1.0,B01
201400028463,0,2,0,0.0,0.0,0.0,1.0,A01
201400028464,1,2,0,0.0,2.0,1.0,1.0,A01
201400028464,0,7,0,0.0,2.0,7.0,15.0,B01
201400028465,0,7,0,0.0,2.0,8.0,22.0,A01
201400028465,0,1,0,1.0,0.0,7.0,1.0,B01
201400028465,0,7,0,0.0,2.0,1.0,1.0,C01
201400028466,0,7,0,0.0,1.0,1.0,1.0,A01
201400028467,0,33,0,0.0,2.0,1.0,1.0,A01
201400028467,0,7,0,0.0,2.0,4.0,1.0,B01
201400028468,0,7,0,0.0,2.0,2.0,1.0,A01
201400028468,0,7,0,0.0,2.0,2.0,1.0,B01
201400028468,0,7,0,0.0,2.0,4.0,1.0,C01
201400028469,0,7,0,0.0,2.0,1.0,0.0,A01
201400028469,0,7,0,0.0,2.0,1.0,12.0,B01
201400028469,0,7,0,0.0,2.0,4.0,23.0,C01
201400028470,0,32,0,0.0,2.0,1.0,1.0,A01
201400028470,0,7,0,0.0,2.0,8.0,15.0,B01
201400028471,0,7,0,0.0,1.0,1.0,1.0,A01
201400028472,0,7,0,0.0,2.0,1.0,1.0,A01
201400028472,0,7,0,0.0,2.0,4.0,1.0,B01
201400028473,0,7,0,0.0,1.0,1.0,1.0,A01
201400028474,0,1,0,0.0,0.0,1.0,0.0,A01
201400028474,0,7,0,0.0,0.0,4.0,20.0,B01
201400028475,0,2,0,0.0,0.0,1.0,0.0,A01
201400028475,0,7,0,0.0,0.0,4.0,0.0,B01
201400028476,0,14,0,0.0,2.0,1.0,1.0,A01
201400028476,0,7,0,0.0,2.0,4.0,1.0,B01
201400028476,0,14,0,0.0,2.0,4.0,1.0,C01
201400028477,0,37,5,0.0,0.0,1.0,2.0,B01
201400028477,0,7,0,0.0,0.0,1.0,15.0,A01
201400028478,0,7,0,0.0,0.0,1.0,0.0,A01
201400028478,0,7,0,0.0,0.0,4.0,0.0,B01
201400028479,0,30,0,0.0,0.0,1.0,0.0,A01
201400028479,0,7,0,0.0,2.0,4.0,0.0,B01
201400028480,0,7,0,0.0,0.0,3.0,2.0,B01
201400028480,0,10,0,0.0,0.0,1.0,15.0,A01
201400028481,0,7,0,0.0,2.0,4.0,1.0,B01
201400028481,0,7,0,0.0,2.0,4.0,1.0,C01
201400028481,1,7,0,0.0,2.0,1.0,1.0,Z01
201400028482,0,33,0,0.0,0.0,0.0,1.0,A01
201400028483,0,14,0,0.0,2.0,1.0,1.0,A01
201400028483,0,7,0,0.0,2.0,0.0,1.0,B01
201400028483,0,7,0,0.0,2.0,0.0,1.0,C01
201400028484,0,7,0,0.0,2.0,0.0,1.0,A01
201400028484,0,1,0,0.0,2.0,0.0,1.0,B01
201400028485,0,38,1,0.0,1.0,0.0,1.0,A01
201400028486,0,7,0,0.0,2.0,1.0,1.0,A01
201400028486,0,7,0,0.0,2.0,4.0,1.0,B01
201400028486,0,7,0,0.0,2.0,4.0,1.0,C01
201400028487,0,7,0,0.0,1.0,1.0,16.0,A01