Num_Acc,senc,catv,occutc,obs,obsm,choc,manv,num_veh
201400028488,0,1,0,0.0,0.0,0.0,1.0,A01
201400028489,0,2,0,0.0,0.0,0.0,0.0,A01
201400028490,0,7,0,0.0,1.0,4.0,20.0,A01
201400028491,0,7,0,0.0,0.0,3.0,16.0,A01
201400028491,0,1,0,0.0,0.0,2.0,1.0,B01
201400028492,0,30,0,0.0,0.0,8.0,2.0,B01
201400028492,0,7,0,0.0,2.0,5.0,15.0,A01
201400028493,0,7,0,0.0,0.0,7.0,1.0,A01
201400028493,0,7,0,0.0,0.0,2.0,2.0,B01
201400028494,0,7,0,0.0,0.0,5.0,2.0,A01
201400028494,0,1,0,0.0,0.0,4.0,2.0,B01
201400028495,0,1,0,0.0,0.0,0.0,1.0,A01
201400028496,0,7,0,0.0,0.0,9.0,2.0,A01
201400028497,0,34,0,0.0,0.0,1.0,0.0,B01
201400028497,0,7,0,0.0,0.0,1.0,15.0,A01
201400028498,0,7,0,0.0,0.0,0.0,0.0,A01
201400028498,0,7,0,0.0,0.0,6.0,0.0,B01
201400028499,0,7,0,0.0,0.0,3.0,16.0,A01
201400028499,0,7,0,0.0,0.0,2.0,2.0,B01
201400028500,0,7,0,0.0,0.0,1.0,0.0,A01
201400028500,0,7,0,0.0,0.0,3.0,0.0,B01
201400028501,0,7,0,0.0,0.0,7.0,2.0,A01
201400028501,0,33,0,0.0,0.0,7.0,1.0,B01
201400028502,0,30,0,0.0,0.0,1.0,2.0,A01
201400028502,0,7,0,0.0,0.0,3.0,2.0,B01
201400028503,0,7,0,0.0,0.0,1.0,24.0,A01
201400028503,0,1,0,0.0,0.0,1.0,1.0,B01
201400028504,0,7,0,0.0,0.0,1.0,2.0,A01
201400028504,0,7,0,0.0,0.0,3.0,2.0,B01
201400028505,0,2,0,0.0,0.0,0.0,1.0,A01
201400028506,0,7,0,0.0,2.0,1.0,1.0,A01
201400028506,0,7,0,0.0,2.0,4.0,1.0,B01
201400028507,0,7,0,0.0,0.0,1.0,2.0,A01
201400028508,0,7,0,0.0,0.0,1.0,1.0,A01
201400028508,0,7,0,0.0,0.0,4.0,1.0,B01
201400028509,0,1,0,0.0,0.0,0.0,1.0,B01
201400028509,0,7,0,0.0,0.0,1.0,15.0,A01
201400028510,0,7,0,0.0,1.0,1.0,1.0,A01
201400028511,0,7,0,0.0,0.0,2.0,19.0,A01
201400028511,0,7,0,0.0,0.0,1.0,1.0,B01
201400028512,0,2,0,0.0,2.0,1.0,1.0,A01
201400028512,0,7,0,0.0,2.0,4.0,1.0,B01
201400028513,0,7,0,0.0,1.0,1.0,16.0,A01
201400028514,0,7,0,0.0,9.0,1.0,1.0,A01
201400028514,0,7,0,0.0,0.0,4.0,2.0,B01
201400028515,0,7,0,0.0,2.0,7.0,1.0,A01
201400028515,0,7,0,0.0,2.0,1.0,1.0,B01
201400028516,0,7,0,0.0,0.0,1.0,1.0,A01
201400028516,0,7,0,0.0,0.0,3.0,16.0,B01
201400028517,0,1,0,0.0,2.0,0.0,1.0,A01
201400028517,0,7,0,0.0,2.0,1.0,1.0,B01
201400028518,0,7,0,0.0,1.0,1.0,1.0,A01
201400028519,0,7,0,0.0,0.0,4.0,2.0,B01
201400028519,0,31,0,0.0,0.0,1.0,15.0,A01
201400028520,0,7,0,0.0,2.0,1.0,1.0,A01
201400028520,2,7,0,0.0,0.0,2.0,0.0,Z01
201400028520,0,7,0,0.0,0.0,7.0,0.0,B01
201400028521,0,7,0,0.0,2.0,2.0,16.0,A01
201400028521,0,1,0,0.0,2.0,0.0,16.0,B01
201400028522,0,31,0,0.0,0.0,0.0,1.0,A01
201400028523,0,7,0,0.0,0.0,2.0,15.0,B01
201400028523,0,1,0,0.0,0.0,0.0,19.0,A01
201400028524,0,7,0,0.0,0.0,1.0,2.0,A01
201400028524,0,7,0,0.0,0.0,4.0,2.0,B01
201400028525,0,2,0,0.0,0.0,0.0,2.0,A01
201400028526,0,1,0,0.0,0.0,0.0,19.0,A01
201400028526,0,7,0,0.0,0.0,3.0,16.0,B01
201400028527,0,2,0,0.0,0.0,3.0,1.0,A01
201400028527,0,7,0,0.0,0.0,6.0,1.0,B01
201400028528,0,7,0,0.0,0.0,8.0,2.0,A01
201400028529,0,7,0,0.0,0.0,5.0,15.0,A01
201400028529,0,31,0,0.0,0.0,1.0,1.0,B01
201400028530,0,7,0,0.0,0.0,3.0,1.0,A01
201400028530,0,1,0,0.0,0.0,0.0,1.0,B01
201400028531,0,38,1,0.0,0.0,2.0,2.0,B01
201400028531,0,1,0,0.0,0.0,3.0,2.0,A01
201400028532,0,7,0,0.0,0.0,7.0,1.0,A01
201400028532,0,7,0,0.0,0.0,3.0,1.0,B01
201400028533,0,2,0,0.0,0.0,1.0,1.0,A01
201400028533,0,7,0,0.0,2.0,4.0,1.0,B01
201400028534,0,2,0,0.0,0.0,2.0,17.0,A01
201400028534,0,7,0,0.0,0.0,3.0,15.0,B01
201400028535,0,37,1,0.0,2.0,0.0,0.0,A01
201400028535,0,2,0,0.0,2.0,0.0,1.0,B01
201400028536,0,13,0,0.0,2.0,1.0,1.0,A01
201400028536,0,7,0,0.0,2.0,4.0,1.0,B01
201400028537,0,7,0,0.0,0.0,1.0,2.0,A01
201400028537,0,7,0,0.0,0.0,4.0,1.0,B01
201400028538,0,7,0,0.0,1.0,3.0,16.0,A01
201400028539,0,30,0,0.0,0.0,7.0,0.0,B01
201400028539,0,7,0,0.0,0.0,1.0,1.0,A01
201400028540,0,7,0,0.0,0.0,1.0,2.0,A01
201400028540,0,7,0,0.0,0.0,4.0,23.0,B01
201400028541,0,7,0,0.0,0.0,1.0,15.0,A01
201400028541,0,1,0,0.0,0.0,1.0,1.0,B01
201400028542,0,7,0,0.0,2.0,1.0,1.0,A01
201400028542,0,7,0,0.0,2.0,4.0,1.0,B01
201400028542,0,7,0,0.0,0.0,4.0,1.0,C01
201400028543,0,32,0,0.0,2.0,7.0,0.0,A01
201400028543,0,10,0,0.0,2.0,1.0,0.0,B01
201400028544,0,2,0,0.0,0.0,0.0,1.0,A01
201400028545,0,30,0,0.0,2.0,1.0,2.0,A01
201400028545,0,7,0,0.0,2.0,4.0,2.0,B01
201400028546,0,7,0,0.0,1.0,1.0,1.0,A01
201400028547,0,7,0,0.0,2.0,1.0,0.0,A01
201400028547,0,7,0,0.0,2.0,1.0,0.0,B01
201400028548,0,7,0,0.0,1.0,0.0,0.0,A01
201400028549,0,7,0,0.0,1.0,2.0,1.0,A01
201400028550,0,7,0,0.0,0.0,1.0,1.0,A01
201400028550,0,7,0,0.0,0.0,3.0,1.0,B01
201400028550,0,7,0,0.0,0.0,7.0,1.0,C01
201400028551,0,7,0,0.0,0.0,2.0,0.0,A01
201400028551,0,30,0,0.0,0.0,0.0,2.0,B01
201400028552,0,7,0,0.0,0.0,7.0,4.0,A01
201400028552,0,1,0,0.0,0.0,1.0,1.0,B01
201400028553,1,33,0,0.0,1.0,0.0,0.0,A01
201400028554,0,7,0,0.0,0.0,5.0,1.0,A01
201400028554,0,7,0,0.0,0.0,0.0,1.0,B01
201400028555,0,7,0,0.0,0.0,1.0,0.0,A01
201400028555,0,7,0,0.0,0.0,5.0,0.0,B01
201400028556,0,7,0,0.0,0.0,1.0,1.0,A01
201400028557,0,7,0,0.0,0.0,3.0,15.0,A01
201400028557,0,1,0,0.0,0.0,1.0,2.0,B01
201400028558,0,7,0,0.0,1.0,2.0,15.0,A01
201400028559,0,7,0,0.0,0.0,0.0,9.0,A01
201400028560,1,7,0,0.0,1.0,1.0,1.0,A01
201400028561,0,7,0,0.0,0.0,0.0,0.0,A01
201400028562,0,2,0,0.0,0.0,8.0,0.0,A01
201400028563,0,2,0,0.0,0.0,7.0,0.0,A01
201400028564,0,7,0,0.0,0.0,2.0,15.0,A01
201400028564,0,33,0,0.0,0.0,7.0,1.0,B01
201400028565,0,33,0,0.0,2.0,5.0,1.0,B01
201400028565,0,33,0,0.0,2.0,1.0,16.0,A01
201400028566,0,7,0,0.0,0.0,7.0,13.0,A01
201400028566,0,7,0,0.0,0.0,1.0,1.0,B01
201400028567,0,7,0,0.0,2.0,1.0,1.0,A01
201400028567,0,33,0,0.0,2.0,7.0,1.0,B01
201400028568,0,31,0,0.0,0.0,7.0,1.0,A01
201400028568,0,13,0,0.0,0.0,0.0,16.0,B01
201400028569,0,1,0,0.0,4.0,0.0,1.0,A01
201400028569,0,40,0,0.0,2.0,1.0,1.0,B01
201400028570,0,7,0,0.0,2.0,7.0,15.0,A01
201400028570,0,2,0,0.0,2.0,1.0,1.0,B01
201400028571,0,7,0,10.0,0.0,1.0,1.0,A01
201400028572,0,7,0,0.0,1.0,4.0,20.0,A01
201400028573,0,7,0,0.0,1.0,1.0,15.0,A01
201400028574,0,7,0,0.0,1.0,1.0,1.0,A01
201400028575,0,7,0,8.0,0.0,0.0,1.0,A01
201400028576,0,2,0,0.0,2.0,1.0,1.0,A01
201400028576,0,37,1,0.0,2.0,4.0,1.0,B01
201400028577,0,7,0,0.0,2.0,1.0,1.0,A01
201400028577,0,1,0,0.0,2.0,4.0,1.0,B01
201400028578,0,7,0,0.0,2.0,1.0,1.0,A01
201400028578,0,7,0,0.0,2.0,4.0,1.0,B01
201400028579,0,7,0,0.0,2.0,7.0,16.0,A01
201400028579,0,7,0,0.0,2.0,1.0,1.0,B01
201400028580,0,7,0,0.0,2.0,1.0,1.0,A01
201400028580,0,7,0,0.0,2.0,4.0,1.0,B01
201400028581,0,7,0,0.0,0.0,1.0,1.0,A01
201400028581,0,7,0,0.0,0.0,4.0,1.0,B01
201400028581,0,7,0,0.0,0.0,1.0,1.0,C01
201400028581,0,7,0,0.0,0.0,1.0,1.0,D01
201400028582,0,2,0,0.0,0.0,1.0,1.0,B01
201400028582,0,7,0,0.0,0.0,1.0,15.0,A01
201400028583,0,7,0,0.0,0.0,5.0,0.0,A01
201400028583,1,7,0,0.0,0.0,1.0,0.0,Z01
201400028584,0,7,0,0.0,1.0,1.0,15.0,A01
201400028585,0,7,0,0.0,0.0,1.0,1.0,A01
201400028585,0,7,0,0.0,0.0,4.0,1.0,B01
201400028586,0,7,0,0.0,0.0,1.0,15.0,A01
201400028586,0,2,0,0.0,0.0,1.0,1.0,B01
201400028587,0,7,0,0.0,1.0,3.0,15.0,A01
201400028588,0,7,0,0.0,0.0,2.0,1.0,A01
201400028588,0,7,0,0.0,0.0,4.0,2.0,B01
201400028588,0,7,0,0.0,0.0,0.0,2.0,C01
201400028589,0,7,0,0.0,1.0,7.0,1.0,A01
201400028590,0,7,0,0.0,1.0,0.0,1.0,A01
201400028591,0,7,0,0.0,1.0,1.0,1.0,A01
201400028592,0,1,0,0.0,1.0,0.0,17.0,A01
201400028593,0,2,0,0.0,1.0,1.0,2.0,A01
201400028594,1,7,0,0.0,0.0,1.0,1.0,A01
201400028594,0,7,0,0.0,0.0,4.0,1.0,B01
201400028595,0,7,0,0.0,0.0,1.0,0.0,A01
201400028596,0,7,0,0.0,0.0,1.0,1.0,A01
201400028596,0,7,0,0.0,0.0,4.0,1.0,B01
201400028597,0,1,0,0.0,1.0,0.0,1.0,A01
201400028598,0,7,0,0.0,1.0,0.0,15.0,A01
201400028599,0,7,0,0.0,0.0,2.0,2.0,A01
201400028599,0,1,0,0.0,0.0,6.0,1.0,B01
201400028600,0,7,0,0.0,2.0,2.0,11.0,A01
201400028600,0,7,0,0.0,2.0,1.0,1.0,B01
201400028601,0,7,0,0.0,2.0,7.0,1.0,A01
201400028601,0,32,0,0.0,2.0,1.0,1.0,B01
201400028602,0,7,0,0.0,2.0,1.0,15.0,A01
201400028602,0,7,0,0.0,2.0,1.0,1.0,B01
201400028603,0,7,0,3.0,0.0,1.0,1.0,A01
201400028604,0,32,0,0.0,2.0,2.0,1.0,A01
201400028604,0,7,0,0.0,2.0,6.0,1.0,B01
201400028605,0,7,0,0.0,2.0,1.0,2.0,A01
201400028605,0,7,0,0.0,0.0,4.0,1.0,B01
201400028606,0,2,0,0.0,1.0,1.0,1.0,A01
201400028607,0,30,0,0.0,2.0,1.0,7.0,A01
201400028607,0,7,0,0.0,2.0,4.0,16.0,B01
201400028608,0,7,0,0.0,2.0,1.0,1.0,A01
201400028608,0,7,0,0.0,2.0,5.0,1.0,B01
201400028609,0,7,0,0.0,2.0,1.0,1.0,A01
201400028609,0,30,0,0.0,2.0,6.0,1.0,B01
201400028610,0,7,0,0.0,2.0,1.0,15.0,A01
201400028610,0,7,0,0.0,2.0,1.0,1.0,B01
201400028611,0,7,0,0.0,1.0,4.0,4.0,A01
201400028612,0,2,0,0.0,2.0,1.0,1.0,B01
201400028612,0,7,0,0.0,2.0,2.0,15.0,A01
201400028613,0,7,0,14.0,0.0,1.0,1.0,A01
201400028614,0,7,0,0.0,2.0,6.0,9.0,A01
201400028614,0,30,0,0.0,2.0,7.0,1.0,B01
201400028615,0,7,0,0.0,2.0,4.0,2.0,B01
201400028615,0,7,0,0.0,2.0,1.0,2.0,A01
201400028615,0,7,0,0.0,2.0,4.0,2.0,C01
201400028616,0,7,0,0.0,2.0,2.0,1.0,A01
201400028616,0,7,0,0.0,2.0,6.0,10.0,B01
201400028617,0,38,5,0.0,1.0,1.0,1.0,A01
201400028618,0,30,0,0.0,2.0,4.0,16.0,B01
201400028618,1,7,0,0.0,2.0,2.0,0.0,A01
201400028619,0,7,0,0.0,2.0,1.0,1.0,A01
201400028619,0,7,0,0.0,2.0,7.0,13.0,B01
201400028620,0,33,0,0.0,2.0,1.0,2.0,A01
201400028620,0,7,0,0.0,9.0,1.0,1.0,B01
201400028620,0,7,0,0.0,2.0,4.0,1.0,C01
201400028621,0,33,0,0.0,0.0,8.0,1.0,A01
201400028622,0,7,0,0.0,2.0,2.0,9.0,A01
201400028622,0,1,0,0.0,2.0,8.0,2.0,B01
201400028623,0,7,0,0.0,2.0,8.0,19.0,A01
201400028623,0,2,0,0.0,2.0,1.0,1.0,B01
201400028624,0,7,0,0.0,2.0,1.0,2.0,A01
201400028624,0,7,0,0.0,2.0,4.0,23.0,B01
201400028624,0,7,0,0.0,2.0,4.0,23.0,C01
201400028624,0,10,0,0.0,2.0,4.0,23.0,D01
201400028624,0,7,0,0.0,2.0,4.0,23.0,E01
201400028625,0,7,0,0.0,2.0,1.0,16.0,A01
201400028625,0,2,0,0.0,2.0,3.0,1.0,B01
201400028626,0,7,0,6.0,0.0,1.0,14.0,A01
201400028627,0,7,0,4.0,0.0,1.0,19.0,A01
201400028628,0,7,0,0.0,1.0,1.0,15.0,A01
201400028629,0,7,0,0.0,2.0,4.0,4.0,A01
201400028629,0,30,0,0.0,2.0,1.0,1.0,B01
201400028630,0,33,0,0.0,2.0,8.0,1.0,B01
201400028630,0,7,0,0.0,2.0,1.0,1.0,A01
201400028631,0,7,0,15.0,1.0,1.0,2.0,A01
201400028631,0,7,0,0.0,2.0,4.0,23.0,B01
201400028632,0,7,0,8.0,0.0,1.0,14.0,A01
201400028633,0,10,0,0.0,2.0,3.0,9.0,A01
201400028633,0,33,0,0.0,2.0,1.0,15.0,B01
201400028634,0,33,0,0.0,0.0,1.0,15.0,A01
201400028635,0,7,0,0.0,0.0,1.0,1.0,A01
201400028635,0,31,0,0.0,2.0,1.0,16.0,B01
201400028636,0,7,0,0.0,2.0,5.0,15.0,A01
201400028636,0,2,0,0.0,2.0,1.0,1.0,B01
201400028637,0,33,0,0.0,2.0,7.0,12.0,A01
201400028637,0,7,0,0.0,2.0,3.0,1.0,B01
201400028638,0,10,0,0.0,2.0,1.0,2.0,A01
201400028638,0,7,0,0.0,2.0,4.0,23.0,B01
201400028639,0,7,0,0.0,2.0,1.0,1.0,A01
201400028639,0,7,0,0.0,2.0,4.0,23.0,B01
201400028640,0,7,0,0.0,2.0,3.0,15.0,A01
201400028640,0,30,0,0.0,2.0,7.0,17.0,B01
201400028641,0,7,0,0.0,1.0,4.0,4.0,A01
201400028642,0,7,0,0.0,2.0,7.0,16.0,A01
201400028642,0,7,0,0.0,2.0,3.0,2.0,B01
201400028643,0,10,0,0.0,2.0,2.0,16.0,A01
201400028643,0,1,0,0.0,2.0,8.0,1.0,B01
201400028644,0,10,0,0.0,2.0,1.0,1.0,A01
201400028644,0,7,0,0.0,2.0,4.0,23.0,B01
201400028644,0,7,0,0.0,0.0,4.0,23.0,C01
201400028645,0,17,0,0.0,2.0,2.0,2.0,A01
201400028645,0,7,0,0.0,2.0,4.0,1.0,B01
201400028646,0,7,0,0.0,1.0,1.0,1.0,A01
201400028647,0,2,0,14.0,0.0,1.0,13.0,A01
201400028648,0,7,0,0.0,2.0,1.0,1.0,A01
201400028648,0,7,0,0.0,2.0,4.0,1.0,B01
201400028648,0,7,0,0.0,2.0,4.0,1.0,C01
201400028649,0,7,0,0.0,2.0,2.0,1.0,A01
201400028649,0,30,0,0.0,2.0,1.0,1.0,B01
201400028650,0,7,0,0.0,2.0,3.0,19.0,A01
201400028650,0,7,0,0.0,2.0,1.0,1.0,C01
201400028650,0,7,0,0.0,2.0,7.0,1.0,B01
201400028651,0,7,0,2.0,0.0,1.0,14.0,A01
201400028652,1,7,0,0.0,0.0,0.0,20.0,A01
201400028652,0,7,0,0.0,2.0,6.0,1.0,B01
201400028653,0,7,0,2.0,0.0,2.0,14.0,A01
201400028654,0,7,0,0.0,0.0,3.0,15.0,A01
201400028654,0,30,0,0.0,2.0,1.0,1.0,B01
201400028655,0,30,0,0.0,2.0,1.0,1.0,B01
201400028655,1,7,0,0.0,2.0,8.0,15.0,A01
201400028656,1,7,0,0.0,2.0,0.0,0.0,A01
201400028657,0,30,0,0.0,2.0,7.0,1.0,A01
201400028657,0,7,0,0.0,2.0,5.0,1.0,B01
201400028658,0,7,0,0.0,0.0,4.0,2.0,B01
201400028658,0,10,0,0.0,2.0,1.0,1.0,A01
201400028659,0,7,0,0.0,2.0,8.0,15.0,A01
201400028659,0,7,0,0.0,2.0,2.0,1.0,B01
201400028660,0,1,0,0.0,2.0,6.0,23.0,B01
201400028660,0,7,0,0.0,2.0,1.0,15.0,A01
201400028661,0,7,0,0.0,2.0,5.0,15.0,A01
201400028661,0,2,0,0.0,2.0,1.0,1.0,B01
201400028662,0,30,0,0.0,1.0,1.0,16.0,A01
201400028663,0,7,0,0.0,2.0,4.0,23.0,B01
201400028663,0,7,0,0.0,2.0,1.0,1.0,A01
201400028664,0,7,0,8.0,0.0,1.0,1.0,A01
201400028665,0,7,0,0.0,2.0,3.0,13.0,A01
201400028665,0,7,0,0.0,2.0,3.0,1.0,B01
201400028665,0,7,0,13.0,0.0,0.0,21.0,C01
201400028666,0,7,0,0.0,1.0,1.0,1.0,A01
201400028667,0,2,0,0.0,2.0,1.0,1.0,B01
201400028667,0,7,0,0.0,2.0,3.0,10.0,A01
201400028668,0,2,0,0.0,2.0,1.0,1.0,B01
201400028668,0,10,0,0.0,2.0,5.0,15.0,A01
201400028669,0,7,0,0.0,5.0,1.0,1.0,A01
201400028670,0,7,0,0.0,2.0,5.0,15.0,A01
201400028670,0,2,0,0.0,2.0,1.0,1.0,B01
201400028671,0,7,0,0.0,2.0,3.0,9.0,A01
201400028671,0,2,0,0.0,2.0,5.0,15.0,B01
201400028672,0,7,0,0.0,2.0,0.0,9.0,A01
201400028672,0,1,0,0.0,2.0,0.0,1.0,B01
201400028673,0,31,0,3.0,0.0,1.0,1.0,A01
201400028674,0,7,0,0.0,2.0,1.0,2.0,A01
201400028674,0,7,0,0.0,2.0,4.0,1.0,B01
201400028674,0,7,0,0.0,2.0,4.0,1.0,C01
201400028675,0,7,0,0.0,2.0,1.0,2.0,A01
201400028675,0,7,0,0.0,2.0,4.0,2.0,B01
201400028675,0,7,0,0.0,2.0,4.0,1.0,C01
201400028676,0,2,0,0.0,0.0,8.0,1.0,A01
201400028677,0,7,0,0.0,2.0,3.0,24.0,A01
201400028677,0,1,0,1.0,0.0,1.0,1.0,B01
201400028678,0,10,0,0.0,2.0,3.0,9.0,A01
201400028678,0,1,0,0.0,2.0,1.0,1.0,B01
201400028679,0,10,0,0.0,2.0,1.0,1.0,A01
201400028679,0,7,0,0.0,2.0,5.0,23.0,B01
201400028680,0,7,0,0.0,2.0,8.0,15.0,A01
201400028680,0,33,0,0.0,2.0,1.0,1.0,B01
201400028681,0,15,0,0.0,2.0,6.0,1.0,A01
201400028681,0,1,0,0.0,2.0,3.0,1.0,B01
201400028682,0,30,0,0.0,0.0,7.0,1.0,A01
201400028683,0,10,0,6.0,2.0,8.0,1.0,B01
201400028683,0,7,0,0.0,2.0,1.0,1.0,A01
201400028684,0,7,0,1.0,2.0,3.0,15.0,A01
201400028684,0,7,0,0.0,2.0,2.0,1.0,B01
201400028685,0,7,0,0.0,1.0,3.0,1.0,A01
201400028686,0,7,0,0.0,1.0,3.0,0.0,A01
201400028687,0,38,1,0.0,1.0,2.0,16.0,A01
201400028688,0,7,0,8.0,0.0,2.0,0.0,A01
201400028689,0,30,0,0.0,2.0,7.0,15.0,B01
201400028689,0,7,0,0.0,2.0,3.0,9.0,A01
201400028690,0,7,0,0.0,2.0,7.0,15.0,A01
201400028690,0,2,0,0.0,2.0,1.0,18.0,B01
201400028691,0,2,0,0.0,2.0,1.0,1.0,A01
201400028691,0,7,0,0.0,2.0,6.0,1.0,B01
201400028692,0,1,0,0.0,2.0,7.0,1.0,B01
201400028692,0,7,0,0.0,2.0,1.0,15.0,A01
201400028693,0,7,0,13.0,0.0,8.0,1.0,A01
201400028694,0,7,0,0.0,0.0,3.0,1.0,B01
201400028694,0,7,0,14.0,2.0,2.0,6.0,A01
201400028695,0,30,0,0.0,0.0,0.0,1.0,A01
201400028696,0,10,0,13.0,0.0,2.0,1.0,A01
201400028697,0,30,0,12.0,0.0,1.0,1.0,A01
201400028698,0,7,0,0.0,1.0,2.0,20.0,A01
201400028699,0,7,0,4.0,0.0,1.0,2.0,A01
201400028700,0,31,0,0.0,0.0,7.0,1.0,A01
201400028701,0,1,0,0.0,2.0,1.0,1.0,B01
201400028701,0,7,0,0.0,2.0,3.0,9.0,A01
201400028702,0,7,0,0.0,2.0,3.0,1.0,B01
201400028702,0,7,0,0.0,2.0,1.0,15.0,A01
201400028703,0,2,0,0.0,2.0,8.0,1.0,B01
201400028703,1,7,0,0.0,2.0,7.0,12.0,Z01
201400028704,0,7,0,2.0,0.0,9.0,1.0,A01
201400028705,0,7,0,0.0,2.0,6.0,20.0,A01
201400028705,0,30,0,0.0,2.0,1.0,1.0,B01
201400028706,0,7,0,0.0,2.0,7.0,1.0,A01
201400028706,0,33,0,0.0,2.0,1.0,1.0,B01
201400028707,0,30,0,0.0,2.0,2.0,17.0,A01
201400028707,0,7,0,0.0,2.0,3.0,15.0,B01
201400028708,0,30,0,0.0,1.0,1.0,1.0,A01
201400028709,1,2,0,0.0,1.0,1.0,0.0,Z01
201400028710,0,1,0,0.0,0.0,7.0,1.0,A01
201400028711,0,7,0,0.0,2.0,3.0,13.0,A01
201400028711,0,7,0,0.0,2.0,3.0,1.0,B01
201400028712,0,7,0,2.0,0.0,2.0,1.0,A01
201400028713,0,7,0,2.0,0.0,8.0,16.0,A01
201400028714,0,7,0,1.0,2.0,8.0,1.0,B01
201400028714,0,7,0,0.0,2.0,1.0,13.0,A01
201400028715,0,15,0,2.0,0.0,1.0,1.0,A01
201400028716,0,31,0,0.0,0.0,8.0,1.0,A01
201400028717,0,7,0,2.0,0.0,1.0,1.0,A01
201400028718,0,7,0,0.0,2.0,5.0,1.0,B01
201400028718,0,1,0,0.0,2.0,1.0,1.0,A01
201400028719,0,2,0,0.0,2.0,1.0,1.0,A01
201400028719,1,7,0,0.0,2.0,4.0,1.0,B01
201400028720,0,2,0,0.0,0.0,0.0,1.0,A01
201400028721,0,31,0,0.0,0.0,1.0,1.0,A01
201400028722,0,7,0,0.0,2.0,3.0,9.0,A01
201400028722,0,30,0,0.0,2.0,1.0,1.0,B01
201400028723,0,30,0,0.0,0.0,7.0,1.0,A01
201400028724,0,7,0,0.0,2.0,1.0,1.0,A01
201400028724,0,7,0,0.0,2.0,4.0,1.0,B01
201400028724,0,10,0,0.0,2.0,4.0,23.0,C01
201400028725,0,2,0,8.0,0.0,1.0,1.0,B01
201400028725,0,7,0,0.0,0.0,0.0,17.0,A01
201400028726,0,33,0,14.0,0.0,1.0,1.0,A01
201400028727,0,7,0,0.0,2.0,3.0,17.0,A01
201400028727,0,7,0,0.0,2.0,1.0,1.0,B01
201400028728,0,2,0,0.0,2.0,2.0,1.0,A01
201400028728,0,1,0,0.0,2.0,4.0,1.0,B01
201400028729,0,7,0,0.0,2.0,1.0,1.0,A01
201400028729,0,10,0,0.0,2.0,4.0,2.0,B01
201400028729,0,7,0,0.0,2.0,4.0,2.0,C01
201400028730,1,7,0,0.0,2.0,4.0,4.0,A01
201400028730,0,1,0,0.0,2.0,1.0,1.0,B01
201400028731,0,2,0,0.0,2.0,1.0,1.0,A01
201400028731,0,7,0,0.0,2.0,6.0,1.0,B01
201400028732,0,10,0,0.0,2.0,3.0,2.0,A01
201400028732,0,7,0,0.0,2.0,5.0,2.0,B01
201400028733,0,7,0,15.0,2.0,8.0,1.0,A01
201400028733,0,7,0,0.0,2.0,3.0,15.0,B01
201400028734,0,7,0,0.0,2.0,2.0,1.0,A01
201400028734,0,7,0,0.0,1.0,4.0,1.0,B01
201400028735,0,2,0,0.0,2.0,1.0,1.0,A01
201400028735,0,7,0,0.0,2.0,4.0,1.0,B01
201400028736,0,7,0,0.0,2.0,3.0,1.0,A01
201400028736,0,1,0,0.0,2.0,1.0,1.0,B01
201400028737,0,33,0,0.0,2.0,1.0,2.0,A01
201400028737,0,10,0,0.0,2.0,5.0,23.0,B01
201400028738,0,7,0,0.0,2.0,5.0,1.0,B01
201400028738,0,3,0,0.0,2.0,3.0,1.0,A01
201400028739,0,2,0,0.0,2.0,1.0,1.0,B01
201400028739,0,10,0,0.0,2.0,5.0,1.0,A01
201400028740,0,2,0,0.0,0.0,8.0,1.0,A01
201400028741,0,10,0,0.0,0.0,2.0,1.0,A01
201400028742,0,7,0,0.0,2.0,3.0,0.0,A01
201400028742,0,7,0,0.0,2.0,7.0,1.0,B01
201400028743,0,2,0,0.0,2.0,1.0,1.0,B01
201400028743,0,7,0,0.0,2.0,3.0,1.0,A01
201400028744,0,2,0,0.0,1.0,1.0,1.0,A01
201400028744,0,7,0,0.0,2.0,6.0,24.0,C01
201400028745,0,30,0,0.0,2.0,1.0,17.0,A01
201400028745,0,7,0,0.0,2.0,6.0,15.0,B01
201400028746,0,30,0,12.0,0.0,1.0,13.0,A01
201400028747,0,7,0,0.0,2.0,1.0,2.0,A01
201400028747,0,7,0,0.0,2.0,4.0,2.0,B01
201400028748,0,30,0,0.0,0.0,7.0,1.0,A01
201400028749,0,33,0,0.0,2.0,1.0,1.0,B01
201400028749,0,7,0,0.0,2.0,3.0,9.0,A01
201400028749,0,3,0,0.0,2.0,2.0,1.0,C01
201400028750,0,33,0,4.0,0.0,3.0,13.0,A01
201400028751,0,7,0,0.0,2.0,2.0,1.0,B01
201400028751,0,7,0,0.0,2.0,1.0,5.0,A01
201400028752,0,7,0,0.0,1.0,0.0,16.0,A01
201400028753,0,37,10,0.0,2.0,3.0,2.0,B01
201400028753,0,10,0,0.0,2.0,2.0,17.0,A01
201400028754,0,7,0,0.0,1.0,2.0,1.0,A01
201400028755,0,33,0,0.0,2.0,4.0,1.0,B01
201400028755,1,7,0,0.0,2.0,1.0,17.0,Z01
201400028756,0,1,0,0.0,0.0,0.0,1.0,A01
201400028757,0,1,0,0.0,2.0,1.0,1.0,B01
201400028757,0,7,0,0.0,2.0,8.0,9.0,A01
201400028758,0,7,0,0.0,2.0,7.0,15.0,A01
201400028758,0,7,0,0.0,2.0,1.0,1.0,B01
201400028759,0,7,0,0.0,2.0,3.0,4.0,A01
201400028759,0,1,0,0.0,2.0,1.0,1.0,B01