Num_Acc,senc,catv,occutc,obs,obsm,choc,manv,num_veh
201400028760,0,7,0,3.0,0.0,3.0,13.0,A01
201400028761,0,1,0,1.0,0.0,1.0,14.0,A01
201400028762,0,7,0,13.0,0.0,1.0,13.0,A01
201400028763,0,7,0,3.0,0.0,1.0,13.0,A01
201400028764,0,7,0,0.0,2.0,3.0,13.0,A01
201400028764,0,7,0,0.0,2.0,3.0,1.0,B01
201400028765,0,7,0,0.0,2.0,1.0,1.0,A01
201400028765,0,30,0,0.0,2.0,7.0,1.0,B01
201400028766,0,7,0,0.0,1.0,2.0,1.0,A01
201400028767,0,7,0,13.0,0.0,0.0,14.0,A01
201400028768,0,30,0,11.0,0.0,3.0,13.0,A01
201400028769,0,30,0,14.0,0.0,1.0,1.0,A01
201400028770,0,7,0,0.0,1.0,1.0,1.0,A01
201400028771,0,7,0,0.0,2.0,1.0,19.0,A01
201400028771,0,7,0,0.0,2.0,3.0,1.0,B01
201400028772,0,7,0,1.0,0.0,1.0,14.0,A01
201400028773,0,7,0,0.0,2.0,4.0,24.0,A01
201400028773,0,7,0,1.0,0.0,4.0,4.0,B01
201400028774,0,30,0,16.0,0.0,0.0,1.0,A01
201400028775,0,7,0,0.0,2.0,3.0,1.0,C01
201400028775,0,30,0,0.0,2.0,2.0,1.0,B01
201400028775,0,7,0,0.0,2.0,1.0,9.0,A01
201400028776,0,7,0,3.0,0.0,2.0,14.0,A01
201400028777,0,7,0,0.0,2.0,5.0,1.0,B01
201400028777,0,7,0,0.0,2.0,3.0,9.0,A01
201400028778,0,7,0,0.0,2.0,6.0,1.0,B01
201400028778,0,7,0,0.0,2.0,1.0,1.0,A01
201400028779,0,7,0,0.0,2.0,1.0,2.0,A01
201400028779,0,7,0,0.0,2.0,4.0,23.0,B01
201400028779,0,30,0,0.0,2.0,4.0,23.0,C01
201400028780,0,10,0,0.0,2.0,1.0,15.0,B01
201400028780,0,7,0,0.0,2.0,1.0,1.0,A01
201400028781,0,7,0,0.0,2.0,5.0,16.0,B01
201400028781,0,30,0,0.0,2.0,3.0,18.0,A01
201400028782,0,7,0,0.0,1.0,1.0,16.0,A01
201400028783,0,7,0,0.0,2.0,2.0,15.0,A01
201400028783,0,30,0,0.0,2.0,1.0,1.0,B01
201400028784,0,30,0,0.0,2.0,2.0,2.0,A01
201400028784,0,30,0,0.0,2.0,6.0,2.0,B01
201400028785,0,33,0,4.0,0.0,3.0,13.0,A01
201400028786,0,2,0,16.0,0.0,1.0,1.0,A01
201400028787,0,7,0,0.0,1.0,1.0,15.0,A01
201400028788,0,7,0,0.0,2.0,1.0,1.0,A01
201400028788,0,7,0,6.0,2.0,2.0,1.0,B01
201400028789,0,30,0,0.0,2.0,1.0,1.0,B01
201400028789,0,7,0,0.0,2.0,3.0,15.0,A01
201400028790,0,7,0,13.0,0.0,1.0,13.0,A01
201400028791,0,7,0,0.0,2.0,2.0,1.0,B01
201400028791,0,7,0,0.0,2.0,1.0,15.0,A01
201400028792,0,7,0,0.0,1.0,2.0,9.0,A01
201400028793,0,7,0,0.0,2.0,1.0,2.0,A01
201400028793,0,10,0,0.0,2.0,4.0,2.0,B01
201400028794,0,7,0,0.0,2.0,3.0,1.0,B01
201400028794,0,1,0,0.0,2.0,1.0,9.0,A01
201400028795,0,7,0,0.0,2.0,1.0,2.0,A01
201400028795,0,3,0,0.0,2.0,4.0,2.0,B01
201400028796,0,7,0,0.0,1.0,4.0,4.0,A01
201400028797,0,30,0,14.0,0.0,1.0,1.0,A01
201400028798,0,30,0,0.0,2.0,1.0,2.0,A01
201400028798,0,7,0,0.0,2.0,4.0,1.0,B01
201400028799,0,1,0,0.0,2.0,1.0,1.0,B01
201400028799,0,14,0,0.0,2.0,8.0,15.0,A01
201400028800,0,7,0,0.0,1.0,1.0,1.0,A01
201400028801,0,7,0,15.0,0.0,3.0,13.0,A01
201400028802,0,30,0,0.0,0.0,7.0,1.0,A01
201400028803,0,14,0,0.0,2.0,2.0,1.0,A01
201400028803,0,7,0,0.0,2.0,3.0,1.0,B01
201400028804,0,7,0,0.0,2.0,8.0,13.0,A01
201400028804,0,7,0,0.0,2.0,1.0,1.0,B01
201400028805,0,33,0,16.0,0.0,7.0,1.0,A01
201400028806,0,7,0,0.0,1.0,7.0,1.0,A01
201400028807,0,33,0,16.0,0.0,1.0,1.0,A01
201400028808,0,7,0,0.0,2.0,3.0,15.0,A01
201400028808,0,33,0,1.0,2.0,7.0,17.0,B01
201400028808,0,7,0,0.0,2.0,2.0,24.0,C01
201400028809,0,10,0,0.0,2.0,1.0,2.0,A01
201400028809,0,31,0,0.0,2.0,4.0,2.0,B01
201400028810,0,30,0,0.0,0.0,7.0,1.0,A01
201400028811,0,7,0,13.0,0.0,1.0,13.0,A01
201400028812,0,7,0,0.0,2.0,1.0,2.0,A01
201400028812,0,7,0,0.0,2.0,4.0,2.0,B01
201400028813,0,7,0,0.0,2.0,1.0,2.0,A01
201400028813,0,7,0,0.0,2.0,4.0,2.0,B01
201400028813,0,15,0,0.0,2.0,4.0,2.0,C01
201400028814,0,1,0,0.0,1.0,1.0,1.0,A01
201400028815,0,7,0,9.0,2.0,1.0,13.0,A01
201400028816,0,7,0,0.0,2.0,8.0,22.0,A01
201400028816,0,1,0,1.0,0.0,1.0,1.0,B01
201400028817,0,30,0,0.0,0.0,8.0,1.0,A01
201400028818,0,1,0,0.0,2.0,1.0,2.0,A01
201400028818,0,7,0,0.0,2.0,4.0,2.0,B01
201400028819,0,30,0,0.0,2.0,1.0,1.0,A01
201400028819,0,7,0,0.0,2.0,6.0,1.0,B01
201400028820,0,7,0,0.0,2.0,1.0,1.0,A01
201400028820,0,7,0,0.0,2.0,3.0,15.0,B01
201400028821,0,30,0,0.0,2.0,4.0,16.0,B01
201400028821,1,7,0,0.0,2.0,2.0,17.0,Z01
201400028822,0,7,0,0.0,2.0,2.0,2.0,A01
201400028822,0,30,0,0.0,2.0,4.0,2.0,B01
201400028823,0,30,0,16.0,0.0,1.0,1.0,A01
201400028824,0,7,0,0.0,2.0,1.0,1.0,B01
201400028824,0,7,0,0.0,2.0,1.0,13.0,A01
201400028825,0,7,0,3.0,0.0,3.0,13.0,A01
201400028826,0,7,0,12.0,0.0,3.0,13.0,A01
201400028827,0,7,0,0.0,2.0,2.0,2.0,A01
201400028827,0,7,0,0.0,2.0,4.0,2.0,B01
201400028828,0,7,0,0.0,2.0,1.0,13.0,A01
201400028828,0,7,0,0.0,2.0,1.0,1.0,B01
201400028829,0,30,0,0.0,0.0,0.0,16.0,A01
201400028830,0,7,0,15.0,0.0,1.0,14.0,A01
201400028831,0,7,0,0.0,1.0,4.0,4.0,A01
201400028832,0,7,0,0.0,2.0,3.0,13.0,A01
201400028832,0,37,3,0.0,2.0,1.0,0.0,B01
201400028833,0,7,0,13.0,0.0,1.0,14.0,A01
201400028834,0,30,0,0.0,0.0,7.0,1.0,A01
201400028835,0,7,0,0.0,1.0,2.0,15.0,A01
201400028836,0,10,0,0.0,9.0,1.0,1.0,B01
201400028836,0,1,0,0.0,2.0,5.0,19.0,A01
201400028837,0,7,0,0.0,1.0,4.0,4.0,A01
201400028838,0,32,0,0.0,0.0,0.0,1.0,A01
201400028839,0,7,0,6.0,0.0,1.0,14.0,A01
201400028840,0,7,0,0.0,2.0,4.0,23.0,B01
201400028840,0,10,0,0.0,2.0,1.0,2.0,A01
201400028841,0,30,0,0.0,2.0,1.0,2.0,A01
201400028841,0,7,0,0.0,2.0,4.0,23.0,B01
201400028842,0,7,0,0.0,2.0,4.0,23.0,B01
201400028842,0,7,0,0.0,2.0,1.0,2.0,A01
201400028843,0,1,0,0.0,2.0,3.0,15.0,A01
201400028843,0,7,0,0.0,2.0,1.0,1.0,B01
201400028844,0,7,0,0.0,2.0,3.0,15.0,B01
201400028844,0,33,0,0.0,2.0,2.0,17.0,A01
201400028845,0,7,0,0.0,2.0,2.0,1.0,A01
201400028845,0,7,0,0.0,2.0,1.0,1.0,B01
201400028846,0,7,0,0.0,1.0,2.0,1.0,B01
201400028847,0,7,0,3.0,0.0,2.0,14.0,A01
201400028848,0,7,0,0.0,2.0,1.0,13.0,A01
201400028848,0,7,0,0.0,2.0,1.0,23.0,B01
201400028849,0,10,0,0.0,2.0,1.0,1.0,B01
201400028849,0,10,0,0.0,2.0,2.0,1.0,A01
201400028850,0,7,0,0.0,2.0,1.0,2.0,A01
201400028850,0,1,0,0.0,2.0,4.0,2.0,B01
201400028851,0,7,0,0.0,2.0,1.0,1.0,B01
201400028851,0,1,0,0.0,2.0,1.0,9.0,A01
201400028852,0,7,0,0.0,1.0,3.0,1.0,A01
201400028853,0,7,0,15.0,0.0,3.0,13.0,A01
201400028854,0,33,0,7.0,0.0,5.0,13.0,A01
201400028855,0,7,0,6.0,0.0,1.0,13.0,A01
201400028856,0,2,0,0.0,0.0,1.0,1.0,A01
201400028857,0,30,0,0.0,0.0,0.0,1.0,A01
201400028858,0,7,0,0.0,2.0,1.0,1.0,B01
201400028858,0,7,0,0.0,2.0,2.0,15.0,A01
201400028859,0,1,0,16.0,0.0,1.0,1.0,A01
201400028860,0,7,0,0.0,2.0,3.0,1.0,B01
201400028860,0,7,0,0.0,2.0,1.0,19.0,A01
201400028861,0,2,0,0.0,2.0,1.0,1.0,B01
201400028861,0,33,0,0.0,2.0,1.0,15.0,A01
201400028862,0,36,0,6.0,0.0,2.0,14.0,A01
201400028863,0,33,0,0.0,2.0,1.0,2.0,A01
201400028863,0,7,0,0.0,2.0,4.0,2.0,B01
201400028864,0,2,0,1.0,0.0,2.0,14.0,A01
201400028865,0,7,0,6.0,0.0,1.0,13.0,A01
201400028866,0,30,0,16.0,0.0,1.0,1.0,B01
201400028866,1,13,0,0.0,0.0,0.0,11.0,Z01
201400028867,0,30,0,0.0,2.0,1.0,2.0,A01
201400028867,0,7,0,0.0,2.0,4.0,2.0,B01
201400028868,0,30,0,0.0,2.0,8.0,1.0,B01
201400028868,0,10,0,0.0,2.0,2.0,9.0,A01
201400028869,0,7,0,0.0,2.0,4.0,2.0,B01
201400028869,0,7,0,0.0,2.0,1.0,1.0,A01
201400028870,0,30,0,14.0,0.0,1.0,1.0,A01
201400028871,0,1,0,0.0,2.0,3.0,1.0,B01
201400028871,0,7,0,0.0,2.0,1.0,9.0,A01
201400028872,0,30,0,0.0,2.0,8.0,17.0,A01
201400028872,0,7,0,0.0,2.0,7.0,17.0,B01
201400028873,0,30,0,0.0,2.0,7.0,2.0,A01
201400028873,0,7,0,0.0,2.0,3.0,9.0,B01
201400028874,0,1,0,16.0,0.0,1.0,1.0,A01
201400028875,0,10,0,0.0,1.0,2.0,1.0,A01
201400028876,0,10,0,0.0,2.0,1.0,2.0,A01
201400028876,0,7,0,0.0,2.0,4.0,23.0,B01
201400028877,0,30,0,0.0,2.0,1.0,1.0,A01
201400028877,0,7,0,0.0,2.0,3.0,15.0,B01
201400028878,0,7,0,0.0,1.0,2.0,1.0,A01
201400028879,0,7,0,0.0,2.0,1.0,2.0,C01
201400028879,0,7,0,0.0,2.0,1.0,2.0,D01
201400028879,0,7,0,0.0,2.0,1.0,2.0,E01
201400028879,0,7,0,0.0,0.0,4.0,2.0,A01
201400028879,0,7,0,0.0,2.0,1.0,2.0,B01
201400028880,0,30,0,16.0,0.0,7.0,1.0,A01
201400028881,0,7,0,0.0,2.0,3.0,19.0,A01
201400028881,0,7,0,0.0,2.0,1.0,1.0,B01
201400028882,0,3,0,1.0,0.0,1.0,1.0,A01
201400028883,0,7,0,0.0,2.0,1.0,15.0,A01
201400028883,0,33,0,0.0,2.0,1.0,13.0,B01
201400028884,0,7,0,0.0,2.0,1.0,2.0,A01
201400028884,0,7,0,0.0,2.0,4.0,2.0,B01
201400028885,0,30,0,16.0,0.0,1.0,1.0,A01
201400028886,0,7,0,0.0,2.0,2.0,15.0,A01
201400028886,0,7,0,0.0,2.0,3.0,1.0,B01
201400028887,0,30,0,0.0,0.0,7.0,1.0,A01
201400028888,0,7,0,0.0,0.0,0.0,16.0,B01
201400028888,0,30,0,0.0,0.0,1.0,2.0,A01
201400028889,0,30,0,0.0,2.0,1.0,2.0,A01
201400028889,0,7,0,0.0,0.0,4.0,2.0,B01
201400028890,0,2,0,16.0,0.0,1.0,1.0,A01
201400028891,0,30,0,0.0,2.0,1.0,1.0,B01
201400028891,0,7,0,0.0,2.0,3.0,15.0,A01
201400028892,0,7,0,0.0,2.0,3.0,1.0,B01
201400028892,0,7,0,0.0,2.0,1.0,1.0,A01
201400028893,0,7,0,0.0,2.0,1.0,2.0,A01
201400028893,0,7,0,0.0,2.0,4.0,2.0,B01
201400028894,0,3,0,0.0,1.0,1.0,16.0,A01
201400028895,0,7,0,0.0,2.0,1.0,2.0,B01
201400028895,0,14,0,0.0,2.0,4.0,2.0,A01
201400028896,0,30,0,0.0,2.0,2.0,17.0,B01
201400028896,0,10,0,0.0,2.0,3.0,1.0,A01
201400028897,1,7,0,0.0,1.0,2.0,0.0,Z01
201400028898,0,1,0,0.0,2.0,1.0,1.0,B01
201400028898,0,1,0,0.0,2.0,1.0,13.0,A01
201400028899,0,37,0,0.0,1.0,2.0,1.0,A01
201400028900,0,7,0,0.0,1.0,7.0,1.0,A01
201400028901,0,7,0,16.0,0.0,1.0,14.0,A01
201400028902,0,30,0,0.0,2.0,1.0,9.0,A01
201400028902,0,7,0,0.0,2.0,3.0,1.0,B01
201400028903,0,7,0,0.0,2.0,4.0,2.0,B01
201400028903,0,30,0,0.0,2.0,1.0,2.0,A01
201400028904,0,7,0,0.0,1.0,1.0,1.0,A01
201400028905,0,7,0,0.0,2.0,1.0,1.0,A01
201400028905,0,7,0,0.0,2.0,1.0,15.0,B01
201400028906,0,1,0,0.0,5.0,1.0,1.0,B01
201400028907,0,10,0,0.0,2.0,1.0,2.0,A01
201400028907,0,7,0,0.0,2.0,4.0,23.0,B01
201400028908,0,7,0,6.0,0.0,3.0,13.0,A01
201400028909,0,7,0,0.0,2.0,4.0,23.0,B01
201400028909,0,7,0,0.0,2.0,1.0,2.0,A01
201400028909,0,7,0,0.0,2.0,4.0,23.0,C01
201400028909,0,7,0,0.0,2.0,4.0,23.0,D01
201400028910,0,30,0,0.0,2.0,1.0,17.0,A01
201400028910,0,7,0,0.0,2.0,3.0,9.0,B01
201400028911,0,7,0,0.0,1.0,1.0,1.0,A01
201400028912,0,3,0,0.0,1.0,1.0,1.0,A01
201400028913,0,7,0,0.0,2.0,1.0,2.0,B01
201400028913,0,7,0,0.0,2.0,4.0,2.0,A01
201400028914,0,7,0,0.0,2.0,4.0,23.0,B01
201400028914,0,7,0,0.0,2.0,1.0,2.0,A01
201400028915,0,37,3,0.0,2.0,7.0,15.0,A01
201400028915,0,30,0,0.0,2.0,1.0,1.0,B01
201400028916,0,7,0,0.0,2.0,2.0,19.0,A01
201400028916,0,7,0,0.0,2.0,2.0,1.0,B01
201400028917,0,7,0,15.0,0.0,2.0,14.0,A01
201400028918,1,7,0,0.0,1.0,1.0,1.0,A01
201400028919,0,7,0,0.0,2.0,1.0,2.0,A01
201400028919,0,37,4,0.0,2.0,2.0,1.0,C01
201400028919,0,31,0,0.0,2.0,4.0,1.0,B01
201400028920,0,31,0,0.0,2.0,1.0,2.0,A01
201400028920,0,7,0,0.0,2.0,4.0,1.0,B01
201400028921,0,7,0,0.0,2.0,1.0,2.0,A01
201400028921,0,7,0,0.0,2.0,4.0,23.0,C01
201400028921,0,7,0,0.0,2.0,4.0,23.0,B01
201400028922,0,7,0,0.0,2.0,2.0,15.0,A01
201400028922,0,7,0,0.0,2.0,1.0,1.0,B01
201400028923,0,7,0,0.0,2.0,4.0,1.0,A01
201400028923,0,7,0,0.0,2.0,1.0,2.0,B01
201400028924,0,7,0,0.0,2.0,1.0,1.0,B01
201400028924,0,7,0,0.0,2.0,1.0,13.0,A01
201400028925,0,7,0,0.0,1.0,1.0,1.0,A01
201400028926,0,30,0,0.0,2.0,1.0,9.0,B01
201400028926,0,30,0,0.0,2.0,2.0,1.0,A01
201400028927,0,7,0,0.0,2.0,1.0,1.0,B01
201400028927,0,33,0,1.0,2.0,1.0,13.0,A01
201400028928,0,7,0,0.0,1.0,3.0,9.0,A01
201400028929,0,30,0,0.0,2.0,2.0,15.0,A01
201400028929,0,7,0,0.0,2.0,2.0,1.0,B01
201400028930,0,7,0,0.0,2.0,2.0,2.0,A01
201400028930,0,7,0,0.0,0.0,1.0,15.0,B01
201400028931,0,7,0,0.0,0.0,0.0,1.0,A01
201400028932,0,7,0,0.0,2.0,8.0,10.0,A01
201400028932,0,7,0,0.0,2.0,2.0,1.0,B01
201400028933,0,7,0,0.0,2.0,2.0,15.0,A01
201400028933,0,1,0,0.0,0.0,1.0,1.0,B01
201400028934,0,33,0,12.0,0.0,2.0,1.0,A01
201400028935,0,7,0,6.0,0.0,1.0,1.0,A01
201400028936,0,7,0,0.0,0.0,8.0,9.0,A01
201400028936,0,7,0,0.0,2.0,1.0,1.0,B01
201400028937,0,7,0,2.0,0.0,1.0,14.0,A01
201400028938,0,1,0,6.0,0.0,1.0,13.0,A01
201400028939,0,30,0,0.0,2.0,7.0,1.0,A01
201400028939,0,7,0,0.0,2.0,1.0,9.0,B01
201400028940,0,2,0,0.0,0.0,1.0,1.0,A01
201400028941,0,30,0,0.0,0.0,4.0,2.0,B01
201400028941,0,7,0,0.0,0.0,2.0,2.0,A01
201400028942,0,7,0,0.0,2.0,3.0,1.0,B01
201400028942,0,7,0,0.0,2.0,6.0,15.0,A01
201400028943,0,7,0,0.0,2.0,3.0,15.0,A01
201400028943,0,7,0,0.0,2.0,2.0,1.0,B01
201400028944,0,7,0,0.0,1.0,5.0,1.0,A01
201400028945,0,7,0,0.0,2.0,1.0,2.0,A01
201400028945,0,7,0,0.0,2.0,4.0,2.0,B01
201400028945,0,7,0,0.0,2.0,4.0,23.0,C01
201400028946,0,7,0,0.0,1.0,2.0,1.0,A01
201400028947,0,7,0,0.0,2.0,1.0,1.0,B01
201400028947,0,7,0,0.0,2.0,1.0,13.0,A01
201400028948,0,7,0,0.0,2.0,8.0,15.0,B01
201400028948,0,30,0,0.0,2.0,1.0,6.0,A01
201400028949,0,7,0,15.0,0.0,1.0,1.0,A01
201400028950,1,7,0,0.0,1.0,3.0,1.0,A01
201400028951,0,7,0,0.0,1.0,3.0,1.0,A01
201400028952,0,33,0,0.0,1.0,2.0,1.0,A01
201400028953,0,7,0,15.0,0.0,1.0,1.0,A01
201400028954,0,7,0,0.0,2.0,1.0,2.0,A01
201400028954,0,7,0,0.0,0.0,4.0,1.0,B01
201400028955,0,7,0,0.0,1.0,2.0,14.0,A01
201400028956,0,7,0,0.0,2.0,4.0,2.0,C01
201400028956,0,7,0,0.0,2.0,4.0,2.0,B01
201400028956,0,7,0,0.0,2.0,1.0,2.0,A01
201400028956,0,7,0,0.0,0.0,4.0,2.0,D01
201400028957,0,7,0,0.0,2.0,1.0,1.0,A01
201400028957,0,7,0,0.0,2.0,1.0,1.0,B01
201400028958,0,1,0,0.0,0.0,1.0,1.0,A01
201400028959,0,7,0,0.0,1.0,1.0,1.0,A01
201400028960,0,7,0,0.0,2.0,2.0,13.0,A01
201400028960,0,7,0,0.0,2.0,2.0,1.0,B01
201400028961,0,7,0,0.0,9.0,2.0,2.0,A01
201400028961,0,1,0,0.0,2.0,3.0,13.0,B01
201400028962,0,7,0,0.0,2.0,3.0,15.0,A01
201400028962,0,30,0,0.0,2.0,1.0,1.0,B01
201400028963,0,7,0,0.0,2.0,1.0,13.0,A01
201400028963,0,33,0,0.0,2.0,1.0,1.0,B01
201400028964,0,30,0,0.0,2.0,1.0,13.0,A01
201400028964,0,31,0,0.0,2.0,7.0,1.0,B01
201400028965,0,7,0,0.0,1.0,1.0,11.0,A01
201400028966,0,30,0,0.0,2.0,1.0,1.0,B01
201400028966,0,7,0,0.0,2.0,3.0,9.0,A01
201400028967,0,31,0,0.0,2.0,1.0,1.0,B01
201400028967,0,7,0,0.0,2.0,2.0,15.0,A01
201400028968,0,10,0,0.0,2.0,1.0,2.0,A01
201400028968,0,7,0,0.0,2.0,4.0,2.0,B01
201400028969,0,7,0,2.0,0.0,2.0,14.0,A01
201400028970,0,7,0,0.0,2.0,1.0,15.0,A01
201400028970,0,7,0,0.0,2.0,2.0,1.0,B01
201400028971,0,7,0,0.0,2.0,1.0,2.0,A01
201400028971,0,7,0,0.0,2.0,4.0,2.0,B01
201400028971,0,7,0,0.0,2.0,5.0,2.0,C01
201400028972,0,7,0,0.0,2.0,1.0,2.0,A01
201400028972,0,10,0,0.0,2.0,4.0,23.0,B01
201400028973,0,7,0,0.0,2.0,4.0,23.0,C01
201400028973,0,7,0,0.0,2.0,4.0,23.0,B01
201400028973,0,7,0,0.0,2.0,1.0,2.0,A01
201400028974,0,7,0,0.0,9.0,4.0,2.0,B01
201400028974,0,1,0,0.0,2.0,1.0,2.0,A01
201400028975,0,30,0,0.0,2.0,1.0,2.0,A01
201400028975,0,7,0,0.0,0.0,4.0,2.0,B01
201400028976,0,7,0,0.0,2.0,1.0,1.0,A01
201400028976,0,34,0,0.0,2.0,1.0,1.0,B01
201400028977,0,7,0,6.0,0.0,1.0,13.0,A01
201400028978,0,7,0,13.0,0.0,1.0,1.0,A01
201400028979,0,2,0,16.0,0.0,7.0,1.0,A01
201400028980,0,7,0,0.0,1.0,2.0,1.0,A01
201400028981,0,7,0,0.0,1.0,3.0,16.0,A01
201400028982,0,7,0,0.0,2.0,3.0,9.0,A01
201400028982,0,34,0,0.0,2.0,2.0,1.0,B01
201400028983,0,31,0,0.0,0.0,7.0,1.0,A01
201400028984,0,2,0,0.0,2.0,2.0,1.0,B01
201400028984,0,7,0,0.0,2.0,3.0,9.0,A01
201400028985,0,30,0,0.0,0.0,0.0,1.0,A01
201400028986,0,7,0,0.0,1.0,2.0,1.0,A01
201400028987,0,2,0,0.0,2.0,3.0,2.0,A01
201400028987,0,7,0,0.0,2.0,2.0,16.0,B01
201400028988,0,30,0,0.0,0.0,0.0,1.0,A01
201400028989,0,2,0,0.0,0.0,1.0,1.0,A01
201400028990,0,7,0,9.0,0.0,3.0,21.0,A01
201400028991,0,30,0,0.0,2.0,1.0,1.0,B01
201400028991,0,7,0,0.0,2.0,1.0,9.0,A01
201400028992,0,7,0,6.0,0.0,3.0,13.0,A01
201400028993,0,7,0,1.0,0.0,6.0,13.0,A01
201400028994,0,7,0,0.0,0.0,1.0,1.0,A01
201400028995,0,7,0,0.0,9.0,5.0,9.0,A01
201400028995,0,30,0,0.0,2.0,3.0,1.0,B01
201400028996,0,7,0,0.0,2.0,3.0,23.0,B01
201400028996,0,7,0,0.0,2.0,1.0,13.0,A01
201400028997,0,7,0,0.0,1.0,2.0,1.0,A01
201400028998,0,7,0,2.0,0.0,1.0,1.0,A01
201400028999,0,7,0,0.0,2.0,1.0,1.0,A01
201400028999,0,7,0,0.0,2.0,6.0,15.0,C01
201400028999,0,7,0,0.0,2.0,1.0,1.0,B01
201400029000,0,30,0,0.0,2.0,1.0,21.0,A01
201400029000,0,7,0,0.0,2.0,3.0,15.0,B01
201400029001,0,7,0,0.0,2.0,1.0,2.0,A01
201400029001,0,7,0,0.0,2.0,4.0,15.0,B01
201400029002,0,30,0,0.0,2.0,1.0,2.0,A01
201400029002,0,7,0,0.0,0.0,4.0,2.0,B01
201400029003,0,7,0,16.0,0.0,9.0,12.0,A01
201400029004,0,7,0,0.0,2.0,8.0,9.0,A01
201400029004,0,7,0,0.0,2.0,2.0,9.0,B01
201400029005,0,7,0,0.0,0.0,1.0,2.0,C01
201400029005,0,7,0,0.0,2.0,4.0,2.0,B01
201400029005,0,7,0,0.0,0.0,4.0,2.0,A01
201400029006,0,7,0,2.0,0.0,1.0,6.0,A01
201400029007,0,7,0,0.0,2.0,1.0,1.0,A01
201400029007,0,2,0,0.0,2.0,7.0,15.0,B01
201400029008,0,7,0,0.0,1.0,1.0,1.0,A01
201400029009,0,7,0,0.0,2.0,1.0,2.0,A01
201400029009,0,7,0,0.0,2.0,4.0,2.0,B01
201400029009,0,7,0,0.0,2.0,1.0,2.0,C01
201400029009,0,7,0,0.0,2.0,1.0,2.0,D01
201400029010,0,7,0,0.0,2.0,1.0,9.0,A01
201400029010,0,7,0,0.0,2.0,3.0,1.0,B01
201400029011,0,7,0,0.0,2.0,3.0,9.0,A01
201400029011,0,30,0,0.0,2.0,1.0,1.0,B01
201400029012,0,2,0,0.0,2.0,3.0,9.0,A01
201400029012,0,7,0,0.0,2.0,7.0,1.0,B01
201400029013,0,2,0,6.0,0.0,1.0,1.0,A01
201400029014,0,7,0,0.0,1.0,7.0,1.0,A01
201400029015,0,7,0,1.0,0.0,1.0,13.0,A01
201400029016,0,7,0,0.0,9.0,9.0,14.0,A01
201400029017,0,7,0,0.0,2.0,1.0,1.0,B01
201400029017,0,7,0,0.0,0.0,2.0,19.0,A01
201400029018,0,7,0,0.0,0.0,1.0,0.0,A01
201400029018,0,7,0,0.0,2.0,1.0,1.0,B01
201400029019,0,2,0,0.0,0.0,7.0,1.0,A01
201400029020,0,7,0,0.0,2.0,4.0,13.0,A01
201400029020,0,7,0,0.0,0.0,1.0,1.0,B01
201400029021,0,7,0,8.0,2.0,8.0,15.0,A01
201400029021,0,33,0,0.0,2.0,1.0,17.0,B01
201400029022,0,1,0,0.0,0.0,1.0,1.0,B01
201400029022,0,10,0,0.0,2.0,3.0,15.0,A01
201400029023,0,7,0,0.0,1.0,2.0,1.0,A01
201400029024,0,7,0,0.0,0.0,9.0,1.0,A01
201400029025,0,33,0,0.0,2.0,1.0,1.0,B01
201400029025,0,7,0,0.0,2.0,8.0,9.0,A01
201400029026,0,7,0,0.0,1.0,3.0,1.0,A01
201400029027,0,7,0,8.0,0.0,1.0,6.0,A01
201400029028,0,7,0,3.0,0.0,2.0,1.0,A01
201400029029,0,7,0,0.0,1.0,1.0,1.0,A01
201400029030,0,17,0,0.0,2.0,2.0,17.0,A01
201400029030,0,30,0,0.0,0.0,4.0,13.0,B01
201400029031,0,10,0,0.0,1.0,2.0,15.0,A01
201400029032,0,15,0,0.0,2.0,3.0,23.0,B01
201400029032,0,7,0,0.0,2.0,3.0,15.0,A01
201400029033,0,3,0,8.0,0.0,1.0,1.0,A01
201400029034,0,1,0,0.0,2.0,1.0,1.0,B01
201400029034,1,7,0,0.0,2.0,1.0,13.0,A01
201400029035,0,31,0,0.0,2.0,1.0,8.0,B01
201400029035,0,7,0,0.0,2.0,3.0,19.0,A01
201400029036,0,7,0,0.0,2.0,2.0,15.0,A01
201400029036,0,33,0,0.0,2.0,1.0,1.0,B01
201400029037,0,15,0,0.0,2.0,2.0,1.0,B01
201400029037,0,7,0,0.0,2.0,3.0,10.0,A01
201400029038,0,7,0,0.0,0.0,5.0,15.0,A01
201400029038,0,2,0,0.0,2.0,1.0,1.0,B01
201400029039,0,7,0,0.0,2.0,5.0,17.0,B01
201400029039,0,10,0,2.0,2.0,3.0,13.0,A01
201400029040,0,1,0,0.0,1.0,0.0,10.0,A01
201400029041,0,7,0,0.0,2.0,3.0,0.0,B01
201400029041,0,34,0,0.0,2.0,1.0,17.0,C01
201400029042,0,1,0,0.0,0.0,8.0,2.0,B01
201400029042,0,10,0,0.0,2.0,2.0,2.0,A01
201400029043,0,7,0,0.0,1.0,3.0,1.0,A01
201400029044,0,7,0,0.0,2.0,2.0,13.0,A01
201400029044,0,7,0,0.0,2.0,2.0,1.0,B01
201400029045,0,7,0,0.0,2.0,1.0,3.0,A01
201400029045,0,1,0,0.0,2.0,1.0,15.0,B01
201400029046,0,17,0,0.0,2.0,3.0,1.0,B01
201400029046,0,7,0,0.0,2.0,1.0,13.0,A01