Num_Acc,senc,catv,occutc,obs,obsm,choc,manv,num_veh
201400029046,0,17,0,0.0,0.0,6.0,24.0,C01
201400029047,0,33,0,0.0,2.0,1.0,21.0,B01
201400029047,0,7,0,0.0,2.0,3.0,9.0,A01
201400029048,0,7,0,6.0,0.0,1.0,13.0,A01
201400029049,0,2,0,0.0,2.0,3.0,1.0,A01
201400029049,0,10,0,0.0,2.0,3.0,9.0,B01
201400029050,0,31,0,0.0,2.0,0.0,17.0,A01
201400029050,0,7,0,0.0,2.0,8.0,15.0,B01
201400029051,0,7,0,0.0,2.0,1.0,0.0,A01
201400029051,0,15,0,0.0,2.0,8.0,0.0,C01
201400029051,0,7,0,0.0,2.0,1.0,0.0,B01
201400029052,0,2,0,1.0,0.0,0.0,0.0,A01
201400029053,0,7,0,0.0,1.0,1.0,1.0,A01
201400029054,1,7,0,0.0,1.0,1.0,0.0,A01
201400029055,0,7,0,0.0,1.0,1.0,1.0,A01
201400029056,0,7,0,0.0,1.0,2.0,1.0,A01
201400029057,0,7,0,0.0,1.0,2.0,1.0,A01
201400029058,0,7,0,0.0,1.0,1.0,1.0,A01
201400029059,0,7,0,0.0,1.0,1.0,17.0,A01
201400029060,0,7,0,0.0,2.0,1.0,1.0,B01
201400029060,0,7,0,0.0,2.0,2.0,19.0,A01
201400029060,0,7,0,0.0,2.0,1.0,1.0,C01
201400029061,0,7,0,0.0,1.0,2.0,1.0,A01
201400029062,0,7,0,0.0,2.0,1.0,1.0,A01
201400029062,0,7,0,0.0,2.0,8.0,1.0,B01
201400029063,0,7,0,0.0,2.0,4.0,23.0,C01
201400029063,0,7,0,1.0,2.0,8.0,1.0,A01
201400029063,0,7,0,0.0,2.0,4.0,23.0,E01
201400029063,0,7,0,0.0,2.0,4.0,23.0,D01
201400029064,0,7,0,0.0,1.0,4.0,0.0,A01
201400029065,0,10,0,0.0,2.0,1.0,1.0,A01
201400029065,0,7,0,2.0,0.0,4.0,23.0,B01
201400029066,0,7,0,0.0,1.0,2.0,1.0,A01
201400029067,0,7,0,0.0,2.0,1.0,1.0,C01
201400029067,0,7,0,0.0,2.0,6.0,1.0,B01
201400029067,0,7,0,0.0,2.0,1.0,13.0,A01
201400029068,0,7,0,0.0,1.0,1.0,1.0,A01
201400029069,0,7,0,0.0,2.0,1.0,1.0,B01
201400029069,0,7,0,0.0,2.0,7.0,1.0,A01
201400029070,0,7,0,0.0,2.0,1.0,1.0,A01
201400029070,0,30,0,0.0,2.0,8.0,1.0,B01
201400029071,1,7,0,0.0,2.0,3.0,5.0,B01
201400029071,0,7,0,0.0,2.0,2.0,1.0,A01
201400029072,0,30,0,0.0,2.0,1.0,2.0,A01
201400029072,0,7,0,0.0,2.0,5.0,2.0,B01
201400029073,0,7,0,0.0,2.0,7.0,15.0,A01
201400029073,0,10,0,0.0,2.0,3.0,1.0,C01
201400029073,0,33,0,0.0,2.0,1.0,1.0,B01
201400029074,0,7,0,0.0,2.0,8.0,15.0,A01
201400029074,0,33,0,0.0,2.0,1.0,1.0,B01
201400029075,0,7,0,15.0,1.0,2.0,1.0,A01
201400029075,0,7,0,0.0,2.0,3.0,1.0,B01
201400029076,0,30,0,1.0,0.0,1.0,1.0,A01
201400029077,0,7,0,0.0,1.0,2.0,1.0,A01
201400029078,1,99,0,0.0,1.0,2.0,0.0,A01
201400029079,0,7,0,0.0,1.0,1.0,16.0,A01
201400029080,0,7,0,0.0,2.0,6.0,13.0,B01
201400029080,0,32,0,0.0,2.0,7.0,17.0,A01
201400029081,0,7,0,0.0,2.0,4.0,23.0,C01
201400029081,0,7,0,0.0,2.0,4.0,23.0,B01
201400029081,0,10,0,0.0,2.0,1.0,1.0,A01
201400029082,0,10,0,1.0,2.0,2.0,1.0,B01
201400029082,0,7,0,1.0,2.0,7.0,9.0,A01
201400029083,0,1,0,0.0,1.0,1.0,1.0,B01
201400029084,0,7,0,0.0,1.0,1.0,1.0,A01
201400029085,0,7,0,0.0,2.0,1.0,16.0,A01
201400029085,0,7,0,0.0,0.0,4.0,23.0,B01
201400029086,0,1,0,0.0,2.0,3.0,5.0,A01
201400029086,0,7,0,0.0,2.0,8.0,15.0,B01
201400029087,0,33,0,6.0,2.0,2.0,0.0,A01
201400029087,0,7,0,0.0,2.0,3.0,1.0,B01
201400029088,0,7,0,0.0,2.0,6.0,23.0,B01
201400029088,1,10,0,0.0,2.0,1.0,2.0,Z01
201400029089,0,7,0,0.0,2.0,3.0,15.0,B01
201400029089,0,31,0,0.0,2.0,1.0,17.0,A01
201400029090,0,7,0,0.0,2.0,8.0,15.0,A01
201400029090,0,2,0,0.0,2.0,2.0,2.0,B01
201400029091,0,7,0,0.0,2.0,1.0,9.0,A01
201400029091,0,7,0,0.0,2.0,7.0,1.0,B01
201400029092,0,7,0,0.0,2.0,2.0,5.0,A01
201400029092,0,7,0,0.0,2.0,2.0,1.0,B01
201400029093,0,2,0,1.0,0.0,1.0,1.0,A01
201400029094,0,33,0,0.0,2.0,1.0,1.0,B01
201400029094,0,7,0,0.0,2.0,1.0,15.0,A01
201400029095,0,7,0,0.0,2.0,1.0,19.0,A01
201400029095,0,33,0,0.0,2.0,7.0,1.0,B01
201400029096,1,2,0,0.0,1.0,1.0,0.0,Z01
201400029097,0,7,0,0.0,0.0,0.0,15.0,A01
201400029097,0,33,0,0.0,0.0,0.0,21.0,B01
201400029098,0,7,0,0.0,2.0,1.0,1.0,B01
201400029098,0,7,0,0.0,2.0,1.0,1.0,A01
201400029098,0,7,0,0.0,2.0,2.0,1.0,D01
201400029099,0,7,0,0.0,2.0,1.0,17.0,A01
201400029099,0,7,0,0.0,2.0,1.0,1.0,B01
201400029100,0,7,0,0.0,2.0,1.0,2.0,B01
201400029100,0,2,0,0.0,2.0,8.0,10.0,A01
201400029101,0,7,0,0.0,2.0,8.0,15.0,A01
201400029101,0,33,0,0.0,2.0,1.0,1.0,B01
201400029102,0,7,0,0.0,2.0,1.0,21.0,A01
201400029102,0,1,0,0.0,2.0,8.0,9.0,B01
201400029103,0,7,0,0.0,2.0,1.0,1.0,B01
201400029103,0,7,0,0.0,2.0,7.0,1.0,A01
201400029104,0,2,0,0.0,2.0,1.0,1.0,B01
201400029104,0,10,0,0.0,2.0,2.0,15.0,A01
201400029105,0,7,0,0.0,1.0,1.0,0.0,A01
201400029106,0,7,0,0.0,2.0,1.0,16.0,A01
201400029106,0,1,0,0.0,2.0,5.0,15.0,B01
201400029107,0,2,0,0.0,1.0,1.0,17.0,A01
201400029108,0,7,0,0.0,1.0,1.0,1.0,A01
201400029109,0,7,0,0.0,1.0,2.0,1.0,A01
201400029110,0,7,0,0.0,2.0,1.0,15.0,A01
201400029110,0,30,0,0.0,2.0,1.0,1.0,B01
201400029111,0,14,0,0.0,2.0,5.0,15.0,B01
201400029111,0,33,0,0.0,2.0,1.0,1.0,A01
201400029112,0,7,0,0.0,2.0,3.0,13.0,B01
201400029112,0,33,0,0.0,2.0,5.0,17.0,A01
201400029113,0,7,0,0.0,2.0,1.0,1.0,A01
201400029113,0,7,0,0.0,2.0,3.0,1.0,B01
201400029114,0,7,0,0.0,2.0,3.0,15.0,A01
201400029114,0,33,0,0.0,2.0,7.0,17.0,B01
201400029115,0,7,0,2.0,0.0,8.0,14.0,A01
201400029116,0,7,0,0.0,0.0,4.0,2.0,B01
201400029116,0,7,0,0.0,2.0,1.0,2.0,A01
201400029117,0,1,0,0.0,2.0,8.0,15.0,B01
201400029117,1,7,0,0.0,2.0,7.0,6.0,A01
201400029118,0,31,0,0.0,2.0,8.0,21.0,A01
201400029118,0,7,0,0.0,2.0,7.0,16.0,B01
201400029119,0,32,0,0.0,1.0,1.0,21.0,A01
201400029120,0,7,0,11.0,0.0,1.0,1.0,A01
201400029121,0,7,0,0.0,1.0,1.0,1.0,A01
201400029122,0,7,0,8.0,0.0,1.0,1.0,A01
201400029123,0,1,0,0.0,2.0,1.0,1.0,A01
201400029123,0,7,0,0.0,2.0,7.0,1.0,C01
201400029124,0,7,0,0.0,2.0,8.0,21.0,B01
201400029124,0,10,0,0.0,2.0,1.0,1.0,A01
201400029125,0,7,0,0.0,1.0,1.0,21.0,A01
201400029126,0,7,0,0.0,2.0,1.0,1.0,B01
201400029126,0,7,0,0.0,2.0,1.0,13.0,A01
201400029127,0,7,0,0.0,2.0,1.0,21.0,B01
201400029127,0,7,0,0.0,2.0,7.0,13.0,A01
201400029128,1,1,0,0.0,2.0,8.0,1.0,B01
201400029128,0,7,0,0.0,2.0,2.0,16.0,A01
201400029129,0,33,0,13.0,0.0,1.0,14.0,A01
201400029130,0,2,0,0.0,0.0,7.0,21.0,A01
201400029131,0,7,0,0.0,0.0,9.0,13.0,A01
201400029132,0,36,0,8.0,0.0,9.0,14.0,A01
201400029133,0,7,0,0.0,2.0,8.0,15.0,A01
201400029133,0,2,0,0.0,2.0,1.0,17.0,B01
201400029134,0,7,0,0.0,2.0,8.0,4.0,A01
201400029134,0,1,0,0.0,2.0,1.0,1.0,B01
201400029135,0,7,0,0.0,2.0,1.0,21.0,A01
201400029135,0,7,0,0.0,2.0,4.0,23.0,B01
201400029136,0,7,0,13.0,0.0,7.0,13.0,A01
201400029137,0,7,0,0.0,2.0,8.0,22.0,A01
201400029137,0,7,0,0.0,2.0,7.0,17.0,C01
201400029137,0,1,0,1.0,2.0,1.0,1.0,B01
201400029138,0,7,0,0.0,1.0,4.0,0.0,A01
201400029139,0,7,0,0.0,1.0,0.0,0.0,A01
201400029140,0,13,0,0.0,9.0,4.0,1.0,A01
201400029140,0,1,0,0.0,2.0,1.0,0.0,B01
201400029141,0,7,0,0.0,2.0,6.0,15.0,B01
201400029141,0,33,0,0.0,2.0,1.0,0.0,A01
201400029142,0,7,0,0.0,2.0,1.0,0.0,A01
201400029142,0,7,0,0.0,2.0,3.0,1.0,B01
201400029143,0,10,0,0.0,1.0,5.0,16.0,A01
201400029144,0,33,0,0.0,2.0,0.0,1.0,B01
201400029144,0,7,0,0.0,2.0,1.0,13.0,A01
201400029145,0,36,0,15.0,0.0,1.0,1.0,A01
201400029146,0,3,0,8.0,0.0,1.0,0.0,A01
201400029147,0,7,0,8.0,0.0,1.0,0.0,A01
201400029148,0,7,0,0.0,1.0,3.0,1.0,A01
201400029149,0,17,0,2.0,0.0,1.0,14.0,A01
201400029150,0,31,0,0.0,0.0,0.0,16.0,A01
201400029151,0,7,0,0.0,1.0,2.0,1.0,A01
201400029152,0,7,0,0.0,1.0,1.0,1.0,A01
201400029153,0,2,0,0.0,2.0,1.0,1.0,B01
201400029153,0,7,0,0.0,2.0,7.0,15.0,A01
201400029154,0,7,0,0.0,1.0,4.0,4.0,A01
201400029155,0,7,0,0.0,1.0,1.0,0.0,A01
201400029156,0,7,0,0.0,1.0,2.0,1.0,A01
201400029157,0,7,0,0.0,1.0,8.0,1.0,A01
201400029158,0,2,0,0.0,2.0,1.0,1.0,B01
201400029158,0,7,0,0.0,2.0,3.0,1.0,A01
201400029159,0,7,0,0.0,1.0,3.0,1.0,A01
201400029160,0,7,0,0.0,1.0,3.0,15.0,A01
201400029161,0,7,0,2.0,0.0,1.0,1.0,A01
201400029162,0,7,0,0.0,2.0,1.0,2.0,A01
201400029162,0,7,0,0.0,2.0,4.0,2.0,B01
201400029162,0,10,0,0.0,2.0,4.0,2.0,C01
201400029162,0,7,0,0.0,2.0,4.0,2.0,D01
201400029163,0,1,0,0.0,2.0,1.0,5.0,A01
201400029163,0,7,0,0.0,2.0,2.0,1.0,B01
201400029164,0,7,0,0.0,2.0,4.0,4.0,A01
201400029164,0,1,0,0.0,2.0,1.0,1.0,B01
201400029165,0,30,0,0.0,0.0,0.0,0.0,A01
201400029166,0,7,0,0.0,2.0,1.0,2.0,A01
201400029166,0,7,0,0.0,2.0,6.0,2.0,B01
201400029167,0,31,0,0.0,0.0,0.0,1.0,A01
201400029168,0,3,0,0.0,2.0,2.0,15.0,A01
201400029168,0,30,0,0.0,2.0,1.0,1.0,B01
201400029169,0,30,0,0.0,2.0,1.0,1.0,B01
201400029169,1,7,0,0.0,2.0,6.0,9.0,Z01
201400029170,0,10,0,0.0,2.0,4.0,1.0,A01
201400029170,0,1,0,0.0,2.0,4.0,1.0,B01
201400029171,0,7,0,0.0,2.0,3.0,13.0,A01
201400029171,0,17,0,0.0,2.0,3.0,1.0,B01
201400029172,0,7,0,0.0,1.0,3.0,1.0,A01
201400029173,0,10,0,0.0,0.0,0.0,17.0,A01
201400029173,0,30,0,0.0,2.0,0.0,1.0,B01
201400029174,0,17,0,0.0,2.0,8.0,13.0,A01
201400029174,0,33,0,0.0,2.0,0.0,0.0,B01
201400029175,0,33,0,8.0,0.0,3.0,17.0,A01
201400029176,0,7,0,0.0,1.0,2.0,1.0,A01
201400029177,0,33,0,14.0,0.0,1.0,1.0,A01
201400029178,0,33,0,14.0,0.0,7.0,2.0,A01
201400029178,0,31,0,0.0,1.0,6.0,23.0,B01
201400029179,0,7,0,0.0,1.0,2.0,1.0,A01
201400029180,0,33,0,0.0,2.0,7.0,1.0,A01
201400029180,0,7,0,0.0,2.0,8.0,16.0,B01
201400029181,0,7,0,0.0,1.0,6.0,2.0,A01
201400029182,1,7,0,0.0,1.0,1.0,1.0,A01
201400029183,0,7,0,0.0,1.0,3.0,1.0,A01
201400029184,0,7,0,0.0,1.0,2.0,1.0,A01
201400029185,0,14,0,12.0,0.0,4.0,2.0,B01
201400029185,0,7,0,1.0,2.0,1.0,2.0,A01
201400029186,0,1,0,0.0,2.0,1.0,1.0,B01
201400029186,0,7,0,0.0,9.0,2.0,0.0,A01
201400029187,0,7,0,0.0,2.0,3.0,10.0,A01
201400029187,0,7,0,0.0,2.0,2.0,17.0,B01
201400029188,0,7,0,0.0,9.0,3.0,9.0,A01
201400029188,0,33,0,0.0,2.0,1.0,17.0,B01
201400029189,0,7,0,0.0,9.0,1.0,1.0,A01
201400029189,0,1,0,0.0,2.0,1.0,5.0,Y01
201400029190,0,7,0,13.0,0.0,1.0,1.0,A01
201400029191,0,7,0,0.0,0.0,9.0,1.0,A01
201400029192,0,10,0,0.0,1.0,1.0,1.0,A01
201400029193,0,10,0,0.0,2.0,3.0,1.0,A01
201400029193,0,7,0,0.0,2.0,3.0,1.0,B01
201400029194,0,7,0,0.0,2.0,2.0,1.0,A01
201400029194,0,30,0,0.0,2.0,1.0,5.0,B01
201400029195,0,7,0,0.0,1.0,2.0,10.0,A01
201400029196,0,7,0,0.0,2.0,1.0,0.0,B01
201400029196,0,7,0,0.0,2.0,7.0,19.0,A01
201400029197,0,7,0,0.0,2.0,3.0,13.0,A01
201400029197,0,7,0,0.0,2.0,3.0,13.0,B01
201400029198,0,7,0,0.0,0.0,0.0,23.0,B01
201400029198,0,7,0,0.0,1.0,3.0,1.0,A01
201400029199,0,7,0,0.0,0.0,1.0,0.0,V01
201400029199,0,31,0,0.0,0.0,1.0,0.0,M01
201400029200,0,7,0,13.0,0.0,2.0,1.0,A01
201400029200,0,7,0,0.0,0.0,0.0,1.0,B01
201400029201,0,7,0,0.0,1.0,7.0,1.0,A01
201400029202,0,7,0,0.0,2.0,1.0,1.0,B01
201400029202,0,7,0,0.0,2.0,2.0,15.0,A01
201400029203,0,7,0,0.0,2.0,3.0,1.0,B01
201400029203,0,7,0,0.0,2.0,1.0,15.0,A01
201400029204,0,7,0,0.0,1.0,2.0,1.0,A01
201400029205,0,7,0,0.0,1.0,0.0,0.0,A01
201400029206,0,7,0,15.0,0.0,0.0,0.0,A01
201400029207,0,7,0,0.0,1.0,0.0,0.0,A01
201400029208,0,7,0,0.0,2.0,1.0,1.0,A01
201400029208,0,7,0,0.0,2.0,4.0,2.0,B01
201400029209,0,7,0,0.0,1.0,1.0,0.0,A01
201400029210,0,7,0,8.0,0.0,1.0,1.0,A01
201400029211,1,7,0,0.0,1.0,1.0,0.0,A01
201400029212,0,36,0,0.0,0.0,9.0,0.0,A01
201400029213,0,7,0,0.0,2.0,1.0,1.0,A01
201400029213,0,7,0,0.0,2.0,4.0,1.0,B01
201400029214,0,7,0,0.0,1.0,3.0,1.0,A01
201400029215,0,7,0,0.0,2.0,3.0,1.0,A01
201400029215,0,7,0,0.0,2.0,3.0,9.0,B01
201400029216,0,7,0,0.0,1.0,2.0,0.0,A01
201400029217,0,33,0,0.0,0.0,0.0,0.0,A01
201400029218,0,31,0,0.0,2.0,1.0,1.0,B01
201400029218,0,7,0,0.0,0.0,6.0,10.0,A01
201400029219,0,7,0,0.0,2.0,1.0,2.0,A01
201400029219,0,7,0,0.0,0.0,4.0,0.0,B01
201400029220,0,7,0,0.0,0.0,4.0,0.0,C01
201400029220,0,15,0,0.0,2.0,1.0,0.0,A01
201400029220,0,7,0,0.0,0.0,4.0,0.0,B01
201400029221,0,7,0,0.0,0.0,0.0,0.0,B01
201400029221,0,7,0,0.0,0.0,0.0,0.0,C01
201400029221,0,7,0,0.0,2.0,0.0,0.0,A01
201400029222,0,7,0,0.0,2.0,0.0,0.0,A01
201400029222,0,7,0,0.0,2.0,0.0,0.0,C01
201400029222,0,7,0,0.0,2.0,0.0,0.0,B01
201400029223,0,7,0,0.0,2.0,0.0,0.0,A01
201400029223,0,7,0,0.0,1.0,0.0,0.0,B01
201400029224,0,7,0,0.0,2.0,0.0,0.0,B01
201400029224,0,7,0,0.0,2.0,0.0,0.0,A01
201400029225,0,7,0,0.0,2.0,1.0,0.0,A01
201400029225,0,7,0,0.0,2.0,4.0,0.0,B01
201400029226,0,7,0,0.0,2.0,1.0,0.0,A01
201400029226,0,7,0,0.0,2.0,3.0,1.0,B01
201400029227,0,7,0,0.0,1.0,2.0,0.0,A01
201400029228,0,1,0,0.0,1.0,8.0,0.0,A01
201400029229,1,7,0,0.0,1.0,0.0,0.0,A01
201400029230,1,33,0,0.0,1.0,1.0,0.0,A01
201400029231,0,7,0,3.0,0.0,1.0,0.0,A01
201400029232,0,7,0,0.0,0.0,0.0,0.0,A01
201400029233,0,7,0,0.0,2.0,0.0,10.0,A01
201400029233,0,33,0,0.0,2.0,1.0,1.0,B01
201400029234,0,7,0,0.0,2.0,8.0,17.0,A01
201400029234,0,15,0,0.0,2.0,0.0,1.0,C01
201400029234,0,7,0,0.0,2.0,0.0,1.0,B01
201400029235,0,7,0,0.0,2.0,4.0,0.0,B01
201400029235,0,7,0,0.0,2.0,1.0,0.0,A01
201400029236,0,7,0,8.0,0.0,1.0,0.0,A01
201400029237,0,7,0,0.0,2.0,1.0,1.0,B01
201400029237,0,7,0,0.0,2.0,1.0,3.0,A01
201400029238,1,99,0,0.0,1.0,0.0,0.0,Z01
201400029239,0,31,0,2.0,0.0,0.0,0.0,A01
201400029240,0,7,0,2.0,0.0,0.0,0.0,A01
201400029241,0,7,0,0.0,1.0,3.0,0.0,A01
201400029242,0,7,0,0.0,1.0,2.0,1.0,A01
201400029243,0,7,0,0.0,1.0,3.0,0.0,A01
201400029244,0,7,0,0.0,2.0,4.0,2.0,C01
201400029244,0,7,0,0.0,2.0,1.0,2.0,A01
201400029244,0,7,0,0.0,2.0,4.0,2.0,B01
201400029245,0,7,0,0.0,2.0,2.0,0.0,B01
201400029245,0,7,0,0.0,2.0,1.0,0.0,A01
201400029246,0,7,0,0.0,2.0,4.0,2.0,B01
201400029246,0,7,0,0.0,2.0,1.0,2.0,A01
201400029247,0,7,0,0.0,1.0,5.0,0.0,A01
201400029248,0,7,0,0.0,2.0,3.0,13.0,A01
201400029248,0,7,0,0.0,2.0,3.0,1.0,B01
201400029249,0,7,0,0.0,1.0,1.0,0.0,A01
201400029250,0,7,0,0.0,1.0,8.0,1.0,A01
201400029251,0,7,0,0.0,2.0,7.0,0.0,A01
201400029251,0,1,0,0.0,2.0,0.0,0.0,B01
201400029252,0,7,0,0.0,1.0,3.0,0.0,A01
201400029253,0,3,0,0.0,2.0,3.0,0.0,A01
201400029253,0,7,0,0.0,2.0,8.0,0.0,B01
201400029253,0,37,1,0.0,2.0,8.0,0.0,C01
201400029254,0,7,0,0.0,2.0,4.0,23.0,B01
201400029254,0,7,0,0.0,2.0,4.0,23.0,C01
201400029254,0,7,0,0.0,2.0,1.0,2.0,A01
201400029255,0,1,0,0.0,2.0,1.0,1.0,A01
201400029255,0,7,0,0.0,2.0,1.0,17.0,B01
201400029256,0,7,0,0.0,2.0,8.0,0.0,B01
201400029256,0,7,0,0.0,2.0,1.0,0.0,A01
201400029257,0,7,0,0.0,2.0,7.0,1.0,B01
201400029257,0,7,0,0.0,2.0,1.0,1.0,A01
201400029258,0,7,0,0.0,2.0,4.0,2.0,B01
201400029258,0,7,0,0.0,2.0,1.0,2.0,A01
201400029258,0,7,0,0.0,2.0,4.0,2.0,D01
201400029258,0,7,0,1.0,2.0,4.0,2.0,C01
201400029259,0,7,0,0.0,1.0,1.0,1.0,A01
201400029260,0,7,0,0.0,2.0,1.0,2.0,A01
201400029260,0,7,0,0.0,1.0,4.0,2.0,B01
201400029261,0,7,0,0.0,2.0,3.0,0.0,A01
201400029261,0,7,0,0.0,2.0,1.0,0.0,B01
201400029262,0,2,0,0.0,2.0,1.0,1.0,A01
201400029262,0,7,0,0.0,2.0,7.0,16.0,B01
201400029263,0,37,1,0.0,1.0,2.0,0.0,A01
201400029264,0,7,0,0.0,2.0,4.0,23.0,B01
201400029264,0,7,0,0.0,2.0,1.0,2.0,A01
201400029265,0,7,0,0.0,1.0,0.0,1.0,A01
201400029266,0,7,0,0.0,1.0,1.0,15.0,A01
201400029267,0,7,0,0.0,2.0,1.0,2.0,A01
201400029267,0,7,0,0.0,2.0,4.0,2.0,B01
201400029267,0,40,0,0.0,2.0,4.0,2.0,C01
201400029268,0,7,0,0.0,1.0,1.0,15.0,A01
201400029269,0,7,0,0.0,2.0,4.0,2.0,B01
201400029269,0,1,0,0.0,2.0,1.0,2.0,A01
201400029270,0,7,0,0.0,2.0,2.0,16.0,A01
201400029270,0,1,0,0.0,2.0,1.0,1.0,B01
201400029271,0,7,0,1.0,2.0,8.0,0.0,A01
201400029271,0,30,0,0.0,2.0,0.0,0.0,B01
201400029272,0,7,0,0.0,1.0,2.0,0.0,A01
201400029273,0,7,0,0.0,2.0,1.0,1.0,A01
201400029273,0,7,0,0.0,2.0,4.0,1.0,B01
201400029274,0,7,0,0.0,1.0,1.0,16.0,A01
201400029275,0,7,0,0.0,1.0,3.0,0.0,A01
201400029276,0,7,0,0.0,1.0,1.0,1.0,A01
201400029277,0,7,0,0.0,2.0,6.0,0.0,B01
201400029277,0,7,0,0.0,2.0,2.0,0.0,A01
201400029278,0,7,0,1.0,1.0,1.0,16.0,A01
201400029279,0,7,0,0.0,1.0,3.0,15.0,A01
201400029280,0,7,0,0.0,2.0,4.0,2.0,B01
201400029280,0,7,0,0.0,2.0,1.0,2.0,A01
201400029281,0,7,0,0.0,0.0,0.0,12.0,A01
201400029281,0,31,0,0.0,2.0,0.0,0.0,B01
201400029282,0,7,0,0.0,2.0,1.0,0.0,A01
201400029282,0,7,0,0.0,2.0,7.0,0.0,B01
201400029283,0,7,0,0.0,1.0,1.0,2.0,A01
201400029284,0,2,0,0.0,1.0,1.0,1.0,A01
201400029285,0,37,1,0.0,2.0,4.0,23.0,B01
201400029285,0,2,0,0.0,2.0,1.0,2.0,A01
201400029286,0,7,0,0.0,2.0,3.0,1.0,A01
201400029286,0,7,0,0.0,2.0,2.0,1.0,B01
201400029287,0,7,0,0.0,2.0,3.0,1.0,B01
201400029287,0,7,0,0.0,2.0,2.0,12.0,A01
201400029288,0,7,0,0.0,1.0,3.0,0.0,A01
201400029289,1,7,0,0.0,2.0,1.0,2.0,Z01
201400029289,0,1,0,0.0,2.0,4.0,2.0,B01
201400029290,0,7,0,0.0,1.0,1.0,15.0,A01
201400029291,0,7,0,0.0,2.0,1.0,1.0,B01
201400029291,0,7,0,0.0,2.0,2.0,15.0,A01
201400029292,0,7,0,0.0,2.0,1.0,0.0,B01
201400029292,2,2,0,0.0,2.0,1.0,0.0,Z01
201400029293,1,7,0,0.0,1.0,4.0,4.0,Z01
201400029294,0,7,0,0.0,2.0,1.0,0.0,A01
201400029294,0,33,0,0.0,2.0,1.0,0.0,B01
201400029295,0,7,0,0.0,2.0,4.0,2.0,B01
201400029295,0,7,0,0.0,2.0,1.0,2.0,A01
201400029296,0,7,0,0.0,2.0,1.0,16.0,A01
201400029296,0,7,0,0.0,2.0,4.0,23.0,B01
201400029297,1,7,0,0.0,2.0,2.0,15.0,Z01
201400029297,0,30,0,0.0,2.0,1.0,1.0,B01
201400029298,0,7,0,0.0,2.0,1.0,17.0,A01
201400029298,0,7,0,0.0,2.0,1.0,1.0,B01
201400029299,0,7,0,0.0,2.0,6.0,15.0,A01
201400029299,0,33,0,0.0,2.0,1.0,1.0,B01
201400029300,0,7,0,0.0,2.0,3.0,10.0,A01
201400029300,0,30,0,0.0,2.0,2.0,17.0,B01
201400029301,0,7,0,0.0,2.0,2.0,15.0,B01
201400029301,0,7,0,9.0,2.0,3.0,1.0,A01
201400029302,0,1,0,0.0,2.0,7.0,0.0,B01
201400029302,0,7,0,0.0,2.0,2.0,15.0,A01
201400029303,0,7,0,0.0,1.0,2.0,1.0,A01
201400029304,0,3,0,6.0,0.0,2.0,0.0,A01
201400029305,0,15,0,0.0,2.0,5.0,4.0,A01
201400029305,0,7,0,0.0,2.0,1.0,0.0,B01
201400029306,0,7,0,0.0,2.0,4.0,2.0,B01
201400029306,0,7,0,0.0,2.0,4.0,2.0,C01
201400029306,0,7,0,0.0,2.0,1.0,2.0,A01
201400029307,0,1,0,0.0,2.0,1.0,1.0,B01
201400029307,0,7,0,0.0,2.0,7.0,15.0,A01
201400029308,0,7,0,0.0,2.0,3.0,0.0,A01
201400029308,0,1,0,0.0,2.0,1.0,0.0,B01
201400029309,0,7,0,8.0,0.0,2.0,1.0,A01
201400029310,0,7,0,0.0,2.0,4.0,2.0,B01
201400029310,0,30,0,0.0,2.0,1.0,2.0,A01
201400029311,0,7,0,0.0,1.0,1.0,1.0,A01
201400029312,0,7,0,0.0,1.0,1.0,9.0,A01
201400029313,0,2,0,0.0,2.0,1.0,2.0,A01
201400029313,0,7,0,0.0,0.0,5.0,2.0,B01
201400029314,0,7,0,0.0,2.0,2.0,0.0,A01
201400029314,0,7,0,0.0,2.0,8.0,0.0,B01
201400029315,0,7,0,0.0,1.0,2.0,1.0,A01
201400029316,0,7,0,0.0,1.0,3.0,15.0,A01
201400029317,0,7,0,0.0,1.0,2.0,15.0,A01
201400029318,0,7,0,0.0,2.0,4.0,2.0,B01
201400029318,0,7,0,0.0,2.0,1.0,2.0,A01
201400029319,0,7,0,0.0,2.0,1.0,13.0,A01
201400029319,0,7,0,0.0,2.0,8.0,1.0,B01
201400029319,0,7,0,0.0,2.0,1.0,1.0,C01
201400029320,0,33,0,0.0,2.0,1.0,1.0,B01
201400029320,0,7,0,0.0,2.0,7.0,15.0,A01
201400029321,0,1,0,0.0,2.0,8.0,1.0,B01
201400029321,0,7,0,0.0,2.0,7.0,16.0,A01
201400029322,0,7,0,0.0,2.0,2.0,1.0,A01
201400029322,0,10,0,0.0,2.0,3.0,1.0,B01
201400029323,0,7,0,0.0,2.0,3.0,1.0,B01
201400029323,0,7,0,0.0,2.0,8.0,9.0,A01
201400029324,0,7,0,0.0,2.0,7.0,0.0,B01
201400029324,0,33,0,0.0,2.0,1.0,0.0,A01
201400029325,0,7,0,0.0,2.0,8.0,10.0,A01
201400029325,0,33,0,0.0,2.0,1.0,1.0,B01
201400029326,0,1,0,0.0,2.0,8.0,0.0,B01
201400029326,0,7,0,0.0,2.0,3.0,0.0,A01
201400029327,0,7,0,0.0,1.0,4.0,4.0,A01
201400029328,0,7,0,0.0,1.0,1.0,0.0,A01
201400029329,0,7,0,0.0,2.0,1.0,9.0,A01
201400029329,0,7,0,0.0,2.0,7.0,1.0,B01