Num_Acc,senc,catv,occutc,obs,obsm,choc,manv,num_veh
201400029330,0,37,1,0.0,2.0,2.0,0.0,B01
201400029330,1,7,0,0.0,2.0,0.0,0.0,Z01
201400029331,0,7,0,0.0,2.0,1.0,1.0,A01
201400029331,0,7,0,0.0,2.0,4.0,1.0,B01
201400029332,0,7,0,0.0,1.0,3.0,1.0,A01
201400029333,0,7,0,0.0,1.0,2.0,16.0,A01
201400029334,0,30,0,0.0,1.0,2.0,0.0,A01
201400029335,0,7,0,0.0,2.0,4.0,23.0,C01
201400029335,0,7,0,0.0,2.0,4.0,23.0,D01
201400029335,0,7,0,0.0,2.0,4.0,23.0,B01
201400029335,0,7,0,0.0,2.0,1.0,2.0,A01
201400029336,1,31,0,0.0,1.0,1.0,1.0,Z01
201400029337,0,1,0,0.0,2.0,1.0,0.0,A01
201400029337,0,34,0,0.0,2.0,1.0,0.0,B01
201400029338,1,7,0,0.0,2.0,1.0,1.0,Z01
201400029338,0,2,0,0.0,2.0,4.0,16.0,B01
201400029339,0,7,0,0.0,2.0,8.0,1.0,B01
201400029339,0,1,0,0.0,2.0,1.0,1.0,A01
201400029340,0,7,0,0.0,2.0,3.0,15.0,B01
201400029340,0,7,0,0.0,2.0,2.0,15.0,A01
201400029341,0,7,0,0.0,2.0,8.0,0.0,A01
201400029341,0,7,0,0.0,2.0,1.0,0.0,B01
201400029342,1,7,0,0.0,2.0,2.0,0.0,Z01
201400029342,0,30,0,1.0,2.0,1.0,0.0,B01
201400029343,1,7,0,0.0,1.0,1.0,9.0,Z01
201400029344,0,7,0,0.0,1.0,3.0,15.0,A01
201400029345,1,7,0,0.0,1.0,1.0,15.0,Z01
201400029346,0,7,0,1.0,1.0,2.0,1.0,A01
201400029347,0,7,0,0.0,2.0,3.0,0.0,A01
201400029347,0,2,0,0.0,2.0,7.0,0.0,B01
201400029348,1,37,1,0.0,1.0,0.0,0.0,Z01
201400029349,0,2,0,0.0,2.0,1.0,5.0,A01
201400029349,0,7,0,0.0,2.0,3.0,2.0,B01
201400029350,0,7,0,0.0,2.0,8.0,0.0,B01
201400029350,0,7,0,0.0,2.0,1.0,0.0,A01
201400029351,0,7,0,0.0,2.0,4.0,2.0,C01
201400029351,0,7,0,0.0,2.0,4.0,2.0,B01
201400029351,1,7,0,0.0,2.0,0.0,0.0,Z01
201400029352,0,7,0,0.0,1.0,3.0,15.0,A01
201400029353,0,7,0,0.0,2.0,1.0,2.0,A01
201400029353,0,7,0,0.0,2.0,6.0,2.0,B01
201400029354,0,7,0,0.0,2.0,2.0,0.0,A01
201400029354,0,33,0,0.0,2.0,8.0,1.0,B01
201400029355,0,7,0,0.0,2.0,1.0,2.0,A01
201400029355,0,7,0,0.0,2.0,4.0,2.0,B01
201400029356,0,7,0,0.0,2.0,2.0,1.0,A01
201400029356,0,1,0,0.0,2.0,6.0,1.0,B01
201400029357,0,7,0,0.0,2.0,1.0,1.0,B01
201400029357,0,7,0,0.0,2.0,3.0,9.0,A01
201400029358,1,7,0,0.0,1.0,1.0,1.0,Z01
201400029359,0,30,0,0.0,2.0,7.0,1.0,B01
201400029359,0,7,0,0.0,2.0,3.0,9.0,A01
201400029360,0,7,0,1.0,0.0,2.0,0.0,A01
201400029361,0,7,0,0.0,2.0,4.0,2.0,B01
201400029361,0,7,0,0.0,2.0,4.0,2.0,C01
201400029361,0,7,0,0.0,2.0,1.0,2.0,A01
201400029362,0,7,0,0.0,2.0,3.0,15.0,A01
201400029362,0,7,0,0.0,2.0,8.0,1.0,B01
201400029363,0,7,0,0.0,2.0,4.0,2.0,B01
201400029363,0,7,0,0.0,2.0,1.0,2.0,A01
201400029364,0,7,0,0.0,1.0,1.0,15.0,A01
201400029365,0,7,0,0.0,2.0,7.0,0.0,B01
201400029365,0,7,0,0.0,2.0,1.0,0.0,A01
201400029366,0,7,0,0.0,1.0,1.0,1.0,A01
201400029367,0,2,0,0.0,2.0,7.0,1.0,A01
201400029367,0,37,1,0.0,9.0,2.0,13.0,B01
201400029368,0,7,0,0.0,2.0,1.0,2.0,A01
201400029368,0,7,0,0.0,2.0,4.0,1.0,B01
201400029369,0,10,0,0.0,1.0,4.0,4.0,A01
201400029370,0,7,0,0.0,2.0,3.0,1.0,C01
201400029370,0,7,0,0.0,2.0,7.0,1.0,B01
201400029370,0,7,0,0.0,2.0,1.0,1.0,A01
201400029371,0,7,0,0.0,2.0,1.0,2.0,A01
201400029371,0,7,0,0.0,2.0,4.0,2.0,B01
201400029371,0,7,0,0.0,2.0,4.0,2.0,C01
201400029372,0,7,0,9.0,0.0,1.0,1.0,A01
201400029373,0,1,0,0.0,2.0,1.0,9.0,A01
201400029373,0,7,0,0.0,2.0,5.0,1.0,B01
201400029374,0,7,0,0.0,1.0,7.0,1.0,A01
201400029375,0,7,0,9.0,0.0,1.0,0.0,A01
201400029376,0,10,0,0.0,2.0,1.0,2.0,A01
201400029376,0,7,0,0.0,2.0,4.0,23.0,B01
201400029377,0,7,0,0.0,2.0,4.0,2.0,C01
201400029377,0,7,0,0.0,2.0,4.0,2.0,B01
201400029377,0,10,0,0.0,2.0,3.0,2.0,D01
201400029377,0,10,0,0.0,2.0,1.0,2.0,A01
201400029378,0,7,0,0.0,2.0,1.0,1.0,B01
201400029378,0,7,0,0.0,2.0,2.0,1.0,A01
201400029379,0,7,0,0.0,2.0,4.0,23.0,B01
201400029379,1,31,0,0.0,2.0,1.0,2.0,Z01
201400029380,0,7,0,0.0,2.0,8.0,15.0,A01
201400029380,0,2,0,0.0,2.0,1.0,1.0,B01
201400029381,2,7,0,6.0,0.0,1.0,1.0,A01
201400029382,0,7,0,0.0,2.0,4.0,2.0,B01
201400029382,0,2,0,0.0,2.0,1.0,2.0,A01
201400029383,0,1,0,0.0,2.0,1.0,1.0,A01
201400029383,0,40,0,0.0,2.0,4.0,23.0,B01
201400029384,0,7,0,7.0,0.0,2.0,1.0,A01
201400029385,0,17,0,0.0,2.0,7.0,0.0,B01
201400029385,0,33,0,0.0,2.0,1.0,0.0,A01
201400029386,0,7,0,13.0,0.0,7.0,1.0,A01
201400029387,0,33,0,0.0,2.0,1.0,17.0,A01
201400029387,0,7,0,0.0,2.0,3.0,15.0,B01
201400029388,0,7,0,16.0,0.0,9.0,1.0,A01
201400029389,0,7,0,0.0,2.0,1.0,2.0,A01
201400029389,0,7,0,0.0,2.0,4.0,2.0,B01
201400029390,0,7,0,0.0,2.0,1.0,0.0,A01
201400029390,0,7,0,0.0,2.0,8.0,1.0,B01
201400029391,0,7,0,0.0,2.0,2.0,1.0,B01
201400029391,0,7,0,0.0,2.0,3.0,0.0,A01
201400029392,0,1,0,0.0,1.0,1.0,0.0,A01
201400029393,0,7,0,0.0,2.0,3.0,2.0,A01
201400029393,0,7,0,0.0,2.0,5.0,2.0,B01
201400029393,0,7,0,0.0,2.0,4.0,2.0,C01
201400029394,0,1,0,0.0,2.0,1.0,0.0,A01
201400029394,0,7,0,0.0,2.0,8.0,0.0,B01
201400029395,0,7,0,0.0,2.0,4.0,2.0,B01
201400029395,0,7,0,0.0,2.0,1.0,2.0,A01
201400029395,0,7,0,0.0,2.0,4.0,2.0,C01
201400029396,0,7,0,1.0,2.0,1.0,2.0,A01
201400029396,0,7,0,0.0,2.0,4.0,2.0,B01
201400029397,0,7,0,0.0,1.0,7.0,1.0,A01
201400029398,1,3,0,0.0,2.0,1.0,2.0,A01
201400029398,0,7,0,0.0,2.0,4.0,23.0,B01
201400029399,0,7,0,0.0,2.0,2.0,15.0,A01
201400029399,0,7,0,0.0,2.0,3.0,1.0,B01
201400029400,0,1,0,0.0,0.0,0.0,0.0,B01
201400029400,1,7,0,0.0,2.0,0.0,0.0,A01
201400029401,0,7,0,0.0,1.0,1.0,0.0,A01
201400029402,0,7,0,0.0,2.0,2.0,20.0,A01
201400029402,0,1,0,0.0,2.0,1.0,1.0,B01
201400029403,0,7,0,0.0,2.0,1.0,13.0,A01
201400029403,0,7,0,0.0,2.0,3.0,1.0,B01
201400029404,0,30,0,0.0,2.0,4.0,0.0,A01
201400029404,0,32,0,0.0,2.0,1.0,0.0,B01
201400029405,0,37,100,2.0,2.0,1.0,1.0,A01
201400029405,0,7,0,0.0,2.0,4.0,23.0,B01
201400029406,0,7,0,0.0,1.0,2.0,1.0,A01
201400029407,0,1,0,0.0,2.0,1.0,5.0,A01
201400029407,0,20,0,0.0,2.0,1.0,1.0,B01
201400029408,0,7,0,0.0,2.0,8.0,1.0,B01
201400029408,0,7,0,0.0,2.0,1.0,0.0,A01
201400029409,0,7,0,0.0,1.0,1.0,1.0,A01
201400029410,0,7,0,0.0,2.0,1.0,15.0,A01
201400029410,0,7,0,0.0,2.0,3.0,1.0,B01
201400029411,0,7,0,0.0,9.0,2.0,1.0,A01
201400029411,0,30,0,0.0,2.0,1.0,1.0,B01
201400029412,0,1,0,0.0,2.0,1.0,0.0,A01
201400029412,0,7,0,0.0,2.0,3.0,1.0,C01
201400029412,0,7,0,0.0,2.0,3.0,1.0,B01
201400029413,0,1,0,0.0,2.0,8.0,1.0,B01
201400029413,0,7,0,0.0,2.0,3.0,10.0,A01
201400029414,0,2,0,0.0,2.0,1.0,1.0,B01
201400029414,0,7,0,0.0,2.0,3.0,9.0,A01
201400029415,0,1,0,0.0,2.0,1.0,1.0,A01
201400029415,0,7,0,0.0,2.0,1.0,1.0,B01
201400029416,0,7,0,0.0,2.0,3.0,0.0,A01
201400029416,0,1,0,0.0,2.0,7.0,19.0,B01
201400029417,0,7,0,0.0,1.0,2.0,1.0,A01
201400029418,1,1,0,0.0,1.0,0.0,0.0,Z01
201400029419,0,7,0,0.0,2.0,4.0,2.0,B01
201400029419,0,7,0,0.0,2.0,1.0,2.0,A01
201400029420,0,7,0,0.0,2.0,4.0,2.0,B01
201400029420,0,7,0,0.0,2.0,4.0,2.0,C01
201400029420,0,7,0,0.0,2.0,1.0,2.0,A01
201400029421,0,10,0,0.0,2.0,1.0,1.0,A01
201400029421,0,32,0,0.0,2.0,1.0,1.0,B01
201400029422,0,7,0,15.0,0.0,1.0,1.0,A01
201400029423,0,7,0,0.0,2.0,4.0,2.0,D01
201400029423,0,7,0,0.0,2.0,4.0,2.0,C01
201400029423,0,7,0,0.0,2.0,4.0,2.0,B01
201400029423,0,7,0,0.0,2.0,1.0,2.0,A01
201400029424,0,7,0,0.0,2.0,4.0,23.0,B01
201400029424,0,7,0,0.0,2.0,1.0,2.0,A01
201400029425,0,1,0,0.0,2.0,1.0,1.0,B01
201400029425,0,7,0,0.0,2.0,3.0,9.0,A01
201400029426,0,1,0,0.0,2.0,8.0,1.0,B01
201400029426,1,10,0,0.0,2.0,7.0,1.0,Z01
201400029427,0,7,0,0.0,1.0,2.0,1.0,A01
201400029428,0,7,0,0.0,1.0,3.0,1.0,A01
201400029429,0,1,0,0.0,0.0,0.0,7.0,A01
201400029430,0,1,0,0.0,2.0,1.0,0.0,B01
201400029430,0,7,0,0.0,2.0,3.0,1.0,A01
201400029431,0,7,0,0.0,2.0,1.0,2.0,A01
201400029431,0,7,0,0.0,2.0,4.0,2.0,C01
201400029431,0,7,0,0.0,2.0,1.0,2.0,B01
201400029432,1,7,0,0.0,1.0,2.0,1.0,Z01
201400029433,0,7,0,0.0,1.0,1.0,1.0,A01
201400029434,0,7,0,0.0,2.0,8.0,1.0,B01
201400029434,0,1,0,0.0,2.0,1.0,0.0,A01
201400029435,0,30,0,0.0,2.0,4.0,2.0,B01
201400029435,0,7,0,0.0,2.0,2.0,2.0,A01
201400029436,0,7,0,15.0,0.0,1.0,19.0,A01
201400029437,0,7,0,1.0,0.0,1.0,0.0,A01
201400029438,0,1,0,0.0,2.0,7.0,0.0,B01
201400029438,0,7,0,0.0,2.0,3.0,0.0,A01
201400029439,0,7,0,0.0,2.0,1.0,15.0,A01
201400029439,0,7,0,0.0,2.0,1.0,1.0,B01
201400029440,0,7,0,0.0,2.0,3.0,0.0,B01
201400029440,0,7,0,0.0,2.0,3.0,0.0,A01
201400029441,0,7,0,0.0,1.0,3.0,0.0,A01
201400029442,0,7,0,0.0,2.0,1.0,15.0,A01
201400029442,0,7,0,0.0,2.0,7.0,1.0,B01
201400029443,0,7,0,0.0,2.0,1.0,1.0,B01
201400029443,0,7,0,0.0,2.0,3.0,1.0,A01
201400029444,0,1,0,0.0,2.0,1.0,0.0,A01
201400029444,0,7,0,0.0,2.0,2.0,0.0,B01
201400029445,0,7,0,0.0,2.0,7.0,1.0,B01
201400029445,0,1,0,0.0,2.0,1.0,1.0,A01
201400029446,0,31,0,0.0,2.0,4.0,2.0,B01
201400029446,0,7,0,0.0,2.0,1.0,2.0,A01
201400029447,0,7,0,0.0,2.0,1.0,1.0,B01
201400029447,0,7,0,0.0,2.0,1.0,15.0,A01
201400029448,0,7,0,0.0,1.0,1.0,1.0,A01
201400029449,0,7,0,0.0,2.0,2.0,0.0,A01
201400029449,0,7,0,0.0,2.0,8.0,15.0,B01
201400029450,0,99,0,0.0,1.0,1.0,1.0,A01
201400029451,0,32,0,0.0,2.0,1.0,0.0,A01
201400029451,0,7,0,0.0,2.0,7.0,15.0,B01
201400029452,0,33,0,0.0,2.0,4.0,23.0,B01
201400029452,0,7,0,0.0,2.0,1.0,2.0,A01
201400029453,0,7,0,0.0,1.0,7.0,1.0,A01
201400029454,0,2,0,0.0,0.0,1.0,0.0,A01
201400029455,0,7,0,0.0,2.0,5.0,23.0,B01
201400029455,0,2,0,0.0,2.0,1.0,1.0,A01
201400029456,0,7,0,8.0,0.0,3.0,0.0,B01
201400029456,1,7,0,0.0,2.0,0.0,0.0,A01
201400029457,0,7,0,0.0,2.0,3.0,1.0,B01
201400029457,0,1,0,1.0,2.0,2.0,9.0,A01
201400029458,0,1,0,0.0,2.0,1.0,1.0,A01
201400029458,0,7,0,0.0,9.0,1.0,1.0,B01
201400029459,0,7,0,0.0,2.0,1.0,0.0,A01
201400029459,0,7,0,0.0,2.0,2.0,0.0,B01
201400029460,0,7,0,0.0,2.0,3.0,13.0,A01
201400029460,0,7,0,0.0,2.0,3.0,1.0,B01
201400029461,0,7,0,0.0,2.0,1.0,1.0,A01
201400029461,0,7,0,1.0,2.0,2.0,1.0,B01
201400029462,0,7,0,0.0,2.0,3.0,15.0,A01
201400029462,0,37,15,0.0,2.0,7.0,7.0,B01
201400029463,0,10,0,1.0,1.0,4.0,4.0,A01
201400029463,0,7,0,2.0,2.0,4.0,24.0,B01
201400029464,0,10,0,0.0,2.0,5.0,23.0,B01
201400029464,0,1,0,0.0,2.0,2.0,1.0,A01
201400029465,0,7,0,0.0,2.0,2.0,0.0,A01
201400029465,0,31,0,0.0,2.0,7.0,1.0,B01
201400029466,0,7,0,0.0,2.0,4.0,2.0,C01
201400029466,0,7,0,0.0,2.0,4.0,2.0,B01
201400029466,0,7,0,0.0,2.0,1.0,2.0,A01
201400029467,0,7,0,0.0,2.0,1.0,1.0,B01
201400029467,0,13,0,1.0,2.0,3.0,1.0,A01
201400029468,0,1,0,0.0,2.0,1.0,0.0,A01
201400029468,0,7,0,0.0,2.0,2.0,1.0,B01
201400029469,0,7,0,0.0,1.0,2.0,1.0,A01
201400029470,0,7,0,0.0,2.0,2.0,1.0,B01
201400029470,0,30,0,0.0,2.0,8.0,13.0,A01
201400029471,0,7,0,0.0,1.0,1.0,0.0,A01
201400029472,0,1,0,0.0,2.0,1.0,0.0,A01
201400029472,0,7,0,0.0,2.0,6.0,0.0,B01
201400029473,0,37,10,0.0,2.0,0.0,7.0,B01
201400029473,1,7,0,0.0,0.0,0.0,16.0,Z01
201400029474,1,7,0,0.0,1.0,0.0,0.0,Z01
201400029475,0,33,0,0.0,1.0,0.0,1.0,A01
201400029476,0,7,0,0.0,2.0,1.0,10.0,B01
201400029476,2,7,0,0.0,2.0,1.0,5.0,A01
201400029477,0,1,0,0.0,2.0,1.0,1.0,C01
201400029477,0,1,0,0.0,2.0,1.0,1.0,B01
201400029477,0,10,0,3.0,2.0,1.0,13.0,A01
201400029477,0,1,0,0.0,2.0,1.0,1.0,D01
201400029478,0,40,0,0.0,1.0,0.0,1.0,A01
201400029479,0,7,0,9.0,2.0,4.0,2.0,B01
201400029479,0,7,0,6.0,2.0,1.0,2.0,A01
201400029480,0,7,0,0.0,2.0,1.0,2.0,A01
201400029480,0,7,0,0.0,2.0,4.0,23.0,B01
201400029481,0,7,0,0.0,1.0,1.0,1.0,A01
201400029482,1,7,0,0.0,0.0,0.0,0.0,Z01
201400029482,0,30,0,0.0,2.0,7.0,1.0,B01
201400029483,1,7,0,0.0,1.0,0.0,1.0,Z01
201400029484,0,7,0,0.0,2.0,7.0,1.0,A01
201400029484,0,7,0,0.0,2.0,8.0,1.0,B01
201400029485,0,7,0,12.0,0.0,2.0,1.0,A01
201400029486,0,7,0,0.0,2.0,1.0,2.0,A01
201400029486,0,7,0,0.0,2.0,4.0,2.0,B01
201400029487,0,2,0,0.0,2.0,1.0,17.0,A01
201400029487,0,7,0,0.0,9.0,8.0,15.0,B01
201400029488,0,7,0,0.0,2.0,3.0,1.0,B01
201400029488,0,7,0,0.0,2.0,2.0,1.0,A01
201400029489,0,7,0,0.0,2.0,7.0,1.0,B01
201400029489,0,7,0,0.0,2.0,8.0,10.0,A01
201400029490,0,7,0,0.0,9.0,4.0,16.0,A01
201400029490,0,1,0,0.0,2.0,1.0,1.0,B01
201400029491,0,7,0,0.0,2.0,1.0,2.0,B01
201400029491,0,7,0,0.0,2.0,4.0,2.0,A01
201400029492,0,2,0,0.0,2.0,4.0,1.0,A01
201400029492,0,7,0,0.0,9.0,1.0,1.0,B01
201400029493,0,7,0,0.0,2.0,3.0,1.0,A01
201400029493,0,7,0,0.0,2.0,8.0,1.0,B01
201400029494,0,7,0,0.0,1.0,1.0,1.0,A01
201400029495,0,7,0,0.0,2.0,4.0,2.0,D01
201400029495,0,7,0,0.0,2.0,4.0,2.0,B01
201400029495,0,7,0,0.0,0.0,4.0,2.0,C01
201400029495,0,10,0,0.0,2.0,1.0,2.0,A01
201400029496,0,7,0,0.0,1.0,7.0,1.0,A01
201400029497,0,7,0,9.0,0.0,3.0,1.0,A01
201400029498,1,7,0,0.0,1.0,0.0,0.0,Z01
201400029499,0,7,0,0.0,2.0,1.0,2.0,A01
201400029499,0,7,0,0.0,2.0,6.0,23.0,B01
201400029500,0,30,0,0.0,0.0,0.0,1.0,A01
201400029501,0,7,0,0.0,2.0,4.0,1.0,B01
201400029501,0,1,0,0.0,2.0,1.0,1.0,A01
201400029502,0,7,0,0.0,2.0,3.0,0.0,A01
201400029502,0,1,0,0.0,2.0,4.0,0.0,B01
201400029503,0,7,0,0.0,1.0,2.0,1.0,A01
201400029504,0,7,0,6.0,0.0,1.0,0.0,A01
201400029505,0,7,0,0.0,2.0,3.0,1.0,B01
201400029505,0,1,0,0.0,2.0,1.0,8.0,A01
201400029506,0,7,0,0.0,2.0,1.0,2.0,A01
201400029506,0,7,0,0.0,2.0,4.0,2.0,B01
201400029507,0,7,0,0.0,2.0,2.0,0.0,B01
201400029507,0,1,0,0.0,2.0,1.0,0.0,A01
201400029508,0,7,0,0.0,1.0,4.0,4.0,A01
201400029509,0,7,0,0.0,2.0,2.0,15.0,A01
201400029509,0,31,0,0.0,2.0,0.0,1.0,B01
201400029510,0,7,0,0.0,2.0,4.0,2.0,B01
201400029510,0,7,0,0.0,2.0,1.0,2.0,A01
201400029511,1,7,0,0.0,2.0,5.0,1.0,A01
201400029511,0,1,0,0.0,2.0,8.0,19.0,B01
201400029512,0,7,0,0.0,2.0,3.0,13.0,A01
201400029512,0,7,0,0.0,2.0,3.0,1.0,B01
201400029513,0,37,4,0.0,2.0,0.0,1.0,B01
201400029513,1,7,0,0.0,2.0,0.0,0.0,Z01
201400029514,0,7,0,1.0,0.0,2.0,14.0,A01
201400029515,0,37,1,0.0,1.0,1.0,1.0,A01
201400029516,0,7,0,0.0,2.0,6.0,15.0,A01
201400029516,0,40,0,0.0,2.0,1.0,1.0,B01
201400029517,0,7,0,0.0,1.0,4.0,20.0,A01
201400029518,0,7,0,0.0,2.0,3.0,1.0,A01
201400029518,0,34,0,0.0,2.0,1.0,1.0,B01
201400029519,0,7,0,0.0,1.0,2.0,1.0,A01
201400029520,0,2,0,0.0,2.0,1.0,1.0,A01
201400029520,0,7,0,0.0,2.0,4.0,1.0,B01
201400029521,0,7,0,0.0,2.0,3.0,15.0,A01
201400029521,0,7,0,0.0,2.0,3.0,1.0,B01
201400029522,0,7,0,0.0,2.0,7.0,15.0,A01
201400029522,0,7,0,0.0,2.0,1.0,1.0,B01
201400029523,0,7,0,0.0,0.0,8.0,0.0,A01
201400029524,0,7,0,0.0,2.0,8.0,10.0,A01
201400029524,0,30,0,0.0,2.0,1.0,17.0,B01
201400029525,0,7,0,0.0,1.0,1.0,1.0,A01
201400029526,0,7,0,0.0,1.0,3.0,0.0,A01
201400029527,0,37,1,0.0,2.0,6.0,1.0,B01
201400029527,0,1,0,0.0,2.0,8.0,13.0,A01
201400029528,0,7,0,0.0,1.0,2.0,1.0,A01
201400029529,0,7,0,0.0,1.0,3.0,1.0,A01
201400029530,0,37,0,0.0,2.0,1.0,1.0,A01
201400029530,0,7,0,0.0,2.0,8.0,1.0,B01
201400029531,0,7,0,0.0,2.0,1.0,2.0,A01
201400029531,0,7,0,0.0,2.0,4.0,2.0,B01
201400029532,0,1,0,0.0,2.0,1.0,1.0,B01
201400029532,0,7,0,0.0,2.0,3.0,1.0,A01
201400029533,0,30,0,0.0,2.0,8.0,15.0,B01
201400029533,0,7,0,0.0,2.0,7.0,17.0,A01
201400029534,0,7,0,0.0,1.0,1.0,15.0,A01
201400029535,0,7,0,0.0,2.0,1.0,1.0,B01
201400029535,0,7,0,0.0,2.0,1.0,15.0,A01
201400029536,0,1,0,0.0,2.0,1.0,1.0,B01
201400029536,0,7,0,0.0,2.0,2.0,16.0,A01
201400029537,0,34,0,0.0,2.0,1.0,1.0,B01
201400029537,0,7,0,0.0,2.0,3.0,15.0,A01
201400029538,0,7,0,0.0,2.0,1.0,2.0,A01
201400029538,0,7,0,0.0,2.0,4.0,2.0,B01
201400029539,0,7,0,0.0,2.0,3.0,1.0,B01
201400029539,1,7,0,0.0,2.0,0.0,15.0,Z01
201400029540,1,7,0,0.0,1.0,2.0,1.0,Z01
201400029541,1,33,0,0.0,0.0,0.0,2.0,Z01
201400029541,0,2,0,0.0,0.0,8.0,1.0,A01
201400029542,0,30,0,0.0,2.0,7.0,1.0,B01
201400029542,0,7,0,0.0,2.0,3.0,13.0,A01
201400029543,0,7,0,0.0,1.0,1.0,15.0,A01
201400029544,0,7,0,0.0,2.0,1.0,1.0,A01
201400029544,0,7,0,0.0,2.0,7.0,1.0,B01
201400029545,0,7,0,0.0,1.0,1.0,1.0,A01
201400029546,0,7,0,0.0,2.0,8.0,1.0,B01
201400029546,1,7,0,0.0,2.0,1.0,1.0,Z01
201400029547,1,7,0,0.0,1.0,0.0,0.0,Z01
201400029548,0,7,0,0.0,1.0,5.0,1.0,A01
201400029549,1,1,0,0.0,1.0,1.0,0.0,Z01
201400029550,0,7,0,0.0,1.0,2.0,15.0,A01
201400029551,0,7,0,0.0,2.0,8.0,24.0,A01
201400029551,0,1,0,1.0,0.0,1.0,1.0,B01
201400029552,0,7,0,0.0,2.0,1.0,2.0,A01
201400029552,0,7,0,0.0,2.0,4.0,2.0,B01
201400029553,0,7,0,0.0,0.0,5.0,0.0,B01
201400029553,0,2,0,0.0,2.0,0.0,21.0,A01
201400029554,0,7,0,0.0,1.0,1.0,1.0,A01
201400029555,0,7,0,0.0,2.0,3.0,13.0,A01
201400029555,0,7,0,0.0,2.0,3.0,1.0,B01
201400029556,0,7,0,0.0,2.0,7.0,15.0,A01
201400029556,0,7,0,0.0,2.0,2.0,1.0,B01
201400029557,0,7,0,0.0,1.0,2.0,1.0,A01
201400029558,0,7,0,7.0,0.0,1.0,15.0,A01
201400029559,0,7,0,0.0,2.0,1.0,15.0,B01
201400029559,0,1,0,0.0,2.0,1.0,1.0,A01
201400029560,0,7,0,0.0,2.0,4.0,23.0,B01
201400029560,0,7,0,0.0,2.0,1.0,2.0,A01
201400029561,0,7,0,0.0,2.0,6.0,1.0,C01
201400029561,0,7,0,0.0,2.0,6.0,1.0,D01
201400029561,0,10,0,0.0,2.0,4.0,23.0,G01
201400029561,0,7,0,0.0,2.0,1.0,9.0,A02
201400029561,0,10,0,0.0,2.0,4.0,19.0,F01
201400029561,0,7,0,0.0,2.0,4.0,1.0,B02
201400029561,0,10,0,0.0,2.0,3.0,1.0,E01
201400029562,0,7,0,0.0,2.0,1.0,0.0,A01
201400029562,0,7,0,0.0,2.0,1.0,0.0,C01
201400029562,0,7,0,0.0,2.0,2.0,0.0,B01
201400029563,0,7,0,0.0,2.0,1.0,2.0,A01
201400029563,0,7,0,0.0,2.0,4.0,23.0,B01
201400029564,0,7,0,0.0,2.0,8.0,10.0,B01
201400029564,0,33,0,0.0,2.0,1.0,17.0,A01
201400029565,0,37,20,0.0,1.0,2.0,1.0,A01
201400029566,0,7,0,0.0,1.0,1.0,1.0,A01
201400029567,0,30,0,0.0,2.0,1.0,1.0,B01
201400029567,0,7,0,0.0,2.0,3.0,15.0,A01
201400029568,0,7,0,0.0,2.0,2.0,15.0,A01
201400029568,0,30,0,0.0,2.0,1.0,1.0,B01
201400029569,0,7,0,0.0,2.0,1.0,1.0,A01
201400029569,0,40,0,0.0,2.0,3.0,1.0,B01
201400029570,0,32,0,0.0,2.0,4.0,0.0,B01
201400029570,0,7,0,0.0,2.0,3.0,0.0,A01
201400029571,0,7,0,0.0,2.0,1.0,2.0,A01
201400029571,0,7,0,0.0,2.0,4.0,2.0,B01
201400029572,0,7,0,0.0,2.0,1.0,2.0,A01
201400029572,0,7,0,0.0,2.0,4.0,2.0,B01
201400029573,0,7,0,0.0,2.0,1.0,1.0,B01
201400029573,0,7,0,0.0,2.0,7.0,1.0,A01
201400029574,0,7,0,1.0,1.0,3.0,0.0,A01
201400029575,0,7,0,0.0,2.0,4.0,2.0,B01
201400029575,0,7,0,0.0,2.0,4.0,2.0,C01
201400029575,0,7,0,0.0,2.0,1.0,2.0,A01
201400029576,0,7,0,0.0,2.0,1.0,2.0,A01
201400029576,0,7,0,0.0,2.0,1.0,2.0,C01
201400029576,0,7,0,0.0,2.0,4.0,2.0,B01
201400029577,0,7,0,0.0,2.0,8.0,1.0,B01
201400029577,0,1,0,0.0,2.0,1.0,16.0,A01
201400029578,0,7,0,0.0,2.0,1.0,13.0,A01
201400029578,0,7,0,0.0,0.0,0.0,20.0,C01
201400029578,0,10,0,1.0,2.0,1.0,1.0,B01
201400029579,0,10,0,0.0,1.0,1.0,1.0,A01
201400029580,0,13,0,0.0,2.0,2.0,14.0,A01
201400029580,0,7,0,0.0,2.0,6.0,1.0,B01
201400029581,0,7,0,0.0,2.0,2.0,15.0,A01
201400029581,0,7,0,0.0,2.0,1.0,1.0,B01
201400029582,0,7,0,0.0,1.0,1.0,1.0,A01
201400029583,0,7,0,0.0,1.0,1.0,1.0,A01
201400029584,0,7,0,0.0,2.0,3.0,1.0,B01
201400029584,0,30,0,0.0,2.0,1.0,5.0,A01
201400029585,0,1,0,0.0,2.0,1.0,1.0,B01
201400029585,0,7,0,0.0,2.0,8.0,22.0,A01
201400029586,0,7,0,0.0,2.0,1.0,1.0,B01
201400029586,0,7,0,0.0,2.0,2.0,15.0,A01
201400029587,0,7,0,0.0,2.0,1.0,2.0,A01
201400029587,0,7,0,0.0,2.0,4.0,2.0,B01
201400029588,0,7,0,0.0,1.0,3.0,15.0,A01
201400029589,0,1,0,0.0,2.0,1.0,1.0,B01
201400029589,0,7,0,0.0,2.0,6.0,9.0,A01
201400029590,0,7,0,0.0,2.0,3.0,1.0,B01
201400029590,0,1,0,0.0,2.0,8.0,1.0,A01
201400029591,0,7,0,0.0,1.0,2.0,1.0,A01
201400029592,0,7,0,0.0,1.0,8.0,1.0,A01