Num_Acc,senc,catv,occutc,obs,obsm,choc,manv,num_veh
201400029593,0,7,0,0.0,2.0,3.0,15.0,B01
201400029593,0,7,0,0.0,2.0,3.0,1.0,A01
201400029594,0,7,0,0.0,2.0,3.0,23.0,B01
201400029594,0,7,0,0.0,2.0,3.0,15.0,A01
201400029595,1,7,0,0.0,1.0,0.0,0.0,Z01
201400029596,0,7,0,0.0,2.0,4.0,2.0,C01
201400029596,0,7,0,0.0,2.0,4.0,2.0,B01
201400029596,0,14,0,0.0,2.0,1.0,2.0,A01
201400029597,0,7,0,0.0,1.0,3.0,1.0,A01
201400029598,0,7,0,0.0,1.0,3.0,1.0,A01
201400029599,0,7,0,0.0,2.0,8.0,1.0,B01
201400029599,0,7,0,0.0,2.0,1.0,0.0,A01
201400029600,0,10,0,9.0,1.0,1.0,1.0,A01
201400029601,0,7,0,0.0,2.0,1.0,1.0,B01
201400029601,0,7,0,0.0,2.0,7.0,13.0,A01
201400029602,0,7,0,0.0,2.0,1.0,2.0,A01
201400029602,0,10,0,0.0,2.0,4.0,2.0,C01
201400029602,0,7,0,0.0,2.0,4.0,2.0,B01
201400029603,0,30,0,1.0,0.0,1.0,13.0,A01
201400029604,0,7,0,0.0,1.0,1.0,15.0,A01
201400029605,0,10,0,0.0,2.0,1.0,16.0,B01
201400029605,0,1,0,0.0,2.0,2.0,5.0,A01
201400029606,0,7,0,0.0,2.0,3.0,15.0,B01
201400029606,0,31,0,0.0,2.0,1.0,5.0,A01
201400029607,0,37,1,0.0,1.0,5.0,16.0,A01
201400029608,0,7,0,0.0,1.0,1.0,15.0,A01
201400029609,0,7,0,0.0,1.0,2.0,1.0,A01
201400029610,0,7,0,8.0,0.0,3.0,17.0,A01
201400029611,0,10,0,0.0,2.0,4.0,23.0,B01
201400029611,0,7,0,0.0,2.0,4.0,23.0,C01
201400029611,0,7,0,7.0,2.0,1.0,2.0,A01
201400029612,0,7,0,0.0,1.0,1.0,1.0,A01
201400029613,0,7,0,0.0,1.0,2.0,1.0,A01
201400029614,0,7,0,0.0,2.0,7.0,15.0,A01
201400029614,0,7,0,0.0,2.0,1.0,1.0,B01
201400029615,0,10,0,0.0,1.0,4.0,4.0,A01
201400029616,0,1,0,0.0,2.0,1.0,1.0,B01
201400029616,0,7,0,0.0,2.0,2.0,15.0,A01
201400029617,1,7,0,9.0,1.0,4.0,0.0,A01
201400029618,0,10,0,0.0,1.0,8.0,1.0,A01
201400029619,0,7,0,0.0,2.0,4.0,2.0,B01
201400029619,0,7,0,0.0,2.0,1.0,2.0,A01
201400029620,0,7,0,0.0,1.0,1.0,15.0,A01
201400029621,0,7,0,0.0,2.0,4.0,23.0,B01
201400029621,0,7,0,0.0,2.0,4.0,23.0,C01
201400029621,0,10,0,0.0,2.0,1.0,2.0,A01
201400029622,0,7,0,0.0,2.0,5.0,15.0,A01
201400029622,0,2,0,0.0,2.0,7.0,21.0,B01
201400029623,0,7,0,9.0,2.0,1.0,5.0,A01
201400029623,0,7,0,0.0,2.0,1.0,1.0,B01
201400029624,0,30,0,0.0,2.0,8.0,0.0,A01
201400029624,0,10,0,0.0,2.0,7.0,1.0,B01
201400029625,0,7,0,0.0,2.0,6.0,2.0,B01
201400029625,0,7,0,0.0,2.0,2.0,2.0,A01
201400029626,0,10,0,0.0,1.0,1.0,1.0,A01
201400029627,0,7,0,0.0,2.0,1.0,2.0,A01
201400029627,0,7,0,0.0,2.0,4.0,2.0,B01
201400029628,0,7,0,0.0,2.0,7.0,1.0,B01
201400029628,0,30,0,0.0,2.0,1.0,0.0,A01
201400029629,0,7,0,0.0,2.0,4.0,2.0,B01
201400029629,0,7,0,0.0,2.0,1.0,2.0,A01
201400029630,0,7,0,0.0,2.0,7.0,1.0,A01
201400029630,0,40,0,0.0,2.0,3.0,1.0,B01
201400029631,0,7,0,0.0,2.0,8.0,9.0,A01
201400029631,0,7,0,0.0,2.0,2.0,1.0,B01
201400029632,0,7,0,0.0,1.0,1.0,15.0,A01
201400029633,0,7,0,0.0,2.0,2.0,15.0,A01
201400029633,0,7,0,0.0,2.0,3.0,1.0,B01
201400029634,0,2,0,0.0,1.0,0.0,14.0,A01
201400029635,0,7,0,8.0,9.0,3.0,15.0,A01
201400029635,0,7,0,0.0,0.0,1.0,1.0,B01
201400029636,0,7,0,0.0,1.0,4.0,9.0,A01
201400029637,0,7,0,8.0,0.0,7.0,1.0,A01
201400029638,0,1,0,0.0,2.0,1.0,1.0,B01
201400029638,0,7,0,0.0,9.0,2.0,15.0,A01
201400029639,0,7,0,0.0,0.0,4.0,2.0,C01
201400029639,0,7,0,0.0,2.0,4.0,2.0,B01
201400029639,0,10,0,0.0,2.0,1.0,2.0,A01
201400029640,0,10,0,0.0,2.0,5.0,0.0,B01
201400029640,0,1,0,0.0,2.0,1.0,1.0,A01
201400029641,0,7,0,0.0,2.0,1.0,2.0,A01
201400029641,0,7,0,0.0,0.0,4.0,2.0,B01
201400029642,0,33,0,0.0,2.0,9.0,21.0,B01
201400029642,0,7,0,0.0,0.0,1.0,15.0,A01
201400029643,0,7,0,0.0,2.0,1.0,5.0,A01
201400029643,0,15,0,0.0,2.0,1.0,1.0,B01
201400029644,0,7,0,3.0,9.0,2.0,1.0,A01
201400029645,0,7,0,0.0,0.0,5.0,1.0,B01
201400029645,0,7,0,14.0,0.0,0.0,0.0,A01
201400029646,0,7,0,0.0,1.0,3.0,1.0,A01
201400029647,0,7,0,8.0,0.0,1.0,14.0,A01
201400029648,0,7,0,0.0,1.0,7.0,1.0,A01
201400029649,0,7,0,0.0,2.0,7.0,15.0,B01
201400029649,0,7,0,0.0,2.0,1.0,1.0,A01
201400029650,0,33,0,0.0,2.0,1.0,1.0,B01
201400029650,0,7,0,0.0,2.0,3.0,15.0,A01
201400029651,0,2,0,0.0,2.0,2.0,1.0,B01
201400029651,0,7,0,0.0,2.0,1.0,15.0,A01
201400029652,0,7,0,0.0,0.0,4.0,23.0,B01
201400029652,0,7,0,0.0,2.0,1.0,1.0,A01
201400029653,0,33,0,0.0,1.0,8.0,17.0,A01
201400029654,0,7,0,0.0,1.0,3.0,15.0,A01
201400029655,0,30,0,1.0,0.0,1.0,14.0,A01
201400029656,0,7,0,13.0,0.0,9.0,13.0,A01
201400029656,0,7,0,0.0,2.0,0.0,5.0,B01
201400029657,0,32,0,0.0,2.0,7.0,17.0,B01
201400029657,1,7,0,0.0,2.0,3.0,10.0,Z01
201400029658,0,7,0,6.0,2.0,1.0,1.0,A01
201400029658,0,7,0,0.0,2.0,7.0,19.0,B01
201400029659,2,7,0,2.0,0.0,1.0,1.0,A01
201400029660,0,7,0,2.0,2.0,1.0,5.0,A01
201400029660,0,17,0,0.0,2.0,3.0,5.0,B01
201400029661,0,7,0,0.0,2.0,8.0,21.0,B01
201400029661,0,7,0,0.0,2.0,1.0,1.0,A01
201400029662,0,7,0,0.0,2.0,1.0,15.0,A01
201400029662,0,7,0,0.0,2.0,1.0,1.0,B01
201400029663,0,37,1,2.0,0.0,1.0,16.0,A01
201400029664,0,33,0,0.0,0.0,8.0,17.0,A01
201400029665,0,7,0,0.0,2.0,6.0,23.0,B01
201400029665,0,7,0,1.0,0.0,2.0,1.0,A01
201400029666,0,7,0,0.0,2.0,3.0,1.0,B01
201400029666,0,7,0,0.0,2.0,3.0,13.0,A01
201400029667,0,7,0,2.0,0.0,1.0,0.0,A01
201400029668,0,1,0,0.0,0.0,6.0,2.0,B01
201400029668,1,7,0,0.0,2.0,2.0,2.0,A01
201400029669,0,7,0,0.0,1.0,4.0,4.0,A01
201400029670,0,7,0,13.0,0.0,1.0,1.0,A01
201400029671,0,7,0,0.0,2.0,1.0,1.0,B01
201400029671,2,7,0,0.0,2.0,2.0,5.0,A01
201400029672,0,7,0,3.0,0.0,6.0,23.0,B01
201400029672,0,99,0,1.0,0.0,2.0,2.0,A01
201400029673,0,7,0,3.0,0.0,0.0,2.0,C01
201400029673,0,7,0,0.0,2.0,3.0,2.0,B01
201400029673,0,7,0,3.0,2.0,1.0,1.0,A01
201400029673,0,7,0,3.0,2.0,4.0,2.0,E01
201400029673,0,7,0,3.0,2.0,1.0,2.0,D01
201400029673,0,7,0,0.0,0.0,8.0,2.0,F02
201400029674,0,33,0,13.0,0.0,1.0,0.0,A01
201400029675,0,7,0,0.0,1.0,1.0,2.0,A01
201400029676,0,7,0,0.0,0.0,6.0,1.0,A01
201400029676,0,33,0,0.0,2.0,2.0,2.0,B01
201400029677,0,7,0,0.0,0.0,5.0,15.0,B01
201400029677,0,7,0,0.0,2.0,3.0,23.0,C01
201400029677,0,33,0,0.0,2.0,1.0,1.0,A01
201400029678,0,31,0,0.0,2.0,2.0,1.0,B01
201400029678,0,14,0,0.0,2.0,3.0,15.0,A01
201400029679,0,7,0,0.0,1.0,1.0,1.0,A01
201400029680,0,33,0,0.0,0.0,0.0,2.0,A01
201400029681,0,14,0,0.0,2.0,3.0,1.0,A01
201400029681,0,7,0,0.0,2.0,3.0,13.0,B01
201400029682,0,7,0,0.0,1.0,7.0,13.0,A01
201400029683,0,33,0,0.0,0.0,1.0,16.0,A01
201400029684,0,7,0,0.0,2.0,1.0,5.0,A01
201400029684,0,33,0,0.0,2.0,1.0,1.0,B01
201400029685,0,7,0,0.0,0.0,9.0,13.0,A01
201400029686,0,7,0,0.0,2.0,6.0,1.0,A01
201400029686,0,7,0,0.0,2.0,6.0,5.0,B01
201400029687,0,2,0,0.0,2.0,8.0,1.0,B01
201400029687,0,10,0,0.0,2.0,8.0,13.0,A01
201400029688,0,7,0,0.0,1.0,4.0,4.0,A01
201400029689,0,7,0,0.0,2.0,1.0,2.0,A01
201400029689,0,7,0,0.0,2.0,9.0,23.0,B01
201400029689,0,7,0,0.0,2.0,4.0,23.0,D01
201400029690,0,7,0,0.0,2.0,3.0,1.0,B01
201400029690,0,7,0,0.0,2.0,2.0,19.0,A01
201400029691,0,7,0,0.0,2.0,4.0,1.0,B01
201400029691,0,7,0,0.0,2.0,1.0,2.0,A01
201400029692,0,7,0,0.0,2.0,2.0,0.0,A01
201400029692,0,2,0,0.0,2.0,2.0,0.0,B01
201400029693,0,7,0,0.0,2.0,2.0,0.0,A01
201400029693,0,7,0,0.0,2.0,3.0,0.0,B01
201400029694,0,2,0,1.0,0.0,2.0,0.0,A01
201400029695,0,1,0,0.0,0.0,0.0,0.0,A01
201400029696,0,2,0,0.0,0.0,0.0,0.0,A01
201400029697,0,7,0,0.0,1.0,1.0,0.0,A01
201400029698,0,2,0,0.0,2.0,1.0,0.0,A01
201400029698,0,7,0,0.0,2.0,4.0,0.0,B01
201400029699,0,7,0,0.0,2.0,4.0,0.0,F01
201400029699,0,7,0,0.0,2.0,4.0,0.0,A01
201400029699,0,7,0,0.0,2.0,4.0,0.0,C01
201400029699,0,7,0,0.0,2.0,1.0,0.0,E02
201400029699,0,7,0,0.0,2.0,4.0,0.0,B01
201400029699,0,7,0,0.0,2.0,1.0,0.0,G01
201400029699,0,7,0,0.0,2.0,4.0,0.0,D02
201400029700,0,7,0,0.0,2.0,4.0,0.0,C01
201400029700,0,7,0,0.0,2.0,1.0,0.0,A01
201400029700,0,7,0,0.0,2.0,4.0,0.0,B01
201400029701,0,7,0,0.0,2.0,1.0,0.0,A01
201400029701,0,7,0,0.0,2.0,2.0,0.0,B01
201400029702,0,33,0,0.0,0.0,0.0,0.0,A01
201400029703,0,7,0,0.0,1.0,0.0,0.0,A01
201400029704,0,7,0,0.0,2.0,0.0,0.0,A01
201400029704,0,7,0,0.0,2.0,4.0,0.0,C01
201400029704,0,7,0,0.0,2.0,4.0,0.0,B01
201400029705,0,7,0,0.0,2.0,3.0,0.0,A01
201400029705,0,7,0,0.0,2.0,3.0,0.0,B01
201400029706,0,7,0,0.0,2.0,0.0,0.0,A01
201400029706,0,1,0,0.0,2.0,0.0,0.0,B01
201400029707,0,7,0,0.0,2.0,3.0,0.0,A01
201400029707,0,2,0,0.0,2.0,1.0,0.0,B01
201400029708,0,33,0,0.0,1.0,1.0,0.0,A01
201400029709,0,7,0,2.0,0.0,0.0,0.0,A01
201400029710,0,2,0,0.0,1.0,1.0,0.0,A01
201400029711,0,7,0,0.0,2.0,1.0,15.0,B01
201400029711,0,2,0,0.0,2.0,0.0,0.0,A01
201400029712,0,7,0,0.0,2.0,0.0,0.0,A01
201400029712,0,2,0,0.0,0.0,0.0,0.0,B01
201400029713,0,7,0,0.0,2.0,1.0,2.0,A01
201400029713,0,7,0,0.0,2.0,4.0,2.0,B01
201400029713,0,7,0,0.0,2.0,4.0,2.0,C01
201400029714,0,1,0,0.0,2.0,0.0,0.0,A01
201400029714,0,7,0,0.0,2.0,0.0,0.0,B01
201400029715,0,7,0,0.0,2.0,3.0,0.0,B01
201400029715,0,7,0,0.0,2.0,3.0,0.0,A01
201400029715,0,7,0,0.0,2.0,0.0,0.0,C01
201400029716,0,7,0,0.0,2.0,2.0,0.0,B01
201400029716,0,33,0,0.0,2.0,1.0,0.0,A01
201400029717,0,7,0,0.0,2.0,0.0,0.0,A01
201400029717,0,1,0,0.0,2.0,0.0,0.0,B01
201400029718,1,7,0,0.0,2.0,0.0,0.0,Z01
201400029718,0,7,0,0.0,2.0,4.0,1.0,B01
201400029719,0,7,0,0.0,2.0,3.0,9.0,A01
201400029719,0,7,0,0.0,2.0,2.0,0.0,B01
201400029720,0,7,0,0.0,2.0,4.0,0.0,B01
201400029720,0,7,0,0.0,2.0,0.0,0.0,A01
201400029721,0,33,0,0.0,0.0,0.0,20.0,A01
201400029722,0,7,0,6.0,0.0,1.0,0.0,A01
201400029723,0,7,0,0.0,2.0,3.0,1.0,A01
201400029723,0,1,0,0.0,2.0,1.0,1.0,B01
201400029723,0,7,0,0.0,2.0,3.0,1.0,C01
201400029724,0,7,0,0.0,2.0,3.0,0.0,B01
201400029724,0,33,0,0.0,2.0,0.0,0.0,A01
201400029725,0,7,0,0.0,2.0,4.0,2.0,B01
201400029725,0,33,0,0.0,2.0,1.0,2.0,A01
201400029726,0,7,0,8.0,0.0,0.0,0.0,A01
201400029727,0,1,0,0.0,0.0,0.0,0.0,A01
201400029728,0,30,0,0.0,2.0,1.0,1.0,A01
201400029728,0,7,0,0.0,2.0,2.0,1.0,B01
201400029729,0,7,0,0.0,1.0,1.0,1.0,A01
201400029730,0,7,0,8.0,0.0,1.0,0.0,A01
201400029731,0,7,0,0.0,0.0,0.0,0.0,A01
201400029732,0,2,0,0.0,2.0,2.0,0.0,A01
201400029732,0,7,0,0.0,2.0,1.0,0.0,B01
201400029733,0,7,0,1.0,2.0,5.0,0.0,A01
201400029733,0,7,0,0.0,2.0,1.0,0.0,B01
201400029734,0,7,0,0.0,1.0,3.0,0.0,A01
201400029735,0,33,0,0.0,0.0,0.0,0.0,A01
201400029736,0,7,0,0.0,2.0,0.0,0.0,A01
201400029736,0,1,0,0.0,2.0,0.0,1.0,B01
201400029737,0,1,0,0.0,0.0,0.0,0.0,A01
201400029738,0,2,0,0.0,0.0,0.0,0.0,A01
201400029739,0,7,0,0.0,1.0,2.0,1.0,A01
201400029740,0,37,1,0.0,1.0,2.0,1.0,A01
201400029741,0,7,0,0.0,1.0,2.0,1.0,A01
201400029742,0,7,0,0.0,2.0,3.0,0.0,B01
201400029742,0,2,0,0.0,2.0,7.0,0.0,A01
201400029743,0,7,0,0.0,2.0,0.0,0.0,B01
201400029743,0,2,0,0.0,2.0,1.0,0.0,A01
201400029744,0,1,0,0.0,2.0,0.0,0.0,B01
201400029744,1,7,0,0.0,2.0,0.0,0.0,A01
201400029745,0,7,0,14.0,0.0,0.0,0.0,A01
201400029746,0,7,0,0.0,2.0,4.0,0.0,C01
201400029746,0,7,0,0.0,2.0,1.0,0.0,B01
201400029746,0,7,0,0.0,2.0,1.0,0.0,A01
201400029747,0,7,0,0.0,1.0,4.0,4.0,A01
201400029748,0,7,0,0.0,2.0,8.0,1.0,B01
201400029748,0,7,0,0.0,2.0,0.0,13.0,A01
201400029748,0,10,0,0.0,2.0,0.0,0.0,C01
201400029749,0,7,0,0.0,2.0,2.0,0.0,A01
201400029749,0,37,2,0.0,2.0,3.0,0.0,B01
201400029750,0,7,0,0.0,2.0,1.0,0.0,A01
201400029750,0,7,0,0.0,2.0,0.0,0.0,B01
201400029751,0,7,0,0.0,2.0,4.0,0.0,B01
201400029751,0,7,0,0.0,2.0,1.0,0.0,A01
201400029751,0,10,0,0.0,2.0,1.0,0.0,C01
201400029752,0,7,0,0.0,2.0,0.0,0.0,A01
201400029752,0,7,0,0.0,2.0,0.0,0.0,B01
201400029753,0,2,0,0.0,2.0,2.0,0.0,B01
201400029753,1,10,0,0.0,2.0,0.0,0.0,A01
201400029754,0,33,0,0.0,1.0,0.0,1.0,A01
201400029755,0,2,0,0.0,0.0,0.0,0.0,A01
201400029756,0,7,0,8.0,0.0,1.0,0.0,A01
201400029757,0,7,0,0.0,1.0,0.0,0.0,A01
201400029758,0,7,0,0.0,2.0,4.0,2.0,B01
201400029758,0,7,0,0.0,2.0,1.0,2.0,A01
201400029759,0,2,0,0.0,0.0,0.0,0.0,A01
201400029760,0,2,0,0.0,0.0,0.0,0.0,A01
201400029760,0,2,0,0.0,0.0,0.0,0.0,B01
201400029761,0,7,0,8.0,0.0,1.0,14.0,A01
201400029762,0,2,0,0.0,2.0,1.0,0.0,A01
201400029762,0,7,0,0.0,2.0,0.0,0.0,B01
201400029763,0,2,0,0.0,2.0,4.0,2.0,B01
201400029763,2,7,0,0.0,2.0,1.0,2.0,A01
201400029764,0,7,0,0.0,1.0,2.0,1.0,A01
201400029765,0,2,0,0.0,0.0,0.0,0.0,A01
201400029766,0,7,0,0.0,2.0,0.0,0.0,A01
201400029766,0,7,0,0.0,2.0,8.0,0.0,B01
201400029767,0,7,0,0.0,0.0,0.0,0.0,A01
201400029768,0,33,0,0.0,0.0,0.0,0.0,A01
201400029769,0,7,0,0.0,1.0,2.0,1.0,A01
201400029770,0,7,0,0.0,2.0,2.0,13.0,A01
201400029770,0,2,0,0.0,2.0,8.0,15.0,B01
201400029771,0,7,0,0.0,2.0,2.0,15.0,A01
201400029771,0,1,0,0.0,2.0,0.0,7.0,B01
201400029772,0,7,0,0.0,1.0,1.0,1.0,A01
201400029773,0,33,0,0.0,2.0,2.0,0.0,B01
201400029773,0,7,0,0.0,2.0,1.0,0.0,A01
201400029774,0,2,0,0.0,0.0,0.0,0.0,A01
201400029775,0,1,0,0.0,2.0,0.0,0.0,B01
201400029775,0,7,0,0.0,2.0,2.0,0.0,A01
201400029776,0,7,0,0.0,1.0,0.0,0.0,A01
201400029777,0,7,0,0.0,2.0,3.0,0.0,B01
201400029777,0,7,0,0.0,2.0,1.0,5.0,A01
201400029778,0,1,0,0.0,2.0,0.0,0.0,A01
201400029778,0,7,0,0.0,2.0,0.0,0.0,B01
201400029779,0,7,0,0.0,2.0,4.0,2.0,C01
201400029779,0,7,0,0.0,2.0,4.0,2.0,B01
201400029779,0,7,0,0.0,2.0,1.0,2.0,A01
201400029780,0,7,0,0.0,1.0,0.0,0.0,A01
201400029781,0,7,0,0.0,2.0,8.0,13.0,A01
201400029781,0,7,0,0.0,2.0,7.0,1.0,B01
201400029782,0,7,0,0.0,2.0,0.0,0.0,A01
201400029782,0,7,0,0.0,2.0,2.0,0.0,B01
201400029783,0,7,0,0.0,2.0,3.0,9.0,A01
201400029783,0,1,0,0.0,2.0,1.0,1.0,B01
201400029784,0,7,0,0.0,2.0,3.0,1.0,B01
201400029784,0,7,0,0.0,2.0,7.0,1.0,A01
201400029785,0,7,0,11.0,0.0,1.0,1.0,A01
201400029786,0,2,0,6.0,0.0,1.0,1.0,A01
201400029787,0,7,0,2.0,0.0,1.0,16.0,A01
201400029788,0,7,0,0.0,2.0,3.0,1.0,B01
201400029788,0,30,0,0.0,2.0,5.0,1.0,A01
201400029789,0,1,0,0.0,2.0,1.0,1.0,B01
201400029789,0,7,0,0.0,2.0,2.0,16.0,A01
201400029790,0,7,0,13.0,0.0,1.0,14.0,A01
201400029791,0,33,0,0.0,2.0,1.0,1.0,B01
201400029791,0,7,0,0.0,2.0,1.0,13.0,A01
201400029792,0,7,0,0.0,1.0,4.0,20.0,A01
201400029793,0,7,0,0.0,2.0,7.0,16.0,A01
201400029793,0,1,0,0.0,2.0,1.0,1.0,B01
201400029794,0,7,0,7.0,2.0,1.0,13.0,A01
201400029794,0,7,0,0.0,2.0,8.0,1.0,B01
201400029795,0,33,0,0.0,2.0,8.0,0.0,A01
201400029795,0,7,0,0.0,2.0,3.0,23.0,B01
201400029796,0,7,0,0.0,2.0,1.0,1.0,B01
201400029796,0,7,0,14.0,2.0,1.0,13.0,A01
201400029796,0,7,0,0.0,2.0,1.0,1.0,C01
201400029797,0,33,0,6.0,0.0,0.0,1.0,A01
201400029798,0,37,100,0.0,1.0,1.0,1.0,A01
201400029799,0,7,0,0.0,2.0,3.0,0.0,B01
201400029799,0,7,0,0.0,2.0,2.0,0.0,A01
201400029800,0,30,0,0.0,0.0,0.0,0.0,A01
201400029801,0,99,0,0.0,1.0,2.0,15.0,A01
201400029802,0,7,0,0.0,2.0,4.0,0.0,A01
201400029802,0,7,0,0.0,2.0,1.0,2.0,B01
201400029803,2,7,0,3.0,0.0,0.0,0.0,A01
201400029804,0,7,0,0.0,1.0,1.0,1.0,A01
201400029805,0,7,0,0.0,1.0,1.0,1.0,A01
201400029806,0,7,0,0.0,2.0,1.0,13.0,A01
201400029806,0,7,0,0.0,2.0,8.0,0.0,B01
201400029807,0,7,0,0.0,2.0,3.0,15.0,A01
201400029807,0,1,0,0.0,2.0,0.0,0.0,B01
201400029808,0,7,0,0.0,2.0,3.0,0.0,A01
201400029808,0,37,2,0.0,2.0,2.0,1.0,B01
201400029809,0,7,0,2.0,0.0,1.0,0.0,A01
201400029810,0,1,0,0.0,1.0,0.0,0.0,A01
201400029811,0,7,0,0.0,2.0,0.0,0.0,B01
201400029811,0,7,0,0.0,2.0,0.0,0.0,C01
201400029811,0,7,0,0.0,2.0,1.0,0.0,A01
201400029812,0,7,0,0.0,2.0,1.0,0.0,B01
201400029812,0,2,0,0.0,2.0,0.0,0.0,A01
201400029813,0,1,0,0.0,2.0,0.0,1.0,B01
201400029813,0,7,0,0.0,2.0,2.0,1.0,A01
201400029814,0,2,0,0.0,0.0,0.0,0.0,A01
201400029815,0,7,0,0.0,1.0,0.0,0.0,A01
201400029816,0,7,0,2.0,0.0,0.0,0.0,A01
201400029817,0,33,0,0.0,0.0,0.0,0.0,A01
201400029818,0,7,0,0.0,2.0,5.0,2.0,B01
201400029818,0,7,0,0.0,2.0,1.0,2.0,A01
201400029819,0,7,0,0.0,2.0,2.0,0.0,B01
201400029819,0,7,0,0.0,2.0,2.0,0.0,A01
201400029820,0,1,0,1.0,0.0,1.0,1.0,B01
201400029820,0,7,0,0.0,2.0,3.0,24.0,A01
201400029821,0,7,0,0.0,1.0,0.0,0.0,A01
201400029822,0,7,0,0.0,2.0,2.0,16.0,A01
201400029822,0,37,7,0.0,2.0,3.0,7.0,B01
201400029823,0,7,0,0.0,2.0,0.0,0.0,A01
201400029823,0,1,0,0.0,2.0,0.0,0.0,B01
201400029824,0,37,1,0.0,2.0,0.0,15.0,A01
201400029824,0,1,0,0.0,2.0,1.0,1.0,B01
201400029825,0,7,0,0.0,1.0,3.0,1.0,A01
201400029826,0,33,0,1.0,2.0,0.0,0.0,A01
201400029826,0,7,0,0.0,2.0,0.0,0.0,B01
201400029827,0,7,0,0.0,2.0,2.0,0.0,A01
201400029827,0,1,0,0.0,2.0,0.0,0.0,B01
201400029828,0,7,0,8.0,0.0,0.0,0.0,A01
201400029829,0,7,0,0.0,1.0,0.0,21.0,A01
201400029830,0,2,0,0.0,0.0,0.0,0.0,A01
201400029831,0,1,0,1.0,0.0,0.0,0.0,A01
201400029832,0,7,0,0.0,1.0,3.0,0.0,A01
201400029833,0,7,0,0.0,2.0,3.0,0.0,B01
201400029833,0,2,0,0.0,2.0,7.0,0.0,A01
201400029834,0,7,0,0.0,2.0,4.0,2.0,B01
201400029834,0,7,0,0.0,2.0,0.0,2.0,D01
201400029834,0,7,0,0.0,2.0,4.0,2.0,E01
201400029834,0,7,0,0.0,2.0,1.0,2.0,A01
201400029834,0,7,0,0.0,2.0,0.0,2.0,C01
201400029835,0,33,0,0.0,0.0,0.0,0.0,A01
201400029836,0,2,0,0.0,0.0,0.0,0.0,A01
201400029837,0,7,0,2.0,0.0,1.0,0.0,A01
201400029838,0,1,0,0.0,1.0,0.0,0.0,A01
201400029839,0,7,0,0.0,2.0,1.0,0.0,B01
201400029839,0,7,0,0.0,2.0,1.0,0.0,A01
201400029840,0,7,0,0.0,2.0,0.0,0.0,A01
201400029840,0,1,0,0.0,2.0,0.0,0.0,B01
201400029841,0,7,0,16.0,0.0,0.0,0.0,A01
201400029842,0,7,0,0.0,2.0,8.0,0.0,B01
201400029842,0,1,0,0.0,2.0,0.0,0.0,A01
201400029843,0,7,0,0.0,2.0,0.0,0.0,B01
201400029843,0,2,0,0.0,2.0,0.0,0.0,A01
201400029844,0,7,0,0.0,2.0,0.0,15.0,A01
201400029844,0,2,0,0.0,2.0,0.0,9.0,B01
201400029845,0,7,0,0.0,2.0,1.0,0.0,A01
201400029845,0,7,0,0.0,2.0,4.0,0.0,B01
201400029846,0,1,0,0.0,0.0,0.0,0.0,A01
201400029847,0,2,0,0.0,2.0,1.0,0.0,A01
201400029847,0,7,0,0.0,2.0,4.0,0.0,B01
201400029848,0,2,0,0.0,2.0,0.0,0.0,A01
201400029848,0,7,0,0.0,2.0,0.0,0.0,B01
201400029849,0,7,0,0.0,1.0,1.0,1.0,A01
201400029850,0,7,0,6.0,0.0,0.0,0.0,A01
201400029851,0,7,0,1.0,0.0,0.0,0.0,A01
201400029852,0,1,0,1.0,0.0,2.0,1.0,B01
201400029852,0,7,0,0.0,2.0,2.0,24.0,A01
201400029853,0,7,0,8.0,0.0,0.0,0.0,A01
201400029854,0,7,0,0.0,2.0,7.0,0.0,B01
201400029854,0,7,0,0.0,2.0,2.0,0.0,A01
201400029854,0,7,0,0.0,2.0,6.0,0.0,C01
201400029855,0,2,0,0.0,2.0,1.0,0.0,A01
201400029855,0,7,0,0.0,2.0,3.0,0.0,B01
201400029856,0,31,0,0.0,2.0,0.0,0.0,C01
201400029856,0,7,0,0.0,0.0,0.0,0.0,B01
201400029856,0,7,0,0.0,2.0,0.0,0.0,A01
201400029857,0,7,0,0.0,1.0,3.0,0.0,A01
201400029858,1,7,0,0.0,1.0,0.0,0.0,Z01
201400029859,0,7,0,0.0,2.0,1.0,0.0,A01
201400029859,0,1,0,1.0,2.0,0.0,0.0,B01
201400029860,0,7,0,0.0,2.0,1.0,0.0,A01
201400029860,0,7,0,0.0,2.0,4.0,0.0,B01
201400029860,0,7,0,0.0,2.0,4.0,0.0,C01
201400029861,0,7,0,2.0,0.0,0.0,0.0,A01
201400029862,0,7,0,0.0,2.0,1.0,0.0,A01
201400029862,0,7,0,0.0,2.0,6.0,0.0,B01
201400029863,0,7,0,0.0,0.0,0.0,0.0,A01
201400029864,0,7,0,0.0,2.0,3.0,0.0,A01
201400029864,0,2,0,0.0,2.0,1.0,0.0,B01
201400029865,0,7,0,0.0,0.0,0.0,0.0,A01
201400029866,0,7,0,0.0,1.0,4.0,4.0,A01
201400029867,0,1,0,0.0,2.0,1.0,2.0,A01
201400029867,0,7,0,0.0,2.0,4.0,2.0,B01
201400029868,0,7,0,0.0,2.0,1.0,0.0,A01
201400029868,0,37,1,0.0,2.0,2.0,0.0,B01
201400029869,0,7,0,0.0,2.0,2.0,0.0,B01
201400029869,0,7,0,0.0,2.0,3.0,0.0,A01
201400029870,0,7,0,0.0,2.0,0.0,0.0,A01
201400029870,0,2,0,0.0,2.0,0.0,1.0,B01
201400029871,0,7,0,0.0,0.0,0.0,0.0,A01
201400029872,0,7,0,0.0,2.0,5.0,1.0,A01