Num_Acc,senc,catv,occutc,obs,obsm,choc,manv,num_veh
201400029872,0,33,0,0.0,2.0,0.0,0.0,B01
201400029873,0,33,0,0.0,0.0,0.0,0.0,A01
201400029874,0,7,0,0.0,1.0,3.0,1.0,A01
201400029874,0,7,0,0.0,2.0,1.0,2.0,B01
201400029874,0,7,0,0.0,2.0,1.0,2.0,C01
201400029875,0,2,0,0.0,0.0,0.0,1.0,A01
201400029876,0,7,0,0.0,1.0,4.0,4.0,A01
201400029877,0,2,0,0.0,2.0,1.0,0.0,A01
201400029877,0,7,0,0.0,2.0,5.0,0.0,B01
201400029878,0,7,0,0.0,1.0,0.0,0.0,A01
201400029879,0,2,0,0.0,2.0,1.0,0.0,A01
201400029879,0,7,0,0.0,2.0,2.0,0.0,B01
201400029880,0,7,0,9.0,0.0,0.0,0.0,A01
201400029881,0,7,0,0.0,2.0,1.0,0.0,A01
201400029881,0,7,0,0.0,2.0,8.0,0.0,B01
201400029882,0,2,0,0.0,2.0,1.0,1.0,B01
201400029882,0,7,0,0.0,2.0,2.0,15.0,A01
201400029883,0,7,0,0.0,2.0,7.0,0.0,A01
201400029883,0,7,0,0.0,2.0,1.0,0.0,B01
201400029884,0,7,0,0.0,2.0,4.0,0.0,B01
201400029884,0,7,0,0.0,2.0,4.0,0.0,C01
201400029884,0,7,0,0.0,2.0,1.0,0.0,A01
201400029885,0,2,0,0.0,0.0,0.0,1.0,A01
201400029886,0,7,0,0.0,0.0,0.0,1.0,A01
201400029887,0,7,0,0.0,0.0,0.0,1.0,A01
201400029887,0,2,0,0.0,0.0,0.0,16.0,B01
201400029888,0,7,0,0.0,2.0,7.0,0.0,A01
201400029888,0,2,0,0.0,2.0,1.0,1.0,B01
201400029889,0,7,0,0.0,1.0,1.0,0.0,A01
201400029890,0,7,0,0.0,1.0,4.0,4.0,A01
201400029891,0,7,0,0.0,2.0,3.0,1.0,B01
201400029891,0,2,0,0.0,2.0,1.0,1.0,A01
201400029892,0,30,0,0.0,1.0,1.0,1.0,A01
201400029893,0,31,0,0.0,1.0,1.0,1.0,A01
201400029894,0,7,0,0.0,1.0,3.0,15.0,A01
201400029895,0,2,0,0.0,0.0,0.0,0.0,A01
201400029896,0,7,0,0.0,2.0,6.0,1.0,B01
201400029896,0,13,0,0.0,2.0,2.0,14.0,A01
201400029897,0,10,0,8.0,0.0,0.0,0.0,A01
201400029898,0,7,0,13.0,0.0,0.0,0.0,A01
201400029899,0,7,0,0.0,2.0,1.0,0.0,A01
201400029899,0,7,0,0.0,2.0,6.0,0.0,B01
201400029900,0,7,0,0.0,2.0,4.0,0.0,B01
201400029900,0,7,0,0.0,2.0,1.0,0.0,C01
201400029900,0,7,0,0.0,2.0,4.0,0.0,A01
201400029901,1,7,0,0.0,2.0,1.0,2.0,Z01
201400029901,0,7,0,0.0,2.0,4.0,2.0,A01
201400029902,0,7,0,13.0,0.0,0.0,0.0,A01
201400029903,0,7,0,0.0,2.0,3.0,1.0,B01
201400029903,0,7,0,0.0,2.0,0.0,0.0,A01
201400029904,0,7,0,0.0,1.0,1.0,1.0,A01
201400029905,0,30,0,0.0,0.0,0.0,0.0,A01
201400029906,0,7,0,0.0,1.0,0.0,0.0,A01
201400029907,0,7,0,0.0,2.0,1.0,0.0,B01
201400029907,0,7,0,0.0,2.0,1.0,0.0,A01
201400029908,0,7,0,0.0,2.0,8.0,0.0,A01
201400029908,0,2,0,0.0,2.0,7.0,0.0,B01
201400029909,0,10,0,0.0,2.0,8.0,1.0,B01
201400029909,0,7,0,0.0,2.0,2.0,15.0,A01
201400029910,0,7,0,0.0,2.0,7.0,0.0,B01
201400029910,0,7,0,0.0,2.0,7.0,0.0,A01
201400029911,0,2,0,0.0,0.0,0.0,0.0,A01
201400029912,0,7,0,0.0,1.0,2.0,0.0,A01
201400029913,0,7,0,0.0,1.0,1.0,1.0,A01
201400029914,0,7,0,0.0,1.0,0.0,0.0,A01
201400029915,0,7,0,0.0,1.0,2.0,0.0,A01
201400029916,0,7,0,0.0,2.0,1.0,2.0,F01
201400029916,0,33,0,0.0,2.0,4.0,2.0,B01
201400029917,0,7,0,0.0,2.0,0.0,0.0,B01
201400029917,0,7,0,0.0,2.0,0.0,0.0,A01
201400029918,0,7,0,0.0,2.0,1.0,0.0,A01
201400029918,0,7,0,0.0,2.0,0.0,0.0,B01
201400029919,0,2,0,0.0,2.0,0.0,0.0,B01
201400029919,0,7,0,0.0,2.0,2.0,15.0,A01
201400029920,0,7,0,2.0,,0.0,0.0,A01
201400029921,0,7,0,0.0,2.0,3.0,1.0,C03
201400029921,0,7,0,0.0,2.0,8.0,1.0,B02
201400029921,0,7,0,0.0,2.0,3.0,1.0,A01
201400029922,0,7,0,0.0,2.0,8.0,10.0,A01
201400029922,0,33,0,0.0,2.0,8.0,1.0,B02
201400029923,0,7,0,0.0,2.0,3.0,1.0,B02
201400029923,0,7,0,3.0,2.0,2.0,1.0,A01
201400029924,0,7,0,13.0,0.0,7.0,1.0,A01
201400029925,0,7,0,2.0,0.0,8.0,14.0,A01
201400029926,0,7,0,0.0,2.0,1.0,1.0,B02
201400029926,0,7,0,0.0,2.0,7.0,0.0,A01
201400029927,0,2,0,0.0,0.0,0.0,0.0,A01
201400029928,0,1,0,0.0,2.0,7.0,0.0,C01
201400029928,0,7,0,0.0,9.0,1.0,0.0,A01
201400029929,0,7,0,0.0,9.0,2.0,16.0,A01
201400029929,0,1,0,0.0,2.0,1.0,1.0,B01
201400029930,0,7,0,0.0,1.0,1.0,1.0,A01
201400029931,0,33,0,0.0,5.0,8.0,1.0,A01
201400029932,0,7,0,0.0,1.0,1.0,1.0,A01
201400029933,0,1,0,0.0,2.0,0.0,15.0,B01
201400029933,0,7,0,0.0,9.0,2.0,16.0,A01
201400029934,0,7,0,0.0,1.0,1.0,1.0,A01
201400029935,0,7,0,0.0,2.0,1.0,15.0,A01
201400029935,0,30,0,0.0,2.0,8.0,1.0,B01
201400029936,0,7,0,0.0,0.0,4.0,2.0,C01
201400029936,0,7,0,0.0,2.0,9.0,2.0,B01
201400029936,0,7,0,0.0,2.0,1.0,2.0,A01
201400029937,0,7,0,0.0,9.0,1.0,2.0,A01
201400029937,0,1,0,0.0,2.0,4.0,1.0,B01
201400029938,0,7,0,0.0,2.0,1.0,0.0,B01
201400029938,0,31,0,0.0,2.0,7.0,1.0,A01
201400029939,0,7,0,8.0,2.0,1.0,1.0,A01
201400029939,0,7,0,0.0,2.0,4.0,1.0,B01
201400029940,0,1,0,0.0,2.0,8.0,2.0,B01
201400029940,1,7,0,0.0,0.0,2.0,16.0,Z01
201400029941,0,10,0,0.0,2.0,1.0,15.0,A01
201400029941,0,10,0,0.0,2.0,3.0,15.0,B01
201400029942,0,10,0,0.0,1.0,2.0,16.0,A01
201400029943,0,7,0,0.0,1.0,1.0,1.0,A01
201400029944,0,7,0,0.0,1.0,7.0,23.0,A01
201400029945,0,7,0,0.0,2.0,4.0,23.0,B01
201400029945,1,7,0,0.0,2.0,1.0,2.0,A01
201400029946,0,7,0,0.0,2.0,1.0,1.0,A01
201400029946,0,7,0,0.0,2.0,3.0,15.0,B01
201400029947,0,7,0,0.0,1.0,7.0,2.0,A01
201400029948,0,37,1,0.0,1.0,1.0,1.0,A01
201400029949,0,1,0,0.0,2.0,2.0,1.0,B01
201400029949,0,7,0,0.0,9.0,3.0,9.0,A01
201400029950,0,7,0,0.0,1.0,1.0,16.0,A01
201400029951,0,7,0,0.0,2.0,3.0,17.0,A01
201400029951,0,7,0,0.0,2.0,3.0,21.0,B01
201400029952,0,15,0,0.0,2.0,1.0,2.0,A01
201400029952,0,14,0,0.0,2.0,4.0,2.0,D01
201400029952,0,7,0,0.0,0.0,4.0,2.0,C01
201400029952,0,14,0,0.0,2.0,4.0,2.0,B01
201400029953,0,7,0,0.0,2.0,1.0,1.0,B01
201400029953,0,7,0,0.0,2.0,1.0,9.0,A01
201400029954,0,2,0,0.0,2.0,1.0,1.0,A01
201400029954,0,14,0,0.0,2.0,8.0,16.0,B01
201400029955,0,2,0,1.0,0.0,1.0,14.0,A01
201400029956,0,38,60,0.0,2.0,2.0,12.0,A01
201400029956,0,7,0,0.0,2.0,6.0,1.0,B01
201400029957,0,7,0,0.0,1.0,8.0,4.0,A01
201400029958,0,7,0,0.0,2.0,1.0,2.0,A01
201400029958,0,7,0,0.0,2.0,6.0,23.0,B01
201400029959,0,7,0,0.0,1.0,1.0,16.0,A01
201400029960,0,7,0,0.0,2.0,1.0,15.0,A01
201400029960,0,7,0,0.0,2.0,8.0,1.0,B01
201400029961,0,10,0,0.0,1.0,4.0,4.0,A01
201400029962,0,30,0,0.0,2.0,1.0,1.0,A01
201400029962,0,7,0,0.0,2.0,1.0,15.0,B01
201400029963,0,7,0,0.0,0.0,3.0,2.0,A01
201400029963,0,7,0,0.0,2.0,5.0,2.0,B01
201400029964,0,7,0,0.0,9.0,5.0,1.0,B01
201400029964,0,3,0,0.0,2.0,3.0,19.0,A01
201400029965,0,7,0,0.0,2.0,2.0,15.0,A01
201400029965,0,33,0,0.0,2.0,1.0,1.0,B01
201400029966,0,7,0,0.0,1.0,1.0,1.0,A01
201400029967,0,7,0,0.0,1.0,4.0,4.0,A01
201400029968,0,1,0,0.0,2.0,8.0,1.0,B01
201400029968,0,7,0,0.0,9.0,7.0,5.0,A01
201400029969,0,7,0,0.0,2.0,1.0,2.0,A01
201400029969,0,7,0,0.0,2.0,4.0,2.0,B01
201400029970,0,7,0,0.0,1.0,2.0,1.0,A01
201400029971,0,7,0,0.0,1.0,3.0,1.0,A01
201400029972,0,7,0,16.0,2.0,3.0,13.0,A01
201400029972,0,7,0,13.0,2.0,3.0,1.0,B02
201400029973,0,2,0,0.0,2.0,1.0,1.0,B02
201400029973,0,7,0,0.0,2.0,3.0,17.0,A01
201400029974,0,7,0,0.0,0.0,3.0,1.0,B02
201400029974,0,2,0,0.0,0.0,1.0,13.0,A01
201400029975,0,7,0,0.0,2.0,3.0,13.0,A01
201400029975,0,7,0,0.0,2.0,2.0,1.0,B02
201400029976,0,10,0,6.0,0.0,2.0,1.0,A01
201400029977,0,7,0,0.0,0.0,2.0,0.0,A01
201400029977,0,1,0,0.0,0.0,0.0,0.0,B02
201400029978,0,10,0,0.0,0.0,6.0,2.0,C03
201400029978,0,7,0,0.0,2.0,1.0,13.0,A01
201400029978,0,7,0,6.0,0.0,1.0,1.0,B02
201400029979,0,7,0,0.0,2.0,3.0,1.0,B01
201400029979,0,7,0,0.0,2.0,6.0,16.0,A01
201400029980,0,7,0,0.0,1.0,2.0,1.0,A01
201400029981,0,33,0,0.0,2.0,2.0,1.0,B01
201400029981,0,3,0,0.0,9.0,2.0,15.0,A01
201400029982,0,7,0,0.0,2.0,1.0,1.0,A01
201400029982,0,10,0,0.0,2.0,8.0,1.0,B01
201400029983,0,7,0,0.0,1.0,7.0,0.0,A01
201400029984,0,7,0,0.0,2.0,1.0,2.0,A01
201400029984,0,7,0,0.0,2.0,4.0,16.0,B01
201400029985,0,7,0,1.0,2.0,8.0,1.0,B01
201400029985,0,7,0,0.0,2.0,1.0,1.0,A01
201400029986,0,10,0,0.0,1.0,4.0,4.0,A01
201400029987,0,7,0,0.0,1.0,1.0,15.0,A01
201400029988,0,7,0,0.0,2.0,1.0,1.0,B01
201400029988,0,7,0,0.0,2.0,2.0,1.0,A01
201400029989,0,2,0,0.0,2.0,9.0,0.0,B01
201400029989,0,7,0,0.0,9.0,2.0,15.0,A01
201400029990,0,7,0,0.0,1.0,3.0,1.0,A01
201400029991,0,17,0,6.0,2.0,1.0,1.0,A01
201400029991,0,7,0,0.0,0.0,8.0,1.0,B01
201400029992,0,10,0,0.0,1.0,0.0,1.0,A01
201400029993,0,7,0,0.0,0.0,6.0,15.0,B01
201400029993,0,33,0,0.0,2.0,3.0,1.0,A01
201400029994,0,7,0,0.0,2.0,1.0,1.0,B01
201400029994,0,10,0,1.0,2.0,4.0,16.0,A01
201400029995,0,7,0,0.0,1.0,1.0,1.0,A01
201400029996,0,7,0,0.0,1.0,2.0,1.0,A01
201400029997,0,33,0,13.0,0.0,3.0,1.0,B01
201400029997,0,7,0,0.0,0.0,0.0,0.0,A01
201400029998,0,7,0,15.0,2.0,2.0,1.0,B01
201400029998,0,31,0,0.0,2.0,8.0,1.0,A01
201400029999,0,37,6,0.0,1.0,2.0,1.0,A01
201400030000,0,7,0,0.0,2.0,3.0,10.0,B01
201400030000,0,33,0,0.0,2.0,1.0,1.0,A01
201400030001,0,7,0,0.0,2.0,3.0,15.0,A01
201400030001,0,7,0,0.0,2.0,1.0,1.0,B01
201400030002,0,10,0,0.0,1.0,3.0,1.0,A01
201400030003,0,7,0,13.0,0.0,1.0,2.0,A01
201400030004,0,2,0,0.0,2.0,1.0,1.0,B01
201400030004,0,7,0,0.0,2.0,3.0,20.0,A01
201400030005,1,7,0,0.0,1.0,1.0,1.0,A01
201400030006,0,15,0,0.0,2.0,1.0,19.0,A01
201400030006,0,7,0,0.0,2.0,8.0,1.0,B01
201400030007,0,34,0,0.0,2.0,3.0,13.0,A01
201400030007,0,15,0,0.0,9.0,6.0,1.0,B01
201400030008,0,7,0,0.0,1.0,2.0,2.0,A01
201400030009,0,10,0,0.0,2.0,7.0,19.0,A01
201400030009,0,33,0,0.0,2.0,1.0,2.0,B01
201400030010,0,7,0,13.0,0.0,2.0,14.0,A01
201400030011,0,7,0,0.0,2.0,3.0,9.0,A01
201400030011,0,1,0,0.0,2.0,1.0,1.0,B01
201400030012,1,7,0,0.0,1.0,1.0,16.0,Z01
201400030013,0,7,0,0.0,2.0,3.0,16.0,B01
201400030013,0,1,0,0.0,2.0,1.0,5.0,A01
201400030014,0,7,0,2.0,2.0,7.0,17.0,A01
201400030014,0,10,0,0.0,2.0,3.0,15.0,B01
201400030015,0,7,0,0.0,1.0,0.0,1.0,A01
201400030016,0,1,0,0.0,2.0,0.0,19.0,B01
201400030016,0,7,0,0.0,2.0,3.0,15.0,A01
201400030017,0,7,0,0.0,1.0,2.0,1.0,A01
201400030018,0,7,0,0.0,2.0,2.0,17.0,A01
201400030018,0,1,0,0.0,2.0,1.0,2.0,B01
201400030019,0,7,0,0.0,1.0,1.0,1.0,A01
201400030020,0,7,0,0.0,1.0,3.0,1.0,A01
201400030021,0,1,0,0.0,2.0,5.0,19.0,B01
201400030021,0,7,0,0.0,2.0,3.0,1.0,A01
201400030022,0,7,0,0.0,2.0,1.0,13.0,A01
201400030022,0,7,0,0.0,2.0,1.0,1.0,B01
201400030023,0,7,0,0.0,2.0,4.0,1.0,C01
201400030023,0,7,0,0.0,2.0,4.0,1.0,B01
201400030023,0,33,0,0.0,2.0,1.0,1.0,A01
201400030024,0,7,0,0.0,1.0,1.0,15.0,A01
201400030025,0,7,0,8.0,1.0,1.0,13.0,A01
201400030026,0,7,0,0.0,1.0,1.0,1.0,A01
201400030027,0,7,0,0.0,1.0,1.0,1.0,A01
201400030028,0,7,0,0.0,2.0,1.0,9.0,A01
201400030028,0,2,0,0.0,2.0,1.0,1.0,B01
201400030029,0,7,0,0.0,2.0,2.0,15.0,A01
201400030029,0,30,0,0.0,2.0,1.0,1.0,B01
201400030030,0,7,0,0.0,2.0,3.0,1.0,B01
201400030030,0,1,0,0.0,2.0,1.0,19.0,A01
201400030031,0,7,0,0.0,1.0,1.0,1.0,A01
201400030032,0,2,0,0.0,2.0,4.0,23.0,B01
201400030032,0,7,0,0.0,2.0,1.0,1.0,A01
201400030033,0,7,0,0.0,2.0,1.0,1.0,A01
201400030033,0,7,0,0.0,2.0,4.0,1.0,B01
201400030034,0,2,0,0.0,2.0,3.0,1.0,B01
201400030034,0,7,0,0.0,2.0,3.0,9.0,A01
201400030035,0,7,0,6.0,0.0,1.0,1.0,A01
201400030036,0,14,0,0.0,2.0,3.0,23.0,C01
201400030036,0,7,0,0.0,2.0,1.0,1.0,B01
201400030036,0,7,0,1.0,2.0,1.0,17.0,A01
201400030037,0,31,0,0.0,2.0,2.0,17.0,A01
201400030037,0,7,0,0.0,2.0,3.0,15.0,B01
201400030038,0,33,0,0.0,2.0,2.0,1.0,B01
201400030038,0,7,0,0.0,2.0,2.0,15.0,A01
201400030039,0,31,0,8.0,2.0,3.0,7.0,A01
201400030039,0,7,0,0.0,2.0,7.0,14.0,B01
201400030040,0,2,0,0.0,1.0,1.0,5.0,A01
201400030041,0,33,0,0.0,2.0,1.0,1.0,B01
201400030041,0,37,4,0.0,2.0,3.0,1.0,A01
201400030042,0,7,0,12.0,0.0,1.0,1.0,A01
201400030043,0,7,0,0.0,1.0,1.0,1.0,A01
201400030044,0,7,0,0.0,1.0,1.0,1.0,A01
201400030045,0,1,0,0.0,2.0,1.0,1.0,A01
201400030045,0,7,0,0.0,0.0,2.0,1.0,B01
201400030046,0,2,0,14.0,0.0,1.0,1.0,A01
201400030047,0,10,0,0.0,2.0,1.0,1.0,A01
201400030047,0,7,0,0.0,2.0,1.0,15.0,B01
201400030048,0,7,0,0.0,1.0,3.0,16.0,A01
201400030049,0,7,0,0.0,1.0,0.0,19.0,A01
201400030050,0,7,0,0.0,1.0,2.0,1.0,A01
201400030051,0,30,0,0.0,2.0,3.0,1.0,A01
201400030051,0,7,0,0.0,2.0,1.0,1.0,B01
201400030052,0,2,0,0.0,2.0,7.0,18.0,B01
201400030052,0,7,0,0.0,2.0,8.0,10.0,A01
201400030053,0,7,0,0.0,1.0,3.0,1.0,A01
201400030054,0,7,0,2.0,0.0,1.0,1.0,A01
201400030055,0,7,0,0.0,1.0,1.0,1.0,A01
201400030056,0,33,0,0.0,2.0,1.0,17.0,B01
201400030056,0,7,0,0.0,2.0,1.0,9.0,A01
201400030057,0,7,0,0.0,2.0,1.0,9.0,A01
201400030057,0,1,0,0.0,2.0,1.0,1.0,B01
201400030058,0,7,0,0.0,2.0,8.0,9.0,A01
201400030058,0,7,0,0.0,2.0,1.0,1.0,B01
201400030059,0,33,0,0.0,2.0,4.0,1.0,B01
201400030059,0,7,0,0.0,2.0,1.0,0.0,A01
201400030060,0,7,0,0.0,1.0,2.0,1.0,A01
201400030061,0,2,0,0.0,2.0,1.0,1.0,B01
201400030061,0,7,0,0.0,2.0,3.0,15.0,A01
201400030062,1,7,0,0.0,2.0,1.0,1.0,Z01
201400030062,0,1,0,0.0,2.0,2.0,15.0,A01
201400030063,0,1,0,0.0,2.0,0.0,0.0,B01
201400030064,1,7,0,0.0,1.0,0.0,0.0,Z01
201400030065,0,1,0,0.0,2.0,1.0,1.0,A01
201400030065,0,7,0,0.0,2.0,3.0,15.0,B01
201400030066,0,31,0,0.0,2.0,3.0,1.0,A01
201400030066,0,7,0,0.0,2.0,6.0,9.0,B01
201400030067,0,1,0,0.0,2.0,1.0,1.0,B01
201400030067,0,7,0,0.0,2.0,0.0,15.0,A01
201400030068,0,7,0,0.0,2.0,3.0,1.0,B01
201400030068,0,7,0,0.0,2.0,3.0,15.0,A01
201400030069,0,7,0,0.0,2.0,4.0,2.0,B01
201400030069,0,10,0,0.0,2.0,1.0,1.0,A01
201400030069,0,7,0,0.0,2.0,4.0,2.0,C01
201400030070,0,7,0,0.0,2.0,1.0,23.0,A01
201400030070,0,1,0,2.0,2.0,1.0,21.0,B01
201400030071,0,7,0,0.0,2.0,2.0,15.0,A01
201400030071,0,1,0,0.0,2.0,1.0,1.0,B01
201400030072,0,2,0,0.0,2.0,1.0,1.0,B01
201400030072,0,7,0,0.0,2.0,2.0,9.0,A01
201400030073,1,7,0,0.0,2.0,7.0,15.0,Z01
201400030073,0,30,0,0.0,2.0,3.0,1.0,A01
201400030074,0,7,0,14.0,0.0,1.0,1.0,A01
201400030075,0,7,0,0.0,2.0,1.0,9.0,A01
201400030075,0,30,0,0.0,2.0,8.0,1.0,B01
201400030076,0,7,0,0.0,2.0,3.0,15.0,B01
201400030076,0,33,0,0.0,2.0,2.0,17.0,A01
201400030077,0,7,0,0.0,1.0,1.0,1.0,A01
201400030078,0,7,0,1.0,0.0,1.0,1.0,A01
201400030079,0,30,0,0.0,2.0,1.0,1.0,B01
201400030079,0,7,0,0.0,2.0,4.0,1.0,A01
201400030080,0,33,0,0.0,2.0,2.0,1.0,B01
201400030080,0,7,0,0.0,2.0,3.0,5.0,A01
201400030081,0,15,0,0.0,2.0,1.0,1.0,A01
201400030081,0,7,0,0.0,2.0,3.0,9.0,B01
201400030082,0,2,0,0.0,2.0,1.0,1.0,B01
201400030082,0,10,0,0.0,2.0,3.0,9.0,A01
201400030083,0,7,0,3.0,9.0,1.0,1.0,A01
201400030083,0,7,0,0.0,9.0,1.0,1.0,B01
201400030084,0,7,0,0.0,2.0,3.0,13.0,A01
201400030084,0,7,0,0.0,2.0,6.0,1.0,B01
201400030084,0,7,0,0.0,2.0,1.0,1.0,C01
201400030085,0,7,0,0.0,2.0,1.0,1.0,B01
201400030085,0,2,0,0.0,2.0,1.0,5.0,A01
201400030086,0,7,0,0.0,1.0,3.0,1.0,A01
201400030087,0,7,0,0.0,2.0,4.0,1.0,B01
201400030087,0,7,0,0.0,2.0,7.0,1.0,C01
201400030087,0,7,0,0.0,2.0,4.0,23.0,D01
201400030087,0,10,0,0.0,2.0,1.0,21.0,A01
201400030088,0,7,0,0.0,1.0,4.0,4.0,A01
201400030089,0,7,0,0.0,2.0,1.0,1.0,A01
201400030089,0,1,0,0.0,2.0,1.0,9.0,B01
201400030090,0,37,1,0.0,2.0,4.0,1.0,C01
201400030090,0,7,0,0.0,2.0,2.0,2.0,A01
201400030090,0,7,0,0.0,2.0,4.0,1.0,B01
201400030091,0,7,0,0.0,1.0,8.0,1.0,A01
201400030092,0,7,0,0.0,1.0,1.0,1.0,A01
201400030093,0,7,0,0.0,2.0,4.0,15.0,B01
201400030093,0,7,0,0.0,2.0,1.0,2.0,A01
201400030094,0,7,0,7.0,2.0,1.0,17.0,A01
201400030094,0,7,0,0.0,2.0,3.0,15.0,B01
201400030095,0,7,0,0.0,1.0,0.0,1.0,A01
201400030096,0,33,0,0.0,2.0,1.0,17.0,A01
201400030096,0,1,0,0.0,2.0,3.0,19.0,B01
201400030097,0,7,0,0.0,2.0,2.0,15.0,A01
201400030097,0,7,0,0.0,2.0,1.0,1.0,B01
201400030098,0,7,0,16.0,0.0,1.0,1.0,A01
201400030099,0,7,0,0.0,2.0,4.0,1.0,A01
201400030099,1,7,0,0.0,2.0,1.0,1.0,Z01
201400030100,0,7,0,0.0,2.0,4.0,1.0,B01
201400030100,0,7,0,0.0,2.0,1.0,1.0,A01
201400030101,0,2,0,0.0,2.0,0.0,1.0,B01
201400030101,0,7,0,0.0,2.0,3.0,15.0,A01
201400030102,0,30,0,0.0,2.0,1.0,17.0,A01
201400030102,0,7,0,0.0,2.0,3.0,15.0,B01
201400030103,0,7,0,0.0,2.0,4.0,1.0,A01
201400030103,0,33,0,0.0,9.0,1.0,1.0,B01
201400030104,0,10,0,0.0,2.0,7.0,11.0,A01
201400030104,0,33,0,0.0,2.0,8.0,1.0,B01
201400030105,0,7,0,0.0,1.0,2.0,1.0,A01
201400030106,0,7,0,1.0,2.0,1.0,1.0,A01
201400030106,0,7,0,0.0,2.0,8.0,15.0,B01
201400030107,0,7,0,0.0,2.0,1.0,1.0,B01
201400030107,0,7,0,0.0,2.0,8.0,9.0,A01
201400030108,0,10,0,0.0,2.0,3.0,1.0,A01
201400030108,0,1,0,0.0,2.0,4.0,0.0,B01
201400030109,0,7,0,0.0,2.0,1.0,15.0,A01
201400030109,0,1,0,0.0,2.0,1.0,1.0,B01
201400030110,0,7,0,0.0,1.0,1.0,1.0,A01
201400030111,0,7,0,0.0,2.0,7.0,15.0,A01
201400030111,0,7,0,0.0,2.0,1.0,1.0,B01
201400030112,0,7,0,0.0,2.0,2.0,15.0,A01
201400030112,0,1,0,0.0,2.0,1.0,1.0,B01
201400030113,0,7,0,0.0,2.0,1.0,15.0,B01
201400030113,0,7,0,0.0,2.0,1.0,5.0,A01
201400030114,0,7,0,6.0,0.0,2.0,1.0,A01
201400030115,0,31,0,0.0,0.0,7.0,1.0,B01
201400030115,0,14,0,0.0,0.0,0.0,9.0,A01
201400030116,1,7,0,0.0,2.0,1.0,1.0,Z01
201400030116,0,1,0,0.0,2.0,7.0,19.0,A01
201400030117,1,7,0,0.0,1.0,1.0,1.0,Z01
201400030118,0,7,0,0.0,1.0,1.0,1.0,A01
201400030119,0,10,0,0.0,2.0,4.0,1.0,B01
201400030119,0,10,0,0.0,2.0,1.0,1.0,A01
201400030120,0,7,0,0.0,2.0,1.0,1.0,B01
201400030120,0,7,0,0.0,2.0,1.0,5.0,A01
201400030120,0,7,0,0.0,2.0,1.0,1.0,C01
201400030121,0,7,0,0.0,1.0,3.0,15.0,A01
201400030122,0,7,0,0.0,1.0,3.0,1.0,A01
201400030123,0,37,1,0.0,2.0,1.0,21.0,B01
201400030123,0,32,0,0.0,2.0,1.0,5.0,A01
201400030124,0,7,0,0.0,1.0,2.0,1.0,A01
201400030125,0,7,0,0.0,1.0,1.0,1.0,A01
201400030126,0,7,0,0.0,1.0,1.0,1.0,A01
201400030127,0,7,0,0.0,1.0,3.0,1.0,A01
201400030128,0,7,0,1.0,0.0,1.0,1.0,B01
201400030128,0,7,0,6.0,2.0,6.0,15.0,A01
201400030129,0,7,0,0.0,1.0,1.0,1.0,A01
201400030130,0,7,0,0.0,1.0,3.0,1.0,A01
201400030131,1,7,0,0.0,1.0,3.0,1.0,A01
201400030132,0,7,0,0.0,2.0,4.0,1.0,B01
201400030132,1,7,0,0.0,2.0,1.0,1.0,A01
201400030133,0,7,0,0.0,2.0,3.0,1.0,B01
201400030133,0,7,0,0.0,2.0,1.0,13.0,A01
201400030134,0,1,0,0.0,2.0,8.0,13.0,B01
201400030134,0,7,0,0.0,2.0,1.0,17.0,A01
201400030135,0,7,0,0.0,1.0,1.0,5.0,A01
201400030136,1,32,0,0.0,0.0,0.0,0.0,A01
201400030137,0,2,0,16.0,0.0,1.0,1.0,A01
201400030138,0,2,0,6.0,0.0,1.0,14.0,A01
201400030139,0,37,2,0.0,1.0,2.0,1.0,A01
201400030140,0,7,0,0.0,2.0,2.0,1.0,B01
201400030140,0,7,0,0.0,2.0,2.0,19.0,A01
201400030141,0,7,0,0.0,1.0,2.0,1.0,A01
201400030142,0,33,0,0.0,2.0,1.0,1.0,B01
201400030142,0,7,0,0.0,2.0,4.0,4.0,A01
201400030143,0,7,0,0.0,1.0,2.0,1.0,A01
201400030144,0,7,0,0.0,1.0,1.0,1.0,A01
201400030145,0,37,1,0.0,1.0,2.0,1.0,A01
201400030146,0,7,0,0.0,1.0,2.0,1.0,A01
201400030147,0,2,0,0.0,2.0,1.0,19.0,A01
201400030147,0,7,0,0.0,2.0,8.0,1.0,B01
201400030148,1,7,0,0.0,0.0,0.0,2.0,Z01
201400030148,0,33,0,0.0,0.0,0.0,17.0,B01
201400030149,1,7,0,0.0,0.0,0.0,10.0,Z01
201400030149,0,2,0,1.0,0.0,7.0,1.0,B01
201400030150,0,10,0,0.0,2.0,3.0,9.0,A01
201400030150,0,33,0,0.0,2.0,7.0,1.0,B01
201400030151,0,7,0,0.0,2.0,1.0,0.0,A01
201400030151,0,7,0,0.0,2.0,1.0,1.0,B01
201400030152,0,2,0,0.0,2.0,3.0,1.0,B01
201400030152,0,7,0,1.0,2.0,3.0,15.0,A01
201400030153,0,7,0,0.0,1.0,0.0,4.0,A01
201400030154,0,7,0,0.0,1.0,1.0,1.0,A01
201400030155,0,7,0,0.0,2.0,1.0,0.0,A01
201400030155,0,7,0,0.0,2.0,1.0,0.0,B01
201400030156,0,7,0,0.0,2.0,4.0,1.0,B01
201400030156,0,33,0,0.0,2.0,1.0,1.0,A01
201400030157,0,7,0,0.0,2.0,1.0,1.0,A01
201400030157,0,7,0,0.0,2.0,2.0,1.0,B01
201400030158,0,7,0,0.0,9.0,1.0,1.0,A01