Num_Acc,senc,catv,occutc,obs,obsm,choc,manv,num_veh
201400030158,0,33,0,0.0,2.0,0.0,1.0,B01
201400030159,0,7,0,0.0,2.0,8.0,2.0,B01
201400030159,0,2,0,0.0,2.0,1.0,2.0,A01
201400030160,0,7,0,0.0,2.0,1.0,0.0,B01
201400030160,0,7,0,0.0,2.0,1.0,0.0,A01
201400030161,0,7,0,0.0,1.0,3.0,0.0,A01
201400030162,0,7,0,0.0,2.0,1.0,1.0,B01
201400030162,0,7,0,0.0,2.0,1.0,13.0,A01
201400030163,0,33,0,0.0,2.0,1.0,18.0,B01
201400030163,0,7,0,0.0,2.0,2.0,15.0,A01
201400030164,0,7,0,0.0,1.0,3.0,15.0,A01
201400030165,0,20,0,0.0,0.0,4.0,1.0,B01
201400030165,0,17,0,0.0,2.0,1.0,1.0,A01
201400030166,0,7,0,0.0,1.0,2.0,1.0,A01
201400030167,0,7,0,0.0,1.0,1.0,15.0,A01
201400030168,0,7,0,0.0,2.0,1.0,13.0,A01
201400030168,0,7,0,0.0,2.0,1.0,1.0,B01
201400030169,0,7,0,0.0,1.0,3.0,15.0,A01
201400030170,0,7,0,0.0,1.0,1.0,15.0,A01
201400030171,0,7,0,0.0,1.0,2.0,1.0,A01
201400030172,0,7,0,0.0,1.0,4.0,4.0,A01
201400030173,0,7,0,0.0,1.0,4.0,4.0,A01
201400030174,0,33,0,0.0,2.0,1.0,1.0,B01
201400030174,0,7,0,0.0,2.0,3.0,15.0,A01
201400030175,0,7,0,0.0,9.0,3.0,1.0,A01
201400030175,0,1,0,0.0,2.0,1.0,19.0,B01
201400030176,0,7,0,0.0,2.0,1.0,2.0,A01
201400030176,0,7,0,0.0,2.0,4.0,1.0,C01
201400030176,0,7,0,0.0,2.0,4.0,1.0,B01
201400030177,0,7,0,3.0,0.0,1.0,1.0,A01
201400030178,0,36,0,0.0,9.0,1.0,21.0,A01
201400030178,0,1,0,0.0,2.0,2.0,19.0,B01
201400030179,0,7,0,0.0,2.0,3.0,9.0,A01
201400030179,0,2,0,0.0,2.0,2.0,1.0,B01
201400030180,0,33,0,0.0,9.0,0.0,16.0,A01
201400030181,0,10,0,0.0,9.0,4.0,4.0,A01
201400030181,0,1,0,0.0,2.0,8.0,0.0,B01
201400030182,0,7,0,0.0,1.0,1.0,9.0,A01
201400030183,0,7,0,6.0,2.0,1.0,13.0,A01
201400030184,0,7,0,0.0,2.0,1.0,1.0,B01
201400030184,0,7,0,0.0,2.0,7.0,15.0,A01
201400030185,0,7,0,0.0,2.0,3.0,15.0,A01
201400030185,0,33,0,0.0,2.0,1.0,1.0,B01
201400030186,0,7,0,0.0,1.0,1.0,2.0,A01
201400030187,0,1,0,0.0,2.0,1.0,9.0,B01
201400030187,0,7,0,0.0,2.0,1.0,2.0,A01
201400030188,0,33,0,0.0,2.0,8.0,16.0,A01
201400030188,0,7,0,0.0,2.0,3.0,1.0,B01
201400030189,0,7,0,0.0,0.0,2.0,15.0,A01
201400030189,0,2,0,0.0,2.0,1.0,1.0,B01
201400030190,0,7,0,0.0,2.0,8.0,1.0,B01
201400030190,0,7,0,0.0,2.0,3.0,13.0,A01
201400030191,0,7,0,0.0,1.0,1.0,0.0,A01
201400030192,0,7,0,0.0,2.0,2.0,1.0,B01
201400030192,0,30,0,0.0,2.0,1.0,9.0,A01
201400030193,0,7,0,0.0,2.0,2.0,1.0,A01
201400030193,0,1,0,0.0,2.0,1.0,9.0,B01
201400030194,0,7,0,12.0,0.0,2.0,14.0,A01
201400030195,0,7,0,0.0,2.0,3.0,1.0,A01
201400030195,0,7,0,0.0,2.0,6.0,15.0,B01
201400030196,0,7,0,0.0,2.0,3.0,9.0,A01
201400030196,0,30,0,0.0,2.0,1.0,1.0,B01
201400030197,0,7,0,0.0,1.0,1.0,0.0,A01
201400030198,0,7,0,0.0,9.0,2.0,1.0,A01
201400030198,0,1,0,0.0,2.0,4.0,1.0,B01
201400030199,0,2,0,0.0,2.0,1.0,1.0,B01
201400030199,0,7,0,0.0,9.0,7.0,15.0,A01
201400030200,0,2,0,0.0,2.0,1.0,21.0,A01
201400030200,0,7,0,0.0,9.0,1.0,1.0,B01
201400030201,0,30,0,0.0,0.0,1.0,17.0,A01
201400030202,0,7,0,0.0,1.0,2.0,0.0,A01
201400030203,0,1,0,0.0,2.0,1.0,9.0,B01
201400030203,0,7,0,0.0,9.0,1.0,1.0,A01
201400030204,0,7,0,0.0,1.0,2.0,1.0,A01
201400030205,0,7,0,0.0,1.0,3.0,15.0,A01
201400030206,0,7,0,0.0,1.0,2.0,1.0,A01
201400030207,0,7,0,0.0,2.0,1.0,1.0,B01
201400030207,0,7,0,0.0,2.0,3.0,10.0,A01
201400030208,0,7,0,0.0,2.0,1.0,1.0,B01
201400030208,0,7,0,0.0,2.0,3.0,10.0,A01
201400030209,0,7,0,0.0,2.0,8.0,15.0,B01
201400030209,0,30,0,0.0,2.0,2.0,17.0,A01
201400030210,0,7,0,0.0,1.0,1.0,1.0,A01
201400030211,0,17,0,0.0,2.0,2.0,1.0,A01
201400030211,0,7,0,0.0,2.0,3.0,1.0,B01
201400030212,0,7,0,0.0,2.0,1.0,1.0,B01
201400030212,0,7,0,0.0,2.0,3.0,15.0,A01
201400030213,0,10,0,0.0,1.0,4.0,4.0,A01
201400030214,0,1,0,0.0,2.0,1.0,1.0,B01
201400030214,0,7,0,0.0,9.0,2.0,9.0,A01
201400030215,0,7,0,0.0,2.0,3.0,13.0,A01
201400030215,0,7,0,0.0,2.0,3.0,13.0,B01
201400030216,0,7,0,0.0,1.0,1.0,1.0,A01
201400030217,0,7,0,0.0,1.0,1.0,1.0,A01
201400030218,0,7,0,0.0,1.0,4.0,4.0,A01
201400030219,0,7,0,0.0,1.0,4.0,4.0,A01
201400030220,0,7,0,6.0,0.0,1.0,13.0,A01
201400030221,0,1,0,0.0,2.0,5.0,0.0,B01
201400030221,0,7,0,0.0,0.0,1.0,0.0,A01
201400030222,0,7,0,2.0,0.0,1.0,10.0,A01
201400030223,0,7,0,0.0,1.0,2.0,15.0,A01
201400030224,0,7,0,0.0,1.0,2.0,15.0,A01
201400030225,0,7,0,0.0,1.0,1.0,9.0,A01
201400030226,0,7,0,0.0,1.0,4.0,4.0,A01
201400030227,0,7,0,0.0,1.0,4.0,4.0,A01
201400030228,0,7,0,0.0,1.0,1.0,1.0,A01
201400030229,0,2,0,8.0,0.0,1.0,16.0,A01
201400030230,0,7,0,0.0,1.0,1.0,15.0,A01
201400030231,0,38,0,0.0,2.0,3.0,1.0,B02
201400030231,0,7,0,0.0,2.0,1.0,13.0,A01
201400030232,0,20,0,0.0,2.0,0.0,24.0,B02
201400030232,0,17,0,1.0,0.0,3.0,1.0,A01
201400030233,0,38,0,8.0,0.0,8.0,1.0,A01
201400030234,0,7,0,0.0,2.0,2.0,2.0,A01
201400030234,0,15,0,0.0,2.0,6.0,2.0,B02
201400030235,0,38,0,0.0,9.0,2.0,1.0,B02
201400030235,0,30,0,0.0,0.0,8.0,15.0,A01
201400030236,0,15,0,0.0,0.0,4.0,2.0,B02
201400030236,0,7,0,14.0,0.0,1.0,2.0,C03
201400030236,0,7,0,0.0,2.0,1.0,2.0,A01
201400030237,0,10,0,3.0,2.0,3.0,2.0,A01
201400030237,0,10,0,3.0,0.0,5.0,1.0,B02
201400030237,0,7,0,0.0,0.0,0.0,1.0,C03
201400030238,0,7,0,0.0,2.0,1.0,5.0,A01
201400030238,0,15,0,0.0,2.0,1.0,1.0,B02
201400030239,0,7,0,0.0,0.0,5.0,9.0,A01
201400030239,0,7,0,0.0,0.0,3.0,1.0,B02
201400030239,0,7,0,0.0,0.0,2.0,1.0,C03
201400030240,0,2,0,0.0,0.0,0.0,0.0,A01
201400030241,0,32,0,0.0,0.0,7.0,0.0,A01
201400030242,0,2,0,0.0,0.0,8.0,0.0,A01
201400030243,0,2,0,0.0,0.0,0.0,0.0,A01
201400030244,0,1,0,12.0,0.0,0.0,21.0,A01
201400030245,0,33,0,0.0,0.0,0.0,0.0,A01
201400030246,0,1,0,0.0,0.0,0.0,0.0,A01
201400030247,0,30,0,0.0,0.0,0.0,0.0,A01
201400030248,0,1,0,0.0,0.0,0.0,0.0,A01
201400030249,0,1,0,0.0,0.0,0.0,0.0,A01
201400030250,0,2,0,0.0,0.0,8.0,0.0,A01
201400030251,0,30,0,0.0,0.0,8.0,0.0,A01
201400030252,0,30,0,0.0,0.0,0.0,0.0,A01
201400030253,0,1,0,0.0,0.0,0.0,0.0,A01
201400030254,0,2,0,0.0,0.0,0.0,0.0,A01
201400030255,0,1,0,0.0,0.0,0.0,0.0,A01
201400030256,0,30,0,0.0,0.0,0.0,0.0,A01
201400030257,0,30,0,0.0,0.0,3.0,0.0,A01
201400030258,0,30,0,0.0,0.0,0.0,0.0,A01
201400030259,0,32,0,0.0,0.0,8.0,0.0,A01
201400030260,0,32,0,0.0,0.0,0.0,0.0,A01
201400030261,0,7,0,0.0,2.0,0.0,0.0,A01
201400030261,0,31,0,0.0,2.0,7.0,0.0,B01
201400030262,0,30,0,0.0,2.0,1.0,2.0,B01
201400030262,0,7,0,0.0,2.0,6.0,2.0,A01
201400030263,0,7,0,0.0,2.0,3.0,9.0,A01
201400030263,0,2,0,0.0,2.0,1.0,17.0,B01
201400030264,0,7,0,0.0,2.0,1.0,0.0,A01
201400030264,0,20,0,0.0,2.0,1.0,0.0,B01
201400030265,0,7,0,0.0,2.0,0.0,1.0,A01
201400030265,0,1,0,0.0,2.0,0.0,1.0,B01
201400030266,0,7,0,0.0,2.0,1.0,1.0,B01
201400030266,0,1,0,0.0,2.0,7.0,1.0,A01
201400030267,0,7,0,0.0,1.0,1.0,0.0,A01
201400030268,0,2,0,0.0,2.0,1.0,0.0,B01
201400030268,0,7,0,0.0,2.0,3.0,0.0,A01
201400030269,0,7,0,0.0,2.0,0.0,1.0,A01
201400030269,0,7,0,0.0,2.0,0.0,1.0,B01
201400030270,0,7,0,0.0,2.0,1.0,0.0,A01
201400030270,0,7,0,0.0,1.0,4.0,0.0,B01
201400030271,0,1,0,0.0,2.0,1.0,0.0,B01
201400030271,0,1,0,0.0,2.0,0.0,0.0,A01
201400030272,0,7,0,0.0,1.0,1.0,0.0,A01
201400030273,0,7,0,0.0,2.0,7.0,15.0,A01
201400030273,0,2,0,0.0,2.0,1.0,1.0,B01
201400030274,0,7,0,0.0,1.0,1.0,1.0,A01
201400030275,0,7,0,0.0,2.0,2.0,9.0,A01
201400030275,0,7,0,0.0,2.0,3.0,1.0,B01
201400030276,0,7,0,0.0,2.0,4.0,0.0,B01
201400030276,0,2,0,0.0,2.0,1.0,0.0,A01
201400030277,0,30,0,0.0,2.0,1.0,1.0,B01
201400030277,0,7,0,0.0,2.0,3.0,15.0,A01
201400030278,0,7,0,0.0,1.0,1.0,0.0,A01
201400030279,0,30,0,0.0,0.0,0.0,1.0,A01
201400030280,0,7,0,0.0,2.0,4.0,2.0,B01
201400030280,0,7,0,0.0,2.0,1.0,2.0,A01
201400030281,0,99,0,6.0,0.0,1.0,0.0,A01
201400030282,0,2,0,0.0,2.0,1.0,1.0,A01
201400030282,0,7,0,0.0,2.0,3.0,15.0,B01
201400030283,0,7,0,0.0,2.0,1.0,0.0,A01
201400030283,0,1,0,0.0,2.0,1.0,0.0,B01
201400030284,0,1,0,0.0,0.0,7.0,0.0,A01
201400030285,0,7,0,0.0,2.0,1.0,0.0,A01
201400030285,0,2,0,0.0,2.0,1.0,0.0,B01
201400030286,0,2,0,0.0,2.0,8.0,1.0,A01
201400030286,0,14,0,0.0,2.0,7.0,16.0,B01
201400030287,0,7,0,0.0,1.0,0.0,1.0,A01
201400030288,0,7,0,0.0,2.0,1.0,2.0,A01
201400030288,0,7,0,0.0,2.0,4.0,2.0,B01
201400030289,0,7,0,0.0,1.0,1.0,0.0,A01
201400030290,1,99,0,0.0,2.0,3.0,17.0,Z01
201400030290,0,7,0,0.0,2.0,6.0,15.0,B01
201400030291,0,3,0,0.0,2.0,1.0,1.0,B01
201400030291,0,7,0,0.0,2.0,3.0,9.0,A01
201400030292,0,7,0,0.0,2.0,1.0,13.0,A01
201400030292,0,7,0,0.0,2.0,3.0,1.0,B01
201400030293,0,7,0,0.0,0.0,0.0,21.0,B01
201400030293,0,33,0,0.0,0.0,0.0,21.0,A01
201400030294,1,33,0,0.0,0.0,0.0,0.0,Z01
201400030294,0,31,0,15.0,0.0,0.0,21.0,A01
201400030295,0,7,0,0.0,2.0,1.0,0.0,B01
201400030295,0,7,0,0.0,2.0,7.0,0.0,A01
201400030296,0,7,0,0.0,1.0,1.0,0.0,A01
201400030297,0,7,0,0.0,1.0,2.0,1.0,A01
201400030298,0,7,0,0.0,2.0,8.0,15.0,B01
201400030298,0,7,0,0.0,2.0,1.0,1.0,A01
201400030299,0,7,0,0.0,1.0,1.0,1.0,A01
201400030300,0,7,0,0.0,2.0,0.0,1.0,B01
201400030300,0,1,0,0.0,2.0,1.0,1.0,A01
201400030301,0,7,0,0.0,1.0,1.0,0.0,A01
201400030302,0,7,0,2.0,0.0,1.0,0.0,A01
201400030303,0,7,0,0.0,2.0,3.0,0.0,A01
201400030303,0,1,0,0.0,2.0,7.0,0.0,B01
201400030304,0,7,0,0.0,2.0,8.0,0.0,A01
201400030304,0,7,0,0.0,0.0,0.0,0.0,C01
201400030304,0,2,0,0.0,2.0,7.0,1.0,B01
201400030305,0,7,0,14.0,0.0,4.0,23.0,C01
201400030305,0,7,0,14.0,0.0,4.0,23.0,B01
201400030305,0,10,0,14.0,0.0,1.0,2.0,A01
201400030306,0,1,0,0.0,2.0,1.0,1.0,B01
201400030306,0,30,0,0.0,2.0,1.0,1.0,A01
201400030307,0,34,0,0.0,2.0,1.0,2.0,A01
201400030307,0,7,0,0.0,0.0,4.0,23.0,B01
201400030307,1,7,0,0.0,0.0,,,Z01
201400030308,0,33,0,8.0,0.0,1.0,0.0,A01
201400030309,0,7,0,0.0,2.0,8.0,0.0,B01
201400030309,0,7,0,0.0,2.0,1.0,0.0,A01
201400030310,0,7,0,8.0,0.0,0.0,1.0,A01
201400030311,0,7,0,0.0,1.0,1.0,0.0,A01
201400030312,0,10,0,0.0,0.0,0.0,0.0,A01
201400030312,0,1,0,0.0,0.0,0.0,0.0,B01
201400030313,2,7,0,0.0,2.0,0.0,1.0,Z01
201400030313,0,7,0,0.0,2.0,1.0,0.0,B01
201400030314,0,7,0,0.0,2.0,2.0,15.0,A01
201400030314,0,2,0,0.0,2.0,1.0,1.0,B01
201400030315,0,7,0,0.0,1.0,0.0,0.0,A01
201400030316,0,7,0,0.0,2.0,2.0,1.0,B01
201400030316,0,10,0,0.0,2.0,0.0,1.0,A01
201400030317,0,7,0,0.0,2.0,1.0,16.0,A01
201400030317,0,1,0,0.0,2.0,1.0,0.0,B01
201400030318,0,7,0,0.0,2.0,8.0,15.0,B01
201400030318,0,7,0,0.0,2.0,3.0,1.0,A01
201400030319,0,7,0,0.0,2.0,8.0,0.0,B01
201400030319,0,7,0,0.0,2.0,1.0,0.0,A01
201400030320,0,2,0,0.0,2.0,8.0,0.0,A01
201400030320,0,1,0,0.0,2.0,8.0,0.0,B01
201400030321,0,7,0,0.0,2.0,4.0,0.0,A01
201400030321,0,30,0,0.0,2.0,7.0,0.0,B01
201400030322,0,7,0,0.0,2.0,1.0,0.0,A01
201400030322,0,7,0,0.0,2.0,8.0,0.0,B01
201400030323,0,7,0,0.0,2.0,1.0,0.0,A01
201400030323,0,7,0,0.0,2.0,7.0,0.0,B01
201400030324,0,31,0,0.0,2.0,8.0,1.0,A01
201400030324,0,33,0,0.0,2.0,1.0,1.0,B01
201400030325,0,7,0,0.0,2.0,7.0,0.0,B01
201400030325,0,7,0,0.0,2.0,1.0,0.0,A01
201400030326,0,10,0,0.0,2.0,4.0,1.0,C01
201400030326,0,7,0,0.0,2.0,1.0,1.0,A01
201400030326,0,7,0,0.0,2.0,4.0,1.0,B01
201400030327,0,2,0,8.0,0.0,3.0,0.0,A01
201400030328,0,7,0,0.0,2.0,3.0,15.0,A01
201400030328,0,32,0,0.0,2.0,8.0,1.0,B01
201400030329,0,30,0,0.0,2.0,1.0,0.0,A01
201400030329,0,7,0,0.0,2.0,7.0,0.0,B01
201400030330,0,7,0,0.0,2.0,2.0,1.0,A01
201400030330,0,7,0,0.0,2.0,3.0,1.0,B01
201400030331,0,33,0,0.0,2.0,1.0,2.0,A01
201400030331,0,7,0,0.0,2.0,4.0,0.0,B01
201400030332,0,7,0,0.0,2.0,0.0,0.0,C01
201400030332,0,31,0,0.0,2.0,1.0,0.0,A01
201400030332,0,7,0,0.0,2.0,0.0,0.0,B01
201400030333,0,7,0,0.0,2.0,1.0,1.0,A01
201400030333,0,7,0,0.0,2.0,3.0,1.0,B01
201400030334,0,7,0,0.0,2.0,1.0,16.0,A01
201400030334,0,1,0,0.0,2.0,1.0,1.0,B01
201400030335,0,30,0,0.0,2.0,1.0,2.0,A01
201400030335,0,7,0,0.0,2.0,4.0,2.0,B01
201400030336,0,7,0,0.0,2.0,8.0,15.0,A01
201400030336,0,7,0,0.0,2.0,1.0,1.0,B01
201400030336,0,7,0,0.0,0.0,8.0,23.0,C01
201400030337,0,1,0,0.0,2.0,0.0,0.0,A01
201400030337,0,7,0,0.0,2.0,2.0,1.0,B01
201400030338,0,7,0,0.0,1.0,1.0,15.0,A01
201400030339,0,7,0,2.0,0.0,7.0,0.0,A01
201400030340,0,7,0,1.0,0.0,1.0,0.0,A01
201400030341,0,7,0,0.0,2.0,4.0,2.0,A01
201400030341,1,7,0,0.0,2.0,1.0,2.0,Z01
201400030342,0,7,0,0.0,1.0,1.0,2.0,A01
201400030343,0,37,1,0.0,2.0,2.0,1.0,A01
201400030343,0,7,0,0.0,2.0,3.0,1.0,B01
201400030344,0,7,0,0.0,1.0,4.0,4.0,A01
201400030345,0,7,0,0.0,2.0,1.0,9.0,B01
201400030345,0,1,0,0.0,2.0,1.0,5.0,A01
201400030346,0,33,0,0.0,0.0,0.0,0.0,A01
201400030347,0,2,0,0.0,2.0,0.0,1.0,B01
201400030347,0,7,0,0.0,2.0,3.0,20.0,A01
201400030348,0,7,0,0.0,2.0,1.0,0.0,A01
201400030348,0,7,0,0.0,2.0,4.0,0.0,B01
201400030349,0,7,0,0.0,2.0,2.0,15.0,A01
201400030349,0,7,0,0.0,2.0,1.0,1.0,B01
201400030350,0,10,0,0.0,2.0,1.0,1.0,A01
201400030350,0,7,0,0.0,2.0,4.0,1.0,C01
201400030350,0,10,0,0.0,2.0,4.0,1.0,B01
201400030351,0,7,0,0.0,1.0,3.0,1.0,A01
201400030352,0,7,0,0.0,2.0,8.0,0.0,A01
201400030352,0,10,0,0.0,2.0,2.0,0.0,B01
201400030353,0,7,0,0.0,2.0,1.0,2.0,A01
201400030353,0,7,0,0.0,0.0,4.0,2.0,B01
201400030354,0,7,0,0.0,2.0,1.0,1.0,A01
201400030354,0,7,0,0.0,2.0,4.0,1.0,B01
201400030355,0,7,0,0.0,2.0,3.0,1.0,B01
201400030355,0,7,0,0.0,2.0,1.0,1.0,A01
201400030356,0,7,0,0.0,2.0,3.0,0.0,A01
201400030356,0,1,0,0.0,2.0,0.0,0.0,B01
201400030357,0,7,0,14.0,0.0,4.0,23.0,B01
201400030357,0,10,0,14.0,0.0,1.0,2.0,A01
201400030357,0,7,0,0.0,0.0,0.0,23.0,D01
201400030357,0,7,0,14.0,0.0,4.0,23.0,C01
201400030358,0,10,0,0.0,2.0,8.0,1.0,A01
201400030358,0,7,0,0.0,2.0,1.0,1.0,B01
201400030359,0,7,0,0.0,2.0,7.0,1.0,B01
201400030359,0,7,0,0.0,2.0,2.0,0.0,A01
201400030360,0,7,0,2.0,0.0,2.0,21.0,A01
201400030360,0,7,0,0.0,0.0,0.0,15.0,B01
201400030361,0,7,0,0.0,1.0,0.0,1.0,A01
201400030362,0,7,0,0.0,2.0,1.0,1.0,A01
201400030362,0,7,0,0.0,2.0,3.0,0.0,B01
201400030363,0,7,0,0.0,2.0,1.0,13.0,A01
201400030363,0,37,10,0.0,2.0,3.0,1.0,B02
201400030364,0,1,0,0.0,2.0,4.0,9.0,B02
201400030364,0,7,0,0.0,2.0,1.0,1.0,A01
201400030365,0,7,0,0.0,2.0,2.0,17.0,A01
201400030365,0,7,0,0.0,2.0,3.0,15.0,B02
201400030366,0,33,0,0.0,2.0,1.0,1.0,B02
201400030366,0,7,0,0.0,2.0,3.0,1.0,A01
201400030367,0,33,0,0.0,2.0,9.0,1.0,B02
201400030367,0,7,0,0.0,2.0,2.0,15.0,A01
201400030368,0,10,0,0.0,2.0,2.0,13.0,A01
201400030368,0,15,0,0.0,2.0,3.0,1.0,B02
201400030369,0,7,0,0.0,1.0,2.0,1.0,A01
201400030370,0,7,0,1.0,1.0,1.0,15.0,A01
201400030371,0,7,0,0.0,2.0,1.0,5.0,A01
201400030371,0,7,0,0.0,2.0,1.0,1.0,B02
201400030372,0,7,0,0.0,2.0,2.0,1.0,A01
201400030372,0,33,0,0.0,2.0,4.0,23.0,B02
201400030372,0,7,0,0.0,2.0,5.0,23.0,C03
201400030373,0,7,0,16.0,0.0,1.0,14.0,A01
201400030374,0,1,0,0.0,2.0,1.0,19.0,B02
201400030374,0,7,0,0.0,2.0,1.0,1.0,A01
201400030375,0,7,0,0.0,1.0,1.0,1.0,A01
201400030376,0,30,0,16.0,0.0,8.0,21.0,A01
201400030377,0,33,0,0.0,2.0,3.0,5.0,B02
201400030377,0,7,0,0.0,2.0,3.0,21.0,A01
201400030378,0,7,0,0.0,1.0,2.0,1.0,A01
201400030379,0,33,0,0.0,2.0,1.0,1.0,B02
201400030379,0,7,0,0.0,2.0,3.0,0.0,A01
201400030380,0,10,0,0.0,0.0,2.0,15.0,A01
201400030380,0,1,0,0.0,2.0,2.0,1.0,B02
201400030381,0,7,0,0.0,2.0,2.0,1.0,B02
201400030381,0,7,0,0.0,2.0,3.0,13.0,A01
201400030382,0,7,0,0.0,2.0,1.0,13.0,B02
201400030382,0,7,0,0.0,2.0,1.0,1.0,A01
201400030383,0,7,0,2.0,0.0,3.0,1.0,A01
201400030384,0,7,0,2.0,0.0,9.0,13.0,A01
201400030385,0,33,0,3.0,0.0,3.0,17.0,A01
201400030386,0,99,0,6.0,0.0,7.0,14.0,A01
201400030387,0,34,0,3.0,0.0,3.0,17.0,A01
201400030388,0,2,0,0.0,2.0,1.0,1.0,B02
201400030388,0,10,0,0.0,2.0,8.0,15.0,A01
201400030389,0,7,0,0.0,2.0,3.0,15.0,A01
201400030389,0,2,0,0.0,2.0,1.0,1.0,B02
201400030390,0,7,0,0.0,2.0,6.0,11.0,B02
201400030390,0,34,0,0.0,2.0,2.0,3.0,A01
201400030391,0,7,0,0.0,1.0,2.0,1.0,A01
201400030392,0,33,0,1.0,0.0,1.0,1.0,A01
201400030393,0,33,0,0.0,2.0,1.0,1.0,B02
201400030393,0,7,0,0.0,2.0,2.0,19.0,A01
201400030394,0,7,0,6.0,0.0,1.0,1.0,A01
201400030395,0,15,0,0.0,2.0,3.0,1.0,A01
201400030395,0,7,0,0.0,2.0,1.0,1.0,B02
201400030396,0,32,0,0.0,2.0,1.0,0.0,A01
201400030396,0,7,0,0.0,2.0,5.0,1.0,B01
201400030397,0,7,0,0.0,2.0,2.0,15.0,A01
201400030397,0,33,0,0.0,2.0,1.0,1.0,B01
201400030398,0,7,0,0.0,2.0,1.0,1.0,B01
201400030398,0,7,0,0.0,2.0,1.0,13.0,A01
201400030399,0,30,0,13.0,2.0,8.0,1.0,B01
201400030399,0,21,0,0.0,2.0,7.0,16.0,A01
201400030400,0,7,0,0.0,2.0,2.0,15.0,A01
201400030400,0,2,0,0.0,2.0,1.0,1.0,B01
201400030401,0,2,0,0.0,2.0,0.0,2.0,A01
201400030401,1,7,0,0.0,0.0,0.0,16.0,Z01
201400030402,0,30,0,0.0,0.0,1.0,1.0,B01
201400030402,0,7,0,0.0,0.0,8.0,15.0,A01
201400030403,0,7,0,0.0,1.0,1.0,0.0,A01
201400030404,0,7,0,0.0,2.0,1.0,2.0,A01
201400030404,0,7,0,0.0,2.0,4.0,2.0,B01
201400030404,0,7,0,0.0,2.0,4.0,23.0,C01
201400030405,0,7,0,13.0,0.0,9.0,14.0,A01
201400030406,0,33,0,0.0,2.0,1.0,0.0,B01
201400030406,0,7,0,0.0,2.0,1.0,0.0,A01
201400030407,0,7,0,0.0,1.0,1.0,15.0,A01
201400030408,0,3,0,0.0,1.0,1.0,1.0,A01
201400030409,0,7,0,0.0,1.0,1.0,12.0,A01
201400030410,0,7,0,0.0,0.0,8.0,1.0,A01
201400030410,0,32,0,0.0,2.0,1.0,1.0,B01
201400030411,0,17,0,0.0,1.0,1.0,1.0,A01
201400030412,0,33,0,0.0,0.0,8.0,1.0,A01
201400030413,0,7,0,0.0,0.0,1.0,10.0,A01
201400030413,0,33,0,0.0,2.0,7.0,21.0,B01
201400030414,0,7,0,0.0,1.0,1.0,0.0,A01
201400030415,0,30,0,0.0,2.0,3.0,1.0,B01
201400030415,2,7,0,0.0,2.0,1.0,15.0,A01
201400030416,0,30,0,6.0,0.0,1.0,2.0,A01
201400030417,0,7,0,0.0,2.0,7.0,19.0,A01
201400030417,0,33,0,0.0,2.0,1.0,1.0,B01
201400030418,0,7,0,0.0,2.0,7.0,0.0,A01
201400030418,0,2,0,0.0,2.0,2.0,2.0,B01
201400030419,0,7,0,0.0,2.0,1.0,1.0,A01
201400030419,0,1,0,0.0,2.0,3.0,1.0,B01
201400030420,0,33,0,0.0,2.0,8.0,1.0,B01
201400030420,0,7,0,0.0,2.0,1.0,1.0,A01
201400030420,0,7,0,0.0,2.0,1.0,23.0,C01
201400030421,0,7,0,1.0,1.0,2.0,1.0,A01
201400030422,0,7,0,0.0,2.0,3.0,15.0,A01
201400030422,0,30,0,0.0,2.0,1.0,1.0,B01
201400030423,0,33,0,0.0,2.0,1.0,1.0,B01
201400030423,0,7,0,0.0,2.0,8.0,15.0,A01
201400030424,1,7,0,0.0,1.0,1.0,16.0,Z01
201400030425,0,36,0,0.0,2.0,8.0,1.0,B01
201400030425,0,7,0,0.0,2.0,3.0,15.0,A01
201400030426,0,7,0,0.0,1.0,2.0,1.0,A01
201400030427,0,7,0,0.0,1.0,1.0,0.0,A01
201400030428,1,10,0,0.0,1.0,3.0,15.0,A01
201400030429,0,7,0,0.0,1.0,1.0,0.0,A01
201400030430,0,33,0,0.0,0.0,0.0,0.0,A01
201400030431,0,17,0,0.0,2.0,8.0,5.0,A01
201400030431,0,33,0,0.0,2.0,1.0,5.0,B01
201400030432,0,7,0,0.0,1.0,2.0,1.0,A01
201400030433,0,7,0,0.0,1.0,2.0,1.0,A01
201400030434,0,30,0,0.0,2.0,1.0,17.0,A01
201400030434,0,7,0,0.0,2.0,3.0,15.0,B01
201400030435,0,7,0,0.0,2.0,1.0,2.0,A01
201400030435,0,14,0,0.0,2.0,6.0,1.0,B01
201400030436,0,7,0,3.0,0.0,2.0,2.0,A01
201400030437,0,7,0,0.0,1.0,1.0,0.0,A01
201400030438,0,2,0,0.0,2.0,1.0,1.0,B01
201400030438,0,7,0,0.0,2.0,2.0,1.0,A01
201400030439,2,7,0,0.0,2.0,1.0,1.0,A01
201400030440,0,33,0,0.0,2.0,1.0,17.0,A01
201400030440,0,7,0,0.0,9.0,8.0,17.0,B01
201400030441,0,7,0,0.0,2.0,1.0,1.0,B01
201400030441,1,7,0,8.0,2.0,1.0,0.0,A01
201400030442,0,7,0,0.0,1.0,1.0,1.0,A01
201400030443,0,38,0,0.0,1.0,2.0,0.0,A01
201400030444,0,7,0,0.0,1.0,2.0,0.0,A01
201400030445,0,7,0,0.0,1.0,1.0,1.0,A01
201400030446,1,7,0,0.0,1.0,1.0,1.0,A01