Num_Acc,senc,catv,occutc,obs,obsm,choc,manv,num_veh
201400030447,0,7,0,0.0,2.0,1.0,15.0,A01
201400030447,0,2,0,0.0,2.0,1.0,1.0,B01
201400030448,0,7,0,0.0,1.0,2.0,1.0,A01
201400030449,0,15,0,0.0,0.0,8.0,10.0,A01
201400030449,0,7,0,0.0,2.0,1.0,21.0,B01
201400030450,0,7,0,9.0,0.0,1.0,2.0,A01
201400030451,0,7,0,0.0,2.0,3.0,17.0,A01
201400030451,0,7,0,0.0,2.0,3.0,2.0,B01
201400030452,0,7,0,0.0,2.0,3.0,9.0,A01
201400030452,0,1,0,0.0,2.0,7.0,1.0,B01
201400030453,0,7,0,0.0,1.0,3.0,0.0,A01
201400030454,0,2,0,0.0,2.0,1.0,2.0,B01
201400030454,0,7,0,0.0,2.0,3.0,10.0,A01
201400030455,0,33,0,0.0,0.0,1.0,1.0,B01
201400030455,0,7,0,0.0,0.0,3.0,15.0,A01
201400030456,0,2,0,14.0,0.0,0.0,1.0,A01
201400030457,0,1,0,0.0,2.0,7.0,1.0,B01
201400030457,0,7,0,0.0,2.0,1.0,9.0,A01
201400030458,0,1,0,0.0,2.0,4.0,15.0,A01
201400030458,0,7,0,0.0,2.0,2.0,1.0,B01
201400030459,0,7,0,8.0,0.0,1.0,0.0,A01
201400030460,0,7,0,0.0,2.0,2.0,11.0,A01
201400030460,0,30,0,0.0,2.0,1.0,2.0,B01
201400030461,0,30,0,11.0,0.0,0.0,0.0,A01
201400030462,0,7,0,0.0,2.0,2.0,0.0,A01
201400030462,0,7,0,0.0,2.0,8.0,0.0,B01
201400030463,0,7,0,6.0,0.0,1.0,0.0,A01
201400030464,0,2,0,0.0,2.0,1.0,16.0,B01
201400030464,0,7,0,0.0,2.0,8.0,9.0,A01
201400030465,0,7,0,1.0,1.0,1.0,1.0,A01
201400030466,0,7,0,0.0,2.0,1.0,5.0,A01
201400030466,0,7,0,0.0,2.0,3.0,1.0,B01
201400030467,0,7,0,0.0,2.0,3.0,15.0,B01
201400030467,2,7,0,0.0,2.0,1.0,1.0,A01
201400030468,0,37,5,0.0,2.0,3.0,1.0,B01
201400030468,0,7,0,0.0,2.0,1.0,16.0,A01
201400030469,0,2,0,0.0,2.0,1.0,0.0,B01
201400030469,0,7,0,0.0,2.0,3.0,9.0,A01
201400030470,0,7,0,0.0,2.0,1.0,15.0,A01
201400030470,0,33,0,0.0,0.0,8.0,1.0,B01
201400030471,0,7,0,0.0,2.0,1.0,1.0,A01
201400030471,0,1,0,0.0,0.0,4.0,1.0,B01
201400030472,0,7,0,0.0,0.0,3.0,10.0,A01
201400030472,0,32,0,0.0,2.0,1.0,1.0,B01
201400030473,0,33,0,0.0,2.0,1.0,1.0,A01
201400030473,0,7,0,0.0,2.0,8.0,6.0,B01
201400030474,0,7,0,2.0,0.0,9.0,1.0,A01
201400030474,0,7,0,0.0,0.0,0.0,1.0,B01
201400030474,0,7,0,0.0,0.0,0.0,15.0,C01
201400030475,0,2,0,0.0,2.0,9.0,17.0,A01
201400030475,0,7,0,0.0,2.0,6.0,17.0,B01
201400030476,0,7,0,11.0,0.0,1.0,1.0,A01
201400030477,0,7,0,0.0,2.0,2.0,1.0,A01
201400030477,0,1,0,0.0,2.0,8.0,15.0,B01
201400030478,0,2,0,0.0,2.0,1.0,1.0,A01
201400030478,0,7,0,0.0,0.0,3.0,16.0,B01
201400030479,0,7,0,0.0,2.0,1.0,1.0,A01
201400030479,0,1,0,0.0,2.0,4.0,1.0,B01
201400030480,0,2,0,0.0,2.0,7.0,1.0,A01
201400030480,0,7,0,0.0,2.0,2.0,15.0,B01
201400030481,0,7,0,0.0,2.0,1.0,0.0,A01
201400030481,0,7,0,0.0,2.0,3.0,1.0,B01
201400030482,1,7,0,0.0,2.0,0.0,0.0,A01
201400030482,0,30,0,0.0,2.0,9.0,1.0,B01
201400030483,0,30,0,0.0,2.0,1.0,5.0,A01
201400030483,0,7,0,0.0,2.0,8.0,1.0,B01
201400030484,0,7,0,0.0,1.0,4.0,4.0,A01
201400030485,0,7,0,0.0,2.0,1.0,1.0,A01
201400030485,0,1,0,0.0,2.0,3.0,19.0,B01
201400030486,0,7,0,0.0,2.0,1.0,17.0,A01
201400030486,0,7,0,0.0,2.0,1.0,1.0,B01
201400030486,0,7,0,0.0,2.0,6.0,1.0,C01
201400030487,0,7,0,1.0,0.0,7.0,1.0,A01
201400030488,0,7,0,0.0,2.0,1.0,16.0,B01
201400030488,0,10,0,0.0,2.0,7.0,1.0,A01
201400030489,0,7,0,0.0,2.0,1.0,1.0,A01
201400030489,0,33,0,0.0,0.0,4.0,23.0,B01
201400030490,0,3,0,0.0,0.0,3.0,20.0,A01
201400030490,0,33,0,0.0,2.0,1.0,1.0,B01
201400030491,2,7,0,0.0,2.0,1.0,0.0,A01
201400030491,0,7,0,0.0,0.0,3.0,15.0,B01
201400030492,0,7,0,0.0,1.0,1.0,15.0,A01
201400030493,0,7,0,0.0,1.0,3.0,1.0,A01
201400030494,0,7,0,0.0,2.0,1.0,1.0,B01
201400030494,0,7,0,0.0,2.0,8.0,1.0,A01
201400030495,0,7,0,0.0,1.0,1.0,1.0,A01
201400030496,0,7,0,0.0,1.0,7.0,14.0,A01
201400030497,0,7,0,0.0,0.0,1.0,1.0,B01
201400030497,1,7,0,0.0,2.0,2.0,19.0,Z01
201400030498,0,7,0,14.0,0.0,4.0,23.0,F02
201400030498,0,7,0,0.0,0.0,4.0,23.0,G02
201400030498,0,7,0,14.0,0.0,4.0,23.0,D01
201400030498,0,7,0,14.0,0.0,4.0,23.0,E01
201400030498,0,7,0,14.0,0.0,4.0,23.0,B01
201400030498,0,38,12,14.0,0.0,1.0,2.0,A01
201400030498,0,7,0,14.0,0.0,4.0,23.0,C01
201400030499,0,2,0,0.0,2.0,1.0,13.0,A01
201400030499,0,7,0,0.0,2.0,3.0,1.0,B01
201400030500,0,37,2,0.0,2.0,1.0,1.0,B01
201400030500,0,7,0,0.0,2.0,7.0,13.0,A01
201400030501,0,7,0,0.0,2.0,1.0,1.0,B01
201400030501,0,7,0,0.0,2.0,1.0,13.0,A01
201400030502,0,30,0,0.0,2.0,1.0,0.0,B01
201400030502,0,7,0,0.0,0.0,4.0,0.0,A01
201400030503,0,7,0,0.0,2.0,8.0,9.0,A01
201400030503,0,1,0,0.0,2.0,1.0,21.0,B01
201400030504,0,7,0,0.0,2.0,1.0,2.0,A01
201400030504,0,7,0,0.0,0.0,4.0,23.0,B01
201400030505,0,33,0,0.0,2.0,1.0,1.0,B01
201400030505,0,2,0,0.0,2.0,1.0,5.0,A01
201400030506,0,1,0,0.0,2.0,1.0,15.0,B01
201400030506,0,7,0,0.0,2.0,3.0,9.0,A01
201400030507,0,7,0,0.0,1.0,1.0,16.0,A01
201400030508,0,33,0,13.0,0.0,1.0,0.0,A01
201400030509,1,7,0,0.0,1.0,4.0,4.0,Z01
201400030510,0,7,0,0.0,4.0,1.0,1.0,A01
201400030510,0,39,0,0.0,4.0,1.0,1.0,B01
201400030510,0,7,0,0.0,9.0,3.0,1.0,C01
201400030511,0,33,0,0.0,2.0,1.0,16.0,A01
201400030511,0,1,0,0.0,2.0,8.0,23.0,B01
201400030512,0,7,0,0.0,2.0,1.0,15.0,A01
201400030512,0,2,0,0.0,2.0,3.0,1.0,B01
201400030513,0,7,0,0.0,2.0,1.0,15.0,A01
201400030513,0,1,0,0.0,2.0,2.0,1.0,B01
201400030514,0,7,0,0.0,2.0,2.0,1.0,B01
201400030514,0,7,0,0.0,2.0,1.0,1.0,A01
201400030515,0,7,0,0.0,2.0,3.0,19.0,A01
201400030515,0,7,0,8.0,2.0,2.0,1.0,B01
201400030516,0,1,0,0.0,2.0,7.0,0.0,B01
201400030516,1,7,0,0.0,2.0,1.0,9.0,A01
201400030517,0,7,0,0.0,1.0,4.0,20.0,A01
201400030518,0,10,0,0.0,1.0,1.0,1.0,A01
201400030519,0,7,0,0.0,2.0,1.0,15.0,A01
201400030519,0,30,0,1.0,2.0,3.0,1.0,B01
201400030520,1,7,0,0.0,1.0,2.0,0.0,Z01
201400030521,1,7,0,0.0,2.0,1.0,1.0,Z01
201400030521,0,30,0,0.0,2.0,2.0,15.0,B01
201400030522,0,33,0,0.0,0.0,0.0,14.0,A01
201400030523,0,7,0,0.0,2.0,1.0,13.0,A01
201400030523,0,7,0,0.0,2.0,1.0,1.0,B01
201400030523,0,7,0,0.0,2.0,1.0,1.0,C01
201400030524,0,7,0,6.0,0.0,3.0,14.0,A01
201400030525,0,30,0,0.0,2.0,1.0,1.0,A01
201400030525,0,7,0,0.0,0.0,4.0,15.0,B01
201400030526,0,7,0,0.0,2.0,2.0,13.0,A01
201400030526,0,38,2,0.0,2.0,1.0,1.0,B01
201400030527,0,7,0,13.0,0.0,0.0,13.0,A01
201400030528,0,30,0,0.0,0.0,4.0,0.0,B01
201400030528,1,7,0,0.0,0.0,,,Z01
201400030529,0,7,0,0.0,1.0,2.0,1.0,A01
201400030530,0,7,0,0.0,1.0,1.0,0.0,A01
201400030531,0,7,0,0.0,1.0,1.0,1.0,A01
201400030532,0,2,0,0.0,2.0,1.0,0.0,B01
201400030532,0,7,0,0.0,2.0,3.0,9.0,A01
201400030533,0,7,0,0.0,2.0,3.0,9.0,A01
201400030533,0,1,0,0.0,2.0,5.0,1.0,B01
201400030534,0,37,1,0.0,1.0,5.0,1.0,A01
201400030535,0,1,0,0.0,2.0,6.0,15.0,A01
201400030535,0,1,0,0.0,2.0,1.0,1.0,B01
201400030536,0,7,0,0.0,2.0,2.0,1.0,B01
201400030536,0,30,0,0.0,2.0,1.0,13.0,A01
201400030537,0,7,0,0.0,2.0,2.0,1.0,B01
201400030537,0,7,0,11.0,2.0,1.0,13.0,A01
201400030538,0,7,0,0.0,1.0,2.0,1.0,A01
201400030539,0,7,0,0.0,1.0,4.0,4.0,A01
201400030540,0,7,0,1.0,0.0,1.0,13.0,A01
201400030541,0,7,0,0.0,2.0,1.0,1.0,B01
201400030541,0,30,0,0.0,2.0,1.0,19.0,A01
201400030542,0,7,0,7.0,0.0,2.0,14.0,A01
201400030543,0,7,0,0.0,1.0,1.0,0.0,A01
201400030544,0,1,0,0.0,1.0,1.0,1.0,A01
201400030545,0,7,0,0.0,2.0,3.0,15.0,A01
201400030545,0,33,0,0.0,2.0,1.0,1.0,B01
201400030545,0,7,0,0.0,0.0,3.0,23.0,C01
201400030546,0,7,0,0.0,1.0,1.0,15.0,A01
201400030547,0,10,0,0.0,2.0,3.0,13.0,A01
201400030547,0,13,0,3.0,2.0,8.0,1.0,B01
201400030548,0,7,0,0.0,2.0,1.0,13.0,A01
201400030548,0,7,0,0.0,2.0,3.0,1.0,B01
201400030549,0,30,0,0.0,1.0,1.0,1.0,A01
201400030550,0,7,0,0.0,2.0,1.0,1.0,A01
201400030550,0,7,0,0.0,2.0,3.0,1.0,B01
201400030551,0,7,0,0.0,1.0,2.0,1.0,A01
201400030552,0,7,0,0.0,2.0,6.0,1.0,A01
201400030552,0,7,0,0.0,0.0,6.0,1.0,B01
201400030553,0,7,0,0.0,2.0,1.0,1.0,B01
201400030553,0,7,0,0.0,2.0,8.0,16.0,A01
201400030554,0,2,0,0.0,2.0,1.0,1.0,B01
201400030554,0,7,0,0.0,2.0,3.0,11.0,A01
201400030555,0,30,0,0.0,1.0,0.0,0.0,A01
201400030556,0,30,0,0.0,2.0,0.0,1.0,B01
201400030556,1,7,0,0.0,2.0,0.0,16.0,Z01
201400030557,0,7,0,8.0,0.0,7.0,6.0,A01
201400030558,0,7,0,0.0,0.0,6.0,23.0,B01
201400030558,0,7,0,0.0,0.0,3.0,1.0,A01
201400030558,0,33,0,0.0,0.0,8.0,23.0,C01
201400030559,1,7,0,0.0,1.0,2.0,1.0,A01
201400030560,0,30,0,0.0,2.0,1.0,1.0,A01
201400030560,0,7,0,0.0,2.0,3.0,1.0,B01
201400030561,0,14,0,0.0,1.0,4.0,4.0,A01
201400030562,0,37,20,0.0,1.0,0.0,0.0,A01
201400030563,0,2,0,0.0,2.0,1.0,1.0,A01
201400030563,0,7,0,10.0,2.0,7.0,1.0,B01
201400030564,0,7,0,0.0,1.0,2.0,16.0,A01
201400030565,0,1,0,0.0,2.0,8.0,1.0,B01
201400030565,0,7,0,0.0,2.0,1.0,1.0,A01
201400030566,0,1,0,0.0,2.0,1.0,1.0,B01
201400030566,1,7,0,0.0,2.0,3.0,16.0,Z01
201400030567,0,7,0,0.0,1.0,4.0,4.0,A01
201400030568,0,7,0,3.0,0.0,1.0,1.0,A01
201400030569,1,7,0,0.0,1.0,4.0,20.0,Z01
201400030570,0,7,0,0.0,1.0,1.0,1.0,A01
201400030571,0,7,0,12.0,0.0,1.0,1.0,A01
201400030572,0,7,0,0.0,2.0,3.0,1.0,B01
201400030572,0,30,0,0.0,2.0,1.0,1.0,A01
201400030573,0,7,0,0.0,0.0,1.0,1.0,A01
201400030574,1,7,0,0.0,1.0,0.0,0.0,Z01
201400030575,0,7,0,1.0,0.0,1.0,1.0,A01
201400030575,0,7,0,0.0,0.0,4.0,23.0,B01
201400030576,0,10,0,0.0,2.0,1.0,1.0,B01
201400030576,0,7,0,9.0,2.0,0.0,6.0,A01
201400030577,0,7,0,0.0,0.0,2.0,1.0,A01
201400030577,0,30,0,0.0,2.0,1.0,23.0,B01
201400030578,0,7,0,0.0,2.0,1.0,1.0,B01
201400030578,0,7,0,0.0,2.0,1.0,1.0,A01
201400030579,0,7,0,0.0,1.0,0.0,0.0,Z01
201400030580,0,7,0,0.0,0.0,4.0,23.0,B01
201400030580,0,7,0,1.0,0.0,1.0,2.0,Z01
201400030581,0,32,0,0.0,2.0,1.0,1.0,B01
201400030581,0,7,0,0.0,2.0,3.0,15.0,A01
201400030582,0,7,0,0.0,2.0,1.0,1.0,B01
201400030582,0,7,0,0.0,2.0,3.0,15.0,A01
201400030583,0,7,0,0.0,2.0,1.0,15.0,A01
201400030583,0,33,0,0.0,2.0,1.0,1.0,B01
201400030584,1,7,0,0.0,1.0,1.0,1.0,Z01
201400030585,0,38,51,3.0,0.0,1.0,1.0,A01
201400030586,0,31,0,0.0,2.0,1.0,16.0,A01
201400030586,0,7,0,0.0,2.0,7.0,1.0,B01
201400030587,0,1,0,0.0,2.0,7.0,1.0,B01
201400030587,1,7,0,0.0,2.0,1.0,1.0,Z01
201400030588,0,7,0,0.0,1.0,4.0,4.0,A01
201400030589,0,7,0,0.0,1.0,2.0,1.0,A01
201400030590,0,7,0,2.0,0.0,1.0,1.0,A01
201400030591,0,7,0,0.0,2.0,2.0,15.0,A01
201400030591,0,31,0,0.0,2.0,1.0,1.0,B01
201400030592,0,33,0,11.0,0.0,1.0,16.0,A01
201400030593,0,7,0,5.0,0.0,1.0,1.0,A01
201400030594,0,30,0,0.0,2.0,8.0,1.0,B01
201400030594,0,7,0,0.0,2.0,3.0,1.0,A01
201400030595,0,7,0,16.0,0.0,1.0,1.0,A01
201400030596,0,7,0,14.0,0.0,1.0,1.0,A01
201400030596,0,7,0,0.0,0.0,4.0,23.0,B01
201400030597,0,7,0,0.0,2.0,3.0,15.0,A01
201400030597,0,2,0,0.0,2.0,1.0,15.0,B01
201400030598,0,7,0,0.0,2.0,8.0,15.0,B01
201400030598,0,7,0,0.0,2.0,1.0,1.0,A01
201400030599,0,7,0,0.0,1.0,6.0,4.0,A01
201400030600,0,31,0,0.0,2.0,1.0,1.0,B01
201400030600,0,7,0,0.0,2.0,3.0,20.0,A01
201400030601,0,31,0,0.0,2.0,1.0,1.0,A01
201400030601,0,7,0,0.0,2.0,8.0,10.0,B01
201400030602,0,31,0,0.0,2.0,5.0,17.0,B01
201400030602,1,7,0,0.0,2.0,8.0,13.0,Z01
201400030603,0,1,0,0.0,2.0,7.0,1.0,B01
201400030603,0,7,0,0.0,2.0,3.0,16.0,A01
201400030604,1,7,0,0.0,2.0,1.0,1.0,Z01
201400030604,0,31,0,0.0,2.0,8.0,1.0,B01
201400030605,0,7,0,0.0,2.0,7.0,1.0,A01
201400030605,0,7,0,0.0,2.0,1.0,1.0,B01
201400030606,0,7,0,0.0,2.0,7.0,1.0,A01
201400030606,0,7,0,0.0,2.0,1.0,1.0,B01
201400030607,0,7,0,0.0,1.0,1.0,1.0,A01
201400030608,0,99,0,0.0,2.0,1.0,17.0,A01
201400030608,0,7,0,0.0,2.0,6.0,15.0,B01
201400030609,0,7,0,0.0,1.0,1.0,1.0,B01
201400030610,0,7,0,0.0,2.0,1.0,1.0,B01
201400030610,0,7,0,0.0,2.0,7.0,1.0,A01
201400030611,0,7,0,0.0,1.0,1.0,1.0,A01
201400030612,0,7,0,0.0,2.0,3.0,16.0,A01
201400030612,0,1,0,0.0,2.0,1.0,1.0,B01
201400030613,0,7,0,3.0,0.0,3.0,16.0,A01
201400030614,0,7,0,0.0,1.0,1.0,16.0,A01
201400030615,0,2,0,0.0,2.0,1.0,1.0,B01
201400030615,0,7,0,0.0,2.0,7.0,1.0,A01
201400030616,0,2,0,0.0,1.0,1.0,1.0,A01
201400030617,0,30,0,0.0,2.0,1.0,1.0,B01
201400030617,1,7,0,0.0,2.0,2.0,15.0,Z01
201400030618,0,7,0,0.0,0.0,4.0,23.0,B01
201400030618,0,7,0,1.0,0.0,1.0,1.0,A01
201400030619,0,7,0,1.0,0.0,1.0,1.0,A01
201400030619,0,7,0,0.0,2.0,4.0,23.0,B01
201400030620,0,7,0,0.0,2.0,1.0,1.0,B01
201400030620,0,7,0,0.0,2.0,1.0,1.0,C01
201400030620,1,7,0,0.0,2.0,1.0,15.0,Z01
201400030621,0,7,0,0.0,1.0,0.0,1.0,A01
201400030622,0,7,0,13.0,0.0,3.0,13.0,A01
201400030623,0,7,0,0.0,1.0,1.0,0.0,A01
201400030624,0,7,0,0.0,2.0,6.0,21.0,C01
201400030624,0,21,0,0.0,2.0,6.0,0.0,B01
201400030624,0,7,0,0.0,2.0,3.0,13.0,A01
201400030625,0,7,0,0.0,2.0,2.0,15.0,A01
201400030625,0,33,0,0.0,2.0,1.0,1.0,B01
201400030625,0,7,0,0.0,0.0,0.0,1.0,C01
201400030626,0,10,0,0.0,0.0,3.0,0.0,B01
201400030626,0,1,0,0.0,0.0,1.0,15.0,A01
201400030627,0,2,0,0.0,2.0,7.0,1.0,B01
201400030627,0,7,0,0.0,2.0,7.0,15.0,A01
201400030628,0,7,0,15.0,0.0,1.0,1.0,A01
201400030629,0,7,0,0.0,2.0,3.0,4.0,A01
201400030629,0,2,0,0.0,2.0,7.0,17.0,B01
201400030630,0,7,0,2.0,0.0,1.0,1.0,A01
201400030631,0,7,0,13.0,2.0,7.0,17.0,A01
201400030631,0,7,0,0.0,2.0,8.0,0.0,B01
201400030632,0,7,0,0.0,1.0,8.0,15.0,A01
201400030633,0,7,0,0.0,2.0,5.0,1.0,A01
201400030633,1,7,0,0.0,2.0,2.0,1.0,Z01
201400030634,0,30,0,0.0,2.0,1.0,1.0,B01
201400030634,0,7,0,0.0,2.0,3.0,1.0,A01
201400030635,0,7,0,6.0,0.0,1.0,0.0,A01
201400030636,0,10,0,0.0,0.0,7.0,0.0,A01
201400030636,0,1,0,0.0,0.0,1.0,0.0,B01
201400030637,0,7,0,0.0,1.0,1.0,1.0,A01
201400030638,0,7,0,0.0,1.0,2.0,1.0,A01
201400030639,0,37,1,0.0,1.0,2.0,1.0,A01
201400030640,0,7,0,0.0,0.0,8.0,0.0,B01
201400030640,1,7,0,0.0,2.0,1.0,0.0,Z01
201400030641,0,7,0,0.0,1.0,2.0,1.0,A01
201400030642,0,7,0,0.0,2.0,1.0,0.0,A01
201400030642,0,30,0,0.0,2.0,0.0,0.0,B01
201400030643,0,7,0,0.0,1.0,1.0,16.0,A01
201400030643,0,7,0,0.0,1.0,1.0,14.0,B01
201400030644,1,7,0,0.0,1.0,1.0,0.0,Z01
201400030645,0,7,0,0.0,2.0,2.0,15.0,A01
201400030645,0,7,0,0.0,2.0,1.0,1.0,B01
201400030646,0,7,0,0.0,2.0,2.0,1.0,A01
201400030646,0,7,0,8.0,2.0,2.0,1.0,B01
201400030647,1,7,0,0.0,2.0,1.0,1.0,Z01
201400030647,0,7,0,14.0,2.0,8.0,15.0,B01
201400030648,0,2,0,0.0,2.0,1.0,0.0,B01
201400030648,1,7,0,0.0,9.0,8.0,0.0,Z01
201400030649,0,2,0,0.0,2.0,1.0,15.0,A01
201400030649,0,7,0,0.0,2.0,3.0,1.0,B01
201400030650,0,7,0,0.0,1.0,1.0,1.0,A01
201400030651,0,7,0,0.0,1.0,3.0,15.0,A01
201400030652,0,10,0,0.0,1.0,4.0,4.0,A01
201400030653,0,7,0,0.0,1.0,1.0,15.0,A01
201400030654,0,7,0,0.0,1.0,2.0,16.0,A01
201400030655,0,7,0,0.0,2.0,8.0,10.0,A01
201400030655,0,7,0,0.0,2.0,1.0,1.0,B01
201400030656,0,7,0,0.0,2.0,2.0,15.0,A01
201400030656,0,33,0,0.0,2.0,8.0,1.0,B01
201400030657,0,7,0,0.0,1.0,7.0,21.0,A01
201400030658,0,2,0,0.0,1.0,1.0,0.0,A01
201400030659,0,7,0,0.0,1.0,1.0,15.0,A01
201400030660,0,10,0,0.0,1.0,1.0,15.0,A01
201400030661,0,7,0,5.0,2.0,8.0,0.0,B01
201400030661,0,7,0,0.0,2.0,1.0,1.0,A01
201400030662,0,7,0,0.0,1.0,1.0,1.0,A01
201400030663,0,7,0,0.0,2.0,2.0,0.0,A01
201400030663,0,7,0,0.0,2.0,1.0,1.0,B01
201400030664,0,7,0,0.0,1.0,1.0,15.0,A01
201400030665,0,7,0,0.0,2.0,7.0,20.0,A01
201400030665,0,32,0,0.0,2.0,1.0,1.0,B01
201400030666,0,7,0,0.0,0.0,0.0,0.0,A01
201400030666,1,99,0,0.0,2.0,2.0,0.0,Z01
201400030667,0,2,0,0.0,2.0,1.0,1.0,A01
201400030667,0,7,0,0.0,2.0,3.0,1.0,B01
201400030668,0,7,0,0.0,1.0,3.0,1.0,A01
201400030669,0,7,0,13.0,0.0,9.0,0.0,A01
201400030670,0,10,0,0.0,1.0,1.0,1.0,A01
201400030671,0,7,0,0.0,2.0,1.0,0.0,A01
201400030671,0,7,0,0.0,2.0,4.0,0.0,B01
201400030672,0,7,0,0.0,2.0,0.0,0.0,A01
201400030672,0,7,0,0.0,2.0,0.0,0.0,B01
201400030673,0,7,0,0.0,0.0,7.0,1.0,B01
201400030673,0,7,0,0.0,2.0,1.0,15.0,A01
201400030674,0,7,0,0.0,1.0,1.0,21.0,A01
201400030675,0,7,0,0.0,1.0,1.0,16.0,A01
201400030676,0,30,0,0.0,2.0,1.0,1.0,A01
201400030676,0,7,0,0.0,2.0,3.0,15.0,B01
201400030677,0,7,0,0.0,2.0,1.0,15.0,A01
201400030677,0,7,0,0.0,2.0,7.0,1.0,B01
201400030678,0,7,0,0.0,1.0,1.0,1.0,A01
201400030679,0,7,0,0.0,1.0,1.0,15.0,A01
201400030680,0,7,0,0.0,1.0,1.0,0.0,A01
201400030681,0,7,0,0.0,1.0,2.0,15.0,A01
201400030682,0,7,0,0.0,2.0,6.0,9.0,A01
201400030682,0,34,0,0.0,2.0,1.0,17.0,B01
201400030682,0,7,0,0.0,2.0,0.0,0.0,C01
201400030682,0,7,0,0.0,2.0,0.0,0.0,D01
201400030683,0,7,0,0.0,2.0,3.0,15.0,A01
201400030683,0,7,0,0.0,2.0,1.0,1.0,B01
201400030684,1,30,0,0.0,2.0,8.0,5.0,Z01
201400030684,0,7,0,0.0,2.0,1.0,1.0,B01
201400030685,0,7,0,0.0,2.0,0.0,15.0,A01
201400030685,0,2,0,0.0,2.0,1.0,1.0,B01
201400030686,1,7,0,0.0,1.0,0.0,0.0,Z01
201400030687,0,7,0,0.0,1.0,2.0,0.0,A01
201400030688,0,7,0,1.0,0.0,9.0,16.0,A01
201400030689,0,7,0,0.0,9.0,7.0,15.0,B01
201400030689,0,33,0,0.0,2.0,1.0,1.0,A01
201400030690,0,3,0,0.0,2.0,0.0,0.0,A01
201400030690,0,15,0,0.0,2.0,0.0,0.0,B01
201400030690,0,7,0,0.0,2.0,0.0,0.0,C01
201400030691,0,7,0,0.0,2.0,5.0,0.0,B01
201400030691,2,7,0,0.0,2.0,8.0,0.0,Z01
201400030692,0,7,0,0.0,9.0,1.0,0.0,C01
201400030692,0,33,0,0.0,2.0,9.0,0.0,A01
201400030692,0,7,0,0.0,9.0,4.0,0.0,B01
201400030693,0,7,0,0.0,9.0,4.0,0.0,B01
201400030693,0,2,0,1.0,0.0,1.0,0.0,A01
201400030694,0,7,0,13.0,0.0,9.0,19.0,A01
201400030695,0,2,0,12.0,0.0,3.0,7.0,A01
201400030696,0,7,0,8.0,0.0,1.0,0.0,A01
201400030697,0,32,0,8.0,0.0,0.0,5.0,A01
201400030697,0,7,0,0.0,2.0,1.0,13.0,B01
201400030698,0,7,0,0.0,2.0,2.0,15.0,B01
201400030698,0,30,0,0.0,2.0,1.0,1.0,A01
201400030699,0,30,0,0.0,2.0,1.0,0.0,A01
201400030699,0,7,0,0.0,2.0,4.0,0.0,B01
201400030700,0,7,0,0.0,1.0,1.0,15.0,A01
201400030701,1,7,0,0.0,2.0,1.0,0.0,Z01
201400030701,0,7,0,0.0,2.0,0.0,0.0,B01
201400030702,0,15,0,0.0,9.0,7.0,0.0,B01
201400030702,0,2,0,0.0,2.0,1.0,0.0,A01
201400030703,1,99,0,0.0,2.0,2.0,0.0,Z01
201400030703,1,7,0,0.0,2.0,5.0,1.0,A01
201400030704,0,7,0,0.0,9.0,1.0,0.0,B01
201400030704,0,1,0,0.0,2.0,1.0,0.0,A01
201400030705,0,7,0,0.0,2.0,1.0,1.0,A01
201400030705,0,7,0,1.0,2.0,7.0,1.0,B01
201400030706,0,7,0,0.0,1.0,1.0,0.0,A01
201400030707,0,7,0,0.0,9.0,1.0,0.0,A01
201400030707,0,1,0,0.0,2.0,0.0,9.0,B01
201400030708,2,7,0,0.0,2.0,0.0,0.0,A01
201400030708,0,7,0,0.0,2.0,0.0,0.0,B01
201400030709,0,7,0,0.0,1.0,1.0,1.0,A01
201400030710,2,7,0,1.0,0.0,1.0,1.0,Z01
201400030710,0,7,0,0.0,2.0,5.0,23.0,B01
201400030711,0,7,0,0.0,2.0,2.0,22.0,A01
201400030711,0,1,0,1.0,0.0,1.0,1.0,B01
201400030712,0,7,0,0.0,2.0,1.0,1.0,B01
201400030712,0,10,0,0.0,2.0,1.0,13.0,A01
201400030713,0,7,0,0.0,0.0,0.0,0.0,A01
201400030714,0,7,0,0.0,0.0,0.0,12.0,A01
201400030714,0,14,0,0.0,0.0,6.0,0.0,C01
201400030714,0,7,0,0.0,0.0,1.0,7.0,B01
201400030715,0,33,0,0.0,2.0,8.0,1.0,B01
201400030715,0,10,0,0.0,2.0,3.0,15.0,A01
201400030716,1,7,0,0.0,2.0,1.0,1.0,Z01
201400030716,0,7,0,0.0,2.0,3.0,1.0,B01
201400030717,0,7,0,0.0,1.0,2.0,1.0,A01
201400030718,0,10,0,0.0,1.0,6.0,0.0,A01
201400030719,0,33,0,0.0,2.0,1.0,5.0,A01
201400030719,0,14,0,0.0,2.0,2.0,15.0,B01
201400030720,0,2,0,0.0,2.0,0.0,0.0,B01
201400030720,0,7,0,0.0,2.0,1.0,15.0,A01
201400030721,1,7,0,0.0,1.0,1.0,1.0,Z01
201400030722,0,7,0,0.0,1.0,1.0,1.0,A01
201400030723,0,7,0,7.0,0.0,1.0,0.0,A01
201400030724,1,7,0,0.0,2.0,1.0,1.0,Z01
201400030724,0,1,0,0.0,2.0,4.0,1.0,B01
201400030725,0,7,0,0.0,2.0,2.0,15.0,A01
201400030725,2,7,0,0.0,2.0,3.0,1.0,B01
201400030726,0,1,0,0.0,2.0,3.0,15.0,B01