Num_Acc,senc,catv,occutc,obs,obsm,choc,manv,num_veh
201400030726,0,7,0,0.0,2.0,1.0,1.0,A01
201400030727,0,7,0,1.0,0.0,0.0,0.0,A01
201400030728,0,7,0,0.0,2.0,8.0,1.0,B01
201400030728,0,10,0,0.0,2.0,1.0,1.0,A01
201400030729,0,35,0,0.0,2.0,1.0,1.0,A01
201400030729,0,7,0,0.0,2.0,7.0,1.0,B01
201400030730,0,30,0,0.0,2.0,1.0,1.0,B01
201400030730,0,7,0,0.0,9.0,2.0,15.0,A01
201400030731,0,10,0,0.0,2.0,1.0,0.0,A01
201400030731,0,7,0,0.0,2.0,1.0,0.0,B01
201400030732,0,7,0,0.0,1.0,2.0,1.0,A01
201400030733,0,7,0,0.0,2.0,1.0,0.0,C01
201400030733,2,7,0,0.0,2.0,1.0,0.0,A01
201400030733,0,7,0,0.0,2.0,7.0,0.0,B01
201400030734,0,2,0,0.0,2.0,1.0,0.0,A01
201400030734,0,7,0,0.0,9.0,6.0,20.0,B01
201400030735,0,7,0,0.0,2.0,4.0,0.0,B01
201400030735,0,7,0,0.0,2.0,1.0,1.0,A01
201400030735,0,7,0,0.0,2.0,4.0,0.0,C01
201400030736,0,7,0,0.0,2.0,1.0,15.0,A01
201400030736,0,7,0,0.0,2.0,1.0,1.0,B01
201400030737,0,7,0,0.0,1.0,1.0,0.0,A01
201400030738,0,30,0,0.0,2.0,1.0,1.0,B01
201400030738,0,7,0,0.0,2.0,7.0,15.0,A01
201400030739,1,7,0,0.0,1.0,1.0,7.0,Z01
201400030740,0,1,0,0.0,2.0,0.0,1.0,B01
201400030740,0,37,1,0.0,2.0,0.0,2.0,A01
201400030741,0,7,0,0.0,2.0,3.0,13.0,A01
201400030741,0,7,0,0.0,2.0,3.0,1.0,B01
201400030742,1,7,0,0.0,1.0,0.0,0.0,A01
201400030743,0,1,0,0.0,2.0,1.0,0.0,B01
201400030743,0,7,0,0.0,2.0,1.0,0.0,A01
201400030744,0,10,0,0.0,1.0,1.0,0.0,A01
201400030745,0,7,0,0.0,1.0,3.0,0.0,A01
201400030746,0,7,0,0.0,1.0,3.0,4.0,A01
201400030747,0,7,0,0.0,1.0,3.0,13.0,A01
201400030747,0,7,0,15.0,2.0,6.0,1.0,B01
201400030748,1,7,0,0.0,1.0,4.0,4.0,Z01
201400030749,0,21,0,0.0,2.0,2.0,14.0,A01
201400030749,0,33,0,0.0,2.0,6.0,21.0,B01
201400030750,1,7,0,0.0,2.0,1.0,0.0,Z01
201400030750,0,2,0,0.0,2.0,4.0,1.0,B01
201400030751,0,37,0,0.0,1.0,2.0,7.0,A01
201400030752,1,7,0,0.0,1.0,1.0,0.0,Z01
201400030753,0,7,0,0.0,2.0,8.0,1.0,A01
201400030753,0,7,0,0.0,2.0,7.0,1.0,B01
201400030754,1,10,0,0.0,2.0,0.0,10.0,A01
201400030754,0,33,0,0.0,2.0,0.0,0.0,B01
201400030755,0,33,0,0.0,2.0,1.0,1.0,B01
201400030755,0,7,0,0.0,9.0,8.0,0.0,A01
201400030756,2,7,0,0.0,2.0,1.0,19.0,Z01
201400030756,0,7,0,0.0,2.0,7.0,1.0,B01
201400030757,0,30,0,0.0,2.0,1.0,1.0,B01
201400030757,2,7,0,0.0,9.0,1.0,1.0,Z01
201400030758,0,7,0,1.0,0.0,1.0,0.0,A01
201400030759,0,33,0,0.0,9.0,7.0,1.0,B01
201400030759,0,37,1,0.0,9.0,3.0,15.0,A01
201400030760,0,3,0,0.0,1.0,1.0,1.0,A01
201400030761,1,7,0,0.0,1.0,1.0,0.0,Z01
201400030762,1,30,0,0.0,0.0,0.0,0.0,A01
201400030763,0,7,0,14.0,2.0,2.0,16.0,B01
201400030763,0,7,0,15.0,2.0,1.0,1.0,A01
201400030764,0,7,0,0.0,2.0,7.0,1.0,B01
201400030764,0,7,0,0.0,2.0,1.0,2.0,A01
201400030765,0,7,0,0.0,2.0,1.0,1.0,B01
201400030765,0,7,0,0.0,2.0,2.0,15.0,A01
201400030766,0,7,0,0.0,2.0,0.0,0.0,A01
201400030766,0,7,0,0.0,2.0,0.0,0.0,B01
201400030767,0,7,0,0.0,1.0,0.0,4.0,A01
201400030768,0,7,0,0.0,2.0,1.0,0.0,A01
201400030768,0,1,0,0.0,2.0,1.0,1.0,B01
201400030769,0,7,0,0.0,1.0,1.0,0.0,A01
201400030770,0,7,0,1.0,0.0,7.0,1.0,A01
201400030771,0,7,0,4.0,0.0,9.0,0.0,A01
201400030772,1,7,0,0.0,1.0,1.0,0.0,Z01
201400030773,0,7,0,0.0,1.0,1.0,1.0,A01
201400030774,0,7,0,0.0,1.0,0.0,0.0,A01
201400030775,1,7,0,0.0,1.0,0.0,0.0,Z01
201400030776,0,33,0,0.0,2.0,3.0,1.0,B01
201400030776,0,7,0,0.0,2.0,2.0,10.0,A01
201400030777,0,7,0,0.0,2.0,1.0,1.0,A01
201400030777,0,7,0,0.0,2.0,3.0,1.0,B01
201400030778,0,7,0,0.0,1.0,2.0,1.0,A01
201400030779,0,7,0,0.0,2.0,8.0,15.0,B01
201400030779,0,30,0,0.0,2.0,1.0,17.0,A01
201400030780,2,7,0,7.0,0.0,9.0,2.0,A01
201400030781,0,30,0,0.0,2.0,1.0,1.0,A01
201400030781,0,7,0,0.0,9.0,8.0,15.0,B01
201400030782,0,7,0,0.0,0.0,4.0,2.0,B01
201400030782,0,15,0,0.0,2.0,1.0,2.0,A01
201400030783,1,7,0,0.0,1.0,5.0,1.0,Z01
201400030784,0,7,0,0.0,2.0,3.0,1.0,B01
201400030784,0,7,0,0.0,2.0,3.0,16.0,C01
201400030784,0,7,0,0.0,2.0,2.0,1.0,A01
201400030785,0,34,0,0.0,0.0,0.0,0.0,B01
201400030785,0,7,0,0.0,9.0,0.0,0.0,A01
201400030786,0,7,0,0.0,2.0,0.0,15.0,A01
201400030786,0,33,0,0.0,2.0,1.0,1.0,B01
201400030787,0,7,0,0.0,1.0,1.0,0.0,A01
201400030788,0,7,0,0.0,2.0,2.0,9.0,A01
201400030788,0,1,0,0.0,2.0,4.0,0.0,B01
201400030789,0,7,0,0.0,1.0,3.0,15.0,A01
201400030790,0,7,0,0.0,2.0,7.0,23.0,C01
201400030790,0,7,0,0.0,2.0,1.0,0.0,B01
201400030790,0,7,0,0.0,2.0,6.0,0.0,A01
201400030791,0,7,0,0.0,2.0,7.0,1.0,B01
201400030791,0,7,0,0.0,2.0,1.0,1.0,A01
201400030792,0,7,0,0.0,1.0,0.0,0.0,A01
201400030793,0,33,0,0.0,2.0,1.0,7.0,A01
201400030793,0,1,0,0.0,2.0,4.0,1.0,C01
201400030793,0,10,0,0.0,2.0,2.0,16.0,B01
201400030794,0,7,0,8.0,0.0,1.0,0.0,A01
201400030795,0,7,0,0.0,2.0,8.0,0.0,B01
201400030795,0,7,0,0.0,2.0,1.0,15.0,A01
201400030796,0,37,0,0.0,1.0,0.0,1.0,A01
201400030797,0,7,0,0.0,2.0,0.0,0.0,A01
201400030797,0,33,0,0.0,2.0,0.0,0.0,B01
201400030798,0,7,0,9.0,2.0,1.0,1.0,B01
201400030798,2,7,0,0.0,2.0,8.0,1.0,A01
201400030799,1,99,0,0.0,1.0,4.0,4.0,Z01
201400030800,0,7,0,0.0,2.0,2.0,1.0,A01
201400030800,0,7,0,0.0,2.0,3.0,15.0,B01
201400030801,0,16,0,0.0,2.0,5.0,16.0,A01
201400030801,0,1,0,0.0,2.0,1.0,0.0,B01
201400030802,0,37,1,0.0,1.0,5.0,1.0,A01
201400030803,0,7,0,0.0,2.0,7.0,1.0,A01
201400030803,0,7,0,0.0,2.0,1.0,1.0,B01
201400030804,0,33,0,0.0,2.0,0.0,0.0,B01
201400030804,0,7,0,0.0,2.0,0.0,0.0,A01
201400030805,0,7,0,3.0,0.0,1.0,0.0,A01
201400030806,0,7,0,2.0,0.0,1.0,0.0,A01
201400030807,0,10,0,0.0,2.0,0.0,0.0,A01
201400030807,0,7,0,0.0,2.0,0.0,0.0,D01
201400030807,0,7,0,0.0,2.0,1.0,0.0,B01
201400030807,0,7,0,0.0,2.0,0.0,0.0,C01
201400030808,0,30,0,0.0,2.0,7.0,10.0,A01
201400030808,0,7,0,0.0,2.0,1.0,1.0,B01
201400030809,0,7,0,0.0,2.0,8.0,15.0,B01
201400030809,0,7,0,0.0,2.0,1.0,19.0,A01
201400030810,0,7,0,0.0,2.0,7.0,15.0,A01
201400030810,0,33,0,0.0,2.0,0.0,1.0,B01
201400030811,0,7,0,0.0,2.0,0.0,1.0,B01
201400030811,2,7,0,0.0,2.0,2.0,1.0,A01
201400030811,0,7,0,0.0,2.0,0.0,0.0,C01
201400030812,0,7,0,0.0,2.0,4.0,0.0,B01
201400030812,2,7,0,0.0,2.0,1.0,0.0,A01
201400030813,0,7,0,0.0,1.0,1.0,15.0,A01
201400030814,0,7,0,0.0,2.0,1.0,1.0,B01
201400030814,0,2,0,0.0,2.0,1.0,17.0,A01
201400030815,0,7,0,14.0,0.0,1.0,1.0,A01
201400030816,0,10,0,0.0,2.0,8.0,10.0,A01
201400030816,0,2,0,0.0,2.0,1.0,1.0,B01
201400030817,0,7,0,0.0,2.0,4.0,23.0,C01
201400030817,0,7,0,0.0,2.0,4.0,1.0,B01
201400030817,0,7,0,0.0,2.0,1.0,1.0,A01
201400030818,0,33,0,0.0,2.0,7.0,16.0,B01
201400030818,0,7,0,0.0,2.0,1.0,1.0,A01
201400030819,0,7,0,0.0,1.0,1.0,15.0,A01
201400030820,0,7,0,0.0,2.0,7.0,16.0,A01
201400030820,0,2,0,0.0,2.0,8.0,1.0,B01
201400030821,1,7,0,0.0,2.0,0.0,0.0,Z01
201400030821,0,33,0,0.0,2.0,0.0,1.0,B01
201400030822,0,7,0,0.0,1.0,1.0,0.0,A01
201400030823,0,1,0,0.0,2.0,0.0,1.0,B01
201400030823,0,7,0,0.0,2.0,7.0,16.0,A01
201400030824,0,10,0,0.0,2.0,7.0,1.0,B01
201400030824,0,30,0,0.0,2.0,1.0,1.0,A01
201400030825,0,7,0,0.0,9.0,2.0,1.0,B01
201400030825,0,1,0,0.0,2.0,8.0,1.0,A01
201400030826,0,10,0,0.0,1.0,2.0,1.0,A01
201400030827,0,7,0,0.0,1.0,3.0,1.0,A01
201400030828,0,7,0,0.0,2.0,7.0,20.0,B01
201400030828,0,30,0,0.0,2.0,8.0,18.0,A01
201400030829,0,7,0,0.0,2.0,3.0,15.0,A01
201400030829,2,33,0,0.0,2.0,1.0,1.0,Z01
201400030830,1,7,0,0.0,1.0,0.0,1.0,Z01
201400030831,1,7,0,0.0,1.0,1.0,1.0,Z01
201400030832,0,7,0,0.0,1.0,1.0,15.0,A01
201400030833,0,2,0,0.0,2.0,1.0,1.0,A01
201400030833,0,7,0,0.0,2.0,4.0,1.0,C01
201400030833,0,7,0,0.0,2.0,3.0,1.0,B01
201400030834,1,7,0,0.0,1.0,0.0,0.0,Z01
201400030835,0,1,0,0.0,2.0,1.0,1.0,B01
201400030835,0,37,2,0.0,2.0,2.0,1.0,A01
201400030836,0,31,0,0.0,2.0,8.0,0.0,B01
201400030836,0,7,0,0.0,2.0,8.0,20.0,A01
201400030837,0,7,0,0.0,1.0,1.0,1.0,A01
201400030838,0,2,0,0.0,2.0,1.0,1.0,B01
201400030838,0,7,0,0.0,2.0,3.0,15.0,A01
201400030839,2,7,0,0.0,2.0,1.0,0.0,A01
201400030839,0,7,0,0.0,2.0,1.0,1.0,C01
201400030839,0,7,0,0.0,2.0,8.0,1.0,B01
201400030840,0,7,0,0.0,2.0,1.0,1.0,C01
201400030840,0,14,0,0.0,2.0,3.0,1.0,A01
201400030840,0,7,0,0.0,2.0,7.0,1.0,B01
201400030841,1,7,0,0.0,2.0,0.0,1.0,Z01
201400030841,0,7,0,0.0,2.0,1.0,1.0,A01
201400030842,0,7,0,0.0,1.0,3.0,1.0,A01
201400030843,0,7,0,0.0,2.0,3.0,1.0,B01
201400030843,0,7,0,0.0,2.0,1.0,15.0,A01
201400030844,0,7,0,0.0,1.0,4.0,4.0,A01
201400030845,0,33,0,0.0,2.0,1.0,15.0,B01
201400030845,0,7,0,0.0,2.0,3.0,15.0,A01
201400030846,0,7,0,0.0,2.0,7.0,1.0,A01
201400030847,0,7,0,0.0,1.0,0.0,15.0,A01
201400030848,0,7,0,0.0,1.0,3.0,1.0,A01
201400030849,0,7,0,0.0,1.0,3.0,15.0,A01
201400030850,0,32,0,0.0,2.0,1.0,1.0,B01
201400030850,0,7,0,0.0,2.0,8.0,10.0,A01
201400030851,0,7,0,0.0,1.0,2.0,1.0,A01
201400030852,2,2,0,0.0,2.0,1.0,1.0,A01
201400030852,0,7,0,0.0,2.0,3.0,1.0,B01
201400030853,0,7,0,0.0,1.0,1.0,15.0,A01
201400030854,0,7,0,0.0,1.0,2.0,20.0,A01
201400030855,0,7,0,0.0,1.0,1.0,1.0,A01
201400030856,0,7,0,0.0,1.0,1.0,1.0,A01
201400030857,0,7,0,0.0,2.0,7.0,12.0,A01
201400030857,0,32,0,0.0,2.0,8.0,1.0,B01
201400030858,0,7,0,0.0,2.0,2.0,1.0,B01
201400030858,0,10,0,15.0,2.0,3.0,1.0,A01
201400030859,0,1,0,0.0,0.0,0.0,0.0,Y01
201400030859,0,7,0,0.0,0.0,0.0,1.0,A01
201400030860,0,7,0,0.0,1.0,1.0,1.0,A01
201400030861,0,37,1,0.0,1.0,2.0,16.0,A01
201400030862,0,7,0,0.0,1.0,1.0,1.0,A01
201400030863,0,34,0,0.0,2.0,1.0,1.0,B01
201400030863,0,7,0,0.0,2.0,1.0,15.0,A01
201400030864,0,7,0,4.0,2.0,8.0,2.0,A01
201400030864,0,10,0,0.0,2.0,1.0,2.0,B01
201400030865,1,99,0,0.0,1.0,0.0,1.0,Z01
201400030866,0,7,0,0.0,2.0,3.0,15.0,B01
201400030866,0,30,0,0.0,2.0,1.0,18.0,A01
201400030867,0,7,0,0.0,2.0,9.0,23.0,A01
201400030867,1,33,0,0.0,2.0,1.0,1.0,Z01
201400030867,0,7,0,0.0,2.0,4.0,23.0,B01
201400030868,1,37,1,0.0,1.0,2.0,1.0,A01
201400030869,0,7,0,0.0,1.0,1.0,1.0,A01
201400030870,0,7,0,0.0,2.0,2.0,1.0,B01
201400030870,0,7,0,1.0,2.0,1.0,0.0,A01
201400030871,1,7,0,0.0,1.0,1.0,16.0,Z01
201400030872,0,7,0,0.0,2.0,4.0,23.0,B01
201400030872,0,7,0,1.0,0.0,1.0,2.0,A01
201400030873,0,7,0,0.0,2.0,2.0,12.0,A01
201400030873,0,34,0,0.0,2.0,1.0,1.0,B01
201400030874,0,7,0,0.0,1.0,2.0,1.0,A01
201400030875,0,7,0,0.0,1.0,1.0,15.0,A01
201400030876,0,7,0,0.0,2.0,8.0,1.0,B01
201400030876,0,32,0,0.0,2.0,8.0,17.0,A01
201400030877,0,7,0,0.0,2.0,1.0,1.0,A01
201400030877,0,7,0,0.0,2.0,1.0,1.0,B01
201400030878,0,7,0,0.0,1.0,8.0,23.0,A01
201400030878,0,7,0,0.0,2.0,1.0,1.0,B01
201400030879,0,30,0,0.0,2.0,8.0,15.0,B01
201400030879,1,7,0,0.0,2.0,1.0,0.0,Z01
201400030880,0,3,0,0.0,2.0,1.0,1.0,A01
201400030880,0,7,0,0.0,2.0,4.0,15.0,B01
201400030881,0,7,0,0.0,1.0,1.0,1.0,A01
201400030882,1,7,0,0.0,2.0,0.0,17.0,Z01
201400030882,0,1,0,0.0,2.0,6.0,2.0,B01
201400030883,0,7,0,0.0,1.0,1.0,0.0,A01
201400030884,1,7,0,0.0,2.0,7.0,16.0,Z01
201400030884,0,32,0,0.0,2.0,1.0,1.0,B01
201400030885,1,7,0,0.0,1.0,0.0,0.0,Z01
201400030886,1,7,0,0.0,1.0,0.0,1.0,Z01
201400030887,0,7,0,14.0,0.0,1.0,2.0,A01
201400030887,0,7,0,14.0,2.0,4.0,1.0,B01
201400030887,0,7,0,0.0,2.0,4.0,23.0,C01
201400030888,0,30,0,0.0,1.0,1.0,17.0,A01
201400030889,0,7,0,0.0,1.0,3.0,15.0,A01
201400030890,1,7,0,0.0,1.0,3.0,1.0,Z01
201400030891,0,1,0,0.0,2.0,1.0,1.0,B01
201400030891,0,7,0,0.0,9.0,3.0,1.0,A01
201400030892,1,7,0,0.0,2.0,3.0,0.0,Z01
201400030892,0,32,0,0.0,2.0,0.0,1.0,B01
201400030893,0,7,0,0.0,1.0,1.0,1.0,A01
201400030894,0,7,0,0.0,2.0,4.0,23.0,B01
201400030894,0,37,3,0.0,2.0,1.0,2.0,A01
201400030895,0,7,0,1.0,0.0,1.0,0.0,A01
201400030896,0,32,0,0.0,0.0,7.0,1.0,B01
201400030896,0,7,0,0.0,2.0,3.0,10.0,A01
201400030897,0,7,0,0.0,1.0,1.0,1.0,A01
201400030898,0,7,0,6.0,2.0,1.0,21.0,B01
201400030898,0,7,0,0.0,2.0,2.0,15.0,A01
201400030899,0,2,0,0.0,2.0,1.0,1.0,A01
201400030899,0,7,0,0.0,2.0,7.0,15.0,B01
201400030900,0,7,0,0.0,1.0,7.0,16.0,A01
201400030901,0,7,0,0.0,2.0,1.0,0.0,A01
201400030902,0,7,0,0.0,2.0,8.0,1.0,B01
201400030902,0,7,0,0.0,2.0,1.0,1.0,A01
201400030903,0,7,0,0.0,2.0,4.0,23.0,B01
201400030903,0,7,0,0.0,2.0,1.0,1.0,A01
201400030904,0,7,0,0.0,1.0,2.0,1.0,A01
201400030905,0,7,0,15.0,2.0,1.0,19.0,A01
201400030905,0,7,0,0.0,2.0,1.0,1.0,B01
201400030906,0,7,0,15.0,0.0,1.0,1.0,A01
201400030907,0,32,0,0.0,2.0,1.0,1.0,B01
201400030907,0,7,0,0.0,2.0,7.0,15.0,A01
201400030908,0,15,0,0.0,2.0,4.0,1.0,B01
201400030908,0,7,0,0.0,0.0,0.0,10.0,C01
201400030908,0,10,0,0.0,2.0,1.0,1.0,A01
201400030909,0,7,0,0.0,2.0,4.0,14.0,B01
201400030909,0,7,0,0.0,2.0,1.0,1.0,A01
201400030910,0,33,0,0.0,2.0,2.0,21.0,B01
201400030910,0,7,0,0.0,0.0,6.0,15.0,A01
201400030911,0,7,0,0.0,0.0,4.0,10.0,B01
201400030911,0,32,0,0.0,2.0,1.0,7.0,A01
201400030912,0,7,0,15.0,0.0,3.0,1.0,A01
201400030913,0,7,0,0.0,2.0,1.0,11.0,A01
201400030913,0,33,0,0.0,2.0,1.0,1.0,B01
201400030914,0,10,0,0.0,2.0,1.0,1.0,A01
201400030914,0,7,0,0.0,2.0,4.0,1.0,B01
201400030914,0,7,0,0.0,2.0,4.0,1.0,C01
201400030914,0,7,0,0.0,2.0,4.0,1.0,D01
201400030914,0,7,0,0.0,0.0,5.0,23.0,E01
201400030915,0,10,0,0.0,1.0,1.0,1.0,A01
201400030916,0,37,25,0.0,1.0,2.0,9.0,A01
201400030917,0,7,0,0.0,2.0,1.0,1.0,B01
201400030917,2,10,0,0.0,0.0,2.0,15.0,A01
201400030918,0,7,0,0.0,1.0,3.0,0.0,A01
201400030919,0,7,0,0.0,2.0,1.0,10.0,A01
201400030919,0,7,0,0.0,2.0,1.0,1.0,B01
201400030919,0,7,0,0.0,2.0,1.0,1.0,C01
201400030920,0,7,0,8.0,2.0,1.0,0.0,B01
201400030920,0,7,0,0.0,2.0,5.0,15.0,A01
201400030920,0,7,0,0.0,2.0,1.0,0.0,C01
201400030921,0,7,0,0.0,1.0,2.0,1.0,A01
201400030922,0,33,0,0.0,0.0,2.0,15.0,A01
201400030922,0,7,0,0.0,2.0,3.0,13.0,B01
201400030923,0,7,0,0.0,2.0,1.0,2.0,A01
201400030923,0,7,0,0.0,2.0,4.0,23.0,B01
201400030923,0,7,0,0.0,2.0,4.0,23.0,C01
201400030924,0,7,0,0.0,1.0,1.0,1.0,A01
201400030925,0,2,0,0.0,2.0,1.0,5.0,A01
201400030925,0,7,0,0.0,2.0,3.0,15.0,B01
201400030926,1,99,0,0.0,0.0,0.0,0.0,A01
201400030926,0,30,0,0.0,2.0,2.0,0.0,B01
201400030927,0,7,0,0.0,0.0,5.0,1.0,A01
201400030927,0,7,0,0.0,2.0,2.0,16.0,B01
201400030928,0,7,0,0.0,2.0,2.0,1.0,C01
201400030928,0,7,0,0.0,2.0,1.0,1.0,B01
201400030928,0,7,0,0.0,0.0,1.0,5.0,A01
201400030929,0,3,0,0.0,9.0,3.0,15.0,A01
201400030929,0,2,0,0.0,2.0,1.0,1.0,B01
201400030930,0,7,0,0.0,2.0,3.0,2.0,B01
201400030930,0,7,0,0.0,2.0,3.0,13.0,A01
201400030931,0,2,0,0.0,0.0,1.0,2.0,B01
201400030931,0,7,0,0.0,0.0,7.0,0.0,A01
201400030932,0,7,0,0.0,1.0,1.0,0.0,A01
201400030933,0,7,0,1.0,0.0,1.0,1.0,A01
201400030934,0,13,0,0.0,2.0,3.0,2.0,A01
201400030934,0,7,0,0.0,2.0,4.0,14.0,B01
201400030935,0,7,0,0.0,0.0,9.0,14.0,A01
201400030936,0,7,0,0.0,1.0,2.0,1.0,A01
201400030937,0,7,0,0.0,0.0,3.0,22.0,A01
201400030937,0,1,0,0.0,0.0,2.0,0.0,B01
201400030938,0,7,0,0.0,2.0,2.0,15.0,A01
201400030938,0,30,0,0.0,2.0,1.0,1.0,B01
201400030939,0,7,0,0.0,2.0,3.0,2.0,B01
201400030939,0,7,0,0.0,2.0,3.0,1.0,A01
201400030940,0,7,0,0.0,2.0,1.0,0.0,A01
201400030940,0,7,0,0.0,2.0,7.0,1.0,B01
201400030941,0,7,0,0.0,2.0,1.0,1.0,A01
201400030941,0,7,0,0.0,2.0,5.0,1.0,B01
201400030942,0,7,0,0.0,1.0,3.0,1.0,A01
201400030943,0,7,0,0.0,1.0,1.0,0.0,A01
201400030944,0,7,0,0.0,0.0,1.0,15.0,A01
201400030944,0,7,0,0.0,0.0,1.0,0.0,B01
201400030945,0,7,0,0.0,0.0,5.0,16.0,B01
201400030945,0,2,0,0.0,2.0,5.0,1.0,A01
201400030946,0,7,0,2.0,0.0,2.0,13.0,A01
201400030947,0,3,0,0.0,1.0,7.0,1.0,A01
201400030948,0,7,0,0.0,2.0,3.0,15.0,B01
201400030948,0,30,0,0.0,2.0,2.0,2.0,A01
201400030949,0,1,0,0.0,2.0,3.0,2.0,B01
201400030949,0,7,0,0.0,9.0,2.0,16.0,A01
201400030950,0,7,0,0.0,1.0,1.0,16.0,A01
201400030951,0,7,0,0.0,1.0,2.0,0.0,A01
201400030952,0,7,0,8.0,0.0,1.0,0.0,A01
201400030953,0,7,0,0.0,1.0,1.0,1.0,A01
201400030954,0,7,0,1.0,0.0,3.0,15.0,A01
201400030955,0,7,0,0.0,1.0,3.0,0.0,A01
201400030956,0,7,0,0.0,0.0,1.0,1.0,C01
201400030956,2,7,0,0.0,0.0,2.0,11.0,A01
201400030956,0,7,0,0.0,0.0,7.0,1.0,B01
201400030957,0,7,0,0.0,1.0,2.0,1.0,A01
201400030958,0,7,0,0.0,2.0,2.0,15.0,A01
201400030958,0,7,0,0.0,2.0,1.0,1.0,B01
201400030959,0,7,0,6.0,0.0,0.0,20.0,A01
201400030960,0,7,0,0.0,2.0,1.0,1.0,B01
201400030960,0,7,0,0.0,2.0,2.0,15.0,A01
201400030961,0,7,0,0.0,1.0,7.0,1.0,A01
201400030962,0,2,0,0.0,2.0,1.0,17.0,A01
201400030962,0,7,0,0.0,2.0,8.0,17.0,B01
201400030963,0,7,0,0.0,1.0,2.0,1.0,A01
201400030964,0,7,0,0.0,2.0,1.0,21.0,A01
201400030964,0,7,0,0.0,2.0,3.0,1.0,B01
201400030965,0,7,0,0.0,2.0,3.0,10.0,A01
201400030965,0,33,0,0.0,2.0,1.0,1.0,B01
201400030966,0,7,0,0.0,1.0,2.0,5.0,A01
201400030967,0,7,0,0.0,2.0,5.0,12.0,A01
201400030967,0,7,0,0.0,2.0,2.0,0.0,B01
201400030968,0,7,0,0.0,1.0,1.0,1.0,A01
201400030969,0,7,0,0.0,1.0,1.0,0.0,A01
201400030970,0,34,0,0.0,2.0,1.0,2.0,B01
201400030970,0,7,0,0.0,2.0,2.0,1.0,A01
201400030971,0,7,0,0.0,2.0,1.0,2.0,A01
201400030971,0,7,0,0.0,2.0,4.0,1.0,B01
201400030972,1,7,0,0.0,1.0,1.0,1.0,A01
201400030973,0,1,0,0.0,2.0,8.0,0.0,B01
201400030973,0,7,0,0.0,2.0,2.0,1.0,A01
201400030974,0,7,0,6.0,0.0,1.0,19.0,A01
201400030975,1,33,0,0.0,1.0,1.0,0.0,Z01
201400030976,0,7,0,0.0,2.0,7.0,15.0,A01
201400030976,0,2,0,0.0,2.0,1.0,0.0,B01
201400030977,0,7,0,0.0,2.0,2.0,1.0,B01
201400030977,0,7,0,0.0,2.0,1.0,1.0,A01
201400030978,0,7,0,0.0,2.0,1.0,2.0,A01
201400030978,0,7,0,0.0,2.0,2.0,2.0,B01
201400030979,0,7,0,0.0,1.0,2.0,1.0,A01
201400030980,0,2,0,1.0,2.0,1.0,5.0,A01
201400030980,0,7,0,0.0,0.0,6.0,23.0,C01
201400030980,0,7,0,0.0,0.0,3.0,1.0,B01
201400030981,0,30,0,0.0,1.0,1.0,1.0,A01
201400030982,0,3,0,1.0,0.0,1.0,13.0,A01
201400030983,0,7,0,0.0,2.0,1.0,0.0,B01
201400030983,0,7,0,0.0,2.0,7.0,15.0,A01
201400030984,0,7,0,0.0,1.0,6.0,4.0,A01
201400030985,0,10,0,0.0,2.0,7.0,1.0,A01
201400030985,0,7,0,0.0,2.0,1.0,1.0,B01
201400030986,0,7,0,0.0,1.0,3.0,16.0,A01
201400030987,0,7,0,0.0,0.0,7.0,22.0,A01
201400030987,0,31,0,0.0,2.0,1.0,18.0,B01
201400030988,0,7,0,0.0,1.0,3.0,2.0,A01
201400030989,0,7,0,14.0,0.0,4.0,23.0,B01
201400030989,0,7,0,14.0,0.0,1.0,1.0,A01
201400030989,0,10,0,0.0,0.0,4.0,23.0,C01
201400030990,0,1,0,0.0,2.0,1.0,5.0,A01
201400030990,0,7,0,0.0,9.0,1.0,1.0,B01
201400030991,0,33,0,0.0,2.0,1.0,17.0,A01
201400030991,0,7,0,0.0,2.0,3.0,1.0,B01
201400030991,0,7,0,0.0,2.0,8.0,1.0,C01
201400030992,0,36,0,0.0,0.0,4.0,0.0,B01
201400030992,0,7,0,0.0,2.0,1.0,2.0,A01
201400030993,0,7,0,0.0,1.0,1.0,15.0,A01
201400030994,0,7,0,0.0,1.0,2.0,0.0,A01
201400030995,0,7,0,0.0,1.0,1.0,0.0,A01
201400030996,0,7,0,0.0,0.0,3.0,1.0,B01
201400030996,0,7,0,0.0,0.0,2.0,1.0,A01
201400030997,0,7,0,0.0,1.0,7.0,15.0,A01
201400030998,0,1,0,0.0,2.0,3.0,0.0,B01
201400030998,0,7,0,0.0,0.0,2.0,2.0,A01
201400030999,0,7,0,0.0,1.0,1.0,1.0,A01
201400031000,0,7,0,0.0,1.0,1.0,11.0,A01
201400031001,0,7,0,0.0,2.0,1.0,1.0,A01
201400031001,0,7,0,0.0,2.0,6.0,0.0,B01
201400031002,0,7,0,0.0,1.0,3.0,1.0,A01
201400031003,0,7,0,0.0,1.0,2.0,1.0,A01
201400031004,0,7,0,0.0,2.0,1.0,1.0,B01
201400031004,0,7,0,0.0,2.0,2.0,15.0,A01
201400031005,0,7,0,0.0,1.0,5.0,4.0,A01
201400031006,0,7,0,0.0,2.0,2.0,23.0,A01
201400031006,0,1,0,0.0,2.0,1.0,1.0,B01
201400031007,0,7,0,0.0,2.0,3.0,23.0,B01
201400031007,0,7,0,0.0,2.0,3.0,15.0,A01
201400031008,0,7,0,1.0,0.0,2.0,0.0,A01
201400031009,0,7,0,0.0,2.0,2.0,15.0,A01