Num_Acc,senc,catv,occutc,obs,obsm,choc,manv,num_veh
201400031009,0,33,0,0.0,2.0,1.0,1.0,B01
201400031010,1,7,0,0.0,2.0,2.0,1.0,Z01
201400031010,0,7,0,0.0,2.0,5.0,15.0,B01
201400031011,0,10,0,15.0,2.0,3.0,1.0,A01
201400031011,0,7,0,15.0,2.0,2.0,1.0,B01
201400031012,0,1,0,15.0,2.0,7.0,19.0,A01
201400031012,0,7,0,0.0,9.0,1.0,1.0,B01
201400031013,0,7,0,0.0,2.0,5.0,1.0,A01
201400031013,0,7,0,0.0,2.0,2.0,1.0,B01
201400031014,0,7,0,0.0,2.0,1.0,1.0,B01
201400031014,1,7,0,0.0,0.0,2.0,,A01
201400031015,0,33,0,0.0,2.0,1.0,2.0,A01
201400031015,0,7,0,0.0,2.0,5.0,2.0,B01
201400031016,0,7,0,0.0,2.0,4.0,1.0,B01
201400031016,0,3,0,0.0,2.0,1.0,2.0,A01
201400031017,0,7,0,0.0,0.0,4.0,0.0,B01
201400031017,0,7,0,1.0,0.0,1.0,0.0,A01
201400031018,0,7,0,8.0,4.0,3.0,15.0,A01
201400031018,0,40,0,0.0,2.0,2.0,1.0,B01
201400031019,1,7,0,0.0,2.0,0.0,17.0,Z01
201400031019,0,30,0,0.0,0.0,5.0,1.0,B01
201400031020,0,1,0,0.0,2.0,7.0,0.0,A01
201400031020,0,7,0,0.0,2.0,3.0,1.0,B01
201400031021,2,99,0,0.0,2.0,1.0,10.0,A01
201400031021,0,99,0,0.0,2.0,8.0,1.0,B01
201400031022,0,7,0,14.0,0.0,1.0,1.0,A01
201400031022,0,7,0,0.0,0.0,4.0,23.0,C01
201400031022,0,7,0,14.0,0.0,4.0,23.0,B01
201400031023,0,2,0,0.0,2.0,1.0,0.0,B01
201400031023,0,7,0,0.0,2.0,5.0,0.0,A01
201400031024,0,7,0,0.0,1.0,1.0,2.0,A01
201400031025,0,7,0,0.0,2.0,1.0,1.0,A01
201400031025,0,1,0,0.0,2.0,8.0,15.0,B01
201400031026,0,7,0,0.0,2.0,2.0,12.0,A01
201400031026,0,7,0,6.0,2.0,3.0,1.0,B01
201400031027,0,7,0,0.0,1.0,2.0,1.0,A01
201400031028,2,3,0,8.0,0.0,1.0,15.0,A01
201400031029,0,7,0,0.0,9.0,5.0,17.0,A01
201400031029,0,1,0,0.0,2.0,3.0,13.0,B01
201400031030,0,7,0,0.0,1.0,3.0,0.0,A01
201400031031,0,7,0,1.0,0.0,4.0,4.0,A01
201400031032,0,7,0,1.0,0.0,6.0,0.0,C01
201400031032,0,7,0,0.0,2.0,1.0,0.0,A01
201400031032,0,7,0,0.0,2.0,1.0,0.0,B01
201400031032,0,7,0,1.0,0.0,3.0,0.0,D01
201400031033,0,7,0,6.0,2.0,1.0,15.0,A01
201400031033,0,7,0,0.0,2.0,1.0,2.0,B01
201400031034,0,7,0,0.0,0.0,1.0,2.0,A01
201400031035,0,7,0,0.0,0.0,8.0,0.0,A01
201400031035,0,7,0,0.0,0.0,2.0,1.0,B01
201400031036,0,7,0,6.0,0.0,1.0,0.0,A01
201400031037,0,7,0,0.0,1.0,3.0,15.0,A01
201400031038,0,33,0,0.0,0.0,2.0,1.0,B01
201400031038,0,7,0,0.0,0.0,8.0,9.0,A01
201400031039,0,1,0,0.0,2.0,7.0,0.0,A01
201400031039,0,7,0,0.0,2.0,3.0,0.0,B01
201400031040,0,7,0,0.0,1.0,7.0,1.0,A01
201400031041,0,7,0,0.0,2.0,8.0,1.0,B01
201400031041,0,7,0,0.0,2.0,1.0,1.0,A01
201400031042,1,7,0,0.0,1.0,3.0,0.0,Z01
201400031043,0,7,0,0.0,2.0,8.0,1.0,B01
201400031043,0,7,0,0.0,2.0,1.0,19.0,A01
201400031044,0,7,0,0.0,2.0,1.0,0.0,A01
201400031044,0,7,0,0.0,2.0,2.0,0.0,B01
201400031045,0,7,0,0.0,1.0,3.0,15.0,A01
201400031046,0,7,0,0.0,2.0,4.0,4.0,A01
201400031046,0,30,0,0.0,2.0,1.0,0.0,B01
201400031047,0,7,0,6.0,0.0,1.0,2.0,A01
201400031048,0,2,0,0.0,0.0,1.0,0.0,A01
201400031048,0,7,0,0.0,0.0,4.0,1.0,C01
201400031049,0,1,0,0.0,2.0,1.0,1.0,A01
201400031049,0,7,0,0.0,2.0,5.0,15.0,B01
201400031050,2,33,0,0.0,1.0,1.0,5.0,A01
201400031051,0,7,0,0.0,1.0,1.0,1.0,A01
201400031052,0,10,0,0.0,2.0,6.0,1.0,A01
201400031052,0,7,0,0.0,2.0,2.0,1.0,B01
201400031053,0,7,0,1.0,0.0,1.0,1.0,A01
201400031053,0,7,0,0.0,0.0,0.0,0.0,C01
201400031053,0,7,0,0.0,0.0,9.0,0.0,B01
201400031054,1,7,0,0.0,1.0,0.0,0.0,A01
201400031055,0,7,0,0.0,1.0,1.0,1.0,A01
201400031056,0,7,0,0.0,1.0,3.0,15.0,A01
201400031057,0,7,0,0.0,1.0,2.0,2.0,A01
201400031058,0,7,0,0.0,1.0,3.0,1.0,A01
201400031059,0,7,0,0.0,1.0,1.0,1.0,A01
201400031060,0,7,0,0.0,2.0,1.0,0.0,A01
201400031060,0,7,0,2.0,2.0,6.0,0.0,B01
201400031061,0,7,0,8.0,0.0,1.0,0.0,A01
201400031062,0,7,0,14.0,0.0,1.0,1.0,A01
201400031063,0,7,0,0.0,2.0,6.0,0.0,B01
201400031063,0,7,0,0.0,2.0,3.0,0.0,A01
201400031064,1,99,0,0.0,2.0,2.0,2.0,Z01
201400031064,0,1,0,0.0,0.0,6.0,2.0,A01
201400031065,1,7,0,0.0,1.0,1.0,2.0,A01
201400031066,0,7,0,0.0,2.0,7.0,1.0,A01
201400031066,0,7,0,0.0,2.0,3.0,15.0,B01
201400031066,0,7,0,0.0,2.0,3.0,23.0,C01
201400031067,0,7,0,0.0,2.0,1.0,0.0,A01
201400031067,0,7,0,0.0,0.0,4.0,23.0,B01
201400031068,0,30,0,0.0,2.0,7.0,1.0,A01
201400031068,0,7,0,0.0,2.0,1.0,1.0,B01
201400031069,0,7,0,0.0,2.0,1.0,19.0,A01
201400031069,0,33,0,0.0,2.0,8.0,1.0,B01
201400031070,0,30,0,0.0,0.0,1.0,1.0,B01
201400031070,0,7,0,0.0,0.0,7.0,16.0,A01
201400031071,0,7,0,0.0,2.0,6.0,1.0,B01
201400031071,0,7,0,0.0,2.0,1.0,16.0,A01
201400031071,0,7,0,0.0,2.0,3.0,1.0,C01
201400031072,0,7,0,0.0,2.0,3.0,15.0,A01
201400031072,0,7,0,6.0,2.0,8.0,1.0,B01
201400031073,0,7,0,0.0,2.0,3.0,1.0,A01
201400031073,0,7,0,0.0,2.0,1.0,1.0,B01
201400031074,0,7,0,1.0,2.0,7.0,19.0,A01
201400031074,0,7,0,8.0,2.0,3.0,1.0,B01
201400031075,0,7,0,0.0,2.0,1.0,15.0,A01
201400031075,0,33,0,0.0,2.0,7.0,1.0,B01
201400031076,0,7,0,0.0,0.0,4.0,0.0,B01
201400031076,0,7,0,0.0,2.0,1.0,1.0,A01
201400031077,0,7,0,2.0,0.0,2.0,1.0,A01
201400031078,0,7,0,2.0,0.0,2.0,14.0,A01
201400031079,0,7,0,0.0,2.0,1.0,1.0,B01
201400031079,0,1,0,0.0,2.0,8.0,15.0,A01
201400031080,0,10,0,2.0,0.0,1.0,1.0,A01
201400031081,0,1,0,0.0,2.0,1.0,19.0,A01
201400031081,0,7,0,0.0,9.0,2.0,1.0,B01
201400031082,0,7,0,0.0,1.0,3.0,1.0,A01
201400031083,0,7,0,0.0,1.0,2.0,1.0,A01
201400031084,0,7,0,8.0,4.0,4.0,9.0,A01
201400031084,0,40,0,0.0,2.0,1.0,1.0,B01
201400031085,0,7,0,0.0,2.0,2.0,16.0,A01
201400031085,0,33,0,0.0,2.0,3.0,2.0,B01
201400031086,0,10,0,0.0,2.0,1.0,1.0,A01
201400031086,0,7,0,0.0,2.0,8.0,1.0,B01
201400031087,1,99,0,0.0,0.0,1.0,2.0,A01
201400031087,0,7,0,0.0,2.0,4.0,2.0,B01
201400031088,0,7,0,8.0,0.0,1.0,0.0,B01
201400031088,0,7,0,0.0,0.0,4.0,0.0,C01
201400031088,0,7,0,8.0,0.0,3.0,0.0,A01
201400031089,0,7,0,0.0,1.0,4.0,4.0,A01
201400031090,0,7,0,0.0,0.0,1.0,14.0,A01
201400031091,0,37,1,0.0,1.0,2.0,7.0,A01
201400031092,0,7,0,0.0,1.0,6.0,1.0,A01
201400031093,0,7,0,0.0,2.0,1.0,0.0,A01
201400031093,0,7,0,1.0,2.0,6.0,2.0,B01
201400031094,0,33,0,0.0,2.0,8.0,18.0,A01
201400031094,0,14,0,0.0,2.0,2.0,16.0,B01
201400031095,0,7,0,0.0,1.0,1.0,0.0,A01
201400031096,0,7,0,0.0,2.0,2.0,0.0,B01
201400031096,0,7,0,0.0,2.0,3.0,0.0,A01
201400031097,0,7,0,0.0,0.0,2.0,0.0,B01
201400031097,0,1,0,0.0,0.0,1.0,0.0,A01
201400031098,0,34,0,0.0,2.0,1.0,0.0,A01
201400031098,0,7,0,0.0,2.0,2.0,0.0,B01
201400031099,0,7,0,0.0,1.0,2.0,15.0,A01
201400031100,1,7,0,0.0,1.0,0.0,16.0,Z01
201400031101,0,7,0,0.0,0.0,7.0,17.0,A01
201400031101,0,1,0,0.0,0.0,8.0,15.0,B01
201400031102,2,7,0,0.0,1.0,0.0,0.0,A01
201400031103,0,2,0,0.0,2.0,1.0,1.0,B01
201400031103,0,7,0,0.0,2.0,2.0,20.0,A01
201400031104,0,7,0,0.0,2.0,3.0,2.0,B01
201400031104,0,30,0,0.0,2.0,1.0,2.0,A01
201400031105,0,20,0,0.0,1.0,4.0,0.0,A01
201400031106,0,7,0,0.0,2.0,1.0,2.0,D01
201400031106,0,7,0,0.0,2.0,1.0,2.0,C01
201400031106,0,37,1,0.0,0.0,4.0,2.0,B01
201400031106,0,7,0,0.0,2.0,1.0,2.0,A01
201400031107,0,7,0,0.0,2.0,1.0,0.0,B01
201400031107,0,7,0,0.0,2.0,8.0,9.0,A01
201400031108,0,7,0,0.0,2.0,2.0,1.0,C01
201400031108,0,7,0,0.0,2.0,7.0,1.0,B01
201400031108,0,7,0,0.0,2.0,1.0,17.0,A01
201400031109,0,2,0,0.0,2.0,1.0,2.0,A01
201400031109,0,7,0,0.0,2.0,5.0,23.0,B01
201400031110,0,7,0,0.0,2.0,1.0,9.0,A01
201400031110,0,7,0,0.0,2.0,8.0,1.0,B01
201400031111,0,30,0,0.0,2.0,2.0,1.0,B01
201400031111,0,10,0,0.0,2.0,8.0,20.0,A01
201400031112,0,7,0,8.0,9.0,1.0,13.0,A01
201400031113,0,7,0,0.0,2.0,2.0,1.0,A01
201400031113,0,33,0,0.0,2.0,3.0,1.0,B01
201400031114,1,33,0,0.0,2.0,0.0,17.0,Z01
201400031114,0,7,0,0.0,2.0,3.0,15.0,A01
201400031115,0,7,0,0.0,2.0,2.0,15.0,B01
201400031115,0,1,0,0.0,2.0,8.0,19.0,A01
201400031116,0,1,0,0.0,2.0,7.0,0.0,B01
201400031116,0,7,0,0.0,9.0,1.0,0.0,A01
201400031117,0,7,0,0.0,0.0,8.0,2.0,B01
201400031117,0,7,0,0.0,0.0,3.0,15.0,A01
201400031118,0,33,0,0.0,2.0,2.0,9.0,A01
201400031118,0,7,0,0.0,2.0,8.0,1.0,B01
201400031119,0,7,0,14.0,0.0,2.0,1.0,A01
201400031120,0,7,0,0.0,0.0,3.0,1.0,B01
201400031120,0,30,0,0.0,0.0,1.0,3.0,A01
201400031121,0,7,0,0.0,2.0,2.0,1.0,A01
201400031121,0,7,0,0.0,2.0,1.0,15.0,B01
201400031122,0,7,0,0.0,0.0,8.0,1.0,B01
201400031122,0,7,0,0.0,2.0,1.0,16.0,A01
201400031123,0,30,0,0.0,2.0,1.0,15.0,A01
201400031123,0,7,0,0.0,2.0,8.0,1.0,B01
201400031124,0,10,0,0.0,1.0,1.0,1.0,A01
201400031125,0,7,0,0.0,2.0,1.0,1.0,A01
201400031125,0,7,0,0.0,2.0,4.0,1.0,C01
201400031125,0,7,0,0.0,2.0,4.0,1.0,B01
201400031125,0,7,0,0.0,0.0,4.0,1.0,D01
201400031126,0,3,0,0.0,2.0,8.0,1.0,B01
201400031126,0,7,0,0.0,2.0,2.0,15.0,A01
201400031127,0,33,0,0.0,2.0,6.0,0.0,B01
201400031127,0,10,0,0.0,2.0,3.0,0.0,A01
201400031128,0,7,0,1.0,0.0,1.0,1.0,A01
201400031129,0,37,1,0.0,1.0,5.0,9.0,A01
201400031130,0,7,0,0.0,2.0,1.0,1.0,B01
201400031130,0,7,0,0.0,2.0,3.0,1.0,A01
201400031131,0,7,0,0.0,1.0,2.0,2.0,A01
201400031132,1,7,0,0.0,2.0,1.0,1.0,Z01
201400031132,0,7,0,0.0,2.0,6.0,1.0,A01
201400031133,0,7,0,0.0,0.0,8.0,1.0,B01
201400031133,0,7,0,0.0,0.0,1.0,1.0,A01
201400031134,0,7,0,0.0,0.0,1.0,1.0,B01
201400031134,0,1,0,0.0,0.0,7.0,0.0,A01
201400031135,0,3,0,0.0,0.0,3.0,15.0,A01
201400031135,0,30,0,0.0,0.0,7.0,17.0,B01
201400031136,0,7,0,1.0,0.0,2.0,2.0,A01
201400031136,0,14,0,0.0,0.0,6.0,0.0,B01
201400031137,0,7,0,0.0,2.0,3.0,0.0,A01
201400031137,0,7,0,0.0,2.0,7.0,0.0,B01
201400031138,0,10,0,0.0,1.0,2.0,18.0,A01
201400031139,0,10,0,0.0,2.0,1.0,17.0,A01
201400031139,0,10,0,0.0,2.0,3.0,1.0,B01
201400031140,0,7,0,0.0,1.0,8.0,2.0,A01
201400031141,0,7,0,0.0,1.0,2.0,1.0,A01
201400031142,0,7,0,0.0,1.0,4.0,4.0,A01
201400031143,0,14,0,0.0,0.0,1.0,21.0,A01
201400031143,0,7,0,0.0,0.0,8.0,15.0,B01
201400031144,0,7,0,1.0,2.0,4.0,23.0,C01
201400031144,0,15,0,0.0,2.0,1.0,2.0,A01
201400031144,0,15,0,1.0,0.0,4.0,21.0,B01
201400031145,0,7,0,0.0,0.0,8.0,1.0,B01
201400031145,0,7,0,0.0,2.0,1.0,1.0,A01
201400031146,0,7,0,0.0,1.0,1.0,15.0,A01
201400031147,0,7,0,0.0,1.0,0.0,4.0,A01
201400031148,0,7,0,0.0,2.0,7.0,1.0,A01
201400031148,0,7,0,0.0,2.0,1.0,1.0,B01
201400031149,0,2,0,0.0,2.0,8.0,1.0,B01
201400031149,0,7,0,0.0,2.0,3.0,15.0,A01
201400031150,0,7,0,0.0,0.0,3.0,1.0,A01
201400031150,0,7,0,0.0,0.0,8.0,1.0,B01
201400031151,0,7,0,0.0,2.0,1.0,1.0,A01
201400031151,0,7,0,0.0,2.0,2.0,1.0,B01
201400031152,0,7,0,0.0,2.0,3.0,1.0,B01
201400031152,0,7,0,0.0,2.0,2.0,15.0,A01
201400031153,0,7,0,0.0,1.0,2.0,1.0,A01
201400031154,0,2,0,0.0,2.0,8.0,1.0,B01
201400031154,0,7,0,0.0,2.0,3.0,15.0,A01
201400031155,0,7,0,0.0,9.0,3.0,16.0,A01
201400031155,0,1,0,0.0,2.0,1.0,1.0,B01
201400031156,0,7,0,0.0,2.0,2.0,2.0,B01
201400031156,0,7,0,0.0,2.0,2.0,15.0,A01
201400031157,0,13,0,0.0,2.0,3.0,2.0,B01
201400031157,0,7,0,0.0,2.0,8.0,1.0,A01
201400031158,0,7,0,0.0,1.0,3.0,0.0,A01
201400031159,0,7,0,13.0,0.0,1.0,0.0,A01
201400031160,0,7,0,0.0,2.0,3.0,2.0,A01
201400031160,0,7,0,0.0,2.0,2.0,20.0,B01
201400031161,0,7,0,0.0,0.0,3.0,0.0,B01
201400031161,0,7,0,0.0,0.0,1.0,0.0,A01
201400031162,0,7,0,0.0,2.0,1.0,1.0,A01
201400031162,0,10,0,0.0,0.0,4.0,1.0,B01
201400031163,0,33,0,0.0,2.0,1.0,17.0,B01
201400031163,0,7,0,0.0,2.0,3.0,10.0,A01
201400031164,1,7,0,0.0,9.0,7.0,17.0,Z01
201400031164,0,1,0,0.0,2.0,8.0,15.0,B01
201400031165,0,7,0,0.0,2.0,2.0,24.0,B01
201400031165,0,7,0,1.0,0.0,2.0,2.0,A01
201400031166,0,7,0,0.0,2.0,2.0,5.0,A01
201400031166,0,7,0,0.0,2.0,3.0,1.0,B01
201400031166,0,7,0,0.0,2.0,1.0,1.0,C01
201400031167,0,7,0,0.0,2.0,2.0,0.0,A01
201400031167,0,7,0,0.0,2.0,3.0,0.0,B01
201400031168,1,7,0,0.0,1.0,2.0,0.0,Z01
201400031169,0,7,0,0.0,2.0,1.0,1.0,C01
201400031169,0,7,0,0.0,2.0,1.0,2.0,B01
201400031169,0,7,0,0.0,2.0,2.0,16.0,A01
201400031170,0,7,0,0.0,1.0,1.0,0.0,A01
201400031171,0,7,0,0.0,2.0,1.0,0.0,A01
201400031171,0,10,0,0.0,2.0,4.0,23.0,B01
201400031172,0,7,0,0.0,1.0,3.0,0.0,A01
201400031173,0,7,0,0.0,2.0,3.0,2.0,A01
201400031173,0,7,0,0.0,2.0,5.0,2.0,B01
201400031174,0,7,0,0.0,2.0,3.0,9.0,A01
201400031174,0,1,0,0.0,2.0,0.0,1.0,B01
201400031175,0,7,0,0.0,1.0,3.0,1.0,A01
201400031176,0,7,0,0.0,2.0,1.0,1.0,A01
201400031176,0,7,0,0.0,2.0,1.0,16.0,B01
201400031177,0,7,0,0.0,1.0,1.0,1.0,A01
201400031178,0,7,0,0.0,2.0,5.0,2.0,B01
201400031178,0,30,0,0.0,2.0,1.0,2.0,A01
201400031179,0,7,0,0.0,2.0,1.0,0.0,B01
201400031179,2,7,0,0.0,2.0,3.0,15.0,Z01
201400031180,0,7,0,1.0,2.0,7.0,0.0,A01
201400031180,0,7,0,0.0,2.0,1.0,0.0,B01
201400031181,0,7,0,0.0,1.0,1.0,0.0,A01
201400031182,0,7,0,0.0,2.0,2.0,15.0,A01
201400031182,0,30,0,0.0,2.0,1.0,2.0,B01
201400031183,0,7,0,0.0,2.0,3.0,2.0,B01
201400031183,0,7,0,0.0,2.0,3.0,17.0,A01
201400031184,0,7,0,0.0,2.0,1.0,1.0,B01
201400031184,0,7,0,0.0,2.0,7.0,15.0,A01
201400031185,0,7,0,0.0,2.0,1.0,11.0,A01
201400031185,0,7,0,0.0,2.0,3.0,1.0,B01
201400031186,0,7,0,6.0,2.0,6.0,1.0,B01
201400031186,1,7,0,0.0,2.0,1.0,0.0,A01
201400031187,0,7,0,0.0,1.0,1.0,1.0,A01
201400031188,2,7,0,0.0,2.0,1.0,2.0,A01
201400031188,0,20,0,0.0,2.0,2.0,1.0,B01
201400031189,0,17,0,0.0,9.0,3.0,0.0,A01
201400031189,0,32,0,0.0,0.0,0.0,5.0,B01
201400031190,0,7,0,0.0,1.0,2.0,0.0,A01
201400031191,0,7,0,2.0,0.0,1.0,0.0,A01
201400031192,0,7,0,0.0,2.0,6.0,1.0,B01
201400031192,0,7,0,0.0,2.0,1.0,0.0,A01
201400031193,1,7,0,0.0,1.0,3.0,1.0,A01
201400031194,0,3,0,0.0,2.0,3.0,13.0,A01
201400031194,0,7,0,0.0,2.0,3.0,1.0,B01
201400031195,0,7,0,0.0,0.0,0.0,2.0,A01
201400031196,0,7,0,0.0,9.0,1.0,1.0,A01
201400031196,0,1,0,0.0,2.0,0.0,19.0,B01
201400031197,0,7,0,0.0,1.0,3.0,1.0,A01
201400031198,0,7,0,0.0,1.0,1.0,1.0,A01
201400031199,0,2,0,0.0,0.0,7.0,0.0,A01
201400031200,0,7,0,0.0,1.0,2.0,16.0,A01
201400031201,0,7,0,0.0,1.0,7.0,1.0,A01
201400031202,0,33,0,0.0,0.0,7.0,2.0,B01
201400031202,0,7,0,0.0,0.0,5.0,2.0,A01
201400031203,0,7,0,0.0,1.0,2.0,1.0,A01
201400031204,0,7,0,0.0,0.0,8.0,10.0,B01
201400031204,0,30,0,0.0,2.0,1.0,2.0,A01
201400031205,0,7,0,0.0,1.0,2.0,2.0,A01
201400031206,0,7,0,15.0,0.0,6.0,1.0,A01
201400031207,0,7,0,6.0,0.0,1.0,0.0,A01
201400031208,0,7,0,0.0,2.0,1.0,2.0,B01
201400031208,0,30,0,0.0,0.0,4.0,2.0,A01
201400031209,1,7,0,0.0,2.0,0.0,0.0,Z01
201400031209,0,2,0,0.0,2.0,1.0,1.0,A01
201400031210,0,7,0,0.0,1.0,5.0,4.0,A01
201400031211,0,30,0,0.0,2.0,3.0,1.0,B01
201400031211,0,7,0,0.0,2.0,2.0,15.0,A01
201400031212,0,1,0,0.0,2.0,1.0,1.0,B01
201400031212,0,7,0,0.0,2.0,1.0,15.0,A01
201400031213,0,10,0,0.0,0.0,2.0,20.0,B01
201400031213,0,30,0,0.0,2.0,1.0,2.0,A01
201400031214,1,36,0,1.0,0.0,1.0,0.0,A01
201400031215,1,7,0,0.0,1.0,2.0,0.0,A01
201400031216,0,7,0,0.0,0.0,0.0,11.0,A01
201400031216,0,7,0,0.0,0.0,8.0,2.0,B01
201400031217,0,7,0,0.0,2.0,2.0,5.0,A01
201400031217,0,33,0,0.0,2.0,1.0,1.0,B01
201400031218,0,7,0,0.0,2.0,3.0,9.0,B01
201400031218,0,33,0,0.0,2.0,1.0,17.0,A01
201400031219,0,30,0,0.0,2.0,3.0,1.0,B01
201400031219,0,7,0,0.0,2.0,7.0,16.0,A01
201400031220,0,1,0,0.0,2.0,1.0,1.0,B01
201400031220,0,7,0,0.0,0.0,3.0,1.0,A01
201400031221,0,1,0,0.0,0.0,7.0,2.0,B01
201400031221,0,7,0,0.0,2.0,1.0,0.0,A01
201400031222,0,10,0,0.0,2.0,1.0,9.0,A01
201400031222,0,7,0,0.0,0.0,8.0,23.0,C01
201400031222,0,2,0,0.0,2.0,7.0,9.0,B01
201400031223,0,7,0,0.0,1.0,2.0,2.0,A01
201400031224,1,7,0,0.0,1.0,2.0,0.0,Z01
201400031225,1,99,0,0.0,2.0,0.0,0.0,Z01
201400031225,0,2,0,0.0,2.0,0.0,0.0,A01
201400031226,0,7,0,0.0,2.0,1.0,1.0,A01
201400031226,0,7,0,0.0,2.0,1.0,0.0,C01
201400031226,0,7,0,0.0,2.0,3.0,0.0,B01
201400031227,0,7,0,0.0,2.0,3.0,9.0,A01
201400031227,0,1,0,0.0,2.0,7.0,16.0,B01
201400031228,0,7,0,0.0,0.0,3.0,9.0,B01
201400031228,0,30,0,0.0,2.0,1.0,1.0,A01
201400031229,0,7,0,0.0,1.0,2.0,1.0,A01
201400031230,1,7,0,0.0,1.0,2.0,2.0,Z01
201400031231,0,7,0,0.0,1.0,1.0,15.0,A01
201400031232,0,7,0,0.0,1.0,3.0,0.0,A01
201400031233,1,2,0,1.0,0.0,0.0,1.0,Z01
201400031234,0,7,0,0.0,1.0,4.0,4.0,A01
201400031235,1,2,0,0.0,1.0,1.0,0.0,Z01
201400031236,0,7,0,0.0,9.0,8.0,24.0,A01
201400031236,0,1,0,1.0,0.0,1.0,1.0,B01
201400031237,0,7,0,0.0,1.0,1.0,15.0,A01
201400031238,0,7,0,0.0,2.0,1.0,15.0,A01
201400031238,0,7,0,0.0,2.0,1.0,2.0,B01
201400031239,0,2,0,0.0,0.0,8.0,15.0,A01
201400031240,0,7,0,0.0,4.0,8.0,23.0,B01
201400031240,0,40,0,0.0,2.0,1.0,1.0,A01
201400031241,0,7,0,0.0,2.0,8.0,15.0,A01
201400031241,0,31,0,0.0,2.0,1.0,1.0,C01
201400031241,0,33,0,0.0,2.0,1.0,1.0,B01
201400031242,0,1,0,0.0,2.0,1.0,13.0,A01
201400031242,0,7,0,0.0,2.0,5.0,23.0,B01
201400031243,0,7,0,0.0,1.0,2.0,15.0,A01
201400031244,1,7,0,0.0,1.0,2.0,0.0,A01
201400031245,0,7,0,1.0,0.0,3.0,2.0,A01
201400031246,0,7,0,0.0,0.0,1.0,10.0,A01
201400031246,0,34,0,0.0,0.0,3.0,1.0,B01
201400031247,0,1,0,0.0,2.0,1.0,0.0,A01
201400031247,0,7,0,0.0,9.0,8.0,1.0,B01
201400031248,0,2,0,0.0,2.0,8.0,1.0,B01
201400031248,0,7,0,0.0,2.0,3.0,1.0,A01
201400031249,0,7,0,12.0,0.0,0.0,0.0,A01
201400031250,0,7,0,1.0,2.0,5.0,1.0,A01
201400031250,0,7,0,0.0,2.0,1.0,1.0,B01
201400031251,0,7,0,0.0,2.0,8.0,1.0,B01
201400031251,0,7,0,0.0,2.0,3.0,19.0,A01
201400031252,0,1,0,0.0,2.0,7.0,19.0,B01
201400031252,0,7,0,0.0,2.0,3.0,1.0,A01
201400031253,0,7,0,0.0,1.0,8.0,1.0,A01
201400031254,0,7,0,0.0,2.0,3.0,1.0,B01
201400031254,0,30,0,0.0,2.0,1.0,15.0,A01
201400031255,0,1,0,0.0,2.0,4.0,10.0,B01
201400031255,0,7,0,8.0,2.0,3.0,21.0,A01
201400031256,0,7,0,0.0,2.0,2.0,15.0,A01
201400031256,0,2,0,0.0,2.0,1.0,1.0,B01
201400031257,0,33,0,0.0,2.0,8.0,1.0,B01
201400031257,0,7,0,0.0,2.0,7.0,15.0,A01
201400031258,0,7,0,0.0,0.0,0.0,2.0,B01
201400031258,0,7,0,0.0,2.0,1.0,2.0,A01
201400031258,0,7,0,0.0,0.0,1.0,0.0,C01
201400031259,0,7,0,0.0,2.0,8.0,1.0,B01
201400031259,0,7,0,0.0,2.0,1.0,1.0,A01
201400031260,0,7,0,0.0,2.0,2.0,1.0,A01
201400031260,0,7,0,0.0,2.0,3.0,1.0,B01
201400031261,0,37,0,0.0,1.0,2.0,1.0,A01
201400031262,0,7,0,0.0,2.0,1.0,1.0,B01
201400031262,0,2,0,0.0,2.0,7.0,15.0,A01
201400031263,0,7,0,0.0,0.0,3.0,0.0,B01
201400031263,0,7,0,0.0,2.0,3.0,13.0,A01
201400031264,0,7,0,0.0,2.0,4.0,23.0,C01
201400031264,0,7,0,0.0,2.0,1.0,2.0,B01
201400031264,0,7,0,0.0,2.0,1.0,2.0,A01
201400031265,0,7,0,0.0,1.0,1.0,1.0,A01
201400031266,0,7,0,15.0,1.0,1.0,0.0,A01
201400031267,1,7,0,0.0,2.0,1.0,15.0,Z01
201400031267,0,33,0,0.0,1.0,1.0,1.0,A01
201400031268,0,37,1,0.0,1.0,1.0,1.0,A01
201400031269,0,7,0,0.0,2.0,3.0,0.0,A01
201400031269,0,1,0,0.0,2.0,4.0,0.0,B01
201400031270,0,7,0,0.0,2.0,2.0,15.0,A01
201400031270,0,30,0,0.0,2.0,1.0,0.0,B01
201400031271,0,33,0,0.0,2.0,3.0,0.0,B01
201400031271,0,7,0,0.0,2.0,3.0,0.0,A01
201400031272,0,7,0,0.0,2.0,3.0,1.0,A01
201400031272,0,1,0,0.0,2.0,8.0,19.0,B01
201400031273,0,7,0,0.0,1.0,1.0,15.0,A01
201400031274,1,37,0,0.0,1.0,0.0,0.0,A01
201400031275,0,30,0,0.0,2.0,1.0,0.0,B01
201400031275,0,7,0,0.0,2.0,5.0,16.0,A01
201400031276,0,7,0,0.0,1.0,7.0,1.0,A01
201400031277,0,7,0,0.0,1.0,3.0,1.0,B01
201400031277,0,7,0,0.0,1.0,1.0,1.0,A01
201400031278,0,30,0,0.0,2.0,8.0,1.0,B01
201400031278,0,7,0,0.0,2.0,3.0,15.0,A01
201400031279,0,30,0,0.0,2.0,1.0,2.0,A01
201400031279,0,7,0,0.0,2.0,4.0,2.0,B01
201400031280,0,7,0,0.0,2.0,3.0,15.0,A01
201400031280,0,1,0,0.0,2.0,8.0,1.0,B01
201400031281,0,7,0,0.0,1.0,1.0,1.0,A01
201400031282,0,7,0,6.0,2.0,5.0,1.0,A01