Num_Acc,senc,catv,occutc,obs,obsm,choc,manv,num_veh
201400031282,0,7,0,0.0,2.0,1.0,1.0,B01
201400031283,0,2,0,0.0,2.0,1.0,5.0,A01
201400031283,0,7,0,0.0,2.0,3.0,1.0,B01
201400031284,0,10,0,0.0,1.0,3.0,15.0,A01
201400031285,0,7,0,2.0,0.0,7.0,1.0,A01
201400031286,0,40,0,14.0,0.0,1.0,1.0,A01
201400031287,0,30,0,0.0,2.0,1.0,0.0,A01
201400031287,0,10,0,0.0,2.0,1.0,1.0,B01
201400031288,1,7,0,0.0,1.0,0.0,0.0,A01
201400031289,0,7,0,0.0,1.0,8.0,1.0,A01
201400031290,0,7,0,0.0,1.0,1.0,1.0,A01
201400031291,0,7,0,0.0,1.0,3.0,1.0,A01
201400031292,0,7,0,0.0,1.0,1.0,16.0,A01
201400031293,0,7,0,0.0,2.0,1.0,5.0,A01
201400031293,0,7,0,6.0,2.0,1.0,1.0,B01
201400031294,0,7,0,0.0,1.0,2.0,1.0,A01
201400031295,1,99,0,0.0,1.0,2.0,0.0,Z01
201400031296,0,7,0,1.0,0.0,1.0,0.0,A01
201400031297,0,7,0,0.0,1.0,3.0,1.0,A01
201400031298,0,7,0,0.0,2.0,7.0,15.0,A01
201400031298,0,33,0,0.0,2.0,1.0,1.0,B01
201400031299,0,32,0,0.0,1.0,0.0,0.0,A01
201400031300,1,99,0,0.0,1.0,2.0,0.0,Z01
201400031301,0,7,0,0.0,1.0,2.0,1.0,A01
201400031302,0,7,0,1.0,0.0,1.0,1.0,A01
201400031303,0,7,0,0.0,2.0,8.0,15.0,B01
201400031303,0,31,0,0.0,2.0,1.0,17.0,A01
201400031304,0,10,0,0.0,1.0,7.0,16.0,A01
201400031305,0,7,0,0.0,2.0,1.0,9.0,A01
201400031305,0,30,0,0.0,2.0,8.0,1.0,B01
201400031306,0,7,0,1.0,2.0,8.0,15.0,A01
201400031306,0,33,0,0.0,2.0,1.0,1.0,B01
201400031307,0,1,0,0.0,2.0,1.0,1.0,A01
201400031307,0,7,0,0.0,2.0,3.0,1.0,B01
201400031308,0,33,0,0.0,2.0,1.0,1.0,B01
201400031308,0,33,0,0.0,2.0,1.0,1.0,A01
201400031309,0,7,0,2.0,0.0,3.0,17.0,A01
201400031310,0,40,0,0.0,1.0,2.0,1.0,A01
201400031311,0,33,0,0.0,2.0,1.0,1.0,B01
201400031311,0,7,0,0.0,2.0,7.0,15.0,A01
201400031312,1,7,0,0.0,1.0,1.0,1.0,Z01
201400031313,0,7,0,0.0,1.0,1.0,1.0,A01
201400031314,0,7,0,0.0,2.0,8.0,1.0,B01
201400031314,1,7,0,0.0,2.0,0.0,0.0,Z01
201400031315,0,7,0,0.0,2.0,1.0,2.0,A01
201400031315,0,1,0,0.0,2.0,4.0,2.0,B01
201400031316,1,7,0,0.0,1.0,1.0,1.0,A01
201400031317,0,40,0,0.0,1.0,1.0,1.0,A01
201400031318,0,7,0,0.0,2.0,1.0,1.0,A01
201400031318,0,7,0,0.0,2.0,4.0,1.0,B01
201400031319,0,1,0,0.0,2.0,4.0,0.0,B01
201400031319,1,7,0,0.0,2.0,0.0,0.0,Z01
201400031320,0,7,0,0.0,1.0,1.0,1.0,A01
201400031321,0,2,0,0.0,2.0,2.0,1.0,B01
201400031321,0,7,0,0.0,2.0,3.0,9.0,A01
201400031322,0,14,0,0.0,2.0,7.0,16.0,A01
201400031322,0,2,0,0.0,2.0,8.0,16.0,B01
201400031323,0,1,0,0.0,2.0,1.0,1.0,B01
201400031323,0,7,0,0.0,2.0,8.0,22.0,A01
201400031324,0,7,0,0.0,1.0,1.0,1.0,A01
201400031325,0,7,0,0.0,1.0,1.0,1.0,A01
201400031326,0,1,0,0.0,2.0,8.0,15.0,B01
201400031326,0,7,0,0.0,2.0,1.0,1.0,A01
201400031327,0,7,0,0.0,2.0,2.0,15.0,A01
201400031327,0,33,0,0.0,2.0,1.0,1.0,B01
201400031328,0,7,0,0.0,1.0,1.0,1.0,A01
201400031329,0,33,0,0.0,1.0,1.0,17.0,A01
201400031330,0,7,0,2.0,0.0,0.0,5.0,A01
201400031331,1,99,0,0.0,1.0,1.0,0.0,Z01
201400031332,0,2,0,12.0,0.0,2.0,1.0,A01
201400031333,0,1,0,0.0,2.0,1.0,13.0,B01
201400031333,0,7,0,0.0,2.0,1.0,1.0,A01
201400031334,0,10,0,0.0,2.0,3.0,1.0,B01
201400031334,0,30,0,0.0,2.0,1.0,5.0,A01
201400031335,0,7,0,6.0,0.0,8.0,1.0,A01
201400031336,0,33,0,0.0,2.0,8.0,1.0,B01
201400031336,0,7,0,0.0,2.0,2.0,15.0,A01
201400031337,0,7,0,0.0,2.0,1.0,6.0,A01
201400031337,0,7,0,0.0,2.0,6.0,0.0,B01
201400031338,0,30,0,0.0,2.0,5.0,0.0,B01
201400031338,1,7,0,0.0,2.0,2.0,0.0,Z01
201400031339,0,7,0,0.0,2.0,1.0,2.0,A01
201400031339,0,7,0,0.0,0.0,4.0,2.0,B01
201400031340,0,34,0,0.0,2.0,7.0,12.0,A01
201400031340,0,7,0,0.0,2.0,8.0,12.0,B01
201400031341,0,7,0,0.0,2.0,4.0,2.0,B01
201400031341,0,7,0,0.0,2.0,1.0,2.0,A01
201400031342,0,7,0,0.0,2.0,6.0,15.0,A01
201400031342,0,7,0,0.0,2.0,1.0,1.0,B01
201400031343,0,7,0,0.0,2.0,3.0,1.0,A01
201400031343,0,7,0,0.0,2.0,8.0,15.0,B01
201400031344,0,1,0,0.0,2.0,4.0,2.0,B01
201400031344,1,7,0,0.0,2.0,0.0,2.0,Z01
201400031345,0,7,0,0.0,1.0,2.0,9.0,A01
201400031346,0,2,0,1.0,0.0,1.0,21.0,A01
201400031347,0,7,0,14.0,0.0,2.0,1.0,A01
201400031348,0,7,0,0.0,2.0,3.0,20.0,A01
201400031348,0,2,0,0.0,2.0,1.0,1.0,B01
201400031349,0,7,0,0.0,1.0,7.0,1.0,A01
201400031350,0,7,0,0.0,2.0,6.0,0.0,A01
201400031350,0,2,0,0.0,2.0,0.0,1.0,B01
201400031351,1,33,0,0.0,1.0,1.0,0.0,Z01
201400031352,0,7,0,0.0,1.0,5.0,0.0,A01
201400031353,0,30,0,0.0,1.0,1.0,1.0,A01
201400031354,0,7,0,0.0,2.0,1.0,1.0,A01
201400031354,0,7,0,0.0,2.0,9.0,1.0,B01
201400031354,0,7,0,0.0,2.0,4.0,1.0,C01
201400031355,0,33,0,0.0,0.0,1.0,1.0,A01
201400031356,0,7,0,0.0,1.0,1.0,1.0,A01
201400031357,0,7,0,0.0,1.0,3.0,15.0,A01
201400031358,1,7,0,0.0,2.0,0.0,0.0,Z01
201400031358,0,1,0,6.0,2.0,0.0,0.0,B01
201400031359,0,33,0,0.0,2.0,1.0,1.0,A01
201400031359,0,7,0,0.0,2.0,2.0,0.0,B01
201400031360,0,36,0,1.0,0.0,1.0,14.0,A01
201400031361,0,7,0,0.0,2.0,8.0,0.0,B01
201400031361,0,7,0,6.0,2.0,1.0,1.0,A01
201400031362,0,7,0,9.0,0.0,1.0,1.0,A01
201400031363,0,7,0,0.0,2.0,5.0,16.0,A01
201400031363,0,2,0,0.0,2.0,1.0,0.0,B01
201400031364,0,30,0,1.0,0.0,0.0,0.0,A01
201400031365,0,30,0,12.0,0.0,0.0,0.0,A01
201400031366,0,7,0,0.0,1.0,2.0,0.0,A01
201400031367,0,7,0,0.0,1.0,1.0,1.0,A01
201400031368,0,7,0,0.0,2.0,1.0,15.0,B01
201400031368,0,33,0,0.0,0.0,0.0,1.0,A01
201400031369,0,33,0,0.0,2.0,1.0,17.0,A01
201400031369,0,7,0,0.0,2.0,8.0,15.0,B01
201400031370,0,7,0,0.0,2.0,1.0,1.0,A01
201400031370,0,7,0,0.0,2.0,4.0,1.0,B01
201400031371,0,7,0,8.0,0.0,1.0,13.0,A01
201400031372,0,7,0,0.0,1.0,2.0,1.0,A01
201400031373,0,33,0,0.0,1.0,1.0,2.0,A01
201400031373,0,7,0,0.0,2.0,1.0,24.0,B01
201400031374,0,7,0,0.0,2.0,1.0,17.0,B01
201400031374,0,7,0,0.0,2.0,8.0,9.0,A01
201400031375,0,2,0,0.0,4.0,1.0,9.0,A01
201400031375,0,40,0,0.0,2.0,2.0,1.0,B01
201400031376,0,7,0,0.0,1.0,2.0,1.0,A01
201400031377,0,3,0,0.0,1.0,1.0,1.0,A01
201400031378,0,7,0,0.0,2.0,7.0,15.0,A01
201400031378,0,1,0,0.0,2.0,1.0,1.0,B01
201400031379,0,7,0,3.0,0.0,0.0,1.0,A01
201400031380,0,7,0,0.0,1.0,1.0,1.0,A01
201400031381,0,7,0,0.0,2.0,2.0,1.0,B01
201400031381,0,7,0,0.0,2.0,1.0,10.0,A01
201400031382,0,7,0,0.0,2.0,1.0,1.0,A01
201400031382,0,7,0,0.0,2.0,4.0,1.0,B01
201400031383,0,7,0,0.0,1.0,1.0,1.0,A01
201400031384,1,99,0,0.0,1.0,0.0,0.0,Z01
201400031385,0,1,0,0.0,2.0,1.0,19.0,B01
201400031385,0,7,0,0.0,2.0,3.0,1.0,A01
201400031386,0,17,0,0.0,2.0,3.0,16.0,A01
201400031386,0,30,0,0.0,2.0,1.0,1.0,B01
201400031387,0,2,0,0.0,2.0,1.0,1.0,B01
201400031387,0,7,0,0.0,2.0,8.0,9.0,A01
201400031388,0,7,0,0.0,1.0,1.0,15.0,A01
201400031389,0,7,0,0.0,2.0,1.0,1.0,A01
201400031389,0,7,0,0.0,2.0,4.0,1.0,B01
201400031389,0,7,0,13.0,0.0,1.0,21.0,C01
201400031390,0,7,0,0.0,1.0,1.0,1.0,A01
201400031391,0,7,0,0.0,1.0,1.0,1.0,A01
201400031392,0,7,0,2.0,0.0,0.0,1.0,A01
201400031393,0,31,0,0.0,2.0,4.0,1.0,B01
201400031393,1,7,0,0.0,0.0,0.0,0.0,Z01
201400031394,1,7,0,0.0,2.0,1.0,0.0,Z01
201400031394,0,2,0,0.0,2.0,7.0,0.0,B01
201400031395,0,7,0,6.0,0.0,1.0,14.0,A01
201400031396,0,7,0,6.0,0.0,7.0,0.0,A01
201400031397,0,7,0,0.0,2.0,7.0,1.0,B01
201400031397,0,7,0,0.0,2.0,1.0,15.0,A01
201400031398,0,30,0,0.0,2.0,1.0,1.0,B01
201400031398,1,7,0,0.0,2.0,1.0,13.0,Z01
201400031399,0,7,0,0.0,1.0,1.0,1.0,A01
201400031400,0,7,0,0.0,1.0,1.0,15.0,A01
201400031401,0,7,0,7.0,2.0,1.0,0.0,A01
201400031401,0,7,0,0.0,2.0,7.0,1.0,B01
201400031402,0,2,0,0.0,2.0,1.0,1.0,A01
201400031403,0,2,0,9.0,0.0,1.0,1.0,A01
201400031404,1,7,0,0.0,1.0,2.0,14.0,A01
201400031405,1,99,0,0.0,0.0,0.0,0.0,A01
201400031405,0,7,0,0.0,2.0,4.0,1.0,B01
201400031405,2,7,0,0.0,2.0,4.0,1.0,C01
201400031406,0,3,0,0.0,1.0,1.0,1.0,A01
201400031407,0,7,0,0.0,1.0,1.0,1.0,A01
201400031408,0,7,0,0.0,2.0,1.0,1.0,A01
201400031408,0,7,0,0.0,2.0,1.0,1.0,B01
201400031409,0,7,0,0.0,1.0,1.0,15.0,A01
201400031410,0,7,0,0.0,1.0,1.0,1.0,A01
201400031411,0,7,0,0.0,1.0,1.0,1.0,A01
201400031412,0,7,0,0.0,1.0,3.0,15.0,A01
201400031413,1,99,0,0.0,1.0,0.0,0.0,Z01
201400031414,0,7,0,0.0,2.0,1.0,1.0,A01
201400031414,0,7,0,0.0,2.0,8.0,9.0,B01
201400031415,0,7,0,1.0,1.0,3.0,1.0,A01
201400031416,0,7,0,2.0,0.0,9.0,1.0,A01
201400031417,0,30,0,0.0,0.0,0.0,1.0,A01
201400031418,0,33,0,0.0,2.0,3.0,11.0,A01
201400031418,0,7,0,0.0,2.0,8.0,14.0,B02
201400031419,0,1,0,0.0,2.0,7.0,17.0,A01
201400031419,0,7,0,0.0,2.0,3.0,15.0,B02
201400031420,0,7,0,2.0,0.0,7.0,1.0,A01
201400031421,0,31,0,0.0,0.0,8.0,1.0,A01
201400031422,0,7,0,0.0,1.0,4.0,4.0,A01
201400031423,0,7,0,0.0,2.0,3.0,1.0,A01
201400031423,0,7,0,0.0,2.0,3.0,1.0,B02
201400031424,0,7,0,0.0,1.0,2.0,1.0,A01
201400031425,0,7,0,0.0,2.0,8.0,15.0,A01
201400031425,0,32,0,0.0,2.0,1.0,17.0,B02
201400031426,0,7,0,2.0,0.0,8.0,6.0,A01
201400031427,0,31,0,0.0,2.0,3.0,23.0,A01
201400031427,0,7,0,14.0,0.0,3.0,15.0,B02
201400031428,0,7,0,0.0,0.0,5.0,1.0,A01
201400031428,0,7,0,0.0,2.0,3.0,3.0,B02
201400031429,0,7,0,0.0,1.0,2.0,1.0,A01
201400031430,0,10,0,3.0,0.0,3.0,17.0,A01
201400031431,0,7,0,0.0,2.0,1.0,15.0,A01
201400031431,0,7,0,0.0,2.0,1.0,1.0,B02
201400031432,0,7,0,4.0,0.0,3.0,17.0,A01
201400031433,0,7,0,0.0,1.0,1.0,1.0,A01
201400031434,0,15,0,13.0,2.0,3.0,1.0,B02
201400031434,0,7,0,0.0,2.0,3.0,13.0,A01
201400031435,0,33,0,0.0,2.0,7.0,1.0,B01
201400031435,0,21,0,0.0,2.0,1.0,15.0,A02
201400031436,0,30,0,0.0,1.0,3.0,1.0,A01
201400031437,0,7,0,0.0,1.0,2.0,1.0,A01
201400031438,0,7,0,0.0,2.0,8.0,9.0,A01
201400031438,0,7,0,0.0,2.0,1.0,1.0,B02
201400031439,0,7,0,0.0,2.0,1.0,13.0,A01
201400031439,0,15,0,0.0,2.0,1.0,1.0,B02
201400031440,0,7,0,0.0,2.0,7.0,1.0,B02
201400031440,0,2,0,0.0,2.0,1.0,1.0,A01
201400031441,0,7,0,0.0,0.0,3.0,1.0,B02
201400031441,0,7,0,0.0,0.0,3.0,1.0,A01
201400031441,0,2,0,0.0,0.0,1.0,17.0,C03
201400031442,0,7,0,13.0,0.0,9.0,1.0,A01
201400031443,0,7,0,0.0,2.0,1.0,15.0,A01
201400031443,0,31,0,0.0,2.0,3.0,1.0,B02
201400031444,0,7,0,0.0,2.0,3.0,15.0,A01
201400031444,0,33,0,0.0,2.0,1.0,17.0,B02
201400031445,0,7,0,0.0,2.0,3.0,0.0,C03
201400031445,0,7,0,0.0,2.0,1.0,0.0,A01
201400031445,0,7,0,0.0,2.0,7.0,0.0,B02
201400031446,0,7,0,0.0,2.0,5.0,23.0,B02
201400031446,0,10,0,0.0,2.0,1.0,1.0,C03
201400031446,0,7,0,0.0,2.0,3.0,2.0,A01
201400031447,0,7,0,13.0,0.0,3.0,13.0,A01
201400031448,0,7,0,0.0,1.0,3.0,1.0,A01
201400031449,0,7,0,13.0,0.0,1.0,1.0,A01
201400031450,0,34,0,6.0,0.0,1.0,1.0,A01
201400031451,0,14,0,13.0,0.0,1.0,1.0,A01
201400031452,0,7,0,0.0,9.0,1.0,1.0,B02
201400031452,0,1,0,0.0,2.0,2.0,15.0,A01
201400031453,0,7,0,0.0,2.0,4.0,15.0,C03
201400031453,0,10,0,0.0,2.0,1.0,2.0,A01
201400031453,0,17,0,0.0,2.0,3.0,1.0,B02
201400031454,0,7,0,0.0,2.0,1.0,17.0,A01
201400031454,0,7,0,0.0,2.0,3.0,15.0,B02
201400031455,0,7,0,0.0,2.0,3.0,17.0,A01
201400031455,0,7,0,0.0,2.0,3.0,1.0,B02
201400031456,0,7,0,0.0,1.0,2.0,1.0,C01
201400031457,0,7,0,1.0,1.0,2.0,21.0,A01
201400031458,1,7,0,0.0,2.0,7.0,15.0,A01
201400031458,0,33,0,0.0,2.0,1.0,1.0,B01
201400031459,0,7,0,2.0,0.0,1.0,16.0,A01
201400031460,0,7,0,0.0,2.0,7.0,1.0,C01
201400031460,0,7,0,0.0,2.0,6.0,1.0,B01
201400031460,0,7,0,0.0,2.0,1.0,1.0,A01
201400031461,0,7,0,0.0,2.0,4.0,1.0,C01
201400031461,0,7,0,0.0,2.0,7.0,1.0,B01
201400031461,0,7,0,0.0,2.0,1.0,1.0,A01
201400031462,0,33,0,0.0,2.0,1.0,1.0,B01
201400031462,0,7,0,0.0,2.0,2.0,15.0,A01
201400031463,0,7,0,0.0,2.0,1.0,13.0,A01
201400031463,0,7,0,0.0,2.0,1.0,1.0,B01
201400031464,0,2,0,0.0,2.0,1.0,1.0,B01
201400031464,0,7,0,0.0,2.0,3.0,15.0,A01
201400031465,0,33,0,0.0,2.0,1.0,1.0,B01
201400031465,0,7,0,0.0,2.0,8.0,19.0,A01
201400031466,0,7,0,0.0,0.0,9.0,1.0,A01
201400031467,0,7,0,0.0,2.0,5.0,1.0,B01
201400031467,0,1,0,0.0,2.0,1.0,0.0,A01
201400031468,0,7,0,0.0,1.0,3.0,0.0,A01
201400031469,0,7,0,0.0,0.0,0.0,0.0,A01
201400031469,0,2,0,0.0,0.0,0.0,0.0,B01
201400031470,0,2,0,0.0,2.0,2.0,0.0,A01
201400031470,0,7,0,0.0,0.0,2.0,0.0,B01
201400031471,0,7,0,0.0,1.0,1.0,0.0,A01
201400031472,0,7,0,0.0,1.0,1.0,0.0,A01
201400031473,0,2,0,0.0,0.0,0.0,0.0,B01
201400031473,0,7,0,0.0,0.0,0.0,0.0,A01
201400031474,0,7,0,0.0,1.0,0.0,0.0,A01
201400031475,0,33,0,0.0,2.0,1.0,1.0,A01
201400031475,0,7,0,0.0,2.0,2.0,15.0,B02
201400031476,0,7,0,2.0,0.0,1.0,1.0,A01
201400031477,0,7,0,6.0,0.0,3.0,1.0,A01
201400031478,0,10,0,0.0,2.0,2.0,17.0,A01
201400031478,0,7,0,0.0,2.0,8.0,15.0,B02
201400031479,0,99,0,0.0,2.0,3.0,19.0,A01
201400031479,0,7,0,0.0,2.0,2.0,1.0,B02
201400031480,0,33,0,0.0,0.0,8.0,15.0,A01
201400031480,0,33,0,0.0,2.0,1.0,1.0,B02
201400031481,0,7,0,0.0,2.0,1.0,1.0,A01
201400031481,0,7,0,0.0,2.0,8.0,10.0,B02
201400031482,0,33,0,0.0,2.0,1.0,1.0,A01
201400031482,0,10,0,0.0,2.0,7.0,15.0,B02
201400031483,0,7,0,0.0,2.0,8.0,9.0,A01
201400031483,0,30,0,0.0,2.0,2.0,1.0,B02
201400031484,0,7,0,0.0,1.0,1.0,1.0,A01
201400031485,0,7,0,13.0,0.0,0.0,1.0,A01
201400031486,0,10,0,0.0,1.0,3.0,1.0,A01
201400031487,0,7,0,0.0,2.0,3.0,17.0,A01
201400031487,0,7,0,0.0,2.0,3.0,1.0,B02
201400031487,0,7,0,0.0,2.0,7.0,1.0,C03
201400031488,0,7,0,0.0,2.0,4.0,15.0,A01
201400031488,0,7,0,0.0,2.0,1.0,1.0,B02
201400031489,0,7,0,0.0,1.0,1.0,1.0,A01
201400031490,0,7,0,6.0,0.0,7.0,13.0,A01
201400031491,0,7,0,0.0,2.0,5.0,15.0,A01
201400031491,0,7,0,0.0,2.0,1.0,1.0,B02
201400031491,0,7,0,0.0,2.0,3.0,1.0,C03
201400031492,0,7,0,0.0,2.0,8.0,15.0,B02
201400031492,0,7,0,0.0,2.0,1.0,1.0,A01
201400031493,0,7,0,0.0,2.0,4.0,23.0,A01
201400031493,0,7,0,0.0,2.0,4.0,23.0,B02
201400031493,0,7,0,0.0,2.0,4.0,23.0,C03
201400031493,0,7,0,0.0,2.0,4.0,23.0,D04
201400031493,0,10,0,0.0,2.0,1.0,1.0,E05
201400031494,0,7,0,0.0,2.0,3.0,5.0,A01
201400031494,0,7,0,0.0,2.0,1.0,1.0,B02
201400031495,0,7,0,0.0,2.0,2.0,5.0,A01
201400031495,0,10,0,0.0,2.0,2.0,1.0,B02
201400031496,0,7,0,0.0,2.0,1.0,1.0,A01
201400031496,0,30,0,0.0,2.0,8.0,19.0,B02
201400031497,0,17,0,0.0,2.0,1.0,13.0,A01
201400031497,0,7,0,0.0,2.0,1.0,1.0,B02
201400031498,0,7,0,0.0,1.0,1.0,1.0,A01
201400031499,0,7,0,0.0,2.0,3.0,1.0,A01
201400031499,0,30,0,0.0,2.0,8.0,1.0,B01
201400031500,0,1,0,0.0,2.0,1.0,10.0,A01
201400031500,0,7,0,0.0,2.0,7.0,1.0,B01
201400031501,0,7,0,0.0,1.0,4.0,4.0,A01
201400031502,0,7,0,0.0,2.0,4.0,1.0,B01
201400031502,0,31,0,0.0,2.0,4.0,1.0,A01
201400031503,0,7,0,0.0,1.0,1.0,1.0,A01
201400031504,0,7,0,0.0,0.0,4.0,1.0,B01
201400031504,0,13,0,0.0,2.0,1.0,2.0,A01
201400031505,0,7,0,0.0,2.0,7.0,0.0,A01
201400031505,0,33,0,0.0,2.0,1.0,1.0,B01
201400031506,1,31,0,0.0,2.0,1.0,1.0,A01
201400031506,0,10,0,0.0,2.0,8.0,1.0,B01
201400031507,0,7,0,0.0,1.0,3.0,1.0,A01
201400031508,0,7,0,0.0,1.0,0.0,20.0,A01
201400031509,0,7,0,0.0,2.0,1.0,2.0,A01
201400031509,0,7,0,0.0,2.0,4.0,2.0,B01
201400031509,0,7,0,0.0,2.0,4.0,2.0,C01
201400031510,0,7,0,2.0,0.0,9.0,1.0,A01
201400031511,0,7,0,0.0,1.0,1.0,1.0,A01
201400031512,0,7,0,0.0,1.0,1.0,1.0,A01
201400031513,0,37,56,0.0,2.0,1.0,1.0,A01
201400031513,0,10,0,0.0,0.0,4.0,1.0,B01
201400031514,0,33,0,0.0,0.0,7.0,1.0,A01
201400031515,0,30,0,0.0,2.0,1.0,1.0,B01
201400031515,0,7,0,0.0,2.0,8.0,6.0,A01
201400031516,0,7,0,0.0,1.0,1.0,1.0,A01
201400031517,0,7,0,0.0,1.0,2.0,1.0,A01
201400031518,0,7,0,0.0,1.0,2.0,1.0,A01
201400031519,0,7,0,0.0,2.0,2.0,17.0,A01
201400031519,0,7,0,0.0,2.0,8.0,15.0,B01
201400031520,0,7,0,0.0,1.0,3.0,1.0,A01
201400031521,0,7,0,0.0,1.0,2.0,1.0,A01
201400031522,0,1,0,0.0,2.0,1.0,1.0,B01
201400031522,0,7,0,0.0,9.0,3.0,1.0,A01
201400031523,0,7,0,0.0,1.0,8.0,1.0,A01
201400031524,0,7,0,0.0,2.0,5.0,1.0,A01
201400031524,0,1,0,0.0,2.0,1.0,1.0,B01
201400031525,0,1,0,0.0,2.0,6.0,1.0,B01
201400031525,0,7,0,0.0,2.0,3.0,15.0,A01
201400031526,0,7,0,2.0,0.0,9.0,1.0,A01
201400031527,0,7,0,0.0,1.0,2.0,1.0,A01
201400031528,0,7,0,0.0,1.0,2.0,17.0,A01
201400031529,0,7,0,2.0,0.0,1.0,1.0,A01
201400031530,0,7,0,0.0,2.0,3.0,15.0,A01
201400031530,0,33,0,0.0,0.0,8.0,1.0,B01
201400031531,0,7,0,0.0,6.0,1.0,1.0,A01
201400031531,0,7,0,0.0,6.0,1.0,1.0,B01
201400031532,1,7,0,0.0,1.0,3.0,1.0,A01
201400031533,1,7,0,0.0,1.0,2.0,15.0,A01
201400031534,0,7,0,0.0,0.0,2.0,0.0,A01
201400031535,0,7,0,0.0,2.0,1.0,0.0,B01
201400031535,0,7,0,0.0,2.0,1.0,0.0,A01
201400031536,0,7,0,0.0,1.0,1.0,0.0,A01
201400031537,0,7,0,0.0,0.0,2.0,15.0,A01
201400031537,0,7,0,0.0,0.0,1.0,1.0,B01
201400031538,0,33,0,0.0,2.0,8.0,0.0,B01
201400031538,0,7,0,1.0,2.0,8.0,0.0,A01
201400031539,0,7,0,0.0,2.0,3.0,15.0,B01
201400031539,0,2,0,0.0,2.0,1.0,2.0,A01
201400031540,0,31,0,0.0,2.0,5.0,1.0,A01
201400031540,0,1,0,0.0,2.0,5.0,15.0,B01
201400031541,0,7,0,10.0,0.0,1.0,1.0,A01
201400031542,0,7,0,0.0,1.0,1.0,1.0,A01
201400031543,0,1,0,0.0,0.0,0.0,19.0,B01
201400031543,0,7,0,0.0,2.0,3.0,2.0,A01
201400031544,0,1,0,0.0,2.0,8.0,0.0,B01
201400031544,0,7,0,0.0,9.0,4.0,4.0,A01
201400031545,0,1,0,0.0,0.0,1.0,19.0,B01
201400031545,0,7,0,0.0,0.0,2.0,1.0,A01
201400031546,0,7,0,0.0,2.0,1.0,15.0,B01
201400031546,0,7,0,0.0,2.0,1.0,1.0,A01
201400031547,1,7,0,0.0,1.0,0.0,0.0,A01
201400031548,0,37,1,0.0,1.0,2.0,7.0,A01
201400031549,0,7,0,0.0,2.0,1.0,1.0,B01
201400031549,0,7,0,0.0,2.0,7.0,6.0,A01
201400031550,0,7,0,0.0,2.0,1.0,0.0,A01
201400031550,0,7,0,0.0,2.0,7.0,6.0,B01
201400031551,0,7,0,0.0,1.0,1.0,15.0,A01
201400031552,0,33,0,0.0,2.0,1.0,2.0,A01
201400031552,0,13,0,0.0,0.0,6.0,1.0,B01
201400031553,0,33,0,0.0,2.0,3.0,2.0,A01
201400031553,0,7,0,0.0,2.0,3.0,2.0,B01
201400031554,0,7,0,0.0,1.0,2.0,9.0,A01
201400031555,0,15,0,0.0,0.0,7.0,0.0,A01
201400031555,0,1,0,0.0,2.0,3.0,0.0,B01
201400031556,0,7,0,0.0,1.0,2.0,1.0,A01
201400031557,0,7,0,0.0,2.0,2.0,21.0,B01
201400031557,0,7,0,0.0,2.0,2.0,5.0,A01
201400031558,1,10,0,0.0,1.0,0.0,4.0,A01
201400031559,0,7,0,0.0,2.0,1.0,0.0,B01
201400031559,0,7,0,0.0,0.0,8.0,0.0,C01
201400031559,0,7,0,0.0,2.0,1.0,0.0,A01
201400031560,0,7,0,0.0,2.0,8.0,0.0,A01
201400031560,0,31,0,0.0,2.0,1.0,0.0,B01
201400031561,0,7,0,0.0,2.0,1.0,0.0,B01
201400031561,0,7,0,0.0,2.0,1.0,13.0,A01
201400031562,1,7,0,0.0,1.0,2.0,1.0,A01
201400031563,0,31,0,0.0,2.0,7.0,1.0,B02
201400031563,0,7,0,0.0,2.0,1.0,19.0,A01
201400031564,0,7,0,0.0,2.0,1.0,1.0,B02
201400031564,0,7,0,0.0,2.0,1.0,11.0,C03
201400031564,0,7,0,0.0,2.0,1.0,1.0,A01
201400031565,0,10,0,0.0,0.0,1.0,1.0,A01
201400031566,0,33,0,0.0,2.0,3.0,0.0,A01
201400031566,0,7,0,0.0,2.0,3.0,0.0,B02
201400031567,0,33,0,3.0,0.0,1.0,1.0,A01
201400031568,0,33,0,10.0,0.0,2.0,15.0,A01
201400031569,0,7,0,0.0,2.0,7.0,1.0,A01
201400031569,0,10,0,0.0,2.0,1.0,1.0,B02
201400031570,0,2,0,0.0,2.0,1.0,1.0,B02
201400031570,0,7,0,0.0,2.0,2.0,15.0,A01
201400031571,0,7,0,0.0,2.0,2.0,1.0,A01
201400031571,0,7,0,0.0,2.0,8.0,15.0,B02
201400031572,0,7,0,2.0,0.0,1.0,1.0,A01
201400031573,0,7,0,3.0,0.0,8.0,1.0,A01
201400031573,0,7,0,4.0,0.0,2.0,21.0,B02
201400031574,0,7,0,13.0,0.0,9.0,1.0,A01
201400031575,0,7,0,3.0,0.0,1.0,1.0,A01
201400031576,0,7,0,13.0,0.0,9.0,13.0,A01
201400031577,0,7,0,0.0,2.0,1.0,2.0,A01
201400031577,0,7,0,0.0,2.0,4.0,1.0,B02
201400031578,0,2,0,0.0,2.0,8.0,15.0,B01
201400031578,0,10,0,0.0,2.0,2.0,15.0,A01
201400031579,0,7,0,0.0,1.0,1.0,1.0,A01
201400031580,0,1,0,0.0,2.0,1.0,1.0,B01
201400031580,0,7,0,0.0,2.0,6.0,15.0,A01
201400031581,0,7,0,6.0,0.0,3.0,13.0,A01