Num_Acc,senc,catv,occutc,obs,obsm,choc,manv,num_veh
201400031582,0,7,0,0.0,2.0,8.0,15.0,B01
201400031582,0,7,0,6.0,2.0,2.0,17.0,A01
201400031583,0,7,0,0.0,1.0,8.0,1.0,A01
201400031584,0,7,0,6.0,0.0,3.0,1.0,A01
201400031585,0,7,0,2.0,0.0,3.0,13.0,A01
201400031586,0,33,0,0.0,2.0,8.0,1.0,B01
201400031586,0,7,0,0.0,2.0,3.0,15.0,A01
201400031587,0,7,0,0.0,1.0,3.0,1.0,A01
201400031588,0,7,0,6.0,0.0,2.0,14.0,A01
201400031589,0,7,0,0.0,2.0,3.0,19.0,B01
201400031589,0,2,0,0.0,2.0,1.0,19.0,A01
201400031590,0,14,0,0.0,1.0,1.0,20.0,A01
201400031591,0,7,0,0.0,2.0,2.0,1.0,B01
201400031591,0,99,0,0.0,2.0,3.0,16.0,A01
201400031592,0,33,0,0.0,2.0,1.0,21.0,A01
201400031592,0,7,0,0.0,2.0,3.0,1.0,B01
201400031593,0,33,0,0.0,2.0,1.0,1.0,A01
201400031593,0,7,0,0.0,2.0,8.0,13.0,B01
201400031594,0,33,0,0.0,1.0,2.0,0.0,A01
201400031595,0,1,0,0.0,2.0,1.0,1.0,B01
201400031595,0,7,0,0.0,2.0,1.0,15.0,A01
201400031596,0,33,0,0.0,2.0,1.0,1.0,B01
201400031596,0,7,0,0.0,2.0,2.0,19.0,A01
201400031597,1,7,0,0.0,1.0,1.0,1.0,X01
201400031598,0,7,0,0.0,1.0,2.0,1.0,A01
201400031599,0,30,0,0.0,2.0,1.0,1.0,B01
201400031599,0,7,0,0.0,2.0,2.0,15.0,A01
201400031600,0,7,0,0.0,1.0,1.0,15.0,A01
201400031601,0,1,0,0.0,1.0,1.0,1.0,A01
201400031602,0,2,0,0.0,1.0,1.0,1.0,A01
201400031603,0,33,0,0.0,2.0,1.0,1.0,B01
201400031603,0,7,0,0.0,2.0,3.0,15.0,A01
201400031604,0,7,0,0.0,1.0,1.0,0.0,A01
201400031605,0,1,0,0.0,2.0,0.0,1.0,B01
201400031605,0,7,0,0.0,2.0,8.0,9.0,A01
201400031606,0,1,0,6.0,0.0,1.0,0.0,A01
201400031607,0,7,0,0.0,2.0,1.0,15.0,B01
201400031607,1,7,0,0.0,2.0,7.0,1.0,A01
201400031608,0,33,0,0.0,2.0,1.0,1.0,B01
201400031608,0,7,0,0.0,2.0,3.0,15.0,A01
201400031609,0,7,0,0.0,1.0,6.0,4.0,A01
201400031610,0,7,0,0.0,1.0,2.0,2.0,A01
201400031611,0,7,0,0.0,1.0,1.0,1.0,A01
201400031612,0,2,0,0.0,2.0,4.0,1.0,A01
201400031612,2,7,0,0.0,2.0,1.0,9.0,B01
201400031613,0,38,1,0.0,1.0,2.0,1.0,A01
201400031614,0,7,0,0.0,1.0,1.0,1.0,A01
201400031615,0,2,0,0.0,2.0,1.0,2.0,B01
201400031615,0,7,0,0.0,2.0,6.0,9.0,A01
201400031616,0,7,0,0.0,2.0,3.0,1.0,B01
201400031616,0,30,0,0.0,2.0,1.0,1.0,A01
201400031617,0,10,0,0.0,2.0,3.0,15.0,A01
201400031617,0,7,0,0.0,2.0,8.0,1.0,B01
201400031617,0,10,0,0.0,2.0,1.0,1.0,C01
201400031618,0,7,0,0.0,1.0,1.0,1.0,A01
201400031619,0,7,0,0.0,1.0,2.0,1.0,A01
201400031620,0,33,0,0.0,0.0,0.0,1.0,A01
201400031621,0,7,0,0.0,2.0,3.0,1.0,A01
201400031621,0,2,0,0.0,2.0,1.0,1.0,B01
201400031622,0,7,0,0.0,2.0,5.0,24.0,B01
201400031622,2,7,0,1.0,0.0,3.0,1.0,A01
201400031623,0,7,0,0.0,2.0,1.0,15.0,B01
201400031623,0,2,0,0.0,2.0,1.0,9.0,A01
201400031624,0,7,0,0.0,1.0,1.0,1.0,A01
201400031625,0,7,0,13.0,0.0,1.0,13.0,A01
201400031626,0,7,0,2.0,0.0,3.0,11.0,A01
201400031627,0,10,0,0.0,1.0,9.0,1.0,A01
201400031628,0,7,0,13.0,,9.0,,A01
201400031629,0,15,0,8.0,0.0,2.0,1.0,A01
201400031630,0,7,0,0.0,2.0,3.0,13.0,A01
201400031630,0,7,0,0.0,2.0,2.0,1.0,B02
201400031631,0,36,0,13.0,0.0,1.0,1.0,A01
201400031632,0,17,0,0.0,2.0,6.0,1.0,B02
201400031632,0,7,0,0.0,2.0,2.0,21.0,A01
201400031633,2,7,0,3.0,0.0,2.0,0.0,A01
201400031634,0,7,0,0.0,2.0,1.0,1.0,A01
201400031634,0,7,0,0.0,0.0,4.0,1.0,B02
201400031635,0,10,0,0.0,1.0,2.0,2.0,A01
201400031636,0,7,0,13.0,0.0,1.0,14.0,A01
201400031637,0,10,0,0.0,2.0,1.0,2.0,B02
201400031637,0,15,0,0.0,2.0,4.0,2.0,A01
201400031638,0,7,0,0.0,0.0,6.0,23.0,A01
201400031638,0,33,0,0.0,2.0,5.0,2.0,C03
201400031638,0,14,0,0.0,2.0,3.0,2.0,B02
201400031639,0,31,0,0.0,0.0,8.0,1.0,B02
201400031639,0,7,0,0.0,2.0,1.0,19.0,A01
201400031640,0,33,0,0.0,2.0,8.0,15.0,B02
201400031640,0,10,0,0.0,2.0,2.0,17.0,A01
201400031641,0,33,0,0.0,2.0,1.0,2.0,B02
201400031641,0,7,0,0.0,2.0,6.0,17.0,A01
201400031642,0,7,0,0.0,0.0,5.0,0.0,B02
201400031642,0,33,0,0.0,2.0,1.0,21.0,A01
201400031643,0,10,0,0.0,1.0,7.0,1.0,A01
201400031644,0,7,0,6.0,0.0,1.0,13.0,A01
201400031645,0,7,0,0.0,2.0,1.0,1.0,A01
201400031645,0,7,0,0.0,2.0,1.0,1.0,D04
201400031645,0,7,0,0.0,2.0,4.0,15.0,C03
201400031645,0,10,0,0.0,2.0,4.0,15.0,B02
201400031646,0,10,0,0.0,2.0,1.0,13.0,A01
201400031646,0,10,0,0.0,2.0,3.0,1.0,B02
201400031647,0,7,0,1.0,0.0,6.0,23.0,A01
201400031647,0,14,0,0.0,0.0,2.0,1.0,B02
201400031648,0,31,0,0.0,2.0,2.0,1.0,A01
201400031648,0,7,0,0.0,2.0,3.0,0.0,B02
201400031649,0,10,0,0.0,0.0,0.0,1.0,A01
201400031650,0,30,0,1.0,0.0,1.0,0.0,A01
201400031651,0,7,0,0.0,9.0,1.0,1.0,A01
201400031651,0,1,0,0.0,2.0,8.0,19.0,B02
201400031652,0,10,0,0.0,2.0,2.0,0.0,A01
201400031652,0,30,0,0.0,2.0,1.0,0.0,B02
201400031653,0,7,0,0.0,2.0,2.0,0.0,A01
201400031653,0,7,0,0.0,2.0,3.0,0.0,B02
201400031654,0,7,0,0.0,2.0,3.0,1.0,A01
201400031654,0,7,0,0.0,2.0,6.0,1.0,B01
201400031655,0,7,0,0.0,1.0,3.0,1.0,A01
201400031656,0,2,0,0.0,2.0,1.0,9.0,B01
201400031656,0,7,0,0.0,2.0,8.0,9.0,A01
201400031657,0,7,0,0.0,1.0,3.0,0.0,A01
201400031658,0,7,0,0.0,0.0,5.0,2.0,B01
201400031658,0,33,0,0.0,2.0,3.0,2.0,A01
201400031659,0,7,0,0.0,9.0,2.0,9.0,A01
201400031659,0,1,0,0.0,2.0,1.0,1.0,B01
201400031660,0,2,0,0.0,0.0,8.0,0.0,A01
201400031661,0,10,0,0.0,2.0,1.0,5.0,A01
201400031661,0,15,0,0.0,2.0,1.0,0.0,B01
201400031662,0,39,0,0.0,2.0,2.0,1.0,B01
201400031662,0,2,0,14.0,4.0,1.0,1.0,A01
201400031663,0,7,0,6.0,0.0,3.0,2.0,A01
201400031664,0,7,0,9.0,0.0,1.0,0.0,A01
201400031665,0,7,0,0.0,2.0,1.0,2.0,A01
201400031665,0,7,0,0.0,0.0,4.0,2.0,B01
201400031666,0,7,0,0.0,1.0,5.0,4.0,A01
201400031667,0,33,0,0.0,2.0,5.0,1.0,B01
201400031667,0,7,0,0.0,2.0,1.0,1.0,A01
201400031668,0,7,0,2.0,0.0,1.0,1.0,A01
201400031669,0,7,0,0.0,1.0,2.0,2.0,A01
201400031670,0,7,0,2.0,0.0,0.0,2.0,A01
201400031671,0,1,0,0.0,2.0,1.0,1.0,A01
201400031671,0,7,0,0.0,2.0,3.0,9.0,B01
201400031672,0,30,0,0.0,1.0,0.0,2.0,A01
201400031673,0,7,0,0.0,1.0,8.0,2.0,A01
201400031674,0,7,0,0.0,2.0,1.0,2.0,A01
201400031674,0,21,0,0.0,2.0,4.0,2.0,B01
201400031675,0,7,0,15.0,0.0,2.0,2.0,A01
201400031676,0,7,0,0.0,2.0,3.0,6.0,A01
201400031676,0,37,1,0.0,2.0,3.0,1.0,B01
201400031677,0,15,0,0.0,2.0,1.0,1.0,B01
201400031677,0,7,0,0.0,2.0,8.0,6.0,A01
201400031678,0,7,0,0.0,2.0,6.0,9.0,A01
201400031678,0,10,0,0.0,2.0,1.0,1.0,B01
201400031679,0,7,0,0.0,2.0,1.0,0.0,B01
201400031679,0,7,0,0.0,2.0,3.0,0.0,A01
201400031680,0,7,0,0.0,2.0,6.0,17.0,A01
201400031680,0,7,0,0.0,2.0,3.0,14.0,B01
201400031681,0,7,0,0.0,1.0,2.0,0.0,A01
201400031682,0,7,0,0.0,2.0,1.0,1.0,A01
201400031682,0,7,0,0.0,2.0,7.0,1.0,B01
201400031683,0,7,0,0.0,2.0,1.0,9.0,A01
201400031683,0,7,0,0.0,0.0,7.0,2.0,B01
201400031684,0,7,0,0.0,1.0,1.0,0.0,A01
201400031685,0,7,0,0.0,2.0,3.0,0.0,B01
201400031685,0,31,0,0.0,2.0,5.0,0.0,A01
201400031686,0,7,0,0.0,1.0,7.0,1.0,A01
201400031687,0,7,0,0.0,1.0,2.0,1.0,A01
201400031688,0,7,0,0.0,1.0,1.0,0.0,A01
201400031689,0,7,0,0.0,1.0,1.0,2.0,A01
201400031690,0,7,0,0.0,1.0,1.0,0.0,A01
201400031691,0,7,0,0.0,1.0,1.0,4.0,A01
201400031692,1,17,0,0.0,9.0,0.0,2.0,A01
201400031692,0,1,0,0.0,0.0,4.0,2.0,B01
201400031693,0,38,1,0.0,1.0,3.0,1.0,A01
201400031694,0,7,0,0.0,2.0,2.0,15.0,A01
201400031694,0,7,0,0.0,2.0,1.0,1.0,B01
201400031695,0,7,0,0.0,0.0,3.0,1.0,A01
201400031695,0,2,0,0.0,0.0,7.0,1.0,B01
201400031695,0,10,0,0.0,0.0,3.0,23.0,C01
201400031696,0,7,0,0.0,2.0,1.0,15.0,A01
201400031696,0,7,0,0.0,2.0,6.0,15.0,B01
201400031697,0,30,0,0.0,2.0,1.0,5.0,B01
201400031697,0,7,0,0.0,2.0,2.0,15.0,A01
201400031698,0,7,0,0.0,1.0,1.0,1.0,A01
201400031699,0,7,0,3.0,2.0,5.0,13.0,A01
201400031699,0,17,0,0.0,2.0,3.0,21.0,B01
201400031700,0,7,0,6.0,0.0,1.0,2.0,A01
201400031701,1,7,0,0.0,2.0,2.0,5.0,A01
201400031701,0,2,0,0.0,0.0,3.0,15.0,B01
201400031702,0,7,0,0.0,2.0,1.0,13.0,A01
201400031702,0,7,0,0.0,2.0,3.0,1.0,B01
201400031703,0,7,0,0.0,2.0,1.0,1.0,B01
201400031703,0,7,0,3.0,2.0,1.0,11.0,A01
201400031704,1,7,0,0.0,1.0,1.0,1.0,Z01
201400031705,0,7,0,0.0,1.0,2.0,21.0,A01
201400031705,0,10,0,0.0,0.0,5.0,1.0,B01
201400031705,0,10,0,0.0,0.0,0.0,2.0,C01
201400031706,0,7,0,0.0,0.0,7.0,1.0,B01
201400031706,0,7,0,0.0,0.0,1.0,9.0,A01
201400031707,0,33,0,0.0,2.0,1.0,2.0,B01
201400031707,0,7,0,0.0,2.0,8.0,10.0,A01
201400031708,0,7,0,1.0,0.0,1.0,13.0,A01
201400031709,0,7,0,0.0,2.0,3.0,15.0,A01
201400031709,0,33,0,0.0,2.0,1.0,2.0,B01
201400031710,0,20,0,0.0,1.0,5.0,2.0,A01
201400031711,0,7,0,14.0,0.0,0.0,1.0,A01
201400031712,0,7,0,0.0,2.0,1.0,1.0,A01
201400031712,0,7,0,0.0,2.0,7.0,15.0,B01
201400031713,0,7,0,0.0,1.0,7.0,1.0,A01
201400031714,0,7,0,0.0,2.0,7.0,15.0,A01
201400031714,0,30,0,0.0,2.0,1.0,1.0,B01
201400031715,0,7,0,0.0,1.0,1.0,1.0,A01
201400031716,0,33,0,0.0,0.0,0.0,1.0,A01
201400031717,0,7,0,0.0,2.0,2.0,15.0,A01
201400031717,0,99,0,0.0,2.0,1.0,1.0,B01
201400031718,0,2,0,0.0,2.0,1.0,1.0,A01
201400031718,0,7,0,0.0,0.0,5.0,1.0,B01
201400031719,0,7,0,0.0,2.0,1.0,1.0,A01
201400031719,0,1,0,0.0,0.0,7.0,1.0,B01
201400031720,1,7,0,0.0,9.0,3.0,13.0,Z01
201400031720,0,2,0,6.0,2.0,8.0,1.0,A01
201400031721,0,31,0,8.0,0.0,1.0,1.0,A01
201400031722,1,7,0,0.0,1.0,0.0,0.0,Z01
201400031723,0,3,0,0.0,2.0,1.0,13.0,A01
201400031723,0,7,0,0.0,2.0,1.0,1.0,B01
201400031724,0,7,0,0.0,0.0,0.0,1.0,B01
201400031724,0,1,0,0.0,0.0,8.0,1.0,A01
201400031725,0,7,0,0.0,1.0,1.0,15.0,A01
201400031726,0,7,0,0.0,2.0,3.0,11.0,B01
201400031726,0,2,0,0.0,2.0,7.0,1.0,A01
201400031726,0,7,0,0.0,2.0,8.0,23.0,C01
201400031727,0,7,0,15.0,0.0,1.0,13.0,A01
201400031728,0,7,0,0.0,2.0,8.0,1.0,B01
201400031728,0,10,0,0.0,2.0,1.0,1.0,A01
201400031729,0,7,0,0.0,0.0,4.0,1.0,B01
201400031729,0,7,0,0.0,2.0,1.0,1.0,A01
201400031730,0,33,0,8.0,2.0,1.0,2.0,A01
201400031730,0,7,0,0.0,0.0,8.0,13.0,B01
201400031731,0,7,0,0.0,1.0,1.0,1.0,A01
201400031732,0,7,0,0.0,2.0,1.0,1.0,A01
201400031732,0,7,0,0.0,2.0,2.0,1.0,B01
201400031733,0,99,0,0.0,2.0,1.0,1.0,A01
201400031733,0,7,0,0.0,2.0,3.0,1.0,B01
201400031734,0,17,0,3.0,0.0,9.0,1.0,A01
201400031735,0,7,0,1.0,0.0,1.0,1.0,A01
201400031735,0,7,0,1.0,0.0,3.0,24.0,B01
201400031736,0,7,0,0.0,0.0,6.0,10.0,A01
201400031736,0,32,0,0.0,2.0,1.0,1.0,B01
201400031737,0,30,0,0.0,2.0,1.0,15.0,A01
201400031737,0,7,0,0.0,2.0,1.0,1.0,B01
201400031738,1,10,0,0.0,1.0,1.0,1.0,Z01
201400031739,1,7,0,0.0,2.0,5.0,4.0,A01
201400031739,0,1,0,0.0,2.0,1.0,1.0,B01
201400031740,0,7,0,0.0,2.0,1.0,0.0,A01
201400031740,0,7,0,0.0,2.0,1.0,1.0,B01
201400031741,0,7,0,0.0,2.0,3.0,9.0,A01
201400031741,0,1,0,0.0,2.0,4.0,16.0,B01
201400031742,0,7,0,0.0,2.0,1.0,1.0,A01
201400031742,0,1,0,0.0,2.0,8.0,15.0,B01
201400031743,0,10,0,0.0,2.0,3.0,1.0,A01
201400031744,0,7,0,0.0,2.0,2.0,1.0,A01
201400031744,0,33,0,0.0,2.0,1.0,1.0,B01
201400031745,0,7,0,0.0,1.0,1.0,0.0,A01
201400031746,0,7,0,0.0,2.0,2.0,1.0,A01
201400031746,0,1,0,0.0,2.0,3.0,0.0,B01
201400031747,0,2,0,15.0,0.0,7.0,1.0,A01
201400031748,0,7,0,0.0,1.0,3.0,1.0,A01
201400031749,0,7,0,0.0,1.0,2.0,1.0,A01
201400031750,0,7,0,0.0,1.0,2.0,1.0,A01
201400031751,0,33,0,0.0,2.0,3.0,1.0,B01
201400031751,0,7,0,0.0,2.0,3.0,15.0,A01
201400031752,0,7,0,0.0,9.0,7.0,21.0,A01
201400031752,0,1,0,0.0,2.0,8.0,2.0,B01
201400031753,0,7,0,0.0,1.0,2.0,1.0,A01
201400031754,0,7,0,0.0,2.0,3.0,1.0,B01
201400031754,0,7,0,0.0,2.0,3.0,13.0,A01
201400031755,0,7,0,2.0,0.0,7.0,14.0,A01
201400031756,0,7,0,9.0,1.0,1.0,1.0,A01
201400031757,0,7,0,0.0,1.0,3.0,1.0,A01
201400031758,0,7,0,0.0,0.0,1.0,17.0,A01
201400031759,0,33,0,8.0,0.0,1.0,1.0,A01
201400031760,2,7,0,0.0,1.0,0.0,0.0,A01
201400031761,0,7,0,0.0,2.0,8.0,15.0,B01
201400031761,0,2,0,0.0,2.0,1.0,1.0,A01
201400031762,0,33,0,11.0,0.0,1.0,2.0,A01
201400031763,0,1,0,0.0,2.0,1.0,2.0,B01
201400031763,0,7,0,0.0,9.0,8.0,15.0,A01
201400031764,0,7,0,0.0,2.0,3.0,1.0,B01
201400031764,0,7,0,0.0,2.0,1.0,1.0,A01
201400031764,0,7,0,0.0,0.0,3.0,23.0,C01
201400031765,0,36,0,0.0,2.0,2.0,19.0,B01
201400031765,0,7,0,0.0,2.0,2.0,15.0,A01
201400031766,0,7,0,0.0,1.0,2.0,14.0,A01
201400031767,0,31,0,12.0,0.0,1.0,1.0,A01
201400031768,0,14,0,0.0,1.0,3.0,15.0,A01
201400031769,0,33,0,3.0,0.0,2.0,1.0,A01
201400031770,0,7,0,0.0,2.0,2.0,1.0,B01
201400031770,0,7,0,0.0,2.0,3.0,1.0,A01
201400031771,0,7,0,0.0,9.0,8.0,15.0,A01
201400031771,0,2,0,0.0,2.0,1.0,2.0,B01
201400031772,0,7,0,0.0,1.0,2.0,1.0,A01
201400031773,0,7,0,0.0,2.0,3.0,1.0,A01
201400031773,0,33,0,0.0,2.0,1.0,12.0,B01
201400031774,0,2,0,1.0,0.0,7.0,14.0,A01
201400031775,0,7,0,1.0,0.0,8.0,22.0,A01
201400031775,0,1,0,0.0,9.0,1.0,2.0,B01
201400031776,0,7,0,0.0,1.0,2.0,1.0,A01
201400031777,0,7,0,0.0,1.0,1.0,1.0,A01
201400031778,0,10,0,0.0,9.0,3.0,15.0,A01
201400031778,0,2,0,0.0,2.0,1.0,17.0,B01
201400031779,0,10,0,0.0,2.0,6.0,16.0,B01
201400031779,0,7,0,0.0,2.0,1.0,1.0,A01
201400031780,0,7,0,0.0,2.0,1.0,17.0,A01
201400031780,0,7,0,0.0,0.0,4.0,1.0,B01
201400031780,0,7,0,0.0,2.0,3.0,1.0,C01
201400031780,0,7,0,0.0,2.0,1.0,1.0,D01
201400031781,0,2,0,11.0,0.0,1.0,1.0,A01
201400031782,0,3,0,0.0,2.0,1.0,1.0,A01
201400031782,0,33,0,0.0,2.0,7.0,19.0,B01
201400031783,1,7,0,0.0,1.0,2.0,1.0,A01
201400031784,1,99,0,0.0,1.0,0.0,0.0,A01
201400031785,0,30,0,0.0,1.0,1.0,17.0,A01
201400031786,0,7,0,0.0,1.0,1.0,1.0,A01
201400031787,0,2,0,0.0,2.0,1.0,19.0,A01
201400031787,0,7,0,0.0,0.0,2.0,2.0,B01
201400031788,0,7,0,0.0,2.0,1.0,13.0,A01
201400031788,0,7,0,0.0,2.0,1.0,1.0,B01
201400031789,0,7,0,0.0,1.0,2.0,1.0,A01
201400031790,1,7,0,0.0,1.0,0.0,1.0,Z01
201400031791,0,7,0,0.0,1.0,4.0,4.0,A01
201400031792,0,7,0,0.0,1.0,3.0,1.0,A01
201400031793,0,7,0,0.0,1.0,1.0,1.0,A01
201400031794,0,7,0,0.0,2.0,1.0,2.0,A01
201400031794,0,7,0,0.0,0.0,4.0,2.0,B01
201400031795,0,7,0,0.0,1.0,7.0,15.0,A01
201400031796,0,7,0,0.0,1.0,1.0,0.0,A01
201400031797,0,7,0,0.0,1.0,7.0,1.0,A01
201400031798,0,7,0,0.0,0.0,2.0,1.0,A01
201400031798,0,1,0,0.0,2.0,0.0,19.0,B01
201400031799,0,7,0,0.0,1.0,6.0,1.0,A01
201400031800,0,7,0,6.0,0.0,1.0,1.0,A01
201400031801,0,7,0,0.0,2.0,1.0,5.0,A01
201400031801,0,7,0,0.0,2.0,3.0,5.0,B01
201400031802,0,30,0,0.0,2.0,0.0,1.0,B01
201400031802,0,7,0,0.0,2.0,3.0,15.0,A01
201400031803,0,7,0,0.0,2.0,1.0,2.0,A01
201400031803,0,33,0,0.0,2.0,4.0,0.0,B01
201400031804,0,7,0,1.0,1.0,2.0,14.0,A01
201400031805,0,7,0,0.0,2.0,3.0,1.0,A01
201400031805,0,30,0,0.0,2.0,3.0,15.0,B01
201400031806,1,99,0,0.0,1.0,1.0,1.0,Z01
201400031807,0,7,0,0.0,9.0,5.0,16.0,A01
201400031807,0,1,0,0.0,2.0,1.0,5.0,B01
201400031808,0,33,0,0.0,0.0,1.0,2.0,B01
201400031808,0,7,0,0.0,0.0,7.0,19.0,A01
201400031809,0,7,0,0.0,2.0,1.0,13.0,A01
201400031809,0,7,0,0.0,2.0,1.0,1.0,B01
201400031810,0,7,0,0.0,1.0,1.0,1.0,A01
201400031811,0,7,0,0.0,1.0,1.0,0.0,A01
201400031812,0,7,0,0.0,1.0,1.0,0.0,A01
201400031813,0,7,0,13.0,0.0,3.0,9.0,A01
201400031814,0,7,0,0.0,0.0,2.0,13.0,A01
201400031814,0,7,0,0.0,2.0,3.0,0.0,C01
201400031814,0,7,0,0.0,2.0,6.0,0.0,B01
201400031815,0,7,0,6.0,0.0,1.0,1.0,A01
201400031816,0,30,0,6.0,0.0,1.0,1.0,A01
201400031817,0,33,0,0.0,2.0,1.0,1.0,B01
201400031817,0,7,0,0.0,2.0,7.0,6.0,A01
201400031818,0,33,0,10.0,0.0,1.0,1.0,A01
201400031819,0,7,0,0.0,2.0,3.0,1.0,B01
201400031819,0,7,0,0.0,2.0,1.0,9.0,A01
201400031820,0,7,0,0.0,1.0,2.0,0.0,A01
201400031821,0,7,0,0.0,1.0,1.0,9.0,A01
201400031822,0,36,0,0.0,2.0,6.0,11.0,B01
201400031822,0,33,0,0.0,2.0,1.0,2.0,A01
201400031823,0,7,0,16.0,0.0,9.0,1.0,A01
201400031824,0,1,0,0.0,2.0,1.0,9.0,A01
201400031824,0,7,0,0.0,2.0,1.0,1.0,B01
201400031825,0,32,0,0.0,2.0,7.0,1.0,B01
201400031825,0,10,0,0.0,2.0,3.0,19.0,A01
201400031826,0,7,0,0.0,2.0,1.0,5.0,A01
201400031826,0,7,0,0.0,2.0,1.0,1.0,B01
201400031827,0,33,0,0.0,2.0,1.0,0.0,A01
201400031827,0,7,0,0.0,2.0,2.0,4.0,B01
201400031828,0,7,0,0.0,2.0,1.0,13.0,A01
201400031828,0,7,0,0.0,2.0,1.0,1.0,B01
201400031829,0,7,0,2.0,2.0,2.0,11.0,A01
201400031829,0,15,0,0.0,2.0,2.0,1.0,B01
201400031830,0,7,0,0.0,2.0,3.0,0.0,A01
201400031830,0,2,0,0.0,2.0,1.0,0.0,B01
201400031831,0,30,0,0.0,2.0,1.0,17.0,B01
201400031831,0,7,0,0.0,2.0,3.0,10.0,A01
201400031832,0,7,0,0.0,1.0,2.0,1.0,A01
201400031833,0,7,0,0.0,1.0,7.0,1.0,A01
201400031834,0,7,0,0.0,2.0,3.0,5.0,A01
201400031834,0,2,0,0.0,2.0,8.0,5.0,B01
201400031835,0,7,0,0.0,1.0,7.0,0.0,A01
201400031836,0,7,0,8.0,0.0,0.0,0.0,A01
201400031837,1,7,0,0.0,1.0,1.0,0.0,A01
201400031838,0,21,0,0.0,2.0,2.0,9.0,A01
201400031838,0,7,0,0.0,2.0,2.0,1.0,B01
201400031839,2,10,0,0.0,9.0,0.0,19.0,Z01
201400031839,0,1,0,0.0,2.0,1.0,19.0,B01
201400031840,0,7,0,0.0,1.0,2.0,1.0,A01
201400031841,0,7,0,0.0,2.0,5.0,0.0,A01
201400031841,0,2,0,0.0,2.0,1.0,1.0,B01
201400031842,1,7,0,0.0,0.0,0.0,2.0,A01
201400031842,0,7,0,0.0,0.0,4.0,16.0,B01
201400031843,0,7,0,0.0,0.0,0.0,0.0,B01
201400031843,0,7,0,0.0,2.0,1.0,5.0,A01
201400031843,0,7,0,0.0,0.0,0.0,0.0,C01
201400031843,0,17,0,0.0,0.0,0.0,0.0,D01
201400031844,0,2,0,0.0,2.0,8.0,18.0,B01
201400031844,0,7,0,0.0,2.0,1.0,15.0,A01
201400031845,0,33,0,0.0,2.0,1.0,0.0,B01
201400031845,0,7,0,0.0,2.0,7.0,15.0,A01
201400031846,0,1,0,0.0,1.0,1.0,0.0,A01
201400031847,0,7,0,0.0,2.0,1.0,16.0,B01
201400031847,0,7,0,9.0,2.0,1.0,5.0,A01
201400031848,0,7,0,0.0,2.0,3.0,19.0,A01
201400031848,0,31,0,0.0,2.0,1.0,1.0,B01
201400031849,0,1,0,0.0,2.0,1.0,1.0,B01
201400031849,0,7,0,0.0,2.0,1.0,5.0,A01
201400031850,0,14,0,0.0,2.0,0.0,0.0,A01
201400031850,0,7,0,0.0,2.0,3.0,0.0,B01
201400031851,0,7,0,0.0,1.0,4.0,4.0,A01
201400031852,0,1,0,0.0,2.0,2.0,0.0,B01
201400031852,0,7,0,0.0,9.0,3.0,15.0,A01
201400031853,0,7,0,0.0,1.0,3.0,1.0,A01
201400031854,0,7,0,0.0,9.0,1.0,1.0,A01
201400031854,0,2,0,0.0,2.0,1.0,5.0,B01
201400031855,0,10,0,0.0,2.0,4.0,23.0,B01
201400031855,0,33,0,0.0,2.0,1.0,2.0,A01
201400031856,0,10,0,0.0,2.0,1.0,2.0,A01
201400031856,0,10,0,0.0,1.0,1.0,23.0,B01
201400031857,0,7,0,0.0,1.0,2.0,15.0,A01
201400031858,0,7,0,6.0,0.0,1.0,0.0,A01
201400031859,0,7,0,0.0,1.0,0.0,0.0,A01
201400031860,0,7,0,0.0,1.0,2.0,1.0,A01
201400031861,0,7,0,0.0,1.0,1.0,21.0,A01
201400031862,0,7,0,0.0,1.0,1.0,16.0,A01
201400031863,0,7,0,8.0,0.0,1.0,0.0,A01
201400031864,0,7,0,0.0,0.0,0.0,0.0,A01
201400031864,0,2,0,0.0,0.0,0.0,0.0,B01
201400031865,1,99,0,0.0,1.0,0.0,0.0,A01
201400031866,0,7,0,0.0,2.0,1.0,0.0,A01
201400031866,0,33,0,0.0,2.0,0.0,0.0,B01
201400031867,0,99,0,15.0,0.0,1.0,0.0,A01
201400031868,0,10,0,0.0,1.0,1.0,1.0,A01
201400031869,0,7,0,0.0,2.0,1.0,15.0,A01
201400031869,0,2,0,0.0,2.0,8.0,1.0,B01
201400031870,0,7,0,0.0,2.0,3.0,9.0,A01
201400031870,0,2,0,0.0,2.0,1.0,1.0,B01
201400031871,0,10,0,0.0,2.0,1.0,2.0,A01
201400031871,0,7,0,0.0,2.0,1.0,2.0,B01
201400031871,0,7,0,0.0,2.0,1.0,2.0,C01
201400031871,0,7,0,0.0,2.0,4.0,2.0,D01
201400031872,0,7,0,0.0,1.0,1.0,1.0,A01
201400031873,0,2,0,0.0,2.0,1.0,2.0,B01
201400031873,0,15,0,0.0,2.0,6.0,15.0,A01
201400031874,0,2,0,0.0,2.0,7.0,2.0,B01
201400031874,0,7,0,14.0,2.0,3.0,2.0,A01
201400031875,0,31,0,0.0,2.0,0.0,1.0,B01
201400031875,0,7,0,0.0,2.0,0.0,0.0,A01
201400031876,0,30,0,0.0,2.0,1.0,2.0,A01
201400031876,0,1,0,0.0,2.0,4.0,2.0,B01
201400031877,0,33,0,0.0,2.0,7.0,1.0,B01
201400031877,0,7,0,0.0,2.0,1.0,9.0,A01