Num_Acc,senc,catv,occutc,obs,obsm,choc,manv,num_veh
201400031878,0,7,0,0.0,2.0,1.0,1.0,A01
201400031878,0,7,0,0.0,2.0,4.0,1.0,B01
201400031879,0,7,0,0.0,2.0,1.0,13.0,A01
201400031879,0,7,0,0.0,2.0,1.0,1.0,B01
201400031880,0,31,0,0.0,2.0,0.0,2.0,A01
201400031880,0,10,0,0.0,2.0,8.0,15.0,B01
201400031881,0,7,0,0.0,2.0,8.0,15.0,C01
201400031881,0,7,0,0.0,2.0,4.0,2.0,B01
201400031881,0,7,0,0.0,2.0,1.0,1.0,A01
201400031882,0,7,0,0.0,2.0,1.0,17.0,A01
201400031882,0,7,0,0.0,2.0,4.0,15.0,B01
201400031883,0,33,0,0.0,2.0,1.0,1.0,A01
201400031883,0,37,1,0.0,2.0,3.0,5.0,B01
201400031884,0,7,0,0.0,2.0,5.0,23.0,B01
201400031884,0,2,0,1.0,2.0,1.0,2.0,A01
201400031885,0,7,0,0.0,2.0,1.0,2.0,A01
201400031885,0,33,0,0.0,0.0,4.0,2.0,B01
201400031886,0,7,0,0.0,2.0,3.0,2.0,B01
201400031886,0,1,0,0.0,2.0,1.0,0.0,A01
201400031887,0,7,0,0.0,2.0,1.0,0.0,A01
201400031887,0,2,0,0.0,2.0,8.0,2.0,B01
201400031888,0,10,0,0.0,1.0,1.0,1.0,A01
201400031889,0,7,0,0.0,2.0,1.0,9.0,A01
201400031889,0,7,0,0.0,2.0,8.0,1.0,B01
201400031890,0,7,0,0.0,0.0,4.0,1.0,A01
201400031890,0,30,0,0.0,2.0,1.0,1.0,B01
201400031891,0,7,0,0.0,2.0,3.0,15.0,A01
201400031891,0,35,0,0.0,2.0,8.0,1.0,B01
201400031892,0,7,0,0.0,2.0,1.0,5.0,A01
201400031892,0,2,0,0.0,2.0,1.0,5.0,C01
201400031892,0,2,0,0.0,2.0,1.0,5.0,B01
201400031893,0,7,0,1.0,0.0,1.0,14.0,A01
201400031894,1,7,0,0.0,1.0,2.0,10.0,A01
201400031895,0,33,0,0.0,2.0,7.0,1.0,B01
201400031895,0,7,0,0.0,2.0,2.0,9.0,A01
201400031896,0,7,0,0.0,1.0,1.0,16.0,A01
201400031897,0,7,0,15.0,0.0,9.0,13.0,A01
201400031898,0,1,0,0.0,2.0,1.0,2.0,B01
201400031898,0,7,0,0.0,2.0,3.0,15.0,A01
201400031899,0,7,0,0.0,2.0,5.0,15.0,A01
201400031899,0,31,0,0.0,2.0,1.0,1.0,B01
201400031900,1,10,0,0.0,2.0,7.0,17.0,Z01
201400031900,0,2,0,0.0,2.0,8.0,1.0,A01
201400031901,0,7,0,0.0,1.0,7.0,20.0,A01
201400031902,0,2,0,0.0,2.0,1.0,16.0,A01
201400031902,0,7,0,0.0,2.0,1.0,1.0,B01
201400031903,0,7,0,0.0,2.0,1.0,15.0,A01
201400031903,0,30,0,0.0,2.0,3.0,16.0,B01
201400031904,0,7,0,0.0,2.0,1.0,2.0,A01
201400031904,0,7,0,0.0,2.0,4.0,23.0,B01
201400031904,0,7,0,0.0,2.0,4.0,23.0,C01
201400031905,0,7,0,0.0,2.0,9.0,1.0,A01
201400031905,0,7,0,0.0,2.0,3.0,1.0,B01
201400031905,0,7,0,0.0,2.0,1.0,1.0,C01
201400031906,0,7,0,0.0,2.0,1.0,2.0,A01
201400031906,0,2,0,0.0,2.0,5.0,2.0,B01
201400031907,0,2,0,0.0,2.0,1.0,1.0,B01
201400031907,0,7,0,0.0,2.0,2.0,15.0,A01
201400031908,0,33,0,0.0,2.0,1.0,15.0,A01
201400031908,0,7,0,0.0,2.0,1.0,2.0,B01
201400031909,0,7,0,0.0,2.0,7.0,1.0,A01
201400031909,0,7,0,0.0,2.0,1.0,1.0,B01
201400031910,0,7,0,15.0,0.0,2.0,0.0,A01
201400031911,0,7,0,0.0,1.0,8.0,1.0,A01
201400031912,0,3,0,0.0,1.0,1.0,15.0,A01
201400031913,0,7,0,0.0,1.0,1.0,15.0,A01
201400031914,0,7,0,0.0,1.0,3.0,1.0,A01
201400031915,0,7,0,1.0,2.0,2.0,10.0,A01
201400031915,0,32,0,0.0,2.0,1.0,1.0,B01
201400031916,0,31,0,0.0,2.0,8.0,18.0,A01
201400031916,0,7,0,0.0,2.0,2.0,16.0,B01
201400031917,0,10,0,0.0,1.0,2.0,1.0,A01
201400031918,0,7,0,0.0,1.0,1.0,1.0,A01
201400031919,0,7,0,0.0,1.0,4.0,4.0,A01
201400031920,0,7,0,0.0,1.0,3.0,1.0,A01
201400031921,0,99,0,0.0,2.0,2.0,15.0,A01
201400031921,0,30,0,0.0,2.0,8.0,16.0,B01
201400031922,0,99,0,15.0,0.0,1.0,1.0,A01
201400031923,0,33,0,15.0,0.0,0.0,1.0,A01
201400031924,0,33,0,0.0,2.0,7.0,1.0,B01
201400031924,0,7,0,0.0,2.0,1.0,1.0,A01
201400031925,0,7,0,0.0,1.0,8.0,1.0,A01
201400031926,0,7,0,0.0,2.0,1.0,15.0,A01
201400031926,0,7,0,0.0,2.0,3.0,16.0,B01
201400031926,0,7,0,0.0,2.0,3.0,23.0,C01
201400031927,0,7,0,0.0,1.0,1.0,1.0,A01
201400031928,0,33,0,0.0,2.0,1.0,1.0,B01
201400031928,0,7,0,0.0,2.0,3.0,15.0,A01
201400031929,0,7,0,0.0,0.0,9.0,14.0,A01
201400031930,0,7,0,0.0,1.0,1.0,1.0,A01
201400031931,0,7,0,0.0,1.0,3.0,1.0,A01
201400031932,0,7,0,0.0,2.0,3.0,1.0,A01
201400031932,0,7,0,0.0,2.0,3.0,1.0,B01
201400031933,0,7,0,0.0,1.0,1.0,1.0,A01
201400031934,0,10,0,6.0,2.0,2.0,17.0,A01
201400031934,0,7,0,0.0,2.0,8.0,1.0,B01
201400031935,0,30,0,12.0,0.0,1.0,0.0,A01
201400031936,0,7,0,0.0,2.0,2.0,1.0,A01
201400031936,0,7,0,0.0,2.0,1.0,16.0,B01
201400031937,0,7,0,0.0,2.0,1.0,13.0,A01
201400031937,0,7,0,0.0,2.0,3.0,1.0,B01
201400031938,0,7,0,0.0,1.0,3.0,1.0,A01
201400031939,0,14,0,15.0,2.0,2.0,4.0,A01
201400031939,0,1,0,15.0,2.0,1.0,21.0,B01
201400031940,0,7,0,0.0,2.0,8.0,1.0,B01
201400031940,0,7,0,9.0,2.0,1.0,14.0,A01
201400031941,0,10,0,0.0,2.0,1.0,19.0,A01
201400031941,0,30,0,0.0,2.0,8.0,1.0,B01
201400031942,0,2,0,12.0,0.0,0.0,14.0,A01
201400031943,0,7,0,0.0,0.0,3.0,9.0,A01
201400031943,0,33,0,0.0,2.0,1.0,2.0,B01
201400031944,0,33,0,0.0,2.0,1.0,17.0,A01
201400031944,0,7,0,0.0,0.0,7.0,15.0,B01
201400031945,0,7,0,0.0,2.0,1.0,16.0,A01
201400031945,0,15,0,0.0,2.0,3.0,1.0,B01
201400031946,0,7,0,0.0,2.0,2.0,1.0,A01
201400031946,0,33,0,0.0,2.0,1.0,6.0,B01
201400031947,0,7,0,0.0,2.0,2.0,17.0,A01
201400031947,0,1,0,0.0,2.0,1.0,1.0,B01
201400031948,1,7,0,9.0,9.0,1.0,0.0,A01
201400031948,0,1,0,0.0,2.0,0.0,1.0,B01
201400031949,0,1,0,0.0,0.0,5.0,1.0,A01
201400031949,0,7,0,0.0,2.0,3.0,1.0,B01
201400031950,1,7,0,11.0,2.0,2.0,,A01
201400031950,0,33,0,1.0,2.0,1.0,21.0,B01
201400031951,0,7,0,0.0,2.0,1.0,2.0,A01
201400031951,0,7,0,0.0,2.0,4.0,2.0,B01
201400031952,0,7,0,0.0,1.0,1.0,1.0,A01
201400031953,0,7,0,0.0,0.0,2.0,1.0,A01
201400031953,0,30,0,0.0,2.0,1.0,1.0,B01
201400031954,0,2,0,0.0,2.0,1.0,1.0,A01
201400031954,0,7,0,0.0,2.0,7.0,15.0,B01
201400031955,0,30,0,12.0,2.0,1.0,1.0,A01
201400031955,0,7,0,0.0,0.0,5.0,1.0,B01
201400031956,0,7,0,0.0,1.0,1.0,1.0,A01
201400031957,0,2,0,0.0,2.0,1.0,1.0,B01
201400031957,0,7,0,0.0,9.0,3.0,15.0,A01
201400031958,0,1,0,0.0,0.0,6.0,1.0,A01
201400031958,1,7,0,0.0,9.0,3.0,15.0,B01
201400031959,0,2,0,1.0,0.0,7.0,1.0,A01
201400031960,1,7,0,0.0,1.0,2.0,1.0,A01
201400031961,0,7,0,0.0,2.0,2.0,15.0,A01
201400031961,0,2,0,0.0,2.0,2.0,1.0,B01
201400031962,0,7,0,0.0,1.0,1.0,1.0,A01
201400031963,0,33,0,0.0,2.0,7.0,21.0,B01
201400031963,0,3,0,0.0,2.0,1.0,19.0,A01
201400031964,0,2,0,0.0,2.0,1.0,2.0,A01
201400031964,0,7,0,0.0,2.0,8.0,1.0,B01
201400031965,0,7,0,0.0,1.0,1.0,0.0,A01
201400031966,0,7,0,3.0,2.0,6.0,10.0,A01
201400031966,0,7,0,0.0,2.0,1.0,2.0,B01
201400031967,0,7,0,0.0,1.0,1.0,1.0,A01
201400031968,2,7,0,0.0,2.0,1.0,13.0,A01
201400031968,0,7,0,0.0,2.0,1.0,1.0,B01
201400031969,0,7,0,0.0,2.0,2.0,0.0,B01
201400031969,0,1,0,0.0,2.0,2.0,0.0,A01
201400031970,0,7,0,0.0,2.0,1.0,9.0,A01
201400031970,0,7,0,0.0,0.0,4.0,23.0,B01
201400031971,0,7,0,0.0,2.0,1.0,2.0,B01
201400031971,0,7,0,9.0,2.0,7.0,9.0,A01
201400031972,0,7,0,0.0,2.0,7.0,19.0,A01
201400031972,0,37,3,0.0,2.0,2.0,2.0,B01
201400031973,0,7,0,14.0,0.0,1.0,1.0,A01
201400031974,0,2,0,0.0,2.0,1.0,1.0,A01
201400031974,0,7,0,0.0,9.0,3.0,1.0,B01
201400031975,0,7,0,0.0,1.0,1.0,1.0,B01
201400031976,0,7,0,0.0,1.0,1.0,15.0,A01
201400031977,0,7,0,0.0,1.0,2.0,1.0,A01
201400031978,0,7,0,8.0,0.0,2.0,0.0,A01
201400031978,0,7,0,0.0,2.0,3.0,0.0,B01
201400031979,0,7,0,6.0,1.0,4.0,4.0,A01
201400031980,0,17,0,0.0,1.0,7.0,1.0,A01
201400031981,2,7,0,1.0,0.0,1.0,1.0,A01
201400031982,0,7,0,0.0,9.0,2.0,2.0,A01
201400031982,0,30,0,0.0,2.0,4.0,1.0,B01
201400031983,0,33,0,3.0,0.0,0.0,0.0,A01
201400031984,0,7,0,0.0,2.0,2.0,1.0,C01
201400031984,0,7,0,8.0,2.0,1.0,1.0,A01
201400031985,0,7,0,0.0,1.0,6.0,1.0,A01
201400031986,0,2,0,0.0,2.0,0.0,1.0,A01
201400031986,0,2,0,0.0,2.0,0.0,1.0,B01
201400031987,0,7,0,0.0,1.0,1.0,1.0,A01
201400031988,0,7,0,0.0,2.0,8.0,1.0,B01
201400031988,0,7,0,0.0,2.0,1.0,1.0,A01
201400031989,0,7,0,0.0,1.0,8.0,21.0,A01
201400031990,0,7,0,0.0,9.0,4.0,20.0,A01
201400031990,0,1,0,0.0,2.0,1.0,2.0,B01
201400031991,0,7,0,0.0,1.0,3.0,1.0,A01
201400031992,0,7,0,0.0,9.0,5.0,1.0,A01
201400031992,0,33,0,0.0,2.0,1.0,2.0,B01
201400031993,0,7,0,0.0,1.0,7.0,0.0,A01
201400031994,0,30,0,0.0,0.0,0.0,1.0,A01
201400031994,0,2,0,0.0,0.0,0.0,1.0,B01
201400031995,0,7,0,0.0,2.0,1.0,1.0,B01
201400031995,0,7,0,0.0,2.0,3.0,15.0,A01
201400031996,0,7,0,0.0,1.0,1.0,1.0,A01
201400031997,0,2,0,0.0,2.0,0.0,0.0,A01
201400031997,0,13,0,0.0,0.0,7.0,1.0,B01
201400031997,0,13,0,0.0,0.0,8.0,1.0,C01
201400031998,0,7,0,0.0,2.0,1.0,1.0,A01
201400031998,0,7,0,0.0,2.0,4.0,2.0,B01
201400031998,0,7,0,0.0,2.0,1.0,1.0,C01
201400031999,0,7,0,0.0,1.0,7.0,16.0,A01
201400032000,0,7,0,0.0,2.0,1.0,1.0,A01
201400032000,0,7,0,0.0,2.0,1.0,13.0,B01
201400032001,0,7,0,0.0,1.0,2.0,1.0,A01
201400032002,0,39,0,0.0,1.0,1.0,1.0,A01
201400032003,0,7,0,0.0,2.0,1.0,1.0,A01
201400032003,0,7,0,0.0,2.0,2.0,15.0,B01
201400032004,0,7,0,0.0,2.0,3.0,9.0,A01
201400032004,0,30,0,0.0,0.0,1.0,1.0,B01
201400032005,0,7,0,0.0,1.0,1.0,1.0,A01
201400032006,0,30,0,0.0,2.0,1.0,17.0,A01
201400032006,0,33,0,0.0,2.0,8.0,1.0,B01
201400032007,0,7,0,0.0,1.0,1.0,0.0,A01
201400032008,0,3,0,1.0,0.0,0.0,1.0,A01
201400032009,0,7,0,0.0,2.0,8.0,0.0,B01
201400032009,0,33,0,0.0,2.0,1.0,0.0,A01
201400032010,0,7,0,0.0,2.0,4.0,0.0,B01
201400032010,0,7,0,0.0,2.0,1.0,2.0,A01
201400032011,0,2,0,0.0,2.0,1.0,1.0,B01
201400032011,0,7,0,0.0,2.0,3.0,0.0,A01
201400032012,0,7,0,0.0,1.0,1.0,1.0,A01
201400032013,0,14,0,0.0,2.0,0.0,9.0,A01
201400032013,0,38,53,0.0,2.0,7.0,1.0,B01
201400032014,0,7,0,0.0,1.0,1.0,0.0,A01
201400032015,0,2,0,1.0,0.0,1.0,0.0,A01
201400032016,0,31,0,0.0,0.0,1.0,1.0,A01
201400032016,0,7,0,0.0,0.0,7.0,1.0,B01
201400032017,0,7,0,0.0,1.0,3.0,1.0,A01
201400032018,0,7,0,0.0,2.0,1.0,5.0,A01
201400032018,0,30,0,0.0,2.0,1.0,1.0,B01
201400032019,0,7,0,0.0,0.0,0.0,1.0,B01
201400032019,0,7,0,0.0,2.0,1.0,1.0,A01
201400032020,0,7,0,0.0,1.0,1.0,1.0,A01
201400032021,0,7,0,0.0,1.0,2.0,1.0,A01
201400032022,0,7,0,9.0,2.0,0.0,13.0,A01
201400032022,0,7,0,0.0,2.0,8.0,1.0,B01
201400032022,0,7,0,0.0,2.0,6.0,15.0,C01
201400032023,0,1,0,0.0,2.0,0.0,16.0,B01
201400032023,0,3,0,0.0,2.0,3.0,0.0,A01
201400032024,0,7,0,0.0,0.0,3.0,1.0,A01
201400032024,0,30,0,0.0,0.0,7.0,1.0,B01
201400032025,0,7,0,0.0,2.0,7.0,1.0,A01
201400032025,0,2,0,0.0,2.0,1.0,1.0,B01
201400032026,0,7,0,1.0,2.0,1.0,0.0,A01
201400032027,0,30,0,0.0,0.0,0.0,1.0,B01
201400032027,0,7,0,0.0,2.0,1.0,0.0,A01
201400032028,0,33,0,0.0,0.0,0.0,9.0,A01
201400032029,0,7,0,0.0,2.0,7.0,1.0,B01
201400032029,0,7,0,0.0,2.0,1.0,9.0,A01
201400032030,0,1,0,0.0,2.0,1.0,15.0,A01
201400032030,0,7,0,0.0,2.0,2.0,1.0,B01
201400032031,0,7,0,0.0,1.0,1.0,1.0,A01
201400032032,0,7,0,0.0,2.0,2.0,1.0,A01
201400032032,0,30,0,0.0,0.0,1.0,0.0,B01
201400032033,0,7,0,0.0,2.0,2.0,15.0,A01
201400032033,0,1,0,0.0,2.0,1.0,15.0,B01
201400032034,0,7,0,0.0,2.0,5.0,0.0,A01
201400032034,0,7,0,0.0,2.0,1.0,0.0,B01
201400032035,0,7,0,0.0,2.0,0.0,16.0,A01
201400032035,0,7,0,0.0,2.0,1.0,1.0,B01
201400032036,1,7,0,0.0,2.0,2.0,15.0,A01
201400032036,0,30,0,0.0,2.0,1.0,1.0,B01
201400032037,0,7,0,0.0,1.0,1.0,2.0,A01
201400032038,0,33,0,0.0,2.0,1.0,1.0,A01
201400032038,0,7,0,0.0,2.0,4.0,1.0,B01
201400032039,0,7,0,0.0,2.0,1.0,0.0,A01
201400032039,0,7,0,0.0,2.0,2.0,1.0,B01
201400032040,0,7,0,0.0,2.0,2.0,15.0,A01
201400032040,0,31,0,0.0,2.0,1.0,1.0,B01
201400032041,0,7,0,0.0,1.0,1.0,1.0,A01
201400032042,0,7,0,0.0,2.0,2.0,15.0,A01
201400032042,0,30,0,0.0,2.0,1.0,1.0,B01
201400032043,0,7,0,0.0,1.0,2.0,1.0,A01
201400032044,0,33,0,0.0,0.0,2.0,0.0,A01
201400032045,0,2,0,1.0,0.0,2.0,1.0,A01
201400032046,0,2,0,0.0,2.0,3.0,1.0,B01
201400032046,0,7,0,0.0,2.0,1.0,1.0,A01
201400032047,0,7,0,0.0,2.0,5.0,0.0,A01
201400032047,0,33,0,0.0,2.0,7.0,0.0,B01
201400032047,0,7,0,0.0,0.0,6.0,0.0,C01
201400032048,0,7,0,0.0,2.0,1.0,19.0,A01
201400032048,0,15,0,0.0,2.0,1.0,0.0,B01
201400032049,0,2,0,0.0,2.0,1.0,0.0,A01
201400032049,0,7,0,0.0,2.0,2.0,0.0,B01
201400032050,0,7,0,0.0,1.0,7.0,2.0,A01
201400032051,0,2,0,0.0,1.0,1.0,0.0,A01
201400032052,0,7,0,0.0,1.0,2.0,0.0,A01
201400032053,0,33,0,0.0,2.0,3.0,1.0,B01
201400032053,0,7,0,0.0,2.0,3.0,13.0,A01
201400032054,0,7,0,0.0,9.0,3.0,9.0,A01
201400032054,0,1,0,0.0,2.0,7.0,1.0,B01
201400032055,0,7,0,0.0,1.0,2.0,17.0,A01
201400032056,0,30,0,0.0,0.0,3.0,0.0,A01
201400032057,0,7,0,11.0,0.0,3.0,2.0,A01
201400032058,0,2,0,0.0,2.0,1.0,2.0,A01
201400032058,0,7,0,0.0,2.0,3.0,16.0,B01
201400032059,0,7,0,0.0,2.0,7.0,5.0,A01
201400032059,0,10,0,0.0,2.0,1.0,1.0,B01
201400032060,0,7,0,0.0,1.0,2.0,2.0,A01
201400032061,0,7,0,0.0,1.0,2.0,1.0,A01
201400032062,0,7,0,0.0,1.0,0.0,20.0,B01
201400032063,0,7,0,0.0,0.0,4.0,4.0,A01
201400032063,0,2,0,0.0,0.0,7.0,0.0,B01
201400032064,0,7,0,0.0,0.0,1.0,0.0,A01
201400032065,0,7,0,0.0,1.0,1.0,15.0,A01
201400032066,0,7,0,0.0,1.0,7.0,1.0,A01
201400032067,0,7,0,0.0,2.0,1.0,21.0,A01
201400032067,0,7,0,0.0,2.0,1.0,21.0,B01
201400032068,0,7,0,0.0,1.0,3.0,0.0,A01
201400032069,0,7,0,0.0,2.0,3.0,1.0,A01
201400032069,0,7,0,0.0,2.0,7.0,19.0,B01
201400032070,0,7,0,0.0,1.0,1.0,2.0,A01
201400032071,0,7,0,0.0,0.0,8.0,2.0,B01
201400032071,0,2,0,0.0,2.0,6.0,2.0,A01
201400032072,0,7,0,0.0,1.0,1.0,1.0,A01
201400032073,0,30,0,0.0,2.0,1.0,1.0,A01
201400032073,0,7,0,0.0,2.0,2.0,1.0,B01
201400032074,0,7,0,0.0,1.0,2.0,2.0,A01
201400032075,0,7,0,6.0,2.0,7.0,1.0,A01
201400032075,0,7,0,0.0,2.0,1.0,0.0,B01
201400032076,0,7,0,2.0,0.0,3.0,1.0,A01
201400032077,0,7,0,0.0,2.0,1.0,19.0,A01
201400032077,0,7,0,0.0,2.0,7.0,1.0,B01
201400032078,0,7,0,2.0,0.0,7.0,1.0,A01
201400032079,0,10,0,0.0,1.0,1.0,0.0,A01
201400032080,0,30,0,0.0,0.0,2.0,1.0,A01
201400032081,0,7,0,0.0,1.0,1.0,2.0,A01
201400032082,0,7,0,6.0,2.0,6.0,19.0,B01
201400032082,0,7,0,0.0,2.0,2.0,1.0,A01
201400032083,0,1,0,0.0,0.0,3.0,0.0,B01
201400032083,0,7,0,0.0,9.0,8.0,0.0,A01
201400032084,0,10,0,0.0,0.0,5.0,0.0,A01
201400032084,0,7,0,0.0,2.0,3.0,2.0,B01
201400032085,0,30,0,0.0,0.0,7.0,1.0,B01
201400032085,0,7,0,0.0,0.0,1.0,1.0,A01
201400032086,0,7,0,1.0,0.0,4.0,4.0,A01
201400032087,0,7,0,0.0,0.0,7.0,1.0,A01
201400032087,0,2,0,0.0,0.0,1.0,1.0,B01
201400032088,0,7,0,0.0,0.0,8.0,1.0,B01
201400032088,0,7,0,0.0,0.0,3.0,0.0,C01
201400032088,0,7,0,0.0,0.0,1.0,1.0,A01
201400032089,0,7,0,0.0,1.0,6.0,4.0,A01
201400032090,0,7,0,0.0,2.0,1.0,15.0,A01
201400032090,0,30,0,0.0,2.0,1.0,23.0,B01
201400032091,0,7,0,6.0,0.0,1.0,9.0,A01
201400032092,0,7,0,0.0,2.0,2.0,1.0,B01
201400032092,0,7,0,0.0,2.0,1.0,1.0,A01
201400032093,0,30,0,8.0,0.0,1.0,14.0,A01
201400032094,0,7,0,0.0,2.0,6.0,15.0,A01
201400032094,0,33,0,0.0,2.0,1.0,1.0,B01
201400032095,0,34,0,0.0,2.0,1.0,1.0,A01
201400032095,0,7,0,0.0,2.0,8.0,9.0,B01
201400032096,0,7,0,9.0,0.0,1.0,1.0,A01
201400032097,0,7,0,0.0,2.0,1.0,1.0,A01
201400032097,0,7,0,0.0,0.0,0.0,0.0,B01
201400032098,0,7,0,0.0,2.0,2.0,1.0,A01
201400032098,0,7,0,0.0,2.0,4.0,1.0,B01
201400032099,0,1,0,0.0,0.0,0.0,1.0,A01
201400032100,0,7,0,0.0,1.0,0.0,0.0,A01
201400032101,0,7,0,0.0,2.0,1.0,1.0,A01
201400032101,0,7,0,8.0,2.0,2.0,1.0,B01
201400032102,0,7,0,0.0,2.0,1.0,13.0,A01
201400032102,0,7,0,1.0,2.0,1.0,1.0,B01
201400032103,0,7,0,1.0,1.0,2.0,1.0,A01
201400032104,0,7,0,0.0,2.0,3.0,1.0,A01
201400032104,0,7,0,0.0,2.0,3.0,1.0,B01
201400032105,1,99,0,0.0,0.0,0.0,0.0,Z01
201400032105,0,1,0,0.0,2.0,1.0,1.0,B01
201400032106,0,30,0,0.0,2.0,1.0,1.0,A01
201400032106,0,7,0,0.0,2.0,4.0,23.0,B01
201400032107,0,33,0,1.0,0.0,9.0,1.0,A01
201400032108,0,30,0,0.0,0.0,0.0,1.0,B01
201400032108,0,7,0,0.0,2.0,0.0,15.0,A01
201400032109,0,7,0,0.0,2.0,2.0,15.0,A01
201400032109,0,31,0,0.0,2.0,1.0,1.0,B01
201400032110,0,30,0,0.0,2.0,0.0,1.0,B01
201400032110,0,7,0,0.0,2.0,0.0,15.0,A01
201400032111,0,7,0,1.0,0.0,1.0,14.0,A01
201400032112,0,7,0,0.0,2.0,1.0,1.0,B01
201400032112,0,7,0,0.0,2.0,1.0,13.0,A01
201400032113,0,7,0,0.0,2.0,6.0,19.0,A01
201400032113,0,33,0,0.0,2.0,0.0,1.0,B01
201400032114,0,7,0,0.0,1.0,1.0,15.0,A01
201400032115,0,7,0,0.0,2.0,1.0,1.0,B01
201400032115,0,7,0,0.0,2.0,1.0,5.0,A01
201400032116,0,7,0,0.0,1.0,5.0,1.0,A01
201400032117,0,1,0,0.0,2.0,3.0,1.0,B01
201400032117,0,2,0,0.0,2.0,5.0,16.0,A01
201400032118,0,7,0,8.0,1.0,1.0,16.0,A01
201400032119,0,7,0,0.0,2.0,3.0,13.0,A01
201400032119,0,7,0,0.0,2.0,3.0,1.0,B01
201400032120,0,7,0,0.0,1.0,1.0,15.0,A01
201400032121,0,7,0,0.0,2.0,2.0,2.0,A01
201400032121,0,33,0,0.0,2.0,8.0,1.0,B01
201400032122,0,7,0,13.0,2.0,1.0,14.0,A01
201400032123,0,7,0,0.0,0.0,0.0,0.0,A01
201400032124,0,7,0,9.0,2.0,1.0,1.0,A01
201400032124,0,7,0,0.0,2.0,3.0,16.0,B01
201400032125,0,7,0,0.0,2.0,2.0,15.0,A01
201400032125,0,33,0,0.0,2.0,8.0,1.0,B01
201400032126,0,7,0,0.0,2.0,1.0,1.0,A01
201400032126,0,7,0,0.0,2.0,4.0,23.0,B01
201400032127,0,32,0,0.0,2.0,1.0,1.0,B01
201400032127,0,7,0,0.0,2.0,1.0,15.0,A01
201400032128,0,7,0,0.0,1.0,3.0,1.0,A01
201400032129,0,7,0,0.0,1.0,2.0,1.0,A01
201400032130,0,7,0,0.0,2.0,1.0,1.0,A01
201400032130,0,32,0,1.0,2.0,8.0,15.0,B01
201400032131,0,30,0,0.0,1.0,1.0,1.0,A01
201400032132,0,7,0,0.0,1.0,1.0,17.0,A01
201400032133,0,7,0,0.0,2.0,4.0,23.0,B01
201400032133,0,7,0,0.0,2.0,1.0,1.0,A01
201400032134,0,7,0,0.0,2.0,1.0,15.0,A01
201400032134,0,7,0,0.0,2.0,3.0,1.0,B01
201400032135,0,30,0,0.0,2.0,4.0,0.0,B01
201400032135,0,7,0,0.0,2.0,2.0,0.0,A01
201400032136,0,7,0,0.0,1.0,3.0,15.0,A01
201400032137,0,2,0,8.0,0.0,1.0,0.0,A01
201400032138,0,7,0,0.0,2.0,7.0,1.0,A01
201400032138,0,7,0,0.0,2.0,1.0,1.0,B01
201400032139,2,7,0,8.0,0.0,1.0,6.0,A01
201400032140,0,33,0,0.0,2.0,1.0,9.0,A01
201400032140,0,7,0,0.0,2.0,2.0,1.0,B01
201400032141,0,20,0,8.0,0.0,1.0,1.0,A01
201400032142,0,7,0,0.0,2.0,1.0,1.0,A01
201400032142,0,7,0,0.0,2.0,4.0,23.0,B01
201400032143,0,7,0,0.0,2.0,3.0,1.0,A01
201400032143,0,7,0,0.0,2.0,2.0,1.0,B01
201400032144,0,7,0,14.0,0.0,1.0,14.0,A01
201400032145,0,7,0,0.0,2.0,3.0,1.0,B01
201400032145,0,2,0,0.0,2.0,1.0,1.0,A01
201400032146,0,7,0,6.0,0.0,7.0,1.0,A01
201400032147,0,30,0,0.0,1.0,1.0,0.0,A01
201400032148,0,33,0,0.0,2.0,2.0,16.0,A01
201400032148,0,7,0,0.0,2.0,3.0,1.0,B01
201400032149,0,7,0,0.0,2.0,1.0,1.0,A01
201400032149,0,7,0,0.0,2.0,1.0,1.0,B01
201400032150,0,7,0,0.0,2.0,1.0,13.0,A01
201400032150,0,7,0,0.0,2.0,1.0,1.0,B01
201400032151,0,31,0,0.0,0.0,0.0,0.0,A01
201400032152,0,2,0,0.0,0.0,9.0,1.0,A01
201400032153,0,34,0,3.0,2.0,0.0,12.0,A01
201400032153,0,7,0,0.0,2.0,3.0,1.0,B01
201400032154,0,34,0,0.0,2.0,3.0,15.0,B01
201400032154,0,7,0,0.0,2.0,3.0,15.0,A01
201400032155,0,7,0,0.0,2.0,3.0,1.0,B01
201400032155,0,7,0,0.0,2.0,7.0,15.0,A01
201400032156,0,7,0,0.0,2.0,7.0,15.0,A01
201400032156,0,10,0,0.0,2.0,1.0,1.0,B01
201400032157,1,7,0,0.0,2.0,2.0,14.0,Z01
201400032157,0,1,0,0.0,2.0,4.0,1.0,B01
201400032158,0,7,0,0.0,1.0,3.0,21.0,A01
201400032159,0,7,0,0.0,2.0,8.0,15.0,B01
201400032159,0,32,0,0.0,2.0,7.0,17.0,A01
201400032160,0,31,0,0.0,2.0,7.0,1.0,B01
201400032160,0,7,0,0.0,2.0,1.0,9.0,A01
201400032161,0,7,0,0.0,2.0,1.0,9.0,A01
201400032161,0,31,0,0.0,2.0,7.0,1.0,B01
201400032162,0,7,0,0.0,1.0,1.0,1.0,A01
201400032163,0,7,0,0.0,0.0,1.0,15.0,A01
201400032163,0,7,0,0.0,2.0,2.0,1.0,B01
201400032164,0,33,0,0.0,2.0,7.0,1.0,A01
201400032164,0,7,0,0.0,0.0,5.0,19.0,B01
201400032165,0,7,0,0.0,2.0,2.0,15.0,A01