Num_Acc,senc,catv,occutc,obs,obsm,choc,manv,num_veh
201400032165,0,31,0,0.0,2.0,1.0,1.0,B01
201400032166,0,7,0,0.0,2.0,1.0,2.0,A01
201400032166,0,7,0,0.0,0.0,4.0,2.0,B01
201400032166,0,7,0,0.0,0.0,4.0,2.0,C01
201400032167,0,7,0,1.0,1.0,2.0,1.0,A01
201400032168,0,31,0,0.0,2.0,1.0,2.0,A01
201400032168,0,7,0,0.0,2.0,7.0,15.0,B01
201400032169,0,7,0,0.0,0.0,5.0,1.0,A01
201400032169,0,37,4,0.0,2.0,2.0,1.0,B01
201400032170,0,7,0,0.0,2.0,6.0,11.0,A01
201400032170,0,33,0,0.0,2.0,2.0,1.0,B01
201400032171,0,7,0,0.0,2.0,8.0,11.0,A01
201400032171,0,10,0,0.0,2.0,1.0,1.0,B01
201400032172,0,7,0,6.0,0.0,9.0,1.0,A01
201400032173,0,10,0,0.0,2.0,6.0,2.0,A01
201400032173,0,14,0,0.0,2.0,3.0,2.0,B01
201400032174,0,7,0,0.0,2.0,1.0,13.0,A01
201400032174,0,7,0,0.0,2.0,3.0,1.0,B01
201400032175,0,7,0,0.0,2.0,1.0,1.0,A01
201400032175,0,7,0,0.0,2.0,1.0,1.0,B01
201400032176,0,7,0,0.0,0.0,1.0,14.0,A01
201400032177,0,7,0,0.0,1.0,1.0,1.0,A01
201400032178,1,7,0,0.0,0.0,0.0,0.0,Z01
201400032178,0,2,0,0.0,0.0,1.0,1.0,B01
201400032179,0,7,0,1.0,0.0,9.0,0.0,A01
201400032180,0,7,0,0.0,2.0,1.0,13.0,A01
201400032180,0,7,0,0.0,2.0,3.0,1.0,B01
201400032180,0,7,0,0.0,2.0,1.0,1.0,C01
201400032181,0,7,0,0.0,2.0,1.0,15.0,B01
201400032181,0,7,0,0.0,2.0,8.0,1.0,A01
201400032182,0,7,0,0.0,1.0,3.0,1.0,A01
201400032183,0,7,0,0.0,2.0,5.0,15.0,A01
201400032183,0,2,0,0.0,2.0,1.0,1.0,Z01
201400032184,0,7,0,0.0,1.0,2.0,1.0,A01
201400032185,0,7,0,0.0,0.0,9.0,1.0,A01
201400032186,0,1,0,0.0,2.0,1.0,1.0,B01
201400032186,0,7,0,0.0,2.0,1.0,9.0,A01
201400032187,0,7,0,0.0,2.0,7.0,1.0,B01
201400032187,0,7,0,0.0,2.0,1.0,1.0,A01
201400032188,0,7,0,0.0,2.0,6.0,4.0,A01
201400032188,0,30,0,0.0,0.0,0.0,0.0,B01
201400032189,0,7,0,0.0,2.0,1.0,1.0,A01
201400032189,0,7,0,0.0,2.0,2.0,1.0,B01
201400032190,0,7,0,9.0,2.0,1.0,1.0,A01
201400032190,0,7,0,0.0,2.0,3.0,1.0,B01
201400032191,0,7,0,0.0,2.0,3.0,1.0,A01
201400032191,0,7,0,0.0,2.0,3.0,1.0,B01
201400032192,0,7,0,0.0,1.0,3.0,1.0,A01
201400032193,0,2,0,0.0,1.0,1.0,1.0,A01
201400032194,0,7,0,0.0,1.0,1.0,0.0,A01
201400032195,0,7,0,0.0,2.0,1.0,15.0,A01
201400032195,0,7,0,0.0,0.0,8.0,1.0,B01
201400032196,0,7,0,0.0,2.0,2.0,17.0,A01
201400032196,0,34,0,0.0,2.0,1.0,1.0,B01
201400032197,0,7,0,0.0,2.0,1.0,1.0,A01
201400032197,0,7,0,3.0,0.0,7.0,1.0,B01
201400032198,0,7,0,6.0,0.0,1.0,16.0,A01
201400032199,0,1,0,12.0,0.0,1.0,0.0,A01
201400032200,0,7,0,0.0,1.0,1.0,15.0,A01
201400032201,0,7,0,0.0,0.0,0.0,1.0,A01
201400032202,0,7,0,0.0,1.0,1.0,1.0,A01
201400032203,0,7,0,0.0,2.0,1.0,1.0,A01
201400032203,0,7,0,6.0,2.0,1.0,1.0,B01
201400032204,0,7,0,14.0,0.0,1.0,2.0,A01
201400032204,0,7,0,0.0,0.0,4.0,23.0,B01
201400032205,0,1,0,0.0,0.0,0.0,0.0,A01
201400032206,0,7,0,0.0,1.0,3.0,15.0,A01
201400032207,0,7,0,0.0,2.0,2.0,1.0,A01
201400032207,0,7,0,0.0,2.0,3.0,15.0,B01
201400032208,0,33,0,0.0,2.0,1.0,2.0,A01
201400032208,0,7,0,0.0,0.0,4.0,2.0,B01
201400032209,0,7,0,0.0,2.0,1.0,1.0,B01
201400032209,0,7,0,0.0,2.0,3.0,1.0,A01
201400032210,0,7,0,0.0,1.0,3.0,1.0,A01
201400032211,0,7,0,0.0,2.0,1.0,2.0,A01
201400032211,0,7,0,0.0,0.0,4.0,2.0,B01
201400032212,0,2,0,0.0,2.0,4.0,0.0,B01
201400032212,1,7,0,0.0,2.0,1.0,16.0,Z01
201400032213,0,7,0,0.0,2.0,8.0,15.0,A01
201400032213,0,2,0,0.0,2.0,7.0,17.0,B01
201400032214,0,7,0,0.0,2.0,1.0,13.0,A01
201400032214,0,7,0,0.0,2.0,1.0,0.0,B01
201400032215,0,34,0,0.0,0.0,0.0,0.0,A01
201400032216,0,7,0,0.0,2.0,5.0,19.0,A01
201400032216,0,20,0,0.0,2.0,1.0,1.0,B01
201400032216,0,10,0,0.0,2.0,3.0,23.0,C01
201400032217,0,10,0,0.0,1.0,1.0,1.0,A01
201400032218,0,7,0,0.0,0.0,7.0,15.0,A01
201400032218,0,33,0,0.0,2.0,1.0,1.0,B01
201400032219,1,7,0,7.0,1.0,2.0,1.0,Z01
201400032220,0,7,0,0.0,0.0,0.0,1.0,A01
201400032220,0,33,0,0.0,0.0,0.0,1.0,B01
201400032221,0,7,0,0.0,0.0,6.0,10.0,A01
201400032221,0,7,0,0.0,2.0,1.0,17.0,B01
201400032222,0,3,0,0.0,2.0,3.0,13.0,A01
201400032222,0,7,0,0.0,2.0,3.0,1.0,B01
201400032223,0,7,0,0.0,2.0,3.0,15.0,A01
201400032223,0,33,0,0.0,0.0,6.0,1.0,B01
201400032224,0,7,0,0.0,2.0,7.0,2.0,B01
201400032224,0,7,0,0.0,2.0,1.0,1.0,A01
201400032225,0,7,0,0.0,1.0,3.0,1.0,A01
201400032226,0,10,0,0.0,2.0,3.0,11.0,A01
201400032226,0,10,0,0.0,2.0,8.0,1.0,B01
201400032227,0,7,0,0.0,2.0,2.0,1.0,B01
201400032227,0,7,0,0.0,2.0,2.0,5.0,A01
201400032228,0,7,0,0.0,1.0,0.0,0.0,A01
201400032229,0,99,0,0.0,1.0,6.0,4.0,A01
201400032230,0,30,0,0.0,0.0,4.0,2.0,B01
201400032230,1,7,0,0.0,9.0,1.0,1.0,Z01
201400032231,0,7,0,0.0,0.0,3.0,21.0,A01
201400032231,0,7,0,0.0,0.0,6.0,16.0,B01
201400032232,0,7,0,0.0,0.0,1.0,2.0,A01
201400032232,0,7,0,0.0,0.0,4.0,2.0,B01
201400032232,0,7,0,0.0,0.0,4.0,2.0,C01
201400032233,0,20,0,0.0,1.0,7.0,20.0,A01
201400032234,0,13,0,0.0,1.0,2.0,19.0,A01
201400032235,0,7,0,0.0,2.0,2.0,15.0,A01
201400032235,0,33,0,0.0,2.0,1.0,1.0,B01
201400032236,0,7,0,0.0,2.0,2.0,17.0,A01
201400032236,0,2,0,0.0,2.0,6.0,15.0,B01
201400032237,1,99,0,0.0,0.0,0.0,0.0,Z01
201400032237,0,7,0,0.0,2.0,4.0,4.0,A01
201400032237,1,10,0,0.0,0.0,0.0,0.0,X01
201400032238,0,2,0,0.0,2.0,1.0,1.0,B01
201400032238,0,34,0,0.0,2.0,1.0,15.0,A01
201400032239,0,7,0,0.0,2.0,1.0,1.0,A01
201400032239,0,7,0,0.0,2.0,4.0,1.0,B01
201400032240,0,7,0,0.0,2.0,1.0,13.0,A01
201400032240,0,7,0,0.0,2.0,1.0,1.0,B01
201400032240,0,7,0,0.0,2.0,3.0,1.0,C01
201400032241,0,7,0,0.0,1.0,1.0,1.0,A01
201400032242,1,7,0,0.0,1.0,0.0,0.0,Z01
201400032243,0,7,0,0.0,1.0,8.0,1.0,A01
201400032244,0,1,0,0.0,2.0,4.0,0.0,B01
201400032244,0,3,0,0.0,2.0,3.0,9.0,A01
201400032245,0,7,0,0.0,2.0,2.0,14.0,A01
201400032245,0,1,0,0.0,2.0,4.0,1.0,B01
201400032246,0,10,0,0.0,1.0,3.0,1.0,A01
201400032247,0,33,0,0.0,2.0,1.0,17.0,A01
201400032247,0,14,0,0.0,2.0,3.0,15.0,B01
201400032248,0,7,0,0.0,1.0,1.0,15.0,A01
201400032249,0,7,0,0.0,1.0,7.0,1.0,A01
201400032250,0,7,0,0.0,2.0,3.0,13.0,A01
201400032250,0,7,0,0.0,2.0,1.0,1.0,B01
201400032251,0,10,0,0.0,1.0,1.0,0.0,A01
201400032252,0,7,0,0.0,2.0,4.0,23.0,D01
201400032252,0,7,0,0.0,2.0,6.0,23.0,C01
201400032252,0,7,0,0.0,2.0,3.0,2.0,A01
201400032252,0,7,0,0.0,2.0,5.0,23.0,B01
201400032253,0,7,0,3.0,0.0,1.0,1.0,A01
201400032254,0,2,0,12.0,0.0,1.0,7.0,A01
201400032255,0,1,0,0.0,0.0,0.0,15.0,A01
201400032256,0,2,0,0.0,2.0,1.0,17.0,A01
201400032256,0,7,0,0.0,2.0,8.0,15.0,B01
201400032257,0,30,0,0.0,2.0,2.0,1.0,B01
201400032257,0,7,0,0.0,0.0,3.0,16.0,A01
201400032258,0,30,0,0.0,2.0,1.0,1.0,B01
201400032258,0,7,0,0.0,2.0,7.0,15.0,A01
201400032259,0,7,0,0.0,2.0,7.0,15.0,A01
201400032259,0,33,0,0.0,2.0,1.0,1.0,B01
201400032260,0,31,0,0.0,2.0,1.0,1.0,B01
201400032260,0,7,0,0.0,0.0,3.0,15.0,A01
201400032261,0,33,0,0.0,1.0,2.0,16.0,A01
201400032262,0,7,0,0.0,2.0,5.0,15.0,A01
201400032262,0,30,0,0.0,2.0,1.0,16.0,B01
201400032263,0,7,0,0.0,2.0,2.0,15.0,A01
201400032263,0,32,0,0.0,2.0,1.0,1.0,B01
201400032264,0,31,0,0.0,2.0,0.0,2.0,A01
201400032265,0,2,0,0.0,2.0,1.0,15.0,A01
201400032265,0,7,0,0.0,2.0,2.0,1.0,B01
201400032266,0,33,0,1.0,2.0,2.0,1.0,B01
201400032266,0,10,0,0.0,2.0,1.0,16.0,A01
201400032267,0,7,0,0.0,2.0,8.0,1.0,C01
201400032267,0,7,0,0.0,2.0,3.0,17.0,A01
201400032267,0,7,0,0.0,2.0,3.0,1.0,B01
201400032268,0,30,0,0.0,2.0,1.0,2.0,A01
201400032268,0,7,0,0.0,0.0,4.0,23.0,B01
201400032269,0,7,0,0.0,2.0,3.0,10.0,A01
201400032269,0,32,0,0.0,2.0,1.0,17.0,B01
201400032270,0,7,0,0.0,1.0,2.0,1.0,A01
201400032271,0,33,0,0.0,0.0,7.0,16.0,A01
201400032272,0,7,0,0.0,0.0,3.0,15.0,B01
201400032272,0,7,0,0.0,2.0,3.0,1.0,A01
201400032273,0,7,0,0.0,2.0,2.0,15.0,A01
201400032273,0,2,0,0.0,2.0,1.0,1.0,B01
201400032274,0,7,0,0.0,0.0,6.0,23.0,C01
201400032274,0,7,0,0.0,2.0,3.0,23.0,B01
201400032274,0,33,0,11.0,0.0,1.0,1.0,A01
201400032275,0,31,0,0.0,2.0,1.0,1.0,B01
201400032275,0,7,0,0.0,0.0,7.0,15.0,A01
201400032276,0,14,0,0.0,2.0,1.0,1.0,B01
201400032276,0,33,0,0.0,2.0,1.0,19.0,A01
201400032277,0,7,0,0.0,0.0,4.0,1.0,B01
201400032277,0,7,0,0.0,2.0,1.0,1.0,A01
201400032278,0,7,0,0.0,2.0,3.0,19.0,A01
201400032278,0,2,0,0.0,2.0,1.0,1.0,B01
201400032279,0,7,0,0.0,0.0,3.0,22.0,A01
201400032279,0,1,0,1.0,0.0,1.0,1.0,B01
201400032280,0,1,0,0.0,2.0,4.0,7.0,B01
201400032280,0,7,0,8.0,2.0,1.0,1.0,A01
201400032281,0,1,0,16.0,0.0,0.0,1.0,A01
201400032282,0,2,0,0.0,2.0,1.0,7.0,A01
201400032282,0,7,0,0.0,0.0,5.0,16.0,B01
201400032283,0,33,0,0.0,2.0,1.0,13.0,A01
201400032283,0,7,0,0.0,2.0,8.0,15.0,B01
201400032284,0,7,0,0.0,0.0,6.0,15.0,A01
201400032284,0,33,0,0.0,2.0,1.0,17.0,B01
201400032285,0,31,0,0.0,2.0,1.0,7.0,A01
201400032285,0,7,0,0.0,0.0,4.0,16.0,B01
201400032286,0,2,0,0.0,0.0,8.0,1.0,A01
201400032287,0,33,0,0.0,0.0,8.0,1.0,A01
201400032288,0,7,0,0.0,2.0,3.0,1.0,B01
201400032288,0,34,0,0.0,2.0,1.0,13.0,A01
201400032289,0,7,0,0.0,2.0,4.0,23.0,B01
201400032289,0,7,0,0.0,2.0,1.0,2.0,A01
201400032290,0,7,0,0.0,0.0,8.0,1.0,C01
201400032290,0,7,0,0.0,2.0,3.0,1.0,B01
201400032290,0,33,0,0.0,2.0,1.0,16.0,A01
201400032291,0,32,0,12.0,0.0,1.0,14.0,A01
201400032292,0,7,0,0.0,2.0,4.0,2.0,B01
201400032292,0,2,0,0.0,2.0,1.0,2.0,A01
201400032293,0,2,0,12.0,0.0,0.0,13.0,A01
201400032294,0,31,0,0.0,5.0,1.0,21.0,B01
201400032295,0,7,0,0.0,2.0,2.0,1.0,B01
201400032295,0,7,0,0.0,2.0,3.0,19.0,A01
201400032296,0,7,0,0.0,0.0,1.0,15.0,A01
201400032296,0,33,0,0.0,2.0,1.0,17.0,B01
201400032297,0,7,0,12.0,0.0,9.0,1.0,A01
201400032298,0,7,0,0.0,2.0,4.0,2.0,B01
201400032298,0,7,0,0.0,2.0,4.0,2.0,C01
201400032298,0,7,0,0.0,2.0,1.0,2.0,A01
201400032299,0,7,0,0.0,0.0,6.0,2.0,B01
201400032299,0,2,0,0.0,2.0,1.0,2.0,A01
201400032300,0,7,0,0.0,2.0,1.0,1.0,A01
201400032300,0,7,0,0.0,2.0,6.0,19.0,B01
201400032301,0,7,0,7.0,2.0,1.0,17.0,A01
201400032301,0,7,0,0.0,2.0,2.0,1.0,B01
201400032302,0,30,0,6.0,0.0,7.0,1.0,A01
201400032303,0,32,0,0.0,2.0,1.0,23.0,B01
201400032303,0,3,0,0.0,2.0,3.0,13.0,A01
201400032304,0,2,0,9.0,0.0,1.0,14.0,A01
201400032305,0,2,0,0.0,2.0,1.0,1.0,B01
201400032305,0,7,0,0.0,0.0,7.0,1.0,A01
201400032306,0,2,0,0.0,0.0,0.0,21.0,A01
201400032307,0,7,0,0.0,2.0,3.0,13.0,A01
201400032307,0,10,0,0.0,2.0,2.0,1.0,C01
201400032307,0,30,0,0.0,2.0,1.0,1.0,B01
201400032308,0,7,0,0.0,2.0,2.0,16.0,B01
201400032308,0,2,0,0.0,2.0,1.0,7.0,A01
201400032309,0,2,0,0.0,0.0,0.0,16.0,A01
201400032310,0,33,0,0.0,2.0,1.0,1.0,B01
201400032310,0,7,0,0.0,0.0,7.0,10.0,A01
201400032311,0,7,0,0.0,2.0,7.0,16.0,A01
201400032311,0,33,0,0.0,2.0,1.0,21.0,B01
201400032312,0,33,0,12.0,0.0,1.0,0.0,A01
201400032313,0,33,0,14.0,0.0,1.0,17.0,A01
201400032314,0,10,0,0.0,0.0,3.0,15.0,B01
201400032314,0,2,0,0.0,2.0,1.0,17.0,A01
201400032315,0,31,0,15.0,0.0,1.0,15.0,A01
201400032316,0,30,0,0.0,2.0,1.0,2.0,A01
201400032316,0,30,0,0.0,0.0,4.0,23.0,B01
201400032317,1,7,0,0.0,1.0,0.0,0.0,Z01
201400032318,0,33,0,0.0,2.0,7.0,17.0,A01
201400032318,0,7,0,0.0,0.0,8.0,15.0,B01
201400032319,0,7,0,0.0,2.0,1.0,1.0,A01
201400032319,0,7,0,0.0,1.0,4.0,23.0,B01
201400032320,0,7,0,4.0,0.0,3.0,21.0,A01
201400032321,0,7,0,0.0,2.0,3.0,15.0,A01
201400032321,0,2,0,0.0,2.0,1.0,17.0,B01
201400032322,0,30,0,11.0,0.0,1.0,1.0,A01
201400032323,0,7,0,0.0,2.0,3.0,15.0,B01
201400032323,0,33,0,0.0,2.0,1.0,17.0,A01
201400032324,0,31,0,0.0,0.0,0.0,1.0,B01
201400032324,0,17,0,0.0,0.0,0.0,1.0,A01
201400032325,0,10,0,0.0,2.0,3.0,1.0,C01
201400032325,0,7,0,0.0,2.0,3.0,16.0,B01
201400032325,0,7,0,0.0,2.0,9.0,16.0,A01
201400032326,0,2,0,0.0,2.0,1.0,1.0,B01
201400032326,0,10,0,0.0,2.0,7.0,15.0,A01
201400032327,0,7,0,0.0,2.0,2.0,21.0,B01
201400032327,0,2,0,0.0,2.0,8.0,19.0,A01
201400032328,0,32,0,0.0,0.0,7.0,21.0,A01
201400032329,0,2,0,0.0,0.0,8.0,1.0,A01
201400032330,0,7,0,0.0,2.0,3.0,1.0,B01
201400032330,0,33,0,0.0,2.0,5.0,16.0,A01
201400032331,0,33,0,0.0,2.0,1.0,1.0,A01
201400032331,0,7,0,0.0,0.0,5.0,14.0,B01
201400032332,0,33,0,0.0,0.0,0.0,0.0,A01
201400032333,0,2,0,0.0,1.0,1.0,1.0,A01
201400032334,0,10,0,0.0,2.0,1.0,9.0,B01
201400032334,0,7,0,0.0,0.0,4.0,9.0,A01
201400032335,0,7,0,1.0,0.0,1.0,14.0,A01
201400032336,0,7,0,0.0,2.0,3.0,17.0,B01
201400032336,0,7,0,0.0,2.0,3.0,1.0,C01
201400032336,0,2,0,0.0,2.0,1.0,17.0,A01
201400032337,0,7,0,0.0,0.0,0.0,15.0,A01
201400032337,0,7,0,7.0,0.0,8.0,21.0,B01
201400032338,0,30,0,0.0,0.0,0.0,1.0,A01
201400032339,0,7,0,0.0,1.0,0.0,1.0,A01
201400032340,0,30,0,0.0,2.0,3.0,1.0,B01
201400032340,0,7,0,0.0,2.0,1.0,15.0,A01
201400032341,0,30,0,0.0,0.0,0.0,1.0,A01
201400032342,0,33,0,0.0,0.0,7.0,1.0,A01
201400032343,0,7,0,0.0,2.0,7.0,14.0,A01
201400032343,0,30,0,0.0,2.0,7.0,7.0,B01
201400032344,0,7,0,0.0,2.0,5.0,16.0,B01
201400032344,0,31,0,0.0,2.0,1.0,7.0,A01
201400032345,0,30,0,0.0,2.0,1.0,2.0,A01
201400032345,0,30,0,0.0,0.0,4.0,2.0,B01
201400032346,0,7,0,0.0,1.0,2.0,1.0,A01
201400032347,0,2,0,0.0,2.0,1.0,7.0,A01
201400032347,0,7,0,0.0,0.0,6.0,9.0,B01
201400032348,0,2,0,0.0,0.0,0.0,1.0,A01
201400032349,0,7,0,0.0,1.0,0.0,1.0,A01
201400032350,0,7,0,0.0,0.0,6.0,15.0,B01
201400032350,0,1,0,0.0,2.0,1.0,1.0,A01
201400032351,0,7,0,0.0,2.0,1.0,15.0,A01
201400032351,0,33,0,0.0,2.0,1.0,1.0,B01
201400032352,0,7,0,0.0,1.0,7.0,1.0,A01
201400032353,0,7,0,0.0,0.0,6.0,11.0,A01
201400032353,0,30,0,0.0,2.0,2.0,1.0,B01
201400032353,0,7,0,0.0,0.0,3.0,1.0,C01
201400032354,0,33,0,0.0,0.0,8.0,0.0,A01
201400032355,0,10,0,0.0,2.0,7.0,16.0,B01
201400032355,0,2,0,0.0,2.0,0.0,7.0,A01
201400032356,0,2,0,0.0,2.0,1.0,1.0,B01
201400032356,0,7,0,0.0,2.0,2.0,0.0,A01
201400032357,0,10,0,13.0,0.0,2.0,0.0,A01
201400032358,0,2,0,0.0,2.0,3.0,1.0,B01
201400032358,0,7,0,0.0,0.0,2.0,12.0,A01
201400032359,0,7,0,0.0,2.0,3.0,15.0,B01
201400032359,0,2,0,0.0,2.0,8.0,1.0,A01
201400032360,0,1,0,0.0,1.0,1.0,0.0,A01
201400032361,0,2,0,0.0,2.0,8.0,2.0,A01
201400032361,1,7,0,0.0,2.0,7.0,14.0,Z01
201400032362,0,31,0,0.0,0.0,8.0,21.0,A01
201400032363,0,2,0,11.0,0.0,1.0,1.0,A01
201400032364,0,2,0,0.0,2.0,1.0,7.0,A01
201400032364,0,7,0,0.0,0.0,6.0,7.0,B01
201400032365,0,7,0,0.0,2.0,1.0,21.0,A01
201400032365,0,7,0,0.0,2.0,4.0,23.0,B01
201400032365,0,7,0,0.0,2.0,5.0,23.0,C01
201400032366,0,1,0,14.0,0.0,0.0,1.0,A01
201400032367,0,7,0,0.0,0.0,8.0,1.0,B01
201400032367,0,7,0,0.0,1.0,8.0,1.0,A01
201400032368,0,33,0,0.0,0.0,8.0,1.0,A01
201400032369,0,7,0,0.0,0.0,3.0,9.0,A01
201400032369,0,2,0,0.0,2.0,1.0,1.0,B01
201400032370,0,2,0,0.0,2.0,4.0,23.0,B01
201400032370,0,7,0,0.0,2.0,1.0,2.0,A01
201400032371,0,7,0,0.0,2.0,1.0,1.0,B01
201400032371,0,10,0,0.0,0.0,1.0,13.0,A01
201400032372,0,7,0,0.0,2.0,1.0,13.0,A01
201400032372,0,7,0,0.0,2.0,1.0,1.0,B01
201400032373,0,7,0,0.0,2.0,8.0,13.0,A01
201400032373,1,2,0,0.0,2.0,1.0,17.0,Z01
201400032374,0,10,0,0.0,1.0,4.0,4.0,A01
201400032375,0,10,0,0.0,9.0,2.0,1.0,B01
201400032375,0,30,0,0.0,2.0,8.0,9.0,A01
201400032376,0,7,0,0.0,9.0,2.0,1.0,B01
201400032376,0,2,0,0.0,2.0,1.0,9.0,A01
201400032377,0,1,0,14.0,0.0,7.0,13.0,A01
201400032378,0,7,0,0.0,2.0,3.0,9.0,A01
201400032378,0,1,0,0.0,2.0,2.0,1.0,B01
201400032379,0,31,0,0.0,2.0,1.0,1.0,A01
201400032379,0,10,0,0.0,2.0,6.0,1.0,B01
201400032380,0,33,0,2.0,0.0,0.0,1.0,A01
201400032381,0,7,0,0.0,2.0,6.0,2.0,B01
201400032381,0,33,0,0.0,2.0,1.0,2.0,A01
201400032382,0,2,0,0.0,9.0,1.0,2.0,A01
201400032382,0,2,0,0.0,9.0,4.0,23.0,B01
201400032383,0,2,0,0.0,0.0,0.0,2.0,A01
201400032384,0,7,0,0.0,2.0,3.0,15.0,B01
201400032384,0,31,0,0.0,2.0,2.0,17.0,A01
201400032385,0,33,0,0.0,2.0,1.0,2.0,A01
201400032385,0,33,0,0.0,2.0,5.0,15.0,B01
201400032386,0,2,0,0.0,0.0,8.0,0.0,A01
201400032387,0,7,0,0.0,2.0,1.0,5.0,A01
201400032387,0,7,0,0.0,2.0,1.0,1.0,B01
201400032388,0,7,0,0.0,1.0,1.0,15.0,A01
201400032389,0,30,0,0.0,0.0,1.0,0.0,A01
201400032390,0,7,0,0.0,2.0,8.0,13.0,A01
201400032390,0,2,0,0.0,2.0,1.0,1.0,B01
201400032391,0,2,0,0.0,0.0,8.0,1.0,B01
201400032391,0,7,0,0.0,0.0,0.0,14.0,A01
201400032392,0,2,0,15.0,0.0,0.0,1.0,A01
201400032393,0,7,0,1.0,0.0,1.0,14.0,A01
201400032394,0,31,0,14.0,0.0,0.0,0.0,A01
201400032395,0,7,0,0.0,2.0,4.0,23.0,B01
201400032395,0,2,0,0.0,2.0,1.0,2.0,A01
201400032396,0,31,0,0.0,0.0,7.0,1.0,A01
201400032397,0,1,0,0.0,2.0,1.0,1.0,B01
201400032397,0,7,0,0.0,9.0,3.0,9.0,A01
201400032398,0,7,0,0.0,0.0,4.0,2.0,B01
201400032398,0,2,0,0.0,2.0,1.0,2.0,A01
201400032399,0,7,0,0.0,2.0,1.0,1.0,D01
201400032399,0,7,0,0.0,2.0,9.0,1.0,C01
201400032399,0,7,0,0.0,2.0,1.0,5.0,A01
201400032399,0,7,0,0.0,2.0,6.0,1.0,B01
201400032400,0,7,0,0.0,2.0,6.0,10.0,A01
201400032400,0,2,0,0.0,2.0,1.0,17.0,B01
201400032401,0,7,0,0.0,0.0,3.0,2.0,A01
201400032401,0,7,0,0.0,0.0,4.0,2.0,B01
201400032402,0,7,0,0.0,0.0,4.0,2.0,B01
201400032402,0,7,0,0.0,0.0,3.0,2.0,A01
201400032403,0,7,0,0.0,1.0,3.0,1.0,A01
201400032404,0,2,0,13.0,0.0,1.0,0.0,A01
201400032405,0,7,0,0.0,2.0,3.0,15.0,A01
201400032405,0,33,0,0.0,2.0,7.0,17.0,B01
201400032406,0,33,0,0.0,1.0,7.0,1.0,A01
201400032407,0,7,0,0.0,1.0,1.0,15.0,A01
201400032408,0,2,0,15.0,0.0,1.0,15.0,A01
201400032409,0,7,0,0.0,2.0,3.0,1.0,C01
201400032409,0,7,0,0.0,2.0,9.0,17.0,A01
201400032409,0,7,0,0.0,2.0,6.0,1.0,B01
201400032410,0,2,0,0.0,2.0,1.0,17.0,A01
201400032410,0,7,0,0.0,2.0,6.0,15.0,B01
201400032411,0,2,0,0.0,2.0,1.0,1.0,B01
201400032411,0,7,0,0.0,2.0,7.0,15.0,A01
201400032412,0,2,0,0.0,2.0,1.0,17.0,B01
201400032412,0,10,0,0.0,9.0,2.0,9.0,A01
201400032413,0,33,0,14.0,0.0,8.0,6.0,A01
201400032414,0,33,0,0.0,2.0,7.0,17.0,A01
201400032414,0,7,0,0.0,9.0,3.0,1.0,B01
201400032415,0,7,0,0.0,9.0,3.0,13.0,A01
201400032415,0,33,0,0.0,2.0,1.0,17.0,B01
201400032416,0,31,0,0.0,0.0,8.0,1.0,A01
201400032417,0,1,0,0.0,2.0,1.0,15.0,A01
201400032417,0,7,0,0.0,9.0,2.0,1.0,B01
201400032418,0,7,0,0.0,0.0,8.0,1.0,B01
201400032418,0,33,0,0.0,0.0,0.0,0.0,A01
201400032419,0,7,0,15.0,0.0,3.0,0.0,A01
201400032420,0,33,0,0.0,0.0,7.0,1.0,A01
201400032421,0,7,0,0.0,1.0,0.0,0.0,A01
201400032422,0,7,0,0.0,1.0,8.0,15.0,A01
201400032423,1,7,0,0.0,9.0,0.0,0.0,Z01
201400032423,0,31,0,0.0,2.0,8.0,2.0,A01
201400032424,0,33,0,0.0,2.0,1.0,17.0,B01
201400032424,0,7,0,0.0,9.0,1.0,9.0,A01
201400032425,0,1,0,0.0,2.0,1.0,1.0,B01
201400032425,0,7,0,0.0,9.0,1.0,15.0,A01
201400032426,0,7,0,6.0,0.0,1.0,1.0,A01
201400032427,0,34,0,0.0,2.0,1.0,1.0,B01
201400032427,0,7,0,0.0,9.0,1.0,15.0,A01
201400032428,0,30,0,0.0,2.0,1.0,17.0,B01
201400032428,0,10,0,0.0,9.0,1.0,9.0,A01
201400032429,0,7,0,0.0,1.0,3.0,15.0,A01
201400032430,0,7,0,0.0,1.0,3.0,1.0,A01
201400032431,0,33,0,0.0,2.0,2.0,17.0,A01
201400032431,0,7,0,0.0,2.0,3.0,15.0,B01
201400032432,0,7,0,0.0,2.0,1.0,1.0,A01
201400032432,0,7,0,0.0,2.0,4.0,2.0,B01
201400032433,0,32,0,0.0,2.0,0.0,1.0,B01
201400032433,0,7,0,0.0,2.0,0.0,9.0,A01
201400032434,0,7,0,0.0,2.0,1.0,2.0,A01
201400032434,0,7,0,0.0,2.0,4.0,2.0,C01
201400032434,0,7,0,0.0,2.0,4.0,2.0,B01
201400032435,0,7,0,0.0,2.0,3.0,9.0,A01
201400032435,0,1,0,0.0,2.0,4.0,1.0,B01
201400032436,0,7,0,8.0,0.0,1.0,1.0,A01
201400032437,0,30,0,0.0,2.0,7.0,1.0,B01
201400032437,0,7,0,0.0,2.0,6.0,9.0,A01
201400032438,0,7,0,0.0,2.0,1.0,9.0,A01
201400032438,0,31,0,0.0,2.0,7.0,1.0,B01