Num_Acc,senc,catv,occutc,obs,obsm,choc,manv,num_veh
201400032685,0,7,0,0.0,2.0,1.0,1.0,B01
201400032686,0,7,0,0.0,2.0,4.0,23.0,C01
201400032686,0,7,0,0.0,2.0,6.0,23.0,B01
201400032686,0,7,0,0.0,2.0,2.0,11.0,A01
201400032687,0,33,0,0.0,2.0,1.0,17.0,A01
201400032687,0,7,0,0.0,2.0,3.0,15.0,B01
201400032688,0,7,0,0.0,2.0,4.0,23.0,B01
201400032688,0,3,0,0.0,2.0,1.0,1.0,A01
201400032689,0,7,0,0.0,1.0,2.0,15.0,A01
201400032690,0,10,0,0.0,2.0,2.0,5.0,A01
201400032690,0,7,0,0.0,2.0,3.0,1.0,B01
201400032691,0,7,0,0.0,2.0,7.0,15.0,A01
201400032691,0,7,0,0.0,2.0,1.0,1.0,B01
201400032692,0,7,0,0.0,2.0,7.0,1.0,A01
201400032692,0,1,0,0.0,2.0,8.0,1.0,B01
201400032693,0,30,0,0.0,2.0,3.0,1.0,B01
201400032693,1,7,0,0.0,2.0,0.0,14.0,Z01
201400032694,0,7,0,0.0,2.0,6.0,16.0,A01
201400032694,0,1,0,0.0,2.0,1.0,1.0,B01
201400032695,0,7,0,0.0,1.0,1.0,1.0,A01
201400032696,0,7,0,0.0,2.0,1.0,1.0,A01
201400032696,0,7,0,0.0,2.0,4.0,23.0,B01
201400032696,0,7,0,0.0,2.0,4.0,23.0,C01
201400032697,0,7,0,0.0,2.0,1.0,1.0,B01
201400032697,0,7,0,0.0,2.0,3.0,20.0,A01
201400032698,0,7,0,0.0,2.0,3.0,5.0,A01
201400032698,0,1,0,0.0,2.0,1.0,1.0,B01
201400032699,0,30,0,0.0,2.0,2.0,1.0,A01
201400032699,0,7,0,0.0,2.0,5.0,15.0,B01
201400032700,0,33,0,0.0,2.0,7.0,1.0,B01
201400032700,0,7,0,0.0,2.0,3.0,9.0,A01
201400032701,0,33,0,0.0,2.0,3.0,1.0,B01
201400032701,0,7,0,0.0,2.0,5.0,15.0,A01
201400032702,0,7,0,0.0,2.0,2.0,15.0,A01
201400032702,0,2,0,0.0,2.0,7.0,1.0,B01
201400032703,0,7,0,0.0,2.0,5.0,15.0,A01
201400032703,0,2,0,0.0,2.0,1.0,1.0,B01
201400032704,0,7,0,0.0,2.0,1.0,1.0,A01
201400032704,0,7,0,0.0,2.0,4.0,1.0,B01
201400032705,0,7,0,0.0,2.0,4.0,1.0,B01
201400032705,0,7,0,0.0,2.0,4.0,23.0,D01
201400032705,0,7,0,0.0,2.0,1.0,1.0,A01
201400032705,0,7,0,0.0,2.0,4.0,23.0,C01
201400032706,0,7,0,0.0,1.0,1.0,1.0,A01
201400032707,0,30,0,0.0,2.0,1.0,1.0,B01
201400032707,0,7,0,0.0,2.0,6.0,15.0,A01
201400032708,0,31,0,0.0,2.0,1.0,17.0,B01
201400032708,0,7,0,0.0,2.0,6.0,15.0,A01
201400032709,0,7,0,0.0,1.0,1.0,1.0,A01
201400032710,0,7,0,0.0,2.0,1.0,1.0,B01
201400032710,0,7,0,0.0,2.0,3.0,9.0,A01
201400032711,0,7,0,0.0,2.0,1.0,1.0,A01
201400032711,0,7,0,0.0,2.0,4.0,1.0,B01
201400032712,0,7,0,0.0,1.0,3.0,1.0,A01
201400032713,0,7,0,0.0,2.0,3.0,15.0,A01
201400032713,0,30,0,0.0,2.0,1.0,1.0,B01
201400032714,0,7,0,0.0,1.0,2.0,15.0,A01
201400032715,0,33,0,0.0,2.0,1.0,17.0,B01
201400032715,0,7,0,0.0,2.0,3.0,15.0,A01
201400032716,0,33,0,0.0,2.0,1.0,1.0,B01
201400032716,0,7,0,0.0,2.0,1.0,15.0,A01
201400032717,0,15,0,0.0,2.0,8.0,1.0,B01
201400032717,0,7,0,0.0,2.0,1.0,0.0,A01
201400032718,0,32,0,0.0,2.0,7.0,1.0,B01
201400032718,0,7,0,0.0,2.0,1.0,9.0,A01
201400032719,0,2,0,0.0,2.0,1.0,1.0,B01
201400032719,0,7,0,0.0,2.0,2.0,15.0,A01
201400032720,0,2,0,0.0,2.0,2.0,1.0,B01
201400032720,0,7,0,0.0,2.0,7.0,15.0,A01
201400032721,0,30,0,0.0,2.0,1.0,1.0,B01
201400032721,0,7,0,0.0,2.0,3.0,15.0,A01
201400032722,0,1,0,0.0,2.0,1.0,1.0,B01
201400032722,0,7,0,0.0,2.0,8.0,22.0,A01
201400032723,0,7,0,0.0,1.0,1.0,9.0,A01
201400032724,0,7,0,0.0,2.0,2.0,15.0,B01
201400032724,0,30,0,0.0,2.0,6.0,18.0,A01
201400032725,0,7,0,0.0,2.0,2.0,9.0,A01
201400032725,0,7,0,0.0,2.0,1.0,1.0,B01
201400032726,0,1,0,0.0,1.0,1.0,1.0,A01
201400032727,0,7,0,0.0,1.0,1.0,1.0,A01
201400032728,0,7,0,0.0,2.0,1.0,23.0,B01
201400032728,0,30,0,0.0,2.0,1.0,1.0,A01
201400032729,0,7,0,0.0,2.0,0.0,9.0,A01
201400032729,0,30,0,0.0,2.0,1.0,1.0,B01
201400032730,0,7,0,0.0,2.0,1.0,13.0,A01
201400032730,0,20,0,0.0,2.0,3.0,1.0,B01
201400032731,0,7,0,0.0,1.0,3.0,15.0,A01
201400032732,0,7,0,0.0,2.0,4.0,2.0,B01
201400032732,0,7,0,0.0,2.0,1.0,2.0,A01
201400032732,0,7,0,0.0,2.0,4.0,2.0,C01
201400032733,0,7,0,0.0,2.0,0.0,2.0,B01
201400032733,0,30,0,0.0,2.0,8.0,2.0,A01
201400032734,0,7,0,0.0,2.0,1.0,1.0,B01
201400032734,0,7,0,0.0,2.0,8.0,15.0,A01
201400032735,0,1,0,0.0,2.0,4.0,0.0,B01
201400032735,0,7,0,0.0,2.0,1.0,2.0,A01
201400032736,0,7,0,0.0,2.0,7.0,15.0,A01
201400032736,0,7,0,0.0,2.0,1.0,1.0,B01
201400032737,0,7,0,0.0,2.0,4.0,2.0,B01
201400032737,0,2,0,0.0,2.0,1.0,2.0,A01
201400032738,0,7,0,0.0,2.0,8.0,15.0,B01
201400032738,0,2,0,0.0,2.0,1.0,17.0,A01
201400032739,0,7,0,0.0,2.0,1.0,2.0,A01
201400032739,0,7,0,0.0,2.0,4.0,2.0,C01
201400032739,0,7,0,0.0,2.0,1.0,2.0,B01
201400032740,0,7,0,0.0,2.0,1.0,1.0,B01
201400032740,0,7,0,0.0,2.0,2.0,15.0,A01
201400032741,0,7,0,0.0,2.0,7.0,9.0,A01
201400032741,0,30,0,0.0,2.0,1.0,1.0,B01
201400032742,0,7,0,0.0,2.0,6.0,18.0,A01
201400032742,0,2,0,0.0,2.0,6.0,0.0,B01
201400032743,0,7,0,0.0,2.0,4.0,2.0,B01
201400032743,0,7,0,0.0,2.0,1.0,1.0,D01
201400032743,0,7,0,0.0,2.0,1.0,1.0,C01
201400032743,0,7,0,3.0,2.0,1.0,1.0,A01
201400032744,0,7,0,0.0,1.0,1.0,1.0,A01
201400032745,0,2,0,0.0,0.0,0.0,1.0,A01
201400032746,0,30,0,0.0,2.0,1.0,17.0,A01
201400032746,0,7,0,0.0,2.0,8.0,15.0,B01
201400032747,0,7,0,0.0,2.0,1.0,1.0,B01
201400032747,0,7,0,0.0,2.0,2.0,15.0,A01
201400032748,0,7,0,0.0,2.0,8.0,1.0,B01
201400032748,0,7,0,0.0,2.0,1.0,9.0,A01
201400032749,0,2,0,0.0,2.0,1.0,1.0,B01
201400032749,0,7,0,0.0,0.0,4.0,23.0,A01
201400032750,0,10,0,0.0,2.0,4.0,2.0,C01
201400032750,0,7,0,0.0,2.0,4.0,2.0,B01
201400032750,0,10,0,0.0,2.0,1.0,2.0,A01
201400032751,0,10,0,1.0,2.0,3.0,17.0,B01
201400032751,0,38,1,0.0,2.0,2.0,17.0,A01
201400032752,0,7,0,0.0,1.0,0.0,1.0,A01
201400032753,0,7,0,0.0,2.0,6.0,1.0,B01
201400032753,0,31,0,0.0,2.0,1.0,17.0,A01
201400032754,0,7,0,0.0,2.0,1.0,1.0,B01
201400032754,0,7,0,0.0,2.0,1.0,13.0,A01
201400032755,0,33,0,0.0,2.0,1.0,3.0,B01
201400032755,0,7,0,0.0,2.0,2.0,15.0,A01
201400032756,0,32,0,0.0,2.0,1.0,18.0,B01
201400032756,0,7,0,0.0,2.0,7.0,22.0,A01
201400032757,0,7,0,9.0,0.0,1.0,14.0,A01
201400032758,0,31,0,0.0,2.0,1.0,1.0,A01
201400032758,0,7,0,0.0,2.0,8.0,1.0,B01
201400032759,0,7,0,0.0,2.0,4.0,1.0,B01
201400032759,0,7,0,0.0,2.0,1.0,2.0,C01
201400032759,0,7,0,0.0,2.0,1.0,2.0,A01
201400032760,0,7,0,0.0,1.0,1.0,1.0,A01
201400032761,0,7,0,0.0,2.0,1.0,2.0,A01
201400032761,0,10,0,0.0,2.0,4.0,1.0,B01
201400032762,0,7,0,0.0,1.0,2.0,16.0,A01
201400032763,0,7,0,0.0,2.0,1.0,2.0,A01
201400032763,0,7,0,0.0,2.0,4.0,1.0,B01
201400032764,0,7,0,0.0,2.0,7.0,16.0,B01
201400032764,0,30,0,0.0,2.0,1.0,18.0,A01
201400032765,0,30,0,0.0,2.0,1.0,1.0,B01
201400032765,0,7,0,0.0,2.0,2.0,15.0,A01
201400032766,0,7,0,0.0,2.0,1.0,1.0,B01
201400032766,0,7,0,0.0,2.0,3.0,16.0,A01
201400032767,0,31,0,0.0,2.0,1.0,17.0,A01
201400032767,0,7,0,0.0,2.0,6.0,15.0,B01
201400032768,0,7,0,0.0,2.0,4.0,1.0,B01
201400032768,0,2,0,0.0,2.0,1.0,2.0,A01
201400032769,0,7,0,0.0,2.0,3.0,15.0,B01
201400032769,0,2,0,0.0,2.0,1.0,17.0,A01
201400032770,0,7,0,0.0,2.0,4.0,1.0,B01
201400032770,0,7,0,0.0,2.0,1.0,2.0,A01
201400032771,0,2,0,0.0,2.0,1.0,17.0,A01
201400032771,0,33,0,0.0,2.0,1.0,1.0,B01
201400032772,0,7,0,0.0,2.0,1.0,2.0,A01
201400032772,0,7,0,0.0,2.0,4.0,1.0,B01
201400032773,0,7,0,0.0,2.0,4.0,1.0,B01
201400032773,0,7,0,0.0,2.0,1.0,2.0,A01
201400032774,0,7,0,0.0,1.0,1.0,1.0,A01
201400032775,0,7,0,0.0,2.0,1.0,13.0,A01
201400032775,0,10,0,0.0,2.0,1.0,1.0,B01
201400032776,0,7,0,0.0,2.0,4.0,1.0,B01
201400032776,0,7,0,0.0,2.0,1.0,2.0,A01
201400032777,0,2,0,0.0,2.0,1.0,2.0,A01
201400032777,0,7,0,0.0,2.0,4.0,1.0,B01
201400032778,0,7,0,0.0,2.0,7.0,15.0,A01
201400032778,0,33,0,0.0,2.0,1.0,1.0,B01
201400032779,0,7,0,2.0,0.0,3.0,14.0,A01
201400032780,0,7,0,0.0,2.0,3.0,13.0,A01
201400032780,0,7,0,0.0,2.0,2.0,1.0,B01
201400032781,0,7,0,0.0,2.0,2.0,1.0,B01
201400032781,0,1,0,0.0,2.0,1.0,21.0,A01
201400032782,0,7,0,0.0,0.0,0.0,2.0,A01
201400032782,0,32,0,16.0,0.0,1.0,2.0,B01
201400032783,0,7,0,0.0,2.0,8.0,15.0,B01
201400032783,0,33,0,0.0,2.0,1.0,17.0,A01
201400032784,0,30,0,0.0,2.0,1.0,17.0,A01
201400032784,0,7,0,0.0,2.0,3.0,20.0,B01
201400032785,0,30,0,0.0,2.0,8.0,1.0,B01
201400032785,0,7,0,0.0,2.0,3.0,9.0,A01
201400032786,1,7,0,0.0,2.0,0.0,1.0,Z01
201400032786,0,7,0,0.0,2.0,4.0,2.0,B01
201400032786,0,7,0,0.0,2.0,1.0,2.0,A01
201400032787,0,7,0,0.0,2.0,4.0,2.0,B01
201400032787,0,30,0,0.0,2.0,1.0,18.0,A01
201400032788,0,2,0,0.0,2.0,8.0,1.0,B01
201400032788,0,10,0,0.0,2.0,5.0,17.0,A01
201400032789,0,10,0,0.0,2.0,4.0,1.0,B01
201400032789,0,7,0,0.0,2.0,1.0,2.0,A01
201400032790,0,7,0,0.0,2.0,2.0,1.0,B01
201400032790,0,7,0,0.0,2.0,3.0,15.0,A01
201400032791,0,7,0,0.0,1.0,5.0,4.0,A01
201400032792,0,7,0,0.0,2.0,1.0,9.0,A01
201400032792,0,2,0,0.0,2.0,1.0,17.0,B01
201400032793,0,32,0,0.0,2.0,4.0,1.0,B01
201400032793,0,30,0,0.0,2.0,1.0,2.0,A01
201400032794,0,7,0,0.0,2.0,8.0,1.0,B01
201400032794,0,7,0,0.0,2.0,3.0,13.0,A01
201400032795,0,7,0,0.0,2.0,2.0,13.0,A01
201400032795,0,7,0,0.0,2.0,6.0,1.0,B01
201400032795,0,7,0,0.0,2.0,3.0,1.0,C01
201400032796,0,1,0,0.0,2.0,8.0,1.0,B01
201400032796,1,99,0,,0.0,2.0,20.0,A01
201400032797,0,7,0,0.0,2.0,4.0,23.0,B01
201400032797,0,7,0,0.0,2.0,1.0,2.0,A01
201400032798,0,7,0,0.0,2.0,6.0,15.0,B01
201400032798,0,7,0,0.0,2.0,2.0,21.0,A01
201400032798,0,7,0,0.0,2.0,8.0,1.0,C01
201400032799,0,7,0,0.0,1.0,1.0,1.0,A01
201400032800,0,7,0,0.0,2.0,1.0,13.0,A01
201400032800,0,7,0,0.0,2.0,3.0,1.0,B01
201400032800,0,7,0,0.0,2.0,1.0,1.0,C01
201400032801,0,2,0,0.0,2.0,1.0,2.0,A01
201400032801,0,7,0,0.0,2.0,4.0,1.0,B01
201400032802,0,2,0,0.0,2.0,1.0,17.0,B01
201400032802,0,7,0,0.0,2.0,3.0,15.0,A01
201400032803,0,33,0,0.0,2.0,3.0,1.0,B01
201400032803,0,7,0,0.0,2.0,2.0,15.0,A01
201400032804,0,7,0,0.0,2.0,3.0,13.0,A01
201400032804,0,7,0,0.0,2.0,3.0,1.0,B01
201400032805,0,30,0,0.0,2.0,2.0,1.0,B01
201400032805,0,7,0,0.0,2.0,3.0,9.0,A01
201400032806,0,10,0,0.0,2.0,1.0,2.0,A01
201400032806,0,31,0,0.0,2.0,8.0,1.0,B01
201400032807,0,7,0,0.0,2.0,1.0,1.0,B01
201400032807,0,7,0,0.0,2.0,1.0,17.0,A01
201400032808,0,34,0,0.0,2.0,1.0,17.0,A01
201400032808,0,7,0,0.0,2.0,1.0,15.0,B01
201400032809,0,7,0,0.0,2.0,8.0,15.0,B01
201400032809,0,32,0,0.0,2.0,1.0,2.0,A01
201400032810,0,10,0,0.0,1.0,3.0,15.0,A01
201400032811,0,7,0,0.0,0.0,3.0,22.0,B01
201400032811,0,2,0,0.0,2.0,1.0,9.0,A01
201400032812,0,7,0,0.0,2.0,8.0,22.0,A01
201400032812,0,2,0,0.0,2.0,1.0,17.0,B01
201400032813,0,7,0,0.0,2.0,1.0,1.0,B01
201400032813,0,7,0,0.0,2.0,3.0,9.0,A01
201400032814,0,7,0,0.0,1.0,4.0,4.0,A01
201400032815,0,2,0,0.0,2.0,1.0,17.0,B01
201400032815,0,7,0,0.0,2.0,3.0,15.0,A01
201400032816,0,7,0,0.0,1.0,1.0,1.0,A01
201400032817,0,7,0,0.0,2.0,4.0,1.0,B01
201400032817,0,7,0,0.0,2.0,1.0,2.0,A01
201400032818,0,7,0,0.0,2.0,1.0,2.0,A01
201400032818,0,2,0,0.0,2.0,4.0,1.0,B01
201400032819,0,32,0,14.0,0.0,0.0,21.0,B01
201400032819,0,7,0,0.0,0.0,0.0,22.0,A01
201400032820,0,7,0,8.0,0.0,1.0,16.0,A01
201400032821,0,7,0,0.0,2.0,1.0,1.0,B01
201400032821,0,7,0,0.0,2.0,8.0,15.0,A01
201400032822,0,7,0,0.0,1.0,1.0,1.0,A01
201400032823,0,7,0,8.0,0.0,1.0,1.0,C01
201400032823,0,7,0,8.0,0.0,1.0,1.0,B01
201400032823,0,7,0,8.0,0.0,1.0,13.0,A01
201400032824,0,2,0,0.0,2.0,1.0,1.0,B01
201400032824,0,7,0,0.0,2.0,1.0,9.0,A01
201400032825,0,7,0,0.0,2.0,3.0,15.0,A01
201400032825,0,31,0,0.0,2.0,1.0,1.0,B01
201400032826,0,7,0,0.0,1.0,3.0,1.0,A01
201400032827,0,7,0,0.0,1.0,1.0,13.0,A01
201400032828,0,7,0,0.0,2.0,1.0,1.0,B01
201400032828,0,7,0,0.0,2.0,8.0,13.0,A01
201400032829,0,7,0,0.0,2.0,3.0,1.0,B01
201400032829,0,30,0,0.0,2.0,4.0,12.0,A01
201400032830,0,7,0,0.0,2.0,2.0,1.0,B01
201400032830,0,7,0,0.0,2.0,3.0,0.0,A01
201400032831,0,7,0,0.0,2.0,1.0,0.0,A01
201400032831,0,7,0,0.0,2.0,8.0,1.0,B01
201400032832,0,31,0,0.0,2.0,1.0,2.0,A01
201400032832,0,7,0,0.0,2.0,4.0,1.0,B01
201400032833,0,7,0,0.0,2.0,1.0,1.0,B01
201400032833,0,2,0,0.0,2.0,1.0,13.0,A01
201400032834,0,7,0,0.0,2.0,1.0,2.0,A01
201400032834,0,7,0,0.0,2.0,4.0,1.0,B01
201400032835,0,2,0,0.0,2.0,8.0,2.0,B01
201400032835,0,7,0,0.0,2.0,3.0,2.0,A01
201400032836,0,1,0,0.0,2.0,1.0,1.0,B01
201400032836,0,7,0,0.0,2.0,2.0,15.0,A01
201400032837,0,7,0,0.0,1.0,3.0,15.0,A01
201400032838,0,2,0,0.0,2.0,1.0,0.0,A01
201400032838,0,7,0,0.0,2.0,8.0,15.0,B01
201400032839,0,7,0,0.0,2.0,8.0,10.0,A01
201400032839,0,2,0,0.0,2.0,1.0,17.0,B01
201400032839,0,2,0,0.0,2.0,1.0,17.0,C01
201400032840,0,7,0,0.0,1.0,1.0,1.0,A01
201400032841,0,7,0,0.0,2.0,1.0,1.0,B01
201400032841,0,2,0,0.0,2.0,1.0,16.0,A01
201400032842,0,7,0,0.0,2.0,4.0,2.0,B01
201400032842,0,31,0,0.0,2.0,1.0,17.0,A01
201400032843,0,7,0,0.0,2.0,2.0,1.0,B01
201400032843,0,10,0,0.0,2.0,2.0,13.0,A01
201400032844,0,10,0,1.0,0.0,2.0,14.0,A01
201400032845,0,7,0,0.0,2.0,4.0,1.0,B01
201400032845,0,7,0,0.0,2.0,4.0,15.0,C01
201400032845,0,10,0,0.0,2.0,1.0,2.0,A01
201400032846,0,7,0,0.0,2.0,2.0,1.0,B01
201400032846,0,30,0,0.0,2.0,1.0,13.0,A01
201400032847,0,7,0,0.0,2.0,3.0,1.0,B01
201400032847,0,30,0,0.0,2.0,1.0,15.0,A01
201400032848,0,2,0,12.0,0.0,1.0,14.0,A01
201400032849,0,7,0,10.0,0.0,9.0,14.0,A01
201400032850,0,7,0,0.0,0.0,1.0,14.0,A01
201400032851,0,3,0,0.0,1.0,1.0,0.0,A01
201400032852,0,1,0,0.0,2.0,1.0,19.0,A01
201400032852,0,7,0,0.0,2.0,3.0,1.0,B01
201400032853,0,7,0,0.0,2.0,3.0,1.0,B01
201400032853,0,1,0,0.0,2.0,1.0,15.0,A01
201400032854,0,7,0,0.0,2.0,5.0,1.0,B01
201400032854,0,7,0,0.0,2.0,1.0,9.0,A01
201400032855,0,7,0,0.0,1.0,1.0,16.0,A01
201400032856,0,7,0,0.0,1.0,1.0,1.0,A01
201400032857,0,7,0,0.0,2.0,2.0,5.0,A01
201400032857,0,2,0,1.0,0.0,1.0,1.0,B01
201400032858,0,7,0,0.0,2.0,3.0,15.0,B01
201400032858,0,2,0,0.0,2.0,8.0,2.0,A01
201400032859,0,7,0,0.0,2.0,1.0,2.0,A01
201400032859,0,7,0,0.0,2.0,4.0,2.0,B01
201400032860,0,7,0,0.0,1.0,2.0,15.0,A01
201400032861,0,33,0,0.0,2.0,1.0,17.0,A01
201400032861,0,7,0,0.0,2.0,3.0,15.0,B01
201400032862,0,7,0,0.0,2.0,1.0,13.0,A01
201400032862,0,7,0,0.0,2.0,1.0,1.0,B01
201400032863,0,30,0,0.0,2.0,1.0,15.0,C01
201400032863,0,7,0,0.0,2.0,1.0,15.0,B01
201400032863,0,7,0,0.0,2.0,7.0,17.0,A01
201400032864,0,7,0,0.0,1.0,3.0,21.0,A01
201400032865,0,30,0,0.0,2.0,1.0,5.0,A01
201400032865,0,10,0,0.0,2.0,1.0,1.0,B01
201400032866,0,7,0,0.0,2.0,4.0,1.0,C01
201400032866,0,7,0,0.0,2.0,4.0,2.0,B01
201400032866,0,7,0,0.0,2.0,1.0,1.0,A01
201400032867,0,7,0,0.0,1.0,5.0,4.0,A01
201400032868,0,7,0,0.0,2.0,1.0,2.0,A01
201400032868,0,7,0,0.0,2.0,4.0,23.0,E01
201400032868,0,7,0,14.0,2.0,4.0,23.0,D01
201400032868,0,7,0,0.0,2.0,4.0,23.0,C01
201400032868,0,7,0,0.0,2.0,4.0,23.0,B01
201400032869,0,1,0,0.0,1.0,1.0,1.0,A01
201400032870,0,30,0,0.0,2.0,1.0,17.0,B01
201400032870,0,7,0,0.0,2.0,8.0,15.0,A01
201400032871,0,10,0,0.0,1.0,5.0,23.0,A01
201400032872,0,7,0,0.0,2.0,1.0,1.0,A01
201400032872,0,7,0,0.0,2.0,4.0,2.0,B01
201400032873,0,7,0,8.0,2.0,3.0,1.0,B01
201400032873,0,7,0,6.0,2.0,2.0,17.0,A01
201400032874,0,7,0,13.0,0.0,1.0,1.0,A01
201400032875,0,31,0,0.0,2.0,2.0,2.0,A01
201400032875,0,7,0,0.0,9.0,3.0,13.0,B01
201400032876,0,7,0,0.0,2.0,1.0,2.0,A01
201400032876,0,7,0,0.0,2.0,4.0,2.0,B01
201400032877,0,7,0,0.0,2.0,6.0,0.0,C01
201400032877,0,10,0,0.0,2.0,8.0,0.0,B01
201400032877,0,1,0,0.0,2.0,8.0,11.0,A01
201400032878,0,30,0,0.0,2.0,1.0,0.0,B01
201400032878,0,7,0,0.0,2.0,4.0,4.0,A01
201400032879,0,7,0,0.0,0.0,4.0,16.0,B01
201400032879,0,7,0,0.0,2.0,1.0,2.0,A01
201400032880,0,7,0,0.0,0.0,4.0,1.0,B01
201400032880,0,7,0,0.0,2.0,1.0,1.0,A01
201400032881,0,7,0,0.0,1.0,1.0,1.0,A01
201400032882,0,1,0,0.0,2.0,3.0,5.0,B01
201400032882,0,7,0,0.0,9.0,3.0,5.0,A01
201400032883,0,7,0,0.0,1.0,3.0,15.0,A01
201400032884,0,7,0,0.0,1.0,1.0,1.0,B01
201400032885,0,32,0,0.0,2.0,8.0,2.0,B01
201400032885,0,7,0,0.0,9.0,2.0,1.0,A01
201400032886,0,37,0,0.0,1.0,7.0,2.0,A01
201400032887,0,2,0,0.0,2.0,2.0,2.0,A01
201400032887,0,7,0,0.0,0.0,1.0,0.0,B01
201400032888,0,7,0,0.0,1.0,2.0,1.0,A01
201400032889,0,7,0,0.0,1.0,0.0,1.0,A01
201400032890,0,7,0,0.0,2.0,3.0,1.0,B01
201400032890,0,7,0,0.0,2.0,3.0,0.0,A01
201400032891,0,1,0,0.0,2.0,1.0,2.0,B01
201400032891,0,7,0,0.0,2.0,8.0,22.0,A01
201400032892,0,7,0,0.0,2.0,1.0,2.0,B01
201400032892,0,7,0,0.0,2.0,3.0,2.0,A01
201400032893,0,7,0,0.0,2.0,7.0,15.0,A01
201400032893,0,1,0,0.0,2.0,7.0,1.0,B01
201400032894,0,7,0,0.0,2.0,7.0,21.0,A01
201400032894,0,7,0,0.0,2.0,3.0,1.0,B01
201400032895,0,7,0,0.0,1.0,1.0,1.0,A01
201400032896,0,7,0,0.0,2.0,2.0,1.0,A01
201400032896,0,31,0,0.0,2.0,1.0,1.0,B01
201400032897,0,7,0,0.0,1.0,1.0,18.0,A01
201400032898,0,30,0,0.0,2.0,0.0,0.0,B01
201400032898,0,7,0,0.0,2.0,3.0,15.0,A01
201400032899,0,7,0,0.0,2.0,1.0,2.0,A01
201400032899,0,7,0,0.0,2.0,4.0,2.0,C01
201400032899,0,7,0,0.0,2.0,4.0,2.0,D01
201400032899,0,7,0,0.0,2.0,4.0,2.0,B01
201400032900,0,30,0,0.0,2.0,1.0,2.0,A01
201400032900,0,20,0,0.0,2.0,4.0,2.0,B01
201400032901,0,7,0,0.0,2.0,1.0,2.0,A01
201400032901,0,7,0,0.0,2.0,4.0,2.0,B01
201400032902,0,1,0,0.0,2.0,1.0,1.0,B01
201400032902,0,7,0,0.0,2.0,3.0,9.0,A01
201400032903,0,7,0,0.0,2.0,3.0,19.0,A01
201400032903,0,32,0,0.0,2.0,1.0,1.0,B01
201400032904,0,10,0,0.0,2.0,1.0,1.0,A01
201400032904,0,7,0,0.0,2.0,7.0,1.0,B01
201400032905,0,7,0,6.0,2.0,5.0,9.0,B01
201400032905,0,7,0,0.0,2.0,1.0,1.0,A01
201400032906,0,7,0,0.0,2.0,4.0,23.0,B01
201400032906,0,7,0,0.0,2.0,2.0,2.0,A01
201400032907,0,7,0,0.0,2.0,3.0,19.0,A01
201400032907,0,7,0,0.0,2.0,2.0,1.0,B01
201400032908,0,7,0,0.0,2.0,1.0,1.0,B01
201400032908,0,7,0,0.0,2.0,5.0,4.0,A01
201400032909,0,7,0,0.0,2.0,8.0,1.0,B01
201400032909,0,7,0,15.0,2.0,1.0,6.0,A01
201400032910,0,7,0,0.0,0.0,4.0,2.0,B01
201400032910,0,33,0,0.0,2.0,1.0,2.0,A01
201400032911,0,7,0,0.0,0.0,3.0,20.0,A01
201400032911,0,33,0,0.0,2.0,1.0,1.0,B01
201400032912,0,30,0,0.0,1.0,8.0,1.0,A01
201400032913,0,7,0,0.0,1.0,1.0,1.0,A01
201400032914,0,7,0,0.0,0.0,5.0,2.0,B01
201400032914,0,7,0,0.0,2.0,8.0,2.0,A01
201400032915,0,7,0,0.0,2.0,5.0,15.0,A01
201400032915,0,2,0,0.0,2.0,1.0,1.0,B01
201400032916,0,1,0,0.0,2.0,1.0,5.0,A01
201400032916,0,2,0,0.0,2.0,1.0,1.0,B01
201400032917,0,7,0,0.0,1.0,1.0,15.0,A01
201400032918,0,31,0,0.0,2.0,1.0,1.0,B01
201400032918,0,7,0,0.0,2.0,7.0,15.0,A01
201400032919,0,7,0,0.0,2.0,8.0,2.0,B01
201400032919,0,33,0,0.0,2.0,7.0,2.0,A01
201400032920,0,7,0,0.0,2.0,1.0,1.0,A01
201400032920,0,7,0,0.0,0.0,4.0,1.0,B01
201400032921,0,10,0,0.0,2.0,6.0,1.0,B01
201400032921,0,10,0,0.0,2.0,7.0,1.0,A01
201400032922,0,7,0,0.0,1.0,6.0,4.0,A01
201400032923,0,7,0,0.0,2.0,8.0,1.0,B01
201400032923,0,34,0,0.0,2.0,7.0,17.0,A01
201400032924,0,7,0,0.0,2.0,1.0,1.0,B01
201400032924,0,7,0,0.0,2.0,3.0,19.0,A01
201400032925,0,7,0,1.0,0.0,2.0,1.0,A01
201400032926,0,1,0,0.0,2.0,2.0,1.0,B01
201400032926,0,7,0,0.0,9.0,2.0,2.0,A01
201400032927,0,7,0,0.0,2.0,2.0,1.0,B01
201400032927,0,1,0,0.0,2.0,8.0,19.0,A01
201400032928,0,7,0,0.0,1.0,1.0,1.0,A01
201400032929,0,7,0,0.0,2.0,1.0,1.0,A01
201400032929,0,7,0,0.0,0.0,4.0,1.0,B01
201400032930,0,1,0,0.0,0.0,8.0,2.0,B01
201400032930,0,7,0,0.0,2.0,7.0,17.0,A01
201400032931,0,1,0,0.0,2.0,7.0,0.0,B01
201400032931,0,7,0,0.0,9.0,3.0,9.0,A01
201400032932,0,7,0,0.0,2.0,3.0,1.0,B01
201400032932,0,7,0,0.0,2.0,1.0,11.0,A01
201400032933,0,7,0,8.0,0.0,2.0,0.0,A01
201400032934,0,7,0,0.0,2.0,8.0,13.0,A01