Num_Acc,senc,catv,occutc,obs,obsm,choc,manv,num_veh
201400032934,0,7,0,0.0,2.0,3.0,16.0,B01
201400032935,0,30,0,0.0,2.0,1.0,1.0,B01
201400032935,0,7,0,0.0,2.0,2.0,19.0,A01
201400032936,0,7,0,0.0,0.0,5.0,15.0,A01
201400032936,0,30,0,0.0,0.0,2.0,1.0,B01
201400032937,0,7,0,0.0,2.0,1.0,2.0,A01
201400032937,0,7,0,0.0,2.0,4.0,2.0,B01
201400032938,0,7,0,0.0,2.0,1.0,5.0,A01
201400032938,0,10,0,0.0,2.0,1.0,1.0,B01
201400032939,1,7,0,0.0,2.0,1.0,18.0,A01
201400032939,0,7,0,0.0,2.0,8.0,1.0,B01
201400032940,0,33,0,5.0,0.0,1.0,17.0,A01
201400032941,0,7,0,8.0,0.0,1.0,19.0,A01
201400032942,0,7,0,3.0,0.0,0.0,0.0,A01
201400032942,0,31,0,0.0,0.0,0.0,0.0,B01
201400032943,0,1,0,0.0,2.0,0.0,16.0,B01
201400032943,0,7,0,0.0,9.0,2.0,15.0,A01
201400032944,0,7,0,0.0,2.0,2.0,0.0,A01
201400032944,0,14,0,0.0,2.0,3.0,0.0,B01
201400032945,0,2,0,0.0,2.0,1.0,17.0,A01
201400032945,0,1,0,0.0,2.0,1.0,15.0,B01
201400032946,0,7,0,0.0,1.0,2.0,1.0,A01
201400032947,0,7,0,0.0,2.0,7.0,1.0,B01
201400032947,0,10,0,8.0,2.0,3.0,5.0,A01
201400032948,0,7,0,0.0,0.0,5.0,15.0,A01
201400032948,0,33,0,0.0,0.0,1.0,2.0,B01
201400032949,0,7,0,0.0,2.0,1.0,1.0,B01
201400032949,0,7,0,0.0,2.0,7.0,19.0,A01
201400032950,0,7,0,0.0,2.0,8.0,13.0,A01
201400032950,0,7,0,0.0,2.0,8.0,1.0,B01
201400032950,0,7,0,0.0,2.0,3.0,1.0,C01
201400032951,1,7,0,0.0,2.0,3.0,15.0,Z01
201400032951,0,1,0,0.0,2.0,1.0,1.0,B01
201400032952,0,7,0,0.0,1.0,2.0,1.0,A01
201400032953,0,1,0,1.0,0.0,1.0,1.0,B01
201400032953,0,7,0,0.0,2.0,8.0,22.0,A01
201400032954,0,7,0,0.0,1.0,3.0,16.0,A01
201400032955,0,2,0,0.0,2.0,1.0,1.0,B01
201400032955,0,7,0,0.0,2.0,2.0,15.0,A01
201400032956,0,7,0,0.0,2.0,1.0,2.0,A01
201400032956,0,7,0,0.0,0.0,4.0,2.0,C01
201400032956,0,7,0,0.0,2.0,4.0,2.0,B01
201400032957,0,1,0,0.0,2.0,8.0,1.0,B01
201400032957,0,7,0,0.0,9.0,2.0,15.0,A01
201400032958,0,7,0,0.0,2.0,1.0,2.0,A01
201400032958,0,7,0,0.0,2.0,4.0,2.0,B01
201400032959,0,7,0,0.0,2.0,3.0,13.0,A01
201400032959,0,2,0,0.0,2.0,3.0,1.0,B01
201400032960,0,1,0,0.0,0.0,5.0,15.0,B01
201400032960,0,7,0,0.0,0.0,3.0,15.0,A01
201400032961,0,7,0,0.0,1.0,3.0,1.0,A01
201400032962,0,7,0,0.0,1.0,2.0,1.0,A01
201400032963,0,7,0,0.0,2.0,2.0,1.0,A01
201400032963,0,7,0,0.0,2.0,1.0,1.0,B01
201400032964,0,14,0,14.0,0.0,0.0,0.0,A01
201400032965,0,32,0,0.0,2.0,7.0,1.0,B01
201400032965,0,10,0,0.0,2.0,1.0,16.0,A01
201400032966,0,7,0,0.0,1.0,1.0,16.0,A01
201400032967,0,7,0,0.0,1.0,1.0,0.0,A01
201400032968,0,7,0,0.0,9.0,2.0,3.0,A01
201400032968,0,1,0,0.0,2.0,1.0,1.0,B01
201400032969,0,2,0,0.0,2.0,4.0,1.0,B01
201400032969,0,7,0,0.0,2.0,3.0,0.0,A01
201400032970,0,38,9,0.0,2.0,1.0,1.0,B01
201400032970,0,7,0,0.0,2.0,8.0,15.0,A01
201400032971,0,7,0,0.0,2.0,3.0,1.0,B01
201400032971,0,7,0,0.0,2.0,2.0,15.0,A01
201400032972,0,7,0,0.0,1.0,3.0,0.0,A01
201400032973,0,1,0,0.0,2.0,1.0,1.0,B01
201400032973,0,7,0,0.0,2.0,1.0,1.0,A01
201400032974,0,7,0,0.0,2.0,2.0,9.0,A01
201400032974,0,1,0,0.0,2.0,6.0,1.0,B01
201400032975,0,2,0,0.0,2.0,1.0,1.0,B01
201400032975,0,7,0,0.0,2.0,3.0,10.0,A01
201400032976,0,7,0,0.0,2.0,7.0,15.0,B01
201400032976,0,2,0,0.0,2.0,1.0,1.0,A01
201400032977,0,2,0,0.0,2.0,1.0,16.0,A01
201400032977,0,7,0,0.0,2.0,1.0,15.0,B01
201400032978,0,7,0,0.0,9.0,1.0,1.0,A01
201400032978,0,1,0,0.0,2.0,8.0,1.0,B01
201400032979,0,7,0,0.0,2.0,4.0,2.0,B01
201400032979,0,7,0,0.0,2.0,1.0,2.0,A01
201400032980,0,3,0,14.0,2.0,3.0,2.0,B01
201400032980,1,7,0,0.0,2.0,1.0,2.0,A01
201400032981,0,7,0,0.0,0.0,1.0,1.0,A01
201400032982,1,30,0,0.0,1.0,1.0,9.0,A01
201400032983,0,7,0,0.0,2.0,1.0,2.0,A01
201400032983,0,30,0,0.0,2.0,4.0,2.0,B01
201400032984,0,2,0,0.0,2.0,1.0,1.0,B01
201400032984,0,7,0,0.0,2.0,2.0,15.0,A01
201400032985,0,7,0,0.0,2.0,2.0,9.0,A01
201400032985,0,32,0,0.0,2.0,1.0,21.0,B01
201400032986,0,2,0,0.0,0.0,4.0,1.0,B01
201400032986,0,2,0,0.0,2.0,1.0,1.0,A01
201400032987,0,7,0,0.0,2.0,3.0,11.0,A01
201400032987,0,7,0,0.0,2.0,5.0,1.0,B01
201400032988,0,7,0,1.0,2.0,1.0,21.0,B01
201400032988,0,7,0,0.0,2.0,2.0,15.0,A01
201400032989,0,14,0,0.0,2.0,2.0,16.0,A01
201400032989,0,1,0,0.0,2.0,1.0,0.0,B01
201400032990,0,7,0,0.0,2.0,1.0,1.0,A01
201400032990,0,7,0,0.0,2.0,4.0,1.0,B01
201400032990,0,7,0,0.0,0.0,4.0,1.0,C01
201400032991,0,7,0,0.0,1.0,1.0,1.0,A01
201400032992,0,30,0,0.0,1.0,1.0,21.0,A01
201400032993,0,7,0,0.0,2.0,7.0,1.0,B01
201400032993,0,7,0,0.0,2.0,1.0,9.0,A01
201400032994,0,7,0,0.0,1.0,1.0,1.0,A01
201400032995,0,32,0,0.0,2.0,1.0,21.0,B01
201400032995,0,7,0,0.0,2.0,2.0,9.0,A01
201400032996,0,33,0,0.0,2.0,8.0,20.0,B01
201400032996,0,7,0,0.0,2.0,2.0,15.0,A01
201400032997,0,2,0,0.0,2.0,2.0,17.0,B01
201400032997,0,7,0,0.0,2.0,3.0,15.0,A01
201400032998,1,7,0,0.0,2.0,1.0,5.0,A01
201400032998,0,7,0,0.0,2.0,1.0,21.0,B01
201400032999,0,2,0,0.0,2.0,1.0,1.0,B01
201400032999,0,7,0,0.0,2.0,2.0,15.0,A01
201400033000,0,7,0,0.0,2.0,1.0,1.0,B01
201400033000,0,7,0,0.0,2.0,1.0,13.0,A01
201400033001,0,7,0,0.0,2.0,7.0,1.0,A01
201400033001,0,32,0,0.0,2.0,1.0,21.0,B01
201400033002,0,2,0,0.0,2.0,4.0,1.0,B01
201400033002,0,7,0,0.0,2.0,1.0,1.0,A01
201400033003,0,7,0,0.0,2.0,1.0,1.0,B01
201400033003,0,30,0,0.0,2.0,1.0,1.0,A01
201400033004,0,33,0,0.0,0.0,4.0,0.0,C01
201400033004,0,7,0,0.0,2.0,2.0,14.0,A01
201400033004,0,33,0,0.0,0.0,4.0,0.0,B01
201400033005,0,7,0,0.0,2.0,6.0,15.0,B01
201400033005,0,2,0,0.0,2.0,1.0,2.0,A01
201400033006,0,2,0,0.0,2.0,8.0,1.0,A01
201400033006,0,7,0,0.0,2.0,1.0,1.0,B01
201400033007,0,7,0,0.0,1.0,1.0,15.0,A01
201400033008,0,7,0,0.0,1.0,1.0,1.0,A01
201400033009,0,32,0,0.0,2.0,6.0,16.0,B01
201400033009,0,7,0,0.0,2.0,5.0,15.0,A01
201400033010,0,7,0,0.0,2.0,4.0,2.0,B01
201400033010,0,10,0,0.0,2.0,1.0,2.0,A01
201400033011,0,7,0,0.0,1.0,4.0,4.0,A01
201400033012,1,99,0,0.0,1.0,0.0,0.0,Z01
201400033013,0,10,0,0.0,0.0,3.0,21.0,B01
201400033013,0,7,0,0.0,2.0,2.0,14.0,A01
201400033014,0,7,0,0.0,2.0,2.0,15.0,A01
201400033014,0,2,0,0.0,2.0,1.0,1.0,B01
201400033015,0,7,0,0.0,2.0,8.0,1.0,B01
201400033015,0,30,0,0.0,2.0,1.0,1.0,A01
201400033016,0,2,0,0.0,1.0,1.0,1.0,A01
201400033017,0,7,0,0.0,2.0,3.0,23.0,B01
201400033017,0,2,0,0.0,2.0,1.0,2.0,A01
201400033018,0,7,0,0.0,2.0,8.0,15.0,B01
201400033018,0,7,0,0.0,2.0,1.0,1.0,A01
201400033019,0,7,0,0.0,2.0,3.0,1.0,B01
201400033019,0,7,0,1.0,2.0,9.0,17.0,A01
201400033020,0,32,0,0.0,2.0,1.0,2.0,A01
201400033020,0,7,0,0.0,2.0,6.0,2.0,B01
201400033021,0,10,0,0.0,2.0,1.0,15.0,A01
201400033021,0,32,0,0.0,2.0,8.0,1.0,B01
201400033022,0,7,0,0.0,2.0,9.0,1.0,B01
201400033022,0,7,0,0.0,2.0,1.0,1.0,A01
201400033022,0,7,0,0.0,0.0,4.0,1.0,C01
201400033023,0,7,0,0.0,2.0,2.0,1.0,A01
201400033023,0,33,0,0.0,2.0,1.0,21.0,B01
201400033024,0,7,0,0.0,2.0,5.0,15.0,B01
201400033024,0,32,0,0.0,2.0,1.0,21.0,A01
201400033025,0,7,0,0.0,2.0,1.0,13.0,A01
201400033025,0,7,0,0.0,2.0,1.0,1.0,B01
201400033026,0,33,0,0.0,2.0,9.0,21.0,A01
201400033026,0,33,0,0.0,2.0,6.0,1.0,B01
201400033027,0,7,0,0.0,0.0,0.0,1.0,A01
201400033027,0,33,0,0.0,9.0,1.0,1.0,B01
201400033028,0,7,0,0.0,2.0,3.0,1.0,A01
201400033028,0,32,0,0.0,2.0,1.0,1.0,B01
201400033029,0,30,0,0.0,2.0,1.0,1.0,B01
201400033029,0,7,0,0.0,2.0,2.0,15.0,A01
201400033030,0,7,0,0.0,2.0,2.0,1.0,A01
201400033030,0,7,0,0.0,2.0,1.0,1.0,B01
201400033031,0,31,0,0.0,2.0,4.0,2.0,B01
201400033031,1,7,0,0.0,2.0,1.0,2.0,A01
201400033032,0,1,0,0.0,2.0,0.0,0.0,B01
201400033032,1,7,0,0.0,2.0,0.0,0.0,A01
201400033033,0,7,0,0.0,1.0,1.0,1.0,A01
201400033034,0,7,0,0.0,1.0,1.0,1.0,A01
201400033035,0,7,0,0.0,2.0,1.0,1.0,B01
201400033035,0,30,0,0.0,2.0,0.0,1.0,A01
201400033036,0,7,0,0.0,2.0,1.0,9.0,A01
201400033036,0,31,0,0.0,2.0,2.0,1.0,B01
201400033037,0,7,0,0.0,2.0,3.0,21.0,B01
201400033037,0,2,0,0.0,2.0,2.0,1.0,A01
201400033038,0,7,0,0.0,2.0,7.0,15.0,A01
201400033038,0,34,0,0.0,2.0,1.0,1.0,B01
201400033038,0,7,0,0.0,2.0,1.0,1.0,C01
201400033039,0,10,0,0.0,1.0,4.0,4.0,A01
201400033040,0,30,0,0.0,2.0,1.0,18.0,A01
201400033040,0,7,0,0.0,2.0,7.0,16.0,B01
201400033041,0,7,0,0.0,2.0,2.0,9.0,A01
201400033041,0,32,0,0.0,2.0,7.0,1.0,B01
201400033042,0,7,0,0.0,1.0,1.0,1.0,A01
201400033043,0,7,0,0.0,2.0,1.0,2.0,A01
201400033043,0,7,0,0.0,2.0,4.0,2.0,B01
201400033044,1,7,0,0.0,1.0,0.0,0.0,Z01
201400033045,0,7,0,0.0,2.0,1.0,1.0,B01
201400033045,0,7,0,0.0,2.0,1.0,15.0,A01
201400033046,0,7,0,0.0,2.0,1.0,1.0,A01
201400033046,0,34,0,0.0,2.0,1.0,1.0,B01
201400033047,0,30,0,0.0,2.0,4.0,2.0,B01
201400033047,0,7,0,0.0,2.0,1.0,2.0,A01
201400033048,0,7,0,0.0,2.0,3.0,21.0,B01
201400033048,0,1,0,0.0,2.0,8.0,9.0,A01
201400033049,0,7,0,0.0,2.0,7.0,1.0,B01
201400033049,1,7,0,0.0,2.0,1.0,9.0,A01
201400033050,0,7,0,0.0,2.0,2.0,15.0,A01
201400033050,0,33,0,0.0,2.0,1.0,21.0,B01
201400033051,0,7,0,10.0,0.0,1.0,21.0,A01
201400033052,0,33,0,0.0,0.0,1.0,1.0,A01
201400033053,0,7,0,0.0,2.0,1.0,9.0,A01
201400033053,0,7,0,0.0,2.0,7.0,1.0,B01
201400033054,0,7,0,0.0,1.0,4.0,4.0,A01
201400033055,0,7,0,0.0,2.0,2.0,15.0,A01
201400033055,0,2,0,0.0,2.0,1.0,21.0,B01
201400033056,0,7,0,0.0,2.0,3.0,15.0,A01
201400033056,0,34,0,0.0,2.0,1.0,21.0,B01
201400033057,0,7,0,0.0,1.0,1.0,1.0,A01
201400033058,0,7,0,0.0,2.0,8.0,10.0,A01
201400033058,0,32,0,0.0,2.0,1.0,21.0,B01
201400033059,0,7,0,0.0,2.0,2.0,15.0,A01
201400033059,0,7,0,0.0,2.0,1.0,21.0,B01
201400033060,0,32,0,0.0,2.0,3.0,23.0,B01
201400033060,0,7,0,0.0,2.0,3.0,15.0,A01
201400033061,0,2,0,0.0,2.0,8.0,0.0,A01
201400033061,0,7,0,0.0,2.0,7.0,0.0,B01
201400033062,0,30,0,0.0,2.0,1.0,1.0,A01
201400033062,0,7,0,0.0,2.0,2.0,1.0,B01
201400033063,0,7,0,0.0,2.0,1.0,1.0,A01
201400033063,0,32,0,0.0,2.0,7.0,1.0,B01
201400033063,0,7,0,0.0,2.0,4.0,1.0,C01
201400033064,0,7,0,0.0,2.0,1.0,1.0,B01
201400033064,0,7,0,0.0,2.0,2.0,15.0,A01
201400033065,0,7,0,0.0,2.0,2.0,1.0,A01
201400033065,0,7,0,0.0,0.0,6.0,23.0,B01
201400033066,0,7,0,15.0,0.0,1.0,0.0,A01
201400033067,0,7,0,0.0,2.0,3.0,1.0,B01
201400033067,0,32,0,0.0,2.0,1.0,17.0,A01
201400033068,0,7,0,0.0,1.0,1.0,1.0,A01
201400033069,0,7,0,0.0,2.0,3.0,15.0,B01
201400033069,0,30,0,0.0,2.0,2.0,17.0,A01
201400033070,0,7,0,0.0,1.0,1.0,1.0,A01
201400033071,0,7,0,4.0,0.0,9.0,0.0,A01
201400033071,0,7,0,0.0,2.0,1.0,1.0,B01
201400033072,0,33,0,0.0,2.0,1.0,1.0,B01
201400033072,0,7,0,0.0,2.0,5.0,15.0,A01
201400033073,1,99,0,0.0,1.0,2.0,0.0,Z01
201400033074,0,2,0,0.0,2.0,1.0,1.0,B01
201400033074,0,7,0,0.0,2.0,2.0,19.0,A01
201400033075,0,30,0,0.0,2.0,1.0,1.0,B01
201400033075,1,99,0,0.0,2.0,2.0,0.0,A01
201400033076,0,30,0,0.0,2.0,1.0,1.0,A01
201400033076,0,7,0,0.0,2.0,3.0,15.0,B01
201400033077,0,7,0,0.0,2.0,1.0,2.0,A01
201400033077,0,30,0,0.0,2.0,4.0,2.0,B01
201400033078,0,7,0,0.0,2.0,3.0,21.0,B01
201400033078,0,7,0,0.0,2.0,1.0,15.0,A01
201400033079,0,7,0,0.0,2.0,2.0,13.0,A01
201400033079,0,31,0,0.0,2.0,1.0,1.0,B01
201400033080,0,7,0,0.0,1.0,1.0,15.0,A01
201400033081,0,2,0,0.0,2.0,1.0,15.0,A01
201400033081,0,7,0,0.0,2.0,3.0,1.0,B01
201400033082,0,7,0,0.0,2.0,2.0,15.0,A01
201400033082,0,31,0,0.0,2.0,1.0,1.0,B01
201400033083,0,7,0,0.0,2.0,1.0,0.0,A01
201400033083,0,7,0,0.0,0.0,4.0,1.0,B01
201400033084,0,7,0,0.0,0.0,6.0,15.0,B01
201400033084,0,33,0,0.0,2.0,1.0,1.0,A01
201400033085,0,7,0,0.0,2.0,1.0,2.0,A01
201400033085,0,7,0,0.0,2.0,4.0,2.0,B01
201400033086,0,7,0,0.0,2.0,1.0,1.0,B01
201400033086,0,33,0,0.0,2.0,1.0,6.0,A01
201400033087,0,30,0,0.0,2.0,1.0,16.0,A01
201400033087,0,7,0,0.0,2.0,2.0,16.0,B01
201400033088,0,7,0,0.0,2.0,1.0,9.0,A01
201400033088,0,3,0,0.0,2.0,7.0,1.0,B01
201400033089,0,7,0,0.0,2.0,1.0,1.0,B01
201400033089,0,7,0,0.0,2.0,1.0,14.0,A01
201400033090,0,7,0,0.0,2.0,1.0,2.0,A01
201400033090,0,33,0,0.0,2.0,4.0,2.0,B01
201400033091,0,1,0,0.0,2.0,1.0,5.0,A01
201400033091,0,7,0,0.0,2.0,2.0,21.0,B01
201400033092,0,7,0,0.0,2.0,4.0,2.0,B01
201400033092,0,7,0,0.0,2.0,1.0,2.0,A01
201400033093,0,7,0,0.0,1.0,1.0,9.0,A01
201400033094,0,7,0,0.0,2.0,4.0,2.0,B01
201400033094,0,7,0,0.0,2.0,1.0,2.0,A01
201400033095,1,7,0,0.0,2.0,1.0,0.0,Z01
201400033095,0,7,0,0.0,0.0,4.0,1.0,B01
201400033096,0,32,0,0.0,1.0,1.0,1.0,A01
201400033097,0,7,0,0.0,1.0,1.0,15.0,A01
201400033098,0,7,0,0.0,2.0,1.0,1.0,A01
201400033098,0,7,0,0.0,2.0,8.0,21.0,B01
201400033099,0,7,0,0.0,1.0,3.0,1.0,A01
201400033100,0,30,0,0.0,2.0,3.0,18.0,B01
201400033100,0,7,0,0.0,2.0,1.0,15.0,A01
201400033100,0,7,0,0.0,0.0,4.0,1.0,C01
201400033101,0,30,0,0.0,2.0,1.0,1.0,B01
201400033101,0,7,0,0.0,2.0,7.0,15.0,A01
201400033102,0,7,0,0.0,1.0,1.0,1.0,A01
201400033103,0,7,0,1.0,0.0,1.0,1.0,A01
201400033104,0,7,0,0.0,1.0,1.0,1.0,A01
201400033105,0,7,0,0.0,2.0,1.0,1.0,A01
201400033105,0,1,0,0.0,2.0,8.0,1.0,B01
201400033106,0,7,0,0.0,1.0,3.0,1.0,A01
201400033107,0,7,0,0.0,2.0,3.0,9.0,A01
201400033107,0,30,0,0.0,2.0,1.0,21.0,B01
201400033108,0,7,0,0.0,2.0,6.0,13.0,A01
201400033108,0,33,0,0.0,2.0,7.0,1.0,B01
201400033109,0,1,0,0.0,2.0,2.0,1.0,A01
201400033109,0,7,0,0.0,2.0,2.0,21.0,B01
201400033110,0,30,0,0.0,1.0,1.0,1.0,A01
201400033111,0,7,0,0.0,2.0,1.0,2.0,A01
201400033111,0,30,0,0.0,2.0,4.0,2.0,B01
201400033112,0,7,0,0.0,2.0,4.0,2.0,B01
201400033112,0,7,0,0.0,2.0,1.0,2.0,A01
201400033113,0,7,0,0.0,2.0,1.0,2.0,A01
201400033113,0,7,0,0.0,2.0,4.0,2.0,B01
201400033114,0,31,0,0.0,2.0,8.0,21.0,B01
201400033114,1,7,0,0.0,2.0,1.0,15.0,A01
201400033115,0,7,0,0.0,1.0,1.0,1.0,A01
201400033116,0,7,0,0.0,2.0,2.0,10.0,A01
201400033116,0,7,0,0.0,2.0,3.0,1.0,B01
201400033117,0,7,0,0.0,1.0,1.0,1.0,A01
201400033118,0,7,0,0.0,2.0,2.0,15.0,A01
201400033118,0,33,0,0.0,2.0,1.0,21.0,B01
201400033119,0,7,0,0.0,1.0,1.0,15.0,A01
201400033120,0,7,0,0.0,2.0,1.0,1.0,B01
201400033120,0,7,0,0.0,2.0,7.0,1.0,A01
201400033121,0,1,0,0.0,2.0,1.0,21.0,B01
201400033121,0,7,0,0.0,2.0,8.0,22.0,A01
201400033122,0,7,0,0.0,2.0,3.0,10.0,A01
201400033122,0,7,0,0.0,2.0,1.0,1.0,C01
201400033122,0,33,0,0.0,2.0,1.0,1.0,B01
201400033123,1,99,0,0.0,0.0,0.0,0.0,Z01
201400033123,0,7,0,0.0,2.0,4.0,1.0,A01
201400033124,0,7,0,0.0,2.0,2.0,1.0,A01
201400033124,0,7,0,0.0,2.0,3.0,1.0,B01
201400033125,0,7,0,0.0,2.0,3.0,15.0,A01
201400033125,0,2,0,0.0,2.0,2.0,17.0,B01
201400033126,0,7,0,0.0,1.0,1.0,1.0,A01
201400033127,0,7,0,0.0,2.0,1.0,1.0,B01
201400033127,0,7,0,0.0,2.0,2.0,15.0,A01
201400033128,0,7,0,0.0,2.0,3.0,13.0,A01
201400033128,0,7,0,0.0,2.0,8.0,21.0,B01
201400033129,0,31,0,0.0,2.0,1.0,21.0,B01
201400033129,0,7,0,0.0,2.0,3.0,9.0,A01
201400033130,0,7,0,0.0,2.0,3.0,13.0,A01
201400033130,0,7,0,0.0,2.0,3.0,1.0,B01
201400033131,0,10,0,0.0,2.0,1.0,17.0,B02
201400033131,0,7,0,0.0,2.0,1.0,1.0,A01
201400033132,0,7,0,0.0,2.0,1.0,19.0,A01
201400033132,0,1,0,0.0,2.0,6.0,1.0,B01
201400033133,0,7,0,0.0,2.0,8.0,10.0,A01
201400033133,0,7,0,0.0,2.0,1.0,2.0,B01
201400033134,0,7,0,2.0,0.0,2.0,14.0,A01
201400033135,0,7,0,0.0,0.0,2.0,11.0,A01
201400033135,0,34,0,0.0,0.0,1.0,5.0,B01
201400033136,0,7,0,0.0,1.0,1.0,11.0,A01
201400033137,0,10,0,0.0,1.0,1.0,0.0,A01
201400033138,0,7,0,15.0,2.0,9.0,1.0,A01
201400033139,0,7,0,9.0,2.0,8.0,3.0,A01
201400033139,0,33,0,0.0,2.0,8.0,2.0,B01
201400033139,0,33,0,0.0,0.0,6.0,2.0,C01
201400033139,0,7,0,0.0,2.0,3.0,0.0,D01
201400033139,0,7,0,0.0,2.0,8.0,5.0,E01
201400033140,0,7,0,12.0,0.0,9.0,19.0,A01
201400033141,0,2,0,0.0,2.0,1.0,13.0,A01
201400033141,0,7,0,0.0,2.0,7.0,21.0,B01
201400033142,0,33,0,0.0,2.0,7.0,21.0,A01
201400033142,0,7,0,0.0,2.0,8.0,13.0,B01
201400033143,0,33,0,12.0,9.0,1.0,1.0,M01
201400033144,0,7,0,0.0,1.0,2.0,1.0,A01
201400033145,0,7,0,0.0,2.0,1.0,13.0,A01
201400033145,0,7,0,0.0,2.0,1.0,5.0,B01
201400033145,0,7,0,0.0,2.0,8.0,5.0,C01
201400033146,0,7,0,0.0,1.0,1.0,0.0,A01
201400033147,0,7,0,0.0,2.0,3.0,13.0,A01
201400033147,0,7,0,0.0,2.0,3.0,1.0,B01
201400033148,0,7,0,2.0,0.0,2.0,2.0,A01
201400033149,0,38,1,0.0,2.0,3.0,0.0,B01
201400033149,0,7,0,0.0,2.0,2.0,0.0,A01
201400033150,0,7,0,0.0,2.0,7.0,15.0,B01
201400033150,0,1,0,0.0,2.0,1.0,0.0,A01
201400033151,0,7,0,0.0,2.0,2.0,15.0,A01
201400033151,0,32,0,0.0,2.0,1.0,1.0,B01
201400033152,0,7,0,0.0,2.0,2.0,1.0,A01
201400033152,0,1,0,0.0,2.0,7.0,19.0,B01
201400033153,0,7,0,2.0,0.0,1.0,17.0,A01
201400033154,0,7,0,0.0,1.0,2.0,1.0,A01
201400033155,0,7,0,0.0,1.0,1.0,1.0,A01
201400033156,0,7,0,9.0,0.0,1.0,1.0,A01
201400033157,0,7,0,0.0,1.0,1.0,15.0,A01
201400033158,0,7,0,0.0,2.0,1.0,2.0,A01
201400033158,0,7,0,0.0,2.0,4.0,1.0,B01
201400033159,0,7,0,1.0,2.0,8.0,1.0,B01
201400033159,0,7,0,1.0,2.0,3.0,1.0,A01
201400033160,0,7,0,0.0,1.0,1.0,1.0,A01
201400033161,0,40,0,0.0,2.0,1.0,1.0,B01
201400033161,0,7,0,0.0,2.0,8.0,10.0,A01
201400033162,0,1,0,0.0,2.0,1.0,16.0,B01
201400033162,0,1,0,0.0,2.0,1.0,16.0,A01
201400033163,0,7,0,0.0,2.0,1.0,1.0,B01
201400033163,0,1,0,0.0,2.0,1.0,19.0,A01
201400033164,0,33,0,0.0,2.0,8.0,1.0,B01
201400033164,0,7,0,0.0,2.0,1.0,15.0,A01
201400033165,0,7,0,0.0,1.0,3.0,1.0,A01
201400033166,0,7,0,0.0,1.0,1.0,15.0,A01
201400033167,0,1,0,0.0,2.0,8.0,19.0,B01
201400033167,0,7,0,0.0,2.0,1.0,1.0,A01
201400033168,0,7,0,0.0,1.0,1.0,1.0,A01
201400033169,0,7,0,0.0,2.0,7.0,15.0,A01
201400033169,0,2,0,0.0,2.0,1.0,1.0,B01
201400033170,0,37,26,0.0,2.0,3.0,1.0,B01
201400033170,0,7,0,0.0,2.0,1.0,1.0,A01
201400033171,0,7,0,14.0,0.0,1.0,2.0,A01
201400033171,0,10,0,0.0,2.0,4.0,23.0,B01
201400033172,0,7,0,0.0,1.0,1.0,1.0,A01
201400033173,0,7,0,0.0,2.0,6.0,24.0,B01
201400033173,0,7,0,1.0,0.0,7.0,1.0,A01
201400033174,0,7,0,0.0,1.0,6.0,4.0,A01
201400033175,0,7,0,0.0,2.0,1.0,1.0,B01
201400033175,0,7,0,0.0,2.0,3.0,16.0,A01
201400033176,0,7,0,0.0,2.0,8.0,15.0,B01
201400033176,0,7,0,0.0,2.0,1.0,1.0,A01
201400033177,0,2,0,0.0,2.0,1.0,16.0,A01
201400033177,0,1,0,0.0,2.0,1.0,19.0,B01
201400033178,0,7,0,0.0,1.0,8.0,15.0,A01
201400033179,0,7,0,0.0,1.0,6.0,1.0,A01
201400033180,0,7,0,0.0,2.0,3.0,15.0,A01
201400033180,0,31,0,0.0,2.0,1.0,1.0,B01
201400033181,0,7,0,0.0,2.0,1.0,1.0,A01
201400033181,0,7,0,0.0,2.0,1.0,23.0,C01
201400033181,0,7,0,0.0,2.0,7.0,1.0,B01
201400033182,0,7,0,0.0,2.0,1.0,1.0,C01
201400033182,0,7,0,0.0,2.0,1.0,15.0,A01
201400033182,0,7,0,0.0,2.0,7.0,1.0,B01
201400033183,0,7,0,0.0,1.0,7.0,16.0,A01
201400033184,0,7,0,0.0,2.0,1.0,6.0,A01
201400033184,0,7,0,0.0,2.0,3.0,1.0,B01
201400033185,2,7,0,9.0,0.0,1.0,0.0,A01
201400033186,0,7,0,0.0,2.0,2.0,15.0,A01
201400033186,0,31,0,0.0,2.0,1.0,1.0,B01
201400033187,0,7,0,0.0,2.0,7.0,16.0,B01
201400033187,0,1,0,0.0,2.0,1.0,19.0,A01
201400033188,0,7,0,0.0,1.0,1.0,1.0,A01
201400033189,0,7,0,0.0,2.0,1.0,15.0,A01
201400033189,0,30,0,0.0,2.0,8.0,1.0,B01
201400033190,0,7,0,15.0,0.0,1.0,1.0,A01
201400033191,0,7,0,0.0,1.0,1.0,15.0,A01
201400033192,0,7,0,0.0,1.0,2.0,1.0,A01
201400033193,0,33,0,0.0,2.0,1.0,1.0,B01
201400033193,0,7,0,0.0,2.0,7.0,10.0,A01
201400033194,0,7,0,0.0,2.0,3.0,15.0,B01
201400033194,0,30,0,0.0,2.0,7.0,1.0,A01
201400033195,0,10,0,0.0,2.0,8.0,1.0,B01
201400033195,0,33,0,0.0,2.0,1.0,1.0,A01
201400033196,0,7,0,0.0,2.0,4.0,1.0,A01
201400033196,0,10,0,0.0,2.0,1.0,1.0,C01
201400033196,0,7,0,0.0,2.0,1.0,0.0,B01