Num_Acc,senc,catv,occutc,obs,obsm,choc,manv,num_veh
201400033197,0,1,0,0.0,2.0,1.0,1.0,B01
201400033197,0,7,0,0.0,2.0,7.0,16.0,A01
201400033198,0,10,0,0.0,1.0,1.0,1.0,A01
201400033199,0,7,0,0.0,2.0,7.0,15.0,A01
201400033199,0,7,0,0.0,2.0,1.0,1.0,B01
201400033200,0,1,0,0.0,2.0,4.0,1.0,B01
201400033200,0,7,0,0.0,2.0,2.0,16.0,A01
201400033201,0,30,0,0.0,2.0,1.0,1.0,A01
201400033201,0,7,0,0.0,2.0,2.0,15.0,B01
201400033202,0,1,0,0.0,2.0,1.0,1.0,B01
201400033202,0,7,0,0.0,2.0,3.0,9.0,A01
201400033203,0,7,0,0.0,1.0,1.0,15.0,A01
201400033204,0,1,0,0.0,2.0,1.0,16.0,B01
201400033204,0,7,0,0.0,2.0,2.0,15.0,A01
201400033205,0,37,1,0.0,2.0,6.0,1.0,B01
201400033205,0,33,0,14.0,2.0,1.0,17.0,A01
201400033206,1,7,0,0.0,1.0,3.0,1.0,Z01
201400033207,0,2,0,0.0,2.0,1.0,16.0,A01
201400033207,0,32,0,0.0,2.0,8.0,1.0,B01
201400033208,0,7,0,1.0,0.0,2.0,1.0,A01
201400033209,0,10,0,0.0,2.0,4.0,1.0,B01
201400033209,0,7,0,0.0,2.0,1.0,1.0,A01
201400033210,0,7,0,0.0,2.0,2.0,22.0,A01
201400033210,0,1,0,1.0,0.0,1.0,1.0,B01
201400033211,0,40,0,0.0,1.0,6.0,1.0,A01
201400033212,0,10,0,3.0,0.0,3.0,1.0,A01
201400033213,0,40,0,0.0,2.0,2.0,1.0,B01
201400033213,0,7,0,0.0,2.0,3.0,15.0,A01
201400033214,0,1,0,0.0,2.0,1.0,1.0,A01
201400033214,0,7,0,0.0,2.0,1.0,1.0,B01
201400033215,0,7,0,16.0,0.0,9.0,1.0,A01
201400033216,0,7,0,0.0,2.0,3.0,1.0,B01
201400033216,0,7,0,0.0,2.0,4.0,13.0,A01
201400033217,1,30,0,0.0,1.0,0.0,0.0,Z01
201400033218,1,7,0,0.0,2.0,0.0,1.0,Z01
201400033218,0,7,0,0.0,2.0,4.0,10.0,A01
201400033219,0,7,0,0.0,2.0,4.0,1.0,B01
201400033219,0,7,0,0.0,2.0,1.0,2.0,A01
201400033220,1,7,0,0.0,1.0,0.0,0.0,Z01
201400033221,0,33,0,0.0,2.0,5.0,1.0,B01
201400033221,0,7,0,0.0,2.0,3.0,1.0,A01
201400033222,0,7,0,0.0,2.0,1.0,1.0,B01
201400033222,0,7,0,0.0,2.0,1.0,15.0,A01
201400033222,0,7,0,0.0,2.0,3.0,1.0,C01
201400033223,0,7,0,0.0,2.0,8.0,15.0,A01
201400033223,0,17,0,0.0,2.0,1.0,1.0,B01
201400033224,0,33,0,0.0,2.0,1.0,1.0,C01
201400033224,0,33,0,0.0,2.0,1.0,1.0,B01
201400033224,0,3,0,0.0,2.0,1.0,15.0,A01
201400033225,1,30,0,0.0,1.0,1.0,1.0,Z01
201400033226,0,7,0,0.0,1.0,2.0,1.0,A01
201400033227,0,7,0,0.0,1.0,2.0,0.0,A01
201400033228,0,7,0,0.0,2.0,2.0,1.0,A01
201400033228,0,7,0,0.0,2.0,6.0,1.0,B01
201400033229,0,1,0,0.0,1.0,0.0,0.0,A01
201400033230,0,2,0,0.0,2.0,1.0,16.0,A01
201400033230,0,7,0,0.0,2.0,1.0,15.0,B01
201400033231,0,2,0,0.0,2.0,1.0,2.0,A01
201400033231,0,7,0,0.0,2.0,3.0,2.0,B01
201400033232,0,7,0,6.0,0.0,8.0,1.0,A01
201400033233,0,30,0,0.0,2.0,2.0,1.0,A01
201400033233,0,7,0,0.0,2.0,2.0,1.0,B01
201400033234,0,7,0,0.0,2.0,1.0,1.0,A01
201400033234,0,7,0,0.0,2.0,4.0,1.0,B01
201400033235,0,40,0,0.0,1.0,2.0,1.0,A01
201400033236,0,7,0,0.0,2.0,8.0,11.0,B01
201400033236,0,32,0,0.0,2.0,1.0,11.0,A01
201400033237,0,7,0,0.0,2.0,1.0,16.0,A01
201400033237,0,31,0,0.0,2.0,1.0,1.0,B01
201400033238,0,7,0,0.0,1.0,3.0,1.0,A01
201400033239,0,7,0,0.0,2.0,1.0,0.0,A01
201400033239,0,30,0,0.0,2.0,3.0,0.0,B01
201400033240,0,40,0,0.0,1.0,1.0,1.0,A01
201400033241,0,1,0,0.0,1.0,2.0,1.0,A01
201400033242,0,40,0,0.0,1.0,1.0,1.0,A01
201400033243,0,7,0,0.0,2.0,1.0,1.0,A01
201400033243,0,7,0,0.0,2.0,8.0,15.0,B01
201400033244,0,2,0,0.0,2.0,1.0,15.0,A01
201400033244,0,1,0,0.0,2.0,1.0,1.0,B01
201400033245,0,7,0,0.0,2.0,1.0,1.0,B01
201400033245,0,7,0,0.0,2.0,8.0,15.0,A01
201400033246,0,7,0,0.0,2.0,3.0,1.0,B01
201400033246,0,7,0,0.0,2.0,3.0,1.0,A01
201400033247,0,7,0,0.0,2.0,3.0,15.0,A01
201400033247,0,1,0,0.0,2.0,1.0,1.0,B01
201400033248,0,7,0,0.0,1.0,2.0,16.0,A01
201400033249,0,7,0,0.0,1.0,2.0,1.0,A01
201400033250,0,2,0,15.0,0.0,2.0,1.0,A01
201400033251,0,31,0,0.0,2.0,8.0,1.0,A01
201400033251,0,7,0,0.0,2.0,7.0,15.0,B01
201400033252,1,7,0,0.0,1.0,1.0,15.0,Z01
201400033253,0,7,0,0.0,2.0,4.0,23.0,C01
201400033253,0,7,0,0.0,2.0,1.0,1.0,B01
201400033253,0,7,0,0.0,2.0,1.0,1.0,A01
201400033254,0,30,0,8.0,0.0,3.0,1.0,A01
201400033255,0,7,0,0.0,1.0,4.0,4.0,A01
201400033256,0,1,0,0.0,2.0,2.0,1.0,B01
201400033256,0,7,0,0.0,2.0,1.0,16.0,A01
201400033257,0,30,0,0.0,2.0,1.0,17.0,A01
201400033257,0,7,0,0.0,2.0,8.0,15.0,B01
201400033258,0,7,0,0.0,2.0,2.0,1.0,A01
201400033258,0,2,0,0.0,2.0,8.0,1.0,B01
201400033259,0,1,0,0.0,2.0,1.0,1.0,B01
201400033259,0,7,0,0.0,2.0,5.0,15.0,A01
201400033260,0,1,0,0.0,2.0,4.0,1.0,B01
201400033260,0,7,0,0.0,2.0,2.0,15.0,A01
201400033261,0,7,0,0.0,2.0,3.0,1.0,B01
201400033261,0,1,0,0.0,2.0,1.0,16.0,A01
201400033262,0,7,0,0.0,2.0,1.0,15.0,A01
201400033262,0,7,0,0.0,2.0,7.0,1.0,B01
201400033263,0,1,0,0.0,1.0,1.0,1.0,A01
201400033264,1,7,0,0.0,2.0,0.0,1.0,Z01
201400033264,0,2,0,0.0,2.0,6.0,1.0,B01
201400033265,0,33,0,0.0,2.0,1.0,1.0,B01
201400033265,0,7,0,0.0,2.0,1.0,15.0,A01
201400033266,0,1,0,0.0,2.0,5.0,1.0,B01
201400033266,0,7,0,0.0,2.0,1.0,1.0,A01
201400033267,0,7,0,1.0,0.0,7.0,1.0,A01
201400033268,0,7,0,0.0,2.0,2.0,1.0,B01
201400033268,0,7,0,0.0,2.0,1.0,1.0,A01
201400033269,0,7,0,0.0,2.0,0.0,1.0,A01
201400033269,0,1,0,0.0,2.0,2.0,1.0,B01
201400033270,0,7,0,0.0,2.0,1.0,16.0,A01
201400033270,0,1,0,0.0,2.0,7.0,1.0,B01
201400033271,1,30,0,0.0,1.0,0.0,0.0,Z01
201400033272,0,33,0,0.0,2.0,1.0,1.0,B01
201400033272,0,7,0,0.0,2.0,1.0,15.0,A01
201400033273,0,7,0,0.0,2.0,3.0,15.0,A01
201400033273,0,7,0,0.0,2.0,8.0,1.0,B01
201400033274,0,1,0,0.0,2.0,8.0,1.0,B01
201400033274,0,7,0,0.0,2.0,5.0,16.0,A01
201400033275,0,7,0,2.0,0.0,1.0,1.0,A01
201400033276,0,7,0,0.0,2.0,2.0,23.0,A01
201400033276,0,1,0,0.0,2.0,1.0,1.0,B01
201400033277,0,7,0,0.0,2.0,1.0,13.0,A01
201400033277,0,7,0,0.0,2.0,3.0,1.0,C01
201400033277,0,7,0,0.0,2.0,6.0,1.0,B01
201400033278,0,7,0,0.0,2.0,1.0,9.0,A01
201400033278,0,7,0,0.0,2.0,7.0,1.0,B01
201400033278,0,7,0,0.0,2.0,3.0,1.0,C01
201400033279,0,7,0,0.0,2.0,1.0,2.0,A01
201400033279,0,7,0,0.0,2.0,4.0,2.0,C01
201400033279,0,7,0,0.0,2.0,4.0,2.0,B01
201400033280,0,7,0,0.0,2.0,5.0,15.0,B01
201400033280,0,33,0,0.0,2.0,1.0,1.0,A01
201400033281,0,7,0,0.0,1.0,1.0,1.0,A01
201400033282,0,7,0,0.0,2.0,3.0,1.0,B01
201400033282,0,7,0,0.0,2.0,1.0,1.0,A01
201400033283,0,7,0,1.0,2.0,4.0,2.0,B01
201400033283,0,7,0,0.0,2.0,1.0,2.0,A01
201400033283,0,7,0,0.0,2.0,4.0,2.0,C01
201400033284,0,1,0,0.0,2.0,8.0,1.0,B01
201400033284,0,7,0,0.0,2.0,2.0,1.0,A01
201400033285,0,37,25,0.0,1.0,2.0,1.0,A01
201400033286,0,31,0,0.0,2.0,1.0,1.0,B01
201400033286,0,7,0,0.0,2.0,5.0,15.0,A01
201400033287,0,7,0,0.0,2.0,1.0,16.0,A01
201400033287,0,7,0,0.0,0.0,0.0,1.0,B01
201400033288,0,7,0,0.0,2.0,1.0,15.0,A01
201400033288,0,33,0,0.0,2.0,1.0,1.0,B01
201400033289,0,1,0,0.0,2.0,0.0,1.0,B01
201400033289,0,15,0,0.0,2.0,5.0,16.0,A01
201400033290,0,2,0,0.0,2.0,1.0,1.0,B01
201400033290,1,33,0,0.0,2.0,0.0,0.0,Z01
201400033291,0,7,0,0.0,2.0,8.0,1.0,B01
201400033291,0,7,0,8.0,2.0,3.0,1.0,A01
201400033292,0,7,0,8.0,0.0,1.0,1.0,A01
201400033293,0,1,0,0.0,2.0,1.0,1.0,A01
201400033293,0,1,0,0.0,2.0,1.0,1.0,B01
201400033294,0,1,0,0.0,2.0,2.0,1.0,B01
201400033294,0,7,0,0.0,2.0,8.0,16.0,A01
201400033295,0,7,0,0.0,1.0,2.0,1.0,A01
201400033296,0,1,0,0.0,2.0,1.0,1.0,A01
201400033296,0,1,0,0.0,2.0,6.0,1.0,B01
201400033297,0,7,0,0.0,2.0,7.0,1.0,B01
201400033297,0,7,0,0.0,2.0,1.0,1.0,A01
201400033298,0,33,0,0.0,2.0,3.0,1.0,B01
201400033298,0,7,0,0.0,2.0,1.0,15.0,A01
201400033299,0,7,0,0.0,1.0,1.0,15.0,A01
201400033300,0,37,1,0.0,2.0,6.0,1.0,B01
201400033300,0,1,0,0.0,2.0,1.0,19.0,A01
201400033301,0,7,0,0.0,1.0,2.0,15.0,A01
201400033302,0,7,0,0.0,2.0,3.0,0.0,B01
201400033302,0,1,0,0.0,2.0,1.0,1.0,A01
201400033303,0,7,0,0.0,2.0,1.0,15.0,A01
201400033303,0,1,0,0.0,2.0,2.0,1.0,B01
201400033304,0,1,0,0.0,2.0,1.0,1.0,B01
201400033304,0,7,0,0.0,2.0,1.0,15.0,A01
201400033305,0,1,0,0.0,2.0,1.0,1.0,B01
201400033305,0,7,0,0.0,2.0,2.0,1.0,A01
201400033306,0,7,0,0.0,1.0,8.0,1.0,A01
201400033307,0,7,0,0.0,2.0,3.0,1.0,A01
201400033307,0,7,0,0.0,2.0,6.0,1.0,B01
201400033308,1,7,0,0.0,2.0,0.0,1.0,Z01
201400033308,0,7,0,0.0,2.0,1.0,1.0,C01
201400033308,0,7,0,0.0,2.0,4.0,1.0,D01
201400033308,0,7,0,0.0,2.0,1.0,1.0,B01
201400033309,0,7,0,0.0,1.0,1.0,1.0,A01
201400033310,0,1,0,0.0,0.0,1.0,1.0,B01
201400033310,0,7,0,0.0,2.0,8.0,1.0,A01
201400033311,0,1,0,0.0,2.0,7.0,1.0,B01
201400033311,0,1,0,0.0,2.0,1.0,1.0,A01
201400033312,0,7,0,0.0,1.0,0.0,1.0,A01
201400033313,0,7,0,1.0,0.0,1.0,1.0,A01
201400033314,0,7,0,0.0,2.0,0.0,4.0,A01
201400033314,0,1,0,0.0,2.0,1.0,1.0,B01
201400033315,1,2,0,0.0,2.0,1.0,9.0,A01
201400033315,0,7,0,0.0,2.0,7.0,1.0,B01
201400033316,0,7,0,0.0,2.0,5.0,1.0,B01
201400033316,0,30,0,0.0,2.0,1.0,1.0,A01
201400033317,0,30,0,12.0,0.0,0.0,1.0,A01
201400033318,0,1,0,0.0,0.0,1.0,0.0,B01
201400033318,0,30,0,0.0,0.0,0.0,1.0,A01
201400033319,1,7,0,0.0,1.0,0.0,1.0,Z01
201400033320,0,7,0,0.0,2.0,6.0,1.0,A01
201400033320,0,33,0,0.0,2.0,2.0,1.0,B01
201400033321,0,7,0,0.0,2.0,2.0,1.0,B01
201400033321,0,7,0,1.0,2.0,4.0,1.0,A01
201400033322,0,40,0,0.0,1.0,1.0,1.0,A01
201400033323,0,7,0,0.0,2.0,3.0,1.0,Z01
201400033323,0,34,0,1.0,2.0,5.0,1.0,A01
201400033324,0,32,0,0.0,2.0,1.0,1.0,B01
201400033324,0,7,0,0.0,2.0,1.0,15.0,A01
201400033325,0,7,0,0.0,2.0,2.0,1.0,A01
201400033325,0,7,0,0.0,2.0,1.0,1.0,B01
201400033326,0,7,0,0.0,2.0,7.0,1.0,A01
201400033326,0,30,0,0.0,2.0,8.0,1.0,B01
201400033327,0,7,0,0.0,2.0,1.0,15.0,A01
201400033327,0,7,0,0.0,2.0,2.0,1.0,B01
201400033328,0,1,0,0.0,2.0,2.0,0.0,B01
201400033328,0,7,0,0.0,2.0,1.0,1.0,A01
201400033329,0,1,0,0.0,9.0,0.0,1.0,A01
201400033330,0,1,0,0.0,2.0,1.0,1.0,B01
201400033330,0,7,0,0.0,2.0,3.0,22.0,A01
201400033331,0,7,0,0.0,2.0,1.0,15.0,A01
201400033331,0,31,0,0.0,2.0,8.0,1.0,B01
201400033332,0,7,0,0.0,2.0,4.0,23.0,C01
201400033332,0,7,0,0.0,2.0,4.0,23.0,B01
201400033332,0,7,0,0.0,2.0,1.0,1.0,A01
201400033333,0,7,0,0.0,2.0,1.0,1.0,A01
201400033333,0,7,0,0.0,2.0,1.0,1.0,B01
201400033334,0,2,0,0.0,2.0,0.0,1.0,A01
201400033335,0,15,0,0.0,2.0,3.0,15.0,A01
201400033335,0,32,0,0.0,2.0,1.0,1.0,B01
201400033336,0,1,0,0.0,2.0,1.0,0.0,A01
201400033336,0,33,0,0.0,2.0,1.0,1.0,B01
201400033337,0,7,0,0.0,2.0,8.0,22.0,A01
201400033337,0,1,0,0.0,2.0,1.0,1.0,B01
201400033338,0,10,0,0.0,2.0,2.0,4.0,A01
201400033338,0,7,0,0.0,2.0,5.0,23.0,B01
201400033339,0,7,0,0.0,1.0,2.0,1.0,A01
201400033340,0,2,0,0.0,2.0,2.0,1.0,A01
201400033340,0,7,0,0.0,2.0,3.0,1.0,B01
201400033341,0,1,0,0.0,2.0,7.0,19.0,B01
201400033341,0,7,0,0.0,2.0,1.0,1.0,A01
201400033342,0,7,0,0.0,2.0,1.0,1.0,A01
201400033342,0,34,0,0.0,2.0,8.0,1.0,B01
201400033343,0,1,0,0.0,2.0,1.0,1.0,A01
201400033343,0,1,0,0.0,2.0,8.0,19.0,B01
201400033344,0,7,0,15.0,0.0,1.0,1.0,A01
201400033344,1,7,0,0.0,2.0,0.0,16.0,Z01
201400033345,0,7,0,0.0,2.0,1.0,1.0,B01
201400033345,0,1,0,0.0,2.0,9.0,1.0,A01
201400033346,0,7,0,0.0,1.0,3.0,1.0,A01
201400033347,0,7,0,0.0,2.0,1.0,1.0,A01
201400033347,0,7,0,0.0,2.0,4.0,1.0,C01
201400033347,0,7,0,0.0,2.0,0.0,1.0,B01
201400033348,0,7,0,0.0,2.0,2.0,1.0,B01
201400033348,0,7,0,0.0,2.0,3.0,15.0,A01
201400033349,1,7,0,0.0,1.0,0.0,10.0,Z01
201400033350,0,33,0,0.0,2.0,2.0,1.0,B01
201400033350,0,7,0,0.0,2.0,7.0,1.0,A01
201400033351,0,7,0,0.0,2.0,1.0,1.0,B01
201400033351,0,30,0,0.0,2.0,1.0,0.0,A01
201400033352,0,30,0,6.0,0.0,1.0,1.0,A01
201400033353,0,1,0,0.0,1.0,1.0,1.0,A01
201400033354,0,7,0,0.0,2.0,4.0,1.0,C01
201400033354,0,7,0,0.0,2.0,9.0,1.0,B01
201400033354,0,7,0,0.0,2.0,1.0,1.0,A01
201400033355,0,30,0,0.0,2.0,1.0,17.0,A01
201400033355,0,7,0,0.0,2.0,3.0,15.0,B01
201400033356,0,7,0,0.0,2.0,8.0,15.0,B01
201400033356,0,2,0,1.0,2.0,2.0,1.0,A01
201400033357,1,7,0,0.0,1.0,0.0,16.0,Z01
201400033358,0,7,0,0.0,2.0,1.0,1.0,A01
201400033358,0,1,0,0.0,2.0,1.0,16.0,B01
201400033359,0,30,0,0.0,2.0,3.0,1.0,B01
201400033359,0,7,0,0.0,2.0,2.0,1.0,A01
201400033360,0,40,0,0.0,1.0,2.0,1.0,A01
201400033361,0,40,0,0.0,2.0,1.0,1.0,A01
201400033361,0,30,0,0.0,2.0,1.0,1.0,B01
201400033362,0,31,0,0.0,2.0,1.0,1.0,B01
201400033362,0,7,0,0.0,2.0,1.0,1.0,A01
201400033363,0,7,0,0.0,1.0,2.0,1.0,A01
201400033364,0,7,0,0.0,2.0,6.0,11.0,A01
201400033364,0,33,0,0.0,2.0,2.0,1.0,B01
201400033365,0,7,0,0.0,2.0,4.0,1.0,B01
201400033365,0,7,0,0.0,2.0,1.0,1.0,A01
201400033366,0,7,0,0.0,1.0,1.0,1.0,A01
201400033367,0,7,0,0.0,2.0,4.0,1.0,C01
201400033367,0,10,0,0.0,2.0,9.0,1.0,B01
201400033367,0,10,0,0.0,2.0,1.0,1.0,A01
201400033368,0,1,0,0.0,2.0,1.0,1.0,A01
201400033368,1,30,0,0.0,2.0,0.0,1.0,Z01
201400033369,0,30,0,0.0,2.0,0.0,1.0,B01
201400033369,0,7,0,0.0,2.0,7.0,1.0,A01
201400033370,0,34,0,0.0,2.0,1.0,23.0,B01
201400033370,0,10,0,0.0,2.0,4.0,4.0,A01
201400033371,0,7,0,0.0,2.0,1.0,1.0,B01
201400033371,0,1,0,0.0,2.0,3.0,1.0,A01
201400033372,0,7,0,0.0,2.0,1.0,1.0,A01
201400033372,0,7,0,0.0,2.0,4.0,1.0,C01
201400033372,0,7,0,0.0,2.0,4.0,1.0,B01
201400033373,0,7,0,8.0,0.0,3.0,1.0,A01
201400033374,0,7,0,0.0,1.0,3.0,1.0,A01
201400033375,0,1,0,0.0,2.0,1.0,1.0,A01
201400033375,0,40,0,0.0,2.0,3.0,1.0,B01
201400033376,0,33,0,0.0,2.0,4.0,1.0,B01
201400033376,0,7,0,0.0,2.0,2.0,1.0,A01
201400033377,0,7,0,0.0,2.0,2.0,1.0,B01
201400033377,0,1,0,0.0,2.0,1.0,19.0,A01
201400033378,0,7,0,0.0,1.0,2.0,1.0,A01
201400033379,0,7,0,15.0,0.0,1.0,1.0,A01
201400033380,0,7,0,0.0,2.0,1.0,1.0,A01
201400033380,0,1,0,0.0,2.0,1.0,1.0,B01
201400033381,0,1,0,0.0,2.0,1.0,1.0,A01
201400033381,0,7,0,0.0,2.0,2.0,1.0,B01
201400033382,0,7,0,0.0,2.0,6.0,16.0,A01
201400033382,0,1,0,0.0,2.0,1.0,1.0,B01
201400033383,0,7,0,0.0,2.0,9.0,1.0,B01
201400033383,0,7,0,0.0,2.0,9.0,1.0,C01
201400033383,0,7,0,0.0,2.0,1.0,1.0,A01
201400033384,1,99,0,0.0,0.0,0.0,0.0,Z01
201400033384,0,7,0,0.0,2.0,1.0,1.0,A01
201400033385,0,33,0,0.0,2.0,1.0,1.0,B01
201400033385,0,7,0,0.0,2.0,7.0,15.0,A01
201400033386,0,30,0,12.0,2.0,1.0,1.0,A01
201400033386,0,7,0,0.0,2.0,4.0,1.0,B01
201400033387,0,2,0,0.0,0.0,0.0,16.0,A01
201400033388,1,33,0,0.0,2.0,1.0,1.0,B01
201400033388,0,30,0,0.0,2.0,1.0,1.0,A01
201400033389,0,7,0,0.0,2.0,1.0,1.0,A01
201400033389,0,30,0,0.0,2.0,1.0,1.0,B01
201400033390,0,40,0,0.0,2.0,2.0,1.0,A01
201400033390,0,1,0,0.0,2.0,4.0,1.0,B01
201400033391,0,7,0,0.0,1.0,1.0,1.0,A01
201400033392,0,7,0,6.0,0.0,9.0,1.0,B01
201400033392,0,7,0,8.0,2.0,1.0,1.0,A01
201400033393,0,2,0,0.0,2.0,1.0,1.0,A01
201400033393,0,7,0,0.0,2.0,3.0,1.0,B01
201400033394,0,1,0,0.0,2.0,1.0,1.0,A01
201400033394,0,7,0,0.0,2.0,4.0,1.0,B01
201400033395,0,7,0,0.0,2.0,1.0,1.0,A01
201400033395,0,7,0,0.0,2.0,4.0,1.0,B01
201400033395,0,7,0,0.0,2.0,4.0,1.0,C01
201400033396,1,30,0,0.0,1.0,0.0,1.0,Z01
201400033397,0,2,0,1.0,0.0,1.0,1.0,A01
201400033398,0,1,0,0.0,2.0,1.0,1.0,B01
201400033398,0,7,0,0.0,2.0,5.0,15.0,A01
201400033399,0,10,0,0.0,2.0,3.0,1.0,B01
201400033399,0,1,0,0.0,2.0,7.0,19.0,A01
201400033400,0,40,0,0.0,1.0,2.0,1.0,A01
201400033401,0,1,0,0.0,2.0,1.0,1.0,B01
201400033401,0,7,0,0.0,2.0,2.0,9.0,A01
201400033402,0,33,0,0.0,2.0,1.0,1.0,B01
201400033402,0,7,0,0.0,2.0,7.0,15.0,A01
201400033403,0,7,0,0.0,1.0,4.0,20.0,A01
201400033404,0,7,0,0.0,2.0,8.0,11.0,A01
201400033404,0,34,0,0.0,2.0,7.0,1.0,B01
201400033405,0,7,0,0.0,1.0,1.0,1.0,A01
201400033406,0,7,0,0.0,2.0,1.0,2.0,A01
201400033406,0,32,0,0.0,2.0,4.0,2.0,B01
201400033407,0,7,0,0.0,2.0,5.0,1.0,B01
201400033407,0,33,0,0.0,2.0,1.0,1.0,A01
201400033408,0,10,0,0.0,2.0,5.0,10.0,A01
201400033408,0,30,0,0.0,2.0,8.0,1.0,B01
201400033409,0,7,0,0.0,2.0,1.0,1.0,A01
201400033409,0,7,0,0.0,2.0,4.0,1.0,B01
201400033410,0,1,0,0.0,2.0,1.0,5.0,A01
201400033410,0,37,1,0.0,9.0,2.0,7.0,B01
201400033411,0,32,0,0.0,2.0,8.0,1.0,B01
201400033411,1,7,0,0.0,2.0,3.0,15.0,Z01
201400033412,1,7,0,0.0,2.0,1.0,15.0,Z01
201400033412,0,1,0,0.0,2.0,1.0,19.0,B01
201400033413,0,7,0,0.0,9.0,3.0,20.0,A01
201400033413,0,1,0,0.0,2.0,1.0,1.0,B01
201400033414,0,7,0,0.0,2.0,1.0,1.0,B01
201400033414,0,1,0,0.0,2.0,1.0,19.0,A01
201400033415,0,7,0,0.0,2.0,1.0,1.0,A01
201400033415,0,7,0,0.0,2.0,3.0,1.0,B01
201400033416,0,1,0,0.0,2.0,4.0,1.0,A01
201400033416,0,1,0,0.0,2.0,1.0,15.0,B01
201400033417,0,7,0,0.0,2.0,2.0,16.0,B01
201400033417,0,1,0,0.0,2.0,1.0,19.0,A01
201400033418,0,7,0,0.0,2.0,4.0,1.0,B01
201400033418,0,10,0,0.0,2.0,2.0,1.0,A01
201400033419,0,38,15,0.0,2.0,1.0,24.0,B01
201400033419,0,38,15,0.0,2.0,4.0,24.0,A01
201400033420,0,7,0,0.0,2.0,1.0,19.0,A01
201400033420,0,33,0,0.0,2.0,1.0,1.0,B01
201400033421,0,15,0,0.0,2.0,0.0,3.0,A01
201400033421,0,1,0,0.0,2.0,8.0,1.0,B01
201400033422,0,1,0,0.0,2.0,1.0,1.0,B01
201400033422,0,7,0,0.0,2.0,2.0,16.0,A01
201400033423,0,1,0,0.0,2.0,7.0,1.0,A01
201400033423,0,7,0,0.0,2.0,1.0,1.0,B01
201400033424,0,7,0,0.0,1.0,1.0,1.0,A01
201400033425,0,7,0,0.0,2.0,7.0,1.0,A01
201400033425,0,7,0,0.0,2.0,2.0,1.0,C01
201400033425,0,7,0,0.0,2.0,1.0,1.0,B01
201400033426,0,37,1,0.0,1.0,5.0,1.0,A01
201400033427,0,7,0,1.0,0.0,1.0,15.0,A01
201400033428,0,7,0,8.0,0.0,1.0,1.0,A01
201400033429,0,7,0,0.0,2.0,3.0,19.0,A01
201400033429,0,7,0,0.0,2.0,1.0,1.0,B01
201400033430,0,7,0,0.0,1.0,2.0,1.0,A01
201400033431,0,33,0,14.0,0.0,1.0,1.0,A01
201400033432,0,7,0,0.0,2.0,1.0,1.0,A01
201400033432,0,1,0,0.0,2.0,7.0,16.0,B01
201400033433,0,7,0,15.0,0.0,3.0,1.0,A01
201400033433,0,7,0,0.0,2.0,6.0,1.0,B01
201400033434,0,7,0,0.0,2.0,1.0,1.0,A01
201400033434,0,7,0,0.0,2.0,4.0,1.0,B01
201400033434,0,7,0,0.0,2.0,4.0,1.0,C01
201400033435,0,7,0,0.0,1.0,3.0,14.0,A01
201400033436,0,7,0,0.0,2.0,3.0,1.0,A01
201400033436,0,7,0,0.0,2.0,1.0,1.0,B01
201400033437,0,7,0,0.0,1.0,2.0,1.0,A01
201400033438,0,7,0,0.0,2.0,1.0,15.0,A01
201400033438,0,33,0,0.0,2.0,8.0,1.0,B01
201400033438,0,7,0,0.0,2.0,1.0,1.0,C01
201400033439,0,7,0,0.0,2.0,1.0,1.0,A01
201400033439,0,7,0,0.0,2.0,1.0,1.0,B01
201400033440,0,10,0,0.0,1.0,2.0,1.0,A01
201400033441,0,7,0,0.0,2.0,1.0,1.0,A01
201400033441,0,7,0,0.0,2.0,7.0,15.0,B01
201400033442,0,7,0,0.0,2.0,3.0,1.0,B01
201400033442,0,7,0,0.0,2.0,1.0,15.0,A01
201400033443,0,7,0,0.0,1.0,3.0,1.0,A01
201400033444,0,40,0,0.0,1.0,1.0,1.0,A01
201400033445,0,7,0,0.0,2.0,0.0,5.0,A01
201400033445,0,32,0,0.0,2.0,8.0,1.0,B01
201400033446,0,7,0,0.0,2.0,3.0,15.0,B01
201400033446,0,1,0,0.0,2.0,1.0,1.0,A01
201400033447,0,7,0,0.0,1.0,1.0,1.0,A01
201400033448,0,32,0,0.0,2.0,7.0,1.0,A01
201400033448,0,7,0,0.0,2.0,8.0,1.0,B01
201400033449,0,1,0,0.0,2.0,3.0,13.0,A01
201400033449,0,7,0,0.0,2.0,1.0,1.0,B01
201400033450,0,1,0,0.0,1.0,1.0,1.0,A01
201400033451,0,7,0,9.0,9.0,1.0,1.0,A01
201400033451,0,7,0,0.0,9.0,4.0,1.0,B01
201400033452,0,32,0,1.0,0.0,3.0,1.0,A01
201400033453,2,7,0,0.0,2.0,1.0,15.0,Z01
201400033453,0,1,0,0.0,2.0,1.0,1.0,A01
201400033454,0,14,0,0.0,2.0,3.0,16.0,B01
201400033454,0,1,0,0.0,2.0,1.0,15.0,A01
201400033455,0,7,0,0.0,2.0,8.0,11.0,A01
201400033455,0,7,0,0.0,2.0,2.0,1.0,B01
201400033456,0,10,0,0.0,2.0,8.0,13.0,A01
201400033456,0,30,0,0.0,2.0,8.0,1.0,B01
201400033457,0,40,0,0.0,2.0,1.0,1.0,B01
201400033457,0,30,0,0.0,2.0,7.0,1.0,A01
201400033458,0,7,0,8.0,0.0,8.0,1.0,A01
201400033459,0,1,0,0.0,2.0,8.0,1.0,A01
201400033459,0,10,0,0.0,2.0,1.0,15.0,B01