Num_Acc,senc,catv,occutc,obs,obsm,choc,manv,num_veh
201400033460,0,7,0,0.0,2.0,2.0,1.0,A01
201400033460,0,1,0,0.0,2.0,1.0,15.0,B01
201400033461,0,40,0,0.0,0.0,2.0,1.0,B01
201400033461,0,1,0,0.0,2.0,3.0,1.0,A01
201400033462,0,30,0,0.0,2.0,1.0,1.0,A01
201400033462,0,7,0,0.0,2.0,1.0,9.0,B01
201400033463,0,10,0,0.0,1.0,3.0,15.0,A01
201400033464,0,33,0,0.0,2.0,1.0,1.0,A01
201400033464,0,7,0,0.0,2.0,4.0,1.0,B01
201400033465,0,30,0,0.0,2.0,1.0,1.0,A01
201400033465,0,7,0,0.0,2.0,2.0,15.0,B01
201400033466,0,7,0,0.0,2.0,0.0,1.0,A01
201400033466,0,1,0,0.0,2.0,2.0,1.0,B01
201400033467,0,7,0,0.0,0.0,2.0,1.0,B01
201400033467,0,7,0,0.0,2.0,1.0,1.0,A01
201400033468,0,7,0,0.0,9.0,7.0,1.0,A01
201400033468,0,2,0,0.0,2.0,1.0,9.0,B01
201400033469,0,30,0,15.0,0.0,1.0,13.0,A01
201400033470,0,1,0,0.0,2.0,7.0,1.0,B01
201400033470,0,7,0,0.0,2.0,1.0,9.0,A01
201400033471,0,7,0,0.0,1.0,1.0,1.0,A01
201400033472,0,40,0,0.0,1.0,1.0,1.0,A01
201400033473,0,2,0,0.0,2.0,1.0,17.0,B01
201400033473,0,2,0,0.0,2.0,1.0,15.0,A01
201400033474,0,2,0,0.0,1.0,1.0,1.0,A01
201400033475,0,2,0,0.0,2.0,6.0,1.0,B01
201400033475,0,7,0,0.0,2.0,1.0,15.0,A01
201400033476,0,40,10,,0.0,0.0,21.0,B01
201400033476,0,7,0,0.0,4.0,1.0,1.0,A01
201400033477,0,7,0,2.0,0.0,0.0,1.0,A01
201400033478,0,40,0,0.0,4.0,1.0,1.0,B01
201400033478,0,40,0,0.0,4.0,8.0,12.0,A01
201400033479,0,1,0,0.0,2.0,7.0,1.0,B01
201400033479,0,7,0,0.0,2.0,1.0,16.0,A01
201400033480,0,2,0,0.0,2.0,8.0,1.0,A01
201400033480,0,7,0,0.0,2.0,1.0,15.0,B01
201400033481,0,10,0,0.0,2.0,8.0,15.0,B01
201400033481,1,2,0,0.0,2.0,7.0,17.0,A01
201400033482,0,7,0,0.0,2.0,7.0,1.0,A01
201400033482,0,7,0,0.0,2.0,1.0,1.0,B01
201400033483,0,10,0,0.0,1.0,4.0,4.0,A01
201400033484,0,1,0,0.0,2.0,1.0,1.0,A01
201400033484,0,7,0,0.0,2.0,3.0,1.0,B01
201400033485,0,7,0,0.0,2.0,3.0,10.0,A01
201400033485,0,1,0,0.0,2.0,1.0,1.0,B01
201400033486,0,7,0,0.0,1.0,2.0,1.0,A01
201400033487,0,1,0,0.0,2.0,0.0,19.0,A01
201400033487,0,7,0,0.0,2.0,3.0,1.0,C01
201400033487,0,7,0,0.0,2.0,2.0,1.0,B01
201400033488,0,15,0,6.0,0.0,2.0,1.0,A01
201400033489,0,7,0,0.0,1.0,1.0,1.0,A01
201400033490,0,7,0,0.0,2.0,3.0,16.0,A01
201400033490,0,1,0,0.0,2.0,1.0,1.0,B01
201400033491,0,10,0,0.0,2.0,3.0,1.0,A01
201400033491,0,1,0,0.0,2.0,1.0,15.0,B01
201400033492,0,7,0,0.0,2.0,1.0,13.0,A01
201400033492,0,7,0,0.0,2.0,2.0,16.0,B01
201400033493,0,7,0,0.0,2.0,3.0,1.0,B01
201400033493,0,7,0,0.0,2.0,7.0,13.0,A01
201400033494,0,7,0,0.0,1.0,1.0,1.0,A01
201400033495,0,7,0,0.0,2.0,1.0,1.0,B01
201400033495,0,7,0,0.0,2.0,3.0,13.0,A01
201400033496,0,7,0,2.0,0.0,1.0,1.0,A01
201400033497,0,7,0,0.0,2.0,1.0,1.0,A01
201400033497,0,7,0,0.0,2.0,4.0,1.0,C01
201400033497,0,30,0,0.0,2.0,4.0,1.0,B01
201400033498,0,7,0,0.0,1.0,1.0,1.0,A01
201400033499,0,40,0,0.0,2.0,1.0,1.0,B01
201400033499,0,7,0,0.0,2.0,8.0,15.0,A01
201400033500,0,7,0,0.0,1.0,1.0,1.0,A01
201400033501,0,2,0,1.0,0.0,0.0,1.0,A01
201400033501,1,7,0,0.0,0.0,1.0,0.0,Z01
201400033502,0,40,0,0.0,1.0,3.0,1.0,A01
201400033503,0,7,0,0.0,1.0,2.0,1.0,A01
201400033504,0,7,0,0.0,1.0,3.0,15.0,A01
201400033505,1,7,0,0.0,2.0,4.0,2.0,Z01
201400033505,0,7,0,0.0,2.0,4.0,1.0,B01
201400033506,0,33,0,0.0,2.0,0.0,1.0,A01
201400033506,0,7,0,0.0,2.0,0.0,1.0,B01
201400033507,0,7,0,0.0,2.0,2.0,1.0,A01
201400033507,0,33,0,0.0,2.0,1.0,1.0,B01
201400033508,0,1,0,0.0,2.0,7.0,19.0,A01
201400033508,0,7,0,0.0,2.0,1.0,1.0,B01
201400033509,1,2,0,0.0,1.0,1.0,1.0,Z01
201400033510,0,7,0,0.0,2.0,1.0,1.0,A01
201400033510,0,7,0,0.0,2.0,5.0,1.0,B01
201400033511,0,1,0,0.0,2.0,1.0,9.0,A01
201400033511,0,37,1,0.0,2.0,7.0,1.0,B01
201400033512,0,10,0,0.0,1.0,1.0,15.0,A01
201400033513,0,7,0,0.0,2.0,2.0,1.0,A01
201400033513,0,1,0,0.0,2.0,1.0,19.0,B01
201400033514,0,7,0,0.0,2.0,4.0,1.0,B01
201400033514,0,10,0,0.0,2.0,1.0,1.0,A01
201400033514,0,7,0,0.0,2.0,4.0,1.0,C01
201400033515,0,7,0,0.0,2.0,1.0,15.0,A01
201400033515,0,31,0,0.0,2.0,1.0,1.0,B01
201400033516,0,7,0,0.0,1.0,1.0,1.0,A01
201400033517,0,7,0,0.0,1.0,1.0,1.0,A01
201400033518,0,7,0,0.0,1.0,1.0,1.0,A01
201400033519,0,7,0,0.0,2.0,8.0,16.0,B01
201400033519,0,7,0,0.0,2.0,1.0,1.0,A01
201400033520,0,7,0,0.0,2.0,1.0,1.0,A01
201400033520,0,1,0,0.0,2.0,4.0,15.0,B01
201400033521,0,7,0,0.0,2.0,2.0,17.0,A01
201400033521,0,1,0,0.0,2.0,1.0,19.0,B01
201400033522,0,7,0,0.0,2.0,3.0,15.0,B01
201400033522,0,7,0,0.0,2.0,2.0,1.0,A01
201400033523,0,7,0,0.0,1.0,1.0,1.0,A01
201400033524,0,32,0,0.0,2.0,1.0,1.0,B01
201400033524,0,7,0,0.0,2.0,2.0,15.0,A01
201400033525,0,7,0,0.0,2.0,1.0,1.0,A01
201400033525,0,1,0,0.0,2.0,7.0,6.0,B01
201400033526,0,1,0,0.0,2.0,1.0,1.0,A01
201400033526,0,37,1,0.0,2.0,7.0,1.0,B01
201400033527,0,7,0,0.0,2.0,3.0,1.0,B01
201400033527,0,1,0,0.0,2.0,1.0,1.0,A01
201400033528,0,7,0,0.0,2.0,3.0,1.0,B01
201400033528,0,7,0,0.0,2.0,2.0,1.0,A01
201400033529,0,7,0,0.0,2.0,1.0,1.0,A01
201400033529,0,7,0,0.0,2.0,4.0,1.0,B01
201400033530,0,7,0,0.0,1.0,1.0,1.0,A01
201400033531,0,7,0,0.0,1.0,3.0,1.0,A01
201400033532,0,7,0,0.0,2.0,7.0,1.0,A01
201400033532,0,10,0,0.0,2.0,3.0,1.0,B01
201400033533,0,7,0,0.0,1.0,1.0,16.0,A01
201400033534,0,7,0,0.0,2.0,1.0,1.0,B01
201400033534,0,7,0,0.0,2.0,8.0,1.0,A01
201400033535,1,7,0,0.0,1.0,1.0,1.0,Z01
201400033536,0,7,0,0.0,1.0,1.0,1.0,A01
201400033537,0,7,0,0.0,1.0,1.0,9.0,A01
201400033538,0,7,0,0.0,2.0,2.0,16.0,A01
201400033538,0,2,0,0.0,2.0,3.0,1.0,B01
201400033539,0,7,0,0.0,1.0,1.0,1.0,A01
201400033540,0,7,0,0.0,2.0,7.0,9.0,A01
201400033540,0,2,0,0.0,2.0,1.0,1.0,B01
201400033541,0,7,0,0.0,2.0,1.0,1.0,B01
201400033541,0,7,0,0.0,2.0,8.0,9.0,A01
201400033542,0,7,0,1.0,0.0,1.0,1.0,A01
201400033542,0,7,0,1.0,2.0,1.0,0.0,A02
201400033542,0,7,0,1.0,0.0,4.0,0.0,A03
201400033543,0,7,0,0.0,2.0,3.0,1.0,A01
201400033543,0,33,0,0.0,2.0,8.0,9.0,B01
201400033544,0,7,0,0.0,2.0,4.0,4.0,A01
201400033544,0,7,0,0.0,2.0,1.0,9.0,B01
201400033545,0,7,0,0.0,2.0,2.0,15.0,A01
201400033545,0,30,0,0.0,2.0,1.0,1.0,B01
201400033546,0,14,0,0.0,1.0,2.0,15.0,A01
201400033547,0,7,0,0.0,2.0,1.0,22.0,A01
201400033547,0,1,0,0.0,2.0,1.0,1.0,B01
201400033548,0,34,0,0.0,2.0,2.0,17.0,A01
201400033548,0,7,0,0.0,2.0,8.0,10.0,B01
201400033549,0,10,0,0.0,1.0,5.0,4.0,A01
201400033550,0,7,0,0.0,1.0,8.0,1.0,A01
201400033551,0,7,0,0.0,2.0,2.0,15.0,A01
201400033551,0,30,0,0.0,2.0,1.0,1.0,B01
201400033552,0,32,0,0.0,2.0,1.0,2.0,A01
201400033552,0,7,0,0.0,2.0,6.0,23.0,B01
201400033553,0,7,0,0.0,2.0,7.0,1.0,B01
201400033553,0,13,0,0.0,2.0,3.0,9.0,A01
201400033554,0,33,0,0.0,0.0,0.0,21.0,A01
201400033554,1,7,0,0.0,0.0,0.0,1.0,Z01
201400033555,0,14,0,0.0,2.0,3.0,1.0,A01
201400033555,0,7,0,0.0,2.0,4.0,23.0,B01
201400033555,0,7,0,0.0,2.0,4.0,23.0,C01
201400033556,0,7,0,0.0,1.0,1.0,15.0,A01
201400033557,0,7,0,0.0,2.0,6.0,9.0,A01
201400033557,0,32,0,0.0,2.0,2.0,1.0,B01
201400033558,0,7,0,0.0,2.0,3.0,15.0,A01
201400033558,0,32,0,0.0,2.0,1.0,1.0,B01
201400033559,0,7,0,0.0,2.0,1.0,10.0,A01
201400033559,0,33,0,0.0,2.0,7.0,1.0,B01
201400033560,0,7,0,0.0,2.0,2.0,2.0,A01
201400033560,0,2,0,0.0,2.0,4.0,15.0,B01
201400033561,0,7,0,0.0,2.0,1.0,11.0,A01
201400033561,0,1,0,0.0,2.0,8.0,19.0,B01
201400033562,0,1,0,0.0,2.0,1.0,19.0,B01
201400033562,0,7,0,0.0,2.0,1.0,9.0,A01
201400033563,0,1,0,0.0,2.0,1.0,2.0,A01
201400033564,0,2,0,0.0,2.0,8.0,1.0,B01
201400033564,0,7,0,0.0,2.0,1.0,9.0,A01
201400033565,0,7,0,0.0,1.0,1.0,9.0,A01
201400033566,0,10,0,0.0,2.0,1.0,2.0,A01
201400033566,0,7,0,0.0,2.0,4.0,2.0,B01
201400033566,0,7,0,0.0,2.0,4.0,23.0,C01
201400033567,0,7,0,0.0,2.0,2.0,15.0,A01
201400033567,0,1,0,0.0,2.0,1.0,1.0,B01
201400033568,0,7,0,0.0,2.0,1.0,1.0,A01
201400033568,0,1,0,0.0,2.0,8.0,19.0,B01
201400033569,0,7,0,0.0,2.0,2.0,1.0,A01
201400033569,0,1,0,0.0,2.0,5.0,19.0,B01
201400033570,0,7,0,0.0,1.0,3.0,15.0,A01
201400033571,0,7,0,0.0,2.0,1.0,5.0,A01
201400033571,0,1,0,0.0,2.0,1.0,1.0,B01
201400033572,0,7,0,0.0,1.0,2.0,9.0,A01
201400033573,0,7,0,0.0,1.0,1.0,1.0,A01
201400033573,0,7,0,0.0,1.0,6.0,1.0,B01
201400033574,0,2,0,0.0,2.0,1.0,1.0,B01
201400033574,0,7,0,0.0,2.0,2.0,15.0,A01
201400033575,0,7,0,6.0,0.0,1.0,14.0,A01
201400033576,0,7,0,0.0,2.0,3.0,11.0,A01
201400033576,0,31,0,0.0,2.0,2.0,1.0,B01
201400033577,0,33,0,0.0,2.0,1.0,1.0,A01
201400033577,0,7,0,0.0,2.0,8.0,9.0,B01
201400033578,0,30,0,0.0,2.0,1.0,5.0,A01
201400033578,0,7,0,0.0,2.0,2.0,9.0,B01
201400033579,0,2,0,0.0,2.0,1.0,1.0,A01
201400033579,0,1,0,0.0,2.0,8.0,15.0,B01
201400033580,0,2,0,0.0,2.0,4.0,2.0,B01
201400033580,0,7,0,0.0,2.0,1.0,2.0,A01
201400033581,0,7,0,6.0,0.0,1.0,15.0,A01
201400033582,0,7,0,2.0,0.0,1.0,1.0,A01
201400033583,0,7,0,6.0,0.0,1.0,1.0,A01
201400033584,0,7,0,0.0,1.0,5.0,4.0,A01
201400033585,0,39,1,0.0,1.0,1.0,1.0,A01
201400033586,0,1,0,0.0,2.0,1.0,19.0,B01
201400033586,0,7,0,0.0,2.0,3.0,15.0,A01
201400033587,0,7,0,0.0,2.0,1.0,2.0,A01
201400033587,0,7,0,0.0,2.0,5.0,2.0,B01
201400033587,0,7,0,0.0,2.0,4.0,2.0,C01
201400033587,0,7,0,0.0,0.0,4.0,2.0,D01
201400033588,0,7,0,0.0,1.0,1.0,17.0,A01
201400033589,0,7,0,0.0,1.0,2.0,1.0,A01
201400033590,1,7,0,0.0,2.0,5.0,1.0,B01
201400033590,0,30,0,0.0,2.0,3.0,9.0,A01
201400033591,0,7,0,0.0,2.0,2.0,1.0,B01
201400033591,0,7,0,0.0,2.0,3.0,15.0,A01
201400033592,0,7,0,0.0,2.0,2.0,0.0,B01
201400033592,0,1,0,0.0,2.0,4.0,0.0,A01
201400033593,0,7,0,2.0,2.0,1.0,12.0,A01
201400033593,0,7,0,2.0,2.0,4.0,1.0,B01
201400033594,1,7,0,0.0,1.0,0.0,0.0,Z01
201400033595,0,40,10,0.0,2.0,3.0,2.0,A01
201400033595,0,1,0,0.0,4.0,7.0,15.0,B01
201400033596,0,1,0,0.0,2.0,8.0,1.0,A01
201400033596,0,7,0,0.0,2.0,3.0,15.0,B01
201400033597,0,7,0,0.0,2.0,3.0,19.0,A01
201400033597,0,30,0,0.0,2.0,3.0,1.0,B01
201400033598,0,10,0,0.0,2.0,4.0,4.0,A01
201400033598,0,7,0,0.0,2.0,2.0,1.0,B01
201400033599,0,2,0,0.0,2.0,1.0,1.0,A01
201400033599,0,7,0,0.0,2.0,7.0,1.0,B01
201400033600,0,7,0,1.0,2.0,2.0,15.0,A01
201400033600,0,7,0,1.0,2.0,3.0,1.0,B01
201400033601,0,7,0,0.0,2.0,3.0,1.0,A01
201400033601,0,1,0,0.0,2.0,4.0,1.0,B01
201400033602,0,7,0,0.0,1.0,2.0,1.0,A01
201400033603,0,15,0,0.0,2.0,3.0,1.0,A01
201400033603,0,7,0,4.0,2.0,3.0,1.0,B01
201400033604,0,10,0,0.0,1.0,4.0,4.0,A01
201400033605,0,7,0,0.0,2.0,1.0,2.0,A01
201400033605,0,7,0,0.0,2.0,4.0,2.0,B01
201400033605,0,7,0,0.0,2.0,4.0,2.0,C01
201400033605,0,7,0,0.0,2.0,4.0,2.0,D01
201400033606,0,3,0,0.0,2.0,1.0,1.0,A01
201400033606,0,7,0,0.0,2.0,6.0,1.0,B01
201400033607,0,7,0,0.0,1.0,1.0,1.0,A01
201400033608,0,7,0,0.0,1.0,3.0,1.0,A01
201400033609,0,7,0,0.0,1.0,1.0,15.0,A01
201400033610,0,7,0,0.0,2.0,1.0,1.0,A01
201400033610,0,7,0,15.0,2.0,7.0,1.0,B01
201400033610,0,7,0,0.0,2.0,3.0,23.0,C01
201400033611,0,10,0,0.0,1.0,3.0,1.0,A01
201400033612,0,33,0,0.0,0.0,0.0,16.0,A01
201400033613,0,2,0,14.0,0.0,1.0,1.0,A01
201400033614,0,7,0,0.0,1.0,6.0,4.0,A01
201400033615,0,7,0,0.0,1.0,2.0,1.0,A01
201400033616,0,7,0,0.0,2.0,3.0,10.0,A01
201400033616,0,2,0,0.0,2.0,1.0,2.0,B01
201400033617,0,7,0,0.0,1.0,2.0,1.0,A01
201400033618,0,7,0,0.0,0.0,4.0,15.0,A01
201400033618,0,30,0,0.0,2.0,1.0,2.0,Z01
201400033619,0,7,0,0.0,2.0,3.0,15.0,B01
201400033619,1,7,0,0.0,2.0,2.0,15.0,Z01
201400033620,0,7,0,0.0,1.0,1.0,1.0,A01
201400033621,0,7,0,0.0,2.0,1.0,1.0,B01
201400033621,0,7,0,0.0,2.0,9.0,1.0,A01
201400033622,0,30,0,9.0,0.0,1.0,1.0,A01
201400033623,0,7,0,0.0,1.0,1.0,1.0,A01
201400033624,0,7,0,0.0,1.0,1.0,15.0,A01
201400033625,0,7,0,0.0,1.0,4.0,4.0,A01
201400033626,0,7,0,0.0,2.0,1.0,2.0,A01
201400033626,0,7,0,0.0,2.0,4.0,2.0,B01
201400033626,0,7,0,0.0,0.0,4.0,2.0,C01
201400033627,0,7,0,0.0,1.0,1.0,16.0,A01
201400033628,0,7,0,0.0,2.0,1.0,1.0,A01
201400033628,0,1,0,0.0,2.0,8.0,9.0,B01
201400033629,0,7,0,0.0,2.0,2.0,1.0,A01
201400033629,0,1,0,0.0,2.0,1.0,1.0,B01
201400033630,0,7,0,0.0,2.0,1.0,15.0,A01
201400033630,0,2,0,0.0,2.0,8.0,1.0,B01
201400033631,0,33,0,0.0,2.0,7.0,16.0,A01
201400033631,0,7,0,0.0,2.0,8.0,1.0,B01
201400033632,0,7,0,0.0,1.0,8.0,1.0,A01
201400033633,0,2,0,0.0,2.0,2.0,1.0,A01
201400033633,0,1,0,0.0,2.0,8.0,1.0,B01
201400033634,0,7,0,0.0,1.0,3.0,1.0,A01
201400033635,0,7,0,0.0,0.0,7.0,16.0,A01
201400033636,0,7,0,0.0,1.0,1.0,15.0,A01
201400033637,0,7,0,0.0,1.0,2.0,16.0,A01
201400033638,0,7,0,0.0,2.0,3.0,1.0,C01
201400033638,0,7,0,0.0,2.0,2.0,17.0,A01
201400033638,0,7,0,0.0,2.0,6.0,0.0,B01
201400033639,0,7,0,0.0,1.0,2.0,15.0,A01
201400033640,0,7,0,0.0,2.0,1.0,2.0,A01
201400033640,0,7,0,0.0,2.0,4.0,23.0,B01
201400033641,1,99,0,0.0,1.0,2.0,0.0,Z01
201400033642,0,1,0,0.0,2.0,4.0,11.0,A01
201400033642,0,7,0,0.0,2.0,1.0,1.0,B01
201400033643,0,7,0,0.0,2.0,3.0,1.0,B01
201400033643,0,7,0,0.0,2.0,1.0,9.0,A01
201400033644,0,7,0,0.0,2.0,1.0,2.0,A01
201400033644,0,1,0,0.0,2.0,4.0,2.0,B01
201400033645,0,7,0,0.0,2.0,1.0,1.0,A01
201400033645,0,7,0,0.0,2.0,3.0,15.0,B01
201400033646,0,7,0,0.0,1.0,3.0,2.0,A01
201400033647,1,7,0,0.0,2.0,8.0,16.0,B01
201400033647,0,30,0,0.0,2.0,1.0,1.0,A01
201400033648,0,7,0,0.0,2.0,2.0,1.0,A01
201400033648,0,7,0,0.0,2.0,3.0,16.0,B01
201400033649,0,7,0,0.0,2.0,1.0,9.0,A01
201400033649,0,30,0,0.0,2.0,1.0,5.0,B01
201400033650,0,7,0,0.0,2.0,7.0,21.0,A01
201400033650,0,7,0,0.0,2.0,3.0,1.0,B01
201400033651,0,33,0,0.0,2.0,1.0,1.0,A01
201400033651,0,7,0,0.0,2.0,2.0,15.0,B01
201400033652,1,7,0,0.0,1.0,0.0,1.0,Z01
201400033653,0,7,0,0.0,0.0,0.0,2.0,A01
201400033653,0,1,0,0.0,0.0,1.0,2.0,B01
201400033654,1,37,0,0.0,1.0,2.0,0.0,A01
201400033655,0,7,0,0.0,1.0,3.0,9.0,A01
201400033656,0,7,0,0.0,2.0,2.0,13.0,A01
201400033656,0,7,0,0.0,2.0,1.0,1.0,B01
201400033657,0,7,0,0.0,1.0,1.0,1.0,A01
201400033658,0,7,0,0.0,1.0,1.0,1.0,A01
201400033658,0,7,0,0.0,1.0,3.0,1.0,B01
201400033659,0,7,0,0.0,1.0,1.0,15.0,A01
201400033660,0,7,0,0.0,0.0,1.0,1.0,A01
201400033661,0,15,0,0.0,2.0,2.0,12.0,A01
201400033661,0,7,0,3.0,2.0,1.0,1.0,B01
201400033662,0,3,0,0.0,0.0,0.0,15.0,A01
201400033662,0,1,0,1.0,0.0,1.0,21.0,B01
201400033663,0,7,0,1.0,0.0,2.0,16.0,A01
201400033663,0,7,0,0.0,2.0,6.0,24.0,B01
201400033664,0,7,0,0.0,1.0,1.0,2.0,A01
201400033665,0,7,0,0.0,1.0,8.0,1.0,A01
201400033666,0,7,0,0.0,2.0,1.0,1.0,A01
201400033666,0,1,0,0.0,2.0,0.0,19.0,B01
201400033667,0,7,0,0.0,2.0,1.0,1.0,B01
201400033667,0,7,0,0.0,2.0,7.0,0.0,A01
201400033668,0,7,0,0.0,2.0,2.0,2.0,A01
201400033668,0,7,0,0.0,2.0,3.0,15.0,B01
201400033669,0,7,0,0.0,2.0,3.0,15.0,A01
201400033669,0,1,0,0.0,2.0,8.0,1.0,B01
201400033670,0,2,0,0.0,2.0,1.0,1.0,B01
201400033670,0,7,0,0.0,2.0,2.0,15.0,A01
201400033671,0,30,0,0.0,2.0,1.0,1.0,B01
201400033671,0,7,0,0.0,2.0,5.0,15.0,A01
201400033672,0,14,0,0.0,2.0,7.0,1.0,A01
201400033672,0,7,0,0.0,2.0,1.0,16.0,B01
201400033673,0,7,0,0.0,1.0,2.0,1.0,A01
201400033674,0,1,0,0.0,2.0,7.0,1.0,A01
201400033674,1,10,0,0.0,2.0,1.0,0.0,Z01
201400033675,0,7,0,0.0,2.0,1.0,15.0,A01
201400033675,0,7,0,0.0,0.0,4.0,1.0,B01
201400033676,0,7,0,0.0,2.0,3.0,0.0,A01
201400033676,0,7,0,0.0,2.0,3.0,13.0,B01
201400033677,0,7,0,0.0,2.0,3.0,0.0,B01
201400033677,0,1,0,0.0,2.0,3.0,9.0,A01
201400033678,0,1,0,0.0,2.0,1.0,1.0,B01
201400033678,0,7,0,0.0,2.0,1.0,16.0,A01
201400033679,0,7,0,0.0,1.0,1.0,0.0,A01
201400033680,1,7,0,0.0,1.0,2.0,1.0,A01
201400033681,0,7,0,0.0,1.0,1.0,1.0,A01
201400033682,0,7,0,0.0,1.0,2.0,1.0,A01
201400033683,0,7,0,0.0,1.0,2.0,2.0,A01
201400033684,0,3,0,0.0,1.0,2.0,1.0,A01
201400033685,0,2,0,0.0,2.0,1.0,1.0,A01
201400033685,0,7,0,0.0,2.0,3.0,1.0,B01
201400033686,0,7,0,0.0,1.0,1.0,1.0,A01
201400033687,0,7,0,0.0,2.0,1.0,2.0,A01
201400033687,0,7,0,0.0,2.0,4.0,2.0,B01
201400033688,2,7,0,0.0,2.0,1.0,0.0,A01
201400033688,0,7,0,0.0,2.0,1.0,15.0,B01
201400033689,0,31,0,0.0,2.0,1.0,1.0,B01
201400033689,0,7,0,0.0,2.0,8.0,1.0,A01
201400033690,0,7,0,0.0,1.0,1.0,1.0,A01
201400033691,0,10,0,0.0,2.0,4.0,10.0,A01
201400033691,0,30,0,0.0,2.0,1.0,1.0,B01
201400033692,0,2,0,0.0,2.0,1.0,0.0,B01
201400033692,0,7,0,0.0,2.0,1.0,19.0,A01
201400033693,0,14,0,0.0,2.0,7.0,16.0,A01
201400033693,0,1,0,0.0,2.0,1.0,1.0,B01
201400033694,0,7,0,0.0,2.0,1.0,17.0,A01
201400033694,0,7,0,0.0,2.0,1.0,1.0,B01
201400033695,0,7,0,0.0,2.0,2.0,15.0,A01
201400033695,0,1,0,0.0,2.0,1.0,1.0,B01
201400033696,0,7,0,0.0,2.0,5.0,9.0,A01
201400033696,0,33,0,12.0,2.0,8.0,21.0,B01
201400033697,0,30,0,0.0,2.0,7.0,1.0,B01
201400033697,0,7,0,0.0,2.0,1.0,15.0,A01
201400033698,0,7,0,1.0,1.0,4.0,20.0,A01
201400033699,0,31,0,0.0,2.0,2.0,1.0,A01
201400033699,0,7,0,0.0,2.0,5.0,15.0,B01
201400033700,0,33,0,1.0,0.0,1.0,1.0,A01
201400033701,0,7,0,11.0,0.0,1.0,1.0,A01
201400033702,0,1,0,0.0,2.0,1.0,19.0,A01
201400033702,0,7,0,0.0,2.0,3.0,1.0,B01
201400033703,0,10,0,0.0,1.0,1.0,1.0,A01
201400033704,0,7,0,0.0,2.0,8.0,1.0,B01
201400033704,0,2,0,0.0,2.0,1.0,1.0,A01
201400033705,0,1,0,0.0,2.0,1.0,5.0,B01
201400033705,0,7,0,0.0,2.0,2.0,16.0,A01
201400033706,0,7,0,0.0,2.0,3.0,3.0,B01
201400033706,0,7,0,0.0,2.0,7.0,0.0,A01
201400033707,0,7,0,0.0,2.0,1.0,9.0,A01
201400033707,0,10,0,0.0,2.0,8.0,1.0,B02
201400033708,0,7,0,0.0,1.0,1.0,9.0,A01
201400033709,0,20,0,9.0,0.0,3.0,1.0,A01
201400033709,0,7,0,9.0,0.0,3.0,1.0,B01
201400033710,0,7,0,0.0,2.0,2.0,1.0,A01
201400033710,0,7,0,0.0,2.0,7.0,15.0,B01
201400033711,0,7,0,6.0,0.0,1.0,1.0,A01
201400033712,0,7,0,0.0,2.0,1.0,17.0,A01
201400033712,0,7,0,0.0,2.0,1.0,1.0,B01
201400033713,0,7,0,0.0,1.0,6.0,4.0,A01
201400033714,0,32,0,0.0,1.0,2.0,7.0,A01
201400033715,0,7,0,0.0,2.0,1.0,1.0,A01
201400033715,0,7,0,0.0,2.0,4.0,2.0,B01
201400033716,0,7,0,2.0,0.0,1.0,14.0,A01
201400033717,0,7,0,0.0,1.0,3.0,1.0,A01
201400033718,1,7,0,0.0,1.0,0.0,0.0,Z01
201400033719,0,7,0,0.0,1.0,2.0,1.0,A01
201400033720,0,1,0,0.0,2.0,1.0,1.0,A01
201400033720,1,7,0,0.0,2.0,2.0,0.0,Z01
201400033721,0,37,30,0.0,2.0,1.0,1.0,B01
201400033721,0,7,0,0.0,2.0,1.0,13.0,A01
201400033722,0,7,0,0.0,2.0,4.0,1.0,B01
201400033722,0,7,0,0.0,2.0,1.0,1.0,A01
201400033723,0,7,0,0.0,2.0,1.0,15.0,A01
201400033723,0,7,0,0.0,2.0,8.0,1.0,B01
201400033724,0,7,0,0.0,2.0,1.0,1.0,A01
201400033724,0,10,0,0.0,2.0,9.0,1.0,B01
201400033725,0,7,0,7.0,0.0,1.0,21.0,A01
201400033726,0,7,0,0.0,2.0,2.0,15.0,A01
201400033726,0,7,0,0.0,2.0,1.0,1.0,B01
201400033727,0,7,0,0.0,0.0,1.0,19.0,B01
201400033727,0,7,0,0.0,2.0,3.0,1.0,C01
201400033727,0,7,0,0.0,2.0,2.0,1.0,A01
201400033728,1,7,0,0.0,2.0,0.0,15.0,Z01
201400033728,0,1,0,0.0,2.0,0.0,1.0,A01
201400033729,0,33,0,0.0,2.0,1.0,2.0,A01
201400033729,0,7,0,0.0,0.0,6.0,23.0,B01
201400033730,0,10,0,0.0,1.0,6.0,1.0,B01
201400033731,0,7,0,0.0,2.0,1.0,15.0,A01
201400033731,0,7,0,0.0,2.0,1.0,1.0,B01
201400033732,0,7,0,0.0,1.0,7.0,16.0,A01
201400033733,0,7,0,0.0,2.0,2.0,1.0,B01
201400033733,0,1,0,0.0,2.0,1.0,19.0,A01
201400033734,0,7,0,8.0,0.0,1.0,2.0,A01
201400033735,0,1,0,4.0,2.0,2.0,21.0,A01
201400033735,0,1,0,0.0,2.0,1.0,21.0,B01
201400033736,0,7,0,0.0,2.0,3.0,1.0,A01
201400033736,0,7,0,0.0,2.0,2.0,1.0,B01
201400033737,0,7,0,6.0,0.0,4.0,2.0,A01
201400033737,1,99,0,0.0,2.0,2.0,0.0,Z01
201400033738,0,7,0,0.0,0.0,6.0,2.0,B01