Num_Acc,senc,catv,occutc,obs,obsm,choc,manv,num_veh
201400033738,0,13,0,0.0,9.0,0.0,5.0,C01
201400033738,0,33,0,0.0,2.0,1.0,2.0,A01
201400033739,0,7,0,0.0,1.0,3.0,23.0,B01
201400033739,0,7,0,0.0,1.0,3.0,1.0,A01
201400033740,0,7,0,4.0,0.0,7.0,13.0,A01
201400033741,0,7,0,0.0,1.0,7.0,1.0,A01
201400033742,0,7,0,6.0,0.0,1.0,21.0,A01
201400033743,0,1,0,0.0,2.0,7.0,19.0,B01
201400033743,0,7,0,0.0,9.0,1.0,1.0,A01
201400033744,0,31,0,0.0,2.0,1.0,1.0,B01
201400033744,0,7,0,0.0,2.0,2.0,15.0,A01
201400033745,0,7,0,0.0,1.0,1.0,0.0,A01
201400033746,0,7,0,0.0,0.0,0.0,0.0,C01
201400033746,0,7,0,0.0,2.0,1.0,2.0,A01
201400033746,0,7,0,0.0,2.0,1.0,2.0,B01
201400033747,0,10,0,0.0,2.0,2.0,19.0,A01
201400033747,0,31,0,0.0,2.0,7.0,1.0,B01
201400033748,0,33,0,0.0,0.0,1.0,1.0,A01
201400033748,0,10,0,0.0,0.0,8.0,1.0,B01
201400033749,0,7,0,4.0,0.0,3.0,1.0,A01
201400033750,0,7,0,0.0,2.0,2.0,6.0,A01
201400033750,0,7,0,0.0,2.0,1.0,1.0,B01
201400033751,0,33,0,0.0,2.0,1.0,1.0,B01
201400033751,0,7,0,0.0,2.0,3.0,10.0,A01
201400033752,0,7,0,0.0,1.0,4.0,4.0,A01
201400033753,0,33,0,0.0,2.0,2.0,1.0,A01
201400033753,0,7,0,0.0,2.0,6.0,15.0,B01
201400033754,0,30,0,0.0,1.0,1.0,17.0,A01
201400033755,0,31,0,0.0,2.0,2.0,2.0,B01
201400033755,0,10,0,0.0,2.0,2.0,15.0,A01
201400033756,0,34,0,7.0,2.0,3.0,1.0,B01
201400033756,0,7,0,0.0,2.0,5.0,9.0,A01
201400033757,0,7,0,0.0,2.0,8.0,15.0,B01
201400033757,0,7,0,0.0,2.0,2.0,17.0,A01
201400033758,0,7,0,0.0,1.0,0.0,0.0,A01
201400033759,0,10,0,0.0,0.0,6.0,2.0,B01
201400033759,0,31,0,0.0,0.0,1.0,2.0,A01
201400033760,0,7,0,0.0,1.0,5.0,0.0,A01
201400033761,0,31,0,0.0,2.0,0.0,2.0,A01
201400033761,0,7,0,0.0,2.0,6.0,2.0,B01
201400033762,0,2,0,0.0,2.0,1.0,14.0,B01
201400033762,0,7,0,0.0,2.0,2.0,15.0,A01
201400033763,0,7,0,0.0,0.0,4.0,2.0,B01
201400033763,0,33,0,0.0,2.0,1.0,2.0,A01
201400033764,0,7,0,6.0,2.0,3.0,1.0,A01
201400033764,0,7,0,0.0,2.0,5.0,1.0,B01
201400033764,0,7,0,0.0,2.0,8.0,1.0,C01
201400033765,0,7,0,0.0,1.0,1.0,1.0,A01
201400033766,0,33,0,1.0,2.0,7.0,17.0,A01
201400033766,0,7,0,0.0,2.0,3.0,15.0,B01
201400033767,0,37,1,0.0,1.0,0.0,1.0,A01
201400033768,0,7,0,0.0,1.0,1.0,1.0,A01
201400033769,0,7,0,0.0,1.0,1.0,1.0,A01
201400033770,0,32,0,0.0,2.0,7.0,2.0,A01
201400033770,0,7,0,0.0,2.0,6.0,2.0,B01
201400033771,0,31,0,0.0,2.0,7.0,21.0,B01
201400033771,1,7,0,0.0,2.0,8.0,10.0,Z01
201400033772,0,7,0,0.0,2.0,2.0,1.0,A01
201400033772,0,7,0,0.0,2.0,3.0,1.0,B01
201400033773,0,31,0,0.0,1.0,7.0,2.0,A01
201400033774,0,2,0,0.0,2.0,1.0,1.0,B01
201400033774,0,7,0,0.0,2.0,1.0,15.0,A01
201400033775,0,7,0,0.0,2.0,6.0,15.0,B01
201400033775,0,7,0,0.0,2.0,3.0,1.0,A01
201400033776,0,3,0,0.0,0.0,0.0,15.0,A01
201400033777,0,7,0,0.0,2.0,4.0,2.0,B01
201400033777,0,7,0,0.0,2.0,1.0,2.0,A01
201400033778,0,7,0,0.0,2.0,6.0,1.0,B01
201400033778,0,33,0,0.0,2.0,2.0,2.0,A01
201400033779,0,32,0,1.0,0.0,1.0,0.0,A01
201400033780,0,7,0,0.0,1.0,1.0,1.0,A01
201400033781,0,7,0,0.0,2.0,2.0,9.0,A01
201400033781,0,31,0,0.0,2.0,3.0,17.0,B01
201400033782,0,7,0,0.0,1.0,1.0,1.0,A01
201400033783,0,7,0,10.0,0.0,0.0,6.0,A01
201400033784,0,7,0,0.0,9.0,1.0,5.0,C01
201400033784,0,33,0,0.0,2.0,1.0,2.0,B01
201400033784,0,7,0,0.0,2.0,4.0,23.0,A01
201400033785,0,33,0,0.0,0.0,1.0,2.0,B01
201400033785,0,33,0,4.0,0.0,1.0,2.0,C01
201400033785,0,33,0,4.0,0.0,7.0,1.0,A01
201400033786,0,7,0,0.0,2.0,1.0,9.0,A01
201400033786,0,7,0,0.0,2.0,7.0,1.0,B01
201400033787,0,7,0,0.0,1.0,2.0,1.0,A01
201400033788,0,7,0,0.0,2.0,1.0,2.0,B01
201400033788,0,7,0,0.0,2.0,4.0,2.0,A01
201400033789,0,7,0,0.0,1.0,8.0,1.0,A01
201400033790,0,32,0,0.0,2.0,7.0,1.0,B01
201400033790,0,7,0,0.0,2.0,1.0,9.0,A01
201400033791,0,7,0,0.0,1.0,1.0,16.0,A01
201400033792,0,7,0,0.0,2.0,1.0,9.0,A01
201400033792,0,7,0,12.0,0.0,4.0,1.0,B01
201400033793,0,31,0,0.0,2.0,5.0,1.0,B01
201400033793,0,10,0,0.0,2.0,1.0,9.0,A01
201400033794,0,7,0,0.0,9.0,7.0,7.0,A01
201400033794,0,37,2,0.0,2.0,3.0,1.0,B01
201400033795,0,7,0,0.0,2.0,8.0,20.0,A01
201400033795,0,33,0,0.0,2.0,1.0,1.0,B01
201400033796,0,7,0,0.0,2.0,6.0,1.0,B01
201400033796,0,33,0,0.0,2.0,1.0,15.0,A01
201400033797,0,7,0,0.0,1.0,3.0,1.0,A01
201400033798,0,33,0,3.0,0.0,1.0,16.0,A01
201400033799,0,7,0,1.0,0.0,5.0,4.0,B01
201400033799,0,7,0,1.0,2.0,3.0,14.0,A01
201400033800,0,7,0,0.0,2.0,1.0,2.0,A01
201400033800,0,7,0,0.0,0.0,4.0,23.0,B01
201400033801,0,1,0,0.0,2.0,4.0,2.0,B01
201400033801,0,7,0,0.0,9.0,0.0,2.0,A01
201400033802,0,7,0,0.0,1.0,1.0,1.0,A01
201400033803,0,33,0,0.0,2.0,7.0,17.0,A01
201400033803,0,7,0,0.0,0.0,8.0,15.0,B01
201400033804,0,32,0,0.0,0.0,1.0,1.0,B01
201400033804,0,7,0,0.0,0.0,8.0,15.0,A01
201400033805,0,7,0,0.0,2.0,2.0,1.0,A01
201400033805,0,30,0,0.0,0.0,1.0,13.0,B01
201400033806,0,7,0,0.0,0.0,3.0,15.0,B01
201400033806,0,7,0,0.0,0.0,3.0,1.0,A01
201400033807,0,7,0,0.0,0.0,2.0,1.0,A01
201400033807,0,7,0,0.0,0.0,3.0,9.0,B01
201400033808,0,7,0,0.0,1.0,3.0,15.0,A01
201400033809,0,7,0,6.0,0.0,1.0,16.0,A01
201400033810,0,7,0,0.0,1.0,3.0,16.0,A01
201400033811,0,7,0,12.0,0.0,2.0,15.0,A01
201400033811,0,31,0,12.0,0.0,3.0,1.0,B01
201400033812,0,7,0,0.0,1.0,1.0,1.0,A01
201400033813,0,33,0,0.0,2.0,9.0,1.0,A01
201400033813,0,7,0,0.0,0.0,1.0,9.0,B01
201400033814,0,2,0,0.0,0.0,1.0,1.0,A01
201400033814,0,7,0,1.0,2.0,3.0,19.0,B01
201400033815,0,7,0,0.0,0.0,3.0,19.0,A01
201400033815,0,14,0,0.0,0.0,1.0,1.0,B01
201400033816,0,33,0,15.0,0.0,8.0,1.0,A01
201400033817,0,7,0,3.0,0.0,0.0,1.0,A01
201400033818,0,7,0,4.0,0.0,1.0,15.0,A01
201400033819,0,7,0,0.0,0.0,2.0,15.0,A01
201400033819,0,30,0,0.0,0.0,1.0,1.0,B01
201400033820,0,7,0,0.0,0.0,0.0,10.0,A01
201400033821,0,7,0,0.0,1.0,3.0,15.0,A01
201400033822,0,38,2,0.0,0.0,4.0,23.0,B01
201400033822,0,33,0,0.0,0.0,1.0,2.0,A01
201400033823,0,30,0,0.0,0.0,3.0,1.0,A01
201400033824,0,7,0,16.0,0.0,0.0,0.0,A01
201400033825,0,7,0,0.0,1.0,3.0,0.0,A01
201400033826,0,10,0,0.0,2.0,4.0,0.0,A01
201400033826,0,10,0,0.0,2.0,4.0,0.0,B01
201400033826,0,10,0,0.0,2.0,1.0,1.0,C01
201400033827,0,7,0,0.0,2.0,1.0,2.0,A01
201400033827,0,30,0,0.0,0.0,1.0,9.0,B01
201400033828,0,7,0,15.0,0.0,3.0,2.0,A01
201400033829,0,32,0,0.0,1.0,1.0,2.0,A01
201400033830,0,7,0,0.0,2.0,3.0,1.0,B01
201400033830,0,7,0,0.0,0.0,6.0,15.0,A01
201400033831,0,7,0,0.0,1.0,4.0,4.0,A01
201400033832,0,7,0,0.0,1.0,1.0,1.0,A01
201400033833,0,7,0,0.0,2.0,1.0,1.0,A01
201400033833,0,7,0,0.0,2.0,1.0,15.0,B01
201400033834,0,37,2,9.0,0.0,1.0,1.0,A01
201400033835,0,3,0,0.0,0.0,6.0,1.0,A01
201400033835,0,7,0,0.0,0.0,2.0,1.0,B01
201400033836,0,1,0,0.0,0.0,0.0,19.0,B01
201400033836,0,7,0,0.0,0.0,2.0,1.0,A01
201400033837,0,7,0,13.0,0.0,9.0,1.0,A01
201400033838,0,7,0,0.0,1.0,1.0,0.0,A01
201400033839,0,7,0,0.0,0.0,1.0,0.0,A01
201400033840,0,7,0,0.0,0.0,3.0,1.0,A01
201400033841,0,7,0,2.0,0.0,3.0,1.0,A01
201400033842,0,33,0,0.0,2.0,1.0,1.0,B01
201400033842,0,7,0,0.0,0.0,1.0,20.0,A01
201400033843,0,2,0,0.0,0.0,9.0,2.0,A01
201400033843,0,7,0,0.0,0.0,4.0,2.0,B01
201400033844,0,7,0,6.0,0.0,3.0,16.0,A01
201400033845,0,7,0,0.0,0.0,5.0,2.0,B01
201400033845,0,7,0,0.0,0.0,3.0,2.0,A01
201400033846,0,7,0,0.0,1.0,1.0,0.0,A01
201400033847,0,1,0,0.0,2.0,1.0,9.0,A01
201400033847,0,7,0,0.0,0.0,5.0,1.0,B01
201400033848,0,13,0,0.0,0.0,3.0,1.0,B01
201400033848,0,7,0,0.0,0.0,2.0,2.0,A01
201400033849,0,14,0,0.0,1.0,2.0,2.0,A01
201400033850,0,7,0,0.0,2.0,2.0,2.0,A01
201400033850,0,7,0,0.0,2.0,6.0,2.0,C01
201400033850,0,7,0,0.0,0.0,5.0,2.0,B01
201400033851,0,7,0,0.0,0.0,3.0,1.0,A01
201400033851,0,7,0,0.0,0.0,3.0,1.0,B01
201400033852,0,7,0,0.0,1.0,0.0,1.0,A01
201400033853,0,7,0,0.0,1.0,1.0,1.0,A01
201400033854,0,7,0,0.0,2.0,3.0,9.0,A01
201400033854,0,2,0,0.0,2.0,1.0,2.0,B01
201400033855,0,7,0,0.0,2.0,3.0,15.0,A01
201400033855,0,30,0,0.0,2.0,1.0,2.0,B01
201400033856,0,31,0,0.0,2.0,1.0,23.0,B01
201400033856,0,10,0,0.0,2.0,4.0,4.0,A01
201400033857,0,1,0,0.0,2.0,8.0,23.0,B01
201400033857,0,10,0,0.0,9.0,8.0,15.0,A01
201400033858,0,7,0,0.0,2.0,4.0,23.0,C01
201400033858,0,10,0,0.0,2.0,1.0,2.0,A01
201400033858,0,7,0,0.0,2.0,4.0,2.0,B01
201400033859,0,7,0,0.0,9.0,8.0,24.0,A01
201400033859,0,1,0,1.0,0.0,1.0,1.0,B01
201400033860,0,7,0,0.0,2.0,8.0,15.0,B01
201400033860,0,7,0,0.0,2.0,1.0,0.0,A01
201400033861,0,31,0,0.0,2.0,1.0,2.0,A01
201400033861,0,7,0,0.0,0.0,6.0,1.0,B01
201400033861,0,7,0,0.0,2.0,2.0,2.0,C01
201400033862,0,7,0,0.0,2.0,6.0,10.0,A01
201400033862,0,2,0,0.0,2.0,1.0,1.0,B01
201400033863,0,7,0,0.0,2.0,3.0,19.0,A01
201400033863,0,30,0,0.0,2.0,1.0,1.0,B01
201400033864,0,7,0,0.0,1.0,6.0,4.0,A01
201400033865,0,37,1,0.0,1.0,2.0,21.0,A01
201400033866,0,7,0,0.0,2.0,1.0,1.0,A01
201400033866,0,7,0,0.0,2.0,1.0,1.0,B01
201400033867,0,7,0,0.0,9.0,1.0,1.0,B01
201400033867,0,30,0,0.0,2.0,3.0,19.0,A01
201400033868,0,7,0,0.0,2.0,9.0,2.0,B01
201400033868,0,7,0,0.0,2.0,1.0,2.0,A01
201400033869,0,7,0,0.0,2.0,1.0,15.0,B01
201400033869,0,10,0,0.0,2.0,2.0,17.0,A01
201400033870,0,7,0,0.0,2.0,6.0,15.0,A01
201400033870,0,37,35,0.0,2.0,3.0,1.0,B01
201400033871,0,7,0,0.0,2.0,1.0,2.0,A01
201400033871,0,30,0,0.0,2.0,4.0,15.0,B01
201400033872,0,7,0,0.0,2.0,3.0,15.0,A01
201400033872,0,33,0,0.0,2.0,1.0,21.0,B01
201400033873,0,7,0,12.0,0.0,9.0,1.0,A01
201400033874,0,2,0,0.0,2.0,1.0,21.0,B01
201400033874,0,7,0,0.0,2.0,8.0,10.0,A01
201400033875,0,7,0,0.0,1.0,2.0,1.0,A01
201400033876,0,7,0,0.0,2.0,1.0,2.0,A01
201400033876,0,7,0,0.0,2.0,4.0,2.0,B01
201400033877,0,7,0,0.0,2.0,2.0,15.0,B01
201400033877,0,33,0,0.0,2.0,1.0,1.0,A01
201400033878,0,7,0,0.0,1.0,2.0,1.0,A01
201400033879,0,7,0,0.0,2.0,1.0,15.0,A01
201400033879,0,33,0,0.0,2.0,2.0,1.0,B01
201400033880,0,32,0,0.0,2.0,7.0,13.0,A01
201400033880,0,7,0,0.0,2.0,3.0,9.0,B01
201400033881,0,7,0,0.0,2.0,2.0,2.0,A01
201400033881,0,7,0,6.0,2.0,6.0,0.0,B01
201400033882,0,2,0,0.0,1.0,1.0,1.0,A01
201400033883,0,7,0,1.0,0.0,2.0,1.0,A01
201400033884,0,37,1,0.0,2.0,2.0,15.0,A01
201400033884,0,33,0,0.0,2.0,1.0,1.0,B01
201400033885,0,31,0,0.0,2.0,1.0,1.0,B01
201400033885,0,10,0,0.0,2.0,2.0,15.0,A01
201400033886,0,7,0,0.0,1.0,2.0,1.0,A01
201400033887,0,7,0,0.0,2.0,2.0,10.0,A01
201400033887,0,30,0,0.0,2.0,1.0,1.0,B01
201400033888,0,1,0,0.0,2.0,7.0,1.0,A01
201400033888,0,7,0,0.0,2.0,2.0,16.0,B01
201400033889,0,7,0,0.0,2.0,3.0,15.0,A01
201400033889,0,33,0,0.0,2.0,1.0,1.0,B01
201400033890,0,10,0,0.0,1.0,1.0,17.0,A01
201400033891,0,7,0,14.0,0.0,2.0,19.0,A01
201400033892,1,99,0,0.0,1.0,2.0,0.0,Z01
201400033893,0,10,0,0.0,2.0,4.0,1.0,B01
201400033893,0,2,0,0.0,2.0,1.0,1.0,A01
201400033894,0,14,0,0.0,2.0,2.0,1.0,B01
201400033894,0,7,0,1.0,2.0,3.0,13.0,A01
201400033895,0,7,0,0.0,0.0,1.0,5.0,B01
201400033895,0,7,0,9.0,0.0,7.0,5.0,A01
201400033896,0,33,0,0.0,2.0,7.0,17.0,A01
201400033896,0,7,0,0.0,2.0,1.0,15.0,B01
201400033897,0,7,0,0.0,1.0,7.0,1.0,A01
201400033898,0,7,0,0.0,2.0,1.0,1.0,A01
201400033898,0,7,0,0.0,0.0,4.0,1.0,B01
201400033899,0,7,0,6.0,0.0,7.0,1.0,A01
201400033900,0,7,0,0.0,2.0,1.0,15.0,A01
201400033900,0,1,0,0.0,2.0,1.0,1.0,B01
201400033901,0,1,0,0.0,2.0,4.0,1.0,B01
201400033901,1,7,0,0.0,2.0,1.0,2.0,Z01
201400033902,0,33,0,0.0,2.0,7.0,1.0,B01
201400033902,1,7,0,0.0,2.0,0.0,0.0,Z01
201400033903,0,99,0,0.0,2.0,3.0,1.0,B01
201400033903,0,7,0,0.0,2.0,1.0,19.0,A01
201400033904,0,34,0,0.0,1.0,1.0,1.0,A01
201400033905,0,7,0,0.0,2.0,4.0,2.0,B01
201400033905,0,7,0,0.0,2.0,1.0,2.0,A01
201400033906,0,7,0,7.0,0.0,3.0,1.0,B01
201400033906,0,7,0,0.0,2.0,2.0,15.0,A01
201400033907,0,7,0,0.0,2.0,3.0,1.0,A01
201400033907,0,33,0,0.0,2.0,1.0,1.0,B01
201400033908,0,7,0,0.0,2.0,1.0,1.0,A01
201400033908,0,7,0,0.0,2.0,1.0,1.0,B01
201400033909,0,37,1,0.0,1.0,2.0,16.0,A01
201400033910,1,7,0,0.0,1.0,0.0,4.0,Z01
201400033911,0,7,0,0.0,1.0,2.0,1.0,A01
201400033912,0,7,0,0.0,2.0,8.0,15.0,B01
201400033912,0,33,0,0.0,2.0,1.0,2.0,A01
201400033913,0,10,0,0.0,2.0,1.0,2.0,A01
201400033913,0,7,0,0.0,2.0,4.0,2.0,B01
201400033914,0,10,0,0.0,2.0,6.0,1.0,B01
201400033914,0,33,0,0.0,2.0,1.0,2.0,A01
201400033915,0,31,0,0.0,2.0,1.0,1.0,B01
201400033915,0,7,0,0.0,2.0,3.0,15.0,A01
201400033916,0,7,0,0.0,2.0,3.0,1.0,B01
201400033916,0,7,0,0.0,2.0,2.0,15.0,A01
201400033917,0,7,0,0.0,2.0,7.0,2.0,B01
201400033917,0,33,0,0.0,2.0,1.0,2.0,A01
201400033918,0,2,0,0.0,2.0,1.0,1.0,B01
201400033918,1,7,0,0.0,2.0,3.0,15.0,Z01
201400033919,0,7,0,0.0,2.0,8.0,1.0,B01
201400033919,0,34,0,0.0,2.0,1.0,1.0,A01
201400033920,0,7,0,0.0,2.0,8.0,10.0,A01
201400033920,0,33,0,0.0,2.0,1.0,1.0,B01
201400033921,0,7,0,0.0,2.0,5.0,15.0,A01
201400033921,0,30,0,0.0,2.0,1.0,1.0,B01
201400033922,0,7,0,0.0,2.0,0.0,1.0,B01
201400033922,0,7,0,0.0,2.0,1.0,5.0,A01
201400033923,0,7,0,0.0,2.0,1.0,1.0,A01
201400033923,0,7,0,0.0,2.0,4.0,1.0,B01
201400033924,0,7,0,1.0,0.0,7.0,1.0,A01
201400033924,0,7,0,0.0,0.0,1.0,24.0,B01
201400033925,0,99,0,0.0,1.0,1.0,15.0,A01
201400033926,0,32,0,0.0,0.0,8.0,21.0,A01
201400033927,0,7,0,0.0,2.0,3.0,1.0,B01
201400033927,0,7,0,0.0,2.0,0.0,15.0,A01
201400033928,2,1,0,0.0,1.0,0.0,1.0,Z01
201400033929,0,7,0,0.0,2.0,8.0,23.0,C01
201400033929,0,10,0,8.0,2.0,8.0,1.0,B01
201400033929,0,7,0,0.0,2.0,1.0,15.0,A01
201400033930,0,7,0,0.0,1.0,3.0,1.0,A01
201400033931,0,7,0,0.0,2.0,3.0,15.0,B01
201400033931,0,31,0,0.0,2.0,7.0,17.0,A01
201400033932,0,7,0,0.0,2.0,3.0,15.0,A01
201400033932,0,30,0,0.0,2.0,3.0,1.0,B01
201400033933,0,7,0,0.0,2.0,1.0,1.0,A01
201400033933,0,7,0,0.0,2.0,3.0,1.0,B01
201400033934,0,7,0,0.0,0.0,0.0,16.0,B01
201400033934,0,2,0,0.0,0.0,0.0,21.0,A01
201400033935,0,31,0,0.0,2.0,1.0,1.0,B01
201400033935,0,7,0,0.0,2.0,2.0,15.0,A01
201400033936,0,7,0,0.0,2.0,1.0,2.0,A01
201400033936,0,7,0,0.0,2.0,4.0,2.0,B01
201400033937,0,32,0,0.0,2.0,1.0,2.0,B01
201400033937,0,7,0,0.0,2.0,3.0,15.0,A01
201400033938,0,7,0,0.0,1.0,1.0,1.0,A01
201400033938,0,7,0,0.0,1.0,3.0,5.0,B01
201400033939,0,32,0,0.0,2.0,1.0,2.0,A01
201400033939,0,7,0,0.0,2.0,1.0,15.0,B01
201400033940,0,7,0,0.0,2.0,3.0,15.0,A01
201400033940,0,33,0,0.0,2.0,0.0,1.0,B01
201400033941,0,7,0,0.0,1.0,1.0,1.0,A01
201400033942,0,7,0,0.0,1.0,4.0,4.0,A01
201400033943,0,2,0,0.0,2.0,1.0,1.0,B01
201400033943,0,2,0,0.0,2.0,2.0,5.0,A01
201400033944,0,1,0,0.0,2.0,1.0,19.0,B01
201400033944,0,7,0,0.0,2.0,1.0,1.0,A01
201400033945,0,7,0,0.0,1.0,2.0,16.0,A01
201400033946,0,7,0,0.0,2.0,7.0,1.0,A01
201400033946,0,7,0,0.0,2.0,1.0,1.0,B01
201400033947,0,7,0,0.0,1.0,2.0,1.0,A01
201400033948,0,7,0,0.0,2.0,1.0,1.0,A01
201400033948,0,7,0,0.0,1.0,7.0,1.0,B01
201400033949,0,1,0,0.0,2.0,1.0,5.0,A01
201400033949,0,7,0,0.0,2.0,2.0,1.0,B01
201400033950,0,1,0,0.0,2.0,1.0,1.0,A01
201400033950,1,7,0,0.0,2.0,2.0,0.0,Z01
201400033951,0,7,0,0.0,1.0,3.0,1.0,A01
201400033952,0,7,0,0.0,2.0,6.0,1.0,B01
201400033952,0,7,0,0.0,2.0,2.0,15.0,A01
201400033953,0,10,0,0.0,2.0,1.0,15.0,A01
201400033953,0,2,0,0.0,2.0,2.0,1.0,B01
201400033954,0,7,0,0.0,1.0,3.0,1.0,A01
201400033955,1,7,0,0.0,2.0,0.0,0.0,Z01
201400033955,0,33,0,0.0,2.0,1.0,1.0,A01
201400033956,0,7,0,0.0,1.0,2.0,1.0,A01
201400033957,1,30,0,0.0,2.0,0.0,0.0,Z01
201400033957,0,7,0,0.0,2.0,2.0,1.0,A01
201400033958,1,32,0,0.0,1.0,0.0,0.0,Z01
201400033959,0,37,45,0.0,1.0,5.0,1.0,A01
201400033960,0,7,0,4.0,0.0,3.0,1.0,A01
201400033961,0,10,0,0.0,1.0,3.0,1.0,A01
201400033962,1,7,0,0.0,1.0,0.0,16.0,Z01
201400033963,0,7,0,0.0,2.0,6.0,15.0,B01
201400033963,0,30,0,0.0,2.0,1.0,17.0,A01
201400033964,0,7,0,0.0,2.0,6.0,15.0,A01
201400033965,1,7,0,0.0,1.0,0.0,0.0,Z01
201400033966,0,31,0,0.0,2.0,4.0,1.0,A01
201400033967,0,1,0,0.0,2.0,0.0,19.0,B01
201400033967,0,7,0,1.0,2.0,1.0,1.0,A01
201400033968,0,15,0,0.0,2.0,3.0,23.0,B01
201400033968,0,7,0,0.0,2.0,3.0,15.0,A01
201400033969,0,34,0,0.0,2.0,7.0,1.0,A01
201400033969,1,10,0,0.0,2.0,0.0,13.0,B01
201400033970,0,7,0,2.0,2.0,2.0,15.0,B01
201400033970,0,2,0,2.0,2.0,8.0,16.0,A01
201400033971,0,7,0,0.0,2.0,5.0,2.0,B01
201400033971,0,2,0,0.0,2.0,1.0,18.0,A01
201400033972,0,7,0,0.0,2.0,1.0,1.0,A01
201400033972,1,2,0,0.0,2.0,1.0,5.0,Z01
201400033973,1,99,0,2.0,1.0,0.0,2.0,Z01
201400033974,0,7,0,0.0,1.0,1.0,1.0,A01
201400033975,0,33,0,0.0,2.0,1.0,1.0,A01
201400033975,0,7,0,0.0,2.0,8.0,1.0,B01
201400033976,0,7,0,0.0,2.0,3.0,15.0,A01
201400033976,1,7,0,0.0,2.0,7.0,17.0,B01
201400033977,0,7,0,0.0,1.0,1.0,1.0,A01
201400033978,1,10,0,0.0,2.0,8.0,13.0,A01
201400033978,0,7,0,0.0,2.0,7.0,1.0,B01
201400033978,0,7,0,0.0,2.0,2.0,1.0,C01
201400033978,0,7,0,0.0,2.0,2.0,1.0,D01
201400033979,0,30,0,12.0,2.0,1.0,1.0,B01
201400033979,1,7,0,0.0,2.0,5.0,15.0,Z01
201400033980,0,7,0,1.0,2.0,4.0,20.0,C01
201400033980,0,7,0,0.0,2.0,3.0,17.0,A01
201400033980,0,7,0,0.0,2.0,3.0,15.0,B01
201400033981,0,10,0,0.0,2.0,7.0,15.0,A01
201400033981,0,33,0,0.0,2.0,1.0,1.0,B01
201400033982,0,7,0,0.0,2.0,2.0,15.0,A01
201400033982,0,7,0,0.0,2.0,8.0,1.0,B01
201400033983,0,7,0,0.0,2.0,3.0,2.0,B01
201400033983,0,31,0,1.0,2.0,3.0,17.0,A01
201400033984,0,10,0,8.0,0.0,6.0,13.0,A01
201400033985,0,34,0,15.0,0.0,1.0,1.0,A01
201400033986,0,37,7,0.0,1.0,7.0,1.0,A01
201400033987,0,7,0,0.0,1.0,3.0,15.0,A01
201400033988,1,7,0,0.0,1.0,0.0,1.0,Z01
201400033989,0,7,0,0.0,2.0,1.0,2.0,B01
201400033989,0,7,0,0.0,2.0,4.0,2.0,C01
201400033989,0,7,0,0.0,2.0,1.0,2.0,A01
201400033990,0,7,0,0.0,2.0,1.0,15.0,A01
201400033990,0,32,0,0.0,2.0,1.0,1.0,B01
201400033991,0,7,0,0.0,2.0,1.0,1.0,B01
201400033991,0,7,0,8.0,2.0,7.0,1.0,A01
201400033992,0,7,0,0.0,1.0,1.0,1.0,A01
201400033993,0,7,0,0.0,2.0,1.0,2.0,C01
201400033993,0,7,0,0.0,2.0,1.0,2.0,A01
201400033993,0,7,0,0.0,2.0,3.0,2.0,B01
201400033994,0,7,0,8.0,2.0,2.0,15.0,A01
201400033994,0,7,0,0.0,2.0,3.0,1.0,B01
201400033995,0,7,0,0.0,1.0,2.0,2.0,A01
201400033996,0,7,0,0.0,1.0,1.0,1.0,A01
201400033997,0,7,0,0.0,1.0,0.0,2.0,A01
201400033998,0,1,0,0.0,2.0,8.0,0.0,A01
201400033998,0,7,0,0.0,2.0,2.0,16.0,B01
201400033999,0,7,0,0.0,2.0,1.0,2.0,A01
201400033999,0,31,0,0.0,2.0,4.0,1.0,B01
201400034000,0,33,0,0.0,2.0,1.0,1.0,D01
201400034000,0,7,0,0.0,2.0,3.0,1.0,C01
201400034000,1,7,0,0.0,1.0,1.0,15.0,A01
201400034000,0,7,0,0.0,2.0,2.0,0.0,B01
201400034001,0,7,0,0.0,2.0,4.0,1.0,B01
201400034001,0,7,0,0.0,0.0,3.0,15.0,A01
201400034002,0,7,0,0.0,2.0,3.0,1.0,A01
201400034002,0,7,0,0.0,2.0,2.0,15.0,B01
201400034002,0,7,0,0.0,2.0,2.0,24.0,C01
201400034002,0,7,0,0.0,2.0,5.0,24.0,D01
201400034002,0,7,0,0.0,0.0,8.0,24.0,E01
201400034003,0,7,0,0.0,1.0,6.0,20.0,A01
201400034004,0,7,0,0.0,2.0,3.0,17.0,A01
201400034004,0,7,0,0.0,2.0,3.0,1.0,B01
201400034005,0,7,0,0.0,0.0,4.0,2.0,B01
201400034005,0,7,0,0.0,2.0,1.0,2.0,A01
201400034006,0,7,0,0.0,2.0,1.0,2.0,B01
201400034006,0,7,0,0.0,2.0,4.0,2.0,C01
201400034006,0,7,0,0.0,2.0,1.0,2.0,A01
201400034007,0,7,0,12.0,2.0,4.0,2.0,B01
201400034007,0,7,0,12.0,2.0,1.0,2.0,A01
201400034008,0,7,0,0.0,1.0,3.0,1.0,A01
201400034009,0,34,0,1.0,1.0,1.0,1.0,A01
201400034010,0,7,0,0.0,1.0,1.0,1.0,A01
201400034011,0,2,0,8.0,0.0,2.0,1.0,A01
201400034012,0,10,0,0.0,2.0,7.0,1.0,B01
201400034012,0,7,0,0.0,2.0,2.0,1.0,A01