Num_Acc,senc,catv,occutc,obs,obsm,choc,manv,num_veh
201400034013,0,7,0,0.0,2.0,1.0,2.0,A01
201400034013,0,7,0,0.0,2.0,4.0,2.0,B01
201400034014,0,7,0,0.0,2.0,8.0,10.0,A01
201400034014,0,30,0,0.0,2.0,1.0,1.0,B01
201400034015,0,7,0,0.0,2.0,2.0,1.0,B01
201400034015,0,33,0,0.0,2.0,1.0,15.0,A01
201400034016,0,7,0,0.0,2.0,1.0,1.0,A01
201400034016,0,7,0,0.0,2.0,1.0,1.0,B01
201400034017,0,7,0,0.0,1.0,3.0,1.0,A01
201400034018,0,33,0,0.0,2.0,1.0,13.0,A01
201400034018,0,7,0,0.0,2.0,1.0,1.0,B01
201400034019,0,14,0,6.0,0.0,1.0,1.0,A01
201400034020,0,14,0,0.0,0.0,3.0,15.0,B01
201400034020,0,33,0,0.0,2.0,1.0,16.0,A01
201400034021,0,40,10,0.0,2.0,1.0,1.0,B01
201400034021,0,30,0,0.0,4.0,1.0,15.0,A01
201400034022,0,7,0,0.0,2.0,3.0,0.0,B01
201400034022,0,7,0,0.0,2.0,3.0,0.0,C01
201400034022,0,7,0,1.0,0.0,3.0,1.0,A01
201400034023,0,7,0,0.0,2.0,5.0,12.0,A01
201400034023,0,10,0,0.0,2.0,1.0,1.0,B01
201400034024,0,30,0,0.0,2.0,1.0,1.0,B01
201400034024,0,7,0,0.0,2.0,1.0,15.0,A01
201400034025,0,7,0,0.0,2.0,3.0,9.0,B01
201400034025,0,34,0,0.0,2.0,1.0,1.0,A01
201400034026,0,7,0,1.0,0.0,1.0,2.0,A01
201400034027,0,33,0,0.0,2.0,1.0,2.0,B01
201400034027,0,15,0,0.0,2.0,3.0,16.0,A01
201400034028,0,10,0,0.0,0.0,0.0,15.0,A01
201400034028,0,1,0,0.0,0.0,0.0,1.0,B01
201400034029,0,10,0,0.0,2.0,4.0,4.0,A01
201400034029,0,1,0,0.0,2.0,8.0,1.0,B01
201400034030,0,1,0,0.0,1.0,2.0,14.0,A01
201400034031,0,7,0,8.0,0.0,1.0,0.0,A01
201400034032,0,7,0,0.0,2.0,1.0,2.0,A01
201400034032,0,7,0,0.0,0.0,4.0,23.0,B01
201400034033,0,7,0,0.0,2.0,1.0,17.0,A01
201400034033,0,7,0,0.0,2.0,8.0,9.0,B01
201400034034,0,7,0,0.0,2.0,1.0,15.0,A01
201400034034,0,1,0,0.0,2.0,1.0,1.0,B01
201400034035,0,1,0,0.0,2.0,1.0,12.0,B01
201400034035,0,7,0,0.0,2.0,5.0,15.0,A01
201400034036,0,7,0,0.0,2.0,8.0,1.0,A01
201400034036,0,1,0,0.0,2.0,7.0,16.0,B01
201400034037,0,7,0,0.0,2.0,1.0,15.0,B01
201400034037,2,2,0,0.0,2.0,1.0,17.0,A01
201400034038,0,7,0,0.0,9.0,2.0,15.0,A01
201400034039,0,7,0,0.0,2.0,2.0,1.0,A01
201400034039,0,7,0,0.0,2.0,4.0,1.0,B01
201400034040,0,7,0,0.0,2.0,5.0,1.0,B01
201400034040,0,31,0,0.0,2.0,1.0,1.0,A01
201400034041,0,7,0,0.0,1.0,3.0,2.0,A01
201400034042,0,7,0,0.0,2.0,1.0,1.0,A01
201400034042,0,7,0,0.0,2.0,0.0,1.0,B01
201400034043,0,7,0,0.0,1.0,1.0,0.0,A01
201400034044,0,10,0,0.0,1.0,0.0,0.0,A01
201400034045,0,7,0,0.0,2.0,4.0,2.0,B01
201400034045,0,7,0,0.0,0.0,4.0,23.0,C01
201400034045,0,7,0,0.0,2.0,1.0,2.0,A01
201400034046,0,3,0,0.0,2.0,3.0,1.0,B01
201400034046,0,7,0,0.0,2.0,7.0,15.0,A01
201400034047,0,2,0,0.0,0.0,3.0,21.0,A01
201400034048,2,7,0,12.0,0.0,1.0,13.0,A01
201400034049,0,7,0,0.0,1.0,1.0,1.0,A01
201400034050,0,7,0,0.0,1.0,1.0,16.0,A01
201400034051,0,10,0,0.0,2.0,8.0,15.0,A01
201400034051,0,33,0,0.0,2.0,1.0,1.0,B01
201400034052,0,7,0,0.0,1.0,3.0,1.0,A01
201400034053,0,7,0,0.0,1.0,8.0,17.0,A01
201400034054,0,34,0,0.0,2.0,1.0,11.0,A01
201400034054,0,7,0,0.0,2.0,7.0,15.0,B01
201400034055,0,33,0,0.0,1.0,1.0,17.0,A01
201400034056,0,7,0,0.0,9.0,1.0,2.0,A01
201400034056,0,1,0,0.0,2.0,7.0,6.0,B01
201400034057,0,33,0,0.0,1.0,2.0,17.0,A01
201400034058,0,7,0,0.0,2.0,3.0,2.0,A01
201400034058,0,7,0,0.0,2.0,6.0,23.0,B01
201400034058,1,7,0,0.0,2.0,1.0,5.0,Z01
201400034059,0,7,0,0.0,2.0,1.0,2.0,B01
201400034059,0,7,0,0.0,2.0,4.0,2.0,A01
201400034060,0,7,0,1.0,1.0,3.0,1.0,A01
201400034060,0,7,0,0.0,2.0,0.0,22.0,B01
201400034061,0,7,0,0.0,2.0,1.0,1.0,A01
201400034061,0,7,0,0.0,2.0,1.0,1.0,B01
201400034062,0,7,0,0.0,1.0,0.0,4.0,A01
201400034063,0,1,0,0.0,1.0,1.0,1.0,A01
201400034064,0,15,0,0.0,2.0,3.0,9.0,A01
201400034064,0,1,0,0.0,2.0,3.0,1.0,B01
201400034065,0,7,0,0.0,1.0,1.0,1.0,A01
201400034066,1,7,0,0.0,2.0,0.0,2.0,Z01
201400034066,0,30,0,0.0,0.0,4.0,15.0,B01
201400034067,0,1,0,0.0,2.0,1.0,2.0,A01
201400034067,0,7,0,0.0,2.0,4.0,2.0,B01
201400034068,0,7,0,0.0,2.0,8.0,15.0,B01
201400034068,0,30,0,0.0,2.0,1.0,1.0,A01
201400034069,0,10,0,0.0,2.0,3.0,15.0,B01
201400034069,0,30,0,0.0,2.0,1.0,17.0,A01
201400034070,0,7,0,0.0,2.0,1.0,15.0,A01
201400034070,0,7,0,0.0,2.0,3.0,1.0,B01
201400034071,0,7,0,0.0,2.0,4.0,23.0,B01
201400034071,0,10,0,0.0,2.0,1.0,2.0,A01
201400034071,0,7,0,0.0,2.0,4.0,23.0,C01
201400034072,0,7,0,0.0,2.0,1.0,1.0,A01
201400034072,0,7,0,0.0,2.0,4.0,1.0,B01
201400034073,1,7,0,0.0,1.0,6.0,4.0,A01
201400034074,0,7,0,0.0,2.0,7.0,1.0,A01
201400034074,0,1,0,0.0,2.0,1.0,1.0,B01
201400034075,0,7,0,0.0,2.0,7.0,1.0,B01
201400034075,0,7,0,0.0,2.0,1.0,16.0,A01
201400034076,0,33,0,8.0,2.0,1.0,1.0,B01
201400034076,0,1,0,0.0,0.0,8.0,19.0,A01
201400034077,0,7,0,0.0,2.0,1.0,2.0,D01
201400034077,0,7,0,0.0,2.0,4.0,2.0,B01
201400034077,0,7,0,0.0,2.0,1.0,2.0,C01
201400034077,0,7,0,0.0,2.0,4.0,2.0,A01
201400034078,0,1,0,0.0,2.0,0.0,2.0,B01
201400034078,0,7,0,0.0,2.0,0.0,2.0,A01
201400034079,1,2,0,0.0,1.0,0.0,0.0,Z01
201400034080,0,7,0,0.0,2.0,2.0,15.0,A01
201400034080,0,7,0,0.0,2.0,2.0,1.0,B01
201400034081,0,7,0,0.0,1.0,1.0,0.0,A01
201400034082,0,7,0,0.0,1.0,3.0,1.0,B01
201400034082,0,7,0,0.0,2.0,2.0,15.0,A01
201400034083,0,7,0,0.0,2.0,6.0,2.0,B01
201400034083,0,10,0,0.0,2.0,0.0,2.0,A01
201400034084,0,32,0,0.0,2.0,3.0,6.0,A01
201400034084,0,7,0,0.0,2.0,3.0,23.0,B01
201400034085,0,7,0,0.0,2.0,1.0,2.0,A01
201400034085,0,7,0,0.0,2.0,4.0,15.0,B01
201400034086,0,7,0,0.0,1.0,7.0,1.0,A01
201400034087,0,36,0,2.0,0.0,1.0,0.0,A01
201400034088,0,7,0,0.0,2.0,1.0,1.0,A01
201400034088,0,7,0,0.0,2.0,0.0,1.0,B01
201400034088,0,7,0,0.0,2.0,3.0,1.0,D01
201400034088,0,7,0,0.0,2.0,1.0,23.0,C01
201400034089,0,7,0,6.0,0.0,1.0,1.0,A01
201400034090,0,7,0,0.0,2.0,3.0,1.0,B01
201400034090,0,7,0,0.0,2.0,1.0,15.0,A01
201400034091,0,7,0,6.0,0.0,1.0,21.0,A01
201400034092,0,7,0,0.0,1.0,2.0,1.0,A01
201400034093,0,7,0,0.0,1.0,3.0,2.0,A01
201400034094,0,38,45,0.0,2.0,2.0,5.0,A01
201400034094,0,38,45,0.0,2.0,1.0,15.0,B01
201400034095,0,7,0,0.0,2.0,1.0,15.0,B01
201400034096,0,7,0,0.0,0.0,6.0,2.0,B01
201400034096,0,7,0,0.0,2.0,1.0,2.0,A01
201400034097,0,33,0,0.0,0.0,1.0,0.0,A01
201400034098,0,7,0,0.0,1.0,1.0,1.0,A01
201400034099,0,7,0,0.0,1.0,6.0,2.0,A01
201400034100,0,7,0,0.0,2.0,1.0,2.0,A01
201400034100,0,7,0,0.0,2.0,0.0,0.0,C01
201400034100,0,7,0,0.0,2.0,4.0,2.0,B01
201400034101,0,7,0,0.0,2.0,2.0,15.0,A01
201400034101,0,33,0,0.0,2.0,1.0,1.0,B01
201400034102,0,7,0,0.0,2.0,3.0,1.0,A01
201400034102,0,7,0,0.0,2.0,5.0,1.0,B01
201400034102,0,7,0,0.0,2.0,4.0,1.0,C01
201400034103,0,7,0,0.0,2.0,3.0,15.0,A01
201400034103,0,7,0,0.0,2.0,1.0,15.0,B01
201400034104,0,7,0,0.0,2.0,2.0,1.0,B01
201400034104,0,7,0,0.0,0.0,1.0,15.0,A01
201400034105,0,7,0,0.0,2.0,1.0,2.0,A01
201400034105,0,7,0,0.0,0.0,4.0,2.0,B01
201400034106,0,7,0,0.0,2.0,1.0,2.0,A01
201400034106,0,7,0,0.0,2.0,6.0,15.0,B01
201400034107,0,7,0,0.0,2.0,1.0,1.0,B01
201400034107,0,7,0,0.0,2.0,7.0,10.0,A01
201400034108,0,7,0,0.0,2.0,3.0,17.0,A01
201400034108,0,30,0,0.0,2.0,7.0,1.0,B01
201400034109,0,7,0,0.0,2.0,3.0,15.0,B01
201400034109,0,7,0,0.0,2.0,2.0,0.0,A01
201400034110,0,7,0,0.0,1.0,1.0,1.0,A01
201400034111,0,33,0,0.0,2.0,1.0,2.0,A01
201400034111,0,7,0,0.0,0.0,5.0,23.0,B01
201400034112,0,7,0,0.0,1.0,2.0,2.0,A01
201400034113,0,7,0,0.0,2.0,2.0,20.0,A01
201400034113,0,7,0,0.0,2.0,2.0,1.0,B01
201400034114,0,7,0,0.0,0.0,4.0,2.0,B01
201400034114,0,7,0,0.0,2.0,1.0,2.0,A01
201400034115,0,10,0,0.0,2.0,1.0,1.0,A01
201400034115,0,7,0,0.0,2.0,7.0,1.0,B01
201400034115,0,7,0,12.0,0.0,6.0,2.0,C01
201400034116,0,7,0,0.0,2.0,5.0,17.0,A01
201400034116,0,7,0,0.0,2.0,1.0,1.0,B01
201400034117,0,7,0,0.0,2.0,3.0,15.0,A01
201400034117,0,30,0,0.0,2.0,8.0,1.0,B01
201400034118,0,10,0,0.0,2.0,8.0,9.0,B01
201400034118,1,10,0,0.0,2.0,0.0,17.0,Z01
201400034119,0,7,0,0.0,0.0,0.0,13.0,B01
201400034119,1,7,0,0.0,0.0,0.0,0.0,Z01
201400034119,0,7,0,0.0,0.0,6.0,0.0,C01
201400034120,0,7,0,0.0,1.0,1.0,1.0,A01
201400034121,0,7,0,0.0,0.0,5.0,19.0,A01
201400034121,0,37,45,0.0,2.0,1.0,1.0,B01
201400034122,0,10,0,0.0,2.0,1.0,1.0,A01
201400034122,0,37,0,0.0,2.0,1.0,23.0,C01
201400034122,0,10,0,0.0,2.0,1.0,0.0,B01
201400034123,0,7,0,0.0,2.0,1.0,1.0,B01
201400034123,2,7,0,0.0,2.0,1.0,5.0,Z01
201400034124,0,7,0,0.0,1.0,6.0,1.0,A01
201400034125,0,7,0,0.0,2.0,2.0,3.0,A01
201400034125,0,7,0,0.0,2.0,0.0,23.0,C01
201400034125,0,7,0,0.0,2.0,6.0,23.0,B01
201400034126,0,7,0,9.0,0.0,1.0,1.0,A01
201400034127,0,7,0,0.0,2.0,1.0,1.0,B01
201400034127,0,7,0,0.0,2.0,1.0,20.0,A01
201400034128,0,7,0,0.0,1.0,1.0,1.0,A01
201400034129,0,7,0,7.0,2.0,3.0,1.0,B01
201400034129,0,7,0,0.0,2.0,1.0,1.0,A01
201400034130,0,7,0,0.0,1.0,1.0,1.0,A01
201400034131,0,3,0,0.0,2.0,1.0,2.0,A01
201400034131,0,7,0,0.0,2.0,6.0,23.0,B01
201400034132,0,7,0,0.0,1.0,1.0,16.0,A01
201400034133,0,7,0,0.0,1.0,1.0,16.0,A01
201400034134,0,7,0,0.0,2.0,2.0,1.0,B01
201400034134,0,7,0,0.0,2.0,1.0,5.0,A01
201400034135,0,1,0,0.0,2.0,3.0,1.0,A01
201400034135,0,7,0,0.0,2.0,7.0,17.0,B01
201400034136,0,2,0,0.0,2.0,1.0,1.0,B01
201400034136,0,14,0,0.0,2.0,8.0,15.0,A01
201400034137,0,7,0,6.0,2.0,2.0,1.0,A01
201400034137,0,7,0,6.0,2.0,3.0,1.0,B01
201400034138,1,99,0,0.0,1.0,2.0,0.0,Z01
201400034139,0,7,0,0.0,2.0,7.0,1.0,B01
201400034139,0,7,0,0.0,2.0,1.0,9.0,A01
201400034140,0,7,0,0.0,2.0,2.0,1.0,B01
201400034140,0,33,0,0.0,2.0,1.0,5.0,A01
201400034141,0,7,0,0.0,0.0,6.0,16.0,A01
201400034141,0,33,0,0.0,2.0,7.0,21.0,B01
201400034142,0,10,0,0.0,2.0,2.0,2.0,A01
201400034142,0,33,0,0.0,0.0,6.0,23.0,B01
201400034143,0,7,0,1.0,0.0,3.0,0.0,C01
201400034143,0,33,0,0.0,0.0,1.0,0.0,A01
201400034143,0,13,0,1.0,0.0,0.0,0.0,B01
201400034144,0,33,0,0.0,2.0,1.0,21.0,B01
201400034144,0,7,0,0.0,2.0,6.0,9.0,A01
201400034145,0,37,20,0.0,1.0,5.0,1.0,A01
201400034146,0,7,0,0.0,2.0,1.0,9.0,B01
201400034146,0,33,0,0.0,2.0,2.0,17.0,A01
201400034147,0,2,0,12.0,0.0,1.0,1.0,A01
201400034148,0,7,0,0.0,2.0,1.0,1.0,B01
201400034148,0,7,0,1.0,2.0,7.0,1.0,A01
201400034149,0,15,0,0.0,2.0,6.0,2.0,B01
201400034149,0,10,0,0.0,2.0,8.0,5.0,A01
201400034150,0,7,0,0.0,1.0,2.0,1.0,A01
201400034151,0,7,0,0.0,2.0,1.0,17.0,A01
201400034151,0,2,0,0.0,2.0,1.0,1.0,B01
201400034152,0,7,0,0.0,1.0,1.0,0.0,A01
201400034153,1,7,0,0.0,1.0,1.0,0.0,A01
201400034154,0,7,0,15.0,0.0,1.0,0.0,A01
201400034155,0,7,0,0.0,2.0,3.0,15.0,A01
201400034155,0,32,0,0.0,2.0,3.0,1.0,B01
201400034156,0,7,0,0.0,1.0,1.0,12.0,A01
201400034157,1,7,0,0.0,2.0,3.0,9.0,A01
201400034157,0,1,0,0.0,2.0,2.0,1.0,B01
201400034158,0,7,0,0.0,2.0,1.0,19.0,A01
201400034158,0,7,0,0.0,2.0,7.0,19.0,B01
201400034159,0,7,0,0.0,2.0,1.0,1.0,A01
201400034159,0,7,0,0.0,2.0,4.0,23.0,B01
201400034160,0,7,0,0.0,1.0,2.0,1.0,A01
201400034161,0,37,20,0.0,1.0,7.0,1.0,A01
201400034162,0,7,0,0.0,1.0,3.0,1.0,A01
201400034163,0,7,0,0.0,2.0,1.0,1.0,A01
201400034163,0,30,0,0.0,2.0,8.0,1.0,B01
201400034164,0,7,0,0.0,2.0,3.0,15.0,B01
201400034164,0,7,0,0.0,2.0,2.0,1.0,A01
201400034165,0,7,0,0.0,1.0,7.0,1.0,A01
201400034166,0,7,0,0.0,1.0,2.0,1.0,A01
201400034167,0,2,0,0.0,2.0,2.0,17.0,B01
201400034167,0,7,0,0.0,2.0,6.0,15.0,A01
201400034168,1,7,0,0.0,0.0,0.0,0.0,Z01
201400034168,0,7,0,0.0,2.0,3.0,16.0,A01
201400034169,0,10,0,0.0,1.0,1.0,1.0,A01
201400034170,0,7,0,0.0,1.0,3.0,15.0,A01
201400034171,0,7,0,0.0,2.0,2.0,15.0,A01
201400034171,0,33,0,0.0,2.0,1.0,1.0,B01
201400034172,0,7,0,0.0,1.0,3.0,1.0,A01
201400034173,0,7,0,0.0,2.0,3.0,15.0,B01
201400034173,0,2,0,0.0,2.0,1.0,1.0,A01
201400034174,1,7,0,0.0,1.0,0.0,0.0,Z01
201400034175,0,2,0,0.0,1.0,3.0,16.0,A01
201400034176,0,7,0,0.0,2.0,6.0,1.0,B01
201400034176,1,7,0,0.0,2.0,2.0,1.0,Z01
201400034177,0,7,0,0.0,2.0,2.0,1.0,A01
201400034177,0,7,0,0.0,2.0,1.0,1.0,B01
201400034178,0,7,0,0.0,2.0,1.0,17.0,A01
201400034178,0,7,0,0.0,2.0,8.0,15.0,B01
201400034179,0,7,0,0.0,2.0,1.0,1.0,A01
201400034179,0,1,0,0.0,2.0,0.0,0.0,B01
201400034180,0,7,0,0.0,2.0,1.0,1.0,B01
201400034180,0,7,0,0.0,2.0,8.0,1.0,A01
201400034181,0,7,0,0.0,2.0,1.0,1.0,B01
201400034181,0,7,0,0.0,2.0,5.0,1.0,A01
201400034182,0,7,0,6.0,0.0,1.0,1.0,A01
201400034183,0,33,0,0.0,2.0,6.0,15.0,A01
201400034183,0,33,0,0.0,2.0,1.0,1.0,B01
201400034184,0,7,0,0.0,2.0,3.0,15.0,A01
201400034184,0,32,0,0.0,2.0,1.0,1.0,B01
201400034184,0,7,0,0.0,2.0,4.0,15.0,C01
201400034185,0,32,0,0.0,2.0,0.0,1.0,B01
201400034185,0,7,0,0.0,2.0,0.0,9.0,A01
201400034186,0,7,0,0.0,1.0,2.0,1.0,A01
201400034187,0,15,0,0.0,1.0,3.0,1.0,A01
201400034188,0,37,45,0.0,1.0,2.0,1.0,A01
201400034189,0,1,0,0.0,2.0,5.0,1.0,B01
201400034189,0,7,0,0.0,2.0,1.0,9.0,A01
201400034190,1,7,0,1.0,1.0,2.0,1.0,A01
201400034191,0,2,0,0.0,2.0,1.0,7.0,A01
201400034191,0,7,0,0.0,2.0,3.0,15.0,B01
201400034192,0,7,0,0.0,1.0,1.0,1.0,A01
201400034193,0,7,0,0.0,2.0,4.0,2.0,A01
201400034193,0,7,0,0.0,2.0,1.0,2.0,B01
201400034194,0,7,0,0.0,1.0,2.0,1.0,A01
201400034195,0,10,0,0.0,2.0,1.0,1.0,A01
201400034195,0,7,0,0.0,2.0,4.0,2.0,B01
201400034196,0,7,0,0.0,2.0,3.0,1.0,C01
201400034196,0,7,0,0.0,2.0,8.0,1.0,B01
201400034196,0,7,0,0.0,2.0,1.0,1.0,A01
201400034197,0,34,0,0.0,2.0,1.0,17.0,A01
201400034197,0,1,0,0.0,2.0,8.0,15.0,B01
201400034198,0,2,0,0.0,2.0,4.0,16.0,A01
201400034198,0,7,0,0.0,2.0,2.0,1.0,B01
201400034199,0,7,0,0.0,1.0,6.0,1.0,A01
201400034200,0,10,0,0.0,1.0,0.0,1.0,A01
201400034201,0,7,0,0.0,2.0,3.0,1.0,B01
201400034201,0,7,0,0.0,2.0,5.0,1.0,A01
201400034202,0,33,0,0.0,2.0,1.0,1.0,B01
201400034202,0,7,0,0.0,2.0,5.0,15.0,A01
201400034203,0,10,0,0.0,2.0,7.0,20.0,A01
201400034203,0,31,0,0.0,2.0,8.0,18.0,B01
201400034204,0,99,0,15.0,0.0,0.0,1.0,A01
201400034205,0,32,0,0.0,2.0,1.0,1.0,B01
201400034205,0,7,0,0.0,2.0,2.0,15.0,A01
201400034206,0,7,0,2.0,0.0,1.0,1.0,A01
201400034207,0,7,0,0.0,2.0,9.0,23.0,C01
201400034207,0,7,0,0.0,2.0,3.0,16.0,B01
201400034207,0,31,0,0.0,2.0,9.0,17.0,A01
201400034208,0,30,0,0.0,2.0,1.0,1.0,B01
201400034208,1,7,0,0.0,0.0,0.0,0.0,A01
201400034209,0,40,50,0.0,2.0,3.0,1.0,C01
201400034209,0,40,40,0.0,2.0,8.0,1.0,B01
201400034209,0,30,0,0.0,4.0,9.0,3.0,A01
201400034210,0,7,0,0.0,2.0,2.0,15.0,A01
201400034210,0,32,0,0.0,2.0,1.0,1.0,B01
201400034211,0,7,0,0.0,2.0,3.0,15.0,A01
201400034211,0,33,0,0.0,2.0,8.0,1.0,B01
201400034212,0,33,0,0.0,2.0,7.0,1.0,B01
201400034212,0,7,0,0.0,2.0,1.0,1.0,A01
201400034213,0,1,0,0.0,1.0,1.0,15.0,A01
201400034214,0,1,0,0.0,2.0,8.0,19.0,B01
201400034214,0,10,0,0.0,2.0,3.0,1.0,A01
201400034215,0,1,0,0.0,2.0,4.0,1.0,B01
201400034215,0,7,0,0.0,2.0,1.0,1.0,A01
201400034216,0,7,0,0.0,2.0,7.0,15.0,A01
201400034216,0,1,0,0.0,2.0,1.0,1.0,B01
201400034217,0,7,0,12.0,2.0,3.0,10.0,A01
201400034217,0,7,0,0.0,2.0,1.0,1.0,B01
201400034218,0,7,0,0.0,2.0,3.0,1.0,A01
201400034218,0,30,0,0.0,2.0,1.0,1.0,B01
201400034219,0,7,0,0.0,2.0,2.0,15.0,A01
201400034219,0,32,0,0.0,2.0,1.0,1.0,B01
201400034220,0,2,0,0.0,1.0,6.0,1.0,A01
201400034221,0,7,0,11.0,2.0,7.0,1.0,B01
201400034221,0,10,0,1.0,2.0,1.0,1.0,A01
201400034222,0,7,0,0.0,2.0,1.0,1.0,B01
201400034222,0,7,0,0.0,2.0,7.0,15.0,A01
201400034223,0,7,0,7.0,0.0,2.0,1.0,A01
201400034224,0,20,0,0.0,2.0,3.0,10.0,A01
201400034224,0,31,0,0.0,2.0,2.0,17.0,B01
201400034225,0,99,0,0.0,2.0,0.0,0.0,A01
201400034225,0,7,0,0.0,2.0,3.0,1.0,B01
201400034226,0,7,0,0.0,1.0,1.0,1.0,C01
201400034226,2,7,0,15.0,2.0,1.0,1.0,A01
201400034226,0,7,0,0.0,2.0,1.0,1.0,B01
201400034227,0,1,0,1.0,2.0,2.0,1.0,B01
201400034227,0,7,0,0.0,2.0,1.0,1.0,A01
201400034228,0,31,0,0.0,1.0,2.0,17.0,A01
201400034229,0,1,0,0.0,2.0,5.0,1.0,B01
201400034229,0,7,0,0.0,2.0,3.0,1.0,A01
201400034230,2,7,0,8.0,2.0,1.0,0.0,B01
201400034230,1,7,0,0.0,2.0,1.0,0.0,A01
201400034231,0,7,0,0.0,2.0,7.0,16.0,B01
201400034231,0,30,0,0.0,2.0,8.0,2.0,A01
201400034232,0,7,0,0.0,2.0,3.0,1.0,A01
201400034232,0,2,0,0.0,2.0,1.0,1.0,B01
201400034233,0,37,100,0.0,2.0,2.0,1.0,B01
201400034233,0,7,0,0.0,2.0,3.0,9.0,A01
201400034234,0,14,0,0.0,1.0,0.0,15.0,A01
201400034235,0,7,0,0.0,0.0,2.0,2.0,B01
201400034235,0,1,0,0.0,2.0,0.0,2.0,A01
201400034236,1,30,0,0.0,0.0,0.0,20.0,Z01
201400034237,0,7,0,0.0,2.0,3.0,13.0,A01
201400034237,0,7,0,0.0,2.0,3.0,1.0,B01
201400034238,0,7,0,0.0,2.0,1.0,2.0,A01
201400034238,0,7,0,0.0,2.0,4.0,2.0,B01
201400034238,0,7,0,0.0,2.0,4.0,2.0,C01
201400034239,0,1,0,0.0,2.0,7.0,15.0,A01
201400034239,0,7,0,0.0,2.0,3.0,1.0,B01
201400034240,1,7,0,0.0,2.0,0.0,12.0,Z01
201400034240,0,33,0,0.0,2.0,0.0,1.0,B01
201400034241,0,7,0,0.0,2.0,1.0,1.0,B01
201400034241,0,30,0,0.0,2.0,7.0,1.0,A01
201400034242,0,7,0,0.0,2.0,3.0,1.0,A01
201400034242,1,99,0,0.0,2.0,0.0,20.0,Z01
201400034243,0,7,0,0.0,1.0,2.0,1.0,A01
201400034244,0,7,0,0.0,2.0,1.0,1.0,A01
201400034244,0,7,0,0.0,2.0,4.0,1.0,B01
201400034244,0,7,0,0.0,2.0,4.0,16.0,C01
201400034245,0,32,0,14.0,0.0,1.0,1.0,A01
201400034246,0,7,0,0.0,2.0,3.0,1.0,B01
201400034246,0,7,0,0.0,2.0,2.0,15.0,A01
201400034247,0,7,0,0.0,1.0,2.0,1.0,A01
201400034248,0,1,0,1.0,0.0,1.0,1.0,A01
201400034248,0,7,0,0.0,2.0,3.0,22.0,B01
201400034249,0,7,0,2.0,0.0,8.0,14.0,A01
201400034250,0,30,0,0.0,1.0,1.0,1.0,A01
201400034251,0,7,0,0.0,1.0,2.0,1.0,A01
201400034252,0,7,0,0.0,2.0,3.0,15.0,A01
201400034252,0,31,0,0.0,2.0,8.0,1.0,B01
201400034253,0,7,0,0.0,2.0,3.0,15.0,A01
201400034253,0,1,0,0.0,2.0,1.0,1.0,B01
201400034254,0,34,0,12.0,0.0,1.0,1.0,A01
201400034255,0,1,0,0.0,2.0,4.0,13.0,A01
201400034255,0,7,0,0.0,2.0,1.0,1.0,B01
201400034256,0,34,0,0.0,2.0,1.0,23.0,B01
201400034256,0,10,0,0.0,2.0,2.0,23.0,C01
201400034256,0,7,0,0.0,2.0,0.0,1.0,A01
201400034257,0,32,0,0.0,2.0,1.0,1.0,B01
201400034257,0,7,0,0.0,2.0,2.0,15.0,A01
201400034258,0,7,0,0.0,2.0,3.0,1.0,A01
201400034258,0,1,0,0.0,2.0,1.0,1.0,B01
201400034259,0,7,0,0.0,2.0,8.0,1.0,B01
201400034259,0,7,0,0.0,2.0,1.0,1.0,A01
201400034260,0,33,0,0.0,2.0,3.0,18.0,A01
201400034260,0,7,0,0.0,2.0,2.0,15.0,B01
201400034261,0,33,0,0.0,2.0,1.0,1.0,B01
201400034261,0,7,0,0.0,2.0,2.0,15.0,A01
201400034262,0,32,0,0.0,2.0,8.0,1.0,B01
201400034262,0,7,0,0.0,2.0,2.0,10.0,A01
201400034263,0,7,0,0.0,1.0,0.0,1.0,A01
201400034264,0,7,0,0.0,2.0,5.0,10.0,A01
201400034264,0,33,0,1.0,2.0,1.0,1.0,B01
201400034265,0,7,0,0.0,1.0,3.0,1.0,A01
201400034266,0,1,0,0.0,1.0,8.0,1.0,A01
201400034267,0,7,0,0.0,1.0,2.0,14.0,A01
201400034268,0,7,0,0.0,2.0,3.0,15.0,B01
201400034268,0,33,0,0.0,1.0,1.0,17.0,A01
201400034269,0,7,0,0.0,2.0,2.0,1.0,A01
201400034269,0,7,0,0.0,2.0,8.0,1.0,B01
201400034270,0,7,0,0.0,1.0,2.0,1.0,A01
201400034271,0,7,0,0.0,1.0,1.0,1.0,A01
201400034272,0,17,0,0.0,1.0,2.0,1.0,A01
201400034273,0,7,0,0.0,1.0,1.0,1.0,A01
201400034274,0,7,0,0.0,2.0,1.0,1.0,A01
201400034274,0,7,0,1.0,2.0,7.0,1.0,B01
201400034275,0,7,0,0.0,2.0,1.0,2.0,B01
201400034275,0,7,0,0.0,1.0,1.0,2.0,A01
201400034276,1,7,0,0.0,1.0,0.0,1.0,Z01
201400034277,0,7,0,0.0,2.0,5.0,15.0,B01
201400034277,0,7,0,0.0,1.0,5.0,17.0,A01
201400034278,0,7,0,0.0,1.0,1.0,1.0,A01
201400034279,0,31,0,0.0,1.0,1.0,17.0,A01
201400034280,0,7,0,0.0,2.0,4.0,1.0,B01
201400034280,0,7,0,0.0,2.0,1.0,2.0,A01
201400034281,0,7,0,0.0,2.0,2.0,1.0,A01