Num_Acc,senc,catv,occutc,obs,obsm,choc,manv,num_veh
201400034552,0,7,0,0.0,0.0,7.0,16.0,B01
201400034552,0,30,0,0.0,2.0,1.0,18.0,A01
201400034553,0,10,0,0.0,2.0,5.0,11.0,A01
201400034553,0,7,0,0.0,2.0,3.0,1.0,B01
201400034554,0,7,0,0.0,0.0,4.0,2.0,B01
201400034554,0,7,0,0.0,2.0,1.0,2.0,A01
201400034555,0,33,0,0.0,2.0,1.0,1.0,B01
201400034555,0,7,0,0.0,2.0,3.0,15.0,A01
201400034555,0,7,0,0.0,2.0,1.0,23.0,C01
201400034556,0,2,0,0.0,2.0,1.0,1.0,A01
201400034556,0,7,0,0.0,2.0,7.0,15.0,B01
201400034557,0,7,0,2.0,0.0,1.0,1.0,A01
201400034558,1,7,0,0.0,9.0,1.0,1.0,A01
201400034558,0,1,0,0.0,0.0,4.0,1.0,B01
201400034559,0,7,0,0.0,1.0,2.0,1.0,A01
201400034560,0,33,0,0.0,2.0,7.0,17.0,B01
201400034560,0,7,0,0.0,2.0,8.0,15.0,A01
201400034561,0,7,0,16.0,2.0,3.0,13.0,A01
201400034561,0,7,0,0.0,2.0,3.0,1.0,B01
201400034562,0,7,0,0.0,1.0,2.0,1.0,A01
201400034563,0,33,0,0.0,2.0,8.0,1.0,B01
201400034563,0,7,0,0.0,2.0,1.0,16.0,A01
201400034564,0,7,0,0.0,1.0,1.0,15.0,A01
201400034565,0,33,0,0.0,2.0,1.0,1.0,A01
201400034565,0,7,0,0.0,2.0,5.0,1.0,B01
201400034566,0,7,0,0.0,1.0,1.0,1.0,A01
201400034567,0,7,0,0.0,2.0,2.0,15.0,A01
201400034567,0,1,0,0.0,2.0,1.0,1.0,B01
201400034568,0,7,0,0.0,2.0,7.0,19.0,A01
201400034568,0,33,0,0.0,2.0,1.0,1.0,B01
201400034569,0,30,0,0.0,2.0,2.0,1.0,A01
201400034569,0,7,0,0.0,2.0,1.0,1.0,B01
201400034570,0,7,0,0.0,2.0,1.0,5.0,A01
201400034570,0,7,0,0.0,2.0,1.0,1.0,B01
201400034571,0,7,0,0.0,2.0,2.0,15.0,A01
201400034571,0,33,0,0.0,2.0,1.0,1.0,B01
201400034572,0,7,0,0.0,1.0,1.0,1.0,A01
201400034573,0,7,0,0.0,2.0,1.0,2.0,A01
201400034573,0,7,0,0.0,2.0,4.0,21.0,B01
201400034573,0,7,0,0.0,0.0,4.0,1.0,C01
201400034574,0,7,0,0.0,2.0,3.0,10.0,A01
201400034574,0,2,0,0.0,2.0,2.0,1.0,B01
201400034575,0,7,0,0.0,1.0,1.0,1.0,A01
201400034576,0,7,0,1.0,1.0,4.0,1.0,A01
201400034577,0,1,0,0.0,2.0,4.0,1.0,A01
201400034577,1,7,0,0.0,2.0,1.0,9.0,B01
201400034578,0,7,0,0.0,1.0,2.0,1.0,A01
201400034579,0,7,0,0.0,1.0,3.0,1.0,A01
201400034580,0,7,0,0.0,2.0,4.0,2.0,B01
201400034580,0,7,0,0.0,2.0,1.0,2.0,A01
201400034581,0,7,0,0.0,1.0,2.0,1.0,A01
201400034582,0,7,0,0.0,1.0,1.0,1.0,A01
201400034583,0,7,0,0.0,2.0,8.0,9.0,A01
201400034583,0,10,0,0.0,2.0,1.0,1.0,B01
201400034584,0,7,0,0.0,1.0,5.0,4.0,A01
201400034585,0,7,0,0.0,1.0,7.0,1.0,A01
201400034586,0,7,0,0.0,9.0,2.0,1.0,A01
201400034586,0,1,0,0.0,2.0,1.0,1.0,B01
201400034587,1,7,0,0.0,1.0,0.0,1.0,A01
201400034588,0,31,0,0.0,2.0,1.0,1.0,B01
201400034588,0,7,0,0.0,2.0,1.0,1.0,A01
201400034589,0,7,0,3.0,0.0,1.0,0.0,A01
201400034589,0,13,0,0.0,2.0,1.0,1.0,B01
201400034590,0,7,0,0.0,2.0,1.0,1.0,A01
201400034590,0,1,0,0.0,2.0,4.0,1.0,B01
201400034591,0,7,0,0.0,2.0,1.0,1.0,A01
201400034591,0,2,0,0.0,2.0,1.0,1.0,B01
201400034592,0,33,0,0.0,0.0,1.0,1.0,A01
201400034593,0,7,0,0.0,2.0,7.0,22.0,A01
201400034593,0,1,0,1.0,0.0,1.0,1.0,B01
201400034594,0,7,0,0.0,2.0,1.0,9.0,A01
201400034594,0,1,0,0.0,2.0,0.0,1.0,B01
201400034595,0,7,0,0.0,2.0,7.0,15.0,A01
201400034595,0,30,0,0.0,2.0,1.0,1.0,B01
201400034596,0,7,0,0.0,1.0,2.0,1.0,A01
201400034597,0,7,0,0.0,2.0,3.0,9.0,A01
201400034597,0,2,0,0.0,0.0,1.0,1.0,B01
201400034598,0,7,0,0.0,1.0,3.0,1.0,A01
201400034599,0,7,0,0.0,1.0,2.0,1.0,A01
201400034600,0,7,0,0.0,2.0,8.0,13.0,A01
201400034600,0,7,0,0.0,0.0,2.0,1.0,B01
201400034601,0,10,0,0.0,1.0,4.0,4.0,A01
201400034602,0,10,0,0.0,1.0,3.0,21.0,A01
201400034603,0,7,0,0.0,1.0,3.0,1.0,A01
201400034604,0,7,0,0.0,2.0,1.0,5.0,A01
201400034604,0,10,0,0.0,2.0,1.0,1.0,B01
201400034605,0,7,0,0.0,2.0,2.0,19.0,A01
201400034605,0,33,0,0.0,2.0,1.0,1.0,B01
201400034606,0,7,0,0.0,2.0,8.0,15.0,B01
201400034606,0,33,0,0.0,2.0,1.0,15.0,A01
201400034607,1,31,0,0.0,1.0,1.0,0.0,Z01
201400034608,0,7,0,0.0,1.0,1.0,15.0,A01
201400034609,0,32,0,0.0,2.0,1.0,1.0,B01
201400034609,0,7,0,0.0,2.0,1.0,20.0,A01
201400034610,0,7,0,0.0,1.0,1.0,1.0,A01
201400034611,0,7,0,0.0,2.0,1.0,1.0,A01
201400034611,0,1,0,0.0,2.0,4.0,1.0,B01
201400034612,0,7,0,0.0,1.0,1.0,1.0,A01
201400034613,0,7,0,0.0,2.0,8.0,1.0,B01
201400034613,0,7,0,10.0,2.0,2.0,17.0,A01
201400034613,0,7,0,0.0,2.0,1.0,1.0,C01
201400034614,0,14,0,0.0,2.0,0.0,1.0,A01
201400034614,0,33,0,0.0,2.0,0.0,15.0,B01
201400034615,0,7,0,0.0,1.0,2.0,1.0,A01
201400034616,0,33,0,0.0,2.0,1.0,15.0,B01
201400034616,0,7,0,0.0,2.0,3.0,1.0,A01
201400034617,0,2,0,0.0,2.0,1.0,1.0,B01
201400034617,0,7,0,0.0,2.0,8.0,9.0,A01
201400034618,0,7,0,0.0,2.0,8.0,15.0,B01
201400034618,0,33,0,0.0,2.0,1.0,1.0,A01
201400034619,0,30,0,14.0,0.0,4.0,17.0,A01
201400034620,0,7,0,0.0,1.0,8.0,1.0,A01
201400034621,0,7,0,0.0,2.0,1.0,1.0,A01
201400034621,0,1,0,0.0,2.0,7.0,19.0,B01
201400034622,0,10,0,0.0,1.0,1.0,0.0,A01
201400034623,0,7,0,12.0,2.0,1.0,13.0,A01
201400034623,0,1,0,0.0,2.0,1.0,1.0,B01
201400034624,1,7,0,0.0,1.0,3.0,15.0,Z01
201400034625,0,1,0,0.0,2.0,6.0,9.0,A01
201400034625,0,34,0,0.0,2.0,2.0,2.0,B01
201400034626,0,7,0,0.0,1.0,2.0,15.0,A01
201400034627,0,7,0,0.0,2.0,8.0,9.0,A01
201400034627,0,31,0,0.0,2.0,7.0,1.0,B01
201400034628,0,33,0,2.0,0.0,2.0,0.0,A01
201400034629,0,38,1,0.0,0.0,6.0,24.0,A01
201400034629,0,33,0,1.0,0.0,1.0,1.0,B01
201400034630,0,34,0,11.0,0.0,1.0,17.0,A01
201400034631,0,33,0,0.0,2.0,1.0,5.0,A01
201400034631,0,7,0,0.0,2.0,2.0,9.0,B01
201400034632,0,7,0,0.0,1.0,2.0,17.0,A01
201400034633,0,7,0,0.0,1.0,3.0,2.0,A01
201400034634,0,7,0,0.0,1.0,1.0,2.0,B01
201400034634,0,7,0,0.0,2.0,1.0,2.0,A01
201400034635,0,33,0,0.0,2.0,1.0,17.0,A01
201400034635,1,7,0,0.0,2.0,8.0,15.0,B01
201400034636,0,7,0,0.0,2.0,8.0,10.0,A01
201400034636,0,7,0,0.0,2.0,1.0,2.0,B01
201400034637,0,33,0,0.0,1.0,3.0,17.0,A01
201400034638,0,7,0,8.0,0.0,9.0,2.0,A01
201400034639,0,7,0,0.0,1.0,1.0,2.0,A01
201400034640,0,1,0,0.0,2.0,7.0,17.0,B01
201400034640,0,7,0,0.0,2.0,3.0,17.0,A01
201400034641,0,7,0,6.0,0.0,3.0,1.0,A01
201400034642,0,7,0,0.0,2.0,3.0,10.0,A01
201400034642,0,33,0,0.0,2.0,1.0,17.0,B01
201400034643,0,33,0,0.0,2.0,8.0,2.0,A01
201400034643,0,10,0,0.0,2.0,3.0,9.0,B01
201400034644,0,7,0,0.0,1.0,8.0,15.0,A01
201400034645,0,32,0,0.0,2.0,1.0,2.0,A01
201400034645,0,7,0,0.0,2.0,3.0,2.0,C01
201400034645,0,32,0,0.0,0.0,4.0,2.0,B01
201400034646,0,7,0,0.0,1.0,7.0,2.0,A01
201400034647,0,30,0,12.0,0.0,0.0,1.0,A01
201400034648,0,7,0,0.0,2.0,3.0,15.0,A01
201400034648,0,33,0,0.0,2.0,1.0,1.0,B01
201400034649,0,7,0,0.0,2.0,7.0,15.0,B01
201400034649,0,7,0,0.0,2.0,1.0,1.0,A01
201400034650,0,33,0,0.0,2.0,1.0,8.0,B01
201400034650,0,7,0,0.0,2.0,3.0,1.0,A01
201400034651,0,30,0,0.0,2.0,1.0,17.0,A01
201400034651,0,7,0,0.0,2.0,3.0,9.0,B01
201400034652,0,7,0,0.0,1.0,3.0,15.0,A01
201400034653,0,7,0,0.0,9.0,5.0,15.0,A01
201400034653,0,1,0,0.0,0.0,2.0,1.0,B01
201400034654,0,7,0,0.0,1.0,2.0,1.0,A01
201400034655,0,7,0,0.0,2.0,2.0,1.0,B01
201400034655,0,7,0,1.0,2.0,1.0,6.0,A01
201400034656,0,7,0,0.0,2.0,8.0,15.0,A01
201400034656,0,33,0,0.0,2.0,1.0,17.0,B01
201400034657,0,7,0,15.0,0.0,0.0,0.0,A01
201400034658,0,7,0,0.0,1.0,2.0,1.0,A01
201400034659,0,7,0,0.0,1.0,2.0,1.0,A01
201400034660,0,7,0,0.0,2.0,3.0,5.0,A01
201400034660,0,7,0,0.0,2.0,8.0,1.0,B01
201400034661,0,30,0,0.0,0.0,0.0,1.0,A01
201400034662,0,7,0,0.0,1.0,3.0,1.0,A01
201400034663,0,33,0,0.0,2.0,1.0,1.0,B01
201400034663,0,1,0,0.0,2.0,4.0,1.0,C01
201400034663,0,1,0,0.0,2.0,1.0,11.0,A01
201400034664,0,2,0,0.0,2.0,1.0,17.0,B01
201400034664,0,7,0,0.0,2.0,2.0,20.0,A01
201400034665,0,7,0,0.0,2.0,3.0,1.0,B01
201400034665,0,7,0,0.0,2.0,3.0,15.0,A01
201400034666,0,7,0,0.0,2.0,7.0,16.0,A01
201400034666,0,2,0,0.0,2.0,8.0,1.0,B01
201400034667,0,7,0,0.0,2.0,2.0,16.0,B01
201400034667,0,2,0,0.0,2.0,8.0,18.0,A01
201400034668,0,7,0,0.0,9.0,3.0,1.0,A01
201400034668,0,1,0,0.0,0.0,1.0,11.0,B01
201400034669,0,7,0,9.0,0.0,3.0,13.0,A01
201400034669,0,7,0,0.0,2.0,3.0,1.0,B01
201400034670,0,7,0,0.0,1.0,7.0,1.0,A01
201400034671,0,17,0,15.0,0.0,7.0,1.0,A01
201400034672,0,7,0,0.0,0.0,5.0,15.0,A01
201400034672,0,33,0,0.0,2.0,1.0,1.0,B01
201400034673,0,32,0,0.0,2.0,1.0,1.0,A01
201400034673,0,7,0,0.0,2.0,8.0,15.0,B01
201400034674,0,7,0,0.0,0.0,1.0,2.0,A01
201400034674,0,7,0,0.0,0.0,4.0,2.0,B01
201400034675,0,7,0,0.0,1.0,2.0,1.0,A01
201400034676,0,7,0,0.0,2.0,4.0,15.0,B01
201400034676,0,33,0,0.0,2.0,1.0,1.0,A01
201400034677,0,7,0,0.0,0.0,0.0,1.0,A01
201400034678,0,7,0,0.0,1.0,0.0,1.0,A01
201400034679,0,7,0,0.0,2.0,1.0,13.0,A01
201400034679,0,7,0,0.0,2.0,0.0,1.0,B01
201400034679,0,7,0,0.0,2.0,3.0,1.0,C01
201400034680,0,31,0,0.0,2.0,1.0,1.0,B01
201400034680,0,7,0,0.0,2.0,7.0,15.0,A01
201400034681,0,1,0,0.0,2.0,0.0,19.0,B01
201400034681,0,7,0,0.0,2.0,3.0,2.0,A01
201400034682,0,7,0,0.0,2.0,2.0,15.0,B01
201400034682,0,2,0,0.0,2.0,6.0,1.0,A01
201400034683,0,7,0,0.0,2.0,1.0,13.0,A01
201400034683,0,7,0,0.0,2.0,1.0,1.0,B01
201400034684,0,7,0,13.0,2.0,1.0,2.0,A01
201400034685,0,7,0,0.0,2.0,3.0,15.0,A01
201400034685,0,1,0,0.0,0.0,8.0,15.0,B01
201400034686,0,7,0,0.0,1.0,3.0,1.0,A01
201400034687,0,2,0,0.0,2.0,1.0,1.0,B01
201400034687,0,7,0,0.0,9.0,5.0,11.0,A01
201400034688,0,33,0,0.0,2.0,0.0,1.0,B01
201400034688,0,7,0,0.0,2.0,3.0,9.0,A01
201400034689,0,7,0,13.0,0.0,9.0,0.0,A01
201400034690,0,30,0,1.0,0.0,1.0,1.0,A01
201400034691,0,7,0,6.0,0.0,1.0,1.0,A01
201400034692,0,7,0,0.0,2.0,4.0,23.0,B01
201400034692,0,7,0,0.0,2.0,1.0,2.0,A01
201400034693,0,7,0,0.0,0.0,4.0,2.0,B01
201400034693,0,7,0,0.0,2.0,1.0,2.0,A01
201400034694,0,1,0,0.0,2.0,7.0,0.0,B01
201400034694,0,7,0,0.0,2.0,8.0,9.0,A01
201400034695,0,7,0,0.0,2.0,1.0,1.0,A01
201400034695,0,7,0,0.0,0.0,3.0,1.0,B01
201400034696,0,7,0,0.0,1.0,3.0,1.0,A01
201400034697,0,7,0,0.0,1.0,1.0,15.0,A01
201400034698,0,7,0,0.0,1.0,1.0,0.0,A01
201400034699,0,7,0,0.0,2.0,2.0,15.0,A01
201400034699,0,7,0,0.0,2.0,7.0,1.0,B01
201400034700,0,7,0,0.0,1.0,1.0,1.0,A01
201400034701,0,7,0,12.0,0.0,2.0,0.0,A01
201400034702,0,7,0,0.0,1.0,3.0,1.0,A01
201400034703,0,7,0,0.0,2.0,1.0,1.0,B01
201400034703,0,7,0,0.0,2.0,8.0,19.0,A01
201400034704,0,7,0,0.0,2.0,1.0,2.0,A01
201400034704,0,7,0,0.0,2.0,4.0,23.0,B01
201400034704,0,7,0,0.0,2.0,1.0,1.0,C01
201400034705,0,7,0,15.0,0.0,9.0,0.0,A01
201400034706,0,7,0,0.0,1.0,2.0,0.0,A01
201400034707,0,7,0,14.0,0.0,4.0,0.0,A01
201400034708,0,2,0,0.0,2.0,1.0,1.0,B01
201400034708,0,7,0,0.0,2.0,2.0,1.0,A01
201400034709,0,7,0,0.0,1.0,1.0,0.0,A01
201400034710,0,7,0,0.0,2.0,4.0,2.0,C01
201400034710,0,7,0,0.0,2.0,4.0,2.0,B01
201400034710,0,10,0,0.0,2.0,1.0,2.0,A01
201400034711,0,33,0,0.0,0.0,0.0,14.0,A01
201400034712,0,7,0,0.0,2.0,2.0,15.0,B01
201400034712,0,33,0,0.0,2.0,1.0,1.0,A01
201400034713,0,7,0,0.0,2.0,1.0,2.0,A01
201400034713,0,7,0,0.0,2.0,4.0,23.0,C01
201400034713,0,7,0,0.0,0.0,4.0,23.0,D01
201400034713,0,7,0,0.0,2.0,5.0,23.0,B01
201400034714,0,7,0,0.0,2.0,3.0,0.0,A01
201400034714,0,7,0,0.0,2.0,8.0,9.0,B01
201400034715,0,33,0,0.0,2.0,1.0,17.0,B01
201400034715,0,7,0,0.0,2.0,3.0,15.0,A01
201400034716,0,7,0,0.0,2.0,1.0,2.0,A01
201400034716,0,7,0,0.0,2.0,4.0,2.0,B01
201400034717,0,7,0,0.0,2.0,1.0,13.0,A01
201400034717,0,7,0,0.0,2.0,1.0,1.0,B01
201400034718,0,35,0,12.0,0.0,1.0,1.0,A01
201400034719,0,7,0,8.0,0.0,2.0,2.0,A01
201400034720,0,7,0,0.0,0.0,9.0,14.0,A01
201400034721,0,7,0,16.0,0.0,2.0,1.0,A01
201400034722,0,7,0,0.0,2.0,5.0,2.0,A01
201400034722,0,7,0,3.0,2.0,3.0,2.0,B01
201400034723,0,7,0,0.0,2.0,0.0,0.0,B01
201400034723,0,30,0,0.0,2.0,7.0,12.0,A01
201400034724,0,33,0,0.0,2.0,8.0,23.0,B01
201400034724,0,10,0,0.0,2.0,7.0,17.0,A01
201400034725,0,7,0,0.0,2.0,3.0,1.0,B01
201400034725,0,1,0,0.0,2.0,8.0,15.0,A01
201400034726,0,30,0,0.0,1.0,1.0,1.0,A01
201400034727,0,1,0,0.0,2.0,1.0,19.0,A01
201400034727,0,7,0,0.0,2.0,2.0,1.0,B01
201400034728,0,7,0,0.0,1.0,4.0,2.0,B01
201400034728,0,10,0,0.0,2.0,1.0,2.0,A01
201400034729,0,7,0,0.0,2.0,1.0,17.0,A01
201400034729,0,7,0,0.0,0.0,8.0,15.0,B01
201400034730,0,7,0,0.0,2.0,8.0,15.0,B01
201400034730,0,33,0,0.0,2.0,7.0,17.0,A01
201400034731,0,15,0,0.0,2.0,1.0,1.0,B01
201400034731,0,7,0,0.0,2.0,8.0,19.0,A01
201400034732,0,30,0,0.0,1.0,1.0,0.0,A01
201400034733,0,7,0,0.0,1.0,1.0,1.0,A01
201400034734,0,7,0,15.0,1.0,1.0,14.0,A01
201400034735,0,1,0,0.0,2.0,2.0,15.0,A01
201400034735,0,7,0,0.0,9.0,3.0,1.0,B01
201400034736,0,30,0,0.0,2.0,4.0,2.0,B01
201400034736,0,7,0,0.0,2.0,1.0,2.0,A01
201400034737,0,7,0,8.0,0.0,1.0,1.0,A01
201400034738,0,7,0,0.0,2.0,8.0,15.0,B01
201400034738,0,15,0,0.0,2.0,2.0,2.0,A01
201400034739,0,2,0,0.0,2.0,1.0,2.0,A01
201400034739,0,7,0,0.0,0.0,4.0,2.0,B01
201400034740,0,7,0,0.0,1.0,0.0,16.0,A01
201400034741,0,7,0,0.0,2.0,1.0,1.0,B01
201400034741,0,7,0,0.0,2.0,1.0,19.0,A01
201400034742,0,7,0,0.0,1.0,2.0,1.0,A01
201400034743,0,7,0,0.0,2.0,8.0,10.0,A01
201400034743,0,30,0,0.0,2.0,1.0,1.0,B01
201400034744,0,7,0,0.0,2.0,3.0,11.0,B01
201400034744,0,2,0,0.0,2.0,2.0,1.0,A01
201400034745,0,7,0,7.0,0.0,1.0,1.0,A01
201400034746,0,7,0,7.0,2.0,8.0,15.0,B01
201400034746,0,7,0,1.0,2.0,1.0,1.0,A01
201400034747,0,7,0,0.0,2.0,3.0,1.0,B01
201400034747,0,7,0,0.0,2.0,3.0,5.0,A01
201400034748,0,33,0,0.0,2.0,9.0,2.0,B01
201400034748,0,7,0,0.0,2.0,3.0,10.0,A01
201400034749,0,33,0,0.0,2.0,1.0,1.0,B01
201400034749,0,7,0,0.0,2.0,7.0,15.0,A01
201400034750,0,33,0,3.0,0.0,8.0,0.0,A01
201400034751,0,31,0,0.0,2.0,3.0,0.0,B01
201400034751,1,7,0,0.0,0.0,0.0,10.0,A01
201400034752,0,10,0,0.0,1.0,2.0,0.0,A01
201400034753,0,7,0,0.0,2.0,3.0,0.0,B01
201400034753,0,7,0,0.0,2.0,3.0,0.0,A01
201400034754,0,7,0,0.0,0.0,0.0,0.0,B01
201400034754,0,33,0,0.0,0.0,0.0,0.0,A01
201400034754,0,7,0,0.0,0.0,0.0,0.0,C01
201400034755,0,7,0,0.0,1.0,2.0,1.0,A01
201400034756,0,7,0,0.0,2.0,1.0,1.0,A01
201400034756,0,7,0,13.0,2.0,7.0,13.0,B01
201400034757,0,7,0,0.0,2.0,2.0,0.0,A01
201400034757,0,7,0,0.0,2.0,1.0,1.0,B01
201400034758,0,7,0,0.0,1.0,2.0,1.0,A01
201400034759,0,7,0,0.0,1.0,7.0,17.0,A01
201400034760,0,7,0,0.0,1.0,2.0,1.0,A01
201400034761,0,33,0,0.0,2.0,7.0,1.0,A01
201400034761,0,7,0,0.0,2.0,8.0,1.0,B01
201400034762,0,31,0,0.0,2.0,1.0,0.0,A01
201400034762,0,7,0,0.0,0.0,7.0,2.0,B01
201400034763,0,1,0,0.0,2.0,1.0,1.0,B01
201400034763,0,7,0,0.0,2.0,7.0,15.0,A01
201400034764,0,7,0,1.0,2.0,2.0,17.0,A01
201400034764,0,33,0,0.0,0.0,4.0,0.0,B01
201400034765,0,1,0,0.0,1.0,0.0,16.0,A01
201400034766,0,7,0,0.0,2.0,1.0,21.0,B01
201400034766,0,14,0,0.0,2.0,2.0,19.0,A01
201400034767,0,7,0,0.0,1.0,1.0,2.0,A01
201400034768,0,33,0,0.0,1.0,1.0,1.0,A01
201400034769,2,7,0,2.0,0.0,4.0,1.0,A01
201400034770,0,7,0,0.0,2.0,2.0,1.0,A01
201400034770,0,7,0,0.0,2.0,3.0,15.0,B01
201400034771,0,7,0,0.0,1.0,1.0,1.0,A01
201400034772,0,7,0,4.0,0.0,3.0,1.0,A01
201400034773,0,30,0,0.0,0.0,0.0,21.0,A01
201400034774,0,7,0,7.0,0.0,1.0,1.0,A01
201400034775,0,7,0,0.0,1.0,3.0,1.0,A01
201400034776,0,7,0,0.0,1.0,1.0,1.0,A01
201400034777,2,7,0,11.0,0.0,1.0,1.0,A01
201400034778,0,1,0,0.0,2.0,6.0,9.0,A01
201400034778,0,7,0,0.0,2.0,1.0,1.0,B01
201400034779,0,1,0,16.0,0.0,0.0,1.0,A01
201400034780,0,7,0,0.0,2.0,1.0,1.0,A01
201400034780,0,7,0,0.0,2.0,5.0,1.0,B01
201400034781,0,2,0,12.0,0.0,7.0,14.0,A01
201400034782,0,7,0,0.0,1.0,1.0,15.0,A01
201400034783,0,7,0,5.0,0.0,1.0,1.0,A01
201400034784,0,7,0,0.0,2.0,1.0,15.0,A01
201400034784,0,33,0,0.0,2.0,1.0,1.0,B01
201400034785,0,7,0,0.0,1.0,1.0,15.0,A01
201400034786,0,7,0,0.0,1.0,3.0,1.0,A01
201400034787,0,7,0,0.0,1.0,1.0,1.0,A01
201400034788,0,7,0,0.0,1.0,1.0,1.0,A01
201400034789,2,7,0,0.0,2.0,1.0,1.0,Z01
201400034789,0,10,0,0.0,2.0,3.0,1.0,B01
201400034790,0,30,0,0.0,0.0,0.0,1.0,A01
201400034791,0,7,0,0.0,1.0,1.0,17.0,A01
201400034792,0,17,0,4.0,0.0,7.0,14.0,A01
201400034793,0,10,0,0.0,2.0,6.0,1.0,B01
201400034793,0,7,0,0.0,2.0,1.0,2.0,A01
201400034793,0,7,0,0.0,2.0,3.0,1.0,C01
201400034794,0,7,0,0.0,2.0,1.0,1.0,B01
201400034794,0,7,0,0.0,2.0,1.0,15.0,A01
201400034795,0,7,0,0.0,1.0,1.0,1.0,A01
201400034796,0,10,0,0.0,1.0,7.0,1.0,A01
201400034797,0,1,0,0.0,2.0,6.0,1.0,B01
201400034797,1,7,0,0.0,2.0,7.0,18.0,A01
201400034798,0,7,0,6.0,0.0,1.0,1.0,A01
201400034799,0,7,0,0.0,1.0,7.0,1.0,A01
201400034800,0,7,0,3.0,0.0,3.0,1.0,A01
201400034801,0,33,0,0.0,0.0,0.0,1.0,A01
201400034802,0,7,0,0.0,1.0,2.0,1.0,A01
201400034803,0,7,0,0.0,1.0,0.0,1.0,A01
201400034804,0,7,0,0.0,1.0,2.0,1.0,A01
201400034805,1,7,0,0.0,2.0,1.0,15.0,Z01
201400034805,0,30,0,0.0,2.0,8.0,1.0,B01
201400034806,0,7,0,0.0,2.0,2.0,15.0,A01
201400034806,0,30,0,0.0,2.0,1.0,1.0,B01
201400034807,0,7,0,0.0,2.0,8.0,10.0,A01
201400034807,0,33,0,0.0,2.0,1.0,1.0,B01
201400034808,0,7,0,0.0,2.0,2.0,15.0,A01
201400034808,0,2,0,0.0,2.0,1.0,1.0,B01
201400034809,0,7,0,0.0,2.0,1.0,2.0,A01
201400034809,0,7,0,0.0,2.0,4.0,2.0,B01
201400034810,0,34,0,0.0,2.0,8.0,18.0,B01
201400034810,1,7,0,0.0,2.0,2.0,16.0,A01
201400034811,0,7,0,0.0,2.0,1.0,1.0,B01
201400034811,0,7,0,0.0,2.0,2.0,1.0,A01
201400034812,0,7,0,0.0,2.0,8.0,1.0,B01
201400034812,0,2,0,0.0,2.0,1.0,13.0,A01
201400034813,0,33,0,0.0,2.0,1.0,2.0,A01
201400034813,0,10,0,0.0,2.0,4.0,2.0,B01
201400034814,0,7,0,0.0,2.0,8.0,1.0,B01
201400034814,0,33,0,0.0,2.0,1.0,1.0,A01
201400034815,0,7,0,0.0,2.0,2.0,17.0,A01
201400034815,0,10,0,0.0,2.0,8.0,15.0,B01
201400034816,0,7,0,0.0,2.0,7.0,1.0,B01
201400034816,0,1,0,0.0,2.0,8.0,11.0,A01
201400034817,0,7,0,0.0,1.0,1.0,1.0,A01
201400034818,0,7,0,0.0,2.0,8.0,1.0,B01
201400034818,0,7,0,0.0,2.0,3.0,1.0,A01
201400034819,1,99,0,1.0,0.0,1.0,1.0,Z01
201400034820,0,7,0,0.0,2.0,3.0,1.0,B01
201400034820,0,30,0,0.0,2.0,1.0,16.0,A01
201400034821,0,33,0,0.0,2.0,3.0,13.0,A01
201400034821,0,7,0,0.0,2.0,8.0,1.0,B01
201400034822,0,30,0,0.0,0.0,0.0,0.0,A01
201400034823,0,31,0,0.0,2.0,1.0,1.0,A01
201400034823,0,7,0,0.0,2.0,1.0,23.0,B01
201400034824,0,7,0,0.0,1.0,1.0,1.0,A01
201400034825,0,33,0,16.0,0.0,0.0,1.0,A01
201400034826,0,7,0,1.0,0.0,1.0,1.0,B01
201400034826,1,7,0,0.0,0.0,0.0,1.0,A01
201400034827,0,7,0,1.0,0.0,9.0,1.0,A01
201400034828,0,99,0,0.0,2.0,1.0,0.0,B01
201400034828,0,7,0,0.0,2.0,7.0,15.0,A01
201400034829,0,7,0,0.0,2.0,1.0,1.0,A01
201400034829,0,7,0,0.0,2.0,4.0,1.0,B01
201400034830,0,40,0,0.0,1.0,1.0,1.0,A01
201400034831,0,14,0,0.0,2.0,8.0,15.0,A01
201400034831,0,30,0,0.0,2.0,7.0,1.0,B01
201400034832,0,7,0,4.0,0.0,3.0,1.0,A01
201400034833,0,7,0,0.0,2.0,2.0,12.0,A01
201400034833,0,2,0,0.0,2.0,8.0,1.0,B01
201400034834,0,30,0,0.0,2.0,3.0,1.0,B01
201400034834,0,7,0,0.0,2.0,2.0,1.0,A01
201400034835,0,33,0,1.0,0.0,0.0,1.0,A01
201400034836,0,7,0,0.0,2.0,7.0,1.0,B01
201400034836,0,7,0,0.0,2.0,1.0,1.0,A01
201400034837,0,1,0,0.0,2.0,7.0,15.0,B01
201400034837,0,7,0,0.0,2.0,8.0,15.0,A01
201400034838,0,10,0,0.0,2.0,1.0,10.0,A01
201400034838,0,33,0,0.0,2.0,1.0,1.0,B01
201400034839,0,7,0,1.0,0.0,9.0,15.0,A01
201400034840,0,7,0,0.0,1.0,1.0,1.0,A01
201400034841,0,1,0,16.0,0.0,0.0,1.0,A01
201400034842,0,32,0,0.0,2.0,7.0,17.0,A01
201400034842,0,7,0,0.0,2.0,3.0,13.0,B01
201400034843,0,7,0,0.0,2.0,1.0,1.0,A01
201400034843,0,7,0,0.0,2.0,9.0,24.0,C01
201400034843,0,7,0,0.0,2.0,3.0,23.0,B01