Num_Acc,senc,catv,occutc,obs,obsm,choc,manv,num_veh
201400034844,0,30,0,16.0,0.0,8.0,1.0,A01
201400034845,1,7,0,0.0,1.0,2.0,0.0,Z01
201400034846,0,1,0,0.0,2.0,7.0,19.0,A01
201400034846,0,1,0,0.0,2.0,1.0,1.0,B01
201400034847,0,30,0,0.0,0.0,0.0,1.0,A01
201400034848,0,7,0,0.0,2.0,4.0,1.0,B01
201400034848,0,7,0,0.0,2.0,1.0,17.0,A01
201400034849,0,7,0,0.0,2.0,1.0,1.0,B01
201400034849,0,7,0,0.0,2.0,2.0,15.0,A01
201400034850,0,7,0,0.0,2.0,1.0,1.0,C01
201400034850,0,10,0,0.0,2.0,0.0,15.0,A01
201400034850,0,7,0,0.0,2.0,2.0,15.0,B01
201400034851,0,7,0,0.0,1.0,1.0,1.0,A01
201400034852,0,1,0,0.0,2.0,1.0,1.0,B01
201400034852,0,7,0,0.0,2.0,3.0,1.0,A01
201400034853,0,30,0,0.0,2.0,7.0,15.0,A01
201400034853,0,7,0,0.0,2.0,1.0,1.0,C01
201400034853,0,7,0,0.0,2.0,1.0,1.0,B01
201400034854,0,30,0,0.0,0.0,0.0,0.0,A01
201400034855,0,32,0,0.0,0.0,0.0,1.0,A01
201400034856,0,7,0,0.0,1.0,1.0,1.0,A01
201400034857,2,7,0,0.0,2.0,1.0,1.0,A01
201400034857,0,7,0,0.0,2.0,4.0,23.0,B01
201400034857,0,7,0,0.0,2.0,4.0,23.0,C01
201400034858,0,30,0,0.0,0.0,0.0,1.0,A01
201400034859,0,7,0,12.0,0.0,2.0,1.0,A01
201400034860,0,7,0,0.0,0.0,4.0,1.0,C01
201400034860,0,2,0,0.0,2.0,1.0,1.0,A01
201400034860,0,7,0,0.0,2.0,1.0,1.0,B01
201400034861,0,7,0,0.0,1.0,3.0,1.0,A01
201400034862,0,7,0,0.0,1.0,4.0,4.0,A01
201400034863,0,30,0,16.0,0.0,0.0,1.0,A01
201400034864,1,7,0,0.0,1.0,3.0,1.0,Z01
201400034865,0,7,0,0.0,2.0,5.0,16.0,B01
201400034865,0,7,0,0.0,2.0,1.0,7.0,A01
201400034866,0,7,0,3.0,0.0,3.0,1.0,A01
201400034867,0,2,0,0.0,2.0,1.0,16.0,A01
201400034867,0,7,0,0.0,2.0,2.0,1.0,B01
201400034868,0,30,0,0.0,1.0,1.0,1.0,A01
201400034869,0,10,0,0.0,2.0,7.0,1.0,A01
201400034869,0,1,0,0.0,2.0,0.0,13.0,B01
201400034870,0,7,0,0.0,2.0,8.0,15.0,B01
201400034870,0,30,0,0.0,2.0,7.0,17.0,A01
201400034871,1,7,0,0.0,2.0,1.0,2.0,A01
201400034871,0,30,0,0.0,2.0,4.0,23.0,B01
201400034872,0,1,0,0.0,2.0,8.0,0.0,B01
201400034872,0,7,0,0.0,2.0,7.0,1.0,A01
201400034873,0,7,0,0.0,1.0,1.0,1.0,A01
201400034874,0,1,0,0.0,2.0,1.0,19.0,A01
201400034874,0,7,0,0.0,0.0,3.0,1.0,B01
201400034875,0,7,0,1.0,0.0,1.0,1.0,A01
201400034876,0,7,0,0.0,1.0,3.0,15.0,A01
201400034877,0,7,0,0.0,1.0,1.0,15.0,A01
201400034878,0,1,0,0.0,0.0,0.0,0.0,A01
201400034879,0,7,0,0.0,1.0,3.0,1.0,A01
201400034880,0,7,0,0.0,2.0,4.0,15.0,B01
201400034880,0,34,0,0.0,2.0,1.0,1.0,A01
201400034881,0,2,0,0.0,0.0,8.0,0.0,A01
201400034882,0,33,0,0.0,0.0,0.0,0.0,A01
201400034883,0,7,0,0.0,1.0,7.0,1.0,A01
201400034884,0,7,0,0.0,2.0,1.0,1.0,B01
201400034884,0,7,0,0.0,2.0,1.0,1.0,A01
201400034885,0,33,0,0.0,0.0,2.0,14.0,A01
201400034886,0,7,0,0.0,1.0,7.0,1.0,B01
201400034887,1,7,0,0.0,1.0,0.0,4.0,Z01
201400034888,0,7,0,14.0,0.0,1.0,1.0,A01
201400034888,0,7,0,0.0,0.0,4.0,23.0,E01
201400034888,0,7,0,14.0,0.0,4.0,23.0,D01
201400034888,0,33,0,0.0,0.0,4.0,23.0,B01
201400034888,0,33,0,14.0,0.0,4.0,23.0,C01
201400034888,0,7,0,0.0,0.0,4.0,23.0,F02
201400034889,1,2,0,0.0,2.0,2.0,,A01
201400034889,0,1,0,0.0,2.0,3.0,1.0,B01
201400034890,2,7,0,0.0,2.0,1.0,1.0,A01
201400034890,0,7,0,0.0,0.0,8.0,15.0,B01
201400034891,0,30,0,16.0,0.0,8.0,1.0,A01
201400034892,0,31,0,0.0,2.0,8.0,1.0,B01
201400034892,0,7,0,0.0,2.0,2.0,16.0,A01
201400034893,0,7,0,0.0,1.0,4.0,4.0,A01
201400034894,0,37,0,0.0,1.0,6.0,15.0,A01
201400034895,0,7,0,0.0,2.0,5.0,15.0,A01
201400034895,0,7,0,0.0,2.0,2.0,1.0,B01
201400034896,0,33,0,0.0,0.0,0.0,1.0,A01
201400034897,0,7,0,0.0,1.0,2.0,1.0,A01
201400034898,0,7,0,0.0,0.0,5.0,12.0,B01
201400034898,0,30,0,0.0,0.0,3.0,12.0,A01
201400034899,1,7,0,0.0,0.0,0.0,0.0,A01
201400034899,0,30,0,16.0,0.0,7.0,1.0,B01
201400034900,0,1,0,0.0,2.0,1.0,1.0,B01
201400034900,0,7,0,0.0,2.0,2.0,15.0,A01
201400034901,0,17,0,0.0,2.0,1.0,1.0,B01
201400034901,0,17,0,0.0,2.0,3.0,1.0,A01
201400034902,0,2,0,16.0,0.0,0.0,15.0,A01
201400034903,0,7,0,1.0,0.0,3.0,9.0,A01
201400034904,2,7,0,0.0,2.0,2.0,1.0,A01
201400034904,0,30,0,0.0,2.0,7.0,15.0,B01
201400034905,0,33,0,0.0,2.0,1.0,1.0,B01
201400034905,0,7,0,0.0,0.0,3.0,15.0,A01
201400034906,0,33,0,1.0,0.0,0.0,0.0,A01
201400034907,0,7,0,0.0,1.0,0.0,0.0,A01
201400034908,0,2,0,16.0,0.0,0.0,1.0,A01
201400034909,0,7,0,1.0,1.0,1.0,1.0,A01
201400034909,0,7,0,0.0,2.0,6.0,1.0,B01
201400034910,0,7,0,5.0,0.0,3.0,1.0,A01
201400034911,0,31,0,0.0,2.0,1.0,1.0,A01
201400034911,0,7,0,0.0,2.0,4.0,23.0,B01
201400034912,1,7,0,0.0,1.0,0.0,0.0,A01
201400034913,0,7,0,0.0,2.0,3.0,15.0,A01
201400034913,0,7,0,0.0,2.0,3.0,1.0,B01
201400034914,0,2,0,0.0,2.0,1.0,13.0,A01
201400034914,0,10,0,0.0,2.0,3.0,1.0,B01
201400034915,0,10,0,0.0,2.0,7.0,1.0,B01
201400034915,0,7,0,0.0,2.0,1.0,1.0,A01
201400034916,0,7,0,0.0,0.0,4.0,1.0,B01
201400034916,0,33,0,0.0,2.0,1.0,16.0,A01
201400034917,0,14,0,6.0,0.0,4.0,1.0,A01
201400034918,0,1,0,6.0,0.0,1.0,1.0,A01
201400034919,0,30,0,0.0,2.0,1.0,1.0,B01
201400034919,0,7,0,0.0,2.0,1.0,16.0,A01
201400034920,0,30,0,1.0,0.0,8.0,14.0,A01
201400034921,0,10,0,1.0,0.0,7.0,14.0,A01
201400034922,0,30,0,0.0,0.0,7.0,1.0,A01
201400034923,0,7,0,0.0,0.0,1.0,1.0,B01
201400034923,0,7,0,0.0,2.0,3.0,15.0,A01
201400034924,0,7,0,0.0,1.0,4.0,4.0,A01
201400034925,0,7,0,0.0,0.0,1.0,19.0,A01
201400034925,0,33,0,0.0,2.0,8.0,1.0,B01
201400034926,0,7,0,8.0,1.0,1.0,13.0,A01
201400034927,0,7,0,0.0,2.0,1.0,1.0,A01
201400034927,0,1,0,0.0,2.0,7.0,19.0,B01
201400034928,0,7,0,0.0,2.0,4.0,1.0,B01
201400034928,0,7,0,0.0,2.0,1.0,1.0,A01
201400034929,0,7,0,0.0,0.0,6.0,1.0,B01
201400034929,0,34,0,0.0,2.0,1.0,2.0,A01
201400034930,0,30,0,0.0,0.0,4.0,1.0,B01
201400034930,0,7,0,0.0,2.0,2.0,16.0,A01
201400034931,2,7,0,6.0,0.0,8.0,13.0,A01
201400034932,0,2,0,0.0,0.0,0.0,1.0,A01
201400034933,0,7,0,0.0,2.0,1.0,1.0,A01
201400034933,0,7,0,0.0,2.0,8.0,15.0,B01
201400034934,0,7,0,0.0,2.0,1.0,1.0,A01
201400034934,0,7,0,0.0,0.0,3.0,1.0,C01
201400034934,0,1,0,0.0,2.0,1.0,0.0,B01
201400034935,0,7,0,0.0,2.0,1.0,1.0,B01
201400034935,0,1,0,0.0,0.0,8.0,19.0,A01
201400034936,0,33,0,0.0,0.0,7.0,1.0,A01
201400034937,0,2,0,0.0,2.0,1.0,2.0,A01
201400034937,0,7,0,0.0,0.0,4.0,2.0,B01
201400034938,0,30,0,12.0,0.0,1.0,17.0,A01
201400034939,0,7,0,0.0,1.0,2.0,1.0,A01
201400034940,0,17,0,0.0,1.0,7.0,15.0,A01
201400034941,0,30,0,0.0,2.0,8.0,19.0,A01
201400034941,0,30,0,0.0,2.0,1.0,1.0,B01
201400034942,0,7,0,0.0,1.0,2.0,1.0,A01
201400034943,1,7,0,,,1.0,,Z01
201400034943,0,7,0,0.0,2.0,4.0,23.0,B01
201400034944,0,30,0,8.0,2.0,0.0,2.0,A01
201400034944,1,7,0,0.0,2.0,2.0,0.0,Z01
201400034945,0,30,0,0.0,0.0,0.0,0.0,A01
201400034946,0,10,0,0.0,2.0,2.0,1.0,B01
201400034946,0,1,0,0.0,2.0,3.0,11.0,A01
201400034947,0,7,0,0.0,1.0,2.0,1.0,A01
201400034948,0,33,0,0.0,0.0,0.0,1.0,A01
201400034949,0,30,0,1.0,0.0,1.0,0.0,A01
201400034950,0,1,0,0.0,0.0,0.0,1.0,A01
201400034950,1,7,0,0.0,0.0,0.0,0.0,Z01
201400034951,0,15,0,0.0,1.0,0.0,0.0,A01
201400034952,0,7,0,0.0,2.0,1.0,1.0,A01
201400034952,0,7,0,0.0,2.0,3.0,1.0,B01
201400034953,0,7,0,0.0,1.0,3.0,15.0,A01
201400034954,0,7,0,1.0,0.0,2.0,0.0,A01
201400034955,0,7,0,4.0,0.0,8.0,1.0,A01
201400034956,0,7,0,0.0,2.0,8.0,5.0,A01
201400034956,0,1,0,0.0,2.0,8.0,1.0,B01
201400034957,0,30,0,0.0,2.0,1.0,17.0,B01
201400034957,0,7,0,0.0,2.0,3.0,15.0,A01
201400034958,0,15,0,0.0,2.0,1.0,13.0,A01
201400034958,0,7,0,0.0,2.0,3.0,1.0,B01
201400034958,0,10,0,0.0,2.0,1.0,1.0,C01
201400034959,0,7,0,0.0,2.0,1.0,1.0,A01
201400034959,0,7,0,0.0,2.0,4.0,23.0,B01
201400034959,0,7,0,0.0,2.0,4.0,23.0,C01
201400034960,0,30,0,0.0,0.0,0.0,1.0,A01
201400034961,0,7,0,1.0,0.0,1.0,1.0,A01
201400034962,0,33,0,0.0,0.0,0.0,0.0,A01
201400034963,0,30,0,0.0,0.0,7.0,1.0,A01
201400034964,1,30,0,0.0,1.0,1.0,1.0,A01
201400034965,0,7,0,0.0,2.0,1.0,1.0,A01
201400034965,1,33,0,0.0,0.0,0.0,0.0,B01
201400034966,0,1,0,0.0,2.0,8.0,19.0,A01
201400034966,0,1,0,0.0,2.0,1.0,5.0,B01
201400034967,1,10,0,0.0,1.0,0.0,0.0,Z01
201400034968,0,33,0,14.0,0.0,1.0,11.0,A01
201400034969,0,33,0,0.0,2.0,1.0,17.0,B01
201400034969,0,7,0,0.0,2.0,3.0,15.0,A01
201400034970,0,2,0,0.0,2.0,7.0,1.0,A01
201400034970,1,7,0,0.0,2.0,1.0,1.0,Z01
201400034971,0,33,0,0.0,2.0,1.0,1.0,A01
201400034971,0,7,0,0.0,2.0,8.0,15.0,B01
201400034972,1,7,0,0.0,1.0,1.0,1.0,A01
201400034973,0,33,0,16.0,0.0,7.0,1.0,A01
201400034974,1,7,0,0.0,0.0,0.0,20.0,Z01
201400034974,0,30,0,0.0,2.0,0.0,1.0,A01
201400034975,0,1,0,8.0,0.0,1.0,1.0,A01
201400034976,0,2,0,0.0,2.0,1.0,17.0,A01
201400034976,0,7,0,0.0,2.0,3.0,15.0,B01
201400034977,0,7,0,0.0,1.0,3.0,1.0,A01
201400034978,0,30,0,0.0,0.0,0.0,1.0,A01
201400034979,0,7,0,0.0,1.0,8.0,1.0,A01
201400034980,0,30,0,0.0,0.0,0.0,1.0,A01
201400034981,0,2,0,0.0,0.0,9.0,14.0,A01
201400034982,1,7,0,0.0,1.0,3.0,1.0,A01
201400034983,0,7,0,0.0,1.0,3.0,16.0,A01
201400034984,0,30,0,0.0,2.0,1.0,1.0,A01
201400034984,0,30,0,0.0,2.0,1.0,1.0,B01
201400034985,0,7,0,11.0,0.0,1.0,2.0,A01
201400034986,0,7,0,0.0,1.0,1.0,1.0,A01
201400034987,0,7,0,0.0,2.0,1.0,3.0,A01
201400034987,0,7,0,0.0,2.0,1.0,1.0,B01
201400034988,0,7,0,0.0,1.0,1.0,1.0,A01
201400034989,0,7,0,8.0,2.0,3.0,1.0,A01
201400034989,0,7,0,0.0,2.0,2.0,15.0,B01
201400034990,0,7,0,0.0,1.0,1.0,1.0,A01
201400034991,0,31,0,0.0,2.0,7.0,1.0,B01
201400034991,0,7,0,0.0,2.0,3.0,11.0,A01
201400034992,0,7,0,0.0,1.0,2.0,1.0,A01
201400034993,0,7,0,0.0,1.0,1.0,16.0,A01
201400034994,0,33,0,0.0,2.0,1.0,1.0,A01
201400034994,0,7,0,0.0,2.0,1.0,1.0,B01
201400034995,0,7,0,0.0,1.0,1.0,15.0,A01
201400034996,0,10,0,0.0,2.0,8.0,1.0,B01
201400034996,0,17,0,0.0,2.0,6.0,1.0,A01
201400034997,0,7,0,0.0,1.0,1.0,1.0,A01
201400034998,0,7,0,0.0,2.0,0.0,1.0,B01
201400034998,0,7,0,0.0,2.0,0.0,4.0,A01
201400034999,0,7,0,0.0,2.0,2.0,11.0,A01
201400034999,0,30,0,0.0,2.0,1.0,1.0,B01
201400035000,0,7,0,1.0,2.0,8.0,1.0,B01
201400035000,0,7,0,0.0,2.0,1.0,1.0,A01
201400035001,0,7,0,0.0,2.0,6.0,1.0,B01
201400035001,0,10,0,0.0,2.0,3.0,1.0,A01
201400035002,0,7,0,0.0,2.0,2.0,1.0,A01
201400035002,0,2,0,0.0,2.0,1.0,1.0,B01
201400035003,0,7,0,0.0,2.0,3.0,1.0,A01
201400035003,0,7,0,0.0,2.0,3.0,15.0,B01
201400035004,0,7,0,6.0,0.0,1.0,1.0,A01
201400035005,0,7,0,0.0,2.0,1.0,1.0,A01
201400035005,0,7,0,0.0,2.0,4.0,23.0,C01
201400035005,0,7,0,0.0,2.0,4.0,23.0,B01
201400035006,0,7,0,0.0,2.0,4.0,11.0,B01
201400035006,0,7,0,0.0,2.0,6.0,1.0,C01
201400035006,0,7,0,0.0,2.0,1.0,1.0,A01
201400035007,0,1,0,0.0,5.0,0.0,0.0,A01
201400035008,0,7,0,4.0,0.0,9.0,1.0,A01
201400035009,2,7,0,1.0,2.0,7.0,1.0,A01
201400035009,0,7,0,0.0,2.0,1.0,1.0,B01
201400035010,0,7,0,0.0,2.0,4.0,1.0,B01
201400035010,0,7,0,0.0,2.0,1.0,1.0,A01
201400035010,0,7,0,0.0,2.0,4.0,1.0,C01
201400035011,0,7,0,0.0,1.0,3.0,1.0,A01
201400035012,0,7,0,0.0,1.0,0.0,0.0,A01
201400035013,0,30,0,0.0,2.0,1.0,0.0,A01
201400035013,0,7,0,0.0,2.0,8.0,1.0,B01
201400035014,0,7,0,0.0,1.0,1.0,1.0,A01
201400035015,0,7,0,0.0,2.0,3.0,0.0,B01
201400035015,0,30,0,0.0,2.0,1.0,0.0,A01
201400035016,0,7,0,2.0,0.0,7.0,13.0,A01
201400035017,0,2,0,0.0,2.0,1.0,1.0,B01
201400035017,0,10,0,0.0,2.0,2.0,15.0,A01
201400035018,1,7,0,0.0,9.0,3.0,1.0,Z01
201400035018,0,99,0,0.0,2.0,7.0,15.0,A01
201400035019,0,7,0,0.0,1.0,1.0,2.0,A01
201400035020,0,7,0,0.0,2.0,1.0,13.0,A01
201400035020,0,7,0,0.0,2.0,1.0,1.0,C01
201400035020,0,7,0,0.0,2.0,1.0,1.0,B01
201400035021,0,7,0,0.0,2.0,1.0,1.0,B01
201400035021,0,7,0,0.0,2.0,1.0,15.0,A01
201400035022,0,7,0,1.0,2.0,3.0,9.0,B01
201400035022,0,7,0,1.0,2.0,1.0,1.0,A01
201400035023,0,7,0,0.0,2.0,7.0,1.0,B01
201400035023,0,7,0,0.0,2.0,1.0,9.0,A01
201400035024,0,7,0,1.0,0.0,1.0,14.0,A01
201400035025,0,7,0,0.0,1.0,1.0,1.0,A01
201400035026,0,7,0,0.0,1.0,3.0,15.0,A01
201400035027,0,7,0,2.0,0.0,1.0,0.0,A01
201400035028,0,7,0,0.0,1.0,0.0,15.0,A01
201400035029,0,7,0,0.0,2.0,1.0,1.0,A01
201400035029,0,2,0,0.0,2.0,7.0,0.0,B01
201400035030,0,7,0,0.0,2.0,1.0,2.0,A01
201400035030,0,7,0,0.0,2.0,4.0,1.0,B01
201400035031,0,7,0,0.0,1.0,3.0,1.0,A01
201400035032,0,7,0,0.0,2.0,1.0,2.0,A01
201400035032,0,7,0,0.0,2.0,6.0,0.0,B01
201400035033,0,30,0,0.0,2.0,1.0,1.0,B01
201400035033,0,7,0,0.0,2.0,3.0,15.0,A01
201400035034,0,7,0,0.0,2.0,1.0,0.0,A01
201400035034,0,3,0,0.0,2.0,1.0,0.0,B01
201400035035,1,99,0,0.0,1.0,2.0,0.0,Z01
201400035036,0,33,0,0.0,2.0,1.0,1.0,B01
201400035036,0,7,0,0.0,2.0,2.0,15.0,A01
201400035037,0,7,0,3.0,0.0,1.0,1.0,A01
201400035038,0,7,0,15.0,0.0,1.0,1.0,A01
201400035039,0,7,0,0.0,1.0,3.0,0.0,A01
201400035040,2,7,0,15.0,2.0,1.0,1.0,A01
201400035040,0,10,0,6.0,2.0,7.0,1.0,B01
201400035041,0,7,0,0.0,2.0,1.0,1.0,B01
201400035041,0,7,0,8.0,2.0,7.0,19.0,A01
201400035042,0,7,0,3.0,2.0,7.0,0.0,B01
201400035042,0,7,0,0.0,2.0,1.0,21.0,A01
201400035042,0,7,0,0.0,2.0,8.0,1.0,C01
201400035043,0,7,0,0.0,2.0,2.0,2.0,A01
201400035043,0,7,0,0.0,0.0,4.0,23.0,B01
201400035044,0,7,0,0.0,2.0,6.0,4.0,B01
201400035044,0,7,0,0.0,2.0,2.0,16.0,A01
201400035045,0,33,0,0.0,2.0,8.0,9.0,B01
201400035045,0,7,0,0.0,2.0,7.0,12.0,A01
201400035046,0,2,0,0.0,2.0,6.0,15.0,A01
201400035046,0,7,0,0.0,2.0,3.0,1.0,B01
201400035047,0,1,0,0.0,2.0,0.0,1.0,C01
201400035047,0,7,0,0.0,2.0,1.0,1.0,D01
201400035047,0,33,0,0.0,2.0,3.0,1.0,B01
201400035047,0,7,0,0.0,2.0,1.0,15.0,A01
201400035048,0,7,0,0.0,2.0,4.0,0.0,B01
201400035048,1,7,0,0.0,2.0,1.0,0.0,Z01
201400035049,0,30,0,0.0,2.0,2.0,0.0,A01
201400035049,0,7,0,0.0,2.0,1.0,0.0,B01
201400035050,0,7,0,0.0,2.0,4.0,1.0,B01
201400035050,0,7,0,0.0,2.0,1.0,2.0,A01
201400035051,0,7,0,0.0,1.0,2.0,0.0,A01
201400035052,0,7,0,2.0,0.0,1.0,1.0,A01
201400035053,0,7,0,0.0,2.0,3.0,1.0,B01
201400035053,0,7,0,0.0,2.0,2.0,19.0,A01
201400035054,0,7,0,0.0,2.0,5.0,15.0,B01
201400035054,0,7,0,0.0,2.0,1.0,1.0,A01
201400035055,0,2,0,0.0,2.0,2.0,1.0,B01
201400035055,0,7,0,0.0,2.0,6.0,9.0,A01
201400035056,0,33,0,0.0,2.0,3.0,1.0,B01
201400035056,0,7,0,0.0,2.0,2.0,15.0,A01
201400035057,0,7,0,0.0,2.0,1.0,1.0,B01
201400035057,0,7,0,0.0,2.0,1.0,5.0,A01
201400035057,0,7,0,0.0,2.0,7.0,0.0,C01
201400035058,0,7,0,3.0,2.0,1.0,1.0,C01
201400035058,0,7,0,0.0,2.0,1.0,1.0,B01
201400035058,0,7,0,0.0,2.0,1.0,0.0,A01
201400035059,0,7,0,0.0,2.0,4.0,2.0,C01
201400035059,0,7,0,0.0,2.0,1.0,2.0,B01
201400035059,0,7,0,0.0,2.0,1.0,2.0,A01
201400035060,0,7,0,0.0,1.0,2.0,1.0,A01
201400035061,0,7,0,0.0,2.0,3.0,1.0,B01
201400035061,0,7,0,0.0,2.0,2.0,15.0,A01
201400035062,0,7,0,0.0,2.0,2.0,0.0,A01
201400035062,0,7,0,0.0,2.0,6.0,2.0,B01
201400035062,0,7,0,0.0,2.0,4.0,2.0,C01
201400035062,0,7,0,0.0,2.0,4.0,2.0,D01
201400035063,0,7,0,0.0,2.0,5.0,15.0,A01
201400035063,0,7,0,0.0,2.0,1.0,1.0,B01
201400035064,0,17,0,0.0,1.0,1.0,15.0,A01
201400035065,0,7,0,0.0,1.0,0.0,0.0,A01
201400035066,0,2,0,0.0,2.0,8.0,1.0,B01
201400035066,0,14,0,0.0,2.0,8.0,15.0,A01
201400035067,0,7,0,0.0,2.0,6.0,1.0,B01
201400035067,0,7,0,0.0,2.0,1.0,13.0,A01
201400035068,0,7,0,0.0,1.0,3.0,1.0,A01
201400035069,0,7,0,14.0,0.0,3.0,0.0,A01
201400035070,0,7,0,0.0,2.0,2.0,1.0,A01
201400035070,0,7,0,0.0,2.0,1.0,1.0,B01
201400035071,0,7,0,0.0,2.0,3.0,1.0,B01
201400035071,0,7,0,0.0,2.0,3.0,15.0,A01
201400035072,0,7,0,0.0,2.0,6.0,1.0,B01
201400035072,0,2,0,0.0,2.0,2.0,2.0,A01
201400035073,0,37,1,0.0,1.0,0.0,23.0,A01
201400035074,0,7,0,0.0,2.0,3.0,1.0,B01
201400035074,0,7,0,0.0,2.0,3.0,15.0,A01
201400035075,0,7,0,0.0,1.0,2.0,7.0,A01
201400035076,0,7,0,0.0,2.0,1.0,0.0,C01
201400035076,0,7,0,0.0,2.0,3.0,0.0,A01
201400035076,0,7,0,0.0,2.0,4.0,0.0,D01
201400035076,0,10,0,0.0,2.0,4.0,0.0,B01
201400035077,0,7,0,0.0,1.0,1.0,15.0,A01
201400035078,0,7,0,0.0,2.0,2.0,1.0,A01
201400035078,0,7,0,0.0,2.0,3.0,1.0,B01
201400035079,0,7,0,1.0,1.0,3.0,0.0,A01
201400035080,0,7,0,0.0,2.0,3.0,15.0,B01
201400035080,0,31,0,0.0,2.0,7.0,0.0,A01
201400035081,0,7,0,0.0,2.0,3.0,1.0,B01
201400035081,0,7,0,0.0,2.0,1.0,5.0,A01
201400035082,0,7,0,0.0,2.0,1.0,15.0,A01
201400035082,0,7,0,0.0,2.0,1.0,1.0,B01
201400035083,1,7,0,0.0,1.0,0.0,0.0,A01
201400035084,0,7,0,8.0,0.0,1.0,0.0,A01
201400035085,0,7,0,0.0,2.0,2.0,12.0,A01
201400035085,0,30,0,0.0,2.0,8.0,1.0,B01
201400035086,0,7,0,0.0,2.0,6.0,15.0,A01
201400035086,0,30,0,0.0,2.0,0.0,0.0,B01
201400035087,0,7,0,0.0,2.0,2.0,0.0,A01
201400035087,0,1,0,0.0,2.0,0.0,0.0,B01
201400035088,1,7,0,0.0,2.0,0.0,19.0,Z01
201400035088,0,33,0,1.0,0.0,2.0,0.0,A01
201400035089,0,33,0,12.0,0.0,2.0,0.0,A01
201400035090,0,7,0,0.0,1.0,1.0,0.0,A01
201400035091,0,7,0,0.0,2.0,1.0,10.0,A01
201400035091,0,33,0,1.0,2.0,1.0,1.0,B01
201400035092,0,7,0,0.0,2.0,6.0,7.0,A01
201400035092,0,30,0,0.0,2.0,1.0,1.0,B01
201400035093,0,17,0,0.0,2.0,4.0,23.0,C01
201400035093,0,7,0,0.0,2.0,4.0,1.0,B01
201400035093,0,7,0,0.0,2.0,1.0,1.0,A01
201400035094,0,7,0,0.0,2.0,1.0,0.0,A01
201400035094,0,7,0,0.0,2.0,6.0,1.0,B01
201400035095,0,7,0,0.0,2.0,8.0,15.0,A01
201400035095,0,37,4,0.0,0.0,1.0,1.0,C01
201400035095,0,31,0,0.0,2.0,0.0,0.0,B01
201400035096,0,7,0,0.0,2.0,1.0,1.0,A01
201400035096,0,7,0,0.0,2.0,4.0,1.0,B01
201400035097,1,7,0,0.0,2.0,0.0,0.0,Z01
201400035097,0,1,0,0.0,2.0,1.0,0.0,B01
201400035098,0,34,0,0.0,2.0,7.0,0.0,B01
201400035098,0,7,0,0.0,2.0,2.0,15.0,A01
201400035099,0,15,0,0.0,2.0,1.0,2.0,A01
201400035099,0,7,0,0.0,2.0,4.0,2.0,B01
201400035100,1,7,0,0.0,1.0,0.0,14.0,Z01
201400035101,0,31,0,0.0,2.0,0.0,1.0,B01
201400035101,0,7,0,0.0,2.0,0.0,1.0,C01
201400035101,0,7,0,0.0,2.0,1.0,0.0,A01
201400035101,0,7,0,0.0,2.0,4.0,1.0,D01
201400035102,0,1,0,0.0,2.0,1.0,1.0,B01
201400035102,0,7,0,0.0,2.0,1.0,16.0,A01
201400035103,0,33,0,0.0,2.0,2.0,16.0,A01
201400035103,0,7,0,0.0,2.0,3.0,0.0,B01
201400035104,0,30,0,0.0,2.0,1.0,1.0,A01
201400035104,0,7,0,0.0,2.0,4.0,1.0,B01
201400035105,0,33,0,0.0,2.0,4.0,23.0,B01
201400035105,0,17,0,0.0,2.0,3.0,1.0,A01
201400035106,0,10,0,0.0,2.0,3.0,15.0,A01
201400035106,0,30,0,0.0,2.0,3.0,1.0,B01
201400035107,1,7,0,0.0,2.0,1.0,2.0,Z01
201400035107,0,7,0,0.0,2.0,4.0,1.0,B01
201400035108,0,7,0,0.0,2.0,1.0,1.0,A01
201400035108,0,7,0,0.0,2.0,4.0,1.0,B01
201400035109,0,7,0,0.0,2.0,1.0,1.0,C01
201400035109,0,7,0,0.0,2.0,1.0,1.0,D01
201400035109,0,7,0,0.0,2.0,4.0,1.0,B01
201400035109,0,7,0,0.0,2.0,1.0,1.0,A01
201400035110,0,7,0,1.0,0.0,2.0,14.0,A01
201400035111,0,7,0,0.0,2.0,8.0,15.0,B01
201400035111,0,99,0,15.0,2.0,1.0,17.0,A01
201400035112,0,7,0,0.0,2.0,7.0,23.0,A01
201400035112,0,33,0,0.0,2.0,1.0,1.0,B01
201400035113,0,33,0,0.0,2.0,6.0,1.0,B01
201400035113,0,7,0,0.0,2.0,3.0,0.0,A01
201400035114,0,7,0,0.0,2.0,1.0,16.0,B01
201400035114,0,7,0,0.0,2.0,2.0,1.0,A01
201400035115,0,33,0,0.0,2.0,1.0,2.0,A01
201400035115,0,7,0,0.0,2.0,6.0,15.0,B01
201400035116,0,7,0,0.0,2.0,2.0,0.0,C01
201400035116,0,7,0,0.0,2.0,6.0,0.0,B01
201400035116,0,3,0,1.0,0.0,1.0,0.0,A01
201400035117,0,7,0,0.0,2.0,8.0,1.0,B01
201400035117,0,16,0,0.0,2.0,0.0,0.0,A01
201400035118,0,7,0,0.0,2.0,7.0,15.0,A01
201400035118,0,7,0,0.0,2.0,1.0,1.0,B01
201400035119,0,7,0,0.0,1.0,1.0,1.0,A01
201400035120,0,7,0,0.0,2.0,1.0,19.0,B01
201400035120,0,33,0,0.0,2.0,1.0,1.0,A01
201400035121,0,7,0,0.0,2.0,4.0,2.0,C01
201400035121,0,7,0,0.0,2.0,1.0,2.0,A01