Num_Acc,senc,catv,occutc,obs,obsm,choc,manv,num_veh
201400035121,0,7,0,0.0,2.0,4.0,2.0,B01
201400035121,0,7,0,0.0,2.0,4.0,2.0,D01
201400035122,0,1,0,0.0,0.0,0.0,0.0,B01
201400035122,0,1,0,0.0,0.0,0.0,0.0,A01
201400035123,0,7,0,0.0,2.0,2.0,1.0,B01
201400035123,0,7,0,0.0,2.0,1.0,19.0,A01
201400035123,0,7,0,0.0,2.0,3.0,1.0,C01
201400035124,0,7,0,0.0,1.0,7.0,0.0,A01
201400035125,0,7,0,0.0,2.0,8.0,15.0,B01
201400035125,0,33,0,0.0,2.0,1.0,1.0,A01
201400035126,0,7,0,0.0,2.0,1.0,1.0,B01
201400035126,0,7,0,0.0,2.0,8.0,11.0,A01
201400035127,0,7,0,12.0,2.0,4.0,1.0,B01
201400035127,0,7,0,0.0,2.0,1.0,1.0,A01
201400035128,0,10,0,0.0,1.0,1.0,1.0,A01
201400035129,0,7,0,0.0,1.0,1.0,1.0,A01
201400035130,0,7,0,0.0,2.0,2.0,1.0,A01
201400035130,0,7,0,0.0,2.0,4.0,12.0,B01
201400035131,0,7,0,0.0,2.0,1.0,0.0,A01
201400035131,0,7,0,0.0,2.0,7.0,0.0,B01
201400035132,1,7,0,0.0,2.0,0.0,0.0,Z01
201400035132,0,1,0,0.0,2.0,0.0,0.0,B01
201400035133,0,7,0,0.0,2.0,4.0,2.0,C01
201400035133,0,7,0,0.0,2.0,4.0,2.0,B01
201400035133,0,7,0,0.0,2.0,1.0,2.0,A01
201400035134,0,7,0,0.0,1.0,2.0,1.0,A01
201400035135,0,33,0,0.0,2.0,1.0,12.0,B01
201400035135,0,10,0,0.0,2.0,5.0,12.0,A01
201400035136,0,7,0,0.0,1.0,2.0,0.0,A01
201400035137,0,7,0,0.0,2.0,1.0,15.0,B01
201400035137,0,31,0,0.0,2.0,1.0,1.0,A01
201400035138,0,37,25,13.0,0.0,0.0,1.0,A01
201400035139,0,7,0,0.0,2.0,1.0,1.0,A01
201400035139,0,7,0,1.0,2.0,1.0,1.0,C01
201400035139,0,7,0,0.0,2.0,7.0,15.0,B01
201400035140,2,7,0,2.0,0.0,5.0,0.0,A01
201400035141,0,30,0,0.0,1.0,1.0,1.0,A01
201400035142,1,7,0,0.0,2.0,0.0,2.0,Z01
201400035142,0,7,0,0.0,2.0,1.0,2.0,B01
201400035142,0,7,0,0.0,2.0,4.0,1.0,A01
201400035143,0,7,0,0.0,2.0,1.0,2.0,A01
201400035143,0,7,0,0.0,2.0,4.0,23.0,B01
201400035144,0,33,0,0.0,2.0,1.0,1.0,B01
201400035144,0,10,0,0.0,2.0,1.0,17.0,A01
201400035145,0,7,0,0.0,1.0,4.0,4.0,A01
201400035146,0,7,0,0.0,0.0,6.0,24.0,B01
201400035146,0,2,0,0.0,2.0,1.0,1.0,C01
201400035146,0,7,0,1.0,0.0,5.0,20.0,A01
201400035147,1,99,0,6.0,0.0,1.0,0.0,A01
201400035148,0,33,0,0.0,0.0,0.0,21.0,A01
201400035149,0,7,0,0.0,1.0,1.0,1.0,A01
201400035150,0,7,0,0.0,1.0,2.0,1.0,A01
201400035151,0,7,0,2.0,0.0,9.0,1.0,A01
201400035152,0,7,0,0.0,2.0,6.0,0.0,B01
201400035152,0,30,0,0.0,2.0,1.0,0.0,A01
201400035153,0,7,0,13.0,0.0,9.0,1.0,A01
201400035154,0,7,0,0.0,2.0,8.0,11.0,A01
201400035154,0,7,0,0.0,2.0,7.0,1.0,B01
201400035155,0,30,0,0.0,1.0,0.0,2.0,A01
201400035156,0,7,0,0.0,2.0,1.0,0.0,A01
201400035156,0,7,0,0.0,2.0,1.0,0.0,B01
201400035157,0,33,0,0.0,2.0,1.0,1.0,B01
201400035157,0,7,0,0.0,2.0,3.0,15.0,A01
201400035158,0,7,0,0.0,2.0,3.0,7.0,A01
201400035158,0,7,0,0.0,2.0,2.0,1.0,B01
201400035159,0,33,0,15.0,0.0,1.0,14.0,A01
201400035160,0,99,0,0.0,0.0,8.0,15.0,A01
201400035161,0,7,0,0.0,1.0,3.0,15.0,A01
201400035162,0,7,0,0.0,1.0,1.0,15.0,A01
201400035163,0,10,0,0.0,2.0,1.0,2.0,A01
201400035163,0,7,0,0.0,2.0,4.0,2.0,B01
201400035164,0,32,0,0.0,2.0,4.0,2.0,A01
201400035164,1,31,0,0.0,2.0,1.0,2.0,Z01
201400035165,0,7,0,0.0,1.0,3.0,2.0,A01
201400035166,0,33,0,0.0,2.0,1.0,1.0,B01
201400035166,0,7,0,2.0,2.0,3.0,13.0,A01
201400035167,0,2,0,0.0,2.0,3.0,1.0,B01
201400035167,0,30,0,0.0,2.0,7.0,1.0,A01
201400035168,0,7,0,0.0,2.0,1.0,2.0,A01
201400035168,0,7,0,0.0,2.0,4.0,2.0,B01
201400035168,0,7,0,0.0,2.0,4.0,2.0,C01
201400035169,0,32,0,12.0,1.0,8.0,21.0,A01
201400035170,0,7,0,0.0,2.0,3.0,1.0,B01
201400035170,2,7,0,12.0,2.0,3.0,15.0,A01
201400035171,0,7,0,0.0,2.0,2.0,1.0,B01
201400035171,0,7,0,1.0,1.0,8.0,9.0,A01
201400035172,0,7,0,0.0,1.0,3.0,0.0,A01
201400035173,0,33,0,0.0,2.0,1.0,1.0,B01
201400035173,0,10,0,0.0,2.0,2.0,15.0,A01
201400035174,0,7,0,0.0,1.0,1.0,1.0,A01
201400035175,0,7,0,0.0,2.0,0.0,9.0,B01
201400035175,0,33,0,0.0,2.0,0.0,21.0,A01
201400035176,0,7,0,0.0,2.0,2.0,16.0,B01
201400035176,0,33,0,0.0,2.0,8.0,16.0,A01
201400035177,0,1,0,0.0,2.0,1.0,18.0,B01
201400035177,0,7,0,0.0,2.0,7.0,22.0,A01
201400035178,0,7,0,0.0,2.0,3.0,23.0,B01
201400035178,0,1,0,0.0,2.0,1.0,16.0,A01
201400035179,0,30,0,0.0,2.0,1.0,0.0,B01
201400035179,0,7,0,0.0,2.0,1.0,15.0,A01
201400035180,0,7,0,0.0,1.0,2.0,1.0,A01
201400035181,1,99,0,0.0,1.0,1.0,0.0,Z01
201400035182,0,7,0,0.0,2.0,2.0,15.0,A01
201400035182,0,2,0,0.0,2.0,0.0,1.0,B01
201400035183,0,7,0,0.0,2.0,1.0,1.0,A01
201400035183,0,7,0,0.0,2.0,1.0,5.0,B01
201400035184,0,7,0,0.0,1.0,1.0,16.0,A01
201400035185,0,10,0,0.0,1.0,2.0,1.0,A01
201400035186,0,33,0,1.0,0.0,0.0,14.0,A01
201400035187,0,7,0,0.0,2.0,3.0,13.0,A01
201400035187,0,10,0,0.0,2.0,3.0,1.0,B01
201400035188,0,7,0,0.0,1.0,1.0,1.0,A01
201400035189,0,7,0,3.0,2.0,6.0,1.0,B01
201400035189,0,7,0,0.0,2.0,0.0,0.0,C01
201400035189,0,15,0,0.0,2.0,2.0,1.0,A01
201400035190,0,7,0,0.0,2.0,4.0,2.0,C01
201400035190,0,7,0,1.0,2.0,4.0,1.0,B01
201400035190,0,15,0,0.0,2.0,1.0,1.0,A01
201400035191,0,7,0,0.0,1.0,1.0,1.0,A01
201400035192,0,33,0,4.0,0.0,8.0,13.0,A01
201400035193,0,30,0,0.0,1.0,1.0,1.0,A01
201400035194,0,7,0,13.0,0.0,8.0,2.0,A01
201400035195,0,7,0,6.0,0.0,2.0,15.0,A01
201400035196,0,7,0,12.0,0.0,1.0,1.0,A01
201400035197,0,33,0,0.0,1.0,1.0,1.0,A01
201400035198,0,7,0,0.0,2.0,1.0,2.0,A01
201400035198,0,7,0,0.0,2.0,4.0,2.0,B01
201400035199,0,7,0,0.0,1.0,2.0,15.0,A01
201400035200,0,7,0,0.0,1.0,1.0,1.0,A01
201400035201,0,37,1,0.0,1.0,1.0,1.0,A01
201400035202,0,7,0,0.0,2.0,3.0,14.0,A01
201400035202,0,7,0,0.0,2.0,8.0,23.0,B01
201400035203,1,30,0,0.0,1.0,0.0,0.0,Z01
201400035204,0,7,0,0.0,0.0,1.0,0.0,A01
201400035205,0,7,0,6.0,0.0,1.0,2.0,A01
201400035206,0,30,0,8.0,0.0,1.0,1.0,A01
201400035207,0,7,0,0.0,1.0,3.0,21.0,A01
201400035208,0,7,0,0.0,2.0,8.0,1.0,B01
201400035208,0,7,0,0.0,2.0,1.0,1.0,A01
201400035209,0,7,0,0.0,1.0,1.0,1.0,A01
201400035210,0,30,0,1.0,0.0,1.0,15.0,A01
201400035211,0,7,0,13.0,0.0,9.0,1.0,A01
201400035212,0,10,0,0.0,1.0,4.0,4.0,A01
201400035213,0,7,0,0.0,2.0,2.0,17.0,A01
201400035213,0,1,0,0.0,2.0,0.0,0.0,B01
201400035214,0,7,0,1.0,0.0,6.0,1.0,A01
201400035215,1,7,0,0.0,2.0,1.0,0.0,Z01
201400035215,0,1,0,0.0,2.0,0.0,1.0,B01
201400035216,0,7,0,4.0,0.0,1.0,0.0,A01
201400035217,0,7,0,0.0,2.0,6.0,2.0,B01
201400035217,0,7,0,0.0,2.0,2.0,2.0,A01
201400035218,1,7,0,0.0,2.0,1.0,0.0,A01
201400035218,0,7,0,0.0,2.0,4.0,0.0,B01
201400035219,0,7,0,0.0,2.0,1.0,15.0,A01
201400035219,0,33,0,0.0,2.0,8.0,1.0,B01
201400035220,0,7,0,0.0,2.0,8.0,1.0,B01
201400035220,0,33,0,0.0,2.0,1.0,15.0,A01
201400035221,0,10,0,0.0,1.0,8.0,15.0,A01
201400035222,0,7,0,0.0,2.0,3.0,5.0,A01
201400035222,0,7,0,0.0,2.0,3.0,1.0,B01
201400035223,0,7,0,0.0,2.0,1.0,2.0,A01
201400035223,0,7,0,0.0,2.0,4.0,23.0,B01
201400035224,0,37,1,0.0,1.0,1.0,1.0,A01
201400035225,0,7,0,0.0,1.0,3.0,15.0,A01
201400035226,0,30,0,14.0,0.0,9.0,1.0,A01
201400035227,0,7,0,3.0,0.0,1.0,14.0,A01
201400035228,0,7,0,1.0,0.0,1.0,0.0,A01
201400035229,0,33,0,0.0,0.0,3.0,1.0,A01
201400035230,0,7,0,0.0,2.0,4.0,2.0,B01
201400035230,0,7,0,0.0,2.0,1.0,2.0,A01
201400035231,0,33,0,0.0,2.0,8.0,1.0,B01
201400035231,0,7,0,0.0,2.0,3.0,15.0,A01
201400035232,0,2,0,0.0,2.0,1.0,1.0,B01
201400035232,0,7,0,0.0,2.0,3.0,15.0,A01
201400035233,0,7,0,0.0,2.0,1.0,2.0,A01
201400035233,0,7,0,0.0,2.0,4.0,2.0,C01
201400035233,0,7,0,0.0,2.0,4.0,2.0,B01
201400035234,0,7,0,0.0,2.0,2.0,23.0,B01
201400035234,0,30,0,12.0,0.0,8.0,13.0,A01
201400035235,0,31,0,0.0,2.0,1.0,1.0,B01
201400035235,0,7,0,0.0,2.0,2.0,15.0,A01
201400035236,0,7,0,0.0,2.0,4.0,2.0,B01
201400035236,0,2,0,0.0,2.0,1.0,2.0,A01
201400035237,0,7,0,0.0,2.0,1.0,15.0,A01
201400035237,0,1,0,0.0,2.0,1.0,1.0,B01
201400035238,0,33,0,0.0,2.0,1.0,1.0,B01
201400035238,0,7,0,0.0,2.0,6.0,15.0,A01
201400035239,0,7,0,0.0,1.0,2.0,1.0,A01
201400035240,0,7,0,0.0,2.0,4.0,2.0,B01
201400035240,1,7,0,0.0,2.0,1.0,2.0,A01
201400035240,0,7,0,0.0,2.0,4.0,2.0,C01
201400035241,0,37,1,0.0,1.0,3.0,16.0,A01
201400035242,2,7,0,0.0,2.0,2.0,0.0,A01
201400035242,0,7,0,0.0,2.0,6.0,1.0,B01
201400035243,0,2,0,0.0,2.0,1.0,0.0,B01
201400035243,0,7,0,0.0,2.0,8.0,15.0,A01
201400035244,0,7,0,0.0,2.0,1.0,1.0,B01
201400035244,2,7,0,0.0,2.0,0.0,5.0,A01
201400035245,0,33,0,0.0,2.0,1.0,1.0,B01
201400035245,0,7,0,0.0,2.0,5.0,15.0,A01
201400035246,0,7,0,0.0,2.0,3.0,13.0,A01
201400035246,0,7,0,0.0,2.0,3.0,1.0,B01
201400035247,0,33,0,0.0,2.0,2.0,17.0,A01
201400035247,0,7,0,0.0,2.0,3.0,1.0,B01
201400035248,0,33,0,0.0,2.0,1.0,13.0,A01
201400035248,0,7,0,0.0,2.0,2.0,15.0,B01
201400035248,0,7,0,0.0,2.0,1.0,1.0,C01
201400035249,1,7,0,0.0,1.0,0.0,0.0,Z01
201400035250,0,7,0,0.0,2.0,2.0,21.0,B01
201400035250,0,32,0,0.0,2.0,1.0,13.0,A01
201400035251,0,99,0,0.0,0.0,0.0,0.0,A01
201400035252,0,7,0,0.0,2.0,2.0,15.0,A01
201400035252,0,30,0,0.0,2.0,1.0,1.0,B01
201400035253,0,7,0,0.0,1.0,3.0,1.0,A01
201400035254,1,1,0,0.0,1.0,1.0,0.0,Z01
201400035255,0,33,0,0.0,0.0,0.0,1.0,A01
201400035256,0,7,0,0.0,1.0,3.0,0.0,A01
201400035257,0,30,0,0.0,2.0,8.0,0.0,B01
201400035257,0,7,0,0.0,2.0,3.0,1.0,A01
201400035258,0,7,0,0.0,1.0,4.0,4.0,A01
201400035259,0,1,0,0.0,2.0,4.0,1.0,B01
201400035259,0,7,0,0.0,2.0,2.0,1.0,A01
201400035260,0,30,0,0.0,2.0,8.0,1.0,B01
201400035260,0,7,0,6.0,2.0,7.0,1.0,A01
201400035261,0,7,0,0.0,1.0,3.0,0.0,A01
201400035262,0,7,0,0.0,1.0,3.0,1.0,A01
201400035263,0,7,0,0.0,2.0,1.0,1.0,B01
201400035263,0,36,0,0.0,2.0,1.0,13.0,A01
201400035264,0,7,0,0.0,2.0,8.0,22.0,A01
201400035264,0,30,0,0.0,2.0,0.0,1.0,B01
201400035265,0,7,0,0.0,2.0,6.0,15.0,B01
201400035265,0,7,0,0.0,2.0,1.0,1.0,A01
201400035266,0,7,0,0.0,1.0,3.0,1.0,A01
201400035267,0,7,0,0.0,2.0,3.0,15.0,A01
201400035267,0,7,0,0.0,2.0,2.0,1.0,B01
201400035268,0,7,0,0.0,2.0,2.0,1.0,B01
201400035268,0,7,0,0.0,2.0,3.0,1.0,A01
201400035269,0,7,0,0.0,2.0,7.0,15.0,A01
201400035269,0,30,0,0.0,2.0,8.0,0.0,B01
201400035270,0,7,0,0.0,2.0,4.0,1.0,B01
201400035270,0,7,0,0.0,2.0,1.0,1.0,A01
201400035271,0,7,0,2.0,0.0,3.0,16.0,A01
201400035272,0,33,0,0.0,2.0,3.0,1.0,B01
201400035272,0,7,0,0.0,2.0,1.0,9.0,A01
201400035273,0,7,0,0.0,1.0,4.0,4.0,A01
201400035274,1,2,0,0.0,1.0,1.0,1.0,Z01
201400035275,0,7,0,0.0,1.0,1.0,1.0,A01
201400035276,0,7,0,0.0,2.0,1.0,0.0,A01
201400035276,0,33,0,0.0,2.0,8.0,0.0,B01
201400035277,0,7,0,0.0,2.0,8.0,0.0,A01
201400035277,0,17,0,0.0,2.0,1.0,0.0,B01
201400035278,0,7,0,0.0,2.0,3.0,15.0,A01
201400035278,0,7,0,0.0,2.0,2.0,1.0,B01
201400035279,0,2,0,0.0,2.0,1.0,1.0,B01
201400035279,0,7,0,0.0,2.0,7.0,13.0,A01
201400035280,0,7,0,0.0,1.0,2.0,1.0,A01
201400035281,2,7,0,12.0,0.0,1.0,0.0,A01
201400035282,0,37,20,0.0,2.0,3.0,1.0,B01
201400035282,0,7,0,0.0,2.0,7.0,1.0,A01
201400035283,0,7,0,0.0,1.0,1.0,1.0,A01
201400035284,0,2,0,0.0,2.0,1.0,1.0,A01
201400035284,0,7,0,0.0,2.0,2.0,15.0,B01
201400035285,0,7,0,0.0,2.0,1.0,13.0,A01
201400035285,0,7,0,0.0,2.0,1.0,1.0,B01
201400035286,0,7,0,0.0,2.0,3.0,16.0,B01
201400035286,0,33,0,0.0,2.0,1.0,1.0,A01
201400035287,0,7,0,0.0,2.0,1.0,1.0,B01
201400035287,0,7,0,0.0,2.0,2.0,15.0,A01
201400035288,0,7,0,0.0,2.0,1.0,1.0,C01
201400035288,0,7,0,0.0,2.0,1.0,1.0,A01
201400035288,0,7,0,0.0,2.0,1.0,1.0,B01
201400035288,0,7,0,0.0,2.0,4.0,1.0,D01
201400035289,0,7,0,0.0,2.0,3.0,1.0,B01
201400035289,2,7,0,0.0,2.0,7.0,1.0,A01
201400035290,0,33,0,0.0,2.0,1.0,1.0,B01
201400035290,1,7,0,0.0,0.0,0.0,0.0,Z01
201400035291,0,7,0,0.0,1.0,2.0,1.0,A01
201400035292,0,7,0,2.0,0.0,3.0,1.0,A01
201400035293,0,7,0,0.0,2.0,3.0,1.0,B01
201400035293,0,7,0,0.0,2.0,2.0,12.0,A01
201400035294,0,7,0,0.0,1.0,1.0,1.0,A01
201400035295,0,7,0,0.0,1.0,1.0,1.0,A01
201400035296,0,7,0,0.0,2.0,1.0,15.0,A01
201400035296,0,7,0,0.0,2.0,3.0,1.0,B01
201400035297,0,7,0,0.0,1.0,1.0,1.0,A01
201400035298,1,7,0,0.0,1.0,0.0,0.0,Z01
201400035299,0,1,0,0.0,2.0,1.0,9.0,A01
201400035299,0,7,0,0.0,2.0,5.0,1.0,B01
201400035300,0,7,0,0.0,2.0,2.0,20.0,A01
201400035300,0,2,0,0.0,2.0,3.0,1.0,B01
201400035301,0,7,0,0.0,2.0,2.0,14.0,A01
201400035301,0,7,0,8.0,2.0,6.0,1.0,B01
201400035302,0,37,44,0.0,2.0,2.0,7.0,B01
201400035302,0,7,0,0.0,2.0,8.0,10.0,A01
201400035303,0,7,0,0.0,2.0,3.0,15.0,B01
201400035303,0,7,0,0.0,2.0,1.0,0.0,A01
201400035304,0,7,0,0.0,1.0,2.0,15.0,A01
201400035305,0,40,0,0.0,2.0,0.0,0.0,B01
201400035305,0,7,0,0.0,4.0,8.0,15.0,A01
201400035306,0,7,0,0.0,1.0,4.0,4.0,A01
201400035307,0,7,0,0.0,1.0,5.0,0.0,A01
201400035308,0,7,0,0.0,1.0,4.0,4.0,A01
201400035309,0,7,0,0.0,2.0,1.0,15.0,A01
201400035309,0,7,0,0.0,2.0,1.0,1.0,B01
201400035309,0,7,0,0.0,2.0,2.0,23.0,C01
201400035310,1,3,0,0.0,1.0,1.0,1.0,Z01
201400035311,0,7,0,0.0,2.0,1.0,1.0,A01
201400035311,0,3,0,0.0,2.0,0.0,1.0,B01
201400035312,0,7,0,0.0,2.0,2.0,1.0,A01
201400035312,0,30,0,0.0,2.0,6.0,16.0,B01
201400035313,0,7,0,0.0,2.0,3.0,1.0,A01
201400035313,0,33,0,0.0,2.0,0.0,9.0,B01
201400035314,0,7,0,0.0,1.0,1.0,15.0,A01
201400035315,0,7,0,0.0,1.0,1.0,17.0,A01
201400035316,0,7,0,0.0,2.0,6.0,0.0,B01
201400035316,0,7,0,0.0,2.0,1.0,0.0,A01
201400035317,0,7,0,0.0,1.0,1.0,1.0,A01
201400035318,1,7,0,0.0,1.0,1.0,1.0,Z01
201400035319,0,37,2,0.0,2.0,1.0,1.0,A01
201400035319,0,37,1,0.0,2.0,6.0,1.0,B01
201400035320,0,7,0,0.0,2.0,1.0,9.0,A01
201400035320,0,33,0,0.0,2.0,1.0,1.0,B01
201400035321,0,7,0,0.0,1.0,1.0,1.0,A01
201400035322,0,7,0,0.0,1.0,4.0,4.0,A01
201400035323,0,7,0,2.0,0.0,1.0,0.0,A01
201400035324,0,37,2,0.0,2.0,3.0,1.0,B01
201400035324,0,7,0,0.0,2.0,1.0,1.0,A01
201400035325,0,7,0,0.0,2.0,1.0,1.0,A01
201400035325,0,30,0,0.0,2.0,1.0,13.0,B01
201400035326,0,7,0,0.0,2.0,2.0,1.0,A01
201400035326,0,7,0,0.0,2.0,3.0,1.0,B01
201400035327,0,33,0,0.0,2.0,7.0,12.0,A01
201400035327,0,7,0,0.0,2.0,3.0,1.0,B01
201400035328,0,7,0,0.0,1.0,1.0,1.0,A01
201400035329,0,1,0,0.0,2.0,8.0,0.0,A01
201400035329,0,7,0,0.0,2.0,7.0,1.0,B01
201400035330,0,7,0,0.0,0.0,7.0,17.0,A01
201400035330,0,37,1,0.0,2.0,3.0,2.0,B01
201400035331,0,7,0,0.0,2.0,4.0,0.0,B01
201400035331,0,7,0,0.0,2.0,1.0,0.0,C01
201400035331,0,7,0,0.0,0.0,4.0,0.0,A01
201400035332,0,7,0,0.0,2.0,3.0,15.0,B01
201400035332,0,33,0,0.0,2.0,2.0,17.0,A01
201400035333,0,7,0,0.0,0.0,4.0,2.0,B01
201400035333,0,7,0,0.0,2.0,1.0,2.0,A01
201400035334,0,7,0,0.0,2.0,2.0,1.0,A01
201400035334,0,1,0,0.0,2.0,8.0,19.0,B01
201400035335,0,7,0,0.0,2.0,1.0,2.0,A01
201400035335,0,7,0,0.0,2.0,3.0,16.0,C01
201400035336,0,7,0,14.0,0.0,1.0,1.0,A01
201400035337,0,10,0,13.0,0.0,1.0,6.0,A01
201400035338,0,7,0,0.0,0.0,4.0,2.0,B01
201400035338,0,7,0,0.0,0.0,1.0,2.0,C01
201400035338,0,7,0,0.0,0.0,4.0,2.0,A01
201400035339,0,7,0,0.0,1.0,0.0,2.0,A01
201400035340,0,7,0,0.0,0.0,1.0,10.0,A01
201400035340,0,7,0,0.0,2.0,8.0,1.0,B01
201400035341,0,7,0,0.0,2.0,2.0,2.0,A01
201400035341,0,7,0,0.0,2.0,1.0,9.0,B01
201400035342,0,7,0,0.0,2.0,1.0,2.0,A01
201400035342,0,7,0,0.0,2.0,4.0,2.0,B01
201400035343,0,33,0,0.0,2.0,1.0,17.0,A01
201400035343,0,7,0,0.0,0.0,6.0,15.0,B01
201400035344,0,7,0,14.0,2.0,2.0,1.0,A01
201400035344,0,7,0,0.0,2.0,8.0,16.0,B01
201400035345,0,30,0,0.0,1.0,1.0,3.0,A01
201400035346,0,7,0,0.0,2.0,1.0,16.0,A01
201400035346,0,1,0,0.0,0.0,8.0,19.0,B01
201400035347,0,3,0,0.0,2.0,1.0,16.0,B01
201400035347,0,3,0,1.0,2.0,7.0,1.0,A01
201400035348,0,7,0,0.0,0.0,4.0,23.0,B01
201400035348,0,2,0,0.0,2.0,1.0,2.0,A01
201400035349,0,7,0,0.0,0.0,3.0,1.0,A01
201400035349,0,7,0,0.0,0.0,3.0,1.0,B01
201400035350,0,34,0,0.0,0.0,8.0,0.0,A01
201400035351,0,7,0,0.0,2.0,1.0,9.0,B01
201400035351,0,7,0,0.0,2.0,1.0,1.0,A01
201400035352,0,7,0,0.0,0.0,3.0,17.0,A01
201400035352,0,33,0,0.0,0.0,0.0,1.0,B01
201400035353,1,2,0,2.0,0.0,0.0,1.0,A01
201400035354,0,7,0,0.0,2.0,1.0,1.0,B01
201400035354,0,7,0,0.0,0.0,7.0,19.0,A01
201400035355,0,33,0,0.0,2.0,1.0,1.0,B01
201400035355,0,7,0,0.0,2.0,6.0,10.0,A01
201400035356,0,30,0,0.0,1.0,1.0,9.0,A01
201400035357,0,10,0,0.0,2.0,4.0,4.0,A01
201400035357,0,7,0,0.0,2.0,1.0,1.0,B01
201400035358,0,2,0,0.0,2.0,1.0,17.0,A01
201400035358,0,32,0,0.0,0.0,6.0,0.0,B01
201400035359,0,37,0,0.0,1.0,2.0,0.0,A01
201400035360,0,7,0,0.0,1.0,1.0,17.0,A01
201400035361,0,7,0,0.0,2.0,1.0,1.0,A01
201400035361,0,7,0,0.0,2.0,7.0,0.0,B01
201400035362,0,7,0,0.0,1.0,0.0,1.0,A01
201400035363,0,7,0,0.0,1.0,7.0,0.0,A01
201400035364,0,7,0,2.0,0.0,1.0,14.0,A01
201400035365,0,7,0,0.0,1.0,3.0,9.0,A01
201400035366,0,7,0,0.0,1.0,3.0,9.0,A01
201400035367,0,7,0,0.0,2.0,0.0,17.0,A01
201400035367,0,1,0,0.0,2.0,0.0,1.0,B01
201400035368,0,30,0,0.0,2.0,1.0,0.0,B01
201400035368,0,7,0,0.0,2.0,3.0,9.0,A01
201400035369,0,7,0,0.0,0.0,1.0,0.0,B01
201400035369,0,7,0,0.0,0.0,3.0,17.0,A01
201400035370,0,7,0,0.0,2.0,2.0,15.0,A01
201400035370,0,7,0,0.0,2.0,1.0,1.0,C01
201400035370,0,7,0,0.0,0.0,8.0,23.0,B01
201400035371,0,7,0,0.0,2.0,1.0,21.0,A01
201400035371,0,7,0,0.0,2.0,1.0,1.0,B01
201400035372,0,7,0,0.0,1.0,1.0,1.0,A01
201400035373,0,37,1,0.0,1.0,0.0,2.0,A01
201400035373,1,7,0,0.0,1.0,1.0,2.0,B01
201400035374,0,7,0,0.0,1.0,3.0,1.0,A01
201400035375,0,7,0,0.0,1.0,0.0,4.0,A01
201400035376,0,7,0,0.0,2.0,8.0,0.0,A01
201400035376,0,15,0,0.0,2.0,1.0,0.0,B01
201400035377,0,7,0,0.0,2.0,2.0,0.0,A01
201400035377,0,2,0,0.0,2.0,8.0,0.0,B01
201400035378,0,7,0,13.0,0.0,3.0,1.0,A01
201400035379,0,33,0,0.0,2.0,1.0,17.0,A01
201400035379,0,7,0,0.0,2.0,5.0,15.0,B01
201400035380,0,7,0,0.0,2.0,1.0,5.0,A01
201400035380,0,7,0,0.0,2.0,6.0,1.0,B01
201400035380,0,7,0,0.0,2.0,5.0,1.0,C01
201400035380,0,7,0,0.0,0.0,6.0,0.0,D01
201400035381,0,7,0,15.0,0.0,1.0,2.0,A01
201400035382,0,7,0,0.0,2.0,1.0,2.0,A01
201400035382,0,7,0,0.0,2.0,4.0,2.0,B01
201400035382,0,7,0,0.0,2.0,4.0,2.0,C01
201400035382,0,7,0,0.0,0.0,0.0,23.0,T01
201400035383,0,7,0,0.0,2.0,3.0,2.0,A01
201400035383,0,33,0,0.0,2.0,4.0,0.0,B01
201400035384,0,33,0,0.0,0.0,1.0,1.0,B01
201400035384,0,7,0,0.0,0.0,1.0,15.0,A01
201400035385,0,7,0,0.0,2.0,1.0,1.0,B01
201400035385,0,7,0,0.0,2.0,1.0,1.0,C01
201400035385,0,7,0,0.0,2.0,1.0,1.0,A01
201400035386,0,36,0,12.0,2.0,1.0,1.0,A01
201400035387,0,7,0,0.0,2.0,7.0,15.0,A01
201400035387,0,31,0,0.0,2.0,1.0,0.0,B01
201400035388,0,7,0,0.0,1.0,3.0,15.0,A01
201400035389,0,7,0,0.0,0.0,6.0,15.0,B01
201400035389,0,2,0,0.0,2.0,1.0,0.0,A01
201400035390,0,7,0,0.0,2.0,1.0,13.0,A01
201400035390,0,7,0,0.0,2.0,1.0,1.0,B01
201400035391,0,7,0,0.0,2.0,1.0,2.0,A01
201400035391,0,10,0,0.0,2.0,4.0,2.0,B01
201400035392,0,33,0,0.0,0.0,8.0,0.0,B01
201400035392,0,7,0,0.0,0.0,2.0,15.0,A01
201400035393,0,7,0,0.0,2.0,4.0,13.0,A01
201400035393,0,7,0,0.0,2.0,1.0,1.0,B01
201400035394,0,7,0,0.0,2.0,1.0,19.0,A01
201400035394,0,7,0,0.0,2.0,7.0,1.0,B01
201400035395,0,7,0,0.0,2.0,3.0,19.0,A01
201400035395,0,7,0,0.0,2.0,3.0,23.0,C01
201400035395,0,33,0,0.0,2.0,1.0,1.0,B01
201400035396,0,7,0,0.0,2.0,1.0,17.0,A01
201400035396,0,7,0,0.0,2.0,3.0,15.0,B01
201400035397,0,33,0,16.0,0.0,8.0,1.0,A01
201400035398,0,33,0,0.0,2.0,0.0,21.0,B01
201400035398,1,7,0,0.0,0.0,0.0,15.0,Z01
201400035399,0,10,0,0.0,9.0,0.0,1.0,A01
201400035399,0,7,0,0.0,9.0,1.0,1.0,B01
201400035399,0,30,0,0.0,9.0,1.0,0.0,C01
201400035400,0,7,0,0.0,0.0,8.0,0.0,A01