Num_Acc,senc,catv,occutc,obs,obsm,choc,manv,num_veh
201400035676,0,33,0,0.0,0.0,0.0,0.0,A01
201400035677,0,7,0,0.0,0.0,1.0,13.0,A01
201400035677,0,7,0,0.0,0.0,3.0,1.0,B01
201400035677,0,7,0,0.0,0.0,8.0,1.0,C01
201400035678,0,7,0,0.0,2.0,8.0,2.0,B01
201400035678,0,7,0,0.0,2.0,1.0,2.0,A01
201400035679,0,7,0,1.0,0.0,6.0,1.0,A01
201400035679,0,7,0,0.0,0.0,2.0,9.0,B01
201400035680,0,7,0,0.0,1.0,3.0,1.0,A01
201400035681,0,7,0,0.0,1.0,3.0,1.0,A01
201400035682,0,10,0,0.0,1.0,2.0,1.0,A01
201400035683,0,7,0,0.0,2.0,2.0,6.0,A01
201400035683,0,7,0,0.0,2.0,3.0,1.0,B01
201400035684,0,7,0,0.0,2.0,3.0,9.0,A01
201400035684,0,33,0,0.0,2.0,8.0,1.0,B01
201400035685,0,7,0,0.0,2.0,4.0,2.0,D01
201400035685,0,7,0,0.0,2.0,4.0,1.0,C01
201400035685,0,7,0,0.0,2.0,4.0,2.0,B01
201400035685,0,7,0,0.0,2.0,1.0,1.0,A01
201400035686,0,10,0,0.0,2.0,8.0,2.0,A01
201400035686,0,7,0,0.0,2.0,1.0,2.0,B01
201400035687,0,10,0,0.0,1.0,1.0,15.0,A01
201400035688,0,7,0,0.0,0.0,5.0,15.0,B01
201400035688,0,31,0,0.0,2.0,1.0,1.0,A01
201400035689,0,7,0,0.0,2.0,7.0,15.0,A01
201400035689,0,34,0,0.0,2.0,1.0,21.0,B01
201400035690,0,10,0,0.0,1.0,4.0,20.0,A01
201400035691,0,7,0,3.0,0.0,5.0,2.0,B01
201400035691,0,7,0,3.0,2.0,3.0,2.0,A01
201400035691,0,7,0,3.0,2.0,5.0,2.0,C01
201400035692,0,10,0,0.0,2.0,1.0,2.0,C01
201400035692,0,7,0,0.0,2.0,1.0,5.0,A01
201400035692,0,10,0,0.0,2.0,1.0,2.0,B01
201400035693,0,99,0,0.0,0.0,1.0,23.0,B01
201400035693,0,1,0,0.0,9.0,1.0,5.0,A01
201400035694,0,7,0,0.0,2.0,7.0,15.0,B01
201400035694,0,7,0,0.0,2.0,1.0,1.0,A01
201400035695,0,33,0,0.0,1.0,2.0,0.0,A01
201400035696,0,7,0,0.0,2.0,2.0,0.0,A01
201400035696,0,1,0,0.0,0.0,4.0,0.0,B01
201400035697,0,7,0,0.0,1.0,2.0,1.0,A01
201400035698,0,7,0,6.0,2.0,5.0,1.0,A01
201400035698,0,7,0,0.0,2.0,1.0,1.0,B01
201400035699,0,7,0,0.0,1.0,2.0,0.0,A01
201400035700,0,33,0,11.0,2.0,1.0,17.0,A01
201400035701,0,33,0,0.0,0.0,7.0,1.0,A01
201400035702,0,7,0,0.0,2.0,4.0,23.0,B01
201400035702,0,7,0,0.0,2.0,4.0,23.0,C01
201400035702,0,7,0,0.0,2.0,1.0,2.0,A01
201400035703,0,1,0,0.0,2.0,1.0,0.0,C01
201400035703,0,7,0,0.0,9.0,2.0,0.0,A01
201400035704,0,7,0,0.0,9.0,1.0,0.0,A01
201400035704,0,1,0,0.0,2.0,0.0,19.0,C01
201400035705,0,7,0,0.0,2.0,4.0,23.0,B01
201400035705,0,7,0,0.0,2.0,1.0,2.0,A01
201400035706,0,7,0,0.0,1.0,2.0,1.0,A01
201400035707,0,7,0,0.0,1.0,2.0,1.0,A01
201400035708,0,30,0,0.0,2.0,3.0,16.0,B01
201400035708,0,7,0,0.0,2.0,2.0,16.0,A01
201400035709,0,7,0,0.0,2.0,8.0,0.0,A01
201400035709,0,7,0,0.0,2.0,1.0,1.0,B01
201400035710,0,7,0,9.0,0.0,2.0,15.0,A01
201400035710,0,7,0,0.0,2.0,1.0,2.0,B01
201400035711,0,7,0,0.0,2.0,1.0,19.0,A01
201400035711,0,7,0,0.0,0.0,8.0,15.0,B01
201400035712,0,37,0,0.0,1.0,1.0,19.0,A01
201400035713,0,7,0,0.0,9.0,3.0,0.0,A01
201400035713,0,1,0,0.0,2.0,0.0,19.0,C01
201400035714,0,7,0,0.0,2.0,6.0,16.0,B01
201400035714,0,1,0,0.0,2.0,6.0,19.0,A01
201400035715,0,7,0,0.0,1.0,2.0,15.0,A01
201400035716,0,10,0,0.0,2.0,3.0,19.0,A01
201400035716,0,37,2,0.0,2.0,5.0,0.0,B01
201400035717,0,7,0,0.0,2.0,1.0,2.0,A01
201400035717,0,7,0,0.0,2.0,4.0,2.0,B01
201400035718,0,7,0,0.0,2.0,8.0,0.0,B01
201400035718,0,7,0,0.0,2.0,1.0,19.0,A01
201400035719,0,7,0,0.0,0.0,5.0,1.0,B01
201400035719,0,7,0,0.0,2.0,3.0,9.0,A01
201400035720,0,13,0,0.0,1.0,2.0,1.0,A01
201400035721,0,7,0,0.0,1.0,1.0,0.0,A01
201400035722,1,7,0,0.0,2.0,1.0,19.0,A01
201400035722,0,7,0,0.0,2.0,7.0,19.0,B01
201400035723,0,7,0,0.0,2.0,2.0,0.0,B01
201400035723,0,3,0,0.0,2.0,1.0,19.0,A01
201400035724,0,7,0,0.0,2.0,1.0,0.0,B01
201400035724,0,7,0,0.0,2.0,4.0,23.0,A01
201400035725,0,7,0,0.0,0.0,3.0,0.0,A01
201400035725,0,7,0,0.0,0.0,3.0,0.0,B01
201400035726,0,7,0,0.0,0.0,8.0,10.0,B01
201400035726,0,7,0,0.0,2.0,2.0,1.0,A01
201400035727,0,7,0,0.0,1.0,3.0,2.0,A01
201400035728,0,7,0,1.0,1.0,4.0,20.0,A01
201400035729,0,7,0,0.0,2.0,3.0,13.0,A01
201400035729,0,7,0,1.0,2.0,3.0,1.0,B01
201400035730,0,7,0,2.0,0.0,5.0,2.0,A01
201400035730,0,7,0,2.0,0.0,1.0,2.0,B01
201400035731,0,33,0,0.0,2.0,1.0,17.0,A01
201400035731,0,7,0,0.0,2.0,3.0,1.0,B01
201400035732,0,7,0,0.0,1.0,1.0,1.0,A01
201400035733,0,33,0,0.0,2.0,1.0,3.0,B01
201400035733,0,7,0,0.0,0.0,7.0,1.0,C01
201400035734,0,7,0,0.0,1.0,1.0,1.0,A01
201400035735,0,7,0,0.0,2.0,2.0,1.0,B01
201400035735,0,7,0,0.0,2.0,1.0,1.0,A01
201400035736,0,7,0,0.0,2.0,1.0,2.0,A01
201400035736,0,7,0,0.0,2.0,4.0,2.0,B01
201400035737,0,7,0,0.0,1.0,1.0,15.0,A01
201400035738,0,7,0,0.0,2.0,1.0,1.0,A01
201400035738,0,7,0,0.0,2.0,8.0,1.0,B01
201400035739,0,7,0,0.0,1.0,1.0,15.0,A01
201400035740,0,7,0,0.0,0.0,1.0,1.0,A01
201400035740,0,7,0,0.0,2.0,8.0,1.0,B01
201400035741,0,7,0,2.0,0.0,1.0,1.0,A01
201400035742,0,7,0,0.0,1.0,1.0,17.0,A01
201400035743,0,7,0,1.0,0.0,0.0,1.0,A01
201400035744,0,7,0,0.0,1.0,1.0,1.0,A01
201400035745,0,7,0,0.0,2.0,6.0,11.0,A01
201400035745,0,33,0,0.0,2.0,7.0,1.0,B01
201400035746,0,1,0,0.0,2.0,4.0,1.0,B01
201400035746,0,7,0,0.0,2.0,1.0,1.0,A01
201400035747,0,33,0,0.0,6.0,7.0,1.0,A01
201400035748,1,7,0,0.0,1.0,1.0,1.0,Z01
201400035749,0,7,0,0.0,2.0,4.0,2.0,B01
201400035749,0,7,0,0.0,2.0,1.0,2.0,A01
201400035750,0,7,0,0.0,1.0,1.0,1.0,A01
201400035751,0,7,0,0.0,2.0,4.0,1.0,A01
201400035751,1,99,0,0.0,2.0,2.0,0.0,Z01
201400035752,0,7,0,0.0,0.0,4.0,1.0,B01
201400035752,0,33,0,0.0,2.0,1.0,1.0,A01
201400035753,0,33,0,0.0,2.0,3.0,1.0,B01
201400035753,0,7,0,0.0,2.0,2.0,16.0,A01
201400035754,0,7,0,0.0,1.0,7.0,1.0,A01
201400035755,0,7,0,0.0,1.0,1.0,19.0,A01
201400035756,0,10,0,0.0,0.0,7.0,19.0,A01
201400035756,0,10,0,0.0,0.0,8.0,23.0,C01
201400035756,0,7,0,0.0,0.0,1.0,19.0,B01
201400035757,0,7,0,0.0,9.0,1.0,1.0,A01
201400035757,0,1,0,0.0,2.0,8.0,19.0,B01
201400035758,0,7,0,0.0,2.0,2.0,1.0,B01
201400035758,0,13,0,0.0,2.0,6.0,11.0,A01
201400035759,0,15,0,0.0,2.0,2.0,12.0,B01
201400035759,0,7,0,0.0,2.0,8.0,1.0,C01
201400035759,0,7,0,0.0,2.0,8.0,1.0,A01
201400035760,0,2,0,0.0,2.0,7.0,1.0,A01
201400035760,0,7,0,0.0,2.0,7.0,1.0,B01
201400035761,0,7,0,0.0,2.0,2.0,15.0,A01
201400035761,0,33,0,0.0,2.0,1.0,1.0,B01
201400035762,0,7,0,0.0,2.0,6.0,15.0,B01
201400035762,0,33,0,0.0,2.0,1.0,17.0,A01
201400035763,0,7,0,0.0,1.0,1.0,16.0,A01
201400035764,0,7,0,0.0,2.0,3.0,15.0,B01
201400035764,0,10,0,0.0,2.0,1.0,1.0,A01
201400035765,0,7,0,0.0,2.0,1.0,2.0,A01
201400035765,0,7,0,0.0,2.0,4.0,2.0,B01
201400035766,0,38,7,0.0,2.0,3.0,1.0,B01
201400035766,0,7,0,0.0,2.0,7.0,13.0,A01
201400035767,0,1,0,0.0,0.0,8.0,1.0,B01
201400035767,0,7,0,8.0,2.0,1.0,1.0,A01
201400035768,0,30,0,12.0,2.0,1.0,2.0,B01
201400035768,0,7,0,0.0,2.0,5.0,4.0,A01
201400035769,0,33,0,1.0,0.0,1.0,2.0,A01
201400035769,0,10,0,0.0,0.0,6.0,1.0,B01
201400035770,0,7,0,0.0,2.0,3.0,15.0,B01
201400035770,0,33,0,0.0,2.0,8.0,0.0,A01
201400035771,0,7,0,0.0,1.0,2.0,2.0,A01
201400035772,0,7,0,0.0,2.0,3.0,15.0,B01
201400035772,0,7,0,0.0,2.0,2.0,17.0,A01
201400035773,0,10,0,0.0,0.0,3.0,9.0,A01
201400035773,0,7,0,0.0,2.0,2.0,1.0,B01
201400035774,1,31,0,0.0,2.0,1.0,17.0,A01
201400035774,0,7,0,0.0,2.0,3.0,15.0,B01
201400035775,0,7,0,0.0,1.0,1.0,15.0,A01
201400035776,0,10,0,9.0,0.0,6.0,4.0,A01
201400035776,0,31,0,9.0,2.0,1.0,1.0,B01
201400035777,0,7,0,0.0,2.0,2.0,6.0,B01
201400035777,0,33,0,0.0,2.0,1.0,3.0,A01
201400035778,0,33,0,0.0,0.0,7.0,0.0,B01
201400035778,0,7,0,0.0,0.0,1.0,0.0,A01
201400035779,0,33,0,0.0,1.0,3.0,2.0,A01
201400035780,0,7,0,0.0,1.0,3.0,1.0,A01
201400035781,0,7,0,0.0,2.0,2.0,0.0,A01
201400035781,0,33,0,0.0,2.0,3.0,2.0,B01
201400035782,0,7,0,0.0,1.0,3.0,15.0,A01
201400035783,0,10,0,0.0,2.0,7.0,5.0,A01
201400035783,0,7,0,0.0,2.0,1.0,1.0,B01
201400035784,0,7,0,0.0,1.0,2.0,0.0,A01
201400035785,0,7,0,0.0,2.0,1.0,0.0,C01
201400035785,0,33,0,0.0,2.0,1.0,17.0,A01
201400035785,0,7,0,0.0,2.0,6.0,13.0,B01
201400035786,0,33,0,12.0,0.0,0.0,2.0,A01
201400035787,0,7,0,0.0,9.0,3.0,15.0,A01
201400035787,0,1,0,0.0,2.0,7.0,17.0,B01
201400035788,0,7,0,14.0,0.0,0.0,0.0,A01
201400035789,0,7,0,0.0,5.0,6.0,2.0,A01
201400035789,0,1,0,0.0,2.0,1.0,2.0,B01
201400035790,0,10,0,0.0,2.0,3.0,15.0,B01
201400035790,0,33,0,0.0,2.0,1.0,17.0,A01
201400035791,0,7,0,0.0,2.0,8.0,17.0,A01
201400035791,0,2,0,0.0,2.0,0.0,1.0,B01
201400035792,0,15,0,0.0,0.0,5.0,15.0,B01
201400035792,0,33,0,0.0,2.0,1.0,0.0,A01
201400035793,0,7,0,0.0,1.0,1.0,15.0,A01
201400035794,0,7,0,0.0,1.0,3.0,1.0,A01
201400035795,0,7,0,0.0,1.0,7.0,1.0,A01
201400035796,0,7,0,0.0,1.0,1.0,0.0,A01
201400035797,0,7,0,0.0,0.0,6.0,15.0,A01
201400035797,0,33,0,0.0,2.0,1.0,17.0,B01
201400035798,0,2,0,1.0,0.0,1.0,1.0,A01
201400035799,0,7,0,0.0,2.0,1.0,1.0,B01
201400035799,1,2,0,0.0,2.0,8.0,19.0,A01
201400035800,0,7,0,0.0,1.0,1.0,1.0,A01
201400035801,0,7,0,0.0,2.0,7.0,0.0,A01
201400035801,0,7,0,0.0,2.0,1.0,0.0,B01
201400035802,0,2,0,0.0,1.0,1.0,1.0,A01
201400035803,0,7,0,0.0,2.0,3.0,15.0,B01
201400035803,0,33,0,0.0,2.0,1.0,17.0,A01
201400035804,0,2,0,1.0,0.0,1.0,13.0,A01
201400035805,0,10,0,0.0,1.0,4.0,4.0,A01
201400035806,0,33,0,0.0,2.0,1.0,1.0,B01
201400035806,0,7,0,0.0,0.0,7.0,15.0,A01
201400035807,2,2,0,0.0,1.0,1.0,1.0,A01
201400035808,0,7,0,6.0,0.0,1.0,1.0,A01
201400035809,0,2,0,0.0,0.0,3.0,9.0,A01
201400035809,0,7,0,0.0,2.0,1.0,1.0,B01
201400035810,0,33,0,0.0,0.0,0.0,0.0,A01
201400035811,0,7,0,0.0,0.0,7.0,10.0,A01
201400035811,0,33,0,0.0,2.0,1.0,1.0,B01
201400035812,0,7,0,0.0,2.0,6.0,15.0,A01
201400035812,0,33,0,0.0,2.0,1.0,17.0,B01
201400035813,0,33,0,0.0,2.0,1.0,1.0,B01
201400035813,0,7,0,0.0,2.0,3.0,17.0,A01
201400035814,1,7,0,0.0,9.0,7.0,1.0,A01
201400035814,0,1,0,0.0,2.0,1.0,0.0,B01
201400035815,0,7,0,0.0,1.0,3.0,1.0,A01
201400035816,0,10,0,0.0,2.0,1.0,13.0,A01
201400035816,0,7,0,0.0,2.0,1.0,1.0,B01
201400035817,0,7,0,15.0,0.0,7.0,1.0,A01
201400035818,0,7,0,0.0,1.0,7.0,1.0,A01
201400035819,0,7,0,0.0,1.0,2.0,1.0,A01
201400035820,0,7,0,6.0,0.0,1.0,1.0,A01
201400035821,0,1,0,0.0,2.0,1.0,0.0,B01
201400035821,0,7,0,0.0,2.0,3.0,15.0,A01
201400035822,0,2,0,0.0,2.0,0.0,17.0,B01
201400035822,0,7,0,0.0,2.0,1.0,1.0,A01
201400035823,0,7,0,0.0,1.0,8.0,1.0,A01
201400035824,0,34,0,0.0,1.0,1.0,0.0,A01
201400035825,0,1,0,0.0,0.0,8.0,0.0,B01
201400035825,0,7,0,0.0,2.0,7.0,17.0,A01
201400035826,0,7,0,0.0,0.0,0.0,0.0,A01
201400035827,0,10,0,0.0,1.0,2.0,1.0,A01
201400035828,0,7,0,0.0,2.0,1.0,2.0,A01
201400035828,0,7,0,16.0,0.0,8.0,15.0,B01
201400035829,0,7,0,0.0,2.0,3.0,15.0,B01
201400035829,0,33,0,0.0,2.0,5.0,1.0,A01
201400035830,0,7,0,0.0,2.0,1.0,0.0,A01
201400035830,0,7,0,0.0,2.0,1.0,14.0,B01
201400035831,0,7,0,0.0,0.0,4.0,1.0,B01
201400035831,0,7,0,0.0,2.0,1.0,1.0,A01
201400035832,0,7,0,0.0,2.0,3.0,15.0,A01
201400035832,0,1,0,0.0,2.0,1.0,1.0,B01
201400035833,0,3,0,13.0,0.0,1.0,0.0,A01
201400035834,1,99,0,0.0,2.0,1.0,2.0,A01
201400035834,0,2,0,0.0,2.0,8.0,2.0,B01
201400035835,2,7,0,0.0,1.0,3.0,16.0,A01
201400035836,0,7,0,0.0,1.0,3.0,15.0,A01
201400035837,0,30,0,0.0,1.0,1.0,0.0,A01
201400035838,0,7,0,6.0,0.0,1.0,13.0,A01
201400035839,0,7,0,2.0,0.0,1.0,0.0,A01
201400035840,0,7,0,0.0,1.0,3.0,1.0,A01
201400035841,0,31,0,0.0,2.0,1.0,0.0,B01
201400035841,0,7,0,0.0,0.0,3.0,10.0,A01
201400035842,0,7,0,0.0,2.0,3.0,1.0,B01
201400035842,0,37,1,0.0,2.0,3.0,15.0,A01
201400035843,0,7,0,0.0,1.0,2.0,2.0,A01
201400035844,0,7,0,0.0,0.0,0.0,0.0,A01
201400035844,0,7,0,0.0,0.0,0.0,0.0,B01
201400035845,0,3,0,0.0,0.0,1.0,0.0,A01
201400035846,0,30,0,0.0,2.0,8.0,9.0,A01
201400035846,0,15,0,0.0,2.0,5.0,1.0,B01
201400035847,0,7,0,0.0,2.0,1.0,0.0,B01
201400035847,0,7,0,0.0,0.0,5.0,0.0,A01
201400035848,0,37,6,0.0,1.0,1.0,1.0,A01
201400035849,0,33,0,0.0,1.0,1.0,1.0,A01
201400035850,0,7,0,0.0,0.0,4.0,2.0,C01
201400035850,0,7,0,0.0,2.0,1.0,2.0,A01
201400035850,0,7,0,0.0,2.0,4.0,2.0,B01
201400035851,0,7,0,0.0,2.0,1.0,0.0,B01
201400035851,0,7,0,0.0,2.0,1.0,5.0,A01
201400035852,0,7,0,1.0,1.0,4.0,4.0,A01
201400035853,0,7,0,0.0,2.0,3.0,10.0,B01
201400035853,0,2,0,0.0,2.0,1.0,17.0,A01
201400035854,0,32,0,0.0,2.0,1.0,1.0,A01
201400035854,0,99,0,0.0,2.0,4.0,1.0,B01
201400035855,0,7,0,9.0,0.0,2.0,1.0,A01
201400035856,0,7,0,0.0,2.0,4.0,2.0,B01
201400035856,0,14,0,0.0,2.0,1.0,2.0,A01
201400035856,0,7,0,0.0,2.0,4.0,2.0,C01
201400035857,0,7,0,0.0,0.0,3.0,1.0,A01
201400035857,0,7,0,0.0,0.0,1.0,20.0,B01
201400035858,0,7,0,0.0,2.0,3.0,11.0,A01
201400035858,0,7,0,0.0,2.0,2.0,1.0,B01
201400035859,0,15,0,0.0,2.0,3.0,1.0,A01
201400035859,0,33,0,0.0,0.0,6.0,3.0,B01
201400035860,0,30,0,0.0,0.0,1.0,0.0,A01
201400035860,0,7,0,0.0,0.0,0.0,0.0,B01
201400035861,0,7,0,0.0,1.0,2.0,0.0,A01
201400035862,0,7,0,0.0,2.0,6.0,2.0,B01
201400035862,0,7,0,8.0,2.0,1.0,17.0,A01
201400035863,0,7,0,0.0,0.0,1.0,5.0,A01
201400035863,0,7,0,0.0,0.0,1.0,1.0,B01
201400035864,0,7,0,0.0,2.0,8.0,4.0,A01
201400035864,0,33,0,0.0,2.0,1.0,1.0,B01
201400035865,0,7,0,0.0,0.0,4.0,2.0,B01
201400035865,0,2,0,0.0,0.0,1.0,2.0,A01
201400035866,0,7,0,0.0,2.0,8.0,1.0,B01
201400035866,0,36,0,0.0,2.0,2.0,1.0,A01
201400035867,1,99,0,0.0,1.0,0.0,0.0,A01
201400035868,0,7,0,8.0,0.0,1.0,0.0,A01
201400035869,0,32,0,0.0,0.0,4.0,0.0,C01
201400035869,0,33,0,0.0,0.0,4.0,0.0,B01
201400035869,1,7,0,0.0,2.0,1.0,0.0,A01
201400035870,0,7,0,0.0,1.0,1.0,2.0,A01
201400035871,0,7,0,0.0,1.0,1.0,2.0,A01
201400035871,0,7,0,0.0,2.0,2.0,2.0,B01
201400035872,0,7,0,0.0,1.0,1.0,0.0,A01
201400035873,0,10,0,0.0,2.0,3.0,9.0,A01
201400035873,0,7,0,0.0,2.0,7.0,2.0,B01
201400035874,0,7,0,1.0,2.0,1.0,2.0,A01
201400035875,0,7,0,6.0,0.0,1.0,0.0,A01
201400035876,0,7,0,0.0,1.0,2.0,1.0,A01
201400035877,0,1,0,0.0,2.0,1.0,1.0,B01
201400035877,0,7,0,0.0,0.0,1.0,15.0,A01
201400035878,0,7,0,0.0,1.0,3.0,1.0,A01
201400035879,0,7,0,0.0,0.0,4.0,0.0,A01
201400035879,0,7,0,0.0,0.0,4.0,0.0,B01
201400035880,0,7,0,0.0,0.0,1.0,0.0,A01
201400035880,0,10,0,0.0,0.0,5.0,15.0,B01
201400035881,0,7,0,0.0,1.0,1.0,0.0,A01
201400035882,0,7,0,0.0,0.0,3.0,1.0,B01
201400035882,0,7,0,0.0,0.0,3.0,1.0,A01
201400035883,0,7,0,14.0,0.0,1.0,0.0,A01
201400035884,0,7,0,0.0,2.0,3.0,9.0,A01
201400035884,0,33,0,0.0,2.0,1.0,1.0,B01
201400035885,0,33,0,0.0,2.0,1.0,1.0,A01
201400035885,0,13,0,0.0,2.0,3.0,1.0,B01
201400035886,0,10,0,0.0,2.0,7.0,15.0,A01
201400035886,0,34,0,0.0,2.0,1.0,1.0,B01
201400035887,0,2,0,0.0,0.0,4.0,2.0,B01
201400035887,0,7,0,0.0,0.0,1.0,9.0,A01
201400035888,0,7,0,0.0,0.0,4.0,2.0,B01
201400035888,0,7,0,0.0,0.0,1.0,2.0,A01
201400035889,0,30,0,0.0,0.0,0.0,0.0,A01
201400035890,0,7,0,0.0,1.0,3.0,1.0,A01
201400035891,0,33,0,0.0,2.0,8.0,0.0,A01
201400035891,0,7,0,0.0,2.0,8.0,0.0,B01
201400035892,0,7,0,0.0,2.0,2.0,1.0,A01
201400035892,0,7,0,0.0,2.0,3.0,1.0,B01
201400035892,0,7,0,0.0,2.0,1.0,1.0,C01
201400035893,0,7,0,0.0,1.0,1.0,15.0,A01
201400035894,0,7,0,0.0,2.0,4.0,2.0,A01
201400035894,0,33,0,0.0,2.0,4.0,2.0,B01
201400035895,0,2,0,0.0,0.0,8.0,2.0,A01
201400035896,0,7,0,0.0,1.0,7.0,17.0,A01
201400035897,0,33,0,0.0,0.0,0.0,0.0,A01
201400035898,0,1,0,0.0,2.0,1.0,5.0,A01
201400035898,0,7,0,0.0,2.0,1.0,2.0,B01
201400035899,0,7,0,0.0,2.0,1.0,1.0,A01
201400035899,0,7,0,0.0,2.0,1.0,1.0,B01
201400035900,0,7,0,0.0,1.0,2.0,2.0,A01
201400035901,0,33,0,0.0,2.0,7.0,0.0,C01
201400035901,0,7,0,0.0,2.0,1.0,2.0,B01
201400035901,0,7,0,0.0,2.0,1.0,14.0,A01
201400035902,0,7,0,0.0,2.0,3.0,1.0,A01
201400035902,0,7,0,0.0,2.0,6.0,11.0,B01
201400035902,0,7,0,0.0,0.0,0.0,0.0,C01
201400035903,0,7,0,0.0,2.0,2.0,1.0,B01
201400035903,0,7,0,0.0,2.0,3.0,13.0,A01
201400035904,0,32,0,0.0,9.0,1.0,2.0,A01
201400035904,0,34,0,0.0,0.0,4.0,2.0,B01
201400035905,0,1,0,0.0,0.0,4.0,3.0,B01
201400035905,0,7,0,0.0,9.0,1.0,9.0,A01
201400035906,0,7,0,0.0,1.0,1.0,16.0,A01
201400035907,0,7,0,0.0,1.0,8.0,0.0,A01
201400035908,0,7,0,0.0,1.0,1.0,0.0,A01
201400035909,0,7,0,0.0,1.0,2.0,1.0,A01
201400035910,1,7,0,0.0,0.0,4.0,9.0,A01
201400035910,0,7,0,0.0,2.0,1.0,2.0,B01
201400035911,0,7,0,0.0,2.0,4.0,2.0,B01
201400035911,0,7,0,0.0,2.0,1.0,2.0,A01
201400035912,0,33,0,14.0,0.0,1.0,1.0,A01
201400035913,0,7,0,0.0,1.0,1.0,15.0,A01
201400035914,0,7,0,0.0,2.0,1.0,2.0,A01
201400035914,0,1,0,0.0,0.0,4.0,2.0,B01
201400035915,0,7,0,0.0,0.0,9.0,2.0,A01
201400035916,0,10,0,0.0,2.0,2.0,15.0,A01
201400035916,0,33,0,0.0,2.0,1.0,21.0,B01
201400035917,2,7,0,0.0,0.0,9.0,1.0,A01
201400035918,0,7,0,0.0,2.0,3.0,13.0,A01
201400035918,0,33,0,0.0,2.0,1.0,1.0,B01
201400035919,0,7,0,0.0,2.0,1.0,13.0,A01
201400035919,0,37,6,0.0,2.0,1.0,1.0,B01
201400035920,0,7,0,0.0,0.0,2.0,17.0,B01
201400035920,0,7,0,0.0,2.0,8.0,17.0,A01
201400035921,0,7,0,1.0,0.0,0.0,0.0,A01
201400035922,0,7,0,0.0,1.0,1.0,1.0,A01
201400035923,0,7,0,0.0,2.0,3.0,15.0,A01
201400035923,0,32,0,0.0,2.0,1.0,1.0,B01
201400035924,0,7,0,0.0,2.0,4.0,15.0,A01
201400035924,0,2,0,0.0,2.0,1.0,2.0,B01
201400035925,0,7,0,2.0,0.0,1.0,0.0,A01
201400035926,0,33,0,0.0,2.0,9.0,1.0,B01
201400035926,0,7,0,0.0,2.0,3.0,13.0,A01
201400035927,0,7,0,0.0,1.0,1.0,2.0,A01
201400035928,0,7,0,0.0,0.0,4.0,2.0,C01
201400035928,0,7,0,0.0,2.0,4.0,2.0,B01
201400035928,0,7,0,0.0,2.0,1.0,2.0,A01
201400035929,0,7,0,0.0,2.0,1.0,2.0,A01
201400035929,0,7,0,0.0,0.0,4.0,2.0,B01
201400035930,0,37,1,0.0,0.0,1.0,5.0,B01
201400035930,0,7,0,0.0,0.0,1.0,5.0,A01
201400035931,1,7,0,0.0,2.0,1.0,17.0,A01
201400035931,0,30,0,0.0,2.0,4.0,15.0,B01
201400035932,0,38,1,0.0,2.0,3.0,2.0,B01
201400035932,0,37,1,15.0,2.0,1.0,1.0,A01
201400035933,0,1,0,0.0,2.0,8.0,1.0,B01
201400035933,0,7,0,0.0,2.0,1.0,19.0,A01
201400035934,0,7,0,0.0,1.0,1.0,0.0,A01
201400035935,0,7,0,0.0,1.0,1.0,1.0,A01
201400035936,0,7,0,0.0,2.0,2.0,19.0,A01
201400035936,0,2,0,0.0,2.0,2.0,1.0,B01
201400035937,0,7,0,0.0,1.0,1.0,15.0,A01
201400035938,0,7,0,0.0,1.0,2.0,2.0,A01
201400035939,0,7,0,0.0,2.0,7.0,0.0,A01
201400035939,0,7,0,0.0,2.0,1.0,0.0,B01
201400035939,0,7,0,0.0,2.0,1.0,1.0,C01
201400035940,0,7,0,0.0,0.0,0.0,0.0,A01
201400035941,0,32,0,0.0,2.0,1.0,1.0,B01
201400035941,0,7,0,0.0,2.0,8.0,15.0,A01
201400035942,0,33,0,0.0,2.0,1.0,13.0,A01
201400035942,0,7,0,0.0,2.0,1.0,1.0,B01
201400035943,0,2,0,0.0,2.0,4.0,9.0,A01
201400035943,0,7,0,0.0,2.0,1.0,2.0,B01
201400035944,0,7,0,0.0,2.0,1.0,1.0,B01
201400035944,2,7,0,0.0,2.0,1.0,9.0,A01
201400035945,0,33,0,14.0,0.0,1.0,1.0,A01
201400035946,1,99,0,0.0,1.0,2.0,0.0,A01
201400035947,0,7,0,0.0,0.0,8.0,13.0,A01
201400035948,1,7,0,0.0,2.0,1.0,2.0,A01
201400035948,0,7,0,0.0,0.0,5.0,2.0,B01
201400035949,1,1,0,0.0,0.0,1.0,1.0,A01
201400035950,0,7,0,0.0,2.0,5.0,2.0,B01
201400035950,2,7,0,0.0,2.0,1.0,1.0,A01
201400035951,0,99,0,0.0,0.0,0.0,5.0,C01
201400035951,0,7,0,0.0,2.0,4.0,2.0,B01
201400035951,0,7,0,0.0,2.0,1.0,2.0,A01
201400035952,0,7,0,0.0,2.0,1.0,2.0,B01
201400035952,0,7,0,0.0,2.0,1.0,1.0,A01
201400035953,0,7,0,0.0,1.0,4.0,4.0,A01
201400035954,0,1,0,0.0,0.0,0.0,0.0,A01
201400035955,0,2,0,0.0,2.0,1.0,2.0,A01
201400035955,0,7,0,0.0,2.0,4.0,2.0,B01
201400035956,1,33,0,15.0,0.0,1.0,1.0,A01
201400035957,0,15,0,0.0,2.0,8.0,1.0,A01
201400035957,0,37,25,0.0,2.0,1.0,2.0,B01
201400035958,0,7,0,0.0,1.0,7.0,1.0,A01