Num_Acc,senc,catv,occutc,obs,obsm,choc,manv,num_veh
201400035959,0,34,0,12.0,0.0,8.0,9.0,A01
201400035960,0,34,0,0.0,2.0,1.0,1.0,B01
201400035960,0,7,0,0.0,2.0,2.0,15.0,A01
201400035961,0,7,0,0.0,0.0,4.0,2.0,C01
201400035961,0,7,0,0.0,2.0,3.0,2.0,A01
201400035961,0,7,0,0.0,2.0,4.0,2.0,B01
201400035962,0,7,0,0.0,0.0,4.0,2.0,B01
201400035962,0,7,0,0.0,2.0,1.0,2.0,A01
201400035963,2,30,0,0.0,1.0,0.0,19.0,A01
201400035964,0,7,0,0.0,2.0,1.0,9.0,B01
201400035964,0,7,0,0.0,2.0,5.0,2.0,A01
201400035965,0,33,0,12.0,0.0,1.0,1.0,A01
201400035966,0,7,0,0.0,2.0,1.0,15.0,A01
201400035966,0,7,0,0.0,2.0,1.0,2.0,B01
201400035967,0,2,0,0.0,2.0,1.0,1.0,B01
201400035967,0,7,0,0.0,2.0,3.0,1.0,A01
201400035968,0,33,0,0.0,2.0,1.0,1.0,B01
201400035968,0,7,0,0.0,2.0,3.0,0.0,C01
201400035968,0,7,0,0.0,2.0,2.0,15.0,A01
201400035969,0,7,0,0.0,1.0,2.0,17.0,A01
201400035970,0,7,0,0.0,0.0,1.0,0.0,A01
201400035971,0,30,0,0.0,0.0,3.0,16.0,A01
201400035972,0,31,0,0.0,2.0,1.0,1.0,B01
201400035972,0,7,0,0.0,2.0,3.0,1.0,A01
201400035973,1,7,0,0.0,0.0,0.0,12.0,A01
201400035973,0,33,0,0.0,0.0,8.0,1.0,B01
201400035974,0,7,0,0.0,1.0,1.0,2.0,A01
201400035975,0,7,0,2.0,0.0,1.0,2.0,A01
201400035976,0,10,0,0.0,1.0,2.0,0.0,A01
201400035977,0,7,0,6.0,0.0,1.0,1.0,A01
201400035978,0,7,0,0.0,1.0,1.0,1.0,A01
201400035979,0,7,0,4.0,0.0,1.0,2.0,A01
201400035980,0,7,0,0.0,2.0,2.0,10.0,B01
201400035980,0,33,0,0.0,2.0,8.0,1.0,A01
201400035981,0,7,0,10.0,0.0,1.0,17.0,A01
201400035982,0,7,0,0.0,2.0,3.0,13.0,A01
201400035982,0,7,0,0.0,2.0,2.0,1.0,B01
201400035983,0,7,0,0.0,0.0,2.0,1.0,A01
201400035983,0,1,0,0.0,2.0,8.0,9.0,B01
201400035984,0,10,0,0.0,2.0,2.0,1.0,B01
201400035984,0,10,0,0.0,0.0,3.0,19.0,A01
201400035985,0,17,0,0.0,0.0,7.0,15.0,A01
201400035986,0,1,0,0.0,9.0,1.0,17.0,A01
201400035986,0,1,0,0.0,9.0,4.0,0.0,B01
201400035987,0,7,0,0.0,2.0,2.0,17.0,A01
201400035987,0,33,0,0.0,2.0,1.0,1.0,B01
201400035988,0,7,0,0.0,1.0,2.0,16.0,A01
201400035989,0,33,0,0.0,2.0,1.0,1.0,B01
201400035989,0,7,0,0.0,2.0,8.0,15.0,A01
201400035990,0,7,0,0.0,2.0,3.0,0.0,B01
201400035990,0,15,0,0.0,2.0,8.0,0.0,A01
201400035991,0,7,0,0.0,1.0,2.0,1.0,A01
201400035992,0,7,0,0.0,1.0,1.0,2.0,A01
201400035993,0,7,0,0.0,1.0,3.0,0.0,A01
201400035994,0,7,0,0.0,1.0,3.0,1.0,A01
201400035995,0,7,0,0.0,1.0,1.0,16.0,A01
201400035996,0,33,0,0.0,2.0,1.0,1.0,B01
201400035996,0,10,0,0.0,2.0,3.0,11.0,A01
201400035997,0,7,0,0.0,1.0,1.0,9.0,A01
201400035998,0,7,0,0.0,1.0,3.0,1.0,A01
201400035999,0,7,0,0.0,2.0,3.0,1.0,A01
201400035999,0,2,0,0.0,2.0,3.0,1.0,B01
201400036000,0,31,0,0.0,1.0,1.0,1.0,A01
201400036001,0,7,0,0.0,1.0,3.0,0.0,A01
201400036002,0,7,0,0.0,1.0,3.0,15.0,A01
201400036003,0,38,1,0.0,2.0,2.0,1.0,B01
201400036003,0,2,0,0.0,0.0,7.0,1.0,A01
201400036004,0,7,0,0.0,2.0,1.0,2.0,B01
201400036004,0,7,0,0.0,2.0,7.0,2.0,A01
201400036005,0,30,0,1.0,2.0,8.0,16.0,B01
201400036005,0,7,0,1.0,2.0,2.0,16.0,A01
201400036006,0,7,0,0.0,1.0,1.0,0.0,A01
201400036007,0,7,0,0.0,1.0,1.0,1.0,A01
201400036008,0,7,0,1.0,0.0,9.0,2.0,A01
201400036009,0,7,0,1.0,1.0,1.0,2.0,A01
201400036010,0,7,0,0.0,1.0,2.0,2.0,A01
201400036011,0,7,0,0.0,1.0,2.0,1.0,A01
201400036012,0,13,0,0.0,1.0,4.0,4.0,A01
201400036013,0,15,0,0.0,9.0,1.0,2.0,A01
201400036013,0,1,0,0.0,2.0,4.0,2.0,B01
201400036014,0,33,0,0.0,2.0,1.0,2.0,B01
201400036014,0,7,0,0.0,2.0,2.0,11.0,A01
201400036015,0,7,0,0.0,1.0,1.0,1.0,A01
201400036016,0,7,0,0.0,2.0,6.0,10.0,A01
201400036016,0,2,0,0.0,2.0,1.0,2.0,B01
201400036017,0,7,0,0.0,2.0,1.0,12.0,A01
201400036017,0,7,0,8.0,2.0,9.0,13.0,B01
201400036018,0,7,0,0.0,2.0,3.0,13.0,A01
201400036018,0,7,0,0.0,2.0,3.0,1.0,B01
201400036019,0,7,0,0.0,2.0,3.0,0.0,D01
201400036019,0,7,0,0.0,2.0,6.0,0.0,B01
201400036019,0,7,0,0.0,2.0,1.0,0.0,C01
201400036019,0,7,0,1.0,1.0,2.0,11.0,A01
201400036020,0,7,0,7.0,1.0,2.0,16.0,A01
201400036021,0,7,0,0.0,1.0,7.0,2.0,A01
201400036022,0,7,0,0.0,1.0,3.0,0.0,A01
201400036023,0,7,0,0.0,2.0,4.0,2.0,B01
201400036023,0,7,0,0.0,2.0,4.0,23.0,A01
201400036024,0,7,0,14.0,0.0,1.0,2.0,A01
201400036024,0,7,0,0.0,0.0,4.0,23.0,B01
201400036025,0,2,0,0.0,2.0,1.0,18.0,A01
201400036025,0,7,0,0.0,2.0,2.0,22.0,B01
201400036026,0,7,0,0.0,1.0,0.0,22.0,A01
201400036027,0,7,0,0.0,2.0,1.0,16.0,A01
201400036027,0,7,0,0.0,2.0,2.0,1.0,B01
201400036028,0,7,0,0.0,2.0,3.0,1.0,B01
201400036028,0,7,0,0.0,2.0,0.0,13.0,A01
201400036029,0,3,0,0.0,1.0,1.0,15.0,A01
201400036030,0,10,0,0.0,1.0,2.0,1.0,A01
201400036031,1,31,0,0.0,1.0,1.0,1.0,Z01
201400036032,0,7,0,0.0,2.0,8.0,15.0,A01
201400036032,0,2,0,0.0,2.0,1.0,20.0,B01
201400036033,0,7,0,0.0,2.0,7.0,0.0,B01
201400036033,1,99,0,0.0,2.0,2.0,0.0,A01
201400036034,0,7,0,6.0,0.0,3.0,1.0,A01
201400036035,0,7,0,0.0,2.0,1.0,0.0,A01
201400036035,0,7,0,0.0,2.0,3.0,1.0,B01
201400036036,0,7,0,0.0,2.0,1.0,15.0,B01
201400036036,0,30,0,0.0,2.0,1.0,17.0,A01
201400036037,0,7,0,0.0,1.0,3.0,15.0,A01
201400036038,0,10,0,0.0,1.0,1.0,1.0,A01
201400036039,0,7,0,0.0,2.0,8.0,9.0,A01
201400036039,0,31,0,0.0,2.0,8.0,1.0,B01
201400036040,0,7,0,0.0,2.0,7.0,15.0,B01
201400036040,0,7,0,0.0,2.0,2.0,1.0,A01
201400036041,0,33,0,0.0,2.0,1.0,13.0,A01
201400036041,0,7,0,0.0,2.0,1.0,1.0,B01
201400036042,0,7,0,0.0,1.0,1.0,15.0,A01
201400036043,0,33,0,0.0,1.0,1.0,1.0,A01
201400036044,0,10,0,0.0,1.0,2.0,0.0,A01
201400036045,0,7,0,0.0,1.0,2.0,2.0,A01
201400036046,0,7,0,14.0,0.0,1.0,1.0,A01
201400036047,0,1,0,0.0,2.0,8.0,13.0,B01
201400036047,0,7,0,0.0,2.0,7.0,2.0,A01
201400036048,0,33,0,0.0,2.0,5.0,3.0,A01
201400036048,0,7,0,0.0,2.0,5.0,1.0,B01
201400036049,0,33,0,0.0,2.0,5.0,12.0,A01
201400036049,0,7,0,0.0,2.0,5.0,1.0,B01
201400036050,0,7,0,15.0,1.0,1.0,1.0,A01
201400036051,0,7,0,0.0,2.0,1.0,2.0,A01
201400036051,0,7,0,0.0,2.0,4.0,2.0,B01
201400036051,0,7,0,0.0,2.0,4.0,2.0,C01
201400036052,0,7,0,7.0,0.0,1.0,0.0,A01
201400036053,0,33,0,0.0,2.0,1.0,1.0,A01
201400036053,0,7,0,0.0,2.0,8.0,1.0,B01
201400036054,0,33,0,0.0,2.0,1.0,3.0,A01
201400036054,0,7,0,0.0,2.0,4.0,2.0,B01
201400036054,0,7,0,0.0,2.0,8.0,2.0,C01
201400036055,0,10,0,0.0,2.0,2.0,9.0,A01
201400036055,0,14,0,0.0,2.0,6.0,9.0,B01
201400036056,0,7,0,0.0,1.0,2.0,1.0,A01
201400036057,0,7,0,0.0,2.0,4.0,2.0,B01
201400036057,0,33,0,0.0,2.0,4.0,2.0,A01
201400036058,0,33,0,0.0,2.0,4.0,3.0,A01
201400036058,0,7,0,0.0,2.0,4.0,1.0,B01
201400036059,0,33,0,12.0,0.0,1.0,1.0,A01
201400036060,0,33,0,12.0,0.0,1.0,1.0,A01
201400036061,0,7,0,0.0,1.0,1.0,1.0,A01
201400036062,0,33,0,0.0,2.0,1.0,1.0,A01
201400036062,0,7,0,0.0,2.0,6.0,16.0,B01
201400036063,0,14,0,0.0,2.0,1.0,2.0,A01
201400036063,0,15,0,0.0,2.0,4.0,2.0,B01
201400036064,0,7,0,0.0,2.0,5.0,0.0,A01
201400036064,0,33,0,0.0,2.0,1.0,0.0,B01
201400036065,0,33,0,0.0,2.0,1.0,1.0,B01
201400036065,0,7,0,0.0,2.0,7.0,15.0,A01
201400036066,0,7,0,0.0,2.0,6.0,15.0,A01
201400036066,0,2,0,0.0,2.0,1.0,2.0,B01
201400036067,0,7,0,0.0,1.0,1.0,1.0,A01
201400036068,0,7,0,0.0,1.0,1.0,1.0,A01
201400036069,0,7,0,0.0,2.0,2.0,1.0,A01
201400036069,0,7,0,0.0,2.0,3.0,20.0,B01
201400036070,0,7,0,0.0,2.0,7.0,1.0,B01
201400036070,0,1,0,0.0,2.0,2.0,5.0,A01
201400036071,0,33,0,0.0,2.0,8.0,2.0,B01
201400036071,0,7,0,0.0,9.0,5.0,1.0,A01
201400036072,0,7,0,0.0,1.0,2.0,16.0,A01
201400036073,0,7,0,0.0,1.0,2.0,19.0,A01
201400036074,0,33,0,0.0,2.0,2.0,17.0,A01
201400036074,0,7,0,0.0,2.0,3.0,15.0,B01
201400036075,0,7,0,0.0,1.0,5.0,16.0,A01
201400036076,0,37,1,1.0,2.0,3.0,1.0,B01
201400036076,0,7,0,0.0,2.0,1.0,15.0,A01
201400036077,0,7,0,0.0,1.0,2.0,16.0,A01
201400036078,0,1,0,0.0,2.0,8.0,1.0,B01
201400036078,0,7,0,0.0,9.0,2.0,17.0,A01
201400036079,0,32,0,0.0,2.0,1.0,1.0,A01
201400036079,0,7,0,0.0,2.0,7.0,1.0,B01
201400036080,0,7,0,0.0,1.0,2.0,1.0,A01
201400036081,0,7,0,15.0,0.0,1.0,1.0,A01
201400036082,0,33,0,8.0,2.0,7.0,1.0,A01
201400036082,0,7,0,4.0,2.0,3.0,9.0,Z01
201400036083,0,7,0,0.0,2.0,1.0,1.0,A01
201400036083,0,7,0,0.0,2.0,4.0,23.0,D01
201400036083,0,7,0,0.0,2.0,4.0,23.0,E01
201400036083,0,7,0,0.0,2.0,4.0,23.0,B01
201400036083,0,7,0,0.0,2.0,4.0,23.0,C01
201400036084,0,7,0,0.0,2.0,7.0,15.0,A01
201400036084,0,7,0,0.0,2.0,1.0,1.0,B01
201400036085,0,31,0,0.0,2.0,5.0,3.0,B01
201400036085,0,7,0,0.0,2.0,2.0,9.0,A01
201400036086,0,33,0,0.0,2.0,1.0,0.0,A01
201400036086,0,7,0,0.0,2.0,1.0,11.0,B01
201400036087,0,37,0,0.0,1.0,2.0,7.0,A01
201400036088,0,7,0,0.0,1.0,4.0,2.0,B01
201400036088,0,7,0,0.0,2.0,1.0,2.0,A01
201400036089,0,7,0,8.0,2.0,2.0,1.0,A01
201400036089,0,7,0,0.0,2.0,1.0,1.0,B01
201400036090,0,30,0,0.0,2.0,1.0,9.0,A01
201400036090,0,1,0,0.0,0.0,1.0,19.0,B01
201400036091,0,10,0,0.0,1.0,1.0,1.0,A01
201400036092,0,33,0,0.0,2.0,1.0,1.0,B01
201400036092,0,7,0,0.0,2.0,2.0,10.0,A01
201400036093,0,33,0,1.0,0.0,1.0,1.0,B01
201400036093,0,7,0,0.0,2.0,3.0,1.0,A01
201400036094,0,7,0,0.0,1.0,3.0,0.0,A01
201400036095,0,7,0,0.0,1.0,1.0,15.0,A01
201400036096,0,7,0,0.0,1.0,1.0,15.0,A01
201400036097,0,1,0,0.0,2.0,7.0,17.0,B01
201400036097,0,7,0,0.0,2.0,3.0,15.0,A01
201400036098,0,30,0,0.0,1.0,1.0,0.0,A01
201400036099,0,7,0,0.0,1.0,3.0,15.0,A01
201400036100,0,7,0,0.0,2.0,3.0,9.0,A01
201400036100,0,33,0,0.0,2.0,1.0,1.0,B01
201400036101,0,7,0,0.0,2.0,4.0,2.0,B01
201400036101,0,7,0,0.0,2.0,1.0,2.0,C01
201400036101,0,7,0,0.0,2.0,2.0,9.0,A01
201400036102,0,7,0,0.0,1.0,1.0,0.0,A01
201400036103,0,7,0,0.0,1.0,3.0,10.0,A01
201400036104,0,2,0,0.0,2.0,6.0,15.0,B01
201400036104,0,7,0,0.0,2.0,1.0,1.0,A01
201400036105,0,7,0,0.0,2.0,5.0,12.0,A01
201400036105,0,1,0,0.0,2.0,1.0,1.0,B01
201400036106,0,7,0,0.0,2.0,5.0,1.0,B01
201400036106,0,1,0,0.0,2.0,1.0,1.0,A01
201400036107,0,2,0,0.0,2.0,1.0,3.0,B01
201400036107,0,10,0,0.0,2.0,7.0,22.0,A01
201400036107,0,7,0,0.0,2.0,6.0,1.0,C01
201400036108,0,7,0,0.0,2.0,2.0,9.0,A01
201400036108,0,33,0,0.0,2.0,1.0,2.0,B01
201400036109,0,7,0,0.0,2.0,1.0,9.0,A01
201400036109,0,30,0,0.0,2.0,3.0,1.0,B01
201400036110,0,7,0,1.0,1.0,1.0,0.0,A01
201400036111,0,1,0,0.0,2.0,1.0,1.0,B01
201400036111,0,7,0,0.0,2.0,2.0,15.0,A01
201400036112,0,33,0,0.0,2.0,1.0,21.0,A01
201400036112,0,7,0,0.0,2.0,6.0,11.0,B01
201400036113,0,33,0,0.0,1.0,1.0,0.0,A01
201400036114,0,10,0,0.0,1.0,1.0,1.0,A01
201400036115,0,33,0,0.0,2.0,1.0,2.0,A01
201400036115,0,7,0,0.0,2.0,4.0,9.0,B01
201400036116,1,30,0,0.0,1.0,1.0,1.0,Z01
201400036117,0,30,0,0.0,2.0,1.0,1.0,A01
201400036117,0,7,0,0.0,2.0,3.0,1.0,B01
201400036117,0,7,0,0.0,2.0,1.0,1.0,C01
201400036118,0,7,0,0.0,2.0,0.0,24.0,A01
201400036118,0,1,0,1.0,0.0,0.0,21.0,B01
201400036119,0,7,0,0.0,2.0,7.0,15.0,A01
201400036119,0,31,0,0.0,2.0,2.0,1.0,B01
201400036120,0,7,0,0.0,2.0,1.0,15.0,A01
201400036120,0,31,0,0.0,2.0,1.0,1.0,B01
201400036121,0,7,0,0.0,1.0,1.0,0.0,A01
201400036122,0,34,0,14.0,0.0,1.0,0.0,A01
201400036123,0,37,1,0.0,9.0,8.0,11.0,A01
201400036123,0,1,0,0.0,2.0,2.0,13.0,B01
201400036124,0,33,0,0.0,0.0,8.0,2.0,B01
201400036124,0,7,0,0.0,0.0,2.0,2.0,A01
201400036125,0,2,0,0.0,0.0,2.0,0.0,A01
201400036125,0,7,0,0.0,0.0,3.0,0.0,B01
201400036126,0,7,0,0.0,9.0,7.0,9.0,A01
201400036126,0,30,0,0.0,0.0,1.0,21.0,B01
201400036127,1,7,0,0.0,0.0,5.0,12.0,Z01
201400036127,0,1,0,0.0,0.0,3.0,1.0,B01
201400036128,0,33,0,0.0,1.0,1.0,2.0,A01
201400036129,0,7,0,1.0,0.0,3.0,2.0,A01
201400036130,0,7,0,1.0,9.0,1.0,0.0,A01
201400036130,0,1,0,1.0,2.0,1.0,0.0,B01
201400036131,0,10,0,0.0,1.0,2.0,16.0,A01
201400036132,0,2,0,0.0,2.0,8.0,0.0,B01
201400036132,0,7,0,0.0,2.0,5.0,17.0,A01
201400036133,0,7,0,0.0,1.0,3.0,0.0,A01
201400036134,0,7,0,0.0,1.0,1.0,9.0,A01
201400036135,0,37,6,1.0,1.0,8.0,2.0,A01
201400036136,0,7,0,0.0,2.0,1.0,0.0,A01
201400036136,0,7,0,0.0,2.0,8.0,0.0,B01
201400036137,0,30,0,0.0,2.0,1.0,1.0,A01
201400036137,0,37,1,0.0,2.0,3.0,15.0,B01
201400036138,0,7,0,0.0,1.0,0.0,0.0,A01
201400036139,0,7,0,0.0,1.0,3.0,15.0,A01
201400036140,0,10,0,0.0,1.0,5.0,1.0,A01
201400036141,0,7,0,0.0,1.0,7.0,1.0,A01
201400036142,0,10,0,0.0,2.0,7.0,19.0,A01
201400036142,0,33,0,0.0,2.0,1.0,21.0,B01
201400036143,0,32,0,0.0,1.0,1.0,1.0,A01
201400036144,0,7,0,0.0,2.0,3.0,1.0,B01
201400036144,0,7,0,0.0,2.0,3.0,1.0,A01
201400036145,0,1,0,0.0,1.0,1.0,0.0,A01
201400036146,0,32,0,14.0,0.0,1.0,2.0,A01
201400036146,0,7,0,0.0,2.0,4.0,2.0,B01
201400036147,0,7,0,0.0,9.0,3.0,15.0,B01
201400036147,0,30,0,0.0,2.0,1.0,2.0,A01
201400036148,0,7,0,2.0,0.0,2.0,1.0,A01
201400036149,0,7,0,0.0,2.0,6.0,10.0,A01
201400036149,0,7,0,0.0,2.0,1.0,1.0,B01
201400036150,0,30,0,0.0,2.0,1.0,1.0,A01
201400036150,0,7,0,0.0,2.0,3.0,1.0,B01
201400036151,0,7,0,0.0,2.0,2.0,5.0,A01
201400036151,0,1,0,0.0,2.0,1.0,1.0,B01
201400036152,0,7,0,0.0,2.0,2.0,15.0,B01
201400036152,0,7,0,0.0,2.0,2.0,1.0,A01
201400036153,0,7,0,0.0,1.0,2.0,1.0,A01
201400036154,0,7,0,6.0,0.0,2.0,1.0,A01
201400036155,0,1,0,0.0,2.0,1.0,1.0,B01
201400036155,0,7,0,0.0,2.0,3.0,5.0,A01
201400036156,0,33,0,3.0,0.0,7.0,12.0,A01
201400036157,0,7,0,0.0,2.0,2.0,1.0,A01
201400036157,0,33,0,0.0,2.0,3.0,1.0,B01
201400036158,0,34,0,0.0,2.0,3.0,15.0,A01
201400036158,0,7,0,0.0,2.0,1.0,13.0,B01
201400036159,0,33,0,8.0,0.0,2.0,14.0,A01
201400036160,0,7,0,0.0,1.0,2.0,1.0,A01
201400036161,0,7,0,0.0,2.0,1.0,1.0,B01
201400036161,0,7,0,0.0,2.0,3.0,5.0,A01
201400036162,0,31,0,0.0,2.0,1.0,1.0,B01
201400036162,0,7,0,0.0,2.0,8.0,15.0,A01
201400036163,0,33,0,0.0,2.0,1.0,17.0,B01
201400036163,0,7,0,0.0,2.0,8.0,10.0,A01
201400036164,0,32,0,0.0,2.0,1.0,2.0,A01
201400036164,0,7,0,0.0,2.0,4.0,23.0,B01
201400036165,0,33,0,0.0,2.0,1.0,1.0,B01
201400036165,0,7,0,0.0,2.0,8.0,10.0,A01
201400036166,0,3,0,0.0,2.0,8.0,1.0,B01
201400036166,0,7,0,0.0,2.0,7.0,15.0,A01
201400036167,0,7,0,0.0,2.0,8.0,1.0,A01
201400036167,0,7,0,0.0,2.0,2.0,1.0,B01
201400036168,0,15,0,0.0,2.0,3.0,1.0,B01
201400036168,0,7,0,0.0,2.0,3.0,13.0,A01
201400036169,0,7,0,14.0,0.0,2.0,1.0,A01
201400036170,0,2,0,0.0,2.0,1.0,1.0,B01
201400036170,0,7,0,0.0,2.0,2.0,15.0,A01
201400036171,0,7,0,0.0,2.0,8.0,10.0,B01
201400036171,0,33,0,0.0,2.0,1.0,17.0,A01
201400036172,0,2,0,0.0,2.0,1.0,1.0,A01
201400036172,0,30,0,0.0,2.0,7.0,1.0,B01
201400036173,0,33,0,0.0,0.0,0.0,1.0,A01
201400036174,0,7,0,11.0,0.0,2.0,1.0,A01
201400036175,0,33,0,0.0,2.0,7.0,1.0,B01
201400036175,0,7,0,0.0,2.0,1.0,9.0,A01
201400036176,0,7,0,0.0,2.0,8.0,1.0,B01
201400036176,0,30,0,0.0,2.0,7.0,17.0,A01
201400036177,0,10,0,0.0,2.0,3.0,1.0,B01
201400036177,0,30,0,0.0,2.0,1.0,3.0,A01
201400036178,0,31,0,0.0,9.0,2.0,1.0,A01
201400036179,0,7,0,0.0,2.0,7.0,1.0,B01
201400036179,0,2,0,0.0,2.0,1.0,9.0,A01
201400036180,0,7,0,0.0,2.0,8.0,1.0,B01
201400036180,0,33,0,0.0,2.0,2.0,17.0,A01
201400036181,0,7,0,0.0,2.0,1.0,5.0,A01
201400036181,0,7,0,0.0,2.0,1.0,1.0,B01
201400036182,0,3,0,0.0,0.0,0.0,1.0,A01
201400036183,0,7,0,0.0,2.0,2.0,15.0,A01
201400036183,0,2,0,0.0,2.0,1.0,1.0,B01
201400036184,0,2,0,0.0,2.0,3.0,14.0,B01
201400036184,0,7,0,0.0,2.0,7.0,15.0,A01
201400036185,0,33,0,0.0,0.0,0.0,1.0,A01
201400036186,0,2,0,0.0,2.0,3.0,1.0,B01
201400036186,0,7,0,0.0,2.0,8.0,15.0,A01
201400036187,0,7,0,0.0,1.0,3.0,1.0,A01
201400036188,0,2,0,1.0,0.0,0.0,1.0,A01
201400036189,0,30,0,0.0,2.0,6.0,1.0,B01
201400036189,0,10,0,0.0,2.0,2.0,1.0,A01
201400036190,0,7,0,0.0,1.0,1.0,1.0,A01
201400036191,0,2,0,14.0,0.0,1.0,0.0,A01
201400036192,0,2,0,15.0,0.0,1.0,0.0,A01
201400036193,0,33,0,0.0,2.0,5.0,15.0,B01
201400036193,0,7,0,0.0,2.0,2.0,9.0,A01
201400036194,0,2,0,0.0,0.0,0.0,1.0,A01
201400036195,0,2,0,0.0,2.0,1.0,1.0,B01
201400036195,0,7,0,0.0,2.0,0.0,9.0,A01
201400036196,0,7,0,0.0,2.0,5.0,16.0,B01
201400036196,0,30,0,0.0,2.0,1.0,2.0,A01
201400036197,0,7,0,6.0,0.0,1.0,2.0,A01
201400036198,0,7,0,0.0,2.0,3.0,13.0,A01
201400036198,0,7,0,0.0,2.0,3.0,1.0,B01
201400036199,0,30,0,0.0,0.0,2.0,16.0,A01
201400036200,0,1,0,0.0,2.0,1.0,1.0,B01
201400036200,0,7,0,0.0,2.0,7.0,19.0,A01
201400036201,0,7,0,0.0,0.0,1.0,1.0,A01
201400036202,0,7,0,0.0,1.0,8.0,1.0,A01
201400036203,0,7,0,0.0,2.0,6.0,1.0,B01
201400036203,0,7,0,0.0,2.0,1.0,1.0,A01
201400036204,0,1,0,0.0,0.0,0.0,0.0,B01
201400036204,1,7,0,0.0,0.0,0.0,0.0,A01
201400036205,0,14,0,0.0,2.0,3.0,1.0,B01
201400036205,0,7,0,0.0,2.0,2.0,6.0,A01
201400036206,0,2,0,0.0,2.0,1.0,2.0,B01
201400036206,0,7,0,0.0,0.0,2.0,2.0,A01
201400036207,0,30,0,0.0,2.0,8.0,17.0,A01
201400036207,0,17,0,0.0,2.0,2.0,1.0,B01
201400036208,0,7,0,0.0,2.0,3.0,1.0,B01
201400036208,0,7,0,0.0,2.0,2.0,1.0,A01
201400036209,0,7,0,0.0,0.0,5.0,15.0,A01
201400036209,0,33,0,0.0,2.0,4.0,21.0,B01
201400036210,0,7,0,0.0,1.0,1.0,0.0,A01
201400036211,0,2,0,0.0,0.0,1.0,1.0,A01
201400036212,0,7,0,0.0,2.0,1.0,15.0,A01
201400036212,0,10,0,0.0,2.0,6.0,1.0,B01
201400036213,0,7,0,0.0,2.0,1.0,1.0,A01
201400036213,0,7,0,1.0,2.0,2.0,1.0,B01
201400036214,0,15,0,0.0,2.0,3.0,1.0,B01
201400036214,0,7,0,0.0,2.0,6.0,9.0,A01
201400036215,0,2,0,0.0,2.0,7.0,0.0,B01
201400036215,0,7,0,0.0,2.0,1.0,9.0,A01
201400036216,0,7,0,0.0,2.0,3.0,9.0,A01
201400036216,0,30,0,0.0,2.0,2.0,1.0,B01
201400036217,0,7,0,0.0,2.0,3.0,2.0,A01
201400036217,0,2,0,0.0,2.0,1.0,2.0,B01
201400036218,0,2,0,0.0,0.0,7.0,1.0,A01
201400036219,0,7,0,0.0,0.0,3.0,1.0,B01
201400036219,0,30,0,0.0,2.0,1.0,19.0,A01
201400036220,0,7,0,0.0,2.0,5.0,23.0,B01
201400036220,0,2,0,0.0,2.0,1.0,2.0,A01
201400036221,0,30,0,0.0,0.0,0.0,1.0,A01
201400036222,0,2,0,0.0,5.0,7.0,21.0,A01
201400036223,0,7,0,0.0,2.0,1.0,9.0,A01
201400036223,0,30,0,0.0,2.0,3.0,1.0,B01
201400036224,0,2,0,0.0,2.0,8.0,1.0,B01
201400036224,0,7,0,0.0,2.0,2.0,1.0,A01
201400036225,0,7,0,0.0,2.0,3.0,15.0,A01
201400036225,0,1,0,0.0,2.0,1.0,1.0,B01
201400036226,0,7,0,0.0,1.0,3.0,1.0,A01
201400036227,1,99,0,0.0,1.0,3.0,1.0,A01
201400036228,0,17,0,0.0,2.0,4.0,1.0,C01
201400036228,0,17,0,14.0,0.0,1.0,2.0,A01
201400036228,0,7,0,14.0,2.0,4.0,1.0,B01
201400036229,0,7,0,8.0,0.0,8.0,1.0,A01
201400036230,0,7,0,0.0,1.0,2.0,1.0,A01
201400036231,0,7,0,0.0,2.0,1.0,1.0,A01
201400036231,0,30,0,0.0,2.0,1.0,5.0,B01
201400036232,0,31,0,7.0,0.0,1.0,1.0,A01
201400036233,0,7,0,0.0,1.0,1.0,1.0,A01
201400036234,0,10,0,0.0,1.0,5.0,4.0,A01
201400036235,0,10,0,12.0,0.0,6.0,0.0,A01
201400036236,0,7,0,2.0,0.0,3.0,5.0,A01
201400036237,0,7,0,0.0,2.0,2.0,2.0,A01
201400036237,0,7,0,0.0,0.0,6.0,2.0,B01
201400036238,0,2,0,0.0,2.0,1.0,16.0,A01
201400036238,0,7,0,0.0,2.0,7.0,16.0,B01
201400036239,0,7,0,0.0,1.0,1.0,0.0,A01
201400036240,0,7,0,0.0,2.0,1.0,9.0,A01
201400036240,0,7,0,0.0,0.0,6.0,2.0,B01
201400036241,0,7,0,0.0,2.0,1.0,5.0,A01
201400036241,0,7,0,0.0,2.0,3.0,1.0,B01
201400036242,0,7,0,0.0,1.0,3.0,1.0,A01
201400036243,0,7,0,0.0,2.0,3.0,1.0,B01
201400036243,0,7,0,0.0,2.0,1.0,16.0,A01
201400036244,0,2,0,0.0,2.0,1.0,1.0,A01
201400036244,0,7,0,0.0,2.0,3.0,15.0,B01
201400036245,0,7,0,0.0,2.0,1.0,1.0,A01
201400036245,0,7,0,0.0,2.0,4.0,1.0,B01
201400036246,0,7,0,0.0,2.0,4.0,1.0,B01
201400036246,0,7,0,0.0,2.0,1.0,1.0,A01
201400036247,0,1,0,0.0,2.0,7.0,2.0,B01
201400036247,0,7,0,0.0,9.0,1.0,9.0,A01
201400036248,0,2,0,0.0,2.0,7.0,1.0,A01