Num_Acc,senc,catv,occutc,obs,obsm,choc,manv,num_veh
201400036516,0,7,0,0.0,2.0,1.0,5.0,B01
201400036517,0,7,0,0.0,2.0,3.0,5.0,A01
201400036517,0,7,0,0.0,2.0,7.0,2.0,B01
201400036517,0,7,0,0.0,2.0,1.0,2.0,C01
201400036518,0,7,0,0.0,0.0,4.0,15.0,A01
201400036518,0,7,0,0.0,2.0,1.0,2.0,B01
201400036519,0,7,0,1.0,0.0,1.0,1.0,A01
201400036519,0,13,0,0.0,0.0,6.0,23.0,B01
201400036520,0,7,0,0.0,2.0,6.0,15.0,A01
201400036520,0,33,0,0.0,2.0,2.0,1.0,B01
201400036521,0,7,0,0.0,2.0,1.0,9.0,A01
201400036521,0,2,0,0.0,2.0,1.0,9.0,B01
201400036522,0,31,0,0.0,2.0,8.0,0.0,A01
201400036522,0,7,0,0.0,2.0,8.0,15.0,B01
201400036523,0,7,0,0.0,0.0,5.0,2.0,A01
201400036523,0,99,0,0.0,2.0,2.0,2.0,B01
201400036524,0,7,0,2.0,0.0,1.0,16.0,A01
201400036525,0,33,0,0.0,2.0,1.0,5.0,A01
201400036525,0,7,0,0.0,2.0,3.0,2.0,B01
201400036526,0,7,0,6.0,0.0,1.0,1.0,A01
201400036527,0,30,0,0.0,2.0,1.0,2.0,A01
201400036527,0,7,0,0.0,0.0,4.0,2.0,B01
201400036528,0,10,0,0.0,0.0,5.0,16.0,A01
201400036528,0,2,0,0.0,2.0,5.0,2.0,B01
201400036529,0,7,0,13.0,0.0,1.0,1.0,A01
201400036530,0,1,0,0.0,2.0,7.0,1.0,B01
201400036530,0,7,0,0.0,2.0,1.0,16.0,A01
201400036531,0,7,0,2.0,0.0,1.0,14.0,A01
201400036532,0,1,0,0.0,2.0,4.0,1.0,B01
201400036532,0,7,0,0.0,2.0,4.0,9.0,A01
201400036533,0,10,0,0.0,2.0,8.0,1.0,A01
201400036533,0,34,0,0.0,2.0,7.0,17.0,B01
201400036534,0,7,0,0.0,1.0,3.0,1.0,A01
201400036535,0,7,0,0.0,1.0,3.0,1.0,A01
201400036536,0,7,0,13.0,0.0,9.0,13.0,A01
201400036537,0,7,0,0.0,2.0,1.0,1.0,B01
201400036537,0,7,0,0.0,2.0,1.0,15.0,A01
201400036538,0,7,0,14.0,0.0,1.0,2.0,A01
201400036538,0,7,0,0.0,1.0,1.0,23.0,B01
201400036539,0,7,0,0.0,1.0,4.0,4.0,A01
201400036540,0,7,0,0.0,2.0,1.0,1.0,A01
201400036540,0,10,0,0.0,0.0,4.0,1.0,B01
201400036541,0,33,0,12.0,0.0,1.0,13.0,A01
201400036542,0,33,0,0.0,2.0,1.0,1.0,B01
201400036542,0,7,0,0.0,2.0,3.0,15.0,A01
201400036543,0,7,0,0.0,1.0,2.0,1.0,A01
201400036544,0,2,0,0.0,2.0,7.0,15.0,A01
201400036544,0,7,0,0.0,2.0,1.0,1.0,B01
201400036545,0,7,0,0.0,1.0,3.0,1.0,A01
201400036546,0,7,0,8.0,0.0,1.0,13.0,A01
201400036547,0,1,0,14.0,0.0,1.0,18.0,A01
201400036547,0,7,0,0.0,2.0,7.0,22.0,B01
201400036548,0,7,0,8.0,2.0,1.0,13.0,A01
201400036548,0,7,0,0.0,2.0,8.0,1.0,B01
201400036549,0,7,0,2.0,0.0,7.0,14.0,A01
201400036550,0,10,0,0.0,1.0,4.0,4.0,A01
201400036551,0,7,0,13.0,0.0,0.0,14.0,A01
201400036552,0,10,0,13.0,0.0,0.0,13.0,A01
201400036553,0,7,0,0.0,2.0,1.0,2.0,A01
201400036553,0,1,0,0.0,2.0,4.0,2.0,B01
201400036553,0,1,0,0.0,2.0,4.0,2.0,C01
201400036554,0,7,0,2.0,0.0,1.0,13.0,A01
201400036555,0,7,0,0.0,2.0,2.0,14.0,A01
201400036555,0,7,0,8.0,2.0,6.0,1.0,B01
201400036556,0,7,0,0.0,2.0,3.0,13.0,A01
201400036556,0,7,0,13.0,2.0,3.0,1.0,B01
201400036557,0,7,0,0.0,2.0,3.0,10.0,A01
201400036557,0,33,0,0.0,2.0,1.0,1.0,B01
201400036558,0,7,0,0.0,2.0,6.0,5.0,A01
201400036558,0,1,0,0.0,2.0,1.0,1.0,B01
201400036559,0,31,0,0.0,2.0,1.0,0.0,A01
201400036559,0,33,0,0.0,2.0,1.0,1.0,B01
201400036560,0,1,0,12.0,0.0,1.0,0.0,A01
201400036561,0,7,0,1.0,2.0,3.0,20.0,A01
201400036561,0,2,0,0.0,0.0,7.0,1.0,B01
201400036562,0,7,0,13.0,0.0,1.0,14.0,A01
201400036563,0,1,0,0.0,2.0,1.0,1.0,B01
201400036563,0,7,0,0.0,2.0,3.0,9.0,A01
201400036564,0,33,0,0.0,2.0,1.0,17.0,A01
201400036564,0,7,0,0.0,2.0,6.0,15.0,B01
201400036565,0,33,0,3.0,0.0,0.0,1.0,A01
201400036566,0,10,0,0.0,2.0,2.0,15.0,A01
201400036566,0,2,0,0.0,2.0,1.0,1.0,B01
201400036567,0,1,0,0.0,2.0,9.0,1.0,A01
201400036567,1,7,0,0.0,2.0,0.0,9.0,Z01
201400036568,0,7,0,0.0,2.0,8.0,15.0,A01
201400036568,0,33,0,0.0,2.0,1.0,17.0,B01
201400036569,0,7,0,0.0,2.0,1.0,1.0,B01
201400036569,0,7,0,0.0,2.0,8.0,19.0,A01
201400036570,0,7,0,0.0,1.0,1.0,9.0,A01
201400036571,0,7,0,0.0,2.0,2.0,1.0,A01
201400036571,0,7,0,0.0,2.0,3.0,15.0,B01
201400036572,0,7,0,0.0,2.0,1.0,2.0,A01
201400036572,1,31,0,0.0,1.0,1.0,1.0,Z01
201400036573,0,7,0,0.0,2.0,2.0,15.0,A01
201400036573,0,7,0,0.0,2.0,2.0,1.0,B01
201400036574,0,7,0,0.0,2.0,1.0,1.0,A01
201400036574,0,7,0,0.0,2.0,4.0,1.0,B01
201400036575,0,7,0,0.0,2.0,1.0,1.0,A01
201400036575,0,2,0,0.0,2.0,4.0,1.0,B01
201400036576,0,7,0,0.0,1.0,4.0,4.0,A01
201400036577,0,2,0,0.0,2.0,1.0,1.0,B01
201400036577,0,7,0,0.0,2.0,3.0,16.0,A01
201400036578,0,7,0,0.0,2.0,2.0,15.0,A01
201400036578,0,31,0,0.0,2.0,1.0,1.0,B01
201400036579,0,7,0,0.0,1.0,2.0,1.0,A01
201400036580,0,7,0,0.0,2.0,3.0,9.0,A01
201400036580,0,33,0,0.0,0.0,7.0,1.0,B01
201400036581,0,14,0,0.0,4.0,8.0,23.0,A01
201400036581,0,39,50,14.0,0.0,1.0,1.0,B01
201400036582,0,7,0,0.0,1.0,1.0,1.0,A01
201400036583,0,7,0,0.0,2.0,3.0,13.0,A01
201400036583,0,7,0,0.0,2.0,1.0,1.0,B01
201400036584,0,7,0,0.0,1.0,2.0,1.0,A01
201400036585,0,33,0,0.0,2.0,1.0,1.0,B01
201400036585,0,7,0,0.0,2.0,2.0,15.0,A01
201400036586,0,7,0,0.0,2.0,1.0,1.0,A01
201400036586,0,7,0,0.0,2.0,3.0,9.0,B01
201400036587,0,7,0,0.0,2.0,1.0,2.0,A01
201400036587,0,7,0,0.0,2.0,4.0,2.0,B01
201400036588,0,7,0,0.0,2.0,2.0,1.0,B01
201400036588,1,7,0,0.0,2.0,0.0,1.0,A01
201400036589,0,7,0,0.0,2.0,3.0,9.0,C01
201400036589,0,7,0,0.0,2.0,1.0,2.0,A01
201400036589,0,7,0,0.0,2.0,4.0,23.0,B01
201400036590,0,7,0,0.0,2.0,3.0,15.0,B01
201400036590,0,33,0,0.0,2.0,5.0,17.0,A01
201400036591,0,7,0,0.0,1.0,3.0,0.0,A01
201400036592,0,37,1,0.0,1.0,0.0,0.0,A01
201400036593,0,7,0,0.0,1.0,2.0,1.0,A01
201400036594,0,7,0,0.0,1.0,3.0,17.0,A01
201400036595,0,33,0,0.0,0.0,5.0,15.0,B01
201400036595,0,1,0,0.0,2.0,1.0,1.0,A01
201400036596,0,7,0,0.0,2.0,3.0,15.0,B01
201400036596,0,31,0,0.0,2.0,1.0,17.0,A01
201400036597,0,32,0,0.0,2.0,1.0,1.0,B01
201400036597,0,2,0,0.0,2.0,0.0,1.0,A01
201400036598,0,7,0,0.0,2.0,1.0,2.0,A01
201400036598,0,7,0,0.0,2.0,4.0,15.0,B01
201400036598,0,7,0,0.0,2.0,3.0,23.0,C01
201400036599,0,7,0,0.0,2.0,3.0,6.0,A01
201400036599,0,33,0,0.0,2.0,8.0,1.0,B01
201400036600,0,7,0,0.0,2.0,3.0,2.0,A01
201400036600,0,33,0,0.0,2.0,2.0,2.0,B01
201400036601,0,31,0,0.0,2.0,1.0,2.0,A01
201400036601,0,7,0,0.0,2.0,4.0,2.0,B01
201400036602,0,7,0,0.0,1.0,2.0,2.0,A01
201400036603,0,7,0,0.0,0.0,7.0,1.0,B01
201400036603,0,10,0,0.0,0.0,1.0,19.0,A01
201400036604,0,7,0,0.0,1.0,3.0,1.0,B01
201400036604,0,7,0,0.0,1.0,8.0,0.0,A01
201400036605,0,7,0,0.0,1.0,1.0,1.0,A01
201400036606,0,7,0,0.0,2.0,8.0,2.0,B01
201400036606,0,33,0,0.0,2.0,2.0,2.0,A01
201400036607,0,33,0,0.0,1.0,1.0,18.0,A01
201400036608,0,1,0,0.0,0.0,7.0,15.0,B01
201400036608,0,7,0,0.0,0.0,8.0,9.0,A01
201400036609,0,7,0,0.0,1.0,1.0,0.0,A01
201400036610,0,33,0,0.0,2.0,0.0,1.0,A01
201400036610,0,1,0,0.0,2.0,6.0,2.0,B01
201400036611,0,7,0,0.0,2.0,1.0,0.0,B01
201400036611,0,7,0,0.0,2.0,1.0,5.0,A01
201400036612,0,7,0,0.0,2.0,1.0,1.0,B01
201400036612,0,7,0,0.0,2.0,1.0,15.0,A01
201400036613,0,7,0,0.0,1.0,6.0,4.0,A01
201400036614,0,30,0,0.0,2.0,1.0,9.0,B01
201400036614,0,7,0,0.0,9.0,1.0,11.0,A01
201400036615,0,7,0,0.0,1.0,3.0,0.0,A01
201400036616,0,7,0,0.0,1.0,1.0,1.0,A01
201400036617,0,2,0,12.0,0.0,1.0,0.0,A01
201400036618,0,33,0,0.0,2.0,1.0,0.0,A01
201400036618,0,7,0,0.0,2.0,3.0,0.0,B01
201400036619,0,7,0,0.0,2.0,3.0,1.0,B01
201400036619,0,7,0,0.0,2.0,1.0,15.0,A01
201400036620,0,7,0,0.0,2.0,1.0,0.0,A01
201400036620,0,7,0,0.0,2.0,2.0,0.0,B01
201400036621,0,10,0,0.0,2.0,8.0,1.0,A01
201400036621,0,2,0,0.0,2.0,1.0,1.0,B01
201400036622,0,31,0,0.0,0.0,8.0,1.0,A01
201400036623,0,30,0,0.0,2.0,4.0,0.0,B01
201400036623,0,7,0,0.0,2.0,1.0,0.0,A01
201400036624,0,7,0,0.0,1.0,8.0,1.0,A01
201400036625,0,10,0,0.0,1.0,3.0,15.0,A01
201400036626,0,32,0,0.0,0.0,8.0,1.0,A01
201400036627,0,1,0,0.0,0.0,0.0,0.0,A01
201400036628,0,7,0,0.0,1.0,2.0,1.0,A01
201400036629,0,33,0,8.0,0.0,0.0,0.0,A01
201400036630,0,7,0,0.0,1.0,1.0,9.0,A01
201400036631,0,33,0,15.0,0.0,1.0,1.0,A01
201400036632,0,30,0,0.0,1.0,1.0,1.0,A01
201400036633,0,10,0,0.0,2.0,1.0,23.0,A01
201400036633,0,20,0,1.0,2.0,5.0,4.0,B01
201400036634,0,7,0,0.0,2.0,1.0,9.0,A01
201400036634,0,2,0,0.0,2.0,7.0,1.0,B01
201400036635,0,7,0,0.0,2.0,1.0,12.0,B01
201400036635,0,7,0,0.0,2.0,4.0,1.0,A01
201400036636,0,10,0,0.0,2.0,3.0,1.0,A01
201400036636,0,10,0,0.0,2.0,1.0,13.0,B01
201400036637,0,7,0,0.0,1.0,0.0,1.0,A01
201400036638,0,33,0,8.0,0.0,1.0,13.0,A01
201400036639,0,7,0,2.0,0.0,1.0,1.0,A01
201400036640,0,3,0,0.0,1.0,1.0,1.0,A01
201400036641,0,99,0,0.0,2.0,8.0,1.0,A01
201400036641,0,33,0,0.0,2.0,6.0,13.0,B01
201400036642,0,32,0,0.0,0.0,0.0,0.0,A01
201400036643,0,7,0,0.0,1.0,3.0,1.0,A01
201400036644,0,7,0,0.0,0.0,0.0,1.0,A01
201400036645,0,7,0,0.0,0.0,1.0,1.0,A01
201400036645,0,31,0,14.0,2.0,1.0,17.0,B01
201400036646,0,7,0,0.0,2.0,3.0,15.0,B01
201400036646,0,32,0,0.0,2.0,1.0,1.0,A01
201400036647,0,33,0,8.0,0.0,1.0,1.0,A01
201400036648,0,2,0,0.0,2.0,1.0,2.0,A01
201400036648,0,7,0,0.0,2.0,6.0,2.0,B01
201400036649,0,7,0,0.0,1.0,1.0,16.0,A01
201400036650,0,31,0,0.0,2.0,1.0,13.0,A01
201400036650,0,7,0,0.0,2.0,1.0,1.0,B01
201400036651,0,7,0,2.0,0.0,4.0,1.0,A01
201400036652,0,30,0,0.0,2.0,8.0,13.0,B01
201400036652,0,7,0,0.0,2.0,5.0,1.0,A01
201400036653,0,7,0,0.0,2.0,1.0,17.0,A01
201400036653,0,7,0,0.0,2.0,1.0,1.0,C01
201400036653,0,7,0,0.0,2.0,8.0,1.0,B01
201400036653,0,7,0,0.0,2.0,1.0,1.0,D01
201400036654,0,7,0,0.0,9.0,7.0,0.0,A01
201400036654,0,1,0,1.0,0.0,1.0,1.0,B01
201400036655,0,7,0,15.0,0.0,1.0,1.0,A01
201400036656,0,7,0,0.0,1.0,3.0,1.0,A01
201400036657,0,1,0,0.0,2.0,1.0,1.0,B01
201400036657,0,7,0,0.0,9.0,3.0,1.0,A01
201400036658,0,32,0,0.0,1.0,1.0,1.0,A01
201400036659,0,7,0,0.0,2.0,2.0,11.0,A01
201400036659,0,2,0,0.0,2.0,1.0,1.0,B01
201400036660,0,30,0,0.0,1.0,2.0,17.0,A01
201400036661,0,7,0,0.0,1.0,1.0,1.0,A01
201400036662,0,7,0,0.0,1.0,0.0,15.0,A01
201400036663,0,34,0,0.0,1.0,1.0,1.0,A01
201400036664,0,33,0,13.0,0.0,1.0,14.0,A01
201400036665,0,10,0,0.0,1.0,1.0,1.0,A01
201400036666,0,7,0,0.0,1.0,2.0,1.0,A01
201400036667,1,99,0,0.0,2.0,1.0,2.0,A01
201400036667,0,30,0,0.0,2.0,3.0,1.0,B01
201400036668,0,7,0,0.0,2.0,7.0,9.0,A01
201400036668,0,33,0,0.0,2.0,1.0,1.0,B01
201400036669,0,32,0,0.0,2.0,1.0,0.0,B01
201400036669,0,7,0,0.0,2.0,3.0,11.0,A01
201400036670,0,7,0,2.0,0.0,3.0,2.0,A01
201400036671,0,7,0,0.0,9.0,3.0,11.0,B01
201400036671,0,33,0,0.0,2.0,1.0,17.0,A01
201400036672,0,7,0,0.0,1.0,2.0,1.0,A01
201400036673,0,31,0,0.0,2.0,1.0,0.0,B01
201400036673,0,7,0,0.0,2.0,2.0,0.0,A01
201400036674,0,34,0,0.0,0.0,1.0,1.0,A01
201400036675,0,34,0,0.0,2.0,1.0,21.0,B01
201400036675,0,7,0,0.0,9.0,1.0,19.0,A01
201400036676,0,1,0,0.0,2.0,1.0,1.0,B01
201400036676,0,1,0,0.0,2.0,1.0,1.0,C01
201400036676,0,7,0,0.0,2.0,6.0,5.0,A01
201400036677,0,7,0,0.0,2.0,3.0,0.0,B01
201400036677,0,7,0,6.0,2.0,1.0,0.0,A01
201400036678,0,7,0,0.0,1.0,2.0,0.0,A01
201400036679,0,7,0,2.0,0.0,7.0,0.0,A01
201400036680,0,7,0,8.0,0.0,8.0,0.0,A01
201400036681,0,33,0,0.0,2.0,1.0,18.0,B01
201400036681,0,7,0,0.0,2.0,2.0,2.0,A01
201400036682,0,10,0,0.0,0.0,0.0,15.0,C01
201400036682,0,33,0,0.0,2.0,1.0,13.0,A01
201400036682,0,7,0,0.0,2.0,1.0,1.0,B01
201400036683,0,7,0,8.0,0.0,1.0,0.0,A01
201400036684,0,7,0,0.0,2.0,4.0,2.0,B01
201400036684,0,7,0,0.0,2.0,1.0,2.0,A01
201400036685,0,7,0,12.0,1.0,1.0,21.0,A01
201400036686,0,1,0,2.0,0.0,1.0,14.0,A01
201400036687,0,34,0,0.0,2.0,1.0,2.0,A01
201400036687,0,99,0,0.0,2.0,5.0,1.0,B01
201400036688,0,7,0,2.0,0.0,9.0,1.0,A01
201400036689,0,7,0,0.0,2.0,7.0,19.0,A01
201400036689,0,2,0,0.0,2.0,0.0,1.0,B01
201400036690,0,7,0,16.0,0.0,9.0,0.0,A01
201400036691,0,14,0,0.0,2.0,2.0,2.0,A01
201400036691,0,33,0,0.0,2.0,7.0,3.0,B01
201400036692,0,7,0,0.0,9.0,7.0,15.0,A01
201400036692,0,1,0,0.0,2.0,1.0,1.0,B01
201400036693,0,7,0,0.0,2.0,0.0,15.0,A01
201400036693,0,1,0,0.0,2.0,4.0,15.0,B01
201400036694,0,7,0,0.0,2.0,1.0,5.0,C01
201400036694,0,7,0,0.0,2.0,1.0,2.0,B01
201400036694,0,7,0,0.0,2.0,2.0,13.0,A01
201400036695,0,10,0,0.0,1.0,4.0,4.0,A01
201400036696,0,33,0,0.0,2.0,3.0,1.0,B01
201400036696,0,7,0,0.0,2.0,5.0,15.0,A01
201400036697,0,7,0,8.0,0.0,1.0,1.0,A01
201400036698,0,2,0,0.0,2.0,1.0,1.0,A01
201400036698,0,7,0,0.0,2.0,6.0,23.0,B01
201400036699,0,7,0,0.0,2.0,3.0,1.0,B01
201400036699,0,32,0,0.0,2.0,8.0,13.0,A01
201400036700,0,33,0,0.0,2.0,1.0,1.0,B01
201400036700,0,7,0,0.0,2.0,3.0,15.0,A01
201400036701,0,31,0,0.0,2.0,1.0,17.0,B01
201400036701,0,2,0,0.0,2.0,3.0,15.0,A01
201400036702,0,33,0,0.0,2.0,1.0,1.0,B01
201400036702,0,7,0,0.0,2.0,2.0,5.0,A01
201400036703,0,7,0,0.0,1.0,3.0,1.0,A01
201400036704,0,7,0,0.0,2.0,1.0,2.0,A01
201400036704,0,7,0,0.0,2.0,2.0,2.0,B01
201400036704,0,10,0,0.0,9.0,4.0,2.0,C01
201400036705,0,33,0,0.0,2.0,4.0,17.0,B01
201400036705,0,7,0,0.0,2.0,3.0,13.0,A01
201400036705,0,7,0,0.0,0.0,3.0,0.0,C01
201400036706,0,32,0,0.0,2.0,1.0,1.0,B01
201400036706,0,7,0,0.0,2.0,2.0,15.0,A01
201400036707,0,32,0,0.0,2.0,1.0,21.0,A01
201400036707,0,7,0,0.0,2.0,3.0,15.0,B01
201400036708,0,7,0,0.0,1.0,1.0,1.0,A01
201400036709,1,33,0,0.0,1.0,0.0,0.0,A01
201400036710,0,7,0,0.0,2.0,3.0,9.0,A01
201400036710,0,34,0,0.0,2.0,2.0,9.0,B01
201400036711,0,7,0,0.0,1.0,1.0,1.0,A01
201400036712,0,7,0,0.0,1.0,2.0,1.0,A01
201400036713,0,7,0,0.0,1.0,1.0,1.0,A01
201400036714,0,33,0,1.0,1.0,8.0,1.0,A01
201400036715,0,10,0,0.0,1.0,1.0,1.0,A01
201400036716,0,7,0,0.0,1.0,2.0,1.0,A01
201400036717,0,30,0,12.0,0.0,0.0,0.0,A01
201400036718,0,1,0,0.0,2.0,4.0,2.0,B01
201400036718,0,7,0,0.0,2.0,1.0,2.0,A01
201400036719,0,7,0,8.0,0.0,1.0,13.0,A01
201400036720,0,32,0,0.0,2.0,1.0,1.0,B01
201400036720,0,7,0,0.0,2.0,7.0,15.0,A01
201400036721,0,7,0,0.0,2.0,3.0,15.0,A01
201400036721,0,30,0,0.0,1.0,1.0,1.0,B01
201400036722,0,7,0,0.0,1.0,3.0,1.0,A01
201400036723,0,7,0,0.0,2.0,4.0,2.0,B01
201400036723,0,7,0,0.0,2.0,1.0,2.0,A01
201400036724,0,7,0,0.0,2.0,6.0,15.0,B01
201400036724,0,33,0,0.0,2.0,1.0,15.0,A01
201400036725,0,2,0,0.0,2.0,7.0,0.0,A01
201400036725,0,7,0,0.0,2.0,3.0,1.0,B01
201400036726,0,33,0,0.0,2.0,1.0,17.0,B01
201400036726,0,7,0,0.0,2.0,6.0,10.0,A01
201400036727,0,2,0,0.0,2.0,1.0,1.0,A01
201400036727,0,7,0,0.0,2.0,3.0,1.0,B01
201400036728,0,7,0,0.0,1.0,1.0,16.0,A01
201400036729,0,7,0,0.0,2.0,3.0,13.0,A01
201400036729,0,7,0,0.0,2.0,8.0,1.0,B01
201400036730,0,34,0,0.0,2.0,3.0,1.0,B01
201400036730,0,2,0,0.0,2.0,3.0,13.0,A01
201400036731,0,7,0,0.0,2.0,8.0,15.0,B01
201400036731,0,7,0,0.0,2.0,2.0,17.0,A01
201400036732,0,7,0,6.0,0.0,5.0,1.0,A01
201400036733,0,7,0,0.0,2.0,4.0,4.0,A01
201400036733,0,32,0,0.0,2.0,1.0,1.0,B01
201400036734,0,2,0,0.0,2.0,0.0,0.0,B01
201400036734,0,7,0,0.0,2.0,0.0,0.0,A01
201400036735,0,7,0,0.0,2.0,3.0,15.0,B01
201400036735,0,30,0,0.0,2.0,2.0,17.0,A01
201400036736,0,7,0,6.0,0.0,1.0,1.0,A01
201400036737,0,34,0,0.0,2.0,1.0,13.0,A01
201400036737,0,10,0,0.0,2.0,3.0,1.0,B01
201400036738,0,7,0,0.0,2.0,3.0,1.0,A01
201400036738,0,30,0,0.0,2.0,4.0,1.0,B01
201400036739,0,33,0,0.0,2.0,1.0,1.0,B01
201400036739,0,7,0,0.0,2.0,3.0,15.0,A01
201400036740,0,30,0,0.0,2.0,1.0,17.0,A01
201400036740,0,7,0,0.0,2.0,3.0,1.0,B01
201400036741,0,7,0,0.0,1.0,4.0,20.0,A01
201400036742,0,31,0,0.0,2.0,1.0,5.0,A01
201400036742,0,7,0,0.0,2.0,2.0,1.0,B01
201400036743,0,32,0,0.0,2.0,1.0,17.0,B01
201400036743,0,7,0,0.0,2.0,3.0,10.0,A01
201400036744,0,7,0,0.0,1.0,1.0,1.0,A01
201400036745,0,1,0,0.0,2.0,0.0,0.0,B01
201400036745,0,7,0,0.0,9.0,0.0,12.0,A01
201400036746,0,1,0,0.0,2.0,1.0,1.0,B01
201400036746,0,7,0,0.0,2.0,2.0,16.0,A01
201400036747,0,37,10,0.0,2.0,3.0,0.0,B01
201400036747,0,2,0,0.0,2.0,3.0,3.0,A01
201400036747,0,7,0,0.0,2.0,6.0,1.0,C01
201400036748,0,7,0,0.0,6.0,6.0,2.0,B01
201400036748,0,33,0,0.0,2.0,1.0,2.0,A01
201400036749,0,2,0,0.0,2.0,1.0,1.0,B01
201400036749,0,7,0,0.0,2.0,2.0,9.0,A01
201400036750,0,7,0,0.0,2.0,8.0,17.0,A01
201400036750,0,34,0,0.0,2.0,7.0,17.0,B01
201400036751,0,7,0,0.0,1.0,4.0,20.0,A01
201400036752,0,7,0,0.0,2.0,4.0,15.0,B01
201400036752,0,32,0,0.0,2.0,1.0,1.0,A01
201400036753,0,30,0,8.0,0.0,1.0,0.0,A01
201400036754,0,7,0,0.0,2.0,3.0,9.0,A01
201400036754,0,30,0,0.0,2.0,4.0,2.0,B01
201400036755,0,7,0,0.0,1.0,4.0,4.0,A01
201400036756,0,30,0,0.0,2.0,1.0,1.0,A01
201400036756,0,7,0,0.0,2.0,4.0,1.0,B01
201400036757,0,2,0,0.0,2.0,1.0,1.0,B01
201400036757,0,7,0,0.0,2.0,2.0,15.0,A01
201400036758,0,10,0,0.0,1.0,4.0,4.0,A01
201400036759,0,34,0,0.0,2.0,7.0,1.0,B01
201400036759,0,7,0,0.0,2.0,7.0,11.0,A01
201400036760,0,7,0,6.0,0.0,8.0,1.0,A01
201400036761,0,7,0,0.0,2.0,5.0,1.0,A01
201400036761,0,1,0,0.0,2.0,1.0,9.0,B01
201400036762,0,7,0,0.0,1.0,1.0,1.0,A01
201400036763,0,7,0,0.0,1.0,2.0,1.0,A01
201400036764,0,34,0,0.0,0.0,2.0,0.0,A01
201400036765,0,1,0,0.0,2.0,8.0,2.0,B01
201400036765,0,37,1,0.0,9.0,7.0,2.0,A01
201400036766,0,34,0,0.0,2.0,0.0,14.0,B01
201400036767,0,7,0,0.0,1.0,7.0,1.0,A01
201400036768,0,31,0,0.0,0.0,7.0,0.0,A01
201400036769,0,7,0,0.0,2.0,9.0,1.0,A01
201400036769,0,7,0,0.0,2.0,1.0,1.0,B01
201400036769,0,7,0,0.0,0.0,6.0,1.0,C01
201400036770,0,7,0,0.0,1.0,2.0,15.0,A01
201400036771,0,32,0,0.0,0.0,7.0,1.0,A01
201400036772,0,30,0,0.0,2.0,1.0,17.0,A01
201400036772,0,7,0,0.0,0.0,6.0,15.0,B01
201400036773,0,7,0,0.0,1.0,1.0,1.0,A01
201400036774,0,30,0,0.0,2.0,2.0,1.0,B01
201400036774,1,7,0,0.0,2.0,0.0,15.0,Z01
201400036775,0,7,0,0.0,2.0,2.0,21.0,B01
201400036775,0,7,0,0.0,2.0,8.0,19.0,A01
201400036776,0,30,0,0.0,2.0,1.0,1.0,B01
201400036776,0,7,0,0.0,2.0,2.0,15.0,A01
201400036777,0,7,0,0.0,2.0,0.0,1.0,B01
201400036777,0,2,0,0.0,2.0,8.0,17.0,A01
201400036778,0,7,0,0.0,1.0,1.0,1.0,A01
201400036779,0,7,0,0.0,1.0,1.0,2.0,A01
201400036780,0,7,0,6.0,2.0,8.0,9.0,A01
201400036780,0,7,0,0.0,2.0,1.0,0.0,B01
201400036781,0,33,0,0.0,2.0,7.0,1.0,B01
201400036781,0,7,0,0.0,2.0,1.0,9.0,A01
201400036782,0,7,0,0.0,1.0,1.0,15.0,A01
201400036783,0,7,0,0.0,0.0,0.0,24.0,C01
201400036783,0,30,0,0.0,0.0,3.0,11.0,A01
201400036783,0,37,1,0.0,0.0,2.0,1.0,B01
201400036784,0,7,0,0.0,2.0,5.0,15.0,A01
201400036784,0,33,0,0.0,2.0,1.0,1.0,B01
201400036785,0,32,0,0.0,1.0,6.0,1.0,A01
201400036786,0,33,0,0.0,2.0,3.0,1.0,B01
201400036786,0,7,0,0.0,2.0,3.0,15.0,A01
201400036787,0,7,0,0.0,2.0,8.0,15.0,A01
201400036787,0,30,0,0.0,2.0,7.0,17.0,B01
201400036788,0,31,0,8.0,0.0,1.0,6.0,A01
201400036789,0,7,0,0.0,2.0,3.0,15.0,B01
201400036789,0,2,0,0.0,2.0,2.0,1.0,A01
201400036790,0,2,0,0.0,2.0,1.0,2.0,A01
201400036790,0,7,0,0.0,2.0,4.0,2.0,B01
201400036791,0,32,0,0.0,2.0,9.0,2.0,A01
201400036791,0,10,0,0.0,2.0,6.0,15.0,B01
201400036792,0,32,0,11.0,0.0,1.0,0.0,A01
201400036793,0,7,0,0.0,2.0,8.0,15.0,A01
201400036793,0,2,0,0.0,2.0,7.0,17.0,B01
201400036794,0,7,0,0.0,1.0,1.0,1.0,A01
201400036795,0,30,0,8.0,2.0,1.0,8.0,A01
201400036795,0,7,0,0.0,0.0,2.0,0.0,B01
201400036796,0,32,0,0.0,0.0,4.0,0.0,A01
201400036797,0,7,0,0.0,2.0,1.0,1.0,B01
201400036797,0,30,0,0.0,2.0,1.0,1.0,A01
201400036798,0,33,0,0.0,2.0,7.0,2.0,A01
201400036798,0,14,0,0.0,2.0,0.0,2.0,B01
201400036799,0,10,0,0.0,2.0,4.0,4.0,B01
201400036799,0,32,0,0.0,2.0,1.0,23.0,A01
201400036800,0,14,0,0.0,2.0,1.0,1.0,B01
201400036800,0,32,0,0.0,2.0,1.0,13.0,A01