Num_Acc,senc,catv,occutc,obs,obsm,choc,manv,num_veh
201400036801,0,7,0,9.0,0.0,1.0,0.0,A01
201400036802,0,33,0,16.0,0.0,7.0,19.0,A01
201400036803,0,7,0,1.0,0.0,1.0,0.0,A01
201400036804,0,7,0,0.0,1.0,0.0,20.0,A01
201400036805,0,7,0,0.0,2.0,2.0,15.0,A01
201400036805,0,34,0,0.0,2.0,1.0,1.0,B01
201400036806,0,7,0,0.0,2.0,2.0,2.0,A01
201400036806,0,7,0,0.0,2.0,6.0,23.0,C01
201400036806,0,7,0,0.0,2.0,6.0,23.0,B01
201400036807,0,7,0,0.0,1.0,3.0,1.0,A01
201400036808,0,34,0,8.0,0.0,1.0,0.0,A01
201400036809,0,7,0,0.0,2.0,6.0,15.0,A01
201400036809,0,30,0,0.0,2.0,1.0,1.0,B01
201400036810,0,7,0,0.0,2.0,3.0,23.0,B01
201400036810,0,13,0,14.0,0.0,2.0,1.0,A01
201400036811,0,7,0,0.0,1.0,7.0,1.0,A01
201400036812,0,7,0,0.0,1.0,1.0,2.0,A01
201400036813,0,7,0,0.0,1.0,2.0,1.0,A01
201400036814,0,7,0,1.0,2.0,7.0,1.0,A01
201400036814,0,7,0,0.0,2.0,3.0,1.0,B01
201400036815,0,7,0,0.0,1.0,0.0,0.0,A01
201400036816,0,7,0,0.0,1.0,2.0,0.0,A01
201400036817,0,1,0,0.0,2.0,1.0,2.0,B01
201400036817,0,7,0,0.0,2.0,8.0,2.0,A01
201400036818,0,7,0,0.0,2.0,2.0,1.0,A01
201400036818,0,33,0,0.0,2.0,4.0,1.0,B01
201400036819,0,10,0,0.0,1.0,7.0,16.0,Z01
201400036820,0,30,0,0.0,1.0,1.0,1.0,A01
201400036821,0,7,0,1.0,0.0,5.0,24.0,C01
201400036821,0,7,0,0.0,0.0,4.0,9.0,B01
201400036821,0,7,0,0.0,2.0,0.0,0.0,A01
201400036822,0,33,0,0.0,2.0,2.0,1.0,B01
201400036822,0,7,0,0.0,2.0,6.0,15.0,A01
201400036823,0,7,0,0.0,1.0,1.0,0.0,A01
201400036824,0,33,0,0.0,2.0,7.0,1.0,B01
201400036824,0,7,0,0.0,2.0,8.0,13.0,A01
201400036825,0,7,0,0.0,2.0,1.0,2.0,A01
201400036825,0,7,0,0.0,2.0,6.0,1.0,B01
201400036826,0,2,0,0.0,0.0,4.0,2.0,B01
201400036826,0,7,0,0.0,2.0,1.0,2.0,A01
201400036827,0,7,0,0.0,2.0,1.0,0.0,B01
201400036827,0,7,0,0.0,2.0,2.0,15.0,A01
201400036828,0,7,0,0.0,2.0,3.0,1.0,B01
201400036828,0,7,0,14.0,1.0,1.0,19.0,A01
201400036829,0,7,0,0.0,2.0,0.0,0.0,A01
201400036829,0,7,0,0.0,2.0,4.0,1.0,B01
201400036829,0,7,0,0.0,2.0,4.0,1.0,C01
201400036830,0,7,0,0.0,1.0,4.0,4.0,A01
201400036831,0,7,0,0.0,0.0,4.0,2.0,B01
201400036831,0,7,0,0.0,2.0,1.0,2.0,A01
201400036832,0,7,0,0.0,1.0,1.0,0.0,A01
201400036833,0,7,0,0.0,1.0,2.0,1.0,A01
201400036834,0,33,0,0.0,2.0,4.0,23.0,B01
201400036834,0,7,0,0.0,2.0,1.0,1.0,A01
201400036835,0,7,0,0.0,2.0,8.0,11.0,A01
201400036835,0,7,0,0.0,2.0,1.0,1.0,B01
201400036836,0,7,0,0.0,1.0,2.0,1.0,A01
201400036837,0,30,0,0.0,2.0,2.0,1.0,A01
201400036837,0,10,0,0.0,2.0,2.0,1.0,B01
201400036838,0,7,0,0.0,0.0,7.0,12.0,A01
201400036838,0,33,0,0.0,2.0,1.0,1.0,B01
201400036839,0,7,0,0.0,0.0,8.0,9.0,A01
201400036839,0,33,0,0.0,2.0,1.0,1.0,B01
201400036840,0,7,0,0.0,2.0,6.0,10.0,A01
201400036840,0,32,0,0.0,2.0,6.0,21.0,B01
201400036841,0,7,0,0.0,2.0,2.0,1.0,B01
201400036841,0,1,0,0.0,2.0,0.0,19.0,A01
201400036842,0,7,0,8.0,0.0,7.0,0.0,A01
201400036843,0,99,0,8.0,1.0,1.0,15.0,A01
201400036844,0,32,0,0.0,2.0,1.0,2.0,B01
201400036844,0,7,0,0.0,2.0,3.0,15.0,A01
201400036845,0,33,0,0.0,2.0,1.0,1.0,B01
201400036845,0,7,0,0.0,2.0,2.0,15.0,A01
201400036846,0,33,0,0.0,2.0,1.0,1.0,B01
201400036846,0,7,0,0.0,2.0,3.0,15.0,A01
201400036847,1,7,0,0.0,2.0,0.0,1.0,Z01
201400036847,0,1,0,0.0,2.0,4.0,1.0,B01
201400036848,2,7,0,0.0,2.0,8.0,15.0,Z01
201400036848,0,7,0,0.0,2.0,1.0,1.0,A01
201400036849,0,33,0,0.0,2.0,1.0,1.0,B01
201400036849,0,7,0,0.0,2.0,3.0,0.0,A01
201400036850,0,30,0,0.0,2.0,1.0,1.0,A01
201400036850,0,7,0,0.0,2.0,7.0,15.0,Z01
201400036851,0,32,0,0.0,1.0,7.0,1.0,A01
201400036852,0,7,0,0.0,2.0,3.0,15.0,A01
201400036852,0,7,0,0.0,0.0,0.0,23.0,C01
201400036852,0,2,0,0.0,2.0,1.0,1.0,B01
201400036853,0,14,0,0.0,2.0,1.0,1.0,A01
201400036853,0,7,0,0.0,0.0,4.0,1.0,B01
201400036854,0,13,0,0.0,2.0,1.0,1.0,E01
201400036854,0,7,0,0.0,2.0,4.0,2.0,F02
201400036854,0,7,0,0.0,2.0,1.0,11.0,A01
201400036854,0,7,0,0.0,2.0,6.0,2.0,B01
201400036854,0,7,0,0.0,2.0,8.0,24.0,C01
201400036854,0,7,0,0.0,2.0,3.0,24.0,D01
201400036855,0,99,0,0.0,1.0,5.0,4.0,A01
201400036856,0,33,0,0.0,0.0,1.0,1.0,B01
201400036856,0,7,0,0.0,0.0,7.0,9.0,A01
201400036857,0,7,0,0.0,2.0,5.0,12.0,A01
201400036857,0,1,0,0.0,2.0,3.0,19.0,B01
201400036858,0,7,0,0.0,0.0,0.0,2.0,B01
201400036858,0,7,0,0.0,0.0,1.0,2.0,A01
201400036858,0,7,0,0.0,0.0,0.0,2.0,C01
201400036858,0,7,0,0.0,0.0,4.0,2.0,D01
201400036859,0,7,0,0.0,0.0,8.0,10.0,A01
201400036859,0,30,0,0.0,2.0,1.0,1.0,B01
201400036860,0,7,0,0.0,2.0,3.0,15.0,A01
201400036860,0,33,0,0.0,2.0,1.0,1.0,B01
201400036861,0,7,0,0.0,1.0,1.0,1.0,A01
201400036862,0,7,0,0.0,1.0,2.0,15.0,A01
201400036863,1,7,0,0.0,1.0,1.0,1.0,Z01
201400036864,0,33,0,0.0,2.0,4.0,23.0,B01
201400036864,0,7,0,0.0,2.0,1.0,2.0,A01
201400036865,0,7,0,0.0,2.0,1.0,9.0,A01
201400036865,0,1,0,0.0,2.0,7.0,1.0,B01
201400036866,0,7,0,0.0,1.0,2.0,1.0,A01
201400036867,0,33,0,0.0,0.0,4.0,1.0,B01
201400036867,0,33,0,0.0,2.0,1.0,1.0,A01
201400036868,0,99,0,0.0,2.0,4.0,1.0,C01
201400036868,0,7,0,0.0,2.0,4.0,1.0,D01
201400036868,0,7,0,1.0,2.0,1.0,1.0,A01
201400036868,0,99,0,0.0,2.0,5.0,1.0,B01
201400036869,0,99,0,8.0,0.0,1.0,1.0,A01
201400036870,0,7,0,0.0,2.0,2.0,15.0,A01
201400036870,0,32,0,0.0,2.0,1.0,1.0,B01
201400036871,0,32,0,0.0,2.0,1.0,1.0,B01
201400036871,0,99,0,0.0,9.0,3.0,15.0,A01
201400036872,0,7,0,0.0,2.0,1.0,1.0,C01
201400036872,0,7,0,0.0,0.0,4.0,15.0,B01
201400036872,0,7,0,0.0,2.0,3.0,2.0,A01
201400036873,0,7,0,0.0,2.0,8.0,15.0,B01
201400036873,0,33,0,0.0,2.0,7.0,17.0,A01
201400036874,0,3,0,0.0,2.0,1.0,15.0,A01
201400036874,0,30,0,0.0,2.0,1.0,2.0,B01
201400036875,0,7,0,0.0,1.0,7.0,1.0,A01
201400036876,0,7,0,0.0,2.0,1.0,1.0,A01
201400036876,0,7,0,0.0,2.0,7.0,1.0,B01
201400036877,0,7,0,0.0,1.0,6.0,23.0,B01
201400036878,1,7,0,0.0,1.0,2.0,1.0,Z01
201400036879,0,7,0,0.0,0.0,4.0,2.0,C01
201400036879,0,7,0,0.0,0.0,2.0,2.0,B01
201400036879,0,7,0,0.0,0.0,1.0,2.0,A01
201400036880,0,30,0,0.0,2.0,1.0,1.0,A01
201400036880,0,7,0,0.0,2.0,0.0,1.0,B01
201400036881,0,7,0,1.0,2.0,8.0,15.0,B01
201400036881,0,7,0,7.0,2.0,1.0,17.0,A01
201400036882,0,7,0,0.0,1.0,1.0,1.0,A01
201400036883,0,10,0,0.0,2.0,3.0,24.0,D01
201400036883,0,31,0,0.0,2.0,3.0,23.0,B01
201400036883,0,7,0,0.0,2.0,7.0,1.0,C01
201400036883,1,7,0,1.0,2.0,0.0,11.0,A01
201400036884,0,7,0,0.0,2.0,8.0,10.0,A01
201400036884,0,34,0,0.0,2.0,1.0,1.0,B01
201400036885,0,7,0,0.0,2.0,2.0,2.0,A01
201400036885,0,1,0,0.0,2.0,7.0,19.0,B01
201400036886,0,7,0,0.0,1.0,2.0,1.0,A01
201400036887,0,7,0,0.0,2.0,1.0,15.0,A01
201400036887,0,7,0,7.0,2.0,5.0,1.0,B01
201400036888,1,7,0,0.0,2.0,3.0,15.0,Z01
201400036888,0,7,0,0.0,2.0,2.0,1.0,A01
201400036889,0,7,0,0.0,0.0,4.0,15.0,B01
201400036889,0,33,0,0.0,2.0,1.0,1.0,A01
201400036890,0,33,0,0.0,2.0,8.0,0.0,B01
201400036890,0,7,0,0.0,2.0,1.0,11.0,A01
201400036891,0,7,0,0.0,2.0,3.0,0.0,A01
201400036891,0,7,0,0.0,2.0,3.0,0.0,B01
201400036892,0,33,0,0.0,2.0,7.0,17.0,A01
201400036892,0,7,0,0.0,2.0,6.0,17.0,B01
201400036893,0,31,0,0.0,1.0,0.0,1.0,A01
201400036894,0,20,0,0.0,2.0,1.0,0.0,B01
201400036894,0,33,0,0.0,9.0,1.0,1.0,A01
201400036895,0,13,0,0.0,0.0,1.0,2.0,A01
201400036895,0,2,0,0.0,0.0,0.0,2.0,B01
201400036896,0,7,0,0.0,0.0,4.0,1.0,A01
201400036896,0,7,0,0.0,0.0,1.0,2.0,B01
201400036897,0,7,0,0.0,2.0,1.0,2.0,A01
201400036897,0,7,0,0.0,2.0,4.0,2.0,B01
201400036898,0,7,0,0.0,2.0,2.0,15.0,A01
201400036898,0,34,0,0.0,2.0,1.0,1.0,B01
201400036899,0,7,0,0.0,1.0,4.0,4.0,A01
201400036900,0,2,0,0.0,0.0,1.0,1.0,A01
201400036901,0,30,0,0.0,2.0,1.0,2.0,A01
201400036901,0,7,0,0.0,0.0,4.0,2.0,B01
201400036902,0,31,0,0.0,2.0,1.0,17.0,A01
201400036902,0,7,0,0.0,2.0,3.0,15.0,B01
201400036903,0,1,0,0.0,2.0,7.0,19.0,A01
201400036903,0,7,0,0.0,2.0,1.0,1.0,B01
201400036904,0,30,0,0.0,2.0,1.0,1.0,B01
201400036904,0,7,0,0.0,2.0,2.0,15.0,A01
201400036905,0,33,0,0.0,2.0,1.0,1.0,A01
201400036905,0,7,0,0.0,0.0,5.0,23.0,B01
201400036906,0,7,0,6.0,0.0,1.0,10.0,A01
201400036907,0,7,0,0.0,2.0,3.0,9.0,A01
201400036907,0,34,0,0.0,2.0,1.0,1.0,B01
201400036908,0,32,0,0.0,2.0,3.0,1.0,B01
201400036908,0,7,0,0.0,2.0,2.0,12.0,Z01
201400036909,0,33,0,0.0,2.0,3.0,1.0,B01
201400036909,0,13,0,0.0,2.0,5.0,12.0,A01
201400036910,0,1,0,0.0,2.0,7.0,0.0,B01
201400036910,0,10,0,0.0,9.0,1.0,9.0,A01
201400036911,0,1,0,0.0,2.0,1.0,19.0,B01
201400036911,0,37,3,0.0,2.0,2.0,15.0,A01
201400036912,0,34,0,0.0,2.0,1.0,2.0,B01
201400036912,0,7,0,0.0,2.0,6.0,15.0,A01
201400036913,0,32,0,0.0,0.0,8.0,15.0,B01
201400036913,0,7,0,0.0,2.0,1.0,16.0,A01
201400036914,0,7,0,0.0,2.0,2.0,15.0,A01
201400036914,0,32,0,0.0,2.0,2.0,1.0,B01
201400036915,0,13,0,0.0,2.0,3.0,1.0,B01
201400036915,0,7,0,0.0,2.0,1.0,13.0,A01
201400036916,0,33,0,0.0,2.0,1.0,21.0,C01
201400036916,0,33,0,0.0,2.0,1.0,5.0,A01
201400036916,0,7,0,0.0,2.0,3.0,1.0,B01
201400036917,0,7,0,0.0,2.0,2.0,15.0,A01
201400036917,0,33,0,0.0,2.0,2.0,1.0,B01
201400036918,0,7,0,0.0,2.0,4.0,23.0,D01
201400036918,0,7,0,0.0,2.0,1.0,1.0,A01
201400036918,0,7,0,0.0,2.0,4.0,23.0,B01
201400036918,0,3,0,0.0,2.0,4.0,23.0,C01
201400036919,0,32,0,4.0,0.0,3.0,1.0,A01
201400036920,0,37,6,0.0,1.0,2.0,1.0,A01
201400036921,0,7,0,12.0,1.0,1.0,1.0,A01
201400036922,0,2,0,1.0,0.0,0.0,9.0,A01
201400036922,0,7,0,1.0,0.0,2.0,2.0,B01
201400036923,0,7,0,0.0,2.0,9.0,2.0,D01
201400036923,0,7,0,0.0,2.0,9.0,2.0,C01
201400036923,0,7,0,0.0,2.0,9.0,11.0,A01
201400036923,0,33,0,0.0,2.0,1.0,2.0,B01
201400036924,0,1,0,0.0,2.0,0.0,1.0,B01
201400036924,0,7,0,0.0,2.0,7.0,19.0,A01
201400036925,0,10,0,0.0,0.0,0.0,0.0,A01
201400036925,0,7,0,0.0,0.0,0.0,0.0,B01
201400036926,0,7,0,16.0,0.0,9.0,13.0,A01
201400036927,0,2,0,0.0,1.0,8.0,2.0,A01
201400036928,0,33,0,0.0,0.0,1.0,1.0,B01
201400036928,0,7,0,0.0,0.0,1.0,15.0,A01
201400036929,0,7,0,8.0,0.0,1.0,0.0,A01
201400036930,0,7,0,0.0,2.0,2.0,1.0,B01
201400036930,0,7,0,0.0,2.0,0.0,15.0,A01
201400036930,0,33,0,0.0,2.0,3.0,23.0,C01
201400036931,0,7,0,0.0,1.0,5.0,1.0,A01
201400036932,0,7,0,0.0,0.0,1.0,0.0,A01
201400036932,0,7,0,0.0,0.0,6.0,0.0,B01
201400036933,0,7,0,0.0,2.0,1.0,1.0,B01
201400036933,0,2,0,0.0,2.0,1.0,13.0,A01
201400036934,0,99,0,0.0,1.0,3.0,1.0,A01
201400036935,0,7,0,0.0,1.0,2.0,1.0,A01
201400036936,0,7,0,0.0,0.0,2.0,11.0,A01
201400036936,0,33,0,0.0,2.0,1.0,1.0,B01
201400036937,0,7,0,15.0,0.0,7.0,1.0,A01
201400036938,0,7,0,0.0,9.0,1.0,1.0,A01
201400036938,0,1,0,0.0,2.0,7.0,1.0,B01
201400036939,0,7,0,0.0,1.0,2.0,1.0,A01
201400036940,0,7,0,1.0,1.0,2.0,14.0,A01
201400036941,0,10,0,0.0,2.0,1.0,2.0,A01
201400036941,0,7,0,0.0,2.0,3.0,2.0,B01
201400036941,0,7,0,0.0,0.0,6.0,2.0,C01
201400036942,0,7,0,0.0,2.0,8.0,15.0,B01
201400036942,0,33,0,0.0,2.0,1.0,17.0,A01
201400036943,0,7,0,0.0,2.0,8.0,15.0,B01
201400036943,0,2,0,0.0,2.0,1.0,17.0,A01
201400036944,0,30,0,12.0,0.0,0.0,0.0,A01
201400036945,0,2,0,0.0,1.0,1.0,2.0,A01
201400036946,0,10,0,0.0,2.0,3.0,1.0,A01
201400036946,0,30,0,0.0,2.0,8.0,1.0,B01
201400036947,0,7,0,0.0,2.0,1.0,1.0,B01
201400036947,0,30,0,0.0,2.0,7.0,19.0,A01
201400036948,0,7,0,0.0,0.0,3.0,2.0,B01
201400036948,0,2,0,0.0,0.0,1.0,2.0,A01
201400036949,0,7,0,0.0,2.0,2.0,9.0,A01
201400036949,0,33,0,0.0,2.0,3.0,0.0,B01
201400036950,0,7,0,0.0,2.0,1.0,5.0,A01
201400036950,0,33,0,0.0,2.0,1.0,2.0,B01
201400036951,0,7,0,0.0,2.0,1.0,2.0,C01
201400036951,0,7,0,0.0,2.0,1.0,1.0,B01
201400036951,0,33,0,0.0,2.0,1.0,5.0,A01
201400036952,0,7,0,0.0,2.0,2.0,9.0,A01
201400036952,0,2,0,0.0,2.0,1.0,1.0,B01
201400036953,0,33,0,0.0,0.0,1.0,21.0,A01
201400036953,1,7,0,0.0,2.0,0.0,1.0,Z01
201400036954,0,33,0,0.0,1.0,1.0,1.0,A01
201400036955,0,7,0,0.0,0.0,5.0,2.0,B01
201400036955,0,7,0,0.0,2.0,1.0,2.0,A01
201400036956,0,7,0,0.0,2.0,2.0,3.0,A01
201400036956,0,31,0,0.0,2.0,3.0,3.0,B01
201400036957,0,34,0,0.0,2.0,5.0,3.0,A01
201400036957,0,7,0,0.0,2.0,3.0,1.0,B01
201400036958,1,7,0,0.0,2.0,1.0,2.0,Z01
201400036958,0,7,0,0.0,2.0,4.0,2.0,B01
201400036959,0,31,0,0.0,1.0,1.0,2.0,A01
201400036960,1,7,0,0.0,1.0,3.0,0.0,Z01
201400036961,2,7,0,0.0,2.0,3.0,1.0,A01
201400036961,0,7,0,0.0,2.0,8.0,15.0,B01
201400036962,0,7,0,0.0,2.0,4.0,2.0,B01
201400036962,0,7,0,0.0,2.0,1.0,2.0,A01
201400036963,0,32,0,0.0,2.0,0.0,0.0,A01
201400036963,0,7,0,0.0,2.0,0.0,0.0,B01
201400036964,0,7,0,0.0,2.0,4.0,1.0,B01
201400036964,0,7,0,0.0,2.0,4.0,0.0,A01
201400036964,0,7,0,0.0,2.0,1.0,1.0,C01
201400036965,0,7,0,0.0,2.0,3.0,9.0,A01
201400036965,0,33,0,0.0,2.0,1.0,17.0,B01
201400036966,0,2,0,0.0,2.0,1.0,1.0,B01
201400036966,0,7,0,0.0,2.0,1.0,15.0,A01
201400036967,0,7,0,0.0,2.0,7.0,15.0,A01
201400036967,0,33,0,0.0,2.0,1.0,1.0,B01
201400036968,0,7,0,0.0,1.0,4.0,4.0,A01
201400036969,0,10,0,0.0,2.0,2.0,12.0,A01
201400036969,0,33,0,0.0,2.0,6.0,2.0,B01
201400036970,0,33,0,0.0,0.0,1.0,17.0,A01
201400036970,0,7,0,0.0,0.0,0.0,15.0,B01
201400036971,0,7,0,0.0,1.0,2.0,2.0,A01
201400036972,0,7,0,0.0,2.0,1.0,1.0,A01
201400036972,0,7,0,0.0,0.0,2.0,15.0,B01
201400036973,1,7,0,8.0,0.0,0.0,0.0,Z01
201400036973,0,7,0,8.0,0.0,1.0,1.0,A01
201400036974,0,7,0,0.0,2.0,1.0,1.0,A01
201400036974,0,7,0,0.0,2.0,4.0,1.0,B01
201400036975,0,7,0,0.0,1.0,2.0,0.0,A01
201400036976,0,7,0,0.0,2.0,1.0,2.0,A01
201400036976,0,7,0,0.0,0.0,4.0,23.0,B01
201400036977,0,7,0,0.0,2.0,9.0,13.0,B01
201400036977,0,33,0,0.0,2.0,2.0,2.0,A01
201400036978,0,7,0,0.0,2.0,2.0,1.0,B01
201400036978,0,7,0,0.0,2.0,2.0,13.0,A01
201400036979,1,32,0,0.0,2.0,3.0,1.0,Z01
201400036979,0,30,0,0.0,2.0,3.0,1.0,A01
201400036980,0,30,0,0.0,2.0,1.0,0.0,A01
201400036980,0,7,0,0.0,2.0,1.0,15.0,B01
201400036981,0,7,0,0.0,1.0,4.0,4.0,A01
201400036982,0,34,0,14.0,0.0,2.0,1.0,A01
201400036983,0,14,0,0.0,0.0,0.0,0.0,C01
201400036983,0,7,0,0.0,2.0,3.0,2.0,B01
201400036983,0,7,0,0.0,2.0,3.0,21.0,A01
201400036984,0,7,0,0.0,1.0,1.0,0.0,A01
201400036985,0,33,0,0.0,1.0,2.0,0.0,A01
201400036986,0,7,0,0.0,1.0,2.0,1.0,A01
201400036987,0,2,0,0.0,1.0,1.0,5.0,A01
201400036988,0,1,0,0.0,0.0,5.0,1.0,B01
201400036988,0,7,0,0.0,2.0,5.0,9.0,A01
201400036989,0,7,0,1.0,1.0,1.0,2.0,A01
201400036989,0,7,0,0.0,0.0,4.0,0.0,B01
201400036990,0,34,0,0.0,2.0,1.0,19.0,A01
201400036990,0,7,0,0.0,2.0,2.0,1.0,B01
201400036991,0,7,0,0.0,1.0,2.0,0.0,A01
201400036992,0,34,0,11.0,0.0,0.0,1.0,A01
201400036993,0,7,0,1.0,0.0,5.0,1.0,B01
201400036993,0,7,0,1.0,0.0,1.0,14.0,A01
201400036994,0,32,0,0.0,2.0,6.0,15.0,B01
201400036994,0,7,0,0.0,2.0,1.0,15.0,A01
201400036995,0,10,0,0.0,2.0,3.0,15.0,B01
201400036995,0,32,0,1.0,2.0,1.0,1.0,A01
201400036996,0,99,0,0.0,2.0,4.0,1.0,B01
201400036996,0,99,0,0.0,2.0,1.0,2.0,A01
201400036997,0,10,0,0.0,0.0,1.0,9.0,A01
201400036997,0,7,0,0.0,2.0,3.0,1.0,B01
201400036998,0,7,0,0.0,2.0,1.0,19.0,B01
201400036998,0,32,0,0.0,2.0,0.0,17.0,A01
201400036999,0,7,0,0.0,2.0,1.0,2.0,A01
201400036999,0,7,0,0.0,2.0,4.0,23.0,B01
201400036999,0,7,0,0.0,2.0,4.0,23.0,C01
201400037000,0,7,0,0.0,2.0,3.0,5.0,A01
201400037000,0,7,0,0.0,2.0,3.0,1.0,B01
201400037001,0,34,0,0.0,2.0,3.0,2.0,A01
201400037001,0,7,0,0.0,2.0,2.0,2.0,B01
201400037002,0,7,0,0.0,2.0,4.0,2.0,B01
201400037002,0,32,0,0.0,2.0,1.0,2.0,A01
201400037003,0,33,0,0.0,2.0,1.0,1.0,B01
201400037003,0,7,0,0.0,2.0,5.0,15.0,A01
201400037003,0,7,0,0.0,2.0,3.0,1.0,C01
201400037004,0,7,0,0.0,2.0,2.0,0.0,B01
201400037004,0,30,0,0.0,2.0,1.0,13.0,A01
201400037005,0,10,0,0.0,1.0,4.0,4.0,A01
201400037006,0,10,0,0.0,2.0,6.0,1.0,B01
201400037006,0,7,0,0.0,2.0,2.0,2.0,A01
201400037007,0,7,0,0.0,2.0,2.0,1.0,A01
201400037007,0,31,0,0.0,2.0,6.0,1.0,B01
201400037008,0,30,0,0.0,0.0,0.0,0.0,A01
201400037009,0,7,0,0.0,2.0,3.0,19.0,B01
201400037009,0,30,0,0.0,2.0,1.0,1.0,A01
201400037010,0,1,0,0.0,2.0,8.0,13.0,B01
201400037010,0,7,0,0.0,9.0,2.0,17.0,A01
201400037011,0,30,0,0.0,2.0,8.0,1.0,A01
201400037011,1,7,0,0.0,2.0,0.0,0.0,Z01
201400037012,0,30,0,0.0,2.0,8.0,1.0,B01
201400037012,0,7,0,0.0,2.0,3.0,0.0,A01
201400037013,0,2,0,0.0,0.0,0.0,0.0,B01
201400037013,0,7,0,0.0,0.0,0.0,0.0,A01
201400037014,0,10,0,0.0,1.0,3.0,1.0,A01
201400037015,0,7,0,0.0,1.0,1.0,1.0,A01
201400037016,0,7,0,0.0,1.0,7.0,1.0,A01
201400037017,0,33,0,0.0,2.0,7.0,2.0,B01
201400037017,0,7,0,0.0,2.0,8.0,2.0,A01
201400037018,0,7,0,0.0,2.0,2.0,1.0,A01
201400037018,0,31,0,0.0,2.0,1.0,1.0,B01
201400037019,0,10,0,0.0,2.0,2.0,15.0,A01
201400037019,0,32,0,0.0,2.0,1.0,1.0,B01
201400037020,0,7,0,0.0,1.0,1.0,1.0,A01
201400037021,0,32,0,0.0,1.0,1.0,1.0,A01
201400037022,0,7,0,0.0,2.0,2.0,15.0,A01
201400037022,0,7,0,0.0,2.0,6.0,19.0,B01
201400037023,1,7,0,0.0,2.0,8.0,0.0,A01
201400037023,0,30,0,0.0,2.0,7.0,1.0,B01
201400037024,0,7,0,0.0,2.0,3.0,13.0,A01
201400037024,0,7,0,0.0,2.0,3.0,1.0,B01
201400037025,0,30,0,0.0,2.0,8.0,1.0,A01
201400037025,0,7,0,0.0,2.0,2.0,1.0,B01
201400037026,0,10,0,0.0,1.0,1.0,9.0,A01
201400037027,0,7,0,0.0,1.0,2.0,1.0,A01
201400037028,0,2,0,0.0,2.0,1.0,1.0,B01
201400037028,0,7,0,0.0,0.0,1.0,15.0,A01
201400037029,0,7,0,6.0,0.0,0.0,0.0,A01
201400037030,0,7,0,0.0,1.0,2.0,0.0,A01
201400037031,0,7,0,0.0,1.0,3.0,15.0,A01
201400037032,0,7,0,6.0,0.0,1.0,1.0,A01
201400037033,0,7,0,0.0,2.0,1.0,1.0,C01
201400037033,0,33,0,0.0,2.0,1.0,17.0,A01
201400037033,0,7,0,0.0,2.0,8.0,13.0,B01
201400037034,0,7,0,0.0,2.0,1.0,1.0,B01
201400037034,2,7,0,0.0,2.0,7.0,15.0,A01
201400037035,0,7,0,0.0,1.0,8.0,2.0,A01
201400037036,0,7,0,0.0,2.0,8.0,0.0,A01
201400037036,0,7,0,0.0,2.0,1.0,0.0,B01
201400037037,0,7,0,0.0,2.0,4.0,23.0,B01
201400037037,0,7,0,0.0,2.0,1.0,1.0,A01
201400037038,0,7,0,0.0,1.0,2.0,0.0,A01
201400037039,0,7,0,0.0,2.0,8.0,11.0,A01
201400037039,0,14,0,0.0,2.0,2.0,1.0,B01
201400037039,0,10,0,0.0,2.0,1.0,1.0,C01
201400037040,0,7,0,0.0,2.0,3.0,1.0,B01
201400037040,0,7,0,0.0,2.0,7.0,1.0,A01
201400037041,0,2,0,0.0,9.0,8.0,2.0,A01
201400037041,0,2,0,0.0,9.0,7.0,2.0,B01
201400037042,1,99,0,0.0,2.0,1.0,2.0,A01
201400037042,0,7,0,0.0,0.0,0.0,0.0,B01
201400037043,0,7,0,0.0,0.0,8.0,0.0,A01
201400037044,0,7,0,0.0,1.0,1.0,1.0,A01
201400037045,0,7,0,0.0,1.0,1.0,1.0,A01
201400037046,0,7,0,0.0,2.0,2.0,15.0,A01
201400037046,0,33,0,0.0,2.0,1.0,1.0,B01
201400037047,0,2,0,0.0,2.0,8.0,16.0,B01
201400037047,1,7,0,0.0,2.0,0.0,0.0,Z01
201400037048,0,7,0,2.0,0.0,1.0,18.0,A01
201400037049,0,33,0,0.0,2.0,1.0,1.0,A01
201400037049,0,7,0,0.0,2.0,6.0,2.0,B01
201400037050,0,7,0,0.0,2.0,1.0,1.0,A01
201400037050,0,34,0,0.0,2.0,4.0,23.0,B01
201400037051,0,17,0,0.0,2.0,7.0,17.0,A01
201400037051,0,1,0,12.0,2.0,8.0,1.0,B01
201400037052,0,7,0,2.0,0.0,1.0,16.0,A01
201400037053,0,7,0,3.0,2.0,1.0,14.0,A01
201400037053,0,1,0,3.0,2.0,4.0,1.0,B01
201400037054,0,7,0,0.0,2.0,1.0,0.0,B01
201400037054,0,2,0,0.0,2.0,8.0,0.0,A01
201400037055,0,33,0,0.0,2.0,1.0,1.0,A01
201400037055,1,7,0,0.0,2.0,5.0,15.0,Z01
201400037056,0,7,0,0.0,2.0,2.0,1.0,B01
201400037056,1,7,0,15.0,2.0,0.0,1.0,A01
201400037057,0,7,0,0.0,0.0,0.0,0.0,A01
201400037057,0,30,0,0.0,0.0,0.0,0.0,B01
201400037058,0,33,0,0.0,2.0,8.0,1.0,B01
201400037058,0,10,0,0.0,2.0,3.0,15.0,A01
201400037059,0,7,0,0.0,0.0,1.0,11.0,A01
201400037060,0,2,0,0.0,0.0,0.0,1.0,B01
201400037060,0,7,0,0.0,0.0,0.0,11.0,A01