Num_Acc,senc,catv,occutc,obs,obsm,choc,manv,num_veh
201400037061,0,10,0,0.0,1.0,1.0,1.0,A01
201400037062,0,7,0,0.0,2.0,6.0,10.0,A01
201400037062,0,31,0,0.0,2.0,8.0,17.0,B01
201400037063,2,10,0,8.0,2.0,1.0,2.0,A01
201400037063,0,7,0,0.0,2.0,1.0,2.0,B01
201400037064,0,7,0,0.0,2.0,1.0,1.0,A01
201400037064,0,7,0,0.0,0.0,8.0,10.0,B01
201400037065,0,7,0,15.0,0.0,1.0,1.0,A01
201400037066,0,7,0,0.0,1.0,4.0,4.0,A01
201400037067,0,33,0,8.0,0.0,1.0,17.0,A01
201400037068,0,7,0,0.0,2.0,2.0,1.0,B01
201400037068,0,7,0,0.0,2.0,3.0,13.0,A01
201400037069,0,37,10,0.0,1.0,8.0,0.0,A01
201400037070,0,7,0,0.0,1.0,2.0,1.0,B01
201400037071,0,2,0,1.0,0.0,1.0,0.0,B01
201400037071,0,7,0,0.0,0.0,4.0,0.0,A01
201400037072,0,10,0,0.0,4.0,7.0,1.0,A01
201400037073,0,2,0,0.0,2.0,1.0,1.0,A01
201400037073,0,7,0,0.0,0.0,4.0,1.0,B01
201400037074,0,7,0,8.0,0.0,1.0,1.0,A01
201400037075,0,7,0,0.0,2.0,1.0,15.0,A01
201400037075,0,2,0,0.0,2.0,1.0,1.0,B01
201400037076,0,7,0,0.0,9.0,2.0,1.0,A01
201400037076,0,1,0,0.0,0.0,8.0,1.0,C01
201400037077,0,33,0,0.0,2.0,8.0,1.0,A01
201400037077,0,7,0,0.0,2.0,1.0,1.0,B01
201400037078,0,7,0,0.0,9.0,0.0,1.0,B01
201400037078,0,7,0,0.0,2.0,1.0,17.0,C01
201400037078,0,1,0,0.0,0.0,8.0,19.0,A01
201400037079,0,1,0,0.0,2.0,1.0,1.0,B01
201400037079,0,7,0,0.0,9.0,1.0,1.0,A01
201400037080,0,7,0,0.0,2.0,1.0,1.0,A01
201400037080,0,1,0,0.0,2.0,8.0,15.0,B01
201400037081,0,7,0,0.0,2.0,3.0,9.0,A01
201400037081,0,7,0,0.0,2.0,2.0,1.0,B01
201400037082,0,36,0,0.0,2.0,1.0,5.0,A01
201400037082,0,21,0,0.0,2.0,1.0,1.0,B01
201400037083,0,7,0,0.0,2.0,2.0,1.0,B01
201400037083,0,7,0,0.0,2.0,3.0,15.0,A01
201400037084,0,2,0,14.0,0.0,1.0,21.0,A01
201400037084,0,7,0,0.0,2.0,6.0,23.0,B01
201400037085,0,31,0,0.0,2.0,1.0,1.0,B01
201400037085,0,10,0,0.0,2.0,3.0,19.0,A01
201400037086,0,7,0,0.0,1.0,1.0,9.0,A01
201400037087,0,7,0,0.0,2.0,3.0,1.0,A01
201400037087,0,1,0,0.0,2.0,7.0,1.0,B01
201400037088,0,7,0,14.0,0.0,3.0,1.0,A01
201400037088,0,1,0,0.0,2.0,4.0,3.0,B01
201400037088,0,1,0,0.0,2.0,8.0,2.0,C01
201400037089,0,7,0,0.0,2.0,7.0,1.0,B01
201400037089,2,7,0,0.0,2.0,1.0,9.0,A01
201400037090,0,7,0,0.0,2.0,3.0,13.0,A01
201400037090,0,15,0,0.0,2.0,3.0,1.0,B01
201400037091,0,7,0,0.0,1.0,3.0,9.0,A01
201400037092,0,7,0,0.0,2.0,2.0,1.0,A01
201400037092,0,2,0,0.0,2.0,1.0,1.0,B01
201400037093,0,7,0,0.0,2.0,3.0,15.0,A01
201400037093,0,2,0,0.0,2.0,2.0,1.0,B01
201400037094,0,30,0,0.0,2.0,1.0,1.0,A01
201400037094,0,7,0,0.0,2.0,1.0,13.0,B01
201400037095,0,7,0,13.0,0.0,1.0,1.0,A01
201400037096,0,1,0,0.0,0.0,4.0,2.0,B01
201400037096,0,10,0,0.0,2.0,1.0,2.0,A01
201400037097,0,30,0,0.0,0.0,0.0,15.0,A01
201400037098,0,2,0,0.0,0.0,8.0,0.0,B01
201400037098,0,7,0,0.0,2.0,2.0,0.0,A01
201400037099,0,7,0,0.0,1.0,2.0,1.0,A01
201400037100,0,7,0,0.0,1.0,1.0,1.0,A01
201400037101,0,10,0,0.0,1.0,2.0,1.0,A01
201400037102,0,7,0,0.0,1.0,2.0,1.0,A01
201400037103,0,7,0,0.0,2.0,3.0,1.0,A01
201400037103,0,7,0,0.0,2.0,5.0,15.0,B01
201400037104,0,7,0,0.0,2.0,3.0,15.0,A01
201400037104,0,1,0,0.0,2.0,8.0,1.0,B01
201400037105,0,14,0,2.0,2.0,9.0,13.0,A01
201400037105,0,7,0,0.0,2.0,1.0,1.0,B01
201400037106,0,10,0,0.0,2.0,3.0,1.0,A01
201400037106,0,1,0,0.0,0.0,8.0,19.0,B01
201400037107,0,33,0,11.0,2.0,1.0,13.0,A01
201400037107,0,7,0,0.0,2.0,1.0,1.0,B01
201400037108,0,10,0,0.0,1.0,8.0,1.0,A01
201400037109,0,1,0,0.0,2.0,7.0,9.0,B01
201400037109,0,10,0,0.0,9.0,1.0,9.0,A01
201400037110,0,10,0,15.0,1.0,7.0,1.0,A01
201400037111,0,7,0,1.0,0.0,1.0,14.0,A01
201400037112,0,7,0,0.0,0.0,3.0,1.0,B01
201400037112,0,33,0,0.0,2.0,1.0,1.0,A01
201400037113,0,7,0,0.0,2.0,7.0,1.0,B01
201400037113,0,7,0,0.0,2.0,1.0,1.0,A01
201400037114,0,20,0,0.0,2.0,4.0,4.0,A01
201400037114,0,7,0,0.0,2.0,1.0,23.0,B01
201400037115,0,14,0,0.0,2.0,7.0,1.0,A01
201400037115,0,1,0,0.0,0.0,8.0,1.0,B01
201400037116,0,7,0,2.0,0.0,1.0,1.0,A01
201400037117,0,7,0,0.0,0.0,3.0,1.0,B01
201400037117,0,7,0,0.0,2.0,1.0,13.0,A01
201400037118,0,33,0,0.0,1.0,1.0,0.0,A01
201400037119,0,10,0,0.0,1.0,3.0,1.0,A01
201400037120,0,15,0,0.0,2.0,5.0,2.0,B01
201400037120,0,31,0,0.0,2.0,1.0,2.0,A01
201400037121,0,10,0,0.0,0.0,6.0,9.0,A01
201400037121,0,2,0,0.0,2.0,1.0,1.0,B01
201400037122,0,7,0,0.0,1.0,1.0,1.0,A01
201400037123,0,7,0,0.0,2.0,3.0,9.0,A01
201400037123,0,33,0,0.0,2.0,1.0,1.0,B01
201400037124,0,7,0,0.0,2.0,8.0,1.0,B01
201400037124,0,7,0,0.0,2.0,3.0,15.0,A01
201400037125,0,7,0,0.0,2.0,1.0,0.0,A01
201400037125,0,1,0,0.0,2.0,9.0,0.0,B01
201400037126,0,33,0,11.0,0.0,1.0,17.0,A01
201400037127,1,7,0,0.0,1.0,1.0,20.0,A01
201400037128,0,2,0,0.0,2.0,1.0,15.0,A01
201400037128,0,10,0,0.0,0.0,3.0,1.0,B01
201400037129,0,7,0,0.0,1.0,3.0,1.0,A01
201400037130,0,7,0,0.0,1.0,2.0,1.0,A01
201400037131,0,10,0,0.0,2.0,1.0,13.0,A01
201400037131,0,10,0,0.0,2.0,1.0,1.0,B01
201400037132,0,10,0,0.0,1.0,1.0,1.0,A01
201400037133,0,10,0,8.0,0.0,1.0,1.0,A01
201400037134,0,10,0,0.0,1.0,2.0,1.0,A01
201400037135,0,30,0,0.0,2.0,1.0,1.0,B01
201400037135,0,7,0,0.0,2.0,2.0,15.0,A01
201400037136,0,10,0,0.0,1.0,6.0,15.0,A01
201400037137,0,7,0,0.0,2.0,1.0,1.0,B01
201400037137,0,7,0,3.0,2.0,1.0,5.0,A01
201400037138,0,7,0,0.0,2.0,7.0,5.0,A01
201400037138,0,7,0,0.0,2.0,1.0,1.0,B01
201400037139,0,7,0,0.0,2.0,2.0,5.0,A01
201400037139,0,7,0,0.0,2.0,8.0,1.0,B01
201400037139,0,7,0,0.0,2.0,1.0,1.0,C01
201400037140,0,33,0,0.0,2.0,8.0,21.0,A01
201400037140,0,7,0,0.0,2.0,3.0,1.0,B01
201400037141,0,7,0,0.0,1.0,1.0,1.0,A01
201400037142,0,7,0,0.0,1.0,7.0,1.0,A01
201400037143,0,30,0,0.0,2.0,8.0,5.0,A01
201400037143,0,7,0,0.0,2.0,2.0,1.0,B01
201400037144,0,7,0,0.0,2.0,3.0,15.0,A01
201400037144,0,7,0,0.0,2.0,1.0,1.0,B01
201400037145,0,7,0,0.0,2.0,1.0,1.0,B01
201400037145,0,7,0,0.0,2.0,7.0,0.0,A01
201400037146,0,7,0,0.0,1.0,1.0,0.0,A01
201400037147,0,7,0,0.0,2.0,1.0,15.0,A01
201400037147,0,2,0,0.0,2.0,1.0,1.0,B01
201400037148,0,1,0,0.0,2.0,9.0,0.0,B01
201400037148,1,7,0,0.0,0.0,0.0,0.0,A01
201400037149,0,7,0,0.0,0.0,1.0,1.0,A01
201400037150,0,7,0,13.0,0.0,9.0,1.0,A01
201400037150,0,7,0,0.0,0.0,0.0,1.0,B01
201400037151,0,10,0,0.0,2.0,8.0,1.0,B01
201400037151,0,2,0,0.0,2.0,1.0,19.0,A01
201400037152,0,7,0,0.0,1.0,3.0,1.0,A01
201400037153,0,30,0,0.0,2.0,7.0,1.0,B01
201400037153,0,7,0,0.0,2.0,3.0,9.0,A01
201400037154,0,7,0,0.0,2.0,0.0,1.0,A01
201400037154,0,1,0,0.0,2.0,1.0,19.0,B01
201400037155,0,7,0,0.0,1.0,1.0,16.0,A01
201400037156,0,7,0,0.0,2.0,1.0,9.0,A01
201400037156,0,7,0,0.0,2.0,7.0,1.0,B01
201400037157,0,7,0,0.0,2.0,3.0,13.0,A01
201400037157,0,7,0,0.0,2.0,3.0,1.0,B01
201400037158,0,2,0,8.0,0.0,1.0,1.0,A01
201400037159,0,7,0,0.0,2.0,1.0,15.0,A01
201400037159,0,32,0,0.0,2.0,1.0,1.0,B01
201400037160,0,7,0,0.0,1.0,2.0,1.0,A01
201400037161,0,2,0,0.0,2.0,1.0,17.0,B01
201400037161,0,7,0,0.0,0.0,0.0,15.0,A01
201400037162,0,7,0,0.0,2.0,6.0,2.0,B01
201400037162,0,33,0,0.0,2.0,3.0,13.0,A01
201400037163,0,7,0,0.0,2.0,1.0,0.0,A01
201400037163,0,7,0,0.0,2.0,3.0,1.0,B01
201400037164,0,7,0,0.0,2.0,3.0,9.0,A01
201400037164,0,32,0,0.0,2.0,7.0,1.0,B01
201400037165,0,7,0,0.0,1.0,1.0,1.0,A01
201400037166,0,7,0,0.0,2.0,1.0,13.0,A01
201400037166,0,7,0,0.0,2.0,1.0,1.0,B01
201400037167,1,7,0,0.0,1.0,2.0,1.0,Z01
201400037168,0,33,0,0.0,2.0,8.0,3.0,A01
201400037168,0,7,0,0.0,2.0,3.0,1.0,B01
201400037169,0,1,0,0.0,2.0,1.0,1.0,B01
201400037169,0,37,1,0.0,2.0,5.0,17.0,A01
201400037170,0,7,0,0.0,2.0,2.0,1.0,A01
201400037170,0,1,0,0.0,2.0,8.0,13.0,B01
201400037171,0,31,0,14.0,0.0,1.0,1.0,A01
201400037172,0,1,0,0.0,1.0,1.0,1.0,A01
201400037173,0,7,0,0.0,1.0,4.0,4.0,A01
201400037174,0,7,0,0.0,2.0,3.0,1.0,B01
201400037174,0,30,0,0.0,2.0,1.0,9.0,A01
201400037175,0,32,0,0.0,2.0,1.0,2.0,A01
201400037175,0,10,0,0.0,2.0,4.0,2.0,B01
201400037176,0,33,0,0.0,2.0,1.0,1.0,B01
201400037176,0,7,0,0.0,2.0,3.0,10.0,A01
201400037177,0,1,0,0.0,2.0,8.0,19.0,A01
201400037177,0,7,0,0.0,2.0,3.0,16.0,B01
201400037178,0,7,0,0.0,1.0,2.0,1.0,A01
201400037179,0,2,0,0.0,2.0,0.0,1.0,B01
201400037179,0,7,0,0.0,2.0,0.0,0.0,A01
201400037180,0,30,0,0.0,2.0,1.0,1.0,A01
201400037180,0,7,0,0.0,2.0,2.0,16.0,B01
201400037181,0,7,0,0.0,2.0,3.0,24.0,A01
201400037181,0,30,0,1.0,0.0,2.0,1.0,B01
201400037182,0,7,0,0.0,2.0,3.0,10.0,A01
201400037182,0,31,0,0.0,2.0,1.0,17.0,B01
201400037183,0,30,0,9.0,0.0,7.0,1.0,A01
201400037184,0,2,0,0.0,2.0,1.0,1.0,B01
201400037184,0,2,0,0.0,2.0,2.0,1.0,A01
201400037185,0,7,0,13.0,0.0,9.0,1.0,A01
201400037186,0,7,0,0.0,2.0,1.0,1.0,B01
201400037186,2,7,0,0.0,2.0,1.0,13.0,A01
201400037187,0,7,0,0.0,2.0,3.0,1.0,C01
201400037187,0,7,0,0.0,2.0,1.0,17.0,A01
201400037187,0,7,0,0.0,2.0,8.0,1.0,B01
201400037188,0,7,0,0.0,2.0,3.0,9.0,A01
201400037188,0,1,0,0.0,2.0,7.0,1.0,B01
201400037189,0,7,0,6.0,2.0,7.0,1.0,B01
201400037189,0,10,0,0.0,2.0,1.0,1.0,A01
201400037190,1,7,0,0.0,2.0,0.0,20.0,Z01
201400037190,0,1,0,0.0,2.0,3.0,1.0,B01
201400037191,0,32,0,0.0,1.0,1.0,1.0,A01
201400037192,0,30,0,0.0,2.0,1.0,1.0,B01
201400037192,0,7,0,0.0,2.0,8.0,9.0,A01
201400037193,0,7,0,0.0,2.0,3.0,9.0,A01
201400037193,0,1,0,0.0,2.0,2.0,1.0,B01
201400037194,0,1,0,0.0,2.0,2.0,13.0,A01
201400037194,0,1,0,0.0,2.0,1.0,1.0,B01
201400037195,0,7,0,0.0,2.0,2.0,1.0,B01
201400037195,0,1,0,0.0,2.0,7.0,19.0,A01
201400037196,0,7,0,0.0,2.0,7.0,14.0,A01
201400037196,0,1,0,0.0,2.0,8.0,1.0,B01
201400037197,0,30,0,0.0,9.0,7.0,14.0,A01
201400037198,0,33,0,0.0,2.0,1.0,1.0,B01
201400037198,0,7,0,0.0,2.0,1.0,9.0,A01
201400037199,0,7,0,0.0,1.0,1.0,1.0,A01
201400037200,0,1,0,0.0,2.0,7.0,1.0,B01
201400037200,0,2,0,0.0,2.0,3.0,9.0,A01
201400037201,0,7,0,0.0,2.0,2.0,1.0,A01
201400037201,0,1,0,0.0,2.0,1.0,15.0,B01
201400037202,0,7,0,0.0,2.0,2.0,16.0,A01
201400037202,0,30,0,0.0,2.0,3.0,1.0,B01
201400037203,0,1,0,0.0,2.0,1.0,5.0,A01
201400037203,0,7,0,0.0,2.0,2.0,1.0,B01
201400037204,0,1,0,0.0,2.0,7.0,1.0,B01
201400037204,0,7,0,0.0,2.0,3.0,22.0,A01
201400037204,0,7,0,0.0,2.0,2.0,14.0,C01
201400037205,0,1,0,0.0,2.0,1.0,1.0,B01
201400037205,0,7,0,0.0,2.0,2.0,9.0,A01
201400037206,0,33,0,0.0,2.0,2.0,1.0,B01
201400037206,0,7,0,0.0,2.0,8.0,9.0,A01
201400037207,0,7,0,0.0,1.0,1.0,14.0,A01
201400037208,0,30,0,0.0,2.0,7.0,1.0,B01
201400037208,0,7,0,0.0,2.0,3.0,9.0,A01
201400037209,0,7,0,0.0,1.0,1.0,1.0,A01
201400037210,0,7,0,0.0,1.0,2.0,1.0,A01
201400037211,0,7,0,0.0,1.0,2.0,6.0,A01
201400037212,0,1,0,0.0,2.0,1.0,1.0,B01
201400037212,0,7,0,0.0,2.0,2.0,9.0,A01
201400037213,0,7,0,0.0,1.0,2.0,1.0,A01
201400037214,0,10,0,0.0,2.0,1.0,15.0,A01
201400037214,0,2,0,0.0,2.0,3.0,1.0,B01
201400037215,0,21,0,0.0,0.0,0.0,0.0,A01
201400037215,0,33,0,13.0,9.0,9.0,1.0,B01
201400037216,0,7,0,0.0,1.0,6.0,4.0,A01
201400037217,0,7,0,4.0,2.0,2.0,15.0,A01
201400037217,0,33,0,0.0,2.0,1.0,1.0,B01
201400037218,0,2,0,0.0,1.0,1.0,1.0,A01
201400037219,0,7,0,0.0,1.0,2.0,15.0,A01
201400037220,0,7,0,0.0,1.0,2.0,1.0,A01
201400037221,0,7,0,0.0,1.0,5.0,4.0,A01
201400037222,0,7,0,0.0,1.0,1.0,1.0,A01
201400037223,0,30,0,0.0,2.0,2.0,1.0,B01
201400037223,0,7,0,0.0,2.0,3.0,9.0,A01
201400037224,0,7,0,0.0,2.0,3.0,1.0,B01
201400037224,0,1,0,0.0,2.0,1.0,5.0,A01
201400037225,0,7,0,0.0,2.0,1.0,5.0,A01
201400037225,0,7,0,0.0,2.0,8.0,1.0,B01
201400037225,0,7,0,0.0,2.0,8.0,1.0,C01
201400037225,0,7,0,0.0,2.0,1.0,1.0,D01
201400037226,0,1,0,0.0,2.0,1.0,5.0,A01
201400037226,0,7,0,0.0,2.0,1.0,1.0,B01
201400037227,0,7,0,0.0,2.0,3.0,9.0,A01
201400037227,0,2,0,0.0,2.0,1.0,1.0,B01
201400037228,0,7,0,0.0,2.0,3.0,5.0,A01
201400037228,0,7,0,0.0,2.0,8.0,1.0,B01
201400037229,0,32,0,14.0,0.0,1.0,1.0,A01
201400037230,0,7,0,0.0,1.0,2.0,1.0,A01
201400037231,0,33,0,0.0,2.0,1.0,16.0,A01
201400037231,0,7,0,0.0,2.0,3.0,23.0,B01
201400037232,0,10,0,0.0,1.0,2.0,1.0,A01
201400037233,0,10,0,0.0,1.0,3.0,1.0,A01
201400037234,0,7,0,0.0,1.0,2.0,1.0,A01
201400037235,0,7,0,0.0,1.0,3.0,1.0,A01
201400037236,0,7,0,0.0,2.0,2.0,1.0,B01
201400037236,0,1,0,2.0,2.0,1.0,1.0,A01
201400037237,0,7,0,0.0,2.0,3.0,13.0,A01
201400037237,0,7,0,0.0,2.0,3.0,1.0,B01
201400037238,0,33,0,0.0,1.0,0.0,11.0,A01
201400037238,0,7,0,0.0,2.0,6.0,13.0,B01
201400037239,0,30,0,0.0,2.0,7.0,2.0,A01
201400037239,0,30,0,0.0,2.0,8.0,2.0,B01
201400037240,0,10,0,0.0,2.0,1.0,1.0,B01
201400037240,0,7,0,0.0,2.0,2.0,15.0,A01
201400037241,0,30,0,0.0,2.0,3.0,17.0,A01
201400037241,0,7,0,0.0,2.0,8.0,1.0,B01
201400037241,0,7,0,0.0,2.0,7.0,1.0,C01
201400037242,0,7,0,0.0,2.0,3.0,15.0,A01
201400037242,0,1,0,0.0,2.0,1.0,23.0,B01
201400037243,0,7,0,0.0,1.0,3.0,1.0,A01
201400037244,0,7,0,0.0,2.0,7.0,1.0,B01
201400037244,0,7,0,0.0,2.0,1.0,1.0,A01
201400037245,0,2,0,0.0,2.0,1.0,1.0,B01
201400037245,0,10,0,0.0,2.0,3.0,9.0,A01
201400037246,0,7,0,0.0,2.0,3.0,0.0,A01
201400037246,0,7,0,0.0,2.0,1.0,1.0,B01
201400037247,0,7,0,6.0,0.0,1.0,1.0,A01
201400037248,0,7,0,3.0,0.0,1.0,0.0,A01
201400037249,0,7,0,0.0,2.0,3.0,9.0,A01
201400037249,0,30,0,0.0,2.0,1.0,1.0,B01
201400037250,0,7,0,0.0,1.0,2.0,1.0,A01
201400037251,0,30,0,0.0,2.0,1.0,1.0,B01
201400037251,0,7,0,0.0,2.0,3.0,16.0,A01
201400037252,0,3,0,0.0,2.0,3.0,16.0,A01
201400037252,0,7,0,0.0,2.0,7.0,21.0,B01
201400037253,0,7,0,0.0,1.0,1.0,1.0,A01
201400037254,0,2,0,14.0,0.0,1.0,1.0,A01
201400037255,0,7,0,0.0,2.0,1.0,10.0,A01
201400037255,0,10,0,0.0,2.0,1.0,1.0,B01
201400037256,0,7,0,0.0,2.0,1.0,1.0,A01
201400037256,0,7,0,0.0,2.0,4.0,2.0,B01
201400037257,0,33,0,3.0,0.0,1.0,1.0,A01
201400037258,0,2,0,0.0,0.0,0.0,1.0,A01
201400037258,0,7,0,0.0,0.0,2.0,1.0,B01
201400037259,0,7,0,0.0,2.0,3.0,1.0,A01
201400037259,0,7,0,0.0,2.0,8.0,1.0,B01
201400037260,0,7,0,0.0,2.0,1.0,15.0,A01
201400037260,0,2,0,0.0,2.0,1.0,1.0,B01
201400037261,0,7,0,0.0,2.0,3.0,10.0,A01
201400037261,0,31,0,0.0,2.0,1.0,1.0,B01
201400037262,0,7,0,0.0,1.0,2.0,1.0,A01
201400037263,0,7,0,2.0,0.0,8.0,1.0,A01
201400037264,0,2,0,0.0,2.0,1.0,2.0,A01
201400037264,1,7,0,0.0,2.0,4.0,2.0,Z01
201400037265,0,7,0,0.0,2.0,4.0,2.0,C01
201400037265,0,7,0,0.0,2.0,1.0,2.0,B01
201400037265,0,31,0,0.0,2.0,1.0,1.0,A01
201400037266,0,3,0,0.0,2.0,1.0,1.0,A01
201400037266,0,7,0,0.0,2.0,8.0,15.0,B01
201400037266,0,7,0,0.0,2.0,8.0,16.0,C01
201400037267,0,7,0,0.0,2.0,1.0,1.0,A01
201400037267,0,3,0,0.0,2.0,4.0,2.0,B01
201400037267,0,10,0,0.0,2.0,4.0,2.0,C01
201400037268,0,7,0,0.0,2.0,8.0,1.0,A01
201400037268,0,33,0,0.0,2.0,1.0,12.0,B01
201400037269,0,7,0,0.0,2.0,3.0,20.0,A01
201400037269,0,2,0,0.0,2.0,1.0,1.0,B01
201400037270,0,30,0,0.0,2.0,1.0,1.0,A01
201400037270,0,7,0,0.0,2.0,1.0,1.0,B01
201400037271,0,14,0,0.0,2.0,3.0,1.0,A01
201400037271,0,7,0,0.0,2.0,4.0,15.0,B01
201400037271,0,7,0,0.0,2.0,1.0,1.0,C01
201400037272,0,10,0,0.0,2.0,1.0,1.0,A01
201400037272,0,2,0,0.0,2.0,4.0,1.0,B01
201400037272,0,7,0,0.0,2.0,1.0,1.0,C01
201400037273,0,32,0,0.0,1.0,8.0,1.0,A01
201400037274,0,7,0,0.0,1.0,1.0,1.0,A01
201400037275,0,7,0,6.0,0.0,8.0,0.0,A01
201400037276,0,2,0,0.0,2.0,1.0,2.0,A01
201400037276,0,7,0,0.0,2.0,4.0,1.0,B01
201400037277,0,2,0,0.0,2.0,1.0,1.0,A01
201400037277,0,7,0,0.0,2.0,2.0,1.0,B01
201400037278,0,7,0,0.0,2.0,1.0,2.0,A01
201400037278,0,7,0,0.0,2.0,4.0,1.0,B01
201400037279,0,7,0,0.0,2.0,8.0,9.0,A01
201400037279,0,7,0,0.0,2.0,2.0,1.0,B01
201400037280,1,7,0,15.0,1.0,2.0,1.0,Z01
201400037281,0,7,0,0.0,1.0,1.0,15.0,A01
201400037282,0,7,0,0.0,1.0,4.0,4.0,A01
201400037283,0,7,0,0.0,2.0,1.0,1.0,A01
201400037283,0,7,0,0.0,2.0,4.0,1.0,B01
201400037283,0,7,0,0.0,2.0,4.0,1.0,C01
201400037284,0,7,0,0.0,1.0,7.0,0.0,A01
201400037285,0,1,0,0.0,2.0,3.0,19.0,B01
201400037285,1,7,0,0.0,2.0,2.0,1.0,Z01
201400037286,0,7,0,0.0,2.0,7.0,16.0,A01
201400037286,0,1,0,0.0,2.0,8.0,9.0,B01
201400037287,0,7,0,0.0,2.0,8.0,15.0,A01
201400037287,0,33,0,0.0,2.0,1.0,1.0,B01
201400037288,0,7,0,0.0,2.0,3.0,9.0,A01
201400037288,0,10,0,0.0,2.0,1.0,1.0,B01
201400037289,0,7,0,5.0,0.0,3.0,13.0,A01
201400037290,0,33,0,0.0,2.0,4.0,2.0,B01
201400037290,0,7,0,0.0,2.0,1.0,1.0,A01
201400037290,0,7,0,0.0,2.0,4.0,2.0,C01
201400037291,0,7,0,0.0,1.0,0.0,1.0,A01
201400037292,0,7,0,0.0,1.0,2.0,1.0,A01
201400037293,0,10,0,1.0,2.0,1.0,1.0,A01
201400037293,0,10,0,0.0,2.0,3.0,1.0,B01
201400037294,0,14,0,0.0,2.0,1.0,1.0,A01
201400037294,0,7,0,0.0,2.0,4.0,1.0,B01
201400037295,0,7,0,0.0,2.0,4.0,1.0,B01
201400037295,0,7,0,0.0,2.0,1.0,1.0,A01
201400037296,0,34,0,1.0,0.0,1.0,1.0,A01
201400037297,0,7,0,0.0,2.0,1.0,5.0,A01
201400037297,0,7,0,0.0,2.0,1.0,1.0,B01
201400037298,0,7,0,0.0,1.0,1.0,1.0,A01
201400037299,0,7,0,0.0,2.0,1.0,13.0,A01
201400037299,0,10,0,0.0,2.0,3.0,1.0,B01
201400037299,0,7,0,0.0,2.0,3.0,1.0,C01
201400037300,0,7,0,0.0,1.0,2.0,1.0,A01
201400037301,0,7,0,0.0,1.0,1.0,1.0,A01
201400037302,0,7,0,0.0,2.0,1.0,1.0,A01
201400037302,0,10,0,0.0,2.0,4.0,2.0,B01
201400037302,0,7,0,0.0,2.0,4.0,2.0,C01
201400037303,0,37,1,0.0,1.0,5.0,1.0,A01
201400037304,0,1,0,0.0,2.0,1.0,1.0,A01
201400037304,0,7,0,0.0,2.0,2.0,1.0,B01
201400037305,0,7,0,0.0,2.0,2.0,15.0,A01
201400037305,0,33,0,0.0,2.0,1.0,1.0,B01
201400037306,0,7,0,0.0,2.0,1.0,1.0,B01
201400037306,0,7,0,0.0,2.0,2.0,1.0,A01
201400037307,0,7,0,0.0,2.0,7.0,15.0,A01
201400037307,0,7,0,0.0,2.0,1.0,1.0,B01
201400037308,0,7,0,0.0,0.0,0.0,9.0,A01
201400037308,0,33,0,0.0,0.0,8.0,1.0,B01
201400037309,0,7,0,0.0,1.0,1.0,1.0,A01
201400037310,0,7,0,0.0,2.0,1.0,1.0,A01
201400037310,0,7,0,0.0,0.0,4.0,1.0,B01
201400037311,0,7,0,0.0,2.0,2.0,15.0,A01
201400037311,0,7,0,0.0,2.0,3.0,1.0,B01
201400037312,0,7,0,12.0,0.0,1.0,1.0,A01
201400037313,0,7,0,3.0,2.0,1.0,1.0,A01
201400037313,0,7,0,0.0,2.0,1.0,1.0,B01
201400037314,0,7,0,0.0,2.0,7.0,17.0,A01
201400037314,0,1,0,0.0,2.0,8.0,1.0,B01
201400037315,0,7,0,0.0,2.0,8.0,15.0,A01
201400037315,0,7,0,0.0,2.0,1.0,1.0,B01
201400037316,0,33,0,0.0,1.0,8.0,1.0,A01
201400037317,0,7,0,0.0,2.0,1.0,1.0,A01
201400037317,0,7,0,0.0,2.0,4.0,2.0,B01
201400037318,0,7,0,0.0,1.0,3.0,1.0,A01
201400037318,0,38,1,0.0,1.0,3.0,1.0,B01
201400037319,0,10,0,13.0,0.0,2.0,1.0,A01
201400037320,0,30,0,16.0,0.0,7.0,1.0,A01
201400037321,0,7,0,0.0,2.0,1.0,0.0,A01
201400037321,0,7,0,0.0,2.0,1.0,1.0,B01
201400037322,0,7,0,0.0,2.0,2.0,15.0,A01
201400037322,0,30,0,0.0,2.0,3.0,1.0,B01
201400037323,0,7,0,13.0,2.0,4.0,2.0,B01
201400037323,0,7,0,0.0,2.0,1.0,1.0,A01
201400037324,0,7,0,0.0,1.0,7.0,1.0,A01
201400037325,0,7,0,0.0,2.0,1.0,1.0,A01
201400037325,0,7,0,0.0,2.0,4.0,1.0,B01
201400037326,0,7,0,0.0,2.0,3.0,15.0,A01
201400037326,0,7,0,0.0,2.0,1.0,1.0,B01
201400037327,0,7,0,0.0,2.0,1.0,1.0,A01
201400037327,0,7,0,0.0,2.0,4.0,1.0,B01
201400037328,0,7,0,6.0,0.0,1.0,1.0,A01
201400037329,0,37,1,0.0,0.0,0.0,17.0,A01
201400037329,0,33,0,1.0,0.0,5.0,1.0,B01
201400037330,0,7,0,0.0,2.0,1.0,1.0,B01
201400037330,0,7,0,0.0,2.0,8.0,1.0,A01
201400037331,0,7,0,0.0,2.0,2.0,15.0,A01
201400037331,0,7,0,0.0,2.0,1.0,1.0,B01
201400037332,0,7,0,13.0,0.0,7.0,1.0,A01
201400037333,0,7,0,0.0,2.0,1.0,1.0,A01
201400037333,0,7,0,0.0,2.0,9.0,1.0,B01
201400037334,0,7,0,0.0,2.0,3.0,20.0,A01
201400037334,0,7,0,0.0,2.0,2.0,1.0,B01