Num_Acc,senc,catv,occutc,obs,obsm,choc,manv,num_veh
201400037335,0,10,0,0.0,2.0,2.0,15.0,A01
201400037335,0,7,0,0.0,2.0,1.0,1.0,B01
201400037336,0,7,0,9.0,0.0,0.0,1.0,A01
201400037337,0,7,0,0.0,2.0,1.0,2.0,A01
201400037337,0,7,0,0.0,2.0,4.0,2.0,B01
201400037337,0,7,0,0.0,2.0,4.0,2.0,C01
201400037337,0,7,0,0.0,0.0,4.0,2.0,D01
201400037338,0,7,0,0.0,2.0,1.0,1.0,A01
201400037338,0,7,0,0.0,2.0,4.0,2.0,B01
201400037338,0,7,0,0.0,2.0,4.0,2.0,C01
201400037339,0,7,0,0.0,2.0,2.0,1.0,A01
201400037339,0,7,0,0.0,2.0,3.0,1.0,B01
201400037340,0,7,0,0.0,1.0,1.0,15.0,A01
201400037341,0,7,0,0.0,2.0,8.0,1.0,A01
201400037341,0,7,0,0.0,2.0,1.0,1.0,B01
201400037342,0,2,0,0.0,2.0,1.0,1.0,B01
201400037342,0,7,0,0.0,2.0,3.0,9.0,A01
201400037343,0,7,0,0.0,1.0,1.0,1.0,A01
201400037344,0,7,0,16.0,0.0,9.0,17.0,A01
201400037345,0,7,0,0.0,1.0,4.0,4.0,A01
201400037346,0,7,0,0.0,2.0,8.0,10.0,A01
201400037346,0,33,0,0.0,2.0,1.0,1.0,B01
201400037347,0,7,0,0.0,1.0,1.0,1.0,A01
201400037348,0,10,0,0.0,2.0,1.0,1.0,A01
201400037348,0,7,0,0.0,2.0,4.0,1.0,B01
201400037348,0,7,0,0.0,2.0,4.0,1.0,C01
201400037349,0,7,0,0.0,2.0,1.0,1.0,A01
201400037349,0,7,0,0.0,2.0,4.0,23.0,B01
201400037350,0,10,0,13.0,0.0,1.0,1.0,A01
201400037351,0,7,0,0.0,2.0,1.0,2.0,A01
201400037351,0,7,0,6.0,2.0,4.0,2.0,B01
201400037352,0,7,0,0.0,2.0,2.0,1.0,A01
201400037352,0,7,0,6.0,2.0,3.0,1.0,B01
201400037353,0,7,0,4.0,0.0,1.0,1.0,A01
201400037354,0,7,0,0.0,1.0,1.0,1.0,A01
201400037355,0,7,0,0.0,1.0,3.0,15.0,A01
201400037356,0,1,0,0.0,2.0,7.0,1.0,B01
201400037356,0,7,0,0.0,2.0,1.0,1.0,A01
201400037357,0,7,0,0.0,2.0,1.0,2.0,A01
201400037357,0,7,0,0.0,2.0,4.0,2.0,B01
201400037357,0,7,0,0.0,2.0,4.0,2.0,C01
201400037358,0,1,0,0.0,2.0,3.0,19.0,A01
201400037358,0,7,0,0.0,2.0,1.0,1.0,B01
201400037359,0,7,0,0.0,2.0,8.0,15.0,B01
201400037359,0,7,0,0.0,2.0,3.0,1.0,A01
201400037360,0,7,0,0.0,2.0,1.0,9.0,A01
201400037360,0,1,0,0.0,2.0,7.0,1.0,B01
201400037361,0,7,0,1.0,0.0,2.0,1.0,A01
201400037362,0,7,0,0.0,2.0,1.0,2.0,A01
201400037362,0,7,0,0.0,2.0,4.0,2.0,B01
201400037362,0,7,0,0.0,0.0,4.0,2.0,C01
201400037363,0,7,0,0.0,2.0,6.0,15.0,A01
201400037363,0,33,0,0.0,2.0,1.0,1.0,B01
201400037364,0,10,0,0.0,2.0,1.0,2.0,A01
201400037364,0,7,0,0.0,2.0,4.0,13.0,B01
201400037364,0,7,0,0.0,2.0,4.0,2.0,C01
201400037365,0,1,0,0.0,2.0,7.0,1.0,B01
201400037365,0,7,0,0.0,2.0,1.0,1.0,A01
201400037366,0,7,0,0.0,2.0,1.0,9.0,A01
201400037366,0,7,0,0.0,2.0,1.0,1.0,B01
201400037367,0,2,0,0.0,0.0,1.0,1.0,A01
201400037368,0,10,0,0.0,1.0,2.0,1.0,A01
201400037369,0,7,0,0.0,2.0,1.0,2.0,A01
201400037369,0,7,0,0.0,2.0,4.0,1.0,B01
201400037370,0,33,0,0.0,2.0,1.0,2.0,A01
201400037370,0,7,0,0.0,2.0,4.0,2.0,B01
201400037370,0,7,0,0.0,2.0,4.0,2.0,C01
201400037370,0,7,0,0.0,2.0,4.0,2.0,D01
201400037371,0,14,0,0.0,2.0,8.0,15.0,A01
201400037371,0,7,0,0.0,2.0,2.0,1.0,B01
201400037372,0,7,0,6.0,5.0,2.0,1.0,A01
201400037373,0,7,0,0.0,1.0,0.0,0.0,A01
201400037374,0,10,0,1.0,0.0,3.0,13.0,A01
201400037375,0,2,0,5.0,0.0,1.0,0.0,A01
201400037376,0,7,0,0.0,2.0,1.0,15.0,A01
201400037376,0,1,0,0.0,2.0,1.0,15.0,B01
201400037377,0,10,0,0.0,2.0,1.0,9.0,A01
201400037377,0,31,0,0.0,2.0,7.0,1.0,B01
201400037378,0,7,0,0.0,1.0,1.0,15.0,A01
201400037379,0,7,0,0.0,1.0,4.0,4.0,A01
201400037380,0,7,0,0.0,2.0,3.0,13.0,A01
201400037380,0,7,0,0.0,2.0,1.0,1.0,B01
201400037380,0,7,0,0.0,2.0,3.0,1.0,C01
201400037381,0,7,0,0.0,1.0,1.0,0.0,A01
201400037382,0,7,0,0.0,2.0,3.0,13.0,A01
201400037382,0,7,0,0.0,2.0,3.0,1.0,B01
201400037383,0,7,0,0.0,2.0,1.0,2.0,A01
201400037383,0,7,0,0.0,2.0,4.0,1.0,B01
201400037384,0,7,0,0.0,2.0,3.0,1.0,B01
201400037384,0,7,0,0.0,2.0,1.0,15.0,A01
201400037385,0,7,0,0.0,1.0,1.0,1.0,A01
201400037386,0,2,0,12.0,0.0,1.0,1.0,A01
201400037387,0,32,0,0.0,2.0,3.0,1.0,B01
201400037387,0,7,0,0.0,2.0,2.0,1.0,A01
201400037388,0,2,0,0.0,0.0,7.0,1.0,A01
201400037389,0,7,0,0.0,2.0,1.0,1.0,A01
201400037389,0,7,0,0.0,2.0,4.0,2.0,B01
201400037389,0,7,0,0.0,2.0,4.0,15.0,C01
201400037390,0,33,0,16.0,0.0,7.0,1.0,A01
201400037391,0,30,0,0.0,2.0,1.0,1.0,A01
201400037391,0,7,0,0.0,2.0,4.0,2.0,B01
201400037392,0,7,0,0.0,2.0,3.0,1.0,A01
201400037392,0,30,0,0.0,2.0,1.0,1.0,B01
201400037393,0,2,0,0.0,2.0,1.0,17.0,A01
201400037393,0,7,0,0.0,2.0,3.0,15.0,B01
201400037394,0,7,0,0.0,2.0,1.0,2.0,A01
201400037394,0,7,0,0.0,2.0,4.0,2.0,B01
201400037394,0,7,0,0.0,2.0,4.0,2.0,C01
201400037395,0,7,0,0.0,2.0,3.0,13.0,A01
201400037395,0,7,0,0.0,2.0,3.0,1.0,B01
201400037395,0,7,0,0.0,9.0,1.0,1.0,C01
201400037396,0,7,0,0.0,2.0,7.0,15.0,A01
201400037396,0,7,0,0.0,2.0,1.0,1.0,B01
201400037397,0,1,0,0.0,2.0,7.0,1.0,B01
201400037397,0,7,0,0.0,2.0,3.0,9.0,A01
201400037398,0,7,0,0.0,2.0,1.0,1.0,A01
201400037398,0,7,0,0.0,2.0,7.0,1.0,B01
201400037399,0,7,0,0.0,1.0,4.0,4.0,A01
201400037400,0,7,0,0.0,2.0,6.0,1.0,B01
201400037400,0,2,0,0.0,2.0,6.0,15.0,A01
201400037401,0,31,0,0.0,2.0,1.0,1.0,B01
201400037401,0,7,0,0.0,2.0,7.0,1.0,A01
201400037402,0,7,0,0.0,2.0,1.0,1.0,A01
201400037402,0,7,0,0.0,2.0,4.0,2.0,B01
201400037402,0,7,0,0.0,2.0,4.0,2.0,C01
201400037403,0,7,0,0.0,2.0,1.0,1.0,A01
201400037403,0,7,0,0.0,2.0,3.0,1.0,B01
201400037404,0,7,0,0.0,2.0,1.0,1.0,A01
201400037404,0,7,0,6.0,2.0,7.0,1.0,B01
201400037405,0,7,0,0.0,2.0,1.0,1.0,B01
201400037405,0,2,0,0.0,2.0,1.0,9.0,A01
201400037406,0,31,0,14.0,0.0,1.0,1.0,A01
201400037407,0,7,0,0.0,2.0,3.0,15.0,A01
201400037407,0,7,0,0.0,2.0,6.0,1.0,B01
201400037408,0,32,0,0.0,2.0,1.0,17.0,A01
201400037408,0,7,0,0.0,2.0,3.0,15.0,B01
201400037409,0,33,0,0.0,0.0,1.0,1.0,A01
201400037409,0,14,0,0.0,2.0,2.0,1.0,B01
201400037410,0,7,0,0.0,2.0,6.0,4.0,A01
201400037410,0,7,0,0.0,2.0,2.0,1.0,B01
201400037411,0,7,0,0.0,1.0,1.0,16.0,A01
201400037412,0,30,0,2.0,0.0,2.0,1.0,A01
201400037413,0,7,0,13.0,0.0,1.0,1.0,A01
201400037414,0,7,0,0.0,2.0,4.0,2.0,B01
201400037414,0,7,0,0.0,2.0,4.0,2.0,C01
201400037414,1,7,0,0.0,2.0,1.0,1.0,Z01
201400037415,0,14,0,0.0,2.0,1.0,1.0,A01
201400037415,0,14,0,0.0,2.0,3.0,1.0,B01
201400037416,0,7,0,0.0,2.0,1.0,15.0,A01
201400037416,0,33,0,0.0,2.0,2.0,17.0,B01
201400037417,0,7,0,12.0,0.0,7.0,1.0,A01
201400037418,0,30,0,0.0,2.0,1.0,1.0,A01
201400037418,0,10,0,0.0,2.0,5.0,2.0,B01
201400037419,0,7,0,1.0,0.0,9.0,1.0,A01
201400037420,0,7,0,1.0,0.0,3.0,14.0,A01
201400037420,0,7,0,0.0,2.0,8.0,24.0,B01
201400037421,0,7,0,0.0,2.0,3.0,5.0,A01
201400037421,0,7,0,0.0,2.0,3.0,1.0,B01
201400037422,0,7,0,0.0,2.0,1.0,1.0,A01
201400037422,0,7,0,0.0,2.0,4.0,2.0,B01
201400037423,0,7,0,0.0,1.0,3.0,15.0,A01
201400037424,0,7,0,0.0,1.0,3.0,1.0,A01
201400037425,0,7,0,0.0,0.0,9.0,1.0,A01
201400037426,0,1,0,0.0,2.0,8.0,0.0,B01
201400037426,0,7,0,0.0,2.0,1.0,16.0,A01
201400037427,0,7,0,0.0,2.0,1.0,15.0,A01
201400037427,0,7,0,0.0,2.0,1.0,1.0,B01
201400037428,0,10,0,0.0,1.0,1.0,1.0,A01
201400037429,0,7,0,0.0,2.0,1.0,2.0,A01
201400037429,0,7,0,0.0,2.0,4.0,2.0,B01
201400037430,1,7,0,0.0,1.0,0.0,0.0,Z01
201400037431,0,7,0,0.0,2.0,1.0,1.0,A01
201400037431,0,7,0,0.0,2.0,4.0,2.0,B01
201400037432,0,7,0,0.0,2.0,0.0,0.0,A01
201400037432,0,7,0,0.0,2.0,1.0,1.0,B01
201400037433,0,1,0,0.0,2.0,4.0,1.0,B01
201400037433,0,7,0,0.0,2.0,1.0,9.0,A01
201400037434,0,7,0,0.0,2.0,4.0,12.0,A01
201400037434,0,33,0,0.0,2.0,1.0,1.0,B01
201400037435,0,7,0,0.0,2.0,2.0,5.0,A01
201400037435,0,7,0,0.0,2.0,2.0,1.0,B01
201400037436,0,7,0,0.0,2.0,1.0,16.0,A01
201400037436,0,1,0,0.0,2.0,4.0,16.0,B01
201400037437,0,7,0,0.0,2.0,1.0,1.0,A01
201400037437,0,7,0,0.0,2.0,4.0,2.0,B01
201400037438,0,7,0,0.0,2.0,1.0,16.0,A01
201400037438,0,10,0,0.0,2.0,1.0,1.0,B01
201400037439,0,7,0,0.0,2.0,1.0,16.0,A01
201400037439,0,1,0,0.0,2.0,1.0,8.0,B01
201400037440,0,7,0,6.0,0.0,9.0,1.0,A01
201400037441,0,1,0,0.0,2.0,1.0,8.0,A01
201400037441,0,7,0,0.0,2.0,2.0,9.0,B01
201400037442,0,7,0,0.0,2.0,2.0,15.0,A01
201400037442,0,7,0,0.0,2.0,3.0,1.0,B01
201400037443,0,2,0,15.0,0.0,1.0,1.0,A01
201400037444,0,10,0,9.0,2.0,2.0,0.0,A01
201400037444,0,7,0,0.0,2.0,1.0,1.0,D01
201400037444,0,1,0,0.0,2.0,8.0,0.0,B01
201400037444,0,1,0,0.0,2.0,8.0,0.0,C01
201400037445,0,2,0,16.0,0.0,8.0,1.0,A01
201400037446,1,30,0,0.0,1.0,1.0,1.0,Z01
201400037447,0,7,0,0.0,1.0,1.0,1.0,A01
201400037448,0,2,0,16.0,0.0,0.0,1.0,A01
201400037449,0,7,0,0.0,1.0,3.0,1.0,A01
201400037450,0,7,0,0.0,1.0,8.0,0.0,A01
201400037451,0,7,0,0.0,2.0,1.0,1.0,A01
201400037451,0,7,0,0.0,2.0,1.0,15.0,B01
201400037452,0,10,0,0.0,2.0,1.0,15.0,A01
201400037452,0,30,0,0.0,2.0,1.0,1.0,B01
201400037453,0,7,0,0.0,2.0,8.0,10.0,A01
201400037453,0,31,0,0.0,2.0,1.0,1.0,B01
201400037454,0,7,0,0.0,1.0,2.0,1.0,A01
201400037455,0,2,0,16.0,0.0,8.0,1.0,A01
201400037456,0,7,0,3.0,0.0,8.0,0.0,A01
201400037457,0,7,0,13.0,0.0,1.0,1.0,A01
201400037458,0,37,1,0.0,2.0,1.0,1.0,A01
201400037458,0,7,0,0.0,2.0,4.0,2.0,B01
201400037458,0,7,0,0.0,2.0,4.0,2.0,C01
201400037459,0,7,0,0.0,2.0,5.0,15.0,A01
201400037459,0,33,0,0.0,2.0,1.0,1.0,B01
201400037460,0,17,0,0.0,2.0,2.0,1.0,A01
201400037460,0,7,0,0.0,2.0,3.0,9.0,B01
201400037461,0,2,0,0.0,2.0,1.0,1.0,B01
201400037461,0,7,0,0.0,2.0,8.0,15.0,A01
201400037462,0,7,0,6.0,0.0,1.0,1.0,A01
201400037463,0,7,0,0.0,1.0,1.0,1.0,A01
201400037464,0,7,0,0.0,2.0,2.0,16.0,A01
201400037464,0,30,0,0.0,2.0,1.0,1.0,B01
201400037465,0,2,0,0.0,2.0,1.0,9.0,A01
201400037465,0,7,0,0.0,2.0,2.0,15.0,B01
201400037466,0,7,0,13.0,0.0,1.0,1.0,A01
201400037466,0,7,0,0.0,2.0,1.0,2.0,B01
201400037467,0,7,0,8.0,0.0,2.0,1.0,A01
201400037468,0,2,0,0.0,2.0,1.0,1.0,A01
201400037468,0,7,0,0.0,2.0,4.0,1.0,B01
201400037469,0,7,0,0.0,1.0,0.0,1.0,A01
201400037470,0,30,0,0.0,2.0,8.0,1.0,B01
201400037470,1,1,0,0.0,2.0,1.0,1.0,Z01
201400037471,0,2,0,0.0,0.0,1.0,1.0,A01
201400037472,0,7,0,3.0,0.0,3.0,1.0,A01
201400037473,0,2,0,0.0,0.0,1.0,0.0,A01
201400037474,0,2,0,16.0,0.0,1.0,15.0,A01
201400037475,0,2,0,0.0,0.0,0.0,1.0,A01
201400037476,0,7,0,9.0,2.0,1.0,1.0,A01
201400037476,0,7,0,0.0,2.0,1.0,1.0,D01
201400037476,0,7,0,0.0,2.0,1.0,1.0,E01
201400037476,0,10,0,0.0,2.0,1.0,15.0,C01
201400037476,0,10,0,0.0,2.0,1.0,15.0,B01
201400037477,0,7,0,4.0,0.0,1.0,14.0,A01
201400037478,0,7,0,0.0,2.0,1.0,2.0,A01
201400037478,0,7,0,0.0,2.0,4.0,2.0,B01
201400037478,0,7,0,0.0,2.0,4.0,2.0,C01
201400037478,0,7,0,0.0,2.0,4.0,2.0,D01
201400037479,0,7,0,6.0,0.0,9.0,1.0,A01
201400037480,0,7,0,4.0,0.0,2.0,14.0,A01
201400037481,0,7,0,1.0,0.0,2.0,1.0,A01
201400037482,0,7,0,4.0,0.0,1.0,1.0,A01
201400037483,0,7,0,0.0,2.0,1.0,1.0,A01
201400037483,0,2,0,0.0,2.0,4.0,0.0,B01
201400037483,0,7,0,0.0,2.0,3.0,1.0,C01
201400037484,0,7,0,0.0,2.0,1.0,2.0,A01
201400037484,0,10,0,0.0,0.0,4.0,2.0,B01
201400037485,0,7,0,3.0,0.0,2.0,1.0,A01
201400037486,0,10,0,0.0,1.0,1.0,15.0,A01
201400037487,0,7,0,0.0,2.0,3.0,10.0,A01
201400037487,0,30,0,0.0,2.0,1.0,1.0,B01
201400037488,0,7,0,0.0,2.0,5.0,15.0,A01
201400037488,0,7,0,0.0,2.0,1.0,1.0,B01
201400037489,0,7,0,0.0,2.0,3.0,1.0,A01
201400037489,0,7,0,0.0,2.0,6.0,11.0,B01
201400037490,0,7,0,4.0,0.0,9.0,12.0,A01
201400037491,0,7,0,0.0,1.0,1.0,1.0,A01
201400037492,0,1,0,0.0,0.0,0.0,0.0,A01
201400037493,0,7,0,0.0,2.0,6.0,2.0,B01
201400037493,0,2,0,0.0,2.0,1.0,2.0,A01
201400037493,0,7,0,0.0,2.0,6.0,1.0,C01
201400037494,0,7,0,0.0,2.0,3.0,15.0,A01
201400037494,0,7,0,0.0,2.0,3.0,1.0,B01
201400037495,0,2,0,0.0,0.0,0.0,0.0,A01
201400037496,0,7,0,0.0,1.0,2.0,1.0,A01
201400037497,0,7,0,0.0,2.0,7.0,1.0,B01
201400037497,0,20,0,0.0,2.0,2.0,15.0,A01
201400037498,0,30,0,0.0,2.0,1.0,1.0,A01
201400037498,0,7,0,0.0,2.0,3.0,1.0,B01
201400037499,1,7,0,0.0,1.0,3.0,1.0,Z01
201400037500,0,7,0,4.0,0.0,1.0,1.0,A01
201400037501,0,7,0,0.0,1.0,1.0,1.0,A01
201400037502,0,7,0,0.0,1.0,1.0,1.0,A01
201400037503,0,7,0,0.0,2.0,2.0,21.0,A01
201400037503,0,10,0,0.0,2.0,2.0,21.0,C01
201400037503,0,7,0,0.0,2.0,6.0,1.0,B01
201400037503,0,7,0,0.0,2.0,6.0,23.0,D01
201400037504,0,7,0,0.0,2.0,0.0,1.0,B01
201400037504,0,7,0,0.0,2.0,3.0,1.0,C01
201400037504,0,7,0,0.0,2.0,1.0,9.0,A01
201400037505,0,7,0,0.0,2.0,1.0,2.0,A01
201400037505,0,7,0,0.0,2.0,4.0,23.0,B01
201400037506,0,2,0,0.0,0.0,8.0,1.0,A01
201400037507,0,7,0,0.0,2.0,1.0,15.0,A01
201400037507,0,30,0,0.0,2.0,8.0,1.0,B01
201400037508,0,2,0,0.0,0.0,8.0,1.0,A01
201400037509,0,7,0,7.0,0.0,1.0,1.0,A01
201400037510,0,15,0,0.0,2.0,7.0,11.0,C01
201400037510,0,7,0,0.0,2.0,2.0,1.0,B01
201400037510,0,15,0,0.0,2.0,2.0,16.0,A01
201400037511,0,2,0,0.0,0.0,7.0,0.0,A01
201400037512,0,33,0,0.0,2.0,3.0,17.0,A01
201400037512,0,7,0,0.0,2.0,1.0,15.0,B01
201400037513,0,7,0,0.0,1.0,2.0,1.0,A01
201400037514,0,7,0,0.0,1.0,1.0,1.0,A01
201400037515,0,7,0,0.0,2.0,3.0,15.0,A01
201400037515,0,2,0,0.0,2.0,1.0,17.0,B01
201400037516,0,2,0,0.0,2.0,1.0,1.0,B01
201400037516,0,7,0,0.0,2.0,2.0,15.0,A01
201400037517,0,7,0,0.0,1.0,1.0,16.0,A01
201400037518,0,2,0,0.0,0.0,0.0,0.0,A01
201400037519,0,7,0,0.0,2.0,2.0,1.0,A01
201400037519,0,30,0,0.0,2.0,1.0,1.0,B01
201400037520,0,30,0,0.0,2.0,1.0,1.0,B01
201400037520,0,7,0,0.0,2.0,6.0,9.0,A01
201400037521,0,10,0,2.0,0.0,1.0,0.0,A01
201400037522,0,7,0,13.0,0.0,1.0,1.0,A01
201400037523,0,7,0,0.0,0.0,9.0,0.0,A01
201400037524,0,7,0,0.0,1.0,4.0,4.0,A01
201400037525,0,7,0,3.0,0.0,1.0,1.0,A01
201400037526,0,7,0,0.0,2.0,4.0,23.0,B01
201400037526,0,14,0,0.0,2.0,1.0,2.0,A01
201400037526,0,10,0,0.0,2.0,4.0,23.0,C01
201400037526,0,7,0,0.0,2.0,4.0,23.0,D01
201400037527,0,33,0,0.0,2.0,2.0,17.0,A01
201400037527,1,7,0,0.0,2.0,6.0,13.0,Z01
201400037528,0,7,0,0.0,2.0,3.0,21.0,A01
201400037528,0,10,0,0.0,2.0,5.0,23.0,B01
201400037529,0,7,0,0.0,2.0,5.0,1.0,B01
201400037529,0,7,0,0.0,2.0,1.0,1.0,A01
201400037530,0,7,0,0.0,1.0,2.0,16.0,A01
201400037531,0,7,0,0.0,2.0,2.0,15.0,A01
201400037531,0,7,0,0.0,2.0,3.0,1.0,B01
201400037532,0,7,0,0.0,1.0,3.0,16.0,A01
201400037533,0,30,0,0.0,0.0,8.0,21.0,A01
201400037534,0,7,0,0.0,2.0,4.0,23.0,B01
201400037534,0,7,0,0.0,2.0,4.0,23.0,C01
201400037534,0,7,0,0.0,2.0,1.0,2.0,A01
201400037535,1,31,0,0.0,1.0,0.0,1.0,Z01
201400037536,0,7,0,0.0,2.0,3.0,13.0,B01
201400037536,0,7,0,0.0,2.0,3.0,13.0,A01
201400037537,0,10,0,0.0,2.0,7.0,15.0,A01
201400037537,0,7,0,0.0,2.0,1.0,1.0,B01
201400037537,0,7,0,0.0,2.0,3.0,23.0,C01
201400037538,0,10,0,0.0,1.0,3.0,1.0,A01
201400037539,0,7,0,0.0,2.0,4.0,23.0,D01
201400037539,0,7,0,0.0,2.0,4.0,23.0,B01
201400037539,0,10,0,0.0,2.0,1.0,2.0,A01
201400037539,0,7,0,0.0,2.0,4.0,23.0,C01
201400037540,0,7,0,0.0,2.0,1.0,1.0,B01
201400037540,0,7,0,0.0,2.0,2.0,10.0,A01
201400037541,0,7,0,0.0,0.0,1.0,1.0,A01
201400037542,0,7,0,0.0,2.0,1.0,2.0,A01
201400037542,0,7,0,0.0,2.0,4.0,2.0,B01
201400037543,0,7,0,0.0,1.0,1.0,17.0,A01
201400037544,0,7,0,0.0,2.0,2.0,15.0,A01
201400037544,0,33,0,0.0,2.0,1.0,1.0,B01
201400037545,0,31,0,0.0,0.0,8.0,1.0,A01
201400037546,0,7,0,0.0,2.0,1.0,2.0,A01
201400037546,0,7,0,0.0,2.0,4.0,2.0,B01
201400037547,0,7,0,0.0,2.0,3.0,15.0,B01
201400037547,0,31,0,0.0,2.0,1.0,17.0,A01
201400037548,0,7,0,0.0,2.0,3.0,9.0,A01
201400037548,0,1,0,0.0,2.0,4.0,1.0,B01
201400037549,1,7,0,0.0,1.0,1.0,1.0,Z01
201400037550,0,30,0,0.0,0.0,7.0,0.0,A01
201400037551,0,7,0,0.0,2.0,3.0,9.0,A01
201400037551,0,7,0,0.0,2.0,1.0,1.0,B01
201400037552,0,30,0,0.0,0.0,0.0,0.0,A01
201400037553,0,7,0,0.0,2.0,1.0,15.0,A01
201400037553,0,7,0,0.0,2.0,3.0,1.0,B01
201400037554,0,7,0,0.0,2.0,6.0,1.0,B01
201400037554,0,32,0,0.0,2.0,1.0,1.0,A01
201400037555,0,2,0,0.0,0.0,8.0,1.0,A01
201400037556,0,10,0,0.0,0.0,0.0,15.0,A01
201400037556,0,33,0,0.0,0.0,0.0,1.0,B01
201400037557,0,7,0,1.0,0.0,1.0,14.0,A01
201400037558,0,7,0,0.0,2.0,8.0,9.0,A01
201400037558,0,33,0,0.0,2.0,1.0,1.0,B01
201400037559,1,7,0,0.0,2.0,7.0,15.0,A01
201400037559,0,7,0,0.0,2.0,1.0,1.0,C01
201400037560,0,7,0,4.0,0.0,9.0,1.0,A01
201400037561,0,2,0,0.0,2.0,1.0,17.0,B01
201400037561,0,7,0,0.0,2.0,8.0,15.0,A01
201400037562,0,7,0,0.0,2.0,1.0,10.0,A01
201400037562,0,31,0,0.0,2.0,1.0,1.0,B01
201400037563,0,2,0,0.0,2.0,6.0,23.0,B01
201400037563,0,2,0,0.0,1.0,1.0,21.0,A01
201400037564,0,7,0,0.0,2.0,3.0,15.0,B01
201400037564,0,2,0,0.0,2.0,1.0,17.0,A01
201400037565,2,7,0,0.0,2.0,8.0,1.0,A01
201400037565,0,7,0,0.0,2.0,1.0,1.0,B01
201400037566,0,7,0,0.0,2.0,1.0,15.0,A01
201400037566,0,30,0,0.0,2.0,1.0,1.0,B01
201400037567,0,7,0,0.0,2.0,5.0,2.0,B01
201400037567,0,7,0,0.0,2.0,1.0,2.0,A01
201400037568,0,33,0,16.0,0.0,8.0,1.0,A01
201400037569,0,7,0,0.0,2.0,3.0,1.0,B01
201400037569,0,31,0,0.0,2.0,1.0,13.0,A01
201400037570,0,31,0,1.0,2.0,1.0,13.0,A01
201400037570,0,37,30,0.0,2.0,3.0,1.0,B01
201400037571,0,7,0,9.0,2.0,2.0,1.0,B01
201400037571,0,7,0,0.0,2.0,1.0,9.0,A01
201400037572,0,33,0,0.0,2.0,3.0,1.0,A01
201400037572,0,7,0,0.0,2.0,3.0,15.0,B01
201400037573,0,7,0,0.0,2.0,2.0,1.0,A01
201400037573,0,7,0,0.0,2.0,1.0,1.0,B01
201400037574,0,10,0,0.0,2.0,2.0,9.0,A01
201400037574,0,33,0,0.0,2.0,1.0,1.0,B01
201400037575,0,7,0,0.0,2.0,8.0,22.0,A01
201400037575,0,1,0,1.0,0.0,1.0,1.0,B01
201400037576,0,7,0,0.0,2.0,7.0,9.0,A01
201400037576,0,10,0,0.0,2.0,1.0,1.0,B01
201400037577,0,7,0,0.0,2.0,1.0,1.0,B01
201400037577,0,7,0,7.0,2.0,7.0,1.0,A01
201400037578,0,13,0,0.0,2.0,4.0,1.0,B01
201400037578,0,33,0,0.0,2.0,7.0,9.0,A01
201400037579,0,30,0,12.0,0.0,0.0,0.0,A01
201400037580,0,7,0,0.0,2.0,3.0,2.0,A01
201400037580,0,7,0,0.0,2.0,3.0,1.0,D01
201400037580,0,7,0,0.0,2.0,3.0,1.0,C01
201400037580,0,7,0,0.0,2.0,4.0,23.0,B01
201400037581,0,7,0,0.0,1.0,3.0,1.0,A01
201400037582,0,7,0,0.0,1.0,2.0,9.0,A01
201400037583,0,7,0,0.0,2.0,1.0,1.0,A01
201400037583,0,10,0,0.0,2.0,8.0,15.0,B01
201400037584,0,7,0,0.0,2.0,8.0,15.0,B01
201400037584,0,33,0,0.0,2.0,7.0,21.0,A01
201400037585,0,7,0,0.0,2.0,4.0,1.0,B01
201400037585,0,7,0,0.0,2.0,1.0,2.0,A01
201400037586,0,7,0,0.0,2.0,3.0,1.0,A01
201400037586,0,33,0,0.0,2.0,4.0,1.0,B01
201400037587,0,7,0,0.0,2.0,3.0,1.0,B01
201400037587,0,7,0,0.0,2.0,3.0,13.0,A01
201400037588,0,30,0,0.0,2.0,1.0,1.0,B01
201400037588,0,7,0,0.0,2.0,3.0,9.0,A01
201400037589,0,2,0,0.0,0.0,7.0,1.0,A01
201400037590,0,7,0,0.0,0.0,8.0,1.0,A01
201400037591,0,7,0,0.0,2.0,4.0,13.0,A01
201400037591,0,7,0,0.0,2.0,8.0,1.0,B01
201400037592,0,2,0,0.0,0.0,0.0,9.0,A01
201400037593,0,37,3,0.0,2.0,2.0,1.0,B01
201400037593,0,7,0,0.0,2.0,6.0,9.0,A01
201400037594,0,7,0,1.0,2.0,3.0,22.0,A01
201400037594,0,37,1,1.0,0.0,2.0,1.0,B01
201400037595,0,7,0,0.0,2.0,1.0,9.0,A01
201400037595,0,7,0,1.0,2.0,2.0,1.0,B01
201400037596,0,37,0,0.0,2.0,2.0,1.0,B01
201400037596,0,1,0,0.0,2.0,1.0,1.0,A01
201400037597,0,2,0,0.0,0.0,8.0,1.0,A01
201400037598,0,10,0,6.0,2.0,1.0,1.0,B01
201400037598,0,7,0,0.0,2.0,3.0,9.0,A01
201400037599,1,7,0,0.0,0.0,0.0,9.0,Z01
201400037599,0,2,0,0.0,0.0,0.0,1.0,A01
201400037600,0,7,0,0.0,1.0,1.0,21.0,A01
201400037601,0,7,0,0.0,2.0,8.0,15.0,A01
201400037601,0,30,0,0.0,2.0,1.0,1.0,B01
201400037602,0,7,0,0.0,1.0,2.0,1.0,A01
201400037603,0,30,0,0.0,2.0,1.0,1.0,B01
201400037603,0,7,0,0.0,2.0,1.0,15.0,A01
201400037604,0,7,0,0.0,1.0,2.0,1.0,A01