Num_Acc,senc,catv,occutc,obs,obsm,choc,manv,num_veh
201400037878,0,1,0,12.0,0.0,0.0,2.0,A01
201400037879,0,7,0,0.0,2.0,1.0,15.0,A01
201400037879,0,7,0,0.0,2.0,3.0,2.0,B01
201400037880,0,31,0,0.0,0.0,8.0,15.0,A01
201400037881,0,10,0,0.0,2.0,3.0,1.0,B01
201400037881,0,7,0,0.0,2.0,2.0,19.0,A01
201400037882,0,7,0,0.0,1.0,2.0,1.0,A01
201400037883,0,31,0,0.0,2.0,1.0,0.0,A01
201400037883,0,7,0,0.0,2.0,7.0,1.0,B01
201400037884,0,7,0,0.0,1.0,1.0,1.0,A01
201400037885,0,33,0,0.0,2.0,9.0,13.0,A01
201400037885,0,7,0,0.0,2.0,8.0,1.0,B01
201400037886,0,7,0,0.0,1.0,6.0,4.0,A01
201400037887,0,7,0,0.0,1.0,1.0,1.0,A01
201400037888,0,2,0,0.0,2.0,3.0,1.0,B01
201400037888,0,7,0,0.0,2.0,5.0,15.0,A01
201400037889,0,7,0,0.0,1.0,2.0,1.0,A01
201400037890,0,7,0,0.0,2.0,3.0,1.0,A01
201400037890,0,7,0,0.0,2.0,3.0,1.0,B01
201400037891,0,7,0,0.0,2.0,8.0,13.0,A01
201400037891,0,7,0,0.0,2.0,3.0,1.0,B02
201400037891,0,7,0,0.0,2.0,1.0,1.0,C03
201400037892,0,7,0,0.0,2.0,7.0,15.0,A01
201400037892,0,1,0,,2.0,1.0,1.0,B02
201400037893,0,7,0,0.0,1.0,2.0,1.0,A01
201400037894,0,30,0,0.0,2.0,1.0,5.0,A01
201400037894,0,7,0,0.0,2.0,2.0,1.0,B01
201400037895,0,7,0,1.0,0.0,1.0,1.0,A01
201400037895,0,15,0,0.0,2.0,4.0,23.0,B02
201400037896,0,7,0,0.0,2.0,3.0,5.0,A01
201400037896,0,1,0,0.0,2.0,1.0,1.0,B01
201400037897,0,7,0,0.0,0.0,4.0,23.0,A01
201400037897,0,7,0,1.0,0.0,1.0,2.0,B01
201400037898,0,7,0,0.0,2.0,1.0,13.0,A01
201400037898,0,7,0,0.0,2.0,1.0,13.0,B01
201400037899,0,7,0,0.0,2.0,2.0,15.0,A01
201400037899,0,34,0,0.0,2.0,1.0,2.0,B01
201400037900,0,30,0,0.0,0.0,4.0,2.0,B01
201400037900,1,7,0,0.0,9.0,1.0,2.0,A01
201400037901,0,7,0,13.0,0.0,9.0,11.0,A01
201400037902,0,7,0,0.0,2.0,3.0,15.0,A01
201400037902,0,1,0,0.0,2.0,7.0,1.0,B01
201400037903,0,2,0,0.0,2.0,1.0,18.0,A01
201400037903,0,7,0,0.0,0.0,2.0,16.0,B01
201400037904,0,7,0,15.0,0.0,1.0,1.0,A01
201400037905,0,7,0,0.0,2.0,8.0,1.0,A01
201400037905,0,7,0,0.0,2.0,3.0,1.0,B01
201400037905,0,7,0,0.0,2.0,1.0,1.0,C01
201400037906,0,33,0,9.0,0.0,1.0,1.0,A01
201400037907,0,7,0,15.0,2.0,6.0,15.0,A01
201400037907,0,7,0,0.0,2.0,1.0,1.0,B01
201400037907,0,7,0,0.0,2.0,1.0,1.0,C01
201400037908,0,7,0,1.0,0.0,3.0,14.0,A01
201400037909,0,7,0,1.0,0.0,0.0,1.0,A01
201400037909,0,7,0,0.0,2.0,7.0,24.0,B01
201400037910,0,7,0,0.0,1.0,4.0,20.0,A01
201400037911,0,10,0,0.0,1.0,4.0,4.0,A01
201400037912,0,33,0,0.0,0.0,0.0,1.0,A01
201400037913,0,7,0,0.0,1.0,1.0,1.0,A01
201400037914,0,2,0,0.0,2.0,1.0,1.0,A01
201400037914,1,7,0,0.0,2.0,7.0,15.0,Z01
201400037915,0,7,0,0.0,1.0,1.0,1.0,A01
201400037916,0,7,0,8.0,0.0,1.0,1.0,A01
201400037917,0,33,0,0.0,2.0,1.0,17.0,A01
201400037917,0,7,0,0.0,2.0,9.0,1.0,B01
201400037917,0,38,1,0.0,2.0,8.0,1.0,C01
201400037918,0,33,0,0.0,2.0,7.0,1.0,B01
201400037918,0,7,0,0.0,2.0,1.0,1.0,C01
201400037918,0,7,0,0.0,2.0,1.0,15.0,A01
201400037919,0,7,0,0.0,2.0,3.0,15.0,A01
201400037919,0,7,0,0.0,2.0,1.0,1.0,B01
201400037920,0,7,0,0.0,2.0,3.0,16.0,A01
201400037920,0,33,0,0.0,2.0,1.0,1.0,B01
201400037921,0,7,0,4.0,0.0,3.0,1.0,A01
201400037922,1,7,0,0.0,2.0,1.0,15.0,A01
201400037922,0,1,0,0.0,2.0,1.0,1.0,B01
201400037923,0,7,0,9.0,0.0,0.0,1.0,A01
201400037924,1,7,0,0.0,1.0,0.0,1.0,A01
201400037925,0,7,0,0.0,1.0,0.0,1.0,A01
201400037926,0,7,0,0.0,1.0,1.0,1.0,A01
201400037927,0,1,0,0.0,2.0,1.0,1.0,A01
201400037927,0,7,0,0.0,2.0,4.0,23.0,B01
201400037928,0,2,0,0.0,2.0,1.0,1.0,A01
201400037928,0,7,0,0.0,2.0,3.0,15.0,B01
201400037929,0,7,0,0.0,2.0,3.0,1.0,A01
201400037929,0,21,0,0.0,2.0,3.0,1.0,B01
201400037930,0,99,0,0.0,1.0,1.0,1.0,A01
201400037931,0,7,0,0.0,1.0,2.0,0.0,A01
201400037932,0,7,0,0.0,2.0,5.0,11.0,A01
201400037932,0,33,0,0.0,2.0,1.0,1.0,B01
201400037933,0,30,0,0.0,2.0,1.0,2.0,A01
201400037933,0,7,0,0.0,2.0,4.0,2.0,B01
201400037934,0,31,0,0.0,2.0,8.0,1.0,B01
201400037934,0,7,0,0.0,2.0,7.0,17.0,A01
201400037935,0,7,0,3.0,2.0,1.0,5.0,A01
201400037935,0,7,0,0.0,2.0,1.0,1.0,B01
201400037936,0,15,0,0.0,0.0,0.0,1.0,A01
201400037937,0,2,0,0.0,1.0,0.0,0.0,A01
201400037938,0,14,0,0.0,2.0,1.0,1.0,A01
201400037938,0,10,0,0.0,2.0,4.0,15.0,B01
201400037939,0,7,0,0.0,1.0,2.0,1.0,A01
201400037940,0,33,0,0.0,2.0,1.0,17.0,A01
201400037940,0,7,0,0.0,2.0,6.0,15.0,B01
201400037941,0,7,0,0.0,2.0,1.0,15.0,A01
201400037941,0,7,0,0.0,2.0,3.0,1.0,B01
201400037942,0,30,0,0.0,2.0,1.0,1.0,A01
201400037942,0,7,0,0.0,2.0,8.0,1.0,B01
201400037943,0,10,0,0.0,1.0,3.0,15.0,A01
201400037944,0,10,0,10.0,0.0,2.0,1.0,A01
201400037945,0,7,0,6.0,2.0,1.0,0.0,A01
201400037945,0,7,0,0.0,2.0,8.0,23.0,B01
201400037946,0,33,0,3.0,0.0,1.0,1.0,A01
201400037947,0,7,0,0.0,2.0,1.0,0.0,A01
201400037947,0,7,0,1.0,2.0,4.0,23.0,B01
201400037947,0,7,0,0.0,2.0,4.0,23.0,C01
201400037948,0,34,0,14.0,0.0,0.0,1.0,A01
201400037949,0,30,0,0.0,2.0,7.0,1.0,A01
201400037949,0,7,0,0.0,2.0,1.0,1.0,B01
201400037950,0,7,0,0.0,2.0,7.0,15.0,A01
201400037950,0,33,0,0.0,2.0,1.0,1.0,B01
201400037951,0,30,0,0.0,2.0,8.0,13.0,A01
201400037951,0,7,0,0.0,2.0,7.0,0.0,B01
201400037952,0,10,0,0.0,1.0,3.0,1.0,A01
201400037953,0,7,0,0.0,2.0,1.0,13.0,A01
201400037953,0,17,0,0.0,2.0,3.0,1.0,B01
201400037954,0,7,0,0.0,2.0,1.0,1.0,B01
201400037954,0,30,0,0.0,2.0,1.0,1.0,A01
201400037955,1,7,0,0.0,1.0,1.0,1.0,Z01
201400037956,0,7,0,0.0,2.0,1.0,5.0,A01
201400037956,0,7,0,0.0,2.0,1.0,1.0,B01
201400037957,0,7,0,1.0,1.0,1.0,20.0,A01
201400037958,0,7,0,0.0,2.0,1.0,13.0,A01
201400037958,0,7,0,0.0,2.0,1.0,1.0,B01
201400037959,0,33,0,1.0,0.0,1.0,1.0,A01
201400037960,0,7,0,0.0,2.0,1.0,13.0,A01
201400037960,0,13,0,0.0,2.0,1.0,1.0,B01
201400037961,0,7,0,0.0,2.0,1.0,1.0,A01
201400037961,0,7,0,0.0,2.0,4.0,23.0,B01
201400037961,0,33,0,0.0,2.0,1.0,1.0,C01
201400037962,0,7,0,0.0,2.0,1.0,5.0,A01
201400037962,0,15,0,0.0,2.0,3.0,1.0,B01
201400037963,0,10,0,0.0,2.0,2.0,15.0,A01
201400037963,0,1,0,0.0,2.0,3.0,1.0,B01
201400037964,0,7,0,14.0,0.0,0.0,1.0,A01
201400037965,0,7,0,0.0,2.0,1.0,1.0,A01
201400037965,0,7,0,0.0,2.0,4.0,23.0,B01
201400037966,0,1,0,0.0,2.0,1.0,5.0,A01
201400037966,0,7,0,0.0,9.0,1.0,15.0,B01
201400037967,0,13,0,0.0,1.0,2.0,20.0,A01
201400037968,0,30,0,0.0,1.0,1.0,1.0,A01
201400037969,0,7,0,0.0,2.0,1.0,9.0,A01
201400037969,0,33,0,0.0,2.0,7.0,1.0,B01
201400037970,0,30,0,0.0,0.0,8.0,1.0,A01
201400037971,0,30,0,13.0,0.0,1.0,0.0,A01
201400037972,0,7,0,0.0,0.0,1.0,2.0,A01
201400037972,0,7,0,0.0,0.0,4.0,2.0,B01
201400037973,0,7,0,0.0,1.0,1.0,0.0,A01
201400037974,0,7,0,0.0,1.0,3.0,1.0,A01
201400037975,0,7,0,0.0,2.0,1.0,2.0,A01
201400037975,0,7,0,0.0,2.0,4.0,2.0,B01
201400037976,0,7,0,0.0,9.0,1.0,1.0,A01
201400037976,0,1,0,0.0,2.0,8.0,11.0,B01
201400037977,0,7,0,8.0,2.0,5.0,15.0,A01
201400037977,0,7,0,0.0,2.0,2.0,2.0,B01
201400037978,0,7,0,0.0,2.0,1.0,2.0,A01
201400037978,0,7,0,0.0,0.0,4.0,2.0,B01
201400037979,0,7,0,0.0,9.0,0.0,0.0,B01
201400037980,0,7,0,0.0,2.0,3.0,14.0,A01
201400037980,0,7,0,0.0,2.0,7.0,14.0,B01
201400037981,0,7,0,0.0,2.0,1.0,0.0,A01
201400037981,0,7,0,0.0,2.0,1.0,0.0,B01
201400037982,0,7,0,0.0,2.0,4.0,0.0,C01
201400037982,0,7,0,0.0,2.0,1.0,0.0,A01
201400037982,0,7,0,0.0,2.0,4.0,0.0,B01
201400037983,0,30,0,0.0,2.0,1.0,9.0,A01
201400037983,0,7,0,0.0,2.0,8.0,1.0,B01
201400037984,0,7,0,0.0,2.0,4.0,2.0,C01
201400037984,0,7,0,0.0,2.0,1.0,2.0,A01
201400037984,0,7,0,0.0,2.0,1.0,2.0,B01
201400037985,0,7,0,0.0,2.0,1.0,2.0,A01
201400037985,0,7,0,0.0,2.0,4.0,2.0,B01
201400037986,0,7,0,0.0,2.0,1.0,1.0,C01
201400037986,0,7,0,0.0,2.0,1.0,1.0,B01
201400037986,0,30,0,0.0,2.0,3.0,9.0,A01
201400037987,0,7,0,0.0,2.0,3.0,1.0,A01
201400037987,0,7,0,0.0,2.0,2.0,1.0,B01
201400037988,0,7,0,0.0,2.0,1.0,1.0,A01
201400037988,0,7,0,0.0,0.0,4.0,2.0,C01
201400037988,0,7,0,0.0,2.0,4.0,2.0,B01
201400037989,0,7,0,0.0,1.0,2.0,2.0,A01
201400037990,0,7,0,0.0,2.0,7.0,11.0,A01
201400037990,0,7,0,0.0,2.0,1.0,1.0,B01
201400037991,0,7,0,0.0,2.0,1.0,0.0,B01
201400037991,0,7,0,0.0,2.0,1.0,0.0,C01
201400037991,0,7,0,0.0,2.0,2.0,0.0,A01
201400037992,0,7,0,0.0,2.0,1.0,1.0,A01
201400037992,0,7,0,0.0,2.0,4.0,23.0,B01
201400037993,0,7,0,0.0,2.0,0.0,0.0,A01
201400037993,0,7,0,0.0,2.0,0.0,1.0,B01
201400037994,0,10,0,0.0,2.0,3.0,15.0,A01
201400037994,0,30,0,0.0,2.0,1.0,1.0,B01
201400037995,0,7,0,0.0,0.0,8.0,0.0,B01
201400037995,0,7,0,0.0,2.0,1.0,19.0,A01
201400037996,0,7,0,0.0,2.0,1.0,2.0,A01
201400037996,0,7,0,0.0,2.0,4.0,2.0,B01
201400037997,0,7,0,0.0,1.0,1.0,1.0,A01
201400037998,0,7,0,2.0,0.0,5.0,2.0,A01
201400037999,0,7,0,0.0,1.0,1.0,1.0,A01
201400038000,0,7,0,6.0,0.0,1.0,0.0,A01
201400038001,0,32,0,0.0,2.0,1.0,2.0,A01
201400038001,0,7,0,0.0,0.0,4.0,0.0,B01
201400038002,0,7,0,0.0,1.0,3.0,0.0,A01
201400038003,0,7,0,0.0,2.0,3.0,15.0,A01
201400038003,0,32,0,0.0,2.0,1.0,1.0,B01
201400038004,0,7,0,0.0,1.0,1.0,1.0,A01
201400038005,0,7,0,0.0,2.0,1.0,1.0,A01
201400038005,0,1,0,0.0,2.0,1.0,1.0,B01
201400038006,0,7,0,0.0,2.0,2.0,15.0,A01
201400038006,0,7,0,0.0,2.0,3.0,1.0,B01
201400038007,0,7,0,0.0,2.0,5.0,1.0,A01
201400038007,0,7,0,0.0,2.0,1.0,1.0,B01
201400038008,1,7,0,0.0,1.0,2.0,16.0,A01
201400038009,0,7,0,0.0,2.0,1.0,1.0,A01
201400038009,0,2,0,0.0,2.0,7.0,1.0,B01
201400038010,0,7,0,0.0,1.0,1.0,0.0,A01
201400038011,0,7,0,0.0,2.0,1.0,2.0,A01
201400038011,0,7,0,0.0,2.0,4.0,2.0,B01
201400038012,0,7,0,0.0,2.0,5.0,15.0,A01
201400038012,0,7,0,0.0,2.0,1.0,1.0,B01
201400038012,0,7,0,0.0,2.0,0.0,0.0,C01
201400038013,0,7,0,0.0,1.0,1.0,0.0,A01
201400038014,0,30,0,0.0,2.0,2.0,0.0,A01
201400038014,0,7,0,0.0,2.0,1.0,0.0,B01
201400038015,0,7,0,0.0,2.0,1.0,1.0,A01
201400038015,0,7,0,0.0,2.0,4.0,23.0,B01
201400038016,0,7,0,0.0,1.0,2.0,0.0,A01
201400038017,0,7,0,8.0,0.0,2.0,1.0,A01
201400038018,0,7,0,0.0,2.0,0.0,0.0,A01
201400038018,0,7,0,0.0,2.0,7.0,1.0,B01
201400038019,0,7,0,0.0,2.0,1.0,2.0,A01
201400038019,0,7,0,0.0,2.0,1.0,2.0,B01
201400038019,0,7,0,0.0,2.0,4.0,0.0,C01
201400038020,0,7,0,0.0,2.0,0.0,0.0,A01
201400038020,0,7,0,0.0,2.0,0.0,0.0,B01
201400038021,1,7,0,0.0,9.0,2.0,17.0,A01
201400038021,0,1,0,0.0,2.0,3.0,0.0,B01
201400038022,0,3,0,0.0,2.0,1.0,2.0,A01
201400038022,0,10,0,0.0,2.0,4.0,2.0,B01
201400038023,0,7,0,0.0,2.0,1.0,1.0,B01
201400038023,0,7,0,0.0,2.0,3.0,1.0,A01
201400038024,0,7,0,0.0,2.0,1.0,1.0,A01
201400038024,0,14,0,0.0,2.0,7.0,1.0,B01
201400038025,0,7,0,0.0,1.0,1.0,1.0,A01
201400038026,0,7,0,0.0,1.0,8.0,9.0,A01
201400038027,0,7,0,0.0,0.0,0.0,0.0,A01
201400038027,0,33,0,0.0,0.0,0.0,0.0,B01
201400038028,0,7,0,0.0,1.0,2.0,1.0,A01
201400038029,0,7,0,0.0,2.0,1.0,9.0,A01
201400038029,0,7,0,0.0,2.0,7.0,1.0,B01
201400038030,0,7,0,0.0,2.0,8.0,10.0,A01
201400038030,0,7,0,0.0,2.0,1.0,1.0,B01
201400038031,0,33,0,0.0,0.0,1.0,2.0,A01
201400038031,0,7,0,0.0,2.0,4.0,2.0,B01
201400038032,0,7,0,0.0,1.0,2.0,1.0,A01
201400038033,0,7,0,0.0,2.0,1.0,2.0,A01
201400038033,0,7,0,0.0,0.0,4.0,2.0,B01
201400038034,0,7,0,0.0,2.0,3.0,15.0,A01
201400038034,0,7,0,0.0,2.0,8.0,1.0,B01
201400038035,2,32,0,0.0,2.0,0.0,0.0,A01
201400038035,0,1,0,0.0,2.0,0.0,0.0,B01
201400038036,0,1,0,0.0,1.0,1.0,1.0,A01
201400038037,0,7,0,0.0,1.0,4.0,0.0,A01
201400038038,1,7,0,0.0,1.0,2.0,1.0,A01
201400038039,0,7,0,0.0,1.0,2.0,1.0,A01
201400038040,0,2,0,0.0,2.0,1.0,1.0,B01
201400038040,0,7,0,0.0,2.0,2.0,15.0,A01
201400038041,0,7,0,0.0,2.0,0.0,2.0,B01
201400038041,0,7,0,0.0,2.0,1.0,2.0,A01
201400038042,0,1,0,0.0,2.0,1.0,0.0,A01
201400038042,0,7,0,0.0,2.0,2.0,2.0,B01
201400038043,0,7,0,0.0,2.0,2.0,1.0,A01
201400038043,0,10,0,0.0,0.0,2.0,3.0,B01
201400038044,0,7,0,0.0,2.0,1.0,0.0,A01
201400038044,0,33,0,0.0,2.0,4.0,0.0,B01
201400038045,0,1,0,0.0,2.0,8.0,19.0,B01
201400038045,0,7,0,0.0,9.0,1.0,1.0,A01
201400038046,0,1,0,0.0,9.0,1.0,15.0,B01
201400038046,0,7,0,0.0,2.0,1.0,0.0,A01
201400038047,0,7,0,0.0,2.0,1.0,2.0,A01
201400038047,0,3,0,0.0,2.0,4.0,2.0,B01
201400038047,0,7,0,0.0,2.0,4.0,2.0,C01
201400038048,0,7,0,0.0,2.0,1.0,2.0,A01
201400038048,0,7,0,0.0,2.0,4.0,15.0,B01
201400038049,0,30,0,0.0,0.0,1.0,0.0,A01
201400038050,0,7,0,0.0,2.0,1.0,0.0,A01
201400038050,0,7,0,0.0,2.0,3.0,0.0,B01
201400038051,0,32,0,0.0,2.0,1.0,2.0,A01
201400038051,0,7,0,0.0,2.0,2.0,2.0,B01
201400038052,0,7,0,0.0,2.0,4.0,2.0,B01
201400038052,0,7,0,0.0,2.0,1.0,2.0,A01
201400038053,0,7,0,0.0,2.0,5.0,15.0,A01
201400038053,0,7,0,0.0,2.0,2.0,2.0,B01
201400038054,0,31,0,0.0,2.0,1.0,3.0,B01
201400038054,0,7,0,0.0,2.0,2.0,11.0,A01
201400038055,0,1,0,0.0,2.0,7.0,0.0,B01
201400038055,0,7,0,0.0,2.0,1.0,0.0,A01
201400038056,0,7,0,1.0,0.0,8.0,0.0,A01
201400038057,0,7,0,0.0,0.0,0.0,0.0,A01
201400038057,0,7,0,0.0,0.0,0.0,2.0,B01
201400038058,0,7,0,0.0,2.0,1.0,1.0,A01
201400038058,0,7,0,0.0,2.0,4.0,1.0,B01
201400038058,0,7,0,0.0,0.0,4.0,1.0,C01
201400038059,0,7,0,0.0,2.0,3.0,15.0,B01
201400038059,0,7,0,0.0,2.0,5.0,17.0,A01
201400038060,0,7,0,8.0,0.0,2.0,1.0,A01
201400038061,0,7,0,0.0,1.0,7.0,2.0,A01
201400038062,0,10,0,0.0,1.0,4.0,4.0,A01
201400038063,0,7,0,0.0,2.0,1.0,2.0,A01
201400038063,0,7,0,0.0,2.0,4.0,0.0,B01
201400038063,0,7,0,0.0,2.0,1.0,2.0,C01
201400038064,0,31,0,0.0,2.0,1.0,2.0,A01
201400038064,0,10,0,0.0,2.0,4.0,2.0,B01
201400038065,0,7,0,0.0,2.0,2.0,9.0,A01
201400038065,0,7,0,0.0,2.0,3.0,15.0,B01
201400038066,0,7,0,0.0,1.0,1.0,5.0,A01
201400038067,0,7,0,0.0,2.0,1.0,2.0,A01
201400038067,0,7,0,0.0,2.0,4.0,2.0,B01
201400038068,1,1,0,0.0,1.0,0.0,0.0,A01
201400038069,0,7,0,0.0,2.0,0.0,0.0,B01
201400038069,0,7,0,0.0,2.0,0.0,0.0,A01
201400038070,0,7,0,0.0,2.0,4.0,2.0,A01
201400038070,0,7,0,0.0,2.0,1.0,2.0,C01
201400038070,0,7,0,0.0,2.0,1.0,2.0,B01
201400038071,0,7,0,0.0,2.0,2.0,0.0,A01
201400038071,0,7,0,0.0,0.0,1.0,0.0,B01
201400038072,0,7,0,0.0,0.0,0.0,0.0,B01
201400038072,0,1,0,0.0,2.0,1.0,2.0,A01
201400038073,0,31,0,0.0,2.0,1.0,16.0,B01
201400038073,0,7,0,0.0,2.0,3.0,15.0,A01
201400038074,0,99,0,0.0,0.0,0.0,0.0,A01
201400038075,0,2,0,0.0,1.0,1.0,1.0,A01
201400038076,0,7,0,0.0,1.0,1.0,1.0,A01
201400038077,0,7,0,0.0,1.0,2.0,1.0,A01
201400038078,0,7,0,0.0,1.0,7.0,17.0,A01
201400038079,0,7,0,0.0,2.0,7.0,1.0,B01
201400038079,0,7,0,0.0,2.0,2.0,0.0,A01
201400038080,0,7,0,0.0,2.0,4.0,2.0,A01
201400038080,0,7,0,0.0,2.0,1.0,2.0,B01
201400038081,0,7,0,0.0,2.0,3.0,1.0,B01
201400038081,0,7,0,0.0,2.0,3.0,1.0,A01
201400038082,0,7,0,0.0,1.0,3.0,1.0,A01
201400038083,0,7,0,0.0,2.0,3.0,1.0,A01
201400038083,0,7,0,0.0,2.0,7.0,15.0,B01
201400038084,0,7,0,0.0,2.0,1.0,2.0,A01
201400038084,0,7,0,0.0,2.0,4.0,2.0,B01
201400038085,1,99,0,0.0,1.0,0.0,0.0,A01
201400038086,0,1,0,0.0,2.0,4.0,0.0,B01
201400038086,0,7,0,0.0,2.0,2.0,0.0,A01
201400038087,0,7,0,0.0,1.0,1.0,15.0,A01
201400038088,0,7,0,0.0,0.0,0.0,0.0,A01
201400038088,0,7,0,0.0,0.0,0.0,0.0,B01
201400038089,0,7,0,0.0,2.0,4.0,0.0,C01
201400038089,0,7,0,0.0,2.0,1.0,2.0,B01
201400038089,0,7,0,0.0,2.0,1.0,2.0,A01
201400038090,0,32,0,0.0,2.0,1.0,2.0,A01
201400038090,0,7,0,0.0,2.0,4.0,2.0,B01
201400038091,0,7,0,0.0,2.0,2.0,0.0,A01
201400038091,0,30,0,0.0,2.0,4.0,19.0,B01
201400038092,0,7,0,0.0,1.0,1.0,15.0,A01
201400038093,0,7,0,0.0,2.0,2.0,0.0,A01
201400038093,0,33,0,0.0,2.0,1.0,0.0,B01
201400038094,0,7,0,0.0,2.0,4.0,2.0,C01
201400038094,0,7,0,0.0,2.0,2.0,2.0,A01
201400038094,0,7,0,0.0,2.0,9.0,2.0,B01
201400038095,0,7,0,0.0,1.0,1.0,0.0,A01
201400038096,0,37,1,0.0,1.0,2.0,0.0,A01
201400038097,1,7,0,11.0,2.0,0.0,17.0,A01
201400038097,0,7,0,12.0,2.0,3.0,2.0,B01
201400038098,0,1,0,0.0,2.0,2.0,2.0,B01
201400038098,0,7,0,0.0,9.0,2.0,0.0,A01
201400038099,0,7,0,0.0,2.0,1.0,2.0,A01
201400038099,0,7,0,0.0,2.0,1.0,2.0,B01
201400038099,0,7,0,0.0,0.0,4.0,2.0,C01
201400038100,0,7,0,0.0,1.0,2.0,9.0,A01
201400038101,0,7,0,0.0,2.0,0.0,0.0,A01
201400038101,0,1,0,0.0,2.0,0.0,0.0,B01
201400038102,0,7,0,0.0,2.0,6.0,2.0,B01
201400038102,0,7,0,0.0,0.0,1.0,2.0,A01
201400038103,1,7,0,0.0,1.0,2.0,0.0,A01
201400038104,0,7,0,0.0,2.0,8.0,11.0,A01
201400038104,0,34,0,0.0,2.0,1.0,1.0,B01
201400038105,0,7,0,0.0,1.0,5.0,0.0,A01
201400038106,0,37,6,0.0,2.0,2.0,1.0,B01
201400038106,0,7,0,0.0,2.0,2.0,9.0,A01
201400038107,0,7,0,0.0,2.0,1.0,5.0,A01
201400038107,0,7,0,0.0,2.0,1.0,5.0,B01
201400038108,0,33,0,0.0,2.0,3.0,1.0,B01
201400038108,0,7,0,0.0,2.0,1.0,9.0,A01
201400038109,0,7,0,0.0,2.0,1.0,0.0,B01
201400038109,0,7,0,0.0,2.0,1.0,0.0,A01
201400038109,0,7,0,0.0,2.0,4.0,0.0,C01
201400038110,0,7,0,0.0,2.0,1.0,1.0,A01
201400038110,0,7,0,0.0,0.0,6.0,1.0,B01
201400038111,0,7,0,0.0,1.0,1.0,1.0,A01
201400038112,0,7,0,0.0,1.0,1.0,0.0,A01
201400038113,0,7,0,0.0,2.0,4.0,1.0,B01
201400038113,0,7,0,0.0,2.0,1.0,9.0,A01
201400038114,0,7,0,0.0,1.0,2.0,1.0,A01
201400038115,0,30,0,0.0,2.0,1.0,1.0,B01
201400038115,0,7,0,0.0,2.0,2.0,16.0,A01
201400038116,0,7,0,0.0,2.0,4.0,2.0,C01
201400038116,0,7,0,0.0,2.0,1.0,2.0,B01
201400038116,0,7,0,0.0,2.0,1.0,1.0,A01
201400038117,0,7,0,0.0,2.0,1.0,1.0,B01
201400038117,0,7,0,0.0,2.0,4.0,17.0,A01
201400038118,0,7,0,0.0,2.0,1.0,1.0,A01
201400038118,0,7,0,0.0,2.0,4.0,2.0,B01
201400038119,0,7,0,0.0,2.0,4.0,2.0,B01
201400038119,0,15,0,0.0,2.0,1.0,1.0,A01
201400038120,0,31,0,0.0,2.0,9.0,1.0,B01
201400038120,0,37,1,0.0,2.0,1.0,15.0,A01
201400038121,0,34,0,0.0,2.0,1.0,17.0,A01
201400038121,0,7,0,0.0,2.0,3.0,15.0,B01
201400038122,0,33,0,0.0,2.0,0.0,17.0,B01
201400038122,0,7,0,0.0,2.0,3.0,13.0,A01
201400038123,0,7,0,0.0,2.0,1.0,15.0,A01
201400038123,0,31,0,0.0,2.0,1.0,1.0,B01
201400038124,0,7,0,0.0,2.0,1.0,15.0,A01
201400038124,0,7,0,0.0,2.0,1.0,1.0,B01
201400038125,0,7,0,0.0,2.0,1.0,1.0,B01
201400038125,0,7,0,0.0,2.0,2.0,15.0,A01
201400038126,0,7,0,0.0,2.0,3.0,1.0,C01
201400038126,0,7,0,0.0,2.0,9.0,1.0,B01
201400038126,0,7,0,0.0,2.0,2.0,9.0,A01
201400038127,0,33,0,0.0,2.0,1.0,2.0,B01
201400038127,0,7,0,0.0,2.0,5.0,1.0,A01
201400038128,0,7,0,0.0,2.0,4.0,23.0,A01
201400038128,0,7,0,0.0,2.0,8.0,2.0,B01
201400038128,0,7,0,0.0,2.0,1.0,1.0,C01
201400038129,0,7,0,0.0,1.0,1.0,1.0,A01
201400038130,0,7,0,0.0,2.0,2.0,1.0,A01
201400038130,0,32,0,0.0,2.0,1.0,1.0,B01
201400038131,0,7,0,0.0,2.0,1.0,1.0,A01
201400038131,0,7,0,0.0,2.0,4.0,2.0,B01
201400038132,0,7,0,0.0,2.0,1.0,13.0,A01
201400038132,0,7,0,0.0,2.0,1.0,1.0,B01
201400038133,0,33,0,0.0,2.0,1.0,1.0,A01
201400038133,0,7,0,0.0,2.0,4.0,2.0,B01
201400038134,0,3,0,0.0,2.0,4.0,2.0,B01
201400038134,0,7,0,0.0,2.0,4.0,2.0,C01
201400038134,0,7,0,0.0,2.0,1.0,1.0,A01
201400038135,0,7,0,0.0,2.0,4.0,14.0,A01
201400038135,0,33,0,0.0,2.0,1.0,3.0,B01
201400038136,0,7,0,0.0,2.0,1.0,1.0,A01
201400038136,0,7,0,0.0,2.0,6.0,1.0,B01
201400038137,0,31,0,0.0,1.0,1.0,1.0,A01
201400038138,0,7,0,0.0,2.0,4.0,2.0,B01
201400038138,0,7,0,0.0,2.0,1.0,1.0,A01
201400038139,0,7,0,0.0,2.0,4.0,2.0,B01
201400038139,0,7,0,0.0,2.0,1.0,1.0,A01
201400038140,0,7,0,0.0,2.0,4.0,2.0,B01
201400038140,0,7,0,0.0,2.0,1.0,1.0,A01
201400038141,0,30,0,0.0,2.0,4.0,2.0,B01
201400038141,0,7,0,0.0,2.0,1.0,1.0,A01
201400038142,0,33,0,0.0,2.0,7.0,1.0,B01
201400038142,0,7,0,0.0,2.0,8.0,1.0,A01
201400038143,0,7,0,0.0,2.0,1.0,1.0,A01