Num_Acc,senc,catv,occutc,obs,obsm,choc,manv,num_veh
201400038143,0,7,0,0.0,2.0,4.0,1.0,B01
201400038144,0,7,0,0.0,2.0,3.0,1.0,B01
201400038144,0,7,0,0.0,2.0,3.0,1.0,A01
201400038145,0,7,0,0.0,1.0,2.0,14.0,A01
201400038146,0,7,0,0.0,2.0,4.0,2.0,B01
201400038146,0,7,0,0.0,2.0,1.0,1.0,A01
201400038147,0,7,0,0.0,1.0,1.0,1.0,A01
201400038148,0,7,0,1.0,1.0,4.0,4.0,A01
201400038149,0,7,0,0.0,2.0,1.0,1.0,A01
201400038149,0,7,0,0.0,2.0,9.0,1.0,B01
201400038150,0,7,0,0.0,2.0,1.0,9.0,A01
201400038150,0,7,0,0.0,2.0,7.0,1.0,B01
201400038151,0,7,0,0.0,2.0,1.0,1.0,A01
201400038151,0,7,0,0.0,2.0,4.0,2.0,B01
201400038152,0,7,0,0.0,2.0,8.0,15.0,B01
201400038152,0,2,0,0.0,2.0,7.0,17.0,A01
201400038153,0,34,0,0.0,2.0,0.0,1.0,B01
201400038153,0,7,0,0.0,2.0,1.0,9.0,A01
201400038154,0,34,0,0.0,2.0,1.0,1.0,A01
201400038154,0,7,0,0.0,2.0,5.0,2.0,B01
201400038155,0,2,0,0.0,2.0,7.0,17.0,A01
201400038155,0,7,0,0.0,2.0,8.0,15.0,B01
201400038156,0,7,0,0.0,2.0,4.0,2.0,C01
201400038156,0,7,0,0.0,2.0,4.0,1.0,A01
201400038156,0,7,0,0.0,2.0,9.0,2.0,B01
201400038157,0,1,0,0.0,2.0,1.0,1.0,A01
201400038157,0,31,0,0.0,2.0,1.0,1.0,B01
201400038158,0,7,0,0.0,1.0,1.0,1.0,A01
201400038159,0,32,0,0.0,2.0,9.0,2.0,B01
201400038159,0,7,0,0.0,2.0,4.0,1.0,C01
201400038159,0,7,0,0.0,2.0,1.0,1.0,A01
201400038160,0,7,0,0.0,2.0,4.0,2.0,B01
201400038160,0,7,0,0.0,2.0,1.0,1.0,A01
201400038161,0,7,0,0.0,2.0,2.0,1.0,B01
201400038161,0,1,0,0.0,2.0,1.0,1.0,A01
201400038162,0,7,0,0.0,2.0,3.0,1.0,B01
201400038162,0,7,0,0.0,2.0,1.0,1.0,A01
201400038163,0,1,0,0.0,2.0,9.0,1.0,B01
201400038163,0,7,0,0.0,2.0,1.0,1.0,A01
201400038164,0,7,0,0.0,2.0,7.0,1.0,B01
201400038164,0,33,0,0.0,2.0,8.0,9.0,A01
201400038165,0,7,0,0.0,1.0,1.0,1.0,A01
201400038166,0,7,0,0.0,2.0,5.0,10.0,A01
201400038166,0,33,0,0.0,2.0,9.0,1.0,B01
201400038167,0,33,0,0.0,2.0,9.0,1.0,B01
201400038167,0,7,0,0.0,2.0,5.0,12.0,A01
201400038168,0,7,0,0.0,2.0,1.0,1.0,A01
201400038168,0,7,0,0.0,2.0,9.0,2.0,B01
201400038168,0,7,0,0.0,2.0,4.0,2.0,C01
201400038169,0,7,0,0.0,2.0,1.0,5.0,A01
201400038169,0,7,0,0.0,2.0,1.0,1.0,B01
201400038170,0,7,0,0.0,2.0,4.0,2.0,B01
201400038170,0,31,0,0.0,2.0,1.0,1.0,A01
201400038171,0,7,0,0.0,2.0,2.0,2.0,B01
201400038171,0,1,0,0.0,2.0,1.0,18.0,A01
201400038172,0,7,0,0.0,2.0,7.0,2.0,B01
201400038172,0,1,0,0.0,2.0,1.0,1.0,A01
201400038173,0,7,0,0.0,2.0,3.0,1.0,B01
201400038173,0,7,0,0.0,2.0,9.0,12.0,A01
201400038174,0,7,0,0.0,2.0,1.0,13.0,A01
201400038174,0,7,0,0.0,2.0,4.0,1.0,D01
201400038174,0,33,0,0.0,2.0,9.0,1.0,B01
201400038174,0,7,0,0.0,2.0,1.0,1.0,C01
201400038175,0,15,0,0.0,1.0,2.0,1.0,A01
201400038176,0,7,0,0.0,2.0,0.0,1.0,C01
201400038176,0,7,0,0.0,2.0,0.0,1.0,B01
201400038176,0,7,0,0.0,2.0,1.0,1.0,A01
201400038177,0,7,0,0.0,1.0,1.0,1.0,A01
201400038178,0,7,0,0.0,2.0,4.0,2.0,B01
201400038178,0,31,0,0.0,2.0,1.0,1.0,A01
201400038179,0,7,0,0.0,2.0,4.0,2.0,B01
201400038179,0,7,0,0.0,2.0,1.0,1.0,A01
201400038180,0,7,0,0.0,1.0,7.0,1.0,A01
201400038181,0,31,0,0.0,2.0,1.0,1.0,A01
201400038181,0,7,0,0.0,2.0,4.0,2.0,B01
201400038182,0,30,0,0.0,2.0,1.0,1.0,A01
201400038182,0,10,0,0.0,2.0,4.0,2.0,B01
201400038183,0,20,0,0.0,2.0,1.0,1.0,B01
201400038183,0,7,0,0.0,2.0,2.0,1.0,A01
201400038184,0,7,0,0.0,2.0,8.0,9.0,C01
201400038184,0,15,0,0.0,2.0,1.0,1.0,A01
201400038184,0,7,0,0.0,2.0,9.0,11.0,B01
201400038185,0,7,0,0.0,2.0,1.0,1.0,A01
201400038185,0,7,0,0.0,2.0,4.0,2.0,B01
201400038186,0,7,0,0.0,2.0,7.0,14.0,A01
201400038186,0,7,0,0.0,2.0,8.0,1.0,B01
201400038187,0,7,0,0.0,2.0,3.0,1.0,A01
201400038187,0,7,0,3.0,2.0,5.0,1.0,B01
201400038188,0,7,0,0.0,1.0,1.0,19.0,A01
201400038189,0,7,0,0.0,2.0,1.0,1.0,B01
201400038189,0,7,0,0.0,2.0,1.0,1.0,A01
201400038190,0,7,0,0.0,2.0,1.0,1.0,A01
201400038190,0,13,0,0.0,2.0,4.0,2.0,B01
201400038191,0,33,0,0.0,2.0,4.0,2.0,B01
201400038191,0,7,0,0.0,2.0,1.0,1.0,A01
201400038192,0,7,0,0.0,1.0,1.0,20.0,A01
201400038193,0,33,0,3.0,0.0,9.0,11.0,A01
201400038194,0,7,0,0.0,2.0,2.0,1.0,A01
201400038194,0,31,0,0.0,2.0,1.0,15.0,B01
201400038195,0,33,0,0.0,2.0,9.0,1.0,A01
201400038195,0,7,0,0.0,2.0,6.0,2.0,B01
201400038196,0,7,0,6.0,0.0,1.0,1.0,A01
201400038197,0,7,0,0.0,2.0,2.0,1.0,B01
201400038197,0,7,0,0.0,2.0,5.0,4.0,A01
201400038198,1,7,0,0.0,2.0,7.0,0.0,A01
201400038198,0,7,0,0.0,2.0,1.0,1.0,B01
201400038199,0,7,0,6.0,0.0,2.0,14.0,A01
201400038200,0,7,0,0.0,1.0,1.0,1.0,A01
201400038201,2,7,0,0.0,2.0,1.0,1.0,A01
201400038201,0,33,0,0.0,2.0,4.0,1.0,B01
201400038202,0,30,0,0.0,2.0,4.0,2.0,B01
201400038202,0,7,0,0.0,2.0,1.0,1.0,A01
201400038203,0,7,0,0.0,2.0,1.0,15.0,B01
201400038203,0,7,0,0.0,2.0,1.0,1.0,A01
201400038204,0,10,0,8.0,0.0,1.0,1.0,A01
201400038205,0,31,0,0.0,0.0,0.0,1.0,A01
201400038206,0,7,0,0.0,2.0,3.0,1.0,B01
201400038206,0,7,0,0.0,2.0,1.0,1.0,A01
201400038206,0,7,0,0.0,2.0,3.0,1.0,C01
201400038207,0,15,0,0.0,2.0,4.0,24.0,A01
201400038207,0,30,0,1.0,0.0,1.0,2.0,B01
201400038208,0,7,0,0.0,2.0,1.0,1.0,B01
201400038208,0,30,0,0.0,2.0,3.0,9.0,A01
201400038209,0,7,0,0.0,2.0,1.0,15.0,A01
201400038209,0,33,0,0.0,2.0,7.0,1.0,B01
201400038210,0,7,0,0.0,2.0,1.0,1.0,B01
201400038210,0,7,0,0.0,2.0,1.0,13.0,A01
201400038211,0,7,0,0.0,2.0,1.0,1.0,A01
201400038211,0,7,0,0.0,2.0,4.0,2.0,B01
201400038212,0,7,0,0.0,1.0,1.0,17.0,A01
201400038213,0,7,0,0.0,0.0,9.0,0.0,A01
201400038214,0,7,0,0.0,2.0,1.0,1.0,A01
201400038214,0,7,0,0.0,2.0,4.0,2.0,B01
201400038215,0,7,0,0.0,2.0,4.0,2.0,B01
201400038215,0,7,0,0.0,2.0,1.0,1.0,A01
201400038216,0,7,0,0.0,0.0,7.0,1.0,A01
201400038217,0,7,0,0.0,0.0,9.0,1.0,A01
201400038218,0,7,0,0.0,1.0,1.0,1.0,A01
201400038219,0,7,0,0.0,2.0,4.0,2.0,C01
201400038219,0,7,0,0.0,2.0,1.0,1.0,A01
201400038219,0,7,0,0.0,2.0,4.0,2.0,B01
201400038220,0,7,0,0.0,2.0,1.0,1.0,B01
201400038220,0,7,0,0.0,2.0,1.0,13.0,A01
201400038221,0,7,0,0.0,2.0,1.0,16.0,A01
201400038221,0,1,0,0.0,2.0,1.0,1.0,B01
201400038222,0,7,0,0.0,1.0,2.0,1.0,A01
201400038223,0,7,0,0.0,1.0,2.0,1.0,A01
201400038224,0,7,0,8.0,0.0,1.0,1.0,A01
201400038225,0,7,0,0.0,2.0,1.0,1.0,A01
201400038225,0,7,0,0.0,2.0,3.0,1.0,B01
201400038226,0,31,0,0.0,2.0,4.0,2.0,B01
201400038226,0,7,0,0.0,2.0,1.0,1.0,A01
201400038227,0,7,0,0.0,2.0,1.0,1.0,B01
201400038227,1,99,0,0.0,0.0,1.0,0.0,A01
201400038228,0,7,0,0.0,1.0,1.0,0.0,A01
201400038229,0,7,0,0.0,2.0,4.0,2.0,B01
201400038229,1,99,0,0.0,2.0,1.0,1.0,A01
201400038230,0,1,0,4.0,0.0,1.0,1.0,A01
201400038231,0,33,0,1.0,0.0,7.0,1.0,B01
201400038232,0,7,0,0.0,2.0,4.0,1.0,A01
201400038232,0,7,0,0.0,2.0,4.0,2.0,B01
201400038233,0,7,0,0.0,2.0,1.0,17.0,B01
201400038233,0,33,0,0.0,2.0,7.0,15.0,A01
201400038234,0,7,0,0.0,2.0,3.0,15.0,A01
201400038234,0,7,0,0.0,2.0,6.0,2.0,B01
201400038235,0,7,0,0.0,1.0,2.0,1.0,A01
201400038236,1,2,0,0.0,1.0,1.0,1.0,A01
201400038237,0,7,0,0.0,2.0,6.0,2.0,B01
201400038237,0,33,0,0.0,2.0,1.0,1.0,A01
201400038238,0,1,0,0.0,2.0,7.0,1.0,B01
201400038238,0,7,0,0.0,2.0,1.0,1.0,A01
201400038239,0,7,0,0.0,2.0,1.0,1.0,D01
201400038239,0,7,0,0.0,2.0,2.0,1.0,B01
201400038239,0,7,0,0.0,2.0,3.0,10.0,A01
201400038240,0,33,0,0.0,2.0,7.0,2.0,B01
201400038240,0,7,0,0.0,2.0,6.0,11.0,A01
201400038241,0,7,0,0.0,2.0,8.0,1.0,C01
201400038241,0,33,0,0.0,2.0,1.0,1.0,A01
201400038241,1,7,0,0.0,2.0,2.0,20.0,Z01
201400038242,0,7,0,0.0,1.0,2.0,15.0,A01
201400038243,0,7,0,0.0,2.0,4.0,23.0,A01
201400038243,0,7,0,0.0,2.0,6.0,21.0,B01
201400038243,0,7,0,0.0,2.0,2.0,13.0,C01
201400038244,0,7,0,0.0,2.0,2.0,12.0,A01
201400038244,0,31,0,0.0,2.0,3.0,1.0,B01
201400038245,0,7,0,0.0,2.0,1.0,1.0,A01
201400038245,0,7,0,0.0,2.0,4.0,1.0,B01
201400038246,0,7,0,0.0,1.0,1.0,1.0,A01
201400038247,0,99,0,0.0,2.0,4.0,2.0,B01
201400038247,0,7,0,0.0,2.0,1.0,1.0,A01
201400038248,0,7,0,0.0,2.0,1.0,1.0,A01
201400038248,0,7,0,0.0,2.0,8.0,19.0,B01
201400038249,0,7,0,0.0,2.0,1.0,1.0,B01
201400038249,0,1,0,0.0,2.0,1.0,1.0,A01
201400038250,0,7,0,0.0,1.0,1.0,1.0,A01
201400038251,1,7,0,0.0,2.0,1.0,9.0,Z01
201400038251,0,10,0,0.0,2.0,2.0,1.0,B01
201400038252,0,7,0,0.0,2.0,4.0,2.0,B01
201400038252,0,7,0,0.0,2.0,1.0,1.0,A01
201400038253,0,14,0,0.0,2.0,1.0,1.0,A01
201400038253,0,7,0,0.0,1.0,4.0,2.0,B01
201400038254,0,7,0,0.0,2.0,1.0,9.0,A01
201400038254,0,1,0,0.0,2.0,8.0,15.0,B01
201400038255,0,7,0,0.0,2.0,1.0,13.0,B01
201400038255,0,7,0,0.0,2.0,1.0,13.0,A01
201400038256,0,10,0,0.0,2.0,1.0,1.0,A01
201400038256,0,7,0,0.0,2.0,4.0,23.0,B01
201400038257,0,30,0,0.0,2.0,1.0,17.0,B01
201400038257,0,7,0,0.0,2.0,3.0,15.0,A01
201400038258,0,7,0,0.0,1.0,1.0,1.0,A01
201400038259,1,7,0,0.0,2.0,1.0,5.0,A01
201400038259,0,7,0,13.0,2.0,1.0,1.0,B01
201400038260,0,7,0,0.0,2.0,1.0,1.0,A01
201400038260,0,10,0,0.0,2.0,4.0,2.0,B01
201400038261,0,7,0,0.0,2.0,2.0,1.0,A01
201400038261,0,7,0,0.0,2.0,2.0,1.0,B01
201400038262,0,32,0,0.0,2.0,2.0,1.0,B01
201400038262,0,7,0,0.0,2.0,6.0,8.0,A01
201400038263,0,1,0,0.0,2.0,1.0,19.0,B01
201400038263,0,7,0,0.0,2.0,2.0,1.0,A01
201400038264,0,7,0,2.0,2.0,5.0,1.0,B01
201400038264,0,7,0,0.0,2.0,3.0,11.0,A01
201400038265,0,33,0,0.0,2.0,1.0,1.0,B01
201400038265,0,14,0,0.0,2.0,1.0,1.0,A01
201400038266,0,7,0,0.0,2.0,8.0,1.0,C01
201400038266,0,15,0,0.0,2.0,1.0,1.0,A01
201400038266,0,7,0,0.0,2.0,4.0,2.0,B01
201400038267,0,1,0,0.0,2.0,4.0,1.0,B01
201400038267,0,7,0,0.0,2.0,1.0,1.0,A01
201400038268,0,33,0,0.0,2.0,1.0,2.0,B01
201400038268,0,7,0,0.0,2.0,4.0,1.0,A01
201400038269,0,7,0,0.0,1.0,1.0,1.0,A01
201400038270,0,7,0,0.0,2.0,1.0,1.0,A01
201400038270,0,7,0,0.0,2.0,4.0,2.0,B01
201400038271,0,7,0,0.0,2.0,3.0,1.0,A01
201400038271,0,30,0,0.0,2.0,1.0,1.0,B01
201400038272,0,7,0,0.0,2.0,8.0,9.0,A01
201400038272,0,33,0,0.0,2.0,1.0,1.0,B01
201400038273,0,7,0,0.0,2.0,4.0,23.0,B01
201400038273,0,7,0,0.0,2.0,1.0,1.0,A01
201400038274,0,7,0,0.0,1.0,1.0,1.0,A01
201400038275,0,31,0,0.0,2.0,1.0,1.0,B01
201400038275,0,7,0,0.0,2.0,1.0,1.0,A01
201400038276,0,7,0,0.0,1.0,1.0,1.0,A01
201400038277,0,1,0,0.0,2.0,4.0,2.0,B01
201400038277,1,7,0,0.0,2.0,1.0,1.0,Z01
201400038278,0,7,0,0.0,2.0,1.0,15.0,A01
201400038278,0,7,0,0.0,2.0,8.0,15.0,B01
201400038279,0,7,0,0.0,2.0,1.0,1.0,A01
201400038279,0,7,0,0.0,2.0,4.0,2.0,B01
201400038280,0,10,0,0.0,2.0,4.0,2.0,C01
201400038280,0,10,0,0.0,2.0,1.0,1.0,A01
201400038280,0,7,0,0.0,2.0,4.0,2.0,B01
201400038281,0,7,0,0.0,1.0,7.0,1.0,A01
201400038282,0,7,0,0.0,2.0,1.0,1.0,A01
201400038282,0,7,0,0.0,2.0,4.0,23.0,B01
201400038282,0,7,0,0.0,2.0,4.0,23.0,C01
201400038283,0,7,0,9.0,0.0,3.0,1.0,A01
201400038284,0,7,0,0.0,2.0,4.0,1.0,B01
201400038284,0,7,0,0.0,2.0,1.0,1.0,A01
201400038285,0,7,0,0.0,2.0,4.0,2.0,B01
201400038285,0,7,0,0.0,2.0,1.0,1.0,A01
201400038286,0,7,0,0.0,2.0,1.0,1.0,A01
201400038286,0,7,0,0.0,2.0,4.0,2.0,B01
201400038287,0,1,0,0.0,2.0,1.0,1.0,A01
201400038287,0,7,0,0.0,2.0,7.0,1.0,B01
201400038288,0,7,0,0.0,1.0,1.0,16.0,A01
201400038289,0,32,0,0.0,2.0,1.0,1.0,A01
201400038289,0,7,0,0.0,2.0,4.0,1.0,B01
201400038290,0,31,0,0.0,2.0,1.0,1.0,B01
201400038290,0,7,0,0.0,2.0,8.0,15.0,A01
201400038291,0,7,0,0.0,2.0,1.0,1.0,B01
201400038291,0,1,0,0.0,2.0,1.0,5.0,A01
201400038292,0,7,0,0.0,2.0,3.0,1.0,B01
201400038292,0,14,0,0.0,2.0,2.0,12.0,A01
201400038293,0,7,0,0.0,2.0,4.0,2.0,B01
201400038293,0,7,0,0.0,2.0,1.0,1.0,A01
201400038293,0,10,0,0.0,2.0,4.0,23.0,C01
201400038294,0,17,0,0.0,1.0,1.0,20.0,A01
201400038295,0,7,0,0.0,2.0,3.0,1.0,C01
201400038295,0,7,0,0.0,2.0,2.0,17.0,A01
201400038295,1,7,0,0.0,2.0,6.0,5.0,Z01
201400038296,0,7,0,0.0,2.0,3.0,15.0,A01
201400038296,0,2,0,0.0,2.0,1.0,1.0,B01
201400038297,0,7,0,0.0,1.0,8.0,15.0,A01
201400038298,0,7,0,0.0,2.0,8.0,22.0,A01
201400038298,0,33,0,0.0,2.0,1.0,1.0,B01
201400038299,0,7,0,0.0,1.0,1.0,1.0,A01
201400038300,0,7,0,0.0,0.0,3.0,1.0,A01
201400038301,0,7,0,0.0,2.0,1.0,15.0,A01
201400038301,0,33,0,0.0,2.0,9.0,1.0,B01
201400038302,0,7,0,0.0,2.0,1.0,6.0,A01
201400038302,0,7,0,0.0,2.0,1.0,23.0,B01
201400038303,0,7,0,0.0,2.0,1.0,1.0,A01
201400038303,0,10,0,0.0,2.0,9.0,1.0,B01
201400038303,0,10,0,0.0,2.0,4.0,1.0,C01
201400038304,0,7,0,0.0,2.0,1.0,1.0,B01
201400038304,0,7,0,0.0,2.0,1.0,1.0,A01
201400038305,0,7,0,0.0,1.0,1.0,1.0,A01
201400038306,0,7,0,0.0,2.0,4.0,2.0,B01
201400038306,0,7,0,0.0,2.0,1.0,1.0,A01
201400038307,0,7,0,0.0,2.0,4.0,2.0,B01
201400038307,0,7,0,0.0,2.0,1.0,1.0,A01
201400038308,0,7,0,14.0,2.0,7.0,1.0,A01
201400038308,0,7,0,14.0,2.0,1.0,6.0,B01
201400038309,0,7,0,0.0,2.0,4.0,1.0,B01
201400038309,0,7,0,0.0,2.0,1.0,1.0,A01
201400038310,0,7,0,0.0,2.0,4.0,2.0,B01
201400038310,0,10,0,0.0,2.0,1.0,1.0,A01
201400038311,0,37,1,0.0,2.0,1.0,1.0,A01
201400038311,0,7,0,16.0,2.0,1.0,2.0,B01
201400038312,0,7,0,0.0,2.0,4.0,9.0,B01
201400038312,0,7,0,0.0,2.0,1.0,1.0,A01
201400038313,0,10,0,0.0,2.0,1.0,0.0,B01
201400038313,0,34,0,0.0,2.0,7.0,1.0,A01
201400038314,0,7,0,0.0,2.0,1.0,1.0,A01
201400038314,0,2,0,0.0,2.0,1.0,1.0,B01
201400038315,0,7,0,0.0,1.0,1.0,1.0,A01
201400038316,0,7,0,0.0,2.0,6.0,23.0,B01
201400038316,0,7,0,0.0,2.0,2.0,1.0,A01
201400038317,0,7,0,0.0,1.0,1.0,1.0,A01
201400038318,0,7,0,0.0,1.0,1.0,1.0,A01
201400038319,0,7,0,6.0,1.0,1.0,1.0,A01
201400038320,0,7,0,0.0,2.0,8.0,1.0,B01
201400038320,0,7,0,0.0,2.0,1.0,9.0,A01
201400038321,0,33,0,0.0,2.0,1.0,1.0,B01
201400038321,1,7,0,0.0,2.0,8.0,15.0,A01
201400038322,0,7,0,0.0,1.0,2.0,1.0,A01
201400038323,0,7,0,0.0,2.0,1.0,5.0,A01
201400038323,0,37,1,0.0,2.0,1.0,1.0,B01
201400038324,0,7,0,0.0,2.0,1.0,1.0,B01
201400038324,0,7,0,0.0,2.0,1.0,5.0,A01
201400038325,0,7,0,0.0,2.0,4.0,2.0,B01
201400038325,0,7,0,0.0,2.0,4.0,1.0,A01
201400038326,0,14,0,0.0,2.0,7.0,1.0,A01
201400038326,0,7,0,0.0,2.0,6.0,2.0,B01
201400038327,0,7,0,0.0,1.0,2.0,1.0,A01
201400038328,2,7,0,9.0,0.0,1.0,1.0,Z01
201400038329,1,99,0,0.0,1.0,1.0,1.0,Z01
201400038330,1,10,0,0.0,1.0,7.0,1.0,Z01
201400038331,0,7,0,0.0,1.0,3.0,1.0,A01
201400038332,0,7,0,0.0,1.0,1.0,1.0,A01
201400038333,0,7,0,0.0,2.0,8.0,1.0,B01
201400038333,0,32,0,0.0,2.0,1.0,1.0,A01
201400038334,0,33,0,0.0,1.0,1.0,1.0,A01
201400038335,0,7,0,0.0,2.0,4.0,1.0,A01
201400038335,0,30,0,0.0,2.0,1.0,2.0,B01
201400038336,0,33,0,0.0,1.0,1.0,1.0,A01
201400038337,0,7,0,0.0,2.0,1.0,1.0,A01
201400038337,0,7,0,0.0,2.0,4.0,2.0,B01
201400038338,0,33,0,0.0,2.0,1.0,2.0,B01
201400038338,0,7,0,0.0,2.0,3.0,9.0,A01
201400038339,0,7,0,1.0,0.0,0.0,1.0,A01
201400038340,0,7,0,0.0,2.0,1.0,1.0,A01
201400038340,0,7,0,0.0,2.0,4.0,2.0,B01
201400038341,0,10,0,0.0,2.0,6.0,2.0,B01
201400038341,0,1,0,0.0,2.0,2.0,1.0,A01
201400038342,0,7,0,0.0,2.0,7.0,15.0,B01
201400038342,0,30,0,0.0,2.0,1.0,1.0,A01
201400038343,0,7,0,0.0,2.0,0.0,0.0,C01
201400038343,0,7,0,0.0,2.0,0.0,0.0,B01
201400038343,0,33,0,0.0,2.0,0.0,1.0,A01
201400038344,0,7,0,0.0,2.0,2.0,1.0,A01
201400038344,0,1,0,0.0,2.0,1.0,19.0,B01
201400038345,0,7,0,0.0,2.0,4.0,2.0,B01
201400038345,0,7,0,1.0,2.0,1.0,1.0,A01
201400038346,0,10,0,0.0,2.0,4.0,2.0,B01
201400038346,0,7,0,0.0,2.0,4.0,2.0,C01
201400038346,0,10,0,0.0,2.0,1.0,1.0,A01
201400038347,0,7,0,0.0,1.0,2.0,1.0,A01
201400038348,0,7,0,0.0,2.0,1.0,9.0,A01
201400038348,0,1,0,0.0,2.0,7.0,1.0,B01
201400038349,0,33,0,10.0,2.0,1.0,6.0,A01
201400038349,0,7,0,0.0,2.0,1.0,1.0,B01
201400038350,0,33,0,0.0,1.0,1.0,1.0,A01
201400038351,0,7,0,16.0,2.0,1.0,19.0,A01
201400038351,0,7,0,0.0,2.0,0.0,1.0,B01
201400038352,0,7,0,0.0,2.0,7.0,9.0,B01
201400038352,0,33,0,0.0,2.0,7.0,17.0,A01
201400038353,0,7,0,0.0,1.0,1.0,1.0,A01
201400038354,0,7,0,0.0,1.0,1.0,1.0,A01
201400038355,1,7,0,0.0,1.0,1.0,1.0,A01
201400038356,0,7,0,0.0,2.0,8.0,9.0,A01
201400038356,0,37,1,0.0,2.0,1.0,1.0,B01
201400038357,0,7,0,0.0,2.0,1.0,1.0,A01
201400038357,0,7,0,0.0,2.0,2.0,15.0,B01
201400038358,0,10,0,0.0,2.0,7.0,9.0,A01
201400038358,0,37,60,0.0,2.0,3.0,1.0,B01
201400038359,0,7,0,0.0,2.0,8.0,15.0,A01
201400038359,0,33,0,0.0,2.0,7.0,17.0,B01
201400038360,0,7,0,0.0,2.0,1.0,1.0,A01
201400038360,0,7,0,0.0,2.0,4.0,23.0,B01
201400038361,0,7,0,0.0,2.0,1.0,1.0,A01
201400038361,1,99,0,0.0,2.0,2.0,0.0,Z01
201400038362,0,7,0,1.0,0.0,1.0,14.0,A01
201400038363,0,7,0,0.0,2.0,4.0,23.0,B01
201400038363,0,31,0,0.0,2.0,1.0,1.0,A01
201400038364,0,7,0,0.0,2.0,2.0,15.0,A01
201400038364,0,30,0,0.0,2.0,1.0,1.0,B01
201400038365,0,10,0,0.0,1.0,3.0,1.0,A01
201400038366,0,7,0,0.0,2.0,8.0,15.0,B01
201400038366,0,32,0,0.0,2.0,1.0,17.0,A01
201400038367,0,7,0,0.0,1.0,1.0,16.0,A01
201400038368,0,7,0,0.0,2.0,8.0,15.0,B01
201400038368,0,33,0,0.0,2.0,7.0,17.0,A01
201400038369,0,33,0,0.0,1.0,1.0,5.0,A01
201400038370,0,7,0,0.0,2.0,4.0,1.0,A01
201400038370,0,7,0,0.0,2.0,1.0,1.0,B01
201400038371,0,7,0,0.0,1.0,1.0,1.0,A01
201400038372,0,7,0,1.0,0.0,0.0,1.0,A01
201400038373,0,7,0,0.0,2.0,4.0,24.0,B01
201400038373,0,7,0,0.0,2.0,1.0,1.0,A01
201400038373,0,31,0,0.0,2.0,4.0,23.0,C01
201400038374,1,7,0,0.0,1.0,1.0,1.0,A01
201400038375,0,7,0,0.0,2.0,6.0,1.0,B01
201400038375,0,7,0,0.0,2.0,2.0,17.0,A01
201400038376,0,7,0,0.0,2.0,2.0,1.0,B01
201400038376,0,7,0,0.0,2.0,6.0,15.0,A01
201400038377,0,2,0,0.0,1.0,1.0,1.0,A01
201400038378,0,30,0,0.0,2.0,1.0,1.0,B01
201400038378,0,7,0,0.0,2.0,6.0,1.0,A01
201400038379,1,7,0,0.0,1.0,5.0,1.0,Z01
201400038380,0,32,0,1.0,0.0,1.0,14.0,A01
201400038381,0,7,0,0.0,1.0,1.0,1.0,A01
201400038382,1,7,0,0.0,1.0,1.0,1.0,Z01
201400038383,0,7,0,0.0,2.0,1.0,15.0,A01
201400038383,0,7,0,0.0,2.0,1.0,1.0,B01
201400038384,0,7,0,0.0,2.0,1.0,1.0,A01
201400038384,0,7,0,0.0,2.0,4.0,23.0,B01
201400038385,1,2,0,0.0,1.0,1.0,1.0,A01
201400038386,0,7,0,0.0,2.0,2.0,0.0,A01
201400038386,0,7,0,6.0,2.0,1.0,1.0,B01
201400038387,0,7,0,0.0,2.0,1.0,2.0,B01
201400038387,0,34,0,0.0,2.0,4.0,1.0,A01
201400038388,0,7,0,0.0,2.0,8.0,15.0,B01
201400038388,0,34,0,0.0,2.0,1.0,1.0,A01
201400038389,0,7,0,0.0,1.0,1.0,1.0,A01
201400038390,0,7,0,0.0,1.0,1.0,1.0,A01
201400038391,0,32,0,0.0,2.0,1.0,1.0,B01
201400038391,0,7,0,0.0,2.0,1.0,15.0,A01
201400038392,0,7,0,0.0,2.0,1.0,1.0,A01
201400038392,0,7,0,0.0,2.0,4.0,23.0,B01
201400038392,0,7,0,0.0,2.0,4.0,23.0,C01
201400038393,0,7,0,0.0,2.0,1.0,1.0,B01
201400038393,0,14,0,0.0,2.0,1.0,1.0,C01
201400038393,0,7,0,0.0,2.0,4.0,1.0,A01
201400038394,0,7,0,0.0,1.0,1.0,17.0,A01
201400038395,0,7,0,0.0,2.0,4.0,23.0,B01
201400038395,0,7,0,0.0,2.0,4.0,23.0,C01
201400038395,0,7,0,0.0,2.0,1.0,1.0,A01
201400038396,0,30,0,0.0,2.0,1.0,2.0,B01
201400038396,0,10,0,0.0,2.0,7.0,15.0,A01
201400038397,0,7,0,1.0,0.0,0.0,1.0,A01
201400038398,0,7,0,1.0,0.0,1.0,1.0,A01
201400038399,0,7,0,0.0,2.0,1.0,17.0,A01
201400038399,0,31,0,1.0,2.0,1.0,17.0,B01
201400038400,0,14,0,0.0,1.0,7.0,1.0,A01
201400038401,0,7,0,0.0,1.0,7.0,1.0,A01
201400038402,0,1,0,0.0,2.0,1.0,1.0,B01
201400038402,0,7,0,0.0,2.0,4.0,1.0,A01
201400038403,0,7,0,0.0,2.0,2.0,1.0,B01
201400038403,0,7,0,0.0,2.0,3.0,9.0,A01
201400038404,0,7,0,0.0,1.0,1.0,1.0,A01
201400038405,0,7,0,0.0,2.0,8.0,15.0,B01
201400038405,0,33,0,0.0,2.0,1.0,17.0,A01
201400038406,0,7,0,0.0,1.0,1.0,1.0,A01