Num_Acc,senc,catv,occutc,obs,obsm,choc,manv,num_veh
201400038407,0,7,0,0.0,1.0,1.0,1.0,A01
201400038408,0,33,0,0.0,2.0,1.0,1.0,A01
201400038408,0,7,0,0.0,2.0,3.0,0.0,B01
201400038409,0,7,0,0.0,2.0,1.0,1.0,B01
201400038409,0,7,0,0.0,2.0,1.0,1.0,A01
201400038410,0,7,0,0.0,2.0,1.0,1.0,A01
201400038410,0,7,0,0.0,2.0,4.0,2.0,B01
201400038411,0,31,0,0.0,2.0,1.0,1.0,A01
201400038411,0,7,0,0.0,2.0,7.0,16.0,B01
201400038412,0,7,0,0.0,2.0,1.0,2.0,B01
201400038412,0,7,0,0.0,2.0,4.0,23.0,A01
201400038412,0,7,0,0.0,2.0,1.0,2.0,C01
201400038413,0,7,0,0.0,1.0,1.0,1.0,A01
201400038414,0,33,0,0.0,2.0,7.0,17.0,A01
201400038414,0,7,0,0.0,2.0,8.0,2.0,B01
201400038415,0,7,0,0.0,2.0,8.0,15.0,A01
201400038415,0,33,0,0.0,2.0,1.0,17.0,B01
201400038416,0,33,0,0.0,2.0,1.0,1.0,B01
201400038416,0,7,0,0.0,2.0,1.0,1.0,A01
201400038417,0,7,0,0.0,2.0,1.0,13.0,A01
201400038417,0,7,0,0.0,2.0,1.0,1.0,B01
201400038418,0,7,0,0.0,1.0,7.0,1.0,A01
201400038419,0,7,0,0.0,2.0,2.0,1.0,A01
201400038419,0,7,0,0.0,2.0,1.0,1.0,B01
201400038420,0,7,0,0.0,0.0,0.0,0.0,A01
201400038421,0,7,0,0.0,0.0,0.0,1.0,A01
201400038422,0,7,0,0.0,2.0,7.0,15.0,B01
201400038422,0,30,0,0.0,2.0,5.0,17.0,A01
201400038423,0,7,0,0.0,2.0,4.0,12.0,A01
201400038423,0,7,0,0.0,2.0,9.0,1.0,B01
201400038424,0,7,0,0.0,1.0,1.0,1.0,A01
201400038425,0,7,0,2.0,0.0,1.0,1.0,A01
201400038426,0,7,0,4.0,0.0,1.0,1.0,A01
201400038427,0,7,0,0.0,1.0,1.0,1.0,A01
201400038428,0,10,0,0.0,2.0,1.0,1.0,A01
201400038428,0,7,0,0.0,2.0,4.0,2.0,B01
201400038428,0,7,0,1.0,2.0,9.0,2.0,C01
201400038429,0,7,0,0.0,1.0,1.0,1.0,A01
201400038430,0,7,0,9.0,1.0,9.0,9.0,A01
201400038431,0,7,0,0.0,2.0,1.0,1.0,B01
201400038431,0,7,0,0.0,2.0,1.0,1.0,C01
201400038431,0,7,0,0.0,2.0,1.0,17.0,A01
201400038431,0,15,0,0.0,2.0,6.0,1.0,D01
201400038432,0,2,0,0.0,0.0,8.0,0.0,A01
201400038433,0,7,0,0.0,2.0,1.0,1.0,A01
201400038433,0,7,0,0.0,2.0,4.0,2.0,B01
201400038434,0,7,0,9.0,0.0,0.0,1.0,A01
201400038435,0,7,0,2.0,0.0,1.0,13.0,A01
201400038436,0,1,0,16.0,0.0,0.0,1.0,A01
201400038437,0,30,0,0.0,0.0,0.0,0.0,A01
201400038438,0,7,0,0.0,2.0,1.0,1.0,A01
201400038438,0,7,0,0.0,2.0,4.0,2.0,B01
201400038439,0,7,0,0.0,1.0,1.0,1.0,A01
201400038440,0,7,0,8.0,0.0,1.0,1.0,A01
201400038441,0,7,0,0.0,2.0,4.0,2.0,B01
201400038441,0,32,0,0.0,2.0,1.0,1.0,A01
201400038442,0,7,0,0.0,0.0,0.0,0.0,A01
201400038443,0,7,0,0.0,2.0,3.0,1.0,B01
201400038443,0,7,0,0.0,2.0,1.0,1.0,A01
201400038444,0,1,0,0.0,0.0,0.0,1.0,A01
201400038445,0,3,0,0.0,0.0,0.0,1.0,A01
201400038446,0,7,0,0.0,2.0,1.0,1.0,A01
201400038446,0,7,0,0.0,2.0,4.0,2.0,B01
201400038447,0,7,0,1.0,2.0,1.0,1.0,A01
201400038447,0,7,0,1.0,2.0,5.0,2.0,B01
201400038447,0,31,0,0.0,2.0,4.0,2.0,C01
201400038448,0,7,0,0.0,1.0,4.0,4.0,A01
201400038449,0,7,0,0.0,2.0,4.0,2.0,C01
201400038449,0,7,0,0.0,2.0,4.0,2.0,B01
201400038449,0,7,0,0.0,2.0,1.0,1.0,A01
201400038450,0,7,0,0.0,0.0,7.0,16.0,A01
201400038451,0,7,0,0.0,1.0,2.0,1.0,A01
201400038452,0,7,0,0.0,2.0,1.0,1.0,A01
201400038452,0,37,1,0.0,2.0,4.0,23.0,B01
201400038453,0,10,0,0.0,2.0,8.0,15.0,B01
201400038453,0,34,0,0.0,2.0,1.0,17.0,A01
201400038454,0,7,0,0.0,2.0,1.0,9.0,A01
201400038454,0,7,0,0.0,2.0,4.0,9.0,B01
201400038455,0,2,0,0.0,2.0,1.0,1.0,B01
201400038455,0,7,0,0.0,2.0,1.0,9.0,A01
201400038456,0,33,0,0.0,2.0,1.0,13.0,A01
201400038456,0,7,0,0.0,2.0,1.0,1.0,B01
201400038457,0,7,0,0.0,2.0,3.0,1.0,A01
201400038457,0,17,0,0.0,2.0,8.0,1.0,C01
201400038457,0,7,0,0.0,2.0,7.0,1.0,B01
201400038458,0,7,0,2.0,0.0,1.0,1.0,A01
201400038459,0,7,0,0.0,2.0,4.0,2.0,B01
201400038459,0,7,0,0.0,2.0,1.0,1.0,A01
201400038460,0,33,0,0.0,0.0,0.0,1.0,A01
201400038461,0,7,0,0.0,2.0,2.0,1.0,A01
201400038461,0,7,0,0.0,2.0,8.0,0.0,B01
201400038462,0,7,0,0.0,2.0,1.0,1.0,A01
201400038462,0,7,0,0.0,2.0,4.0,2.0,B01
201400038463,0,33,0,0.0,0.0,0.0,0.0,A01
201400038464,0,33,0,12.0,0.0,2.0,1.0,A01
201400038465,0,99,0,1.0,0.0,1.0,14.0,A01
201400038465,0,15,0,0.0,2.0,6.0,24.0,B01
201400038466,0,1,0,0.0,1.0,1.0,1.0,A01
201400038467,0,1,0,0.0,2.0,1.0,9.0,A01
201400038467,0,7,0,0.0,2.0,1.0,1.0,B01
201400038468,1,7,0,0.0,2.0,0.0,0.0,Z01
201400038468,0,7,0,0.0,2.0,8.0,1.0,B01
201400038468,0,7,0,0.0,2.0,7.0,11.0,C01
201400038469,0,7,0,0.0,0.0,9.0,0.0,A01
201400038470,0,7,0,0.0,1.0,1.0,1.0,A01
201400038471,0,7,0,0.0,0.0,1.0,0.0,A01
201400038472,0,7,0,0.0,1.0,7.0,1.0,A01
201400038473,0,7,0,0.0,1.0,7.0,1.0,A01
201400038474,0,10,0,0.0,2.0,8.0,1.0,B01
201400038474,0,7,0,0.0,2.0,3.0,9.0,A01
201400038475,0,3,0,2.0,0.0,1.0,1.0,A01
201400038476,0,7,0,0.0,9.0,0.0,0.0,A01
201400038477,0,7,0,6.0,0.0,1.0,1.0,A01
201400038478,0,7,0,0.0,0.0,0.0,0.0,A01
201400038479,0,7,0,0.0,0.0,0.0,14.0,A01
201400038480,0,1,0,8.0,0.0,1.0,1.0,A01
201400038481,0,7,0,0.0,2.0,4.0,2.0,B01
201400038481,0,7,0,0.0,2.0,1.0,1.0,A01
201400038482,0,7,0,0.0,2.0,8.0,19.0,A01
201400038482,0,7,0,0.0,2.0,1.0,1.0,B01
201400038483,0,7,0,0.0,2.0,1.0,1.0,A01
201400038483,0,10,0,0.0,2.0,5.0,23.0,B01
201400038484,0,30,0,0.0,0.0,0.0,0.0,A01
201400038485,0,7,0,6.0,0.0,1.0,1.0,A01
201400038486,0,33,0,0.0,0.0,0.0,0.0,A01
201400038487,0,7,0,0.0,2.0,1.0,1.0,A01
201400038487,0,7,0,0.0,2.0,4.0,2.0,B01
201400038488,1,7,0,0.0,1.0,3.0,9.0,Z01
201400038489,0,33,0,0.0,0.0,8.0,0.0,A01
201400038490,0,7,0,3.0,0.0,0.0,0.0,A01
201400038491,0,7,0,0.0,2.0,1.0,19.0,A01
201400038491,0,7,0,0.0,2.0,8.0,1.0,B01
201400038492,0,33,0,0.0,2.0,7.0,3.0,B01
201400038492,0,7,0,0.0,2.0,8.0,11.0,A01
201400038493,0,33,0,0.0,2.0,1.0,17.0,A01
201400038493,0,17,0,0.0,2.0,3.0,15.0,B01
201400038494,0,15,0,0.0,2.0,4.0,2.0,B01
201400038494,0,7,0,0.0,2.0,1.0,1.0,A01
201400038495,0,13,0,0.0,2.0,8.0,1.0,B01
201400038495,0,7,0,0.0,2.0,7.0,14.0,A01
201400038496,0,7,0,2.0,0.0,1.0,0.0,A01
201400038497,0,7,0,0.0,1.0,1.0,1.0,A01
201400038498,0,37,2,0.0,2.0,1.0,1.0,A01
201400038498,0,99,0,0.0,2.0,4.0,2.0,B01
201400038499,0,1,0,0.0,2.0,1.0,1.0,A01
201400038499,0,7,0,0.0,2.0,6.0,2.0,B01
201400038500,0,33,0,0.0,2.0,7.0,13.0,B01
201400038500,1,99,0,2.0,2.0,8.0,2.0,Z01
201400038501,0,7,0,14.0,0.0,1.0,1.0,A01
201400038502,0,7,0,0.0,1.0,1.0,15.0,A01
201400038503,0,7,0,8.0,0.0,8.0,1.0,A01
201400038504,0,7,0,0.0,1.0,1.0,1.0,A01
201400038505,0,34,0,0.0,0.0,0.0,1.0,A01
201400038506,0,30,0,0.0,0.0,0.0,0.0,A01
201400038507,0,10,0,0.0,0.0,9.0,0.0,A01
201400038508,0,1,0,0.0,0.0,0.0,0.0,A01
201400038509,0,1,0,12.0,0.0,7.0,14.0,A01
201400038510,0,7,0,0.0,2.0,4.0,2.0,B01
201400038510,0,7,0,0.0,2.0,1.0,1.0,A01
201400038511,0,7,0,0.0,1.0,1.0,1.0,A01
201400038512,0,7,0,0.0,1.0,1.0,16.0,A01
201400038513,0,7,0,0.0,1.0,3.0,1.0,A01
201400038514,0,10,0,0.0,0.0,0.0,0.0,A01
201400038515,0,7,0,0.0,0.0,0.0,0.0,A01
201400038516,0,7,0,0.0,1.0,2.0,1.0,A01
201400038517,0,33,0,7.0,0.0,1.0,18.0,A01
201400038518,1,7,0,0.0,2.0,6.0,13.0,Z01
201400038518,0,7,0,0.0,2.0,9.0,17.0,A01
201400038519,0,7,0,0.0,2.0,1.0,1.0,A01
201400038519,0,7,0,0.0,2.0,4.0,23.0,B01
201400038519,0,7,0,0.0,2.0,4.0,2.0,C01
201400038520,0,7,0,0.0,2.0,2.0,19.0,B01
201400038520,0,7,0,0.0,2.0,1.0,1.0,A01
201400038521,0,7,0,0.0,2.0,4.0,2.0,B01
201400038521,0,2,0,0.0,2.0,1.0,1.0,A01
201400038522,0,7,0,0.0,2.0,3.0,15.0,A01
201400038522,0,7,0,0.0,2.0,3.0,1.0,B01
201400038523,0,7,0,0.0,1.0,1.0,15.0,A01
201400038524,0,7,0,4.0,0.0,1.0,13.0,A01
201400038525,0,7,0,0.0,2.0,3.0,1.0,A01
201400038525,0,30,0,0.0,2.0,8.0,1.0,B01
201400038526,0,7,0,0.0,1.0,1.0,1.0,A01
201400038527,0,7,0,0.0,1.0,3.0,1.0,A01
201400038528,0,20,0,0.0,2.0,3.0,13.0,A01
201400038528,0,30,0,0.0,2.0,3.0,1.0,B01
201400038529,0,7,0,0.0,1.0,1.0,0.0,A01
201400038530,0,7,0,0.0,2.0,1.0,1.0,C01
201400038530,0,30,0,0.0,2.0,9.0,19.0,A01
201400038530,0,7,0,0.0,2.0,1.0,21.0,B01
201400038531,0,7,0,0.0,0.0,0.0,0.0,A01
201400038532,0,7,0,0.0,1.0,1.0,14.0,A01
201400038533,0,37,1,0.0,1.0,1.0,1.0,A01
201400038534,0,7,0,1.0,1.0,3.0,1.0,A01
201400038535,0,7,0,0.0,1.0,7.0,1.0,A01
201400038536,0,7,0,0.0,2.0,3.0,1.0,A01
201400038536,0,30,0,0.0,2.0,7.0,3.0,B01
201400038537,0,7,0,0.0,1.0,1.0,14.0,A01
201400038537,0,7,0,0.0,2.0,4.0,23.0,B01
201400038538,0,7,0,0.0,2.0,1.0,15.0,A01
201400038538,0,2,0,0.0,2.0,1.0,1.0,B01
201400038539,0,7,0,0.0,2.0,4.0,2.0,B01
201400038539,0,7,0,0.0,2.0,1.0,1.0,A01
201400038540,0,7,0,0.0,1.0,2.0,1.0,A01
201400038541,0,7,0,0.0,1.0,1.0,1.0,A01
201400038542,0,7,0,0.0,2.0,3.0,1.0,B01
201400038542,0,7,0,0.0,2.0,1.0,15.0,A01
201400038543,0,7,0,0.0,2.0,1.0,1.0,B01
201400038543,0,7,0,0.0,2.0,1.0,13.0,A01
201400038544,0,7,0,0.0,2.0,3.0,1.0,A01
201400038544,0,7,0,0.0,2.0,2.0,1.0,B01
201400038545,1,10,0,0.0,2.0,2.0,1.0,Z01
201400038545,0,32,0,0.0,2.0,1.0,1.0,A01
201400038546,0,7,0,0.0,2.0,2.0,1.0,B01
201400038546,0,7,0,0.0,2.0,1.0,17.0,A01
201400038547,0,7,0,0.0,1.0,1.0,1.0,A01
201400038548,0,7,0,0.0,1.0,7.0,16.0,A01
201400038549,0,7,0,0.0,1.0,1.0,1.0,A01
201400038550,1,30,0,0.0,1.0,1.0,1.0,Z01
201400038551,0,7,0,0.0,2.0,1.0,1.0,B01
201400038551,0,7,0,0.0,2.0,8.0,1.0,A01
201400038552,0,7,0,0.0,1.0,2.0,1.0,A01
201400038553,0,7,0,0.0,1.0,1.0,1.0,A01
201400038554,0,33,0,0.0,1.0,1.0,1.0,A01
201400038555,0,7,0,0.0,2.0,7.0,1.0,B01
201400038555,0,7,0,0.0,2.0,1.0,1.0,A01
201400038556,0,7,0,0.0,2.0,9.0,1.0,B01
201400038556,0,7,0,0.0,2.0,9.0,1.0,A01
201400038557,0,7,0,8.0,0.0,1.0,14.0,A01
201400038558,0,7,0,0.0,2.0,1.0,1.0,B01
201400038558,0,10,0,0.0,2.0,1.0,1.0,A01
201400038559,0,7,0,0.0,2.0,7.0,1.0,B01
201400038559,0,7,0,0.0,2.0,1.0,23.0,C01
201400038559,0,7,0,0.0,2.0,1.0,15.0,A01
201400038560,0,7,0,0.0,2.0,7.0,15.0,A01
201400038560,0,7,0,0.0,2.0,1.0,1.0,B01
201400038561,0,7,0,0.0,2.0,1.0,13.0,A01
201400038561,0,7,0,0.0,2.0,1.0,1.0,B01
201400038562,0,7,0,0.0,2.0,1.0,15.0,A01
201400038562,0,32,0,0.0,2.0,8.0,1.0,B01
201400038563,0,13,0,0.0,2.0,1.0,1.0,A01
201400038563,0,7,0,0.0,2.0,4.0,1.0,B01
201400038564,0,10,0,0.0,1.0,1.0,1.0,A01
201400038565,0,33,0,0.0,2.0,0.0,1.0,B01
201400038565,0,7,0,0.0,2.0,0.0,1.0,A01
201400038566,0,7,0,0.0,2.0,1.0,1.0,B01
201400038566,0,30,0,0.0,2.0,8.0,15.0,A01
201400038567,0,7,0,0.0,2.0,1.0,19.0,A01
201400038567,0,7,0,0.0,2.0,2.0,1.0,B01
201400038568,0,7,0,0.0,1.0,1.0,1.0,A01
201400038569,0,7,0,0.0,1.0,7.0,1.0,A01
201400038570,0,7,0,0.0,2.0,1.0,1.0,A01
201400038570,0,7,0,0.0,2.0,4.0,1.0,B01
201400038571,0,7,0,0.0,1.0,4.0,20.0,A01
201400038572,0,7,0,0.0,1.0,7.0,0.0,A01
201400038573,0,7,0,0.0,1.0,3.0,1.0,A01
201400038574,0,7,0,0.0,2.0,1.0,1.0,E01
201400038574,0,7,0,0.0,2.0,7.0,1.0,C01
201400038574,0,7,0,0.0,2.0,1.0,1.0,A01
201400038574,0,7,0,0.0,2.0,3.0,0.0,B01
201400038574,0,7,0,0.0,2.0,8.0,0.0,D01
201400038575,0,7,0,0.0,2.0,8.0,1.0,B01
201400038575,0,7,0,0.0,2.0,1.0,1.0,A01
201400038576,0,7,0,0.0,2.0,4.0,2.0,B01
201400038576,0,7,0,0.0,2.0,1.0,2.0,A01
201400038577,0,7,0,0.0,2.0,4.0,2.0,B01
201400038577,0,7,0,0.0,2.0,4.0,2.0,C01
201400038577,0,7,0,0.0,2.0,1.0,1.0,A01
201400038577,0,7,0,0.0,2.0,4.0,2.0,E01
201400038577,0,7,0,0.0,2.0,4.0,2.0,D01
201400038578,1,7,0,0.0,1.0,1.0,1.0,Z01
201400038579,0,7,0,0.0,1.0,1.0,1.0,A01
201400038580,0,33,0,0.0,2.0,1.0,1.0,B01
201400038580,2,7,0,0.0,2.0,1.0,1.0,Z01
201400038581,0,7,0,0.0,2.0,7.0,1.0,B01
201400038581,0,7,0,0.0,2.0,1.0,1.0,A01
201400038582,0,7,0,0.0,1.0,4.0,4.0,A01
201400038583,0,7,0,0.0,2.0,7.0,14.0,A01
201400038583,0,7,0,0.0,2.0,8.0,1.0,B01
201400038584,0,7,0,0.0,1.0,2.0,1.0,A01
201400038585,0,10,0,0.0,1.0,7.0,1.0,A01
201400038586,0,7,0,0.0,2.0,8.0,13.0,A01
201400038586,0,33,0,0.0,2.0,5.0,1.0,B01
201400038587,0,37,1,0.0,1.0,8.0,1.0,A01
201400038588,0,7,0,0.0,1.0,1.0,1.0,A01
201400038589,0,7,0,0.0,1.0,1.0,17.0,A01
201400038590,0,7,0,0.0,1.0,1.0,16.0,A01
201400038591,0,34,0,0.0,2.0,1.0,1.0,B01
201400038591,0,7,0,0.0,2.0,8.0,15.0,A01
201400038592,0,7,0,0.0,2.0,7.0,1.0,B01
201400038592,0,7,0,0.0,2.0,1.0,9.0,A01
201400038593,0,15,0,0.0,2.0,1.0,1.0,B01
201400038593,0,7,0,0.0,2.0,8.0,1.0,C01
201400038593,0,7,0,0.0,2.0,1.0,13.0,A01
201400038594,1,7,0,0.0,1.0,1.0,16.0,Z01
201400038595,0,30,0,0.0,1.0,1.0,1.0,A01
201400038596,0,7,0,0.0,1.0,1.0,1.0,A01
201400038597,0,7,0,0.0,1.0,8.0,1.0,A01
201400038598,0,31,0,0.0,2.0,1.0,1.0,B01
201400038598,0,7,0,0.0,2.0,3.0,15.0,A01
201400038599,0,7,0,3.0,0.0,1.0,13.0,A01
201400038600,1,7,0,0.0,2.0,1.0,2.0,Z01
201400038600,0,33,0,0.0,2.0,4.0,1.0,A01
201400038601,0,7,0,0.0,2.0,1.0,1.0,A01
201400038601,0,7,0,0.0,2.0,4.0,1.0,B01
201400038602,0,7,0,0.0,1.0,2.0,1.0,A01
201400038603,1,31,0,0.0,1.0,1.0,0.0,Z01
201400038604,0,7,0,0.0,2.0,2.0,1.0,A01
201400038604,0,32,0,0.0,2.0,7.0,17.0,B01
201400038605,0,7,0,0.0,2.0,1.0,2.0,B01
201400038605,0,10,0,0.0,2.0,4.0,1.0,A01
201400038606,0,14,0,0.0,2.0,1.0,1.0,B01
201400038606,0,7,0,0.0,2.0,4.0,23.0,A01
201400038607,0,34,0,0.0,2.0,1.0,3.0,A01
201400038607,0,7,0,0.0,2.0,3.0,9.0,B01
201400038608,0,7,0,0.0,1.0,4.0,4.0,A01
201400038609,0,2,0,0.0,2.0,1.0,17.0,A01
201400038609,0,7,0,0.0,2.0,8.0,15.0,B01
201400038610,0,30,0,0.0,2.0,1.0,1.0,B01
201400038610,0,7,0,0.0,2.0,2.0,15.0,A01
201400038611,0,1,0,0.0,2.0,8.0,15.0,B01
201400038611,0,7,0,0.0,2.0,1.0,15.0,A01
201400038612,0,7,0,0.0,2.0,4.0,1.0,A01
201400038612,0,13,0,0.0,2.0,1.0,2.0,B01
201400038613,0,10,0,0.0,2.0,1.0,1.0,B01
201400038613,0,7,0,0.0,2.0,1.0,1.0,C01
201400038613,0,7,0,0.0,2.0,7.0,13.0,A01
201400038614,0,7,0,0.0,2.0,3.0,20.0,B01
201400038614,0,33,0,0.0,2.0,1.0,1.0,A01
201400038615,0,30,0,0.0,2.0,1.0,17.0,A01
201400038615,0,7,0,0.0,2.0,3.0,19.0,B01
201400038616,0,33,0,0.0,2.0,3.0,2.0,B01
201400038616,0,13,0,0.0,2.0,4.0,1.0,A01
201400038617,0,33,0,0.0,2.0,7.0,14.0,A01
201400038617,0,7,0,0.0,2.0,3.0,1.0,B01
201400038618,0,7,0,0.0,2.0,1.0,2.0,B01
201400038618,0,7,0,0.0,2.0,4.0,1.0,A01
201400038619,0,7,0,0.0,2.0,8.0,16.0,B01
201400038619,0,7,0,0.0,2.0,3.0,1.0,A01
201400038620,0,7,0,0.0,1.0,2.0,1.0,A01
201400038621,0,1,0,0.0,2.0,8.0,0.0,B01
201400038621,0,7,0,0.0,2.0,1.0,0.0,A01
201400038622,0,15,0,0.0,2.0,2.0,1.0,A01
201400038622,0,33,0,0.0,2.0,6.0,2.0,B01
201400038623,0,7,0,0.0,1.0,1.0,1.0,A01
201400038624,0,10,0,0.0,2.0,2.0,15.0,B01
201400038624,0,34,0,0.0,2.0,3.0,1.0,A01
201400038625,0,7,0,0.0,1.0,1.0,1.0,A01
201400038626,0,7,0,0.0,2.0,1.0,1.0,A01
201400038626,0,31,0,0.0,2.0,4.0,2.0,B01
201400038627,0,7,0,0.0,2.0,1.0,15.0,A01
201400038627,0,33,0,0.0,2.0,7.0,13.0,B01
201400038628,0,7,0,0.0,2.0,7.0,1.0,A01
201400038628,0,33,0,1.0,2.0,2.0,3.0,B01
201400038629,0,7,0,0.0,2.0,3.0,1.0,A01
201400038629,0,33,0,0.0,2.0,7.0,1.0,B01
201400038630,0,7,0,0.0,2.0,3.0,19.0,A01
201400038630,0,30,0,0.0,2.0,7.0,1.0,B01
201400038631,0,7,0,0.0,2.0,2.0,9.0,A01
201400038631,0,31,0,0.0,2.0,8.0,1.0,B01
201400038632,0,7,0,0.0,2.0,1.0,1.0,B01
201400038632,0,7,0,0.0,2.0,3.0,19.0,A01
201400038633,0,1,0,0.0,2.0,3.0,19.0,B01
201400038633,0,7,0,0.0,2.0,1.0,16.0,A01
201400038634,0,7,0,0.0,2.0,3.0,1.0,B01
201400038634,0,7,0,0.0,2.0,3.0,5.0,A01
201400038635,0,7,0,0.0,2.0,3.0,1.0,B01
201400038635,0,10,0,0.0,2.0,3.0,15.0,A01
201400038636,0,7,0,0.0,1.0,1.0,1.0,A01
201400038637,0,7,0,0.0,2.0,1.0,15.0,A01
201400038637,0,34,0,0.0,2.0,3.0,1.0,B01
201400038638,0,7,0,0.0,1.0,1.0,1.0,A01
201400038639,0,7,0,0.0,2.0,2.0,15.0,A01
201400038639,0,30,0,0.0,2.0,1.0,1.0,B01
201400038640,0,37,1,0.0,1.0,1.0,1.0,A01
201400038641,0,7,0,0.0,2.0,0.0,0.0,B01
201400038641,0,7,0,0.0,2.0,0.0,0.0,A01
201400038642,0,32,0,0.0,2.0,3.0,1.0,B01
201400038642,0,7,0,0.0,2.0,7.0,1.0,A01
201400038643,0,99,0,0.0,1.0,3.0,1.0,A01
201400038644,0,7,0,0.0,1.0,1.0,1.0,A01
201400038645,0,2,0,0.0,2.0,2.0,1.0,B01
201400038645,0,7,0,0.0,2.0,3.0,20.0,A01
201400038646,0,7,0,0.0,2.0,3.0,9.0,A01
201400038646,0,2,0,0.0,2.0,2.0,1.0,B01
201400038647,0,10,0,0.0,2.0,8.0,11.0,A01
201400038647,0,33,0,0.0,2.0,7.0,17.0,B01
201400038648,0,7,0,0.0,1.0,1.0,1.0,A01
201400038649,0,33,0,0.0,2.0,1.0,1.0,B01
201400038649,0,10,0,0.0,2.0,4.0,23.0,A01
201400038650,0,7,0,0.0,2.0,1.0,1.0,B01
201400038650,0,7,0,0.0,2.0,2.0,1.0,A01
201400038651,0,7,0,0.0,1.0,1.0,1.0,A01
201400038652,0,7,0,0.0,1.0,1.0,1.0,A01
201400038653,0,2,0,0.0,2.0,2.0,1.0,B01
201400038653,0,7,0,0.0,2.0,1.0,10.0,A01
201400038654,0,33,0,0.0,2.0,7.0,1.0,B01
201400038654,0,7,0,0.0,2.0,8.0,10.0,A01
201400038655,0,7,0,0.0,1.0,1.0,1.0,A01
201400038656,0,7,0,1.0,1.0,3.0,1.0,A01
201400038657,0,34,0,12.0,2.0,7.0,1.0,A01
201400038657,0,17,0,0.0,2.0,1.0,1.0,B01
201400038658,0,7,0,0.0,1.0,1.0,1.0,A01
201400038659,0,7,0,0.0,2.0,2.0,15.0,A01
201400038659,0,33,0,0.0,2.0,8.0,3.0,B01
201400038660,0,99,0,0.0,2.0,7.0,1.0,B01
201400038660,0,7,0,0.0,2.0,1.0,9.0,A01
201400038661,0,32,0,0.0,2.0,1.0,1.0,B01
201400038661,0,7,0,0.0,2.0,3.0,15.0,A01
201400038662,0,7,0,1.0,0.0,1.0,1.0,A01
201400038663,0,7,0,4.0,2.0,4.0,1.0,A01
201400038663,0,7,0,14.0,2.0,1.0,2.0,B01
201400038664,0,7,0,2.0,0.0,1.0,1.0,A01
201400038665,0,7,0,1.0,0.0,2.0,1.0,A01
201400038666,0,7,0,0.0,2.0,4.0,2.0,B01
201400038666,0,7,0,0.0,2.0,1.0,1.0,A01
201400038667,0,7,0,0.0,2.0,8.0,24.0,A01
201400038667,0,1,0,0.0,2.0,1.0,2.0,B01
201400038668,0,7,0,0.0,1.0,1.0,1.0,A01
201400038669,0,7,0,0.0,1.0,7.0,1.0,A01
201400038670,0,7,0,0.0,1.0,1.0,1.0,A01
201400038671,0,7,0,0.0,2.0,1.0,2.0,B01
201400038671,0,7,0,0.0,2.0,4.0,1.0,A01
201400038672,0,7,0,0.0,2.0,1.0,1.0,A01
201400038672,0,1,0,0.0,2.0,8.0,1.0,B01
201400038673,0,7,0,0.0,1.0,7.0,1.0,A01
201400038674,0,10,0,6.0,0.0,1.0,1.0,A01
201400038675,0,7,0,6.0,0.0,1.0,1.0,A01
201400038676,0,7,0,0.0,1.0,1.0,1.0,A01
201400038677,0,7,0,0.0,2.0,1.0,9.0,A01
201400038677,0,1,0,0.0,2.0,1.0,1.0,B01
201400038678,0,7,0,0.0,2.0,1.0,1.0,A01
201400038678,0,7,0,0.0,2.0,3.0,1.0,B01
201400038679,0,1,0,0.0,2.0,1.0,1.0,B01
201400038679,0,7,0,0.0,2.0,4.0,23.0,A01
201400038680,0,7,0,6.0,0.0,1.0,1.0,A01
201400038681,0,33,0,0.0,2.0,1.0,1.0,B01
201400038681,0,17,0,0.0,2.0,2.0,1.0,A01
201400038682,0,7,0,0.0,2.0,4.0,2.0,B01
201400038682,0,7,0,0.0,2.0,1.0,1.0,A01
201400038683,0,7,0,0.0,1.0,1.0,1.0,A01
201400038684,0,33,0,0.0,2.0,1.0,1.0,B01
201400038684,0,7,0,0.0,2.0,3.0,15.0,A01
201400038685,0,7,0,0.0,1.0,1.0,1.0,A01
201400038686,0,7,0,0.0,2.0,1.0,1.0,A01
201400038686,0,7,0,0.0,2.0,4.0,2.0,B01
201400038687,0,7,0,1.0,0.0,1.0,1.0,A01
201400038688,0,30,0,0.0,2.0,1.0,2.0,B01
201400038688,0,7,0,0.0,2.0,4.0,4.0,A01
201400038689,0,7,0,0.0,1.0,1.0,1.0,A01
201400038690,0,7,0,0.0,1.0,1.0,1.0,A01
201400038691,0,7,0,0.0,2.0,8.0,15.0,A01
201400038691,0,30,0,0.0,2.0,9.0,17.0,B01
201400038692,0,7,0,0.0,2.0,1.0,1.0,A01
201400038692,0,7,0,0.0,2.0,7.0,2.0,B01
201400038693,0,7,0,0.0,2.0,1.0,9.0,A01
201400038693,0,33,0,0.0,2.0,2.0,1.0,B01
201400038694,0,7,0,0.0,2.0,1.0,5.0,B01
201400038694,0,30,0,0.0,2.0,1.0,1.0,A01
201400038695,0,7,0,0.0,2.0,1.0,2.0,B01
201400038695,0,7,0,0.0,2.0,4.0,1.0,A01
201400038696,0,33,0,0.0,2.0,1.0,3.0,A01
201400038696,0,7,0,0.0,2.0,6.0,15.0,B01
201400038697,0,10,0,0.0,1.0,1.0,17.0,A01
201400038698,0,7,0,0.0,2.0,4.0,2.0,B01
201400038698,0,30,0,0.0,2.0,1.0,1.0,A01
201400038699,0,7,0,1.0,2.0,1.0,13.0,A01
201400038699,0,7,0,0.0,2.0,1.0,2.0,B01