Num_Acc,senc,catv,occutc,obs,obsm,choc,manv,num_veh
201400038700,0,34,0,0.0,2.0,2.0,1.0,B01
201400038700,0,2,0,0.0,2.0,1.0,20.0,A01
201400038701,0,7,0,1.0,2.0,1.0,1.0,A01
201400038701,0,7,0,1.0,2.0,4.0,24.0,C01
201400038702,0,7,0,0.0,2.0,1.0,1.0,B01
201400038702,0,7,0,0.0,2.0,1.0,1.0,A01
201400038703,0,20,0,0.0,2.0,4.0,2.0,B01
201400038703,0,7,0,0.0,2.0,1.0,1.0,A01
201400038704,0,7,0,0.0,2.0,1.0,1.0,A01
201400038704,0,7,0,0.0,2.0,4.0,1.0,B01
201400038705,0,7,0,0.0,2.0,2.0,1.0,A01
201400038705,0,7,0,0.0,2.0,6.0,11.0,B01
201400038706,0,1,0,0.0,2.0,1.0,1.0,B01
201400038706,0,7,0,0.0,2.0,8.0,22.0,A01
201400038707,0,7,0,6.0,0.0,1.0,1.0,A01
201400038708,0,7,0,0.0,2.0,1.0,1.0,A01
201400038708,0,7,0,0.0,2.0,3.0,1.0,B01
201400038709,0,7,0,0.0,2.0,4.0,24.0,C01
201400038709,0,7,0,0.0,2.0,1.0,1.0,A01
201400038709,0,10,0,0.0,2.0,4.0,2.0,B01
201400038710,0,7,0,0.0,2.0,6.0,2.0,B01
201400038710,0,33,0,0.0,2.0,1.0,1.0,A01
201400038711,0,10,0,1.0,0.0,3.0,1.0,A01
201400038712,0,33,0,0.0,2.0,1.0,1.0,B01
201400038712,0,7,0,0.0,2.0,3.0,16.0,A01
201400038713,0,7,0,0.0,1.0,2.0,1.0,A01
201400038714,0,32,0,0.0,0.0,7.0,21.0,B01
201400038715,0,7,0,0.0,2.0,1.0,1.0,A01
201400038715,0,7,0,0.0,2.0,4.0,2.0,C01
201400038715,0,7,0,0.0,2.0,4.0,2.0,B01
201400038716,0,7,0,4.0,0.0,1.0,16.0,A01
201400038717,0,7,0,0.0,1.0,1.0,1.0,A01
201400038718,0,7,0,0.0,2.0,1.0,1.0,A01
201400038718,0,7,0,0.0,2.0,6.0,2.0,B01
201400038719,0,7,0,0.0,2.0,3.0,20.0,A01
201400038719,0,33,0,0.0,2.0,1.0,1.0,B01
201400038720,0,2,0,0.0,2.0,2.0,1.0,A01
201400038720,0,7,0,0.0,2.0,3.0,1.0,B01
201400038721,0,7,0,0.0,2.0,1.0,2.0,B01
201400038721,0,30,0,0.0,2.0,4.0,1.0,A01
201400038722,0,30,0,0.0,2.0,1.0,1.0,A01
201400038722,0,7,0,0.0,2.0,7.0,15.0,B01
201400038723,0,7,0,0.0,1.0,1.0,1.0,A01
201400038724,0,10,0,0.0,2.0,7.0,1.0,C01
201400038724,0,7,0,0.0,2.0,9.0,1.0,A01
201400038724,0,7,0,0.0,2.0,9.0,1.0,B01
201400038725,0,7,0,1.0,0.0,2.0,1.0,A01
201400038726,0,7,0,0.0,2.0,0.0,0.0,A01
201400038726,0,30,0,0.0,2.0,7.0,2.0,B01
201400038727,0,7,0,0.0,0.0,8.0,17.0,A01
201400038728,0,7,0,0.0,1.0,1.0,1.0,A01
201400038729,0,31,0,0.0,1.0,1.0,17.0,A01
201400038730,0,7,0,4.0,2.0,1.0,13.0,A01
201400038730,0,7,0,0.0,2.0,1.0,1.0,B01
201400038731,0,7,0,4.0,0.0,1.0,1.0,A01
201400038732,0,7,0,0.0,1.0,1.0,1.0,A01
201400038733,0,7,0,0.0,1.0,2.0,16.0,A01
201400038734,0,7,0,0.0,1.0,1.0,1.0,A01
201400038735,0,7,0,0.0,1.0,7.0,1.0,A01
201400038736,0,7,0,1.0,0.0,1.0,1.0,A01
201400038737,0,7,0,0.0,1.0,1.0,1.0,A01
201400038738,0,7,0,0.0,1.0,1.0,1.0,A01
201400038739,0,7,0,0.0,1.0,4.0,4.0,A01
201400038740,1,7,0,0.0,1.0,1.0,1.0,Z01
201400038741,0,7,0,0.0,2.0,1.0,18.0,B01
201400038741,0,7,0,0.0,2.0,2.0,1.0,A01
201400038742,0,7,0,0.0,1.0,1.0,1.0,A01
201400038743,0,7,0,5.0,0.0,1.0,14.0,A01
201400038744,0,7,0,0.0,1.0,3.0,1.0,A01
201400038745,0,7,0,1.0,2.0,2.0,16.0,B01
201400038745,0,7,0,0.0,2.0,2.0,1.0,A01
201400038746,0,7,0,0.0,2.0,3.0,1.0,B01
201400038746,0,7,0,1.0,2.0,8.0,19.0,A01
201400038747,0,7,0,0.0,2.0,1.0,1.0,A01
201400038747,0,7,0,0.0,2.0,4.0,2.0,B01
201400038748,0,7,0,0.0,1.0,3.0,1.0,A01
201400038749,0,7,0,0.0,2.0,3.0,9.0,B01
201400038749,0,7,0,0.0,2.0,2.0,1.0,A01
201400038750,0,7,0,0.0,2.0,4.0,1.0,A01
201400038750,0,1,0,0.0,2.0,1.0,2.0,B01
201400038751,0,7,0,0.0,1.0,1.0,1.0,A01
201400038752,0,7,0,0.0,2.0,1.0,15.0,A01
201400038752,0,1,0,0.0,2.0,7.0,1.0,B01
201400038753,0,7,0,0.0,2.0,4.0,2.0,B01
201400038753,0,7,0,0.0,2.0,1.0,1.0,A01
201400038754,0,10,0,0.0,1.0,3.0,15.0,A01
201400038755,0,2,0,0.0,2.0,1.0,1.0,A01
201400038755,0,7,0,0.0,2.0,8.0,15.0,B01
201400038756,0,10,0,0.0,2.0,1.0,1.0,A01
201400038756,0,7,0,0.0,2.0,1.0,15.0,B01
201400038757,0,7,0,0.0,1.0,1.0,1.0,A01
201400038758,0,7,0,0.0,1.0,7.0,1.0,A01
201400038759,0,30,0,0.0,2.0,1.0,16.0,A01
201400038759,0,37,1,0.0,2.0,1.0,1.0,B01
201400038760,0,7,0,0.0,1.0,1.0,15.0,A01
201400038761,0,2,0,0.0,2.0,2.0,1.0,B01
201400038761,0,7,0,0.0,2.0,3.0,9.0,A01
201400038762,0,7,0,4.0,0.0,3.0,1.0,A01
201400038763,0,7,0,0.0,1.0,2.0,1.0,A01
201400038764,0,33,0,0.0,1.0,1.0,1.0,A01
201400038765,0,2,0,0.0,2.0,7.0,1.0,B01
201400038765,0,7,0,0.0,2.0,2.0,1.0,A01
201400038766,0,7,0,8.0,2.0,3.0,0.0,B01
201400038766,0,7,0,0.0,2.0,1.0,0.0,A01
201400038767,0,33,0,0.0,2.0,1.0,17.0,B01
201400038767,0,10,0,0.0,2.0,8.0,11.0,A01
201400038768,0,7,0,0.0,1.0,2.0,1.0,A01
201400038769,1,13,0,0.0,2.0,4.0,2.0,Z01
201400038769,0,38,1,0.0,2.0,1.0,1.0,A01
201400038770,0,7,0,0.0,2.0,1.0,2.0,B01
201400038770,0,30,0,0.0,2.0,4.0,1.0,A01
201400038771,1,30,0,0.0,1.0,1.0,21.0,Z01
201400038772,0,7,0,0.0,2.0,3.0,5.0,A01
201400038772,0,7,0,0.0,2.0,3.0,1.0,B01
201400038773,0,7,0,1.0,2.0,1.0,1.0,B01
201400038773,0,7,0,0.0,0.0,4.0,23.0,A01
201400038774,0,7,0,0.0,2.0,1.0,13.0,A01
201400038774,0,1,0,0.0,2.0,1.0,1.0,B01
201400038775,0,30,0,0.0,0.0,3.0,1.0,A01
201400038776,0,7,0,0.0,2.0,1.0,1.0,A01
201400038776,0,7,0,0.0,2.0,4.0,2.0,B01
201400038777,0,1,0,0.0,2.0,1.0,1.0,A01
201400038777,0,38,1,0.0,2.0,3.0,7.0,B01
201400038778,0,7,0,0.0,2.0,3.0,1.0,B01
201400038778,0,7,0,0.0,2.0,0.0,0.0,A01
201400038779,0,33,0,0.0,1.0,2.0,3.0,A01
201400038780,0,33,0,0.0,2.0,1.0,1.0,A01
201400038780,0,7,0,0.0,2.0,3.0,1.0,B01
201400038781,0,33,0,0.0,2.0,1.0,17.0,B01
201400038781,0,7,0,0.0,2.0,8.0,10.0,A01
201400038782,0,2,0,0.0,2.0,1.0,1.0,A01
201400038782,0,7,0,0.0,2.0,2.0,1.0,B01
201400038783,0,7,0,0.0,2.0,6.0,15.0,B01
201400038783,0,30,0,0.0,2.0,1.0,17.0,A01
201400038784,0,7,0,0.0,2.0,2.0,16.0,A01
201400038784,0,7,0,0.0,2.0,3.0,13.0,B01
201400038785,0,7,0,0.0,2.0,4.0,2.0,B01
201400038785,0,7,0,0.0,2.0,1.0,1.0,A01
201400038786,0,1,0,0.0,2.0,8.0,0.0,B01
201400038786,0,7,0,0.0,2.0,7.0,0.0,A01
201400038787,0,10,0,0.0,1.0,1.0,1.0,A01
201400038788,0,7,0,0.0,2.0,2.0,1.0,A01
201400038788,0,7,0,0.0,2.0,2.0,0.0,B01
201400038789,0,7,0,0.0,2.0,1.0,1.0,A01
201400038789,0,7,0,0.0,2.0,4.0,2.0,B01
201400038790,0,33,0,0.0,2.0,8.0,1.0,B01
201400038790,0,7,0,0.0,2.0,2.0,15.0,A01
201400038791,0,7,0,1.0,1.0,2.0,20.0,A01
201400038792,0,2,0,0.0,2.0,1.0,13.0,A01
201400038792,0,7,0,0.0,2.0,3.0,13.0,B01
201400038793,0,33,0,0.0,2.0,1.0,1.0,B01
201400038793,0,10,0,0.0,2.0,2.0,15.0,A01
201400038794,0,7,0,0.0,2.0,1.0,1.0,A01
201400038794,0,7,0,0.0,2.0,4.0,23.0,D01
201400038794,0,7,0,0.0,2.0,4.0,23.0,B01
201400038794,0,7,0,0.0,2.0,4.0,23.0,C01
201400038795,0,1,0,0.0,1.0,1.0,1.0,A01
201400038796,0,7,0,0.0,1.0,4.0,4.0,A01
201400038797,0,7,0,0.0,2.0,2.0,1.0,B01
201400038797,0,7,0,0.0,2.0,4.0,4.0,A01
201400038798,0,7,0,0.0,1.0,2.0,1.0,A01
201400038799,0,7,0,0.0,2.0,2.0,1.0,A01
201400038799,0,7,0,0.0,2.0,3.0,16.0,B01
201400038800,2,7,0,2.0,0.0,1.0,1.0,Z01
201400038801,0,10,0,0.0,1.0,4.0,4.0,A01
201400038802,0,7,0,0.0,1.0,1.0,1.0,A01
201400038803,0,7,0,0.0,2.0,2.0,2.0,B01
201400038803,0,33,0,0.0,2.0,3.0,1.0,A01
201400038804,0,7,0,0.0,1.0,2.0,1.0,A01
201400038805,0,7,0,0.0,1.0,1.0,1.0,A01
201400038806,0,7,0,0.0,1.0,1.0,1.0,A01
201400038807,0,7,0,0.0,1.0,7.0,5.0,A01
201400038808,0,7,0,0.0,2.0,7.0,1.0,A01
201400038808,0,30,0,0.0,2.0,8.0,2.0,B01
201400038809,0,7,0,0.0,2.0,4.0,1.0,B01
201400038809,2,7,0,0.0,2.0,1.0,2.0,Z01
201400038810,0,7,0,0.0,1.0,2.0,1.0,A01
201400038811,0,7,0,9.0,0.0,1.0,1.0,A01
201400038812,0,7,0,0.0,1.0,1.0,15.0,A01
201400038813,0,7,0,14.0,1.0,2.0,17.0,A01
201400038814,0,7,0,15.0,0.0,1.0,1.0,A01
201400038815,0,7,0,0.0,1.0,1.0,1.0,A01
201400038816,0,7,0,0.0,2.0,1.0,15.0,A01
201400038816,0,2,0,0.0,2.0,1.0,1.0,B01
201400038817,0,7,0,0.0,1.0,1.0,1.0,A01
201400038818,0,13,0,0.0,1.0,5.0,1.0,A01
201400038819,1,7,0,0.0,2.0,1.0,1.0,Z01
201400038819,0,1,0,0.0,2.0,2.0,1.0,A01
201400038820,0,7,0,0.0,2.0,1.0,1.0,A01
201400038820,0,7,0,0.0,2.0,1.0,1.0,B01
201400038821,0,7,0,0.0,1.0,2.0,1.0,A01
201400038822,0,7,0,0.0,1.0,1.0,1.0,A01
201400038823,0,7,0,0.0,2.0,7.0,1.0,A01
201400038823,0,7,0,0.0,2.0,1.0,1.0,B01
201400038824,1,7,0,6.0,9.0,2.0,0.0,Z01
201400038824,0,1,0,0.0,2.0,1.0,16.0,B01
201400038825,0,7,0,0.0,2.0,2.0,19.0,A01
201400038825,0,34,0,0.0,2.0,8.0,21.0,B01
201400038826,0,7,0,0.0,1.0,1.0,1.0,A01
201400038827,0,7,0,0.0,2.0,7.0,1.0,A01
201400038827,0,7,0,0.0,2.0,1.0,1.0,B01
201400038828,0,7,0,0.0,1.0,1.0,1.0,A01
201400038829,2,7,0,0.0,2.0,1.0,1.0,Z01
201400038829,0,7,0,0.0,2.0,5.0,15.0,B01
201400038830,0,7,0,0.0,1.0,3.0,1.0,A01
201400038831,0,7,0,0.0,2.0,1.0,11.0,B01
201400038831,0,99,0,0.0,0.0,1.0,0.0,A01
201400038832,0,7,0,0.0,1.0,1.0,1.0,A01
201400038833,1,7,0,0.0,2.0,2.0,15.0,A01
201400038833,0,33,0,0.0,2.0,1.0,1.0,B01
201400038834,0,7,0,0.0,2.0,2.0,19.0,A01
201400038834,0,1,0,0.0,2.0,1.0,1.0,B01
201400038835,0,7,0,0.0,2.0,3.0,15.0,A01
201400038835,0,33,0,0.0,2.0,1.0,1.0,B01
201400038836,0,7,0,0.0,2.0,7.0,1.0,B01
201400038836,0,2,0,0.0,2.0,1.0,1.0,A01
201400038837,0,30,0,0.0,2.0,7.0,1.0,B01
201400038837,0,10,0,0.0,2.0,8.0,9.0,A01
201400038838,0,7,0,0.0,1.0,8.0,1.0,A01
201400038839,0,7,0,0.0,2.0,2.0,1.0,B01
201400038839,0,7,0,0.0,2.0,3.0,1.0,A01
201400038840,0,7,0,0.0,1.0,2.0,1.0,A01
201400038841,0,30,0,1.0,2.0,1.0,0.0,B01
201400038841,0,7,0,0.0,2.0,1.0,0.0,A01
201400038842,0,7,0,0.0,2.0,2.0,0.0,A01
201400038842,0,1,0,0.0,2.0,1.0,0.0,B01
201400038843,0,33,0,0.0,2.0,7.0,1.0,A01
201400038843,0,7,0,0.0,2.0,3.0,1.0,B01
201400038844,0,20,0,0.0,1.0,6.0,16.0,A01
201400038845,0,7,0,0.0,1.0,2.0,1.0,A01
201400038846,0,7,0,0.0,2.0,1.0,1.0,A01
201400038846,0,7,0,0.0,2.0,4.0,2.0,B01
201400038847,0,7,0,9.0,0.0,3.0,16.0,A01
201400038848,0,7,0,0.0,2.0,1.0,1.0,B01
201400038848,0,7,0,0.0,2.0,4.0,1.0,A01
201400038849,0,30,0,0.0,2.0,8.0,16.0,B01
201400038849,1,7,0,0.0,0.0,0.0,1.0,A01
201400038850,0,3,0,0.0,2.0,2.0,15.0,A01
201400038850,0,2,0,0.0,2.0,1.0,1.0,B01
201400038851,0,7,0,0.0,2.0,2.0,1.0,A01
201400038851,0,7,0,0.0,2.0,3.0,1.0,B01
201400038852,0,37,30,0.0,1.0,7.0,1.0,A01
201400038853,0,34,0,0.0,2.0,7.0,1.0,B01
201400038853,0,7,0,0.0,2.0,8.0,11.0,A01
201400038854,0,7,0,0.0,2.0,1.0,1.0,A01
201400038854,0,7,0,0.0,2.0,3.0,1.0,B01
201400038855,0,33,0,0.0,2.0,1.0,1.0,A01
201400038855,0,7,0,0.0,2.0,6.0,2.0,B01
201400038856,0,1,0,0.0,1.0,1.0,1.0,A01
201400038857,0,7,0,0.0,2.0,3.0,1.0,A01
201400038857,0,1,0,0.0,2.0,1.0,1.0,B01
201400038858,1,7,0,0.0,1.0,3.0,1.0,Z01
201400038859,0,7,0,0.0,1.0,1.0,1.0,A01
201400038860,0,7,0,0.0,2.0,8.0,16.0,B01
201400038860,0,7,0,8.0,2.0,1.0,1.0,A01
201400038861,0,7,0,0.0,2.0,1.0,1.0,B01
201400038861,0,7,0,0.0,2.0,1.0,15.0,A01
201400038862,0,2,0,6.0,0.0,1.0,1.0,A01
201400038863,0,33,0,0.0,2.0,1.0,12.0,B01
201400038863,0,7,0,0.0,2.0,7.0,17.0,A01
201400038864,0,7,0,0.0,1.0,2.0,1.0,A01
201400038865,0,7,0,0.0,2.0,2.0,1.0,B01
201400038865,0,7,0,0.0,2.0,3.0,9.0,A01
201400038866,0,7,0,0.0,2.0,3.0,24.0,A01
201400038866,0,7,0,0.0,2.0,2.0,1.0,B01
201400038867,0,7,0,0.0,2.0,3.0,1.0,B01
201400038867,0,2,0,0.0,2.0,1.0,17.0,A01
201400038868,0,33,0,0.0,2.0,1.0,1.0,A01
201400038868,0,14,0,0.0,2.0,4.0,1.0,B01
201400038869,0,2,0,0.0,2.0,1.0,1.0,A01
201400038869,0,7,0,0.0,2.0,8.0,1.0,B01
201400038870,0,7,0,0.0,2.0,3.0,15.0,A01
201400038870,0,33,0,9.0,2.0,1.0,1.0,B01
201400038871,0,7,0,0.0,1.0,4.0,20.0,A01
201400038872,0,7,0,0.0,9.0,2.0,11.0,A01
201400038872,0,1,0,0.0,2.0,1.0,1.0,B01
201400038873,0,7,0,0.0,2.0,1.0,1.0,A01
201400038873,0,7,0,0.0,2.0,3.0,15.0,B01
201400038874,0,7,0,0.0,1.0,1.0,15.0,A01
201400038875,0,7,0,6.0,2.0,1.0,11.0,A01
201400038875,0,7,0,0.0,2.0,1.0,1.0,B01
201400038876,0,7,0,0.0,2.0,4.0,1.0,A01
201400038876,0,1,0,0.0,2.0,1.0,1.0,B01
201400038877,0,1,0,0.0,2.0,7.0,1.0,B01
201400038877,0,7,0,0.0,2.0,4.0,4.0,A01
201400038878,0,7,0,0.0,1.0,1.0,1.0,A01
201400038879,0,7,0,13.0,0.0,1.0,1.0,A01
201400038880,1,7,0,0.0,1.0,1.0,1.0,Z01
201400038881,0,7,0,0.0,2.0,8.0,2.0,B01
201400038881,0,7,0,0.0,2.0,7.0,14.0,A01
201400038882,0,7,0,0.0,1.0,3.0,1.0,A01
201400038883,0,7,0,0.0,2.0,1.0,15.0,A01
201400038883,0,7,0,0.0,2.0,1.0,1.0,B01
201400038884,0,7,0,0.0,2.0,4.0,1.0,C01
201400038884,0,7,0,0.0,2.0,1.0,1.0,D01
201400038884,0,7,0,0.0,2.0,4.0,1.0,B01
201400038884,0,7,0,0.0,2.0,4.0,1.0,A01
201400038885,0,7,0,0.0,2.0,2.0,15.0,A01
201400038885,0,33,0,0.0,2.0,1.0,1.0,B01
201400038886,0,7,0,0.0,2.0,3.0,1.0,B01
201400038886,0,37,1,0.0,2.0,1.0,1.0,A01
201400038887,0,7,0,0.0,2.0,2.0,23.0,B01
201400038887,0,7,0,0.0,2.0,3.0,10.0,A01
201400038888,0,7,0,0.0,1.0,3.0,1.0,A01
201400038889,0,7,0,0.0,2.0,1.0,1.0,B01
201400038889,0,10,0,6.0,2.0,1.0,1.0,A01
201400038890,0,30,0,0.0,0.0,7.0,1.0,A01
201400038891,0,7,0,0.0,1.0,1.0,1.0,A01
201400038892,0,7,0,1.0,0.0,2.0,20.0,A01
201400038893,0,7,0,0.0,2.0,4.0,1.0,A01
201400038893,0,10,0,0.0,2.0,1.0,1.0,B01
201400038894,0,7,0,0.0,1.0,3.0,1.0,A01
201400038895,0,7,0,0.0,2.0,7.0,1.0,B01
201400038895,0,31,0,0.0,2.0,1.0,1.0,A01
201400038896,0,7,0,0.0,2.0,4.0,2.0,B01
201400038896,0,7,0,0.0,2.0,1.0,1.0,A01
201400038897,0,7,0,0.0,1.0,1.0,16.0,A01
201400038898,0,7,0,0.0,9.0,2.0,1.0,A01
201400038898,0,1,0,0.0,2.0,3.0,1.0,B01
201400038899,0,7,0,0.0,2.0,8.0,1.0,B01
201400038899,0,7,0,0.0,2.0,3.0,1.0,A01
201400038900,0,7,0,3.0,0.0,7.0,1.0,A01
201400038901,0,7,0,0.0,1.0,2.0,1.0,A01
201400038902,0,7,0,0.0,2.0,2.0,15.0,A01
201400038902,0,32,0,0.0,2.0,1.0,1.0,B01
201400038903,0,2,0,0.0,2.0,4.0,0.0,B01
201400038903,0,7,0,0.0,2.0,0.0,1.0,A01
201400038904,0,7,0,0.0,2.0,2.0,1.0,A01
201400038904,0,7,0,0.0,2.0,0.0,1.0,B01
201400038905,0,7,0,1.0,0.0,1.0,1.0,A01
201400038906,0,33,0,5.0,2.0,7.0,1.0,B01
201400038906,0,7,0,0.0,2.0,8.0,11.0,A01
201400038907,0,7,0,0.0,1.0,3.0,16.0,A01
201400038908,0,7,0,0.0,1.0,1.0,1.0,A01
201400038909,0,7,0,0.0,1.0,7.0,1.0,A01
201400038910,0,7,0,0.0,2.0,3.0,1.0,B01
201400038910,0,34,0,0.0,2.0,1.0,1.0,A01
201400038911,0,7,0,0.0,2.0,3.0,1.0,B01
201400038911,0,7,0,0.0,2.0,7.0,1.0,A01
201400038912,0,33,0,0.0,2.0,1.0,17.0,A01
201400038912,0,7,0,0.0,2.0,3.0,23.0,B01
201400038913,0,7,0,0.0,1.0,2.0,1.0,A01
201400038914,0,33,0,0.0,2.0,1.0,1.0,A01
201400038914,0,1,0,0.0,2.0,0.0,0.0,B01
201400038915,0,7,0,0.0,2.0,0.0,15.0,A01
201400038915,0,33,0,0.0,2.0,8.0,1.0,B01
201400038916,0,7,0,0.0,2.0,7.0,16.0,B01
201400038916,0,34,0,0.0,2.0,1.0,2.0,A01
201400038917,0,7,0,0.0,2.0,1.0,10.0,A01
201400038917,0,7,0,0.0,2.0,7.0,1.0,B01
201400038918,0,7,0,0.0,2.0,4.0,23.0,A01
201400038918,0,1,0,0.0,2.0,1.0,2.0,B01
201400038919,0,7,0,0.0,2.0,5.0,23.0,B01
201400038919,0,33,0,0.0,2.0,1.0,1.0,A01
201400038920,0,7,0,0.0,2.0,7.0,1.0,B01
201400038920,0,30,0,0.0,2.0,7.0,0.0,A01
201400038921,0,7,0,0.0,2.0,7.0,22.0,A01
201400038921,0,33,0,1.0,0.0,1.0,18.0,B01
201400038922,0,7,0,0.0,2.0,1.0,15.0,A01
201400038922,0,33,0,0.0,2.0,1.0,1.0,B01
201400038923,0,7,0,0.0,2.0,5.0,1.0,A01
201400038923,0,1,0,0.0,2.0,0.0,2.0,B01
201400038924,0,7,0,6.0,1.0,1.0,15.0,A01
201400038925,0,14,0,0.0,1.0,1.0,1.0,A01
201400038926,0,7,0,0.0,1.0,2.0,1.0,A01
201400038927,0,2,0,0.0,2.0,1.0,2.0,A01
201400038927,0,10,0,0.0,2.0,5.0,1.0,B01
201400038928,0,7,0,0.0,1.0,1.0,1.0,A01
201400038929,0,7,0,0.0,9.0,4.0,1.0,B01
201400038929,0,7,0,0.0,2.0,4.0,2.0,A01
201400038930,0,17,0,0.0,1.0,1.0,1.0,A01
201400038931,0,33,0,0.0,2.0,1.0,1.0,B01
201400038931,0,7,0,0.0,2.0,2.0,15.0,A01
201400038932,0,7,0,0.0,2.0,4.0,23.0,B01
201400038932,0,7,0,0.0,2.0,1.0,1.0,A01
201400038933,0,1,0,0.0,2.0,1.0,15.0,B01
201400038933,1,7,0,0.0,2.0,3.0,0.0,A01
201400038934,0,7,0,0.0,2.0,1.0,15.0,A01
201400038934,0,30,0,0.0,2.0,1.0,1.0,B01
201400038935,0,7,0,0.0,2.0,2.0,15.0,A01
201400038935,0,30,0,0.0,2.0,1.0,0.0,B01
201400038936,0,32,0,0.0,1.0,1.0,1.0,A01
201400038937,1,7,0,0.0,1.0,1.0,1.0,A01
201400038938,0,7,0,0.0,2.0,6.0,0.0,A01
201400038938,0,33,0,0.0,2.0,1.0,1.0,B01
201400038939,0,33,0,0.0,2.0,7.0,1.0,B01
201400038939,0,7,0,0.0,2.0,2.0,10.0,A01
201400038940,0,7,0,0.0,1.0,1.0,1.0,A01
201400038941,0,7,0,0.0,1.0,1.0,1.0,A01
201400038942,0,14,0,0.0,1.0,2.0,16.0,A01
201400038943,0,7,0,0.0,1.0,1.0,1.0,A01
201400038944,0,7,0,0.0,1.0,2.0,0.0,A01
201400038945,0,7,0,0.0,1.0,2.0,15.0,A01
201400038946,0,7,0,0.0,2.0,4.0,1.0,B01
201400038946,0,33,0,0.0,2.0,1.0,1.0,A01
201400038947,0,7,0,0.0,1.0,3.0,0.0,A01
201400038948,0,7,0,0.0,2.0,7.0,1.0,A01
201400038948,0,34,0,0.0,2.0,1.0,1.0,B01
201400038949,0,7,0,1.0,0.0,1.0,1.0,A01
201400038949,1,13,0,0.0,2.0,4.0,1.0,A02
201400038950,0,33,0,0.0,1.0,8.0,1.0,A01
201400038951,0,30,0,0.0,0.0,8.0,1.0,A01
201400038952,0,37,1,0.0,2.0,7.0,1.0,B01
201400038952,0,7,0,0.0,2.0,1.0,15.0,A01
201400038953,0,30,0,0.0,1.0,1.0,1.0,A01
201400038954,0,7,0,0.0,2.0,7.0,15.0,A01
201400038954,0,2,0,0.0,2.0,1.0,1.0,B01
201400038955,0,32,0,0.0,2.0,8.0,1.0,B01
201400038955,0,7,0,0.0,2.0,3.0,16.0,A01
201400038956,0,30,0,12.0,0.0,1.0,1.0,A01
201400038957,0,7,0,0.0,1.0,0.0,4.0,A01
201400038958,0,7,0,0.0,2.0,7.0,1.0,A01
201400038958,0,30,0,0.0,2.0,1.0,1.0,B01
201400038959,1,31,0,0.0,1.0,1.0,17.0,Z01
201400038960,0,7,0,0.0,2.0,3.0,5.0,A01
201400038960,0,7,0,0.0,2.0,3.0,1.0,B01
201400038961,0,7,0,0.0,1.0,2.0,1.0,A01
201400038962,0,1,0,0.0,1.0,0.0,0.0,A01
201400038963,0,31,0,0.0,1.0,8.0,1.0,A01
201400038964,0,7,0,0.0,2.0,0.0,0.0,B01
201400038964,0,33,0,0.0,0.0,0.0,11.0,A01
201400038965,0,7,0,0.0,1.0,2.0,1.0,A01
201400038966,0,33,0,12.0,0.0,1.0,0.0,A01
201400038967,0,7,0,0.0,1.0,3.0,1.0,A01
201400038968,0,32,0,0.0,1.0,7.0,1.0,A01
201400038969,0,7,0,0.0,2.0,0.0,20.0,B01
201400038969,0,30,0,0.0,2.0,8.0,1.0,A01
201400038970,0,33,0,0.0,2.0,1.0,13.0,A01
201400038970,0,7,0,0.0,2.0,5.0,1.0,B01
201400038971,0,7,0,0.0,1.0,4.0,20.0,A01
201400038972,0,1,0,0.0,2.0,4.0,2.0,A01
201400038972,1,7,0,0.0,2.0,0.0,0.0,Z01
201400038973,0,7,0,0.0,1.0,1.0,1.0,A01
201400038974,0,7,0,8.0,2.0,4.0,16.0,B01
201400038974,0,33,0,0.0,2.0,1.0,1.0,A01
201400038975,0,7,0,9.0,1.0,1.0,16.0,A01
201400038976,0,7,0,0.0,2.0,8.0,24.0,B01
201400038976,0,7,0,0.0,1.0,2.0,1.0,A01
201400038977,0,7,0,0.0,1.0,1.0,0.0,A01
201400038978,0,7,0,0.0,2.0,4.0,2.0,B01
201400038978,0,7,0,0.0,2.0,1.0,2.0,A01
201400038979,0,10,0,0.0,2.0,3.0,1.0,B01
201400038979,0,34,0,0.0,2.0,1.0,1.0,A01
201400038980,0,30,0,0.0,0.0,8.0,1.0,A01
201400038981,0,7,0,0.0,2.0,1.0,1.0,A01
201400038981,0,7,0,0.0,2.0,2.0,1.0,B01
201400038982,0,10,0,0.0,1.0,1.0,1.0,A01
201400038983,0,31,0,0.0,2.0,2.0,1.0,B01
201400038983,0,7,0,0.0,2.0,3.0,20.0,A01
201400038984,0,7,0,0.0,2.0,7.0,15.0,A01
201400038984,0,30,0,0.0,2.0,1.0,1.0,B01
201400038985,0,7,0,0.0,2.0,6.0,1.0,B01
201400038985,0,7,0,0.0,2.0,3.0,1.0,C01
201400038985,0,14,0,0.0,2.0,1.0,1.0,A01
201400038986,0,34,0,0.0,1.0,1.0,3.0,A01
201400038987,0,37,50,0.0,2.0,3.0,11.0,A01
201400038987,1,7,0,0.0,2.0,6.0,2.0,Z01
201400038988,0,7,0,0.0,1.0,8.0,15.0,A01
201400038989,0,31,0,0.0,1.0,1.0,1.0,A01
201400038990,0,1,0,0.0,1.0,1.0,5.0,A01
201400038991,0,2,0,0.0,2.0,1.0,15.0,B01
201400038991,2,7,0,0.0,2.0,1.0,1.0,A01
201400038992,0,7,0,0.0,2.0,7.0,1.0,B01
201400038992,0,7,0,0.0,2.0,8.0,1.0,A01
201400038993,0,7,0,0.0,1.0,7.0,1.0,A01
201400038994,0,33,0,0.0,2.0,1.0,1.0,B01