Num_Acc,senc,catv,occutc,obs,obsm,choc,manv,num_veh
201400038994,0,7,0,0.0,2.0,1.0,9.0,A01
201400038995,0,30,0,0.0,2.0,2.0,0.0,A01
201400038995,0,7,0,0.0,2.0,1.0,15.0,B01
201400038996,0,7,0,0.0,2.0,4.0,2.0,B01
201400038996,1,7,0,0.0,2.0,1.0,2.0,Z01
201400038997,0,37,50,0.0,2.0,6.0,1.0,B01
201400038997,0,30,0,0.0,2.0,1.0,12.0,A01
201400038998,0,2,0,0.0,2.0,8.0,15.0,B01
201400038998,0,7,0,0.0,2.0,7.0,1.0,A01
201400038999,0,7,0,0.0,2.0,3.0,9.0,A01
201400038999,0,30,0,0.0,2.0,1.0,1.0,B01
201400039000,0,2,0,0.0,2.0,1.0,1.0,A01
201400039000,1,7,0,0.0,2.0,3.0,15.0,B01
201400039001,0,33,0,0.0,2.0,1.0,1.0,A01
201400039001,0,7,0,0.0,2.0,3.0,16.0,B01
201400039002,0,33,0,0.0,2.0,2.0,17.0,A01
201400039003,2,7,0,0.0,2.0,1.0,1.0,Z01
201400039003,0,7,0,0.0,2.0,4.0,1.0,A01
201400039004,0,7,0,0.0,2.0,4.0,2.0,B01
201400039004,0,31,0,0.0,2.0,1.0,2.0,A01
201400039005,1,7,0,0.0,1.0,2.0,16.0,Z01
201400039006,0,7,0,0.0,2.0,3.0,16.0,A01
201400039006,0,1,0,0.0,2.0,1.0,1.0,B01
201400039007,0,13,0,0.0,2.0,4.0,4.0,A01
201400039007,0,30,0,0.0,0.0,4.0,1.0,B01
201400039008,0,7,0,8.0,0.0,1.0,1.0,A01
201400039009,0,30,0,8.0,0.0,0.0,1.0,A01
201400039010,0,30,0,0.0,2.0,1.0,17.0,A01
201400039010,0,7,0,0.0,2.0,4.0,1.0,B01
201400039011,0,2,0,0.0,2.0,7.0,15.0,A01
201400039011,1,7,0,0.0,2.0,6.0,17.0,B01
201400039012,0,7,0,0.0,1.0,1.0,1.0,A01
201400039013,0,7,0,0.0,2.0,4.0,1.0,B01
201400039013,0,31,0,0.0,2.0,1.0,1.0,A01
201400039014,0,7,0,0.0,2.0,8.0,1.0,B01
201400039014,0,32,0,0.0,2.0,1.0,1.0,A01
201400039015,0,7,0,0.0,1.0,1.0,0.0,A01
201400039016,0,32,0,0.0,1.0,1.0,1.0,A01
201400039017,0,13,0,0.0,2.0,4.0,1.0,B01
201400039017,0,7,0,0.0,2.0,1.0,1.0,A01
201400039018,0,32,0,8.0,0.0,0.0,0.0,A01
201400039019,0,7,0,0.0,1.0,2.0,1.0,A01
201400039020,0,7,0,0.0,1.0,5.0,1.0,A01
201400039021,0,7,0,0.0,1.0,1.0,15.0,A01
201400039022,0,7,0,0.0,1.0,6.0,4.0,A01
201400039023,0,33,0,0.0,2.0,1.0,1.0,B01
201400039023,0,7,0,0.0,2.0,5.0,1.0,A01
201400039024,0,32,0,0.0,2.0,7.0,1.0,A01
201400039024,0,7,0,0.0,2.0,8.0,1.0,B01
201400039025,0,30,0,0.0,0.0,3.0,16.0,A01
201400039026,0,7,0,0.0,1.0,3.0,1.0,B01
201400039026,0,7,0,0.0,1.0,3.0,1.0,A01
201400039027,0,7,0,0.0,1.0,3.0,16.0,A01
201400039028,0,33,0,0.0,2.0,1.0,1.0,B01
201400039028,0,10,0,0.0,2.0,5.0,1.0,A01
201400039029,0,37,10,0.0,2.0,2.0,1.0,B01
201400039029,0,33,0,0.0,2.0,4.0,15.0,A01
201400039030,0,7,0,0.0,1.0,0.0,1.0,A01
201400039031,0,7,0,0.0,2.0,6.0,1.0,B01
201400039031,0,30,0,0.0,2.0,0.0,17.0,A01
201400039032,0,7,0,1.0,0.0,1.0,0.0,A01
201400039033,0,7,0,0.0,2.0,8.0,1.0,B01
201400039033,0,7,0,1.0,0.0,1.0,17.0,A01
201400039034,0,7,0,0.0,2.0,0.0,0.0,B01
201400039034,0,32,0,0.0,0.0,0.0,0.0,A01
201400039035,0,33,0,0.0,2.0,8.0,0.0,A01
201400039035,0,32,0,0.0,2.0,7.0,0.0,B01
201400039036,0,10,0,0.0,2.0,1.0,9.0,A01
201400039036,0,2,0,0.0,2.0,1.0,1.0,B01
201400039037,0,2,0,0.0,1.0,1.0,10.0,A01
201400039038,0,7,0,0.0,2.0,0.0,0.0,A01
201400039038,0,7,0,0.0,0.0,0.0,0.0,B01
201400039039,0,7,0,0.0,1.0,1.0,15.0,A01
201400039040,0,32,0,0.0,0.0,8.0,0.0,A01
201400039041,0,33,0,14.0,0.0,1.0,1.0,A01
201400039042,0,7,0,0.0,1.0,7.0,15.0,A01
201400039043,0,7,0,8.0,0.0,0.0,0.0,A01
201400039044,0,7,0,0.0,2.0,1.0,1.0,B01
201400039044,0,7,0,0.0,2.0,4.0,1.0,A01
201400039044,0,7,0,0.0,2.0,4.0,1.0,C01
201400039045,0,31,0,12.0,0.0,1.0,1.0,A01
201400039046,0,7,0,0.0,1.0,7.0,1.0,A01
201400039047,0,33,0,0.0,2.0,1.0,1.0,A01
201400039047,0,7,0,0.0,2.0,8.0,1.0,B01
201400039048,0,7,0,0.0,2.0,7.0,1.0,A01
201400039048,0,34,0,0.0,2.0,1.0,1.0,B01
201400039049,0,33,0,0.0,1.0,1.0,1.0,A01
201400039050,0,31,0,0.0,2.0,1.0,1.0,A01
201400039050,0,1,0,0.0,2.0,8.0,10.0,B01
201400039051,0,7,0,0.0,2.0,3.0,15.0,B01
201400039051,0,33,0,0.0,2.0,1.0,5.0,A01
201400039052,0,33,0,0.0,2.0,1.0,0.0,B01
201400039052,0,7,0,0.0,2.0,2.0,15.0,A01
201400039053,0,7,0,0.0,2.0,1.0,0.0,A01
201400039053,0,7,0,0.0,2.0,7.0,1.0,B01
201400039054,0,7,0,0.0,2.0,1.0,15.0,A01
201400039054,0,30,0,0.0,2.0,8.0,1.0,B01
201400039055,0,7,0,4.0,2.0,3.0,1.0,A01
201400039055,0,7,0,0.0,2.0,1.0,1.0,B01
201400039056,0,7,0,4.0,0.0,3.0,1.0,A01
201400039057,0,2,0,0.0,2.0,1.0,1.0,A01
201400039057,0,7,0,0.0,2.0,5.0,16.0,B01
201400039058,0,10,0,0.0,2.0,3.0,1.0,A01
201400039058,0,7,0,0.0,2.0,5.0,1.0,B01
201400039059,0,15,0,0.0,2.0,6.0,24.0,B01
201400039059,0,7,0,1.0,0.0,1.0,1.0,A01
201400039060,0,31,0,0.0,0.0,0.0,1.0,B01
201400039060,0,30,0,0.0,0.0,0.0,1.0,A01
201400039061,0,10,0,0.0,1.0,1.0,1.0,A01
201400039062,0,7,0,0.0,2.0,1.0,5.0,A01
201400039062,0,7,0,12.0,2.0,1.0,21.0,B01
201400039063,0,33,0,0.0,0.0,1.0,0.0,A01
201400039064,0,13,0,0.0,2.0,4.0,1.0,B01
201400039064,0,13,0,0.0,2.0,1.0,1.0,A01
201400039065,0,14,0,0.0,2.0,6.0,1.0,B01
201400039065,0,2,0,1.0,0.0,1.0,9.0,A01
201400039066,0,7,0,0.0,2.0,1.0,1.0,A01
201400039066,0,7,0,0.0,2.0,3.0,15.0,B01
201400039067,0,7,0,11.0,0.0,1.0,1.0,A01
201400039068,0,7,0,0.0,2.0,5.0,1.0,A01
201400039068,0,32,0,0.0,2.0,8.0,0.0,B01
201400039069,0,7,0,0.0,1.0,3.0,1.0,A01
201400039070,0,7,0,0.0,2.0,8.0,15.0,B01
201400039070,0,2,0,0.0,2.0,7.0,17.0,A01
201400039071,0,2,0,0.0,1.0,7.0,21.0,B01
201400039071,0,7,0,0.0,2.0,1.0,15.0,A01
201400039072,0,7,0,0.0,1.0,2.0,1.0,A01
201400039073,0,2,0,0.0,1.0,2.0,1.0,A01
201400039074,0,7,0,0.0,2.0,5.0,1.0,B01
201400039074,0,31,0,0.0,2.0,1.0,1.0,A01
201400039075,0,14,0,0.0,1.0,7.0,1.0,A01
201400039076,0,10,0,1.0,0.0,1.0,2.0,A01
201400039076,0,10,0,0.0,2.0,4.0,23.0,B01
201400039077,0,7,0,0.0,2.0,8.0,15.0,B01
201400039077,0,1,0,0.0,2.0,2.0,1.0,A01
201400039078,0,7,0,0.0,2.0,2.0,10.0,A01
201400039078,0,31,0,0.0,2.0,8.0,1.0,B01
201400039079,0,37,1,0.0,1.0,7.0,15.0,A01
201400039080,0,7,0,0.0,2.0,8.0,10.0,A01
201400039080,0,2,0,0.0,2.0,1.0,1.0,B01
201400039081,0,7,0,0.0,2.0,7.0,22.0,B01
201400039081,0,37,1,0.0,2.0,1.0,1.0,A01
201400039082,0,7,0,0.0,1.0,1.0,1.0,A01
201400039083,0,7,0,0.0,2.0,4.0,2.0,B01
201400039083,0,10,0,0.0,0.0,0.0,2.0,A01
201400039084,0,33,0,0.0,1.0,1.0,17.0,A01
201400039085,1,7,0,0.0,2.0,7.0,17.0,Z01
201400039085,0,1,0,0.0,2.0,8.0,1.0,B01
201400039086,0,2,0,0.0,1.0,1.0,1.0,A01
201400039087,0,7,0,0.0,2.0,6.0,1.0,A01
201400039087,0,7,0,0.0,2.0,2.0,17.0,B01
201400039088,0,34,0,4.0,0.0,8.0,17.0,A01
201400039089,0,7,0,0.0,2.0,1.0,1.0,A01
201400039089,0,7,0,0.0,0.0,4.0,23.0,B01
201400039090,0,33,0,0.0,2.0,7.0,20.0,B01
201400039090,0,30,0,0.0,2.0,7.0,18.0,A01
201400039091,0,7,0,0.0,2.0,7.0,15.0,B01
201400039091,0,1,0,0.0,2.0,7.0,1.0,A01
201400039092,0,32,0,0.0,0.0,0.0,1.0,A01
201400039093,0,30,0,0.0,2.0,0.0,0.0,A01
201400039093,0,7,0,0.0,2.0,7.0,1.0,B01
201400039094,1,34,0,0.0,1.0,0.0,1.0,Z01
201400039095,0,33,0,0.0,2.0,0.0,0.0,B01
201400039095,0,7,0,0.0,2.0,8.0,15.0,A01
201400039096,1,7,0,0.0,2.0,0.0,15.0,Z01
201400039096,0,33,0,0.0,2.0,1.0,1.0,A01
201400039097,0,7,0,0.0,2.0,7.0,16.0,A01
201400039097,0,1,0,0.0,2.0,8.0,1.0,B01
201400039098,0,7,0,0.0,2.0,2.0,1.0,A01
201400039098,0,33,0,0.0,2.0,1.0,1.0,B01
201400039099,0,34,0,0.0,2.0,0.0,3.0,A01
201400039099,0,7,0,0.0,2.0,2.0,1.0,B01
201400039100,0,7,0,0.0,2.0,3.0,15.0,B01
201400039100,0,7,0,0.0,2.0,3.0,1.0,A01
201400039101,0,7,0,0.0,1.0,3.0,15.0,A01
201400039102,0,7,0,0.0,1.0,0.0,1.0,A01
201400039103,0,30,0,0.0,0.0,0.0,0.0,A01
201400039104,0,32,0,0.0,2.0,7.0,1.0,A01
201400039104,0,7,0,0.0,2.0,8.0,15.0,B01
201400039105,0,1,0,0.0,2.0,1.0,1.0,B01
201400039105,0,7,0,0.0,2.0,1.0,5.0,A01
201400039106,0,7,0,0.0,1.0,1.0,1.0,A01
201400039107,0,2,0,0.0,0.0,8.0,2.0,A01
201400039108,0,33,0,0.0,1.0,1.0,1.0,A01
201400039109,0,7,0,0.0,1.0,5.0,4.0,A01
201400039110,0,2,0,0.0,2.0,3.0,3.0,B01
201400039110,0,7,0,0.0,2.0,2.0,12.0,A01
201400039111,0,7,0,0.0,2.0,3.0,15.0,A01
201400039111,0,33,0,0.0,2.0,8.0,16.0,B01
201400039112,0,10,0,0.0,2.0,6.0,1.0,B01
201400039112,0,7,0,0.0,2.0,1.0,1.0,A01
201400039113,0,7,0,0.0,2.0,8.0,2.0,A01
201400039113,0,30,0,0.0,2.0,1.0,13.0,B01
201400039114,0,7,0,0.0,2.0,2.0,17.0,A01
201400039114,0,7,0,0.0,2.0,6.0,1.0,B01
201400039115,0,7,0,0.0,2.0,4.0,2.0,B01
201400039115,1,7,0,0.0,2.0,1.0,2.0,A01
201400039116,0,32,0,0.0,2.0,7.0,0.0,B01
201400039116,1,7,0,0.0,2.0,1.0,10.0,A01
201400039117,0,32,0,0.0,2.0,1.0,1.0,B01
201400039117,0,7,0,0.0,2.0,6.0,10.0,A01
201400039118,0,7,0,0.0,1.0,2.0,1.0,A01
201400039119,0,7,0,0.0,2.0,3.0,23.0,B01
201400039119,0,30,0,0.0,2.0,1.0,16.0,A01
201400039120,0,34,0,0.0,2.0,3.0,1.0,B01
201400039120,0,7,0,0.0,2.0,1.0,15.0,A01
201400039121,0,34,0,0.0,2.0,1.0,1.0,A01
201400039121,0,7,0,0.0,2.0,8.0,10.0,B01
201400039122,0,7,0,0.0,2.0,1.0,16.0,B01
201400039122,0,7,0,0.0,2.0,2.0,15.0,A01
201400039123,0,7,0,0.0,2.0,1.0,1.0,B01
201400039123,0,10,0,0.0,2.0,2.0,15.0,A01
201400039124,0,7,0,0.0,2.0,4.0,2.0,B01
201400039124,0,33,0,0.0,2.0,1.0,2.0,A01
201400039125,0,7,0,0.0,2.0,3.0,15.0,A01
201400039125,0,30,0,0.0,2.0,2.0,17.0,B01
201400039126,0,7,0,0.0,1.0,1.0,1.0,A01
201400039127,0,1,0,0.0,0.0,0.0,1.0,A01
201400039128,0,7,0,0.0,2.0,1.0,1.0,A01
201400039128,0,7,0,0.0,2.0,7.0,1.0,B01
201400039129,0,7,0,0.0,2.0,0.0,10.0,A01
201400039129,0,33,0,0.0,2.0,0.0,1.0,B01
201400039130,0,1,0,0.0,2.0,8.0,1.0,B01
201400039130,0,7,0,0.0,2.0,1.0,1.0,A01
201400039131,0,37,0,0.0,1.0,0.0,7.0,A01
201400039132,0,30,0,0.0,2.0,0.0,1.0,A01
201400039132,0,1,0,0.0,2.0,4.0,1.0,B01
201400039133,0,32,0,0.0,2.0,2.0,1.0,B01
201400039133,0,10,0,0.0,2.0,2.0,10.0,A01
201400039134,0,1,0,0.0,2.0,7.0,19.0,B01
201400039134,0,33,0,0.0,2.0,1.0,1.0,A01
201400039135,0,7,0,0.0,2.0,1.0,15.0,A01
201400039135,0,7,0,0.0,2.0,3.0,1.0,B01
201400039136,0,7,0,0.0,2.0,3.0,15.0,A01
201400039136,0,1,0,0.0,2.0,7.0,17.0,B01
201400039137,0,10,0,0.0,1.0,4.0,4.0,A01
201400039138,0,10,0,0.0,1.0,3.0,1.0,A01
201400039139,0,30,0,0.0,2.0,2.0,1.0,A01
201400039139,0,30,0,0.0,2.0,2.0,1.0,B01
201400039140,0,10,0,0.0,2.0,2.0,15.0,A01
201400039140,0,32,0,0.0,2.0,1.0,1.0,B01
201400039141,0,7,0,0.0,1.0,2.0,17.0,A01
201400039142,0,7,0,0.0,2.0,3.0,1.0,B01
201400039142,0,30,0,0.0,2.0,1.0,1.0,A01
201400039143,0,7,0,0.0,2.0,2.0,16.0,A01
201400039143,0,1,0,0.0,2.0,1.0,1.0,B01
201400039144,0,7,0,0.0,2.0,2.0,2.0,B01
201400039144,0,33,0,0.0,2.0,8.0,2.0,A01
201400039145,0,34,0,0.0,2.0,1.0,2.0,A01
201400039145,0,7,0,0.0,2.0,4.0,2.0,B01
201400039146,0,1,0,0.0,2.0,7.0,1.0,B01
201400039146,0,7,0,0.0,2.0,1.0,9.0,A01
201400039147,0,33,0,0.0,2.0,8.0,1.0,B01
201400039147,0,7,0,0.0,2.0,2.0,15.0,A01
201400039148,0,7,0,0.0,2.0,4.0,1.0,B01
201400039148,0,7,0,0.0,2.0,1.0,1.0,A01
201400039148,0,7,0,0.0,2.0,3.0,24.0,C01
201400039149,0,7,0,0.0,2.0,1.0,1.0,B01
201400039149,0,7,0,0.0,2.0,2.0,10.0,A01
201400039150,0,30,0,0.0,2.0,3.0,1.0,B01
201400039150,0,32,0,0.0,2.0,1.0,15.0,A01
201400039151,0,2,0,0.0,2.0,1.0,17.0,B01
201400039151,0,7,0,0.0,2.0,6.0,15.0,A01
201400039152,0,10,0,0.0,2.0,2.0,1.0,B01
201400039152,0,33,0,0.0,2.0,8.0,11.0,A01
201400039153,0,7,0,0.0,2.0,3.0,10.0,A01
201400039153,0,33,0,0.0,2.0,1.0,1.0,B01
201400039154,0,7,0,0.0,2.0,6.0,24.0,C01
201400039154,0,99,0,0.0,2.0,1.0,19.0,A01
201400039154,0,7,0,0.0,2.0,7.0,1.0,B01
201400039155,0,7,0,6.0,0.0,1.0,14.0,A01
201400039156,0,7,0,0.0,2.0,3.0,13.0,A01
201400039156,0,34,0,0.0,2.0,4.0,1.0,B01
201400039157,0,7,0,0.0,1.0,1.0,1.0,A01
201400039158,0,30,0,0.0,1.0,1.0,1.0,A01
201400039159,0,7,0,0.0,2.0,3.0,15.0,B01
201400039159,0,33,0,0.0,2.0,8.0,1.0,A01
201400039160,0,7,0,0.0,1.0,4.0,4.0,A01
201400039161,0,30,0,0.0,1.0,3.0,1.0,A01
201400039162,0,7,0,0.0,1.0,1.0,1.0,A01
201400039163,0,7,0,0.0,1.0,3.0,15.0,A01
201400039164,0,7,0,0.0,2.0,1.0,2.0,C01
201400039164,0,7,0,0.0,2.0,4.0,2.0,A01
201400039164,0,7,0,0.0,2.0,4.0,2.0,B01
201400039165,0,7,0,0.0,1.0,1.0,1.0,A01
201400039166,0,7,0,0.0,1.0,1.0,15.0,A01
201400039167,0,10,0,0.0,2.0,2.0,16.0,A01
201400039167,0,33,0,0.0,2.0,3.0,18.0,B01
201400039168,0,7,0,0.0,1.0,6.0,4.0,A01
201400039169,0,7,0,0.0,1.0,4.0,4.0,A01
201400039170,0,7,0,0.0,2.0,3.0,15.0,A01
201400039170,0,33,0,0.0,2.0,8.0,1.0,B01
201400039171,0,32,0,0.0,2.0,0.0,1.0,A01
201400039171,0,7,0,0.0,2.0,0.0,12.0,B01
201400039172,0,10,0,0.0,2.0,3.0,10.0,A01
201400039172,0,31,0,0.0,2.0,7.0,1.0,B01
201400039173,0,7,0,0.0,2.0,3.0,15.0,A01
201400039173,0,33,0,0.0,2.0,7.0,17.0,B01
201400039174,0,7,0,0.0,2.0,8.0,11.0,A01
201400039174,0,32,0,0.0,2.0,1.0,1.0,B01
201400039175,0,1,0,0.0,2.0,8.0,1.0,B01
201400039175,0,14,0,0.0,2.0,7.0,12.0,A01
201400039176,0,7,0,0.0,1.0,8.0,17.0,A01
201400039177,0,7,0,0.0,2.0,0.0,12.0,A01
201400039177,0,32,0,0.0,2.0,1.0,1.0,B01
201400039178,0,7,0,0.0,2.0,2.0,15.0,A01
201400039178,0,7,0,0.0,2.0,3.0,1.0,B01
201400039179,0,7,0,0.0,1.0,2.0,1.0,A01
201400039180,0,33,0,0.0,2.0,1.0,1.0,B01
201400039180,0,7,0,0.0,2.0,5.0,1.0,A01
201400039181,0,7,0,16.0,0.0,7.0,1.0,A01
201400039182,0,7,0,7.0,0.0,1.0,1.0,A01
201400039183,1,34,0,0.0,1.0,7.0,21.0,A01
201400039184,0,7,0,0.0,1.0,1.0,16.0,A01
201400039185,0,10,0,0.0,1.0,1.0,1.0,A01
201400039186,0,34,0,12.0,0.0,3.0,16.0,A01
201400039187,0,37,30,0.0,2.0,2.0,2.0,B01
201400039187,0,7,0,0.0,2.0,6.0,2.0,A01
201400039188,0,34,0,0.0,2.0,4.0,2.0,B01
201400039188,0,7,0,0.0,2.0,1.0,2.0,A01
201400039189,0,32,0,0.0,1.0,1.0,1.0,A01
201400039190,0,1,0,0.0,1.0,1.0,5.0,A01
201400039191,0,33,0,0.0,2.0,1.0,1.0,B01
201400039191,0,7,0,0.0,2.0,6.0,15.0,A01
201400039192,0,7,0,0.0,1.0,2.0,1.0,A01
201400039193,0,7,0,0.0,2.0,3.0,13.0,A01
201400039193,0,30,0,0.0,2.0,2.0,1.0,B01
201400039194,0,30,0,0.0,2.0,1.0,2.0,A01
201400039194,0,7,0,0.0,2.0,4.0,2.0,B01
201400039195,0,7,0,0.0,2.0,2.0,15.0,A01
201400039195,0,33,0,0.0,2.0,3.0,1.0,B01
201400039196,0,30,0,0.0,0.0,0.0,1.0,A01
201400039197,0,7,0,0.0,2.0,4.0,23.0,C01
201400039197,0,10,0,0.0,2.0,7.0,1.0,B01
201400039197,0,33,0,1.0,2.0,3.0,18.0,A01
201400039198,1,7,0,0.0,1.0,1.0,0.0,A01
201400039199,0,7,0,0.0,2.0,3.0,15.0,A01
201400039199,0,30,0,0.0,2.0,1.0,1.0,B01
201400039200,0,1,0,0.0,1.0,1.0,1.0,A01
201400039201,0,10,0,0.0,2.0,2.0,10.0,A01
201400039201,0,1,0,0.0,2.0,1.0,1.0,B01
201400039202,1,7,0,0.0,1.0,1.0,1.0,A01
201400039203,0,30,0,0.0,2.0,3.0,15.0,A01
201400039203,0,7,0,0.0,2.0,2.0,1.0,B01
201400039204,0,13,0,0.0,2.0,1.0,2.0,A01
201400039204,0,7,0,0.0,2.0,4.0,2.0,B01
201400039205,0,30,0,0.0,0.0,0.0,1.0,A01
201400039206,0,30,0,0.0,2.0,1.0,17.0,A01
201400039206,0,7,0,0.0,2.0,3.0,15.0,B01
201400039207,1,7,0,0.0,2.0,4.0,17.0,B01
201400039207,0,7,0,12.0,2.0,3.0,2.0,A01
201400039208,0,7,0,7.0,0.0,1.0,1.0,A01
201400039209,0,1,0,0.0,2.0,1.0,11.0,A01
201400039209,0,7,0,0.0,2.0,5.0,23.0,B01
201400039210,0,1,0,0.0,2.0,5.0,19.0,B01
201400039210,0,7,0,0.0,2.0,3.0,1.0,A01
201400039211,0,7,0,0.0,1.0,1.0,17.0,A01
201400039212,0,32,0,12.0,0.0,8.0,17.0,A01
201400039213,0,7,0,0.0,1.0,4.0,4.0,A01
201400039214,0,30,0,12.0,0.0,0.0,21.0,A01
201400039215,0,7,0,0.0,1.0,1.0,1.0,A01
201400039216,0,1,0,0.0,2.0,1.0,2.0,A01
201400039216,0,7,0,0.0,2.0,4.0,2.0,B01
201400039217,0,7,0,0.0,2.0,3.0,1.0,B01
201400039217,0,7,0,0.0,2.0,8.0,1.0,C01
201400039217,0,7,0,0.0,2.0,6.0,1.0,D01
201400039217,0,7,0,0.0,2.0,3.0,19.0,A01
201400039218,0,30,0,0.0,2.0,8.0,1.0,B01
201400039218,0,32,0,0.0,2.0,8.0,13.0,A01
201400039219,0,30,0,0.0,0.0,0.0,16.0,A01
201400039220,0,1,0,1.0,0.0,1.0,1.0,A01
201400039221,0,31,0,0.0,0.0,2.0,1.0,A01
201400039222,0,30,0,0.0,2.0,1.0,9.0,A01
201400039222,0,7,0,0.0,2.0,2.0,1.0,B01
201400039223,0,32,0,0.0,0.0,8.0,1.0,A01
201400039224,0,33,0,0.0,2.0,4.0,23.0,B01
201400039224,0,7,0,0.0,2.0,1.0,2.0,A01
201400039225,0,31,0,0.0,2.0,2.0,2.0,A01
201400039225,0,33,0,0.0,2.0,3.0,15.0,B01
201400039226,0,30,0,0.0,1.0,1.0,1.0,A01
201400039227,0,7,0,0.0,1.0,2.0,1.0,A01
201400039228,0,7,0,0.0,1.0,1.0,15.0,A01
201400039229,0,30,0,0.0,2.0,1.0,2.0,A01
201400039229,0,7,0,0.0,2.0,4.0,23.0,B01
201400039230,0,7,0,0.0,2.0,3.0,15.0,A01
201400039230,0,1,0,0.0,2.0,3.0,19.0,B01
201400039231,0,10,0,3.0,0.0,3.0,13.0,A01
201400039232,0,7,0,0.0,2.0,4.0,2.0,B01
201400039232,0,37,42,0.0,2.0,1.0,2.0,A01
201400039233,0,1,0,0.0,2.0,1.0,2.0,A01
201400039233,0,7,0,0.0,2.0,4.0,20.0,B01
201400039234,0,30,0,0.0,1.0,1.0,16.0,A01
201400039235,0,32,0,0.0,1.0,1.0,1.0,A01
201400039236,0,7,0,0.0,1.0,2.0,1.0,A01
201400039237,0,33,0,0.0,1.0,3.0,1.0,A01
201400039238,0,7,0,0.0,2.0,3.0,1.0,B01
201400039238,0,33,0,0.0,2.0,1.0,1.0,A01
201400039239,0,7,0,0.0,1.0,1.0,1.0,A01
201400039240,0,7,0,0.0,2.0,2.0,10.0,A01
201400039240,0,33,0,0.0,2.0,1.0,1.0,B01
201400039241,0,7,0,0.0,1.0,7.0,1.0,A01
201400039242,0,7,0,0.0,2.0,3.0,15.0,B01
201400039242,0,30,0,0.0,2.0,1.0,1.0,A01
201400039243,0,7,0,9.0,0.0,1.0,1.0,A01
201400039244,0,7,0,0.0,2.0,8.0,9.0,B01
201400039244,0,7,0,0.0,2.0,2.0,1.0,A01
201400039245,0,7,0,0.0,1.0,2.0,1.0,A01
201400039246,0,7,0,0.0,2.0,2.0,1.0,B01
201400039246,0,30,0,0.0,2.0,1.0,1.0,A01
201400039247,0,7,0,0.0,2.0,1.0,2.0,A01
201400039247,0,7,0,0.0,2.0,4.0,2.0,B01
201400039248,0,10,0,0.0,1.0,1.0,1.0,A01
201400039249,0,10,0,0.0,2.0,4.0,2.0,B01
201400039249,0,33,0,0.0,2.0,1.0,3.0,A01
201400039250,0,7,0,12.0,0.0,2.0,1.0,A01
201400039251,0,34,0,0.0,1.0,1.0,9.0,A01
201400039252,0,7,0,0.0,2.0,4.0,2.0,B01
201400039252,0,34,0,0.0,2.0,1.0,2.0,A01
201400039253,0,7,0,0.0,2.0,3.0,1.0,A01
201400039253,0,1,0,0.0,2.0,1.0,19.0,B01
201400039254,0,30,0,0.0,2.0,7.0,1.0,B01
201400039254,0,7,0,0.0,2.0,8.0,10.0,A01
201400039255,0,7,0,0.0,2.0,4.0,20.0,A01
201400039255,0,30,0,0.0,2.0,1.0,1.0,B01
201400039256,0,7,0,0.0,2.0,0.0,17.0,A01
201400039256,0,31,0,0.0,0.0,8.0,21.0,B01
201400039257,0,30,0,0.0,2.0,1.0,9.0,A01
201400039257,0,37,60,0.0,2.0,3.0,1.0,B01
201400039258,0,30,0,0.0,2.0,1.0,1.0,A01
201400039258,0,7,0,0.0,2.0,3.0,1.0,B01
201400039259,0,1,0,0.0,1.0,1.0,1.0,A01
201400039260,0,30,0,0.0,0.0,0.0,1.0,A01
201400039261,0,31,0,0.0,0.0,7.0,1.0,A01
201400039262,0,30,0,0.0,2.0,0.0,0.0,A01
201400039263,0,7,0,0.0,2.0,3.0,1.0,A01
201400039263,0,1,0,0.0,2.0,4.0,1.0,B01
201400039264,0,7,0,6.0,0.0,2.0,16.0,A01
201400039265,0,33,0,1.0,0.0,1.0,1.0,A01
201400039266,0,7,0,0.0,2.0,3.0,1.0,A01
201400039266,0,1,0,0.0,2.0,4.0,1.0,B01
201400039267,0,10,0,0.0,2.0,1.0,1.0,A01
201400039267,0,7,0,0.0,2.0,4.0,1.0,B01
201400039268,0,7,0,0.0,2.0,1.0,15.0,A01
201400039268,0,34,0,0.0,2.0,7.0,15.0,B01
201400039269,0,1,0,0.0,2.0,1.0,1.0,A01
201400039269,0,7,0,0.0,2.0,3.0,15.0,B01
201400039270,0,1,0,0.0,2.0,7.0,1.0,B01
201400039270,0,7,0,0.0,2.0,1.0,15.0,A01
201400039271,0,30,0,0.0,1.0,1.0,1.0,A01
201400039272,0,33,0,0.0,1.0,1.0,1.0,A01
201400039273,0,32,0,0.0,2.0,5.0,1.0,B01
201400039273,0,7,0,0.0,2.0,3.0,2.0,A01
201400039274,0,7,0,1.0,0.0,1.0,1.0,A01
201400039275,0,30,0,0.0,2.0,8.0,1.0,B01
201400039275,0,7,0,0.0,2.0,2.0,15.0,A01
201400039276,0,7,0,0.0,2.0,3.0,9.0,A01
201400039276,0,30,0,0.0,2.0,7.0,3.0,B01
201400039277,0,7,0,0.0,2.0,3.0,2.0,A01
201400039277,0,33,0,0.0,2.0,4.0,3.0,B01
201400039278,0,7,0,0.0,2.0,1.0,15.0,A01
201400039278,0,7,0,0.0,2.0,1.0,1.0,B01
201400039279,0,2,0,0.0,0.0,1.0,1.0,A01
201400039280,0,7,0,0.0,2.0,4.0,2.0,B01