Num_Acc,senc,catv,occutc,obs,obsm,choc,manv,num_veh
201400039280,0,7,0,0.0,2.0,4.0,2.0,C01
201400039280,0,7,0,0.0,2.0,1.0,1.0,A01
201400039281,0,7,0,0.0,2.0,3.0,15.0,B01
201400039281,0,33,0,0.0,2.0,1.0,15.0,A01
201400039282,0,7,0,0.0,2.0,8.0,24.0,A01
201400039282,0,1,0,1.0,0.0,1.0,1.0,B01
201400039283,0,34,0,0.0,2.0,1.0,1.0,B01
201400039283,0,7,0,0.0,2.0,2.0,15.0,A01
201400039284,0,7,0,0.0,2.0,1.0,1.0,A01
201400039284,0,37,1,0.0,2.0,1.0,1.0,B01
201400039285,0,10,0,0.0,2.0,2.0,1.0,A01
201400039285,0,7,0,0.0,2.0,1.0,1.0,B01
201400039286,0,32,0,1.0,2.0,1.0,1.0,A01
201400039286,0,7,0,0.0,2.0,4.0,23.0,B01
201400039287,0,14,0,0.0,2.0,3.0,13.0,A01
201400039287,0,32,0,0.0,2.0,3.0,23.0,B01
201400039288,0,2,0,0.0,2.0,1.0,1.0,B01
201400039288,0,13,0,0.0,2.0,3.0,15.0,A01
201400039289,0,7,0,0.0,2.0,8.0,15.0,A01
201400039289,0,2,0,0.0,2.0,1.0,17.0,B01
201400039290,0,1,0,0.0,2.0,1.0,1.0,B01
201400039290,0,7,0,0.0,2.0,3.0,15.0,A01
201400039291,0,33,0,10.0,0.0,8.0,13.0,A01
201400039292,0,7,0,0.0,1.0,1.0,16.0,A01
201400039293,0,7,0,0.0,2.0,5.0,2.0,A01
201400039293,0,30,0,0.0,2.0,8.0,2.0,B01
201400039294,0,2,0,0.0,2.0,4.0,1.0,B01
201400039294,0,7,0,0.0,2.0,1.0,2.0,A01
201400039295,0,1,0,0.0,2.0,1.0,5.0,A01
201400039295,0,7,0,0.0,2.0,5.0,16.0,B01
201400039296,0,7,0,0.0,1.0,1.0,17.0,A01
201400039297,0,32,0,0.0,0.0,0.0,1.0,A01
201400039298,0,7,0,0.0,2.0,8.0,13.0,A01
201400039298,0,2,0,0.0,2.0,2.0,17.0,B01
201400039299,0,30,0,0.0,2.0,1.0,1.0,B01
201400039299,0,7,0,0.0,2.0,5.0,15.0,A01
201400039300,0,7,0,0.0,2.0,1.0,2.0,A01
201400039300,0,7,0,0.0,2.0,4.0,23.0,C01
201400039300,0,7,0,0.0,2.0,1.0,1.0,B01
201400039301,0,7,0,0.0,2.0,1.0,2.0,A01
201400039301,0,1,0,0.0,2.0,4.0,1.0,B01
201400039302,0,7,0,0.0,2.0,2.0,1.0,A01
201400039302,0,7,0,0.0,2.0,8.0,1.0,B01
201400039303,0,7,0,0.0,2.0,3.0,1.0,B01
201400039303,0,33,0,0.0,2.0,1.0,13.0,A01
201400039304,0,7,0,0.0,2.0,4.0,1.0,C01
201400039304,0,10,0,0.0,2.0,4.0,1.0,B01
201400039304,0,7,0,0.0,2.0,1.0,2.0,A01
201400039305,0,2,0,0.0,2.0,1.0,2.0,A01
201400039305,0,7,0,0.0,2.0,4.0,1.0,B01
201400039306,0,7,0,1.0,0.0,1.0,1.0,A01
201400039307,0,33,0,0.0,2.0,1.0,1.0,A01
201400039308,0,7,0,0.0,1.0,1.0,1.0,A01
201400039309,0,34,0,0.0,2.0,1.0,2.0,A01
201400039309,0,7,0,0.0,2.0,4.0,12.0,B01
201400039310,0,32,0,0.0,2.0,1.0,1.0,B01
201400039310,0,7,0,0.0,2.0,1.0,5.0,A01
201400039311,0,7,0,0.0,1.0,3.0,1.0,A01
201400039312,0,7,0,0.0,2.0,4.0,1.0,B01
201400039312,0,7,0,0.0,2.0,1.0,2.0,A01
201400039313,0,32,0,0.0,0.0,1.0,16.0,A01
201400039314,1,7,0,0.0,2.0,8.0,15.0,A01
201400039314,0,33,0,0.0,2.0,1.0,2.0,B01
201400039315,0,33,0,11.0,0.0,1.0,17.0,A01
201400039316,0,30,0,0.0,0.0,1.0,1.0,A01
201400039317,0,32,0,0.0,2.0,1.0,16.0,A01
201400039317,0,1,0,0.0,2.0,5.0,7.0,B01
201400039318,0,1,0,0.0,2.0,1.0,13.0,B01
201400039318,0,7,0,0.0,2.0,7.0,17.0,A01
201400039319,0,33,0,0.0,2.0,1.0,1.0,B01
201400039319,0,7,0,0.0,2.0,2.0,9.0,A01
201400039320,0,7,0,0.0,2.0,4.0,1.0,B01
201400039320,0,32,0,0.0,2.0,1.0,1.0,A01
201400039321,0,7,0,0.0,1.0,3.0,15.0,A01
201400039322,0,30,0,0.0,2.0,1.0,1.0,B01
201400039322,0,7,0,0.0,2.0,3.0,13.0,A01
201400039323,0,7,0,0.0,1.0,2.0,1.0,A01
201400039324,0,7,0,0.0,2.0,8.0,24.0,A01
201400039324,0,1,0,1.0,0.0,1.0,1.0,B01
201400039325,0,7,0,0.0,1.0,2.0,1.0,A01
201400039326,0,32,0,0.0,2.0,1.0,1.0,A01
201400039327,0,31,0,0.0,2.0,3.0,21.0,A01
201400039327,0,7,0,0.0,2.0,0.0,1.0,B01
201400039328,0,32,0,0.0,2.0,1.0,1.0,B01
201400039328,0,7,0,0.0,2.0,2.0,15.0,A01
201400039329,0,7,0,0.0,2.0,8.0,24.0,A01
201400039329,0,1,0,1.0,0.0,1.0,1.0,B01
201400039330,0,30,0,0.0,0.0,1.0,21.0,A01
201400039331,0,7,0,0.0,2.0,1.0,2.0,A01
201400039331,0,34,0,0.0,1.0,4.0,23.0,B01
201400039332,0,2,0,0.0,0.0,1.0,17.0,A01
201400039333,0,31,0,0.0,1.0,1.0,9.0,A01
201400039334,0,1,0,0.0,2.0,1.0,2.0,A01
201400039334,0,7,0,0.0,2.0,4.0,23.0,B01
201400039335,0,7,0,0.0,2.0,1.0,1.0,A01
201400039335,0,7,0,0.0,2.0,7.0,1.0,B01
201400039336,0,7,0,0.0,2.0,2.0,10.0,A01
201400039336,0,33,0,0.0,2.0,1.0,1.0,B01
201400039337,0,31,0,0.0,0.0,1.0,1.0,A01
201400039338,0,7,0,0.0,1.0,1.0,9.0,A01
201400039339,0,7,0,0.0,2.0,3.0,1.0,B01
201400039339,0,2,0,0.0,2.0,1.0,17.0,A01
201400039340,0,32,0,0.0,2.0,4.0,23.0,C01
201400039340,0,7,0,0.0,2.0,4.0,2.0,B01
201400039340,0,7,0,0.0,2.0,2.0,2.0,A01
201400039341,0,1,0,1.0,0.0,0.0,1.0,B01
201400039341,0,7,0,0.0,2.0,8.0,24.0,A01
201400039342,0,33,0,0.0,1.0,1.0,1.0,A01
201400039343,0,7,0,0.0,2.0,6.0,10.0,A01
201400039343,0,33,0,0.0,2.0,1.0,1.0,B01
201400039344,0,7,0,0.0,1.0,3.0,9.0,A01
201400039345,0,33,0,0.0,2.0,1.0,1.0,B01
201400039345,0,7,0,0.0,2.0,8.0,15.0,A01
201400039346,0,30,0,0.0,0.0,0.0,1.0,A01
201400039347,0,7,0,0.0,2.0,6.0,10.0,A01
201400039347,0,30,0,0.0,2.0,1.0,17.0,B01
201400039348,0,2,0,0.0,2.0,1.0,1.0,B01
201400039348,0,7,0,0.0,2.0,7.0,15.0,A01
201400039349,0,7,0,0.0,1.0,1.0,15.0,A01
201400039350,0,34,0,0.0,1.0,1.0,1.0,A01
201400039351,0,33,0,0.0,2.0,1.0,1.0,A01
201400039351,0,7,0,0.0,2.0,6.0,15.0,B01
201400039352,0,7,0,0.0,1.0,0.0,1.0,A01
201400039353,0,7,0,0.0,2.0,4.0,1.0,B02
201400039353,0,32,0,0.0,2.0,1.0,2.0,A01
201400039354,0,7,0,11.0,0.0,0.0,0.0,A01
201400039355,0,7,0,0.0,1.0,1.0,1.0,A01
201400039356,0,7,0,0.0,1.0,0.0,1.0,A01
201400039357,0,7,0,0.0,1.0,1.0,16.0,A01
201400039358,0,7,0,0.0,0.0,3.0,1.0,A01
201400039359,0,2,0,0.0,2.0,2.0,5.0,A01
201400039359,0,34,0,0.0,2.0,1.0,16.0,B01
201400039360,0,33,0,0.0,2.0,2.0,0.0,B01
201400039360,0,7,0,0.0,2.0,8.0,1.0,A01
201400039361,0,7,0,0.0,2.0,1.0,0.0,B01
201400039361,0,7,0,0.0,2.0,2.0,0.0,A01
201400039362,0,34,0,0.0,1.0,1.0,1.0,A01
201400039363,0,30,0,0.0,2.0,1.0,1.0,B01
201400039363,0,7,0,0.0,2.0,1.0,15.0,A01
201400039364,0,32,0,0.0,2.0,1.0,10.0,B01
201400039364,0,7,0,0.0,2.0,6.0,15.0,A01
201400039365,0,7,0,0.0,2.0,7.0,15.0,A01
201400039365,0,2,0,0.0,2.0,1.0,1.0,B01
201400039366,0,7,0,0.0,2.0,1.0,2.0,A01
201400039366,0,10,0,0.0,2.0,4.0,23.0,B01
201400039367,0,7,0,0.0,2.0,1.0,1.0,A01
201400039367,0,2,0,0.0,2.0,6.0,15.0,B01
201400039368,0,7,0,0.0,1.0,2.0,1.0,A01
201400039369,0,7,0,0.0,2.0,3.0,15.0,A01
201400039369,0,2,0,0.0,2.0,1.0,17.0,B01
201400039370,0,33,0,0.0,2.0,1.0,1.0,B01
201400039370,0,7,0,0.0,2.0,3.0,9.0,A01
201400039371,0,7,0,0.0,0.0,4.0,1.0,B01
201400039371,0,7,0,0.0,0.0,1.0,1.0,A01
201400039372,0,7,0,14.0,0.0,1.0,1.0,A01
201400039373,0,34,0,0.0,2.0,1.0,1.0,A01
201400039373,0,7,0,0.0,2.0,3.0,1.0,B01
201400039374,0,7,0,15.0,0.0,2.0,1.0,A01
201400039375,0,32,0,0.0,2.0,0.0,1.0,A01
201400039375,0,7,0,0.0,0.0,0.0,20.0,B01
201400039376,0,7,0,0.0,2.0,1.0,15.0,B01
201400039376,0,7,0,0.0,2.0,1.0,1.0,A01
201400039377,1,10,0,0.0,1.0,0.0,15.0,Z01
201400039378,0,2,0,1.0,0.0,7.0,1.0,B01
201400039379,0,7,0,0.0,1.0,2.0,1.0,A01
201400039380,0,2,0,0.0,2.0,1.0,1.0,A01
201400039380,0,7,0,0.0,2.0,5.0,16.0,B01
201400039381,0,7,0,0.0,1.0,1.0,1.0,A01
201400039382,0,30,0,1.0,0.0,1.0,21.0,A01
201400039382,0,7,0,0.0,0.0,0.0,9.0,B01
201400039383,0,7,0,0.0,2.0,1.0,2.0,A01
201400039383,0,7,0,0.0,2.0,4.0,2.0,B01
201400039384,0,7,0,0.0,1.0,1.0,1.0,A01
201400039385,0,31,0,0.0,2.0,1.0,2.0,A01
201400039385,0,7,0,0.0,0.0,6.0,2.0,B01
201400039386,0,7,0,0.0,1.0,3.0,2.0,A01
201400039387,0,7,0,0.0,1.0,3.0,1.0,A01
201400039388,0,31,0,0.0,2.0,3.0,21.0,A01
201400039388,0,7,0,0.0,2.0,7.0,20.0,B01
201400039389,0,30,0,0.0,2.0,1.0,0.0,A01
201400039389,0,7,0,0.0,2.0,3.0,16.0,B01
201400039390,0,2,0,14.0,0.0,2.0,2.0,A01
201400039390,1,7,0,0.0,0.0,0.0,0.0,Z01
201400039391,0,7,0,0.0,1.0,6.0,1.0,A01
201400039392,0,7,0,0.0,1.0,6.0,1.0,A01
201400039393,0,7,0,0.0,2.0,1.0,1.0,A01
201400039393,0,7,0,0.0,2.0,6.0,1.0,B01
201400039394,0,7,0,12.0,2.0,7.0,1.0,B01
201400039394,0,7,0,0.0,2.0,1.0,19.0,A01
201400039395,0,2,0,1.0,0.0,1.0,13.0,A01
201400039395,1,7,0,0.0,2.0,5.0,0.0,B01
201400039396,0,7,0,1.0,2.0,3.0,1.0,C01
201400039396,0,7,0,0.0,2.0,4.0,1.0,B01
201400039396,0,7,0,0.0,2.0,1.0,1.0,A01
201400039397,0,7,0,0.0,2.0,3.0,1.0,A01
201400039397,0,33,0,0.0,2.0,0.0,1.0,B01
201400039398,0,33,0,0.0,1.0,0.0,1.0,A01
201400039399,0,7,0,0.0,0.0,4.0,2.0,B01
201400039399,0,7,0,0.0,0.0,1.0,2.0,A01
201400039400,0,7,0,0.0,1.0,1.0,1.0,A01
201400039401,0,7,0,0.0,1.0,1.0,1.0,A01
201400039402,0,7,0,0.0,2.0,8.0,16.0,B01
201400039402,0,7,0,0.0,2.0,7.0,0.0,C01
201400039402,2,7,0,0.0,2.0,1.0,2.0,A01
201400039403,0,7,0,0.0,2.0,2.0,1.0,A01
201400039403,0,31,0,0.0,2.0,6.0,1.0,B01
201400039404,0,7,0,0.0,2.0,3.0,15.0,B01
201400039404,0,30,0,0.0,2.0,1.0,17.0,A01
201400039405,0,33,0,0.0,1.0,2.0,16.0,A01
201400039406,0,33,0,3.0,0.0,7.0,18.0,A01
201400039407,0,7,0,0.0,2.0,3.0,10.0,A01
201400039407,0,30,0,0.0,2.0,1.0,1.0,B01
201400039408,0,7,0,0.0,1.0,2.0,16.0,A01
201400039409,0,1,0,0.0,2.0,1.0,19.0,B01
201400039409,0,7,0,0.0,2.0,1.0,16.0,A01
201400039410,0,33,0,0.0,0.0,0.0,1.0,A01
201400039411,0,7,0,0.0,1.0,1.0,16.0,A01
201400039412,1,7,0,0.0,1.0,0.0,0.0,Z01
201400039413,0,7,0,0.0,2.0,3.0,16.0,A01
201400039413,0,7,0,0.0,2.0,1.0,1.0,B01
201400039414,0,7,0,0.0,2.0,3.0,9.0,A01
201400039414,0,33,0,0.0,2.0,1.0,1.0,B01
201400039415,0,7,0,0.0,2.0,5.0,1.0,B01
201400039415,0,7,0,0.0,2.0,3.0,9.0,A01
201400039416,0,7,0,0.0,1.0,1.0,15.0,A01
201400039417,0,34,0,0.0,2.0,1.0,1.0,B01
201400039417,0,7,0,0.0,2.0,6.0,15.0,A01
201400039418,0,7,0,0.0,1.0,1.0,0.0,A01
201400039419,0,7,0,0.0,2.0,5.0,1.0,A01
201400039419,0,33,0,0.0,2.0,6.0,18.0,B01
201400039420,0,31,0,0.0,2.0,7.0,15.0,B01
201400039420,0,7,0,0.0,2.0,8.0,1.0,A01
201400039421,0,33,0,0.0,0.0,3.0,21.0,A01
201400039422,0,7,0,0.0,2.0,1.0,1.0,B01
201400039422,0,34,0,11.0,2.0,1.0,3.0,A01
201400039423,0,7,0,0.0,2.0,3.0,9.0,A01
201400039423,0,34,0,0.0,2.0,7.0,1.0,B01
201400039424,0,7,0,0.0,2.0,3.0,15.0,A01
201400039424,0,30,0,0.0,2.0,7.0,17.0,B01
201400039425,0,33,0,0.0,2.0,1.0,17.0,A01
201400039425,0,10,0,0.0,2.0,1.0,1.0,B01
201400039426,0,7,0,0.0,2.0,8.0,1.0,B01
201400039426,0,30,0,0.0,2.0,1.0,1.0,A01
201400039427,0,30,0,1.0,0.0,1.0,15.0,A01
201400039428,0,7,0,0.0,2.0,4.0,1.0,B01
201400039428,0,30,0,0.0,2.0,1.0,1.0,A01
201400039429,0,32,0,0.0,1.0,1.0,16.0,A01
201400039430,0,10,0,0.0,2.0,1.0,1.0,B01
201400039430,0,7,0,0.0,2.0,4.0,1.0,A01
201400039431,0,30,0,0.0,2.0,7.0,1.0,B01
201400039431,0,7,0,0.0,2.0,4.0,20.0,A01
201400039432,0,7,0,12.0,0.0,1.0,1.0,A01
201400039433,0,7,0,0.0,2.0,4.0,1.0,C01
201400039433,0,7,0,0.0,2.0,4.0,1.0,B01
201400039433,0,7,0,0.0,2.0,1.0,1.0,A01
201400039434,0,33,0,0.0,1.0,1.0,1.0,A01
201400039435,0,33,0,0.0,2.0,1.0,1.0,B01
201400039435,0,1,0,0.0,2.0,4.0,1.0,A01
201400039436,0,7,0,0.0,2.0,1.0,2.0,A01
201400039436,0,7,0,0.0,1.0,4.0,2.0,B01
201400039437,0,7,0,0.0,2.0,3.0,15.0,B01
201400039437,0,7,0,0.0,2.0,2.0,17.0,A01
201400039438,0,34,0,0.0,2.0,1.0,1.0,B01
201400039438,0,10,0,0.0,2.0,5.0,1.0,A01
201400039439,0,32,0,1.0,0.0,1.0,15.0,A01
201400039440,1,2,0,0.0,0.0,0.0,,B01
201400039441,0,32,0,0.0,2.0,7.0,17.0,B01
201400039441,0,7,0,0.0,2.0,8.0,1.0,A01
201400039442,0,30,0,9.0,0.0,1.0,0.0,A01
201400039443,0,10,0,0.0,2.0,3.0,2.0,B01
201400039443,0,7,0,0.0,2.0,2.0,2.0,A01
201400039444,0,7,0,1.0,0.0,1.0,0.0,A01
201400039445,0,33,0,0.0,1.0,1.0,1.0,A01
201400039446,0,1,0,0.0,2.0,1.0,2.0,B01
201400039446,0,7,0,0.0,9.0,2.0,15.0,A01
201400039447,0,10,0,0.0,0.0,0.0,19.0,A01
201400039447,0,33,0,0.0,0.0,7.0,21.0,B01
201400039448,0,7,0,0.0,2.0,8.0,15.0,A01
201400039448,0,32,0,0.0,2.0,1.0,2.0,B01
201400039449,0,1,0,1.0,0.0,1.0,17.0,B01
201400039449,0,7,0,0.0,9.0,8.0,22.0,A01
201400039450,0,7,0,1.0,0.0,1.0,0.0,A01
201400039451,0,7,0,0.0,1.0,1.0,1.0,A01
201400039452,0,34,0,0.0,2.0,7.0,17.0,A01
201400039452,0,10,0,0.0,2.0,3.0,15.0,B01
201400039453,0,2,0,0.0,2.0,1.0,7.0,A01
201400039453,0,7,0,0.0,2.0,2.0,16.0,B01
201400039454,0,7,0,0.0,1.0,2.0,1.0,A01
201400039455,0,34,0,0.0,2.0,1.0,1.0,B01
201400039455,0,7,0,0.0,2.0,1.0,15.0,A01
201400039456,0,7,0,14.0,1.0,0.0,2.0,A01
201400039457,0,33,0,0.0,0.0,0.0,0.0,A01
201400039458,1,99,0,0.0,0.0,0.0,0.0,A01
201400039459,0,7,0,0.0,2.0,8.0,11.0,A01
201400039459,0,32,0,0.0,2.0,7.0,2.0,B01
201400039460,0,7,0,0.0,0.0,1.0,0.0,A01
201400039460,0,7,0,0.0,2.0,0.0,0.0,B01
201400039461,0,7,0,15.0,0.0,0.0,19.0,A01
201400039462,0,7,0,0.0,2.0,7.0,0.0,A01
201400039462,0,30,0,0.0,2.0,1.0,3.0,B01
201400039463,0,30,0,0.0,0.0,0.0,16.0,A01
201400039464,0,7,0,0.0,1.0,1.0,2.0,A01
201400039465,0,34,0,0.0,2.0,1.0,1.0,B01
201400039465,0,7,0,0.0,2.0,0.0,15.0,A01
201400039466,0,33,0,0.0,2.0,1.0,1.0,B01
201400039466,0,7,0,0.0,2.0,5.0,15.0,A01
201400039467,0,33,0,0.0,2.0,1.0,1.0,B01
201400039467,0,10,0,0.0,2.0,6.0,10.0,A01
201400039468,0,32,0,0.0,2.0,1.0,1.0,B01
201400039468,0,7,0,0.0,2.0,2.0,15.0,A01
201400039469,0,7,0,0.0,2.0,3.0,22.0,A01
201400039469,0,1,0,1.0,2.0,1.0,1.0,B01
201400039470,0,33,0,8.0,0.0,1.0,1.0,A01
201400039471,0,7,0,0.0,2.0,3.0,15.0,A01
201400039471,0,31,0,0.0,2.0,2.0,17.0,B01
201400039472,0,7,0,0.0,2.0,1.0,1.0,B01
201400039472,0,7,0,0.0,2.0,3.0,13.0,A01
201400039473,0,7,0,0.0,1.0,1.0,2.0,A01
201400039474,0,10,0,0.0,2.0,1.0,1.0,A01
201400039475,0,33,0,0.0,2.0,7.0,17.0,A01
201400039475,0,7,0,0.0,2.0,3.0,15.0,B01
201400039476,0,7,0,0.0,1.0,1.0,1.0,A01
201400039477,0,7,0,0.0,2.0,5.0,15.0,A01
201400039477,0,33,0,0.0,2.0,8.0,1.0,B01
201400039478,0,7,0,0.0,2.0,3.0,11.0,A01
201400039478,0,32,0,0.0,2.0,7.0,1.0,B01
201400039479,0,33,0,0.0,2.0,8.0,1.0,B01
201400039479,0,7,0,0.0,2.0,1.0,15.0,A01
201400039480,0,33,0,8.0,0.0,7.0,1.0,A01
201400039481,0,7,0,0.0,2.0,1.0,17.0,A01
201400039481,0,7,0,0.0,2.0,8.0,1.0,B01
201400039482,0,10,0,0.0,1.0,3.0,15.0,A01
201400039483,0,7,0,0.0,2.0,1.0,15.0,A01
201400039483,0,32,0,0.0,2.0,2.0,1.0,B01
201400039484,0,33,0,15.0,0.0,1.0,1.0,A01
201400039485,0,7,0,0.0,2.0,4.0,1.0,B01
201400039485,0,37,1,0.0,2.0,1.0,2.0,A01
201400039486,0,32,0,0.0,0.0,7.0,1.0,A01
201400039487,0,30,0,0.0,0.0,0.0,1.0,A01
201400039488,0,7,0,0.0,2.0,3.0,15.0,A01
201400039488,0,31,0,0.0,2.0,1.0,1.0,B01
201400039489,0,10,0,0.0,2.0,1.0,1.0,A01
201400039489,0,7,0,0.0,2.0,4.0,1.0,B01
201400039490,0,32,0,0.0,2.0,1.0,1.0,B01
201400039490,0,7,0,0.0,2.0,1.0,13.0,A01
201400039491,0,7,0,0.0,1.0,2.0,1.0,A01
201400039492,0,32,0,0.0,0.0,0.0,1.0,A01
201400039493,0,1,0,0.0,2.0,8.0,1.0,B01
201400039493,0,7,0,0.0,2.0,1.0,1.0,A01
201400039494,0,33,0,0.0,2.0,4.0,2.0,A01
201400039494,0,37,3,0.0,2.0,1.0,2.0,B01
201400039495,0,33,0,0.0,2.0,1.0,17.0,A01
201400039495,0,7,0,0.0,2.0,3.0,1.0,B01
201400039496,0,33,0,14.0,0.0,1.0,1.0,A01
201400039497,0,30,0,0.0,2.0,1.0,1.0,B01
201400039497,0,7,0,0.0,2.0,8.0,1.0,A01
201400039498,0,7,0,0.0,2.0,2.0,14.0,A01
201400039498,0,30,0,0.0,2.0,8.0,1.0,B01
201400039499,0,13,0,0.0,2.0,1.0,1.0,A01
201400039499,0,7,0,0.0,2.0,4.0,1.0,B01
201400039500,0,7,0,0.0,0.0,3.0,15.0,B01
201400039500,0,30,0,0.0,2.0,1.0,2.0,A01
201400039501,0,14,0,0.0,2.0,2.0,1.0,B01
201400039501,0,7,0,0.0,2.0,1.0,1.0,A01
201400039502,0,33,0,0.0,2.0,7.0,17.0,A01
201400039502,0,7,0,0.0,2.0,3.0,23.0,B01
201400039503,0,7,0,0.0,2.0,3.0,15.0,A01
201400039503,0,33,0,0.0,2.0,1.0,1.0,B01
201400039504,0,2,0,0.0,2.0,7.0,17.0,A01
201400039504,0,7,0,0.0,2.0,8.0,17.0,B01
201400039505,0,1,0,0.0,0.0,0.0,1.0,A01
201400039506,0,30,0,0.0,0.0,0.0,1.0,A01
201400039507,0,33,0,14.0,0.0,0.0,1.0,A01
201400039508,0,7,0,0.0,2.0,1.0,2.0,A01
201400039508,0,7,0,0.0,2.0,4.0,2.0,C01
201400039508,0,7,0,0.0,2.0,1.0,1.0,B01
201400039509,0,7,0,0.0,1.0,2.0,11.0,A01
201400039510,0,31,0,0.0,2.0,7.0,1.0,B01
201400039510,0,7,0,0.0,2.0,6.0,20.0,A01
201400039511,0,7,0,0.0,1.0,1.0,1.0,A01
201400039512,0,7,0,0.0,2.0,4.0,1.0,B01
201400039512,0,2,0,0.0,2.0,1.0,1.0,A01
201400039513,0,7,0,0.0,2.0,2.0,6.0,A01
201400039513,0,34,0,0.0,2.0,1.0,1.0,B01
201400039514,0,31,0,0.0,2.0,8.0,1.0,B01
201400039514,0,7,0,0.0,2.0,8.0,20.0,A01
201400039515,0,1,0,0.0,2.0,1.0,17.0,A01
201400039515,0,10,0,0.0,9.0,1.0,15.0,B01
201400039516,0,7,0,0.0,0.0,1.0,15.0,B01
201400039516,0,7,0,0.0,2.0,4.0,15.0,A01
201400039517,0,7,0,0.0,0.0,0.0,15.0,A01
201400039517,0,30,0,0.0,0.0,0.0,21.0,B01
201400039518,0,7,0,0.0,2.0,2.0,15.0,A01
201400039518,0,33,0,0.0,2.0,1.0,1.0,B01
201400039519,0,7,0,0.0,2.0,2.0,15.0,A01
201400039519,0,2,0,0.0,2.0,1.0,1.0,B01
201400039520,0,10,0,0.0,1.0,4.0,4.0,A01
201400039521,0,7,0,0.0,1.0,1.0,1.0,A01
201400039522,0,2,0,0.0,1.0,1.0,1.0,A01
201400039523,0,10,0,0.0,2.0,3.0,15.0,A01
201400039523,0,7,0,0.0,2.0,3.0,1.0,B01
201400039524,0,10,0,0.0,1.0,1.0,1.0,A01
201400039525,0,33,0,0.0,0.0,8.0,1.0,A01
201400039526,0,7,0,9.0,0.0,1.0,21.0,A01
201400039527,0,30,0,0.0,1.0,1.0,1.0,A01
201400039528,0,7,0,0.0,1.0,1.0,1.0,A01
201400039529,0,7,0,0.0,0.0,4.0,1.0,B01
201400039529,0,7,0,0.0,2.0,1.0,1.0,A01
201400039530,0,7,0,0.0,1.0,3.0,15.0,A01
201400039531,0,7,0,0.0,1.0,1.0,1.0,A01
201400039532,0,7,0,0.0,2.0,3.0,10.0,A01
201400039532,0,33,0,0.0,2.0,1.0,1.0,B01
201400039533,0,10,0,0.0,1.0,1.0,15.0,A01
201400039534,1,30,0,0.0,2.0,1.0,15.0,Z01
201400039534,0,30,0,0.0,0.0,1.0,1.0,A01
201400039535,0,7,0,0.0,1.0,3.0,1.0,A01
201400039536,0,7,0,0.0,0.0,3.0,15.0,A01
201400039536,0,32,0,0.0,2.0,1.0,17.0,B01
201400039537,0,7,0,0.0,2.0,1.0,15.0,B01
201400039537,0,33,0,0.0,2.0,1.0,1.0,A01
201400039538,0,7,0,0.0,2.0,2.0,1.0,A01
201400039538,0,7,0,0.0,2.0,2.0,1.0,C01
201400039538,0,32,0,0.0,1.0,0.0,1.0,B01
201400039539,0,30,0,0.0,2.0,1.0,1.0,A01
201400039539,0,10,0,0.0,0.0,7.0,1.0,B01
201400039540,0,32,0,0.0,2.0,6.0,1.0,A01
201400039540,0,7,0,0.0,2.0,1.0,16.0,B01
201400039541,0,32,0,0.0,2.0,1.0,1.0,B01
201400039541,0,7,0,0.0,0.0,7.0,15.0,A01
201400039542,0,7,0,0.0,2.0,2.0,16.0,B01
201400039542,0,32,0,0.0,2.0,8.0,1.0,A01
201400039543,0,7,0,0.0,2.0,2.0,1.0,A01
201400039543,0,34,0,0.0,2.0,1.0,0.0,B01
201400039544,0,10,0,0.0,1.0,5.0,4.0,A01
201400039545,0,10,0,0.0,0.0,7.0,16.0,B01
201400039545,0,33,0,0.0,2.0,1.0,1.0,A01
201400039546,0,30,0,0.0,0.0,1.0,3.0,A01
201400039547,0,30,0,0.0,0.0,0.0,3.0,A01
201400039548,1,7,0,0.0,1.0,4.0,20.0,Z01
201400039549,0,34,0,0.0,1.0,7.0,21.0,A01
201400039550,0,7,0,0.0,2.0,3.0,15.0,A01
201400039550,0,33,0,0.0,2.0,1.0,1.0,B01
201400039551,0,7,0,0.0,2.0,9.0,3.0,A01
201400039551,0,7,0,0.0,0.0,4.0,1.0,B01
201400039551,0,7,0,0.0,2.0,8.0,1.0,D01
201400039551,0,7,0,0.0,2.0,4.0,1.0,C01
201400039552,0,32,0,0.0,2.0,1.0,1.0,B01
201400039552,0,7,0,0.0,2.0,2.0,9.0,A01
201400039553,0,7,0,0.0,0.0,6.0,2.0,B01
201400039553,0,34,0,0.0,2.0,1.0,14.0,A01
201400039554,0,10,0,1.0,0.0,8.0,24.0,A01
201400039554,0,1,0,1.0,0.0,1.0,21.0,B01
201400039555,0,7,0,0.0,1.0,1.0,1.0,A01
201400039556,0,7,0,0.0,1.0,3.0,1.0,A01
201400039557,1,30,0,0.0,0.0,1.0,1.0,Z01
201400039558,0,32,0,0.0,2.0,7.0,1.0,B01
201400039558,0,10,0,0.0,2.0,8.0,15.0,A01
201400039559,0,30,0,0.0,2.0,1.0,15.0,A01
201400039559,0,7,0,0.0,2.0,3.0,1.0,B01
201400039560,0,38,1,0.0,9.0,3.0,1.0,A01
201400039560,0,1,0,0.0,2.0,1.0,19.0,B01
201400039561,0,32,0,0.0,0.0,0.0,1.0,A01
201400039562,0,7,0,0.0,1.0,7.0,20.0,A01