Num_Acc,senc,catv,occutc,obs,obsm,choc,manv,num_veh
201400039839,0,30,0,0.0,2.0,2.0,17.0,B01
201400039839,0,7,0,0.0,2.0,8.0,15.0,A01
201400039840,0,10,0,0.0,2.0,3.0,2.0,A01
201400039840,0,7,0,0.0,2.0,4.0,2.0,B01
201400039841,0,1,0,0.0,0.0,4.0,2.0,B01
201400039841,0,7,0,0.0,2.0,1.0,2.0,A01
201400039842,0,7,0,0.0,2.0,6.0,15.0,B01
201400039842,0,31,0,0.0,2.0,8.0,17.0,A01
201400039843,0,7,0,0.0,2.0,4.0,2.0,B01
201400039843,0,7,0,0.0,2.0,1.0,2.0,A01
201400039844,0,33,0,0.0,0.0,7.0,2.0,B01
201400039844,0,7,0,0.0,2.0,1.0,10.0,A01
201400039845,0,33,0,0.0,1.0,8.0,1.0,A01
201400039846,0,34,0,9.0,0.0,1.0,0.0,A01
201400039847,0,34,0,0.0,0.0,0.0,2.0,A01
201400039848,0,7,0,0.0,2.0,1.0,2.0,A01
201400039848,0,7,0,0.0,2.0,2.0,19.0,B01
201400039849,0,7,0,0.0,2.0,3.0,16.0,B01
201400039849,0,30,0,0.0,2.0,1.0,1.0,A01
201400039850,0,33,0,0.0,2.0,4.0,1.0,B01
201400039850,0,10,0,0.0,2.0,2.0,16.0,A01
201400039851,0,99,0,1.0,0.0,1.0,2.0,A01
201400039852,0,7,0,0.0,2.0,1.0,2.0,A01
201400039852,0,7,0,0.0,2.0,4.0,2.0,B01
201400039853,0,33,0,0.0,2.0,1.0,1.0,B01
201400039853,0,7,0,0.0,2.0,3.0,15.0,A01
201400039854,0,3,0,0.0,1.0,1.0,15.0,A01
201400039855,0,7,0,0.0,1.0,4.0,20.0,A01
201400039856,0,32,0,0.0,2.0,1.0,2.0,B01
201400039856,0,7,0,0.0,0.0,4.0,23.0,A01
201400039857,0,7,0,1.0,0.0,9.0,1.0,A01
201400039858,0,31,0,12.0,0.0,8.0,0.0,A01
201400039859,0,1,0,0.0,0.0,1.0,1.0,A01
201400039860,0,7,0,0.0,1.0,3.0,1.0,A01
201400039861,0,33,0,0.0,9.0,0.0,2.0,B01
201400039861,0,1,0,0.0,2.0,0.0,15.0,A01
201400039862,0,7,0,0.0,0.0,4.0,23.0,B01
201400039862,0,7,0,0.0,2.0,1.0,1.0,A01
201400039863,0,7,0,0.0,2.0,6.0,2.0,B01
201400039863,0,32,0,0.0,2.0,1.0,2.0,A01
201400039864,0,33,0,0.0,2.0,8.0,1.0,B01
201400039864,0,7,0,0.0,2.0,2.0,9.0,A01
201400039865,0,2,0,0.0,2.0,8.0,18.0,B01
201400039865,0,7,0,0.0,9.0,1.0,15.0,A01
201400039866,0,7,0,0.0,2.0,6.0,2.0,A01
201400039866,0,34,0,0.0,2.0,2.0,2.0,B01
201400039867,0,30,0,0.0,2.0,1.0,1.0,A01
201400039867,0,33,0,0.0,2.0,2.0,1.0,B01
201400039868,0,7,0,0.0,0.0,0.0,15.0,A01
201400039869,0,7,0,0.0,2.0,7.0,23.0,A01
201400039869,0,1,0,0.0,2.0,1.0,1.0,B01
201400039870,0,7,0,0.0,0.0,0.0,12.0,A01
201400039870,0,30,0,0.0,2.0,0.0,7.0,B01
201400039871,0,30,0,0.0,0.0,1.0,0.0,A01
201400039872,0,33,0,0.0,2.0,1.0,2.0,B01
201400039872,0,7,0,0.0,2.0,7.0,15.0,A01
201400039873,0,7,0,0.0,2.0,2.0,15.0,A01
201400039873,0,33,0,0.0,2.0,1.0,1.0,B01
201400039874,0,7,0,0.0,2.0,1.0,2.0,B01
201400039874,0,7,0,0.0,2.0,1.0,10.0,A01
201400039875,0,7,0,0.0,2.0,1.0,2.0,B01
201400039875,0,7,0,0.0,2.0,4.0,15.0,A01
201400039876,0,7,0,0.0,2.0,1.0,1.0,A01
201400039876,0,31,0,0.0,2.0,9.0,15.0,B01
201400039877,0,33,0,0.0,2.0,1.0,17.0,A01
201400039877,0,7,0,0.0,0.0,6.0,20.0,B01
201400039878,0,33,0,0.0,0.0,9.0,1.0,A01
201400039879,0,7,0,0.0,2.0,8.0,11.0,A01
201400039879,0,33,0,0.0,2.0,8.0,1.0,B01
201400039880,0,7,0,0.0,1.0,1.0,2.0,A01
201400039881,0,30,0,0.0,2.0,1.0,16.0,A01
201400039881,0,7,0,0.0,0.0,7.0,15.0,B01
201400039882,1,1,0,0.0,1.0,1.0,1.0,Z01
201400039883,0,33,0,0.0,2.0,2.0,1.0,B01
201400039883,0,7,0,0.0,2.0,8.0,9.0,A01
201400039884,0,7,0,0.0,1.0,1.0,15.0,A01
201400039885,0,7,0,0.0,2.0,2.0,1.0,B01
201400039885,0,7,0,0.0,2.0,1.0,2.0,C01
201400039885,0,31,0,0.0,2.0,2.0,9.0,A01
201400039886,0,33,0,0.0,2.0,8.0,17.0,A01
201400039886,0,7,0,0.0,2.0,8.0,15.0,B01
201400039887,0,7,0,0.0,1.0,3.0,1.0,A01
201400039888,0,30,0,0.0,2.0,1.0,1.0,B01
201400039888,0,7,0,0.0,2.0,7.0,15.0,A01
201400039889,0,30,0,0.0,1.0,1.0,1.0,A01
201400039890,0,7,0,0.0,9.0,1.0,2.0,A01
201400039890,0,1,0,0.0,0.0,4.0,2.0,B01
201400039891,0,32,0,0.0,2.0,1.0,9.0,B01
201400039891,0,7,0,0.0,9.0,1.0,2.0,A01
201400039892,0,7,0,0.0,1.0,2.0,15.0,A01
201400039893,0,7,0,0.0,2.0,3.0,21.0,A01
201400039893,0,7,0,0.0,2.0,3.0,19.0,B01
201400039894,0,10,0,0.0,2.0,0.0,12.0,A01
201400039894,0,30,0,0.0,2.0,1.0,1.0,B01
201400039895,0,10,0,0.0,2.0,7.0,1.0,A01
201400039895,0,1,0,0.0,2.0,1.0,1.0,B01
201400039896,0,30,0,0.0,0.0,8.0,0.0,A01
201400039897,0,32,0,0.0,2.0,0.0,21.0,B01
201400039897,0,7,0,0.0,0.0,0.0,13.0,A01
201400039898,0,7,0,0.0,1.0,1.0,15.0,A01
201400039899,0,7,0,0.0,1.0,1.0,2.0,A01
201400039900,0,7,0,0.0,2.0,3.0,22.0,A01
201400039900,0,31,0,0.0,2.0,9.0,1.0,B01
201400039900,0,7,0,0.0,2.0,3.0,1.0,C01
201400039901,0,7,0,0.0,2.0,8.0,15.0,A01
201400039901,0,30,0,0.0,2.0,7.0,1.0,B01
201400039902,0,30,0,0.0,0.0,7.0,1.0,A01
201400039903,0,1,0,0.0,2.0,8.0,1.0,B01
201400039903,0,7,0,0.0,0.0,7.0,17.0,A01
201400039904,0,31,0,0.0,2.0,9.0,1.0,A01
201400039904,0,7,0,0.0,2.0,3.0,1.0,B01
201400039905,0,33,0,0.0,1.0,0.0,2.0,A01
201400039906,0,33,0,15.0,0.0,0.0,0.0,A01
201400039907,0,7,0,0.0,1.0,1.0,0.0,A01
201400039908,0,7,0,15.0,0.0,2.0,0.0,A01
201400039909,0,1,0,0.0,1.0,1.0,3.0,A01
201400039910,0,7,0,0.0,2.0,4.0,2.0,B01
201400039910,0,2,0,0.0,2.0,1.0,2.0,A01
201400039911,0,7,0,0.0,0.0,3.0,5.0,B01
201400039911,0,2,0,0.0,0.0,1.0,0.0,A01
201400039912,0,7,0,0.0,2.0,6.0,2.0,B01
201400039912,0,33,0,0.0,2.0,1.0,2.0,A01
201400039912,0,33,0,0.0,2.0,8.0,2.0,C01
201400039913,0,7,0,0.0,0.0,2.0,16.0,A01
201400039913,0,7,0,0.0,0.0,1.0,0.0,B01
201400039914,0,34,0,0.0,0.0,9.0,0.0,A01
201400039915,0,30,0,0.0,2.0,7.0,0.0,A01
201400039915,0,99,0,0.0,2.0,2.0,0.0,B01
201400039916,0,33,0,0.0,1.0,7.0,3.0,A01
201400039917,0,7,0,0.0,1.0,1.0,0.0,A01
201400039918,0,10,0,0.0,1.0,8.0,15.0,A01
201400039919,0,33,0,0.0,1.0,1.0,0.0,A01
201400039920,0,30,0,0.0,2.0,1.0,1.0,B01
201400039920,0,7,0,0.0,2.0,2.0,15.0,A01
201400039921,0,33,0,0.0,2.0,3.0,1.0,B01
201400039921,0,7,0,0.0,2.0,2.0,13.0,A01
201400039922,0,33,0,0.0,0.0,0.0,0.0,A01
201400039923,0,10,0,0.0,2.0,7.0,15.0,A01
201400039923,0,31,0,0.0,2.0,1.0,1.0,B01
201400039924,0,7,0,0.0,2.0,7.0,15.0,A01
201400039924,0,33,0,0.0,2.0,0.0,1.0,B01
201400039925,0,7,0,0.0,1.0,2.0,1.0,A01
201400039926,0,1,0,1.0,0.0,2.0,1.0,A01
201400039926,0,7,0,0.0,2.0,8.0,24.0,B01
201400039927,0,7,0,0.0,1.0,1.0,14.0,A01
201400039928,0,30,0,0.0,2.0,3.0,18.0,A01
201400039928,0,7,0,0.0,2.0,5.0,17.0,B01
201400039929,0,32,0,0.0,2.0,0.0,1.0,C01
201400039929,0,7,0,0.0,2.0,8.0,1.0,B01
201400039929,0,7,0,0.0,2.0,0.0,15.0,A01
201400039930,0,7,0,0.0,2.0,7.0,16.0,A01
201400039930,0,1,0,0.0,2.0,8.0,1.0,B01
201400039931,0,31,0,0.0,2.0,1.0,1.0,B01
201400039931,0,7,0,0.0,2.0,6.0,10.0,A01
201400039932,0,33,0,0.0,1.0,0.0,1.0,A01
201400039933,0,1,0,0.0,2.0,1.0,1.0,A01
201400039933,1,7,0,0.0,2.0,6.0,15.0,Z01
201400039934,0,7,0,0.0,2.0,7.0,15.0,A01
201400039934,0,32,0,0.0,2.0,1.0,1.0,B01
201400039935,0,33,0,1.0,0.0,0.0,1.0,A01
201400039936,0,7,0,0.0,2.0,8.0,9.0,A01
201400039936,0,30,0,0.0,2.0,1.0,1.0,B01
201400039937,0,30,0,0.0,0.0,0.0,1.0,A01
201400039938,1,7,0,,,,,Z02
201400039938,0,31,0,0.0,2.0,0.0,1.0,A01
201400039939,0,7,0,0.0,1.0,1.0,15.0,A01
201400039940,0,14,0,0.0,1.0,4.0,4.0,A01
201400039941,0,7,0,0.0,1.0,2.0,16.0,A01
201400039942,0,32,0,0.0,0.0,0.0,1.0,A01
201400039943,0,33,0,0.0,1.0,1.0,1.0,A01
201400039944,0,34,0,0.0,2.0,4.0,15.0,B01
201400039944,0,10,0,0.0,2.0,1.0,15.0,A01
201400039945,0,30,0,0.0,1.0,1.0,17.0,A01
201400039946,0,31,0,0.0,0.0,0.0,0.0,A01
201400039947,1,7,0,0.0,1.0,0.0,0.0,Z01
201400039948,0,1,0,0.0,1.0,1.0,1.0,A01
201400039949,0,33,0,0.0,1.0,1.0,3.0,A01
201400039950,0,7,0,0.0,2.0,1.0,2.0,A01
201400039950,0,7,0,0.0,2.0,4.0,23.0,B01
201400039951,0,7,0,0.0,1.0,3.0,14.0,A01
201400039952,0,7,0,0.0,2.0,2.0,15.0,A01
201400039952,0,33,0,0.0,2.0,1.0,1.0,B01
201400039953,0,30,0,0.0,2.0,5.0,1.0,B01
201400039953,0,15,0,0.0,2.0,6.0,16.0,A01
201400039954,0,7,0,0.0,2.0,3.0,1.0,A01
201400039954,0,7,0,0.0,2.0,1.0,15.0,B01
201400039955,1,7,0,0.0,1.0,0.0,4.0,Z01
201400039956,0,33,0,1.0,0.0,9.0,1.0,A01
201400039957,0,30,0,0.0,1.0,1.0,1.0,A01
201400039958,0,7,0,0.0,2.0,2.0,1.0,A01
201400039958,0,33,0,0.0,2.0,6.0,1.0,B01
201400039959,0,15,0,1.0,0.0,7.0,17.0,B01
201400039959,0,10,0,0.0,2.0,6.0,22.0,A01
201400039960,0,7,0,1.0,0.0,1.0,1.0,A01
201400039961,0,30,0,0.0,1.0,0.0,1.0,A01
201400039962,0,30,0,0.0,2.0,8.0,0.0,B01
201400039962,0,7,0,0.0,2.0,1.0,0.0,A01
201400039963,0,1,0,0.0,2.0,0.0,0.0,B01
201400039963,0,7,0,0.0,9.0,2.0,0.0,A01
201400039964,0,7,0,0.0,2.0,1.0,1.0,A01
201400039964,0,7,0,0.0,0.0,4.0,1.0,C01
201400039964,0,7,0,0.0,2.0,4.0,1.0,B01
201400039965,0,31,0,0.0,2.0,6.0,1.0,B01
201400039965,0,7,0,0.0,2.0,1.0,15.0,A01
201400039966,0,7,0,0.0,2.0,4.0,1.0,B01
201400039966,0,30,0,0.0,2.0,3.0,1.0,A01
201400039967,0,13,0,0.0,1.0,1.0,1.0,A01
201400039968,0,2,0,0.0,0.0,0.0,1.0,A01
201400039969,0,7,0,0.0,1.0,1.0,15.0,A01
201400039970,0,7,0,0.0,1.0,1.0,1.0,A01
201400039971,0,34,0,0.0,2.0,3.0,1.0,B01
201400039971,0,7,0,0.0,0.0,2.0,1.0,A01
201400039972,0,7,0,0.0,2.0,1.0,1.0,A01
201400039972,0,7,0,0.0,2.0,3.0,1.0,B01
201400039973,0,7,0,0.0,1.0,8.0,1.0,A01
201400039974,0,7,0,0.0,2.0,7.0,1.0,A01
201400039974,0,7,0,0.0,2.0,1.0,1.0,B01
201400039975,0,30,0,0.0,2.0,1.0,1.0,B01
201400039975,0,7,0,0.0,2.0,1.0,15.0,A01
201400039976,0,33,0,0.0,1.0,6.0,1.0,A01
201400039977,0,32,0,0.0,1.0,1.0,1.0,A01
201400039978,0,34,0,0.0,2.0,1.0,1.0,B01
201400039978,0,7,0,0.0,2.0,1.0,15.0,A01
201400039979,0,7,0,0.0,1.0,0.0,11.0,A01
201400039980,1,7,0,0.0,2.0,0.0,0.0,Z01
201400039980,0,32,0,0.0,2.0,7.0,17.0,A01
201400039981,0,7,0,0.0,2.0,2.0,15.0,A01
201400039981,0,31,0,0.0,2.0,1.0,1.0,B01
201400039982,0,7,0,0.0,1.0,7.0,1.0,A01
201400039983,0,7,0,0.0,2.0,3.0,1.0,B01
201400039983,0,7,0,0.0,2.0,5.0,16.0,A01
201400039984,0,30,0,0.0,2.0,4.0,23.0,B01
201400039984,0,2,0,0.0,2.0,1.0,1.0,A01
201400039985,0,10,0,0.0,2.0,2.0,1.0,A01
201400039985,0,7,0,0.0,2.0,3.0,15.0,B01
201400039986,0,7,0,0.0,2.0,4.0,2.0,B01
201400039986,0,7,0,0.0,2.0,1.0,2.0,A01
201400039987,0,7,0,0.0,1.0,7.0,1.0,A01
201400039988,0,32,0,0.0,0.0,0.0,0.0,A01
201400039989,0,7,0,0.0,1.0,3.0,1.0,A01
201400039990,0,34,0,0.0,1.0,1.0,1.0,A01
201400039991,0,1,0,1.0,0.0,0.0,0.0,A01
201400039992,0,1,0,0.0,0.0,2.0,14.0,A01
201400039993,0,7,0,0.0,1.0,1.0,1.0,A01
201400039994,0,33,0,15.0,0.0,0.0,1.0,A01
201400039995,0,30,0,4.0,0.0,1.0,1.0,A01
201400039996,0,14,0,0.0,2.0,2.0,9.0,A01
201400039996,0,32,0,0.0,2.0,8.0,15.0,B01
201400039997,0,2,0,0.0,2.0,2.0,17.0,B01
201400039997,0,7,0,0.0,2.0,3.0,15.0,A01
201400039998,0,7,0,0.0,1.0,8.0,1.0,A01
201400039999,0,7,0,0.0,1.0,3.0,1.0,A01
201400040000,0,7,0,0.0,2.0,1.0,15.0,A01
201400040000,0,32,0,0.0,2.0,1.0,1.0,B01
201400040001,0,7,0,0.0,2.0,8.0,9.0,B01
201400040001,0,33,0,12.0,2.0,2.0,14.0,A01
201400040002,0,7,0,0.0,1.0,2.0,1.0,A01
201400040003,0,30,0,0.0,0.0,1.0,0.0,A01
201400040004,0,7,0,0.0,1.0,3.0,1.0,A01
201400040005,0,33,0,0.0,0.0,0.0,0.0,A01
201400040006,0,30,0,0.0,1.0,1.0,1.0,A01
201400040007,0,7,0,0.0,2.0,2.0,15.0,A01
201400040007,0,33,0,0.0,2.0,1.0,1.0,B01
201400040008,0,2,0,0.0,0.0,0.0,0.0,A01
201400040009,0,1,0,0.0,9.0,0.0,0.0,A01
201400040010,0,30,0,0.0,9.0,0.0,16.0,A01
201400040011,0,7,0,0.0,2.0,1.0,15.0,A01
201400040011,0,32,0,0.0,2.0,7.0,1.0,B01
201400040012,0,7,0,0.0,1.0,2.0,1.0,A01
201400040013,0,7,0,0.0,2.0,3.0,11.0,A01
201400040013,0,7,0,0.0,2.0,6.0,1.0,B01
201400040014,0,10,0,0.0,2.0,1.0,1.0,B01
201400040014,0,33,0,0.0,2.0,7.0,16.0,A01
201400040015,0,2,0,0.0,1.0,1.0,0.0,A01
201400040016,0,7,0,0.0,2.0,8.0,13.0,A01
201400040016,0,31,0,0.0,2.0,1.0,17.0,B01
201400040017,0,7,0,8.0,0.0,1.0,14.0,A01
201400040018,0,7,0,0.0,2.0,4.0,2.0,B01
201400040018,0,10,0,0.0,2.0,1.0,2.0,A01
201400040019,0,31,0,0.0,0.0,0.0,16.0,A01
201400040020,0,10,0,0.0,1.0,2.0,16.0,A01
201400040021,0,7,0,12.0,0.0,1.0,13.0,A01
201400040022,0,7,0,0.0,2.0,4.0,1.0,B01
201400040022,0,30,0,0.0,2.0,2.0,21.0,A01
201400040023,0,7,0,0.0,2.0,4.0,2.0,C01
201400040023,0,7,0,0.0,2.0,1.0,2.0,A01
201400040023,0,7,0,0.0,2.0,4.0,2.0,B01
201400040024,0,7,0,8.0,0.0,2.0,13.0,A01
201400040025,0,30,0,0.0,0.0,1.0,0.0,A01
201400040026,0,10,0,0.0,2.0,1.0,2.0,A01
201400040026,0,15,0,0.0,2.0,4.0,2.0,B01
201400040027,1,7,0,0.0,1.0,4.0,0.0,Z01
201400040028,0,7,0,4.0,0.0,2.0,0.0,A01
201400040029,0,7,0,0.0,1.0,3.0,16.0,A01
201400040030,0,14,0,0.0,1.0,7.0,15.0,A01
201400040031,0,10,0,0.0,2.0,7.0,16.0,A01
201400040031,0,32,0,0.0,2.0,3.0,18.0,B01
201400040032,0,7,0,0.0,1.0,1.0,1.0,A01
201400040033,0,7,0,0.0,2.0,3.0,9.0,A01
201400040033,0,7,0,0.0,2.0,3.0,21.0,B01
201400040034,0,34,0,0.0,9.0,0.0,14.0,A01
201400040035,0,30,0,0.0,0.0,0.0,0.0,A01
201400040036,0,7,0,2.0,0.0,1.0,0.0,A01
201400040037,0,1,0,1.0,0.0,8.0,13.0,A01
201400040037,1,7,0,0.0,9.0,0.0,24.0,Z01
201400040038,0,2,0,0.0,2.0,1.0,15.0,A01
201400040038,0,30,0,0.0,2.0,1.0,1.0,B01
201400040039,0,34,0,0.0,2.0,2.0,17.0,A01
201400040039,0,10,0,0.0,2.0,6.0,15.0,B01
201400040040,0,32,0,0.0,2.0,3.0,1.0,B01
201400040040,0,7,0,0.0,2.0,5.0,18.0,A01
201400040041,0,14,0,0.0,4.0,3.0,15.0,B01
201400040041,0,39,0,0.0,2.0,1.0,1.0,A01
201400040042,0,10,0,0.0,2.0,1.0,1.0,B01
201400040042,0,7,0,0.0,2.0,7.0,1.0,A01
201400040043,0,10,0,1.0,2.0,1.0,1.0,B01
201400040043,0,10,0,0.0,2.0,2.0,17.0,A01
201400040044,0,7,0,0.0,2.0,3.0,2.0,B01
201400040044,0,7,0,0.0,2.0,2.0,1.0,A01
201400040045,0,7,0,2.0,0.0,0.0,1.0,A01
201400040046,0,34,0,0.0,2.0,4.0,0.0,B01
201400040046,0,7,0,0.0,2.0,1.0,0.0,A01
201400040047,0,7,0,0.0,2.0,3.0,9.0,A01
201400040047,0,32,0,1.0,2.0,1.0,1.0,B01
201400040048,0,31,0,12.0,0.0,2.0,15.0,A01
201400040049,1,14,0,0.0,2.0,8.0,16.0,Z01
201400040049,0,33,0,0.0,2.0,0.0,3.0,A01
201400040050,0,33,0,0.0,2.0,5.0,16.0,A01
201400040050,0,33,0,0.0,2.0,1.0,1.0,B01
201400040051,0,7,0,0.0,2.0,3.0,15.0,A01
201400040051,0,7,0,0.0,2.0,2.0,1.0,B01
201400040052,0,34,0,0.0,2.0,2.0,13.0,B01
201400040052,0,10,0,0.0,2.0,8.0,6.0,A01
201400040053,0,7,0,0.0,2.0,1.0,1.0,B01
201400040053,0,7,0,0.0,2.0,7.0,1.0,A01
201400040054,0,32,0,0.0,2.0,2.0,2.0,A01
201400040054,0,7,0,0.0,2.0,6.0,23.0,B01
201400040055,0,7,0,2.0,0.0,2.0,14.0,A01
201400040056,0,30,0,0.0,1.0,1.0,1.0,A01
201400040057,0,7,0,0.0,1.0,5.0,1.0,A01
201400040058,1,7,0,0.0,1.0,1.0,1.0,Z01
201400040059,0,10,0,0.0,2.0,4.0,1.0,A01
201400040059,1,10,0,0.0,2.0,1.0,2.0,Z01
201400040060,0,7,0,1.0,2.0,1.0,1.0,B01
201400040060,0,33,0,1.0,2.0,7.0,1.0,A01
201400040061,0,7,0,0.0,1.0,3.0,9.0,A01
201400040062,0,7,0,0.0,2.0,1.0,2.0,A01
201400040062,0,7,0,0.0,2.0,4.0,2.0,B01
201400040063,0,32,0,14.0,2.0,0.0,14.0,A01
201400040064,0,32,0,0.0,0.0,0.0,0.0,A01
201400040065,0,7,0,0.0,2.0,3.0,15.0,B01
201400040065,0,33,0,0.0,2.0,2.0,3.0,A01
201400040066,0,10,0,0.0,2.0,5.0,16.0,B01
201400040066,0,34,0,0.0,2.0,3.0,18.0,A01
201400040067,0,33,0,0.0,2.0,1.0,1.0,B01
201400040067,0,7,0,0.0,2.0,7.0,15.0,A01
201400040068,0,33,0,0.0,2.0,6.0,1.0,B01
201400040068,0,7,0,0.0,2.0,3.0,15.0,A01
201400040069,0,33,0,0.0,2.0,1.0,2.0,A01
201400040069,0,7,0,0.0,2.0,5.0,1.0,B01
201400040070,0,10,0,0.0,0.0,0.0,1.0,B01
201400040070,0,2,0,12.0,2.0,2.0,14.0,A01
201400040071,0,30,0,0.0,0.0,0.0,0.0,A01
201400040072,0,7,0,0.0,2.0,6.0,1.0,C01
201400040072,0,7,0,0.0,1.0,1.0,21.0,A01
201400040073,0,7,0,0.0,1.0,1.0,1.0,A01
201400040074,0,7,0,0.0,2.0,1.0,1.0,B01
201400040074,0,10,0,0.0,2.0,5.0,15.0,A01
201400040075,0,7,0,0.0,1.0,0.0,16.0,A01
201400040076,0,7,0,0.0,1.0,1.0,1.0,A01
201400040077,0,10,0,0.0,2.0,4.0,23.0,B01
201400040077,0,32,0,0.0,2.0,1.0,2.0,A01
201400040078,0,32,0,0.0,1.0,0.0,21.0,A01
201400040079,0,30,0,0.0,2.0,1.0,14.0,A01
201400040079,0,7,0,0.0,2.0,2.0,15.0,B01
201400040080,0,7,0,11.0,0.0,3.0,12.0,A01
201400040081,0,33,0,0.0,2.0,7.0,1.0,B01
201400040081,1,7,0,0.0,2.0,1.0,16.0,A01
201400040082,0,7,0,0.0,2.0,1.0,15.0,A01
201400040082,0,31,0,0.0,2.0,1.0,1.0,B01
201400040083,0,7,0,0.0,2.0,3.0,15.0,A01
201400040083,0,32,0,1.0,2.0,1.0,1.0,B01
201400040084,0,34,0,0.0,1.0,1.0,1.0,A01
201400040085,0,7,0,0.0,2.0,3.0,15.0,A01
201400040085,0,33,0,0.0,2.0,1.0,17.0,B01
201400040086,0,30,0,0.0,1.0,1.0,1.0,A01
201400040087,0,7,0,0.0,2.0,3.0,15.0,A01
201400040087,0,32,0,1.0,2.0,7.0,1.0,B01
201400040088,0,7,0,0.0,2.0,0.0,12.0,A01
201400040088,0,31,0,0.0,2.0,7.0,1.0,B01
201400040089,0,7,0,0.0,2.0,4.0,23.0,B01
201400040089,0,7,0,0.0,2.0,1.0,1.0,A01
201400040090,0,7,0,0.0,1.0,1.0,1.0,A01
201400040091,0,31,0,0.0,2.0,1.0,1.0,A01
201400040091,0,7,0,0.0,2.0,4.0,1.0,B01
201400040092,0,7,0,0.0,1.0,1.0,1.0,A01
201400040093,0,31,0,8.0,2.0,7.0,19.0,A01
201400040093,0,7,0,0.0,2.0,3.0,1.0,B01
201400040094,0,7,0,0.0,1.0,2.0,16.0,A01
201400040095,0,10,0,0.0,2.0,3.0,1.0,B01
201400040095,0,7,0,0.0,2.0,3.0,13.0,A01
201400040096,0,33,0,0.0,2.0,1.0,1.0,B01
201400040096,0,7,0,0.0,2.0,2.0,15.0,A01
201400040097,0,31,0,0.0,0.0,7.0,1.0,A01
201400040098,0,2,0,0.0,0.0,2.0,1.0,A01
201400040099,0,2,0,0.0,1.0,2.0,1.0,A01
201400040100,0,7,0,14.0,0.0,1.0,9.0,A01
201400040101,0,30,0,0.0,2.0,1.0,1.0,B01
201400040101,0,7,0,0.0,2.0,7.0,15.0,A01
201400040102,0,7,0,0.0,1.0,2.0,9.0,A01
201400040103,0,37,1,0.0,2.0,0.0,0.0,B01
201400040103,0,7,0,0.0,2.0,2.0,17.0,A01
201400040104,0,34,0,0.0,2.0,1.0,15.0,A01
201400040104,0,7,0,0.0,2.0,3.0,0.0,B01
201400040105,0,33,0,0.0,9.0,8.0,13.0,A01
201400040106,0,34,0,0.0,2.0,1.0,1.0,A01
201400040106,0,7,0,0.0,2.0,4.0,1.0,B01
201400040107,0,7,0,0.0,2.0,3.0,20.0,B01
201400040107,0,7,0,0.0,2.0,6.0,24.0,C01
201400040107,0,33,0,1.0,2.0,1.0,1.0,A01
201400040108,0,7,0,0.0,2.0,2.0,15.0,A01
201400040108,0,32,0,0.0,2.0,3.0,1.0,B01
201400040109,0,7,0,0.0,2.0,4.0,1.0,B01
201400040109,0,7,0,0.0,2.0,1.0,1.0,A01
201400040110,0,1,0,1.0,0.0,1.0,1.0,A01
201400040110,0,7,0,0.0,2.0,8.0,22.0,B01
201400040111,0,34,0,0.0,2.0,2.0,2.0,A01
201400040111,0,7,0,0.0,2.0,3.0,15.0,B01
201400040112,0,7,0,0.0,2.0,6.0,0.0,A01
201400040112,0,33,0,0.0,2.0,2.0,0.0,B01
201400040113,0,7,0,0.0,2.0,1.0,0.0,A01
201400040113,0,30,0,0.0,2.0,4.0,0.0,B01
201400040113,0,7,0,0.0,2.0,8.0,0.0,C01
201400040114,0,7,0,0.0,1.0,1.0,1.0,A01
201400040115,0,31,0,0.0,2.0,1.0,1.0,B01
201400040115,1,7,0,0.0,2.0,0.0,15.0,A01
201400040116,0,32,0,0.0,0.0,7.0,5.0,A01
201400040117,0,7,0,0.0,1.0,1.0,1.0,A01
201400040118,0,33,0,0.0,2.0,1.0,5.0,A01
201400040118,0,7,0,0.0,2.0,1.0,17.0,B01
201400040119,0,7,0,0.0,1.0,1.0,1.0,A01
201400040120,0,7,0,0.0,1.0,1.0,1.0,A01
201400040121,0,7,0,0.0,1.0,3.0,1.0,A01
201400040122,0,1,0,12.0,0.0,1.0,16.0,A01
201400040123,0,7,0,0.0,2.0,7.0,9.0,A01
201400040123,1,30,0,0.0,2.0,7.0,1.0,B01
201400040124,0,7,0,0.0,1.0,1.0,1.0,A01
201400040125,0,14,0,0.0,2.0,1.0,1.0,A01
201400040125,0,31,0,0.0,2.0,4.0,2.0,B01
201400040126,0,33,0,0.0,2.0,1.0,1.0,A01
201400040126,0,10,0,0.0,2.0,8.0,10.0,B01
201400040127,0,2,0,0.0,9.0,2.0,1.0,A01
201400040128,0,7,0,1.0,0.0,7.0,1.0,A01
201400040129,0,7,0,0.0,1.0,2.0,0.0,A01
201400040130,0,7,0,0.0,2.0,9.0,2.0,B01
201400040130,0,7,0,0.0,2.0,4.0,2.0,D01
201400040130,0,7,0,0.0,2.0,9.0,2.0,C01
201400040130,0,10,0,0.0,2.0,1.0,2.0,A01
201400040131,0,7,0,0.0,1.0,1.0,1.0,A01
201400040132,0,7,0,0.0,2.0,5.0,16.0,A01
201400040132,0,1,0,0.0,2.0,1.0,1.0,B01
201400040133,0,7,0,0.0,1.0,4.0,4.0,A01
201400040134,0,10,0,0.0,1.0,7.0,1.0,A01