Num_Acc,senc,catv,occutc,obs,obsm,choc,manv,num_veh
201400040134,1,31,0,0.0,2.0,7.0,23.0,B01
201400040135,0,37,0,0.0,2.0,3.0,9.0,A01
201400040135,1,10,0,0.0,2.0,0.0,1.0,B01
201400040136,0,7,0,0.0,1.0,3.0,1.0,A01
201400040137,0,7,0,0.0,1.0,1.0,1.0,A01
201400040138,0,1,0,0.0,2.0,0.0,1.0,B01
201400040138,0,7,0,0.0,2.0,8.0,2.0,A01
201400040139,0,32,0,0.0,2.0,1.0,17.0,A01
201400040139,0,7,0,0.0,2.0,3.0,15.0,B01
201400040140,0,7,0,0.0,2.0,2.0,24.0,B01
201400040140,0,7,0,0.0,2.0,0.0,1.0,C01
201400040140,0,1,0,1.0,2.0,0.0,1.0,A01
201400040141,0,1,0,0.0,0.0,1.0,1.0,A01
201400040142,0,7,0,0.0,2.0,1.0,1.0,B01
201400040142,0,1,0,0.0,2.0,7.0,1.0,A01
201400040143,0,7,0,0.0,1.0,2.0,15.0,A01
201400040144,0,15,0,0.0,2.0,6.0,24.0,B01
201400040144,0,32,0,0.0,2.0,1.0,1.0,A01
201400040145,0,10,0,0.0,1.0,4.0,4.0,A01
201400040146,0,7,0,0.0,2.0,7.0,16.0,A01
201400040146,0,32,0,0.0,2.0,3.0,17.0,B01
201400040147,0,30,0,0.0,0.0,1.0,1.0,A01
201400040148,0,30,0,0.0,2.0,1.0,1.0,B01
201400040148,0,7,0,0.0,2.0,2.0,16.0,A01
201400040149,0,33,0,0.0,1.0,1.0,15.0,A01
201400040150,0,7,0,0.0,2.0,2.0,15.0,A01
201400040150,0,2,0,0.0,2.0,1.0,1.0,B01
201400040151,0,1,0,0.0,2.0,1.0,1.0,A01
201400040151,0,7,0,0.0,2.0,4.0,1.0,B01
201400040152,0,7,0,0.0,1.0,1.0,1.0,A01
201400040153,0,7,0,0.0,2.0,8.0,24.0,A01
201400040153,0,1,0,1.0,0.0,1.0,1.0,B01
201400040154,0,7,0,0.0,2.0,3.0,9.0,A01
201400040154,0,33,0,1.0,2.0,8.0,1.0,B01
201400040155,0,31,0,0.0,2.0,1.0,2.0,A01
201400040155,0,7,0,0.0,2.0,4.0,20.0,B01
201400040156,0,7,0,0.0,1.0,4.0,4.0,A01
201400040157,0,7,0,0.0,2.0,8.0,16.0,A01
201400040157,0,1,0,0.0,2.0,5.0,1.0,B01
201400040158,0,33,0,0.0,2.0,1.0,1.0,B01
201400040158,0,7,0,0.0,2.0,8.0,10.0,A01
201400040159,0,10,0,0.0,1.0,1.0,1.0,A01
201400040160,0,7,0,0.0,2.0,2.0,1.0,A01
201400040160,0,7,0,0.0,2.0,6.0,16.0,B01
201400040161,0,7,0,0.0,1.0,1.0,1.0,A01
201400040162,0,31,0,0.0,1.0,1.0,1.0,A01
201400040163,0,2,0,0.0,0.0,0.0,1.0,A01
201400040164,0,7,0,0.0,2.0,4.0,2.0,D01
201400040164,0,7,0,0.0,2.0,2.0,9.0,B01
201400040164,0,10,0,0.0,2.0,8.0,2.0,C01
201400040164,0,7,0,0.0,2.0,7.0,1.0,A01
201400040165,0,7,0,0.0,2.0,3.0,1.0,B01
201400040165,0,7,0,0.0,2.0,2.0,1.0,A01
201400040166,1,7,0,0.0,2.0,8.0,10.0,B01
201400040166,0,33,0,0.0,2.0,1.0,1.0,A01
201400040167,0,7,0,0.0,2.0,3.0,15.0,B01
201400040167,0,33,0,0.0,2.0,1.0,1.0,A01
201400040167,0,7,0,0.0,2.0,8.0,1.0,C01
201400040168,0,33,0,8.0,0.0,1.0,1.0,B01
201400040168,0,10,0,0.0,0.0,0.0,15.0,A01
201400040169,0,2,0,0.0,2.0,1.0,1.0,A01
201400040169,0,7,0,0.0,0.0,3.0,15.0,B01
201400040170,0,7,0,0.0,1.0,3.0,1.0,A01
201400040171,0,7,0,0.0,2.0,8.0,15.0,A01
201400040171,0,33,0,0.0,2.0,7.0,1.0,B01
201400040172,0,33,0,8.0,2.0,1.0,1.0,B01
201400040172,0,7,0,0.0,2.0,2.0,16.0,A01
201400040173,0,33,0,0.0,2.0,1.0,1.0,B01
201400040173,0,7,0,0.0,2.0,1.0,15.0,A01
201400040174,0,7,0,0.0,0.0,0.0,12.0,A01
201400040174,0,2,0,0.0,0.0,0.0,1.0,B01
201400040175,0,10,0,0.0,2.0,1.0,1.0,A01
201400040175,0,7,0,0.0,2.0,4.0,23.0,B01
201400040176,0,32,0,1.0,0.0,7.0,1.0,A01
201400040177,0,10,0,0.0,2.0,4.0,23.0,B01
201400040177,0,7,0,0.0,2.0,1.0,1.0,A01
201400040178,0,31,0,0.0,2.0,1.0,1.0,A01
201400040178,0,7,0,0.0,2.0,8.0,1.0,B01
201400040179,0,10,0,0.0,1.0,1.0,16.0,A01
201400040180,1,7,0,0.0,1.0,0.0,0.0,Z01
201400040181,0,10,0,0.0,1.0,4.0,4.0,A01
201400040182,0,7,0,0.0,2.0,7.0,1.0,B01
201400040182,0,31,0,0.0,2.0,1.0,1.0,A01
201400040183,0,31,0,0.0,0.0,8.0,1.0,A01
201400040184,0,7,0,0.0,2.0,4.0,10.0,A01
201400040184,0,7,0,0.0,2.0,1.0,1.0,B01
201400040185,0,13,0,0.0,1.0,8.0,15.0,A01
201400040186,0,7,0,0.0,1.0,3.0,17.0,A01
201400040187,0,31,0,0.0,2.0,1.0,1.0,B01
201400040187,0,10,0,0.0,2.0,6.0,10.0,A01
201400040188,0,7,0,0.0,1.0,1.0,0.0,A01
201400040189,0,7,0,0.0,2.0,3.0,15.0,A01
201400040189,0,13,0,0.0,2.0,3.0,1.0,B01
201400040190,0,7,0,0.0,1.0,1.0,15.0,A01
201400040191,0,32,0,0.0,1.0,1.0,1.0,A01
201400040192,0,7,0,0.0,0.0,1.0,1.0,A01
201400040192,0,7,0,0.0,2.0,3.0,1.0,B01
201400040193,0,7,0,8.0,0.0,1.0,0.0,A01
201400040194,0,37,10,0.0,1.0,2.0,19.0,A01
201400040195,0,7,0,0.0,1.0,1.0,15.0,A01
201400040196,0,2,0,0.0,2.0,1.0,1.0,B01
201400040196,0,7,0,0.0,2.0,1.0,15.0,A01
201400040197,0,7,0,0.0,2.0,7.0,1.0,B01
201400040197,0,34,0,0.0,2.0,1.0,3.0,A01
201400040198,0,33,0,0.0,1.0,0.0,7.0,A01
201400040199,0,33,0,0.0,1.0,1.0,1.0,A01
201400040200,0,33,0,1.0,0.0,1.0,13.0,A01
201400040201,0,30,0,0.0,2.0,8.0,1.0,A01
201400040201,0,33,0,0.0,2.0,8.0,1.0,B01
201400040202,0,30,0,8.0,0.0,1.0,1.0,A01
201400040203,0,7,0,0.0,1.0,2.0,21.0,A01
201400040204,0,33,0,0.0,1.0,1.0,1.0,A01
201400040205,0,10,0,0.0,0.0,4.0,2.0,B01
201400040205,0,10,0,0.0,0.0,1.0,2.0,A01
201400040206,1,7,0,0.0,1.0,1.0,0.0,A01
201400040207,0,34,0,0.0,1.0,1.0,1.0,A01
201400040208,0,7,0,0.0,0.0,2.0,1.0,A01
201400040208,0,2,0,0.0,0.0,3.0,1.0,B01
201400040209,0,7,0,1.0,1.0,1.0,21.0,A01
201400040209,0,7,0,0.0,2.0,6.0,1.0,B01
201400040210,0,7,0,0.0,2.0,2.0,21.0,A01
201400040210,0,33,0,0.0,2.0,8.0,1.0,B01
201400040211,1,7,0,0.0,1.0,7.0,1.0,A01
201400040212,0,32,0,9.0,0.0,1.0,1.0,A01
201400040213,0,7,0,0.0,1.0,2.0,15.0,A01
201400040214,0,32,0,0.0,2.0,4.0,1.0,B01
201400040214,0,7,0,0.0,2.0,1.0,1.0,A01
201400040215,0,30,0,0.0,2.0,1.0,1.0,B01
201400040215,0,7,0,0.0,2.0,6.0,13.0,A01
201400040216,0,7,0,0.0,1.0,1.0,1.0,A01
201400040217,0,33,0,0.0,0.0,0.0,1.0,A01
201400040218,0,7,0,0.0,2.0,0.0,1.0,A01
201400040218,0,33,0,0.0,2.0,0.0,1.0,B01
201400040219,0,7,0,0.0,1.0,6.0,4.0,A01
201400040220,0,7,0,0.0,1.0,1.0,1.0,A01
201400040221,0,33,0,0.0,0.0,0.0,16.0,A01
201400040222,0,7,0,0.0,2.0,1.0,15.0,B01
201400040222,0,30,0,0.0,2.0,1.0,1.0,A01
201400040223,0,1,0,1.0,0.0,1.0,1.0,B01
201400040223,0,7,0,0.0,9.0,3.0,24.0,A01
201400040224,0,34,0,0.0,1.0,1.0,1.0,A01
201400040225,0,7,0,1.0,0.0,1.0,1.0,A01
201400040225,0,33,0,0.0,2.0,4.0,23.0,B01
201400040226,0,31,0,0.0,2.0,3.0,1.0,A01
201400040226,0,30,0,0.0,2.0,4.0,16.0,B01
201400040227,1,7,0,0.0,9.0,5.0,1.0,A01
201400040227,0,1,0,0.0,2.0,1.0,1.0,B01
201400040228,0,1,0,0.0,2.0,4.0,1.0,B01
201400040228,0,7,0,0.0,9.0,1.0,1.0,A01
201400040229,0,7,0,0.0,1.0,1.0,1.0,A01
201400040230,0,7,0,1.0,0.0,1.0,1.0,A01
201400040231,0,7,0,0.0,2.0,1.0,1.0,B01
201400040231,0,32,0,0.0,2.0,8.0,9.0,A01
201400040232,0,7,0,0.0,1.0,1.0,1.0,A01
201400040233,0,7,0,0.0,1.0,4.0,4.0,A01
201400040234,0,30,0,11.0,0.0,1.0,1.0,A01
201400040235,0,7,0,0.0,2.0,2.0,1.0,A01
201400040236,0,7,0,0.0,1.0,4.0,4.0,A01
201400040237,0,7,0,0.0,1.0,3.0,1.0,A01
201400040238,0,30,0,0.0,0.0,0.0,1.0,A01
201400040239,0,7,0,0.0,2.0,1.0,1.0,B01
201400040239,0,7,0,0.0,2.0,3.0,1.0,A01
201400040240,0,7,0,1.0,2.0,9.0,16.0,A01
201400040240,0,7,0,0.0,2.0,1.0,23.0,C01
201400040240,0,31,0,0.0,2.0,1.0,23.0,B01
201400040240,0,7,0,0.0,2.0,3.0,23.0,F01
201400040241,0,30,0,0.0,0.0,1.0,1.0,A01
201400040242,0,30,0,0.0,9.0,8.0,15.0,A01
201400040243,0,31,0,0.0,2.0,1.0,1.0,B01
201400040243,0,7,0,0.0,2.0,3.0,1.0,A01
201400040244,1,7,0,0.0,9.0,2.0,14.0,A01
201400040244,0,1,0,0.0,2.0,1.0,1.0,B01
201400040245,0,33,0,0.0,0.0,7.0,9.0,A01
201400040246,0,7,0,0.0,1.0,3.0,15.0,A01
201400040247,0,7,0,1.0,0.0,1.0,1.0,A01
201400040247,0,7,0,0.0,2.0,4.0,23.0,B01
201400040248,0,7,0,0.0,2.0,2.0,24.0,B01
201400040248,2,7,0,0.0,2.0,1.0,1.0,A01
201400040249,0,32,0,0.0,9.0,7.0,23.0,A01
201400040250,0,32,0,9.0,0.0,1.0,1.0,A01
201400040251,0,7,0,0.0,1.0,4.0,4.0,A01
201400040252,0,30,0,9.0,0.0,7.0,17.0,A01
201400040253,1,30,0,0.0,1.0,1.0,1.0,A01
201400040254,0,7,0,0.0,2.0,4.0,23.0,A01
201400040254,0,7,0,1.0,0.0,1.0,1.0,B01
201400040255,0,7,0,0.0,1.0,1.0,16.0,A01
201400040256,0,7,0,0.0,1.0,5.0,1.0,A01
201400040257,0,7,0,0.0,2.0,1.0,1.0,B01
201400040257,0,33,0,0.0,2.0,1.0,1.0,A01
201400040258,0,7,0,0.0,2.0,7.0,1.0,A01
201400040258,0,7,0,0.0,2.0,3.0,1.0,B01
201400040259,0,7,0,0.0,1.0,1.0,1.0,A01
201400040260,0,7,0,0.0,1.0,1.0,1.0,A01
201400040261,0,7,0,0.0,2.0,2.0,13.0,A01
201400040261,0,33,0,0.0,2.0,1.0,1.0,B01
201400040262,0,7,0,0.0,1.0,2.0,1.0,A01
201400040263,0,7,0,0.0,1.0,1.0,9.0,A01
201400040264,0,7,0,0.0,2.0,8.0,1.0,B01
201400040264,0,7,0,0.0,2.0,2.0,1.0,A01
201400040265,0,1,0,11.0,0.0,1.0,1.0,A01
201400040266,0,33,0,0.0,0.0,8.0,1.0,A01
201400040267,0,30,0,0.0,2.0,1.0,1.0,A01
201400040267,0,7,0,0.0,2.0,7.0,1.0,B01
201400040268,0,32,0,0.0,1.0,1.0,17.0,A01
201400040269,0,33,0,15.0,0.0,0.0,1.0,A01
201400040270,0,7,0,0.0,1.0,1.0,1.0,A01
201400040271,0,7,0,4.0,0.0,3.0,1.0,A01
201400040272,0,7,0,0.0,1.0,6.0,4.0,A01
201400040273,0,30,0,11.0,0.0,1.0,1.0,A01
201400040274,0,7,0,5.0,0.0,1.0,1.0,A01
201400040275,0,30,0,3.0,0.0,7.0,1.0,A01
201400040276,0,7,0,0.0,1.0,1.0,1.0,A01
201400040277,0,7,0,0.0,2.0,1.0,1.0,B01
201400040277,0,7,0,0.0,2.0,7.0,9.0,A01
201400040278,1,7,0,0.0,0.0,0.0,1.0,Z01
201400040278,0,32,0,0.0,1.0,0.0,1.0,A01
201400040279,0,7,0,0.0,0.0,7.0,1.0,A01
201400040280,0,1,0,0.0,2.0,1.0,17.0,B01
201400040280,0,10,0,0.0,2.0,8.0,9.0,A01
201400040281,0,2,0,8.0,0.0,0.0,1.0,A01
201400040282,0,1,0,0.0,1.0,1.0,1.0,A01
201400040283,0,32,0,0.0,0.0,7.0,1.0,A01
201400040284,0,7,0,0.0,2.0,8.0,4.0,A01
201400040284,0,7,0,0.0,2.0,3.0,1.0,B01
201400040285,0,7,0,0.0,1.0,7.0,1.0,A01
201400040286,0,7,0,0.0,1.0,1.0,1.0,A01
201400040287,0,34,0,0.0,2.0,1.0,1.0,B01
201400040287,0,7,0,0.0,2.0,3.0,10.0,A01
201400040287,1,7,0,1.0,0.0,8.0,0.0,C01
201400040288,0,7,0,0.0,1.0,1.0,1.0,A01
201400040289,0,7,0,3.0,0.0,8.0,1.0,A01
201400040290,0,7,0,0.0,2.0,1.0,1.0,A01
201400040290,0,7,0,0.0,2.0,8.0,1.0,B01
201400040291,0,31,0,0.0,0.0,0.0,1.0,A01
201400040292,0,33,0,0.0,0.0,8.0,0.0,A01
201400040293,0,2,0,12.0,0.0,1.0,1.0,A01
201400040294,0,7,0,0.0,1.0,1.0,0.0,A01
201400040295,0,7,0,0.0,2.0,8.0,1.0,B01
201400040295,0,1,0,0.0,2.0,1.0,17.0,A01
201400040296,0,32,0,0.0,0.0,8.0,1.0,A01
201400040297,0,7,0,0.0,1.0,1.0,1.0,A01
201400040298,0,2,0,0.0,2.0,1.0,1.0,B01
201400040298,0,3,0,0.0,2.0,7.0,15.0,A01
201400040299,0,32,0,0.0,2.0,1.0,1.0,B01
201400040299,0,7,0,0.0,2.0,3.0,9.0,A01
201400040300,0,2,0,0.0,0.0,3.0,1.0,A01
201400040301,0,7,0,0.0,1.0,1.0,15.0,A01
201400040302,0,1,0,0.0,2.0,1.0,1.0,B01
201400040302,0,7,0,0.0,2.0,1.0,15.0,A01
201400040303,0,7,0,0.0,1.0,7.0,1.0,A01
201400040304,0,32,0,0.0,0.0,3.0,1.0,A01
201400040305,0,32,0,0.0,0.0,0.0,1.0,A01
201400040306,0,1,0,0.0,2.0,1.0,2.0,A01
201400040306,0,7,0,0.0,2.0,6.0,23.0,B01
201400040307,0,33,0,0.0,2.0,1.0,15.0,B01
201400040307,0,7,0,0.0,2.0,1.0,15.0,A01
201400040308,0,7,0,0.0,1.0,1.0,16.0,A01
201400040309,0,7,0,0.0,2.0,3.0,9.0,A01
201400040309,0,7,0,0.0,2.0,2.0,1.0,B01
201400040310,0,7,0,1.0,2.0,4.0,24.0,B01
201400040310,0,32,0,1.0,0.0,1.0,17.0,A01
201400040311,0,7,0,0.0,1.0,2.0,1.0,A01
201400040312,0,7,0,0.0,1.0,2.0,13.0,A01
201400040313,0,7,0,0.0,1.0,1.0,15.0,A01
201400040314,0,7,0,0.0,1.0,2.0,1.0,A01
201400040315,0,31,0,1.0,0.0,1.0,1.0,A01
201400040316,0,33,0,11.0,2.0,0.0,0.0,B01
201400040316,0,7,0,0.0,2.0,2.0,15.0,A01
201400040317,0,7,0,0.0,2.0,1.0,2.0,A01
201400040317,0,31,0,0.0,0.0,4.0,23.0,B01
201400040318,0,7,0,0.0,1.0,1.0,15.0,A01
201400040319,0,7,0,0.0,2.0,3.0,1.0,A01
201400040319,0,1,0,0.0,2.0,1.0,21.0,Y01
201400040320,0,31,0,0.0,2.0,3.0,1.0,B01
201400040320,0,7,0,0.0,2.0,7.0,10.0,A01
201400040321,0,30,0,1.0,0.0,1.0,1.0,A01
201400040322,0,7,0,0.0,1.0,1.0,15.0,A01
201400040323,0,37,0,0.0,2.0,3.0,1.0,B01
201400040323,0,7,0,0.0,2.0,3.0,13.0,A01
201400040324,0,33,0,0.0,2.0,7.0,1.0,A01
201400040324,0,7,0,0.0,2.0,3.0,15.0,B01
201400040325,0,1,0,0.0,2.0,1.0,1.0,B01
201400040325,0,10,0,0.0,2.0,6.0,4.0,A01
201400040326,0,37,99,0.0,1.0,5.0,1.0,A01
201400040327,0,7,0,6.0,0.0,1.0,1.0,A01
201400040328,0,7,0,0.0,1.0,2.0,1.0,A01
201400040329,0,7,0,0.0,2.0,3.0,1.0,B01
201400040329,0,31,0,0.0,2.0,5.0,16.0,A01
201400040330,0,1,0,0.0,1.0,1.0,1.0,A01
201400040331,0,32,0,0.0,2.0,1.0,1.0,B01
201400040331,0,7,0,0.0,2.0,5.0,15.0,A01
201400040332,0,32,0,0.0,2.0,1.0,1.0,B01
201400040332,0,7,0,0.0,2.0,3.0,10.0,A01
201400040333,0,32,0,0.0,2.0,3.0,1.0,B01
201400040333,0,7,0,0.0,2.0,3.0,15.0,A01
201400040334,0,34,0,0.0,2.0,1.0,1.0,B01
201400040334,0,7,0,0.0,2.0,2.0,15.0,A01
201400040335,0,1,0,0.0,2.0,0.0,19.0,C01
201400040335,0,7,0,0.0,0.0,0.0,15.0,B01
201400040335,2,7,0,0.0,0.0,0.0,15.0,A01
201400040336,0,30,0,0.0,2.0,1.0,7.0,B01
201400040336,0,7,0,0.0,2.0,5.0,20.0,A01
201400040337,0,30,0,0.0,2.0,7.0,17.0,A01
201400040337,0,7,0,0.0,2.0,8.0,15.0,B01
201400040338,0,37,1,0.0,1.0,2.0,7.0,A01
201400040339,0,30,0,0.0,1.0,7.0,21.0,A01
201400040340,0,7,0,0.0,2.0,2.0,15.0,A01
201400040340,0,1,0,0.0,2.0,3.0,15.0,B01
201400040341,0,7,0,0.0,1.0,0.0,0.0,A01
201400040342,0,7,0,0.0,2.0,2.0,9.0,A01
201400040342,0,33,0,4.0,2.0,1.0,1.0,B01
201400040343,0,7,0,0.0,2.0,8.0,10.0,A01
201400040343,0,34,0,0.0,2.0,7.0,1.0,B01
201400040344,1,34,0,0.0,1.0,1.0,1.0,Z01
201400040345,0,10,0,0.0,1.0,2.0,1.0,A01
201400040346,0,7,0,0.0,2.0,2.0,15.0,A01
201400040346,0,34,0,0.0,2.0,1.0,1.0,B01
201400040347,0,1,0,0.0,2.0,8.0,10.0,B01
201400040347,0,33,0,0.0,2.0,1.0,1.0,A01
201400040348,0,33,0,0.0,2.0,1.0,1.0,B01
201400040348,0,7,0,0.0,2.0,2.0,15.0,A01
201400040349,0,20,0,0.0,1.0,1.0,1.0,A01
201400040350,0,10,0,0.0,2.0,4.0,23.0,C01
201400040350,0,10,0,0.0,2.0,4.0,2.0,B01
201400040350,0,7,0,0.0,2.0,1.0,2.0,A01
201400040351,0,30,0,1.0,0.0,7.0,1.0,A01
201400040351,0,10,0,0.0,0.0,6.0,23.0,B01
201400040352,0,7,0,0.0,2.0,1.0,23.0,B01
201400040352,0,7,0,0.0,2.0,4.0,23.0,C01
201400040352,1,7,0,0.0,2.0,1.0,2.0,Z01
201400040353,0,34,0,0.0,0.0,7.0,1.0,A01
201400040354,0,7,0,0.0,2.0,5.0,1.0,A01
201400040354,0,33,0,0.0,2.0,1.0,1.0,B01
201400040355,0,7,0,0.0,0.0,0.0,4.0,A01
201400040355,0,32,0,0.0,0.0,0.0,1.0,B01
201400040356,0,7,0,0.0,2.0,3.0,23.0,A01
201400040356,0,37,1,0.0,2.0,1.0,19.0,B01
201400040357,0,7,0,0.0,2.0,7.0,1.0,A01
201400040357,0,1,0,0.0,2.0,1.0,1.0,B01
201400040358,0,7,0,0.0,2.0,4.0,2.0,B01
201400040358,0,7,0,0.0,2.0,1.0,2.0,A01
201400040359,0,7,0,0.0,2.0,2.0,15.0,A01
201400040359,0,7,0,0.0,2.0,1.0,1.0,B01
201400040360,0,7,0,0.0,1.0,1.0,1.0,A01
201400040361,0,7,0,0.0,2.0,3.0,1.0,B01
201400040361,0,10,0,1.0,2.0,1.0,13.0,A01
201400040362,0,7,0,0.0,1.0,6.0,4.0,A01
201400040363,2,7,0,0.0,1.0,4.0,4.0,A01
201400040364,0,31,0,0.0,2.0,7.0,17.0,B01
201400040364,0,7,0,0.0,2.0,3.0,15.0,A01
201400040365,0,31,0,0.0,1.0,1.0,1.0,A01
201400040366,0,33,0,0.0,2.0,8.0,1.0,B01
201400040366,0,7,0,0.0,2.0,1.0,15.0,A01
201400040367,0,32,0,0.0,2.0,3.0,7.0,B01
201400040367,0,7,0,0.0,2.0,2.0,14.0,A01
201400040368,0,32,0,0.0,1.0,3.0,1.0,A01
201400040369,0,7,0,0.0,2.0,1.0,2.0,A01
201400040369,0,1,0,0.0,2.0,4.0,2.0,B01
201400040370,0,34,0,0.0,2.0,1.0,1.0,B01
201400040370,1,7,0,0.0,2.0,1.0,15.0,Z01
201400040371,0,7,0,1.0,2.0,9.0,23.0,C01
201400040371,0,30,0,0.0,2.0,4.0,23.0,B01
201400040371,0,7,0,0.0,0.0,5.0,23.0,A01
201400040371,0,7,0,0.0,2.0,2.0,1.0,E01
201400040372,0,33,0,0.0,2.0,7.0,17.0,A01
201400040372,0,7,0,0.0,2.0,3.0,1.0,B01
201400040373,0,7,0,0.0,1.0,2.0,7.0,A01
201400040374,0,7,0,0.0,2.0,4.0,23.0,A01
201400040374,0,7,0,0.0,2.0,1.0,2.0,B01
201400040375,0,30,0,0.0,0.0,8.0,1.0,A01
201400040376,0,34,0,0.0,1.0,1.0,1.0,A01
201400040377,0,34,0,14.0,0.0,3.0,2.0,A01
201400040378,0,7,0,0.0,2.0,1.0,1.0,A01
201400040378,0,7,0,0.0,1.0,6.0,23.0,B01
201400040379,0,30,0,0.0,2.0,0.0,2.0,A01
201400040379,0,1,0,0.0,2.0,0.0,2.0,B01
201400040380,0,33,0,0.0,2.0,1.0,17.0,B01
201400040380,0,7,0,0.0,2.0,3.0,2.0,A01
201400040381,0,30,0,0.0,2.0,1.0,1.0,A01
201400040382,0,30,0,0.0,2.0,1.0,1.0,A01
201400040382,0,7,0,0.0,2.0,4.0,15.0,B01
201400040383,0,31,0,0.0,0.0,0.0,1.0,A01
201400040384,0,7,0,9.0,0.0,9.0,1.0,A01
201400040384,1,7,0,0.0,2.0,1.0,2.0,Z01
201400040385,0,7,0,0.0,1.0,3.0,9.0,A01
201400040386,0,7,0,0.0,2.0,8.0,9.0,A01
201400040386,0,34,0,0.0,2.0,2.0,1.0,B01
201400040387,0,33,0,0.0,1.0,1.0,1.0,A01
201400040388,0,31,0,0.0,2.0,1.0,2.0,A01
201400040388,0,7,0,0.0,2.0,4.0,2.0,B01
201400040389,0,7,0,0.0,2.0,1.0,2.0,B01
201400040389,0,7,0,0.0,1.0,9.0,23.0,A01
201400040390,0,7,0,0.0,2.0,2.0,24.0,A01
201400040390,0,34,0,1.0,0.0,8.0,1.0,B01
201400040391,0,37,1,0.0,1.0,2.0,1.0,A01
201400040392,0,7,0,0.0,2.0,1.0,1.0,A01
201400040392,0,10,0,0.0,2.0,1.0,1.0,B01
201400040393,0,7,0,0.0,1.0,3.0,1.0,A01
201400040394,0,7,0,0.0,2.0,1.0,1.0,B01
201400040394,0,7,0,0.0,2.0,2.0,1.0,A01
201400040395,0,31,0,0.0,0.0,0.0,7.0,B01
201400040395,0,7,0,0.0,0.0,0.0,1.0,A01
201400040396,0,7,0,0.0,1.0,1.0,1.0,A01
201400040397,0,34,0,8.0,0.0,1.0,15.0,A01
201400040398,0,2,0,0.0,0.0,8.0,1.0,A01
201400040399,0,7,0,0.0,2.0,3.0,24.0,A01
201400040399,0,1,0,1.0,0.0,1.0,1.0,B01
201400040400,0,10,0,0.0,1.0,1.0,15.0,A01
201400040401,0,32,0,0.0,1.0,1.0,1.0,A01
201400040402,0,7,0,0.0,2.0,3.0,15.0,B01
201400040402,0,7,0,0.0,2.0,2.0,16.0,A01
201400040403,0,33,0,0.0,2.0,8.0,1.0,B01
201400040403,0,7,0,0.0,2.0,1.0,9.0,A01
201400040404,0,10,0,0.0,2.0,2.0,1.0,A01
201400040404,0,2,0,0.0,2.0,0.0,1.0,B01
201400040405,0,7,0,0.0,1.0,2.0,15.0,A01
201400040406,0,32,0,0.0,2.0,1.0,1.0,A01
201400040406,0,7,0,0.0,2.0,5.0,15.0,B01
201400040407,0,7,0,0.0,2.0,2.0,15.0,B01
201400040407,0,34,0,0.0,2.0,1.0,2.0,A01
201400040408,0,7,0,0.0,1.0,2.0,1.0,A01
201400040409,0,33,0,0.0,2.0,1.0,1.0,B01
201400040409,0,7,0,0.0,2.0,2.0,15.0,A01
201400040410,0,33,0,0.0,2.0,1.0,1.0,B01
201400040410,0,7,0,0.0,2.0,3.0,15.0,A01
201400040411,0,31,0,0.0,1.0,1.0,2.0,A01
201400040412,0,33,0,0.0,2.0,1.0,1.0,B01
201400040412,0,7,0,0.0,2.0,2.0,15.0,A01
201400040413,0,33,0,0.0,2.0,1.0,21.0,B01
201400040413,0,7,0,0.0,2.0,1.0,15.0,A01
201400040414,0,7,0,0.0,1.0,3.0,2.0,A01
201400040415,0,2,0,0.0,2.0,1.0,17.0,A01
201400040415,0,10,0,0.0,2.0,2.0,9.0,B01
201400040416,0,7,0,1.0,2.0,9.0,0.0,A01
201400040416,0,7,0,0.0,2.0,4.0,23.0,B01
201400040417,0,1,0,0.0,2.0,1.0,1.0,A01
201400040417,0,13,0,0.0,9.0,5.0,16.0,B01
201400040418,0,7,0,0.0,2.0,1.0,15.0,A01
201400040418,0,33,0,0.0,2.0,1.0,1.0,B01
201400040419,0,1,0,1.0,0.0,1.0,1.0,B01
201400040419,0,7,0,0.0,9.0,3.0,22.0,A01
201400040420,0,7,0,0.0,2.0,4.0,23.0,B01
201400040420,0,7,0,0.0,2.0,1.0,1.0,A01
201400040421,0,31,0,0.0,0.0,0.0,14.0,A01
201400040422,0,7,0,0.0,0.0,3.0,0.0,A01
201400040422,0,33,0,0.0,2.0,3.0,17.0,B01
201400040423,0,33,0,13.0,0.0,0.0,1.0,A01
201400040424,0,10,0,0.0,2.0,3.0,15.0,B01
201400040424,0,2,0,0.0,2.0,7.0,2.0,A01
201400040425,0,34,0,1.0,2.0,2.0,17.0,A01
201400040425,0,7,0,0.0,2.0,3.0,15.0,B01
201400040426,0,30,0,0.0,2.0,1.0,1.0,B01
201400040426,0,7,0,0.0,2.0,2.0,20.0,A01
201400040427,0,10,0,0.0,2.0,1.0,1.0,A01
201400040427,0,7,0,0.0,2.0,4.0,15.0,B01
201400040428,0,33,0,0.0,0.0,0.0,1.0,A01
201400040429,0,7,0,0.0,2.0,1.0,2.0,A01
201400040429,0,34,0,0.0,2.0,4.0,2.0,B01
201400040430,0,10,0,0.0,1.0,5.0,4.0,A01
201400040431,0,34,0,0.0,2.0,7.0,2.0,B01
201400040431,0,7,0,0.0,2.0,3.0,10.0,A01
201400040432,0,31,0,0.0,1.0,1.0,1.0,A01
201400040433,0,7,0,0.0,2.0,2.0,23.0,B01
201400040433,0,30,0,0.0,2.0,1.0,1.0,A01