Num_Acc,senc,catv,occutc,obs,obsm,choc,manv,num_veh
201400040434,0,7,0,0.0,2.0,3.0,15.0,B01
201400040434,0,30,0,0.0,2.0,3.0,1.0,A01
201400040435,0,7,0,0.0,1.0,1.0,15.0,A01
201400040436,0,7,0,0.0,2.0,5.0,1.0,B01
201400040436,0,33,0,0.0,2.0,1.0,1.0,A01
201400040437,0,7,0,0.0,2.0,1.0,1.0,A01
201400040437,0,31,0,0.0,2.0,4.0,15.0,B01
201400040438,0,1,0,1.0,0.0,0.0,1.0,B01
201400040438,0,7,0,0.0,9.0,7.0,22.0,A01
201400040439,0,33,0,0.0,2.0,1.0,1.0,A01
201400040439,0,30,0,0.0,2.0,8.0,10.0,B01
201400040440,0,7,0,0.0,1.0,3.0,1.0,A01
201400040441,0,30,0,0.0,1.0,1.0,1.0,A01
201400040442,0,7,0,0.0,2.0,1.0,13.0,A01
201400040442,0,14,0,0.0,2.0,1.0,1.0,B01
201400040443,0,7,0,0.0,1.0,3.0,1.0,A01
201400040444,0,34,0,0.0,1.0,2.0,1.0,A01
201400040445,0,40,0,0.0,1.0,2.0,1.0,A01
201400040446,0,32,0,0.0,1.0,1.0,1.0,A01
201400040447,2,30,0,0.0,1.0,1.0,1.0,A01
201400040448,0,7,0,0.0,1.0,2.0,9.0,A01
201400040449,0,10,0,0.0,1.0,1.0,1.0,A01
201400040450,0,33,0,0.0,2.0,6.0,18.0,A01
201400040450,0,37,1,0.0,2.0,5.0,9.0,B01
201400040451,0,31,0,0.0,2.0,1.0,17.0,A01
201400040451,0,7,0,0.0,2.0,8.0,13.0,B01
201400040452,0,7,0,0.0,1.0,1.0,1.0,A01
201400040453,0,7,0,0.0,1.0,3.0,9.0,A01
201400040454,0,33,0,8.0,0.0,1.0,1.0,A01
201400040455,0,7,0,0.0,1.0,7.0,1.0,A01
201400040456,0,30,0,0.0,2.0,2.0,17.0,B01
201400040456,0,13,0,0.0,2.0,3.0,15.0,A01
201400040457,0,7,0,0.0,2.0,4.0,2.0,B01
201400040457,0,7,0,0.0,2.0,1.0,2.0,A01
201400040458,0,30,0,0.0,2.0,1.0,15.0,A01
201400040458,0,10,0,0.0,2.0,1.0,1.0,B01
201400040459,0,37,1,0.0,2.0,8.0,1.0,C01
201400040459,0,10,0,0.0,2.0,3.0,11.0,A01
201400040459,0,32,0,0.0,2.0,0.0,21.0,B01
201400040460,0,33,0,0.0,1.0,1.0,2.0,A01
201400040461,1,2,0,0.0,1.0,1.0,2.0,Z01
201400040462,0,7,0,0.0,0.0,4.0,2.0,C01
201400040462,0,14,0,0.0,2.0,1.0,2.0,A01
201400040462,0,7,0,0.0,2.0,1.0,2.0,B01
201400040463,0,7,0,0.0,2.0,3.0,20.0,A01
201400040463,0,7,0,1.0,2.0,1.0,1.0,B01
201400040464,0,7,0,0.0,2.0,3.0,15.0,A01
201400040464,0,32,0,0.0,2.0,7.0,1.0,B01
201400040465,0,1,0,0.0,2.0,1.0,0.0,A01
201400040465,0,33,0,0.0,2.0,1.0,1.0,B01
201400040466,0,1,0,0.0,2.0,1.0,1.0,B01
201400040466,0,7,0,0.0,2.0,3.0,1.0,A01
201400040467,0,2,0,0.0,2.0,2.0,16.0,A01
201400040468,0,33,0,0.0,0.0,8.0,0.0,B01
201400040468,1,7,0,0.0,2.0,0.0,0.0,Z01
201400040469,0,7,0,0.0,2.0,1.0,1.0,B01
201400040469,0,2,0,0.0,2.0,8.0,1.0,A01
201400040470,0,7,0,0.0,2.0,1.0,2.0,A01
201400040470,0,7,0,0.0,0.0,4.0,2.0,B01
201400040471,0,7,0,0.0,2.0,1.0,0.0,B01
201400040471,0,31,0,0.0,2.0,1.0,0.0,A01
201400040472,0,7,0,0.0,1.0,7.0,0.0,A01
201400040473,0,7,0,0.0,1.0,1.0,0.0,A01
201400040474,0,7,0,0.0,2.0,4.0,1.0,B01
201400040474,0,32,0,0.0,2.0,1.0,1.0,A01
201400040475,1,30,0,0.0,0.0,0.0,0.0,Z01
201400040475,0,7,0,0.0,9.0,1.0,21.0,B01
201400040476,0,33,0,0.0,2.0,1.0,0.0,B01
201400040476,0,7,0,0.0,9.0,6.0,0.0,A01
201400040477,0,7,0,0.0,2.0,7.0,1.0,B01
201400040477,0,7,0,0.0,2.0,1.0,1.0,A01
201400040478,2,99,0,0.0,2.0,0.0,0.0,Z01
201400040478,0,37,1,0.0,0.0,0.0,0.0,B01
201400040479,0,7,0,0.0,1.0,0.0,0.0,A01
201400040480,0,7,0,0.0,0.0,4.0,0.0,B01
201400040480,1,30,0,0.0,2.0,1.0,1.0,Z01
201400040481,0,7,0,6.0,0.0,1.0,0.0,A01
201400040482,0,7,0,0.0,9.0,2.0,0.0,A01
201400040483,0,32,0,0.0,0.0,7.0,1.0,A01
201400040484,0,7,0,0.0,2.0,1.0,2.0,A01
201400040484,0,7,0,0.0,2.0,4.0,2.0,B01
201400040485,0,7,0,0.0,2.0,3.0,1.0,B01
201400040485,0,7,0,0.0,2.0,3.0,1.0,C01
201400040485,0,7,0,0.0,2.0,5.0,15.0,A01
201400040486,0,30,0,0.0,1.0,1.0,1.0,A01
201400040487,0,7,0,0.0,2.0,4.0,2.0,B01
201400040487,0,7,0,0.0,2.0,1.0,2.0,A01
201400040488,0,14,0,0.0,2.0,1.0,2.0,A01
201400040488,0,15,0,0.0,2.0,4.0,1.0,B01
201400040489,0,7,0,15.0,0.0,7.0,1.0,A01
201400040490,0,30,0,0.0,0.0,0.0,0.0,A01
201400040491,0,7,0,0.0,2.0,8.0,1.0,A01
201400040491,0,1,0,0.0,2.0,1.0,16.0,B01
201400040492,1,99,0,0.0,1.0,1.0,16.0,Z01
201400040493,1,7,0,0.0,2.0,1.0,0.0,Z01
201400040493,0,2,0,0.0,2.0,1.0,0.0,B01
201400040494,0,30,0,12.0,0.0,7.0,21.0,A01
201400040494,0,7,0,0.0,0.0,0.0,0.0,T01
201400040495,0,7,0,0.0,2.0,3.0,1.0,B01
201400040495,0,7,0,0.0,2.0,1.0,15.0,A01
201400040496,0,1,0,0.0,2.0,8.0,19.0,A01
201400040496,0,33,0,0.0,2.0,1.0,1.0,B01
201400040497,0,7,0,0.0,2.0,3.0,15.0,A01
201400040497,0,7,0,0.0,2.0,7.0,1.0,B01
201400040498,0,7,0,0.0,2.0,2.0,16.0,A01
201400040498,0,1,0,0.0,2.0,1.0,1.0,B01
201400040499,0,7,0,0.0,1.0,4.0,4.0,A01
201400040500,0,1,0,0.0,2.0,7.0,19.0,B01
201400040500,0,10,0,0.0,2.0,2.0,1.0,A01
201400040501,0,14,0,0.0,2.0,7.0,1.0,A01
201400040501,0,10,0,0.0,2.0,3.0,2.0,C01
201400040501,0,10,0,0.0,2.0,3.0,1.0,B01
201400040502,0,7,0,3.0,0.0,9.0,1.0,A01
201400040503,0,7,0,0.0,2.0,2.0,16.0,A01
201400040503,0,1,0,0.0,2.0,1.0,19.0,B01
201400040504,0,7,0,0.0,2.0,7.0,1.0,B01
201400040504,0,7,0,0.0,2.0,1.0,1.0,A01
201400040505,0,7,0,8.0,0.0,2.0,1.0,A01
201400040506,0,37,1,0.0,2.0,1.0,13.0,A01
201400040506,0,7,0,0.0,2.0,2.0,16.0,B01
201400040507,0,7,0,0.0,2.0,2.0,16.0,A01
201400040507,0,32,0,0.0,2.0,8.0,18.0,B01
201400040508,0,33,0,0.0,1.0,8.0,1.0,A01
201400040509,0,7,0,0.0,2.0,1.0,1.0,A01
201400040509,0,1,0,0.0,2.0,7.0,19.0,B01
201400040510,0,1,0,0.0,2.0,1.0,1.0,B01
201400040510,0,7,0,0.0,2.0,5.0,15.0,A01
201400040511,1,7,0,0.0,1.0,1.0,1.0,Z01
201400040512,1,7,0,0.0,2.0,7.0,17.0,Z01
201400040512,0,30,0,0.0,2.0,8.0,15.0,B01
201400040513,0,7,0,0.0,2.0,3.0,1.0,B01
201400040513,0,7,0,0.0,2.0,1.0,1.0,A01
201400040514,0,7,0,0.0,2.0,7.0,1.0,A01
201400040514,0,1,0,0.0,2.0,1.0,1.0,B01
201400040515,0,2,0,0.0,1.0,1.0,1.0,A01
201400040516,0,7,0,0.0,1.0,4.0,4.0,A01
201400040517,0,7,0,0.0,2.0,4.0,2.0,B01
201400040517,0,7,0,0.0,2.0,1.0,1.0,A01
201400040518,0,7,0,0.0,2.0,1.0,15.0,A01
201400040518,0,31,0,0.0,2.0,1.0,17.0,B01
201400040519,0,30,0,0.0,2.0,1.0,17.0,A01
201400040519,0,7,0,0.0,2.0,3.0,15.0,B01
201400040520,0,7,0,0.0,2.0,7.0,1.0,A01
201400040520,0,32,0,0.0,0.0,8.0,1.0,B01
201400040521,0,7,0,0.0,2.0,1.0,0.0,A01
201400040521,0,7,0,0.0,2.0,1.0,23.0,B01
201400040521,0,7,0,0.0,0.0,4.0,0.0,C01
201400040522,0,34,0,0.0,0.0,0.0,0.0,A01
201400040523,0,1,0,0.0,9.0,1.0,0.0,A01
201400040524,0,30,0,0.0,1.0,0.0,1.0,A01
201400040525,0,7,0,0.0,1.0,0.0,0.0,A01
201400040526,0,1,0,12.0,0.0,1.0,1.0,A01
201400040527,0,10,0,0.0,1.0,3.0,1.0,A01
201400040528,0,1,0,0.0,2.0,1.0,1.0,A01
201400040528,0,7,0,0.0,2.0,3.0,1.0,B01
201400040529,0,7,0,0.0,2.0,8.0,13.0,A01
201400040529,0,32,0,0.0,2.0,8.0,1.0,B01
201400040530,0,7,0,0.0,2.0,4.0,11.0,A01
201400040530,0,33,0,0.0,2.0,1.0,1.0,B01
201400040531,0,7,0,0.0,2.0,1.0,15.0,A01
201400040531,0,31,0,0.0,2.0,1.0,1.0,B01
201400040532,0,7,0,0.0,2.0,1.0,2.0,A01
201400040532,0,7,0,0.0,2.0,4.0,1.0,B01
201400040533,0,7,0,0.0,2.0,1.0,2.0,A01
201400040533,0,7,0,0.0,2.0,4.0,2.0,B01
201400040534,0,10,0,0.0,2.0,3.0,4.0,A01
201400040534,0,30,0,0.0,2.0,1.0,1.0,B01
201400040535,0,7,0,0.0,1.0,1.0,1.0,A01
201400040536,0,7,0,0.0,2.0,4.0,1.0,B01
201400040536,0,37,1,0.0,2.0,1.0,1.0,A01
201400040537,0,7,0,1.0,0.0,1.0,1.0,A01
201400040538,0,7,0,0.0,2.0,6.0,15.0,A01
201400040538,0,32,0,0.0,2.0,1.0,2.0,B01
201400040539,0,7,0,0.0,2.0,5.0,15.0,A01
201400040539,0,33,0,0.0,2.0,1.0,1.0,B01
201400040540,0,7,0,0.0,2.0,1.0,1.0,A01
201400040540,0,7,0,0.0,2.0,3.0,15.0,B01
201400040541,0,10,0,6.0,0.0,0.0,1.0,A01
201400040542,0,7,0,3.0,0.0,3.0,0.0,A01
201400040543,0,33,0,8.0,0.0,1.0,1.0,B01
201400040544,0,7,0,0.0,2.0,4.0,1.0,B01
201400040544,0,7,0,0.0,2.0,1.0,1.0,A01
201400040545,0,7,0,0.0,2.0,1.0,1.0,A01
201400040545,0,7,0,0.0,2.0,4.0,1.0,B01
201400040546,0,31,0,0.0,2.0,1.0,1.0,B01
201400040546,0,7,0,0.0,2.0,1.0,15.0,A01
201400040547,0,7,0,0.0,2.0,1.0,0.0,A01
201400040547,0,7,0,0.0,2.0,1.0,1.0,B01
201400040548,0,31,0,0.0,1.0,1.0,3.0,A01
201400040549,0,7,0,0.0,1.0,0.0,0.0,A01
201400040550,0,7,0,0.0,2.0,1.0,1.0,A01
201400040550,0,7,0,0.0,2.0,4.0,1.0,B01
201400040551,0,7,0,0.0,1.0,1.0,20.0,A01
201400040552,1,7,0,0.0,1.0,1.0,0.0,Z01
201400040553,0,1,0,0.0,2.0,1.0,1.0,B01
201400040553,0,7,0,0.0,2.0,2.0,16.0,A01
201400040554,0,7,0,0.0,1.0,0.0,0.0,A01
201400040555,0,7,0,0.0,2.0,8.0,0.0,A01
201400040555,0,33,0,0.0,2.0,7.0,0.0,B01
201400040556,0,38,2,0.0,2.0,5.0,17.0,A01
201400040556,0,37,1,0.0,2.0,3.0,1.0,B01
201400040557,0,31,0,0.0,2.0,1.0,1.0,B01
201400040557,0,7,0,0.0,2.0,2.0,15.0,A01
201400040558,0,30,0,0.0,0.0,0.0,16.0,A01
201400040559,0,7,0,0.0,2.0,1.0,1.0,C01
201400040559,0,7,0,0.0,2.0,6.0,11.0,B01
201400040559,2,7,0,0.0,2.0,1.0,2.0,A01
201400040560,0,31,0,0.0,2.0,1.0,2.0,B01
201400040560,0,7,0,0.0,2.0,4.0,1.0,A01
201400040561,0,30,0,0.0,1.0,8.0,1.0,A01
201400040562,1,7,0,0.0,0.0,0.0,0.0,Z01
201400040562,0,1,0,0.0,0.0,0.0,0.0,A01
201400040563,0,7,0,0.0,2.0,4.0,2.0,B01
201400040563,0,30,0,0.0,2.0,1.0,2.0,A01
201400040564,0,30,0,0.0,2.0,6.0,1.0,B01
201400040564,1,7,0,0.0,2.0,1.0,2.0,Z01
201400040565,0,30,0,0.0,2.0,1.0,1.0,A01
201400040565,0,7,0,0.0,2.0,8.0,15.0,B01
201400040566,0,7,0,0.0,1.0,1.0,1.0,A01
201400040567,0,37,1,0.0,1.0,7.0,16.0,A01
201400040568,0,7,0,0.0,1.0,3.0,15.0,A01
201400040569,0,7,0,0.0,2.0,1.0,0.0,A01
201400040569,0,2,0,0.0,2.0,0.0,0.0,B01
201400040570,0,34,0,1.0,0.0,7.0,0.0,B01
201400040570,0,7,0,0.0,2.0,1.0,15.0,A01
201400040571,0,7,0,0.0,1.0,2.0,0.0,A01
201400040572,0,7,0,0.0,0.0,0.0,0.0,A01
201400040572,0,7,0,0.0,0.0,0.0,0.0,B01
201400040573,0,1,0,0.0,0.0,0.0,0.0,B01
201400040573,1,7,0,0.0,2.0,1.0,0.0,Z01
201400040574,0,32,0,0.0,0.0,0.0,0.0,A01
201400040575,0,7,0,0.0,2.0,1.0,0.0,B01
201400040575,1,7,0,0.0,2.0,1.0,0.0,Z01
201400040576,1,7,0,0.0,1.0,0.0,0.0,Z01
201400040577,0,34,0,0.0,2.0,1.0,0.0,B01
201400040577,0,7,0,0.0,2.0,1.0,0.0,A01
201400040578,0,7,0,0.0,1.0,1.0,16.0,A01
201400040579,0,7,0,0.0,2.0,3.0,10.0,A01
201400040579,0,32,0,0.0,2.0,1.0,1.0,B01
201400040580,0,30,0,0.0,0.0,0.0,0.0,B01
201400040580,0,7,0,0.0,0.0,0.0,0.0,A01
201400040581,0,7,0,0.0,1.0,2.0,15.0,A01
201400040582,0,2,0,0.0,2.0,4.0,2.0,A01
201400040582,1,7,0,0.0,2.0,1.0,2.0,B01
201400040583,0,7,0,12.0,0.0,1.0,0.0,A01
201400040584,0,30,0,0.0,2.0,1.0,7.0,A01
201400040584,0,7,0,0.0,2.0,2.0,16.0,B01
201400040585,1,30,0,0.0,1.0,1.0,1.0,Z01
201400040586,0,30,0,14.0,2.0,7.0,1.0,B01
201400040586,0,7,0,14.0,2.0,3.0,1.0,A01
201400040587,0,30,0,0.0,0.0,0.0,0.0,A01
201400040587,0,7,0,0.0,0.0,0.0,0.0,B01
201400040588,0,37,2,0.0,2.0,3.0,17.0,B01
201400040588,2,7,0,0.0,0.0,0.0,0.0,A01
201400040589,0,7,0,0.0,1.0,1.0,1.0,A01
201400040590,0,32,0,0.0,0.0,1.0,1.0,A01
201400040590,0,7,0,0.0,2.0,7.0,15.0,B01
201400040591,0,32,0,0.0,2.0,1.0,2.0,A01
201400040591,0,7,0,0.0,2.0,6.0,10.0,B01
201400040592,0,30,0,8.0,0.0,0.0,0.0,A01
201400040593,0,7,0,8.0,0.0,2.0,0.0,A01
201400040594,0,7,0,0.0,2.0,1.0,0.0,A01
201400040594,0,7,0,0.0,2.0,4.0,0.0,B01
201400040595,1,7,0,0.0,2.0,0.0,0.0,Z01
201400040595,0,7,0,0.0,9.0,1.0,0.0,A01
201400040596,0,30,0,0.0,2.0,1.0,1.0,A01
201400040596,0,7,0,0.0,2.0,1.0,0.0,B01
201400040597,0,34,0,1.0,0.0,1.0,0.0,A01
201400040598,0,7,0,0.0,2.0,8.0,2.0,A01
201400040598,0,32,0,0.0,2.0,7.0,17.0,B01
201400040599,0,7,0,0.0,2.0,1.0,2.0,A01
201400040599,0,7,0,0.0,0.0,4.0,23.0,B01
201400040599,0,7,0,0.0,2.0,1.0,2.0,C01
201400040600,0,7,0,0.0,2.0,2.0,15.0,A01
201400040600,0,30,0,0.0,2.0,1.0,1.0,B01
201400040601,0,32,0,0.0,2.0,1.0,2.0,A01
201400040601,0,7,0,0.0,0.0,5.0,2.0,B01
201400040602,0,31,0,0.0,2.0,4.0,0.0,B01
201400040602,0,7,0,0.0,2.0,1.0,0.0,A01
201400040603,0,7,0,0.0,2.0,4.0,2.0,B01
201400040603,0,14,0,0.0,2.0,1.0,2.0,A01
201400040604,0,31,0,0.0,0.0,0.0,0.0,A01
201400040605,0,7,0,0.0,1.0,1.0,2.0,A01
201400040606,0,7,0,1.0,0.0,1.0,14.0,A01
201400040607,0,2,0,0.0,0.0,0.0,16.0,B01
201400040607,0,7,0,0.0,0.0,0.0,2.0,A01
201400040608,0,7,0,0.0,1.0,4.0,4.0,A01
201400040609,0,2,0,15.0,0.0,2.0,15.0,A01
201400040610,0,7,0,0.0,2.0,4.0,2.0,B01
201400040610,0,7,0,0.0,2.0,1.0,2.0,A01
201400040611,0,33,0,0.0,2.0,1.0,0.0,B01
201400040611,0,7,0,0.0,2.0,6.0,0.0,A01
201400040612,0,7,0,0.0,1.0,4.0,0.0,A01
201400040613,0,7,0,1.0,0.0,2.0,2.0,A01
201400040614,0,32,0,0.0,1.0,1.0,0.0,A01
201400040615,0,7,0,0.0,1.0,1.0,15.0,A01
201400040616,0,7,0,0.0,0.0,5.0,0.0,B01
201400040616,0,2,0,0.0,2.0,1.0,2.0,A01
201400040617,0,7,0,0.0,0.0,0.0,4.0,A01
201400040617,0,33,0,0.0,0.0,0.0,0.0,B01
201400040618,0,1,0,0.0,0.0,0.0,0.0,A01
201400040619,0,7,0,0.0,1.0,1.0,16.0,A01
201400040620,0,7,0,0.0,1.0,1.0,15.0,A01
201400040621,0,7,0,0.0,2.0,7.0,16.0,B01
201400040621,0,1,0,0.0,2.0,0.0,2.0,A01
201400040622,0,7,0,0.0,2.0,4.0,23.0,B01
201400040622,0,10,0,0.0,2.0,1.0,2.0,A01
201400040623,0,7,0,0.0,2.0,1.0,2.0,A01
201400040623,0,1,0,0.0,2.0,4.0,2.0,B01
201400040624,0,7,0,0.0,2.0,7.0,16.0,B01
201400040624,0,32,0,0.0,2.0,1.0,1.0,A01
201400040625,0,2,0,0.0,2.0,1.0,19.0,A01
201400040625,0,34,0,0.0,2.0,1.0,0.0,B01
201400040626,0,7,0,0.0,2.0,8.0,0.0,B01
201400040626,0,2,0,0.0,2.0,2.0,3.0,A01
201400040627,0,7,0,0.0,0.0,2.0,10.0,A01
201400040627,0,30,0,0.0,2.0,1.0,2.0,B01
201400040628,0,32,0,0.0,0.0,6.0,21.0,A01
201400040629,0,2,0,0.0,2.0,2.0,10.0,B01
201400040629,0,7,0,0.0,2.0,8.0,10.0,A01
201400040630,0,10,0,0.0,2.0,0.0,2.0,A01
201400040630,0,1,0,0.0,2.0,8.0,2.0,B01
201400040631,0,7,0,0.0,1.0,1.0,0.0,A01
201400040632,0,33,0,0.0,2.0,3.0,1.0,B01
201400040632,0,7,0,0.0,2.0,5.0,1.0,A01
201400040633,0,7,0,0.0,2.0,3.0,1.0,B01
201400040633,0,7,0,15.0,2.0,1.0,9.0,A01
201400040634,0,32,0,0.0,2.0,1.0,17.0,B01
201400040634,0,10,0,0.0,2.0,3.0,20.0,A01
201400040635,0,14,0,0.0,2.0,7.0,16.0,A01
201400040635,0,1,0,0.0,2.0,6.0,1.0,B01
201400040636,0,7,0,0.0,1.0,2.0,0.0,A01
201400040637,0,7,0,0.0,2.0,4.0,2.0,B01
201400040637,0,2,0,0.0,2.0,1.0,2.0,A01
201400040638,0,7,0,0.0,2.0,4.0,2.0,A01
201400040638,1,7,0,0.0,2.0,1.0,2.0,Z01
201400040639,0,7,0,0.0,2.0,1.0,1.0,A01
201400040639,0,10,0,0.0,2.0,2.0,6.0,B01
201400040640,0,30,0,12.0,0.0,1.0,2.0,A01
201400040641,0,7,0,0.0,1.0,3.0,0.0,A01
201400040642,0,33,0,0.0,2.0,1.0,1.0,B01
201400040642,0,7,0,0.0,2.0,3.0,15.0,A01
201400040643,0,2,0,0.0,2.0,1.0,0.0,B01
201400040643,0,7,0,0.0,2.0,3.0,20.0,A01
201400040644,0,7,0,1.0,0.0,2.0,14.0,A01
201400040645,0,2,0,0.0,2.0,1.0,5.0,A01
201400040645,0,7,0,0.0,2.0,3.0,1.0,B01
201400040646,0,7,0,8.0,0.0,1.0,21.0,A01
201400040647,0,7,0,0.0,2.0,3.0,1.0,B01
201400040647,0,7,0,0.0,2.0,7.0,15.0,A01
201400040648,0,32,0,1.0,0.0,1.0,1.0,A01
201400040649,0,34,0,0.0,2.0,1.0,2.0,A01
201400040649,0,7,0,0.0,2.0,4.0,2.0,B01
201400040650,0,32,0,0.0,2.0,1.0,18.0,B01
201400040650,0,7,0,0.0,2.0,5.0,16.0,A01
201400040651,0,7,0,0.0,1.0,1.0,1.0,A01
201400040652,0,33,0,0.0,1.0,1.0,1.0,A01
201400040652,0,7,0,0.0,2.0,8.0,1.0,B01
201400040653,0,1,0,0.0,2.0,8.0,15.0,B01
201400040653,0,31,0,0.0,2.0,1.0,1.0,A01
201400040654,0,2,0,0.0,0.0,7.0,0.0,A01
201400040655,0,7,0,0.0,2.0,2.0,10.0,A01
201400040655,0,34,0,0.0,2.0,6.0,1.0,B01
201400040656,0,7,0,1.0,0.0,2.0,1.0,A01
201400040657,0,7,0,0.0,2.0,8.0,15.0,B01
201400040657,0,7,0,0.0,2.0,1.0,1.0,A01
201400040658,0,2,0,0.0,0.0,1.0,16.0,A01
201400040659,0,7,0,0.0,1.0,7.0,1.0,A01
201400040660,0,7,0,0.0,1.0,3.0,0.0,A01
201400040661,0,7,0,0.0,1.0,3.0,1.0,A01
201400040662,0,7,0,0.0,2.0,1.0,2.0,A01
201400040662,0,7,0,0.0,2.0,4.0,20.0,B01
201400040663,0,7,0,0.0,1.0,1.0,0.0,A01
201400040664,0,7,0,0.0,0.0,6.0,23.0,B01
201400040664,0,1,0,0.0,2.0,1.0,2.0,A01
201400040665,0,7,0,0.0,2.0,1.0,1.0,A01
201400040665,0,33,0,0.0,2.0,1.0,1.0,B01
201400040666,0,7,0,0.0,2.0,2.0,15.0,A01
201400040666,0,33,0,0.0,2.0,1.0,1.0,B01
201400040667,2,33,0,0.0,1.0,2.0,1.0,A01
201400040668,0,31,0,0.0,2.0,4.0,1.0,B01
201400040668,0,7,0,0.0,2.0,1.0,2.0,A01
201400040668,1,7,0,0.0,0.0,0.0,0.0,C01
201400040669,0,33,0,0.0,2.0,4.0,2.0,A01
201400040669,0,7,0,0.0,2.0,4.0,2.0,B01
201400040670,0,33,0,0.0,0.0,7.0,21.0,A01
201400040671,0,33,0,0.0,2.0,8.0,2.0,B01
201400040671,0,33,0,0.0,2.0,0.0,17.0,A01
201400040672,0,7,0,3.0,0.0,3.0,2.0,A01
201400040672,0,32,0,0.0,9.0,8.0,2.0,B01
201400040673,0,7,0,0.0,2.0,1.0,2.0,A01
201400040673,0,7,0,0.0,2.0,4.0,2.0,B01
201400040674,0,34,0,0.0,2.0,0.0,2.0,A01
201400040674,0,1,0,0.0,2.0,1.0,2.0,B01
201400040675,0,7,0,0.0,1.0,1.0,0.0,A01
201400040676,0,33,0,0.0,2.0,8.0,7.0,A01
201400040676,0,7,0,0.0,2.0,2.0,9.0,B01
201400040677,0,7,0,0.0,1.0,0.0,20.0,A01
201400040678,0,7,0,0.0,1.0,1.0,1.0,A01
201400040679,0,10,0,1.0,0.0,8.0,19.0,A01
201400040680,0,1,0,1.0,0.0,1.0,2.0,B01
201400040680,0,7,0,0.0,2.0,8.0,24.0,A01
201400040681,0,7,0,0.0,2.0,4.0,23.0,B01
201400040681,0,7,0,0.0,2.0,1.0,11.0,A01
201400040682,0,10,0,0.0,0.0,4.0,23.0,F01
201400040682,0,7,0,1.0,0.0,1.0,24.0,A01
201400040683,0,1,0,0.0,2.0,1.0,1.0,A01
201400040683,0,7,0,0.0,2.0,3.0,9.0,B01
201400040684,0,33,0,0.0,2.0,1.0,0.0,A01
201400040684,0,7,0,0.0,2.0,3.0,0.0,B01
201400040685,0,7,0,0.0,1.0,1.0,16.0,A01
201400040686,0,32,0,0.0,2.0,2.0,3.0,B01
201400040686,0,7,0,0.0,2.0,8.0,15.0,A01
201400040687,0,32,0,0.0,2.0,0.0,3.0,C01
201400040687,0,7,0,0.0,2.0,7.0,0.0,B01
201400040687,0,7,0,0.0,2.0,8.0,0.0,A01
201400040688,0,7,0,0.0,2.0,2.0,16.0,B01
201400040688,0,1,0,0.0,2.0,1.0,5.0,A01
201400040689,0,7,0,0.0,2.0,4.0,2.0,B01
201400040689,0,33,0,0.0,2.0,1.0,2.0,A01
201400040690,0,7,0,0.0,2.0,3.0,1.0,C01
201400040690,0,7,0,0.0,2.0,1.0,2.0,A01
201400040690,0,7,0,0.0,2.0,4.0,2.0,B01
201400040691,0,33,0,0.0,2.0,1.0,1.0,B01
201400040691,0,1,0,0.0,2.0,6.0,1.0,A01
201400040692,0,7,0,0.0,2.0,7.0,1.0,B01
201400040692,0,32,0,0.0,2.0,3.0,3.0,A01
201400040693,0,7,0,0.0,2.0,7.0,15.0,A01
201400040693,0,32,0,0.0,2.0,7.0,1.0,B01
201400040694,0,1,0,0.0,2.0,1.0,0.0,B01
201400040694,0,7,0,0.0,2.0,1.0,0.0,A01
201400040695,0,7,0,0.0,1.0,4.0,4.0,A01
201400040696,0,2,0,0.0,2.0,5.0,1.0,A01
201400040696,0,7,0,0.0,2.0,3.0,16.0,B01
201400040697,0,7,0,0.0,1.0,1.0,0.0,A01
201400040698,0,3,0,0.0,2.0,3.0,20.0,A01
201400040698,0,2,0,0.0,2.0,2.0,1.0,B01
201400040699,0,7,0,0.0,0.0,4.0,23.0,A01
201400040699,0,34,0,0.0,2.0,1.0,2.0,B01
201400040700,0,7,0,0.0,2.0,8.0,17.0,A01
201400040700,0,33,0,0.0,2.0,7.0,17.0,B01
201400040701,0,30,0,0.0,1.0,1.0,0.0,A01
201400040702,0,20,0,0.0,0.0,0.0,0.0,A01
201400040703,0,34,0,16.0,1.0,1.0,14.0,A01
201400040704,0,34,0,0.0,1.0,1.0,0.0,A01
201400040705,0,7,0,0.0,1.0,1.0,0.0,A01
201400040706,0,30,0,0.0,0.0,0.0,1.0,A01
201400040707,0,7,0,0.0,2.0,3.0,15.0,A01
201400040707,0,33,0,0.0,2.0,5.0,3.0,B01
201400040708,0,33,0,0.0,1.0,2.0,3.0,A01
201400040709,0,7,0,0.0,2.0,3.0,11.0,A01
201400040709,0,34,0,0.0,2.0,2.0,17.0,B01
201400040710,0,7,0,0.0,2.0,7.0,23.0,B01
201400040710,0,33,0,0.0,1.0,1.0,21.0,A01
201400040711,0,7,0,0.0,1.0,1.0,1.0,A01
201400040712,0,7,0,0.0,1.0,6.0,0.0,Z01
201400040713,0,1,0,0.0,2.0,7.0,15.0,B01
201400040713,0,7,0,0.0,2.0,1.0,23.0,C01
201400040713,0,10,0,0.0,2.0,3.0,1.0,A01
201400040714,0,7,0,0.0,9.0,3.0,10.0,A01
201400040714,0,1,0,0.0,2.0,1.0,17.0,B01
201400040715,1,99,0,0.0,2.0,0.0,0.0,Z01
201400040715,0,33,0,0.0,2.0,4.0,2.0,A01
201400040716,0,7,0,0.0,1.0,1.0,1.0,A01