Num_Acc,senc,catv,occutc,obs,obsm,choc,manv,num_veh
201400040717,0,31,0,0.0,2.0,2.0,1.0,B01
201400040717,0,7,0,0.0,2.0,3.0,10.0,A01
201400040718,0,7,0,0.0,1.0,1.0,0.0,A01
201400040719,0,32,0,0.0,2.0,2.0,2.0,A01
201400040719,0,10,0,0.0,2.0,3.0,20.0,B01
201400040720,0,30,0,0.0,2.0,2.0,9.0,A01
201400040720,0,7,0,0.0,2.0,3.0,1.0,B01
201400040721,0,7,0,0.0,2.0,1.0,1.0,A01
201400040721,0,7,0,0.0,2.0,1.0,15.0,B01
201400040722,0,34,0,0.0,0.0,1.0,1.0,A01
201400040723,0,7,0,0.0,2.0,5.0,15.0,B01
201400040723,0,34,0,0.0,2.0,1.0,0.0,A01
201400040724,0,2,0,0.0,2.0,2.0,11.0,A01
201400040724,0,7,0,0.0,2.0,3.0,15.0,B01
201400040725,0,33,0,0.0,2.0,1.0,2.0,A01
201400040725,0,7,0,0.0,2.0,4.0,1.0,B01
201400040726,0,34,0,0.0,2.0,3.0,1.0,B01
201400040726,0,7,0,0.0,2.0,2.0,12.0,A01
201400040727,0,7,0,0.0,1.0,1.0,0.0,A01
201400040728,0,7,0,0.0,2.0,1.0,0.0,B01
201400040728,0,33,0,0.0,2.0,1.0,5.0,A01
201400040729,0,7,0,0.0,1.0,3.0,1.0,A01
201400040730,0,2,0,0.0,2.0,3.0,2.0,B01
201400040730,0,7,0,0.0,2.0,5.0,2.0,A01
201400040731,0,7,0,0.0,2.0,3.0,11.0,A01
201400040731,0,32,0,0.0,2.0,1.0,17.0,C01
201400040731,0,7,0,0.0,2.0,2.0,15.0,B01
201400040732,0,33,0,0.0,2.0,5.0,23.0,B01
201400040732,0,7,0,0.0,2.0,3.0,13.0,A01
201400040733,0,7,0,0.0,1.0,1.0,2.0,A01
201400040734,0,7,0,0.0,0.0,0.0,15.0,B01
201400040734,0,32,0,0.0,0.0,0.0,21.0,A01
201400040735,0,7,0,0.0,2.0,8.0,20.0,A01
201400040735,0,33,0,0.0,2.0,1.0,1.0,B01
201400040736,0,7,0,0.0,2.0,5.0,15.0,A01
201400040736,0,34,0,0.0,2.0,1.0,1.0,B01
201400040737,0,32,0,0.0,1.0,1.0,1.0,A01
201400040738,0,31,0,0.0,2.0,1.0,0.0,B01
201400040738,0,7,0,0.0,2.0,5.0,15.0,A01
201400040739,0,7,0,0.0,2.0,1.0,1.0,B01
201400040739,0,30,0,0.0,2.0,9.0,19.0,A01
201400040740,0,33,0,0.0,1.0,1.0,1.0,B01
201400040741,0,7,0,0.0,2.0,7.0,14.0,A01
201400040741,0,2,0,0.0,2.0,7.0,17.0,B01
201400040742,0,10,0,0.0,1.0,1.0,15.0,A01
201400040743,0,7,0,0.0,1.0,1.0,0.0,A01
201400040744,0,32,0,0.0,2.0,1.0,2.0,A01
201400040744,0,13,0,0.0,2.0,4.0,23.0,B01
201400040745,0,7,0,7.0,2.0,4.0,1.0,A01
201400040745,0,7,0,0.0,2.0,1.0,16.0,B01
201400040746,0,2,0,0.0,1.0,1.0,2.0,A01
201400040747,0,10,0,0.0,1.0,4.0,4.0,A01
201400040748,0,30,0,0.0,1.0,1.0,2.0,A01
201400040748,0,37,0,0.0,0.0,0.0,2.0,B01
201400040749,0,7,0,4.0,0.0,1.0,2.0,A01
201400040750,0,7,0,0.0,1.0,1.0,15.0,A01
201400040751,0,30,0,0.0,0.0,7.0,16.0,A01
201400040752,0,30,0,0.0,0.0,2.0,20.0,A01
201400040753,0,1,0,0.0,2.0,4.0,16.0,B01
201400040753,0,3,0,0.0,2.0,2.0,2.0,A01
201400040754,0,13,0,0.0,1.0,1.0,15.0,A01
201400040755,0,30,0,0.0,2.0,1.0,18.0,B01
201400040755,0,7,0,0.0,2.0,1.0,14.0,A01
201400040756,0,7,0,0.0,1.0,1.0,1.0,A01
201400040757,0,33,0,0.0,0.0,7.0,21.0,A01
201400040758,0,7,0,0.0,1.0,1.0,16.0,A01
201400040759,0,7,0,0.0,1.0,1.0,17.0,A01
201400040760,0,34,0,0.0,2.0,1.0,1.0,B01
201400040760,0,7,0,0.0,2.0,2.0,1.0,A01
201400040761,0,7,0,0.0,2.0,2.0,10.0,A01
201400040761,0,32,0,0.0,2.0,8.0,1.0,B01
201400040762,0,33,0,0.0,1.0,2.0,3.0,A01
201400040762,0,7,0,0.0,1.0,3.0,23.0,B01
201400040763,0,10,0,0.0,2.0,8.0,1.0,B01
201400040763,0,7,0,0.0,2.0,6.0,23.0,C01
201400040763,0,13,0,0.0,2.0,3.0,21.0,A01
201400040764,0,7,0,0.0,2.0,3.0,1.0,B01
201400040764,0,7,0,0.0,2.0,1.0,6.0,A01
201400040765,0,7,0,0.0,2.0,8.0,15.0,A01
201400040765,0,1,0,0.0,2.0,1.0,17.0,B01
201400040766,0,7,0,0.0,1.0,1.0,16.0,A01
201400040767,0,7,0,0.0,2.0,2.0,13.0,A01
201400040767,0,1,0,0.0,2.0,7.0,1.0,B01
201400040768,0,30,0,0.0,0.0,8.0,15.0,A01
201400040769,0,14,0,0.0,2.0,1.0,2.0,A01
201400040769,0,7,0,0.0,2.0,4.0,2.0,B01
201400040770,0,32,0,0.0,2.0,4.0,23.0,B01
201400040770,1,99,0,0.0,2.0,1.0,2.0,Z01
201400040771,0,1,0,0.0,2.0,1.0,5.0,B01
201400040771,0,7,0,0.0,2.0,1.0,1.0,A01
201400040772,0,7,0,0.0,1.0,1.0,1.0,A01
201400040773,0,7,0,0.0,2.0,8.0,22.0,A01
201400040773,0,1,0,0.0,2.0,1.0,21.0,B01
201400040774,0,32,0,0.0,0.0,7.0,1.0,A01
201400040775,0,10,0,0.0,1.0,4.0,4.0,A01
201400040776,0,32,0,0.0,2.0,2.0,1.0,B01
201400040776,0,7,0,0.0,2.0,8.0,1.0,A01
201400040777,0,10,0,0.0,2.0,2.0,1.0,B01
201400040777,0,7,0,0.0,2.0,9.0,11.0,A01
201400040777,0,7,0,0.0,2.0,2.0,1.0,C01
201400040778,0,1,0,0.0,1.0,1.0,0.0,A01
201400040779,0,31,0,0.0,2.0,1.0,1.0,A01
201400040779,0,7,0,0.0,2.0,4.0,23.0,B01
201400040780,0,7,0,0.0,2.0,4.0,0.0,B01
201400040780,0,7,0,0.0,2.0,4.0,0.0,A01
201400040781,0,33,0,0.0,9.0,7.0,0.0,A01
201400040782,0,33,0,0.0,2.0,1.0,2.0,A01
201400040782,0,7,0,0.0,2.0,4.0,0.0,B01
201400040783,0,1,0,0.0,2.0,1.0,5.0,A01
201400040783,0,7,0,0.0,2.0,7.0,16.0,B01
201400040784,0,33,0,0.0,2.0,7.0,1.0,B01
201400040784,0,7,0,0.0,2.0,2.0,14.0,A01
201400040785,0,33,0,0.0,2.0,9.0,9.0,B01
201400040785,0,7,0,0.0,2.0,1.0,1.0,A01
201400040786,0,7,0,0.0,2.0,1.0,9.0,A01
201400040786,0,30,0,0.0,2.0,4.0,1.0,B01
201400040787,0,30,0,0.0,0.0,7.0,9.0,A01
201400040788,0,7,0,0.0,2.0,1.0,2.0,A01
201400040788,0,7,0,0.0,2.0,4.0,1.0,B01
201400040789,0,32,0,0.0,0.0,7.0,1.0,A01
201400040790,0,7,0,0.0,2.0,1.0,2.0,A01
201400040790,0,33,0,0.0,2.0,4.0,2.0,B01
201400040791,0,1,0,0.0,0.0,0.0,0.0,A01
201400040792,0,7,0,0.0,2.0,1.0,16.0,A01
201400040792,0,33,0,0.0,2.0,7.0,1.0,B01
201400040793,0,7,0,0.0,1.0,2.0,1.0,A01
201400040794,0,7,0,0.0,2.0,3.0,1.0,A01
201400040794,0,32,0,0.0,2.0,1.0,15.0,B01
201400040795,0,33,0,0.0,2.0,1.0,17.0,A01
201400040795,0,7,0,0.0,2.0,6.0,10.0,B01
201400040796,0,31,0,0.0,0.0,0.0,1.0,A01
201400040797,0,32,0,0.0,0.0,8.0,1.0,A01
201400040798,0,7,0,0.0,2.0,2.0,5.0,A01
201400040798,0,32,0,0.0,2.0,3.0,1.0,B01
201400040799,0,7,0,0.0,1.0,2.0,1.0,A01
201400040800,0,7,0,0.0,1.0,4.0,4.0,A01
201400040801,0,7,0,0.0,1.0,2.0,1.0,A01
201400040802,0,30,0,0.0,0.0,7.0,1.0,A01
201400040803,0,31,0,0.0,1.0,1.0,1.0,A01
201400040804,0,1,0,0.0,2.0,1.0,15.0,B01
201400040804,0,7,0,0.0,9.0,1.0,1.0,A01
201400040805,0,7,0,0.0,1.0,2.0,1.0,A01
201400040806,0,33,0,0.0,0.0,8.0,1.0,A01
201400040807,0,7,0,0.0,1.0,1.0,1.0,A01
201400040808,0,7,0,0.0,1.0,2.0,1.0,A01
201400040809,0,7,0,0.0,2.0,3.0,2.0,A01
201400040809,0,10,0,0.0,2.0,5.0,1.0,B01
201400040810,0,7,0,0.0,2.0,2.0,2.0,A01
201400040810,0,33,0,0.0,2.0,8.0,2.0,B01
201400040811,0,30,0,0.0,2.0,1.0,1.0,A01
201400040811,0,7,0,0.0,2.0,6.0,1.0,B01
201400040812,0,37,4,0.0,1.0,2.0,1.0,A01
201400040813,0,30,0,0.0,1.0,3.0,1.0,A01
201400040814,0,33,0,0.0,1.0,1.0,1.0,A01
201400040815,0,7,0,0.0,1.0,2.0,1.0,A01
201400040816,0,1,0,0.0,2.0,1.0,1.0,B01
201400040816,0,7,0,0.0,2.0,7.0,1.0,A01
201400040817,0,7,0,1.0,2.0,1.0,1.0,A01
201400040818,0,7,0,0.0,2.0,4.0,1.0,B01
201400040818,0,30,0,0.0,2.0,1.0,1.0,A01
201400040819,0,7,0,0.0,2.0,3.0,16.0,B01
201400040819,0,10,0,0.0,2.0,2.0,1.0,A01
201400040820,0,7,0,0.0,1.0,1.0,1.0,A01
201400040821,0,7,0,0.0,1.0,2.0,1.0,A01
201400040822,0,10,0,1.0,0.0,2.0,20.0,A01
201400040823,0,33,0,0.0,2.0,2.0,1.0,B01
201400040823,0,30,0,0.0,2.0,6.0,9.0,A01
201400040824,0,7,0,0.0,0.0,9.0,1.0,A01
201400040825,2,7,0,0.0,2.0,1.0,16.0,Z01
201400040825,0,7,0,0.0,2.0,1.0,1.0,B01
201400040826,0,10,0,0.0,2.0,1.0,1.0,A01
201400040826,0,33,0,0.0,2.0,8.0,1.0,B01
201400040827,0,7,0,0.0,1.0,2.0,1.0,A01
201400040828,0,10,0,0.0,2.0,1.0,2.0,B01
201400040828,0,7,0,0.0,2.0,5.0,1.0,A01
201400040829,0,30,0,0.0,2.0,1.0,1.0,A01
201400040829,0,7,0,0.0,2.0,8.0,15.0,B01
201400040830,0,32,0,1.0,0.0,3.0,17.0,A01
201400040830,0,7,0,0.0,0.0,0.0,15.0,B01
201400040831,0,7,0,0.0,1.0,2.0,1.0,A01
201400040832,0,7,0,15.0,0.0,1.0,1.0,A01
201400040833,0,10,0,1.0,0.0,2.0,1.0,A01
201400040834,0,2,0,4.0,9.0,3.0,1.0,A01
201400040835,0,10,0,0.0,2.0,1.0,2.0,A01
201400040835,0,7,0,0.0,2.0,6.0,2.0,B01
201400040836,0,7,0,0.0,1.0,1.0,1.0,A01
201400040837,0,7,0,0.0,2.0,6.0,15.0,B01
201400040837,0,32,0,0.0,2.0,1.0,17.0,A01
201400040838,0,7,0,0.0,2.0,3.0,15.0,B01
201400040838,0,7,0,0.0,2.0,1.0,1.0,A01
201400040839,0,7,0,0.0,2.0,7.0,15.0,A01
201400040839,0,34,0,0.0,2.0,1.0,1.0,B01
201400040840,0,30,0,0.0,0.0,2.0,1.0,A01
201400040841,0,7,0,1.0,0.0,2.0,1.0,A01
201400040842,0,33,0,12.0,0.0,8.0,1.0,A01
201400040843,0,7,0,0.0,2.0,3.0,10.0,B01
201400040843,0,2,0,0.0,2.0,1.0,1.0,A01
201400040844,0,34,0,0.0,1.0,1.0,1.0,A01
201400040845,1,7,0,0.0,2.0,1.0,1.0,Z01
201400040845,0,1,0,0.0,2.0,6.0,15.0,A01
201400040846,0,7,0,0.0,1.0,1.0,1.0,A01
201400040847,0,7,0,0.0,1.0,1.0,1.0,A01
201400040848,0,34,0,0.0,1.0,1.0,1.0,A01
201400040849,0,30,0,2.0,0.0,1.0,1.0,A01
201400040850,0,10,0,1.0,0.0,1.0,1.0,A01
201400040851,0,7,0,0.0,2.0,1.0,15.0,A01
201400040851,0,30,0,0.0,2.0,3.0,1.0,B01
201400040852,0,30,0,0.0,0.0,2.0,1.0,A01
201400040853,0,7,0,8.0,0.0,7.0,1.0,A01
201400040854,0,7,0,1.0,0.0,3.0,1.0,A01
201400040855,0,7,0,10.0,0.0,1.0,1.0,A01
201400040856,0,33,0,0.0,2.0,1.0,1.0,A01
201400040856,0,1,0,0.0,2.0,6.0,1.0,B01
201400040857,0,7,0,0.0,9.0,8.0,15.0,B01
201400040857,0,1,0,0.0,2.0,1.0,1.0,A01
201400040858,0,33,0,0.0,0.0,7.0,1.0,A01
201400040859,0,1,0,0.0,2.0,8.0,1.0,B01
201400040859,0,7,0,0.0,2.0,3.0,1.0,A01
201400040860,0,7,0,0.0,2.0,2.0,2.0,A01
201400040860,0,10,0,0.0,2.0,3.0,2.0,B01
201400040861,0,10,0,0.0,1.0,1.0,1.0,A01
201400040862,0,7,0,6.0,0.0,1.0,11.0,A01
201400040863,0,10,0,0.0,1.0,2.0,16.0,A01
201400040864,0,10,0,0.0,2.0,4.0,1.0,B01
201400040864,0,30,0,0.0,2.0,1.0,1.0,A01
201400040865,0,7,0,0.0,1.0,3.0,1.0,A01
201400040866,0,7,0,1.0,0.0,1.0,1.0,A01
201400040867,0,30,0,0.0,2.0,1.0,1.0,A01
201400040867,0,7,0,0.0,2.0,3.0,9.0,B01
201400040868,0,30,0,0.0,0.0,0.0,1.0,A01
201400040869,0,10,0,0.0,1.0,2.0,1.0,A01
201400040870,0,7,0,0.0,1.0,1.0,1.0,A01
201400040871,0,30,0,0.0,2.0,1.0,1.0,A01
201400040871,0,7,0,0.0,2.0,8.0,1.0,B01
201400040872,0,33,0,0.0,1.0,5.0,1.0,A01
201400040873,0,7,0,0.0,2.0,6.0,1.0,B01
201400040873,0,2,0,0.0,2.0,2.0,1.0,A01
201400040874,0,1,0,0.0,0.0,0.0,1.0,A01
201400040875,0,2,0,0.0,0.0,7.0,1.0,A01
201400040876,0,2,0,12.0,0.0,1.0,1.0,A01
201400040877,0,7,0,0.0,2.0,4.0,23.0,A01
201400040877,0,1,0,0.0,2.0,1.0,1.0,B01
201400040878,0,33,0,0.0,2.0,8.0,1.0,B01
201400040878,0,10,0,0.0,2.0,3.0,15.0,A01
201400040879,0,30,0,0.0,0.0,7.0,15.0,A01
201400040880,0,10,0,0.0,2.0,1.0,1.0,A01
201400040880,0,7,0,0.0,2.0,8.0,1.0,B01
201400040881,0,7,0,0.0,2.0,3.0,1.0,A01
201400040881,0,30,0,0.0,2.0,2.0,1.0,B01
201400040882,0,7,0,0.0,2.0,3.0,16.0,A01
201400040882,0,33,0,0.0,2.0,1.0,1.0,B01
201400040883,0,33,0,0.0,0.0,8.0,1.0,A01
201400040884,0,30,0,1.0,2.0,8.0,2.0,B01
201400040884,0,10,0,0.0,2.0,7.0,9.0,A01
201400040885,0,7,0,0.0,1.0,2.0,1.0,A01
201400040886,0,7,0,0.0,2.0,3.0,1.0,B01
201400040886,0,31,0,0.0,2.0,1.0,19.0,A01
201400040887,0,2,0,0.0,1.0,1.0,1.0,A01
201400040888,0,7,0,0.0,2.0,4.0,23.0,A01
201400040888,0,1,0,0.0,2.0,1.0,2.0,B01
201400040889,0,31,0,0.0,2.0,1.0,1.0,B01
201400040889,0,10,0,0.0,2.0,1.0,15.0,A01
201400040890,0,30,0,0.0,0.0,8.0,1.0,A01
201400040891,0,10,0,2.0,0.0,1.0,1.0,A01
201400040892,0,30,0,1.0,0.0,7.0,1.0,A01
201400040893,0,30,0,0.0,2.0,2.0,1.0,B01
201400040893,0,7,0,0.0,2.0,3.0,15.0,A01
201400040894,0,7,0,0.0,1.0,1.0,1.0,A01
201400040895,0,7,0,0.0,2.0,8.0,22.0,A01
201400040895,0,1,0,0.0,2.0,1.0,1.0,B01
201400040896,0,30,0,0.0,1.0,3.0,1.0,A01
201400040897,0,7,0,0.0,2.0,4.0,1.0,A01
201400040897,0,7,0,0.0,2.0,1.0,1.0,B01
201400040898,0,7,0,0.0,2.0,3.0,23.0,C01
201400040898,0,7,0,0.0,2.0,6.0,23.0,B01
201400040898,2,7,0,0.0,2.0,1.0,15.0,A01
201400040899,0,30,0,0.0,0.0,8.0,1.0,A01
201400040900,0,7,0,0.0,2.0,1.0,9.0,A01
201400040900,0,1,0,0.0,2.0,5.0,1.0,B01
201400040901,0,30,0,0.0,0.0,7.0,1.0,A01
201400040902,1,32,0,0.0,1.0,0.0,1.0,Z01
201400040903,0,7,0,6.0,0.0,1.0,1.0,A01
201400040904,0,7,0,0.0,1.0,1.0,1.0,A01
201400040905,0,32,0,0.0,2.0,1.0,17.0,A01
201400040905,0,7,0,0.0,2.0,3.0,15.0,B01
201400040906,0,30,0,0.0,0.0,1.0,1.0,A01
201400040907,0,1,0,0.0,0.0,0.0,1.0,A01
201400040908,0,34,0,0.0,0.0,0.0,1.0,A01
201400040909,0,33,0,0.0,2.0,1.0,1.0,B01
201400040909,0,7,0,0.0,2.0,3.0,15.0,A01
201400040910,0,13,0,0.0,2.0,1.0,2.0,A01
201400040910,0,13,0,0.0,2.0,4.0,2.0,B01
201400040911,0,33,0,11.0,0.0,1.0,17.0,A01
201400040912,0,30,0,0.0,0.0,1.0,1.0,A01
201400040913,0,7,0,0.0,2.0,1.0,2.0,A01
201400040913,0,33,0,0.0,2.0,4.0,2.0,B01
201400040914,0,7,0,0.0,1.0,1.0,15.0,A01
201400040915,0,7,0,0.0,2.0,7.0,15.0,A01
201400040915,0,30,0,0.0,2.0,1.0,2.0,B01
201400040916,0,1,0,0.0,0.0,0.0,0.0,A01
201400040917,0,7,0,0.0,1.0,3.0,2.0,A01
201400040918,0,7,0,0.0,2.0,6.0,2.0,C01
201400040918,0,7,0,0.0,2.0,4.0,2.0,B01
201400040918,2,7,0,0.0,2.0,1.0,2.0,A01
201400040919,0,30,0,0.0,2.0,0.0,1.0,A01
201400040920,0,33,0,15.0,0.0,1.0,1.0,A01
201400040921,0,30,0,0.0,2.0,1.0,15.0,B01
201400040921,0,7,0,0.0,2.0,1.0,1.0,A01
201400040922,1,7,0,0.0,2.0,1.0,1.0,A01
201400040922,0,2,0,0.0,2.0,4.0,2.0,B01
201400040923,0,32,0,0.0,2.0,0.0,2.0,B01
201400040923,0,7,0,0.0,2.0,0.0,22.0,A01
201400040924,0,7,0,0.0,2.0,1.0,2.0,A01
201400040924,0,7,0,0.0,2.0,4.0,2.0,B01
201400040924,0,7,0,0.0,2.0,4.0,2.0,C01
201400040925,0,7,0,0.0,1.0,1.0,2.0,A01
201400040926,0,30,0,0.0,2.0,1.0,1.0,A01
201400040927,0,1,0,0.0,0.0,1.0,1.0,A01
201400040928,0,7,0,0.0,1.0,1.0,1.0,A01
201400040929,0,30,0,0.0,0.0,1.0,0.0,A01
201400040930,0,30,0,0.0,2.0,1.0,13.0,A01
201400040930,0,7,0,0.0,2.0,1.0,23.0,B01
201400040931,0,7,0,0.0,2.0,1.0,2.0,B01
201400040931,0,7,0,0.0,2.0,2.0,0.0,A01
201400040932,0,7,0,0.0,2.0,1.0,2.0,A01
201400040932,0,7,0,0.0,2.0,4.0,2.0,B01
201400040933,0,2,0,0.0,2.0,1.0,9.0,A01
201400040933,0,7,0,0.0,2.0,4.0,2.0,B01
201400040934,0,33,0,0.0,2.0,8.0,1.0,B01
201400040934,0,7,0,0.0,2.0,7.0,12.0,A01
201400040935,0,13,0,0.0,2.0,1.0,2.0,A01
201400040935,0,7,0,0.0,2.0,4.0,2.0,B01
201400040935,0,33,0,0.0,2.0,7.0,2.0,C01
201400040935,0,7,0,0.0,2.0,4.0,2.0,D01
201400040936,0,7,0,0.0,1.0,5.0,4.0,A01
201400040937,0,7,0,0.0,2.0,4.0,2.0,B01
201400040937,0,33,0,0.0,2.0,1.0,2.0,A01
201400040938,0,34,0,0.0,2.0,1.0,2.0,B01
201400040938,0,7,0,0.0,2.0,3.0,9.0,A01
201400040939,0,7,0,0.0,1.0,2.0,17.0,A01
201400040940,0,33,0,0.0,2.0,1.0,1.0,B01
201400040940,0,7,0,0.0,2.0,5.0,15.0,A01
201400040941,0,30,0,0.0,1.0,1.0,17.0,A01
201400040942,0,10,0,0.0,2.0,8.0,15.0,A01
201400040942,0,30,0,0.0,2.0,7.0,17.0,B01
201400040943,0,30,0,0.0,2.0,1.0,1.0,B01
201400040943,0,7,0,0.0,2.0,2.0,20.0,A01
201400040944,0,33,0,0.0,0.0,8.0,1.0,A01
201400040945,0,1,0,0.0,2.0,1.0,2.0,B01
201400040945,0,7,0,0.0,2.0,4.0,2.0,A01
201400040946,0,7,0,0.0,2.0,3.0,15.0,A01
201400040946,0,32,0,0.0,2.0,1.0,1.0,B01
201400040947,0,7,0,0.0,2.0,1.0,15.0,B01
201400040947,0,33,0,0.0,2.0,1.0,17.0,A01
201400040948,0,1,0,0.0,0.0,1.0,1.0,A01
201400040948,0,7,0,0.0,2.0,2.0,16.0,B01
201400040949,0,34,0,0.0,0.0,2.0,16.0,A01
201400040950,0,33,0,0.0,1.0,1.0,1.0,A01
201400040951,0,30,0,0.0,2.0,2.0,1.0,A01
201400040951,0,7,0,0.0,2.0,6.0,10.0,B01
201400040952,0,34,0,0.0,1.0,1.0,1.0,A01
201400040953,0,7,0,0.0,2.0,2.0,16.0,B01
201400040953,0,1,0,0.0,2.0,1.0,13.0,A01
201400040954,0,33,0,0.0,1.0,1.0,1.0,A01
201400040955,0,2,0,0.0,0.0,7.0,1.0,A01
201400040956,0,7,0,0.0,2.0,1.0,15.0,B01
201400040956,0,30,0,0.0,2.0,1.0,17.0,A01
201400040957,0,33,0,0.0,2.0,1.0,17.0,B01
201400040957,0,7,0,0.0,2.0,3.0,15.0,A01
201400040958,0,7,0,0.0,1.0,4.0,4.0,A01
201400040959,0,7,0,0.0,2.0,4.0,2.0,B01
201400040959,0,7,0,0.0,2.0,4.0,2.0,C01
201400040959,0,7,0,0.0,0.0,4.0,2.0,D01
201400040959,0,7,0,0.0,2.0,1.0,2.0,A01
201400040960,0,17,0,0.0,2.0,4.0,23.0,B01
201400040960,0,31,0,14.0,0.0,1.0,2.0,A01
201400040961,0,33,0,0.0,2.0,2.0,1.0,B01
201400040961,0,2,0,0.0,2.0,8.0,19.0,A01
201400040962,0,30,0,0.0,0.0,8.0,1.0,A01
201400040963,0,7,0,0.0,2.0,1.0,15.0,A01
201400040963,0,1,0,0.0,2.0,1.0,1.0,B01
201400040964,0,31,0,0.0,0.0,7.0,1.0,A01
201400040965,0,10,0,0.0,1.0,4.0,4.0,A01
201400040966,0,7,0,0.0,2.0,1.0,2.0,A01
201400040966,0,7,0,0.0,2.0,4.0,2.0,B01
201400040967,0,10,0,0.0,1.0,8.0,1.0,A01
201400040968,0,30,0,0.0,0.0,0.0,0.0,A01
201400040969,0,7,0,0.0,2.0,3.0,13.0,A01
201400040969,0,10,0,0.0,2.0,3.0,1.0,B01
201400040970,0,30,0,1.0,0.0,1.0,1.0,A01
201400040971,0,10,0,0.0,2.0,1.0,1.0,A01
201400040971,0,7,0,0.0,0.0,0.0,1.0,C01
201400040971,0,7,0,14.0,2.0,7.0,15.0,B01
201400040972,0,7,0,0.0,2.0,3.0,9.0,B01
201400040972,0,33,0,0.0,2.0,8.0,2.0,A01
201400040973,0,31,0,0.0,2.0,1.0,1.0,B01
201400040973,0,7,0,0.0,2.0,5.0,19.0,A01
201400040974,0,7,0,0.0,1.0,1.0,15.0,A01
201400040975,0,7,0,0.0,2.0,6.0,15.0,A01
201400040975,0,30,0,0.0,2.0,1.0,1.0,B01
201400040976,0,30,0,0.0,0.0,0.0,0.0,A01
201400040977,0,33,0,0.0,2.0,7.0,17.0,A01
201400040977,0,7,0,0.0,2.0,8.0,1.0,B01
201400040978,0,7,0,0.0,2.0,3.0,9.0,A01
201400040978,0,1,0,0.0,2.0,1.0,1.0,B01
201400040979,0,7,0,0.0,2.0,1.0,15.0,A01
201400040979,0,2,0,0.0,2.0,1.0,1.0,B01
201400040980,0,7,0,0.0,2.0,1.0,13.0,B01
201400040980,0,7,0,0.0,2.0,1.0,1.0,A01
201400040981,0,7,0,0.0,2.0,6.0,23.0,B01
201400040981,0,32,0,0.0,2.0,6.0,17.0,A01
201400040982,0,34,0,0.0,2.0,1.0,2.0,A01
201400040982,0,14,0,0.0,2.0,4.0,23.0,B01
201400040983,0,7,0,0.0,2.0,3.0,15.0,A01
201400040983,0,30,0,0.0,2.0,8.0,2.0,B01
201400040984,0,7,0,0.0,2.0,2.0,9.0,A01
201400040984,0,33,0,0.0,2.0,1.0,1.0,B01
201400040985,0,33,0,0.0,2.0,1.0,17.0,A01
201400040985,0,7,0,0.0,2.0,3.0,1.0,B01
201400040986,0,7,0,0.0,2.0,7.0,15.0,B01
201400040986,0,34,0,0.0,2.0,1.0,1.0,A01
201400040987,0,7,0,0.0,1.0,6.0,1.0,A01
201400040988,0,7,0,0.0,2.0,3.0,1.0,C01
201400040988,0,30,0,1.0,2.0,1.0,1.0,A01
201400040989,0,7,0,0.0,1.0,2.0,15.0,A01
201400040990,0,7,0,15.0,1.0,1.0,16.0,A01
201400040991,0,32,0,0.0,0.0,8.0,21.0,A01
201400040991,0,10,0,0.0,0.0,0.0,0.0,B01
201400040992,0,34,0,14.0,2.0,7.0,15.0,A01
201400040992,0,7,0,0.0,2.0,1.0,1.0,B01
201400040993,0,30,0,0.0,2.0,4.0,1.0,A01
201400040993,1,10,0,0.0,2.0,1.0,9.0,B01
201400040994,0,33,0,0.0,2.0,1.0,1.0,B01
201400040994,0,7,0,0.0,2.0,1.0,2.0,A01
201400040995,0,10,0,0.0,1.0,1.0,15.0,A01
201400040996,0,7,0,0.0,1.0,4.0,20.0,A01
201400040997,0,32,0,0.0,2.0,1.0,1.0,B01
201400040997,0,7,0,0.0,2.0,8.0,20.0,A01
201400040998,0,7,0,0.0,1.0,1.0,9.0,A01
201400040999,0,7,0,15.0,0.0,1.0,1.0,A01
201400041000,0,7,0,0.0,2.0,1.0,1.0,B01
201400041000,0,7,0,0.0,2.0,1.0,13.0,A01
201400041001,0,7,0,0.0,2.0,2.0,1.0,C01
201400041001,0,33,0,0.0,2.0,1.0,1.0,B01
201400041001,0,7,0,0.0,2.0,1.0,9.0,A01
201400041002,0,30,0,0.0,2.0,1.0,2.0,A01
201400041002,0,7,0,0.0,2.0,6.0,2.0,B01
201400041003,0,30,0,0.0,0.0,0.0,16.0,A01
201400041004,0,32,0,0.0,2.0,1.0,17.0,A01
201400041004,0,7,0,0.0,2.0,8.0,15.0,B01
201400041005,0,30,0,0.0,2.0,1.0,1.0,A01
201400041005,0,7,0,0.0,2.0,3.0,15.0,B01
201400041006,0,7,0,0.0,2.0,1.0,9.0,A01
201400041006,0,30,0,0.0,2.0,7.0,18.0,B01
201400041007,0,7,0,0.0,1.0,1.0,15.0,A01
201400041008,0,7,0,4.0,0.0,3.0,1.0,A01
201400041009,0,7,0,0.0,2.0,3.0,15.0,B01
201400041009,0,31,0,0.0,2.0,1.0,17.0,A01
201400041010,0,10,0,0.0,2.0,8.0,15.0,A01
201400041010,0,30,0,0.0,2.0,1.0,17.0,B01
201400041011,0,32,0,0.0,2.0,1.0,1.0,A01
201400041011,0,13,0,0.0,2.0,2.0,16.0,B01
201400041012,0,30,0,0.0,2.0,4.0,1.0,B01