Num_Acc,senc,catv,occutc,obs,obsm,choc,manv,num_veh
201400041012,0,7,0,0.0,2.0,5.0,17.0,A01
201400041013,0,7,0,0.0,1.0,3.0,1.0,A01
201400041014,0,7,0,0.0,2.0,1.0,1.0,B01
201400041014,0,7,0,0.0,2.0,1.0,15.0,A01
201400041015,0,7,0,6.0,0.0,3.0,1.0,A01
201400041016,0,7,0,0.0,1.0,3.0,1.0,A01
201400041017,0,3,0,0.0,1.0,1.0,1.0,A01
201400041018,0,7,0,0.0,2.0,1.0,1.0,B01
201400041018,0,33,0,0.0,2.0,1.0,15.0,A01
201400041019,0,10,0,0.0,1.0,1.0,1.0,A01
201400041020,0,7,0,0.0,2.0,8.0,1.0,B01
201400041020,0,7,0,0.0,2.0,1.0,1.0,A01
201400041021,0,7,0,4.0,0.0,1.0,1.0,A01
201400041022,0,31,0,0.0,2.0,1.0,7.0,A01
201400041022,0,7,0,0.0,2.0,2.0,16.0,B01
201400041023,0,7,0,0.0,2.0,7.0,1.0,B01
201400041023,0,7,0,0.0,2.0,1.0,1.0,A01
201400041024,0,30,0,8.0,0.0,1.0,1.0,A01
201400041025,0,7,0,0.0,1.0,1.0,1.0,A01
201400041026,0,37,30,0.0,2.0,1.0,1.0,B01
201400041026,0,7,0,0.0,2.0,2.0,16.0,A01
201400041027,0,32,0,0.0,2.0,1.0,1.0,B01
201400041027,0,7,0,0.0,2.0,2.0,16.0,A01
201400041028,0,33,0,0.0,2.0,1.0,1.0,B01
201400041028,0,7,0,0.0,2.0,6.0,10.0,A01
201400041029,0,7,0,0.0,2.0,1.0,15.0,A01
201400041029,0,7,0,0.0,2.0,1.0,1.0,B01
201400041030,0,7,0,4.0,0.0,1.0,1.0,A01
201400041031,0,30,0,0.0,0.0,0.0,1.0,A01
201400041032,0,7,0,0.0,2.0,1.0,23.0,B01
201400041032,0,7,0,0.0,2.0,1.0,1.0,A01
201400041033,0,7,0,4.0,0.0,3.0,1.0,A01
201400041034,1,7,0,0.0,2.0,1.0,24.0,C01
201400041034,0,1,0,0.0,2.0,1.0,17.0,A01
201400041034,0,33,0,0.0,2.0,1.0,1.0,B01
201400041035,0,7,0,0.0,2.0,2.0,1.0,B01
201400041035,0,30,0,1.0,2.0,1.0,9.0,A01
201400041036,0,7,0,0.0,2.0,2.0,9.0,A01
201400041036,0,7,0,0.0,2.0,2.0,1.0,B01
201400041037,0,1,0,0.0,2.0,8.0,16.0,B01
201400041037,0,7,0,0.0,2.0,2.0,14.0,A01
201400041038,1,33,0,0.0,2.0,4.0,0.0,B01
201400041038,0,7,0,0.0,2.0,1.0,9.0,A01
201400041039,0,33,0,0.0,1.0,1.0,1.0,A01
201400041040,0,30,0,0.0,2.0,7.0,1.0,B01
201400041040,0,10,0,0.0,2.0,8.0,9.0,A01
201400041041,0,7,0,1.0,0.0,2.0,14.0,A01
201400041042,0,7,0,0.0,2.0,1.0,15.0,A01
201400041042,0,7,0,0.0,2.0,1.0,1.0,B01
201400041043,0,1,0,1.0,0.0,1.0,1.0,B01
201400041043,0,7,0,0.0,2.0,8.0,24.0,A01
201400041044,0,7,0,0.0,2.0,2.0,1.0,B01
201400041044,0,7,0,0.0,2.0,3.0,1.0,A01
201400041045,0,33,0,0.0,2.0,1.0,17.0,B01
201400041045,0,7,0,0.0,2.0,8.0,9.0,A01
201400041046,0,32,0,0.0,2.0,1.0,1.0,B01
201400041046,0,30,0,0.0,2.0,7.0,15.0,A01
201400041047,0,32,0,14.0,0.0,0.0,14.0,A01
201400041048,0,1,0,13.0,0.0,1.0,1.0,A01
201400041049,0,7,0,0.0,2.0,8.0,9.0,A01
201400041049,0,7,0,0.0,2.0,1.0,1.0,B01
201400041050,0,31,0,0.0,1.0,1.0,17.0,A01
201400041051,0,7,0,1.0,0.0,1.0,13.0,A01
201400041052,0,7,0,0.0,1.0,1.0,1.0,A01
201400041053,0,7,0,0.0,2.0,8.0,9.0,A01
201400041053,0,33,0,0.0,2.0,1.0,1.0,B01
201400041054,0,7,0,0.0,1.0,1.0,1.0,A01
201400041055,0,7,0,0.0,2.0,3.0,15.0,A01
201400041055,0,33,0,0.0,2.0,7.0,1.0,B01
201400041056,0,33,0,0.0,2.0,1.0,1.0,A01
201400041056,0,7,0,0.0,2.0,5.0,23.0,B01
201400041057,0,33,0,4.0,0.0,8.0,1.0,A01
201400041058,0,30,0,0.0,0.0,0.0,1.0,A01
201400041058,0,30,0,0.0,0.0,0.0,1.0,B01
201400041059,0,2,0,0.0,2.0,1.0,1.0,A01
201400041059,0,7,0,0.0,2.0,3.0,1.0,B01
201400041060,0,7,0,0.0,2.0,2.0,15.0,A01
201400041060,0,33,0,0.0,2.0,1.0,1.0,B01
201400041061,0,1,0,0.0,0.0,1.0,1.0,A01
201400041062,0,1,0,0.0,1.0,1.0,1.0,A01
201400041063,0,1,0,0.0,2.0,1.0,1.0,A01
201400041063,0,7,0,0.0,2.0,4.0,23.0,B01
201400041064,1,1,0,0.0,1.0,1.0,1.0,A01
201400041065,0,2,0,0.0,2.0,1.0,1.0,A01
201400041065,0,7,0,0.0,2.0,4.0,1.0,B01
201400041066,0,7,0,4.0,0.0,3.0,1.0,A01
201400041067,0,1,0,0.0,2.0,1.0,1.0,A01
201400041067,0,7,0,0.0,2.0,2.0,1.0,B01
201400041068,0,7,0,9.0,0.0,1.0,21.0,A01
201400041069,0,1,0,0.0,0.0,0.0,1.0,A01
201400041070,0,7,0,0.0,2.0,4.0,23.0,C01
201400041070,0,7,0,0.0,2.0,4.0,23.0,B01
201400041070,0,7,0,0.0,2.0,1.0,1.0,A01
201400041071,0,7,0,0.0,2.0,2.0,24.0,A01
201400041071,0,37,20,0.0,2.0,3.0,1.0,B01
201400041072,0,7,0,0.0,2.0,4.0,23.0,B01
201400041072,0,7,0,0.0,2.0,1.0,1.0,A01
201400041073,0,7,0,0.0,2.0,7.0,1.0,B01
201400041073,0,10,0,0.0,2.0,1.0,1.0,A01
201400041074,0,32,0,0.0,0.0,0.0,1.0,A01
201400041075,0,33,0,0.0,0.0,0.0,9.0,B01
201400041075,0,7,0,8.0,0.0,7.0,1.0,A01
201400041076,0,3,0,8.0,0.0,1.0,1.0,A01
201400041077,0,7,0,0.0,1.0,1.0,1.0,A01
201400041078,0,1,0,0.0,2.0,1.0,1.0,B01
201400041078,0,7,0,0.0,2.0,6.0,15.0,A01
201400041079,0,10,0,1.0,1.0,6.0,0.0,A01
201400041080,0,33,0,0.0,2.0,2.0,1.0,B01
201400041080,0,7,0,0.0,2.0,1.0,15.0,A01
201400041081,0,34,0,0.0,1.0,1.0,1.0,A01
201400041082,0,7,0,0.0,1.0,1.0,17.0,A01
201400041083,0,7,0,0.0,1.0,1.0,15.0,A01
201400041084,0,3,0,0.0,2.0,7.0,9.0,A01
201400041084,0,33,0,0.0,2.0,1.0,1.0,B01
201400041085,0,32,0,0.0,0.0,0.0,1.0,A01
201400041086,0,30,0,0.0,2.0,1.0,17.0,B01
201400041086,0,7,0,0.0,2.0,2.0,9.0,A01
201400041087,0,7,0,0.0,2.0,7.0,15.0,A01
201400041087,0,2,0,0.0,2.0,1.0,18.0,B01
201400041088,0,7,0,0.0,1.0,1.0,1.0,A01
201400041089,0,7,0,0.0,0.0,0.0,0.0,A01
201400041089,0,34,0,0.0,0.0,0.0,1.0,B01
201400041090,0,7,0,6.0,2.0,1.0,1.0,A01
201400041090,0,1,0,0.0,2.0,8.0,1.0,B01
201400041091,0,1,0,0.0,0.0,0.0,1.0,A01
201400041092,0,7,0,0.0,2.0,6.0,13.0,A01
201400041092,0,15,0,0.0,2.0,1.0,14.0,B01
201400041093,0,31,0,0.0,2.0,1.0,17.0,B01
201400041093,0,7,0,0.0,2.0,6.0,10.0,A01
201400041094,0,30,0,0.0,1.0,1.0,1.0,A01
201400041095,0,2,0,1.0,0.0,1.0,1.0,A01
201400041096,0,7,0,0.0,2.0,0.0,15.0,A01
201400041096,0,33,0,0.0,2.0,1.0,17.0,B01
201400041097,0,7,0,0.0,1.0,1.0,1.0,A01
201400041098,0,7,0,0.0,2.0,3.0,1.0,B01
201400041098,0,1,0,0.0,2.0,1.0,16.0,A01
201400041099,0,2,0,0.0,2.0,1.0,1.0,A01
201400041099,0,7,0,0.0,2.0,4.0,1.0,B01
201400041100,0,7,0,9.0,0.0,1.0,15.0,A01
201400041101,0,7,0,0.0,2.0,1.0,1.0,B01
201400041101,0,7,0,0.0,2.0,4.0,2.0,A01
201400041102,0,7,0,0.0,2.0,1.0,1.0,A01
201400041102,0,32,0,0.0,2.0,4.0,23.0,B01
201400041103,0,7,0,0.0,2.0,5.0,10.0,A01
201400041103,0,33,0,0.0,2.0,1.0,1.0,B01
201400041104,0,32,0,0.0,1.0,1.0,21.0,A01
201400041105,0,13,0,0.0,2.0,4.0,23.0,B01
201400041105,0,7,0,0.0,2.0,1.0,1.0,A01
201400041106,0,30,0,0.0,0.0,0.0,2.0,A01
201400041107,0,7,0,0.0,1.0,1.0,15.0,A01
201400041108,0,30,0,0.0,1.0,1.0,17.0,A01
201400041109,0,32,0,0.0,0.0,0.0,2.0,A01
201400041110,0,7,0,0.0,0.0,4.0,2.0,B01
201400041110,0,13,0,0.0,2.0,1.0,2.0,A01
201400041111,0,30,0,0.0,1.0,1.0,21.0,A01
201400041112,0,7,0,0.0,2.0,1.0,2.0,A01
201400041112,0,33,0,0.0,2.0,1.0,2.0,B01
201400041113,0,10,0,0.0,1.0,4.0,4.0,A01
201400041114,0,7,0,0.0,2.0,3.0,20.0,B01
201400041114,0,1,0,0.0,2.0,1.0,1.0,A01
201400041115,0,30,0,0.0,1.0,2.0,1.0,A01
201400041116,0,7,0,0.0,2.0,1.0,9.0,A01
201400041116,0,31,0,0.0,2.0,2.0,1.0,B01
201400041117,0,37,0,1.0,0.0,2.0,21.0,A01
201400041118,0,2,0,15.0,0.0,2.0,0.0,A01
201400041119,0,7,0,0.0,2.0,4.0,15.0,B01
201400041119,0,33,0,0.0,2.0,1.0,2.0,A01
201400041120,0,7,0,0.0,2.0,1.0,16.0,A01
201400041120,0,7,0,0.0,2.0,4.0,23.0,B01
201400041121,0,7,0,0.0,1.0,2.0,1.0,A01
201400041122,0,7,0,0.0,2.0,8.0,22.0,A01
201400041122,0,1,0,0.0,2.0,1.0,1.0,B01
201400041123,0,7,0,0.0,2.0,1.0,15.0,A01
201400041123,0,30,0,0.0,2.0,1.0,2.0,B01
201400041124,0,7,0,15.0,2.0,4.0,2.0,A01
201400041125,0,7,0,0.0,1.0,4.0,0.0,A01
201400041126,0,7,0,0.0,2.0,1.0,1.0,B01
201400041126,0,33,0,0.0,2.0,4.0,11.0,A01
201400041127,0,30,0,1.0,0.0,7.0,15.0,A01
201400041128,0,10,0,0.0,2.0,1.0,15.0,A01
201400041128,0,33,0,0.0,2.0,1.0,1.0,B01
201400041129,0,31,0,0.0,2.0,6.0,3.0,A01
201400041129,0,7,0,0.0,0.0,7.0,2.0,B01
201400041129,1,7,0,0.0,2.0,8.0,11.0,Z01
201400041130,0,7,0,0.0,2.0,7.0,15.0,B01
201400041130,0,34,0,0.0,2.0,1.0,1.0,A01
201400041131,0,7,0,6.0,0.0,1.0,0.0,A01
201400041132,0,7,0,0.0,1.0,3.0,15.0,A01
201400041133,0,7,0,0.0,0.0,3.0,1.0,C01
201400041133,0,7,0,0.0,2.0,8.0,22.0,A01
201400041133,0,33,0,0.0,2.0,7.0,17.0,B01
201400041134,0,34,0,0.0,2.0,3.0,1.0,B01
201400041134,0,7,0,0.0,2.0,3.0,10.0,A01
201400041135,0,7,0,16.0,9.0,2.0,15.0,A01
201400041135,0,1,0,0.0,2.0,2.0,19.0,B01
201400041136,0,7,0,0.0,1.0,1.0,1.0,A01
201400041137,0,33,0,0.0,0.0,1.0,0.0,B01
201400041137,0,7,0,0.0,0.0,5.0,1.0,A01
201400041138,0,30,0,0.0,2.0,1.0,1.0,B01
201400041138,0,31,0,0.0,2.0,1.0,10.0,A01
201400041139,0,33,0,0.0,2.0,1.0,1.0,A01
201400041139,0,7,0,0.0,2.0,5.0,21.0,B01
201400041140,0,7,0,0.0,1.0,1.0,15.0,A01
201400041141,0,7,0,0.0,2.0,3.0,15.0,A01
201400041141,0,7,0,0.0,2.0,3.0,1.0,B01
201400041142,0,14,0,0.0,2.0,7.0,1.0,B01
201400041142,0,10,0,12.0,2.0,7.0,1.0,A01
201400041143,0,7,0,0.0,2.0,1.0,10.0,A01
201400041143,0,7,0,0.0,2.0,8.0,1.0,B01
201400041144,0,32,0,8.0,0.0,1.0,1.0,A01
201400041145,0,7,0,0.0,2.0,1.0,21.0,A01
201400041145,0,32,0,0.0,2.0,4.0,23.0,B01
201400041146,0,10,0,0.0,2.0,1.0,2.0,A01
201400041146,0,7,0,0.0,2.0,4.0,2.0,B01
201400041147,0,32,0,0.0,0.0,8.0,15.0,A01
201400041148,0,30,0,0.0,2.0,1.0,1.0,B01
201400041148,0,7,0,0.0,2.0,2.0,15.0,A01
201400041149,0,7,0,8.0,0.0,1.0,17.0,A01
201400041150,0,32,0,0.0,2.0,1.0,23.0,B01
201400041150,0,7,0,0.0,2.0,4.0,4.0,A01
201400041151,0,1,0,0.0,0.0,0.0,21.0,A01
201400041152,0,33,0,0.0,2.0,2.0,17.0,A01
201400041152,0,7,0,0.0,0.0,3.0,1.0,C01
201400041152,0,7,0,0.0,2.0,3.0,1.0,B01
201400041153,0,30,0,8.0,0.0,1.0,13.0,A01
201400041154,0,7,0,0.0,2.0,3.0,9.0,A01
201400041154,0,7,0,0.0,2.0,2.0,1.0,B01
201400041155,0,30,0,0.0,0.0,1.0,0.0,A01
201400041156,0,34,0,12.0,0.0,7.0,14.0,A01
201400041157,0,1,0,12.0,0.0,1.0,0.0,A01
201400041158,0,7,0,0.0,2.0,3.0,15.0,A01
201400041158,0,31,0,0.0,2.0,2.0,17.0,B01
201400041159,0,7,0,0.0,2.0,1.0,2.0,A01
201400041159,0,7,0,0.0,2.0,4.0,2.0,B01
201400041160,0,30,0,0.0,1.0,2.0,17.0,A01
201400041161,0,7,0,0.0,2.0,3.0,13.0,A01
201400041161,0,34,0,0.0,2.0,7.0,1.0,B01
201400041162,0,7,0,0.0,1.0,1.0,1.0,A01
201400041163,0,34,0,0.0,1.0,1.0,0.0,A01
201400041163,0,33,0,0.0,0.0,8.0,21.0,B01
201400041164,0,2,0,0.0,2.0,1.0,1.0,B01
201400041164,0,7,0,0.0,2.0,1.0,15.0,A01
201400041165,0,7,0,0.0,1.0,1.0,1.0,A01
201400041166,0,30,0,0.0,2.0,1.0,7.0,B01
201400041166,0,7,0,0.0,2.0,7.0,16.0,A01
201400041167,0,32,0,0.0,2.0,7.0,17.0,A01
201400041167,0,13,0,0.0,2.0,0.0,1.0,B01
201400041168,0,30,0,0.0,0.0,0.0,21.0,A01
201400041169,0,7,0,0.0,1.0,2.0,1.0,A01
201400041170,0,31,0,0.0,0.0,0.0,1.0,A01
201400041171,0,7,0,1.0,0.0,1.0,14.0,A01
201400041172,0,7,0,0.0,2.0,4.0,2.0,A01
201400041172,0,7,0,0.0,2.0,1.0,2.0,B01
201400041173,0,30,0,0.0,2.0,3.0,16.0,A01
201400041173,0,7,0,0.0,2.0,3.0,1.0,B01
201400041174,0,32,0,0.0,0.0,0.0,21.0,A01
201400041175,0,7,0,0.0,1.0,3.0,1.0,A01
201400041176,0,1,0,0.0,2.0,1.0,1.0,B01
201400041176,0,7,0,0.0,2.0,3.0,15.0,A01
201400041177,0,33,0,0.0,2.0,7.0,17.0,B01
201400041177,0,7,0,0.0,2.0,3.0,15.0,A01
201400041178,0,7,0,0.0,2.0,1.0,15.0,A01
201400041178,0,32,0,0.0,2.0,1.0,1.0,B01
201400041179,0,7,0,0.0,2.0,1.0,1.0,B01
201400041179,0,7,0,0.0,2.0,8.0,1.0,A01
201400041180,0,10,0,0.0,1.0,3.0,1.0,A01
201400041181,0,2,0,0.0,2.0,1.0,17.0,B01
201400041181,0,7,0,0.0,2.0,3.0,9.0,A01
201400041182,0,7,0,0.0,2.0,6.0,1.0,A01
201400041182,0,32,0,0.0,2.0,7.0,17.0,B01
201400041183,0,34,0,0.0,2.0,1.0,1.0,B01
201400041183,1,7,0,0.0,2.0,1.0,1.0,Z01
201400041184,0,7,0,2.0,0.0,1.0,1.0,A01
201400041185,0,7,0,0.0,1.0,2.0,1.0,A01
201400041186,0,31,0,0.0,1.0,0.0,1.0,A01
201400041187,0,1,0,0.0,2.0,8.0,1.0,B01
201400041187,0,7,0,0.0,2.0,3.0,15.0,A01
201400041188,0,7,0,0.0,2.0,1.0,15.0,B01
201400041188,0,1,0,0.0,2.0,8.0,1.0,A01
201400041189,0,7,0,6.0,0.0,2.0,1.0,A01
201400041190,0,7,0,0.0,1.0,3.0,1.0,A01
201400041191,0,32,0,0.0,0.0,8.0,1.0,A01
201400041192,0,10,0,0.0,2.0,2.0,1.0,B01
201400041192,0,10,0,0.0,2.0,1.0,5.0,A01
201400041193,0,2,0,8.0,0.0,1.0,1.0,A01
201400041194,0,7,0,12.0,0.0,9.0,1.0,A01
201400041195,0,34,0,0.0,2.0,1.0,1.0,A01
201400041195,1,7,0,0.0,2.0,0.0,10.0,Z01
201400041196,0,7,0,0.0,2.0,1.0,15.0,A01
201400041196,0,7,0,0.0,2.0,1.0,1.0,B01
201400041197,0,7,0,0.0,2.0,8.0,15.0,A01
201400041197,0,2,0,0.0,2.0,1.0,1.0,B01
201400041198,0,2,0,12.0,0.0,7.0,1.0,A01
201400041199,0,7,0,0.0,1.0,4.0,4.0,A01
201400041200,0,7,0,0.0,2.0,3.0,19.0,A01
201400041200,0,33,0,0.0,2.0,1.0,1.0,B01
201400041201,0,37,2,1.0,0.0,3.0,13.0,A01
201400041202,0,2,0,1.0,0.0,8.0,1.0,A01
201400041202,1,7,0,0.0,0.0,5.0,0.0,B01
201400041203,0,7,0,15.0,0.0,1.0,1.0,A01
201400041204,0,7,0,0.0,2.0,1.0,1.0,A01
201400041204,0,1,0,0.0,2.0,7.0,1.0,B01
201400041205,0,7,0,0.0,2.0,3.0,1.0,A01
201400041205,0,7,0,0.0,2.0,3.0,15.0,B01
201400041206,0,10,0,0.0,2.0,3.0,15.0,A01
201400041206,0,7,0,0.0,2.0,3.0,1.0,B01
201400041207,0,30,0,0.0,0.0,7.0,21.0,B01
201400041207,0,7,0,0.0,0.0,0.0,15.0,A01
201400041208,0,10,0,1.0,2.0,6.0,11.0,A01
201400041208,0,14,0,0.0,2.0,2.0,1.0,B01
201400041209,0,31,0,12.0,0.0,1.0,20.0,A01
201400041210,0,7,0,0.0,1.0,1.0,1.0,A01
201400041211,0,33,0,0.0,2.0,8.0,1.0,A01
201400041211,0,7,0,0.0,0.0,2.0,7.0,B01
201400041212,0,7,0,0.0,2.0,3.0,15.0,A01
201400041212,0,1,0,0.0,2.0,0.0,1.0,B01
201400041213,0,1,0,0.0,2.0,1.0,1.0,B01
201400041213,0,7,0,0.0,2.0,2.0,15.0,A01
201400041214,0,7,0,0.0,0.0,4.0,2.0,B01
201400041214,0,7,0,0.0,2.0,1.0,2.0,A01
201400041215,0,7,0,0.0,2.0,0.0,15.0,A01
201400041215,0,33,0,0.0,2.0,0.0,17.0,B01
201400041216,0,31,0,0.0,2.0,1.0,1.0,A01
201400041216,0,10,0,0.0,2.0,3.0,15.0,B01
201400041217,2,10,0,0.0,2.0,1.0,16.0,A01
201400041217,0,37,1,0.0,2.0,3.0,1.0,B01
201400041218,0,30,0,0.0,2.0,7.0,9.0,B01
201400041218,0,7,0,0.0,2.0,2.0,1.0,A01
201400041219,0,30,0,0.0,2.0,8.0,1.0,B01
201400041219,0,7,0,0.0,2.0,7.0,14.0,A01
201400041220,0,32,0,0.0,2.0,1.0,1.0,A01
201400041220,0,7,0,0.0,2.0,2.0,14.0,B01
201400041221,0,7,0,0.0,2.0,3.0,15.0,B01
201400041221,0,2,0,0.0,2.0,1.0,0.0,A01
201400041222,0,33,0,0.0,2.0,7.0,1.0,B01
201400041222,0,7,0,0.0,2.0,8.0,23.0,A01
201400041223,0,7,0,1.0,0.0,2.0,1.0,A01
201400041224,0,7,0,0.0,1.0,1.0,15.0,A01
201400041225,0,13,0,0.0,2.0,3.0,1.0,A01
201400041225,0,7,0,0.0,2.0,6.0,15.0,B01
201400041226,0,7,0,1.0,0.0,2.0,14.0,A01
201400041227,0,7,0,0.0,2.0,6.0,1.0,B01
201400041227,0,2,0,0.0,2.0,1.0,1.0,A01
201400041228,0,7,0,0.0,2.0,4.0,1.0,B01
201400041228,1,7,0,0.0,2.0,1.0,1.0,Z01
201400041229,0,7,0,0.0,1.0,2.0,1.0,A01
201400041230,0,33,0,0.0,2.0,1.0,1.0,A01
201400041230,0,10,0,0.0,2.0,6.0,15.0,B01
201400041231,0,37,4,0.0,2.0,0.0,1.0,B01
201400041231,0,7,0,0.0,2.0,0.0,16.0,A01
201400041232,0,32,0,0.0,2.0,1.0,1.0,B01
201400041232,0,7,0,0.0,2.0,3.0,10.0,A01
201400041233,1,7,0,0.0,1.0,0.0,1.0,A01
201400041234,0,1,0,0.0,1.0,1.0,1.0,A01
201400041235,0,1,0,0.0,2.0,0.0,1.0,B01
201400041235,0,7,0,0.0,2.0,3.0,9.0,A01
201400041236,0,1,0,0.0,0.0,8.0,15.0,B01
201400041236,0,33,0,0.0,2.0,1.0,17.0,A01
201400041237,0,33,0,1.0,0.0,1.0,1.0,A01
201400041238,0,1,0,8.0,0.0,1.0,1.0,A01
201400041239,1,7,0,0.0,0.0,0.0,15.0,Z01
201400041239,0,32,0,15.0,0.0,1.0,1.0,A01
201400041240,0,34,0,0.0,2.0,1.0,21.0,A01
201400041240,0,10,0,0.0,2.0,1.0,20.0,B01
201400041241,0,30,0,0.0,1.0,0.0,1.0,A01
201400041242,0,30,0,0.0,0.0,0.0,1.0,A01
201400041243,0,37,1,0.0,0.0,0.0,23.0,B01
201400041243,0,7,0,0.0,1.0,2.0,1.0,A01
201400041244,0,7,0,0.0,1.0,2.0,1.0,A01
201400041245,0,34,0,0.0,2.0,2.0,21.0,A01
201400041245,0,10,0,0.0,2.0,5.0,15.0,B01
201400041246,0,31,0,0.0,0.0,0.0,21.0,A01
201400041247,0,7,0,0.0,2.0,1.0,16.0,A01
201400041247,0,33,0,0.0,2.0,7.0,1.0,B01
201400041248,0,7,0,0.0,1.0,4.0,4.0,A01
201400041249,0,10,0,0.0,0.0,0.0,16.0,A01
201400041249,0,32,0,0.0,0.0,8.0,2.0,B01
201400041250,0,37,1,0.0,0.0,0.0,1.0,A01
201400041251,0,33,0,0.0,2.0,7.0,1.0,B01
201400041251,0,10,0,0.0,2.0,1.0,1.0,A01
201400041252,0,2,0,0.0,2.0,0.0,1.0,A01
201400041252,0,10,0,0.0,0.0,0.0,1.0,B01
201400041253,0,33,0,0.0,0.0,0.0,1.0,A01
201400041254,0,31,0,14.0,0.0,0.0,1.0,A01
201400041254,0,7,0,0.0,0.0,0.0,15.0,B01
201400041255,0,10,0,0.0,2.0,2.0,15.0,A01
201400041255,0,31,0,0.0,2.0,1.0,1.0,B01
201400041256,0,2,0,0.0,0.0,7.0,1.0,A01
201400041257,0,32,0,0.0,2.0,7.0,1.0,B01
201400041257,0,7,0,0.0,0.0,0.0,12.0,A01
201400041258,0,7,0,0.0,1.0,1.0,1.0,A01
201400041259,0,10,0,0.0,1.0,4.0,4.0,A01
201400041260,0,7,0,0.0,2.0,5.0,15.0,A01
201400041260,0,31,0,0.0,2.0,1.0,1.0,B01
201400041261,0,30,0,9.0,0.0,1.0,0.0,A01
201400041262,0,7,0,0.0,1.0,7.0,1.0,A01
201400041263,0,7,0,0.0,1.0,2.0,1.0,A01
201400041264,0,2,0,0.0,2.0,1.0,1.0,B01
201400041264,0,7,0,0.0,2.0,6.0,11.0,A01
201400041265,0,20,0,0.0,2.0,2.0,2.0,B01
201400041265,0,7,0,0.0,2.0,3.0,19.0,A01
201400041266,0,10,0,0.0,2.0,4.0,2.0,B01
201400041266,0,7,0,0.0,2.0,1.0,2.0,A01
201400041267,0,2,0,0.0,2.0,1.0,1.0,A01
201400041267,0,7,0,0.0,2.0,3.0,1.0,B01
201400041268,0,7,0,0.0,1.0,2.0,16.0,A01
201400041269,0,7,0,0.0,2.0,3.0,1.0,A01
201400041269,0,7,0,0.0,2.0,5.0,1.0,B01
201400041270,0,1,0,1.0,0.0,1.0,0.0,A01
201400041270,0,7,0,0.0,2.0,8.0,22.0,B01
201400041271,0,7,0,0.0,1.0,1.0,1.0,A01
201400041272,0,7,0,0.0,2.0,8.0,10.0,A01
201400041272,0,32,0,0.0,2.0,2.0,1.0,B01
201400041273,0,7,0,0.0,0.0,1.0,2.0,A01
201400041273,0,7,0,0.0,0.0,4.0,23.0,B01
201400041274,0,7,0,14.0,0.0,1.0,1.0,B01
201400041274,0,30,0,0.0,2.0,8.0,23.0,A01
201400041275,0,7,0,0.0,0.0,1.0,2.0,A01
201400041275,0,7,0,0.0,0.0,4.0,23.0,B01
201400041276,0,7,0,9.0,0.0,3.0,13.0,A01
201400041277,0,2,0,1.0,0.0,8.0,22.0,B01
201400041277,0,10,0,0.0,2.0,7.0,24.0,A01
201400041278,0,7,0,0.0,1.0,1.0,1.0,A01
201400041279,0,7,0,0.0,1.0,1.0,1.0,A01
201400041280,0,33,0,14.0,0.0,1.0,13.0,A01
201400041281,0,7,0,0.0,1.0,1.0,0.0,A01
201400041282,1,37,0,0.0,1.0,8.0,1.0,A01
201400041283,1,7,0,0.0,2.0,1.0,15.0,A01
201400041283,0,7,0,0.0,2.0,7.0,1.0,B01
201400041284,0,32,0,0.0,0.0,8.0,16.0,A01
201400041285,0,31,0,14.0,0.0,1.0,1.0,A01
201400041286,1,7,0,0.0,2.0,1.0,15.0,A01
201400041286,0,32,0,0.0,2.0,7.0,1.0,B01
201400041287,0,7,0,0.0,0.0,4.0,1.0,C01
201400041287,0,3,0,0.0,2.0,8.0,1.0,B01
201400041287,0,7,0,0.0,2.0,2.0,12.0,A01
201400041288,0,7,0,0.0,1.0,3.0,1.0,A01
201400041289,0,7,0,0.0,2.0,1.0,1.0,A01
201400041289,0,7,0,0.0,2.0,4.0,23.0,B01
201400041290,0,32,0,0.0,0.0,7.0,1.0,A01
201400041291,0,7,0,0.0,1.0,2.0,1.0,A01
201400041292,0,31,0,8.0,0.0,2.0,1.0,A01
201400041293,0,7,0,1.0,2.0,2.0,18.0,A01
201400041293,0,7,0,0.0,0.0,6.0,1.0,B01
201400041293,0,7,0,0.0,2.0,7.0,1.0,C01
201400041294,0,7,0,0.0,1.0,6.0,2.0,A01
201400041295,0,2,0,12.0,0.0,1.0,1.0,A01
201400041296,0,7,0,0.0,0.0,4.0,23.0,B01
201400041296,0,7,0,0.0,2.0,1.0,2.0,A01
201400041297,0,7,0,0.0,2.0,1.0,2.0,A01
201400041297,0,10,0,0.0,0.0,4.0,23.0,B01
201400041298,0,30,0,0.0,2.0,3.0,1.0,B01
201400041298,0,33,0,0.0,2.0,1.0,1.0,A01
201400041299,0,31,0,0.0,0.0,8.0,1.0,A01
201400041300,0,7,0,0.0,2.0,1.0,1.0,A01
201400041300,0,7,0,0.0,0.0,4.0,1.0,B01
201400041301,0,7,0,0.0,2.0,7.0,1.0,A01
201400041301,0,7,0,0.0,2.0,1.0,15.0,B01
201400041302,0,7,0,0.0,1.0,5.0,4.0,A01
201400041303,0,32,0,0.0,0.0,8.0,1.0,A01
201400041304,0,33,0,0.0,0.0,0.0,1.0,A01
201400041305,0,7,0,0.0,2.0,1.0,2.0,A01
201400041305,0,30,0,0.0,2.0,0.0,2.0,B01