Num_Acc,senc,catv,occutc,obs,obsm,choc,manv,num_veh
201400041306,0,7,0,0.0,2.0,1.0,2.0,A01
201400041306,0,7,0,0.0,0.0,2.0,23.0,E01
201400041306,0,31,0,0.0,0.0,4.0,23.0,D01
201400041306,0,31,0,0.0,0.0,4.0,23.0,C01
201400041306,0,7,0,0.0,0.0,4.0,23.0,B01
201400041307,0,7,0,0.0,2.0,7.0,2.0,C01
201400041307,0,7,0,0.0,2.0,9.0,21.0,A01
201400041307,0,10,0,0.0,2.0,6.0,1.0,B01
201400041308,0,32,0,12.0,0.0,1.0,1.0,A01
201400041309,0,7,0,0.0,1.0,2.0,15.0,A01
201400041310,0,7,0,0.0,2.0,1.0,2.0,B01
201400041310,0,7,0,0.0,2.0,8.0,1.0,A01
201400041311,0,31,0,0.0,0.0,0.0,3.0,A01
201400041312,0,10,0,0.0,2.0,5.0,1.0,A01
201400041312,0,33,0,0.0,2.0,1.0,1.0,B01
201400041313,0,33,0,0.0,0.0,4.0,23.0,B01
201400041313,1,7,0,0.0,2.0,1.0,1.0,A01
201400041314,0,38,1,0.0,2.0,2.0,1.0,A01
201400041314,0,7,0,0.0,2.0,6.0,23.0,B01
201400041315,0,7,0,12.0,2.0,5.0,15.0,B01
201400041315,0,7,0,9.0,2.0,1.0,1.0,A01
201400041316,1,32,0,16.0,0.0,7.0,1.0,A01
201400041317,0,7,0,0.0,1.0,3.0,1.0,A01
201400041318,0,7,0,0.0,2.0,7.0,16.0,A01
201400041318,0,33,0,0.0,2.0,3.0,1.0,B01
201400041319,0,7,0,0.0,2.0,3.0,11.0,A01
201400041319,0,33,0,0.0,2.0,7.0,11.0,B01
201400041320,0,7,0,0.0,2.0,1.0,1.0,A01
201400041320,0,7,0,0.0,0.0,4.0,23.0,B01
201400041321,0,30,0,0.0,2.0,1.0,5.0,A01
201400041321,0,10,0,0.0,2.0,1.0,15.0,B01
201400041322,0,7,0,0.0,0.0,6.0,15.0,B01
201400041322,0,7,0,0.0,2.0,6.0,15.0,A01
201400041323,0,7,0,0.0,2.0,1.0,9.0,A01
201400041323,0,7,0,0.0,2.0,3.0,9.0,B01
201400041324,0,32,0,0.0,2.0,1.0,1.0,A01
201400041324,0,7,0,0.0,2.0,3.0,15.0,B01
201400041325,0,30,0,1.0,0.0,2.0,14.0,A01
201400041326,0,7,0,0.0,2.0,8.0,0.0,A01
201400041326,0,7,0,1.0,0.0,0.0,0.0,B01
201400041327,0,15,0,0.0,9.0,2.0,1.0,A01
201400041327,0,1,0,0.0,2.0,0.0,0.0,B01
201400041328,0,7,0,0.0,2.0,1.0,2.0,A01
201400041328,0,14,0,0.0,2.0,4.0,2.0,B01
201400041329,0,7,0,15.0,2.0,6.0,1.0,A01
201400041329,0,7,0,0.0,2.0,1.0,9.0,B01
201400041330,0,7,0,0.0,2.0,1.0,2.0,A01
201400041330,0,7,0,0.0,2.0,1.0,2.0,B01
201400041330,0,7,0,0.0,0.0,4.0,3.0,C01
201400041331,0,7,0,0.0,2.0,1.0,2.0,A01
201400041331,0,7,0,0.0,0.0,4.0,1.0,B01
201400041332,2,7,0,0.0,2.0,4.0,4.0,Z01
201400041332,0,33,0,0.0,2.0,4.0,0.0,A01
201400041333,0,2,0,1.0,2.0,3.0,0.0,A01
201400041334,0,7,0,0.0,2.0,7.0,0.0,B01
201400041334,0,30,0,0.0,2.0,1.0,9.0,A01
201400041335,0,37,0,0.0,1.0,8.0,0.0,B01
201400041336,0,30,0,0.0,2.0,1.0,0.0,B01
201400041336,0,7,0,0.0,2.0,1.0,0.0,A01
201400041337,0,30,0,0.0,2.0,0.0,5.0,A01
201400041337,0,7,0,0.0,2.0,2.0,0.0,B01
201400041338,0,7,0,0.0,1.0,1.0,1.0,A01
201400041339,0,7,0,0.0,0.0,5.0,22.0,A01
201400041339,0,1,0,0.0,0.0,1.0,18.0,B01
201400041340,0,33,0,0.0,1.0,8.0,2.0,A01
201400041341,0,7,0,0.0,1.0,4.0,4.0,A01
201400041342,0,30,0,0.0,2.0,3.0,15.0,A01
201400041342,0,7,0,0.0,0.0,2.0,16.0,B01
201400041343,0,7,0,0.0,2.0,2.0,1.0,A01
201400041343,0,30,0,0.0,2.0,1.0,16.0,B01
201400041344,0,10,0,0.0,2.0,8.0,15.0,A01
201400041344,0,34,0,0.0,2.0,7.0,2.0,B01
201400041345,1,30,0,0.0,1.0,1.0,0.0,Z01
201400041346,0,7,0,0.0,2.0,1.0,2.0,A01
201400041346,0,7,0,0.0,2.0,4.0,2.0,B01
201400041346,0,7,0,0.0,2.0,4.0,2.0,C01
201400041346,0,7,0,0.0,0.0,4.0,2.0,D01
201400041347,0,7,0,0.0,0.0,2.0,19.0,A01
201400041347,0,14,0,0.0,2.0,5.0,15.0,B01
201400041348,1,33,0,0.0,1.0,1.0,0.0,A01
201400041349,0,32,0,14.0,0.0,1.0,1.0,A01
201400041350,0,7,0,0.0,1.0,3.0,0.0,A01
201400041351,0,7,0,0.0,2.0,3.0,10.0,A01
201400041351,0,34,0,0.0,2.0,2.0,17.0,B01
201400041352,0,34,0,0.0,2.0,1.0,3.0,A01
201400041352,0,7,0,0.0,2.0,3.0,15.0,B01
201400041353,0,2,0,0.0,2.0,1.0,2.0,A01
201400041353,0,7,0,0.0,2.0,3.0,11.0,B01
201400041354,0,7,0,0.0,2.0,7.0,12.0,A01
201400041354,0,37,35,0.0,2.0,3.0,1.0,B01
201400041355,0,7,0,0.0,1.0,4.0,4.0,A01
201400041356,0,34,0,0.0,0.0,9.0,2.0,A01
201400041356,0,7,0,0.0,0.0,6.0,2.0,B01
201400041357,0,10,0,0.0,2.0,3.0,14.0,A01
201400041357,0,7,0,0.0,0.0,5.0,0.0,B01
201400041358,0,30,0,0.0,1.0,0.0,1.0,A01
201400041359,0,7,0,0.0,1.0,7.0,0.0,A01
201400041360,1,32,0,0.0,1.0,0.0,0.0,Z01
201400041361,0,7,0,0.0,2.0,2.0,1.0,A01
201400041361,0,34,0,0.0,2.0,1.0,1.0,B01
201400041362,0,7,0,1.0,0.0,7.0,1.0,A01
201400041362,0,7,0,0.0,2.0,3.0,1.0,B01
201400041363,0,2,0,0.0,2.0,1.0,0.0,A01
201400041363,0,7,0,0.0,0.0,0.0,0.0,B01
201400041364,0,7,0,0.0,1.0,1.0,1.0,A01
201400041365,0,7,0,0.0,0.0,3.0,1.0,B01
201400041365,0,33,0,0.0,0.0,1.0,1.0,A01
201400041366,0,3,0,0.0,1.0,2.0,2.0,A01
201400041367,0,7,0,0.0,2.0,7.0,2.0,B01
201400041367,0,7,0,0.0,2.0,1.0,2.0,A01
201400041368,0,7,0,0.0,2.0,2.0,1.0,A01
201400041368,0,10,0,0.0,2.0,3.0,1.0,B01
201400041369,0,34,0,0.0,0.0,1.0,17.0,A01
201400041369,0,7,0,0.0,2.0,3.0,15.0,B01
201400041370,0,1,0,0.0,2.0,3.0,17.0,A01
201400041370,0,7,0,0.0,9.0,3.0,1.0,B01
201400041371,0,7,0,0.0,1.0,3.0,1.0,A01
201400041372,0,33,0,1.0,2.0,3.0,1.0,A01
201400041372,0,7,0,0.0,2.0,2.0,11.0,B01
201400041373,1,7,0,0.0,1.0,0.0,0.0,Z01
201400041374,0,10,0,0.0,0.0,4.0,2.0,A01
201400041374,0,7,0,0.0,2.0,1.0,2.0,B01
201400041374,0,7,0,0.0,0.0,4.0,2.0,C01
201400041375,0,34,0,0.0,0.0,0.0,1.0,A01
201400041376,0,7,0,0.0,2.0,2.0,1.0,A01
201400041376,0,34,0,0.0,2.0,2.0,1.0,B01
201400041377,0,1,0,0.0,2.0,8.0,1.0,A01
201400041377,1,30,0,0.0,9.0,1.0,2.0,Z01
201400041378,0,7,0,0.0,2.0,8.0,1.0,A01
201400041378,0,1,0,1.0,0.0,1.0,1.0,B01
201400041379,0,1,0,0.0,2.0,8.0,2.0,A01
201400041379,0,7,0,0.0,9.0,7.0,2.0,B01
201400041380,0,30,0,0.0,2.0,6.0,2.0,A01
201400041380,0,7,0,0.0,2.0,6.0,2.0,B01
201400041381,0,32,0,0.0,2.0,2.0,15.0,A01
201400041381,0,7,0,0.0,9.0,6.0,15.0,B01
201400041382,0,7,0,14.0,0.0,2.0,15.0,A01
201400041382,0,33,0,0.0,2.0,1.0,1.0,B01
201400041383,0,7,0,0.0,2.0,2.0,1.0,B01
201400041383,1,7,0,0.0,2.0,2.0,10.0,A01
201400041384,0,32,0,0.0,2.0,3.0,1.0,A01
201400041384,1,7,0,0.0,2.0,2.0,1.0,Z01
201400041385,1,7,0,0.0,1.0,0.0,0.0,A01
201400041386,0,7,0,0.0,2.0,1.0,1.0,A01
201400041386,0,7,0,0.0,2.0,4.0,2.0,B01
201400041386,0,7,0,0.0,2.0,4.0,2.0,C01
201400041386,0,7,0,0.0,2.0,5.0,2.0,D01
201400041387,0,7,0,0.0,0.0,4.0,0.0,A01
201400041387,0,7,0,0.0,0.0,1.0,1.0,B01
201400041388,0,32,0,0.0,2.0,1.0,2.0,A01
201400041388,0,32,0,0.0,0.0,6.0,2.0,B01
201400041389,0,32,0,0.0,2.0,1.0,17.0,A01
201400041389,0,7,0,0.0,2.0,3.0,20.0,B01
201400041389,0,7,0,0.0,2.0,6.0,1.0,C01
201400041390,0,3,0,0.0,1.0,3.0,1.0,A01
201400041391,0,34,0,0.0,0.0,7.0,1.0,A01
201400041391,0,7,0,0.0,0.0,6.0,15.0,B01
201400041392,0,7,0,0.0,1.0,3.0,1.0,A01
201400041393,0,31,0,0.0,1.0,1.0,2.0,A01
201400041394,0,31,0,0.0,0.0,7.0,1.0,A01
201400041394,0,7,0,0.0,0.0,1.0,16.0,B01
201400041395,1,30,0,0.0,0.0,0.0,0.0,A01
201400041396,0,7,0,0.0,1.0,3.0,1.0,A01
201400041397,0,7,0,0.0,2.0,3.0,15.0,A01
201400041397,0,30,0,0.0,2.0,2.0,1.0,B01
201400041398,0,7,0,0.0,1.0,1.0,0.0,A01
201400041399,0,7,0,0.0,0.0,7.0,1.0,A01
201400041399,1,30,0,0.0,0.0,1.0,3.0,B01
201400041400,0,7,0,0.0,2.0,1.0,0.0,A01
201400041400,0,7,0,0.0,0.0,7.0,0.0,B01
201400041401,0,7,0,0.0,1.0,4.0,4.0,A01
201400041402,0,7,0,0.0,1.0,0.0,0.0,A01
201400041403,0,7,0,0.0,0.0,1.0,15.0,A01
201400041403,0,1,0,0.0,0.0,1.0,1.0,B01
201400041404,0,33,0,0.0,2.0,1.0,1.0,B01
201400041404,0,7,0,0.0,2.0,2.0,15.0,A01
201400041405,0,37,1,0.0,1.0,1.0,1.0,A01
201400041406,0,7,0,0.0,1.0,1.0,15.0,A01
201400041407,0,7,0,0.0,1.0,3.0,0.0,A01
201400041408,0,7,0,0.0,1.0,2.0,2.0,A01
201400041408,0,7,0,0.0,2.0,6.0,2.0,B01
201400041409,0,34,0,1.0,2.0,1.0,1.0,A01
201400041409,1,99,0,0.0,0.0,1.0,11.0,Z01
201400041410,0,7,0,3.0,0.0,1.0,0.0,A01
201400041411,0,7,0,0.0,2.0,1.0,1.0,A01
201400041411,0,7,0,0.0,2.0,4.0,1.0,B01
201400041412,0,10,0,0.0,2.0,1.0,1.0,A01
201400041412,0,7,0,0.0,2.0,2.0,1.0,B01
201400041413,0,30,0,0.0,1.0,7.0,5.0,B01
201400041413,1,7,0,0.0,2.0,8.0,5.0,Z01
201400041414,0,3,0,0.0,2.0,3.0,15.0,A01
201400041414,0,32,0,0.0,2.0,8.0,17.0,B01
201400041415,0,7,0,0.0,2.0,1.0,1.0,A01
201400041415,0,7,0,0.0,2.0,4.0,1.0,B01
201400041416,0,32,0,0.0,2.0,3.0,2.0,A01
201400041416,0,7,0,0.0,2.0,2.0,2.0,B01
201400041417,0,7,0,0.0,2.0,1.0,0.0,A01
201400041417,0,7,0,0.0,2.0,4.0,2.0,B01
201400041418,0,10,0,0.0,1.0,1.0,1.0,A01
201400041419,0,7,0,12.0,1.0,0.0,1.0,A01
201400041420,0,7,0,0.0,2.0,3.0,15.0,A01
201400041420,0,7,0,0.0,2.0,3.0,1.0,B01
201400041421,0,14,0,0.0,1.0,3.0,1.0,A01
201400041422,0,7,0,0.0,2.0,4.0,0.0,A01
201400041422,0,7,0,0.0,2.0,1.0,0.0,B01
201400041423,0,7,0,0.0,1.0,2.0,0.0,A01
201400041424,1,30,0,0.0,1.0,1.0,0.0,Z01
201400041425,0,3,0,0.0,1.0,1.0,1.0,A01
201400041426,0,7,0,0.0,9.0,8.0,10.0,A01
201400041426,0,1,0,0.0,2.0,8.0,1.0,B01
201400041427,0,7,0,1.0,0.0,2.0,14.0,A01
201400041428,0,10,0,0.0,1.0,1.0,1.0,A01
201400041429,1,7,0,0.0,1.0,1.0,0.0,Z01
201400041430,0,7,0,0.0,2.0,1.0,2.0,A01
201400041430,0,7,0,0.0,2.0,4.0,2.0,B01
201400041431,2,33,0,1.0,2.0,0.0,0.0,A01
201400041431,0,33,0,0.0,2.0,1.0,0.0,B01
201400041432,0,2,0,3.0,0.0,2.0,2.0,A01
201400041433,0,7,0,0.0,2.0,3.0,6.0,A01
201400041433,0,30,0,0.0,2.0,1.0,1.0,B01
201400041434,0,2,0,0.0,1.0,1.0,0.0,A01
201400041435,0,33,0,0.0,1.0,1.0,0.0,A01
201400041436,0,7,0,0.0,2.0,3.0,0.0,A01
201400041436,0,15,0,0.0,2.0,2.0,0.0,B01
201400041437,0,10,0,0.0,1.0,1.0,16.0,A01
201400041438,2,10,0,0.0,2.0,1.0,19.0,A01
201400041438,0,34,0,0.0,2.0,2.0,1.0,B01
201400041439,1,7,0,0.0,1.0,1.0,1.0,A01
201400041440,0,7,0,0.0,1.0,1.0,1.0,A01
201400041441,0,7,0,0.0,1.0,3.0,0.0,A01
201400041442,0,1,0,0.0,1.0,1.0,1.0,A01
201400041443,0,37,42,0.0,1.0,3.0,2.0,A01
201400041444,0,34,0,0.0,2.0,8.0,1.0,B01
201400041444,0,7,0,0.0,2.0,2.0,0.0,A01
201400041445,0,33,0,0.0,2.0,2.0,17.0,A01
201400041445,0,7,0,0.0,2.0,3.0,15.0,B01
201400041446,1,7,0,0.0,2.0,0.0,0.0,Z01
201400041446,0,7,0,0.0,2.0,1.0,0.0,A01
201400041447,0,14,0,0.0,2.0,5.0,15.0,A01
201400041447,0,33,0,0.0,2.0,1.0,1.0,B01
201400041448,0,7,0,0.0,2.0,8.0,15.0,A01
201400041448,0,2,0,0.0,2.0,1.0,1.0,B01
201400041449,0,3,0,0.0,2.0,3.0,15.0,A01
201400041449,0,1,0,0.0,2.0,1.0,17.0,B01
201400041450,1,7,0,0.0,1.0,0.0,1.0,Z01
201400041451,0,7,0,0.0,1.0,0.0,0.0,A01
201400041452,0,7,0,0.0,2.0,4.0,0.0,B01
201400041452,1,7,0,0.0,2.0,1.0,0.0,Z01
201400041453,1,7,0,14.0,2.0,1.0,2.0,Z01
201400041453,0,34,0,0.0,2.0,4.0,0.0,B01
201400041454,0,7,0,0.0,2.0,5.0,1.0,A01
201400041454,0,13,0,0.0,2.0,2.0,2.0,B01
201400041455,2,7,0,0.0,2.0,1.0,1.0,A01
201400041455,0,37,0,0.0,2.0,5.0,11.0,B01
201400041456,0,1,0,0.0,2.0,1.0,1.0,B01
201400041456,0,7,0,0.0,2.0,3.0,15.0,A01
201400041457,0,7,0,0.0,1.0,3.0,0.0,A01
201400041458,1,7,0,0.0,2.0,1.0,1.0,A01
201400041458,0,32,0,0.0,2.0,1.0,1.0,B01
201400041459,0,7,0,0.0,1.0,3.0,1.0,A01
201400041460,0,2,0,0.0,2.0,1.0,0.0,B01
201400041460,0,7,0,0.0,2.0,3.0,0.0,A01
201400041461,0,30,0,0.0,2.0,2.0,1.0,A01
201400041461,0,7,0,0.0,2.0,1.0,15.0,B01
201400041462,0,33,0,0.0,2.0,1.0,0.0,A01
201400041462,1,7,0,0.0,2.0,1.0,17.0,Z01
201400041463,0,7,0,0.0,2.0,5.0,16.0,A01
201400041463,0,1,0,0.0,2.0,1.0,19.0,B01
201400041464,0,7,0,0.0,1.0,1.0,0.0,A01
201400041465,0,10,0,0.0,2.0,7.0,1.0,B01
201400041465,0,1,0,0.0,2.0,1.0,1.0,A01
201400041466,0,1,0,0.0,2.0,7.0,1.0,A01
201400041466,1,3,0,0.0,2.0,3.0,1.0,Z01
201400041467,0,7,0,0.0,2.0,7.0,1.0,B01
201400041467,2,7,0,0.0,2.0,1.0,1.0,A01
201400041468,0,7,0,0.0,1.0,3.0,2.0,A01
201400041469,0,7,0,0.0,2.0,2.0,19.0,A01
201400041469,0,33,0,0.0,0.0,1.0,1.0,B01
201400041470,0,7,0,0.0,1.0,8.0,1.0,A01
201400041471,0,7,0,0.0,2.0,1.0,2.0,A01
201400041471,0,7,0,0.0,2.0,1.0,1.0,B01
201400041472,0,7,0,0.0,2.0,1.0,15.0,A01
201400041472,0,7,0,0.0,2.0,1.0,1.0,B01
201400041473,0,7,0,0.0,2.0,1.0,2.0,A01
201400041473,0,7,0,0.0,2.0,4.0,23.0,B01
201400041474,0,7,0,0.0,2.0,1.0,5.0,A01
201400041474,0,7,0,0.0,2.0,1.0,1.0,B01
201400041475,0,7,0,0.0,2.0,2.0,1.0,B01
201400041475,0,7,0,0.0,2.0,3.0,1.0,A01
201400041476,0,7,0,0.0,1.0,3.0,1.0,A01
201400041477,0,7,0,0.0,2.0,1.0,20.0,A01
201400041477,0,7,0,0.0,2.0,3.0,1.0,B01
201400041477,0,7,0,0.0,2.0,8.0,2.0,E01
201400041478,0,7,0,0.0,2.0,1.0,2.0,A01
201400041478,0,7,0,0.0,1.0,1.0,23.0,B01
201400041479,0,7,0,0.0,2.0,1.0,2.0,A01
201400041479,0,7,0,0.0,0.0,4.0,2.0,B01
201400041480,0,7,0,0.0,2.0,1.0,1.0,A01
201400041480,0,7,0,0.0,0.0,4.0,1.0,B01
201400041481,0,7,0,0.0,2.0,3.0,1.0,B01
201400041481,0,7,0,0.0,2.0,2.0,15.0,A01
201400041482,0,7,0,0.0,0.0,1.0,2.0,A01
201400041482,0,7,0,0.0,0.0,4.0,2.0,B01
201400041483,0,7,0,0.0,2.0,2.0,19.0,A01
201400041483,0,7,0,0.0,2.0,3.0,19.0,B01
201400041484,0,7,0,0.0,1.0,3.0,1.0,A01
201400041485,0,10,0,0.0,1.0,4.0,4.0,A01
201400041486,0,10,0,0.0,0.0,4.0,1.0,B01
201400041486,0,7,0,0.0,0.0,0.0,1.0,A01
201400041487,0,7,0,0.0,2.0,1.0,2.0,A01
201400041487,0,7,0,0.0,2.0,4.0,2.0,B01
201400041488,0,7,0,0.0,2.0,7.0,9.0,A01
201400041488,0,7,0,0.0,2.0,1.0,19.0,B01
201400041489,1,7,0,0.0,9.0,1.0,0.0,Z01
201400041489,0,2,0,0.0,0.0,4.0,0.0,A01
201400041490,0,7,0,0.0,2.0,2.0,15.0,A01
201400041490,0,33,0,0.0,0.0,8.0,1.0,B01
201400041491,0,10,0,0.0,1.0,2.0,0.0,A01
201400041492,0,7,0,0.0,2.0,1.0,0.0,A01
201400041492,0,7,0,0.0,0.0,0.0,0.0,B01
201400041493,0,32,0,0.0,1.0,0.0,0.0,A01
201400041494,0,32,0,0.0,2.0,8.0,0.0,A01
201400041494,0,7,0,0.0,2.0,7.0,12.0,B01
201400041495,0,7,0,0.0,1.0,1.0,0.0,A01
201400041496,0,7,0,0.0,1.0,1.0,1.0,A01
201400041497,0,7,0,0.0,0.0,3.0,1.0,A01
201400041498,0,7,0,0.0,1.0,2.0,0.0,A01
201400041499,0,7,0,0.0,1.0,4.0,4.0,A01
201400041500,0,7,0,0.0,1.0,1.0,1.0,A01
201400041501,0,7,0,8.0,0.0,2.0,2.0,A01
201400041501,0,7,0,0.0,2.0,6.0,1.0,B01
201400041502,0,7,0,0.0,1.0,2.0,0.0,A01
201400041503,0,7,0,0.0,0.0,4.0,0.0,A01
201400041503,0,14,0,0.0,2.0,1.0,2.0,B01
201400041504,0,7,0,0.0,2.0,3.0,0.0,A01
201400041504,0,7,0,0.0,2.0,1.0,5.0,B01
201400041505,0,7,0,0.0,2.0,3.0,0.0,A01
201400041505,0,7,0,0.0,2.0,3.0,5.0,B01
201400041506,0,7,0,0.0,0.0,6.0,2.0,A01
201400041506,0,7,0,0.0,2.0,1.0,2.0,B01
201400041507,0,7,0,8.0,0.0,2.0,5.0,A01
201400041507,0,7,0,0.0,2.0,1.0,9.0,B01
201400041508,0,7,0,0.0,2.0,1.0,2.0,A01
201400041508,0,7,0,0.0,2.0,4.0,2.0,B01
201400041509,2,36,0,6.0,0.0,2.0,0.0,A01
201400041510,0,7,0,0.0,2.0,0.0,0.0,A01
201400041510,0,7,0,0.0,2.0,0.0,0.0,B01
201400041511,0,7,0,0.0,9.0,2.0,0.0,A01
201400041511,0,1,0,0.0,2.0,1.0,0.0,B01
201400041512,0,7,0,8.0,0.0,8.0,1.0,A01
201400041513,0,7,0,0.0,1.0,1.0,16.0,A01
201400041514,0,1,0,0.0,2.0,8.0,1.0,A01
201400041514,1,7,0,0.0,9.0,7.0,1.0,Z01
201400041515,0,7,0,0.0,2.0,1.0,1.0,A01
201400041515,0,7,0,0.0,0.0,4.0,23.0,B01
201400041516,0,7,0,0.0,2.0,1.0,2.0,A01
201400041516,0,7,0,0.0,2.0,4.0,23.0,B01
201400041517,0,7,0,0.0,0.0,8.0,11.0,A01
201400041517,0,10,0,0.0,0.0,7.0,1.0,B01
201400041518,0,7,0,0.0,2.0,3.0,2.0,A01
201400041518,0,31,0,0.0,2.0,5.0,2.0,B01
201400041519,1,7,0,0.0,9.0,1.0,0.0,A01
201400041519,0,1,0,0.0,2.0,1.0,5.0,B01
201400041520,0,33,0,0.0,2.0,1.0,1.0,A01
201400041520,0,7,0,0.0,2.0,3.0,9.0,B01
201400041521,0,7,0,0.0,2.0,1.0,2.0,A01
201400041521,0,1,0,0.0,0.0,4.0,2.0,B01
201400041522,0,3,0,1.0,0.0,2.0,1.0,A01
201400041523,0,1,0,0.0,2.0,8.0,1.0,B01
201400041523,1,7,0,0.0,9.0,1.0,19.0,Z01
201400041524,0,7,0,2.0,0.0,3.0,0.0,A01
201400041525,2,7,0,1.0,2.0,0.0,1.0,A01
201400041525,0,7,0,0.0,2.0,4.0,1.0,B01
201400041526,0,2,0,0.0,9.0,1.0,0.0,A01
201400041526,0,1,0,0.0,0.0,1.0,0.0,B01
201400041527,0,33,0,0.0,2.0,1.0,0.0,B01
201400041527,0,7,0,0.0,0.0,3.0,0.0,A01
201400041528,0,7,0,0.0,2.0,1.0,2.0,A01
201400041528,0,7,0,0.0,2.0,4.0,2.0,B01
201400041528,0,7,0,0.0,2.0,4.0,2.0,C01
201400041528,0,7,0,0.0,0.0,4.0,2.0,D01
201400041529,0,10,0,0.0,2.0,3.0,9.0,A01
201400041529,0,7,0,0.0,2.0,2.0,1.0,B01
201400041530,0,37,0,0.0,1.0,1.0,1.0,A01
201400041531,0,7,0,0.0,2.0,1.0,14.0,A01
201400041531,0,7,0,0.0,2.0,1.0,1.0,B01
201400041532,0,7,0,0.0,2.0,1.0,2.0,A01
201400041532,0,2,0,0.0,1.0,1.0,2.0,B01
201400041533,0,7,0,0.0,2.0,1.0,1.0,A01
201400041533,0,7,0,0.0,2.0,2.0,15.0,B01
201400041534,0,10,0,0.0,2.0,1.0,2.0,A01
201400041534,0,7,0,0.0,0.0,4.0,1.0,B01
201400041535,0,7,0,0.0,2.0,1.0,1.0,A01
201400041535,0,7,0,0.0,2.0,7.0,1.0,B01
201400041536,0,33,0,0.0,2.0,7.0,16.0,A01
201400041536,0,7,0,0.0,9.0,3.0,1.0,B01
201400041537,0,7,0,0.0,2.0,1.0,2.0,A01
201400041537,0,7,0,0.0,2.0,4.0,2.0,B01
201400041537,0,7,0,0.0,0.0,4.0,2.0,C01
201400041538,0,7,0,0.0,2.0,2.0,16.0,A01
201400041538,0,7,0,8.0,2.0,3.0,1.0,B01
201400041539,0,7,0,11.0,2.0,8.0,9.0,A01
201400041539,0,30,0,0.0,2.0,1.0,1.0,B01
201400041540,0,1,0,1.0,0.0,3.0,1.0,A01
201400041540,0,7,0,1.0,0.0,3.0,0.0,B01
201400041541,1,10,0,0.0,2.0,0.0,0.0,A01
201400041541,0,7,0,0.0,2.0,0.0,16.0,B01
201400041542,0,7,0,0.0,1.0,1.0,1.0,A01
201400041543,0,30,0,0.0,0.0,0.0,1.0,A01
201400041544,1,99,0,0.0,0.0,0.0,0.0,A01
201400041544,0,7,0,0.0,0.0,3.0,0.0,B01
201400041545,1,99,0,0.0,2.0,0.0,0.0,A01
201400041546,0,10,0,0.0,1.0,3.0,1.0,A01
201400041547,0,7,0,0.0,2.0,1.0,1.0,B01
201400041547,0,7,0,0.0,2.0,8.0,9.0,A01
201400041548,1,31,0,0.0,1.0,1.0,1.0,Z01
201400041549,0,7,0,0.0,1.0,1.0,1.0,A01
201400041550,0,7,0,0.0,1.0,1.0,0.0,A01
201400041551,0,7,0,0.0,2.0,2.0,17.0,A01
201400041551,0,7,0,0.0,2.0,3.0,19.0,B01
201400041552,0,7,0,0.0,1.0,1.0,0.0,A01
201400041553,0,7,0,0.0,1.0,2.0,16.0,A01
201400041554,0,7,0,0.0,1.0,2.0,2.0,A01
201400041555,0,7,0,0.0,0.0,0.0,0.0,A01
201400041555,0,7,0,0.0,0.0,0.0,0.0,B01
201400041556,0,7,0,0.0,2.0,3.0,15.0,A01
201400041556,0,33,0,0.0,2.0,1.0,2.0,B01
201400041556,0,7,0,0.0,2.0,3.0,15.0,C01
201400041557,0,34,0,0.0,2.0,1.0,1.0,A01
201400041557,0,7,0,0.0,0.0,6.0,1.0,B01
201400041558,0,34,0,0.0,1.0,1.0,2.0,A01
201400041559,1,99,0,0.0,1.0,0.0,0.0,A01
201400041560,1,33,0,0.0,1.0,1.0,1.0,A01
201400041561,0,7,0,0.0,0.0,8.0,1.0,B01
201400041561,0,7,0,0.0,2.0,1.0,1.0,A01
201400041562,1,99,0,0.0,2.0,0.0,0.0,A01
201400041563,0,7,0,0.0,0.0,1.0,2.0,A01
201400041563,0,7,0,0.0,0.0,4.0,2.0,B01
201400041564,0,7,0,0.0,2.0,1.0,2.0,A01
201400041564,0,7,0,0.0,2.0,1.0,2.0,B01
201400041565,0,7,0,0.0,2.0,1.0,16.0,A01
201400041565,0,2,0,0.0,2.0,3.0,15.0,B01
201400041566,0,7,0,0.0,2.0,6.0,0.0,A01
201400041566,1,7,0,0.0,2.0,0.0,0.0,Z01
201400041567,0,7,0,0.0,1.0,1.0,1.0,A01
201400041568,0,7,0,0.0,0.0,7.0,15.0,A01
201400041568,0,7,0,0.0,0.0,1.0,1.0,B01
201400041569,0,7,0,0.0,1.0,2.0,11.0,A01
201400041570,0,7,0,1.0,0.0,2.0,1.0,A01
201400041571,0,7,0,0.0,1.0,1.0,23.0,A01
201400041572,0,7,0,0.0,1.0,1.0,2.0,A01
201400041573,0,7,0,0.0,1.0,4.0,0.0,A01
201400041574,0,7,0,0.0,2.0,2.0,9.0,A01
201400041574,0,7,0,0.0,2.0,8.0,19.0,B01
201400041575,0,7,0,14.0,0.0,4.0,23.0,A01
201400041575,0,7,0,0.0,0.0,1.0,0.0,B01
201400041576,0,7,0,0.0,2.0,1.0,3.0,A01
201400041576,0,7,0,0.0,2.0,4.0,2.0,B01
201400041576,0,7,0,0.0,2.0,4.0,2.0,C01
201400041577,0,7,0,0.0,1.0,1.0,1.0,A01
201400041578,0,7,0,0.0,1.0,5.0,9.0,A01
201400041579,0,7,0,15.0,0.0,1.0,2.0,A01
201400041580,0,7,0,9.0,2.0,8.0,11.0,A01
201400041580,0,7,0,0.0,2.0,2.0,1.0,B01
201400041581,0,10,0,0.0,2.0,3.0,1.0,A01
201400041581,0,7,0,0.0,0.0,6.0,11.0,B01