Num_Acc,senc,catv,occutc,obs,obsm,choc,manv,num_veh
201400041582,0,7,0,0.0,1.0,1.0,1.0,A01
201400041583,0,7,0,0.0,2.0,3.0,0.0,B01
201400041583,0,7,0,15.0,2.0,2.0,0.0,A01
201400041584,0,7,0,0.0,2.0,1.0,2.0,A01
201400041584,0,7,0,0.0,2.0,3.0,9.0,B01
201400041585,0,2,0,0.0,2.0,1.0,19.0,A01
201400041585,0,7,0,0.0,2.0,1.0,16.0,B01
201400041586,0,32,0,0.0,2.0,1.0,0.0,B01
201400041586,0,7,0,0.0,2.0,1.0,1.0,A01
201400041587,0,10,0,0.0,2.0,4.0,0.0,A01
201400041587,0,7,0,0.0,2.0,1.0,0.0,B01
201400041588,0,32,0,0.0,0.0,0.0,0.0,A01
201400041589,0,7,0,0.0,2.0,1.0,1.0,A01
201400041589,0,7,0,0.0,0.0,4.0,1.0,B01
201400041590,0,7,0,0.0,2.0,8.0,1.0,A01
201400041590,0,2,0,0.0,2.0,1.0,3.0,B01
201400041591,0,1,0,0.0,2.0,1.0,0.0,B01
201400041591,0,7,0,0.0,2.0,3.0,0.0,A01
201400041592,0,7,0,0.0,1.0,1.0,1.0,A01
201400041593,0,32,0,12.0,0.0,1.0,0.0,A01
201400041594,0,7,0,0.0,2.0,2.0,1.0,B01
201400041594,0,1,0,0.0,2.0,7.0,0.0,A01
201400041595,0,7,0,0.0,1.0,2.0,1.0,A01
201400041596,0,7,0,0.0,0.0,5.0,15.0,A01
201400041596,0,33,0,0.0,2.0,1.0,1.0,B01
201400041597,0,7,0,0.0,0.0,0.0,0.0,A01
201400041597,0,7,0,0.0,0.0,0.0,0.0,B01
201400041597,1,99,0,0.0,0.0,0.0,0.0,Z01
201400041598,0,7,0,0.0,1.0,2.0,0.0,A01
201400041599,0,37,0,0.0,2.0,2.0,0.0,B01
201400041600,0,7,0,0.0,2.0,3.0,1.0,A01
201400041600,2,7,0,0.0,2.0,3.0,15.0,Z01
201400041601,0,7,0,0.0,0.0,3.0,15.0,A01
201400041601,0,1,0,0.0,2.0,0.0,17.0,B01
201400041602,0,7,0,0.0,0.0,7.0,0.0,A01
201400041602,0,7,0,0.0,0.0,1.0,1.0,B01
201400041603,0,7,0,0.0,2.0,7.0,1.0,A01
201400041603,0,7,0,0.0,2.0,1.0,1.0,B01
201400041604,0,7,0,0.0,2.0,0.0,0.0,A01
201400041604,0,7,0,0.0,0.0,0.0,0.0,B01
201400041605,0,7,0,0.0,0.0,4.0,2.0,A01
201400041605,0,7,0,0.0,2.0,1.0,2.0,B01
201400041606,0,2,0,15.0,0.0,1.0,1.0,A01
201400041607,2,7,0,0.0,2.0,0.0,0.0,A01
201400041607,0,7,0,0.0,2.0,0.0,0.0,B01
201400041608,0,7,0,0.0,2.0,7.0,1.0,A01
201400041608,0,7,0,0.0,2.0,1.0,15.0,B01
201400041609,0,7,0,0.0,1.0,2.0,1.0,A01
201400041610,0,3,0,2.0,0.0,2.0,0.0,A01
201400041611,1,10,0,1.0,1.0,3.0,0.0,Z01
201400041612,0,7,0,0.0,0.0,2.0,0.0,A01
201400041613,0,7,0,0.0,2.0,1.0,2.0,A01
201400041613,0,7,0,0.0,2.0,4.0,2.0,B01
201400041613,0,7,0,0.0,0.0,4.0,2.0,C01
201400041614,0,32,0,0.0,1.0,1.0,1.0,A01
201400041615,0,7,0,0.0,1.0,1.0,2.0,A01
201400041616,0,7,0,0.0,0.0,3.0,1.0,A01
201400041616,0,7,0,0.0,0.0,3.0,1.0,B01
201400041617,0,7,0,2.0,0.0,1.0,2.0,A01
201400041618,0,7,0,0.0,0.0,3.0,9.0,A01
201400041618,0,34,0,0.0,0.0,1.0,1.0,B01
201400041619,0,7,0,0.0,2.0,2.0,1.0,A01
201400041619,0,7,0,15.0,2.0,3.0,1.0,B01
201400041620,0,7,0,0.0,2.0,2.0,15.0,A01
201400041620,0,7,0,0.0,2.0,3.0,1.0,B01
201400041621,0,7,0,0.0,1.0,1.0,9.0,A01
201400041622,0,3,0,0.0,1.0,2.0,0.0,A01
201400041623,0,7,0,12.0,0.0,1.0,0.0,A01
201400041624,0,10,0,0.0,2.0,1.0,1.0,A01
201400041624,0,7,0,0.0,0.0,4.0,1.0,B01
201400041625,0,10,0,0.0,2.0,2.0,11.0,A01
201400041625,0,33,0,0.0,2.0,1.0,2.0,B01
201400041626,0,1,0,0.0,0.0,0.0,0.0,B01
201400041626,0,7,0,0.0,0.0,2.0,0.0,A01
201400041627,0,7,0,0.0,2.0,2.0,15.0,A01
201400041627,0,33,0,0.0,2.0,3.0,2.0,B01
201400041628,0,37,2,0.0,2.0,3.0,1.0,B01
201400041628,0,7,0,0.0,2.0,2.0,15.0,A01
201400041629,0,7,0,0.0,0.0,4.0,2.0,A01
201400041629,0,7,0,0.0,2.0,1.0,2.0,B01
201400041630,0,7,0,0.0,2.0,2.0,15.0,A01
201400041630,0,7,0,8.0,2.0,8.0,19.0,B01
201400041631,0,7,0,6.0,0.0,3.0,2.0,A01
201400041632,0,7,0,0.0,2.0,0.0,0.0,A01
201400041632,0,7,0,0.0,2.0,0.0,0.0,B01
201400041633,0,3,0,0.0,1.0,0.0,9.0,A01
201400041634,0,7,0,0.0,2.0,2.0,1.0,A01
201400041634,0,7,0,0.0,2.0,1.0,15.0,B01
201400041635,0,7,0,0.0,2.0,4.0,2.0,B01
201400041635,0,7,0,0.0,2.0,4.0,0.0,C01
201400041635,0,7,0,0.0,2.0,4.0,2.0,D01
201400041635,0,7,0,0.0,2.0,4.0,2.0,E01
201400041635,2,7,0,0.0,2.0,1.0,1.0,Z01
201400041635,0,7,0,0.0,2.0,0.0,2.0,F02
201400041635,0,7,0,0.0,2.0,4.0,2.0,G02
201400041635,0,7,0,0.0,2.0,4.0,2.0,H02
201400041636,1,7,0,0.0,1.0,0.0,0.0,Z01
201400041637,0,7,0,0.0,1.0,1.0,0.0,A01
201400041638,0,7,0,0.0,2.0,1.0,0.0,A01
201400041638,0,34,0,0.0,2.0,1.0,0.0,B01
201400041639,0,7,0,0.0,2.0,1.0,2.0,A01
201400041639,0,7,0,0.0,2.0,4.0,2.0,B01
201400041640,0,10,0,0.0,2.0,4.0,5.0,A01
201400041640,0,7,0,0.0,2.0,1.0,1.0,B01
201400041641,0,7,0,0.0,0.0,0.0,0.0,A01
201400041641,0,7,0,0.0,0.0,4.0,0.0,B01
201400041642,0,7,0,0.0,2.0,1.0,1.0,B01
201400041642,0,7,0,0.0,2.0,1.0,1.0,A01
201400041643,0,1,0,0.0,0.0,0.0,1.0,A01
201400041644,0,3,0,0.0,2.0,4.0,2.0,A01
201400041644,0,7,0,0.0,2.0,1.0,2.0,B01
201400041645,0,7,0,0.0,1.0,2.0,0.0,A01
201400041646,0,7,0,0.0,1.0,1.0,1.0,A01
201400041647,0,7,0,0.0,2.0,7.0,0.0,B01
201400041647,0,7,0,0.0,2.0,1.0,9.0,A01
201400041648,0,7,0,0.0,2.0,1.0,1.0,A01
201400041648,0,7,0,0.0,2.0,2.0,10.0,B01
201400041649,0,7,0,0.0,1.0,1.0,20.0,A01
201400041650,0,7,0,1.0,0.0,2.0,1.0,A01
201400041651,0,7,0,0.0,1.0,1.0,1.0,A01
201400041652,2,7,0,0.0,1.0,1.0,1.0,A01
201400041653,0,7,0,0.0,0.0,2.0,1.0,A01
201400041653,0,7,0,0.0,0.0,3.0,1.0,B01
201400041653,0,7,0,0.0,0.0,3.0,1.0,C01
201400041654,2,7,0,0.0,0.0,1.0,5.0,A01
201400041654,0,7,0,0.0,2.0,1.0,1.0,B01
201400041655,0,7,0,0.0,0.0,0.0,0.0,A01
201400041655,2,7,0,0.0,0.0,0.0,0.0,B01
201400041656,2,7,0,14.0,2.0,1.0,19.0,A01
201400041656,0,7,0,0.0,2.0,3.0,1.0,B01
201400041657,0,7,0,0.0,2.0,1.0,1.0,A01
201400041657,0,7,0,0.0,2.0,3.0,9.0,B01
201400041658,0,37,0,0.0,2.0,1.0,1.0,A01
201400041658,0,7,0,0.0,2.0,5.0,10.0,B01
201400041659,0,7,0,0.0,1.0,3.0,0.0,A01
201400041660,0,1,0,0.0,0.0,8.0,5.0,B01
201400041660,0,7,0,0.0,0.0,3.0,0.0,A01
201400041661,0,10,0,0.0,1.0,1.0,1.0,A01
201400041662,0,7,0,0.0,0.0,0.0,0.0,A01
201400041663,0,7,0,0.0,2.0,1.0,1.0,A01
201400041663,0,7,0,0.0,2.0,9.0,0.0,B01
201400041663,0,7,0,0.0,2.0,4.0,0.0,C01
201400041664,0,7,0,0.0,2.0,8.0,10.0,A01
201400041664,0,7,0,0.0,2.0,1.0,1.0,B01
201400041665,1,7,0,0.0,1.0,0.0,0.0,A01
201400041666,0,7,0,0.0,1.0,2.0,2.0,A01
201400041667,0,7,0,0.0,0.0,2.0,1.0,B01
201400041667,0,7,0,0.0,2.0,1.0,19.0,A01
201400041668,0,10,0,0.0,1.0,4.0,4.0,A01
201400041669,0,37,0,0.0,2.0,1.0,2.0,B01
201400041669,0,33,0,0.0,2.0,4.0,2.0,A01
201400041670,0,7,0,0.0,2.0,7.0,0.0,B01
201400041670,0,7,0,0.0,2.0,1.0,9.0,A01
201400041671,0,10,0,0.0,2.0,1.0,2.0,A01
201400041671,0,10,0,0.0,0.0,4.0,2.0,B01
201400041672,0,30,0,0.0,2.0,1.0,2.0,B01
201400041672,0,7,0,0.0,2.0,3.0,9.0,A01
201400041673,0,7,0,0.0,2.0,3.0,1.0,A01
201400041673,0,2,0,0.0,2.0,1.0,1.0,B01
201400041674,0,33,0,0.0,1.0,3.0,0.0,A01
201400041675,0,33,0,0.0,2.0,1.0,1.0,A01
201400041675,0,7,0,0.0,2.0,2.0,0.0,B01
201400041676,0,7,0,0.0,1.0,1.0,0.0,A01
201400041677,0,7,0,3.0,2.0,7.0,15.0,A01
201400041677,0,7,0,0.0,2.0,2.0,5.0,B01
201400041678,0,33,0,1.0,1.0,9.0,21.0,A01
201400041678,0,7,0,0.0,0.0,3.0,0.0,B01
201400041679,0,7,0,1.0,0.0,2.0,9.0,A01
201400041680,1,7,0,0.0,2.0,2.0,1.0,A01
201400041680,0,32,0,0.0,2.0,5.0,1.0,B01
201400041681,0,32,0,0.0,2.0,2.0,17.0,A01
201400041681,0,7,0,0.0,2.0,3.0,15.0,B01
201400041682,0,7,0,0.0,2.0,2.0,0.0,A01
201400041682,0,7,0,0.0,2.0,1.0,0.0,B01
201400041683,1,2,0,0.0,2.0,1.0,1.0,A01
201400041683,0,7,0,0.0,0.0,0.0,1.0,B01
201400041684,0,7,0,15.0,1.0,0.0,1.0,A01
201400041685,0,7,0,0.0,1.0,8.0,1.0,A01
201400041686,2,7,0,0.0,2.0,1.0,1.0,A01
201400041686,0,7,0,0.0,2.0,8.0,15.0,B01
201400041687,2,7,0,1.0,2.0,8.0,14.0,A01
201400041687,0,10,0,0.0,2.0,1.0,1.0,B01
201400041688,0,7,0,0.0,2.0,2.0,2.0,A01
201400041688,0,7,0,0.0,2.0,6.0,0.0,B01
201400041688,0,7,0,0.0,2.0,3.0,0.0,C01
201400041689,1,7,0,0.0,1.0,0.0,4.0,A01
201400041690,0,7,0,1.0,2.0,2.0,1.0,A01
201400041690,0,13,0,6.0,0.0,1.0,1.0,B01
201400041691,0,7,0,0.0,2.0,1.0,1.0,B01
201400041691,0,7,0,6.0,2.0,1.0,1.0,C01
201400041691,0,7,0,0.0,2.0,3.0,9.0,A01
201400041692,0,38,1,0.0,2.0,3.0,16.0,B01
201400041692,0,32,0,0.0,2.0,3.0,9.0,A01
201400041693,0,34,0,0.0,1.0,1.0,1.0,A01
201400041694,0,7,0,0.0,1.0,1.0,1.0,A01
201400041695,0,7,0,0.0,2.0,3.0,2.0,A01
201400041695,0,30,0,0.0,2.0,1.0,2.0,B01
201400041696,0,7,0,0.0,1.0,2.0,0.0,A01
201400041697,0,7,0,0.0,2.0,4.0,23.0,B01
201400041697,0,7,0,0.0,2.0,4.0,23.0,C01
201400041697,2,7,0,1.0,2.0,1.0,2.0,A01
201400041698,0,33,0,8.0,2.0,7.0,15.0,A01
201400041698,0,10,0,8.0,2.0,1.0,16.0,B01
201400041699,0,7,0,0.0,1.0,7.0,0.0,A01
201400041700,0,7,0,12.0,1.0,1.0,1.0,A01
201400041701,0,1,0,0.0,2.0,7.0,0.0,A01
201400041701,0,7,0,0.0,2.0,1.0,0.0,B01
201400041702,0,7,0,0.0,1.0,1.0,15.0,A01
201400041703,0,99,0,0.0,2.0,3.0,15.0,A01
201400041703,0,1,0,0.0,2.0,4.0,15.0,B01
201400041704,0,7,0,1.0,1.0,2.0,1.0,A01
201400041705,0,13,0,0.0,2.0,1.0,2.0,A01
201400041705,0,7,0,8.0,2.0,7.0,10.0,B01
201400041706,0,14,0,0.0,2.0,2.0,1.0,B01
201400041706,0,7,0,0.0,2.0,1.0,9.0,A01
201400041707,0,7,0,8.0,1.0,1.0,16.0,A01
201400041708,0,7,0,0.0,2.0,1.0,15.0,A01
201400041708,0,7,0,0.0,2.0,1.0,1.0,B01
201400041709,0,7,0,0.0,1.0,2.0,1.0,A01
201400041710,0,7,0,0.0,1.0,1.0,0.0,A01
201400041711,0,30,0,0.0,2.0,4.0,2.0,A01
201400041711,0,7,0,0.0,2.0,1.0,2.0,B01
201400041712,0,34,0,0.0,1.0,1.0,2.0,A01
201400041713,0,7,0,0.0,1.0,1.0,0.0,A01
201400041714,0,7,0,0.0,2.0,7.0,12.0,A01
201400041714,0,37,1,0.0,2.0,1.0,7.0,B01
201400041715,1,7,0,0.0,1.0,0.0,0.0,A01
201400041716,0,17,0,0.0,1.0,1.0,1.0,A01
201400041717,0,99,0,0.0,1.0,1.0,1.0,A01
201400041718,0,7,0,0.0,1.0,0.0,2.0,A01
201400041719,0,7,0,0.0,2.0,3.0,15.0,A01
201400041719,0,32,0,0.0,0.0,8.0,1.0,B01
201400041720,0,30,0,0.0,2.0,9.0,1.0,A01
201400041720,1,7,0,0.0,2.0,0.0,10.0,Z01
201400041721,0,7,0,0.0,2.0,1.0,2.0,A01
201400041721,0,15,0,0.0,2.0,4.0,2.0,B01
201400041722,0,7,0,14.0,0.0,1.0,1.0,A01
201400041723,1,7,0,0.0,1.0,1.0,1.0,A01
201400041724,0,7,0,0.0,0.0,0.0,0.0,A01
201400041724,0,7,0,0.0,0.0,0.0,0.0,B01
201400041725,0,7,0,8.0,2.0,2.0,7.0,A01
201400041725,0,7,0,0.0,0.0,8.0,24.0,B01
201400041726,0,7,0,0.0,1.0,2.0,16.0,A01
201400041727,2,7,0,0.0,1.0,0.0,0.0,A01
201400041728,0,7,0,0.0,1.0,1.0,0.0,A01
201400041729,0,7,0,1.0,2.0,8.0,11.0,A01
201400041729,0,7,0,0.0,2.0,9.0,1.0,B01
201400041729,0,13,0,0.0,2.0,1.0,1.0,C01
201400041730,0,7,0,0.0,2.0,1.0,16.0,A01
201400041730,0,7,0,0.0,2.0,7.0,9.0,B01
201400041731,0,7,0,12.0,0.0,0.0,0.0,A01
201400041732,0,2,0,0.0,2.0,1.0,3.0,A01
201400041732,0,2,0,0.0,2.0,3.0,2.0,C01
201400041732,0,32,0,0.0,2.0,4.0,1.0,B01
201400041732,0,7,0,0.0,2.0,7.0,2.0,F02
201400041732,0,7,0,0.0,2.0,6.0,2.0,E01
201400041732,0,7,0,0.0,2.0,2.0,0.0,D01
201400041733,0,7,0,0.0,4.0,8.0,9.0,A01
201400041733,0,21,0,0.0,2.0,1.0,2.0,B01
201400041734,0,7,0,0.0,2.0,8.0,16.0,A01
201400041734,0,7,0,0.0,2.0,2.0,15.0,B01
201400041735,0,2,0,1.0,0.0,9.0,2.0,A01
201400041736,0,7,0,0.0,2.0,2.0,1.0,A01
201400041736,0,2,0,0.0,2.0,7.0,6.0,B01
201400041737,0,7,0,0.0,2.0,2.0,0.0,A01
201400041737,0,15,0,0.0,2.0,6.0,1.0,B01
201400041738,0,7,0,0.0,2.0,1.0,1.0,A01
201400041738,0,7,0,0.0,2.0,8.0,9.0,B01
201400041739,0,7,0,0.0,1.0,6.0,4.0,A01
201400041740,0,2,0,0.0,2.0,8.0,0.0,A01
201400041740,0,7,0,0.0,2.0,8.0,0.0,B01
201400041741,0,7,0,0.0,0.0,8.0,0.0,A01
201400041741,0,7,0,0.0,0.0,2.0,0.0,B01
201400041742,0,33,0,0.0,2.0,0.0,21.0,A01
201400041742,0,7,0,0.0,2.0,0.0,19.0,B01
201400041743,1,99,0,0.0,2.0,0.0,0.0,A01
201400041743,0,7,0,0.0,2.0,1.0,0.0,B01
201400041744,0,7,0,0.0,2.0,3.0,11.0,A01
201400041744,0,34,0,0.0,2.0,5.0,3.0,B01
201400041744,0,7,0,0.0,2.0,5.0,1.0,C01
201400041745,0,7,0,0.0,2.0,1.0,0.0,A01
201400041745,0,99,0,0.0,0.0,0.0,0.0,B01
201400041746,0,40,0,0.0,0.0,3.0,0.0,A01
201400041746,0,14,0,0.0,0.0,3.0,0.0,B01
201400041747,0,7,0,0.0,1.0,1.0,1.0,A01
201400041748,0,31,0,0.0,2.0,2.0,17.0,A01
201400041748,0,7,0,0.0,2.0,3.0,15.0,B01
201400041749,0,7,0,0.0,2.0,1.0,1.0,B01
201400041749,0,7,0,0.0,2.0,1.0,1.0,A01
201400041750,0,7,0,0.0,1.0,5.0,4.0,A01
201400041750,0,7,0,0.0,1.0,2.0,23.0,B01
201400041751,0,7,0,0.0,0.0,5.0,0.0,A01
201400041751,0,32,0,0.0,0.0,1.0,0.0,B01
201400041752,0,7,0,8.0,0.0,0.0,0.0,A01
201400041753,0,32,0,0.0,0.0,7.0,17.0,A01
201400041753,0,7,0,0.0,0.0,3.0,15.0,B01
201400041754,0,7,0,0.0,0.0,2.0,12.0,A01
201400041754,0,7,0,0.0,0.0,3.0,1.0,B01
201400041755,0,7,0,0.0,2.0,1.0,12.0,A01
201400041755,0,7,0,0.0,0.0,6.0,2.0,B01
201400041756,0,7,0,0.0,2.0,2.0,0.0,A01
201400041756,0,7,0,0.0,2.0,5.0,0.0,B01
201400041757,0,7,0,0.0,2.0,1.0,19.0,B01
201400041757,0,7,0,0.0,2.0,7.0,19.0,A01
201400041758,2,7,0,0.0,1.0,1.0,0.0,A01
201400041759,1,7,0,0.0,0.0,1.0,2.0,A01
201400041759,0,7,0,0.0,2.0,1.0,2.0,B01
201400041759,0,7,0,0.0,2.0,4.0,0.0,C01
201400041760,0,7,0,0.0,1.0,2.0,16.0,A01
201400041761,0,7,0,0.0,1.0,0.0,0.0,A01
201400041762,0,1,0,0.0,0.0,0.0,0.0,B01
201400041762,1,7,0,0.0,0.0,1.0,0.0,A01
201400041763,0,33,0,0.0,0.0,1.0,1.0,A01
201400041763,0,99,0,0.0,0.0,4.0,11.0,B01
201400041764,0,7,0,0.0,2.0,4.0,0.0,A01
201400041764,0,15,0,0.0,0.0,0.0,0.0,B01
201400041765,0,7,0,12.0,0.0,1.0,2.0,A01
201400041766,0,7,0,1.0,0.0,1.0,0.0,A01
201400041766,0,7,0,0.0,2.0,4.0,24.0,B01
201400041766,0,7,0,0.0,2.0,6.0,24.0,C01
201400041767,0,7,0,0.0,2.0,7.0,2.0,A01
201400041767,0,32,0,12.0,2.0,8.0,2.0,B01
201400041768,0,34,0,0.0,2.0,7.0,2.0,A01
201400041768,0,10,0,0.0,2.0,6.0,2.0,B01
201400041769,0,7,0,6.0,0.0,4.0,16.0,A01
201400041769,0,10,0,0.0,2.0,1.0,2.0,B01
201400041770,0,7,0,14.0,2.0,1.0,2.0,A01
201400041770,0,7,0,0.0,0.0,4.0,2.0,B01
201400041770,0,7,0,14.0,2.0,1.0,2.0,C01
201400041771,0,10,0,11.0,0.0,1.0,19.0,A01
201400041772,0,7,0,0.0,2.0,5.0,15.0,A01
201400041772,0,34,0,0.0,2.0,3.0,1.0,B01
201400041773,0,10,0,0.0,2.0,1.0,2.0,A01
201400041773,0,7,0,0.0,0.0,6.0,2.0,B01
201400041774,0,7,0,0.0,0.0,2.0,20.0,A01
201400041774,0,1,0,0.0,2.0,1.0,0.0,Y01
201400041775,0,15,0,0.0,0.0,7.0,12.0,A01
201400041775,0,30,0,0.0,0.0,8.0,1.0,B01
201400041776,0,7,0,8.0,1.0,1.0,0.0,A01
201400041777,0,7,0,0.0,9.0,4.0,0.0,A01
201400041777,0,30,0,0.0,2.0,1.0,0.0,B01
201400041778,0,30,0,0.0,1.0,1.0,1.0,A01
201400041779,0,7,0,0.0,1.0,2.0,2.0,A01
201400041780,1,7,0,0.0,1.0,0.0,0.0,A01
201400041781,1,7,0,0.0,1.0,2.0,0.0,A01
201400041782,0,7,0,9.0,9.0,3.0,2.0,A01
201400041783,0,7,0,8.0,2.0,3.0,0.0,A01
201400041783,1,7,0,0.0,2.0,0.0,0.0,Z01
201400041784,0,7,0,0.0,2.0,2.0,20.0,A01
201400041784,0,7,0,0.0,2.0,3.0,1.0,B01
201400041785,0,7,0,0.0,2.0,6.0,9.0,A01
201400041785,0,32,0,0.0,2.0,1.0,1.0,B01
201400041786,0,7,0,0.0,1.0,3.0,0.0,A01
201400041787,0,7,0,0.0,2.0,2.0,2.0,A01
201400041787,0,7,0,0.0,0.0,6.0,2.0,B01
201400041788,0,7,0,0.0,1.0,3.0,15.0,A01
201400041789,0,7,0,0.0,1.0,1.0,1.0,A01
201400041790,0,15,0,0.0,1.0,6.0,1.0,A01
201400041791,0,7,0,0.0,1.0,2.0,0.0,A01
201400041792,0,7,0,0.0,2.0,1.0,2.0,A01
201400041792,0,7,0,0.0,2.0,4.0,2.0,B01
201400041792,0,7,0,0.0,2.0,4.0,2.0,C01
201400041793,0,30,0,0.0,0.0,7.0,0.0,A01
201400041794,0,7,0,0.0,0.0,3.0,9.0,A01
201400041794,0,7,0,0.0,0.0,2.0,9.0,B01
201400041795,0,7,0,0.0,2.0,1.0,11.0,A01
201400041795,0,20,0,0.0,2.0,1.0,8.0,B01
201400041796,0,7,0,0.0,0.0,4.0,0.0,A01
201400041796,0,7,0,0.0,0.0,0.0,0.0,B01
201400041797,0,7,0,0.0,2.0,1.0,2.0,A01
201400041797,0,7,0,0.0,0.0,4.0,2.0,B01
201400041798,0,30,0,0.0,0.0,8.0,10.0,A01
201400041799,0,3,0,0.0,2.0,3.0,1.0,B01
201400041799,0,14,0,0.0,2.0,7.0,16.0,A01
201400041800,0,7,0,0.0,2.0,8.0,9.0,A01
201400041800,0,37,5,0.0,2.0,7.0,12.0,B01
201400041801,0,7,0,0.0,2.0,3.0,13.0,A01
201400041801,0,7,0,0.0,2.0,8.0,2.0,B01
201400041802,0,7,0,0.0,2.0,1.0,1.0,A01
201400041802,0,7,0,0.0,0.0,2.0,1.0,B01
201400041803,0,7,0,0.0,1.0,1.0,17.0,A01
201400041804,1,7,0,0.0,9.0,1.0,2.0,A01
201400041804,0,1,0,0.0,0.0,4.0,1.0,B01
201400041805,0,7,0,14.0,0.0,1.0,2.0,A01
201400041805,0,7,0,0.0,0.0,4.0,2.0,B01
201400041805,0,7,0,14.0,0.0,4.0,2.0,C01
201400041806,0,7,0,9.0,2.0,7.0,16.0,A01
201400041806,0,7,0,9.0,2.0,1.0,21.0,B01
201400041807,0,7,0,0.0,2.0,3.0,2.0,A01
201400041807,0,7,0,0.0,0.0,5.0,2.0,B01
201400041808,0,7,0,0.0,0.0,7.0,20.0,A01
201400041808,0,33,0,0.0,2.0,3.0,18.0,B01
201400041809,0,33,0,1.0,0.0,1.0,1.0,A01
201400041809,0,7,0,0.0,2.0,7.0,24.0,B01
201400041810,0,7,0,0.0,2.0,1.0,1.0,A01
201400041810,1,7,0,0.0,2.0,7.0,0.0,B01
201400041811,0,33,0,0.0,2.0,1.0,1.0,A01
201400041811,0,7,0,0.0,2.0,2.0,15.0,B01
201400041812,0,7,0,0.0,1.0,2.0,0.0,A01
201400041813,0,7,0,0.0,1.0,3.0,1.0,A01
201400041814,0,7,0,0.0,1.0,6.0,4.0,A01
201400041815,1,7,0,0.0,1.0,1.0,2.0,Z01
201400041816,0,7,0,0.0,2.0,3.0,2.0,A01
201400041816,0,34,0,0.0,2.0,2.0,15.0,B01
201400041817,0,7,0,15.0,2.0,5.0,16.0,A01
201400041817,0,7,0,0.0,2.0,1.0,16.0,B01
201400041818,0,7,0,0.0,2.0,2.0,0.0,A01
201400041818,0,7,0,0.0,2.0,3.0,0.0,B01
201400041819,0,7,0,0.0,2.0,1.0,15.0,A01
201400041819,0,30,0,0.0,2.0,5.0,3.0,B01
201400041820,0,7,0,0.0,1.0,3.0,1.0,A01
201400041821,0,7,0,14.0,2.0,1.0,0.0,A01
201400041821,0,7,0,0.0,0.0,1.0,1.0,B01
201400041822,0,7,0,0.0,2.0,8.0,15.0,A01
201400041822,0,30,0,0.0,2.0,8.0,1.0,B01
201400041823,0,30,0,0.0,2.0,1.0,15.0,A01
201400041823,1,99,0,0.0,2.0,3.0,1.0,Z01
201400041824,0,7,0,0.0,0.0,4.0,0.0,A01
201400041824,0,7,0,0.0,2.0,1.0,2.0,B01
201400041825,0,7,0,0.0,2.0,1.0,1.0,A01
201400041825,0,7,0,0.0,2.0,4.0,1.0,B01
201400041825,0,7,0,0.0,0.0,4.0,1.0,C01
201400041826,0,7,0,0.0,2.0,1.0,2.0,A01
201400041826,0,7,0,0.0,2.0,4.0,2.0,B01
201400041827,0,7,0,0.0,0.0,2.0,0.0,A01
201400041828,0,7,0,0.0,1.0,1.0,0.0,A01
201400041829,0,7,0,0.0,1.0,1.0,0.0,A01
201400041830,0,7,0,0.0,1.0,1.0,1.0,A01
201400041831,0,7,0,0.0,1.0,2.0,1.0,A01
201400041832,0,10,0,0.0,2.0,8.0,15.0,A01
201400041832,0,33,0,0.0,2.0,7.0,15.0,B01
201400041833,0,7,0,1.0,0.0,1.0,0.0,A01
201400041833,0,7,0,0.0,0.0,0.0,0.0,B01
201400041834,2,7,0,0.0,1.0,1.0,1.0,A01
201400041835,0,7,0,0.0,2.0,5.0,0.0,A01
201400041835,1,3,0,0.0,0.0,0.0,0.0,B01
201400041836,0,7,0,0.0,1.0,4.0,4.0,A01
201400041837,0,7,0,0.0,1.0,2.0,1.0,A01
201400041838,0,7,0,0.0,1.0,1.0,9.0,A01
201400041839,0,7,0,0.0,2.0,7.0,12.0,A01
201400041839,0,33,0,0.0,2.0,1.0,2.0,B01
201400041840,0,7,0,0.0,1.0,0.0,0.0,A01
201400041841,0,7,0,12.0,5.0,9.0,0.0,A01
201400041842,0,7,0,0.0,1.0,0.0,0.0,A01
201400041843,0,7,0,0.0,0.0,1.0,1.0,A01
201400041843,0,7,0,0.0,0.0,6.0,1.0,B01
201400041844,0,7,0,0.0,0.0,0.0,0.0,A01
201400041844,0,7,0,0.0,0.0,0.0,0.0,B01
201400041845,0,7,0,0.0,2.0,1.0,9.0,A01
201400041845,0,7,0,0.0,2.0,1.0,1.0,B01
201400041846,0,7,0,0.0,2.0,6.0,1.0,A01
201400041846,0,30,0,0.0,2.0,1.0,11.0,B01
201400041847,0,7,0,0.0,2.0,1.0,15.0,A01
201400041847,0,30,0,0.0,0.0,0.0,0.0,B01
201400041848,0,7,0,0.0,2.0,3.0,10.0,A01
201400041848,0,7,0,0.0,0.0,1.0,1.0,B01
201400041849,0,30,0,0.0,1.0,3.0,1.0,A01
201400041850,0,7,0,0.0,2.0,3.0,1.0,A01
201400041850,0,7,0,0.0,0.0,0.0,1.0,C01
201400041851,0,7,0,0.0,2.0,1.0,2.0,A01
201400041851,0,7,0,0.0,0.0,4.0,0.0,B01
201400041852,0,7,0,0.0,1.0,7.0,0.0,A01
201400041853,0,7,0,0.0,1.0,1.0,0.0,A01
201400041854,0,7,0,0.0,2.0,1.0,0.0,A01
201400041854,0,7,0,0.0,0.0,5.0,15.0,B01
201400041855,0,7,0,0.0,0.0,1.0,0.0,A01
201400041855,0,7,0,0.0,0.0,8.0,0.0,B01