Num_Acc,senc,catv,occutc,obs,obsm,choc,manv,num_veh
201400042132,0,30,0,0.0,2.0,3.0,1.0,A01
201400042132,0,10,0,0.0,2.0,3.0,5.0,B01
201400042133,0,7,0,0.0,1.0,2.0,1.0,A01
201400042134,0,30,0,0.0,2.0,4.0,2.0,A01
201400042134,0,7,0,0.0,0.0,4.0,2.0,B01
201400042135,0,7,0,0.0,2.0,3.0,6.0,A01
201400042135,0,31,0,0.0,2.0,1.0,1.0,B01
201400042136,0,7,0,0.0,1.0,1.0,1.0,A01
201400042137,0,7,0,0.0,2.0,4.0,1.0,A01
201400042137,1,7,0,0.0,2.0,1.0,2.0,Z01
201400042138,0,34,0,0.0,2.0,1.0,17.0,A01
201400042138,0,14,0,0.0,0.0,8.0,15.0,B01
201400042139,1,7,0,0.0,1.0,1.0,0.0,A01
201400042140,0,33,0,0.0,2.0,1.0,1.0,B01
201400042140,0,7,0,0.0,2.0,3.0,10.0,A01
201400042141,0,34,0,0.0,2.0,1.0,1.0,A01
201400042141,0,7,0,0.0,2.0,2.0,16.0,B01
201400042142,0,34,0,0.0,2.0,1.0,1.0,A01
201400042142,0,7,0,0.0,0.0,2.0,1.0,B01
201400042143,0,10,0,0.0,1.0,1.0,1.0,A01
201400042144,0,7,0,8.0,2.0,3.0,2.0,B01
201400042144,0,7,0,0.0,2.0,6.0,10.0,A01
201400042145,0,33,0,1.0,0.0,1.0,0.0,A01
201400042146,0,33,0,1.0,0.0,7.0,1.0,A01
201400042147,0,7,0,0.0,2.0,3.0,11.0,A01
201400042147,0,30,0,0.0,2.0,3.0,21.0,B01
201400042148,0,34,0,0.0,2.0,3.0,1.0,B01
201400042148,0,7,0,0.0,2.0,3.0,9.0,A01
201400042149,0,7,0,0.0,1.0,8.0,1.0,A01
201400042150,0,7,0,0.0,1.0,1.0,0.0,A01
201400042151,0,7,0,0.0,2.0,1.0,0.0,B01
201400042151,0,7,0,0.0,2.0,8.0,0.0,A01
201400042152,0,7,0,0.0,2.0,6.0,10.0,A01
201400042152,0,32,0,0.0,2.0,1.0,1.0,B01
201400042153,0,7,0,0.0,2.0,1.0,2.0,A01
201400042153,0,7,0,0.0,0.0,4.0,2.0,B01
201400042154,0,7,0,0.0,0.0,2.0,10.0,A01
201400042154,0,33,0,0.0,0.0,3.0,2.0,B01
201400042155,0,7,0,0.0,2.0,1.0,1.0,A01
201400042155,0,1,0,0.0,0.0,4.0,1.0,B01
201400042156,0,7,0,0.0,2.0,2.0,1.0,A01
201400042156,0,7,0,0.0,2.0,6.0,1.0,B01
201400042157,1,7,0,0.0,1.0,2.0,1.0,Z01
201400042158,0,33,0,0.0,2.0,1.0,2.0,B01
201400042158,0,10,0,0.0,2.0,3.0,9.0,A01
201400042159,0,7,0,0.0,2.0,7.0,15.0,A01
201400042159,0,33,0,0.0,2.0,1.0,2.0,B01
201400042160,0,31,0,0.0,2.0,1.0,1.0,A01
201400042160,0,7,0,0.0,2.0,1.0,17.0,B01
201400042161,0,7,0,0.0,0.0,2.0,10.0,A01
201400042161,0,30,0,0.0,2.0,3.0,2.0,B01
201400042162,0,7,0,1.0,0.0,2.0,0.0,A01
201400042163,0,7,0,0.0,2.0,3.0,2.0,A01
201400042163,0,2,0,0.0,2.0,3.0,9.0,B01
201400042164,0,1,0,1.0,2.0,2.0,19.0,A01
201400042164,0,7,0,1.0,2.0,3.0,1.0,B01
201400042165,0,7,0,0.0,1.0,1.0,1.0,A01
201400042166,0,10,0,0.0,2.0,3.0,0.0,A01
201400042166,0,7,0,0.0,2.0,7.0,15.0,B01
201400042167,0,7,0,0.0,1.0,2.0,0.0,A01
201400042168,0,3,0,0.0,2.0,3.0,20.0,A01
201400042168,0,33,0,0.0,2.0,2.0,2.0,B01
201400042169,0,7,0,0.0,2.0,1.0,1.0,A01
201400042169,0,7,0,0.0,2.0,3.0,2.0,B01
201400042170,0,7,0,0.0,1.0,3.0,0.0,A01
201400042171,0,10,0,0.0,0.0,6.0,1.0,A01
201400042172,0,7,0,0.0,2.0,8.0,1.0,A01
201400042172,0,7,0,0.0,2.0,1.0,1.0,B01
201400042173,0,10,0,0.0,0.0,4.0,23.0,A01
201400042173,0,7,0,0.0,2.0,1.0,16.0,B01
201400042174,0,7,0,0.0,2.0,1.0,1.0,A01
201400042174,0,7,0,0.0,2.0,4.0,1.0,B01
201400042175,0,14,0,0.0,0.0,1.0,23.0,A01
201400042175,0,1,0,0.0,2.0,8.0,19.0,B01
201400042176,0,33,0,0.0,2.0,3.0,1.0,A01
201400042176,0,7,0,0.0,0.0,3.0,15.0,B01
201400042177,0,7,0,0.0,1.0,1.0,13.0,A01
201400042178,0,7,0,0.0,1.0,8.0,0.0,A01
201400042179,0,7,0,0.0,2.0,3.0,1.0,B01
201400042179,0,7,0,0.0,2.0,2.0,1.0,A01
201400042180,0,7,0,0.0,1.0,5.0,20.0,A01
201400042181,0,7,0,0.0,2.0,1.0,0.0,A01
201400042181,0,7,0,0.0,2.0,8.0,15.0,B01
201400042182,0,7,0,0.0,1.0,6.0,1.0,A01
201400042183,0,7,0,0.0,1.0,3.0,0.0,A01
201400042184,0,10,0,0.0,2.0,6.0,2.0,A01
201400042184,0,2,0,0.0,2.0,1.0,2.0,B01
201400042185,0,14,0,4.0,0.0,2.0,0.0,A01
201400042186,0,7,0,15.0,2.0,1.0,1.0,A01
201400042186,0,7,0,15.0,2.0,2.0,2.0,B01
201400042187,0,2,0,12.0,0.0,5.0,0.0,A01
201400042187,0,7,0,0.0,0.0,3.0,1.0,B01
201400042188,0,30,0,0.0,2.0,1.0,0.0,A01
201400042188,1,7,0,0.0,2.0,1.0,0.0,Z01
201400042189,0,7,0,0.0,2.0,1.0,2.0,B01
201400042189,0,7,0,0.0,2.0,8.0,9.0,A01
201400042190,0,7,0,0.0,1.0,3.0,15.0,A01
201400042191,0,7,0,0.0,2.0,1.0,0.0,A01
201400042191,0,7,0,0.0,2.0,7.0,0.0,B01
201400042192,0,7,0,0.0,1.0,1.0,0.0,A01
201400042193,0,7,0,0.0,2.0,4.0,0.0,A01
201400042193,1,7,0,0.0,0.0,0.0,0.0,Z01
201400042194,0,7,0,0.0,2.0,2.0,9.0,A01
201400042194,0,33,0,0.0,0.0,4.0,1.0,B01
201400042195,0,7,0,0.0,0.0,3.0,1.0,A01
201400042195,0,37,0,0.0,0.0,3.0,1.0,B01
201400042196,0,7,0,0.0,1.0,2.0,2.0,A01
201400042197,0,3,0,0.0,2.0,8.0,0.0,B01
201400042197,0,3,0,0.0,2.0,1.0,1.0,A01
201400042198,0,33,0,0.0,1.0,0.0,0.0,A01
201400042198,0,7,0,0.0,0.0,6.0,0.0,B01
201400042199,0,7,0,8.0,0.0,1.0,0.0,A01
201400042200,0,7,0,0.0,1.0,1.0,17.0,A01
201400042201,0,10,0,0.0,0.0,1.0,2.0,A01
201400042201,0,7,0,12.0,0.0,8.0,16.0,B01
201400042202,0,3,0,0.0,1.0,2.0,1.0,A01
201400042203,0,7,0,0.0,1.0,0.0,1.0,A01
201400042204,0,7,0,0.0,1.0,1.0,16.0,A01
201400042205,0,7,0,0.0,1.0,4.0,2.0,A01
201400042206,0,7,0,0.0,2.0,3.0,15.0,A01
201400042206,0,33,0,0.0,2.0,7.0,2.0,B01
201400042207,0,7,0,0.0,2.0,2.0,10.0,A01
201400042207,0,33,0,0.0,2.0,1.0,1.0,B01
201400042208,0,7,0,0.0,1.0,1.0,0.0,A01
201400042209,0,30,0,0.0,2.0,1.0,1.0,A01
201400042209,0,7,0,0.0,2.0,4.0,1.0,B01
201400042210,0,30,0,0.0,0.0,4.0,23.0,A01
201400042210,0,7,0,14.0,0.0,1.0,1.0,B01
201400042211,0,1,0,0.0,2.0,8.0,1.0,A01
201400042211,0,7,0,0.0,9.0,1.0,15.0,B01
201400042212,0,7,0,0.0,2.0,1.0,1.0,A01
201400042212,0,7,0,0.0,2.0,3.0,1.0,B01
201400042213,0,31,0,0.0,2.0,8.0,2.0,A01
201400042214,0,7,0,0.0,2.0,3.0,1.0,B01
201400042214,0,7,0,0.0,2.0,2.0,15.0,A01
201400042215,0,7,0,0.0,2.0,1.0,2.0,A01
201400042215,0,7,0,0.0,2.0,4.0,23.0,B01
201400042215,0,7,0,0.0,2.0,4.0,23.0,C01
201400042216,0,34,0,0.0,2.0,7.0,1.0,A01
201400042216,0,7,0,0.0,2.0,1.0,15.0,B01
201400042217,0,10,0,0.0,0.0,2.0,2.0,A01
201400042217,0,3,0,0.0,0.0,4.0,2.0,B01
201400042218,0,7,0,0.0,1.0,1.0,1.0,A01
201400042219,0,7,0,0.0,2.0,1.0,2.0,B01
201400042219,0,7,0,0.0,2.0,5.0,1.0,A01
201400042220,0,33,0,0.0,2.0,1.0,1.0,A01
201400042220,0,7,0,0.0,2.0,1.0,9.0,B01
201400042221,0,33,0,0.0,2.0,1.0,2.0,A01
201400042221,0,7,0,0.0,2.0,3.0,15.0,B01
201400042222,0,7,0,0.0,1.0,2.0,1.0,A01
201400042223,0,33,0,1.0,0.0,1.0,0.0,A01
201400042223,0,7,0,0.0,0.0,4.0,1.0,B01
201400042224,0,7,0,0.0,2.0,1.0,1.0,B01
201400042224,0,7,0,0.0,0.0,7.0,9.0,A01
201400042225,0,3,0,0.0,9.0,3.0,15.0,A01
201400042225,0,32,0,0.0,2.0,1.0,1.0,B01
201400042226,0,7,0,0.0,2.0,7.0,1.0,A01
201400042226,0,30,0,0.0,2.0,8.0,11.0,B01
201400042227,0,7,0,1.0,1.0,3.0,1.0,A01
201400042228,0,7,0,0.0,2.0,7.0,1.0,B01
201400042228,0,7,0,0.0,2.0,1.0,1.0,A01
201400042229,0,33,0,0.0,2.0,1.0,1.0,A01
201400042229,0,10,0,0.0,2.0,3.0,16.0,B01
201400042230,0,7,0,0.0,1.0,7.0,11.0,A01
201400042231,0,33,0,0.0,1.0,1.0,1.0,A01
201400042232,0,10,0,0.0,2.0,8.0,11.0,A01
201400042232,0,33,0,0.0,2.0,8.0,1.0,B01
201400042233,0,7,0,0.0,1.0,1.0,0.0,A01
201400042234,0,7,0,0.0,2.0,4.0,2.0,A01
201400042234,1,7,0,0.0,2.0,1.0,2.0,B01
201400042235,0,7,0,0.0,1.0,8.0,1.0,A01
201400042236,0,7,0,0.0,2.0,1.0,1.0,A01
201400042236,0,1,0,0.0,2.0,4.0,15.0,B01
201400042237,1,7,0,0.0,1.0,2.0,1.0,Z01
201400042238,0,7,0,0.0,9.0,2.0,1.0,A01
201400042238,0,1,0,0.0,2.0,3.0,3.0,B01
201400042239,0,1,0,0.0,2.0,0.0,17.0,B01
201400042240,0,7,0,0.0,1.0,2.0,1.0,A01
201400042241,0,7,0,0.0,1.0,3.0,15.0,A01
201400042242,0,10,0,0.0,1.0,2.0,1.0,A01
201400042243,0,7,0,0.0,2.0,3.0,0.0,A01
201400042243,0,30,0,0.0,2.0,1.0,0.0,B01
201400042244,0,32,0,0.0,2.0,1.0,1.0,B01
201400042244,0,10,0,0.0,2.0,7.0,15.0,A01
201400042245,0,7,0,0.0,2.0,2.0,1.0,A01
201400042245,0,7,0,0.0,2.0,6.0,10.0,B01
201400042246,0,7,0,0.0,1.0,3.0,1.0,A01
201400042247,0,7,0,0.0,2.0,1.0,1.0,A01
201400042247,0,7,0,0.0,2.0,5.0,11.0,B01
201400042248,0,3,0,0.0,0.0,1.0,15.0,A01
201400042248,0,3,0,0.0,0.0,8.0,1.0,B01
201400042249,0,7,0,0.0,1.0,0.0,0.0,A01
201400042250,0,7,0,0.0,1.0,1.0,1.0,A01
201400042251,0,7,0,0.0,2.0,2.0,9.0,A01
201400042251,0,33,0,0.0,2.0,3.0,1.0,B01
201400042252,0,33,0,0.0,0.0,8.0,0.0,A01
201400042253,0,7,0,0.0,0.0,3.0,15.0,A01
201400042253,0,30,0,0.0,2.0,3.0,1.0,B01
201400042254,0,3,0,4.0,2.0,3.0,2.0,A01
201400042255,0,7,0,8.0,0.0,7.0,1.0,A01
201400042256,0,7,0,0.0,1.0,1.0,1.0,A01
201400042257,0,33,0,0.0,2.0,1.0,2.0,A01
201400042257,0,7,0,0.0,2.0,4.0,2.0,B01
201400042258,0,33,0,0.0,0.0,7.0,11.0,A01
201400042258,1,7,0,0.0,0.0,0.0,0.0,Z01
201400042259,0,34,0,0.0,2.0,1.0,17.0,A01
201400042259,0,7,0,0.0,0.0,6.0,12.0,B01
201400042260,0,37,0,0.0,0.0,3.0,5.0,A01
201400042260,0,33,0,0.0,0.0,1.0,5.0,B01
201400042261,1,2,0,0.0,1.0,0.0,0.0,Z01
201400042262,0,7,0,0.0,1.0,1.0,0.0,A01
201400042263,0,7,0,0.0,2.0,8.0,0.0,A01
201400042263,0,32,0,0.0,2.0,7.0,2.0,B01
201400042264,1,7,0,0.0,1.0,0.0,16.0,Z01
201400042265,0,7,0,8.0,2.0,5.0,0.0,A01
201400042265,0,7,0,0.0,2.0,2.0,18.0,B01
201400042266,0,7,0,0.0,2.0,3.0,0.0,A01
201400042266,0,7,0,0.0,2.0,2.0,1.0,B01
201400042267,0,36,0,0.0,2.0,8.0,1.0,A01
201400042267,0,7,0,0.0,2.0,2.0,19.0,B01
201400042268,0,3,0,0.0,1.0,2.0,1.0,A01
201400042269,0,7,0,0.0,2.0,3.0,10.0,A01
201400042269,0,7,0,0.0,2.0,2.0,1.0,B01
201400042270,0,7,0,0.0,2.0,1.0,1.0,A01
201400042270,0,7,0,4.0,0.0,4.0,1.0,B01
201400042271,0,7,0,0.0,2.0,2.0,1.0,A01
201400042271,0,7,0,0.0,2.0,3.0,1.0,B01
201400042272,1,99,0,0.0,1.0,1.0,1.0,A01
201400042273,0,7,0,0.0,0.0,1.0,2.0,A01
201400042273,0,3,0,0.0,0.0,4.0,1.0,B01
201400042274,0,7,0,9.0,0.0,1.0,1.0,A01
201400042275,0,3,0,0.0,0.0,3.0,9.0,B01
201400042275,0,3,0,0.0,0.0,1.0,9.0,A01
201400042276,0,7,0,0.0,2.0,8.0,2.0,A01
201400042276,0,7,0,0.0,2.0,8.0,1.0,B01
201400042277,0,10,0,0.0,2.0,1.0,2.0,A01
201400042277,0,10,0,0.0,2.0,1.0,0.0,B01
201400042278,0,37,2,0.0,2.0,8.0,1.0,A01
201400042278,0,37,1,0.0,2.0,6.0,1.0,B01
201400042278,0,30,0,0.0,2.0,1.0,17.0,C01
201400042279,0,1,0,0.0,2.0,0.0,0.0,B01
201400042279,0,7,0,0.0,2.0,1.0,1.0,A01
201400042280,0,7,0,0.0,2.0,1.0,11.0,A01
201400042280,0,7,0,0.0,2.0,3.0,1.0,B01
201400042281,0,7,0,0.0,1.0,8.0,1.0,A01
201400042282,0,7,0,0.0,2.0,1.0,3.0,A01
201400042282,0,14,0,0.0,0.0,3.0,11.0,B01
201400042283,0,7,0,0.0,2.0,4.0,1.0,A01
201400042283,2,7,0,0.0,2.0,1.0,2.0,Z01
201400042284,0,7,0,0.0,2.0,1.0,1.0,A01
201400042284,0,7,0,0.0,2.0,2.0,1.0,B01
201400042284,0,7,0,0.0,2.0,6.0,1.0,C01
201400042285,0,7,0,0.0,2.0,2.0,1.0,B01
201400042285,0,7,0,0.0,2.0,1.0,15.0,A01
201400042286,0,7,0,0.0,2.0,2.0,15.0,A01
201400042286,0,33,0,0.0,2.0,1.0,1.0,B01
201400042287,0,37,0,0.0,1.0,7.0,2.0,A01
201400042288,0,34,0,0.0,0.0,3.0,1.0,A01
201400042288,0,7,0,0.0,2.0,2.0,9.0,B01
201400042289,0,7,0,0.0,1.0,3.0,1.0,A01
201400042290,0,30,0,0.0,2.0,1.0,1.0,B01
201400042290,0,7,0,0.0,2.0,2.0,17.0,A01
201400042291,1,2,0,0.0,1.0,1.0,0.0,A01
201400042292,0,7,0,0.0,2.0,2.0,2.0,A01
201400042292,0,33,0,0.0,2.0,4.0,16.0,B01
201400042293,0,34,0,0.0,2.0,1.0,17.0,A01
201400042293,0,7,0,0.0,0.0,8.0,15.0,B01
201400042294,0,10,0,0.0,2.0,1.0,1.0,A01
201400042294,0,7,0,0.0,2.0,4.0,2.0,B01
201400042295,1,99,0,0.0,1.0,0.0,0.0,Z01
201400042296,0,33,0,0.0,2.0,1.0,0.0,A01
201400042296,0,7,0,0.0,2.0,1.0,15.0,B01
201400042297,0,7,0,0.0,2.0,2.0,1.0,B01
201400042297,2,32,0,0.0,2.0,1.0,5.0,A01
201400042298,0,33,0,0.0,2.0,1.0,1.0,B01
201400042298,0,7,0,0.0,2.0,3.0,1.0,A01
201400042299,0,7,0,0.0,2.0,0.0,15.0,A01
201400042299,0,30,0,0.0,2.0,1.0,1.0,B01
201400042300,0,7,0,0.0,2.0,1.0,15.0,A01
201400042300,0,30,0,0.0,2.0,8.0,1.0,B01
201400042301,0,7,0,0.0,0.0,1.0,5.0,A01
201400042301,0,7,0,0.0,0.0,1.0,0.0,B01
201400042301,0,7,0,0.0,0.0,1.0,0.0,C01
201400042302,0,7,0,0.0,1.0,1.0,15.0,A01
201400042303,0,1,0,0.0,1.0,8.0,19.0,A01
201400042304,0,7,0,0.0,0.0,8.0,2.0,A01
201400042304,0,33,0,0.0,0.0,7.0,2.0,B01
201400042305,0,15,0,0.0,2.0,3.0,1.0,A01
201400042305,0,7,0,0.0,2.0,8.0,15.0,B01
201400042306,0,3,0,0.0,0.0,2.0,15.0,A01
201400042306,0,2,0,0.0,0.0,1.0,1.0,B01
201400042307,0,7,0,8.0,0.0,1.0,16.0,A01
201400042308,0,7,0,0.0,1.0,2.0,2.0,A01
201400042309,0,7,0,0.0,1.0,1.0,1.0,A01
201400042310,0,7,0,0.0,0.0,1.0,1.0,A01
201400042310,0,2,0,0.0,0.0,1.0,1.0,B01
201400042311,0,7,0,0.0,2.0,1.0,15.0,A01
201400042311,0,33,0,0.0,2.0,1.0,1.0,B01
201400042312,0,7,0,0.0,1.0,4.0,4.0,A01
201400042313,0,7,0,0.0,1.0,1.0,1.0,A01
201400042314,0,7,0,0.0,1.0,3.0,0.0,A01
201400042315,0,7,0,0.0,1.0,1.0,15.0,A01
201400042316,0,7,0,0.0,1.0,3.0,16.0,A01
201400042317,0,7,0,0.0,2.0,7.0,15.0,A01
201400042317,0,33,0,0.0,2.0,1.0,1.0,B01
201400042318,0,7,0,0.0,2.0,7.0,15.0,B01
201400042318,1,7,0,0.0,2.0,1.0,1.0,Z01
201400042319,0,31,0,0.0,1.0,0.0,1.0,A01
201400042320,0,3,0,0.0,2.0,3.0,9.0,A01
201400042320,0,7,0,0.0,2.0,2.0,0.0,B01
201400042321,0,7,0,0.0,1.0,0.0,0.0,A01
201400042322,0,7,0,0.0,2.0,1.0,2.0,A01
201400042322,0,7,0,0.0,2.0,4.0,0.0,B01
201400042323,1,7,0,0.0,1.0,7.0,1.0,A01
201400042324,0,7,0,0.0,0.0,5.0,23.0,A01
201400042324,0,2,0,0.0,0.0,1.0,2.0,B01
201400042325,0,7,0,0.0,1.0,1.0,1.0,A01
201400042326,0,7,0,0.0,9.0,2.0,9.0,A01
201400042326,0,33,0,1.0,2.0,1.0,1.0,B01
201400042327,0,7,0,0.0,2.0,6.0,10.0,A01
201400042327,0,7,0,0.0,2.0,3.0,0.0,B01
201400042328,0,33,0,0.0,1.0,1.0,1.0,A01
201400042329,0,33,0,0.0,1.0,3.0,3.0,A01
201400042330,0,10,0,0.0,0.0,0.0,0.0,A01
201400042330,0,7,0,0.0,0.0,3.0,0.0,B01
201400042331,0,1,0,0.0,0.0,0.0,0.0,A01
201400042331,0,7,0,0.0,0.0,0.0,0.0,B01
201400042332,0,7,0,0.0,2.0,7.0,15.0,A01
201400042332,0,7,0,0.0,2.0,1.0,1.0,B01
201400042333,1,7,0,0.0,1.0,1.0,0.0,A01
201400042334,0,7,0,6.0,0.0,1.0,2.0,A01
201400042335,0,7,0,0.0,1.0,2.0,2.0,A01
201400042336,0,7,0,0.0,1.0,2.0,2.0,A01
201400042337,0,34,0,0.0,2.0,2.0,5.0,A01
201400042337,0,10,0,0.0,2.0,6.0,15.0,B01
201400042338,0,30,0,0.0,0.0,1.0,1.0,A01
201400042338,0,7,0,0.0,2.0,5.0,12.0,B01
201400042339,0,7,0,0.0,2.0,1.0,2.0,A01
201400042339,0,30,0,0.0,2.0,4.0,2.0,B01
201400042340,0,7,0,0.0,2.0,1.0,0.0,B01
201400042340,0,7,0,0.0,2.0,2.0,1.0,A01
201400042341,0,7,0,0.0,1.0,1.0,1.0,A01
201400042342,0,33,0,0.0,2.0,7.0,1.0,A01
201400042342,0,7,0,0.0,2.0,7.0,15.0,B01
201400042343,0,7,0,0.0,0.0,3.0,11.0,A01
201400042343,0,34,0,0.0,0.0,0.0,15.0,B01
201400042344,0,7,0,1.0,0.0,3.0,1.0,A01
201400042345,1,7,0,0.0,2.0,0.0,0.0,A01
201400042345,0,13,0,0.0,2.0,1.0,15.0,B01
201400042346,0,7,0,0.0,0.0,0.0,2.0,A01
201400042346,0,33,0,0.0,2.0,9.0,3.0,B01
201400042346,0,7,0,0.0,2.0,1.0,1.0,C01
201400042347,0,30,0,0.0,2.0,5.0,18.0,A01
201400042347,0,99,0,0.0,0.0,5.0,15.0,B01
201400042348,0,7,0,0.0,2.0,1.0,2.0,A01
201400042348,0,33,0,0.0,2.0,4.0,23.0,B01
201400042349,0,30,0,0.0,0.0,0.0,17.0,A01
201400042350,0,2,0,0.0,2.0,1.0,1.0,B01
201400042350,0,7,0,0.0,2.0,3.0,1.0,A01
201400042351,0,10,0,1.0,0.0,8.0,13.0,A01
201400042352,0,7,0,0.0,2.0,5.0,13.0,A01
201400042352,0,7,0,0.0,0.0,5.0,23.0,B01
201400042353,0,7,0,0.0,1.0,3.0,15.0,A01
201400042354,0,32,0,0.0,2.0,5.0,17.0,A01
201400042354,0,7,0,0.0,2.0,6.0,23.0,B01
201400042354,0,7,0,0.0,2.0,0.0,1.0,C01
201400042355,0,30,0,0.0,0.0,1.0,2.0,A01
201400042355,0,99,0,0.0,0.0,4.0,23.0,B01
201400042356,1,7,0,0.0,1.0,1.0,0.0,A01
201400042357,0,7,0,0.0,2.0,2.0,0.0,A01
201400042357,0,7,0,0.0,2.0,3.0,0.0,B01
201400042358,0,2,0,0.0,2.0,7.0,1.0,B01
201400042358,0,33,0,0.0,2.0,1.0,1.0,A01
201400042359,0,10,0,0.0,1.0,2.0,1.0,A01
201400042360,0,2,0,0.0,2.0,7.0,2.0,A01
201400042360,0,7,0,0.0,2.0,6.0,2.0,B01
201400042361,0,33,0,0.0,0.0,8.0,0.0,A01
201400042362,0,7,0,0.0,1.0,3.0,1.0,A01
201400042363,1,7,0,0.0,1.0,1.0,5.0,A01
201400042364,0,7,0,0.0,2.0,3.0,15.0,A01
201400042364,0,33,0,0.0,2.0,8.0,1.0,B01
201400042365,0,31,0,0.0,2.0,7.0,17.0,A01
201400042365,0,7,0,0.0,2.0,2.0,15.0,B01
201400042366,0,7,0,0.0,0.0,8.0,4.0,A01
201400042366,0,34,0,0.0,2.0,1.0,1.0,B01
201400042367,0,7,0,0.0,2.0,3.0,11.0,A01
201400042367,0,34,0,0.0,2.0,7.0,3.0,B01
201400042368,0,7,0,0.0,2.0,1.0,5.0,A01
201400042368,0,7,0,0.0,0.0,8.0,10.0,B01
201400042369,0,20,0,8.0,0.0,1.0,1.0,A01
201400042370,0,10,0,0.0,1.0,1.0,1.0,A01
201400042371,0,7,0,0.0,1.0,1.0,1.0,A01
201400042372,0,7,0,0.0,1.0,2.0,1.0,A01
201400042373,0,7,0,0.0,0.0,3.0,15.0,A01
201400042373,0,30,0,0.0,2.0,3.0,1.0,B01
201400042374,0,7,0,0.0,2.0,2.0,2.0,A01
201400042374,0,30,0,0.0,2.0,6.0,2.0,B01
201400042375,0,7,0,0.0,2.0,2.0,20.0,A01
201400042375,0,34,0,0.0,0.0,0.0,0.0,B01
201400042376,0,2,0,0.0,2.0,1.0,1.0,A01
201400042376,0,7,0,0.0,2.0,8.0,15.0,B01
201400042377,0,33,0,0.0,0.0,8.0,21.0,A01
201400042378,0,7,0,0.0,1.0,2.0,2.0,A01
201400042379,0,7,0,0.0,2.0,2.0,5.0,A01
201400042379,0,32,0,0.0,2.0,1.0,5.0,B01
201400042380,0,7,0,0.0,0.0,0.0,0.0,A01
201400042381,0,7,0,0.0,0.0,8.0,15.0,A01
201400042381,0,34,0,0.0,0.0,3.0,1.0,B01
201400042382,0,7,0,0.0,2.0,2.0,2.0,A01
201400042382,0,30,0,0.0,2.0,1.0,2.0,B01
201400042383,0,7,0,0.0,1.0,1.0,2.0,A01
201400042384,0,7,0,0.0,2.0,2.0,11.0,A01
201400042384,0,2,0,0.0,2.0,1.0,2.0,B01
201400042384,0,7,0,0.0,2.0,2.0,1.0,C01
201400042385,0,7,0,0.0,1.0,1.0,2.0,A01
201400042386,0,34,0,0.0,2.0,1.0,2.0,A01
201400042386,0,7,0,0.0,2.0,4.0,2.0,B01
201400042387,0,7,0,0.0,2.0,1.0,0.0,A01
201400042387,0,7,0,0.0,0.0,0.0,0.0,B01
201400042387,0,7,0,0.0,0.0,0.0,0.0,C01
201400042388,0,32,0,0.0,1.0,1.0,1.0,A01
201400042389,0,34,0,0.0,0.0,1.0,1.0,A01
201400042389,0,7,0,0.0,0.0,3.0,15.0,B01
201400042390,0,33,0,9.0,2.0,7.0,21.0,A01
201400042391,0,34,0,0.0,0.0,0.0,0.0,B01
201400042392,0,7,0,0.0,2.0,6.0,13.0,A01
201400042392,0,30,0,0.0,2.0,1.0,2.0,B01
201400042393,0,7,0,0.0,1.0,0.0,0.0,A01
201400042394,0,7,0,0.0,2.0,4.0,4.0,A01
201400042394,0,34,0,0.0,2.0,1.0,0.0,B01
201400042395,0,2,0,0.0,2.0,1.0,2.0,A01
201400042395,1,7,0,0.0,0.0,0.0,0.0,B01
201400042396,0,7,0,0.0,1.0,1.0,15.0,A01
201400042397,0,7,0,0.0,0.0,1.0,1.0,B01
201400042397,0,32,0,0.0,2.0,8.0,1.0,A01
201400042398,0,7,0,0.0,2.0,2.0,10.0,A01
201400042398,0,32,0,0.0,2.0,1.0,2.0,B01
201400042399,0,7,0,0.0,9.0,3.0,15.0,B01
201400042400,0,33,0,0.0,2.0,6.0,9.0,A01
201400042400,0,33,0,0.0,2.0,1.0,1.0,B01
201400042401,0,7,0,9.0,2.0,2.0,14.0,A01
201400042402,0,7,0,0.0,1.0,1.0,5.0,A01
201400042403,0,33,0,0.0,2.0,8.0,1.0,B01
201400042403,0,7,0,0.0,2.0,1.0,1.0,A01
201400042404,0,7,0,12.0,0.0,5.0,1.0,A01
201400042405,0,2,0,0.0,2.0,1.0,1.0,A01
201400042405,0,7,0,0.0,0.0,5.0,1.0,B01
201400042406,0,30,0,0.0,2.0,2.0,1.0,A01
201400042406,0,7,0,0.0,2.0,6.0,23.0,B01
201400042406,0,7,0,0.0,2.0,3.0,1.0,C01
201400042407,0,2,0,0.0,0.0,0.0,1.0,A01
201400042408,0,7,0,0.0,1.0,1.0,1.0,A01
201400042409,1,7,0,0.0,1.0,0.0,0.0,A01
201400042410,0,7,0,15.0,0.0,1.0,1.0,A01
201400042411,0,30,0,0.0,2.0,7.0,0.0,A01
201400042411,0,7,0,0.0,2.0,1.0,1.0,B01
201400042412,0,7,0,9.0,0.0,3.0,21.0,A01
201400042412,0,10,0,0.0,0.0,0.0,13.0,B01
201400042413,0,7,0,0.0,1.0,0.0,0.0,A01
201400042414,0,7,0,0.0,0.0,3.0,15.0,A01
201400042414,0,33,0,0.0,2.0,2.0,17.0,B01
201400042415,0,7,0,0.0,2.0,8.0,1.0,B01
201400042415,0,7,0,0.0,2.0,1.0,15.0,A01
201400042416,0,34,0,0.0,1.0,1.0,0.0,A01
201400042417,0,33,0,0.0,2.0,8.0,18.0,A01