Num_Acc,senc,catv,occutc,obs,obsm,choc,manv,num_veh
201400042417,0,7,0,0.0,2.0,2.0,2.0,B01
201400042418,0,7,0,0.0,2.0,3.0,12.0,A01
201400042418,0,33,0,0.0,2.0,7.0,11.0,B01
201400042419,0,7,0,0.0,2.0,5.0,1.0,B01
201400042419,0,7,0,0.0,2.0,1.0,0.0,A01
201400042420,0,7,0,0.0,1.0,1.0,2.0,A01
201400042421,1,7,0,0.0,0.0,8.0,12.0,A01
201400042421,0,1,0,0.0,9.0,1.0,1.0,Y01
201400042422,0,7,0,0.0,0.0,3.0,15.0,A01
201400042422,0,1,0,0.0,2.0,1.0,1.0,B01
201400042423,0,7,0,0.0,0.0,3.0,15.0,A01
201400042423,0,33,0,0.0,0.0,3.0,1.0,B01
201400042424,0,30,0,0.0,2.0,1.0,1.0,B01
201400042424,0,7,0,0.0,0.0,2.0,1.0,A01
201400042425,0,7,0,0.0,2.0,1.0,2.0,A01
201400042425,0,7,0,0.0,0.0,4.0,2.0,B01
201400042426,0,7,0,0.0,1.0,4.0,4.0,A01
201400042427,0,7,0,1.0,1.0,3.0,1.0,A01
201400042428,0,7,0,0.0,1.0,2.0,12.0,A01
201400042429,0,32,0,0.0,1.0,2.0,0.0,A01
201400042430,0,10,0,0.0,2.0,2.0,23.0,C01
201400042430,0,10,0,0.0,2.0,3.0,12.0,A01
201400042430,0,32,0,0.0,2.0,8.0,1.0,B01
201400042431,0,7,0,0.0,0.0,3.0,15.0,A01
201400042431,0,30,0,0.0,0.0,2.0,17.0,B01
201400042432,0,7,0,0.0,1.0,2.0,0.0,A01
201400042433,0,31,0,0.0,2.0,0.0,16.0,A01
201400042434,0,32,0,0.0,2.0,6.0,2.0,A01
201400042434,0,7,0,0.0,2.0,6.0,2.0,B01
201400042435,0,31,0,0.0,1.0,1.0,0.0,A01
201400042436,0,7,0,0.0,2.0,7.0,17.0,A01
201400042436,0,33,0,8.0,2.0,8.0,2.0,B01
201400042437,0,2,0,0.0,0.0,3.0,0.0,B01
201400042437,0,3,0,0.0,0.0,2.0,0.0,A01
201400042438,0,10,0,0.0,1.0,7.0,2.0,B01
201400042438,0,10,0,0.0,0.0,1.0,19.0,A01
201400042439,0,30,0,0.0,0.0,7.0,1.0,A01
201400042439,0,30,0,0.0,0.0,0.0,1.0,B01
201400042440,1,10,0,0.0,1.0,8.0,22.0,A01
201400042440,0,1,0,0.0,0.0,0.0,0.0,B01
201400042441,0,7,0,0.0,0.0,2.0,1.0,A01
201400042441,0,99,0,0.0,0.0,3.0,1.0,B01
201400042442,0,30,0,0.0,0.0,8.0,1.0,A01
201400042443,0,7,0,0.0,2.0,3.0,15.0,A01
201400042443,0,7,0,0.0,2.0,6.0,1.0,B01
201400042444,0,3,0,0.0,0.0,0.0,0.0,A01
201400042444,0,7,0,0.0,0.0,4.0,15.0,B01
201400042445,1,7,0,0.0,1.0,1.0,1.0,A01
201400042446,0,34,0,0.0,2.0,2.0,17.0,A01
201400042446,0,10,0,0.0,2.0,3.0,17.0,B01
201400042447,0,33,0,0.0,0.0,0.0,0.0,A01
201400042447,0,7,0,0.0,0.0,0.0,0.0,B01
201400042448,1,7,0,0.0,0.0,0.0,10.0,A01
201400042448,0,34,0,0.0,0.0,2.0,1.0,B01
201400042449,0,7,0,0.0,1.0,1.0,1.0,A01
201400042450,0,7,0,0.0,2.0,3.0,1.0,B01
201400042450,0,32,0,0.0,2.0,8.0,15.0,A01
201400042451,0,10,0,0.0,2.0,4.0,4.0,A01
201400042451,0,1,0,0.0,2.0,1.0,1.0,B01
201400042452,0,7,0,0.0,0.0,0.0,0.0,A01
201400042452,0,30,0,0.0,0.0,0.0,0.0,B01
201400042453,0,10,0,0.0,2.0,3.0,16.0,A01
201400042453,0,30,0,0.0,2.0,3.0,1.0,B01
201400042454,1,32,0,0.0,1.0,0.0,0.0,A01
201400042455,0,7,0,0.0,2.0,8.0,17.0,A01
201400042455,0,2,0,0.0,2.0,8.0,1.0,B01
201400042456,0,7,0,0.0,0.0,3.0,0.0,A01
201400042456,0,30,0,0.0,0.0,0.0,0.0,B01
201400042457,0,7,0,0.0,2.0,1.0,17.0,A01
201400042457,0,30,0,0.0,2.0,1.0,15.0,B01
201400042458,0,30,0,0.0,0.0,1.0,0.0,A01
201400042459,0,7,0,0.0,2.0,2.0,0.0,B01
201400042459,0,2,0,0.0,2.0,1.0,0.0,A01
201400042460,0,2,0,8.0,0.0,1.0,2.0,A01
201400042461,0,7,0,0.0,0.0,0.0,15.0,A01
201400042461,0,30,0,0.0,2.0,1.0,13.0,B01
201400042462,0,7,0,0.0,2.0,3.0,0.0,A01
201400042462,0,32,0,0.0,2.0,2.0,0.0,B01
201400042463,0,30,0,0.0,1.0,1.0,1.0,A01
201400042464,0,7,0,0.0,0.0,7.0,1.0,A01
201400042464,0,31,0,0.0,0.0,0.0,0.0,B01
201400042465,0,2,0,0.0,1.0,1.0,1.0,A01
201400042466,0,7,0,0.0,2.0,7.0,2.0,A01
201400042466,0,32,0,0.0,2.0,8.0,2.0,B01
201400042467,0,7,0,0.0,2.0,6.0,23.0,A01
201400042467,0,30,0,0.0,2.0,1.0,1.0,B01
201400042468,0,7,0,0.0,0.0,0.0,0.0,A01
201400042468,0,32,0,0.0,0.0,0.0,0.0,B01
201400042469,0,2,0,0.0,2.0,3.0,2.0,A01
201400042469,2,2,0,0.0,0.0,0.0,0.0,B01
201400042470,0,7,0,0.0,0.0,0.0,0.0,A01
201400042470,0,33,0,0.0,0.0,0.0,0.0,B01
201400042471,0,7,0,0.0,1.0,6.0,20.0,A01
201400042472,0,7,0,0.0,2.0,1.0,1.0,A01
201400042472,0,7,0,0.0,2.0,1.0,1.0,B01
201400042472,0,7,0,0.0,0.0,4.0,1.0,C01
201400042473,0,7,0,0.0,2.0,3.0,19.0,B01
201400042473,0,7,0,9.0,2.0,2.0,2.0,A01
201400042474,0,7,0,0.0,0.0,0.0,0.0,A01
201400042474,0,7,0,0.0,0.0,0.0,0.0,B01
201400042475,1,13,0,0.0,2.0,1.0,0.0,A01
201400042475,0,7,0,0.0,2.0,4.0,2.0,B01
201400042476,0,7,0,0.0,1.0,1.0,1.0,A01
201400042477,0,7,0,0.0,2.0,5.0,12.0,A01
201400042477,0,34,0,0.0,2.0,3.0,2.0,T01
201400042478,1,30,0,0.0,1.0,1.0,3.0,A01
201400042479,0,7,0,0.0,1.0,3.0,11.0,A01
201400042480,0,3,0,8.0,0.0,3.0,2.0,A01
201400042481,0,32,0,0.0,2.0,2.0,1.0,A01
201400042481,0,7,0,0.0,2.0,3.0,1.0,B01
201400042482,1,99,0,0.0,1.0,2.0,0.0,A01
201400042483,0,7,0,0.0,2.0,6.0,1.0,B01
201400042483,2,7,0,14.0,2.0,1.0,2.0,A01
201400042484,0,7,0,6.0,0.0,1.0,0.0,A01
201400042485,0,33,0,0.0,2.0,1.0,0.0,A01
201400042485,0,7,0,0.0,0.0,5.0,11.0,B01
201400042486,0,7,0,0.0,0.0,1.0,1.0,A01
201400042486,0,7,0,0.0,0.0,2.0,1.0,B01
201400042487,0,2,0,0.0,2.0,1.0,2.0,A01
201400042487,0,7,0,0.0,2.0,8.0,23.0,B01
201400042488,0,7,0,0.0,1.0,1.0,2.0,A01
201400042489,0,10,0,0.0,2.0,3.0,15.0,A01
201400042489,0,33,0,0.0,2.0,1.0,2.0,B01
201400042490,1,7,0,0.0,2.0,0.0,0.0,A01
201400042490,0,30,0,0.0,0.0,0.0,0.0,B01
201400042491,0,34,0,0.0,1.0,1.0,0.0,A01
201400042492,1,7,0,0.0,2.0,0.0,16.0,A01
201400042492,0,32,0,0.0,2.0,0.0,1.0,B01
201400042493,1,7,0,0.0,2.0,1.0,1.0,A01
201400042493,0,7,0,0.0,2.0,4.0,1.0,B01
201400042493,0,7,0,0.0,2.0,4.0,23.0,C01
201400042493,0,7,0,0.0,2.0,4.0,23.0,D01
201400042494,0,7,0,0.0,2.0,1.0,0.0,A01
201400042495,0,7,0,0.0,2.0,1.0,1.0,A01
201400042495,0,3,0,0.0,2.0,3.0,15.0,B01
201400042496,0,10,0,0.0,1.0,3.0,0.0,A01
201400042497,0,1,0,0.0,2.0,3.0,15.0,A01
201400042497,0,7,0,0.0,9.0,7.0,1.0,B01
201400042498,0,33,0,0.0,2.0,7.0,0.0,A01
201400042498,0,7,0,0.0,0.0,0.0,0.0,B01
201400042499,2,3,0,4.0,2.0,7.0,17.0,A01
201400042499,0,99,0,15.0,2.0,8.0,2.0,B01
201400042500,0,7,0,0.0,2.0,1.0,6.0,A01
201400042500,0,7,0,0.0,2.0,1.0,1.0,B01
201400042500,0,37,1,0.0,2.0,6.0,1.0,C01
201400042501,0,7,0,0.0,2.0,1.0,15.0,A01
201400042501,0,7,0,0.0,2.0,1.0,1.0,B01
201400042502,0,7,0,3.0,0.0,1.0,0.0,A01
201400042503,0,7,0,0.0,2.0,4.0,4.0,A01
201400042503,0,7,0,0.0,2.0,2.0,1.0,B01
201400042504,0,7,0,0.0,1.0,2.0,2.0,A01
201400042505,0,31,0,0.0,2.0,0.0,3.0,A01
201400042506,0,7,0,8.0,0.0,1.0,1.0,A01
201400042507,0,7,0,1.0,0.0,2.0,0.0,A01
201400042508,0,7,0,0.0,2.0,3.0,9.0,A01
201400042508,0,33,0,0.0,2.0,1.0,21.0,B01
201400042509,0,10,0,0.0,2.0,2.0,10.0,A01
201400042509,0,10,0,0.0,2.0,1.0,2.0,B01
201400042510,0,7,0,0.0,0.0,3.0,0.0,A01
201400042510,0,7,0,0.0,0.0,8.0,0.0,B01
201400042511,0,7,0,0.0,1.0,2.0,1.0,A01
201400042512,0,7,0,0.0,1.0,1.0,2.0,A01
201400042513,0,7,0,0.0,1.0,7.0,1.0,A01
201400042514,0,33,0,0.0,2.0,1.0,17.0,A01
201400042514,0,7,0,0.0,2.0,3.0,15.0,B01
201400042515,1,7,0,0.0,1.0,1.0,0.0,Z01
201400042516,0,7,0,0.0,0.0,1.0,15.0,A01
201400042516,0,33,0,0.0,0.0,0.0,1.0,B01
201400042517,0,7,0,0.0,2.0,1.0,17.0,A01
201400042517,0,7,0,0.0,2.0,6.0,15.0,B01
201400042518,0,7,0,0.0,2.0,1.0,0.0,A01
201400042518,0,3,0,4.0,2.0,4.0,0.0,B01
201400042519,0,7,0,0.0,1.0,2.0,1.0,A01
201400042520,0,7,0,0.0,1.0,1.0,1.0,A01
201400042521,0,7,0,0.0,0.0,4.0,2.0,A01
201400042521,0,7,0,0.0,2.0,1.0,2.0,B01
201400042522,0,37,1,0.0,2.0,1.0,2.0,A01
201400042522,0,10,0,0.0,2.0,4.0,2.0,B01
201400042523,0,3,0,0.0,2.0,2.0,10.0,A01
201400042523,0,30,0,0.0,0.0,3.0,1.0,B01
201400042524,0,7,0,0.0,2.0,1.0,2.0,A01
201400042524,0,7,0,0.0,0.0,4.0,2.0,B01
201400042525,0,7,0,0.0,2.0,1.0,1.0,A01
201400042525,0,7,0,0.0,2.0,4.0,0.0,B01
201400042526,2,7,0,3.0,2.0,1.0,1.0,A01
201400042526,0,7,0,0.0,2.0,8.0,2.0,B01
201400042527,0,34,0,0.0,2.0,1.0,0.0,A01
201400042527,0,7,0,0.0,2.0,6.0,15.0,B01
201400042528,2,7,0,0.0,2.0,1.0,1.0,A01
201400042528,0,7,0,0.0,0.0,4.0,1.0,B01
201400042529,0,7,0,0.0,2.0,1.0,1.0,A01
201400042529,0,7,0,0.0,2.0,8.0,4.0,B01
201400042530,0,7,0,14.0,2.0,1.0,2.0,A01
201400042530,0,37,6,0.0,0.0,4.0,2.0,B01
201400042531,0,7,0,0.0,0.0,4.0,24.0,A01
201400042531,0,30,0,1.0,0.0,1.0,2.0,B01
201400042532,1,7,0,0.0,1.0,0.0,0.0,Z01
201400042533,0,1,0,15.0,2.0,8.0,2.0,B01
201400042533,1,7,0,0.0,9.0,1.0,0.0,Z01
201400042534,0,7,0,0.0,1.0,2.0,0.0,A01
201400042535,0,30,0,0.0,2.0,1.0,1.0,A01
201400042535,1,7,0,0.0,2.0,0.0,0.0,Z01
201400042536,0,7,0,1.0,0.0,2.0,1.0,A01
201400042537,1,7,0,0.0,1.0,0.0,0.0,Z01
201400042538,0,3,0,0.0,2.0,4.0,0.0,A01
201400042538,0,10,0,14.0,2.0,1.0,0.0,B01
201400042539,1,7,0,0.0,9.0,1.0,15.0,Z01
201400042539,0,1,0,0.0,2.0,1.0,1.0,A01
201400042540,0,33,0,0.0,1.0,8.0,3.0,A01
201400042540,0,7,0,0.0,0.0,4.0,0.0,B01
201400042541,0,7,0,13.0,0.0,2.0,1.0,A01
201400042542,0,2,0,0.0,2.0,1.0,5.0,A01
201400042542,0,7,0,0.0,2.0,3.0,15.0,B01
201400042543,0,7,0,0.0,1.0,2.0,9.0,A01
201400042544,0,7,0,0.0,0.0,2.0,1.0,B01
201400042544,0,7,0,0.0,0.0,2.0,15.0,A01
201400042545,0,7,0,0.0,2.0,1.0,1.0,A01
201400042545,1,7,0,0.0,2.0,0.0,0.0,Z01
201400042546,1,7,0,0.0,2.0,1.0,1.0,A01
201400042546,0,7,0,0.0,2.0,5.0,14.0,B01
201400042547,0,7,0,0.0,2.0,3.0,0.0,B01
201400042547,0,7,0,0.0,2.0,2.0,0.0,A01
201400042548,0,7,0,0.0,1.0,3.0,16.0,A01
201400042549,0,7,0,0.0,2.0,2.0,1.0,B01
201400042549,0,30,0,0.0,2.0,1.0,9.0,A01
201400042550,0,7,0,0.0,2.0,1.0,1.0,A01
201400042550,0,7,0,0.0,2.0,3.0,1.0,B01
201400042551,0,7,0,0.0,1.0,0.0,1.0,A01
201400042552,0,7,0,1.0,0.0,4.0,2.0,A01
201400042553,0,3,0,9.0,0.0,1.0,0.0,A01
201400042554,0,7,0,0.0,2.0,3.0,0.0,B01
201400042554,0,7,0,0.0,2.0,1.0,0.0,A01
201400042555,0,7,0,9.0,1.0,1.0,10.0,A01
201400042556,0,7,0,0.0,2.0,7.0,15.0,A01
201400042556,0,30,0,0.0,2.0,1.0,1.0,B01
201400042557,0,10,0,0.0,0.0,7.0,15.0,A01
201400042557,0,31,0,0.0,2.0,1.0,1.0,B01
201400042558,0,7,0,0.0,2.0,2.0,15.0,A01
201400042558,0,31,0,0.0,2.0,1.0,1.0,B01
201400042559,0,7,0,0.0,2.0,1.0,1.0,A01
201400042559,0,7,0,0.0,2.0,1.0,1.0,B01
201400042560,0,30,0,16.0,0.0,0.0,1.0,A01
201400042561,0,7,0,0.0,2.0,7.0,1.0,B01
201400042561,0,7,0,0.0,2.0,1.0,1.0,A01
201400042562,0,7,0,0.0,0.0,2.0,11.0,A01
201400042562,0,33,0,0.0,0.0,1.0,1.0,B01
201400042563,0,7,0,9.0,0.0,1.0,2.0,A01
201400042564,0,30,0,0.0,2.0,2.0,0.0,B01
201400042564,0,7,0,0.0,2.0,3.0,1.0,A01
201400042565,0,32,0,0.0,2.0,1.0,1.0,A01
201400042565,0,7,0,0.0,2.0,8.0,0.0,B01
201400042566,0,7,0,1.0,0.0,1.0,0.0,A01
201400042567,0,7,0,0.0,2.0,2.0,0.0,A01
201400042567,0,7,0,0.0,2.0,3.0,0.0,B01
201400042568,0,7,0,0.0,0.0,4.0,13.0,A01
201400042568,0,33,0,0.0,2.0,1.0,1.0,B01
201400042569,0,10,0,0.0,2.0,1.0,1.0,A01
201400042569,0,10,0,0.0,2.0,1.0,15.0,B01
201400042570,0,37,1,0.0,1.0,2.0,12.0,A01
201400042571,0,30,0,0.0,2.0,1.0,17.0,A01
201400042571,0,7,0,0.0,0.0,6.0,15.0,B01
201400042572,0,7,0,15.0,2.0,2.0,1.0,A01
201400042572,0,7,0,0.0,2.0,3.0,9.0,B01
201400042573,1,13,0,0.0,2.0,0.0,11.0,A01
201400042573,0,7,0,0.0,2.0,7.0,0.0,B01
201400042574,0,10,0,0.0,2.0,4.0,1.0,B01
201400042574,0,30,0,0.0,2.0,1.0,0.0,A01
201400042575,0,1,0,0.0,2.0,0.0,1.0,B01
201400042575,0,7,0,0.0,2.0,0.0,9.0,A01
201400042576,0,7,0,0.0,1.0,3.0,1.0,A01
201400042577,0,7,0,0.0,0.0,8.0,10.0,A01
201400042577,0,7,0,0.0,2.0,1.0,1.0,B01
201400042578,0,7,0,0.0,2.0,4.0,23.0,B01
201400042578,0,7,0,14.0,2.0,1.0,1.0,A01
201400042579,0,7,0,0.0,1.0,2.0,1.0,A01
201400042580,0,7,0,0.0,2.0,6.0,11.0,B01
201400042580,2,7,0,0.0,2.0,1.0,1.0,Z01
201400042581,0,10,0,0.0,2.0,3.0,15.0,A01
201400042581,0,7,0,0.0,2.0,1.0,2.0,B01
201400042582,0,7,0,0.0,2.0,2.0,1.0,B01
201400042582,0,7,0,0.0,2.0,3.0,9.0,A01
201400042583,0,7,0,0.0,2.0,3.0,1.0,B01
201400042583,0,30,0,0.0,2.0,1.0,16.0,A01
201400042584,1,34,0,0.0,1.0,0.0,0.0,Z01
201400042585,0,7,0,0.0,2.0,1.0,1.0,A01
201400042585,0,7,0,0.0,2.0,3.0,15.0,B01
201400042586,0,7,0,5.0,0.0,2.0,1.0,A01
201400042587,0,7,0,5.0,0.0,3.0,1.0,A01
201400042588,0,3,0,0.0,2.0,1.0,1.0,A01
201400042588,0,13,0,0.0,2.0,7.0,1.0,B01
201400042589,1,7,0,0.0,1.0,2.0,0.0,A01
201400042590,0,10,0,0.0,1.0,3.0,1.0,A01
201400042591,0,33,0,0.0,2.0,5.0,11.0,B01
201400042591,2,7,0,0.0,0.0,2.0,11.0,A01
201400042592,0,7,0,0.0,2.0,3.0,1.0,B01
201400042592,0,30,0,0.0,2.0,2.0,1.0,A01
201400042593,0,7,0,3.0,0.0,1.0,21.0,A01
201400042594,0,10,0,0.0,9.0,8.0,9.0,B01
201400042594,0,1,0,0.0,2.0,1.0,9.0,A01
201400042595,0,7,0,0.0,2.0,4.0,1.0,A01
201400042595,0,10,0,0.0,2.0,1.0,1.0,B01
201400042596,0,99,0,0.0,1.0,7.0,16.0,A01
201400042597,0,7,0,0.0,1.0,1.0,1.0,A01
201400042598,0,7,0,15.0,2.0,1.0,1.0,A01
201400042598,0,7,0,12.0,2.0,6.0,1.0,B01
201400042599,0,7,0,0.0,2.0,3.0,1.0,B01
201400042599,0,30,0,0.0,2.0,1.0,1.0,A01
201400042600,0,10,0,0.0,2.0,1.0,9.0,A01
201400042600,0,7,0,0.0,2.0,6.0,1.0,B01
201400042600,0,10,0,0.0,2.0,1.0,1.0,C01
201400042601,0,7,0,1.0,2.0,1.0,3.0,A01
201400042601,0,7,0,0.0,0.0,4.0,2.0,B01
201400042601,0,7,0,0.0,2.0,3.0,2.0,C01
201400042602,0,40,0,0.0,2.0,1.0,1.0,A01
201400042602,2,7,0,0.0,0.0,7.0,19.0,B01
201400042603,0,7,0,0.0,0.0,0.0,0.0,A01
201400042604,0,34,0,0.0,2.0,1.0,1.0,A01
201400042604,0,7,0,4.0,0.0,3.0,1.0,B01
201400042605,0,30,0,0.0,2.0,1.0,17.0,A01
201400042605,0,7,0,0.0,2.0,3.0,15.0,B01
201400042606,0,30,0,0.0,1.0,1.0,0.0,A01
201400042607,0,10,0,0.0,1.0,1.0,15.0,A01
201400042608,0,7,0,0.0,2.0,7.0,15.0,A01
201400042608,0,7,0,0.0,2.0,2.0,2.0,B01
201400042609,0,7,0,0.0,2.0,1.0,0.0,A01
201400042609,0,7,0,0.0,2.0,3.0,0.0,B01
201400042610,0,10,0,0.0,0.0,4.0,0.0,A01
201400042610,0,10,0,0.0,2.0,1.0,1.0,B01
201400042611,0,7,0,0.0,2.0,1.0,1.0,B01
201400042611,2,7,0,0.0,2.0,1.0,6.0,A01
201400042612,0,7,0,0.0,2.0,1.0,1.0,A01
201400042612,0,7,0,0.0,0.0,4.0,23.0,B01
201400042613,0,7,0,0.0,1.0,7.0,0.0,A01
201400042614,0,10,0,0.0,2.0,3.0,1.0,A01
201400042614,0,7,0,0.0,2.0,1.0,1.0,B01
201400042615,0,7,0,1.0,2.0,2.0,21.0,A01
201400042615,0,7,0,0.0,2.0,8.0,23.0,B01
201400042615,0,7,0,0.0,2.0,5.0,1.0,C01
201400042615,0,7,0,0.0,2.0,8.0,1.0,D01
201400042616,0,7,0,0.0,0.0,1.0,10.0,A01
201400042616,0,1,0,0.0,2.0,7.0,2.0,B01
201400042617,0,7,0,0.0,1.0,1.0,1.0,A01
201400042618,0,7,0,0.0,2.0,3.0,2.0,B01
201400042618,0,7,0,0.0,2.0,1.0,9.0,A01
201400042619,0,30,0,0.0,2.0,1.0,1.0,A01
201400042619,0,10,0,0.0,2.0,3.0,1.0,B01
201400042620,0,33,0,0.0,2.0,1.0,1.0,A01
201400042620,0,7,0,0.0,2.0,5.0,10.0,B01
201400042621,0,32,0,0.0,1.0,1.0,1.0,A01
201400042622,0,7,0,0.0,2.0,1.0,1.0,A01
201400042622,0,7,0,0.0,0.0,4.0,1.0,B01
201400042623,0,34,0,0.0,1.0,1.0,1.0,A01
201400042624,0,7,0,0.0,2.0,3.0,16.0,A01
201400042624,0,30,0,0.0,2.0,1.0,0.0,B01
201400042625,1,99,0,0.0,0.0,4.0,0.0,A01
201400042625,0,30,0,0.0,2.0,1.0,2.0,B01
201400042626,0,7,0,0.0,1.0,1.0,1.0,A01
201400042627,0,33,0,0.0,2.0,3.0,1.0,A01
201400042627,0,10,0,0.0,2.0,3.0,15.0,B01
201400042628,0,7,0,0.0,2.0,4.0,1.0,A01
201400042628,0,10,0,0.0,2.0,1.0,0.0,B01
201400042629,0,32,0,0.0,1.0,1.0,3.0,A01
201400042630,0,7,0,0.0,1.0,0.0,0.0,A01
201400042631,0,32,0,0.0,1.0,8.0,18.0,A01
201400042632,0,10,0,0.0,9.0,2.0,15.0,A01
201400042632,0,1,0,0.0,2.0,3.0,16.0,B01
201400042633,1,7,0,0.0,1.0,0.0,0.0,A01
201400042634,0,10,0,9.0,2.0,1.0,0.0,A01
201400042634,0,7,0,0.0,2.0,3.0,0.0,B01
201400042635,0,7,0,0.0,1.0,1.0,17.0,A01
201400042636,0,7,0,0.0,1.0,2.0,1.0,A01
201400042637,0,7,0,0.0,2.0,2.0,2.0,B01
201400042637,0,10,0,0.0,2.0,3.0,2.0,A01
201400042638,0,2,0,8.0,0.0,1.0,15.0,A01
201400042639,0,7,0,0.0,0.0,7.0,23.0,A01
201400042639,0,1,0,0.0,0.0,8.0,18.0,B01
201400042640,0,7,0,0.0,0.0,8.0,15.0,A01
201400042640,0,2,0,0.0,2.0,2.0,15.0,B01
201400042641,0,10,0,0.0,1.0,3.0,15.0,A01
201400042642,0,7,0,0.0,0.0,6.0,15.0,A01
201400042642,0,13,0,0.0,2.0,1.0,1.0,B01
201400042643,0,32,0,0.0,2.0,1.0,1.0,A01
201400042643,0,7,0,0.0,2.0,4.0,0.0,B01
201400042643,1,7,0,0.0,0.0,0.0,17.0,C01
201400042644,0,34,0,0.0,2.0,1.0,17.0,A01
201400042644,0,7,0,0.0,2.0,1.0,1.0,B01
201400042645,0,1,0,0.0,1.0,1.0,1.0,A01
201400042646,0,7,0,0.0,2.0,2.0,1.0,A01
201400042646,0,7,0,0.0,2.0,4.0,1.0,B01
201400042647,0,3,0,0.0,1.0,0.0,0.0,A01
201400042648,0,7,0,0.0,1.0,8.0,20.0,A01
201400042649,0,33,0,0.0,2.0,1.0,2.0,A01
201400042649,0,3,0,0.0,0.0,0.0,2.0,B01
201400042650,0,7,0,0.0,0.0,6.0,15.0,A01
201400042650,0,34,0,0.0,0.0,3.0,19.0,B01
201400042651,0,7,0,0.0,2.0,3.0,15.0,A01
201400042651,0,33,0,0.0,2.0,0.0,1.0,B01
201400042652,0,7,0,0.0,2.0,2.0,13.0,A01
201400042652,0,31,0,0.0,2.0,3.0,1.0,B01
201400042652,1,7,0,0.0,0.0,0.0,2.0,C01
201400042653,0,7,0,0.0,1.0,2.0,0.0,A01
201400042654,0,10,0,0.0,9.0,4.0,4.0,A01
201400042654,0,32,0,0.0,2.0,0.0,1.0,B01
201400042655,0,7,0,14.0,2.0,1.0,6.0,A01
201400042656,0,7,0,0.0,2.0,1.0,15.0,A01
201400042656,0,32,0,0.0,2.0,1.0,1.0,B01
201400042657,0,7,0,0.0,1.0,2.0,1.0,A01
201400042658,0,7,0,1.0,0.0,1.0,1.0,A01
201400042659,0,7,0,0.0,2.0,2.0,15.0,A01
201400042659,0,30,0,0.0,2.0,1.0,1.0,B01
201400042660,0,1,0,1.0,2.0,1.0,2.0,A01
201400042660,0,7,0,0.0,2.0,3.0,22.0,B01
201400042661,0,7,0,0.0,2.0,3.0,1.0,B01
201400042661,0,7,0,0.0,2.0,1.0,1.0,A01
201400042662,0,7,0,0.0,1.0,1.0,1.0,A01
201400042663,0,7,0,0.0,2.0,7.0,1.0,B01
201400042663,0,7,0,0.0,2.0,1.0,1.0,A01
201400042664,0,7,0,0.0,1.0,2.0,1.0,A01
201400042665,1,7,0,0.0,2.0,0.0,15.0,A01
201400042665,0,30,0,0.0,2.0,4.0,1.0,B01
201400042666,0,7,0,0.0,9.0,3.0,2.0,A01
201400042666,0,1,0,0.0,2.0,3.0,1.0,B01
201400042667,0,7,0,0.0,1.0,1.0,1.0,A01
201400042668,0,7,0,0.0,1.0,2.0,0.0,A01
201400042669,0,7,0,0.0,2.0,5.0,10.0,A01
201400042669,0,33,0,0.0,2.0,1.0,21.0,B01
201400042670,0,7,0,0.0,2.0,3.0,1.0,B01
201400042670,0,7,0,0.0,2.0,1.0,9.0,A01
201400042671,0,7,0,0.0,2.0,1.0,2.0,B01
201400042671,0,7,0,0.0,2.0,7.0,2.0,A01
201400042672,0,31,0,0.0,2.0,1.0,2.0,A01
201400042672,0,7,0,0.0,2.0,5.0,1.0,B01
201400042673,0,7,0,1.0,0.0,8.0,0.0,A01
201400042673,0,1,0,14.0,0.0,1.0,0.0,B01
201400042674,0,7,0,0.0,2.0,1.0,2.0,A01
201400042674,0,7,0,0.0,0.0,4.0,2.0,B01
201400042675,0,7,0,0.0,9.0,1.0,15.0,A01
201400042675,0,1,0,0.0,2.0,1.0,23.0,B01
201400042676,0,2,0,0.0,1.0,1.0,1.0,A01
201400042677,0,10,0,0.0,1.0,8.0,1.0,A01
201400042678,0,1,0,0.0,2.0,1.0,7.0,B01
201400042678,0,7,0,0.0,2.0,3.0,0.0,A01
201400042679,0,33,0,1.0,2.0,1.0,17.0,A01
201400042679,0,7,0,0.0,0.0,8.0,2.0,B01
201400042680,0,7,0,0.0,2.0,3.0,22.0,A01
201400042680,0,1,0,0.0,0.0,2.0,1.0,B01
201400042681,0,7,0,0.0,1.0,2.0,1.0,A01
201400042682,0,7,0,0.0,2.0,6.0,4.0,A01
201400042682,0,37,1,0.0,2.0,2.0,1.0,B01
201400042683,0,10,0,0.0,2.0,1.0,2.0,A01
201400042683,0,7,0,0.0,2.0,4.0,2.0,B01
201400042684,0,10,0,0.0,1.0,3.0,15.0,A01
201400042685,0,7,0,0.0,1.0,2.0,1.0,A01
201400042686,0,7,0,0.0,2.0,5.0,15.0,A01
201400042686,0,32,0,0.0,2.0,1.0,1.0,B01
201400042687,0,14,0,0.0,1.0,5.0,0.0,A01
201400042688,2,7,0,0.0,1.0,3.0,1.0,A01
201400042689,2,7,0,0.0,2.0,1.0,2.0,A01
201400042689,0,7,0,0.0,2.0,7.0,2.0,B01
201400042690,0,10,0,0.0,2.0,1.0,2.0,A01
201400042690,0,2,0,0.0,2.0,8.0,19.0,B01
201400042691,0,15,0,14.0,0.0,4.0,4.0,A01
201400042691,0,33,0,0.0,2.0,1.0,23.0,B01
201400042692,1,7,0,0.0,9.0,5.0,4.0,A01
201400042692,0,1,0,0.0,0.0,0.0,19.0,B01