Num_Acc,senc,catv,occutc,obs,obsm,choc,manv,num_veh
201400043265,0,30,0,0.0,2.0,1.0,3.0,A01
201400043265,0,7,0,0.0,2.0,3.0,11.0,B01
201400043266,0,7,0,0.0,1.0,1.0,0.0,A01
201400043267,0,33,0,0.0,2.0,1.0,13.0,A01
201400043267,0,7,0,0.0,2.0,3.0,1.0,B01
201400043268,0,33,0,0.0,2.0,1.0,21.0,A01
201400043268,0,7,0,0.0,2.0,2.0,0.0,B01
201400043268,1,7,0,0.0,0.0,0.0,22.0,Z01
201400043269,0,13,0,0.0,2.0,5.0,4.0,A01
201400043269,0,7,0,0.0,2.0,5.0,10.0,B01
201400043270,0,7,0,0.0,2.0,1.0,1.0,A01
201400043270,0,7,0,0.0,2.0,7.0,1.0,B01
201400043271,0,7,0,0.0,2.0,1.0,1.0,B01
201400043271,0,7,0,0.0,2.0,8.0,1.0,A01
201400043272,0,7,0,0.0,2.0,1.0,0.0,A01
201400043272,0,7,0,0.0,0.0,0.0,0.0,B01
201400043272,0,7,0,0.0,0.0,0.0,0.0,C01
201400043273,2,7,0,15.0,2.0,1.0,0.0,Z01
201400043273,0,7,0,0.0,2.0,1.0,0.0,B01
201400043274,0,7,0,0.0,0.0,1.0,0.0,A01
201400043275,0,33,0,0.0,2.0,1.0,17.0,A01
201400043275,0,7,0,0.0,2.0,6.0,23.0,B01
201400043276,0,7,0,0.0,1.0,1.0,0.0,A01
201400043277,0,7,0,0.0,2.0,5.0,2.0,A01
201400043277,0,2,0,0.0,2.0,1.0,2.0,B01
201400043278,2,7,0,1.0,2.0,1.0,1.0,A01
201400043278,0,7,0,0.0,2.0,1.0,16.0,B01
201400043279,0,7,0,0.0,1.0,1.0,1.0,A01
201400043280,0,7,0,0.0,2.0,3.0,11.0,A01
201400043280,0,7,0,0.0,2.0,1.0,2.0,B01
201400043281,0,2,0,0.0,0.0,0.0,0.0,A01
201400043282,0,7,0,0.0,9.0,1.0,1.0,A01
201400043283,0,15,0,0.0,2.0,2.0,14.0,A01
201400043283,0,7,0,0.0,2.0,3.0,0.0,B01
201400043284,0,32,0,0.0,2.0,2.0,9.0,A01
201400043284,0,15,0,0.0,2.0,3.0,2.0,B01
201400043285,0,7,0,0.0,4.0,1.0,1.0,A01
201400043285,0,7,0,0.0,0.0,0.0,1.0,B01
201400043286,1,34,0,0.0,2.0,1.0,1.0,A01
201400043286,0,7,0,0.0,2.0,2.0,1.0,B01
201400043287,1,7,0,0.0,1.0,1.0,1.0,A01
201400043288,0,7,0,0.0,0.0,7.0,15.0,B01
201400043288,0,33,0,0.0,2.0,1.0,1.0,A01
201400043289,0,7,0,1.0,0.0,9.0,5.0,A01
201400043290,0,7,0,0.0,1.0,1.0,1.0,A01
201400043291,0,34,0,0.0,2.0,1.0,5.0,A01
201400043291,0,7,0,0.0,2.0,1.0,0.0,B01
201400043292,0,7,0,0.0,2.0,1.0,0.0,A01
201400043292,0,1,0,0.0,2.0,1.0,0.0,B01
201400043293,0,7,0,0.0,2.0,1.0,15.0,A01
201400043293,0,33,0,0.0,0.0,8.0,1.0,B01
201400043294,0,10,0,0.0,1.0,1.0,15.0,A01
201400043295,0,7,0,1.0,2.0,8.0,0.0,B01
201400043295,0,7,0,0.0,2.0,2.0,9.0,A01
201400043296,0,7,0,0.0,2.0,3.0,13.0,A01
201400043296,0,33,0,0.0,2.0,7.0,17.0,B01
201400043297,0,7,0,0.0,2.0,3.0,10.0,A01
201400043297,0,32,0,0.0,2.0,0.0,2.0,B01
201400043297,0,7,0,1.0,2.0,6.0,0.0,C01
201400043298,0,7,0,0.0,1.0,2.0,12.0,A01
201400043299,1,30,0,0.0,0.0,0.0,0.0,A01
201400043299,0,7,0,0.0,0.0,0.0,0.0,B01
201400043300,0,7,0,0.0,0.0,6.0,23.0,A01
201400043300,1,30,0,0.0,2.0,1.0,17.0,B01
201400043301,0,7,0,0.0,1.0,2.0,1.0,A01
201400043302,1,7,0,0.0,2.0,0.0,0.0,A01
201400043302,0,33,0,0.0,2.0,1.0,2.0,B01
201400043303,0,15,0,12.0,1.0,5.0,2.0,A01
201400043304,0,7,0,0.0,2.0,2.0,10.0,A01
201400043304,0,33,0,0.0,2.0,1.0,1.0,B01
201400043305,0,7,0,0.0,0.0,7.0,15.0,A01
201400043305,0,34,0,0.0,2.0,1.0,1.0,B01
201400043306,0,30,0,0.0,0.0,6.0,3.0,A01
201400043306,0,30,0,0.0,2.0,1.0,1.0,B01
201400043307,0,32,0,0.0,0.0,1.0,1.0,B01
201400043307,1,7,0,0.0,0.0,0.0,1.0,Z01
201400043308,0,7,0,0.0,1.0,1.0,1.0,A01
201400043309,0,7,0,1.0,0.0,1.0,13.0,A01
201400043310,2,1,0,0.0,1.0,1.0,1.0,Z01
201400043310,0,7,0,0.0,1.0,7.0,1.0,A01
201400043311,0,7,0,8.0,0.0,1.0,15.0,A01
201400043312,0,7,0,0.0,0.0,4.0,1.0,A01
201400043312,0,7,0,0.0,2.0,0.0,2.0,B01
201400043313,0,7,0,0.0,2.0,2.0,1.0,A01
201400043313,0,32,0,0.0,2.0,1.0,1.0,B01
201400043314,0,7,0,0.0,1.0,3.0,2.0,A01
201400043315,2,7,0,4.0,0.0,0.0,0.0,A01
201400043316,0,1,0,0.0,1.0,4.0,2.0,A01
201400043317,0,7,0,0.0,2.0,8.0,0.0,A01
201400043317,0,33,0,1.0,0.0,1.0,2.0,B01
201400043318,0,7,0,0.0,1.0,2.0,0.0,A01
201400043319,1,7,0,0.0,0.0,2.0,0.0,A01
201400043319,0,33,0,0.0,0.0,4.0,0.0,B01
201400043320,0,7,0,0.0,2.0,7.0,9.0,B01
201400043320,0,7,0,0.0,2.0,1.0,1.0,A01
201400043321,0,7,0,1.0,0.0,1.0,1.0,A01
201400043321,0,7,0,0.0,0.0,6.0,0.0,B01
201400043322,1,30,0,0.0,1.0,1.0,2.0,Z01
201400043323,1,7,0,0.0,0.0,0.0,0.0,W01
201400043323,1,7,0,0.0,0.0,0.0,0.0,X01
201400043323,1,30,0,0.0,0.0,0.0,0.0,Z01
201400043324,0,7,0,0.0,1.0,2.0,1.0,A01
201400043325,0,7,0,0.0,2.0,1.0,1.0,A01
201400043325,0,7,0,0.0,0.0,4.0,23.0,B01
201400043326,0,7,0,0.0,1.0,3.0,1.0,A01
201400043327,0,7,0,15.0,0.0,1.0,14.0,A01
201400043328,0,7,0,0.0,0.0,2.0,1.0,A01
201400043328,0,7,0,1.0,2.0,3.0,1.0,B01
201400043329,0,13,0,0.0,2.0,1.0,2.0,A01
201400043329,0,7,0,0.0,0.0,4.0,2.0,B01
201400043330,0,7,0,0.0,9.0,1.0,10.0,A01
201400043330,0,1,0,0.0,0.0,0.0,0.0,Y01
201400043331,0,7,0,0.0,0.0,3.0,15.0,A01
201400043331,0,2,0,0.0,2.0,1.0,17.0,B01
201400043332,0,7,0,0.0,1.0,2.0,1.0,A01
201400043333,0,7,0,0.0,2.0,2.0,1.0,A01
201400043333,0,7,0,0.0,2.0,6.0,23.0,B01
201400043333,0,33,0,0.0,2.0,3.0,3.0,C01
201400043334,0,7,0,0.0,2.0,1.0,13.0,A01
201400043334,0,34,0,0.0,2.0,1.0,1.0,B01
201400043335,0,7,0,1.0,1.0,5.0,1.0,A01
201400043336,0,10,0,0.0,1.0,0.0,1.0,A01
201400043337,0,7,0,0.0,2.0,7.0,1.0,B01
201400043337,2,30,0,0.0,2.0,7.0,19.0,Z01
201400043338,1,7,0,0.0,2.0,8.0,11.0,A01
201400043338,0,33,0,0.0,2.0,7.0,0.0,B01
201400043339,0,7,0,0.0,2.0,1.0,15.0,A01
201400043339,0,33,0,0.0,0.0,1.0,1.0,B01
201400043340,0,7,0,14.0,0.0,3.0,1.0,A01
201400043341,0,7,0,0.0,2.0,2.0,0.0,B01
201400043341,2,7,0,0.0,2.0,3.0,0.0,Z01
201400043342,0,37,1,0.0,1.0,2.0,0.0,A01
201400043343,1,7,0,0.0,0.0,0.0,0.0,Z01
201400043343,0,7,0,0.0,2.0,1.0,1.0,A01
201400043344,0,7,0,0.0,2.0,3.0,11.0,A01
201400043344,0,31,0,0.0,2.0,2.0,2.0,B01
201400043345,1,34,0,0.0,1.0,0.0,0.0,Z01
201400043346,0,33,0,0.0,2.0,3.0,21.0,A01
201400043346,0,7,0,0.0,0.0,7.0,1.0,B01
201400043346,1,7,0,0.0,0.0,0.0,1.0,Z01
201400043347,0,7,0,0.0,2.0,4.0,0.0,A01
201400043347,0,7,0,0.0,2.0,4.0,0.0,B01
201400043347,0,99,0,0.0,2.0,1.0,0.0,C01
201400043347,0,7,0,0.0,2.0,1.0,0.0,D01
201400043348,0,15,0,0.0,0.0,0.0,1.0,A01
201400043348,0,34,0,12.0,0.0,0.0,0.0,B01
201400043349,1,7,0,0.0,1.0,0.0,0.0,Z01
201400043350,0,7,0,0.0,2.0,1.0,1.0,A01
201400043350,0,7,0,0.0,2.0,4.0,1.0,B01
201400043351,0,37,20,0.0,2.0,2.0,1.0,B01
201400043351,0,7,0,0.0,2.0,3.0,9.0,A01
201400043352,0,13,0,0.0,2.0,8.0,10.0,A01
201400043352,0,7,0,0.0,2.0,7.0,1.0,B01
201400043353,0,7,0,0.0,2.0,1.0,1.0,A01
201400043353,0,7,0,0.0,0.0,4.0,1.0,B01
201400043354,0,99,0,0.0,2.0,3.0,1.0,A01
201400043354,0,32,0,0.0,2.0,1.0,1.0,B01
201400043355,0,7,0,14.0,0.0,1.0,2.0,A01
201400043355,0,7,0,0.0,0.0,4.0,1.0,B01
201400043356,0,10,0,0.0,1.0,1.0,1.0,A01
201400043357,0,33,0,0.0,0.0,3.0,1.0,B01
201400043357,0,7,0,0.0,0.0,2.0,9.0,A01
201400043358,0,7,0,9.0,0.0,1.0,13.0,A01
201400043359,0,7,0,0.0,2.0,7.0,2.0,B01
201400043359,0,7,0,8.0,2.0,1.0,2.0,A01
201400043360,0,34,0,0.0,0.0,1.0,3.0,A01
201400043360,0,7,0,0.0,0.0,1.0,3.0,B01
201400043361,0,10,0,0.0,2.0,5.0,15.0,A01
201400043361,0,30,0,0.0,2.0,1.0,21.0,B01
201400043362,0,10,0,0.0,1.0,4.0,4.0,A01
201400043363,0,33,0,14.0,2.0,7.0,2.0,A01
201400043363,1,7,0,0.0,2.0,8.0,2.0,Z01
201400043364,0,7,0,9.0,1.0,1.0,1.0,A01
201400043365,0,7,0,0.0,2.0,2.0,10.0,A01
201400043365,0,33,0,0.0,2.0,1.0,19.0,B01
201400043366,0,7,0,0.0,1.0,1.0,1.0,A01
201400043367,0,7,0,0.0,2.0,3.0,16.0,A01
201400043367,0,7,0,0.0,2.0,5.0,2.0,B01
201400043368,0,7,0,0.0,2.0,3.0,11.0,A01
201400043368,0,33,0,0.0,2.0,1.0,1.0,B01
201400043369,0,32,0,0.0,1.0,7.0,0.0,A01
201400043370,0,7,0,0.0,2.0,7.0,15.0,A01
201400043370,0,32,0,0.0,2.0,1.0,1.0,B01
201400043371,0,10,0,0.0,2.0,1.0,2.0,A01
201400043371,0,10,0,0.0,2.0,4.0,2.0,B01
201400043371,0,10,0,0.0,2.0,4.0,2.0,C01
201400043372,0,7,0,0.0,1.0,4.0,20.0,A01
201400043373,0,14,0,0.0,2.0,2.0,2.0,A01
201400043373,0,7,0,0.0,2.0,4.0,2.0,B01
201400043374,0,7,0,0.0,0.0,3.0,19.0,B01
201400043374,0,7,0,0.0,2.0,2.0,19.0,A01
201400043375,0,33,0,0.0,2.0,3.0,1.0,A01
201400043375,1,7,0,0.0,0.0,0.0,12.0,Z01
201400043376,1,32,0,0.0,1.0,1.0,0.0,A01
201400043376,0,13,0,0.0,0.0,3.0,1.0,B01
201400043377,0,7,0,0.0,2.0,8.0,20.0,A01
201400043377,0,31,0,0.0,2.0,1.0,1.0,B01
201400043378,0,7,0,0.0,2.0,2.0,15.0,A01
201400043378,0,10,0,0.0,2.0,3.0,1.0,B01
201400043379,0,37,20,0.0,1.0,0.0,7.0,A01
201400043380,0,7,0,0.0,2.0,1.0,2.0,A01
201400043380,0,7,0,14.0,2.0,1.0,2.0,B01
201400043380,0,7,0,0.0,0.0,4.0,23.0,C01
201400043381,0,33,0,0.0,2.0,7.0,1.0,A01
201400043381,0,7,0,0.0,0.0,3.0,10.0,B01
201400043382,0,15,0,0.0,0.0,1.0,1.0,A01
201400043382,0,15,0,0.0,0.0,4.0,23.0,B01
201400043383,2,7,0,0.0,0.0,7.0,13.0,A01
201400043383,0,34,0,0.0,0.0,8.0,2.0,B01
201400043384,0,20,0,0.0,0.0,8.0,11.0,A01
201400043384,0,30,0,0.0,2.0,1.0,1.0,B01
201400043385,0,33,0,0.0,2.0,1.0,1.0,A01
201400043385,0,7,0,0.0,2.0,5.0,15.0,B01
201400043386,0,7,0,0.0,2.0,6.0,11.0,A01
201400043386,0,10,0,1.0,2.0,1.0,1.0,B01
201400043387,0,7,0,0.0,9.0,7.0,10.0,A01
201400043387,0,32,0,0.0,2.0,1.0,0.0,B01
201400043388,0,7,0,0.0,1.0,1.0,2.0,A01
201400043389,0,20,0,0.0,2.0,3.0,2.0,A01
201400043389,0,3,0,0.0,0.0,5.0,9.0,B01
201400043390,0,7,0,0.0,2.0,0.0,0.0,A01
201400043390,0,7,0,0.0,0.0,6.0,0.0,B01
201400043391,0,7,0,0.0,2.0,2.0,13.0,A01
201400043391,0,33,0,0.0,2.0,1.0,1.0,B01
201400043392,0,7,0,0.0,2.0,1.0,10.0,A01
201400043392,0,30,0,0.0,2.0,8.0,1.0,B01
201400043393,0,7,0,0.0,2.0,3.0,1.0,A01
201400043393,0,7,0,0.0,2.0,5.0,1.0,B01
201400043394,1,33,0,0.0,1.0,0.0,0.0,A01
201400043395,0,7,0,0.0,1.0,2.0,2.0,A01
201400043396,0,7,0,0.0,0.0,8.0,22.0,A01
201400043396,0,1,0,1.0,0.0,7.0,1.0,B01
201400043397,0,7,0,0.0,2.0,1.0,0.0,A01
201400043397,0,7,0,0.0,2.0,3.0,0.0,B01
201400043398,0,7,0,0.0,1.0,4.0,4.0,A01
201400043399,0,7,0,0.0,2.0,1.0,2.0,A01
201400043399,0,7,0,0.0,0.0,0.0,2.0,C01
201400043399,0,7,0,0.0,2.0,4.0,2.0,B01
201400043400,0,7,0,0.0,2.0,1.0,0.0,A01
201400043400,0,7,0,0.0,0.0,4.0,0.0,B01
201400043401,0,7,0,0.0,2.0,2.0,9.0,A01
201400043401,0,7,0,0.0,2.0,3.0,0.0,B01
201400043402,0,30,0,0.0,1.0,3.0,0.0,A01
201400043403,2,7,0,8.0,2.0,2.0,2.0,A01
201400043403,2,7,0,0.0,2.0,3.0,1.0,Z01
201400043404,0,7,0,0.0,2.0,2.0,15.0,A01
201400043404,0,32,0,0.0,2.0,1.0,2.0,B01
201400043405,0,3,0,0.0,1.0,2.0,15.0,A01
201400043406,0,10,0,0.0,1.0,0.0,0.0,A01
201400043407,0,7,0,0.0,2.0,3.0,9.0,A01
201400043407,0,30,0,0.0,2.0,0.0,2.0,B01
201400043408,0,10,0,0.0,1.0,3.0,1.0,A01
201400043409,0,7,0,0.0,0.0,2.0,9.0,A01
201400043409,0,7,0,0.0,0.0,2.0,9.0,B01
201400043410,0,7,0,0.0,1.0,3.0,2.0,A01
201400043411,0,7,0,9.0,2.0,2.0,2.0,B01
201400043411,0,7,0,9.0,2.0,6.0,0.0,A01
201400043412,0,7,0,0.0,1.0,0.0,0.0,A01
201400043413,0,7,0,0.0,1.0,8.0,1.0,A01
201400043414,0,7,0,8.0,0.0,2.0,0.0,A01
201400043415,0,13,0,0.0,2.0,2.0,2.0,A01
201400043415,0,7,0,0.0,2.0,6.0,1.0,B01
201400043416,0,34,0,0.0,2.0,2.0,17.0,A01
201400043416,0,7,0,0.0,2.0,3.0,15.0,B01
201400043417,0,2,0,0.0,2.0,1.0,1.0,A01
201400043417,0,7,0,0.0,2.0,4.0,16.0,B01
201400043418,0,33,0,0.0,2.0,2.0,2.0,A01
201400043418,0,1,0,0.0,2.0,3.0,11.0,B01
201400043419,0,7,0,0.0,0.0,5.0,15.0,A01
201400043419,0,34,0,0.0,2.0,3.0,1.0,B01
201400043420,0,7,0,0.0,1.0,2.0,2.0,A01
201400043421,0,7,0,0.0,0.0,2.0,10.0,A01
201400043421,0,33,0,0.0,0.0,8.0,1.0,B01
201400043422,0,7,0,0.0,2.0,8.0,9.0,A01
201400043422,0,14,0,0.0,2.0,0.0,2.0,B01
201400043423,0,2,0,0.0,2.0,1.0,18.0,A01
201400043423,0,7,0,0.0,2.0,2.0,16.0,B01
201400043424,0,7,0,0.0,1.0,3.0,1.0,A01
201400043425,0,34,0,0.0,2.0,1.0,10.0,A01
201400043425,0,34,0,0.0,2.0,1.0,1.0,B01
201400043425,0,7,0,0.0,2.0,3.0,1.0,C01
201400043426,0,7,0,0.0,9.0,7.0,1.0,A01
201400043426,0,1,0,0.0,2.0,8.0,1.0,B01
201400043427,0,10,0,0.0,2.0,3.0,11.0,A01
201400043427,0,32,0,0.0,0.0,0.0,0.0,B01
201400043428,0,37,1,0.0,1.0,1.0,1.0,A01
201400043429,0,7,0,0.0,0.0,3.0,10.0,A01
201400043429,0,34,0,0.0,2.0,1.0,1.0,B01
201400043430,0,7,0,0.0,2.0,7.0,15.0,A01
201400043430,0,34,0,0.0,2.0,1.0,2.0,B01
201400043431,0,10,0,0.0,2.0,2.0,10.0,A01
201400043431,0,33,0,0.0,2.0,1.0,2.0,B01
201400043432,0,33,0,0.0,2.0,1.0,1.0,A01
201400043432,0,7,0,0.0,2.0,3.0,1.0,B01
201400043433,0,7,0,0.0,2.0,4.0,1.0,A01
201400043433,0,7,0,0.0,2.0,1.0,1.0,B01
201400043434,0,7,0,0.0,2.0,3.0,10.0,A01
201400043434,0,32,0,0.0,2.0,1.0,1.0,B01
201400043435,0,7,0,0.0,1.0,3.0,1.0,A01
201400043436,0,7,0,0.0,2.0,3.0,10.0,A01
201400043436,0,33,0,0.0,2.0,7.0,17.0,B01
201400043437,0,34,0,9.0,1.0,1.0,1.0,A01
201400043438,0,10,0,0.0,0.0,3.0,1.0,B01
201400043438,0,7,0,1.0,0.0,2.0,15.0,A01
201400043439,0,99,0,0.0,2.0,1.0,1.0,A01
201400043439,0,7,0,0.0,2.0,7.0,16.0,B01
201400043440,1,14,0,14.0,1.0,7.0,1.0,Z01
201400043441,0,7,0,1.0,0.0,2.0,21.0,A01
201400043442,0,33,0,0.0,2.0,1.0,1.0,A01
201400043442,0,7,0,0.0,2.0,3.0,17.0,B01
201400043442,0,7,0,0.0,0.0,1.0,23.0,C01
201400043443,0,7,0,0.0,2.0,3.0,11.0,A01
201400043443,0,31,0,0.0,2.0,2.0,2.0,B01
201400043444,0,34,0,0.0,2.0,3.0,1.0,B01
201400043444,0,7,0,0.0,2.0,5.0,9.0,A01
201400043445,0,17,0,0.0,2.0,1.0,1.0,A01
201400043445,0,1,0,0.0,2.0,8.0,19.0,B01
201400043446,0,33,0,0.0,1.0,1.0,21.0,A01
201400043447,0,10,0,0.0,0.0,3.0,0.0,A01
201400043447,0,34,0,0.0,0.0,2.0,17.0,B01
201400043448,0,7,0,0.0,2.0,3.0,5.0,A01
201400043448,0,10,0,0.0,2.0,3.0,1.0,B01
201400043449,1,7,0,0.0,1.0,1.0,1.0,A01
201400043450,0,1,0,0.0,2.0,1.0,1.0,A01
201400043450,0,7,0,0.0,2.0,5.0,2.0,B01
201400043451,0,10,0,0.0,0.0,3.0,15.0,A01
201400043451,0,7,0,0.0,0.0,1.0,1.0,B01
201400043452,0,7,0,0.0,0.0,8.0,10.0,A01
201400043452,0,33,0,0.0,2.0,1.0,2.0,B01
201400043453,0,34,0,0.0,2.0,2.0,12.0,A01
201400043453,0,7,0,0.0,2.0,3.0,1.0,B01
201400043454,0,7,0,0.0,1.0,2.0,0.0,A01
201400043455,0,7,0,0.0,2.0,3.0,11.0,A01
201400043455,0,32,0,0.0,2.0,1.0,2.0,B01
201400043456,0,7,0,0.0,1.0,1.0,1.0,A01
201400043457,0,3,0,9.0,0.0,4.0,2.0,A01
201400043457,1,7,0,0.0,2.0,1.0,2.0,Z01
201400043458,0,3,0,0.0,0.0,8.0,10.0,A01
201400043458,0,32,0,0.0,0.0,1.0,1.0,B01
201400043459,0,7,0,0.0,2.0,4.0,2.0,B01
201400043459,0,31,0,0.0,2.0,3.0,2.0,A01
201400043460,0,7,0,0.0,0.0,6.0,2.0,A01
201400043460,1,30,0,0.0,2.0,1.0,2.0,B01
201400043461,0,33,0,0.0,2.0,7.0,1.0,B01
201400043461,0,7,0,0.0,2.0,8.0,0.0,C01
201400043461,0,7,0,0.0,2.0,3.0,0.0,A01
201400043462,0,10,0,0.0,2.0,3.0,0.0,A01
201400043462,0,33,0,0.0,2.0,2.0,0.0,B01
201400043463,0,7,0,0.0,0.0,3.0,10.0,A01
201400043463,0,34,0,0.0,2.0,1.0,2.0,B01
201400043464,0,10,0,0.0,1.0,0.0,0.0,A01
201400043465,0,7,0,0.0,1.0,3.0,16.0,A01
201400043466,0,7,0,4.0,2.0,8.0,1.0,B01
201400043466,0,7,0,0.0,2.0,2.0,15.0,A01
201400043467,0,2,0,0.0,2.0,1.0,1.0,A01
201400043467,0,7,0,0.0,2.0,3.0,1.0,B01
201400043468,0,7,0,0.0,2.0,3.0,10.0,A01
201400043468,0,1,0,0.0,2.0,1.0,1.0,B01
201400043469,0,7,0,1.0,1.0,1.0,0.0,A01
201400043470,0,33,0,1.0,2.0,1.0,2.0,A01
201400043470,0,7,0,0.0,2.0,5.0,2.0,B01
201400043471,0,30,0,0.0,1.0,1.0,1.0,A01
201400043472,1,7,0,1.0,0.0,0.0,0.0,A01
201400043472,0,7,0,0.0,0.0,0.0,0.0,B01
201400043473,0,1,0,0.0,2.0,0.0,2.0,B01
201400043473,0,32,0,0.0,2.0,0.0,2.0,A01
201400043474,0,1,0,0.0,0.0,8.0,19.0,B01
201400043474,0,7,0,0.0,2.0,3.0,15.0,A01
201400043475,0,7,0,0.0,2.0,1.0,1.0,A01
201400043475,0,32,0,0.0,2.0,1.0,0.0,B01
201400043476,0,30,0,0.0,2.0,7.0,19.0,A01
201400043476,0,7,0,0.0,2.0,1.0,1.0,B01
201400043477,0,7,0,0.0,1.0,4.0,4.0,A01
201400043478,0,7,0,0.0,0.0,8.0,0.0,A01
201400043478,0,1,0,0.0,0.0,1.0,1.0,B01
201400043479,0,7,0,0.0,2.0,1.0,1.0,A01
201400043479,0,33,0,0.0,2.0,7.0,0.0,B01
201400043480,0,7,0,0.0,0.0,1.0,19.0,A01
201400043480,0,7,0,0.0,0.0,1.0,1.0,B01
201400043481,0,37,0,0.0,2.0,3.0,1.0,B01
201400043481,0,7,0,0.0,2.0,2.0,1.0,A01
201400043482,0,7,0,0.0,1.0,1.0,9.0,A01
201400043483,0,10,0,0.0,0.0,2.0,15.0,A01
201400043483,0,34,0,0.0,0.0,6.0,1.0,B01
201400043484,0,7,0,0.0,2.0,4.0,1.0,A01
201400043484,0,34,0,0.0,0.0,4.0,1.0,B01
201400043485,0,7,0,0.0,1.0,8.0,1.0,A01
201400043486,0,30,0,0.0,2.0,1.0,13.0,A01
201400043486,0,7,0,0.0,2.0,3.0,13.0,B01
201400043486,0,7,0,0.0,0.0,3.0,0.0,C01
201400043486,0,7,0,0.0,0.0,3.0,0.0,D01
201400043487,0,32,0,0.0,2.0,1.0,0.0,A01
201400043487,0,10,0,0.0,2.0,3.0,13.0,B01
201400043487,0,7,0,0.0,2.0,2.0,13.0,C01
201400043488,0,34,0,0.0,2.0,1.0,21.0,A01
201400043488,0,34,0,0.0,2.0,5.0,0.0,B01
201400043488,0,7,0,0.0,2.0,3.0,0.0,C01
201400043489,0,32,0,0.0,2.0,1.0,5.0,A01
201400043489,0,32,0,0.0,2.0,1.0,1.0,B01
201400043490,0,34,0,0.0,2.0,1.0,1.0,A01
201400043490,0,7,0,0.0,2.0,3.0,1.0,B01
201400043491,0,33,0,1.0,0.0,1.0,5.0,A01
201400043491,0,7,0,1.0,0.0,1.0,9.0,B01
201400043492,0,7,0,1.0,0.0,3.0,20.0,A01
201400043492,0,32,0,0.0,2.0,2.0,1.0,B01
201400043493,0,7,0,0.0,1.0,7.0,1.0,A01
201400043494,0,34,0,0.0,2.0,1.0,17.0,B01
201400043494,2,7,0,0.0,2.0,3.0,6.0,A01
201400043495,0,7,0,11.0,0.0,1.0,2.0,A01
201400043496,0,7,0,0.0,2.0,4.0,11.0,A01
201400043496,0,7,0,0.0,2.0,6.0,2.0,B01
201400043496,0,7,0,0.0,2.0,1.0,1.0,C01
201400043497,0,7,0,0.0,1.0,1.0,1.0,A01
201400043498,0,7,0,0.0,2.0,3.0,0.0,A01
201400043498,0,32,0,0.0,2.0,2.0,0.0,B01
201400043499,0,7,0,0.0,2.0,2.0,1.0,A01
201400043499,0,7,0,0.0,2.0,7.0,19.0,B01
201400043500,0,7,0,0.0,2.0,2.0,2.0,A01
201400043500,0,7,0,0.0,2.0,3.0,2.0,B01
201400043501,0,7,0,0.0,2.0,0.0,15.0,A01
201400043501,0,33,0,0.0,2.0,1.0,2.0,B01
201400043502,0,7,0,0.0,2.0,1.0,0.0,A01
201400043502,0,32,0,0.0,2.0,8.0,0.0,B01
201400043503,0,7,0,0.0,1.0,1.0,1.0,A01
201400043504,0,7,0,0.0,1.0,3.0,0.0,A01
201400043505,0,7,0,0.0,0.0,2.0,11.0,A01
201400043505,0,31,0,0.0,2.0,3.0,1.0,B01
201400043506,1,2,0,1.0,0.0,1.0,1.0,B01
201400043506,0,7,0,0.0,0.0,6.0,0.0,A01
201400043507,1,7,0,0.0,2.0,0.0,0.0,A01
201400043507,0,2,0,0.0,2.0,2.0,20.0,B01
201400043508,0,7,0,0.0,1.0,2.0,1.0,A01
201400043509,0,7,0,0.0,0.0,1.0,2.0,A01
201400043509,0,7,0,0.0,0.0,4.0,23.0,B01
201400043510,0,7,0,0.0,2.0,2.0,1.0,A01
201400043510,0,1,0,0.0,2.0,5.0,1.0,B01
201400043511,1,33,0,0.0,1.0,0.0,0.0,A01
201400043512,0,7,0,0.0,2.0,1.0,0.0,A01
201400043512,0,7,0,0.0,2.0,2.0,19.0,B01
201400043513,0,31,0,0.0,1.0,2.0,11.0,A01
201400043514,0,7,0,0.0,2.0,1.0,1.0,A01
201400043514,0,7,0,0.0,2.0,7.0,11.0,B01
201400043515,1,99,0,0.0,1.0,0.0,0.0,A01
201400043516,0,7,0,0.0,1.0,7.0,1.0,A01
201400043517,0,7,0,0.0,1.0,3.0,0.0,A01
201400043518,0,7,0,3.0,0.0,7.0,9.0,A01
201400043518,0,7,0,0.0,0.0,1.0,0.0,B01
201400043519,0,32,0,1.0,0.0,0.0,0.0,A01
201400043519,0,7,0,0.0,2.0,0.0,0.0,B01
201400043520,0,7,0,0.0,2.0,1.0,2.0,A01
201400043520,0,7,0,0.0,2.0,4.0,2.0,B01
201400043520,0,7,0,0.0,0.0,4.0,2.0,C01
201400043521,0,7,0,0.0,0.0,3.0,1.0,A01
201400043521,0,2,0,0.0,2.0,1.0,2.0,B01
201400043522,0,7,0,0.0,2.0,1.0,2.0,A01
201400043522,0,7,0,0.0,0.0,0.0,0.0,B01
201400043523,0,7,0,0.0,1.0,1.0,1.0,A01
201400043524,0,7,0,0.0,2.0,1.0,2.0,A01
201400043524,0,7,0,0.0,0.0,4.0,2.0,B01
201400043525,0,30,0,0.0,2.0,1.0,1.0,A01
201400043525,0,7,0,0.0,2.0,7.0,15.0,B01
201400043526,0,7,0,0.0,2.0,1.0,1.0,A01
201400043526,0,7,0,0.0,2.0,2.0,1.0,B01
201400043527,0,10,0,0.0,1.0,1.0,1.0,A01