Num_Acc,senc,catv,occutc,obs,obsm,choc,manv,num_veh
201400043528,0,7,0,0.0,2.0,1.0,12.0,A01
201400043528,0,1,0,0.0,2.0,7.0,1.0,B01
201400043529,0,37,10,0.0,1.0,0.0,0.0,A01
201400043530,0,7,0,0.0,1.0,1.0,2.0,A01
201400043531,0,7,0,0.0,2.0,2.0,1.0,B01
201400043531,0,7,0,0.0,2.0,6.0,1.0,C01
201400043531,0,20,0,2.0,2.0,1.0,1.0,A01
201400043532,0,7,0,0.0,1.0,1.0,0.0,A01
201400043533,0,7,0,8.0,0.0,2.0,2.0,A01
201400043534,0,7,0,0.0,2.0,0.0,15.0,A01
201400043534,0,7,0,8.0,2.0,1.0,1.0,B01
201400043535,0,7,0,0.0,2.0,8.0,1.0,A01
201400043535,0,7,0,0.0,2.0,3.0,15.0,B01
201400043536,0,7,0,0.0,1.0,2.0,0.0,A01
201400043537,0,7,0,0.0,2.0,1.0,1.0,A01
201400043537,0,30,0,0.0,2.0,4.0,1.0,B01
201400043538,0,7,0,0.0,1.0,3.0,0.0,A01
201400043539,0,7,0,0.0,2.0,3.0,2.0,A01
201400043539,0,7,0,0.0,0.0,6.0,10.0,B01
201400043540,0,7,0,0.0,1.0,3.0,1.0,A01
201400043541,0,7,0,0.0,2.0,3.0,10.0,A01
201400043541,0,33,0,0.0,2.0,2.0,13.0,B01
201400043541,0,7,0,0.0,0.0,8.0,1.0,C01
201400043542,0,33,0,0.0,2.0,3.0,1.0,A01
201400043542,0,7,0,0.0,2.0,5.0,12.0,B01
201400043543,0,7,0,0.0,2.0,2.0,17.0,A01
201400043543,0,7,0,0.0,0.0,8.0,10.0,B01
201400043544,0,7,0,0.0,1.0,1.0,1.0,A01
201400043545,0,7,0,0.0,2.0,2.0,1.0,A01
201400043545,0,7,0,0.0,2.0,3.0,1.0,B01
201400043546,0,34,0,0.0,2.0,1.0,17.0,A01
201400043546,0,7,0,0.0,0.0,6.0,10.0,B01
201400043547,0,7,0,0.0,1.0,1.0,0.0,A01
201400043548,0,30,0,0.0,2.0,8.0,5.0,A01
201400043548,0,7,0,0.0,2.0,1.0,1.0,B01
201400043549,0,7,0,0.0,2.0,1.0,15.0,A01
201400043549,0,7,0,0.0,2.0,1.0,1.0,B01
201400043550,0,99,0,0.0,1.0,2.0,1.0,A01
201400043551,0,32,0,0.0,2.0,1.0,1.0,A01
201400043551,0,7,0,0.0,2.0,3.0,15.0,B01
201400043552,0,7,0,0.0,1.0,3.0,1.0,A01
201400043553,0,7,0,0.0,0.0,2.0,12.0,A01
201400043553,0,33,0,0.0,2.0,3.0,0.0,B01
201400043554,0,7,0,0.0,2.0,1.0,10.0,A01
201400043554,0,33,0,0.0,2.0,8.0,1.0,B01
201400043555,0,7,0,0.0,1.0,7.0,13.0,A01
201400043556,1,7,0,0.0,1.0,3.0,16.0,Z01
201400043557,0,7,0,0.0,1.0,1.0,1.0,A01
201400043557,0,7,0,0.0,1.0,0.0,1.0,B01
201400043558,0,7,0,1.0,0.0,2.0,1.0,A01
201400043559,2,7,0,0.0,2.0,1.0,1.0,A01
201400043559,0,7,0,0.0,0.0,4.0,1.0,B01
201400043560,0,7,0,0.0,1.0,3.0,1.0,A01
201400043561,2,7,0,4.0,1.0,1.0,0.0,A01
201400043562,0,7,0,0.0,0.0,4.0,23.0,A01
201400043562,0,7,0,0.0,2.0,1.0,1.0,B01
201400043563,1,7,0,0.0,2.0,1.0,2.0,A01
201400043563,0,7,0,0.0,2.0,4.0,2.0,B01
201400043563,1,7,0,0.0,0.0,4.0,0.0,C01
201400043564,0,15,0,0.0,1.0,6.0,1.0,A01
201400043565,0,7,0,0.0,0.0,0.0,0.0,B01
201400043565,0,30,0,0.0,0.0,0.0,0.0,A01
201400043566,0,7,0,0.0,1.0,5.0,4.0,A01
201400043567,0,7,0,0.0,1.0,7.0,1.0,A01
201400043568,0,7,0,0.0,1.0,1.0,1.0,A01
201400043569,0,37,1,0.0,2.0,8.0,13.0,A01
201400043569,0,33,0,0.0,2.0,7.0,1.0,B01
201400043570,0,7,0,0.0,2.0,7.0,2.0,A01
201400043570,0,32,0,0.0,2.0,8.0,2.0,B01
201400043571,0,34,0,0.0,1.0,1.0,2.0,A01
201400043572,0,7,0,0.0,1.0,4.0,4.0,A01
201400043573,0,7,0,0.0,2.0,7.0,9.0,A01
201400043573,0,32,0,0.0,2.0,8.0,7.0,B01
201400043574,0,7,0,0.0,2.0,3.0,5.0,A01
201400043574,0,7,0,0.0,2.0,3.0,5.0,B01
201400043575,0,33,0,0.0,2.0,3.0,12.0,A01
201400043575,0,10,0,0.0,2.0,2.0,16.0,B01
201400043576,0,13,0,0.0,2.0,0.0,17.0,A01
201400043576,0,34,0,0.0,2.0,0.0,17.0,B01
201400043577,0,10,0,0.0,0.0,4.0,23.0,A01
201400043577,0,7,0,0.0,2.0,4.0,23.0,B01
201400043577,0,7,0,0.0,2.0,1.0,2.0,C01
201400043577,0,7,0,0.0,2.0,1.0,2.0,D01
201400043578,2,7,0,9.0,2.0,1.0,2.0,A01
201400043578,0,7,0,15.0,2.0,5.0,2.0,B01
201400043579,0,7,0,0.0,1.0,2.0,16.0,A01
201400043580,0,7,0,0.0,1.0,1.0,1.0,A01
201400043581,0,7,0,0.0,2.0,1.0,0.0,A01
201400043581,0,7,0,0.0,2.0,7.0,10.0,B01
201400043582,1,7,0,0.0,2.0,1.0,0.0,B01
201400043582,0,7,0,0.0,2.0,1.0,21.0,A01
201400043583,0,33,0,0.0,2.0,7.0,17.0,A01
201400043583,0,7,0,0.0,2.0,3.0,15.0,B01
201400043584,0,7,0,0.0,2.0,8.0,1.0,A01
201400043584,0,7,0,0.0,2.0,1.0,1.0,B01
201400043585,0,7,0,2.0,1.0,1.0,1.0,A01
201400043586,0,2,0,0.0,0.0,1.0,2.0,B01
201400043586,0,7,0,0.0,0.0,6.0,2.0,A01
201400043587,0,7,0,0.0,2.0,3.0,13.0,A01
201400043587,0,7,0,0.0,2.0,3.0,1.0,B01
201400043588,0,7,0,0.0,2.0,1.0,0.0,A01
201400043588,0,7,0,0.0,2.0,1.0,0.0,B01
201400043589,1,2,0,0.0,2.0,3.0,14.0,A01
201400043589,0,7,0,0.0,2.0,1.0,1.0,B01
201400043590,0,7,0,0.0,0.0,1.0,1.0,A01
201400043590,0,7,0,0.0,0.0,4.0,0.0,B01
201400043591,0,7,0,0.0,0.0,2.0,2.0,A01
201400043591,0,7,0,0.0,0.0,6.0,11.0,B01
201400043592,0,7,0,0.0,2.0,1.0,1.0,A01
201400043592,0,7,0,0.0,2.0,7.0,11.0,B01
201400043593,0,2,0,0.0,0.0,4.0,2.0,B01
201400043593,1,7,0,0.0,0.0,1.0,2.0,Z01
201400043594,0,7,0,0.0,2.0,1.0,0.0,A01
201400043594,0,7,0,0.0,0.0,4.0,2.0,B01
201400043595,0,7,0,0.0,2.0,8.0,5.0,A01
201400043595,0,7,0,0.0,2.0,1.0,9.0,B01
201400043596,0,7,0,1.0,0.0,1.0,0.0,A01
201400043596,0,7,0,0.0,2.0,4.0,0.0,B01
201400043596,0,7,0,0.0,2.0,2.0,0.0,C01
201400043597,0,7,0,0.0,1.0,6.0,4.0,A01
201400043598,0,7,0,2.0,9.0,7.0,5.0,A01
201400043599,0,7,0,0.0,2.0,7.0,9.0,A01
201400043599,0,30,0,0.0,2.0,1.0,1.0,B01
201400043600,0,7,0,0.0,1.0,2.0,1.0,A01
201400043601,0,33,0,0.0,0.0,7.0,1.0,A01
201400043602,0,7,0,0.0,2.0,1.0,0.0,A01
201400043602,0,7,0,0.0,2.0,2.0,0.0,B01
201400043603,0,7,0,0.0,0.0,1.0,1.0,A01
201400043603,0,7,0,0.0,0.0,8.0,1.0,B01
201400043604,0,33,0,0.0,2.0,8.0,2.0,A01
201400043604,0,7,0,0.0,2.0,7.0,2.0,B01
201400043605,0,7,0,0.0,1.0,1.0,1.0,A01
201400043606,0,7,0,0.0,2.0,2.0,1.0,A01
201400043606,0,7,0,0.0,2.0,1.0,15.0,B01
201400043606,0,7,0,0.0,2.0,3.0,23.0,C01
201400043607,0,7,0,0.0,1.0,1.0,1.0,A01
201400043608,0,7,0,0.0,0.0,4.0,2.0,B01
201400043608,0,10,0,0.0,2.0,1.0,2.0,A01
201400043609,0,33,0,0.0,2.0,1.0,0.0,B01
201400043609,0,7,0,0.0,2.0,1.0,15.0,A01
201400043610,0,7,0,0.0,2.0,1.0,0.0,A01
201400043610,0,7,0,0.0,2.0,4.0,0.0,B01
201400043611,0,7,0,0.0,2.0,1.0,2.0,A01
201400043611,0,7,0,0.0,0.0,6.0,2.0,B01
201400043612,0,34,0,0.0,2.0,1.0,19.0,A01
201400043612,0,7,0,0.0,2.0,5.0,19.0,B01
201400043613,0,34,0,0.0,2.0,1.0,13.0,A01
201400043613,0,7,0,0.0,0.0,1.0,0.0,B01
201400043614,0,7,0,0.0,0.0,4.0,0.0,A01
201400043614,0,7,0,0.0,0.0,0.0,0.0,B01
201400043615,0,7,0,0.0,2.0,3.0,9.0,A01
201400043615,1,99,0,0.0,2.0,0.0,1.0,B01
201400043616,0,7,0,0.0,2.0,1.0,2.0,A01
201400043616,0,10,0,0.0,2.0,4.0,1.0,B01
201400043617,0,7,0,15.0,0.0,1.0,16.0,B01
201400043618,0,7,0,0.0,1.0,2.0,1.0,A01
201400043619,0,7,0,0.0,0.0,1.0,9.0,A01
201400043619,0,7,0,0.0,2.0,1.0,1.0,B01
201400043620,0,10,0,0.0,1.0,2.0,4.0,A01
201400043621,0,7,0,0.0,2.0,2.0,0.0,A01
201400043621,0,33,0,0.0,2.0,8.0,0.0,B01
201400043622,0,7,0,0.0,0.0,1.0,5.0,A01
201400043622,0,7,0,0.0,2.0,1.0,1.0,B01
201400043623,0,7,0,1.0,0.0,3.0,1.0,A01
201400043624,0,7,0,0.0,0.0,2.0,14.0,A01
201400043624,0,7,0,0.0,0.0,2.0,0.0,B01
201400043625,1,10,0,0.0,1.0,0.0,0.0,A01
201400043626,0,7,0,0.0,2.0,2.0,1.0,A01
201400043626,0,7,0,0.0,0.0,8.0,10.0,B01
201400043627,0,7,0,0.0,2.0,8.0,2.0,A01
201400043627,0,7,0,0.0,2.0,1.0,0.0,B01
201400043628,0,7,0,2.0,0.0,2.0,0.0,A01
201400043629,0,7,0,0.0,1.0,1.0,15.0,A01
201400043630,0,10,0,0.0,1.0,1.0,1.0,A01
201400043631,0,7,0,0.0,0.0,1.0,0.0,A01
201400043631,0,7,0,0.0,0.0,1.0,0.0,B01
201400043632,0,7,0,0.0,0.0,3.0,5.0,A01
201400043632,0,7,0,0.0,0.0,0.0,1.0,B01
201400043633,0,7,0,0.0,0.0,0.0,0.0,B01
201400043633,0,7,0,0.0,0.0,0.0,1.0,A01
201400043634,0,7,0,0.0,2.0,2.0,1.0,A01
201400043634,0,34,0,0.0,2.0,1.0,1.0,B01
201400043635,0,7,0,0.0,1.0,2.0,1.0,A01
201400043636,0,1,0,0.0,2.0,1.0,1.0,A01
201400043636,0,7,0,0.0,9.0,3.0,0.0,B01
201400043637,0,10,0,0.0,2.0,5.0,0.0,A01
201400043637,0,10,0,0.0,2.0,1.0,1.0,B01
201400043638,0,7,0,0.0,2.0,1.0,2.0,A01
201400043638,0,7,0,0.0,2.0,4.0,2.0,B01
201400043639,0,7,0,0.0,2.0,1.0,2.0,A01
201400043639,0,3,0,0.0,0.0,4.0,2.0,B01
201400043640,0,1,0,0.0,0.0,1.0,0.0,A01
201400043640,0,7,0,0.0,9.0,1.0,2.0,B01
201400043641,0,7,0,0.0,1.0,3.0,1.0,A01
201400043642,0,7,0,0.0,2.0,1.0,1.0,A01
201400043642,0,7,0,0.0,0.0,4.0,1.0,B01
201400043643,0,33,0,0.0,2.0,1.0,0.0,B01
201400043643,0,7,0,0.0,0.0,8.0,0.0,A01
201400043644,0,7,0,0.0,1.0,1.0,0.0,A01
201400043645,0,7,0,8.0,0.0,1.0,0.0,A01
201400043646,0,32,0,0.0,2.0,1.0,2.0,A01
201400043646,0,7,0,0.0,0.0,4.0,2.0,B01
201400043647,0,10,0,0.0,2.0,1.0,2.0,A01
201400043647,0,7,0,0.0,0.0,4.0,2.0,B01
201400043648,0,7,0,0.0,2.0,7.0,0.0,A01
201400043648,0,7,0,0.0,2.0,1.0,0.0,B01
201400043649,0,33,0,0.0,0.0,9.0,2.0,B01
201400043649,0,7,0,0.0,0.0,3.0,9.0,A01
201400043650,1,7,0,0.0,2.0,1.0,2.0,A01
201400043650,0,7,0,0.0,2.0,4.0,23.0,B01
201400043651,0,7,0,0.0,0.0,1.0,2.0,A01
201400043651,0,7,0,0.0,0.0,4.0,2.0,B01
201400043652,0,7,0,0.0,0.0,2.0,9.0,A01
201400043652,0,1,0,0.0,2.0,6.0,0.0,B01
201400043653,0,7,0,0.0,2.0,1.0,2.0,A01
201400043653,0,7,0,0.0,2.0,4.0,2.0,B01
201400043653,0,7,0,0.0,2.0,4.0,2.0,C01
201400043654,0,7,0,0.0,2.0,3.0,0.0,B01
201400043654,0,7,0,0.0,2.0,3.0,9.0,A01
201400043655,0,7,0,0.0,0.0,1.0,1.0,A01
201400043655,0,7,0,0.0,0.0,9.0,2.0,B01
201400043655,0,7,0,0.0,0.0,6.0,2.0,C01
201400043656,0,7,0,0.0,2.0,2.0,1.0,A01
201400043656,0,7,0,0.0,2.0,1.0,15.0,B01
201400043656,0,7,0,0.0,2.0,1.0,15.0,C01
201400043657,0,7,0,0.0,2.0,1.0,2.0,A01
201400043657,0,7,0,0.0,2.0,4.0,2.0,B01
201400043658,0,37,0,0.0,1.0,2.0,1.0,A01
201400043659,0,7,0,0.0,2.0,1.0,0.0,A01
201400043659,0,7,0,0.0,2.0,1.0,0.0,B01
201400043660,0,10,0,0.0,2.0,3.0,15.0,A01
201400043660,0,34,0,0.0,2.0,1.0,1.0,B01
201400043661,0,10,0,3.0,0.0,2.0,2.0,A01
201400043662,0,7,0,0.0,2.0,6.0,1.0,B01
201400043663,0,7,0,0.0,0.0,6.0,0.0,A01
201400043663,0,7,0,0.0,2.0,3.0,2.0,B01
201400043664,0,7,0,0.0,1.0,1.0,9.0,A01
201400043665,0,7,0,0.0,1.0,7.0,1.0,A01
201400043666,0,7,0,0.0,1.0,0.0,2.0,A01
201400043667,0,34,0,0.0,2.0,1.0,1.0,B01
201400043667,0,7,0,1.0,2.0,7.0,14.0,A01
201400043668,0,7,0,0.0,2.0,4.0,2.0,B01
201400043668,0,2,0,0.0,2.0,1.0,1.0,A01
201400043669,0,7,0,0.0,2.0,1.0,1.0,A01
201400043669,0,7,0,0.0,2.0,4.0,1.0,B01
201400043670,0,7,0,1.0,9.0,8.0,22.0,A01
201400043670,0,1,0,1.0,9.0,1.0,2.0,B01
201400043671,0,7,0,0.0,2.0,2.0,15.0,A01
201400043671,0,32,0,0.0,2.0,1.0,1.0,B01
201400043672,1,7,0,0.0,1.0,4.0,4.0,Z01
201400043673,0,32,0,0.0,2.0,1.0,1.0,B01
201400043673,1,7,0,0.0,2.0,2.0,15.0,A01
201400043674,0,2,0,0.0,2.0,1.0,17.0,A01
201400043674,0,7,0,0.0,2.0,3.0,15.0,B01
201400043675,0,34,0,0.0,2.0,1.0,1.0,A01
201400043675,0,7,0,0.0,2.0,3.0,1.0,B01
201400043676,0,10,0,0.0,2.0,3.0,17.0,A01
201400043676,0,30,0,0.0,2.0,1.0,1.0,B01
201400043677,0,7,0,0.0,2.0,6.0,15.0,B01
201400043677,0,33,0,0.0,2.0,1.0,21.0,A01
201400043678,0,7,0,0.0,2.0,1.0,1.0,B01
201400043678,0,7,0,0.0,2.0,7.0,1.0,A01
201400043679,0,34,0,1.0,2.0,1.0,6.0,A01
201400043679,0,7,0,0.0,2.0,3.0,5.0,B01
201400043680,0,7,0,0.0,2.0,4.0,23.0,B01
201400043680,0,7,0,0.0,2.0,1.0,2.0,A01
201400043681,0,7,0,0.0,1.0,1.0,1.0,A01
201400043682,0,30,0,0.0,2.0,4.0,1.0,B01
201400043682,0,30,0,0.0,2.0,1.0,2.0,A01
201400043683,0,33,0,0.0,2.0,1.0,17.0,A01
201400043683,0,7,0,0.0,2.0,6.0,9.0,B01
201400043684,0,7,0,0.0,2.0,7.0,1.0,B01
201400043684,0,10,0,0.0,2.0,5.0,2.0,A01
201400043685,0,7,0,0.0,2.0,2.0,1.0,A01
201400043685,0,7,0,0.0,2.0,3.0,16.0,B01
201400043686,0,32,0,0.0,2.0,4.0,11.0,B01
201400043686,0,7,0,0.0,2.0,1.0,1.0,A01
201400043687,0,10,0,0.0,2.0,1.0,2.0,A01
201400043687,0,10,0,0.0,2.0,4.0,1.0,B01
201400043688,0,7,0,0.0,2.0,8.0,1.0,B01
201400043688,0,7,0,0.0,2.0,1.0,1.0,A01
201400043689,0,7,0,0.0,2.0,7.0,22.0,A01
201400043689,0,1,0,1.0,2.0,3.0,1.0,B01
201400043690,0,2,0,0.0,2.0,8.0,15.0,A01
201400043690,0,7,0,0.0,2.0,1.0,1.0,B01
201400043691,0,7,0,0.0,2.0,1.0,1.0,A01
201400043691,0,10,0,0.0,2.0,6.0,1.0,B01
201400043692,0,7,0,0.0,1.0,1.0,15.0,A01
201400043693,0,7,0,0.0,2.0,1.0,1.0,B01
201400043693,0,10,0,1.0,2.0,1.0,5.0,A01
201400043694,0,7,0,0.0,1.0,2.0,17.0,A01
201400043695,0,31,0,0.0,1.0,1.0,0.0,A01
201400043696,0,7,0,0.0,0.0,1.0,1.0,A01
201400043697,0,7,0,15.0,0.0,1.0,2.0,A01
201400043698,0,7,0,0.0,1.0,1.0,1.0,A01
201400043699,0,30,0,0.0,2.0,1.0,1.0,A01
201400043699,0,7,0,0.0,2.0,3.0,15.0,B01
201400043700,0,32,0,0.0,0.0,1.0,1.0,A01
201400043700,0,7,0,0.0,0.0,3.0,15.0,B01
201400043701,0,7,0,1.0,1.0,1.0,1.0,A01
201400043702,0,31,0,0.0,0.0,1.0,0.0,A01
201400043702,1,7,0,0.0,0.0,4.0,0.0,B01
201400043703,0,10,0,0.0,0.0,4.0,15.0,A01
201400043703,0,32,0,0.0,2.0,1.0,1.0,B01
201400043704,0,7,0,0.0,1.0,1.0,2.0,A01
201400043705,0,7,0,0.0,2.0,1.0,9.0,A01
201400043705,0,33,0,0.0,2.0,2.0,1.0,B01
201400043706,0,7,0,0.0,1.0,0.0,0.0,A01
201400043707,0,7,0,0.0,1.0,1.0,1.0,A01
201400043708,0,7,0,0.0,1.0,2.0,16.0,A01
201400043709,0,7,0,0.0,1.0,2.0,1.0,A01
201400043710,0,7,0,0.0,2.0,4.0,23.0,B01
201400043710,0,7,0,0.0,2.0,1.0,2.0,A01
201400043710,0,7,0,0.0,2.0,3.0,1.0,C01
201400043711,0,30,0,0.0,1.0,1.0,1.0,A01
201400043712,0,7,0,0.0,2.0,2.0,9.0,A01
201400043712,0,7,0,0.0,2.0,3.0,1.0,B01
201400043713,0,32,0,0.0,2.0,1.0,1.0,A01
201400043713,0,7,0,0.0,2.0,3.0,1.0,B01
201400043714,0,7,0,8.0,0.0,1.0,1.0,A01
201400043715,0,7,0,4.0,0.0,1.0,1.0,A01
201400043716,0,7,0,0.0,2.0,1.0,2.0,A01
201400043716,0,7,0,0.0,2.0,9.0,2.0,B01
201400043716,0,7,0,0.0,2.0,4.0,23.0,C01
201400043717,0,7,0,0.0,2.0,1.0,1.0,A01
201400043717,0,7,0,0.0,2.0,4.0,1.0,B01
201400043718,0,33,0,0.0,0.0,1.0,1.0,A01
201400043718,0,7,0,0.0,0.0,8.0,16.0,B01
201400043719,0,33,0,0.0,2.0,1.0,15.0,B01
201400043719,0,7,0,0.0,2.0,3.0,1.0,A01
201400043720,0,7,0,8.0,0.0,2.0,1.0,A01
201400043721,0,33,0,0.0,2.0,1.0,17.0,A01
201400043721,0,33,0,0.0,2.0,1.0,1.0,B01
201400043722,0,7,0,0.0,2.0,4.0,2.0,A01
201400043722,0,7,0,0.0,1.0,7.0,1.0,B01
201400043723,0,7,0,0.0,2.0,1.0,2.0,A01
201400043723,0,3,0,0.0,0.0,6.0,15.0,B01
201400043724,0,32,0,0.0,0.0,8.0,14.0,A01
201400043725,0,7,0,0.0,2.0,8.0,13.0,A01
201400043725,0,33,0,0.0,2.0,7.0,17.0,B01
201400043726,0,7,0,12.0,0.0,9.0,1.0,A01
201400043727,0,7,0,0.0,1.0,2.0,1.0,A01
201400043728,0,7,0,0.0,1.0,2.0,16.0,A01
201400043729,0,7,0,11.0,0.0,2.0,1.0,A01
201400043730,0,7,0,0.0,2.0,1.0,15.0,A01
201400043730,0,31,0,0.0,2.0,7.0,1.0,B01
201400043731,0,2,0,0.0,2.0,1.0,13.0,A01
201400043731,0,7,0,0.0,2.0,3.0,1.0,B01
201400043732,0,7,0,0.0,1.0,1.0,1.0,A01
201400043733,0,7,0,0.0,1.0,4.0,4.0,A01
201400043734,0,7,0,0.0,2.0,3.0,1.0,B01
201400043734,2,10,0,0.0,2.0,3.0,1.0,A01
201400043735,0,30,0,0.0,0.0,2.0,1.0,A01
201400043736,0,14,0,2.0,0.0,1.0,1.0,A01
201400043737,0,7,0,0.0,9.0,2.0,20.0,A01
201400043737,0,1,0,0.0,2.0,8.0,1.0,B01
201400043738,0,7,0,0.0,2.0,5.0,15.0,A01
201400043738,0,33,0,0.0,2.0,2.0,1.0,B01
201400043739,0,7,0,0.0,1.0,1.0,9.0,A01
201400043740,0,10,0,0.0,0.0,1.0,1.0,A01
201400043740,0,7,0,0.0,0.0,9.0,23.0,B01
201400043740,0,7,0,0.0,0.0,4.0,23.0,C01
201400043741,0,37,40,0.0,2.0,1.0,1.0,B01
201400043741,0,7,0,0.0,2.0,3.0,15.0,A01
201400043742,1,7,0,0.0,1.0,7.0,1.0,Z01
201400043743,0,7,0,0.0,2.0,3.0,2.0,A01
201400043743,0,7,0,0.0,2.0,5.0,1.0,B01
201400043744,0,7,0,0.0,1.0,2.0,2.0,A01
201400043745,0,30,0,0.0,0.0,7.0,16.0,A01
201400043746,0,7,0,0.0,1.0,2.0,1.0,A01
201400043747,0,7,0,0.0,2.0,1.0,1.0,A01
201400043747,0,7,0,9.0,2.0,7.0,1.0,B01
201400043748,0,7,0,0.0,1.0,3.0,15.0,A01
201400043749,0,7,0,0.0,2.0,5.0,11.0,A01
201400043749,0,7,0,0.0,2.0,1.0,1.0,B01
201400043750,0,7,0,0.0,2.0,8.0,9.0,B01
201400043750,0,33,0,0.0,2.0,1.0,1.0,A01
201400043751,0,7,0,0.0,2.0,8.0,16.0,A01
201400043751,0,2,0,0.0,2.0,1.0,1.0,B01
201400043751,0,7,0,0.0,2.0,1.0,23.0,C01
201400043752,0,7,0,0.0,2.0,1.0,15.0,A01
201400043752,0,7,0,0.0,2.0,3.0,1.0,B01
201400043753,0,7,0,8.0,0.0,3.0,1.0,A01
201400043754,0,7,0,0.0,1.0,3.0,1.0,A01
201400043755,0,7,0,0.0,1.0,3.0,1.0,A01
201400043756,0,7,0,0.0,2.0,2.0,1.0,B01
201400043756,0,7,0,0.0,2.0,3.0,1.0,A01
201400043757,0,7,0,0.0,2.0,4.0,1.0,B01
201400043757,0,34,0,0.0,2.0,1.0,2.0,A01
201400043758,0,7,0,0.0,0.0,1.0,1.0,A01
201400043759,0,7,0,0.0,1.0,4.0,4.0,A01
201400043760,0,7,0,8.0,0.0,1.0,2.0,A01
201400043761,0,7,0,0.0,1.0,1.0,15.0,A01
201400043762,0,37,10,0.0,2.0,3.0,15.0,A01
201400043762,0,7,0,0.0,2.0,3.0,1.0,B01
201400043763,0,1,0,0.0,0.0,0.0,1.0,A01
201400043764,0,7,0,0.0,2.0,3.0,1.0,A01
201400043764,0,7,0,0.0,2.0,3.0,15.0,B01
201400043765,0,7,0,14.0,2.0,3.0,13.0,A01
201400043765,0,7,0,0.0,2.0,2.0,1.0,B01
201400043766,0,7,0,0.0,2.0,2.0,12.0,A01
201400043766,0,33,0,0.0,2.0,8.0,3.0,B01
201400043767,0,7,0,0.0,1.0,1.0,1.0,A01
201400043768,0,31,0,16.0,0.0,8.0,1.0,A01
201400043769,0,7,0,0.0,1.0,1.0,1.0,A01
201400043770,0,7,0,0.0,2.0,4.0,23.0,C01
201400043770,0,7,0,0.0,2.0,1.0,2.0,A01
201400043770,0,7,0,0.0,2.0,4.0,2.0,B01
201400043771,0,7,0,0.0,1.0,2.0,17.0,A01
201400043772,0,34,0,14.0,0.0,9.0,1.0,A01
201400043773,0,33,0,0.0,2.0,1.0,1.0,B01
201400043773,0,7,0,0.0,2.0,6.0,9.0,A01
201400043774,0,7,0,0.0,2.0,1.0,1.0,B01
201400043774,0,7,0,0.0,2.0,8.0,19.0,A01
201400043775,0,30,0,0.0,2.0,5.0,1.0,A01
201400043775,0,7,0,0.0,2.0,2.0,15.0,B01
201400043776,0,7,0,0.0,1.0,3.0,1.0,A01
201400043777,0,34,0,0.0,2.0,1.0,0.0,A01
201400043777,0,7,0,0.0,2.0,1.0,15.0,B01
201400043778,0,7,0,0.0,2.0,9.0,23.0,B01
201400043778,0,7,0,0.0,2.0,9.0,23.0,C01
201400043778,0,7,0,0.0,2.0,4.0,23.0,D01
201400043778,0,7,0,0.0,2.0,1.0,2.0,A01
201400043779,0,33,0,16.0,0.0,1.0,1.0,A01
201400043780,0,7,0,0.0,2.0,1.0,15.0,A01
201400043780,0,32,0,0.0,2.0,7.0,1.0,B01
201400043781,0,34,0,0.0,2.0,1.0,2.0,A01
201400043781,0,7,0,0.0,2.0,6.0,16.0,B01
201400043782,0,30,0,0.0,2.0,1.0,1.0,A01
201400043782,0,7,0,0.0,2.0,8.0,15.0,B01
201400043783,0,2,0,0.0,0.0,7.0,1.0,A01
201400043784,0,10,0,0.0,2.0,1.0,15.0,A01
201400043784,0,33,0,0.0,2.0,1.0,1.0,B01
201400043785,0,1,0,0.0,2.0,3.0,1.0,B01
201400043785,0,7,0,0.0,9.0,7.0,1.0,A01
201400043786,0,7,0,0.0,1.0,3.0,16.0,A01
201400043787,0,7,0,11.0,0.0,1.0,6.0,A01
201400043788,0,7,0,2.0,0.0,1.0,14.0,A01
201400043789,0,34,0,0.0,0.0,8.0,1.0,A01
201400043790,0,7,0,0.0,1.0,1.0,1.0,A01
201400043791,0,2,0,0.0,2.0,1.0,2.0,A01
201400043791,0,7,0,0.0,2.0,4.0,2.0,B01
201400043792,0,7,0,0.0,1.0,2.0,14.0,A01
201400043793,0,34,0,0.0,2.0,7.0,17.0,B01
201400043793,0,7,0,0.0,2.0,3.0,9.0,A01
201400043794,0,7,0,0.0,2.0,2.0,1.0,A01
201400043794,0,7,0,0.0,2.0,6.0,20.0,B01
201400043795,0,32,0,0.0,0.0,4.0,1.0,B01
201400043795,0,2,0,0.0,2.0,1.0,1.0,A01
201400043796,0,7,0,0.0,2.0,3.0,20.0,A01
201400043796,0,7,0,0.0,2.0,2.0,1.0,B01
201400043797,0,1,0,0.0,2.0,3.0,19.0,A01
201400043797,0,37,1,0.0,2.0,1.0,1.0,B01
201400043798,0,7,0,0.0,2.0,6.0,23.0,B01
201400043798,0,7,0,0.0,2.0,2.0,2.0,A01
201400043799,0,7,0,0.0,2.0,1.0,2.0,A01
201400043799,0,7,0,0.0,2.0,6.0,9.0,B01
201400043800,0,7,0,0.0,2.0,4.0,1.0,B01
201400043800,0,7,0,0.0,2.0,1.0,2.0,A01
201400043801,0,14,0,0.0,2.0,4.0,9.0,A01
201400043801,0,31,0,0.0,2.0,1.0,1.0,B01
201400043802,1,7,0,0.0,1.0,1.0,1.0,A01
201400043803,0,34,0,11.0,0.0,1.0,1.0,A01
201400043804,0,7,0,0.0,2.0,1.0,1.0,B01
201400043804,1,30,0,0.0,2.0,8.0,1.0,A01
201400043805,0,2,0,0.0,2.0,1.0,1.0,B01