Num_Acc,senc,catv,occutc,obs,obsm,choc,manv,num_veh
201400043805,0,7,0,0.0,2.0,5.0,15.0,A01
201400043806,0,7,0,9.0,0.0,1.0,1.0,A01
201400043807,0,2,0,12.0,0.0,1.0,5.0,A01
201400043808,0,7,0,0.0,2.0,4.0,23.0,C01
201400043808,0,7,0,0.0,2.0,1.0,2.0,A01
201400043808,0,31,0,0.0,2.0,9.0,23.0,B01
201400043809,0,7,0,0.0,2.0,4.0,23.0,C01
201400043809,0,7,0,0.0,2.0,1.0,2.0,A01
201400043809,0,7,0,14.0,2.0,9.0,2.0,B01
201400043810,0,33,0,14.0,0.0,1.0,21.0,B01
201400043811,0,7,0,14.0,0.0,9.0,1.0,A01
201400043812,0,7,0,4.0,0.0,9.0,1.0,A01
201400043813,0,7,0,0.0,2.0,4.0,20.0,B01
201400043813,0,37,60,0.0,2.0,1.0,2.0,A01
201400043814,0,33,0,0.0,2.0,1.0,1.0,B01
201400043814,0,7,0,0.0,2.0,1.0,15.0,A01
201400043815,0,10,0,0.0,2.0,1.0,1.0,A01
201400043815,0,7,0,0.0,2.0,4.0,23.0,B01
201400043816,0,7,0,0.0,2.0,3.0,20.0,A01
201400043816,0,32,0,0.0,2.0,1.0,2.0,B01
201400043817,0,7,0,1.0,0.0,2.0,13.0,A01
201400043818,0,7,0,0.0,1.0,3.0,1.0,A01
201400043819,0,7,0,2.0,0.0,1.0,1.0,A01
201400043820,0,7,0,0.0,2.0,2.0,1.0,A01
201400043820,0,7,0,0.0,2.0,1.0,5.0,B01
201400043821,0,7,0,0.0,2.0,1.0,2.0,C01
201400043821,0,7,0,0.0,2.0,9.0,23.0,B01
201400043821,0,7,0,0.0,2.0,4.0,23.0,A01
201400043822,0,7,0,0.0,2.0,2.0,1.0,A01
201400043822,0,33,0,0.0,2.0,3.0,15.0,B01
201400043823,0,33,0,0.0,1.0,2.0,1.0,A01
201400043824,0,7,0,0.0,1.0,2.0,1.0,A01
201400043825,0,34,0,0.0,0.0,7.0,1.0,A01
201400043826,0,32,0,14.0,0.0,1.0,1.0,A01
201400043827,0,7,0,0.0,1.0,3.0,1.0,A01
201400043828,0,7,0,0.0,1.0,3.0,1.0,A01
201400043829,0,7,0,0.0,2.0,7.0,15.0,A01
201400043829,0,7,0,0.0,2.0,1.0,1.0,B01
201400043830,0,7,0,0.0,2.0,8.0,2.0,B01
201400043830,0,2,0,0.0,2.0,1.0,1.0,A01
201400043831,0,7,0,0.0,2.0,2.0,3.0,A01
201400043831,0,7,0,0.0,2.0,6.0,15.0,B01
201400043832,0,7,0,0.0,2.0,1.0,2.0,A01
201400043832,0,7,0,0.0,2.0,4.0,4.0,B01
201400043833,0,32,0,12.0,0.0,7.0,1.0,A01
201400043834,0,7,0,0.0,2.0,1.0,11.0,A01
201400043834,0,7,0,0.0,2.0,4.0,23.0,B01
201400043835,0,33,0,0.0,2.0,1.0,2.0,A01
201400043835,0,10,0,0.0,2.0,4.0,2.0,B01
201400043836,0,7,0,0.0,2.0,3.0,2.0,A01
201400043836,0,7,0,0.0,2.0,5.0,23.0,B01
201400043837,0,1,0,0.0,2.0,1.0,1.0,B01
201400043837,0,7,0,0.0,2.0,2.0,1.0,A01
201400043838,0,7,0,0.0,0.0,4.0,1.0,B01
201400043838,0,37,0,0.0,2.0,1.0,1.0,A01
201400043839,0,7,0,14.0,2.0,4.0,1.0,B01
201400043839,0,33,0,0.0,2.0,1.0,21.0,A01
201400043840,0,7,0,0.0,2.0,2.0,1.0,B01
201400043840,0,10,0,0.0,2.0,1.0,1.0,A01
201400043841,0,1,0,0.0,2.0,7.0,1.0,B01
201400043841,0,7,0,0.0,2.0,2.0,9.0,A01
201400043842,0,10,0,0.0,2.0,1.0,2.0,A01
201400043842,0,7,0,0.0,2.0,4.0,23.0,D01
201400043842,0,7,0,0.0,2.0,9.0,23.0,B01
201400043842,0,7,0,0.0,2.0,9.0,23.0,C01
201400043843,0,30,0,0.0,2.0,1.0,1.0,B01
201400043843,0,7,0,0.0,2.0,3.0,9.0,A01
201400043844,0,7,0,0.0,1.0,1.0,1.0,A01
201400043845,0,7,0,0.0,1.0,1.0,15.0,A01
201400043846,0,7,0,0.0,2.0,1.0,15.0,A01
201400043846,0,1,0,0.0,2.0,1.0,1.0,B01
201400043847,0,7,0,0.0,1.0,3.0,1.0,A01
201400043848,0,7,0,0.0,2.0,4.0,2.0,C01
201400043848,0,7,0,0.0,2.0,4.0,2.0,B01
201400043848,0,7,0,0.0,2.0,1.0,2.0,A01
201400043849,0,10,0,0.0,2.0,4.0,23.0,B01
201400043849,0,10,0,0.0,2.0,1.0,2.0,A01
201400043850,0,7,0,0.0,1.0,4.0,20.0,A01
201400043851,0,7,0,0.0,2.0,1.0,5.0,A01
201400043851,0,7,0,0.0,2.0,1.0,1.0,B01
201400043852,1,7,0,0.0,2.0,7.0,10.0,A01
201400043852,0,30,0,0.0,2.0,1.0,1.0,B01
201400043853,0,7,0,0.0,2.0,4.0,1.0,D01
201400043853,0,7,0,0.0,2.0,9.0,2.0,C01
201400043853,0,7,0,0.0,2.0,1.0,2.0,A01
201400043853,0,7,0,0.0,2.0,9.0,2.0,B01
201400043854,0,10,0,0.0,1.0,1.0,1.0,A01
201400043855,0,10,0,0.0,1.0,2.0,1.0,A01
201400043856,0,2,0,0.0,2.0,1.0,1.0,B01
201400043856,0,7,0,0.0,2.0,4.0,1.0,A01
201400043857,0,30,0,0.0,2.0,1.0,1.0,A01
201400043857,0,10,0,0.0,2.0,3.0,1.0,B01
201400043858,0,7,0,0.0,2.0,1.0,1.0,B01
201400043858,0,7,0,0.0,2.0,1.0,1.0,A01
201400043859,0,7,0,0.0,2.0,3.0,1.0,B01
201400043859,0,2,0,0.0,2.0,1.0,1.0,A01
201400043860,0,7,0,0.0,1.0,1.0,1.0,A01
201400043861,0,7,0,0.0,2.0,2.0,15.0,A01
201400043861,0,33,0,0.0,2.0,3.0,1.0,B01
201400043862,0,7,0,0.0,1.0,1.0,1.0,A01
201400043863,0,7,0,0.0,2.0,8.0,16.0,B01
201400043863,0,7,0,0.0,2.0,1.0,1.0,A01
201400043864,0,7,0,0.0,1.0,2.0,1.0,A01
201400043865,0,7,0,0.0,2.0,6.0,1.0,B01
201400043865,0,33,0,0.0,2.0,2.0,2.0,A01
201400043866,0,7,0,0.0,1.0,2.0,1.0,A01
201400043867,0,34,0,1.0,0.0,1.0,1.0,A01
201400043868,0,7,0,12.0,2.0,1.0,1.0,A01
201400043868,0,7,0,0.0,2.0,3.0,1.0,B01
201400043869,0,7,0,0.0,1.0,1.0,1.0,A01
201400043870,0,7,0,0.0,1.0,4.0,20.0,A01
201400043871,2,30,0,0.0,1.0,2.0,1.0,A01
201400043872,0,7,0,0.0,1.0,1.0,1.0,A01
201400043873,1,10,0,0.0,2.0,2.0,17.0,Z01
201400043873,0,1,0,0.0,2.0,4.0,1.0,B01
201400043873,0,1,0,0.0,2.0,4.0,1.0,A01
201400043874,0,1,0,0.0,2.0,1.0,1.0,A01
201400043874,0,10,0,0.0,2.0,8.0,9.0,B01
201400043875,0,33,0,0.0,0.0,9.0,21.0,A01
201400043876,0,7,0,0.0,1.0,2.0,1.0,A01
201400043877,0,7,0,0.0,1.0,1.0,1.0,A01
201400043878,0,7,0,0.0,2.0,4.0,23.0,C01
201400043878,0,7,0,0.0,2.0,1.0,2.0,A01
201400043878,0,7,0,0.0,2.0,4.0,1.0,B01
201400043879,0,7,0,0.0,2.0,7.0,12.0,A01
201400043879,0,33,0,0.0,2.0,8.0,1.0,B01
201400043880,0,33,0,0.0,2.0,7.0,1.0,A01
201400043880,2,10,0,0.0,2.0,8.0,20.0,B01
201400043881,0,7,0,0.0,2.0,2.0,10.0,A01
201400043881,0,34,0,0.0,2.0,1.0,1.0,B01
201400043882,0,7,0,0.0,2.0,3.0,9.0,A01
201400043882,0,7,0,0.0,2.0,1.0,1.0,B01
201400043883,0,37,2,0.0,1.0,7.0,1.0,A01
201400043884,0,7,0,0.0,2.0,1.0,1.0,A01
201400043884,0,32,0,0.0,2.0,7.0,1.0,B01
201400043885,0,2,0,0.0,2.0,1.0,1.0,A01
201400043885,0,7,0,0.0,2.0,8.0,1.0,B01
201400043886,0,7,0,0.0,2.0,4.0,2.0,B01
201400043886,0,7,0,0.0,2.0,1.0,2.0,A01
201400043887,0,31,0,0.0,2.0,2.0,1.0,B01
201400043887,0,7,0,0.0,2.0,3.0,9.0,A01
201400043888,0,7,0,0.0,1.0,3.0,1.0,A01
201400043889,0,33,0,0.0,2.0,8.0,1.0,A01
201400043889,0,14,0,0.0,2.0,3.0,1.0,B01
201400043890,0,7,0,0.0,2.0,1.0,1.0,B01
201400043890,0,7,0,0.0,2.0,7.0,5.0,A01
201400043891,0,7,0,0.0,2.0,8.0,15.0,B01
201400043891,0,2,0,0.0,2.0,2.0,17.0,A01
201400043892,0,10,0,0.0,1.0,8.0,9.0,A01
201400043893,0,10,0,0.0,2.0,3.0,1.0,B01
201400043893,0,7,0,0.0,2.0,7.0,15.0,A01
201400043894,0,7,0,0.0,2.0,8.0,15.0,A01
201400043894,0,33,0,0.0,2.0,1.0,1.0,B01
201400043895,0,1,0,0.0,2.0,1.0,19.0,A01
201400043895,0,31,0,0.0,2.0,7.0,1.0,B01
201400043896,0,10,0,0.0,1.0,7.0,1.0,A01
201400043897,0,30,0,0.0,2.0,2.0,1.0,B01
201400043897,0,7,0,0.0,2.0,6.0,11.0,A01
201400043898,0,7,0,0.0,2.0,4.0,23.0,B01
201400043898,0,7,0,0.0,2.0,4.0,23.0,C01
201400043898,0,7,0,0.0,2.0,1.0,2.0,A01
201400043899,0,30,0,0.0,2.0,1.0,1.0,B01
201400043899,0,7,0,0.0,2.0,3.0,1.0,A01
201400043900,0,33,0,0.0,2.0,1.0,1.0,B01
201400043900,0,7,0,0.0,2.0,2.0,15.0,A01
201400043901,0,7,0,0.0,2.0,4.0,23.0,B01
201400043901,0,7,0,0.0,2.0,1.0,2.0,A01
201400043902,0,7,0,0.0,2.0,4.0,23.0,B01
201400043902,0,33,0,0.0,2.0,1.0,2.0,A01
201400043903,0,7,0,0.0,1.0,4.0,1.0,B01
201400043903,0,7,0,0.0,2.0,1.0,1.0,A01
201400043904,0,7,0,0.0,1.0,7.0,1.0,A01
201400043905,0,7,0,0.0,1.0,1.0,1.0,A01
201400043906,0,7,0,0.0,2.0,8.0,1.0,B01
201400043906,0,2,0,0.0,2.0,1.0,1.0,A01
201400043907,0,33,0,0.0,2.0,1.0,17.0,A01
201400043907,0,10,0,0.0,2.0,2.0,19.0,B01
201400043908,0,7,0,0.0,2.0,1.0,1.0,A01
201400043908,0,7,0,0.0,2.0,3.0,1.0,B01
201400043909,0,7,0,0.0,1.0,1.0,1.0,A01
201400043910,0,7,0,0.0,1.0,4.0,4.0,A01
201400043911,0,2,0,0.0,2.0,1.0,1.0,B01
201400043911,0,7,0,0.0,2.0,2.0,15.0,A01
201400043912,0,7,0,0.0,2.0,1.0,1.0,A01
201400043912,0,7,0,0.0,2.0,4.0,23.0,B01
201400043912,0,7,0,0.0,2.0,4.0,23.0,C01
201400043913,1,30,0,0.0,1.0,1.0,1.0,Z01
201400043914,0,2,0,0.0,2.0,1.0,1.0,A01
201400043914,0,7,0,0.0,2.0,8.0,15.0,B01
201400043915,0,7,0,0.0,2.0,1.0,1.0,A01
201400043915,0,7,0,0.0,2.0,3.0,1.0,B01
201400043916,0,31,0,0.0,2.0,1.0,18.0,B01
201400043916,0,33,0,0.0,2.0,7.0,14.0,A01
201400043917,0,7,0,0.0,1.0,2.0,1.0,A01
201400043918,0,33,0,0.0,1.0,1.0,1.0,A01
201400043919,0,2,0,1.0,2.0,1.0,1.0,A01
201400043919,0,7,0,0.0,2.0,6.0,24.0,B01
201400043920,0,1,0,0.0,2.0,1.0,1.0,A01
201400043920,0,7,0,0.0,2.0,1.0,1.0,B01
201400043921,0,7,0,0.0,2.0,4.0,1.0,A01
201400043921,0,33,0,0.0,2.0,1.0,2.0,B01
201400043922,0,7,0,0.0,2.0,3.0,15.0,A01
201400043922,0,30,0,0.0,2.0,1.0,17.0,B01
201400043923,0,7,0,0.0,2.0,4.0,2.0,B01
201400043923,0,7,0,0.0,2.0,1.0,1.0,A01
201400043924,0,7,0,0.0,2.0,1.0,2.0,A01
201400043924,0,7,0,0.0,2.0,4.0,23.0,C01
201400043924,0,7,0,0.0,2.0,9.0,23.0,B01
201400043925,0,7,0,0.0,1.0,1.0,16.0,A01
201400043926,0,7,0,0.0,2.0,8.0,1.0,B01
201400043926,0,7,0,0.0,2.0,1.0,1.0,A01
201400043927,0,7,0,0.0,2.0,8.0,15.0,A01
201400043927,0,34,0,0.0,2.0,7.0,23.0,B01
201400043928,0,7,0,0.0,2.0,7.0,16.0,B01
201400043928,0,33,0,0.0,2.0,3.0,1.0,A01
201400043929,0,34,0,0.0,2.0,7.0,1.0,B01
201400043929,0,7,0,0.0,2.0,4.0,15.0,A01
201400043930,0,7,0,0.0,1.0,7.0,1.0,A01
201400043931,0,7,0,0.0,2.0,4.0,1.0,B01
201400043931,0,7,0,0.0,2.0,1.0,1.0,A01
201400043931,0,7,0,0.0,2.0,4.0,2.0,C01
201400043932,0,33,0,11.0,2.0,1.0,1.0,A01
201400043932,0,7,0,0.0,2.0,1.0,1.0,B01
201400043933,0,10,0,0.0,2.0,1.0,1.0,C01
201400043933,0,2,0,0.0,2.0,8.0,1.0,A01
201400043933,0,7,0,0.0,2.0,8.0,13.0,B01
201400043934,0,7,0,0.0,2.0,3.0,23.0,A01
201400043934,0,31,0,0.0,2.0,1.0,1.0,B01
201400043935,0,1,0,0.0,0.0,0.0,0.0,B01
201400043935,0,7,0,0.0,0.0,0.0,0.0,A01
201400043936,0,7,0,0.0,2.0,8.0,0.0,B01
201400043936,0,7,0,0.0,2.0,1.0,0.0,A01
201400043937,0,7,0,0.0,1.0,3.0,1.0,A01
201400043938,0,34,0,0.0,2.0,5.0,1.0,B01
201400043938,0,7,0,0.0,2.0,3.0,9.0,A01
201400043939,0,7,0,0.0,1.0,2.0,0.0,A01
201400043940,0,7,0,0.0,1.0,2.0,0.0,A01
201400043941,0,7,0,0.0,2.0,8.0,1.0,B01
201400043941,0,7,0,0.0,2.0,1.0,1.0,A01
201400043942,0,7,0,0.0,0.0,0.0,0.0,A01
201400043942,0,7,0,0.0,0.0,0.0,0.0,B01
201400043943,0,33,0,0.0,2.0,1.0,17.0,A01
201400043943,0,7,0,0.0,2.0,3.0,15.0,B01
201400043944,0,7,0,0.0,0.0,0.0,0.0,C01
201400043944,0,7,0,0.0,0.0,0.0,0.0,B01
201400043944,0,7,0,0.0,0.0,0.0,0.0,A01
201400043945,0,7,0,0.0,0.0,0.0,0.0,A01
201400043945,0,33,0,0.0,0.0,0.0,0.0,B01
201400043946,0,7,0,0.0,1.0,1.0,1.0,A01
201400043947,0,7,0,0.0,1.0,3.0,17.0,A01
201400043948,0,7,0,0.0,2.0,4.0,1.0,B01
201400043948,0,31,0,0.0,2.0,1.0,1.0,A01
201400043949,0,7,0,0.0,1.0,0.0,0.0,A01
201400043950,0,7,0,6.0,2.0,2.0,1.0,B01
201400043950,0,7,0,0.0,2.0,1.0,1.0,A01
201400043951,0,7,0,1.0,0.0,2.0,1.0,A01
201400043952,0,34,0,0.0,1.0,0.0,0.0,A01
201400043953,0,7,0,0.0,1.0,3.0,1.0,A01
201400043954,0,7,0,0.0,2.0,8.0,1.0,B01
201400043954,0,10,0,0.0,2.0,1.0,1.0,A01
201400043955,0,7,0,0.0,1.0,1.0,1.0,A01
201400043956,0,33,0,0.0,2.0,6.0,1.0,B01
201400043956,0,7,0,0.0,2.0,3.0,15.0,A01
201400043957,0,7,0,0.0,2.0,3.0,1.0,B01
201400043957,1,30,0,0.0,2.0,0.0,19.0,A01
201400043958,0,7,0,0.0,1.0,0.0,0.0,A01
201400043959,0,7,0,0.0,2.0,6.0,1.0,A01
201400043959,0,14,0,0.0,2.0,2.0,1.0,B01
201400043960,0,33,0,0.0,2.0,1.0,5.0,A01
201400043960,0,7,0,0.0,2.0,1.0,1.0,B01
201400043961,0,30,0,0.0,0.0,7.0,15.0,A01
201400043962,0,7,0,0.0,2.0,6.0,4.0,A01
201400043962,0,30,0,0.0,2.0,1.0,0.0,B01
201400043963,0,32,0,0.0,2.0,1.0,1.0,A01
201400043963,0,7,0,0.0,2.0,3.0,15.0,B01
201400043964,0,10,0,0.0,2.0,8.0,1.0,A01
201400043964,0,7,0,0.0,2.0,7.0,15.0,B01
201400043965,0,31,0,0.0,0.0,3.0,21.0,A01
201400043966,0,7,0,0.0,2.0,3.0,15.0,A01
201400043966,0,34,0,0.0,2.0,6.0,17.0,B01
201400043967,0,7,0,0.0,2.0,6.0,9.0,A01
201400043967,0,32,0,0.0,2.0,1.0,1.0,B01
201400043968,0,32,0,0.0,2.0,1.0,1.0,A01
201400043968,0,7,0,0.0,2.0,3.0,9.0,B01
201400043969,0,7,0,0.0,2.0,3.0,9.0,A01
201400043969,0,1,0,14.0,2.0,4.0,21.0,B01
201400043970,0,7,0,0.0,2.0,8.0,10.0,A01
201400043970,0,2,0,0.0,2.0,1.0,1.0,B01
201400043971,0,7,0,0.0,2.0,3.0,10.0,A01
201400043971,0,7,0,0.0,2.0,7.0,23.0,B01
201400043972,0,7,0,0.0,2.0,8.0,15.0,A01
201400043972,0,33,0,0.0,2.0,1.0,1.0,B01
201400043973,0,7,0,0.0,2.0,8.0,22.0,A01
201400043973,0,1,0,1.0,2.0,1.0,1.0,B01
201400043974,0,7,0,0.0,2.0,1.0,10.0,A01
201400043974,0,33,0,0.0,2.0,7.0,17.0,B01
201400043975,0,7,0,0.0,2.0,1.0,15.0,A01
201400043975,0,7,0,0.0,2.0,1.0,1.0,B01
201400043976,0,7,0,14.0,2.0,1.0,2.0,A01
201400043976,0,7,0,0.0,2.0,4.0,23.0,B01
201400043977,0,7,0,12.0,0.0,7.0,1.0,A01
201400043978,0,30,0,0.0,2.0,1.0,2.0,B01
201400043978,0,10,0,0.0,2.0,5.0,23.0,A01
201400043979,0,32,0,0.0,2.0,2.0,1.0,B01
201400043979,0,7,0,0.0,2.0,6.0,9.0,A01
201400043980,0,7,0,0.0,1.0,1.0,1.0,A01
201400043981,0,7,0,0.0,1.0,1.0,1.0,A01
201400043982,0,32,0,0.0,2.0,4.0,15.0,B01
201400043982,0,7,0,0.0,2.0,1.0,16.0,A01
201400043983,0,32,0,0.0,2.0,1.0,3.0,A01
201400043983,0,7,0,0.0,2.0,4.0,23.0,B01
201400043984,1,34,0,0.0,1.0,4.0,1.0,A01
201400043985,0,7,0,0.0,1.0,1.0,1.0,A01
201400043986,0,37,1,0.0,2.0,4.0,23.0,B01
201400043986,0,7,0,0.0,2.0,1.0,2.0,A01
201400043987,0,34,0,0.0,1.0,8.0,21.0,A01
201400043988,0,34,0,11.0,0.0,8.0,12.0,A01
201400043989,0,7,0,0.0,2.0,2.0,16.0,A01
201400043989,0,30,0,0.0,2.0,3.0,18.0,B01
201400043990,0,10,0,0.0,1.0,4.0,1.0,A01
201400043991,0,7,0,1.0,0.0,1.0,1.0,A01
201400043992,0,38,1,0.0,1.0,5.0,1.0,A01
201400043993,1,7,0,0.0,0.0,0.0,16.0,A01
201400043993,0,1,0,0.0,2.0,1.0,1.0,B01
201400043994,0,7,0,0.0,2.0,3.0,10.0,A01
201400043994,0,2,0,0.0,2.0,1.0,1.0,B01
201400043995,0,7,0,0.0,2.0,6.0,19.0,B01
201400043995,0,7,0,0.0,2.0,6.0,15.0,A01
201400043996,0,7,0,0.0,2.0,6.0,13.0,B01
201400043996,0,7,0,0.0,0.0,0.0,0.0,C01
201400043996,0,31,0,0.0,0.0,2.0,1.0,A01
201400043997,0,7,0,0.0,2.0,3.0,1.0,B01
201400043997,0,7,0,1.0,2.0,3.0,13.0,A01
201400043997,0,7,0,0.0,0.0,3.0,24.0,C01
201400043998,0,7,0,1.0,0.0,8.0,22.0,A01
201400043998,0,1,0,1.0,0.0,1.0,17.0,B01
201400043999,0,33,0,0.0,2.0,7.0,1.0,B01
201400043999,0,7,0,0.0,2.0,3.0,15.0,A01
201400044000,0,7,0,0.0,2.0,3.0,10.0,A01
201400044000,0,33,0,0.0,2.0,8.0,17.0,B01
201400044001,0,7,0,0.0,2.0,1.0,17.0,A01
201400044001,0,7,0,0.0,0.0,4.0,2.0,B01
201400044002,0,33,0,0.0,1.0,0.0,1.0,A01
201400044003,0,7,0,14.0,0.0,3.0,13.0,A01
201400044004,0,7,0,14.0,0.0,1.0,2.0,A01
201400044004,0,7,0,0.0,0.0,4.0,23.0,B01
201400044005,0,7,0,0.0,2.0,2.0,0.0,A01
201400044005,0,33,0,0.0,2.0,2.0,1.0,B01
201400044006,0,32,0,0.0,0.0,0.0,1.0,A01
201400044007,0,37,20,0.0,2.0,3.0,1.0,B01
201400044007,2,7,0,0.0,2.0,7.0,15.0,A01
201400044008,0,7,0,0.0,2.0,2.0,11.0,A01
201400044008,0,33,0,0.0,2.0,1.0,1.0,B01
201400044009,0,7,0,0.0,2.0,5.0,1.0,B01
201400044009,2,7,0,0.0,0.0,1.0,1.0,A01
201400044010,0,10,0,0.0,1.0,2.0,15.0,A01
201400044011,0,7,0,0.0,2.0,3.0,11.0,A01
201400044011,0,7,0,1.0,2.0,1.0,0.0,B01
201400044012,0,7,0,0.0,1.0,1.0,2.0,A01
201400044013,0,2,0,0.0,2.0,1.0,1.0,A01
201400044013,0,7,0,0.0,0.0,8.0,9.0,B01
201400044014,0,32,0,0.0,1.0,1.0,1.0,A01
201400044015,0,1,0,0.0,1.0,4.0,1.0,B01
201400044015,0,7,0,0.0,2.0,1.0,6.0,A01
201400044016,0,7,0,0.0,2.0,1.0,1.0,B01
201400044016,0,7,0,0.0,2.0,3.0,15.0,A01
201400044017,0,7,0,0.0,2.0,1.0,1.0,A01
201400044017,0,7,0,4.0,2.0,2.0,1.0,B01
201400044018,0,7,0,11.0,2.0,2.0,15.0,A01
201400044018,0,30,0,0.0,2.0,1.0,1.0,B01
201400044019,0,7,0,0.0,1.0,1.0,1.0,A01
201400044020,0,7,0,0.0,2.0,3.0,15.0,A01
201400044020,0,30,0,0.0,2.0,1.0,17.0,B01
201400044021,0,7,0,0.0,1.0,2.0,1.0,A01
201400044022,0,2,0,0.0,2.0,1.0,1.0,A01
201400044022,0,7,0,0.0,2.0,3.0,15.0,B01
201400044023,0,7,0,0.0,1.0,1.0,1.0,A01
201400044024,0,7,0,0.0,1.0,1.0,6.0,A01
201400044025,0,7,0,0.0,1.0,1.0,1.0,A01
201400044026,0,7,0,0.0,2.0,4.0,15.0,B01
201400044026,0,10,0,0.0,2.0,1.0,1.0,A01
201400044027,0,7,0,0.0,2.0,1.0,1.0,A01
201400044027,0,7,0,0.0,2.0,8.0,15.0,B01
201400044028,0,7,0,0.0,2.0,8.0,9.0,A01
201400044028,0,1,0,0.0,2.0,1.0,15.0,B01
201400044029,0,10,0,0.0,2.0,1.0,1.0,B01
201400044029,0,7,0,0.0,2.0,1.0,15.0,A01
201400044030,0,7,0,0.0,2.0,1.0,15.0,A01
201400044030,0,30,0,0.0,2.0,1.0,1.0,B01
201400044031,0,7,0,0.0,2.0,1.0,1.0,A01
201400044031,0,7,0,0.0,2.0,6.0,2.0,B01
201400044032,0,7,0,0.0,2.0,1.0,23.0,B01
201400044032,0,7,0,0.0,2.0,1.0,1.0,A01
201400044033,0,7,0,0.0,2.0,5.0,4.0,A01
201400044033,0,7,0,0.0,2.0,5.0,23.0,B01
201400044034,0,7,0,0.0,2.0,2.0,2.0,A01
201400044034,0,7,0,0.0,2.0,4.0,2.0,B01
201400044035,0,7,0,0.0,2.0,8.0,10.0,A01
201400044035,0,33,0,0.0,2.0,9.0,17.0,B01
201400044036,0,7,0,0.0,1.0,1.0,1.0,A01
201400044037,0,7,0,0.0,1.0,1.0,15.0,A01
201400044038,0,7,0,0.0,1.0,1.0,9.0,A01
201400044039,0,33,0,0.0,2.0,1.0,1.0,B01
201400044039,0,7,0,0.0,2.0,3.0,9.0,A01
201400044040,0,7,0,0.0,2.0,1.0,15.0,A01
201400044040,0,10,0,6.0,2.0,3.0,1.0,B01
201400044041,0,7,0,0.0,2.0,1.0,1.0,B01
201400044041,0,30,0,0.0,2.0,1.0,1.0,A01
201400044042,2,7,0,0.0,2.0,1.0,1.0,A01
201400044042,0,7,0,0.0,2.0,2.0,1.0,B01
201400044043,0,10,0,0.0,2.0,1.0,9.0,A01
201400044043,0,1,0,0.0,2.0,7.0,1.0,B01
201400044044,0,10,0,0.0,1.0,1.0,15.0,A01
201400044045,0,7,0,0.0,2.0,3.0,9.0,A01
201400044045,0,33,0,0.0,2.0,1.0,1.0,B01
201400044046,0,2,0,0.0,2.0,2.0,17.0,A01
201400044046,0,7,0,0.0,2.0,8.0,15.0,B01
201400044047,0,7,0,0.0,2.0,8.0,1.0,B01
201400044047,0,33,0,0.0,2.0,1.0,17.0,A01
201400044048,0,7,0,0.0,2.0,1.0,1.0,B01
201400044048,0,7,0,0.0,2.0,8.0,1.0,C01
201400044048,0,33,0,0.0,2.0,1.0,17.0,A01
201400044049,0,7,0,0.0,2.0,9.0,23.0,B01
201400044049,0,7,0,0.0,2.0,4.0,23.0,C01
201400044049,0,7,0,0.0,2.0,2.0,13.0,A01
201400044050,0,7,0,0.0,2.0,1.0,1.0,A01
201400044050,0,7,0,0.0,2.0,7.0,1.0,B01
201400044051,0,3,0,0.0,2.0,2.0,15.0,A01
201400044051,0,33,0,0.0,2.0,1.0,1.0,B01
201400044052,0,7,0,0.0,2.0,1.0,2.0,A01
201400044052,0,7,0,0.0,2.0,4.0,23.0,D01
201400044052,0,7,0,0.0,2.0,7.0,23.0,B01
201400044052,0,30,0,0.0,2.0,9.0,23.0,C01
201400044053,0,7,0,0.0,2.0,3.0,15.0,A01
201400044053,0,33,0,0.0,2.0,7.0,1.0,B01
201400044054,0,10,0,0.0,2.0,1.0,2.0,A01
201400044054,0,7,0,0.0,2.0,4.0,23.0,B01
201400044055,0,37,2,0.0,2.0,4.0,23.0,C01
201400044055,0,15,0,0.0,2.0,4.0,2.0,B01
201400044055,0,15,0,0.0,2.0,1.0,2.0,A01
201400044056,0,7,0,0.0,1.0,3.0,4.0,A01
201400044057,0,33,0,0.0,2.0,8.0,1.0,B01
201400044057,0,7,0,0.0,2.0,3.0,1.0,A01
201400044058,0,7,0,0.0,2.0,8.0,15.0,B01
201400044058,0,33,0,0.0,2.0,7.0,17.0,A01
201400044059,0,10,0,0.0,1.0,2.0,1.0,A01
201400044060,0,31,0,0.0,2.0,1.0,17.0,A01
201400044060,0,7,0,0.0,2.0,3.0,15.0,B01
201400044061,0,7,0,1.0,2.0,1.0,1.0,A01
201400044061,0,33,0,0.0,2.0,1.0,1.0,B01
201400044062,0,1,0,0.0,2.0,1.0,2.0,A01
201400044062,0,7,0,0.0,2.0,7.0,1.0,B01
201400044063,0,1,0,0.0,2.0,1.0,1.0,A01
201400044063,0,7,0,0.0,9.0,1.0,1.0,B01
201400044064,0,7,0,0.0,2.0,6.0,1.0,B01
201400044064,0,32,0,0.0,2.0,1.0,1.0,A01
201400044065,0,7,0,0.0,2.0,3.0,15.0,B01
201400044065,0,7,0,0.0,2.0,3.0,16.0,A01
201400044066,0,7,0,0.0,2.0,1.0,1.0,B01
201400044066,0,7,0,0.0,2.0,1.0,1.0,A01
201400044067,0,7,0,0.0,2.0,3.0,1.0,A01
201400044067,0,7,0,0.0,2.0,3.0,1.0,B01
201400044068,0,7,0,0.0,1.0,3.0,1.0,A01
201400044069,0,7,0,0.0,2.0,1.0,15.0,A01
201400044069,0,33,0,0.0,2.0,1.0,1.0,B01