Num_Acc,senc,catv,occutc,obs,obsm,choc,manv,num_veh
201400044070,0,7,0,9.0,0.0,1.0,1.0,A01
201400044071,0,10,0,0.0,2.0,1.0,1.0,A01
201400044071,0,7,0,0.0,2.0,1.0,16.0,B01
201400044072,1,7,0,0.0,2.0,1.0,9.0,A01
201400044072,0,7,0,0.0,2.0,4.0,21.0,B01
201400044072,0,33,0,0.0,2.0,1.0,2.0,C01
201400044073,0,2,0,0.0,2.0,1.0,1.0,A01
201400044073,0,7,0,0.0,2.0,3.0,15.0,B01
201400044074,0,7,0,0.0,2.0,4.0,1.0,B01
201400044074,0,7,0,0.0,2.0,1.0,1.0,A01
201400044075,0,10,0,0.0,1.0,5.0,1.0,A01
201400044076,0,7,0,0.0,2.0,3.0,9.0,A01
201400044076,0,7,0,0.0,2.0,1.0,1.0,B01
201400044077,0,7,0,6.0,0.0,2.0,1.0,A01
201400044078,0,1,0,0.0,2.0,1.0,1.0,A01
201400044078,0,7,0,0.0,2.0,8.0,1.0,B01
201400044079,0,7,0,0.0,2.0,4.0,1.0,C01
201400044079,0,7,0,0.0,2.0,1.0,1.0,D01
201400044079,0,7,0,0.0,2.0,1.0,1.0,B01
201400044079,0,7,0,0.0,2.0,1.0,13.0,A01
201400044080,0,7,0,0.0,2.0,1.0,1.0,A01
201400044080,0,33,0,0.0,2.0,6.0,15.0,B01
201400044081,0,7,0,0.0,1.0,2.0,1.0,A01
201400044082,0,7,0,0.0,2.0,8.0,15.0,B01
201400044082,0,31,0,0.0,2.0,1.0,17.0,A01
201400044083,0,33,0,14.0,2.0,7.0,17.0,A01
201400044083,0,7,0,0.0,2.0,8.0,1.0,B01
201400044084,0,7,0,0.0,2.0,7.0,15.0,A01
201400044084,0,2,0,0.0,2.0,1.0,1.0,B01
201400044085,0,7,0,0.0,2.0,1.0,1.0,B01
201400044085,0,7,0,0.0,2.0,1.0,1.0,A01
201400044086,0,30,0,0.0,2.0,1.0,13.0,A01
201400044086,0,1,0,0.0,2.0,8.0,1.0,B01
201400044087,0,37,1,0.0,2.0,1.0,1.0,B01
201400044087,0,7,0,0.0,2.0,1.0,6.0,A01
201400044088,0,1,0,0.0,2.0,1.0,2.0,B01
201400044088,0,7,0,0.0,2.0,1.0,1.0,A01
201400044089,0,7,0,0.0,1.0,5.0,4.0,A01
201400044090,0,34,0,0.0,2.0,9.0,0.0,B01
201400044090,0,7,0,0.0,2.0,2.0,1.0,A01
201400044091,0,7,0,0.0,1.0,1.0,15.0,A01
201400044092,0,7,0,0.0,1.0,1.0,11.0,A01
201400044093,0,7,0,0.0,1.0,1.0,1.0,A01
201400044094,0,7,0,0.0,2.0,1.0,1.0,B01
201400044094,0,7,0,0.0,2.0,1.0,15.0,A01
201400044095,0,7,0,14.0,2.0,1.0,16.0,A01
201400044095,0,7,0,0.0,2.0,3.0,1.0,B01
201400044096,0,7,0,0.0,1.0,1.0,15.0,A01
201400044097,0,7,0,0.0,2.0,1.0,1.0,A01
201400044097,0,7,0,0.0,0.0,4.0,2.0,B01
201400044098,0,7,0,3.0,0.0,8.0,1.0,A01
201400044099,0,10,0,0.0,1.0,4.0,0.0,A01
201400044100,0,33,0,0.0,2.0,1.0,2.0,A01
201400044100,0,2,0,0.0,0.0,0.0,2.0,B01
201400044101,0,7,0,0.0,2.0,1.0,1.0,A01
201400044101,0,7,0,0.0,2.0,8.0,19.0,B01
201400044102,0,33,0,0.0,2.0,1.0,1.0,B01
201400044102,0,7,0,0.0,2.0,3.0,15.0,A01
201400044103,0,7,0,0.0,1.0,1.0,2.0,A01
201400044104,0,2,0,0.0,2.0,1.0,1.0,B01
201400044104,0,7,0,0.0,2.0,1.0,9.0,A01
201400044105,0,7,0,0.0,1.0,2.0,17.0,A01
201400044106,0,7,0,0.0,2.0,1.0,2.0,A01
201400044106,0,30,0,0.0,0.0,7.0,2.0,B01
201400044107,0,7,0,0.0,1.0,1.0,1.0,A01
201400044108,0,1,0,0.0,2.0,1.0,1.0,A01
201400044108,0,7,0,0.0,2.0,3.0,2.0,B01
201400044109,0,7,0,1.0,2.0,9.0,1.0,A01
201400044109,0,7,0,0.0,2.0,1.0,1.0,B01
201400044110,0,10,0,0.0,2.0,3.0,15.0,B01
201400044110,0,33,0,0.0,2.0,7.0,17.0,A01
201400044111,0,7,0,0.0,1.0,1.0,0.0,A01
201400044112,0,7,0,0.0,1.0,4.0,4.0,A01
201400044113,0,7,0,0.0,1.0,1.0,1.0,A01
201400044114,0,7,0,1.0,2.0,1.0,2.0,B01
201400044114,0,7,0,0.0,2.0,3.0,16.0,A01
201400044115,0,7,0,0.0,1.0,1.0,15.0,A01
201400044116,0,7,0,0.0,1.0,1.0,0.0,A01
201400044117,0,7,0,0.0,2.0,1.0,1.0,A01
201400044117,0,7,0,0.0,2.0,1.0,1.0,B01
201400044118,0,10,0,0.0,1.0,2.0,1.0,A01
201400044119,0,7,0,0.0,2.0,2.0,1.0,C01
201400044119,0,7,0,0.0,2.0,1.0,13.0,A01
201400044119,0,7,0,0.0,2.0,8.0,1.0,B01
201400044120,0,7,0,0.0,2.0,4.0,1.0,B01
201400044120,0,7,0,0.0,2.0,1.0,1.0,A01
201400044121,0,7,0,0.0,1.0,1.0,15.0,A01
201400044122,0,7,0,1.0,2.0,9.0,1.0,A01
201400044122,0,7,0,0.0,2.0,1.0,23.0,D01
201400044122,0,7,0,0.0,2.0,1.0,1.0,B01
201400044123,0,7,0,4.0,0.0,3.0,1.0,A01
201400044124,0,15,0,0.0,2.0,1.0,1.0,A01
201400044124,0,7,0,0.0,2.0,6.0,2.0,B01
201400044125,0,7,0,0.0,2.0,7.0,15.0,A01
201400044125,0,32,0,0.0,2.0,1.0,1.0,B01
201400044126,0,7,0,6.0,2.0,2.0,2.0,A01
201400044126,0,7,0,0.0,2.0,2.0,9.0,B01
201400044127,0,7,0,0.0,1.0,2.0,1.0,A01
201400044128,0,7,0,15.0,0.0,3.0,1.0,A01
201400044128,1,10,0,0.0,0.0,0.0,1.0,B01
201400044129,0,7,0,0.0,1.0,2.0,1.0,A01
201400044130,0,7,0,0.0,2.0,1.0,1.0,B01
201400044130,0,7,0,0.0,2.0,8.0,9.0,A01
201400044131,1,7,0,0.0,1.0,1.0,1.0,A01
201400044132,1,7,0,0.0,1.0,1.0,0.0,A01
201400044133,0,7,0,0.0,2.0,3.0,2.0,A01
201400044133,0,1,0,0.0,0.0,4.0,2.0,B01
201400044134,0,7,0,0.0,2.0,4.0,2.0,C01
201400044134,0,7,0,1.0,0.0,4.0,2.0,B01
201400044134,0,7,0,1.0,0.0,1.0,2.0,A01
201400044135,0,37,0,0.0,1.0,2.0,1.0,A01
201400044136,0,7,0,0.0,2.0,7.0,15.0,A01
201400044136,0,32,0,0.0,2.0,1.0,1.0,B01
201400044137,0,7,0,0.0,2.0,2.0,15.0,A01
201400044137,0,37,2,0.0,2.0,1.0,1.0,B01
201400044138,0,7,0,0.0,1.0,6.0,1.0,A01
201400044139,0,7,0,0.0,2.0,5.0,1.0,A01
201400044139,0,31,0,0.0,2.0,1.0,2.0,B01
201400044140,0,7,0,0.0,1.0,3.0,17.0,A01
201400044141,0,7,0,0.0,2.0,3.0,0.0,B01
201400044141,1,10,0,0.0,2.0,2.0,12.0,A01
201400044142,0,7,0,0.0,1.0,2.0,1.0,A01
201400044143,0,33,0,0.0,1.0,1.0,1.0,A01
201400044144,0,33,0,0.0,2.0,1.0,1.0,A01
201400044144,0,10,0,0.0,2.0,8.0,15.0,B01
201400044145,0,7,0,0.0,1.0,3.0,1.0,A01
201400044146,0,99,0,0.0,2.0,1.0,1.0,A01
201400044146,0,7,0,9.0,2.0,7.0,1.0,B01
201400044147,0,7,0,14.0,0.0,1.0,1.0,A01
201400044148,0,37,15,0.0,1.0,2.0,1.0,A01
201400044149,0,13,0,0.0,0.0,2.0,15.0,B01
201400044149,0,7,0,0.0,0.0,3.0,16.0,A01
201400044150,0,33,0,0.0,2.0,1.0,21.0,B01
201400044150,0,7,0,0.0,2.0,1.0,1.0,A01
201400044151,0,7,0,0.0,1.0,1.0,15.0,A01
201400044152,0,14,0,0.0,2.0,1.0,10.0,A01
201400044152,0,7,0,0.0,2.0,4.0,0.0,B01
201400044153,0,7,0,0.0,1.0,3.0,1.0,A01
201400044154,0,15,0,0.0,1.0,1.0,1.0,A01
201400044155,0,7,0,12.0,0.0,2.0,21.0,A01
201400044156,0,37,1,0.0,1.0,1.0,1.0,A01
201400044157,0,7,0,0.0,2.0,3.0,9.0,B01
201400044157,0,7,0,0.0,2.0,1.0,9.0,A01
201400044158,1,7,0,0.0,1.0,4.0,10.0,A01
201400044159,0,7,0,0.0,2.0,1.0,1.0,B01
201400044159,1,7,0,0.0,2.0,1.0,1.0,A01
201400044160,0,2,0,0.0,0.0,3.0,13.0,A01
201400044160,0,7,0,0.0,0.0,2.0,0.0,B01
201400044161,0,7,0,0.0,2.0,7.0,15.0,A01
201400044161,0,7,0,0.0,2.0,1.0,1.0,B01
201400044162,0,7,0,0.0,2.0,1.0,2.0,A01
201400044162,0,7,0,0.0,2.0,4.0,23.0,B01
201400044163,0,32,0,8.0,2.0,3.0,5.0,A01
201400044163,0,7,0,0.0,2.0,3.0,1.0,B01
201400044164,0,7,0,0.0,1.0,2.0,1.0,A01
201400044165,0,33,0,0.0,2.0,8.0,1.0,B01
201400044165,0,7,0,0.0,2.0,3.0,15.0,A01
201400044166,0,10,0,1.0,1.0,2.0,1.0,A01
201400044167,0,3,0,0.0,2.0,5.0,17.0,A01
201400044167,0,37,20,0.0,2.0,3.0,9.0,B01
201400044168,0,7,0,0.0,1.0,1.0,1.0,A01
201400044169,0,37,1,0.0,1.0,2.0,1.0,A01
201400044170,0,7,0,0.0,2.0,3.0,22.0,A01
201400044170,0,17,0,0.0,2.0,5.0,1.0,B01
201400044171,0,7,0,0.0,2.0,6.0,10.0,A01
201400044171,0,7,0,0.0,2.0,2.0,1.0,B01
201400044172,0,7,0,0.0,1.0,5.0,4.0,A01
201400044173,0,7,0,0.0,2.0,5.0,9.0,A01
201400044173,0,10,0,0.0,2.0,2.0,1.0,B01
201400044174,0,7,0,0.0,0.0,4.0,23.0,C01
201400044174,1,7,0,0.0,2.0,1.0,2.0,A01
201400044174,1,7,0,0.0,2.0,1.0,2.0,B01
201400044175,0,7,0,0.0,2.0,3.0,2.0,B01
201400044175,0,2,0,0.0,2.0,1.0,2.0,A01
201400044176,0,7,0,0.0,2.0,1.0,2.0,A01
201400044176,0,3,0,0.0,2.0,4.0,1.0,B01
201400044177,0,37,20,0.0,1.0,7.0,1.0,A01
201400044178,0,7,0,0.0,1.0,2.0,1.0,A01
201400044179,0,7,0,0.0,2.0,3.0,9.0,A01
201400044179,0,7,0,0.0,2.0,1.0,0.0,B01
201400044179,0,7,0,0.0,2.0,1.0,0.0,C01
201400044180,0,7,0,0.0,2.0,1.0,2.0,A01
201400044180,0,7,0,0.0,2.0,4.0,23.0,B01
201400044181,0,38,1,0.0,2.0,1.0,2.0,A01
201400044181,0,10,0,0.0,2.0,4.0,23.0,B01
201400044182,1,7,0,0.0,2.0,0.0,0.0,A01
201400044182,0,1,0,0.0,2.0,1.0,1.0,B01
201400044183,0,37,15,0.0,1.0,2.0,1.0,A01
201400044184,0,2,0,0.0,2.0,3.0,15.0,A01
201400044184,0,7,0,0.0,2.0,2.0,2.0,B01
201400044185,0,7,0,0.0,2.0,3.0,1.0,B01
201400044185,0,37,0,0.0,2.0,1.0,15.0,A01
201400044186,0,7,0,0.0,1.0,7.0,1.0,A01
201400044187,0,7,0,0.0,2.0,2.0,1.0,A01
201400044187,0,7,0,6.0,2.0,3.0,1.0,B01
201400044188,0,7,0,0.0,2.0,2.0,15.0,A01
201400044188,0,7,0,0.0,2.0,6.0,1.0,B01
201400044189,0,33,0,,,7.0,0.0,A01
201400044190,0,7,0,0.0,1.0,1.0,1.0,A01
201400044191,0,7,0,0.0,2.0,8.0,15.0,A01
201400044191,0,30,0,0.0,2.0,1.0,1.0,B01
201400044192,0,33,0,0.0,2.0,7.0,21.0,B01
201400044192,1,7,0,0.0,2.0,7.0,9.0,A01
201400044193,0,1,0,0.0,2.0,1.0,19.0,B01
201400044193,0,7,0,0.0,2.0,8.0,1.0,C01
201400044194,0,7,0,0.0,2.0,1.0,1.0,A01
201400044194,0,7,0,0.0,2.0,8.0,9.0,B01
201400044195,0,7,0,0.0,1.0,3.0,15.0,A01
201400044196,1,7,0,0.0,2.0,3.0,20.0,A01
201400044196,0,33,0,9.0,2.0,2.0,1.0,B01
201400044197,0,2,0,0.0,2.0,1.0,1.0,A01
201400044197,0,7,0,0.0,2.0,2.0,15.0,B01
201400044198,0,7,0,0.0,1.0,8.0,1.0,A01
201400044199,0,13,0,0.0,1.0,6.0,23.0,B01
201400044199,0,10,0,0.0,2.0,8.0,18.0,A01
201400044200,0,31,0,0.0,2.0,1.0,1.0,B01
201400044200,0,7,0,0.0,2.0,5.0,15.0,A01
201400044201,0,7,0,0.0,2.0,8.0,11.0,A01
201400044201,0,31,0,0.0,2.0,7.0,1.0,B01
201400044202,0,7,0,0.0,2.0,6.0,9.0,A01
201400044202,0,7,0,0.0,2.0,7.0,1.0,B01
201400044203,0,30,0,0.0,2.0,0.0,0.0,B01
201400044203,0,13,0,0.0,2.0,1.0,2.0,A01
201400044204,0,10,0,0.0,0.0,3.0,6.0,A01
201400044204,0,7,0,0.0,0.0,8.0,0.0,B01
201400044205,0,7,0,0.0,2.0,3.0,11.0,A01
201400044205,0,31,0,0.0,2.0,8.0,1.0,B01
201400044206,0,33,0,0.0,2.0,1.0,2.0,A01
201400044206,0,7,0,0.0,2.0,8.0,15.0,B01
201400044207,0,7,0,0.0,1.0,1.0,0.0,A01
201400044208,0,7,0,0.0,1.0,2.0,1.0,A01
201400044209,0,7,0,0.0,2.0,6.0,1.0,B01
201400044209,0,10,0,0.0,2.0,2.0,2.0,A01
201400044210,1,7,0,0.0,1.0,1.0,1.0,A01
201400044211,0,1,0,0.0,2.0,1.0,1.0,B01
201400044211,0,7,0,0.0,2.0,2.0,1.0,A01
201400044212,0,7,0,0.0,1.0,1.0,16.0,A01
201400044213,0,7,0,0.0,1.0,1.0,14.0,A01
201400044214,0,7,0,0.0,2.0,7.0,15.0,A01
201400044214,0,30,0,0.0,2.0,1.0,1.0,B01
201400044215,0,1,0,0.0,2.0,4.0,1.0,B01
201400044215,1,7,0,0.0,2.0,1.0,2.0,Z01
201400044216,0,7,0,0.0,2.0,9.0,1.0,B01
201400044216,0,15,0,1.0,2.0,8.0,11.0,A01
201400044217,0,7,0,0.0,1.0,1.0,2.0,A01
201400044218,0,7,0,0.0,2.0,2.0,1.0,B01
201400044218,0,7,0,0.0,2.0,3.0,1.0,A01
201400044219,0,7,0,0.0,2.0,1.0,2.0,A01
201400044219,0,7,0,0.0,2.0,4.0,23.0,B01
201400044219,0,7,0,0.0,2.0,4.0,23.0,C01
201400044220,0,7,0,12.0,0.0,9.0,21.0,A01
201400044221,0,7,0,0.0,2.0,4.0,1.0,B01
201400044221,0,32,0,0.0,2.0,1.0,1.0,A01
201400044222,0,7,0,0.0,1.0,1.0,15.0,A01
201400044223,0,7,0,0.0,1.0,1.0,1.0,A01
201400044224,0,7,0,0.0,1.0,1.0,1.0,A01
201400044225,0,30,0,0.0,0.0,9.0,1.0,A01
201400044226,0,7,0,0.0,1.0,1.0,15.0,A01
201400044227,0,7,0,0.0,2.0,5.0,1.0,B01
201400044227,0,13,0,0.0,2.0,1.0,9.0,A01
201400044228,0,7,0,0.0,2.0,1.0,1.0,B01
201400044228,0,7,0,0.0,2.0,1.0,15.0,A01
201400044229,0,7,0,0.0,2.0,1.0,2.0,A01
201400044229,0,7,0,0.0,2.0,4.0,2.0,B01
201400044230,0,7,0,0.0,2.0,1.0,2.0,A01
201400044230,0,7,0,0.0,2.0,4.0,1.0,B01
201400044231,0,7,0,0.0,1.0,3.0,1.0,A01
201400044232,0,7,0,0.0,2.0,1.0,1.0,A01
201400044232,0,7,0,0.0,2.0,8.0,20.0,B01
201400044233,0,7,0,0.0,2.0,2.0,15.0,A01
201400044233,0,33,0,0.0,2.0,1.0,1.0,B01
201400044234,0,7,0,0.0,2.0,1.0,2.0,A01
201400044234,0,7,0,0.0,2.0,4.0,2.0,B01
201400044235,0,7,0,0.0,2.0,1.0,1.0,A01
201400044235,0,7,0,0.0,2.0,3.0,1.0,C01
201400044235,0,7,0,0.0,2.0,3.0,2.0,B01
201400044236,0,7,0,0.0,2.0,2.0,12.0,A01
201400044236,0,32,0,0.0,2.0,1.0,2.0,B01
201400044237,0,33,0,0.0,2.0,1.0,2.0,B01
201400044237,0,7,0,0.0,2.0,5.0,4.0,A01
201400044238,0,7,0,0.0,1.0,2.0,1.0,A01
201400044239,0,7,0,0.0,1.0,1.0,1.0,A01
201400044240,0,2,0,0.0,2.0,1.0,1.0,A01
201400044240,0,7,0,0.0,2.0,3.0,1.0,B01
201400044241,0,7,0,0.0,2.0,2.0,12.0,A01
201400044241,0,2,0,0.0,2.0,8.0,18.0,B01
201400044242,0,7,0,11.0,0.0,1.0,1.0,A01
201400044243,0,7,0,0.0,2.0,7.0,12.0,A01
201400044243,0,37,2,0.0,2.0,3.0,1.0,B01
201400044244,0,7,0,0.0,2.0,8.0,19.0,A01
201400044244,0,37,2,0.0,2.0,1.0,1.0,B01
201400044245,0,14,0,0.0,0.0,1.0,2.0,A01
201400044245,0,7,0,0.0,0.0,4.0,2.0,B01
201400044246,0,7,0,0.0,2.0,1.0,1.0,A01
201400044246,0,7,0,0.0,2.0,8.0,1.0,B01
201400044247,0,7,0,0.0,2.0,1.0,1.0,A01
201400044247,0,7,0,0.0,2.0,4.0,1.0,B01
201400044248,0,2,0,16.0,0.0,9.0,9.0,A01
201400044249,0,7,0,0.0,2.0,3.0,1.0,B01
201400044249,0,7,0,0.0,2.0,7.0,13.0,A01
201400044250,0,33,0,0.0,1.0,1.0,1.0,A01
201400044251,0,7,0,0.0,1.0,1.0,1.0,A01
201400044252,0,7,0,0.0,1.0,4.0,4.0,A01
201400044253,0,7,0,0.0,2.0,2.0,15.0,A01
201400044253,0,31,0,0.0,2.0,2.0,1.0,B01
201400044254,0,37,2,0.0,1.0,2.0,1.0,A01
201400044255,0,7,0,0.0,2.0,8.0,1.0,A01
201400044255,0,7,0,0.0,2.0,1.0,1.0,B01
201400044256,0,7,0,0.0,1.0,1.0,2.0,A01
201400044257,0,7,0,0.0,2.0,6.0,15.0,B01
201400044257,0,33,0,0.0,2.0,2.0,2.0,A01
201400044258,0,7,0,0.0,1.0,4.0,4.0,A01
201400044259,0,7,0,0.0,2.0,1.0,2.0,A01
201400044259,0,7,0,0.0,2.0,4.0,23.0,C01
201400044259,0,7,0,0.0,2.0,1.0,23.0,B01
201400044260,0,7,0,9.0,0.0,1.0,15.0,A01
201400044261,0,1,0,0.0,2.0,1.0,9.0,A01
201400044261,0,7,0,0.0,2.0,1.0,1.0,B01
201400044262,0,30,0,0.0,1.0,1.0,2.0,A01
201400044263,0,7,0,8.0,0.0,1.0,1.0,A01
201400044264,0,7,0,0.0,2.0,1.0,1.0,A01
201400044264,0,7,0,0.0,2.0,4.0,1.0,B01
201400044265,0,7,0,0.0,1.0,1.0,1.0,A01
201400044266,0,7,0,0.0,2.0,7.0,1.0,C01
201400044266,0,7,0,0.0,2.0,1.0,2.0,A01
201400044266,0,7,0,0.0,2.0,4.0,1.0,B01
201400044267,0,7,0,0.0,2.0,1.0,2.0,A01
201400044267,0,7,0,0.0,2.0,4.0,23.0,B01
201400044268,0,7,0,0.0,2.0,1.0,2.0,A01
201400044268,0,30,0,0.0,2.0,4.0,23.0,B01
201400044269,2,2,0,0.0,1.0,1.0,1.0,Z01
201400044270,0,33,0,0.0,1.0,1.0,1.0,A01
201400044271,0,7,0,0.0,2.0,4.0,1.0,A01
201400044271,1,10,0,0.0,2.0,1.0,2.0,Z01
201400044272,0,1,0,0.0,2.0,7.0,1.0,B01
201400044272,0,7,0,0.0,2.0,1.0,9.0,A01
201400044273,0,7,0,0.0,2.0,7.0,17.0,A01
201400044273,0,37,1,0.0,2.0,8.0,9.0,B01
201400044274,0,34,0,14.0,0.0,1.0,17.0,A01
201400044275,0,7,0,0.0,2.0,4.0,1.0,B01
201400044275,0,7,0,0.0,2.0,1.0,2.0,A01
201400044276,0,7,0,0.0,2.0,2.0,1.0,A01
201400044276,0,31,0,0.0,2.0,4.0,23.0,B01
201400044277,0,7,0,0.0,1.0,1.0,1.0,A01
201400044278,0,33,0,0.0,2.0,1.0,2.0,A01
201400044278,0,10,0,0.0,2.0,4.0,1.0,B01
201400044279,0,7,0,0.0,2.0,3.0,15.0,A01
201400044279,0,37,5,0.0,2.0,2.0,1.0,B01
201400044280,0,7,0,0.0,2.0,1.0,1.0,A01
201400044280,0,7,0,0.0,2.0,3.0,1.0,B01
201400044281,0,7,0,1.0,1.0,3.0,1.0,A01
201400044282,0,7,0,0.0,1.0,7.0,1.0,A01
201400044283,0,7,0,0.0,2.0,6.0,1.0,B01
201400044283,0,33,0,0.0,2.0,7.0,1.0,A01
201400044284,0,1,0,0.0,2.0,1.0,2.0,A01
201400044284,0,7,0,0.0,2.0,4.0,23.0,B01
201400044285,0,7,0,0.0,2.0,4.0,23.0,A01
201400044285,1,10,0,0.0,2.0,1.0,1.0,Z01
201400044286,0,7,0,0.0,1.0,8.0,1.0,A01
201400044287,0,7,0,0.0,2.0,1.0,2.0,A01
201400044287,0,7,0,0.0,2.0,4.0,23.0,B01
201400044288,0,33,0,0.0,2.0,5.0,1.0,A01
201400044288,1,7,0,0.0,2.0,1.0,2.0,Z01
201400044289,0,7,0,0.0,2.0,9.0,2.0,B01
201400044289,0,7,0,0.0,2.0,4.0,1.0,C01
201400044289,0,7,0,0.0,2.0,1.0,2.0,A01
201400044290,0,7,0,0.0,2.0,4.0,2.0,B01
201400044290,0,30,0,1.0,2.0,1.0,2.0,A01
201400044291,0,7,0,0.0,1.0,1.0,1.0,A01
201400044292,0,7,0,0.0,2.0,1.0,1.0,A01
201400044292,0,7,0,0.0,2.0,8.0,1.0,B01
201400044293,0,14,0,0.0,2.0,3.0,1.0,B02
201400044293,0,14,0,0.0,2.0,7.0,9.0,A01
201400044294,0,7,0,0.0,2.0,8.0,15.0,A01
201400044294,0,7,0,0.0,2.0,1.0,1.0,B01
201400044295,2,7,0,0.0,2.0,2.0,17.0,A01
201400044295,0,7,0,0.0,2.0,8.0,1.0,B01
201400044296,0,1,0,0.0,2.0,1.0,5.0,B01
201400044296,0,7,0,0.0,2.0,2.0,9.0,A01
201400044297,1,10,0,0.0,1.0,1.0,1.0,A01
201400044298,0,7,0,0.0,2.0,1.0,1.0,A01
201400044298,0,7,0,0.0,2.0,4.0,1.0,B01
201400044299,0,7,0,0.0,2.0,1.0,1.0,A01
201400044299,0,7,0,0.0,2.0,4.0,1.0,B01
201400044300,0,37,1,0.0,2.0,8.0,1.0,C01
201400044300,0,7,0,0.0,2.0,1.0,5.0,A01
201400044300,0,7,0,0.0,2.0,5.0,1.0,B01
201400044301,0,7,0,0.0,2.0,1.0,15.0,A01
201400044301,0,2,0,0.0,2.0,9.0,2.0,B01
201400044302,0,7,0,0.0,2.0,1.0,2.0,B01
201400044302,0,31,0,0.0,2.0,4.0,1.0,A01
201400044303,0,7,0,0.0,1.0,1.0,1.0,A01
201400044304,0,7,0,0.0,2.0,2.0,1.0,A01
201400044304,0,13,0,0.0,2.0,3.0,1.0,B01
201400044305,0,2,0,1.0,0.0,9.0,1.0,A01
201400044306,0,7,0,14.0,0.0,1.0,1.0,A01
201400044307,0,10,0,4.0,0.0,1.0,1.0,A01
201400044308,0,7,0,11.0,0.0,8.0,1.0,A01
201400044309,0,30,0,0.0,2.0,1.0,1.0,A01
201400044309,0,7,0,0.0,2.0,1.0,1.0,B01
201400044310,0,7,0,0.0,2.0,2.0,2.0,A01
201400044310,0,7,0,0.0,2.0,1.0,2.0,B01
201400044311,0,7,0,0.0,2.0,1.0,2.0,A01
201400044311,0,7,0,0.0,2.0,9.0,2.0,B01
201400044311,0,7,0,0.0,2.0,4.0,1.0,C01
201400044312,1,99,0,0.0,1.0,1.0,1.0,A01
201400044313,0,7,0,0.0,1.0,2.0,1.0,A01
201400044314,1,7,0,0.0,1.0,1.0,1.0,Z01
201400044315,2,7,0,0.0,2.0,1.0,2.0,A01
201400044315,0,7,0,0.0,2.0,4.0,23.0,B01
201400044316,0,37,2,0.0,2.0,3.0,1.0,B01
201400044316,0,7,0,0.0,2.0,7.0,15.0,A01
201400044317,0,7,0,0.0,2.0,5.0,1.0,A01
201400044317,0,30,0,0.0,2.0,1.0,5.0,B02
201400044318,0,1,0,0.0,1.0,1.0,7.0,A01
201400044319,0,30,0,0.0,2.0,4.0,23.0,B01
201400044319,0,10,0,0.0,2.0,1.0,12.0,A01
201400044320,0,7,0,0.0,1.0,2.0,1.0,A01
201400044321,0,7,0,0.0,1.0,1.0,1.0,A01
201400044322,0,33,0,0.0,2.0,1.0,2.0,A01
201400044322,0,7,0,0.0,0.0,4.0,2.0,B01
201400044323,0,7,0,0.0,1.0,1.0,0.0,A01
201400044324,0,7,0,0.0,1.0,1.0,0.0,A01
201400044325,0,33,0,0.0,0.0,8.0,0.0,A01
201400044326,0,7,0,0.0,1.0,1.0,1.0,A01
201400044327,0,7,0,0.0,1.0,1.0,16.0,A01
201400044328,0,7,0,0.0,2.0,2.0,15.0,A01
201400044328,0,7,0,0.0,2.0,3.0,2.0,B01
201400044329,0,7,0,0.0,1.0,4.0,0.0,A01
201400044330,0,7,0,0.0,2.0,1.0,1.0,A01
201400044330,0,7,0,2.0,2.0,1.0,1.0,B01
201400044331,0,7,0,0.0,1.0,1.0,0.0,A01
201400044332,0,7,0,0.0,1.0,1.0,1.0,A01
201400044333,0,1,0,0.0,2.0,1.0,1.0,B01
201400044333,0,7,0,0.0,2.0,2.0,15.0,A01
201400044334,0,7,0,0.0,1.0,1.0,0.0,A01
201400044335,0,7,0,0.0,1.0,1.0,1.0,A01
201400044336,0,30,0,0.0,2.0,3.0,1.0,B01
201400044336,0,7,0,0.0,2.0,2.0,15.0,A01
201400044337,0,7,0,1.0,0.0,9.0,0.0,A01
201400044338,0,7,0,0.0,1.0,1.0,10.0,A01
201400044339,0,7,0,0.0,2.0,1.0,1.0,B01
201400044339,0,7,0,0.0,1.0,2.0,1.0,A01
201400044340,0,7,0,0.0,2.0,4.0,16.0,B01
201400044340,0,2,0,0.0,2.0,1.0,1.0,A01
201400044341,0,33,0,0.0,2.0,8.0,16.0,B01
201400044341,0,7,0,0.0,2.0,1.0,1.0,A01
201400044342,0,7,0,15.0,0.0,3.0,1.0,A01
201400044343,0,7,0,0.0,1.0,1.0,1.0,A01
201400044344,0,7,0,0.0,2.0,1.0,2.0,A01
201400044344,0,7,0,0.0,0.0,4.0,1.0,B01
201400044345,0,7,0,0.0,1.0,3.0,20.0,A01
201400044346,0,7,0,0.0,2.0,1.0,1.0,B01
201400044346,0,31,0,0.0,2.0,1.0,15.0,A01
201400044347,0,7,0,0.0,2.0,1.0,1.0,A01
201400044347,0,7,0,0.0,2.0,3.0,9.0,B01
201400044348,0,7,0,0.0,2.0,1.0,1.0,C01
201400044348,0,7,0,0.0,2.0,4.0,1.0,A01
201400044348,0,7,0,0.0,2.0,1.0,1.0,B01
201400044349,0,7,0,9.0,0.0,1.0,2.0,A01
201400044350,0,7,0,0.0,1.0,3.0,1.0,A01
201400044351,0,7,0,0.0,2.0,9.0,2.0,B01
201400044351,0,10,0,0.0,2.0,1.0,2.0,A01
201400044351,0,7,0,0.0,2.0,9.0,2.0,C01
201400044351,0,7,0,0.0,2.0,4.0,1.0,D01
201400044352,0,7,0,0.0,0.0,1.0,1.0,A01