Num_Acc,senc,catv,occutc,obs,obsm,choc,manv,num_veh
201400044353,0,7,0,0.0,2.0,4.0,23.0,B01
201400044353,0,7,0,0.0,2.0,1.0,2.0,A01
201400044354,0,2,0,0.0,0.0,4.0,2.0,B01
201400044354,1,7,0,0.0,2.0,1.0,11.0,Z01
201400044355,0,2,0,1.0,0.0,1.0,1.0,A01
201400044356,0,7,0,6.0,2.0,7.0,16.0,B01
201400044356,0,7,0,0.0,2.0,3.0,9.0,A01
201400044357,1,30,0,0.0,2.0,0.0,0.0,A01
201400044357,0,7,0,0.0,2.0,3.0,0.0,B01
201400044358,0,7,0,0.0,1.0,1.0,15.0,A01
201400044359,0,30,0,0.0,2.0,4.0,23.0,B01
201400044359,1,10,0,0.0,2.0,1.0,2.0,A01
201400044360,0,7,0,0.0,2.0,3.0,15.0,A01
201400044360,0,2,0,0.0,2.0,1.0,1.0,B01
201400044361,0,7,0,0.0,2.0,1.0,15.0,A01
201400044361,0,30,0,0.0,2.0,1.0,1.0,B01
201400044362,0,33,0,0.0,2.0,1.0,17.0,A01
201400044362,0,7,0,0.0,2.0,6.0,2.0,B01
201400044363,0,7,0,1.0,0.0,2.0,1.0,A01
201400044364,0,7,0,0.0,2.0,7.0,15.0,A01
201400044364,0,33,0,0.0,2.0,1.0,1.0,B01
201400044365,0,7,0,0.0,1.0,1.0,13.0,A01
201400044366,0,7,0,0.0,1.0,2.0,1.0,A01
201400044367,0,32,0,0.0,2.0,1.0,15.0,A01
201400044367,0,7,0,0.0,2.0,2.0,1.0,B01
201400044368,0,34,0,0.0,2.0,2.0,21.0,B01
201400044368,0,7,0,0.0,2.0,3.0,20.0,A01
201400044369,0,7,0,0.0,2.0,1.0,9.0,A01
201400044369,0,33,0,0.0,2.0,7.0,1.0,B01
201400044370,0,33,0,0.0,1.0,1.0,1.0,A01
201400044371,0,7,0,1.0,1.0,2.0,1.0,A01
201400044372,0,10,0,0.0,2.0,2.0,15.0,A01
201400044372,0,32,0,8.0,2.0,1.0,2.0,B01
201400044373,0,34,0,14.0,0.0,3.0,1.0,A01
201400044374,0,33,0,0.0,2.0,1.0,1.0,B01
201400044374,0,7,0,0.0,2.0,1.0,15.0,A01
201400044375,0,7,0,0.0,1.0,1.0,1.0,A01
201400044376,0,7,0,0.0,2.0,1.0,1.0,B01
201400044376,0,7,0,0.0,2.0,1.0,15.0,A01
201400044377,0,2,0,0.0,0.0,1.0,1.0,A01
201400044378,0,7,0,0.0,2.0,1.0,1.0,A01
201400044378,0,7,0,0.0,2.0,3.0,15.0,B01
201400044379,0,7,0,0.0,2.0,4.0,1.0,C01
201400044379,0,7,0,0.0,2.0,1.0,2.0,A01
201400044379,0,34,0,0.0,2.0,4.0,2.0,B01
201400044380,0,1,0,0.0,2.0,7.0,15.0,B01
201400044380,0,7,0,0.0,2.0,2.0,1.0,A01
201400044381,0,3,0,0.0,0.0,9.0,1.0,A01
201400044382,0,7,0,0.0,1.0,1.0,1.0,A01
201400044383,0,10,0,0.0,2.0,6.0,4.0,A01
201400044383,0,33,0,0.0,2.0,8.0,15.0,B01
201400044384,0,7,0,0.0,1.0,2.0,1.0,A01
201400044385,0,7,0,0.0,2.0,1.0,2.0,A01
201400044385,0,7,0,0.0,2.0,4.0,23.0,B01
201400044386,0,1,0,0.0,2.0,8.0,1.0,A01
201400044386,0,7,0,0.0,2.0,1.0,1.0,B01
201400044387,0,2,0,0.0,2.0,2.0,1.0,A01
201400044387,0,7,0,0.0,2.0,1.0,15.0,B01
201400044388,0,7,0,0.0,2.0,1.0,2.0,A01
201400044388,0,7,0,0.0,2.0,4.0,23.0,B01
201400044389,0,7,0,0.0,1.0,4.0,4.0,A01
201400044390,0,7,0,6.0,0.0,1.0,1.0,A01
201400044391,0,7,0,7.0,0.0,1.0,16.0,A01
201400044392,0,31,0,0.0,0.0,7.0,1.0,A01
201400044393,0,31,0,0.0,0.0,7.0,1.0,A01
201400044394,0,33,0,1.0,0.0,5.0,1.0,A01
201400044395,0,7,0,0.0,1.0,7.0,16.0,A01
201400044396,0,7,0,0.0,2.0,1.0,2.0,A01
201400044396,0,7,0,0.0,1.0,9.0,15.0,B01
201400044397,0,33,0,0.0,2.0,1.0,1.0,B01
201400044397,0,7,0,0.0,2.0,6.0,10.0,A01
201400044398,0,7,0,0.0,2.0,4.0,4.0,A01
201400044398,0,31,0,0.0,2.0,1.0,1.0,B01
201400044399,0,32,0,0.0,2.0,8.0,2.0,B01
201400044399,1,7,0,0.0,2.0,1.0,15.0,Z01
201400044400,0,7,0,0.0,1.0,1.0,15.0,A01
201400044401,0,1,0,0.0,0.0,0.0,0.0,A01
201400044402,0,7,0,4.0,0.0,2.0,1.0,A01
201400044403,0,7,0,0.0,0.0,2.0,1.0,A01
201400044403,0,1,0,0.0,2.0,1.0,1.0,B01
201400044404,1,14,0,0.0,2.0,4.0,0.0,C01
201400044404,0,7,0,0.0,2.0,4.0,0.0,B01
201400044404,1,7,0,0.0,2.0,1.0,1.0,Z01
201400044405,0,34,0,14.0,0.0,0.0,2.0,A01
201400044406,0,7,0,0.0,1.0,8.0,2.0,A01
201400044407,0,7,0,0.0,1.0,2.0,0.0,A01
201400044408,0,33,0,0.0,0.0,7.0,2.0,A01
201400044409,0,34,0,0.0,1.0,1.0,3.0,A01
201400044410,0,34,0,0.0,1.0,3.0,1.0,A01
201400044411,0,7,0,0.0,1.0,3.0,0.0,A01
201400044412,0,7,0,0.0,9.0,8.0,22.0,A01
201400044412,0,1,0,1.0,0.0,1.0,1.0,B01
201400044413,0,7,0,0.0,0.0,3.0,15.0,A01
201400044413,0,33,0,0.0,0.0,2.0,0.0,B01
201400044414,0,7,0,0.0,1.0,2.0,0.0,A01
201400044415,0,2,0,0.0,0.0,7.0,0.0,A01
201400044416,0,7,0,0.0,2.0,8.0,16.0,B01
201400044416,0,33,0,0.0,2.0,7.0,16.0,A01
201400044417,0,7,0,0.0,2.0,4.0,2.0,B01
201400044417,0,7,0,0.0,2.0,1.0,2.0,C01
201400044417,0,7,0,0.0,2.0,4.0,2.0,A01
201400044418,0,7,0,1.0,0.0,4.0,1.0,A01
201400044419,0,10,0,0.0,2.0,3.0,11.0,A01
201400044419,0,33,0,4.0,2.0,2.0,1.0,B01
201400044420,0,7,0,0.0,2.0,2.0,1.0,A01
201400044420,0,7,0,0.0,2.0,3.0,14.0,B01
201400044421,0,7,0,0.0,2.0,3.0,1.0,A01
201400044421,0,1,0,0.0,2.0,7.0,1.0,B01
201400044422,0,2,0,0.0,0.0,7.0,1.0,A01
201400044423,1,30,0,0.0,1.0,1.0,1.0,Z01
201400044424,0,7,0,0.0,2.0,1.0,1.0,B01
201400044424,0,7,0,0.0,2.0,1.0,1.0,A01
201400044425,0,7,0,0.0,1.0,7.0,16.0,A01
201400044426,0,7,0,0.0,1.0,1.0,1.0,A01
201400044427,0,2,0,0.0,2.0,1.0,3.0,B01
201400044427,0,7,0,0.0,2.0,6.0,1.0,A01
201400044428,0,7,0,0.0,2.0,1.0,16.0,A01
201400044428,0,2,0,0.0,2.0,3.0,1.0,B01
201400044429,0,1,0,0.0,2.0,1.0,1.0,B01
201400044429,0,10,0,0.0,2.0,3.0,1.0,A01
201400044430,0,7,0,0.0,1.0,4.0,4.0,A01
201400044431,0,31,0,4.0,0.0,1.0,1.0,A01
201400044432,0,1,0,0.0,0.0,7.0,1.0,A01
201400044433,0,33,0,3.0,0.0,1.0,1.0,A01
201400044434,0,7,0,0.0,2.0,3.0,5.0,B01
201400044434,0,33,0,0.0,2.0,1.0,1.0,A01
201400044435,1,7,0,0.0,1.0,1.0,1.0,Z01
201400044436,0,10,0,0.0,1.0,8.0,1.0,A01
201400044437,0,2,0,0.0,2.0,1.0,1.0,B01
201400044437,0,15,0,0.0,2.0,2.0,15.0,A01
201400044438,0,7,0,8.0,0.0,1.0,1.0,A01
201400044439,0,7,0,0.0,2.0,2.0,16.0,A01
201400044439,0,1,0,0.0,2.0,2.0,1.0,B01
201400044440,1,30,0,0.0,1.0,1.0,5.0,A01
201400044441,0,7,0,0.0,2.0,2.0,10.0,A01
201400044441,0,32,0,0.0,2.0,3.0,1.0,B01
201400044442,0,2,0,0.0,0.0,9.0,15.0,A01
201400044443,0,32,0,0.0,2.0,1.0,17.0,B01
201400044443,0,7,0,0.0,2.0,3.0,9.0,A01
201400044444,0,7,0,0.0,1.0,1.0,1.0,A01
201400044445,0,34,0,0.0,2.0,1.0,1.0,A01
201400044445,0,7,0,0.0,2.0,1.0,15.0,B01
201400044446,0,7,0,0.0,2.0,2.0,1.0,A01
201400044446,0,32,0,0.0,2.0,1.0,1.0,B01
201400044447,0,10,0,0.0,1.0,1.0,1.0,A01
201400044448,0,7,0,12.0,0.0,2.0,1.0,A01
201400044449,0,10,0,8.0,0.0,1.0,1.0,A01
201400044450,0,1,0,0.0,2.0,3.0,1.0,B01
201400044450,0,7,0,0.0,2.0,2.0,15.0,A01
201400044451,0,7,0,0.0,2.0,4.0,1.0,B01
201400044451,0,7,0,0.0,2.0,1.0,2.0,A01
201400044452,0,10,0,0.0,2.0,2.0,10.0,A01
201400044452,0,32,0,0.0,2.0,2.0,1.0,B01
201400044453,0,7,0,0.0,2.0,4.0,1.0,B01
201400044453,0,7,0,0.0,2.0,1.0,1.0,A01
201400044454,1,1,0,0.0,1.0,1.0,1.0,Z01
201400044455,0,7,0,0.0,1.0,1.0,1.0,A01
201400044456,0,2,0,0.0,2.0,8.0,1.0,B01
201400044456,0,7,0,0.0,2.0,3.0,15.0,A01
201400044457,0,1,0,0.0,1.0,1.0,1.0,A01
201400044458,0,7,0,0.0,1.0,5.0,4.0,A01
201400044459,0,33,0,0.0,0.0,8.0,2.0,A01
201400044460,0,32,0,0.0,2.0,2.0,3.0,A01
201400044460,0,7,0,0.0,2.0,3.0,13.0,B01
201400044461,0,1,0,0.0,2.0,7.0,16.0,B01
201400044461,0,2,0,0.0,2.0,1.0,7.0,A01
201400044462,0,7,0,0.0,1.0,3.0,2.0,A01
201400044463,0,7,0,0.0,2.0,2.0,5.0,A01
201400044463,0,7,0,0.0,2.0,3.0,10.0,B01
201400044464,0,1,0,0.0,2.0,1.0,1.0,B01
201400044464,0,10,0,0.0,2.0,1.0,1.0,A01
201400044465,0,7,0,0.0,2.0,1.0,2.0,A01
201400044465,0,10,0,9.0,2.0,4.0,23.0,B01
201400044466,0,7,0,0.0,1.0,2.0,1.0,A01
201400044467,0,7,0,2.0,0.0,3.0,1.0,A01
201400044468,0,2,0,0.0,2.0,1.0,17.0,A01
201400044468,0,7,0,0.0,2.0,8.0,15.0,B01
201400044469,0,7,0,0.0,2.0,2.0,15.0,A01
201400044469,0,34,0,0.0,2.0,1.0,1.0,B01
201400044470,0,7,0,0.0,2.0,1.0,5.0,A01
201400044470,0,32,0,0.0,2.0,1.0,1.0,B01
201400044471,0,7,0,0.0,2.0,5.0,15.0,B01
201400044471,0,99,0,0.0,2.0,1.0,5.0,A01
201400044472,0,7,0,0.0,2.0,8.0,15.0,B01
201400044472,0,33,0,0.0,2.0,1.0,3.0,A01
201400044473,1,33,0,0.0,2.0,4.0,11.0,Z01
201400044473,0,32,0,0.0,2.0,7.0,1.0,A01
201400044474,0,37,20,0.0,1.0,2.0,1.0,A01
201400044475,0,30,0,1.0,0.0,2.0,1.0,A01
201400044476,0,37,15,0.0,2.0,3.0,2.0,B01
201400044476,0,7,0,0.0,2.0,2.0,1.0,A01
201400044477,0,7,0,0.0,2.0,1.0,2.0,A01
201400044477,0,3,0,0.0,2.0,4.0,1.0,B01
201400044478,0,1,0,0.0,2.0,2.0,19.0,B01
201400044478,0,7,0,0.0,2.0,3.0,1.0,A01
201400044479,1,7,0,0.0,1.0,1.0,1.0,Z01
201400044480,0,7,0,0.0,1.0,3.0,1.0,A01
201400044481,0,34,0,4.0,0.0,8.0,21.0,A01
201400044482,0,7,0,0.0,2.0,2.0,10.0,A01
201400044482,0,34,0,0.0,2.0,1.0,2.0,B01
201400044483,0,7,0,0.0,1.0,2.0,16.0,A01
201400044484,0,7,0,0.0,2.0,2.0,15.0,B01
201400044484,0,31,0,0.0,2.0,1.0,1.0,A01
201400044485,0,7,0,15.0,1.0,1.0,1.0,A01
201400044486,1,30,0,0.0,1.0,1.0,5.0,Z01
201400044487,1,7,0,0.0,1.0,2.0,4.0,Z01
201400044488,0,33,0,0.0,2.0,7.0,13.0,B01
201400044488,0,7,0,0.0,2.0,8.0,13.0,A01
201400044489,0,34,0,0.0,2.0,3.0,15.0,A01
201400044489,0,7,0,0.0,2.0,3.0,15.0,B01
201400044490,0,7,0,0.0,2.0,2.0,1.0,A01
201400044490,0,31,0,0.0,2.0,1.0,1.0,B01
201400044491,0,7,0,0.0,2.0,2.0,1.0,A01
201400044491,0,33,0,0.0,2.0,1.0,15.0,B01
201400044492,0,7,0,0.0,2.0,7.0,1.0,A01
201400044492,0,30,0,0.0,2.0,8.0,3.0,B01
201400044493,0,33,0,0.0,2.0,1.0,1.0,B01
201400044493,0,7,0,0.0,2.0,1.0,15.0,A01
201400044494,0,32,0,0.0,1.0,1.0,21.0,A01
201400044495,0,31,0,0.0,2.0,8.0,2.0,B01
201400044495,0,7,0,0.0,2.0,5.0,12.0,A01
201400044496,1,7,0,0.0,1.0,4.0,4.0,Z01
201400044497,0,7,0,0.0,2.0,4.0,20.0,B01
201400044497,0,1,0,0.0,2.0,1.0,2.0,A01
201400044498,0,7,0,0.0,2.0,5.0,16.0,A01
201400044498,0,1,0,0.0,2.0,1.0,2.0,B01
201400044499,0,2,0,0.0,2.0,1.0,2.0,B01
201400044499,0,7,0,0.0,2.0,1.0,15.0,A01
201400044500,0,7,0,0.0,2.0,6.0,1.0,A01
201400044500,0,32,0,0.0,2.0,2.0,2.0,B01
201400044501,0,33,0,0.0,2.0,2.0,1.0,A01
201400044501,1,7,0,0.0,2.0,3.0,9.0,Z01
201400044502,0,30,0,0.0,2.0,7.0,2.0,A01
201400044502,0,7,0,0.0,2.0,8.0,1.0,B01
201400044503,0,7,0,0.0,1.0,1.0,20.0,A01
201400044504,0,33,0,0.0,1.0,3.0,1.0,A01
201400044505,0,7,0,0.0,2.0,1.0,20.0,A01
201400044505,0,33,0,0.0,2.0,1.0,1.0,B01
201400044506,0,7,0,0.0,2.0,7.0,16.0,A01
201400044506,0,32,0,0.0,2.0,1.0,1.0,B01
201400044507,0,7,0,0.0,2.0,1.0,1.0,A01
201400044507,0,7,0,0.0,2.0,4.0,1.0,B01
201400044508,0,2,0,0.0,2.0,1.0,1.0,B01
201400044508,0,7,0,0.0,2.0,2.0,1.0,A01
201400044509,0,31,0,0.0,2.0,4.0,2.0,B01
201400044509,0,10,0,0.0,2.0,1.0,2.0,A01
201400044510,0,33,0,0.0,2.0,6.0,15.0,B01
201400044510,0,7,0,0.0,2.0,2.0,15.0,A01
201400044511,0,7,0,0.0,2.0,8.0,15.0,B01
201400044511,1,7,0,0.0,2.0,1.0,1.0,Z01
201400044512,0,10,0,0.0,1.0,1.0,1.0,A01
201400044513,0,7,0,0.0,1.0,2.0,1.0,A01
201400044514,0,33,0,0.0,0.0,8.0,1.0,A01
201400044514,0,10,0,0.0,0.0,0.0,20.0,B01
201400044515,1,7,0,0.0,1.0,1.0,1.0,Z01
201400044516,0,7,0,0.0,2.0,1.0,15.0,A01
201400044516,0,32,0,0.0,2.0,3.0,1.0,B01
201400044517,0,7,0,0.0,2.0,7.0,1.0,B01
201400044517,0,2,0,0.0,2.0,1.0,1.0,A01
201400044518,0,32,0,0.0,2.0,7.0,1.0,B01
201400044518,0,7,0,0.0,2.0,8.0,20.0,A01
201400044519,0,15,0,0.0,1.0,3.0,1.0,A01
201400044520,0,34,0,0.0,2.0,2.0,11.0,B01
201400044520,0,7,0,0.0,2.0,3.0,11.0,A01
201400044521,0,7,0,0.0,2.0,6.0,24.0,B01
201400044521,0,7,0,1.0,2.0,1.0,1.0,A01
201400044522,0,7,0,12.0,0.0,1.0,1.0,A01
201400044523,0,7,0,0.0,2.0,1.0,16.0,A01
201400044523,0,33,0,0.0,2.0,8.0,1.0,B01
201400044524,0,7,0,0.0,2.0,2.0,9.0,B01
201400044524,0,1,0,0.0,2.0,1.0,5.0,A01
201400044525,0,7,0,0.0,2.0,3.0,2.0,A01
201400044525,0,30,0,0.0,2.0,1.0,1.0,B01
201400044526,0,7,0,0.0,2.0,9.0,23.0,B01
201400044526,0,30,0,0.0,2.0,4.0,23.0,C01
201400044526,0,7,0,0.0,2.0,1.0,2.0,A01
201400044527,0,31,0,0.0,2.0,1.0,1.0,A01
201400044527,0,7,0,0.0,2.0,3.0,1.0,B01
201400044528,0,1,0,0.0,1.0,1.0,1.0,A01
201400044529,0,1,0,0.0,2.0,1.0,1.0,A01
201400044529,0,7,0,0.0,2.0,1.0,1.0,B01
201400044530,1,7,0,0.0,2.0,1.0,1.0,Z01
201400044530,0,32,0,0.0,2.0,1.0,16.0,B01
201400044531,0,7,0,1.0,0.0,1.0,1.0,A01
201400044532,0,7,0,0.0,2.0,7.0,1.0,B01
201400044532,0,30,0,0.0,2.0,1.0,1.0,A01
201400044533,0,2,0,14.0,0.0,2.0,1.0,A01
201400044534,0,7,0,0.0,1.0,1.0,1.0,A01
201400044535,0,33,0,0.0,2.0,8.0,16.0,B01
201400044535,0,7,0,0.0,2.0,2.0,16.0,A01
201400044536,0,7,0,1.0,0.0,1.0,1.0,A01
201400044537,0,7,0,0.0,2.0,3.0,9.0,A01
201400044537,0,30,0,0.0,2.0,7.0,2.0,B01
201400044538,0,7,0,0.0,2.0,4.0,23.0,A01
201400044538,0,7,0,1.0,2.0,1.0,2.0,B01
201400044539,0,31,0,0.0,2.0,3.0,3.0,A01
201400044539,0,7,0,0.0,2.0,3.0,14.0,B01
201400044540,0,7,0,0.0,2.0,6.0,2.0,A01
201400044540,0,32,0,0.0,2.0,2.0,7.0,B01
201400044541,0,7,0,0.0,2.0,3.0,2.0,A01
201400044541,0,7,0,15.0,2.0,7.0,2.0,B01
201400044542,1,7,0,0.0,1.0,7.0,1.0,Z01
201400044543,0,32,0,0.0,2.0,3.0,1.0,B01
201400044543,0,7,0,0.0,2.0,1.0,15.0,A01
201400044544,0,7,0,0.0,1.0,2.0,1.0,A01
201400044545,2,7,0,0.0,2.0,3.0,10.0,Z01
201400044545,0,32,0,0.0,2.0,1.0,2.0,B01
201400044546,0,32,0,0.0,2.0,0.0,21.0,B01
201400044546,0,34,0,0.0,0.0,0.0,9.0,A01
201400044547,0,7,0,8.0,0.0,1.0,2.0,A01
201400044548,0,7,0,0.0,2.0,1.0,2.0,A01
201400044548,0,7,0,0.0,2.0,4.0,2.0,B01
201400044549,0,30,0,0.0,0.0,8.0,17.0,B01
201400044549,0,7,0,0.0,0.0,3.0,15.0,A01
201400044550,0,7,0,0.0,1.0,4.0,4.0,A01
201400044551,0,1,0,0.0,0.0,8.0,0.0,B01
201400044551,0,2,0,0.0,2.0,1.0,15.0,A01
201400044552,0,30,0,0.0,1.0,1.0,5.0,A01
201400044553,2,30,0,0.0,1.0,7.0,1.0,Z01
201400044554,0,14,0,0.0,0.0,6.0,5.0,B01
201400044554,0,32,0,0.0,0.0,0.0,19.0,A01
201400044555,0,7,0,0.0,1.0,2.0,9.0,A01
201400044556,0,33,0,0.0,2.0,1.0,1.0,B01
201400044556,0,7,0,0.0,2.0,3.0,9.0,A01
201400044557,0,31,0,0.0,2.0,1.0,2.0,A01
201400044557,0,7,0,0.0,2.0,3.0,2.0,B01
201400044558,0,33,0,0.0,1.0,1.0,1.0,A01
201400044559,0,7,0,0.0,2.0,1.0,1.0,B01
201400044559,0,7,0,0.0,1.0,3.0,17.0,A01
201400044560,0,7,0,0.0,1.0,8.0,0.0,A01
201400044561,0,7,0,0.0,2.0,5.0,10.0,A01
201400044561,0,33,0,0.0,2.0,1.0,2.0,B01
201400044562,0,37,0,0.0,2.0,8.0,1.0,B01
201400044562,1,30,0,0.0,2.0,1.0,15.0,Z01
201400044563,0,7,0,0.0,2.0,8.0,20.0,A01
201400044563,2,33,0,0.0,2.0,1.0,21.0,B01
201400044564,0,7,0,0.0,2.0,3.0,1.0,B01
201400044564,0,32,0,0.0,2.0,1.0,1.0,A01
201400044565,1,30,0,0.0,1.0,1.0,2.0,Z01
201400044566,0,7,0,0.0,2.0,1.0,15.0,A01
201400044566,0,34,0,0.0,2.0,1.0,0.0,B01
201400044567,0,7,0,0.0,1.0,4.0,4.0,A01
201400044568,0,30,0,0.0,1.0,7.0,0.0,A01
201400044569,0,1,0,0.0,2.0,1.0,2.0,B01
201400044569,0,7,0,0.0,2.0,3.0,2.0,A01
201400044570,0,34,0,0.0,2.0,2.0,1.0,B01
201400044570,0,7,0,0.0,2.0,5.0,1.0,A01
201400044571,0,7,0,0.0,1.0,2.0,16.0,A01
201400044572,0,33,0,0.0,1.0,2.0,0.0,A01
201400044573,0,7,0,0.0,2.0,3.0,20.0,A01
201400044573,0,7,0,0.0,2.0,2.0,2.0,B01
201400044574,0,7,0,0.0,2.0,1.0,23.0,A01
201400044574,0,7,0,0.0,2.0,4.0,2.0,B01
201400044575,0,7,0,0.0,1.0,1.0,13.0,A01
201400044576,0,7,0,0.0,1.0,1.0,1.0,A01
201400044577,0,7,0,0.0,2.0,9.0,1.0,B01
201400044577,0,7,0,0.0,2.0,1.0,1.0,D01
201400044577,0,7,0,0.0,2.0,4.0,0.0,A01
201400044577,0,7,0,0.0,2.0,9.0,1.0,C01
201400044578,0,7,0,0.0,2.0,1.0,1.0,A01
201400044578,0,7,0,0.0,2.0,3.0,1.0,B01
201400044579,0,7,0,0.0,2.0,5.0,16.0,A01
201400044579,0,31,0,0.0,2.0,1.0,1.0,B01
201400044580,0,32,0,0.0,2.0,1.0,17.0,A01
201400044580,0,7,0,0.0,2.0,8.0,15.0,B01
201400044581,0,7,0,0.0,2.0,1.0,16.0,B01
201400044581,0,7,0,0.0,2.0,3.0,1.0,A01
201400044582,0,14,0,0.0,1.0,3.0,1.0,A01
201400044583,0,7,0,0.0,2.0,3.0,1.0,B01
201400044583,0,30,0,0.0,2.0,1.0,0.0,A01
201400044584,0,30,0,0.0,2.0,1.0,1.0,B01
201400044584,0,99,0,0.0,2.0,2.0,15.0,A01
201400044585,0,7,0,0.0,0.0,2.0,0.0,A01
201400044585,0,34,0,0.0,0.0,3.0,0.0,B01
201400044586,0,7,0,0.0,1.0,7.0,1.0,A01
201400044587,0,7,0,0.0,1.0,2.0,1.0,A01
201400044588,0,7,0,0.0,2.0,2.0,1.0,B01
201400044588,0,7,0,0.0,0.0,4.0,20.0,A01
201400044589,0,10,0,0.0,0.0,6.0,15.0,A01
201400044589,0,32,0,0.0,0.0,1.0,2.0,B01
201400044590,0,7,0,0.0,2.0,1.0,1.0,B01
201400044590,0,7,0,0.0,2.0,1.0,13.0,A01
201400044591,1,7,0,0.0,0.0,7.0,15.0,Z01
201400044591,0,33,0,0.0,0.0,7.0,1.0,B01
201400044592,0,7,0,6.0,0.0,1.0,1.0,A01
201400044593,1,7,0,0.0,2.0,1.0,2.0,Z01
201400044593,0,7,0,0.0,0.0,4.0,2.0,B01
201400044594,0,7,0,0.0,2.0,8.0,0.0,A01
201400044594,0,34,0,0.0,2.0,9.0,1.0,B01
201400044595,0,7,0,0.0,1.0,1.0,1.0,A01
201400044596,0,7,0,0.0,0.0,8.0,11.0,A01
201400044596,0,33,0,0.0,2.0,1.0,1.0,B01
201400044597,0,34,0,0.0,2.0,0.0,21.0,A01
201400044597,0,7,0,0.0,2.0,1.0,9.0,B01
201400044598,0,33,0,0.0,1.0,1.0,1.0,A01
201400044599,0,7,0,0.0,2.0,2.0,17.0,A01
201400044599,0,7,0,0.0,2.0,6.0,10.0,B01
201400044600,0,10,0,0.0,2.0,1.0,2.0,A01
201400044600,0,7,0,0.0,2.0,4.0,2.0,B01
201400044601,0,7,0,0.0,1.0,1.0,1.0,A01
201400044602,0,31,0,0.0,2.0,8.0,1.0,B01
201400044602,0,7,0,0.0,2.0,1.0,17.0,A01
201400044603,0,7,0,0.0,2.0,1.0,2.0,B01
201400044603,0,7,0,0.0,2.0,8.0,15.0,A01
201400044604,0,7,0,0.0,1.0,1.0,15.0,A01
201400044605,0,7,0,0.0,2.0,3.0,1.0,A01
201400044605,0,7,0,0.0,2.0,7.0,1.0,B01
201400044606,0,7,0,4.0,0.0,3.0,1.0,A01
201400044607,0,7,0,6.0,0.0,2.0,1.0,A01
201400044608,0,7,0,0.0,2.0,5.0,1.0,A01
201400044608,0,31,0,0.0,2.0,1.0,1.0,B01
201400044609,0,10,0,0.0,2.0,1.0,23.0,B01
201400044609,1,14,0,0.0,2.0,4.0,4.0,A01
201400044610,0,7,0,0.0,2.0,8.0,1.0,B01
201400044610,0,7,0,0.0,2.0,1.0,15.0,A01
201400044611,0,7,0,0.0,2.0,4.0,23.0,B01
201400044611,1,7,0,0.0,2.0,1.0,2.0,Z01
201400044612,0,7,0,0.0,1.0,1.0,1.0,A01
201400044613,0,7,0,0.0,2.0,6.0,2.0,B01
201400044613,0,7,0,0.0,2.0,1.0,21.0,A01
201400044614,0,10,0,0.0,2.0,1.0,15.0,A01
201400044614,0,10,0,0.0,2.0,6.0,2.0,B01
201400044615,0,7,0,0.0,2.0,1.0,2.0,A01
201400044615,0,7,0,0.0,2.0,4.0,21.0,B01
201400044616,0,7,0,0.0,1.0,3.0,15.0,A01
201400044617,0,1,0,0.0,2.0,7.0,1.0,B01
201400044617,0,7,0,0.0,2.0,1.0,1.0,A01
201400044618,0,7,0,0.0,1.0,1.0,15.0,A01
201400044619,0,7,0,0.0,2.0,1.0,5.0,A01
201400044619,0,1,0,0.0,2.0,7.0,19.0,B01
201400044620,0,7,0,0.0,2.0,7.0,1.0,A01
201400044620,0,7,0,0.0,2.0,1.0,19.0,B01
201400044621,0,7,0,15.0,0.0,1.0,1.0,A01
201400044622,0,7,0,0.0,2.0,1.0,2.0,A01
201400044622,0,7,0,0.0,2.0,4.0,2.0,B01
201400044623,0,30,0,0.0,2.0,8.0,18.0,A01
201400044623,0,7,0,0.0,2.0,7.0,16.0,B01
201400044624,0,7,0,4.0,0.0,1.0,1.0,A01
201400044625,0,7,0,0.0,2.0,2.0,1.0,B01
201400044625,0,7,0,0.0,2.0,1.0,9.0,A01
201400044626,0,37,10,0.0,2.0,2.0,15.0,B01
201400044626,1,7,0,0.0,2.0,1.0,1.0,A01
201400044627,0,7,0,0.0,2.0,4.0,4.0,A01
201400044627,0,7,0,0.0,2.0,1.0,23.0,B01
201400044628,0,33,0,14.0,0.0,8.0,1.0,A01
201400044629,0,7,0,0.0,2.0,6.0,9.0,B01
201400044629,0,31,0,0.0,2.0,6.0,1.0,A01
201400044630,0,7,0,9.0,0.0,1.0,1.0,A01
201400044631,0,34,0,0.0,0.0,8.0,1.0,A01
201400044632,0,7,0,0.0,1.0,2.0,15.0,A01
201400044633,0,7,0,1.0,0.0,1.0,1.0,A01
201400044634,0,7,0,0.0,1.0,2.0,16.0,A01
201400044635,1,7,0,0.0,1.0,1.0,1.0,Z01
201400044636,0,7,0,0.0,2.0,1.0,9.0,A01
201400044636,0,1,0,0.0,2.0,7.0,1.0,B01
201400044637,0,33,0,0.0,2.0,1.0,2.0,A01
201400044637,0,33,0,0.0,2.0,6.0,2.0,B01
201400044638,0,10,0,1.0,0.0,1.0,13.0,A01
201400044639,0,31,0,14.0,2.0,1.0,17.0,A01
201400044639,0,7,0,0.0,2.0,6.0,1.0,B01
201400044640,0,7,0,4.0,0.0,9.0,13.0,B01
201400044640,0,7,0,0.0,0.0,0.0,13.0,A01
201400044640,1,15,0,0.0,0.0,0.0,11.0,Z01
201400044641,0,7,0,0.0,2.0,3.0,20.0,A01