Num_Acc,senc,catv,occutc,obs,obsm,choc,manv,num_veh
201400044641,0,32,0,0.0,2.0,7.0,1.0,B01
201400044642,0,7,0,0.0,2.0,8.0,1.0,B01
201400044642,0,10,0,0.0,2.0,1.0,16.0,A01
201400044643,0,10,0,0.0,2.0,5.0,1.0,B01
201400044643,0,1,0,0.0,2.0,1.0,2.0,A01
201400044644,0,7,0,10.0,0.0,3.0,1.0,A01
201400044645,0,7,0,0.0,2.0,3.0,18.0,B01
201400044645,0,7,0,0.0,2.0,5.0,12.0,A01
201400044646,0,33,0,0.0,1.0,1.0,1.0,A01
201400044647,0,33,0,0.0,2.0,8.0,15.0,B01
201400044647,0,34,0,0.0,2.0,1.0,17.0,A01
201400044648,0,7,0,0.0,1.0,1.0,1.0,A01
201400044649,0,7,0,1.0,2.0,2.0,17.0,A01
201400044649,0,7,0,0.0,2.0,6.0,1.0,B01
201400044650,0,2,0,0.0,2.0,6.0,11.0,A01
201400044650,0,7,0,0.0,2.0,2.0,2.0,B01
201400044651,0,10,0,0.0,1.0,3.0,15.0,A01
201400044652,0,30,0,0.0,2.0,1.0,5.0,A01
201400044652,0,15,0,0.0,2.0,3.0,1.0,B01
201400044653,1,7,0,0.0,1.0,1.0,1.0,A01
201400044654,1,7,0,0.0,1.0,1.0,5.0,A01
201400044655,0,3,0,0.0,1.0,2.0,2.0,A01
201400044656,0,7,0,0.0,2.0,4.0,1.0,B01
201400044656,0,7,0,0.0,2.0,1.0,2.0,A01
201400044657,2,7,0,0.0,1.0,3.0,1.0,A01
201400044658,0,7,0,0.0,2.0,3.0,9.0,A01
201400044658,0,1,0,0.0,2.0,4.0,15.0,B01
201400044659,0,7,0,0.0,2.0,3.0,9.0,A01
201400044659,0,31,0,0.0,2.0,1.0,1.0,B01
201400044660,0,7,0,0.0,2.0,8.0,16.0,B01
201400044660,0,1,0,0.0,2.0,1.0,1.0,A01
201400044661,0,7,0,0.0,2.0,1.0,1.0,A01
201400044661,0,7,0,0.0,2.0,2.0,1.0,B01
201400044662,0,7,0,0.0,2.0,7.0,1.0,B01
201400044662,0,7,0,0.0,2.0,1.0,1.0,A01
201400044663,0,10,0,0.0,2.0,1.0,2.0,A01
201400044663,0,7,0,0.0,2.0,4.0,1.0,B01
201400044664,0,1,0,0.0,2.0,1.0,1.0,B01
201400044664,0,7,0,0.0,2.0,3.0,15.0,A01
201400044665,0,7,0,0.0,2.0,7.0,15.0,A01
201400044665,0,30,0,0.0,2.0,1.0,2.0,B01
201400044666,0,33,0,0.0,0.0,1.0,1.0,A01
201400044667,0,7,0,0.0,2.0,3.0,10.0,A01
201400044667,0,37,1,0.0,2.0,2.0,1.0,B01
201400044668,0,7,0,0.0,2.0,1.0,2.0,A01
201400044668,0,1,0,0.0,2.0,4.0,2.0,B01
201400044669,0,32,0,0.0,2.0,1.0,1.0,A01
201400044669,0,7,0,0.0,2.0,3.0,9.0,B01
201400044670,0,7,0,0.0,2.0,7.0,1.0,B01
201400044670,0,7,0,0.0,2.0,1.0,1.0,A01
201400044671,0,7,0,0.0,2.0,1.0,1.0,A01
201400044671,0,10,0,0.0,2.0,7.0,1.0,B01
201400044672,0,31,0,0.0,2.0,1.0,1.0,B01
201400044672,0,7,0,0.0,2.0,2.0,10.0,A01
201400044673,0,7,0,0.0,2.0,1.0,10.0,A01
201400044673,0,33,0,0.0,2.0,8.0,1.0,B01
201400044674,0,7,0,0.0,2.0,1.0,2.0,A01
201400044674,0,7,0,0.0,2.0,4.0,1.0,B01
201400044675,0,17,0,0.0,2.0,2.0,1.0,B01
201400044675,0,7,0,0.0,2.0,8.0,9.0,A01
201400044676,0,7,0,0.0,1.0,2.0,1.0,A01
201400044677,0,10,0,0.0,2.0,3.0,15.0,A01
201400044677,0,2,0,0.0,2.0,7.0,1.0,B01
201400044678,0,7,0,0.0,2.0,3.0,1.0,B01
201400044678,0,7,0,0.0,2.0,2.0,1.0,A01
201400044679,0,7,0,0.0,1.0,1.0,1.0,A01
201400044680,0,7,0,0.0,2.0,1.0,2.0,A01
201400044680,0,7,0,0.0,2.0,4.0,2.0,B01
201400044681,0,7,0,0.0,2.0,1.0,13.0,A01
201400044681,0,7,0,0.0,2.0,1.0,1.0,B01
201400044682,0,30,0,0.0,2.0,7.0,17.0,A01
201400044682,0,7,0,0.0,2.0,3.0,15.0,B01
201400044683,0,7,0,0.0,2.0,4.0,23.0,B01
201400044683,0,7,0,0.0,2.0,1.0,2.0,A01
201400044684,0,33,0,0.0,2.0,1.0,1.0,A01
201400044684,0,7,0,0.0,2.0,6.0,9.0,B01
201400044685,0,7,0,0.0,2.0,3.0,9.0,A01
201400044685,0,2,0,0.0,2.0,1.0,3.0,B01
201400044686,0,7,0,0.0,1.0,1.0,1.0,A01
201400044687,0,7,0,0.0,2.0,4.0,23.0,B01
201400044687,0,7,0,0.0,2.0,1.0,2.0,A01
201400044688,0,14,0,0.0,2.0,2.0,12.0,A01
201400044688,0,7,0,0.0,2.0,3.0,1.0,B01
201400044689,0,7,0,9.0,0.0,1.0,16.0,A01
201400044690,1,32,0,0.0,1.0,2.0,13.0,A01
201400044691,0,37,40,0.0,2.0,1.0,1.0,B01
201400044691,0,7,0,0.0,2.0,8.0,9.0,A01
201400044692,0,34,0,0.0,0.0,8.0,16.0,A01
201400044693,0,7,0,0.0,2.0,1.0,1.0,B01
201400044693,0,7,0,0.0,2.0,8.0,1.0,A01
201400044694,0,7,0,0.0,2.0,6.0,5.0,C01
201400044694,0,7,0,0.0,2.0,6.0,5.0,B01
201400044694,0,7,0,15.0,2.0,1.0,1.0,A01
201400044695,0,7,0,0.0,1.0,3.0,1.0,A01
201400044696,0,7,0,0.0,1.0,3.0,1.0,A01
201400044697,0,32,0,0.0,2.0,8.0,1.0,A01
201400044697,0,7,0,0.0,2.0,2.0,20.0,B01
201400044698,0,10,0,0.0,2.0,8.0,1.0,B01
201400044698,0,38,3,0.0,2.0,1.0,6.0,A01
201400044699,0,10,0,4.0,0.0,1.0,13.0,A01
201400044700,0,33,0,0.0,1.0,2.0,2.0,A01
201400044701,0,7,0,0.0,2.0,1.0,2.0,A01
201400044701,0,1,0,0.0,2.0,4.0,1.0,B01
201400044702,0,33,0,0.0,2.0,1.0,1.0,A01
201400044702,0,10,0,0.0,2.0,3.0,15.0,B01
201400044703,0,7,0,9.0,2.0,8.0,17.0,A01
201400044703,0,7,0,0.0,2.0,1.0,9.0,B01
201400044704,0,7,0,0.0,2.0,8.0,11.0,A01
201400044704,0,33,0,0.0,2.0,1.0,3.0,B01
201400044705,0,7,0,0.0,2.0,9.0,1.0,B01
201400044705,0,7,0,0.0,2.0,9.0,9.0,A01
201400044705,0,7,0,0.0,2.0,1.0,1.0,C01
201400044706,0,7,0,12.0,0.0,1.0,1.0,A01
201400044707,0,7,0,0.0,1.0,1.0,1.0,A01
201400044708,0,7,0,4.0,0.0,1.0,1.0,A01
201400044709,0,7,0,0.0,2.0,4.0,1.0,B01
201400044709,0,7,0,0.0,2.0,1.0,1.0,A01
201400044710,0,33,0,0.0,0.0,8.0,1.0,A01
201400044711,0,2,0,0.0,2.0,1.0,9.0,A01
201400044711,0,7,0,0.0,2.0,2.0,2.0,B01
201400044712,0,7,0,0.0,2.0,8.0,2.0,B01
201400044712,0,2,0,0.0,2.0,1.0,17.0,A01
201400044713,0,7,0,0.0,2.0,1.0,1.0,B01
201400044713,0,7,0,0.0,2.0,1.0,9.0,A01
201400044714,0,10,0,0.0,2.0,1.0,9.0,A01
201400044714,0,10,0,0.0,2.0,7.0,2.0,B01
201400044715,0,10,0,0.0,2.0,7.0,1.0,A01
201400044715,0,7,0,0.0,2.0,1.0,1.0,B01
201400044716,0,7,0,0.0,2.0,1.0,1.0,A01
201400044716,0,2,0,0.0,2.0,7.0,19.0,B01
201400044717,0,7,0,0.0,2.0,1.0,2.0,A01
201400044717,0,7,0,0.0,2.0,4.0,1.0,B01
201400044718,0,7,0,0.0,2.0,1.0,2.0,B01
201400044718,0,1,0,0.0,2.0,7.0,2.0,A01
201400044719,0,37,10,0.0,0.0,0.0,21.0,B01
201400044719,0,7,0,2.0,0.0,1.0,1.0,A01
201400044720,1,7,0,0.0,2.0,1.0,1.0,A01
201400044720,0,34,0,12.0,2.0,8.0,1.0,B01
201400044721,0,10,0,0.0,2.0,1.0,15.0,A01
201400044721,0,33,0,0.0,2.0,1.0,1.0,B01
201400044722,0,7,0,4.0,0.0,1.0,1.0,A01
201400044723,0,7,0,0.0,2.0,3.0,16.0,B01
201400044723,0,33,0,0.0,2.0,1.0,2.0,A01
201400044724,0,37,2,0.0,2.0,8.0,9.0,A01
201400044724,0,1,0,0.0,2.0,6.0,1.0,B01
201400044725,0,7,0,0.0,2.0,3.0,9.0,A01
201400044725,0,33,0,0.0,2.0,7.0,1.0,B01
201400044726,0,7,0,9.0,0.0,1.0,1.0,A01
201400044727,0,7,0,13.0,0.0,1.0,1.0,A01
201400044728,0,7,0,0.0,1.0,2.0,1.0,A01
201400044729,0,7,0,0.0,1.0,2.0,2.0,A01
201400044730,0,7,0,0.0,2.0,4.0,2.0,C01
201400044730,0,7,0,0.0,2.0,4.0,2.0,B01
201400044730,2,7,0,0.0,2.0,1.0,2.0,A01
201400044731,0,7,0,0.0,2.0,6.0,2.0,B01
201400044731,0,2,0,0.0,2.0,1.0,2.0,A01
201400044732,0,34,0,0.0,2.0,4.0,23.0,B01
201400044732,0,7,0,0.0,2.0,1.0,2.0,A01
201400044733,0,7,0,0.0,2.0,2.0,15.0,A01
201400044733,1,7,0,0.0,2.0,8.0,1.0,B01
201400044734,0,33,0,0.0,0.0,7.0,1.0,B01
201400044734,1,7,0,0.0,0.0,0.0,17.0,A01
201400044735,0,7,0,0.0,2.0,7.0,1.0,A01
201400044735,0,7,0,0.0,2.0,1.0,1.0,B01
201400044736,0,40,0,0.0,1.0,1.0,2.0,A01
201400044737,0,7,0,10.0,0.0,1.0,1.0,A01
201400044738,0,10,0,0.0,2.0,3.0,11.0,A01
201400044738,0,2,0,0.0,2.0,2.0,1.0,B01
201400044739,0,33,0,0.0,2.0,8.0,1.0,B01
201400044739,1,7,0,0.0,2.0,7.0,12.0,A01
201400044740,0,2,0,1.0,0.0,7.0,1.0,A01
201400044741,0,10,0,0.0,2.0,8.0,23.0,B01
201400044741,0,33,0,12.0,2.0,3.0,2.0,A01
201400044742,0,7,0,0.0,2.0,2.0,1.0,A01
201400044742,0,32,0,0.0,2.0,5.0,1.0,B01
201400044743,0,37,2,0.0,2.0,6.0,1.0,B01
201400044743,0,1,0,0.0,2.0,1.0,1.0,A01
201400044744,0,7,0,0.0,2.0,2.0,1.0,A01
201400044744,0,30,0,0.0,2.0,3.0,15.0,B01
201400044745,0,33,0,0.0,2.0,2.0,1.0,B01
201400044745,0,7,0,0.0,2.0,6.0,11.0,A01
201400044746,0,14,0,0.0,2.0,2.0,15.0,A01
201400044746,0,2,0,0.0,2.0,8.0,1.0,B01
201400044747,0,7,0,11.0,0.0,3.0,1.0,A01
201400044748,0,7,0,0.0,2.0,4.0,16.0,C01
201400044748,0,7,0,0.0,2.0,6.0,13.0,B01
201400044748,0,10,0,0.0,2.0,2.0,2.0,A01
201400044749,0,1,0,1.0,2.0,4.0,11.0,A01
201400044749,0,7,0,0.0,2.0,7.0,11.0,B01
201400044750,0,2,0,0.0,1.0,3.0,1.0,A01
201400044751,0,7,0,0.0,1.0,2.0,1.0,A01
201400044752,0,7,0,0.0,2.0,6.0,2.0,B01
201400044752,0,33,0,0.0,2.0,1.0,2.0,A01
201400044753,0,2,0,0.0,0.0,8.0,1.0,A01
201400044754,0,1,0,0.0,0.0,2.0,2.0,B01
201400044754,0,1,0,0.0,0.0,6.0,2.0,A01
201400044755,0,13,0,0.0,2.0,2.0,2.0,B01
201400044755,0,7,0,0.0,0.0,3.0,15.0,A01
201400044756,0,32,0,0.0,2.0,3.0,1.0,B01
201400044756,0,7,0,0.0,2.0,2.0,14.0,A01
201400044757,0,7,0,0.0,2.0,3.0,2.0,A01
201400044757,0,7,0,0.0,2.0,1.0,2.0,B01
201400044758,0,7,0,0.0,1.0,2.0,1.0,A01
201400044759,0,7,0,0.0,1.0,1.0,1.0,A01
201400044760,0,20,0,0.0,2.0,4.0,4.0,B01
201400044760,0,15,0,0.0,2.0,7.0,5.0,A01
201400044761,0,1,0,0.0,0.0,4.0,2.0,B01
201400044761,1,7,0,0.0,2.0,1.0,1.0,A01
201400044762,0,1,0,0.0,0.0,0.0,1.0,B01
201400044762,0,7,0,1.0,0.0,8.0,0.0,A01
201400044763,0,7,0,0.0,2.0,8.0,15.0,B01
201400044763,0,30,0,0.0,2.0,1.0,17.0,A01
201400044764,0,7,0,0.0,1.0,1.0,1.0,A01
201400044765,0,34,0,0.0,0.0,7.0,1.0,A01
201400044766,0,7,0,0.0,0.0,8.0,10.0,A01
201400044766,0,7,0,0.0,2.0,1.0,1.0,B01
201400044767,0,31,0,0.0,1.0,1.0,1.0,A01
201400044768,0,7,0,0.0,1.0,1.0,1.0,A01
201400044769,0,10,0,0.0,0.0,2.0,9.0,A01
201400044769,0,7,0,0.0,0.0,0.0,1.0,B01
201400044770,0,33,0,0.0,0.0,0.0,1.0,A01
201400044771,0,34,0,0.0,1.0,1.0,16.0,A01
201400044772,0,7,0,0.0,2.0,8.0,1.0,B01
201400044772,0,34,0,0.0,2.0,1.0,12.0,A01
201400044773,0,7,0,0.0,1.0,3.0,1.0,A01
201400044774,0,7,0,0.0,0.0,0.0,15.0,B01
201400044774,0,33,0,0.0,2.0,1.0,13.0,A01
201400044774,0,7,0,0.0,2.0,1.0,0.0,C01
201400044775,0,7,0,0.0,1.0,4.0,4.0,A01
201400044776,1,7,0,0.0,2.0,3.0,13.0,A01
201400044776,0,33,0,0.0,2.0,2.0,17.0,B01
201400044777,0,33,0,0.0,1.0,1.0,1.0,A01
201400044778,0,7,0,4.0,0.0,1.0,2.0,A01
201400044779,0,10,0,6.0,0.0,1.0,1.0,A01
201400044780,0,14,0,0.0,2.0,1.0,2.0,A01
201400044780,0,7,0,0.0,0.0,4.0,2.0,B01
201400044781,0,7,0,0.0,2.0,2.0,1.0,A01
201400044781,0,7,0,0.0,2.0,3.0,1.0,B01
201400044782,0,7,0,0.0,2.0,1.0,19.0,A01
201400044782,0,7,0,0.0,2.0,1.0,1.0,B01
201400044783,0,7,0,4.0,0.0,9.0,1.0,A01
201400044784,0,7,0,0.0,1.0,1.0,0.0,A01
201400044785,0,7,0,3.0,0.0,1.0,0.0,A01
201400044786,0,7,0,0.0,2.0,3.0,15.0,B01
201400044786,0,33,0,0.0,2.0,2.0,3.0,A01
201400044787,0,7,0,15.0,2.0,6.0,1.0,A01
201400044787,1,7,0,0.0,2.0,0.0,0.0,Z01
201400044788,0,7,0,0.0,2.0,1.0,2.0,A01
201400044788,0,7,0,0.0,,4.0,2.0,B01
201400044789,0,7,0,0.0,2.0,1.0,0.0,B01
201400044789,0,7,0,0.0,2.0,3.0,0.0,A01
201400044790,1,7,0,0.0,1.0,2.0,0.0,A01
201400044791,0,7,0,0.0,0.0,6.0,2.0,B01
201400044791,0,7,0,0.0,2.0,2.0,2.0,A01
201400044792,0,32,0,0.0,0.0,7.0,12.0,B01
201400044792,0,7,0,0.0,2.0,3.0,9.0,A01
201400044793,0,7,0,0.0,0.0,8.0,0.0,B01
201400044793,0,7,0,0.0,0.0,1.0,0.0,A01
201400044794,0,7,0,0.0,0.0,6.0,0.0,B01
201400044794,0,7,0,1.0,0.0,2.0,2.0,A01
201400044795,0,7,0,0.0,2.0,4.0,2.0,B01
201400044795,0,7,0,0.0,2.0,1.0,2.0,A01
201400044795,0,7,0,0.0,0.0,4.0,23.0,C01
201400044796,0,7,0,0.0,2.0,3.0,5.0,A01
201400044796,0,7,0,0.0,2.0,1.0,1.0,B01
201400044797,0,30,0,0.0,2.0,1.0,1.0,A01
201400044797,0,7,0,0.0,2.0,2.0,1.0,B01
201400044798,0,7,0,0.0,1.0,1.0,0.0,A01
201400044799,0,7,0,0.0,2.0,3.0,15.0,A01
201400044799,0,32,0,0.0,2.0,8.0,1.0,B01
201400044800,0,34,0,0.0,2.0,1.0,13.0,A01
201400044800,0,7,0,0.0,2.0,3.0,16.0,B01
201400044801,0,32,0,0.0,0.0,8.0,1.0,A01
201400044802,1,7,0,0.0,0.0,0.0,1.0,Z01
201400044802,0,33,0,0.0,0.0,2.0,16.0,A01
201400044803,0,1,0,0.0,1.0,1.0,8.0,A01
201400044804,0,33,0,0.0,0.0,3.0,21.0,A01
201400044805,0,7,0,0.0,2.0,6.0,15.0,B01
201400044805,0,30,0,0.0,2.0,1.0,2.0,A01
201400044806,0,34,0,0.0,2.0,1.0,1.0,A01
201400044806,0,7,0,0.0,2.0,7.0,15.0,B01
201400044807,0,7,0,0.0,2.0,1.0,1.0,A01
201400044807,0,7,0,6.0,2.0,5.0,1.0,B01
201400044808,0,34,0,0.0,2.0,5.0,15.0,B01
201400044808,0,7,0,0.0,2.0,2.0,1.0,A01
201400044809,0,7,0,0.0,1.0,3.0,1.0,A01
201400044810,0,7,0,0.0,2.0,3.0,1.0,B01
201400044810,0,7,0,8.0,2.0,2.0,1.0,A01
201400044811,0,10,0,0.0,1.0,2.0,15.0,A01
201400044812,0,7,0,0.0,2.0,8.0,1.0,B01
201400044812,0,7,0,0.0,2.0,2.0,1.0,A01
201400044813,0,33,0,0.0,1.0,1.0,1.0,A01
201400044814,0,10,0,0.0,2.0,2.0,2.0,A01
201400044814,0,10,0,0.0,2.0,6.0,23.0,B01
201400044815,0,33,0,0.0,2.0,3.0,1.0,B01
201400044815,0,7,0,0.0,2.0,2.0,14.0,A01
201400044816,0,31,0,0.0,2.0,1.0,21.0,A01
201400044816,0,7,0,0.0,2.0,5.0,9.0,B01
201400044817,0,7,0,0.0,2.0,1.0,1.0,A01
201400044817,0,7,0,0.0,2.0,2.0,1.0,B01
201400044818,0,7,0,0.0,2.0,7.0,5.0,A01
201400044818,0,33,0,0.0,2.0,1.0,1.0,B02
201400044819,0,7,0,0.0,2.0,8.0,2.0,B01
201400044819,0,2,0,0.0,2.0,7.0,2.0,A01
201400044820,0,7,0,0.0,2.0,1.0,2.0,A01
201400044820,0,7,0,0.0,2.0,6.0,20.0,B01
201400044821,0,1,0,0.0,2.0,8.0,13.0,A01
201400044821,0,10,0,0.0,2.0,3.0,1.0,B01
201400044822,0,7,0,0.0,1.0,1.0,15.0,A01
201400044823,0,31,0,10.0,0.0,1.0,1.0,B01
201400044823,0,10,0,0.0,0.0,6.0,15.0,A01
201400044824,0,7,0,0.0,1.0,0.0,1.0,A01
201400044825,0,31,0,0.0,0.0,1.0,0.0,A01
201400044825,0,7,0,0.0,0.0,4.0,0.0,B01
201400044826,0,7,0,0.0,2.0,1.0,0.0,A01
201400044826,0,32,0,0.0,2.0,1.0,0.0,B01
201400044827,0,7,0,0.0,2.0,1.0,1.0,A01
201400044827,0,1,0,0.0,2.0,8.0,2.0,B01
201400044828,0,30,0,0.0,2.0,4.0,23.0,B01
201400044828,0,14,0,0.0,2.0,1.0,2.0,A01
201400044829,0,30,0,0.0,2.0,1.0,1.0,A01
201400044829,0,3,0,0.0,2.0,3.0,1.0,B01
201400044830,0,7,0,0.0,1.0,1.0,2.0,A01
201400044831,0,7,0,0.0,2.0,2.0,16.0,B01
201400044831,0,33,0,0.0,2.0,1.0,18.0,A01
201400044832,0,7,0,0.0,2.0,2.0,1.0,A01
201400044832,0,7,0,0.0,2.0,5.0,1.0,B01
201400044833,2,10,0,0.0,2.0,1.0,2.0,A01
201400044833,0,7,0,9.0,2.0,2.0,2.0,B01
201400044834,0,7,0,0.0,1.0,3.0,2.0,A01
201400044835,0,7,0,0.0,2.0,5.0,10.0,A01
201400044835,0,33,0,0.0,2.0,1.0,1.0,B01
201400044836,0,32,0,0.0,2.0,1.0,1.0,A01
201400044836,0,30,0,0.0,2.0,6.0,1.0,B01
201400044837,0,33,0,0.0,1.0,1.0,1.0,A01
201400044838,0,7,0,0.0,1.0,2.0,1.0,A01
201400044839,0,7,0,0.0,2.0,8.0,1.0,B01
201400044839,0,7,0,1.0,2.0,9.0,1.0,A01
201400044840,0,33,0,14.0,0.0,7.0,1.0,A01
201400044841,0,31,0,0.0,0.0,2.0,1.0,A01
201400044842,0,7,0,0.0,1.0,2.0,15.0,A01
201400044843,0,7,0,0.0,2.0,6.0,15.0,A01
201400044843,0,7,0,0.0,2.0,1.0,1.0,B01
201400044844,0,17,0,0.0,2.0,7.0,1.0,B01
201400044844,0,34,0,0.0,2.0,8.0,18.0,A01
201400044845,0,7,0,0.0,2.0,4.0,2.0,B01
201400044845,0,7,0,0.0,2.0,1.0,2.0,A01
201400044846,0,32,0,0.0,2.0,1.0,1.0,B01
201400044846,0,7,0,0.0,2.0,2.0,1.0,A01
201400044847,0,10,0,0.0,1.0,2.0,1.0,A01
201400044848,0,33,0,0.0,0.0,8.0,15.0,A01
201400044849,0,32,0,0.0,2.0,1.0,7.0,A01
201400044849,0,1,0,0.0,2.0,3.0,15.0,B01
201400044850,0,7,0,1.0,2.0,7.0,1.0,A01
201400044850,0,7,0,0.0,2.0,1.0,1.0,B01
201400044851,0,10,0,0.0,2.0,8.0,15.0,B01
201400044851,0,33,0,0.0,2.0,1.0,5.0,A01
201400044852,0,7,0,0.0,1.0,5.0,1.0,A01
201400044853,0,1,0,0.0,2.0,8.0,19.0,A01
201400044853,0,7,0,0.0,2.0,1.0,1.0,B01
201400044854,1,7,0,0.0,2.0,3.0,15.0,Z01
201400044854,0,1,0,0.0,2.0,1.0,8.0,B01
201400044855,1,2,0,8.0,0.0,1.0,6.0,Z01
201400044856,0,33,0,0.0,1.0,7.0,21.0,A01
201400044857,0,7,0,0.0,2.0,1.0,1.0,B01
201400044857,0,33,0,0.0,2.0,1.0,1.0,A01
201400044858,0,7,0,0.0,2.0,4.0,1.0,B01
201400044858,0,32,0,0.0,2.0,1.0,1.0,A01
201400044859,0,7,0,0.0,2.0,6.0,1.0,B01
201400044859,0,2,0,0.0,2.0,1.0,1.0,A01
201400044860,0,7,0,0.0,2.0,1.0,1.0,A01
201400044860,0,33,0,0.0,2.0,2.0,1.0,B01
201400044861,0,7,0,0.0,1.0,4.0,4.0,A01
201400044862,0,1,0,1.0,0.0,1.0,17.0,B01
201400044862,0,7,0,0.0,9.0,8.0,22.0,A01
201400044863,0,14,0,0.0,1.0,1.0,1.0,A01
201400044864,0,7,0,0.0,1.0,0.0,1.0,A01
201400044865,0,33,0,14.0,0.0,1.0,1.0,A01
201400044866,0,33,0,0.0,2.0,1.0,8.0,A01
201400044866,0,7,0,0.0,2.0,8.0,15.0,B01
201400044867,0,32,0,0.0,2.0,3.0,5.0,A01
201400044867,0,7,0,0.0,2.0,1.0,1.0,B01
201400044868,0,7,0,0.0,0.0,4.0,20.0,A01
201400044868,0,7,0,0.0,0.0,1.0,1.0,B01
201400044869,0,7,0,0.0,2.0,6.0,15.0,A01
201400044869,0,37,4,0.0,2.0,1.0,1.0,B01
201400044870,0,34,0,0.0,2.0,2.0,17.0,A01
201400044870,0,10,0,0.0,2.0,8.0,15.0,B01
201400044871,0,10,0,0.0,1.0,6.0,20.0,A01
201400044872,0,38,1,0.0,1.0,1.0,1.0,A01
201400044873,0,7,0,0.0,1.0,2.0,1.0,A01
201400044874,0,2,0,0.0,1.0,1.0,3.0,A01
201400044875,0,32,0,12.0,0.0,3.0,16.0,A01
201400044876,0,33,0,0.0,2.0,1.0,2.0,A01
201400044876,0,32,0,0.0,0.0,4.0,17.0,B01
201400044877,0,7,0,0.0,1.0,1.0,1.0,A01
201400044878,0,7,0,0.0,2.0,7.0,1.0,B01
201400044878,1,2,0,0.0,2.0,8.0,13.0,Z01
201400044879,0,7,0,0.0,2.0,3.0,1.0,B01
201400044879,0,2,0,0.0,2.0,1.0,15.0,A01
201400044880,0,33,0,0.0,2.0,7.0,1.0,B01
201400044880,0,7,0,0.0,2.0,8.0,15.0,A01
201400044881,0,7,0,0.0,2.0,3.0,1.0,B01
201400044881,0,10,0,0.0,2.0,3.0,13.0,A01
201400044882,0,32,0,0.0,2.0,2.0,3.0,B01
201400044882,0,7,0,0.0,2.0,6.0,17.0,A01
201400044883,0,7,0,0.0,2.0,2.0,15.0,A01
201400044883,0,33,0,0.0,2.0,1.0,1.0,B01
201400044884,0,33,0,0.0,2.0,0.0,0.0,B01
201400044884,0,10,0,0.0,2.0,0.0,2.0,A01
201400044885,0,7,0,0.0,9.0,1.0,15.0,B01
201400044885,0,1,0,0.0,2.0,1.0,5.0,A01
201400044886,0,7,0,0.0,1.0,3.0,2.0,A01
201400044887,0,7,0,0.0,1.0,6.0,2.0,A01
201400044888,0,37,0,0.0,1.0,1.0,1.0,A01
201400044889,0,7,0,0.0,2.0,3.0,16.0,B01
201400044889,0,32,0,0.0,2.0,2.0,16.0,A01
201400044890,0,2,0,1.0,0.0,1.0,1.0,A01
201400044891,0,7,0,0.0,0.0,1.0,1.0,A01
201400044891,0,7,0,0.0,0.0,4.0,2.0,B01
201400044892,0,7,0,0.0,0.0,1.0,0.0,A01
201400044892,0,7,0,0.0,0.0,8.0,0.0,B01
201400044893,0,7,0,0.0,1.0,1.0,1.0,A01
201400044894,0,7,0,0.0,0.0,7.0,11.0,A01
201400044894,0,7,0,0.0,0.0,0.0,23.0,C01
201400044894,0,7,0,0.0,0.0,8.0,23.0,B01
201400044895,0,10,0,0.0,0.0,7.0,0.0,B01
201400044895,0,32,0,0.0,0.0,8.0,0.0,A01
201400044896,0,37,1,0.0,1.0,2.0,1.0,A01
201400044897,0,7,0,0.0,1.0,1.0,1.0,A01
201400044898,0,7,0,0.0,1.0,2.0,20.0,A01
201400044899,0,7,0,15.0,0.0,9.0,1.0,A01
201400044900,0,33,0,0.0,0.0,8.0,2.0,B01
201400044900,0,30,0,0.0,0.0,7.0,1.0,A01
201400044900,0,7,0,0.0,0.0,6.0,24.0,D01
201400044900,0,7,0,0.0,0.0,6.0,24.0,C01
201400044901,0,7,0,0.0,0.0,6.0,24.0,B01
201400044901,0,7,0,0.0,0.0,2.0,2.0,A01
201400044902,0,7,0,0.0,2.0,1.0,0.0,B01
201400044902,0,7,0,0.0,2.0,4.0,10.0,A01
201400044903,0,1,0,0.0,2.0,8.0,16.0,B01
201400044903,1,10,0,0.0,2.0,7.0,16.0,Z01
201400044904,0,7,0,0.0,2.0,4.0,1.0,B01
201400044904,2,7,0,0.0,2.0,1.0,2.0,A01
201400044905,0,30,0,0.0,2.0,1.0,18.0,A01
201400044905,0,7,0,0.0,2.0,7.0,16.0,B01
201400044906,0,7,0,0.0,2.0,1.0,1.0,A01
201400044906,0,32,0,0.0,2.0,8.0,1.0,B01
201400044907,0,7,0,0.0,2.0,2.0,1.0,A01
201400044907,0,34,0,0.0,2.0,8.0,1.0,B01
201400044908,0,33,0,0.0,2.0,1.0,1.0,B01
201400044908,0,10,0,0.0,2.0,2.0,15.0,A01
201400044909,0,7,0,0.0,2.0,3.0,15.0,A01
201400044909,0,2,0,0.0,2.0,1.0,1.0,B01
201400044910,0,7,0,0.0,2.0,1.0,1.0,A01
201400044910,0,10,0,3.0,2.0,2.0,1.0,B01
201400044911,0,30,0,0.0,2.0,1.0,2.0,A01
201400044911,0,7,0,0.0,2.0,5.0,23.0,B01
201400044912,0,7,0,0.0,2.0,4.0,23.0,B01
201400044912,0,10,0,0.0,2.0,1.0,2.0,A01
201400044913,0,10,0,0.0,2.0,4.0,15.0,B01
201400044913,0,2,0,0.0,2.0,1.0,2.0,A01
201400044914,0,7,0,9.0,2.0,7.0,1.0,A01
201400044914,0,10,0,0.0,2.0,1.0,1.0,B01
201400044915,1,31,0,0.0,1.0,7.0,1.0,Z01