Num_Acc,senc,catv,occutc,obs,obsm,choc,manv,num_veh
201400045186,0,1,0,0.0,2.0,1.0,11.0,A01
201400045186,0,7,0,0.0,2.0,5.0,1.0,B01
201400045187,0,7,0,0.0,9.0,1.0,1.0,B01
201400045187,0,30,0,0.0,2.0,7.0,1.0,A01
201400045188,0,1,0,0.0,2.0,4.0,1.0,B01
201400045188,0,7,0,0.0,2.0,8.0,16.0,A01
201400045189,0,7,0,0.0,2.0,8.0,1.0,B01
201400045189,0,2,0,0.0,2.0,7.0,1.0,A01
201400045190,0,7,0,0.0,1.0,1.0,1.0,A01
201400045191,0,37,2,0.0,2.0,2.0,1.0,A01
201400045191,0,7,0,0.0,2.0,1.0,1.0,B01
201400045192,0,7,0,0.0,2.0,2.0,15.0,A01
201400045192,0,1,0,0.0,2.0,1.0,1.0,B01
201400045193,0,34,0,0.0,2.0,1.0,1.0,C01
201400045193,0,7,0,0.0,2.0,3.0,22.0,A01
201400045193,0,7,0,0.0,2.0,2.0,21.0,B01
201400045194,0,7,0,0.0,2.0,5.0,16.0,A01
201400045194,0,1,0,0.0,2.0,1.0,2.0,B01
201400045195,0,7,0,0.0,2.0,2.0,1.0,A01
201400045195,0,7,0,0.0,2.0,8.0,1.0,B01
201400045196,0,7,0,1.0,0.0,2.0,1.0,A01
201400045197,0,7,0,0.0,2.0,3.0,15.0,B01
201400045197,0,2,0,0.0,2.0,1.0,17.0,A01
201400045198,0,2,0,2.0,0.0,1.0,1.0,A01
201400045199,0,7,0,1.0,0.0,1.0,1.0,A01
201400045200,0,30,0,0.0,2.0,1.0,15.0,A01
201400045200,0,7,0,0.0,2.0,1.0,1.0,B01
201400045201,0,1,0,0.0,2.0,1.0,1.0,A01
201400045201,0,7,0,0.0,9.0,3.0,1.0,B01
201400045202,0,7,0,8.0,2.0,6.0,1.0,B01
201400045202,0,7,0,0.0,2.0,1.0,1.0,A01
201400045203,0,7,0,0.0,2.0,1.0,1.0,B01
201400045203,0,7,0,8.0,2.0,7.0,1.0,A01
201400045204,0,7,0,0.0,2.0,6.0,1.0,A01
201400045204,0,7,0,6.0,2.0,6.0,1.0,B01
201400045205,0,7,0,0.0,2.0,2.0,1.0,B01
201400045205,0,7,0,0.0,2.0,2.0,15.0,A01
201400045206,0,7,0,0.0,2.0,3.0,1.0,B01
201400045206,0,7,0,0.0,2.0,2.0,1.0,A01
201400045207,0,7,0,0.0,2.0,0.0,21.0,A01
201400045207,0,7,0,0.0,0.0,6.0,0.0,B01
201400045208,0,7,0,0.0,1.0,4.0,4.0,A01
201400045209,0,7,0,0.0,2.0,6.0,15.0,B01
201400045209,0,33,0,0.0,2.0,3.0,1.0,A01
201400045210,0,7,0,0.0,2.0,4.0,2.0,B01
201400045210,0,7,0,0.0,2.0,1.0,2.0,C01
201400045210,0,7,0,0.0,2.0,4.0,2.0,A01
201400045211,0,10,0,0.0,1.0,0.0,15.0,A01
201400045212,0,7,0,0.0,2.0,1.0,1.0,B01
201400045212,0,33,0,0.0,2.0,5.0,1.0,A01
201400045213,0,31,0,0.0,2.0,7.0,1.0,A01
201400045213,0,7,0,0.0,2.0,0.0,1.0,B01
201400045214,0,7,0,0.0,1.0,1.0,1.0,A01
201400045215,0,7,0,0.0,1.0,1.0,1.0,A01
201400045216,0,99,0,0.0,2.0,3.0,10.0,A01
201400045216,0,33,0,0.0,2.0,2.0,1.0,B01
201400045217,0,34,0,0.0,2.0,1.0,1.0,B01
201400045217,0,7,0,0.0,2.0,2.0,1.0,A01
201400045218,0,7,0,0.0,2.0,2.0,1.0,A01
201400045218,0,32,0,0.0,2.0,7.0,1.0,B01
201400045219,0,33,0,8.0,2.0,6.0,1.0,B01
201400045219,0,7,0,0.0,2.0,1.0,1.0,A01
201400045220,0,7,0,0.0,2.0,1.0,2.0,A01
201400045220,0,7,0,0.0,0.0,6.0,23.0,C01
201400045220,0,7,0,0.0,2.0,0.0,0.0,B01
201400045221,0,7,0,8.0,2.0,1.0,1.0,A01
201400045221,0,7,0,1.0,2.0,8.0,9.0,B01
201400045222,0,7,0,0.0,2.0,2.0,15.0,A01
201400045222,0,34,0,0.0,2.0,1.0,1.0,B01
201400045223,0,3,0,0.0,1.0,1.0,1.0,A01
201400045224,0,7,0,0.0,2.0,8.0,1.0,B01
201400045224,0,7,0,0.0,2.0,0.0,1.0,A01
201400045225,0,7,0,0.0,1.0,1.0,15.0,A01
201400045226,0,7,0,0.0,1.0,2.0,1.0,A01
201400045227,0,7,0,0.0,2.0,3.0,1.0,B01
201400045227,0,7,0,0.0,2.0,2.0,1.0,A01
201400045228,0,7,0,0.0,1.0,0.0,1.0,A01
201400045229,0,2,0,0.0,2.0,8.0,0.0,B01
201400045229,0,7,0,0.0,2.0,2.0,12.0,A01
201400045230,0,30,0,0.0,1.0,1.0,1.0,A01
201400045231,0,7,0,8.0,2.0,1.0,1.0,B01
201400045231,0,7,0,0.0,2.0,6.0,1.0,C01
201400045231,0,7,0,0.0,2.0,1.0,1.0,A01
201400045232,0,33,0,0.0,2.0,3.0,1.0,B01
201400045232,0,7,0,0.0,2.0,1.0,15.0,A01
201400045233,0,7,0,0.0,2.0,2.0,15.0,A01
201400045233,0,2,0,0.0,2.0,1.0,1.0,B01
201400045234,0,34,0,0.0,2.0,1.0,1.0,A01
201400045234,0,7,0,0.0,2.0,3.0,19.0,B01
201400045235,0,7,0,0.0,2.0,1.0,0.0,A01
201400045235,0,7,0,0.0,2.0,1.0,0.0,B01
201400045236,0,37,2,0.0,2.0,6.0,23.0,C01
201400045236,0,32,0,0.0,2.0,1.0,1.0,A01
201400045236,0,7,0,0.0,2.0,4.0,1.0,B01
201400045237,0,7,0,0.0,2.0,1.0,1.0,A01
201400045237,0,7,0,0.0,2.0,8.0,1.0,B01
201400045238,2,7,0,1.0,2.0,1.0,1.0,A01
201400045238,0,7,0,0.0,2.0,8.0,15.0,B01
201400045239,2,7,0,0.0,2.0,1.0,1.0,B01
201400045239,0,7,0,0.0,2.0,1.0,15.0,A01
201400045240,0,7,0,8.0,2.0,5.0,1.0,B01
201400045240,0,7,0,0.0,2.0,1.0,1.0,A01
201400045241,1,30,0,0.0,2.0,1.0,1.0,A01
201400045241,0,7,0,0.0,2.0,4.0,4.0,B01
201400045242,0,7,0,0.0,2.0,3.0,1.0,B01
201400045242,1,7,0,0.0,2.0,5.0,9.0,A01
201400045243,0,7,0,0.0,2.0,8.0,22.0,A01
201400045243,0,1,0,0.0,2.0,1.0,1.0,B01
201400045244,1,7,0,0.0,1.0,1.0,15.0,A01
201400045245,0,1,0,0.0,2.0,3.0,1.0,B01
201400045245,0,15,0,0.0,2.0,7.0,17.0,A01
201400045246,0,31,0,0.0,2.0,1.0,12.0,B01
201400045246,0,33,0,0.0,2.0,1.0,17.0,A01
201400045247,2,33,0,1.0,0.0,1.0,1.0,A01
201400045248,0,7,0,0.0,2.0,8.0,15.0,C01
201400045248,0,7,0,0.0,2.0,3.0,2.0,B01
201400045248,0,33,0,1.0,2.0,9.0,1.0,A01
201400045249,0,7,0,0.0,2.0,1.0,1.0,B01
201400045249,0,33,0,0.0,2.0,5.0,15.0,A01
201400045250,0,7,0,1.0,0.0,1.0,1.0,A01
201400045251,0,7,0,1.0,0.0,2.0,2.0,A01
201400045252,0,7,0,14.0,0.0,1.0,1.0,A01
201400045253,0,7,0,9.0,1.0,1.0,12.0,A01
201400045254,0,31,0,0.0,2.0,1.0,1.0,A01
201400045254,0,33,0,0.0,2.0,4.0,1.0,B01
201400045255,0,38,0,0.0,1.0,1.0,1.0,A01
201400045256,1,7,0,0.0,1.0,0.0,1.0,Z01
201400045257,1,7,0,0.0,1.0,1.0,1.0,A01
201400045258,0,7,0,0.0,2.0,1.0,1.0,A01
201400045258,0,7,0,0.0,2.0,8.0,0.0,B01
201400045259,0,7,0,0.0,2.0,3.0,0.0,B01
201400045259,0,7,0,0.0,2.0,1.0,1.0,A01
201400045260,1,7,0,0.0,1.0,0.0,1.0,Z01
201400045261,1,7,0,0.0,2.0,1.0,1.0,Z01
201400045261,0,7,0,0.0,2.0,6.0,15.0,A01
201400045262,0,7,0,0.0,2.0,2.0,1.0,B01
201400045262,0,7,0,0.0,2.0,1.0,1.0,A01
201400045263,0,7,0,0.0,2.0,3.0,0.0,B01
201400045263,0,7,0,0.0,2.0,1.0,0.0,A01
201400045264,0,2,0,0.0,0.0,7.0,1.0,A01
201400045265,0,33,0,0.0,0.0,8.0,1.0,A01
201400045266,0,32,0,0.0,2.0,2.0,1.0,B01
201400045266,0,7,0,0.0,2.0,2.0,15.0,A01
201400045267,1,30,0,0.0,1.0,0.0,0.0,Z01
201400045268,0,7,0,0.0,2.0,1.0,1.0,A01
201400045268,0,7,0,2.0,2.0,4.0,1.0,B01
201400045269,0,7,0,15.0,0.0,1.0,1.0,A01
201400045270,0,7,0,0.0,2.0,3.0,15.0,B01
201400045270,0,34,0,0.0,2.0,1.0,2.0,A01
201400045271,0,7,0,0.0,1.0,3.0,1.0,A01
201400045272,0,7,0,0.0,1.0,1.0,1.0,A01
201400045273,0,7,0,0.0,2.0,4.0,23.0,C01
201400045273,0,7,0,0.0,2.0,1.0,2.0,A01
201400045273,0,7,0,0.0,2.0,9.0,2.0,B01
201400045274,0,7,0,1.0,0.0,1.0,1.0,A01
201400045275,0,7,0,0.0,2.0,5.0,1.0,B01
201400045275,0,32,0,0.0,2.0,2.0,2.0,A01
201400045276,0,7,0,0.0,2.0,1.0,1.0,A01
201400045276,0,7,0,0.0,2.0,3.0,15.0,B01
201400045277,1,7,0,0.0,2.0,1.0,1.0,Z01
201400045277,0,7,0,0.0,2.0,7.0,1.0,C01
201400045277,0,7,0,0.0,2.0,3.0,16.0,B01
201400045278,0,7,0,0.0,2.0,7.0,1.0,A01
201400045278,0,7,0,0.0,2.0,1.0,1.0,B01
201400045279,0,7,0,0.0,2.0,1.0,2.0,A01
201400045279,0,7,0,0.0,2.0,4.0,1.0,B01
201400045280,0,30,0,0.0,0.0,1.0,1.0,A01
201400045281,0,7,0,8.0,0.0,1.0,1.0,A01
201400045282,0,7,0,0.0,1.0,1.0,15.0,A01
201400045283,0,20,0,0.0,2.0,3.0,15.0,B01
201400045283,0,30,0,0.0,2.0,1.0,17.0,A01
201400045284,0,34,0,0.0,2.0,3.0,1.0,A01
201400045284,0,7,0,0.0,2.0,1.0,1.0,B01
201400045285,0,7,0,0.0,2.0,1.0,13.0,A01
201400045285,0,7,0,0.0,2.0,1.0,1.0,B01
201400045286,0,7,0,0.0,2.0,3.0,17.0,A01
201400045286,0,7,0,0.0,2.0,3.0,1.0,C01
201400045286,0,7,0,0.0,2.0,4.0,1.0,B01
201400045287,0,33,0,1.0,0.0,2.0,1.0,A01
201400045288,0,7,0,0.0,2.0,1.0,5.0,C01
201400045288,0,7,0,0.0,2.0,4.0,2.0,B01
201400045288,0,7,0,0.0,2.0,1.0,1.0,A01
201400045289,0,7,0,1.0,0.0,2.0,14.0,A01
201400045290,0,7,0,0.0,1.0,1.0,1.0,A01
201400045291,0,10,0,0.0,1.0,3.0,5.0,A01
201400045292,0,7,0,0.0,2.0,1.0,1.0,B01
201400045292,0,7,0,0.0,2.0,8.0,15.0,A01
201400045293,0,7,0,0.0,2.0,3.0,2.0,A01
201400045293,0,33,0,0.0,2.0,5.0,23.0,B01
201400045294,0,7,0,0.0,1.0,3.0,1.0,A01
201400045295,0,33,0,11.0,0.0,1.0,1.0,A01
201400045296,2,7,0,0.0,2.0,1.0,17.0,A01
201400045296,0,7,0,0.0,2.0,1.0,1.0,B01
201400045297,0,7,0,0.0,1.0,2.0,1.0,A01
201400045298,1,7,0,0.0,1.0,1.0,17.0,Z01
201400045299,0,1,0,0.0,2.0,1.0,1.0,A01
201400045299,0,10,0,0.0,2.0,3.0,15.0,B01
201400045300,0,31,0,0.0,0.0,8.0,1.0,A01
201400045300,1,7,0,0.0,0.0,0.0,12.0,Z01
201400045301,2,7,0,0.0,2.0,1.0,2.0,A01
201400045301,0,7,0,0.0,2.0,9.0,23.0,B01
201400045301,0,7,0,0.0,2.0,4.0,23.0,C01
201400045302,0,7,0,0.0,2.0,4.0,1.0,B01
201400045302,0,7,0,0.0,2.0,1.0,1.0,A01
201400045303,0,7,0,0.0,2.0,1.0,2.0,A01
201400045303,0,30,0,0.0,2.0,4.0,2.0,B01
201400045304,0,7,0,0.0,1.0,3.0,1.0,A01
201400045305,0,7,0,0.0,2.0,9.0,2.0,B01
201400045305,0,7,0,0.0,2.0,1.0,2.0,A01
201400045305,0,7,0,0.0,2.0,4.0,2.0,C01
201400045306,1,7,0,0.0,1.0,1.0,1.0,Z01
201400045307,1,7,0,0.0,1.0,7.0,1.0,Z01
201400045308,0,31,0,0.0,2.0,1.0,2.0,A01
201400045308,0,7,0,0.0,2.0,6.0,20.0,B01
201400045309,0,7,0,0.0,2.0,1.0,1.0,A01
201400045309,0,7,0,0.0,2.0,4.0,1.0,B01
201400045310,0,13,0,0.0,2.0,2.0,2.0,A01
201400045310,0,33,0,0.0,2.0,4.0,1.0,B01
201400045311,0,30,0,0.0,2.0,1.0,15.0,A01
201400045311,0,7,0,0.0,2.0,3.0,1.0,B01
201400045312,0,7,0,9.0,0.0,1.0,1.0,A01
201400045313,0,7,0,12.0,0.0,9.0,1.0,A01
201400045314,0,7,0,0.0,2.0,3.0,1.0,A01
201400045314,0,7,0,0.0,2.0,3.0,15.0,B01
201400045315,0,7,0,1.0,2.0,4.0,1.0,B01
201400045315,0,7,0,0.0,2.0,1.0,2.0,A01
201400045316,0,7,0,0.0,2.0,1.0,1.0,B01
201400045316,2,7,0,0.0,2.0,1.0,13.0,A01
201400045317,0,33,0,0.0,2.0,2.0,2.0,A01
201400045317,0,7,0,0.0,2.0,5.0,1.0,B01
201400045318,0,7,0,0.0,2.0,3.0,1.0,A01
201400045318,0,7,0,0.0,2.0,1.0,1.0,B01
201400045319,0,33,0,0.0,2.0,8.0,21.0,A01
201400045320,0,37,50,0.0,2.0,7.0,1.0,B01
201400045320,1,10,0,0.0,2.0,4.0,4.0,Z01
201400045321,1,7,0,0.0,1.0,1.0,13.0,Z01
201400045322,0,7,0,0.0,2.0,1.0,2.0,B01
201400045322,0,7,0,0.0,2.0,4.0,4.0,A01
201400045323,0,7,0,0.0,2.0,1.0,2.0,A01
201400045323,0,7,0,0.0,2.0,4.0,2.0,B01
201400045323,0,10,0,0.0,2.0,7.0,23.0,C01
201400045324,0,10,0,0.0,2.0,1.0,2.0,A01
201400045324,0,7,0,0.0,2.0,4.0,1.0,B01
201400045325,0,33,0,0.0,1.0,1.0,1.0,A01
201400045326,0,7,0,0.0,1.0,4.0,4.0,A01
201400045327,0,7,0,14.0,2.0,1.0,2.0,A01
201400045327,0,14,0,0.0,2.0,4.0,23.0,B01
201400045328,1,7,0,0.0,2.0,1.0,2.0,Z01
201400045328,0,7,0,0.0,2.0,4.0,23.0,A01
201400045329,0,7,0,0.0,2.0,1.0,2.0,A01
201400045329,0,7,0,0.0,2.0,4.0,23.0,B01
201400045330,0,7,0,0.0,1.0,5.0,4.0,A01
201400045331,0,32,0,12.0,0.0,7.0,1.0,A01
201400045332,0,7,0,0.0,2.0,4.0,1.0,B01
201400045332,1,7,0,0.0,2.0,1.0,2.0,Z01
201400045333,0,7,0,0.0,2.0,2.0,15.0,A01
201400045333,0,7,0,0.0,2.0,3.0,1.0,B02
201400045334,0,7,0,0.0,2.0,1.0,2.0,A01
201400045334,0,7,0,0.0,2.0,4.0,23.0,B01
201400045334,0,7,0,0.0,2.0,3.0,23.0,C01
201400045335,0,10,0,0.0,1.0,1.0,20.0,A01
201400045336,0,7,0,0.0,2.0,1.0,2.0,A01
201400045336,0,7,0,0.0,2.0,4.0,1.0,B01
201400045337,0,30,0,12.0,0.0,1.0,1.0,A01
201400045338,0,7,0,0.0,2.0,4.0,2.0,B01
201400045338,0,7,0,0.0,2.0,1.0,2.0,A01
201400045339,0,30,0,0.0,0.0,1.0,18.0,A01
201400045340,0,7,0,0.0,2.0,1.0,2.0,A01
201400045340,0,7,0,0.0,2.0,4.0,23.0,B02
201400045341,0,7,0,0.0,2.0,5.0,4.0,A01
201400045341,0,7,0,0.0,2.0,1.0,1.0,B01
201400045342,0,7,0,0.0,1.0,7.0,1.0,A01
201400045343,2,7,0,1.0,2.0,3.0,21.0,A01
201400045343,0,7,0,0.0,2.0,3.0,1.0,B01
201400045344,0,33,0,0.0,2.0,1.0,1.0,A01
201400045344,0,7,0,0.0,2.0,3.0,15.0,B01
201400045345,0,7,0,0.0,2.0,4.0,23.0,A01
201400045345,0,7,0,0.0,2.0,1.0,2.0,B01
201400045346,0,7,0,0.0,1.0,1.0,15.0,A01
201400045347,0,31,0,0.0,0.0,8.0,1.0,A01
201400045348,0,7,0,0.0,2.0,1.0,2.0,A01
201400045348,0,7,0,0.0,2.0,4.0,1.0,B01
201400045349,0,7,0,0.0,2.0,6.0,23.0,C01
201400045349,0,33,0,0.0,2.0,9.0,21.0,B01
201400045349,0,7,0,0.0,2.0,7.0,22.0,A01
201400045350,0,7,0,0.0,2.0,6.0,2.0,B01
201400045350,0,30,0,0.0,2.0,1.0,2.0,A01
201400045351,0,10,0,0.0,2.0,2.0,2.0,A01
201400045351,0,7,0,8.0,2.0,4.0,1.0,B01
201400045352,0,1,0,0.0,2.0,1.0,19.0,A01
201400045352,0,7,0,0.0,2.0,1.0,1.0,B01
201400045353,0,7,0,0.0,2.0,4.0,23.0,B01
201400045353,0,7,0,0.0,2.0,1.0,2.0,A01
201400045354,0,7,0,0.0,2.0,4.0,4.0,A01
201400045354,0,1,0,0.0,2.0,1.0,1.0,B02
201400045355,0,7,0,0.0,2.0,4.0,23.0,D01
201400045355,0,7,0,0.0,2.0,9.0,2.0,B01
201400045355,0,10,0,0.0,2.0,1.0,2.0,A01
201400045355,0,10,0,0.0,2.0,9.0,23.0,C01
201400045356,1,7,0,0.0,2.0,1.0,1.0,A01
201400045356,0,7,0,0.0,2.0,6.0,1.0,B01
201400045357,0,7,0,8.0,2.0,8.0,15.0,A01
201400045357,0,33,0,0.0,2.0,2.0,1.0,B01
201400045358,0,7,0,0.0,2.0,9.0,23.0,B01
201400045358,0,7,0,0.0,2.0,4.0,23.0,C01
201400045358,0,7,0,0.0,2.0,1.0,2.0,A01
201400045359,0,7,0,0.0,2.0,2.0,1.0,A01
201400045359,0,7,0,0.0,2.0,8.0,1.0,B01
201400045360,0,7,0,0.0,2.0,1.0,1.0,A01
201400045360,0,10,0,0.0,2.0,4.0,23.0,B01
201400045361,0,7,0,0.0,1.0,8.0,1.0,A01
201400045362,0,31,0,0.0,2.0,1.0,1.0,A01
201400045362,0,7,0,0.0,2.0,1.0,1.0,B01
201400045363,0,7,0,0.0,2.0,1.0,2.0,B01
201400045363,0,7,0,0.0,2.0,4.0,1.0,A01
201400045364,0,10,0,0.0,1.0,4.0,4.0,A01
201400045365,0,7,0,0.0,2.0,7.0,10.0,A01
201400045365,0,33,0,0.0,2.0,1.0,1.0,B01
201400045366,0,7,0,0.0,2.0,4.0,23.0,A01
201400045366,1,7,0,0.0,2.0,1.0,2.0,Z01
201400045367,0,2,0,0.0,2.0,7.0,16.0,A01
201400045367,0,33,0,0.0,2.0,8.0,1.0,B01
201400045368,0,7,0,0.0,1.0,0.0,0.0,A01
201400045369,0,7,0,9.0,0.0,2.0,0.0,A01
201400045370,0,34,0,0.0,1.0,1.0,1.0,A01
201400045371,0,7,0,0.0,0.0,0.0,0.0,B01
201400045371,0,7,0,0.0,0.0,0.0,0.0,A01
201400045372,0,7,0,0.0,1.0,2.0,1.0,A01
201400045373,0,7,0,0.0,2.0,1.0,1.0,A01
201400045373,0,7,0,0.0,2.0,1.0,1.0,B01
201400045374,0,33,0,0.0,2.0,7.0,3.0,A01
201400045374,0,7,0,0.0,2.0,1.0,9.0,B01
201400045375,1,10,0,0.0,2.0,1.0,13.0,Z01
201400045375,0,10,0,0.0,2.0,8.0,1.0,B01
201400045376,0,7,0,0.0,2.0,5.0,23.0,B01
201400045376,0,10,0,0.0,2.0,1.0,2.0,A01
201400045377,0,31,0,12.0,0.0,1.0,1.0,A01
201400045378,0,7,0,0.0,2.0,9.0,23.0,C01
201400045378,0,7,0,0.0,2.0,4.0,23.0,D01
201400045378,0,7,0,0.0,2.0,9.0,23.0,B01
201400045378,0,13,0,0.0,2.0,1.0,2.0,A01
201400045379,0,7,0,0.0,2.0,6.0,1.0,B01
201400045379,0,7,0,0.0,2.0,3.0,1.0,C01
201400045379,0,7,0,0.0,2.0,1.0,1.0,A01
201400045380,0,7,0,14.0,0.0,1.0,1.0,A01
201400045381,0,7,0,0.0,2.0,1.0,1.0,A01
201400045381,0,7,0,0.0,2.0,3.0,9.0,B01
201400045382,0,7,0,0.0,9.0,6.0,1.0,B01
201400045382,0,1,0,0.0,2.0,2.0,15.0,A01
201400045383,0,7,0,14.0,0.0,3.0,1.0,A01
201400045384,0,33,0,0.0,1.0,1.0,1.0,A01
201400045385,0,10,0,0.0,0.0,7.0,0.0,A01
201400045385,0,37,0,0.0,2.0,1.0,0.0,B01
201400045386,0,7,0,0.0,1.0,1.0,0.0,A01
201400045387,0,7,0,0.0,0.0,8.0,0.0,B01
201400045387,0,7,0,0.0,0.0,2.0,10.0,A01
201400045388,0,7,0,0.0,2.0,2.0,2.0,A01
201400045388,0,1,0,0.0,0.0,4.0,2.0,B01
201400045389,0,33,0,0.0,2.0,1.0,1.0,A01
201400045389,0,7,0,0.0,2.0,3.0,10.0,B01
201400045390,0,30,0,0.0,2.0,1.0,1.0,A01
201400045390,0,7,0,0.0,9.0,3.0,1.0,B01
201400045391,0,15,0,0.0,2.0,6.0,23.0,B01
201400045391,0,7,0,0.0,2.0,1.0,2.0,A01
201400045392,0,2,0,0.0,2.0,1.0,15.0,A01
201400045392,0,7,0,0.0,2.0,3.0,15.0,B01
201400045393,0,10,0,0.0,0.0,1.0,2.0,A01
201400045394,0,7,0,0.0,1.0,0.0,0.0,A01
201400045395,0,7,0,0.0,1.0,2.0,16.0,A01
201400045396,0,33,0,0.0,1.0,8.0,3.0,A01
201400045397,0,10,0,0.0,2.0,4.0,23.0,B01
201400045397,0,14,0,0.0,2.0,1.0,2.0,A01
201400045398,0,7,0,0.0,2.0,9.0,19.0,A01
201400045398,0,7,0,0.0,2.0,1.0,2.0,D01
201400045398,0,37,1,0.0,2.0,3.0,23.0,B01
201400045398,0,7,0,0.0,2.0,9.0,1.0,C01
201400045399,0,7,0,0.0,1.0,2.0,1.0,A01
201400045400,0,3,0,0.0,0.0,1.0,0.0,A01
201400045400,0,37,0,0.0,0.0,8.0,1.0,B01
201400045401,0,7,0,1.0,2.0,2.0,10.0,A01
201400045401,0,33,0,0.0,2.0,8.0,1.0,B01
201400045402,0,7,0,0.0,2.0,3.0,2.0,A01
201400045402,0,7,0,0.0,2.0,5.0,2.0,B01
201400045403,0,7,0,0.0,2.0,2.0,1.0,A01
201400045403,0,7,0,0.0,2.0,3.0,1.0,B01
201400045404,0,7,0,0.0,1.0,3.0,15.0,A01
201400045405,0,2,0,0.0,2.0,1.0,18.0,A01
201400045405,0,7,0,0.0,2.0,4.0,20.0,B01
201400045406,0,32,0,0.0,2.0,5.0,3.0,B01
201400045406,1,10,0,0.0,2.0,2.0,12.0,A01
201400045407,0,1,0,0.0,2.0,1.0,21.0,B01
201400045407,0,7,0,0.0,2.0,3.0,20.0,A01
201400045408,0,7,0,0.0,1.0,2.0,1.0,A01
201400045409,0,7,0,0.0,2.0,7.0,22.0,A01
201400045409,0,1,0,1.0,2.0,1.0,1.0,B01
201400045410,0,37,2,0.0,1.0,1.0,1.0,A01
201400045411,0,13,0,0.0,2.0,3.0,1.0,B01
201400045411,0,30,0,0.0,2.0,6.0,19.0,A01
201400045412,0,1,0,0.0,1.0,1.0,1.0,A01
201400045413,0,7,0,0.0,1.0,4.0,4.0,A01
201400045414,0,33,0,0.0,2.0,1.0,2.0,A01
201400045414,0,30,0,0.0,2.0,4.0,2.0,B01
201400045415,0,7,0,0.0,2.0,1.0,2.0,A01
201400045415,0,7,0,0.0,2.0,4.0,1.0,B01
201400045416,0,7,0,0.0,1.0,6.0,20.0,A01
201400045417,0,14,0,0.0,2.0,2.0,16.0,A01
201400045417,0,33,0,0.0,2.0,1.0,18.0,B01
201400045418,0,10,0,0.0,1.0,5.0,2.0,A01
201400045419,0,30,0,0.0,2.0,7.0,1.0,A01
201400045419,0,20,0,0.0,2.0,1.0,1.0,B01
201400045420,0,30,0,0.0,2.0,3.0,1.0,A01
201400045420,0,7,0,0.0,2.0,7.0,16.0,B01
201400045421,0,30,0,0.0,1.0,2.0,1.0,A01
201400045422,0,7,0,0.0,2.0,2.0,1.0,A01
201400045422,0,34,0,0.0,2.0,4.0,23.0,B01
201400045423,0,1,0,0.0,2.0,8.0,19.0,B02
201400045423,0,7,0,0.0,2.0,1.0,1.0,A01
201400045424,0,30,0,1.0,0.0,2.0,1.0,A01
201400045425,0,7,0,0.0,2.0,1.0,2.0,A01
201400045425,0,7,0,0.0,2.0,4.0,2.0,B01
201400045425,0,7,0,0.0,2.0,4.0,23.0,C01
201400045426,0,7,0,1.0,0.0,1.0,1.0,A01
201400045427,2,7,0,0.0,2.0,1.0,2.0,A01
201400045427,0,7,0,0.0,2.0,4.0,1.0,B01
201400045428,0,7,0,0.0,2.0,2.0,16.0,A01
201400045428,0,30,0,0.0,2.0,1.0,18.0,B01
201400045429,0,7,0,0.0,1.0,2.0,1.0,A01
201400045430,0,7,0,0.0,2.0,6.0,23.0,B01
201400045430,0,33,0,0.0,2.0,2.0,2.0,A01
201400045431,0,1,0,0.0,2.0,1.0,9.0,A01
201400045431,0,7,0,0.0,2.0,1.0,1.0,B01
201400045432,0,7,0,0.0,2.0,7.0,15.0,A01
201400045432,0,2,0,0.0,2.0,1.0,1.0,B01
201400045433,0,32,0,0.0,2.0,1.0,13.0,A01
201400045433,0,1,0,0.0,2.0,1.0,1.0,B01
201400045434,0,7,0,0.0,1.0,1.0,1.0,A01
201400045435,1,7,0,0.0,1.0,1.0,1.0,A01
201400045436,0,7,0,0.0,2.0,8.0,22.0,A01
201400045436,0,1,0,1.0,2.0,1.0,1.0,B01
201400045437,0,1,0,0.0,2.0,1.0,1.0,B01
201400045437,0,7,0,0.0,2.0,8.0,22.0,A01
201400045438,1,7,0,0.0,1.0,2.0,1.0,Z01
201400045439,0,32,0,0.0,2.0,7.0,21.0,B01
201400045439,0,34,0,0.0,2.0,3.0,10.0,A01
201400045440,0,32,0,9.0,0.0,1.0,1.0,A01
201400045440,0,7,0,0.0,0.0,0.0,1.0,B01
201400045441,0,30,0,14.0,0.0,8.0,17.0,A01
201400045442,0,7,0,0.0,2.0,7.0,16.0,B01
201400045442,0,10,0,0.0,2.0,3.0,9.0,A01
201400045443,0,32,0,0.0,2.0,1.0,1.0,B01
201400045443,0,7,0,0.0,2.0,2.0,2.0,A01
201400045444,0,7,0,0.0,2.0,2.0,14.0,A01
201400045444,0,32,0,0.0,2.0,8.0,1.0,B01
201400045445,0,7,0,0.0,2.0,3.0,10.0,A01
201400045445,0,1,0,0.0,2.0,7.0,1.0,B01
201400045446,0,2,0,0.0,2.0,1.0,1.0,A01
201400045446,0,10,0,0.0,2.0,2.0,1.0,B01
201400045447,0,32,0,0.0,2.0,1.0,1.0,B02
201400045447,0,7,0,0.0,2.0,8.0,15.0,A01
201400045448,1,7,0,0.0,1.0,1.0,16.0,A01
201400045449,0,34,0,0.0,2.0,1.0,1.0,B01
201400045449,0,33,0,1.0,2.0,1.0,21.0,A01
201400045450,0,7,0,0.0,2.0,7.0,16.0,A01
201400045450,0,1,0,0.0,2.0,8.0,19.0,B01
201400045451,0,7,0,0.0,2.0,2.0,20.0,B01