Num_Acc,senc,catv,occutc,obs,obsm,choc,manv,num_veh
201400045451,0,33,0,0.0,2.0,1.0,1.0,A01
201400045452,0,30,0,0.0,2.0,8.0,1.0,B01
201400045452,1,7,0,0.0,2.0,2.0,2.0,Z01
201400045453,0,7,0,0.0,1.0,2.0,1.0,A01
201400045454,0,34,0,0.0,2.0,3.0,18.0,B01
201400045454,0,7,0,0.0,2.0,5.0,1.0,A01
201400045455,0,7,0,0.0,2.0,1.0,13.0,A01
201400045455,0,7,0,0.0,2.0,1.0,1.0,B01
201400045456,0,1,0,0.0,2.0,3.0,18.0,B01
201400045456,0,7,0,0.0,9.0,2.0,22.0,A01
201400045457,0,2,0,0.0,1.0,7.0,2.0,A01
201400045458,0,7,0,0.0,2.0,4.0,15.0,B01
201400045458,0,31,0,0.0,2.0,1.0,1.0,A01
201400045459,0,2,0,0.0,1.0,1.0,1.0,A01
201400045460,0,10,0,1.0,0.0,2.0,1.0,A01
201400045461,0,7,0,0.0,2.0,3.0,23.0,C01
201400045461,0,7,0,0.0,2.0,3.0,1.0,B01
201400045461,0,33,0,0.0,2.0,3.0,3.0,A01
201400045462,0,7,0,0.0,1.0,4.0,4.0,A01
201400045463,1,10,0,0.0,2.0,3.0,5.0,A01
201400045463,0,30,0,0.0,2.0,1.0,1.0,B01
201400045464,0,1,0,0.0,2.0,1.0,1.0,B01
201400045464,0,7,0,0.0,9.0,2.0,15.0,A01
201400045465,0,2,0,0.0,2.0,2.0,17.0,B01
201400045465,0,34,0,0.0,2.0,6.0,17.0,A01
201400045466,0,7,0,0.0,1.0,2.0,1.0,A01
201400045467,0,7,0,0.0,1.0,3.0,0.0,A01
201400045468,0,7,0,0.0,0.0,7.0,12.0,A01
201400045468,0,30,0,0.0,0.0,1.0,18.0,B01
201400045469,0,33,0,0.0,2.0,2.0,11.0,A01
201400045469,0,7,0,0.0,2.0,1.0,1.0,B01
201400045470,0,14,0,0.0,1.0,1.0,1.0,A01
201400045471,0,30,0,0.0,2.0,1.0,5.0,A01
201400045471,0,7,0,0.0,2.0,2.0,21.0,B01
201400045472,0,34,0,0.0,2.0,8.0,22.0,A01
201400045472,0,1,0,1.0,0.0,1.0,1.0,B01
201400045473,0,7,0,0.0,0.0,0.0,10.0,A01
201400045473,0,32,0,0.0,2.0,1.0,21.0,B01
201400045474,0,10,0,0.0,1.0,5.0,4.0,A01
201400045475,0,7,0,1.0,0.0,2.0,1.0,A01
201400045476,0,31,0,0.0,0.0,8.0,1.0,A01
201400045477,0,7,0,0.0,0.0,6.0,1.0,B01
201400045477,0,30,0,1.0,0.0,1.0,11.0,A01
201400045478,0,10,0,0.0,1.0,4.0,4.0,A01
201400045479,0,7,0,0.0,1.0,2.0,1.0,A01
201400045480,0,32,0,0.0,2.0,1.0,1.0,A01
201400045480,0,34,0,0.0,2.0,6.0,1.0,B01
201400045481,0,7,0,0.0,1.0,1.0,15.0,A01
201400045482,0,7,0,0.0,0.0,8.0,15.0,B01
201400045482,0,31,0,0.0,2.0,1.0,1.0,A01
201400045483,0,7,0,0.0,1.0,3.0,2.0,A01
201400045484,1,7,0,0.0,1.0,5.0,1.0,Z01
201400045485,0,7,0,0.0,2.0,8.0,1.0,B01
201400045485,0,3,0,0.0,2.0,1.0,1.0,A01
201400045486,0,7,0,0.0,1.0,3.0,15.0,A01
201400045487,0,14,0,0.0,2.0,5.0,1.0,A01
201400045487,0,37,1,0.0,2.0,2.0,1.0,B01
201400045488,0,7,0,0.0,2.0,6.0,1.0,B01
201400045488,0,10,0,0.0,2.0,3.0,10.0,A01
201400045488,0,37,1,0.0,2.0,8.0,1.0,C01
201400045489,0,7,0,0.0,2.0,3.0,13.0,A01
201400045489,0,15,0,0.0,2.0,3.0,1.0,B01
201400045490,0,7,0,0.0,1.0,3.0,1.0,A01
201400045491,2,7,0,0.0,2.0,7.0,9.0,A01
201400045491,0,7,0,0.0,2.0,3.0,1.0,B01
201400045492,0,15,0,1.0,2.0,5.0,15.0,A01
201400045492,0,7,0,0.0,2.0,6.0,24.0,B01
201400045493,0,7,0,0.0,2.0,5.0,15.0,B01
201400045493,0,30,0,0.0,2.0,3.0,2.0,A01
201400045494,0,7,0,0.0,2.0,2.0,23.0,C01
201400045494,0,7,0,0.0,2.0,6.0,11.0,A01
201400045494,0,31,0,0.0,2.0,2.0,1.0,B01
201400045495,0,7,0,0.0,2.0,4.0,1.0,B01
201400045495,0,7,0,0.0,2.0,1.0,2.0,A01
201400045496,0,7,0,0.0,1.0,1.0,1.0,A01
201400045497,1,7,0,0.0,1.0,1.0,1.0,Z01
201400045498,0,7,0,0.0,2.0,1.0,1.0,A01
201400045498,0,7,0,0.0,2.0,3.0,1.0,B01
201400045499,0,7,0,0.0,1.0,3.0,19.0,A01
201400045500,0,7,0,1.0,2.0,3.0,1.0,B01
201400045500,0,7,0,1.0,2.0,2.0,15.0,A01
201400045501,0,7,0,0.0,2.0,3.0,1.0,B01
201400045501,0,2,0,0.0,2.0,8.0,1.0,A01
201400045502,0,37,2,0.0,2.0,3.0,1.0,B01
201400045502,0,30,0,0.0,2.0,5.0,16.0,A01
201400045503,0,10,0,0.0,2.0,5.0,1.0,A01
201400045503,0,13,0,0.0,2.0,1.0,1.0,B01
201400045504,0,7,0,0.0,1.0,1.0,1.0,A01
201400045505,0,33,0,0.0,2.0,1.0,1.0,B01
201400045505,0,7,0,0.0,2.0,8.0,1.0,A01
201400045506,0,7,0,0.0,2.0,3.0,1.0,B01
201400045506,0,7,0,0.0,2.0,1.0,15.0,A01
201400045507,0,7,0,4.0,0.0,9.0,1.0,A01
201400045508,0,7,0,15.0,2.0,1.0,1.0,B01
201400045508,0,7,0,12.0,2.0,3.0,16.0,A01
201400045509,0,7,0,0.0,1.0,2.0,1.0,A01
201400045510,0,31,0,0.0,2.0,2.0,1.0,A01
201400045510,0,30,0,0.0,2.0,8.0,1.0,B01
201400045511,0,7,0,0.0,1.0,2.0,23.0,A01
201400045512,0,7,0,0.0,1.0,6.0,20.0,A01
201400045513,1,7,0,0.0,1.0,2.0,1.0,Z01
201400045514,0,7,0,0.0,1.0,2.0,2.0,A01
201400045515,0,7,0,1.0,0.0,2.0,1.0,A01
201400045516,0,7,0,0.0,2.0,3.0,15.0,A01
201400045516,0,33,0,0.0,2.0,8.0,1.0,B01
201400045517,0,32,0,0.0,5.0,8.0,1.0,A01
201400045518,0,7,0,0.0,1.0,2.0,1.0,A01
201400045519,0,32,0,12.0,0.0,1.0,1.0,A01
201400045520,0,7,0,0.0,2.0,1.0,9.0,A01
201400045520,0,33,0,0.0,2.0,2.0,1.0,B01
201400045521,0,37,2,0.0,1.0,2.0,1.0,A01
201400045522,0,30,0,0.0,1.0,1.0,1.0,A01
201400045523,0,10,0,0.0,2.0,3.0,23.0,A01
201400045523,0,33,0,0.0,2.0,7.0,1.0,B01
201400045524,0,7,0,0.0,1.0,1.0,1.0,A01
201400045525,1,7,0,0.0,2.0,1.0,2.0,A01
201400045525,0,7,0,0.0,2.0,6.0,2.0,B01
201400045526,0,7,0,0.0,2.0,7.0,1.0,A01
201400045526,0,30,0,0.0,2.0,1.0,1.0,B01
201400045527,0,7,0,0.0,2.0,6.0,15.0,A01
201400045527,0,34,0,0.0,2.0,2.0,3.0,B01
201400045528,0,34,0,0.0,1.0,1.0,1.0,A01
201400045529,0,7,0,0.0,1.0,2.0,1.0,A01
201400045530,0,37,30,0.0,2.0,2.0,1.0,B01
201400045530,0,7,0,0.0,2.0,3.0,15.0,A01
201400045531,0,7,0,0.0,2.0,3.0,9.0,A01
201400045531,0,1,0,0.0,2.0,1.0,1.0,B01
201400045532,0,7,0,0.0,2.0,3.0,5.0,A01
201400045532,0,7,0,0.0,2.0,8.0,1.0,B01
201400045532,0,7,0,0.0,2.0,1.0,1.0,C01
201400045533,0,7,0,0.0,1.0,1.0,1.0,A01
201400045534,0,7,0,0.0,2.0,4.0,15.0,B01
201400045534,0,7,0,0.0,2.0,3.0,2.0,A01
201400045535,0,14,0,15.0,2.0,1.0,1.0,B01
201400045535,0,14,0,15.0,2.0,1.0,6.0,A01
201400045535,0,10,0,1.0,2.0,8.0,1.0,C01
201400045536,0,33,0,0.0,2.0,4.0,1.0,B01
201400045536,0,32,0,0.0,2.0,1.0,2.0,A01
201400045537,0,7,0,0.0,2.0,2.0,15.0,A01
201400045537,0,30,0,0.0,2.0,1.0,1.0,B01
201400045538,0,7,0,0.0,2.0,4.0,2.0,B01
201400045538,0,7,0,0.0,2.0,1.0,2.0,A01
201400045538,0,33,0,0.0,2.0,6.0,2.0,C01
201400045538,0,10,0,0.0,2.0,4.0,1.0,D01
201400045539,0,7,0,0.0,2.0,3.0,20.0,A01
201400045539,0,2,0,0.0,2.0,2.0,1.0,B01
201400045540,1,7,0,0.0,2.0,3.0,1.0,B01
201400045540,0,7,0,0.0,2.0,2.0,1.0,A01
201400045541,0,7,0,0.0,1.0,2.0,1.0,A01
201400045542,0,33,0,0.0,2.0,1.0,1.0,A01
201400045542,0,7,0,0.0,2.0,8.0,1.0,B01
201400045543,0,34,0,0.0,2.0,1.0,1.0,B01
201400045543,1,7,0,0.0,2.0,6.0,10.0,Z01
201400045544,0,7,0,0.0,1.0,2.0,1.0,A01
201400045545,0,10,0,0.0,2.0,1.0,2.0,A01
201400045545,0,7,0,0.0,2.0,4.0,23.0,C01
201400045545,0,7,0,0.0,2.0,9.0,23.0,B01
201400045546,0,7,0,4.0,2.0,4.0,23.0,C01
201400045546,0,7,0,4.0,2.0,3.0,2.0,A01
201400045546,0,7,0,4.0,2.0,5.0,23.0,B01
201400045547,0,7,0,0.0,2.0,3.0,15.0,A01
201400045547,0,33,0,0.0,2.0,3.0,0.0,B01
201400045548,0,7,0,0.0,2.0,1.0,1.0,B01
201400045548,0,7,0,0.0,2.0,8.0,1.0,A01
201400045549,0,13,0,0.0,2.0,2.0,7.0,B01
201400045549,0,7,0,15.0,2.0,1.0,15.0,A01
201400045550,0,7,0,0.0,1.0,2.0,4.0,A01
201400045551,0,7,0,0.0,2.0,2.0,1.0,A01
201400045551,0,7,0,0.0,2.0,3.0,1.0,B01
201400045552,0,7,0,0.0,1.0,1.0,1.0,A01
201400045553,0,1,0,0.0,2.0,2.0,1.0,B01
201400045553,0,7,0,0.0,2.0,1.0,15.0,A01
201400045554,0,7,0,0.0,2.0,4.0,2.0,B01
201400045554,0,7,0,0.0,2.0,1.0,2.0,A01
201400045555,0,7,0,0.0,2.0,6.0,1.0,B01
201400045555,0,7,0,0.0,2.0,1.0,15.0,A01
201400045556,0,7,0,0.0,1.0,4.0,4.0,A01
201400045557,0,7,0,0.0,1.0,1.0,1.0,A01
201400045558,0,7,0,0.0,2.0,7.0,12.0,A01
201400045558,0,33,0,0.0,2.0,8.0,2.0,B01
201400045559,0,7,0,0.0,2.0,1.0,1.0,D01
201400045559,0,30,0,0.0,2.0,2.0,16.0,A01
201400045559,1,30,0,0.0,2.0,9.0,18.0,B01
201400045560,0,7,0,0.0,2.0,6.0,23.0,C01
201400045560,0,7,0,0.0,2.0,1.0,2.0,A01
201400045560,0,7,0,0.0,2.0,9.0,23.0,B01
201400045561,0,7,0,0.0,2.0,2.0,15.0,A01
201400045561,0,7,0,0.0,2.0,1.0,1.0,B01
201400045562,0,30,0,0.0,0.0,3.0,5.0,A01
201400045563,0,7,0,0.0,1.0,3.0,1.0,A01
201400045564,0,37,2,0.0,2.0,2.0,1.0,B01
201400045564,0,7,0,0.0,2.0,3.0,10.0,A01
201400045565,0,30,0,0.0,2.0,1.0,3.0,A01
201400045565,0,7,0,0.0,2.0,5.0,23.0,B01
201400045566,1,7,0,0.0,2.0,7.0,12.0,A01
201400045566,0,30,0,0.0,2.0,8.0,2.0,B01
201400045567,0,7,0,0.0,2.0,4.0,23.0,C01
201400045567,0,7,0,0.0,2.0,9.0,2.0,B01
201400045567,0,7,0,0.0,2.0,1.0,2.0,A01
201400045568,0,37,2,0.0,2.0,3.0,1.0,B01
201400045568,0,7,0,0.0,2.0,5.0,1.0,A01
201400045569,0,2,0,15.0,0.0,7.0,1.0,A01
201400045570,0,7,0,0.0,2.0,1.0,1.0,B01
201400045570,0,7,0,0.0,2.0,7.0,1.0,A01
201400045571,0,7,0,0.0,2.0,1.0,2.0,A01
201400045571,0,2,0,0.0,2.0,8.0,2.0,B01
201400045572,0,1,0,0.0,2.0,3.0,1.0,B01
201400045572,0,7,0,0.0,2.0,1.0,1.0,A01
201400045573,0,13,0,0.0,2.0,3.0,10.0,A01
201400045573,0,2,0,0.0,2.0,7.0,17.0,B01
201400045574,0,30,0,0.0,1.0,1.0,1.0,A01
201400045575,0,7,0,0.0,2.0,1.0,1.0,A01
201400045575,0,7,0,0.0,2.0,8.0,1.0,B01
201400045576,0,7,0,0.0,2.0,4.0,23.0,C01
201400045576,0,7,0,0.0,2.0,1.0,1.0,A01
201400045576,0,7,0,0.0,2.0,4.0,23.0,B01
201400045577,0,7,0,0.0,2.0,1.0,1.0,A01
201400045577,0,7,0,0.0,2.0,1.0,5.0,B01
201400045578,0,7,0,0.0,1.0,4.0,4.0,A01
201400045579,0,1,0,0.0,1.0,1.0,1.0,A01
201400045580,0,7,0,0.0,2.0,2.0,11.0,A01
201400045580,0,7,0,0.0,2.0,2.0,1.0,B01
201400045581,0,3,0,0.0,1.0,1.0,1.0,A01
201400045582,0,30,0,0.0,2.0,1.0,2.0,A01
201400045582,0,7,0,0.0,2.0,3.0,2.0,B01
201400045583,0,7,0,0.0,2.0,7.0,15.0,A01
201400045583,0,33,0,0.0,2.0,1.0,1.0,B01
201400045584,0,7,0,0.0,2.0,2.0,1.0,A01
201400045584,0,7,0,0.0,2.0,1.0,1.0,B01
201400045585,0,7,0,12.0,0.0,0.0,14.0,A01
201400045586,0,2,0,0.0,2.0,1.0,2.0,A01
201400045586,0,33,0,0.0,2.0,8.0,2.0,B01
201400045587,0,32,0,0.0,2.0,3.0,18.0,A01
201400045587,0,10,0,0.0,2.0,2.0,16.0,B01
201400045588,0,7,0,0.0,2.0,1.0,1.0,B01
201400045588,0,7,0,0.0,2.0,7.0,15.0,A01
201400045589,0,7,0,0.0,2.0,3.0,16.0,B01
201400045589,0,7,0,0.0,2.0,3.0,17.0,A01
201400045589,0,37,4,0.0,2.0,3.0,1.0,C01
201400045590,0,7,0,0.0,0.0,1.0,2.0,B01
201400045590,0,7,0,0.0,0.0,2.0,19.0,A01
201400045591,0,7,0,0.0,2.0,7.0,12.0,A01
201400045591,0,31,0,0.0,2.0,8.0,2.0,B01
201400045592,0,30,0,12.0,0.0,8.0,0.0,A01
201400045593,0,7,0,0.0,2.0,5.0,15.0,A01
201400045593,0,7,0,0.0,2.0,1.0,16.0,B01
201400045594,0,7,0,14.0,0.0,3.0,2.0,A01
201400045595,0,7,0,0.0,2.0,6.0,15.0,A01
201400045595,0,33,0,0.0,2.0,2.0,17.0,B01
201400045596,0,7,0,0.0,1.0,2.0,2.0,A01
201400045597,0,7,0,0.0,2.0,1.0,1.0,B01
201400045597,0,10,0,0.0,2.0,5.0,23.0,C01
201400045597,0,7,0,0.0,2.0,9.0,2.0,A01
201400045598,0,7,0,0.0,2.0,7.0,15.0,A01
201400045598,0,7,0,0.0,2.0,1.0,2.0,B01
201400045599,0,7,0,12.0,0.0,1.0,1.0,A01
201400045600,0,7,0,0.0,2.0,4.0,2.0,B01
201400045600,0,37,0,0.0,2.0,0.0,2.0,A01
201400045600,0,7,0,0.0,0.0,4.0,2.0,C01
201400045601,0,36,0,9.0,0.0,2.0,21.0,A01
201400045602,0,7,0,0.0,2.0,2.0,9.0,A01
201400045602,0,7,0,0.0,2.0,2.0,1.0,B01
201400045603,0,7,0,0.0,2.0,1.0,2.0,A01
201400045603,0,7,0,0.0,0.0,4.0,2.0,B01
201400045604,0,7,0,0.0,2.0,4.0,2.0,C01
201400045604,0,7,0,0.0,2.0,1.0,2.0,B01
201400045604,0,7,0,0.0,2.0,1.0,2.0,A01
201400045605,0,7,0,0.0,1.0,6.0,4.0,A01
201400045606,0,7,0,0.0,2.0,3.0,11.0,A01
201400045606,0,7,0,0.0,2.0,1.0,1.0,B01
201400045607,0,10,0,0.0,2.0,6.0,2.0,A01
201400045607,0,32,0,0.0,2.0,1.0,2.0,B01
201400045608,0,2,0,0.0,2.0,0.0,0.0,A01
201400045608,0,7,0,0.0,0.0,0.0,9.0,B01
201400045609,1,3,0,0.0,1.0,1.0,2.0,A01
201400045610,0,7,0,0.0,1.0,1.0,15.0,A01
201400045611,0,32,0,0.0,1.0,1.0,1.0,A01
201400045612,2,7,0,0.0,2.0,1.0,1.0,A01
201400045612,0,7,0,0.0,2.0,7.0,1.0,B01
201400045613,0,7,0,0.0,2.0,2.0,1.0,B01
201400045614,0,7,0,0.0,2.0,1.0,2.0,A01
201400045614,0,7,0,0.0,2.0,4.0,1.0,B01
201400045615,0,7,0,0.0,1.0,1.0,1.0,A01
201400045616,0,7,0,0.0,0.0,4.0,0.0,B01
201400045616,0,7,0,0.0,2.0,1.0,1.0,A01
201400045617,0,10,0,0.0,1.0,1.0,15.0,A01
201400045618,0,7,0,0.0,2.0,3.0,1.0,B01
201400045618,0,7,0,0.0,2.0,1.0,19.0,A01
201400045619,0,3,0,0.0,2.0,4.0,0.0,A01
201400045619,0,3,0,0.0,2.0,1.0,0.0,B01
201400045620,0,7,0,0.0,2.0,1.0,11.0,A01
201400045620,0,30,0,0.0,2.0,8.0,1.0,B01
201400045621,0,30,0,0.0,2.0,3.0,1.0,B01
201400045621,0,7,0,0.0,2.0,3.0,15.0,A01
201400045622,0,37,2,0.0,2.0,3.0,13.0,B01
201400045622,0,7,0,0.0,2.0,3.0,9.0,A01
201400045623,0,7,0,0.0,2.0,4.0,1.0,B01
201400045623,0,33,0,0.0,2.0,1.0,2.0,A01
201400045624,0,7,0,0.0,2.0,1.0,15.0,A01
201400045624,0,1,0,0.0,2.0,8.0,1.0,B01
201400045625,0,2,0,0.0,2.0,1.0,1.0,A01
201400045625,0,7,0,0.0,2.0,5.0,2.0,B01
201400045626,0,7,0,0.0,2.0,3.0,15.0,B01
201400045626,0,32,0,0.0,2.0,1.0,17.0,A01
201400045627,0,2,0,8.0,0.0,1.0,1.0,A01
201400045628,0,2,0,0.0,2.0,1.0,1.0,A01
201400045628,0,7,0,0.0,2.0,6.0,16.0,B01
201400045629,0,10,0,0.0,1.0,2.0,1.0,A01
201400045630,0,7,0,0.0,1.0,7.0,1.0,A01
201400045631,0,32,0,0.0,2.0,1.0,2.0,B01
201400045631,0,7,0,0.0,2.0,7.0,15.0,A01
201400045632,0,2,0,0.0,1.0,1.0,1.0,A01
201400045633,0,7,0,0.0,2.0,8.0,9.0,A01
201400045633,0,7,0,0.0,2.0,2.0,1.0,B01
201400045634,0,2,0,16.0,,1.0,1.0,A01
201400045635,0,7,0,0.0,2.0,6.0,11.0,A01
201400045635,0,33,0,0.0,2.0,1.0,17.0,B01
201400045636,0,10,0,0.0,2.0,1.0,1.0,A01
201400045636,0,7,0,0.0,2.0,3.0,15.0,B01
201400045637,0,30,0,16.0,0.0,9.0,1.0,A01
201400045638,0,7,0,0.0,2.0,1.0,1.0,A01
201400045638,2,7,0,0.0,2.0,7.0,3.0,Z01
201400045639,0,33,0,0.0,2.0,3.0,3.0,B01
201400045639,0,7,0,0.0,2.0,2.0,12.0,A01
201400045640,0,34,0,0.0,2.0,7.0,21.0,B01
201400045640,0,7,0,0.0,2.0,1.0,16.0,A01
201400045641,0,32,0,0.0,2.0,1.0,1.0,B01
201400045641,0,7,0,0.0,2.0,7.0,15.0,A01
201400045642,0,7,0,0.0,1.0,2.0,1.0,A01
201400045643,0,7,0,0.0,1.0,1.0,15.0,A01
201400045644,0,32,0,0.0,2.0,1.0,1.0,B01
201400045644,0,7,0,0.0,2.0,2.0,15.0,A01
201400045645,0,31,0,0.0,2.0,5.0,1.0,B01
201400045645,0,7,0,0.0,2.0,3.0,9.0,A01
201400045646,0,7,0,0.0,2.0,8.0,10.0,B01
201400045646,0,32,0,1.0,2.0,7.0,3.0,A01
201400045647,0,32,0,10.0,0.0,1.0,17.0,A01
201400045648,0,7,0,15.0,0.0,1.0,14.0,A01
201400045649,0,2,0,16.0,0.0,9.0,1.0,A01
201400045650,0,7,0,6.0,0.0,1.0,14.0,A01
201400045651,0,30,0,16.0,0.0,9.0,1.0,A01
201400045652,0,7,0,0.0,1.0,3.0,1.0,A01
201400045653,0,7,0,8.0,2.0,5.0,1.0,A01
201400045653,0,7,0,0.0,2.0,2.0,15.0,B01
201400045654,0,7,0,0.0,2.0,1.0,1.0,A01
201400045654,0,7,0,0.0,2.0,4.0,2.0,B01
201400045655,0,7,0,0.0,2.0,4.0,2.0,C01
201400045655,0,7,0,0.0,2.0,4.0,2.0,B01
201400045655,0,7,0,0.0,2.0,1.0,1.0,A01
201400045656,0,7,0,0.0,2.0,4.0,15.0,B01
201400045656,0,7,0,0.0,2.0,3.0,21.0,A01
201400045657,0,30,0,0.0,1.0,1.0,13.0,A01
201400045658,0,2,0,16.0,0.0,0.0,1.0,A01
201400045659,0,7,0,0.0,2.0,8.0,9.0,A01
201400045659,0,7,0,0.0,2.0,7.0,1.0,B01
201400045660,0,33,0,0.0,2.0,1.0,1.0,A01
201400045660,0,7,0,0.0,2.0,5.0,2.0,B01
201400045661,0,7,0,0.0,0.0,6.0,20.0,B01
201400045661,0,32,0,0.0,2.0,2.0,3.0,A01
201400045662,0,30,0,0.0,2.0,8.0,15.0,A01
201400045662,1,7,0,0.0,2.0,0.0,19.0,Z01
201400045663,2,7,0,0.0,2.0,2.0,10.0,Z01
201400045663,0,33,0,0.0,2.0,1.0,1.0,A01
201400045664,0,7,0,0.0,2.0,8.0,15.0,B01
201400045664,0,2,0,0.0,2.0,1.0,17.0,A01
201400045665,0,7,0,0.0,2.0,2.0,12.0,A01
201400045665,0,33,0,0.0,2.0,8.0,1.0,B01
201400045666,0,7,0,0.0,2.0,4.0,1.0,A01
201400045666,0,7,0,0.0,2.0,1.0,2.0,C01
201400045666,0,7,0,0.0,2.0,9.0,2.0,B01
201400045667,0,7,0,0.0,1.0,1.0,1.0,A01
201400045668,0,7,0,9.0,2.0,7.0,1.0,B01
201400045668,0,7,0,0.0,2.0,1.0,15.0,A01
201400045669,0,7,0,0.0,1.0,1.0,1.0,A01
201400045670,0,7,0,0.0,2.0,3.0,13.0,B01
201400045670,0,7,0,0.0,2.0,3.0,1.0,A01
201400045671,0,7,0,0.0,2.0,1.0,1.0,B01
201400045671,0,7,0,0.0,2.0,1.0,15.0,A01
201400045672,0,7,0,0.0,2.0,6.0,2.0,B01
201400045672,0,2,0,0.0,2.0,1.0,1.0,A01
201400045673,0,7,0,0.0,1.0,1.0,1.0,A01
201400045674,0,7,0,0.0,1.0,2.0,1.0,A01
201400045675,0,7,0,9.0,0.0,1.0,6.0,A01
201400045676,0,7,0,1.0,0.0,2.0,14.0,A01
201400045677,1,7,0,0.0,2.0,1.0,1.0,Z01
201400045677,0,1,0,0.0,2.0,4.0,19.0,A01
201400045678,0,7,0,0.0,2.0,3.0,1.0,A01
201400045678,0,7,0,0.0,2.0,3.0,1.0,B01
201400045679,0,7,0,0.0,2.0,4.0,23.0,C01
201400045679,0,7,0,0.0,2.0,4.0,23.0,D01
201400045679,0,7,0,0.0,2.0,4.0,23.0,B01
201400045679,0,7,0,0.0,2.0,1.0,1.0,A01
201400045680,0,1,0,0.0,2.0,1.0,1.0,B01
201400045680,0,7,0,0.0,2.0,6.0,10.0,A01
201400045681,0,7,0,0.0,2.0,1.0,1.0,A01
201400045681,0,33,0,0.0,2.0,7.0,1.0,B01
201400045682,0,7,0,0.0,2.0,4.0,4.0,A01
201400045682,0,7,0,0.0,2.0,4.0,4.0,B01
201400045683,0,7,0,0.0,1.0,2.0,15.0,A01
201400045684,0,7,0,0.0,1.0,2.0,1.0,A01
201400045685,0,7,0,16.0,1.0,1.0,11.0,A01
201400045686,0,2,0,16.0,0.0,8.0,12.0,A01
201400045687,0,7,0,0.0,1.0,4.0,4.0,A01
201400045688,0,7,0,0.0,2.0,1.0,21.0,A01
201400045688,0,7,0,0.0,2.0,5.0,19.0,B01
201400045689,0,7,0,0.0,1.0,1.0,13.0,A01
201400045690,0,7,0,15.0,1.0,6.0,4.0,A01
201400045691,0,33,0,16.0,0.0,7.0,16.0,A01
201400045692,0,7,0,1.0,0.0,6.0,1.0,A01
201400045693,0,7,0,14.0,2.0,1.0,1.0,A01
201400045693,0,7,0,1.0,0.0,4.0,23.0,B01
201400045693,0,7,0,1.0,0.0,4.0,23.0,C01
201400045693,0,7,0,1.0,0.0,4.0,23.0,D01
201400045694,0,30,0,8.0,0.0,1.0,14.0,A01
201400045695,0,7,0,0.0,2.0,3.0,1.0,B01
201400045695,0,1,0,0.0,2.0,1.0,1.0,A01
201400045696,0,30,0,0.0,2.0,3.0,15.0,B01
201400045696,0,7,0,0.0,2.0,2.0,1.0,A01
201400045697,0,7,0,0.0,2.0,2.0,9.0,C01
201400045697,0,7,0,0.0,2.0,3.0,1.0,B01
201400045697,0,2,0,0.0,2.0,1.0,1.0,A01
201400045698,0,7,0,0.0,1.0,4.0,20.0,A01
201400045699,0,7,0,0.0,2.0,3.0,15.0,B01
201400045699,0,2,0,0.0,2.0,1.0,3.0,A01
201400045700,0,7,0,15.0,2.0,8.0,15.0,B01
201400045700,0,33,0,0.0,2.0,7.0,2.0,A01
201400045701,0,15,0,0.0,0.0,2.0,16.0,A01
201400045701,0,1,0,0.0,0.0,3.0,18.0,B01
201400045702,0,7,0,0.0,1.0,3.0,15.0,A01
201400045703,0,7,0,0.0,1.0,1.0,17.0,A01
201400045704,0,2,0,0.0,2.0,1.0,21.0,B01
201400045704,0,7,0,4.0,2.0,5.0,10.0,A01
201400045705,0,7,0,0.0,1.0,6.0,1.0,A01
201400045706,1,7,0,0.0,1.0,1.0,1.0,Z01
201400045707,0,30,0,3.0,0.0,1.0,14.0,A01
201400045708,0,2,0,16.0,0.0,1.0,1.0,A01
201400045709,0,7,0,0.0,1.0,1.0,1.0,A01
201400045710,0,1,0,0.0,2.0,3.0,15.0,B01
201400045710,0,7,0,12.0,2.0,2.0,1.0,A01
201400045711,0,2,0,0.0,2.0,4.0,2.0,B01
201400045711,0,3,0,8.0,2.0,1.0,1.0,A01
201400045712,0,7,0,6.0,2.0,1.0,21.0,B01
201400045712,0,7,0,0.0,0.0,0.0,16.0,A01
201400045713,0,7,0,3.0,2.0,2.0,1.0,A01
201400045713,0,7,0,0.0,2.0,8.0,1.0,B01
201400045714,0,7,0,0.0,1.0,7.0,21.0,A01
201400045715,0,7,0,0.0,2.0,8.0,1.0,A01
201400045715,0,1,0,0.0,2.0,1.0,1.0,B01
201400045716,0,7,0,0.0,1.0,3.0,15.0,A01
201400045717,1,7,0,0.0,1.0,1.0,16.0,Z01
201400045718,1,3,0,0.0,1.0,0.0,0.0,Z01
201400045719,0,7,0,0.0,2.0,8.0,15.0,A01
201400045719,1,33,0,0.0,2.0,1.0,1.0,Z01
201400045720,0,2,0,16.0,0.0,1.0,1.0,A01
201400045721,0,7,0,1.0,2.0,2.0,14.0,A01
201400045721,0,7,0,1.0,2.0,6.0,24.0,B01
201400045722,0,7,0,0.0,2.0,2.0,20.0,B01
201400045722,0,33,0,0.0,2.0,1.0,1.0,A01
201400045723,0,7,0,1.0,1.0,3.0,1.0,A01
201400045724,0,10,0,0.0,2.0,6.0,2.0,B01
201400045724,0,33,0,0.0,2.0,1.0,1.0,A01
201400045725,0,10,0,0.0,2.0,1.0,1.0,C01
201400045725,0,7,0,0.0,2.0,8.0,1.0,B01
201400045725,0,7,0,0.0,2.0,3.0,5.0,A01