Num_Acc,senc,catv,occutc,obs,obsm,choc,manv,num_veh
201400045726,0,7,0,0.0,2.0,4.0,2.0,B01
201400045726,0,33,0,0.0,2.0,1.0,1.0,A01
201400045727,0,7,0,8.0,0.0,2.0,14.0,A01
201400045728,0,2,0,0.0,2.0,2.0,14.0,A01
201400045728,0,1,0,0.0,2.0,8.0,1.0,B01
201400045729,0,7,0,,2.0,8.0,1.0,B01
201400045729,0,7,0,0.0,2.0,1.0,15.0,A01
201400045730,0,2,0,0.0,1.0,2.0,21.0,A01
201400045730,0,7,0,0.0,2.0,3.0,1.0,B01
201400045731,0,7,0,0.0,1.0,5.0,1.0,A01
201400045732,0,7,0,0.0,2.0,3.0,15.0,B01
201400045732,0,33,0,0.0,2.0,2.0,1.0,A01
201400045733,0,7,0,0.0,2.0,1.0,16.0,B01
201400045733,0,2,0,0.0,2.0,7.0,17.0,A01
201400045734,1,1,0,0.0,1.0,7.0,1.0,Z01
201400045735,0,7,0,0.0,2.0,8.0,15.0,B01
201400045735,0,7,0,1.0,1.0,1.0,17.0,A01
201400045736,0,7,0,0.0,1.0,1.0,1.0,A01
201400045737,0,33,0,0.0,1.0,1.0,1.0,A01
201400045738,1,7,0,1.0,1.0,1.0,11.0,Z01
201400045739,0,33,0,8.0,0.0,1.0,1.0,A01
201400045740,0,7,0,0.0,1.0,3.0,1.0,A01
201400045741,0,7,0,0.0,2.0,8.0,10.0,A01
201400045741,0,1,0,0.0,2.0,1.0,1.0,B01
201400045742,0,1,0,0.0,2.0,1.0,1.0,B01
201400045742,0,7,0,0.0,2.0,2.0,15.0,A01
201400045743,0,33,0,0.0,2.0,2.0,17.0,A01
201400045743,0,7,0,0.0,2.0,3.0,15.0,B01
201400045744,0,33,0,0.0,2.0,1.0,1.0,B01
201400045744,0,32,0,0.0,2.0,1.0,15.0,A01
201400045745,0,7,0,0.0,1.0,3.0,1.0,A01
201400045746,0,17,0,0.0,2.0,5.0,2.0,B01
201400045746,0,7,0,0.0,2.0,1.0,1.0,A01
201400045747,0,33,0,0.0,2.0,7.0,1.0,B01
201400045747,0,7,0,0.0,2.0,1.0,9.0,A01
201400045748,0,2,0,16.0,0.0,1.0,1.0,A01
201400045749,0,7,0,0.0,2.0,4.0,2.0,D01
201400045749,0,7,0,0.0,0.0,6.0,2.0,C01
201400045749,0,7,0,0.0,2.0,6.0,15.0,A01
201400045749,0,37,2,0.0,2.0,5.0,2.0,B01
201400045750,0,7,0,8.0,2.0,1.0,1.0,B01
201400045750,0,7,0,0.0,2.0,3.0,15.0,A01
201400045751,0,7,0,0.0,0.0,4.0,23.0,B01
201400045751,0,30,0,0.0,2.0,1.0,17.0,A01
201400045752,0,37,20,0.0,2.0,1.0,1.0,B01
201400045752,0,7,0,0.0,2.0,2.0,10.0,A01
201400045753,0,7,0,1.0,0.0,1.0,1.0,A01
201400045754,0,7,0,0.0,2.0,1.0,15.0,A01
201400045754,0,33,0,0.0,2.0,1.0,1.0,B01
201400045755,0,7,0,0.0,1.0,4.0,20.0,A01
201400045756,0,7,0,0.0,2.0,1.0,1.0,B01
201400045756,0,7,0,0.0,2.0,2.0,13.0,A01
201400045757,0,37,2,0.0,2.0,2.0,1.0,B01
201400045757,0,10,0,0.0,2.0,1.0,9.0,A01
201400045758,0,7,0,0.0,2.0,1.0,11.0,B01
201400045758,0,32,0,0.0,2.0,2.0,1.0,A01
201400045759,0,7,0,0.0,1.0,1.0,1.0,A01
201400045760,0,7,0,0.0,2.0,5.0,2.0,B01
201400045760,0,30,0,0.0,2.0,1.0,1.0,A01
201400045761,0,7,0,0.0,1.0,1.0,15.0,A01
201400045762,0,7,0,0.0,1.0,1.0,15.0,A01
201400045763,0,30,0,0.0,2.0,1.0,2.0,B01
201400045763,0,7,0,0.0,2.0,3.0,5.0,A01
201400045764,0,7,0,0.0,2.0,4.0,16.0,A01
201400045764,0,7,0,0.0,2.0,1.0,1.0,B01
201400045765,0,7,0,0.0,2.0,1.0,1.0,B01
201400045765,0,1,0,0.0,2.0,6.0,2.0,A01
201400045766,0,7,0,0.0,1.0,1.0,15.0,A01
201400045767,0,31,0,0.0,2.0,2.0,1.0,A01
201400045767,0,7,0,0.0,0.0,8.0,15.0,B01
201400045768,0,7,0,0.0,2.0,2.0,12.0,B01
201400045768,0,33,0,0.0,2.0,1.0,1.0,A01
201400045769,1,7,0,0.0,1.0,0.0,1.0,Z01
201400045770,1,7,0,0.0,1.0,4.0,4.0,Z01
201400045771,0,7,0,0.0,2.0,1.0,1.0,A01
201400045771,0,10,0,0.0,2.0,3.0,1.0,B01
201400045772,0,34,0,16.0,0.0,9.0,17.0,A01
201400045773,0,7,0,0.0,1.0,2.0,1.0,A01
201400045774,0,7,0,0.0,2.0,6.0,12.0,B01
201400045774,0,33,0,0.0,2.0,1.0,21.0,A01
201400045775,0,7,0,0.0,1.0,3.0,13.0,A01
201400045776,0,7,0,0.0,1.0,6.0,4.0,A01
201400045777,0,7,0,0.0,1.0,4.0,4.0,A01
201400045778,0,32,0,0.0,2.0,2.0,1.0,B01
201400045778,0,7,0,0.0,2.0,3.0,16.0,A01
201400045779,0,2,0,0.0,2.0,2.0,1.0,A01
201400045779,0,7,0,0.0,2.0,3.0,15.0,B01
201400045780,0,7,0,0.0,1.0,1.0,1.0,A01
201400045781,0,10,0,0.0,1.0,3.0,1.0,A01
201400045782,0,10,0,0.0,1.0,3.0,1.0,A01
201400045783,0,7,0,0.0,2.0,8.0,9.0,A01
201400045783,0,32,0,0.0,2.0,2.0,17.0,B01
201400045784,0,33,0,0.0,2.0,2.0,1.0,B01
201400045784,0,7,0,0.0,2.0,5.0,9.0,A01
201400045785,0,7,0,4.0,2.0,2.0,5.0,A01
201400045785,0,7,0,0.0,2.0,7.0,2.0,C01
201400045785,0,7,0,4.0,2.0,9.0,1.0,B01
201400045786,0,7,0,0.0,2.0,4.0,2.0,B01
201400045786,0,7,0,0.0,2.0,4.0,23.0,C01
201400045786,0,10,0,0.0,2.0,1.0,1.0,A01
201400045787,0,7,0,1.0,2.0,8.0,9.0,A01
201400045787,0,7,0,0.0,2.0,2.0,1.0,B01
201400045788,0,7,0,0.0,2.0,1.0,12.0,A01
201400045788,0,7,0,0.0,2.0,4.0,12.0,B01
201400045789,0,7,0,0.0,2.0,3.0,1.0,A01
201400045789,0,7,0,0.0,2.0,3.0,1.0,B01
201400045790,0,33,0,11.0,0.0,1.0,1.0,A01
201400045790,0,33,0,0.0,2.0,1.0,2.0,B01
201400045791,0,7,0,0.0,2.0,1.0,1.0,B01
201400045791,0,7,0,0.0,2.0,4.0,17.0,A01
201400045792,0,31,0,0.0,2.0,1.0,1.0,B01
201400045792,0,7,0,0.0,0.0,7.0,15.0,A01
201400045793,0,7,0,0.0,1.0,5.0,20.0,A01
201400045794,0,33,0,0.0,1.0,4.0,21.0,A01
201400045795,0,7,0,0.0,2.0,1.0,1.0,A01
201400045795,0,1,0,0.0,2.0,1.0,9.0,B01
201400045796,0,17,0,0.0,2.0,5.0,11.0,B01
201400045796,0,33,0,4.0,2.0,2.0,12.0,A01
201400045797,0,10,0,0.0,1.0,2.0,1.0,A01
201400045798,0,7,0,0.0,2.0,2.0,16.0,B01
201400045798,0,33,0,0.0,2.0,3.0,18.0,A01
201400045799,0,2,0,0.0,2.0,1.0,1.0,A01
201400045799,0,7,0,0.0,2.0,4.0,23.0,B01
201400045800,0,7,0,0.0,2.0,1.0,1.0,A01
201400045800,0,1,0,0.0,2.0,5.0,19.0,B01
201400045801,0,7,0,0.0,2.0,5.0,15.0,A01
201400045801,0,34,0,0.0,2.0,1.0,1.0,B01
201400045802,0,7,0,0.0,2.0,1.0,5.0,A01
201400045802,0,7,0,0.0,2.0,1.0,1.0,B01
201400045803,0,7,0,0.0,2.0,3.0,10.0,A01
201400045803,0,34,0,0.0,2.0,1.0,5.0,B01
201400045804,0,33,0,0.0,2.0,8.0,15.0,B01
201400045804,0,7,0,0.0,2.0,1.0,1.0,A01
201400045805,0,7,0,0.0,2.0,2.0,15.0,B01
201400045805,0,33,0,0.0,2.0,1.0,1.0,A01
201400045806,0,7,0,0.0,2.0,3.0,1.0,B01
201400045806,0,33,0,0.0,2.0,1.0,1.0,A01
201400045807,0,34,0,0.0,2.0,2.0,5.0,A01
201400045807,0,7,0,0.0,2.0,2.0,1.0,B01
201400045808,0,31,0,0.0,2.0,2.0,1.0,A01
201400045808,0,10,0,0.0,2.0,3.0,15.0,B01
201400045809,0,33,0,0.0,1.0,1.0,1.0,A01
201400045810,0,7,0,8.0,2.0,1.0,1.0,A01
201400045810,0,7,0,0.0,2.0,6.0,23.0,B01
201400045811,0,33,0,0.0,2.0,1.0,1.0,B01
201400045811,0,7,0,0.0,2.0,3.0,15.0,A01
201400045812,0,7,0,0.0,2.0,2.0,1.0,B01
201400045812,2,7,0,0.0,2.0,1.0,1.0,A01
201400045813,0,7,0,6.0,4.0,9.0,14.0,A01
201400045814,0,7,0,0.0,1.0,1.0,1.0,A01
201400045815,0,7,0,7.0,0.0,1.0,1.0,A01
201400045816,0,33,0,0.0,2.0,8.0,17.0,B01
201400045816,0,7,0,0.0,2.0,3.0,15.0,A01
201400045817,0,7,0,0.0,1.0,2.0,1.0,A01
201400045818,0,7,0,13.0,0.0,1.0,17.0,A01
201400045819,0,14,0,0.0,1.0,2.0,1.0,A01
201400045820,0,7,0,0.0,1.0,3.0,1.0,A01
201400045821,0,7,0,0.0,2.0,1.0,1.0,A01
201400045821,0,7,0,0.0,2.0,9.0,2.0,C01
201400045821,0,7,0,0.0,2.0,3.0,2.0,D01
201400045821,0,7,0,0.0,2.0,9.0,2.0,B01
201400045822,0,7,0,0.0,1.0,1.0,1.0,A01
201400045823,0,7,0,0.0,0.0,6.0,23.0,B01
201400045823,0,7,0,1.0,1.0,2.0,1.0,A01
201400045824,0,7,0,0.0,1.0,3.0,1.0,A01
201400045825,0,7,0,2.0,0.0,8.0,13.0,A01
201400045826,0,33,0,0.0,2.0,1.0,1.0,B01
201400045826,0,7,0,0.0,2.0,5.0,1.0,A01
201400045827,0,14,0,9.0,0.0,2.0,1.0,A01
201400045828,1,7,0,0.0,1.0,1.0,1.0,Z01
201400045829,0,33,0,0.0,2.0,1.0,1.0,B01
201400045829,0,7,0,0.0,2.0,1.0,13.0,A01
201400045830,0,10,0,0.0,2.0,3.0,1.0,A01
201400045830,0,1,0,0.0,2.0,7.0,9.0,B01
201400045831,0,7,0,1.0,0.0,9.0,13.0,A01
201400045832,0,7,0,12.0,0.0,1.0,1.0,A01
201400045833,0,2,0,0.0,2.0,1.0,1.0,A01
201400045833,0,7,0,0.0,2.0,2.0,9.0,B01
201400045834,0,7,0,0.0,2.0,1.0,13.0,A01
201400045834,0,1,0,0.0,2.0,1.0,1.0,B01
201400045835,0,2,0,0.0,2.0,1.0,1.0,A01
201400045835,0,7,0,0.0,2.0,4.0,23.0,B01
201400045836,0,33,0,0.0,2.0,3.0,17.0,A01
201400045836,0,10,0,0.0,2.0,3.0,1.0,B01
201400045837,0,7,0,0.0,2.0,3.0,15.0,A01
201400045837,0,2,0,0.0,2.0,1.0,1.0,B01
201400045838,0,7,0,14.0,0.0,1.0,1.0,A01
201400045839,0,1,0,0.0,2.0,4.0,2.0,A01
201400045839,0,7,0,0.0,2.0,1.0,1.0,B01
201400045840,0,2,0,0.0,2.0,1.0,1.0,A01
201400045840,0,7,0,0.0,2.0,4.0,2.0,B01
201400045841,0,7,0,0.0,2.0,1.0,1.0,B01
201400045841,0,10,0,0.0,2.0,3.0,1.0,A01
201400045842,0,1,0,11.0,0.0,1.0,1.0,A01
201400045843,0,33,0,0.0,2.0,0.0,3.0,B01
201400045843,0,7,0,0.0,2.0,6.0,11.0,A01
201400045844,0,7,0,0.0,1.0,1.0,1.0,A01
201400045845,0,7,0,0.0,1.0,1.0,1.0,A01
201400045846,1,7,0,0.0,2.0,0.0,1.0,Z01
201400045846,0,7,0,0.0,2.0,4.0,2.0,B01
201400045846,0,7,0,0.0,0.0,4.0,2.0,A01
201400045847,0,7,0,0.0,2.0,3.0,15.0,B01
201400045847,0,33,0,0.0,2.0,1.0,1.0,A01
201400045848,0,30,0,0.0,2.0,8.0,13.0,A01
201400045848,0,7,0,0.0,2.0,2.0,17.0,B01
201400045849,0,10,0,0.0,2.0,8.0,11.0,A01
201400045849,0,7,0,0.0,2.0,2.0,1.0,B01
201400045850,0,7,0,0.0,2.0,3.0,5.0,A01
201400045850,0,33,0,0.0,2.0,1.0,1.0,B01
201400045851,0,7,0,0.0,2.0,1.0,1.0,A01
201400045851,0,7,0,0.0,2.0,7.0,15.0,B01
201400045852,0,7,0,0.0,0.0,6.0,23.0,B01
201400045852,0,7,0,,2.0,2.0,9.0,A01
201400045853,0,7,0,12.0,0.0,2.0,14.0,A01
201400045854,0,7,0,0.0,2.0,1.0,1.0,C01
201400045854,0,7,0,0.0,2.0,4.0,23.0,A01
201400045854,0,7,0,0.0,2.0,1.0,1.0,B01
201400045855,1,7,0,8.0,1.0,1.0,1.0,Z01
201400045856,0,37,3,0.0,2.0,3.0,1.0,B01
201400045856,0,7,0,0.0,2.0,3.0,13.0,A01
201400045857,0,7,0,0.0,2.0,4.0,2.0,B01
201400045857,0,2,0,0.0,2.0,1.0,1.0,A01
201400045858,0,7,0,7.0,2.0,8.0,10.0,A01
201400045858,0,7,0,8.0,2.0,9.0,1.0,B01
201400045859,0,7,0,0.0,2.0,8.0,9.0,A01
201400045859,0,20,0,0.0,2.0,3.0,1.0,B01
201400045860,0,7,0,0.0,1.0,2.0,1.0,A01
201400045861,0,7,0,0.0,1.0,2.0,0.0,A01
201400045862,1,7,0,0.0,1.0,0.0,0.0,Z01
201400045863,0,2,0,0.0,2.0,1.0,1.0,B01
201400045863,0,7,0,0.0,2.0,3.0,15.0,A01
201400045864,0,7,0,0.0,1.0,3.0,13.0,A01
201400045865,0,7,0,0.0,1.0,1.0,1.0,A01
201400045866,0,10,0,9.0,0.0,1.0,1.0,A01
201400045867,0,7,0,0.0,2.0,7.0,1.0,B01
201400045867,0,7,0,0.0,2.0,3.0,1.0,A01
201400045868,1,7,0,0.0,1.0,0.0,0.0,Z01
201400045869,0,7,0,0.0,1.0,2.0,1.0,A01
201400045870,0,30,0,0.0,1.0,3.0,1.0,A01
201400045871,0,7,0,0.0,2.0,1.0,1.0,A01
201400045871,0,7,0,0.0,2.0,2.0,15.0,B01
201400045872,0,7,0,0.0,2.0,1.0,1.0,A01
201400045872,0,7,0,0.0,2.0,4.0,23.0,B01
201400045873,0,7,0,0.0,2.0,1.0,5.0,B01
201400045873,0,7,0,0.0,2.0,1.0,1.0,A01
201400045874,0,7,0,0.0,2.0,3.0,9.0,A01
201400045874,0,7,0,0.0,2.0,2.0,1.0,B01
201400045875,0,7,0,0.0,2.0,1.0,1.0,A01
201400045875,0,7,0,0.0,2.0,4.0,23.0,B01
201400045875,0,7,0,0.0,0.0,4.0,23.0,C01
201400045876,0,7,0,0.0,2.0,1.0,1.0,B01
201400045876,0,7,0,0.0,0.0,4.0,23.0,A01
201400045877,0,10,0,6.0,1.0,1.0,1.0,A01
201400045878,0,7,0,0.0,1.0,1.0,1.0,A01
201400045879,0,34,0,0.0,2.0,1.0,17.0,A01
201400045879,0,13,0,0.0,2.0,3.0,15.0,B01
201400045880,0,7,0,0.0,1.0,1.0,1.0,A01
201400045881,0,33,0,0.0,2.0,1.0,1.0,B01
201400045881,0,7,0,0.0,2.0,1.0,15.0,A01
201400045882,0,31,0,0.0,1.0,1.0,1.0,A01
201400045883,0,7,0,0.0,1.0,3.0,1.0,A01
201400045884,0,33,0,0.0,2.0,8.0,15.0,B01
201400045884,0,7,0,0.0,2.0,2.0,15.0,A01
201400045885,0,7,0,0.0,2.0,3.0,15.0,A01
201400045885,0,33,0,0.0,2.0,3.0,19.0,B01
201400045886,0,7,0,0.0,2.0,1.0,1.0,A01
201400045886,0,1,0,0.0,2.0,7.0,1.0,B01
201400045887,0,33,0,0.0,2.0,1.0,1.0,B01
201400045887,0,7,0,0.0,2.0,5.0,20.0,A01
201400045888,0,7,0,0.0,2.0,3.0,13.0,B01
201400045888,0,2,0,0.0,2.0,1.0,1.0,A01
201400045889,0,33,0,0.0,2.0,1.0,1.0,B01
201400045889,0,7,0,0.0,2.0,6.0,1.0,A01
201400045890,0,7,0,0.0,2.0,2.0,1.0,A01
201400045890,0,7,0,0.0,2.0,6.0,2.0,B01
201400045891,0,7,0,0.0,1.0,1.0,1.0,A01
201400045892,0,33,0,0.0,2.0,1.0,17.0,B01
201400045892,0,7,0,0.0,2.0,3.0,15.0,A01
201400045893,0,7,0,0.0,1.0,1.0,1.0,A01
201400045894,0,7,0,0.0,1.0,1.0,1.0,A01
201400045895,0,7,0,0.0,1.0,2.0,1.0,A01
201400045896,0,7,0,0.0,2.0,4.0,2.0,B01
201400045896,0,30,0,0.0,2.0,1.0,1.0,A01
201400045897,0,7,0,0.0,1.0,2.0,1.0,A01
201400045898,0,7,0,0.0,0.0,4.0,23.0,D01
201400045898,0,7,0,0.0,2.0,4.0,23.0,B01
201400045898,0,10,0,0.0,2.0,1.0,1.0,A01
201400045898,0,7,0,0.0,0.0,4.0,23.0,C01
201400045899,0,7,0,0.0,2.0,1.0,1.0,B01
201400045899,0,7,0,0.0,0.0,4.0,2.0,A01
201400045900,1,10,0,0.0,1.0,1.0,1.0,Z01
201400045901,0,7,0,0.0,2.0,3.0,13.0,A01
201400045901,0,32,0,0.0,2.0,2.0,1.0,B01
201400045902,0,10,0,0.0,1.0,2.0,1.0,A01
201400045903,0,7,0,0.0,1.0,2.0,15.0,A01
201400045904,0,10,0,0.0,1.0,1.0,1.0,A01
201400045905,2,7,0,0.0,2.0,2.0,1.0,A01
201400045905,0,30,0,0.0,2.0,8.0,16.0,B01
201400045906,0,31,0,0.0,2.0,1.0,1.0,B01
201400045906,0,7,0,0.0,2.0,4.0,2.0,A01
201400045907,0,30,0,0.0,2.0,7.0,1.0,B01
201400045907,0,7,0,0.0,2.0,1.0,9.0,A01
201400045908,0,7,0,1.0,0.0,1.0,1.0,A01
201400045909,0,7,0,0.0,1.0,1.0,1.0,A01
201400045910,0,33,0,0.0,2.0,1.0,1.0,B01
201400045910,0,7,0,0.0,2.0,3.0,9.0,A01
201400045911,0,7,0,0.0,2.0,1.0,15.0,A01
201400045911,0,34,0,0.0,2.0,8.0,1.0,B01
201400045912,0,32,0,0.0,2.0,1.0,1.0,B01
201400045912,0,7,0,0.0,2.0,4.0,4.0,A01
201400045913,0,10,0,0.0,2.0,3.0,1.0,B01
201400045913,0,33,0,0.0,2.0,1.0,1.0,A01
201400045914,0,7,0,0.0,1.0,7.0,16.0,A01
201400045915,0,7,0,0.0,2.0,5.0,10.0,A01
201400045915,0,33,0,0.0,2.0,1.0,1.0,B01
201400045916,0,7,0,0.0,1.0,2.0,1.0,A01
201400045917,0,30,0,0.0,2.0,1.0,1.0,A01
201400045917,0,7,0,0.0,2.0,5.0,2.0,B01
201400045918,0,7,0,0.0,1.0,1.0,1.0,A01
201400045919,0,32,0,0.0,2.0,7.0,1.0,A01
201400045919,0,7,0,0.0,2.0,3.0,15.0,B01
201400045920,0,10,0,0.0,2.0,3.0,1.0,A01
201400045920,0,15,0,0.0,2.0,6.0,2.0,B01
201400045921,0,7,0,0.0,2.0,3.0,1.0,B01
201400045921,2,7,0,0.0,2.0,2.0,5.0,A01
201400045922,0,34,0,0.0,2.0,1.0,1.0,B01
201400045922,0,7,0,0.0,2.0,2.0,15.0,A01
201400045923,0,33,0,2.0,0.0,1.0,18.0,A01
201400045924,0,7,0,0.0,1.0,1.0,1.0,A01
201400045925,0,30,0,16.0,0.0,8.0,1.0,A01
201400045926,0,7,0,0.0,2.0,6.0,2.0,B01
201400045926,0,7,0,0.0,2.0,2.0,1.0,A01
201400045927,0,7,0,0.0,1.0,1.0,16.0,A01
201400045928,0,7,0,0.0,1.0,6.0,4.0,A01
201400045929,0,33,0,0.0,2.0,1.0,1.0,B01
201400045929,0,7,0,0.0,2.0,5.0,9.0,A01
201400045930,0,7,0,0.0,2.0,2.0,1.0,A01
201400045930,0,7,0,0.0,2.0,2.0,15.0,B01
201400045931,0,7,0,0.0,2.0,1.0,19.0,A01
201400045931,0,7,0,0.0,2.0,7.0,1.0,B01
201400045932,0,1,0,0.0,2.0,2.0,1.0,B01
201400045932,0,7,0,8.0,1.0,2.0,16.0,A01
201400045933,0,33,0,0.0,2.0,3.0,1.0,B01
201400045933,0,7,0,0.0,2.0,2.0,15.0,A01
201400045934,0,7,0,9.0,1.0,1.0,20.0,A01
201400045935,0,7,0,0.0,2.0,1.0,1.0,B01
201400045935,0,7,0,0.0,2.0,1.0,13.0,A01
201400045936,0,7,0,0.0,1.0,3.0,1.0,A01
201400045937,0,7,0,0.0,2.0,1.0,1.0,A01
201400045937,0,7,0,0.0,2.0,4.0,2.0,B01
201400045938,1,99,0,0.0,1.0,1.0,0.0,A01
201400045939,0,1,0,0.0,2.0,4.0,1.0,B01
201400045939,0,7,0,0.0,2.0,3.0,1.0,A01
201400045940,0,7,0,0.0,2.0,1.0,1.0,A01
201400045940,0,1,0,0.0,0.0,4.0,2.0,B01
201400045941,0,7,0,0.0,1.0,2.0,16.0,A01
201400045942,0,7,0,0.0,1.0,2.0,11.0,A01
201400045943,0,2,0,0.0,1.0,1.0,1.0,A01
201400045944,0,7,0,0.0,1.0,1.0,1.0,A01
201400045945,0,33,0,0.0,2.0,1.0,1.0,B01
201400045945,0,7,0,4.0,2.0,2.0,1.0,A01
201400045946,0,37,1,0.0,2.0,1.0,1.0,A01
201400045946,0,7,0,8.0,2.0,7.0,1.0,B01
201400045947,0,7,0,0.0,2.0,3.0,15.0,B01
201400045947,0,1,0,0.0,2.0,1.0,1.0,A01
201400045948,0,7,0,0.0,1.0,0.0,1.0,A01
201400045949,0,7,0,0.0,2.0,4.0,23.0,B01
201400045949,0,7,0,0.0,2.0,1.0,1.0,A01
201400045950,0,7,0,0.0,2.0,3.0,1.0,B01
201400045950,0,7,0,0.0,2.0,7.0,15.0,A01
201400045951,0,7,0,0.0,1.0,2.0,15.0,A01
201400045952,0,7,0,0.0,2.0,2.0,15.0,A01
201400045952,0,7,0,0.0,2.0,3.0,1.0,B01
201400045953,1,7,0,0.0,1.0,0.0,0.0,Z01
201400045954,0,7,0,0.0,1.0,2.0,1.0,A01
201400045955,0,7,0,0.0,1.0,2.0,1.0,A01
201400045956,0,7,0,0.0,1.0,2.0,1.0,A01
201400045957,0,7,0,8.0,0.0,3.0,16.0,A01
201400045958,0,30,0,0.0,0.0,3.0,3.0,B01
201400045958,0,7,0,0.0,2.0,5.0,2.0,A01
201400045959,0,7,0,15.0,0.0,9.0,13.0,A01
201400045960,0,7,0,0.0,2.0,2.0,1.0,A01
201400045960,0,7,0,0.0,2.0,1.0,1.0,B01
201400045961,0,30,0,0.0,2.0,8.0,1.0,B01
201400045961,0,7,0,0.0,2.0,2.0,15.0,A01
201400045962,0,7,0,0.0,2.0,3.0,9.0,A01
201400045962,0,7,0,0.0,2.0,5.0,1.0,B01
201400045963,0,7,0,0.0,0.0,8.0,22.0,A01
201400045963,0,1,0,1.0,0.0,1.0,1.0,B01
201400045964,0,7,0,11.0,0.0,3.0,1.0,A01
201400045965,0,10,0,0.0,1.0,5.0,4.0,A01
201400045966,0,7,0,0.0,1.0,3.0,1.0,A01
201400045967,0,7,0,0.0,1.0,2.0,1.0,A01
201400045968,0,7,0,0.0,2.0,4.0,2.0,B01
201400045968,0,7,0,0.0,2.0,5.0,2.0,C01
201400045968,0,7,0,0.0,2.0,1.0,1.0,A01
201400045969,0,7,0,0.0,1.0,1.0,5.0,A01
201400045970,0,32,0,0.0,2.0,7.0,3.0,B01
201400045970,0,7,0,0.0,2.0,6.0,2.0,A01
201400045971,0,7,0,0.0,2.0,3.0,1.0,B01
201400045971,0,7,0,0.0,2.0,3.0,13.0,A01
201400045972,0,30,0,12.0,0.0,1.0,14.0,A01
201400045973,0,1,0,0.0,2.0,1.0,1.0,A01
201400045973,0,10,0,0.0,2.0,2.0,15.0,B01
201400045974,0,7,0,1.0,0.0,3.0,13.0,A01
201400045975,0,7,0,0.0,2.0,6.0,9.0,A01
201400045975,0,1,0,0.0,2.0,2.0,15.0,B01
201400045976,0,7,0,6.0,2.0,3.0,16.0,A01
201400045977,0,10,0,0.0,2.0,2.0,1.0,A01
201400045977,0,7,0,0.0,2.0,4.0,15.0,B01
201400045978,0,7,0,0.0,2.0,1.0,1.0,A01
201400045978,0,7,0,0.0,2.0,1.0,9.0,B01
201400045978,0,7,0,0.0,2.0,6.0,1.0,C01
201400045979,0,2,0,16.0,0.0,9.0,9.0,A01
201400045980,0,7,0,0.0,1.0,1.0,1.0,A01
201400045981,0,7,0,0.0,1.0,3.0,1.0,A01
201400045982,0,7,0,0.0,2.0,4.0,2.0,B01
201400045982,0,7,0,0.0,2.0,2.0,1.0,A01
201400045983,0,7,0,0.0,0.0,8.0,24.0,A01
201400045983,1,7,0,1.0,0.0,0.0,0.0,Z01
201400045984,0,7,0,0.0,2.0,1.0,1.0,B01
201400045984,0,7,0,0.0,0.0,4.0,2.0,A01
201400045985,0,7,0,0.0,2.0,7.0,15.0,A01
201400045985,0,7,0,0.0,2.0,8.0,1.0,B01
201400045986,0,7,0,15.0,0.0,1.0,14.0,A01
201400045987,0,7,0,0.0,2.0,1.0,1.0,A01
201400045987,0,1,0,0.0,2.0,8.0,19.0,B01
201400045988,0,7,0,0.0,1.0,7.0,1.0,A01
201400045989,0,7,0,0.0,1.0,3.0,1.0,A01
201400045990,0,10,0,0.0,1.0,7.0,1.0,A01
201400045991,0,7,0,0.0,2.0,2.0,1.0,A01
201400045991,0,1,0,0.0,2.0,1.0,19.0,B01
201400045992,0,7,0,0.0,1.0,2.0,1.0,A01
201400045993,0,7,0,0.0,2.0,9.0,11.0,B01
201400045993,0,7,0,0.0,2.0,1.0,1.0,A01
201400045994,0,7,0,0.0,1.0,2.0,1.0,A01
201400045995,0,7,0,0.0,2.0,1.0,1.0,A01
201400045995,0,7,0,0.0,2.0,4.0,1.0,B01
201400045996,0,7,0,1.0,0.0,2.0,14.0,A01
201400045997,0,1,0,0.0,2.0,8.0,15.0,B01
201400045997,0,10,0,0.0,2.0,2.0,1.0,A01
201400045998,0,7,0,0.0,2.0,3.0,1.0,B01
201400045998,0,7,0,0.0,2.0,2.0,1.0,A01
201400045999,0,7,0,0.0,2.0,3.0,1.0,B01
201400045999,0,7,0,0.0,2.0,3.0,13.0,A01
201400046000,0,7,0,0.0,2.0,3.0,1.0,B01
201400046000,0,34,0,0.0,2.0,3.0,13.0,A01
201400046001,0,7,0,0.0,2.0,3.0,15.0,A01
201400046001,0,7,0,0.0,2.0,1.0,1.0,B01
201400046002,0,7,0,0.0,1.0,2.0,15.0,A01
201400046003,0,7,0,0.0,2.0,1.0,1.0,A01
201400046003,0,1,0,0.0,2.0,1.0,1.0,B01
201400046004,0,7,0,0.0,1.0,1.0,1.0,A01
201400046005,0,7,0,1.0,2.0,1.0,9.0,A01
201400046005,0,1,0,0.0,2.0,1.0,1.0,B01
201400046006,0,30,0,0.0,2.0,1.0,1.0,B01
201400046006,0,7,0,0.0,2.0,8.0,15.0,A01
201400046007,0,7,0,0.0,1.0,8.0,1.0,A01
201400046008,0,1,0,0.0,2.0,1.0,1.0,B01
201400046008,0,7,0,0.0,2.0,1.0,15.0,A01
201400046009,0,10,0,0.0,1.0,2.0,1.0,A01
201400046010,0,32,0,0.0,2.0,8.0,9.0,A01
201400046010,0,7,0,0.0,2.0,2.0,1.0,B01
201400046011,0,7,0,0.0,1.0,1.0,1.0,A01
201400046012,1,7,0,0.0,1.0,7.0,15.0,Z01