Num_Acc,senc,catv,occutc,obs,obsm,choc,manv,num_veh
201400046296,0,31,0,0.0,2.0,7.0,17.0,A01
201400046296,0,7,0,0.0,2.0,2.0,9.0,B01
201400046297,0,33,0,0.0,2.0,1.0,17.0,A01
201400046297,0,7,0,0.0,2.0,5.0,15.0,B01
201400046298,0,7,0,0.0,2.0,5.0,15.0,A01
201400046298,0,33,0,0.0,2.0,1.0,1.0,B01
201400046299,0,33,0,0.0,2.0,0.0,17.0,A01
201400046299,0,33,0,0.0,2.0,6.0,15.0,B01
201400046300,0,7,0,1.0,0.0,1.0,1.0,A01
201400046301,0,7,0,0.0,1.0,5.0,1.0,A01
201400046302,0,30,0,11.0,0.0,2.0,1.0,A01
201400046303,0,2,0,0.0,2.0,1.0,17.0,A01
201400046303,0,33,0,0.0,2.0,1.0,17.0,B01
201400046303,0,2,0,0.0,2.0,1.0,1.0,C01
201400046304,0,2,0,0.0,0.0,0.0,1.0,A01
201400046305,0,33,0,0.0,1.0,2.0,0.0,A01
201400046306,0,7,0,0.0,2.0,3.0,15.0,A01
201400046306,0,31,0,0.0,2.0,3.0,1.0,B01
201400046307,0,31,0,0.0,2.0,1.0,1.0,A01
201400046307,0,7,0,0.0,2.0,5.0,16.0,B01
201400046308,0,32,0,1.0,0.0,1.0,1.0,A01
201400046309,0,2,0,0.0,2.0,1.0,0.0,A01
201400046309,0,7,0,0.0,2.0,8.0,15.0,B01
201400046310,0,7,0,0.0,2.0,3.0,17.0,A01
201400046310,0,33,0,0.0,2.0,3.0,1.0,B01
201400046311,1,99,0,0.0,1.0,0.0,0.0,Z01
201400046312,0,7,0,1.0,2.0,2.0,9.0,B01
201400046312,1,7,0,0.0,2.0,4.0,0.0,Z01
201400046313,0,7,0,0.0,2.0,6.0,10.0,A01
201400046313,0,31,0,0.0,2.0,2.0,1.0,B01
201400046314,0,7,0,2.0,0.0,1.0,16.0,A01
201400046315,0,7,0,0.0,0.0,1.0,1.0,A01
201400046316,0,31,0,0.0,2.0,1.0,17.0,A01
201400046316,0,31,0,0.0,2.0,1.0,1.0,B01
201400046316,0,7,0,0.0,2.0,1.0,1.0,C01
201400046317,0,7,0,0.0,2.0,6.0,17.0,A01
201400046317,0,33,0,0.0,2.0,1.0,17.0,B01
201400046318,0,7,0,0.0,2.0,1.0,1.0,B01
201400046318,0,33,0,0.0,2.0,1.0,1.0,A01
201400046319,0,7,0,0.0,2.0,8.0,1.0,B01
201400046319,1,7,0,0.0,2.0,8.0,13.0,Z01
201400046320,0,7,0,0.0,2.0,8.0,15.0,A01
201400046320,0,34,0,0.0,2.0,1.0,17.0,B01
201400046321,1,7,0,,,,,A01
201400046321,0,7,0,0.0,2.0,3.0,1.0,B01
201400046322,0,7,0,0.0,2.0,2.0,9.0,A01
201400046322,0,33,0,0.0,2.0,1.0,1.0,B01
201400046323,0,7,0,8.0,0.0,1.0,1.0,A01
201400046324,0,7,0,0.0,1.0,1.0,1.0,A01
201400046325,0,30,0,0.0,2.0,1.0,5.0,A01
201400046325,0,7,0,0.0,2.0,3.0,1.0,B01
201400046326,0,2,0,0.0,0.0,1.0,1.0,A01
201400046327,0,7,0,0.0,1.0,1.0,1.0,A01
201400046328,0,7,0,0.0,2.0,3.0,9.0,A01
201400046328,0,31,0,0.0,2.0,1.0,1.0,B01
201400046329,0,7,0,0.0,2.0,1.0,15.0,A01
201400046329,0,31,0,0.0,2.0,1.0,1.0,B01
201400046330,0,7,0,0.0,2.0,2.0,15.0,A01
201400046330,0,7,0,0.0,4.0,3.0,1.0,B01
201400046331,0,2,0,0.0,1.0,1.0,1.0,A01
201400046332,0,7,0,1.0,1.0,1.0,15.0,A01
201400046333,0,7,0,0.0,2.0,1.0,13.0,A01
201400046333,0,7,0,0.0,2.0,1.0,1.0,B01
201400046334,0,31,0,0.0,5.0,0.0,1.0,A01
201400046335,0,7,0,0.0,2.0,1.0,1.0,A01
201400046335,0,7,0,0.0,2.0,4.0,23.0,B01
201400046336,0,7,0,1.0,0.0,2.0,1.0,A01
201400046337,0,7,0,0.0,2.0,1.0,2.0,A01
201400046337,0,7,0,3.0,2.0,4.0,2.0,B01
201400046338,0,33,0,0.0,2.0,1.0,1.0,B01
201400046338,0,7,0,0.0,2.0,8.0,9.0,A01
201400046339,0,7,0,0.0,1.0,1.0,1.0,A01
201400046340,0,30,0,0.0,1.0,1.0,1.0,A01
201400046341,0,33,0,15.0,0.0,8.0,1.0,A01
201400046342,0,32,0,0.0,2.0,1.0,1.0,A01
201400046343,0,7,0,0.0,2.0,3.0,1.0,B01
201400046343,0,7,0,0.0,2.0,3.0,13.0,A01
201400046344,0,7,0,0.0,2.0,1.0,2.0,A01
201400046344,0,30,0,0.0,2.0,5.0,23.0,B01
201400046345,0,7,0,2.0,0.0,1.0,13.0,A01
201400046346,0,7,0,0.0,0.0,3.0,1.0,A01
201400046346,0,30,0,0.0,2.0,2.0,1.0,B01
201400046347,0,2,0,0.0,1.0,1.0,1.0,A01
201400046348,0,1,0,0.0,1.0,0.0,0.0,A01
201400046349,0,7,0,0.0,2.0,1.0,1.0,B01
201400046349,0,31,0,0.0,2.0,8.0,2.0,A01
201400046349,0,31,0,0.0,2.0,8.0,1.0,C01
201400046350,0,7,0,0.0,1.0,4.0,4.0,A01
201400046351,0,30,0,7.0,0.0,1.0,1.0,A01
201400046352,0,7,0,2.0,2.0,2.0,2.0,A01
201400046352,0,33,0,2.0,2.0,3.0,2.0,B01
201400046353,0,33,0,0.0,2.0,1.0,1.0,B01
201400046353,0,10,0,0.0,2.0,3.0,13.0,A01
201400046354,0,1,0,0.0,1.0,1.0,1.0,A01
201400046355,0,7,0,0.0,2.0,1.0,15.0,A01
201400046355,0,1,0,0.0,2.0,2.0,1.0,B01
201400046356,0,7,0,0.0,1.0,1.0,1.0,A01
201400046357,0,1,0,0.0,2.0,1.0,1.0,A01
201400046357,0,37,1,0.0,2.0,6.0,1.0,B01
201400046358,0,30,0,1.0,0.0,2.0,14.0,A01
201400046359,0,7,0,0.0,2.0,2.0,15.0,A01
201400046359,0,33,0,0.0,2.0,6.0,1.0,B01
201400046360,0,30,0,0.0,2.0,3.0,9.0,B01
201400046360,0,10,0,0.0,2.0,5.0,1.0,A01
201400046361,0,30,0,0.0,2.0,1.0,13.0,A01
201400046361,0,34,0,0.0,2.0,1.0,7.0,B01
201400046362,0,1,0,0.0,0.0,0.0,0.0,B01
201400046362,0,7,0,1.0,0.0,8.0,22.0,A01
201400046363,1,7,0,0.0,1.0,1.0,1.0,Z01
201400046364,0,7,0,0.0,1.0,1.0,2.0,A01
201400046365,0,7,0,0.0,1.0,1.0,1.0,A01
201400046366,0,7,0,8.0,0.0,1.0,13.0,A01
201400046367,0,30,0,0.0,2.0,1.0,5.0,A01
201400046367,0,7,0,0.0,2.0,1.0,1.0,B01
201400046368,0,1,0,0.0,2.0,7.0,15.0,A01
201400046368,0,33,0,0.0,9.0,1.0,1.0,B01
201400046369,0,7,0,12.0,2.0,1.0,3.0,A01
201400046369,0,7,0,9.0,2.0,4.0,1.0,C01
201400046369,0,7,0,8.0,2.0,3.0,1.0,B01
201400046370,0,7,0,0.0,1.0,8.0,1.0,A01
201400046371,0,33,0,0.0,2.0,4.0,1.0,A01
201400046371,1,7,0,0.0,2.0,2.0,2.0,Z01
201400046371,0,10,0,0.0,2.0,1.0,2.0,B01
201400046372,0,31,0,0.0,2.0,8.0,21.0,B01
201400046372,0,7,0,0.0,2.0,5.0,1.0,A01
201400046373,0,7,0,0.0,2.0,4.0,1.0,A01
201400046373,0,7,0,0.0,2.0,9.0,2.0,C01
201400046373,0,7,0,0.0,2.0,1.0,2.0,D01
201400046373,0,7,0,0.0,2.0,9.0,2.0,B01
201400046374,0,7,0,0.0,2.0,1.0,0.0,A01
201400046375,0,33,0,0.0,2.0,1.0,1.0,C01
201400046375,0,13,0,0.0,2.0,2.0,18.0,A01
201400046375,0,7,0,0.0,2.0,8.0,1.0,B01
201400046376,0,7,0,0.0,0.0,8.0,1.0,B01
201400046376,0,7,0,0.0,2.0,7.0,17.0,A01
201400046377,2,7,0,0.0,0.0,1.0,2.0,C01
201400046377,0,7,0,0.0,0.0,4.0,2.0,B01
201400046377,0,7,0,0.0,0.0,4.0,1.0,A01
201400046378,0,7,0,4.0,0.0,3.0,21.0,A01
201400046379,0,7,0,0.0,2.0,1.0,11.0,B01
201400046379,0,7,0,0.0,0.0,2.0,2.0,A01
201400046380,0,17,0,0.0,2.0,0.0,0.0,C01
201400046380,0,7,0,0.0,2.0,0.0,0.0,B01
201400046380,0,7,0,0.0,2.0,0.0,0.0,A01
201400046381,0,7,0,0.0,2.0,1.0,2.0,B01
201400046381,0,7,0,0.0,2.0,4.0,1.0,A01
201400046382,0,7,0,0.0,2.0,4.0,11.0,A01
201400046382,2,7,0,0.0,2.0,1.0,0.0,B01
201400046383,0,7,0,0.0,2.0,4.0,2.0,C01
201400046383,0,7,0,0.0,2.0,4.0,2.0,B01
201400046383,0,7,0,0.0,2.0,1.0,2.0,A01
201400046384,0,15,0,0.0,2.0,1.0,2.0,D01
201400046384,0,7,0,0.0,2.0,9.0,2.0,B01
201400046384,0,7,0,0.0,2.0,9.0,2.0,C01
201400046384,0,7,0,0.0,2.0,4.0,1.0,A01
201400046385,0,7,0,0.0,2.0,1.0,2.0,B01
201400046385,0,10,0,0.0,2.0,1.0,2.0,E01
201400046385,0,7,0,0.0,2.0,4.0,2.0,C01
201400046385,0,7,0,0.0,0.0,4.0,2.0,A01
201400046385,0,7,0,0.0,2.0,1.0,2.0,D01
201400046386,0,7,0,4.0,0.0,1.0,1.0,A01
201400046387,0,7,0,4.0,0.0,1.0,14.0,A01
201400046388,0,7,0,0.0,2.0,1.0,2.0,B01
201400046388,0,7,0,0.0,2.0,4.0,23.0,A01
201400046389,0,7,0,4.0,0.0,1.0,0.0,A01
201400046390,0,7,0,4.0,0.0,1.0,1.0,A01
201400046391,0,33,0,0.0,2.0,3.0,13.0,A01
201400046391,0,15,0,0.0,2.0,2.0,1.0,B01
201400046392,0,10,0,0.0,2.0,7.0,0.0,A01
201400046392,0,33,0,0.0,2.0,8.0,3.0,B01
201400046393,0,7,0,0.0,2.0,3.0,11.0,A01
201400046393,0,34,0,0.0,2.0,1.0,2.0,B01
201400046394,0,7,0,0.0,2.0,7.0,12.0,A01
201400046394,0,33,0,0.0,2.0,8.0,3.0,B01
201400046395,0,7,0,9.0,0.0,7.0,0.0,A01
201400046396,0,33,0,0.0,2.0,7.0,1.0,B01
201400046396,0,7,0,0.0,2.0,8.0,11.0,A01
201400046396,0,32,0,0.0,2.0,2.0,1.0,C01
201400046397,0,33,0,3.0,0.0,1.0,1.0,A01
201400046398,0,7,0,0.0,2.0,6.0,1.0,B01
201400046398,0,15,0,0.0,2.0,2.0,12.0,A01
201400046399,0,10,0,0.0,2.0,2.0,1.0,B01
201400046399,0,7,0,3.0,2.0,8.0,11.0,A01
201400046400,0,32,0,0.0,0.0,1.0,2.0,B01
201400046400,0,7,0,0.0,2.0,4.0,1.0,A01
201400046401,0,7,0,0.0,0.0,4.0,2.0,A01
201400046401,0,7,0,0.0,0.0,4.0,2.0,D02
201400046401,0,10,0,0.0,0.0,1.0,2.0,F01
201400046401,0,7,0,0.0,0.0,4.0,2.0,C01
201400046401,0,7,0,0.0,0.0,4.0,2.0,B01
201400046401,0,10,0,0.0,0.0,4.0,2.0,E01
201400046402,0,7,0,0.0,2.0,1.0,2.0,C01
201400046402,0,7,0,0.0,2.0,1.0,2.0,B01
201400046402,0,7,0,0.0,2.0,4.0,2.0,A01
201400046403,0,33,0,0.0,0.0,6.0,0.0,B01
201400046403,0,7,0,0.0,0.0,7.0,12.0,A01
201400046404,0,7,0,0.0,0.0,1.0,2.0,B01
201400046404,0,7,0,0.0,0.0,5.0,2.0,A01
201400046405,0,7,0,0.0,0.0,3.0,2.0,A01
201400046405,1,7,0,0.0,0.0,0.0,2.0,Z01
201400046405,0,33,0,0.0,2.0,6.0,3.0,B01
201400046406,0,7,0,16.0,0.0,1.0,1.0,A01
201400046407,0,32,0,0.0,2.0,1.0,1.0,A01
201400046407,1,7,0,0.0,2.0,6.0,11.0,Z01
201400046408,0,7,0,0.0,2.0,7.0,17.0,A01
201400046408,0,7,0,4.0,2.0,8.0,13.0,B01
201400046409,0,7,0,0.0,2.0,1.0,2.0,A01
201400046409,0,7,0,0.0,2.0,9.0,23.0,C01
201400046409,0,7,0,0.0,2.0,4.0,23.0,E01
201400046409,0,7,0,0.0,2.0,9.0,23.0,B01
201400046409,0,7,0,0.0,2.0,9.0,23.0,D01
201400046410,0,10,0,0.0,2.0,1.0,2.0,B01
201400046410,0,7,0,0.0,2.0,4.0,1.0,A01
201400046411,0,7,0,0.0,2.0,2.0,21.0,A01
201400046411,0,7,0,0.0,2.0,6.0,1.0,B01
201400046412,0,7,0,0.0,2.0,4.0,23.0,A01
201400046412,0,7,0,0.0,2.0,1.0,2.0,D01
201400046412,0,7,0,0.0,2.0,9.0,23.0,B01
201400046412,0,7,0,0.0,2.0,9.0,23.0,C01
201400046413,0,7,0,3.0,0.0,9.0,0.0,A01
201400046414,0,7,0,0.0,2.0,1.0,2.0,B01
201400046414,0,7,0,0.0,0.0,4.0,2.0,A01
201400046415,0,10,0,0.0,2.0,3.0,11.0,A01
201400046415,0,33,0,0.0,2.0,2.0,3.0,B01
201400046416,0,7,0,0.0,2.0,3.0,11.0,C01
201400046416,0,7,0,0.0,2.0,1.0,2.0,A01
201400046416,0,7,0,3.0,2.0,5.0,2.0,B01
201400046417,0,7,0,0.0,2.0,1.0,1.0,B01
201400046417,0,7,0,0.0,2.0,4.0,2.0,A01
201400046418,0,10,0,0.0,0.0,1.0,2.0,B01
201400046418,0,7,0,0.0,2.0,4.0,2.0,A01
201400046419,0,7,0,0.0,0.0,1.0,1.0,B01
201400046419,0,7,0,0.0,0.0,4.0,1.0,A01
201400046420,0,31,0,0.0,2.0,3.0,3.0,A01
201400046420,0,7,0,0.0,2.0,5.0,12.0,B01
201400046421,0,7,0,0.0,2.0,3.0,1.0,B01
201400046421,0,7,0,0.0,2.0,3.0,21.0,C01
201400046421,0,7,0,4.0,2.0,9.0,17.0,A01
201400046422,0,10,0,0.0,2.0,2.0,1.0,C01
201400046422,0,7,0,0.0,2.0,7.0,1.0,A01
201400046422,0,17,0,0.0,2.0,2.0,12.0,B01
201400046423,0,33,0,0.0,2.0,1.0,2.0,B01
201400046423,0,7,0,0.0,2.0,6.0,1.0,A01
201400046424,0,7,0,0.0,2.0,8.0,1.0,A01
201400046424,0,17,0,0.0,2.0,2.0,12.0,B01
201400046425,0,10,0,0.0,2.0,5.0,12.0,A01
201400046425,0,33,0,0.0,2.0,1.0,21.0,B01
201400046426,0,31,0,14.0,0.0,1.0,1.0,A01
201400046427,0,7,0,4.0,0.0,3.0,2.0,A01
201400046428,0,7,0,0.0,2.0,2.0,12.0,A01
201400046428,0,30,0,0.0,2.0,1.0,3.0,B01
201400046429,0,7,0,0.0,0.0,4.0,2.0,A01
201400046429,0,33,0,0.0,2.0,1.0,2.0,B01
201400046430,0,7,0,0.0,2.0,1.0,2.0,A01
201400046430,0,7,0,0.0,2.0,4.0,2.0,C01
201400046430,0,7,0,0.0,2.0,4.0,2.0,B01
201400046431,0,33,0,0.0,2.0,7.0,1.0,A01
201400046431,0,7,0,0.0,2.0,8.0,11.0,B01
201400046432,0,7,0,0.0,2.0,8.0,11.0,B01
201400046432,0,33,0,0.0,2.0,7.0,1.0,A01
201400046433,0,7,0,0.0,2.0,4.0,1.0,A01
201400046433,2,7,0,0.0,2.0,1.0,2.0,Z01
201400046434,0,7,0,0.0,2.0,8.0,1.0,C01
201400046434,0,7,0,0.0,2.0,2.0,14.0,B01
201400046434,0,33,0,0.0,2.0,3.0,3.0,A01
201400046435,0,7,0,0.0,0.0,1.0,11.0,B01
201400046435,0,7,0,0.0,0.0,5.0,1.0,A01
201400046436,0,7,0,0.0,2.0,4.0,4.0,B01
201400046436,0,10,0,0.0,2.0,1.0,17.0,A01
201400046437,0,34,0,0.0,0.0,8.0,1.0,A01
201400046438,0,7,0,13.0,0.0,1.0,13.0,A01
201400046439,0,7,0,0.0,2.0,4.0,23.0,B01
201400046439,0,7,0,0.0,2.0,1.0,0.0,A01
201400046440,0,7,0,4.0,0.0,1.0,1.0,A01
201400046441,0,7,0,3.0,0.0,7.0,14.0,A01
201400046442,0,7,0,0.0,2.0,1.0,2.0,A01
201400046442,0,7,0,3.0,2.0,4.0,2.0,B01
201400046443,0,7,0,0.0,0.0,4.0,1.0,A01
201400046443,0,7,0,14.0,2.0,1.0,1.0,D01
201400046443,0,7,0,14.0,2.0,1.0,1.0,C01
201400046443,0,7,0,14.0,2.0,1.0,1.0,B01
201400046443,0,7,0,14.0,2.0,1.0,1.0,E01
201400046444,0,31,0,0.0,0.0,7.0,21.0,A01
201400046445,0,7,0,4.0,0.0,1.0,0.0,A01
201400046446,0,33,0,4.0,0.0,3.0,1.0,A01
201400046447,0,7,0,3.0,0.0,7.0,1.0,A01
201400046448,0,7,0,6.0,0.0,9.0,21.0,A01
201400046449,0,32,0,0.0,0.0,0.0,1.0,A01
201400046450,0,15,0,0.0,2.0,2.0,12.0,B01
201400046450,0,7,0,0.0,0.0,8.0,1.0,A01
201400046451,0,33,0,0.0,2.0,1.0,2.0,C01
201400046451,0,7,0,0.0,0.0,1.0,2.0,B01
201400046451,0,10,0,0.0,0.0,4.0,2.0,A01
201400046452,0,10,0,0.0,2.0,8.0,13.0,A01
201400046452,0,32,0,0.0,2.0,7.0,3.0,B01
201400046453,0,7,0,0.0,2.0,7.0,12.0,A01
201400046453,0,31,0,0.0,2.0,8.0,3.0,B01
201400046454,0,17,0,0.0,2.0,4.0,1.0,A01
201400046454,0,14,0,0.0,2.0,1.0,2.0,B01
201400046455,0,15,0,0.0,2.0,1.0,0.0,A01
201400046455,0,7,0,0.0,2.0,8.0,3.0,B01
201400046456,0,7,0,0.0,2.0,6.0,11.0,A01
201400046456,0,31,0,0.0,2.0,1.0,3.0,B01
201400046457,0,33,0,0.0,2.0,8.0,1.0,A01
201400046457,0,7,0,0.0,2.0,3.0,11.0,B01
201400046458,0,33,0,0.0,2.0,2.0,21.0,A01
201400046458,0,7,0,0.0,2.0,3.0,1.0,B01
201400046458,0,7,0,0.0,0.0,0.0,9.0,C01
201400046459,0,7,0,0.0,2.0,4.0,1.0,A01
201400046459,0,7,0,0.0,2.0,9.0,2.0,B01
201400046459,0,31,0,0.0,2.0,9.0,2.0,C01
201400046459,0,7,0,0.0,2.0,9.0,2.0,D01
201400046459,0,7,0,0.0,2.0,1.0,2.0,E01
201400046460,0,7,0,0.0,2.0,4.0,1.0,A01
201400046460,0,33,0,0.0,2.0,1.0,2.0,B01
201400046461,0,7,0,4.0,0.0,3.0,13.0,A01
201400046461,0,7,0,1.0,0.0,3.0,21.0,B01
201400046461,0,7,0,3.0,0.0,7.0,21.0,C01
201400046461,0,7,0,0.0,2.0,4.0,2.0,D01
201400046461,0,7,0,3.0,1.0,3.0,21.0,F01
201400046461,0,10,0,0.0,2.0,3.0,1.0,G01
201400046462,0,7,0,15.0,0.0,1.0,14.0,A01
201400046463,0,7,0,0.0,2.0,4.0,23.0,A01
201400046463,0,7,0,0.0,2.0,9.0,23.0,B01
201400046463,0,7,0,0.0,2.0,1.0,2.0,C01
201400046464,0,7,0,0.0,2.0,1.0,2.0,A01
201400046464,0,7,0,0.0,2.0,4.0,2.0,B01
201400046464,0,7,0,0.0,0.0,4.0,2.0,C01
201400046465,0,7,0,0.0,2.0,8.0,2.0,B01
201400046465,0,15,0,0.0,2.0,1.0,12.0,A01
201400046465,0,7,0,0.0,2.0,1.0,2.0,C01
201400046466,0,7,0,0.0,2.0,1.0,2.0,A01
201400046466,0,7,0,0.0,2.0,9.0,23.0,B01
201400046466,0,7,0,0.0,2.0,4.0,23.0,C01
201400046467,0,7,0,0.0,2.0,9.0,12.0,A01
201400046467,0,33,0,0.0,2.0,1.0,3.0,B01
201400046467,0,33,0,0.0,2.0,1.0,1.0,C01
201400046468,0,7,0,0.0,2.0,8.0,1.0,A01
201400046468,0,7,0,0.0,2.0,7.0,1.0,B01
201400046468,0,33,0,0.0,2.0,9.0,3.0,C01
201400046468,0,7,0,0.0,2.0,7.0,1.0,D01
201400046469,0,7,0,0.0,2.0,4.0,23.0,A01
201400046469,0,7,0,0.0,2.0,1.0,2.0,B01
201400046470,0,7,0,0.0,0.0,6.0,1.0,A01
201400046470,0,14,0,0.0,2.0,2.0,12.0,B01
201400046471,0,33,0,0.0,2.0,1.0,3.0,B01
201400046471,0,7,0,0.0,2.0,4.0,12.0,A01
201400046472,0,10,0,4.0,0.0,1.0,1.0,A01
201400046473,0,33,0,12.0,0.0,8.0,17.0,A01
201400046474,0,7,0,0.0,2.0,4.0,2.0,B01
201400046474,0,10,0,0.0,2.0,4.0,2.0,A01
201400046474,0,15,0,0.0,2.0,1.0,2.0,C01
201400046475,0,7,0,0.0,2.0,4.0,1.0,A01
201400046475,0,7,0,0.0,2.0,1.0,2.0,B01
201400046476,0,10,0,0.0,2.0,4.0,1.0,A01
201400046476,0,10,0,0.0,2.0,1.0,2.0,B01
201400046477,0,7,0,3.0,2.0,1.0,0.0,A01
201400046477,0,7,0,3.0,2.0,7.0,9.0,B01
201400046478,0,7,0,0.0,2.0,4.0,1.0,A01
201400046478,0,7,0,0.0,2.0,9.0,2.0,B01
201400046478,0,7,0,0.0,2.0,9.0,2.0,C01
201400046478,0,7,0,0.0,2.0,1.0,2.0,D01
201400046479,0,10,0,0.0,2.0,9.0,2.0,A01
201400046479,0,10,0,0.0,2.0,4.0,23.0,B01
201400046479,0,10,0,0.0,2.0,9.0,23.0,C01
201400046479,0,10,0,0.0,2.0,9.0,23.0,D01
201400046479,0,7,0,0.0,2.0,4.0,23.0,E01
201400046480,0,7,0,0.0,2.0,4.0,1.0,A01
201400046480,0,7,0,0.0,2.0,1.0,2.0,B01
201400046481,0,7,0,0.0,2.0,4.0,17.0,A01
201400046481,0,33,0,0.0,2.0,1.0,1.0,B01
201400046482,0,7,0,0.0,2.0,8.0,11.0,A01
201400046482,0,33,0,0.0,2.0,7.0,3.0,B01
201400046483,0,33,0,0.0,2.0,8.0,3.0,A01
201400046483,0,7,0,0.0,2.0,2.0,12.0,B01
201400046484,0,7,0,6.0,2.0,2.0,2.0,A01
201400046484,0,10,0,0.0,2.0,4.0,1.0,B01
201400046485,0,7,0,0.0,2.0,4.0,1.0,A01
201400046485,0,7,0,0.0,2.0,1.0,2.0,B01
201400046486,0,33,0,14.0,2.0,1.0,12.0,A01
201400046486,0,14,0,0.0,2.0,5.0,1.0,B01
201400046487,0,7,0,0.0,0.0,2.0,0.0,A01
201400046488,0,7,0,0.0,2.0,6.0,1.0,A01
201400046488,0,33,0,0.0,2.0,1.0,2.0,B01
201400046489,0,7,0,0.0,2.0,4.0,1.0,A01
201400046489,0,7,0,0.0,2.0,1.0,2.0,B01
201400046490,0,14,0,0.0,1.0,2.0,1.0,A01
201400046491,0,7,0,3.0,0.0,0.0,1.0,A01
201400046492,0,7,0,0.0,0.0,2.0,12.0,A01
201400046492,0,33,0,0.0,0.0,8.0,1.0,B01
201400046493,0,33,0,0.0,2.0,1.0,2.0,B01
201400046493,0,33,0,0.0,2.0,1.0,2.0,C01
201400046493,0,7,0,0.0,2.0,4.0,11.0,A01
201400046494,0,33,0,0.0,2.0,1.0,3.0,B01
201400046494,0,10,0,0.0,2.0,8.0,11.0,A01
201400046495,0,7,0,0.0,2.0,1.0,2.0,C01
201400046495,0,31,0,0.0,2.0,1.0,2.0,B01
201400046495,0,7,0,0.0,0.0,4.0,2.0,A01
201400046496,0,10,0,13.0,0.0,2.0,14.0,A01
201400046497,0,7,0,0.0,2.0,5.0,3.0,A01
201400046497,0,33,0,0.0,2.0,2.0,3.0,B01
201400046498,0,33,0,0.0,2.0,1.0,3.0,A01
201400046498,0,7,0,0.0,2.0,4.0,11.0,B01
201400046499,0,33,0,0.0,2.0,7.0,3.0,A01
201400046499,0,31,0,0.0,2.0,8.0,13.0,B01
201400046500,0,7,0,0.0,0.0,9.0,1.0,A01
201400046501,0,33,0,0.0,1.0,3.0,21.0,A01
201400046502,0,7,0,0.0,2.0,5.0,12.0,A01
201400046502,0,32,0,0.0,2.0,3.0,3.0,B01
201400046503,0,33,0,6.0,0.0,8.0,1.0,A01
201400046504,0,7,0,0.0,2.0,7.0,12.0,A01
201400046504,0,33,0,0.0,2.0,3.0,3.0,B01
201400046505,0,7,0,0.0,2.0,4.0,23.0,A01
201400046505,0,10,0,0.0,2.0,9.0,23.0,B01
201400046505,0,15,0,0.0,2.0,1.0,2.0,C01
201400046506,0,15,0,0.0,2.0,7.0,12.0,A01
201400046506,0,7,0,3.0,2.0,9.0,1.0,B01
201400046507,0,7,0,0.0,2.0,4.0,23.0,A01
201400046507,0,7,0,0.0,2.0,4.0,23.0,C01
201400046507,0,7,0,0.0,2.0,4.0,23.0,B01
201400046507,0,7,0,0.0,2.0,1.0,2.0,D01
201400046508,0,7,0,0.0,2.0,3.0,1.0,B01
201400046508,0,15,0,0.0,2.0,2.0,12.0,C01
201400046508,0,7,0,0.0,2.0,8.0,9.0,A01
201400046509,0,7,0,0.0,2.0,2.0,12.0,A01
201400046509,0,33,0,0.0,2.0,3.0,2.0,B01
201400046510,0,7,0,0.0,2.0,1.0,2.0,A01
201400046510,0,7,0,0.0,2.0,6.0,1.0,C01
201400046510,0,7,0,0.0,2.0,5.0,1.0,B01
201400046511,0,33,0,0.0,2.0,3.0,3.0,B01
201400046511,0,7,0,0.0,2.0,4.0,12.0,A01
201400046512,0,7,0,0.0,2.0,1.0,12.0,B01
201400046512,0,7,0,0.0,2.0,4.0,2.0,A01
201400046513,0,33,0,0.0,0.0,1.0,21.0,A01
201400046514,0,7,0,0.0,2.0,4.0,1.0,A01
201400046514,0,7,0,0.0,2.0,1.0,2.0,B01
201400046514,0,7,0,0.0,2.0,9.0,2.0,C01
201400046515,0,7,0,0.0,1.0,1.0,1.0,A01
201400046516,1,15,0,0.0,2.0,6.0,1.0,Z01
201400046516,0,33,0,0.0,2.0,2.0,3.0,A01
201400046517,0,33,0,0.0,0.0,0.0,1.0,A01
201400046518,0,7,0,0.0,2.0,1.0,2.0,C01
201400046518,0,7,0,0.0,2.0,4.0,2.0,B01
201400046518,0,7,0,0.0,0.0,4.0,2.0,A01
201400046519,0,7,0,4.0,0.0,3.0,1.0,A01
201400046520,0,7,0,0.0,0.0,1.0,0.0,A01
201400046521,0,33,0,0.0,2.0,1.0,2.0,A01
201400046521,0,7,0,0.0,2.0,6.0,2.0,C01
201400046521,0,7,0,0.0,2.0,8.0,1.0,B01
201400046522,0,7,0,0.0,0.0,9.0,21.0,A01
201400046523,0,10,0,4.0,0.0,1.0,1.0,A01
201400046524,0,14,0,0.0,2.0,2.0,2.0,A01
201400046524,0,10,0,0.0,2.0,9.0,23.0,B01
201400046524,0,15,0,0.0,2.0,4.0,23.0,C01
201400046525,0,15,0,0.0,2.0,3.0,1.0,B01
201400046525,0,7,0,0.0,2.0,2.0,12.0,A01
201400046525,0,33,0,0.0,2.0,7.0,1.0,C01
201400046526,0,33,0,0.0,0.0,7.0,1.0,A01
201400046527,0,7,0,1.0,0.0,2.0,1.0,B01
201400046527,0,7,0,0.0,0.0,6.0,23.0,A01
201400046528,0,7,0,3.0,0.0,2.0,21.0,A01
201400046529,0,7,0,0.0,2.0,0.0,21.0,A01
201400046530,0,15,0,0.0,2.0,1.0,2.0,B01
201400046530,0,15,0,0.0,2.0,4.0,2.0,A01
201400046530,0,7,0,0.0,2.0,4.0,9.0,C01