Num_Acc,senc,catv,occutc,obs,obsm,choc,manv,num_veh
201400046531,0,7,0,3.0,0.0,1.0,2.0,A01
201400046532,0,7,0,0.0,0.0,4.0,2.0,A01
201400046532,0,7,0,0.0,2.0,4.0,2.0,B01
201400046532,0,7,0,0.0,2.0,1.0,2.0,C01
201400046533,0,33,0,0.0,2.0,1.0,11.0,B01
201400046533,0,7,0,0.0,2.0,6.0,2.0,A01
201400046534,0,33,0,0.0,2.0,1.0,21.0,A01
201400046534,0,33,0,0.0,2.0,4.0,1.0,B01
201400046535,0,7,0,4.0,2.0,1.0,19.0,A01
201400046535,0,7,0,0.0,2.0,7.0,1.0,B01
201400046535,0,7,0,6.0,2.0,4.0,1.0,C01
201400046535,0,7,0,0.0,2.0,5.0,1.0,D01
201400046535,0,10,0,0.0,2.0,6.0,1.0,E01
201400046535,0,7,0,0.0,2.0,9.0,1.0,F01
201400046535,0,10,0,0.0,2.0,4.0,2.0,G01
201400046536,0,10,0,0.0,2.0,6.0,11.0,A01
201400046536,0,33,0,0.0,2.0,1.0,13.0,B01
201400046537,0,7,0,0.0,2.0,2.0,5.0,A01
201400046537,0,7,0,0.0,2.0,9.0,2.0,C01
201400046537,0,7,0,0.0,2.0,2.0,2.0,B01
201400046538,0,7,0,2.0,0.0,1.0,0.0,A01
201400046539,0,7,0,0.0,2.0,6.0,12.0,A01
201400046539,0,33,0,0.0,2.0,1.0,3.0,B01
201400046539,0,7,0,0.0,2.0,6.0,1.0,C01
201400046540,0,7,0,14.0,2.0,1.0,12.0,A01
201400046540,0,7,0,6.0,2.0,4.0,1.0,B01
201400046541,0,10,0,0.0,2.0,1.0,2.0,A01
201400046541,0,10,0,0.0,2.0,4.0,2.0,C01
201400046541,0,7,0,0.0,2.0,4.0,2.0,B01
201400046542,0,7,0,0.0,9.0,0.0,2.0,B01
201400046542,1,7,0,0.0,0.0,9.0,0.0,A01
201400046543,0,32,0,0.0,0.0,7.0,1.0,A01
201400046544,0,10,0,4.0,0.0,2.0,1.0,A01
201400046545,0,7,0,0.0,0.0,4.0,2.0,D01
201400046545,0,7,0,0.0,0.0,4.0,2.0,C01
201400046545,0,7,0,0.0,0.0,4.0,1.0,A01
201400046545,0,7,0,0.0,0.0,4.0,2.0,B01
201400046545,0,7,0,0.0,0.0,1.0,2.0,E01
201400046546,0,7,0,0.0,0.0,5.0,2.0,B01
201400046546,0,33,0,2.0,2.0,1.0,11.0,A01
201400046547,0,7,0,0.0,2.0,4.0,12.0,A01
201400046547,0,33,0,0.0,2.0,1.0,3.0,B01
201400046548,0,7,0,16.0,0.0,9.0,0.0,A01
201400046549,0,34,0,0.0,2.0,2.0,0.0,A01
201400046549,0,15,0,0.0,2.0,3.0,1.0,B01
201400046550,0,7,0,0.0,2.0,1.0,14.0,B01
201400046550,0,33,0,0.0,2.0,2.0,14.0,A01
201400046550,0,7,0,0.0,0.0,5.0,2.0,C01
201400046551,0,10,0,0.0,2.0,6.0,11.0,A01
201400046551,0,10,0,0.0,2.0,2.0,13.0,B01
201400046551,0,32,0,0.0,2.0,7.0,3.0,C01
201400046552,0,33,0,0.0,2.0,7.0,1.0,A01
201400046552,0,7,0,0.0,2.0,8.0,11.0,B01
201400046552,0,7,0,0.0,2.0,4.0,1.0,C01
201400046553,0,13,0,0.0,2.0,1.0,2.0,A01
201400046553,0,7,0,0.0,0.0,4.0,1.0,B01
201400046554,0,7,0,0.0,2.0,1.0,12.0,A01
201400046554,0,7,0,0.0,2.0,4.0,1.0,B01
201400046555,0,7,0,0.0,2.0,1.0,2.0,C01
201400046555,0,7,0,0.0,2.0,4.0,2.0,A01
201400046555,0,7,0,0.0,2.0,4.0,2.0,B01
201400046556,0,7,0,0.0,2.0,6.0,2.0,B01
201400046556,0,7,0,0.0,2.0,4.0,2.0,A01
201400046557,0,7,0,0.0,2.0,8.0,11.0,A01
201400046557,0,33,0,0.0,2.0,1.0,3.0,B01
201400046557,0,7,0,0.0,2.0,4.0,1.0,C01
201400046558,0,15,0,0.0,2.0,2.0,12.0,A01
201400046558,0,7,0,0.0,2.0,6.0,1.0,B01
201400046559,0,34,0,0.0,2.0,2.0,3.0,A01
201400046559,0,7,0,0.0,2.0,3.0,11.0,B01
201400046559,0,7,0,0.0,2.0,7.0,1.0,C01
201400046560,0,7,0,0.0,2.0,4.0,1.0,A01
201400046560,0,7,0,0.0,2.0,1.0,9.0,B01
201400046561,0,7,0,0.0,2.0,2.0,12.0,A01
201400046561,0,31,0,0.0,2.0,3.0,21.0,B01
201400046562,0,33,0,0.0,2.0,3.0,3.0,B01
201400046562,0,10,0,0.0,2.0,8.0,12.0,A01
201400046563,0,7,0,13.0,0.0,1.0,0.0,A01
201400046564,0,7,0,4.0,0.0,8.0,1.0,A01
201400046565,0,14,0,0.0,2.0,1.0,2.0,C01
201400046565,0,14,0,0.0,0.0,4.0,2.0,A01
201400046565,0,7,0,0.0,2.0,4.0,2.0,B01
201400046566,0,7,0,0.0,0.0,2.0,2.0,A01
201400046566,0,15,0,0.0,0.0,0.0,2.0,B01
201400046567,0,13,0,0.0,2.0,1.0,2.0,A01
201400046567,0,7,0,0.0,2.0,6.0,11.0,B01
201400046568,0,7,0,0.0,2.0,3.0,1.0,A01
201400046568,0,7,0,0.0,2.0,7.0,17.0,B01
201400046569,0,7,0,0.0,0.0,0.0,14.0,A01
201400046569,0,33,0,4.0,0.0,9.0,21.0,B01
201400046570,0,7,0,0.0,2.0,5.0,12.0,A01
201400046570,0,33,0,0.0,2.0,1.0,3.0,B01
201400046571,0,7,0,3.0,0.0,9.0,9.0,A01
201400046572,0,7,0,4.0,2.0,2.0,1.0,A01
201400046572,0,15,0,0.0,2.0,8.0,1.0,B01
201400046573,0,10,0,0.0,2.0,5.0,1.0,A01
201400046573,0,33,0,0.0,2.0,1.0,12.0,B01
201400046574,0,33,0,0.0,2.0,8.0,0.0,B01
201400046574,0,7,0,0.0,2.0,7.0,12.0,A01
201400046575,0,7,0,0.0,2.0,1.0,12.0,A01
201400046575,0,33,0,0.0,2.0,1.0,3.0,B01
201400046576,0,7,0,0.0,2.0,1.0,2.0,A01
201400046576,0,7,0,0.0,2.0,9.0,23.0,B01
201400046576,0,7,0,0.0,2.0,9.0,23.0,C01
201400046576,0,7,0,0.0,2.0,4.0,23.0,D01
201400046577,0,7,0,0.0,2.0,4.0,23.0,A01
201400046577,0,7,0,0.0,2.0,9.0,23.0,B01
201400046577,0,7,0,0.0,2.0,9.0,23.0,C01
201400046577,0,7,0,0.0,2.0,1.0,2.0,D01
201400046578,0,7,0,0.0,2.0,6.0,1.0,A01
201400046578,0,17,0,0.0,2.0,1.0,2.0,B01
201400046579,0,32,0,0.0,9.0,0.0,3.0,A01
201400046579,0,7,0,0.0,2.0,6.0,23.0,B01
201400046580,0,15,0,4.0,0.0,3.0,1.0,A01
201400046581,0,7,0,0.0,2.0,1.0,2.0,A01
201400046581,0,10,0,0.0,2.0,4.0,2.0,B01
201400046582,0,10,0,0.0,2.0,7.0,12.0,A01
201400046582,0,31,0,0.0,2.0,8.0,3.0,B01
201400046583,0,33,0,0.0,2.0,7.0,1.0,B01
201400046583,0,7,0,0.0,2.0,6.0,1.0,A01
201400046584,0,7,0,0.0,2.0,6.0,11.0,A01
201400046584,0,33,0,0.0,2.0,1.0,3.0,B01
201400046585,0,7,0,4.0,0.0,7.0,1.0,A01
201400046586,0,7,0,3.0,0.0,1.0,1.0,A01
201400046587,0,15,0,0.0,2.0,2.0,12.0,B01
201400046587,0,7,0,0.0,0.0,8.0,1.0,A01
201400046588,0,7,0,0.0,0.0,4.0,23.0,A01
201400046588,0,10,0,0.0,2.0,1.0,2.0,B01
201400046589,0,7,0,3.0,0.0,1.0,13.0,A01
201400046590,0,7,0,0.0,2.0,6.0,1.0,A01
201400046590,0,32,0,0.0,2.0,1.0,12.0,B01
201400046591,0,7,0,3.0,0.0,8.0,1.0,A01
201400046592,0,7,0,4.0,0.0,7.0,1.0,A01
201400046593,0,7,0,0.0,2.0,2.0,12.0,A01
201400046593,0,33,0,0.0,2.0,9.0,3.0,B01
201400046593,0,7,0,0.0,2.0,4.0,1.0,C01
201400046594,0,7,0,0.0,2.0,2.0,12.0,A01
201400046594,0,33,0,0.0,2.0,9.0,3.0,B01
201400046594,0,10,0,0.0,2.0,6.0,1.0,C01
201400046595,0,34,0,0.0,2.0,1.0,18.0,A01
201400046595,0,10,0,0.0,2.0,6.0,23.0,B01
201400046596,0,33,0,0.0,0.0,7.0,3.0,A01
201400046597,0,7,0,4.0,0.0,1.0,1.0,A01
201400046598,0,7,0,0.0,2.0,2.0,12.0,A01
201400046598,0,31,0,0.0,2.0,9.0,3.0,B01
201400046598,0,33,0,0.0,2.0,1.0,1.0,C01
201400046599,0,7,0,0.0,0.0,4.0,2.0,A01
201400046599,0,7,0,0.0,2.0,1.0,2.0,B01
201400046600,0,33,0,0.0,2.0,1.0,3.0,B01
201400046600,0,33,0,0.0,0.0,4.0,3.0,A01
201400046601,0,7,0,0.0,2.0,8.0,1.0,A01
201400046601,1,17,0,0.0,2.0,2.0,12.0,Z01
201400046602,0,7,0,0.0,2.0,7.0,12.0,A01
201400046602,0,33,0,0.0,2.0,8.0,3.0,B01
201400046603,0,7,0,0.0,2.0,6.0,1.0,A01
201400046603,0,33,0,0.0,2.0,2.0,1.0,B01
201400046604,0,33,0,0.0,0.0,0.0,3.0,A01
201400046605,0,7,0,0.0,2.0,1.0,2.0,B01
201400046605,0,7,0,0.0,0.0,4.0,2.0,A01
201400046606,0,33,0,0.0,2.0,8.0,3.0,A01
201400046606,0,13,0,0.0,2.0,6.0,1.0,B01
201400046606,1,7,0,0.0,2.0,7.0,1.0,Z01
201400046607,0,33,0,0.0,2.0,1.0,1.0,A01
201400046607,1,7,0,0.0,2.0,6.0,11.0,Z01
201400046608,0,7,0,0.0,2.0,4.0,11.0,A01
201400046608,0,33,0,0.0,2.0,1.0,3.0,B01
201400046609,0,10,0,0.0,2.0,4.0,1.0,A01
201400046609,0,14,0,0.0,2.0,1.0,2.0,B01
201400046610,0,7,0,0.0,2.0,4.0,1.0,A01
201400046610,0,33,0,0.0,2.0,9.0,2.0,B01
201400046610,0,10,0,0.0,2.0,2.0,1.0,C01
201400046611,1,99,0,0.0,1.0,0.0,0.0,Z01
201400046612,0,33,0,3.0,0.0,1.0,1.0,A01
201400046613,0,7,0,0.0,2.0,4.0,1.0,A01
201400046613,0,7,0,0.0,2.0,1.0,2.0,B01
201400046614,0,7,0,6.0,0.0,1.0,14.0,A01
201400046615,0,7,0,13.0,0.0,2.0,0.0,A01
201400046616,0,15,0,0.0,2.0,6.0,11.0,B01
201400046616,0,33,0,0.0,2.0,1.0,1.0,A01
201400046617,0,7,0,0.0,2.0,5.0,12.0,A01
201400046617,0,33,0,0.0,2.0,1.0,1.0,B01
201400046618,0,33,0,0.0,2.0,0.0,3.0,A01
201400046618,0,7,0,0.0,0.0,8.0,1.0,C01
201400046618,0,7,0,0.0,0.0,7.0,12.0,B01
201400046619,0,33,0,0.0,2.0,1.0,3.0,A01
201400046619,0,33,0,0.0,2.0,4.0,1.0,B01
201400046620,0,34,0,0.0,2.0,2.0,3.0,A01
201400046620,0,7,0,0.0,2.0,8.0,11.0,B01
201400046621,0,7,0,0.0,2.0,6.0,11.0,A01
201400046621,0,32,0,0.0,2.0,2.0,11.0,B01
201400046622,0,7,0,0.0,2.0,4.0,23.0,A01
201400046622,0,7,0,0.0,2.0,9.0,23.0,B01
201400046622,0,7,0,0.0,2.0,9.0,23.0,C01
201400046622,0,7,0,0.0,2.0,9.0,23.0,D01
201400046622,0,7,0,0.0,2.0,9.0,23.0,E01
201400046622,0,38,1,0.0,2.0,1.0,2.0,F01
201400046623,0,7,0,3.0,0.0,3.0,2.0,A01
201400046624,0,38,34,0.0,2.0,1.0,2.0,B01
201400046624,0,15,0,0.0,2.0,4.0,2.0,A01
201400046625,0,7,0,0.0,0.0,0.0,0.0,A01
201400046626,0,10,0,4.0,0.0,3.0,0.0,A01
201400046627,0,7,0,0.0,2.0,4.0,1.0,A01
201400046627,0,7,0,0.0,2.0,9.0,2.0,B01
201400046627,0,7,0,0.0,2.0,1.0,2.0,C01
201400046628,0,15,0,0.0,0.0,0.0,13.0,A01
201400046628,0,32,0,0.0,2.0,3.0,3.0,B01
201400046628,0,7,0,0.0,2.0,5.0,1.0,C01
201400046629,0,17,0,0.0,2.0,4.0,2.0,C01
201400046629,0,17,0,0.0,0.0,4.0,1.0,A01
201400046629,0,10,0,0.0,2.0,4.0,2.0,B01
201400046629,0,17,0,0.0,2.0,1.0,2.0,D01
201400046630,0,7,0,0.0,2.0,3.0,1.0,B01
201400046630,0,10,0,0.0,2.0,7.0,1.0,A01
201400046630,0,14,0,0.0,2.0,2.0,14.0,C01
201400046631,0,7,0,0.0,2.0,4.0,2.0,B01
201400046631,0,7,0,0.0,2.0,1.0,2.0,A01
201400046631,0,7,0,0.0,2.0,4.0,2.0,C01
201400046632,0,7,0,0.0,2.0,4.0,23.0,A01
201400046632,0,7,0,0.0,2.0,9.0,2.0,B01
201400046632,0,34,0,0.0,2.0,1.0,2.0,C01
201400046633,0,31,0,0.0,2.0,3.0,3.0,A01
201400046633,0,7,0,0.0,2.0,5.0,12.0,B01
201400046634,0,10,0,0.0,0.0,1.0,2.0,C01
201400046634,0,7,0,0.0,0.0,4.0,2.0,A01
201400046634,0,7,0,0.0,0.0,4.0,2.0,B01
201400046635,0,15,0,0.0,2.0,2.0,1.0,B01
201400046635,0,7,0,0.0,2.0,8.0,17.0,C01
201400046635,0,7,0,0.0,2.0,6.0,9.0,A01
201400046635,0,10,0,0.0,2.0,1.0,17.0,D01
201400046636,0,7,0,5.0,0.0,1.0,1.0,A01
201400046637,0,17,0,0.0,0.0,0.0,1.0,A01
201400046637,0,7,0,4.0,0.0,0.0,1.0,B01
201400046638,0,7,0,0.0,2.0,6.0,11.0,A01
201400046638,0,31,0,0.0,2.0,1.0,3.0,B01
201400046639,0,7,0,4.0,0.0,1.0,1.0,A01
201400046640,0,17,0,3.0,2.0,8.0,1.0,A01
201400046640,0,10,0,0.0,2.0,8.0,1.0,C01
201400046640,0,10,0,0.0,2.0,8.0,1.0,B01
201400046641,0,7,0,0.0,2.0,1.0,14.0,A01
201400046641,0,7,0,0.0,2.0,8.0,1.0,B01
201400046642,1,15,0,0.0,2.0,8.0,2.0,Z01
201400046642,0,7,0,0.0,2.0,7.0,2.0,A01
201400046643,0,7,0,4.0,0.0,1.0,1.0,A01
201400046644,0,7,0,16.0,0.0,9.0,16.0,A01
201400046645,0,33,0,14.0,0.0,7.0,3.0,A01
201400046646,0,31,0,0.0,0.0,7.0,3.0,A01
201400046647,0,7,0,0.0,2.0,5.0,1.0,A01
201400046647,0,33,0,0.0,2.0,2.0,3.0,B01
201400046647,0,7,0,0.0,2.0,5.0,1.0,C01
201400046647,0,34,0,0.0,2.0,0.0,1.0,D01
201400046647,1,14,0,0.0,2.0,6.0,13.0,Z01
201400046648,0,7,0,4.0,2.0,3.0,21.0,A01
201400046648,0,10,0,0.0,2.0,1.0,1.0,B01
201400046649,0,7,0,0.0,2.0,7.0,12.0,A01
201400046649,0,31,0,0.0,2.0,8.0,3.0,B01
201400046650,0,7,0,0.0,2.0,4.0,1.0,A01
201400046650,0,7,0,0.0,2.0,9.0,2.0,B01
201400046650,0,38,10,0.0,2.0,1.0,2.0,C01
201400046651,2,7,0,4.0,0.0,8.0,1.0,A01
201400046652,0,7,0,0.0,2.0,3.0,1.0,A01
201400046652,0,7,0,0.0,2.0,2.0,1.0,B01
201400046652,1,7,0,0.0,2.0,8.0,18.0,Z01
201400046653,0,7,0,0.0,2.0,1.0,2.0,A01
201400046653,0,7,0,0.0,0.0,6.0,2.0,B01
201400046654,0,7,0,0.0,2.0,4.0,2.0,B01
201400046654,0,7,0,0.0,2.0,4.0,2.0,C01
201400046654,0,7,0,0.0,0.0,4.0,2.0,A01
201400046654,0,7,0,0.0,2.0,1.0,2.0,D01
201400046655,0,7,0,0.0,2.0,4.0,1.0,B01
201400046655,0,7,0,0.0,2.0,1.0,1.0,A01
201400046656,0,7,0,0.0,2.0,7.0,12.0,A01
201400046656,0,33,0,0.0,2.0,8.0,3.0,B01
201400046657,0,7,0,0.0,0.0,9.0,14.0,A01
201400046658,0,7,0,0.0,0.0,9.0,0.0,A01
201400046659,0,2,0,0.0,0.0,7.0,1.0,A01
201400046660,0,7,0,3.0,0.0,1.0,1.0,A01
201400046661,0,7,0,0.0,2.0,1.0,2.0,A01
201400046661,0,17,0,0.0,2.0,8.0,1.0,B01
201400046661,2,7,0,0.0,2.0,2.0,12.0,C01
201400046662,0,7,0,0.0,2.0,4.0,23.0,A01
201400046662,0,7,0,0.0,2.0,9.0,2.0,B01
201400046662,0,7,0,0.0,2.0,1.0,2.0,C01
201400046663,0,7,0,0.0,2.0,5.0,12.0,A01
201400046663,0,33,0,0.0,2.0,1.0,3.0,B01
201400046664,0,7,0,4.0,0.0,1.0,1.0,A01
201400046665,0,33,0,3.0,2.0,7.0,9.0,B01
201400046665,0,30,0,3.0,2.0,8.0,9.0,A01
201400046666,0,7,0,0.0,0.0,4.0,1.0,A01
201400046666,0,14,0,0.0,2.0,1.0,0.0,D01
201400046666,0,10,0,0.0,2.0,4.0,1.0,C01
201400046666,0,10,0,0.0,2.0,1.0,2.0,B01
201400046667,0,31,0,0.0,5.0,1.0,1.0,A01
201400046668,0,7,0,0.0,2.0,8.0,11.0,A01
201400046668,0,33,0,0.0,2.0,2.0,3.0,B01
201400046669,0,31,0,0.0,2.0,3.0,9.0,A01
201400046669,0,17,0,0.0,2.0,2.0,1.0,B01
201400046670,0,15,0,0.0,2.0,7.0,12.0,A01
201400046670,0,7,0,0.0,2.0,8.0,1.0,B01
201400046671,0,7,0,4.0,2.0,5.0,12.0,A01
201400046671,0,10,0,0.0,2.0,3.0,1.0,B01
201400046671,0,7,0,0.0,2.0,7.0,1.0,C01
201400046672,0,7,0,4.0,0.0,3.0,1.0,A01
201400046673,0,7,0,0.0,2.0,2.0,12.0,A01
201400046673,0,33,0,0.0,2.0,8.0,1.0,B01
201400046674,0,7,0,0.0,2.0,8.0,12.0,A01
201400046674,0,33,0,0.0,2.0,7.0,1.0,B01
201400046675,0,33,0,0.0,0.0,0.0,1.0,A01
201400046676,0,7,0,0.0,2.0,4.0,1.0,A01
201400046676,0,7,0,0.0,2.0,1.0,2.0,B01
201400046677,0,33,0,0.0,6.0,1.0,2.0,A01
201400046678,0,31,0,0.0,2.0,2.0,3.0,A01
201400046678,0,7,0,0.0,2.0,0.0,12.0,B01
201400046678,0,7,0,0.0,2.0,3.0,1.0,C01
201400046679,0,7,0,0.0,2.0,4.0,23.0,A01
201400046679,0,32,0,0.0,2.0,1.0,2.0,B01
201400046680,0,10,0,0.0,2.0,4.0,1.0,A01
201400046680,0,7,0,0.0,2.0,9.0,2.0,B01
201400046680,0,7,0,0.0,2.0,1.0,2.0,C01
201400046681,0,7,0,0.0,2.0,4.0,23.0,A01
201400046681,0,7,0,0.0,2.0,9.0,23.0,B01
201400046681,0,7,0,0.0,2.0,9.0,23.0,C01
201400046681,0,7,0,0.0,2.0,9.0,23.0,D01
201400046681,0,7,0,0.0,2.0,9.0,23.0,E01
201400046681,0,7,0,0.0,2.0,1.0,2.0,F01
201400046682,0,31,0,0.0,2.0,1.0,2.0,A01
201400046682,0,7,0,0.0,2.0,9.0,2.0,B01
201400046682,0,7,0,0.0,2.0,4.0,1.0,C01
201400046683,0,7,0,4.0,0.0,1.0,1.0,A01
201400046684,0,7,0,0.0,2.0,1.0,2.0,A01
201400046684,0,7,0,0.0,2.0,4.0,1.0,B01
201400046685,0,7,0,4.0,2.0,4.0,1.0,A01
201400046685,0,7,0,0.0,2.0,1.0,2.0,B01
201400046686,0,10,0,0.0,2.0,0.0,1.0,A01
201400046686,0,17,0,0.0,2.0,5.0,2.0,B01
201400046687,0,33,0,0.0,2.0,1.0,3.0,A01
201400046687,0,7,0,0.0,2.0,4.0,0.0,B01
201400046688,0,7,0,0.0,2.0,7.0,16.0,A01
201400046688,0,32,0,0.0,2.0,8.0,18.0,B01
201400046689,0,7,0,0.0,0.0,2.0,0.0,A01
201400046690,0,7,0,0.0,2.0,2.0,1.0,A01
201400046690,0,32,0,0.0,2.0,3.0,3.0,B01
201400046691,0,33,0,0.0,0.0,8.0,1.0,A01
201400046692,0,7,0,0.0,2.0,7.0,12.0,A01
201400046692,0,14,0,0.0,2.0,6.0,11.0,B01
201400046692,0,15,0,0.0,2.0,5.0,1.0,C01
201400046693,0,33,0,0.0,0.0,8.0,21.0,A01
201400046694,0,7,0,0.0,2.0,8.0,1.0,A01
201400046694,0,17,0,0.0,2.0,2.0,12.0,B01
201400046695,0,7,0,0.0,0.0,3.0,0.0,A01
201400046696,0,7,0,4.0,2.0,1.0,2.0,A01
201400046696,0,7,0,0.0,2.0,4.0,1.0,B01
201400046696,0,7,0,12.0,2.0,6.0,21.0,C01
201400046697,0,34,0,0.0,2.0,8.0,1.0,A01
201400046697,0,7,0,0.0,2.0,7.0,12.0,B01
201400046698,0,7,0,0.0,2.0,7.0,12.0,A01
201400046698,0,33,0,0.0,2.0,1.0,3.0,B01
201400046699,0,7,0,0.0,2.0,1.0,2.0,B01
201400046699,0,7,0,0.0,0.0,4.0,1.0,A01
201400046700,0,7,0,4.0,0.0,3.0,1.0,A01
201400046701,0,7,0,0.0,0.0,0.0,0.0,D01
201400046701,0,7,0,0.0,0.0,0.0,0.0,C01
201400046701,0,7,0,0.0,0.0,0.0,0.0,B01
201400046701,0,33,0,0.0,0.0,0.0,0.0,A01
201400046702,0,7,0,0.0,0.0,4.0,2.0,A01
201400046702,0,7,0,0.0,2.0,1.0,2.0,C01
201400046702,0,7,0,0.0,2.0,1.0,2.0,B01
201400046703,0,7,0,0.0,2.0,3.0,11.0,A01
201400046703,0,31,0,0.0,2.0,5.0,3.0,B01
201400046704,0,33,0,0.0,0.0,2.0,1.0,A01
201400046705,0,7,0,0.0,0.0,4.0,1.0,A02
201400046705,0,7,0,0.0,2.0,1.0,2.0,F01
201400046705,0,7,0,0.0,0.0,4.0,2.0,B01
201400046705,0,7,0,0.0,2.0,6.0,2.0,E01
201400046705,0,7,0,0.0,0.0,4.0,2.0,D01
201400046705,0,7,0,0.0,0.0,4.0,2.0,C01
201400046706,0,7,0,0.0,2.0,3.0,1.0,B01
201400046706,0,17,0,0.0,2.0,2.0,12.0,A01
201400046707,0,14,0,0.0,2.0,6.0,11.0,B01
201400046707,0,33,0,0.0,2.0,2.0,1.0,A01
201400046708,0,7,0,0.0,2.0,2.0,0.0,A01
201400046708,0,7,0,0.0,2.0,6.0,2.0,B01
201400046709,0,7,0,1.0,0.0,1.0,1.0,A01
201400046709,0,15,0,0.0,0.0,0.0,24.0,B01
201400046710,0,7,0,0.0,2.0,8.0,11.0,B01
201400046710,0,34,0,0.0,2.0,1.0,3.0,A01
201400046710,0,10,0,0.0,2.0,8.0,1.0,C01
201400046711,0,7,0,0.0,1.0,1.0,2.0,C01
201400046711,0,7,0,0.0,0.0,0.0,1.0,A01
201400046711,0,7,0,0.0,1.0,1.0,2.0,B01
201400046712,0,7,0,0.0,2.0,7.0,1.0,C01
201400046712,0,7,0,0.0,2.0,4.0,1.0,A01
201400046712,0,7,0,0.0,2.0,1.0,2.0,B01
201400046713,0,33,0,0.0,2.0,7.0,1.0,A01
201400046713,0,7,0,0.0,2.0,3.0,13.0,B01
201400046714,0,7,0,0.0,2.0,1.0,9.0,B01
201400046714,0,7,0,0.0,2.0,6.0,2.0,A01
201400046715,0,33,0,0.0,2.0,2.0,3.0,B01
201400046715,0,7,0,0.0,2.0,8.0,11.0,A01
201400046716,0,7,0,11.0,0.0,3.0,1.0,A01
201400046717,0,33,0,0.0,0.0,7.0,1.0,A01
201400046718,0,33,0,0.0,0.0,1.0,17.0,A01
201400046719,0,7,0,0.0,2.0,1.0,2.0,A01
201400046719,0,7,0,0.0,2.0,4.0,23.0,B01
201400046720,0,7,0,0.0,2.0,1.0,2.0,A01
201400046720,0,10,0,0.0,2.0,4.0,23.0,B01
201400046721,0,7,0,4.0,0.0,1.0,1.0,A01
201400046722,0,7,0,0.0,2.0,1.0,11.0,B01
201400046722,0,34,0,0.0,2.0,6.0,3.0,A01
201400046723,0,7,0,0.0,2.0,7.0,12.0,A01
201400046723,0,32,0,0.0,2.0,8.0,3.0,B01
201400046724,0,34,0,0.0,2.0,8.0,3.0,A01
201400046724,1,7,0,0.0,2.0,7.0,12.0,Z01
201400046725,0,7,0,0.0,2.0,1.0,2.0,A01
201400046725,0,34,0,0.0,2.0,4.0,1.0,B01
201400046726,0,7,0,0.0,2.0,9.0,13.0,A01
201400046726,0,7,0,4.0,2.0,9.0,1.0,C01
201400046726,0,7,0,0.0,2.0,5.0,1.0,D01
201400046726,0,7,0,0.0,2.0,2.0,1.0,B01
201400046727,0,7,0,3.0,0.0,1.0,1.0,A01
201400046728,0,7,0,0.0,2.0,4.0,23.0,C01
201400046728,0,33,0,0.0,2.0,1.0,3.0,A01
201400046728,0,7,0,0.0,2.0,2.0,12.0,B01
201400046729,0,33,0,0.0,2.0,1.0,0.0,B01
201400046729,0,10,0,0.0,2.0,5.0,12.0,A01
201400046730,0,7,0,0.0,2.0,9.0,13.0,A01
201400046730,0,17,0,0.0,2.0,8.0,13.0,C01
201400046730,0,7,0,0.0,2.0,2.0,13.0,B01
201400046731,0,10,0,0.0,2.0,9.0,23.0,B01
201400046731,0,7,0,0.0,2.0,1.0,2.0,A01
201400046731,0,7,0,0.0,2.0,4.0,23.0,C01
201400046732,0,7,0,3.0,2.0,4.0,2.0,A01
201400046732,0,7,0,1.0,0.0,1.0,2.0,B01
201400046733,0,7,0,0.0,2.0,3.0,1.0,C01
201400046733,0,33,0,0.0,2.0,9.0,3.0,A01
201400046733,0,7,0,0.0,2.0,5.0,12.0,B01
201400046734,0,7,0,0.0,2.0,2.0,12.0,A01
201400046734,0,31,0,0.0,2.0,3.0,3.0,B01
201400046735,0,7,0,0.0,2.0,7.0,12.0,A01
201400046735,0,31,0,0.0,2.0,8.0,1.0,B01
201400046736,0,14,0,0.0,2.0,1.0,2.0,C01
201400046736,0,15,0,0.0,2.0,4.0,2.0,A01
201400046736,0,14,0,0.0,2.0,4.0,2.0,B01
201400046737,0,7,0,0.0,0.0,4.0,2.0,A01
201400046737,0,7,0,0.0,2.0,1.0,2.0,C01
201400046737,0,7,0,0.0,2.0,4.0,2.0,B01
201400046738,0,10,0,0.0,0.0,0.0,12.0,B01
201400046738,0,33,0,4.0,0.0,3.0,21.0,A01
201400046739,0,33,0,0.0,2.0,8.0,1.0,B01
201400046739,0,7,0,0.0,2.0,7.0,12.0,A01
201400046740,0,7,0,0.0,2.0,1.0,1.0,B01
201400046740,0,7,0,0.0,2.0,4.0,1.0,A01
201400046740,2,7,0,0.0,2.0,1.0,1.0,C01
201400046741,0,33,0,0.0,2.0,7.0,3.0,A01
201400046741,0,7,0,0.0,2.0,8.0,11.0,B01
201400046742,0,7,0,0.0,0.0,1.0,2.0,A01
201400046742,0,7,0,0.0,0.0,4.0,2.0,D01
201400046742,0,7,0,0.0,0.0,4.0,2.0,B01
201400046742,0,7,0,0.0,0.0,4.0,2.0,C01
201400046743,0,7,0,0.0,2.0,4.0,2.0,B01
201400046743,0,7,0,0.0,2.0,1.0,2.0,A01
201400046744,0,33,0,0.0,2.0,1.0,2.0,B01
201400046744,0,7,0,0.0,2.0,4.0,23.0,A01
201400046745,0,10,0,0.0,2.0,4.0,1.0,A01
201400046745,0,10,0,0.0,2.0,9.0,2.0,B01