Num_Acc,senc,catv,occutc,obs,obsm,choc,manv,num_veh
201400047219,0,7,0,0.0,0.0,1.0,0.0,A01
201400047220,0,7,0,4.0,0.0,3.0,13.0,A01
201400047221,0,7,0,0.0,2.0,1.0,0.0,A01
201400047221,0,7,0,0.0,2.0,9.0,0.0,B01
201400047221,0,7,0,0.0,2.0,4.0,0.0,C01
201400047222,0,7,0,0.0,0.0,0.0,0.0,B01
201400047222,0,33,0,0.0,0.0,1.0,0.0,A01
201400047223,0,33,0,0.0,2.0,1.0,2.0,A01
201400047223,0,33,0,0.0,2.0,4.0,21.0,B01
201400047224,0,7,0,0.0,0.0,8.0,0.0,B01
201400047224,0,17,0,0.0,0.0,2.0,0.0,A01
201400047225,0,7,0,4.0,0.0,1.0,2.0,A01
201400047226,0,17,0,0.0,0.0,0.0,0.0,A01
201400047226,0,7,0,0.0,0.0,0.0,0.0,B01
201400047227,0,7,0,0.0,2.0,4.0,2.0,B01
201400047227,0,7,0,0.0,2.0,9.0,1.0,A01
201400047228,0,31,0,0.0,2.0,2.0,3.0,A01
201400047228,1,7,0,0.0,2.0,8.0,11.0,Z01
201400047229,1,99,0,0.0,2.0,0.0,0.0,Z01
201400047229,0,14,0,0.0,2.0,2.0,17.0,B01
201400047229,0,7,0,4.0,2.0,8.0,13.0,A01
201400047230,0,7,0,0.0,0.0,4.0,2.0,A01
201400047230,0,7,0,1.0,2.0,1.0,2.0,B01
201400047230,0,7,0,1.0,2.0,1.0,2.0,C01
201400047231,0,33,0,0.0,0.0,7.0,3.0,A01
201400047232,0,10,0,3.0,0.0,9.0,1.0,A01
201400047233,0,33,0,0.0,2.0,1.0,0.0,A01
201400047233,0,7,0,0.0,2.0,4.0,0.0,B01
201400047234,1,7,0,0.0,2.0,4.0,0.0,Z01
201400047234,0,33,0,0.0,2.0,1.0,12.0,A01
201400047235,0,7,0,1.0,0.0,1.0,2.0,B01
201400047235,0,7,0,0.0,0.0,4.0,2.0,A01
201400047236,0,7,0,0.0,2.0,7.0,14.0,B01
201400047236,0,33,0,0.0,2.0,8.0,1.0,A01
201400047237,0,7,0,0.0,0.0,5.0,0.0,B01
201400047237,0,7,0,0.0,0.0,4.0,0.0,C01
201400047237,0,33,0,0.0,0.0,1.0,3.0,A01
201400047238,0,7,0,3.0,0.0,2.0,14.0,A01
201400047239,0,7,0,6.0,0.0,4.0,14.0,A01
201400047240,0,7,0,0.0,2.0,1.0,2.0,A01
201400047240,0,7,0,0.0,2.0,4.0,2.0,B01
201400047241,0,7,0,0.0,0.0,0.0,0.0,A01
201400047242,0,7,0,0.0,2.0,1.0,1.0,B01
201400047242,0,7,0,0.0,2.0,9.0,1.0,A01
201400047243,0,33,0,0.0,0.0,7.0,0.0,A01
201400047244,0,7,0,0.0,2.0,2.0,0.0,B01
201400047244,0,33,0,0.0,2.0,1.0,0.0,A01
201400047245,0,7,0,0.0,2.0,6.0,2.0,A01
201400047245,0,7,0,0.0,2.0,1.0,3.0,B01
201400047246,0,3,0,3.0,2.0,6.0,2.0,B01
201400047246,0,7,0,0.0,2.0,3.0,1.0,A01
201400047247,0,7,0,13.0,0.0,3.0,13.0,A01
201400047248,0,31,0,0.0,2.0,8.0,3.0,B01
201400047248,0,7,0,0.0,2.0,2.0,1.0,A01
201400047249,0,7,0,0.0,0.0,6.0,0.0,A01
201400047249,0,15,0,0.0,0.0,3.0,0.0,B01
201400047250,0,7,0,4.0,0.0,3.0,0.0,A01
201400047251,0,31,0,0.0,0.0,1.0,0.0,A01
201400047252,0,17,0,4.0,0.0,3.0,13.0,A01
201400047253,0,7,0,4.0,2.0,6.0,11.0,A01
201400047253,0,15,0,0.0,2.0,1.0,1.0,B01
201400047254,0,7,0,0.0,0.0,4.0,2.0,C01
201400047254,0,7,0,0.0,2.0,4.0,2.0,B01
201400047254,0,7,0,0.0,2.0,1.0,1.0,A01
201400047255,0,34,0,0.0,2.0,6.0,2.0,A01
201400047255,0,10,0,0.0,9.0,2.0,2.0,B01
201400047256,0,7,0,0.0,0.0,4.0,0.0,A01
201400047256,0,15,0,0.0,0.0,1.0,0.0,B01
201400047257,0,33,0,0.0,2.0,1.0,1.0,A01
201400047257,1,7,0,0.0,,0.0,0.0,Z01
201400047258,0,15,0,0.0,2.0,0.0,0.0,B01
201400047258,0,7,0,0.0,2.0,2.0,0.0,A01
201400047259,0,33,0,0.0,2.0,1.0,0.0,A01
201400047259,0,7,0,0.0,2.0,4.0,0.0,B01
201400047260,0,7,0,4.0,0.0,0.0,0.0,A01
201400047261,0,7,0,4.0,2.0,3.0,1.0,A01
201400047261,0,7,0,0.0,2.0,1.0,21.0,B01
201400047262,0,7,0,0.0,9.0,1.0,0.0,A01
201400047263,0,33,0,0.0,0.0,8.0,0.0,A01
201400047264,0,7,0,0.0,2.0,7.0,11.0,B01
201400047264,0,7,0,0.0,2.0,8.0,1.0,A01
201400047265,0,33,0,16.0,0.0,9.0,1.0,A01
201400047266,0,7,0,16.0,0.0,1.0,1.0,A01
201400047267,0,7,0,0.0,2.0,2.0,2.0,A01
201400047267,0,7,0,0.0,2.0,6.0,11.0,B01
201400047268,0,7,0,0.0,2.0,4.0,2.0,C01
201400047268,0,33,0,0.0,2.0,7.0,2.0,B01
201400047268,0,7,0,0.0,2.0,8.0,11.0,A01
201400047269,0,7,0,0.0,2.0,8.0,11.0,A01
201400047269,0,33,0,0.0,2.0,2.0,3.0,B01
201400047270,0,7,0,0.0,0.0,0.0,0.0,A01
201400047270,0,33,0,0.0,0.0,0.0,0.0,B01
201400047271,0,33,0,0.0,2.0,2.0,0.0,B01
201400047271,0,7,0,0.0,2.0,5.0,0.0,A01
201400047272,0,7,0,0.0,2.0,8.0,0.0,B01
201400047272,0,7,0,0.0,2.0,5.0,0.0,C01
201400047272,0,34,0,0.0,2.0,1.0,3.0,A01
201400047273,1,7,0,0.0,2.0,0.0,0.0,Z01
201400047273,0,33,0,4.0,2.0,7.0,1.0,A01
201400047274,0,7,0,0.0,2.0,5.0,12.0,A01
201400047274,0,34,0,0.0,2.0,1.0,18.0,B01
201400047275,0,7,0,0.0,0.0,9.0,0.0,C01
201400047275,0,7,0,0.0,2.0,9.0,0.0,B01
201400047275,0,7,0,0.0,0.0,2.0,0.0,A01
201400047276,0,7,0,0.0,2.0,3.0,1.0,D01
201400047276,0,7,0,0.0,2.0,6.0,1.0,G02
201400047276,0,7,0,0.0,2.0,8.0,1.0,H02
201400047276,0,7,0,0.0,2.0,4.0,1.0,J02
201400047276,0,7,0,0.0,2.0,6.0,1.0,B01
201400047276,0,7,0,0.0,2.0,4.0,1.0,F01
201400047276,0,7,0,0.0,2.0,5.0,1.0,C01
201400047276,0,7,0,0.0,2.0,1.0,11.0,A01
201400047276,0,7,0,0.0,2.0,4.0,1.0,I02
201400047276,0,7,0,0.0,2.0,8.0,1.0,E01
201400047277,0,7,0,4.0,0.0,2.0,2.0,A01
201400047278,0,7,0,0.0,0.0,6.0,1.0,B01
201400047278,0,7,0,0.0,2.0,7.0,0.0,A01
201400047279,0,7,0,0.0,2.0,2.0,11.0,B01
201400047279,0,10,0,0.0,2.0,8.0,1.0,A01
201400047280,0,33,0,0.0,2.0,8.0,0.0,A01
201400047280,0,7,0,0.0,2.0,5.0,0.0,B01
201400047281,0,7,0,0.0,0.0,1.0,11.0,A01
201400047281,0,7,0,0.0,0.0,4.0,2.0,B01
201400047282,0,7,0,0.0,0.0,0.0,1.0,B01
201400047282,0,7,0,0.0,0.0,4.0,1.0,A01
201400047283,0,7,0,0.0,0.0,4.0,2.0,C01
201400047283,0,7,0,0.0,0.0,0.0,1.0,B01
201400047283,0,7,0,0.0,0.0,0.0,0.0,A01
201400047284,0,7,0,4.0,0.0,6.0,1.0,A01
201400047285,0,7,0,10.0,0.0,1.0,13.0,A01
201400047286,0,33,0,0.0,2.0,1.0,0.0,A01
201400047287,0,7,0,3.0,2.0,1.0,2.0,A01
201400047287,0,7,0,0.0,2.0,2.0,2.0,B01
201400047288,0,7,0,0.0,0.0,4.0,1.0,C01
201400047288,0,7,0,0.0,2.0,4.0,1.0,B01
201400047288,0,7,0,0.0,2.0,1.0,0.0,A01
201400047289,0,7,0,0.0,0.0,4.0,0.0,B01
201400047289,0,7,0,0.0,2.0,1.0,0.0,A01
201400047290,0,13,0,4.0,0.0,3.0,13.0,A01
201400047291,0,34,0,0.0,0.0,0.0,0.0,A01
201400047292,0,33,0,0.0,2.0,1.0,0.0,A01
201400047292,0,7,0,0.0,2.0,4.0,0.0,B01
201400047293,0,33,0,0.0,0.0,0.0,0.0,A01
201400047294,0,7,0,0.0,0.0,0.0,0.0,B01
201400047294,0,33,0,0.0,0.0,0.0,0.0,A01
201400047295,0,7,0,0.0,2.0,1.0,1.0,A01
201400047295,0,7,0,0.0,2.0,4.0,1.0,B01
201400047296,0,7,0,0.0,0.0,4.0,12.0,B01
201400047296,0,33,0,0.0,0.0,1.0,3.0,A01
201400047297,0,33,0,0.0,2.0,8.0,1.0,A01
201400047297,0,7,0,0.0,2.0,2.0,17.0,B01
201400047298,0,33,0,16.0,0.0,9.0,1.0,A01
201400047299,0,7,0,0.0,0.0,1.0,0.0,A01
201400047299,0,7,0,0.0,0.0,4.0,0.0,B01
201400047300,0,7,0,3.0,0.0,1.0,14.0,A01
201400047301,0,7,0,0.0,2.0,3.0,21.0,B01
201400047301,0,7,0,0.0,2.0,5.0,0.0,A01
201400047302,0,7,0,0.0,2.0,6.0,11.0,A01
201400047302,0,33,0,0.0,2.0,1.0,1.0,B01
201400047303,0,34,0,0.0,0.0,0.0,0.0,A01
201400047304,0,7,0,0.0,2.0,7.0,12.0,A01
201400047304,0,34,0,0.0,2.0,8.0,1.0,B01
201400047305,0,33,0,0.0,2.0,3.0,3.0,B01
201400047305,0,7,0,0.0,2.0,2.0,12.0,A01
201400047306,0,7,0,0.0,2.0,4.0,2.0,B01
201400047306,0,7,0,0.0,2.0,1.0,2.0,D01
201400047306,0,7,0,0.0,2.0,4.0,1.0,A01
201400047306,0,7,0,0.0,2.0,1.0,2.0,C01
201400047307,0,7,0,0.0,0.0,4.0,1.0,B01
201400047307,0,7,0,0.0,2.0,1.0,11.0,A01
201400047308,0,7,0,0.0,2.0,4.0,1.0,E01
201400047308,0,7,0,0.0,2.0,4.0,2.0,B01
201400047308,0,14,0,0.0,2.0,3.0,2.0,A01
201400047308,0,10,0,0.0,2.0,4.0,1.0,D01
201400047308,0,7,0,0.0,2.0,4.0,1.0,C01
201400047309,0,7,0,3.0,0.0,7.0,14.0,A01
201400047310,0,7,0,3.0,0.0,2.0,14.0,A01
201400047311,0,7,0,0.0,2.0,2.0,1.0,A01
201400047311,0,15,0,0.0,0.0,6.0,1.0,B01
201400047312,0,33,0,0.0,2.0,1.0,3.0,A01
201400047312,0,7,0,0.0,0.0,4.0,11.0,B01
201400047313,0,7,0,0.0,2.0,3.0,1.0,B01
201400047313,0,7,0,0.0,2.0,2.0,12.0,A01
201400047314,0,10,0,0.0,0.0,4.0,2.0,C01
201400047314,0,17,0,0.0,2.0,1.0,2.0,A01
201400047314,0,7,0,0.0,2.0,4.0,2.0,B01
201400047315,0,7,0,0.0,0.0,4.0,1.0,A01
201400047315,0,7,0,0.0,0.0,1.0,1.0,B01
201400047315,0,7,0,0.0,0.0,1.0,1.0,C01
201400047316,0,7,0,0.0,2.0,4.0,2.0,B01
201400047316,0,7,0,0.0,2.0,4.0,2.0,A01
201400047316,0,7,0,0.0,2.0,1.0,1.0,C01
201400047317,0,7,0,0.0,2.0,6.0,0.0,B01
201400047317,0,33,0,0.0,2.0,3.0,0.0,A01
201400047318,0,7,0,0.0,2.0,4.0,2.0,C01
201400047318,0,7,0,0.0,2.0,4.0,2.0,B01
201400047318,0,7,0,0.0,0.0,4.0,1.0,A01
201400047318,0,7,0,0.0,2.0,1.0,2.0,D01
201400047319,0,7,0,0.0,2.0,8.0,1.0,B01
201400047319,0,33,0,0.0,2.0,6.0,3.0,A01
201400047319,1,7,0,0.0,2.0,2.0,2.0,Z01
201400047320,0,7,0,4.0,2.0,8.0,11.0,A01
201400047320,0,7,0,0.0,2.0,2.0,1.0,B01
201400047320,0,7,0,0.0,2.0,4.0,1.0,C01
201400047321,0,31,0,4.0,0.0,8.0,13.0,A01
201400047322,0,7,0,0.0,2.0,1.0,0.0,B01
201400047322,0,33,0,0.0,2.0,3.0,0.0,A01
201400047323,0,14,0,0.0,0.0,0.0,11.0,A01
201400047323,0,33,0,0.0,0.0,3.0,1.0,B01
201400047324,0,7,0,0.0,2.0,4.0,2.0,B01
201400047324,0,31,0,0.0,2.0,1.0,21.0,A01
201400047325,0,15,0,0.0,2.0,2.0,1.0,A01
201400047325,0,7,0,0.0,2.0,8.0,11.0,B01
201400047325,0,7,0,0.0,2.0,1.0,0.0,C01
201400047326,0,33,0,0.0,2.0,1.0,3.0,A01
201400047326,0,7,0,0.0,0.0,5.0,1.0,B01
201400047327,0,7,0,0.0,2.0,1.0,1.0,C01
201400047327,0,7,0,0.0,2.0,4.0,1.0,B01
201400047327,0,7,0,0.0,2.0,4.0,2.0,A01
201400047328,0,10,0,0.0,2.0,7.0,0.0,B01
201400047328,0,34,0,0.0,2.0,3.0,0.0,A01
201400047329,0,7,0,0.0,0.0,0.0,2.0,C01
201400047329,0,7,0,0.0,2.0,4.0,2.0,B01
201400047329,0,7,0,0.0,2.0,1.0,2.0,A01
201400047330,0,34,0,4.0,0.0,1.0,0.0,A01
201400047331,0,33,0,0.0,2.0,1.0,0.0,A01
201400047332,0,7,0,0.0,2.0,4.0,2.0,B01
201400047332,0,33,0,0.0,2.0,1.0,1.0,A01
201400047333,0,33,0,4.0,2.0,0.0,0.0,B01
201400047333,1,15,0,0.0,0.0,2.0,0.0,Z01
201400047333,0,7,0,4.0,2.0,6.0,0.0,A01
201400047334,0,7,0,1.0,2.0,4.0,0.0,A01
201400047335,0,7,0,0.0,2.0,1.0,0.0,A01
201400047335,0,7,0,0.0,2.0,4.0,0.0,B01
201400047336,0,33,0,4.0,0.0,1.0,1.0,A01
201400047337,0,7,0,0.0,2.0,6.0,0.0,A01
201400047337,0,15,0,0.0,2.0,1.0,0.0,B01
201400047338,0,7,0,0.0,0.0,1.0,0.0,A01
201400047338,0,7,0,0.0,0.0,4.0,0.0,B01
201400047339,0,7,0,0.0,0.0,1.0,0.0,A01
201400047339,0,7,0,0.0,0.0,4.0,0.0,B01
201400047340,0,10,0,0.0,2.0,4.0,2.0,B01
201400047340,0,7,0,0.0,2.0,1.0,1.0,A01
201400047341,0,33,0,0.0,0.0,0.0,0.0,A01
201400047342,0,7,0,0.0,2.0,1.0,1.0,B01
201400047342,0,7,0,0.0,2.0,4.0,2.0,A01
201400047343,0,13,0,0.0,0.0,8.0,2.0,A01
201400047343,0,33,0,0.0,0.0,7.0,3.0,B01
201400047344,0,7,0,0.0,2.0,9.0,2.0,D01
201400047344,0,14,0,0.0,2.0,1.0,2.0,A01
201400047344,0,10,0,0.0,2.0,9.0,2.0,B01
201400047344,0,7,0,0.0,2.0,9.0,2.0,C01
201400047345,0,7,0,0.0,2.0,4.0,2.0,B01
201400047345,0,7,0,0.0,2.0,1.0,1.0,A01
201400047346,0,13,0,0.0,2.0,1.0,0.0,C01
201400047346,0,7,0,0.0,2.0,1.0,0.0,B01
201400047346,0,7,0,0.0,2.0,4.0,0.0,A01
201400047347,0,7,0,0.0,2.0,1.0,0.0,A01
201400047347,0,7,0,0.0,2.0,8.0,0.0,B01
201400047348,0,7,0,0.0,2.0,8.0,11.0,A01
201400047348,0,34,0,0.0,2.0,5.0,1.0,B01
201400047349,0,7,0,0.0,1.0,2.0,2.0,A01
201400047350,0,7,0,0.0,2.0,1.0,0.0,A01
201400047350,0,13,0,0.0,2.0,4.0,0.0,B01
201400047351,0,31,0,3.0,0.0,7.0,14.0,A01
201400047352,0,17,0,0.0,2.0,1.0,1.0,A01
201400047352,0,7,0,0.0,2.0,8.0,1.0,B01
201400047353,0,33,0,0.0,2.0,8.0,0.0,B01
201400047353,0,7,0,0.0,2.0,8.0,0.0,A01
201400047354,0,33,0,16.0,0.0,9.0,1.0,B01
201400047355,0,33,0,0.0,0.0,0.0,3.0,A01
201400047356,0,7,0,0.0,0.0,4.0,0.0,A01
201400047356,0,13,0,0.0,2.0,1.0,0.0,B01
201400047357,0,7,0,0.0,2.0,1.0,0.0,A01
201400047357,0,7,0,0.0,2.0,4.0,0.0,B01
201400047358,0,15,0,0.0,0.0,4.0,0.0,A01
201400047358,0,33,0,0.0,0.0,0.0,0.0,B01
201400047359,0,7,0,0.0,2.0,1.0,1.0,A01
201400047359,0,7,0,0.0,2.0,4.0,2.0,B01
201400047360,0,7,0,0.0,2.0,4.0,2.0,B01
201400047360,0,7,0,0.0,2.0,1.0,1.0,A01
201400047361,0,7,0,0.0,2.0,4.0,2.0,B01
201400047361,0,7,0,0.0,2.0,1.0,2.0,A01
201400047362,0,33,0,0.0,2.0,1.0,1.0,B01
201400047362,0,7,0,0.0,2.0,4.0,2.0,A01
201400047363,0,7,0,0.0,2.0,6.0,1.0,B01
201400047363,0,33,0,0.0,2.0,9.0,3.0,A01
201400047364,0,7,0,0.0,2.0,0.0,0.0,A01
201400047364,0,7,0,0.0,0.0,0.0,0.0,B01
201400047365,0,7,0,0.0,2.0,4.0,1.0,C01
201400047365,0,7,0,0.0,2.0,8.0,11.0,A01
201400047365,0,33,0,0.0,2.0,7.0,3.0,B01
201400047366,0,7,0,0.0,0.0,0.0,0.0,C01
201400047366,0,7,0,0.0,2.0,6.0,0.0,A01
201400047366,0,7,0,0.0,2.0,5.0,0.0,B01
201400047367,0,7,0,0.0,2.0,2.0,12.0,A01
201400047368,0,33,0,0.0,0.0,0.0,0.0,A01
201400047368,1,99,0,0.0,2.0,2.0,0.0,Z01
201400047369,0,7,0,0.0,2.0,4.0,2.0,B01
201400047369,0,7,0,0.0,2.0,1.0,1.0,A01
201400047370,0,7,0,0.0,0.0,0.0,0.0,A01
201400047371,0,7,0,16.0,0.0,9.0,1.0,A01
201400047372,0,7,0,4.0,0.0,1.0,2.0,A01
201400047373,0,7,0,4.0,0.0,3.0,13.0,A01
201400047374,0,7,0,0.0,2.0,4.0,23.0,A01
201400047374,1,7,0,0.0,2.0,2.0,0.0,Z01
201400047375,0,7,0,0.0,2.0,9.0,2.0,B01
201400047375,0,33,0,0.0,2.0,1.0,1.0,A01
201400047375,0,7,0,0.0,2.0,9.0,2.0,C01
201400047375,0,7,0,0.0,2.0,4.0,2.0,D01
201400047376,0,33,0,0.0,0.0,7.0,0.0,A01
201400047377,0,31,0,0.0,2.0,3.0,2.0,A01
201400047377,0,7,0,0.0,2.0,5.0,2.0,C01
201400047377,0,7,0,0.0,2.0,7.0,2.0,B01
201400047378,0,7,0,3.0,0.0,9.0,0.0,A01
201400047379,0,10,0,3.0,0.0,1.0,1.0,A01
201400047380,0,7,0,0.0,2.0,2.0,2.0,C01
201400047380,0,7,0,0.0,0.0,4.0,1.0,A01
201400047380,0,7,0,0.0,2.0,4.0,2.0,B01
201400047380,0,7,0,0.0,2.0,1.0,2.0,D01
201400047381,0,7,0,0.0,2.0,1.0,1.0,A01
201400047381,0,7,0,0.0,2.0,4.0,2.0,B01
201400047382,0,33,0,3.0,0.0,9.0,14.0,A01
201400047383,0,7,0,3.0,0.0,1.0,2.0,A01
201400047383,0,32,0,0.0,9.0,1.0,2.0,B01
201400047384,0,7,0,0.0,2.0,8.0,11.0,A01
201400047384,0,7,0,0.0,2.0,2.0,1.0,B01
201400047385,0,33,0,0.0,2.0,1.0,0.0,A01
201400047385,0,7,0,0.0,2.0,4.0,0.0,B01
201400047386,0,33,0,0.0,2.0,7.0,0.0,A01
201400047386,0,7,0,0.0,2.0,5.0,0.0,B01
201400047387,0,7,0,0.0,2.0,8.0,0.0,D01
201400047387,0,10,0,0.0,2.0,7.0,0.0,A01
201400047387,0,7,0,0.0,2.0,1.0,0.0,C01
201400047387,0,7,0,0.0,2.0,1.0,0.0,B01
201400047388,0,7,0,0.0,2.0,4.0,2.0,B01
201400047388,0,14,0,0.0,2.0,4.0,2.0,D01
201400047388,0,7,0,0.0,2.0,1.0,2.0,A01
201400047388,0,7,0,0.0,2.0,4.0,0.0,C01
201400047389,0,30,0,0.0,0.0,8.0,0.0,A01
201400047390,0,7,0,0.0,2.0,4.0,2.0,D01
201400047390,0,7,0,0.0,2.0,4.0,2.0,B01
201400047390,0,7,0,0.0,2.0,9.0,2.0,C01
201400047390,0,7,0,0.0,2.0,1.0,1.0,A01
201400047391,1,99,0,0.0,2.0,2.0,0.0,Z01
201400047391,0,7,0,3.0,2.0,6.0,0.0,A01
201400047392,0,7,0,3.0,0.0,1.0,15.0,A01
201400047393,0,7,0,0.0,2.0,2.0,12.0,B01
201400047393,0,33,0,0.0,2.0,1.0,3.0,A01
201400047394,0,7,0,0.0,0.0,0.0,0.0,A01
201400047394,0,7,0,0.0,0.0,0.0,0.0,D01
201400047394,0,7,0,0.0,0.0,0.0,0.0,C01
201400047394,0,7,0,0.0,0.0,0.0,0.0,B01
201400047395,0,7,0,0.0,2.0,2.0,12.0,A01
201400047395,0,34,0,0.0,2.0,3.0,1.0,B01
201400047396,0,10,0,4.0,0.0,2.0,1.0,A01
201400047397,0,10,0,0.0,2.0,6.0,2.0,B01
201400047397,0,15,0,0.0,2.0,2.0,9.0,A01
201400047398,0,7,0,3.0,0.0,9.0,13.0,A01
201400047399,0,7,0,0.0,0.0,0.0,0.0,B01
201400047399,0,7,0,0.0,0.0,0.0,0.0,A01
201400047400,0,7,0,0.0,2.0,2.0,12.0,A01
201400047400,0,7,0,0.0,2.0,8.0,1.0,B01
201400047401,0,10,0,4.0,0.0,0.0,0.0,A01
201400047402,0,7,0,13.0,0.0,1.0,1.0,A01
201400047403,0,34,0,16.0,0.0,7.0,1.0,A01
201400047404,0,7,0,4.0,0.0,1.0,0.0,A01
201400047405,0,7,0,13.0,0.0,2.0,0.0,A01
201400047406,0,7,0,0.0,2.0,0.0,0.0,C01
201400047406,0,15,0,0.0,2.0,3.0,0.0,A01
201400047406,0,7,0,0.0,2.0,5.0,0.0,B01
201400047407,0,7,0,0.0,2.0,5.0,1.0,C01
201400047407,0,10,0,0.0,0.0,4.0,1.0,B01
201400047407,0,15,0,1.0,2.0,2.0,21.0,A01
201400047408,0,7,0,0.0,0.0,1.0,0.0,A01
201400047408,0,7,0,0.0,0.0,0.0,1.0,B01
201400047408,0,7,0,0.0,0.0,1.0,1.0,C01
201400047408,0,7,0,0.0,0.0,0.0,0.0,D01
201400047409,0,33,0,0.0,2.0,7.0,0.0,A01
201400047409,0,33,0,0.0,2.0,8.0,0.0,B01
201400047410,0,7,0,4.0,0.0,3.0,13.0,A01
201400047411,0,15,0,0.0,2.0,1.0,1.0,C01
201400047411,0,7,0,0.0,2.0,1.0,1.0,D01
201400047411,0,7,0,0.0,2.0,8.0,5.0,A01
201400047411,0,7,0,0.0,2.0,1.0,1.0,E01
201400047411,0,7,0,0.0,2.0,3.0,1.0,B01
201400047412,0,7,0,4.0,0.0,1.0,0.0,A01
201400047413,0,7,0,0.0,2.0,6.0,11.0,A01
201400047413,0,7,0,0.0,2.0,2.0,1.0,B01
201400047414,0,7,0,0.0,0.0,4.0,2.0,A01
201400047414,0,7,0,0.0,0.0,1.0,2.0,B01
201400047415,0,7,0,16.0,0.0,1.0,14.0,A01
201400047416,0,7,0,0.0,2.0,1.0,0.0,A01
201400047416,0,7,0,0.0,2.0,4.0,0.0,B01
201400047417,0,7,0,4.0,0.0,4.0,21.0,A01
201400047418,0,7,0,0.0,2.0,6.0,2.0,A01
201400047418,0,7,0,0.0,2.0,2.0,12.0,B01
201400047419,0,7,0,0.0,2.0,4.0,2.0,B01
201400047419,0,7,0,0.0,2.0,1.0,1.0,A01
201400047420,0,32,0,0.0,0.0,2.0,0.0,A01
201400047421,0,7,0,3.0,0.0,2.0,14.0,A01
201400047422,0,7,0,0.0,0.0,6.0,2.0,B01
201400047422,0,34,0,0.0,2.0,8.0,1.0,A01
201400047422,1,7,0,0.0,0.0,0.0,11.0,Z01
201400047423,0,7,0,4.0,0.0,2.0,14.0,A01
201400047424,0,7,0,0.0,2.0,1.0,2.0,B01
201400047424,0,7,0,0.0,2.0,1.0,2.0,C01
201400047424,0,7,0,0.0,2.0,4.0,2.0,A01
201400047425,0,7,0,1.0,0.0,2.0,2.0,A01
201400047425,0,10,0,0.0,2.0,6.0,23.0,B01
201400047426,0,7,0,4.0,0.0,9.0,0.0,A01
201400047427,1,99,0,0.0,1.0,2.0,0.0,Z01
201400047428,0,7,0,3.0,0.0,1.0,0.0,A01
201400047429,0,7,0,0.0,0.0,4.0,2.0,A01
201400047429,0,7,0,0.0,2.0,1.0,2.0,B01
201400047430,0,7,0,4.0,0.0,1.0,13.0,A01
201400047431,0,7,0,4.0,0.0,1.0,14.0,A01
201400047432,0,7,0,4.0,0.0,1.0,13.0,A01
201400047433,0,33,0,4.0,0.0,1.0,0.0,A01
201400047434,0,7,0,3.0,9.0,1.0,1.0,A01
201400047435,0,33,0,14.0,2.0,4.0,0.0,B01
201400047435,0,99,0,14.0,2.0,1.0,0.0,A01
201400047436,0,31,0,0.0,0.0,0.0,2.0,A01
201400047436,1,10,0,0.0,0.0,0.0,11.0,Z01
201400047437,0,7,0,0.0,2.0,7.0,1.0,C01
201400047437,0,15,0,0.0,2.0,8.0,1.0,B01
201400047437,0,7,0,0.0,2.0,2.0,3.0,A01
201400047438,0,15,0,0.0,0.0,0.0,0.0,B01
201400047438,0,7,0,0.0,2.0,2.0,9.0,A01
201400047439,0,33,0,4.0,2.0,9.0,3.0,A01
201400047439,0,7,0,0.0,0.0,2.0,11.0,B01
201400047440,0,7,0,0.0,2.0,8.0,11.0,B01
201400047440,0,33,0,0.0,2.0,2.0,3.0,A01
201400047441,0,33,0,0.0,2.0,8.0,1.0,B01
201400047441,0,7,0,0.0,2.0,2.0,12.0,A01
201400047442,0,7,0,0.0,2.0,1.0,0.0,A01
201400047442,0,15,0,0.0,2.0,7.0,0.0,B01
201400047443,0,32,0,12.0,0.0,1.0,0.0,A01
201400047444,0,7,0,0.0,2.0,4.0,2.0,D01
201400047444,0,7,0,0.0,2.0,1.0,2.0,C01
201400047444,0,7,0,0.0,2.0,1.0,2.0,A01
201400047444,0,7,0,0.0,2.0,4.0,2.0,B01
201400047445,0,7,0,4.0,2.0,3.0,21.0,A01
201400047445,1,7,0,0.0,0.0,0.0,11.0,Z01
201400047446,0,7,0,4.0,0.0,9.0,1.0,A01
201400047447,0,7,0,3.0,2.0,7.0,12.0,A01
201400047447,0,7,0,0.0,2.0,1.0,1.0,B01
201400047448,0,7,0,0.0,2.0,2.0,0.0,A01
201400047448,0,7,0,0.0,2.0,6.0,0.0,B01
201400047449,0,7,0,0.0,2.0,1.0,0.0,A01
201400047449,0,7,0,0.0,2.0,4.0,0.0,B01
201400047450,0,7,0,4.0,0.0,9.0,0.0,A01
201400047451,0,33,0,3.0,0.0,2.0,14.0,A01
201400047452,0,7,0,4.0,0.0,1.0,0.0,A01
201400047453,0,7,0,0.0,2.0,2.0,0.0,B01
201400047453,0,33,0,0.0,2.0,3.0,0.0,A01
201400047454,0,7,0,0.0,2.0,8.0,1.0,C01
201400047454,0,33,0,0.0,2.0,7.0,3.0,A01
201400047454,0,7,0,0.0,2.0,8.0,1.0,B01
201400047455,0,7,0,13.0,0.0,2.0,14.0,A01
201400047456,0,7,0,0.0,2.0,3.0,11.0,A01
201400047456,0,31,0,0.0,2.0,7.0,1.0,B01
201400047457,0,31,0,0.0,2.0,1.0,1.0,A01
201400047457,0,7,0,1.0,0.0,4.0,2.0,B01
201400047458,0,7,0,0.0,2.0,7.0,2.0,B01
201400047458,0,7,0,0.0,2.0,8.0,13.0,A01