Num_Acc,senc,catv,occutc,obs,obsm,choc,manv,num_veh
201400047459,0,7,0,0.0,0.0,0.0,0.0,C01
201400047459,0,10,0,0.0,2.0,1.0,2.0,A01
201400047459,0,7,0,0.0,2.0,4.0,2.0,B01
201400047460,0,7,0,1.0,2.0,4.0,2.0,C01
201400047460,0,7,0,0.0,2.0,1.0,2.0,A01
201400047460,0,7,0,0.0,2.0,4.0,2.0,B01
201400047461,0,7,0,0.0,2.0,1.0,1.0,B01
201400047461,0,7,0,0.0,2.0,4.0,2.0,A01
201400047462,0,7,0,0.0,0.0,7.0,1.0,B01
201400047462,0,7,0,0.0,2.0,3.0,11.0,A01
201400047463,0,7,0,0.0,2.0,3.0,11.0,A01
201400047463,0,33,0,3.0,2.0,2.0,1.0,B01
201400047464,0,7,0,0.0,2.0,8.0,2.0,B01
201400047464,0,7,0,0.0,2.0,6.0,4.0,A01
201400047465,0,17,0,0.0,2.0,1.0,1.0,A01
201400047465,0,17,0,0.0,2.0,4.0,2.0,B01
201400047466,0,7,0,0.0,2.0,1.0,1.0,E01
201400047466,0,14,0,0.0,0.0,0.0,0.0,B01
201400047466,0,7,0,0.0,0.0,0.0,0.0,A01
201400047466,0,7,0,0.0,0.0,4.0,1.0,C01
201400047466,0,7,0,0.0,2.0,4.0,1.0,D01
201400047467,0,7,0,3.0,0.0,3.0,13.0,A01
201400047468,0,7,0,4.0,0.0,1.0,13.0,A01
201400047469,0,7,0,0.0,2.0,1.0,0.0,A01
201400047469,0,7,0,0.0,2.0,4.0,0.0,B01
201400047470,0,15,0,0.0,2.0,1.0,1.0,A01
201400047470,0,7,0,0.0,2.0,4.0,2.0,B01
201400047471,0,7,0,0.0,0.0,0.0,12.0,A01
201400047471,0,7,0,4.0,2.0,1.0,21.0,B01
201400047472,0,7,0,0.0,2.0,1.0,1.0,B01
201400047472,0,7,0,0.0,2.0,4.0,2.0,A01
201400047473,0,7,0,0.0,2.0,7.0,0.0,C01
201400047473,0,7,0,0.0,2.0,1.0,0.0,D01
201400047473,0,7,0,0.0,2.0,4.0,0.0,A01
201400047473,0,33,0,0.0,2.0,1.0,0.0,B01
201400047474,0,7,0,0.0,0.0,5.0,1.0,A01
201400047474,0,15,0,0.0,2.0,1.0,9.0,B01
201400047475,0,15,0,0.0,2.0,3.0,1.0,A01
201400047475,0,7,0,0.0,2.0,5.0,2.0,B01
201400047476,0,7,0,0.0,2.0,5.0,1.0,B01
201400047476,2,7,0,4.0,2.0,3.0,18.0,A01
201400047477,0,7,0,0.0,2.0,3.0,2.0,F01
201400047477,0,7,0,,2.0,3.0,2.0,B01
201400047477,0,7,0,9.0,2.0,3.0,1.0,G02
201400047477,0,7,0,6.0,0.0,1.0,1.0,A02
201400047477,0,7,0,,2.0,3.0,2.0,E02
201400047477,0,7,0,0.0,2.0,3.0,2.0,C01
201400047477,0,7,0,,2.0,9.0,2.0,H01
201400047477,0,7,0,0.0,2.0,3.0,2.0,D01
201400047478,0,7,0,0.0,2.0,3.0,0.0,A01
201400047478,0,33,0,0.0,2.0,2.0,0.0,B01
201400047479,0,7,0,0.0,0.0,4.0,0.0,C01
201400047479,0,10,0,0.0,0.0,1.0,0.0,A01
201400047479,0,7,0,0.0,0.0,4.0,0.0,B01
201400047480,0,10,0,0.0,0.0,6.0,1.0,B01
201400047480,0,33,0,0.0,2.0,2.0,16.0,A01
201400047481,0,33,0,0.0,2.0,1.0,0.0,B01
201400047481,0,7,0,0.0,2.0,6.0,0.0,A01
201400047482,0,15,0,4.0,0.0,2.0,14.0,A01
201400047483,0,10,0,0.0,2.0,4.0,2.0,B01
201400047483,0,17,0,0.0,2.0,9.0,1.0,A01
201400047484,0,7,0,14.0,2.0,0.0,0.0,A01
201400047484,0,14,0,14.0,2.0,0.0,0.0,B01
201400047485,0,7,0,0.0,2.0,8.0,2.0,B01
201400047485,0,7,0,3.0,2.0,1.0,1.0,A01
201400047486,0,7,0,4.0,0.0,9.0,0.0,A01
201400047487,0,7,0,4.0,0.0,2.0,0.0,A01
201400047488,0,33,0,0.0,2.0,8.0,2.0,B01
201400047488,0,7,0,4.0,2.0,1.0,1.0,A01
201400047489,0,7,0,4.0,0.0,3.0,13.0,A01
201400047490,0,31,0,0.0,2.0,3.0,3.0,A01
201400047490,0,7,0,0.0,2.0,5.0,2.0,B01
201400047491,0,7,0,0.0,2.0,4.0,2.0,A01
201400047491,0,10,0,0.0,2.0,1.0,14.0,B01
201400047492,0,7,0,0.0,2.0,3.0,9.0,A01
201400047492,0,7,0,0.0,2.0,7.0,1.0,B01
201400047493,0,15,0,4.0,0.0,3.0,13.0,A01
201400047494,0,7,0,0.0,2.0,2.0,1.0,B01
201400047494,0,7,0,0.0,2.0,7.0,12.0,A01
201400047495,0,7,0,4.0,0.0,1.0,0.0,A01
201400047496,0,7,0,4.0,0.0,1.0,11.0,A01
201400047497,0,7,0,4.0,0.0,3.0,13.0,A01
201400047498,0,7,0,4.0,0.0,1.0,1.0,A01
201400047499,1,15,0,0.0,0.0,0.0,0.0,Z01
201400047499,0,7,0,0.0,2.0,9.0,12.0,A01
201400047500,0,7,0,4.0,0.0,8.0,13.0,A01
201400047501,0,34,0,0.0,2.0,7.0,3.0,B01
201400047501,0,7,0,0.0,2.0,3.0,1.0,A01
201400047502,0,7,0,4.0,0.0,3.0,13.0,A01
201400047503,0,33,0,0.0,2.0,3.0,0.0,A01
201400047503,0,7,0,0.0,0.0,5.0,0.0,B01
201400047504,0,7,0,3.0,0.0,5.0,14.0,A01
201400047505,0,32,0,0.0,0.0,7.0,2.0,A01
201400047506,0,7,0,3.0,0.0,1.0,0.0,A01
201400047507,0,7,0,4.0,0.0,3.0,13.0,A01
201400047508,0,7,0,0.0,0.0,9.0,12.0,A01
201400047508,0,10,0,0.0,0.0,4.0,1.0,B01
201400047509,0,7,0,4.0,0.0,1.0,14.0,A01
201400047510,0,7,0,0.0,2.0,4.0,2.0,C01
201400047510,0,7,0,0.0,2.0,9.0,14.0,A01
201400047510,0,10,0,0.0,2.0,1.0,2.0,B01
201400047511,0,7,0,6.0,0.0,7.0,14.0,A01
201400047512,0,7,0,0.0,2.0,1.0,0.0,A01
201400047512,0,7,0,0.0,2.0,4.0,0.0,B01
201400047513,0,7,0,0.0,2.0,4.0,2.0,C01
201400047513,0,7,0,0.0,2.0,1.0,1.0,A01
201400047513,0,7,0,0.0,2.0,4.0,2.0,B01
201400047514,0,7,0,0.0,2.0,4.0,2.0,B01
201400047514,0,7,0,0.0,2.0,1.0,0.0,A01
201400047515,0,7,0,0.0,2.0,4.0,0.0,B01
201400047515,0,7,0,0.0,2.0,1.0,0.0,A01
201400047516,0,7,0,6.0,0.0,3.0,13.0,A01
201400047517,0,33,0,0.0,2.0,1.0,1.0,C01
201400047517,0,15,0,0.0,2.0,7.0,12.0,A01
201400047517,0,7,0,0.0,2.0,8.0,2.0,B01
201400047518,0,7,0,4.0,0.0,2.0,14.0,A01
201400047519,0,7,0,4.0,0.0,2.0,14.0,A01
201400047520,0,15,0,3.0,0.0,1.0,1.0,A01
201400047521,0,7,0,4.0,0.0,9.0,0.0,A01
201400047522,0,33,0,14.0,0.0,0.0,2.0,A01
201400047523,0,33,0,0.0,2.0,7.0,1.0,A01
201400047523,0,7,0,0.0,2.0,8.0,11.0,B01
201400047524,0,7,0,0.0,2.0,2.0,1.0,A01
201400047524,0,7,0,0.0,2.0,9.0,2.0,B01
201400047525,0,7,0,4.0,0.0,1.0,14.0,A01
201400047526,0,7,0,4.0,0.0,3.0,13.0,A01
201400047527,0,33,0,0.0,0.0,0.0,0.0,A01
201400047528,0,7,0,0.0,2.0,9.0,2.0,C01
201400047528,0,7,0,0.0,2.0,9.0,2.0,B01
201400047528,0,7,0,0.0,2.0,4.0,2.0,D01
201400047528,0,7,0,0.0,2.0,1.0,1.0,A01
201400047529,0,7,0,0.0,0.0,1.0,0.0,A01
201400047530,0,7,0,0.0,0.0,1.0,0.0,A01
201400047531,0,7,0,0.0,2.0,4.0,0.0,C01
201400047531,0,7,0,0.0,2.0,1.0,0.0,D01
201400047531,0,7,0,0.0,2.0,4.0,0.0,B01
201400047531,0,7,0,0.0,2.0,4.0,0.0,A01
201400047532,0,7,0,0.0,2.0,5.0,2.0,C01
201400047532,0,10,0,0.0,2.0,2.0,1.0,B01
201400047532,0,7,0,0.0,2.0,3.0,9.0,A01
201400047532,0,7,0,0.0,2.0,4.0,2.0,D01
201400047533,0,7,0,0.0,2.0,6.0,11.0,A01
201400047533,0,31,0,0.0,2.0,7.0,0.0,B01
201400047534,0,7,0,1.0,0.0,1.0,1.0,A01
201400047534,0,33,0,0.0,0.0,0.0,0.0,B01
201400047534,0,33,0,0.0,0.0,0.0,0.0,C01
201400047534,0,33,0,0.0,0.0,0.0,0.0,D01
201400047535,0,7,0,0.0,0.0,0.0,2.0,A01
201400047536,0,7,0,4.0,2.0,1.0,2.0,C01
201400047536,0,7,0,0.0,2.0,1.0,2.0,B01
201400047536,0,10,0,0.0,2.0,7.0,12.0,A01
201400047537,0,7,0,3.0,0.0,1.0,13.0,A01
201400047538,0,7,0,16.0,0.0,9.0,1.0,A01
201400047539,0,33,0,0.0,0.0,0.0,1.0,A01
201400047540,1,99,0,0.0,0.0,0.0,0.0,Z01
201400047540,0,30,0,0.0,2.0,0.0,0.0,A01
201400047541,0,7,0,0.0,2.0,0.0,23.0,B01
201400047541,0,7,0,0.0,0.0,0.0,1.0,A01
201400047541,0,7,0,0.0,2.0,0.0,3.0,C01
201400047541,0,10,0,0.0,0.0,0.0,0.0,D01
201400047542,0,7,0,0.0,2.0,8.0,12.0,A01
201400047542,0,7,0,4.0,2.0,1.0,21.0,B01
201400047542,0,7,0,0.0,2.0,1.0,2.0,C01
201400047543,0,33,0,0.0,0.0,0.0,0.0,A01
201400047543,0,7,0,0.0,2.0,6.0,0.0,B01
201400047544,0,7,0,4.0,0.0,1.0,0.0,A01
201400047544,0,33,0,0.0,0.0,0.0,0.0,B01
201400047545,0,33,0,0.0,0.0,0.0,11.0,A01
201400047546,0,7,0,3.0,2.0,1.0,14.0,A01
201400047546,0,15,0,0.0,2.0,3.0,1.0,B01
201400047547,0,15,0,0.0,2.0,2.0,12.0,A01
201400047547,0,7,0,4.0,2.0,3.0,1.0,B01
201400047548,0,33,0,3.0,0.0,1.0,0.0,A01
201400047549,0,7,0,0.0,2.0,8.0,2.0,A01
201400047550,0,7,0,0.0,0.0,2.0,0.0,B01
201400047550,0,33,0,0.0,2.0,1.0,3.0,A01
201400047550,0,7,0,0.0,0.0,0.0,0.0,C01
201400047551,0,7,0,3.0,0.0,1.0,14.0,A01
201400047552,0,7,0,0.0,0.0,2.0,0.0,B01
201400047552,0,33,0,0.0,0.0,1.0,0.0,A01
201400047553,0,7,0,0.0,0.0,1.0,1.0,A01
201400047553,0,7,0,0.0,2.0,4.0,2.0,B01
201400047554,0,7,0,14.0,2.0,0.0,0.0,A01
201400047554,0,7,0,0.0,2.0,0.0,0.0,B01
201400047555,0,7,0,0.0,2.0,6.0,1.0,D01
201400047555,0,7,0,0.0,2.0,3.0,1.0,C01
201400047555,0,7,0,0.0,2.0,7.0,12.0,B01
201400047555,0,33,0,0.0,2.0,8.0,3.0,A01
201400047556,0,33,0,0.0,2.0,8.0,0.0,A01
201400047556,0,7,0,0.0,2.0,8.0,0.0,B01
201400047557,0,7,0,0.0,2.0,0.0,2.0,A01
201400047557,0,14,0,0.0,0.0,0.0,0.0,B01
201400047558,0,7,0,15.0,2.0,1.0,2.0,B01
201400047558,0,7,0,0.0,2.0,1.0,1.0,A01
201400047558,0,15,0,0.0,2.0,8.0,1.0,C01
201400047559,0,7,0,0.0,2.0,6.0,2.0,B01
201400047559,0,7,0,0.0,2.0,2.0,1.0,A01
201400047560,0,7,0,0.0,2.0,1.0,0.0,B01
201400047560,0,7,0,4.0,0.0,0.0,0.0,C01
201400047560,0,7,0,0.0,2.0,1.0,0.0,A01
201400047561,0,33,0,0.0,0.0,3.0,0.0,B01
201400047561,0,7,0,0.0,2.0,0.0,0.0,A01
201400047562,0,33,0,0.0,2.0,1.0,3.0,B01
201400047562,0,10,0,0.0,2.0,2.0,12.0,A01
201400047562,0,7,0,0.0,2.0,4.0,1.0,C01
201400047563,0,7,0,4.0,0.0,1.0,14.0,A01
201400047564,1,15,0,0.0,0.0,2.0,0.0,Z01
201400047564,0,7,0,0.0,2.0,2.0,0.0,B01
201400047564,0,7,0,0.0,2.0,5.0,0.0,A01
201400047565,0,7,0,0.0,2.0,2.0,0.0,A01
201400047565,0,7,0,0.0,2.0,6.0,11.0,B01
201400047566,0,7,0,4.0,0.0,2.0,12.0,A01
201400047567,0,7,0,3.0,0.0,2.0,12.0,A01
201400047568,0,10,0,0.0,2.0,1.0,2.0,A01
201400047568,0,7,0,0.0,0.0,4.0,2.0,B01
201400047569,0,33,0,0.0,0.0,3.0,1.0,A01
201400047570,0,31,0,16.0,0.0,1.0,1.0,A01
201400047571,0,31,0,0.0,2.0,9.0,3.0,A01
201400047571,0,7,0,0.0,0.0,3.0,2.0,B01
201400047571,0,10,0,0.0,0.0,2.0,1.0,C01
201400047572,0,33,0,0.0,0.0,1.0,0.0,A01
201400047573,0,7,0,0.0,2.0,5.0,1.0,C01
201400047573,0,10,0,3.0,2.0,1.0,1.0,A01
201400047573,0,7,0,0.0,2.0,4.0,1.0,B01
201400047573,0,7,0,0.0,2.0,3.0,0.0,D01
201400047574,0,33,0,0.0,2.0,1.0,0.0,A01
201400047574,1,7,0,0.0,2.0,4.0,0.0,Z01
201400047575,0,7,0,4.0,0.0,3.0,0.0,A01
201400047576,0,7,0,0.0,2.0,0.0,0.0,B01
201400047576,0,33,0,0.0,2.0,0.0,0.0,A01
201400047577,0,7,0,4.0,0.0,3.0,13.0,A01
201400047578,0,7,0,0.0,2.0,7.0,1.0,B01
201400047578,0,33,0,0.0,1.0,1.0,3.0,A01
201400047579,0,7,0,0.0,2.0,3.0,11.0,A01
201400047579,0,34,0,0.0,2.0,2.0,3.0,B01
201400047580,0,33,0,0.0,2.0,1.0,2.0,A01
201400047580,0,7,0,0.0,2.0,0.0,12.0,B01
201400047581,0,7,0,0.0,0.0,2.0,1.0,B01
201400047581,0,33,0,0.0,2.0,5.0,3.0,A01
201400047581,0,10,0,0.0,0.0,3.0,0.0,C01
201400047582,0,7,0,0.0,0.0,4.0,2.0,B01
201400047582,0,7,0,0.0,2.0,1.0,1.0,A01
201400047583,0,7,0,16.0,0.0,9.0,1.0,A01
201400047584,0,33,0,0.0,0.0,7.0,0.0,A01
201400047585,0,33,0,0.0,0.0,0.0,1.0,A01
201400047586,0,33,0,0.0,2.0,4.0,2.0,B01
201400047586,0,7,0,0.0,2.0,1.0,1.0,A01
201400047587,0,33,0,0.0,2.0,1.0,2.0,B01
201400047587,0,7,0,0.0,0.0,2.0,6.0,A01
201400047588,0,33,0,0.0,0.0,7.0,2.0,A01
201400047589,0,7,0,0.0,0.0,0.0,2.0,A01
201400047590,0,33,0,0.0,9.0,1.0,1.0,A01
201400047591,0,33,0,12.0,0.0,3.0,13.0,A01
201400047592,0,33,0,0.0,2.0,1.0,0.0,A01
201400047592,0,7,0,0.0,2.0,4.0,2.0,B01
201400047593,0,7,0,0.0,0.0,4.0,2.0,A01
201400047593,0,7,0,0.0,2.0,1.0,2.0,B01
201400047594,0,7,0,0.0,0.0,5.0,1.0,B01
201400047594,0,33,0,0.0,2.0,3.0,3.0,A01
201400047595,0,7,0,0.0,2.0,4.0,2.0,A01
201400047595,0,7,0,0.0,2.0,4.0,2.0,D01
201400047595,0,7,0,0.0,2.0,1.0,1.0,B01
201400047595,0,7,0,0.0,2.0,1.0,2.0,C01
201400047596,0,7,0,0.0,2.0,1.0,2.0,A01
201400047596,0,7,0,0.0,2.0,4.0,2.0,B01
201400047597,0,7,0,0.0,2.0,4.0,2.0,B01
201400047597,0,7,0,0.0,2.0,1.0,1.0,A01
201400047598,0,7,0,0.0,2.0,4.0,2.0,B01
201400047598,0,33,0,0.0,2.0,1.0,1.0,A01
201400047599,0,34,0,0.0,2.0,4.0,2.0,A01
201400047599,0,33,0,0.0,2.0,1.0,1.0,B01
201400047600,0,33,0,0.0,0.0,0.0,0.0,A01
201400047601,0,7,0,0.0,2.0,1.0,2.0,A01
201400047601,0,7,0,0.0,2.0,4.0,2.0,B01
201400047602,0,7,0,4.0,0.0,3.0,13.0,A01
201400047603,0,7,0,4.0,0.0,2.0,14.0,A01
201400047604,0,7,0,0.0,0.0,1.0,0.0,A01
201400047605,0,13,0,0.0,2.0,1.0,0.0,A01
201400047605,0,7,0,0.0,2.0,8.0,0.0,B01
201400047606,0,7,0,14.0,0.0,2.0,14.0,A01
201400047607,0,7,0,4.0,0.0,3.0,13.0,A01
201400047608,1,7,0,0.0,2.0,3.0,0.0,Z01
201400047608,0,7,0,0.0,2.0,4.0,2.0,D01
201400047608,0,7,0,0.0,2.0,4.0,2.0,B01
201400047608,0,7,0,0.0,2.0,5.0,0.0,A01
201400047608,0,7,0,0.0,2.0,4.0,2.0,C01
201400047609,0,7,0,0.0,2.0,4.0,1.0,B01
201400047609,0,33,0,0.0,2.0,1.0,3.0,A01
201400047610,0,7,0,5.0,0.0,1.0,14.0,A01
201400047611,0,7,0,4.0,0.0,6.0,14.0,A01
201400047612,0,7,0,0.0,2.0,4.0,2.0,B01
201400047612,0,7,0,0.0,2.0,1.0,2.0,A01
201400047613,0,7,0,4.0,0.0,3.0,0.0,A01
201400047614,0,33,0,0.0,2.0,1.0,3.0,A01
201400047614,0,7,0,0.0,2.0,4.0,1.0,B01
201400047615,0,7,0,0.0,0.0,0.0,0.0,B01
201400047615,0,33,0,0.0,0.0,0.0,0.0,A01
201400047616,0,7,0,0.0,2.0,2.0,17.0,A01
201400047616,0,33,0,0.0,2.0,8.0,1.0,B01
201400047617,0,7,0,0.0,2.0,7.0,14.0,A01
201400047617,0,33,0,0.0,2.0,3.0,1.0,B01
201400047618,0,7,0,0.0,2.0,4.0,23.0,C01
201400047618,0,33,0,0.0,2.0,2.0,12.0,B01
201400047618,0,33,0,0.0,2.0,1.0,3.0,A01
201400047619,1,7,0,0.0,0.0,0.0,0.0,Z01
201400047619,0,34,0,0.0,2.0,8.0,0.0,A01
201400047620,0,7,0,0.0,0.0,1.0,0.0,C01
201400047620,0,10,0,0.0,0.0,4.0,2.0,B01
201400047620,0,7,0,0.0,0.0,4.0,2.0,A01
201400047621,0,7,0,0.0,0.0,8.0,0.0,A01
201400047622,0,33,0,0.0,0.0,0.0,0.0,A01
201400047623,0,33,0,0.0,0.0,1.0,16.0,A01
201400047624,0,33,0,0.0,0.0,8.0,3.0,A01
201400047624,0,7,0,0.0,0.0,7.0,2.0,B01
201400047625,0,7,0,0.0,2.0,7.0,12.0,A01
201400047625,0,10,0,0.0,2.0,8.0,2.0,C01
201400047625,0,32,0,0.0,2.0,8.0,3.0,B01
201400047626,0,10,0,4.0,2.0,4.0,1.0,A01
201400047626,1,99,0,0.0,2.0,1.0,1.0,Z01
201400047627,0,7,0,0.0,2.0,4.0,2.0,A01
201400047627,1,15,0,0.0,2.0,0.0,0.0,Z01
201400047628,0,7,0,0.0,0.0,7.0,2.0,A01
201400047629,0,7,0,4.0,0.0,1.0,2.0,A01
201400047630,0,7,0,4.0,0.0,1.0,1.0,A01
201400047631,0,7,0,4.0,0.0,3.0,13.0,A01
201400047632,0,32,0,4.0,0.0,8.0,13.0,A01
201400047633,0,7,0,0.0,2.0,4.0,0.0,A01
201400047633,1,99,0,0.0,2.0,0.0,0.0,Z01
201400047634,0,7,0,0.0,2.0,1.0,1.0,B01
201400047634,0,7,0,0.0,0.0,4.0,1.0,A01
201400047635,0,7,0,0.0,2.0,1.0,14.0,A01
201400047635,0,7,0,0.0,2.0,8.0,2.0,B01
201400047635,0,7,0,0.0,2.0,8.0,2.0,C01
201400047636,0,7,0,0.0,2.0,1.0,1.0,A01
201400047636,0,7,0,0.0,2.0,4.0,2.0,B01
201400047637,0,7,0,4.0,0.0,1.0,1.0,A01
201400047638,0,7,0,5.0,0.0,3.0,13.0,A01
201400047639,0,33,0,0.0,2.0,8.0,3.0,A01
201400047639,0,7,0,0.0,2.0,1.0,2.0,B01
201400047640,0,15,0,0.0,0.0,3.0,0.0,B01
201400047640,0,7,0,0.0,2.0,8.0,0.0,A01
201400047641,1,7,0,0.0,0.0,0.0,0.0,Z01
201400047641,0,7,0,0.0,0.0,0.0,0.0,A01
201400047641,0,7,0,0.0,0.0,4.0,0.0,B01
201400047642,0,7,0,0.0,2.0,4.0,2.0,C01
201400047642,0,7,0,0.0,2.0,5.0,2.0,B01
201400047642,0,31,0,0.0,2.0,1.0,1.0,A01
201400047643,0,7,0,0.0,2.0,1.0,1.0,A01
201400047643,0,7,0,0.0,2.0,9.0,2.0,B01
201400047643,0,10,0,0.0,2.0,4.0,2.0,C01
201400047644,0,7,0,0.0,2.0,1.0,1.0,A01
201400047644,0,7,0,0.0,2.0,4.0,2.0,B01
201400047645,0,7,0,13.0,0.0,2.0,14.0,A01
201400047646,0,7,0,4.0,0.0,2.0,14.0,A01
201400047647,0,7,0,0.0,2.0,9.0,0.0,A01
201400047647,0,15,0,0.0,2.0,8.0,0.0,B01
201400047647,0,7,0,0.0,2.0,7.0,0.0,C01
201400047648,0,7,0,3.0,0.0,3.0,0.0,A01
201400047649,0,17,0,0.0,2.0,2.0,1.0,A01
201400047649,0,7,0,0.0,2.0,3.0,9.0,B01
201400047650,1,99,0,0.0,0.0,4.0,0.0,Z01
201400047650,0,7,0,0.0,0.0,4.0,0.0,A01
201400047650,0,15,0,0.0,0.0,0.0,0.0,B01
201400047651,0,14,0,0.0,0.0,0.0,0.0,B01
201400047651,0,7,0,0.0,0.0,0.0,0.0,A01
201400047652,0,33,0,0.0,2.0,2.0,3.0,A01
201400047652,0,7,0,0.0,2.0,8.0,1.0,C01
201400047652,0,7,0,0.0,2.0,6.0,1.0,B01
201400047653,0,7,0,0.0,2.0,1.0,0.0,B01
201400047653,0,7,0,4.0,2.0,9.0,0.0,A01
201400047653,1,99,0,0.0,2.0,2.0,0.0,Z01
201400047654,0,7,0,4.0,0.0,1.0,2.0,A01
201400047655,0,33,0,0.0,0.0,8.0,3.0,A01
201400047656,0,7,0,0.0,2.0,1.0,0.0,A01
201400047656,0,7,0,0.0,2.0,7.0,0.0,B01
201400047657,0,7,0,0.0,0.0,8.0,2.0,D01
201400047657,0,7,0,0.0,0.0,8.0,2.0,C01
201400047657,0,7,0,4.0,0.0,3.0,1.0,A01
201400047657,0,33,0,14.0,0.0,8.0,21.0,B01
201400047658,0,31,0,5.0,0.0,0.0,0.0,A01
201400047659,0,34,0,4.0,0.0,2.0,14.0,A01
201400047660,0,7,0,16.0,0.0,1.0,1.0,A01
201400047661,0,7,0,0.0,2.0,4.0,23.0,A01
201400047661,0,7,0,14.0,0.0,4.0,2.0,B01
201400047661,0,7,0,0.0,2.0,1.0,1.0,C01
201400047662,0,31,0,16.0,0.0,9.0,1.0,A01
201400047663,0,7,0,0.0,2.0,1.0,1.0,A01
201400047663,0,7,0,0.0,0.0,4.0,2.0,C01
201400047663,0,7,0,0.0,2.0,4.0,2.0,B01
201400047664,0,7,0,0.0,9.0,1.0,1.0,A01
201400047665,0,7,0,0.0,2.0,6.0,11.0,B01
201400047665,0,33,0,0.0,2.0,1.0,21.0,A01
201400047666,0,10,0,0.0,0.0,1.0,1.0,A01
201400047666,0,10,0,0.0,0.0,4.0,1.0,B01
201400047667,0,33,0,16.0,0.0,7.0,21.0,A01
201400047668,0,7,0,0.0,2.0,1.0,2.0,B01
201400047668,0,7,0,0.0,0.0,4.0,2.0,A01
201400047669,0,7,0,0.0,2.0,1.0,1.0,A01
201400047669,0,31,0,0.0,2.0,4.0,2.0,C01
201400047669,0,7,0,0.0,2.0,9.0,2.0,B01
201400047670,0,7,0,0.0,0.0,4.0,2.0,B01
201400047670,0,7,0,0.0,2.0,1.0,2.0,A01
201400047671,0,7,0,3.0,2.0,3.0,21.0,A01
201400047671,1,7,0,0.0,2.0,2.0,0.0,Z01
201400047672,0,33,0,0.0,0.0,0.0,0.0,A01
201400047673,0,7,0,4.0,0.0,1.0,13.0,A01
201400047674,0,7,0,0.0,0.0,7.0,2.0,A01
201400047674,1,15,0,0.0,0.0,0.0,0.0,Z01
201400047675,0,99,0,0.0,0.0,3.0,13.0,A01
201400047676,0,7,0,4.0,0.0,3.0,1.0,A01
201400047677,0,7,0,0.0,2.0,8.0,9.0,A01
201400047677,0,33,0,0.0,2.0,7.0,12.0,B01
201400047678,1,15,0,0.0,0.0,0.0,14.0,Z01
201400047678,0,7,0,3.0,0.0,1.0,2.0,A01
201400047678,0,10,0,0.0,2.0,1.0,2.0,B01
201400047679,0,7,0,4.0,0.0,1.0,0.0,A01
201400047680,0,7,0,4.0,0.0,1.0,0.0,A01
201400047681,0,33,0,13.0,0.0,3.0,13.0,A01
201400047682,0,7,0,0.0,2.0,1.0,0.0,A01
201400047682,0,7,0,0.0,0.0,4.0,0.0,B01
201400047683,0,7,0,0.0,2.0,4.0,0.0,C01
201400047683,0,7,0,0.0,2.0,1.0,0.0,A01
201400047683,0,10,0,0.0,2.0,4.0,0.0,B01
201400047683,0,7,0,0.0,2.0,4.0,0.0,D01
201400047684,0,7,0,0.0,2.0,1.0,0.0,A01
201400047685,0,7,0,4.0,0.0,8.0,13.0,A01
201400047686,0,7,0,0.0,0.0,2.0,0.0,A01
201400047686,0,7,0,0.0,2.0,8.0,0.0,B01
201400047687,0,10,0,0.0,2.0,1.0,0.0,A01
201400047687,0,14,0,0.0,2.0,6.0,0.0,C01
201400047687,0,7,0,0.0,2.0,6.0,0.0,B01
201400047688,0,15,0,4.0,0.0,8.0,13.0,A01
201400047689,0,7,0,0.0,2.0,8.0,11.0,A01
201400047689,0,33,0,0.0,2.0,7.0,0.0,B01
201400047690,0,10,0,4.0,0.0,3.0,13.0,A01
201400047691,0,7,0,0.0,2.0,4.0,2.0,B01
201400047691,0,99,0,0.0,0.0,0.0,2.0,A01
201400047691,0,7,0,0.0,0.0,4.0,2.0,C01
201400047692,0,31,0,0.0,2.0,1.0,1.0,C01
201400047692,0,7,0,0.0,2.0,1.0,1.0,B01
201400047692,0,7,0,0.0,2.0,4.0,2.0,A01
201400047693,0,7,0,4.0,0.0,7.0,14.0,A01
201400047694,0,7,0,0.0,2.0,1.0,2.0,A01
201400047694,0,7,0,0.0,2.0,4.0,2.0,B01
201400047694,0,7,0,0.0,2.0,4.0,2.0,C01
201400047694,0,7,0,0.0,2.0,4.0,2.0,D01
201400047695,0,7,0,0.0,2.0,4.0,2.0,B01
201400047695,0,7,0,0.0,2.0,1.0,2.0,A01
201400047695,0,10,0,0.0,2.0,1.0,2.0,D01
201400047695,0,7,0,0.0,2.0,4.0,2.0,C01
201400047696,0,33,0,0.0,2.0,7.0,3.0,A01
201400047696,0,7,0,0.0,2.0,3.0,11.0,B01
201400047697,0,7,0,0.0,2.0,4.0,2.0,C01
201400047697,0,7,0,0.0,2.0,1.0,2.0,A01
201400047697,0,7,0,0.0,2.0,4.0,2.0,B01
201400047698,0,7,0,3.0,0.0,9.0,13.0,A01
201400047699,0,10,0,0.0,2.0,2.0,0.0,A01
201400047699,0,10,0,0.0,2.0,6.0,0.0,B01
201400047700,0,7,0,4.0,0.0,3.0,11.0,A01
201400047701,0,7,0,0.0,2.0,3.0,11.0,A01
201400047701,0,31,0,0.0,2.0,7.0,3.0,B01
201400047702,0,7,0,0.0,2.0,3.0,1.0,B01
201400047702,0,7,0,0.0,2.0,1.0,9.0,A01
201400047702,0,7,0,0.0,0.0,4.0,1.0,C01
201400047703,0,7,0,0.0,2.0,4.0,1.0,C01
201400047703,0,7,0,0.0,2.0,4.0,1.0,B01