Num_Acc,senc,catv,occutc,obs,obsm,choc,manv,num_veh
201400047703,0,7,0,0.0,2.0,1.0,1.0,A01
201400047704,0,15,0,0.0,2.0,0.0,23.0,A01
201400047704,0,33,0,0.0,0.0,1.0,2.0,B01
201400047705,0,15,0,0.0,0.0,8.0,2.0,B01
201400047705,0,7,0,4.0,0.0,1.0,11.0,A01
201400047706,0,7,0,0.0,2.0,1.0,0.0,A01
201400047706,0,34,0,0.0,0.0,4.0,0.0,B01
201400047707,0,33,0,4.0,0.0,1.0,0.0,A01
201400047708,0,17,0,0.0,2.0,1.0,0.0,B01
201400047708,0,7,0,4.0,2.0,1.0,0.0,A01
201400047708,0,10,0,0.0,2.0,1.0,0.0,C01
201400047709,0,7,0,5.0,0.0,8.0,13.0,A01
201400047710,1,15,0,0.0,0.0,6.0,13.0,Z01
201400047710,0,33,0,0.0,2.0,2.0,2.0,A01
201400047710,0,7,0,0.0,0.0,4.0,1.0,B01
201400047711,0,7,0,0.0,2.0,3.0,0.0,B01
201400047711,0,10,0,0.0,2.0,0.0,1.0,A01
201400047711,0,7,0,0.0,2.0,5.0,1.0,D01
201400047711,0,7,0,0.0,2.0,1.0,1.0,C01
201400047712,0,7,0,0.0,2.0,1.0,2.0,C01
201400047712,0,7,0,2.0,2.0,1.0,2.0,B01
201400047712,0,7,0,0.0,0.0,4.0,2.0,A01
201400047713,0,7,0,0.0,0.0,4.0,2.0,A01
201400047713,0,7,0,0.0,2.0,9.0,2.0,B01
201400047713,0,7,0,0.0,0.0,1.0,1.0,C01
201400047714,0,33,0,0.0,2.0,9.0,0.0,D01
201400047714,0,7,0,0.0,2.0,8.0,0.0,A01
201400047714,0,7,0,0.0,2.0,5.0,21.0,B01
201400047714,0,33,0,0.0,2.0,4.0,0.0,C01
201400047714,0,33,0,0.0,2.0,1.0,0.0,E01
201400047715,0,2,0,0.0,2.0,1.0,0.0,A01
201400047715,0,7,0,0.0,0.0,6.0,0.0,B01
201400047716,0,7,0,0.0,2.0,4.0,1.0,C01
201400047716,0,33,0,0.0,2.0,8.0,3.0,A01
201400047716,0,7,0,0.0,2.0,7.0,12.0,B01
201400047717,0,7,0,0.0,2.0,1.0,1.0,B01
201400047717,0,7,0,0.0,2.0,9.0,2.0,D01
201400047717,0,7,0,0.0,2.0,5.0,12.0,A01
201400047717,0,7,0,0.0,2.0,2.0,2.0,C01
201400047718,0,7,0,13.0,0.0,1.0,14.0,A01
201400047719,0,7,0,4.0,0.0,3.0,13.0,A01
201400047720,0,33,0,0.0,2.0,7.0,3.0,A01
201400047721,1,99,0,0.0,2.0,2.0,0.0,Z01
201400047721,0,7,0,3.0,0.0,3.0,0.0,A01
201400047722,0,7,0,0.0,2.0,4.0,2.0,B01
201400047722,0,10,0,0.0,2.0,1.0,1.0,A01
201400047723,0,7,0,4.0,0.0,1.0,0.0,A01
201400047724,0,33,0,16.0,0.0,9.0,1.0,A01
201400047725,0,15,0,0.0,0.0,0.0,0.0,B01
201400047725,0,7,0,0.0,0.0,0.0,0.0,C01
201400047725,0,7,0,0.0,0.0,2.0,0.0,A01
201400047726,0,33,0,3.0,0.0,3.0,13.0,A01
201400047727,0,10,0,4.0,0.0,1.0,14.0,A01
201400047728,0,7,0,0.0,0.0,4.0,1.0,B01
201400047728,0,33,0,0.0,2.0,1.0,2.0,A01
201400047729,0,7,0,13.0,0.0,9.0,2.0,A01
201400047730,0,7,0,0.0,2.0,8.0,11.0,A01
201400047730,0,32,0,0.0,2.0,2.0,0.0,B01
201400047731,0,7,0,0.0,2.0,1.0,1.0,B01
201400047731,0,7,0,4.0,2.0,4.0,1.0,A01
201400047731,0,7,0,0.0,2.0,9.0,2.0,C01
201400047731,0,7,0,0.0,2.0,4.0,2.0,D01
201400047732,0,7,0,0.0,2.0,1.0,2.0,A01
201400047732,0,7,0,0.0,2.0,4.0,1.0,B01
201400047732,0,10,0,0.0,0.0,4.0,1.0,C01
201400047733,0,31,0,0.0,2.0,1.0,0.0,A01
201400047733,0,7,0,0.0,2.0,5.0,0.0,B01
201400047734,0,15,0,0.0,2.0,2.0,1.0,A01
201400047734,0,7,0,0.0,2.0,6.0,9.0,B01
201400047735,0,7,0,4.0,0.0,8.0,13.0,A01
201400047736,0,15,0,0.0,2.0,4.0,2.0,A01
201400047736,0,7,0,14.0,2.0,2.0,17.0,B01
201400047737,0,7,0,0.0,2.0,8.0,0.0,A01
201400047737,0,15,0,0.0,2.0,2.0,0.0,B01
201400047738,0,7,0,4.0,0.0,1.0,9.0,A01
201400047739,0,7,0,0.0,0.0,0.0,0.0,A01
201400047739,0,31,0,0.0,0.0,0.0,0.0,B01
201400047740,0,7,0,4.0,0.0,0.0,0.0,A01
201400047741,0,7,0,0.0,2.0,4.0,2.0,C01
201400047741,0,7,0,0.0,2.0,9.0,2.0,B01
201400047741,0,7,0,0.0,2.0,3.0,1.0,A01
201400047741,1,7,0,0.0,0.0,0.0,0.0,Z01
201400047742,0,7,0,6.0,0.0,1.0,0.0,A01
201400047743,0,7,0,0.0,0.0,4.0,2.0,A01
201400047743,0,7,0,0.0,0.0,4.0,2.0,B01
201400047743,0,7,0,0.0,2.0,1.0,2.0,C01
201400047744,0,10,0,0.0,2.0,4.0,0.0,A01
201400047744,0,32,0,0.0,2.0,1.0,0.0,B01
201400047745,0,7,0,0.0,2.0,4.0,23.0,A01
201400047745,0,7,0,0.0,2.0,1.0,1.0,B01
201400047746,0,7,0,0.0,2.0,9.0,2.0,B01
201400047746,0,7,0,0.0,2.0,9.0,2.0,C01
201400047746,0,15,0,0.0,2.0,4.0,2.0,A01
201400047747,0,34,0,0.0,2.0,0.0,0.0,B01
201400047747,0,7,0,0.0,2.0,7.0,0.0,A01
201400047748,0,7,0,0.0,2.0,4.0,2.0,A01
201400047748,0,34,0,0.0,2.0,1.0,2.0,B01
201400047749,0,33,0,0.0,2.0,0.0,0.0,C01
201400047749,0,7,0,0.0,2.0,3.0,1.0,B01
201400047749,0,7,0,0.0,2.0,0.0,0.0,D01
201400047749,0,14,0,0.0,2.0,1.0,12.0,A01
201400047750,0,33,0,0.0,0.0,7.0,0.0,A01
201400047751,0,31,0,16.0,0.0,7.0,3.0,A01
201400047752,0,1,0,0.0,2.0,8.0,18.0,B01
201400047752,0,15,0,0.0,2.0,7.0,16.0,A01
201400047753,0,7,0,0.0,2.0,4.0,24.0,B01
201400047753,0,7,0,1.0,0.0,1.0,14.0,A01
201400047754,0,7,0,0.0,2.0,4.0,2.0,B01
201400047754,0,10,0,0.0,2.0,1.0,1.0,A01
201400047755,0,7,0,1.0,0.0,1.0,1.0,A01
201400047755,0,10,0,0.0,2.0,6.0,1.0,B01
201400047756,0,34,0,0.0,2.0,1.0,3.0,A01
201400047756,0,34,0,0.0,0.0,4.0,3.0,B01
201400047757,0,37,12,4.0,0.0,1.0,1.0,A01
201400047758,0,7,0,0.0,2.0,5.0,1.0,A01
201400047758,1,7,0,0.0,2.0,0.0,0.0,Z01
201400047759,0,7,0,0.0,2.0,0.0,0.0,A01
201400047759,0,17,0,0.0,2.0,5.0,1.0,B01
201400047760,0,7,0,0.0,2.0,1.0,1.0,B01
201400047760,0,7,0,0.0,2.0,4.0,2.0,A01
201400047761,0,7,0,0.0,0.0,4.0,2.0,B01
201400047761,0,7,0,0.0,2.0,1.0,1.0,A01
201400047762,0,7,0,4.0,0.0,9.0,14.0,A01
201400047763,0,7,0,0.0,2.0,1.0,12.0,A01
201400047764,0,7,0,4.0,0.0,2.0,1.0,A01
201400047765,0,7,0,0.0,0.0,1.0,0.0,A01
201400047765,0,31,0,0.0,2.0,1.0,0.0,B01
201400047766,0,7,0,0.0,2.0,9.0,9.0,A01
201400047766,0,7,0,0.0,2.0,7.0,1.0,B01
201400047767,0,7,0,0.0,2.0,4.0,2.0,B01
201400047767,0,7,0,,2.0,1.0,1.0,A01
201400047767,0,7,0,0.0,2.0,5.0,2.0,C01
201400047768,0,7,0,4.0,0.0,1.0,1.0,A01
201400047769,0,33,0,0.0,0.0,0.0,1.0,A01
201400047770,0,7,0,0.0,0.0,7.0,17.0,B01
201400047770,0,7,0,0.0,2.0,1.0,13.0,A01
201400047771,0,7,0,0.0,2.0,8.0,0.0,A01
201400047771,0,7,0,0.0,2.0,1.0,0.0,B01
201400047771,0,7,0,0.0,0.0,4.0,0.0,C01
201400047772,0,7,0,0.0,2.0,4.0,2.0,B01
201400047772,0,7,0,0.0,2.0,1.0,1.0,A01
201400047773,0,31,0,0.0,0.0,0.0,0.0,A01
201400047774,0,7,0,0.0,2.0,4.0,2.0,B01
201400047774,0,7,0,0.0,2.0,1.0,1.0,A01
201400047775,0,7,0,4.0,0.0,1.0,12.0,A01
201400047776,0,7,0,3.0,0.0,1.0,13.0,A01
201400047777,1,99,0,0.0,2.0,2.0,0.0,Z01
201400047777,0,7,0,0.0,2.0,0.0,0.0,A01
201400047778,0,10,0,0.0,2.0,1.0,1.0,A01
201400047778,0,10,0,0.0,2.0,4.0,2.0,B01
201400047779,0,7,0,0.0,2.0,8.0,1.0,A01
201400047779,0,15,0,0.0,2.0,2.0,0.0,B01
201400047780,0,7,0,0.0,2.0,4.0,2.0,B01
201400047780,0,7,0,0.0,2.0,1.0,1.0,A01
201400047781,0,7,0,0.0,2.0,1.0,2.0,C01
201400047781,0,7,0,0.0,2.0,1.0,2.0,B01
201400047781,0,7,0,0.0,0.0,4.0,2.0,A01
201400047782,0,34,0,3.0,0.0,2.0,14.0,A01
201400047783,0,34,0,4.0,0.0,1.0,13.0,A01
201400047784,0,7,0,0.0,2.0,9.0,0.0,A01
201400047784,0,10,0,0.0,2.0,3.0,0.0,B01
201400047784,0,13,0,0.0,2.0,0.0,0.0,C01
201400047784,0,34,0,0.0,2.0,3.0,0.0,D01
201400047785,0,31,0,0.0,2.0,1.0,1.0,A01
201400047785,0,7,0,0.0,2.0,5.0,2.0,B01
201400047786,0,7,0,4.0,0.0,3.0,13.0,A01
201400047787,0,7,0,0.0,0.0,4.0,2.0,B01
201400047787,0,7,0,0.0,0.0,2.0,1.0,C01
201400047787,0,10,0,0.0,2.0,1.0,0.0,A01
201400047788,0,10,0,0.0,0.0,5.0,1.0,C01
201400047788,0,7,0,0.0,2.0,3.0,21.0,B01
201400047788,0,34,0,0.0,2.0,1.0,1.0,A01
201400047789,0,33,0,4.0,0.0,8.0,0.0,A01
201400047790,0,7,0,0.0,2.0,4.0,0.0,B01
201400047790,0,7,0,0.0,2.0,1.0,0.0,A01
201400047791,0,7,0,0.0,0.0,4.0,0.0,B01
201400047791,0,7,0,0.0,2.0,1.0,0.0,A01
201400047792,0,7,0,4.0,0.0,1.0,21.0,A01
201400047793,0,7,0,0.0,0.0,1.0,1.0,A01
201400047793,0,7,0,0.0,0.0,4.0,2.0,B01
201400047793,0,7,0,0.0,0.0,4.0,2.0,C01
201400047793,0,7,0,0.0,0.0,4.0,2.0,D01
201400047794,0,7,0,0.0,2.0,6.0,1.0,A01
201400047794,0,15,0,0.0,0.0,3.0,13.0,B01
201400047795,0,7,0,0.0,2.0,1.0,2.0,C01
201400047795,0,7,0,0.0,0.0,4.0,0.0,A01
201400047795,0,7,0,0.0,2.0,1.0,2.0,B01
201400047796,0,7,0,0.0,2.0,4.0,2.0,B01
201400047796,0,7,0,0.0,2.0,1.0,1.0,A01
201400047797,0,7,0,0.0,2.0,1.0,0.0,A01
201400047797,0,7,0,0.0,2.0,4.0,0.0,B01
201400047798,1,7,0,0.0,0.0,0.0,0.0,Z01
201400047798,0,32,0,0.0,2.0,4.0,1.0,A01
201400047799,0,7,0,3.0,0.0,2.0,14.0,A01
201400047800,0,7,0,0.0,2.0,1.0,0.0,A01
201400047800,0,7,0,0.0,2.0,4.0,0.0,B01
201400047801,0,7,0,0.0,2.0,1.0,1.0,B01
201400047801,0,7,0,0.0,6.0,1.0,1.0,A01
201400047802,0,7,0,0.0,2.0,4.0,0.0,C01
201400047802,0,7,0,4.0,2.0,1.0,0.0,A01
201400047802,0,7,0,0.0,2.0,6.0,0.0,B01
201400047803,0,7,0,16.0,0.0,9.0,13.0,A01
201400047804,0,10,0,0.0,2.0,8.0,1.0,B01
201400047804,0,33,0,0.0,2.0,7.0,3.0,A01
201400047805,0,7,0,0.0,0.0,4.0,2.0,C01
201400047805,0,7,0,0.0,2.0,1.0,2.0,A01
201400047805,0,7,0,0.0,2.0,5.0,2.0,B01
201400047806,0,7,0,0.0,2.0,1.0,1.0,C01
201400047806,0,7,0,0.0,2.0,4.0,1.0,B01
201400047806,0,7,0,0.0,2.0,4.0,1.0,A01
201400047807,0,7,0,0.0,2.0,3.0,11.0,B01
201400047807,0,32,0,0.0,2.0,7.0,0.0,A01
201400047808,0,7,0,0.0,2.0,1.0,0.0,A01
201400047808,0,7,0,0.0,0.0,4.0,0.0,B01
201400047809,0,33,0,0.0,0.0,0.0,3.0,A01
201400047810,0,31,0,15.0,2.0,1.0,1.0,A01
201400047810,0,7,0,,2.0,8.0,1.0,C01
201400047810,0,7,0,,2.0,6.0,1.0,B01
201400047811,1,7,0,0.0,2.0,0.0,0.0,Z01
201400047811,0,7,0,0.0,2.0,7.0,1.0,B01
201400047811,0,33,0,0.0,2.0,7.0,3.0,A01
201400047812,0,34,0,0.0,2.0,8.0,2.0,A01
201400047813,0,33,0,0.0,2.0,3.0,3.0,A01
201400047813,0,7,0,0.0,0.0,5.0,12.0,B01
201400047814,0,10,0,0.0,0.0,4.0,2.0,A01
201400047814,0,10,0,0.0,0.0,1.0,2.0,C01
201400047814,0,33,0,0.0,0.0,1.0,2.0,D01
201400047814,0,10,0,0.0,0.0,1.0,2.0,B01
201400047815,0,7,0,0.0,2.0,1.0,0.0,A01
201400047815,0,7,0,0.0,0.0,4.0,0.0,B01
201400047816,0,15,0,0.0,2.0,3.0,11.0,A01
201400047816,0,7,0,3.0,2.0,9.0,2.0,B01
201400047817,0,33,0,0.0,0.0,0.0,0.0,A01
201400047817,0,7,0,0.0,0.0,0.0,0.0,B01
201400047818,0,7,0,0.0,0.0,0.0,0.0,A01
201400047818,0,32,0,0.0,0.0,0.0,0.0,C01
201400047818,0,14,0,0.0,0.0,0.0,0.0,B01
201400047819,0,7,0,3.0,0.0,1.0,21.0,A01
201400047820,0,15,0,0.0,2.0,3.0,11.0,D01
201400047820,0,7,0,0.0,2.0,4.0,2.0,B01
201400047820,0,15,0,0.0,2.0,9.0,2.0,C01
201400047820,0,7,0,0.0,2.0,1.0,1.0,A01
201400047821,0,33,0,0.0,2.0,1.0,1.0,A01
201400047821,0,33,0,0.0,2.0,5.0,2.0,B01
201400047821,0,10,0,0.0,2.0,8.0,2.0,C01
201400047822,0,7,0,0.0,2.0,6.0,1.0,B01
201400047822,0,33,0,0.0,2.0,1.0,3.0,A01
201400047823,0,7,0,0.0,2.0,4.0,2.0,A01
201400047823,0,7,0,0.0,2.0,1.0,1.0,C01
201400047823,0,7,0,0.0,2.0,4.0,2.0,B01
201400047824,0,7,0,0.0,0.0,9.0,0.0,A01
201400047825,0,7,0,14.0,2.0,0.0,0.0,B01
201400047825,0,7,0,14.0,2.0,0.0,0.0,C01
201400047825,0,7,0,14.0,2.0,0.0,0.0,A01
201400047826,0,7,0,4.0,0.0,9.0,0.0,A01
201400047827,0,34,0,0.0,0.0,3.0,3.0,A01
201400047827,1,31,0,0.0,0.0,2.0,12.0,Z01
201400047828,0,7,0,0.0,0.0,1.0,9.0,A01
201400047829,0,7,0,4.0,0.0,3.0,1.0,A01
201400047830,0,10,0,13.0,0.0,2.0,1.0,A01
201400047831,0,7,0,0.0,0.0,4.0,1.0,B01
201400047831,0,7,0,0.0,0.0,1.0,1.0,A01
201400047832,0,7,0,0.0,0.0,5.0,1.0,B01
201400047832,0,33,0,0.0,0.0,3.0,3.0,A01
201400047833,0,7,0,3.0,0.0,3.0,13.0,A01
201400047834,0,7,0,4.0,0.0,1.0,21.0,A01
201400047835,0,7,0,16.0,0.0,1.0,1.0,A01
201400047836,0,7,0,0.0,2.0,1.0,2.0,B01
201400047836,0,7,0,0.0,2.0,4.0,2.0,A01
201400047837,0,7,0,4.0,0.0,9.0,0.0,A01
201400047838,0,7,0,0.0,2.0,2.0,0.0,A01
201400047838,0,32,0,0.0,2.0,6.0,0.0,B01
201400047839,0,7,0,4.0,0.0,2.0,14.0,A01
201400047840,0,7,0,0.0,2.0,8.0,1.0,A01
201400047840,0,7,0,0.0,2.0,1.0,17.0,B01
201400047841,0,7,0,0.0,2.0,1.0,1.0,A01
201400047841,0,10,0,0.0,2.0,4.0,2.0,B01
201400047842,0,15,0,0.0,2.0,1.0,0.0,A01
201400047842,0,7,0,0.0,0.0,4.0,1.0,C01
201400047842,0,7,0,0.0,2.0,4.0,0.0,B01
201400047843,0,31,0,0.0,2.0,1.0,21.0,B01
201400047843,0,7,0,0.0,2.0,5.0,1.0,A01
201400047844,0,10,0,1.0,0.0,1.0,2.0,A01
201400047844,0,7,0,0.0,0.0,4.0,24.0,B01
201400047845,0,7,0,4.0,0.0,1.0,13.0,A01
201400047846,0,17,0,0.0,0.0,2.0,12.0,A01
201400047846,0,7,0,0.0,0.0,6.0,2.0,B01
201400047847,0,7,0,0.0,6.0,1.0,1.0,A01
201400047848,0,7,0,4.0,0.0,3.0,13.0,A01
201400047848,0,32,0,0.0,2.0,8.0,2.0,B01
201400047849,0,15,0,4.0,0.0,3.0,13.0,A01
201400047850,0,7,0,4.0,0.0,1.0,2.0,A01
201400047851,0,7,0,4.0,0.0,9.0,2.0,A01
201400047852,0,7,0,3.0,0.0,1.0,0.0,A01
201400047853,0,7,0,4.0,0.0,2.0,14.0,A01
201400047854,0,7,0,13.0,0.0,1.0,1.0,A01
201400047855,0,7,0,4.0,0.0,9.0,1.0,A01
201400047856,0,7,0,0.0,2.0,4.0,0.0,C01
201400047856,0,7,0,0.0,2.0,4.0,0.0,B01
201400047856,0,7,0,0.0,2.0,1.0,0.0,A01
201400047857,0,7,0,0.0,2.0,4.0,2.0,F01
201400047857,0,7,0,0.0,2.0,4.0,2.0,B01
201400047857,0,7,0,0.0,2.0,4.0,2.0,E01
201400047857,0,7,0,0.0,2.0,1.0,1.0,A02
201400047857,0,7,0,0.0,2.0,4.0,2.0,C01
201400047857,0,7,0,0.0,2.0,4.0,2.0,D01
201400047858,0,7,0,0.0,2.0,1.0,0.0,B01
201400047858,0,7,0,0.0,2.0,1.0,0.0,C01
201400047858,0,7,0,0.0,2.0,1.0,0.0,D01
201400047858,0,7,0,4.0,2.0,1.0,0.0,A01
201400047859,0,7,0,0.0,0.0,1.0,0.0,A01
201400047860,0,34,0,0.0,2.0,1.0,3.0,A01
201400047860,0,7,0,0.0,2.0,8.0,1.0,B01
201400047861,0,7,0,3.0,0.0,1.0,1.0,A01
201400047862,0,7,0,11.0,0.0,0.0,1.0,A01
201400047863,0,7,0,0.0,2.0,3.0,0.0,A01
201400047863,0,15,0,0.0,2.0,2.0,0.0,B01
201400047864,0,7,0,0.0,2.0,1.0,11.0,B01
201400047864,0,7,0,0.0,2.0,4.0,2.0,A01
201400047865,0,99,0,0.0,0.0,5.0,1.0,B01
201400047865,0,7,0,0.0,2.0,1.0,18.0,A01
201400047866,0,7,0,0.0,2.0,8.0,0.0,A01
201400047866,0,33,0,4.0,2.0,1.0,0.0,B01
201400047867,0,13,0,0.0,0.0,4.0,1.0,B01
201400047867,0,7,0,0.0,2.0,1.0,1.0,A01
201400047868,0,7,0,0.0,2.0,4.0,2.0,B01
201400047868,0,33,0,0.0,2.0,1.0,1.0,A01
201400047869,0,7,0,0.0,2.0,4.0,0.0,B01
201400047869,0,7,0,0.0,2.0,2.0,0.0,A01
201400047870,0,7,0,4.0,0.0,9.0,1.0,A01
201400047871,0,7,0,0.0,0.0,4.0,2.0,A01
201400047871,0,7,0,0.0,0.0,4.0,2.0,B01
201400047872,0,7,0,0.0,0.0,0.0,0.0,A01
201400047873,0,15,0,4.0,0.0,6.0,13.0,A01
201400047874,0,7,0,0.0,2.0,1.0,1.0,A01
201400047874,0,7,0,0.0,2.0,4.0,2.0,B01
201400047875,0,7,0,0.0,2.0,5.0,1.0,B01
201400047875,0,33,0,0.0,2.0,1.0,1.0,A01
201400047876,0,7,0,4.0,0.0,3.0,1.0,A01
201400047877,0,7,0,4.0,0.0,2.0,2.0,A01
201400047878,0,7,0,0.0,0.0,4.0,2.0,B01
201400047878,0,7,0,1.0,2.0,1.0,2.0,A01
201400047879,0,7,0,4.0,0.0,2.0,14.0,A01
201400047880,0,33,0,0.0,0.0,0.0,0.0,B01
201400047880,0,7,0,0.0,0.0,0.0,0.0,A01
201400047881,1,7,0,14.0,0.0,1.0,1.0,Z01
201400047881,0,7,0,0.0,2.0,4.0,1.0,A01
201400047882,0,33,0,0.0,2.0,1.0,1.0,A01
201400047882,0,7,0,0.0,2.0,5.0,2.0,B01
201400047883,0,7,0,0.0,0.0,9.0,0.0,A01
201400047883,0,7,0,1.0,0.0,3.0,0.0,B01
201400047884,0,33,0,16.0,0.0,9.0,1.0,A01
201400047885,0,7,0,1.0,0.0,1.0,1.0,A01
201400047886,0,7,0,0.0,2.0,4.0,0.0,C01
201400047886,0,7,0,0.0,2.0,1.0,0.0,B01
201400047886,0,7,0,0.0,2.0,4.0,0.0,A01
201400047886,0,7,0,4.0,2.0,1.0,0.0,D01
201400047887,0,15,0,0.0,2.0,4.0,2.0,B01
201400047887,0,7,0,0.0,2.0,1.0,1.0,A01
201400047888,0,7,0,4.0,0.0,1.0,0.0,A01
201400047889,0,7,0,4.0,0.0,1.0,1.0,A01
201400047890,0,7,0,13.0,0.0,3.0,1.0,A01
201400047891,0,7,0,4.0,0.0,1.0,0.0,A01
201400047892,0,7,0,4.0,0.0,3.0,13.0,A01
201400047893,0,7,0,16.0,0.0,9.0,1.0,A01
201400047894,0,7,0,0.0,2.0,4.0,2.0,A01
201400047894,0,7,0,0.0,2.0,1.0,2.0,B01
201400047895,0,7,0,0.0,2.0,1.0,2.0,B01
201400047895,0,7,0,0.0,2.0,4.0,23.0,A01
201400047896,0,7,0,4.0,0.0,1.0,0.0,A01
201400047897,0,7,0,0.0,1.0,3.0,1.0,A01
201400047898,0,7,0,13.0,0.0,2.0,1.0,A01
201400047899,0,7,0,0.0,0.0,4.0,1.0,A01
201400047899,2,7,0,0.0,2.0,1.0,2.0,Z01
201400047900,0,33,0,0.0,2.0,1.0,2.0,A01
201400047900,0,7,0,0.0,0.0,4.0,2.0,B01
201400047901,0,33,0,0.0,2.0,8.0,0.0,B01
201400047901,0,10,0,0.0,2.0,7.0,0.0,A01
201400047902,0,7,0,4.0,0.0,2.0,14.0,A01
201400047903,0,7,0,0.0,2.0,4.0,2.0,A01
201400047903,0,7,0,0.0,2.0,1.0,1.0,B01
201400047904,0,7,0,0.0,2.0,3.0,1.0,B01
201400047904,0,7,0,0.0,2.0,1.0,21.0,C01
201400047904,0,7,0,0.0,2.0,1.0,1.0,A01
201400047904,0,7,0,0.0,2.0,4.0,11.0,D01
201400047905,0,7,0,3.0,0.0,1.0,14.0,A01
201400047906,0,7,0,3.0,0.0,2.0,16.0,A01
201400047907,0,10,0,3.0,0.0,1.0,0.0,A01
201400047908,0,7,0,0.0,2.0,6.0,2.0,A01
201400047908,0,7,0,0.0,2.0,2.0,2.0,B01
201400047909,0,7,0,3.0,0.0,2.0,0.0,A01
201400047910,0,7,0,0.0,0.0,6.0,2.0,B01
201400047910,2,7,0,0.0,0.0,2.0,0.0,Z01
201400047910,0,7,0,1.0,0.0,1.0,2.0,C01
201400047911,0,7,0,0.0,6.0,1.0,1.0,A01
201400047912,0,7,0,4.0,0.0,1.0,1.0,A01
201400047913,0,7,0,0.0,0.0,0.0,2.0,E01
201400047913,0,7,0,0.0,0.0,4.0,1.0,C01
201400047913,0,7,0,1.0,0.0,2.0,2.0,A01
201400047913,0,7,0,0.0,0.0,0.0,2.0,D01
201400047913,0,7,0,0.0,0.0,0.0,0.0,B01
201400047914,0,7,0,0.0,2.0,1.0,2.0,A01
201400047914,0,7,0,0.0,0.0,4.0,2.0,B01
201400047915,0,33,0,0.0,2.0,2.0,17.0,A01
201400047915,0,7,0,0.0,2.0,3.0,2.0,B01
201400047915,0,7,0,0.0,2.0,3.0,2.0,C01
201400047916,0,10,0,0.0,0.0,4.0,1.0,B01
201400047916,0,7,0,0.0,2.0,1.0,2.0,A01
201400047917,0,7,0,0.0,0.0,0.0,1.0,A01
201400047917,0,33,0,0.0,0.0,0.0,21.0,B01
201400047918,0,10,0,0.0,2.0,1.0,1.0,A01
201400047918,0,10,0,0.0,2.0,4.0,2.0,B01
201400047918,0,7,0,0.0,2.0,1.0,2.0,C01
201400047919,0,7,0,0.0,0.0,4.0,2.0,C01
201400047919,0,7,0,0.0,2.0,4.0,2.0,B01
201400047919,0,7,0,0.0,2.0,1.0,2.0,A01
201400047920,0,7,0,0.0,2.0,5.0,12.0,B01
201400047920,0,31,0,0.0,2.0,8.0,1.0,A01
201400047921,0,7,0,0.0,2.0,4.0,2.0,D01
201400047921,0,33,0,0.0,2.0,3.0,3.0,A01
201400047921,0,7,0,0.0,2.0,4.0,2.0,C01
201400047921,0,7,0,0.0,2.0,2.0,12.0,B01
201400047922,0,10,0,0.0,2.0,1.0,2.0,A01
201400047922,0,7,0,0.0,2.0,4.0,2.0,B01
201400047922,0,7,0,0.0,2.0,4.0,2.0,C01
201400047923,0,7,0,0.0,2.0,5.0,2.0,B01
201400047923,1,7,0,0.0,2.0,3.0,0.0,Z01
201400047924,0,7,0,0.0,2.0,4.0,24.0,B01
201400047924,0,7,0,15.0,0.0,1.0,14.0,A01
201400047925,0,7,0,0.0,2.0,2.0,11.0,A01
201400047925,0,7,0,0.0,0.0,6.0,2.0,B01
201400047926,0,7,0,0.0,2.0,5.0,1.0,C01
201400047926,1,10,0,0.0,2.0,8.0,11.0,Z01
201400047926,0,7,0,0.0,2.0,3.0,1.0,D01
201400047926,0,34,0,0.0,2.0,2.0,3.0,B01
201400047927,0,7,0,0.0,0.0,0.0,11.0,B01
201400047927,0,33,0,0.0,0.0,2.0,21.0,A01
201400047928,0,7,0,0.0,2.0,1.0,2.0,A01
201400047928,0,7,0,0.0,2.0,4.0,2.0,B01
201400047929,0,7,0,0.0,0.0,4.0,1.0,C01
201400047929,0,15,0,0.0,2.0,3.0,1.0,B01
201400047929,0,7,0,0.0,2.0,7.0,12.0,A01
201400047930,0,7,0,0.0,2.0,1.0,0.0,A01
201400047930,0,7,0,0.0,2.0,4.0,0.0,B01
201400047931,0,7,0,0.0,2.0,8.0,13.0,B01
201400047931,0,7,0,0.0,2.0,4.0,2.0,C01
201400047931,0,7,0,0.0,2.0,1.0,2.0,A01
201400047931,0,7,0,0.0,2.0,4.0,2.0,D01
201400047932,0,33,0,0.0,2.0,1.0,3.0,A01
201400047932,0,10,0,0.0,2.0,3.0,11.0,B01
201400047933,0,7,0,0.0,2.0,3.0,9.0,B01
201400047933,0,33,0,0.0,2.0,2.0,3.0,A01
201400047933,0,7,0,0.0,2.0,4.0,2.0,C01
201400047934,0,33,0,0.0,0.0,7.0,21.0,A01
201400047935,0,7,0,0.0,2.0,1.0,2.0,A01
201400047935,0,7,0,0.0,2.0,4.0,0.0,B01
201400047936,1,7,0,0.0,0.0,4.0,0.0,A01
201400047937,0,7,0,0.0,2.0,7.0,12.0,B01
201400047937,0,33,0,0.0,2.0,1.0,3.0,A01
201400047938,0,7,0,0.0,2.0,7.0,1.0,B01
201400047938,0,10,0,3.0,2.0,2.0,1.0,A01
201400047939,0,33,0,0.0,0.0,0.0,3.0,A01
201400047940,0,7,0,0.0,0.0,5.0,1.0,A01
201400047940,0,32,0,0.0,2.0,3.0,3.0,B01
201400047941,0,7,0,13.0,2.0,6.0,0.0,A01
201400047941,0,7,0,0.0,2.0,2.0,17.0,B01