Num_Acc,senc,catv,occutc,obs,obsm,choc,manv,num_veh
201400047942,0,7,0,4.0,0.0,1.0,0.0,A01
201400047943,0,33,0,0.0,2.0,4.0,2.0,B01
201400047943,0,7,0,0.0,2.0,1.0,2.0,A01
201400047944,0,7,0,0.0,2.0,1.0,2.0,A01
201400047944,0,31,0,0.0,0.0,4.0,2.0,B01
201400047945,0,7,0,0.0,2.0,1.0,2.0,A01
201400047945,0,7,0,0.0,0.0,4.0,0.0,B01
201400047946,0,7,0,4.0,0.0,1.0,12.0,A01
201400047947,0,7,0,0.0,0.0,6.0,23.0,B01
201400047947,0,7,0,1.0,0.0,2.0,0.0,A01
201400047948,0,7,0,0.0,0.0,4.0,2.0,E01
201400047948,0,7,0,0.0,2.0,4.0,2.0,B01
201400047948,0,7,0,0.0,2.0,4.0,2.0,D01
201400047948,0,7,0,0.0,2.0,1.0,2.0,A01
201400047948,0,7,0,0.0,2.0,4.0,2.0,C01
201400047949,0,7,0,0.0,2.0,2.0,12.0,A01
201400047949,0,33,0,0.0,2.0,8.0,3.0,B01
201400047950,0,7,0,0.0,2.0,4.0,0.0,D01
201400047950,0,7,0,0.0,2.0,5.0,0.0,C01
201400047950,0,33,0,0.0,2.0,1.0,3.0,B01
201400047950,0,7,0,0.0,2.0,3.0,9.0,A01
201400047951,0,7,0,0.0,0.0,0.0,21.0,A01
201400047952,0,7,0,3.0,2.0,1.0,2.0,A01
201400047952,0,7,0,0.0,0.0,4.0,2.0,B01
201400047953,0,10,0,0.0,2.0,4.0,1.0,B01
201400047953,0,33,0,0.0,2.0,1.0,3.0,A01
201400047954,0,7,0,4.0,0.0,9.0,21.0,A01
201400047955,0,7,0,0.0,2.0,4.0,21.0,E02
201400047955,0,7,0,0.0,2.0,1.0,2.0,A01
201400047955,0,7,0,1.0,2.0,1.0,1.0,C01
201400047955,0,7,0,14.0,0.0,1.0,21.0,D01
201400047955,0,10,0,0.0,2.0,4.0,2.0,B01
201400047955,0,7,0,0.0,2.0,2.0,21.0,F01
201400047956,0,7,0,0.0,2.0,1.0,2.0,A01
201400047956,0,7,0,0.0,2.0,4.0,2.0,C01
201400047956,0,7,0,0.0,2.0,4.0,2.0,B01
201400047957,0,7,0,0.0,9.0,1.0,1.0,B01
201400047957,0,7,0,0.0,0.0,0.0,5.0,C01
201400047957,0,15,0,3.0,0.0,1.0,0.0,A01
201400047958,0,33,0,0.0,2.0,3.0,3.0,B01
201400047958,0,7,0,0.0,0.0,0.0,2.0,C01
201400047958,0,7,0,0.0,2.0,2.0,12.0,A01
201400047959,0,7,0,4.0,0.0,3.0,0.0,A01
201400047960,0,7,0,2.0,0.0,1.0,0.0,A01
201400047961,0,7,0,3.0,0.0,3.0,2.0,A01
201400047962,0,7,0,0.0,2.0,2.0,12.0,B01
201400047962,0,33,0,0.0,2.0,8.0,3.0,A01
201400047963,0,7,0,14.0,2.0,1.0,1.0,C01
201400047963,1,7,0,0.0,2.0,2.0,11.0,A01
201400047963,0,7,0,0.0,0.0,6.0,1.0,B02
201400047963,0,7,0,0.0,2.0,1.0,2.0,D01
201400047963,0,7,0,0.0,0.0,4.0,12.0,E01
201400047963,0,7,0,0.0,2.0,3.0,12.0,F01
201400047964,0,7,0,4.0,0.0,3.0,1.0,A01
201400047965,0,7,0,0.0,2.0,1.0,2.0,A01
201400047965,0,7,0,0.0,2.0,4.0,2.0,B01
201400047966,0,7,0,4.0,0.0,3.0,1.0,A01
201400047967,0,7,0,0.0,0.0,6.0,11.0,B01
201400047967,0,33,0,0.0,2.0,2.0,3.0,A01
201400047968,0,7,0,0.0,2.0,4.0,2.0,C01
201400047968,0,33,0,0.0,2.0,2.0,17.0,B01
201400047968,0,7,0,0.0,2.0,8.0,11.0,A01
201400047969,0,10,0,4.0,0.0,2.0,1.0,A01
201400047970,0,33,0,3.0,0.0,1.0,3.0,A01
201400047971,0,7,0,0.0,2.0,2.0,12.0,A01
201400047971,0,33,0,0.0,2.0,6.0,1.0,B01
201400047972,0,7,0,0.0,2.0,8.0,11.0,A01
201400047972,0,33,0,0.0,2.0,7.0,1.0,B01
201400047973,0,7,0,4.0,0.0,3.0,11.0,A01
201400047974,0,33,0,0.0,0.0,3.0,21.0,A01
201400047975,0,7,0,0.0,2.0,2.0,23.0,B01
201400047975,0,7,0,0.0,2.0,6.0,23.0,C01
201400047975,0,2,0,0.0,2.0,3.0,3.0,A01
201400047976,0,7,0,0.0,2.0,1.0,2.0,A01
201400047976,0,7,0,0.0,2.0,4.0,2.0,B01
201400047976,0,7,0,0.0,2.0,4.0,2.0,C01
201400047977,0,7,0,0.0,0.0,4.0,2.0,C01
201400047977,0,7,0,0.0,2.0,1.0,2.0,A01
201400047977,0,7,0,0.0,2.0,4.0,2.0,B01
201400047978,0,32,0,0.0,2.0,3.0,2.0,B01
201400047978,0,7,0,0.0,2.0,7.0,12.0,A01
201400047979,0,7,0,0.0,2.0,4.0,2.0,C01
201400047979,0,7,0,0.0,2.0,1.0,2.0,A01
201400047979,0,7,0,0.0,2.0,4.0,2.0,B01
201400047980,0,33,0,0.0,2.0,2.0,3.0,A01
201400047980,0,7,0,0.0,2.0,5.0,0.0,B01
201400047981,0,7,0,4.0,0.0,2.0,0.0,A01
201400047982,0,33,0,0.0,9.0,0.0,12.0,A01
201400047983,0,7,0,0.0,2.0,4.0,2.0,B01
201400047983,0,10,0,0.0,2.0,1.0,2.0,A01
201400047984,0,7,0,0.0,2.0,1.0,2.0,A01
201400047984,0,7,0,0.0,0.0,4.0,2.0,B01
201400047985,0,7,0,0.0,2.0,6.0,1.0,B01
201400047985,0,15,0,0.0,2.0,2.0,12.0,A01
201400047986,0,7,0,0.0,2.0,4.0,2.0,D01
201400047986,0,10,0,0.0,2.0,4.0,2.0,B01
201400047986,0,7,0,0.0,2.0,4.0,2.0,C01
201400047986,0,17,0,0.0,2.0,1.0,2.0,A01
201400047987,0,7,0,0.0,0.0,4.0,2.0,D01
201400047987,0,7,0,0.0,2.0,1.0,2.0,C01
201400047987,0,7,0,0.0,2.0,1.0,2.0,B01
201400047987,0,7,0,0.0,2.0,1.0,2.0,A01
201400047988,0,2,0,0.0,0.0,7.0,1.0,A01
201400047989,0,7,0,0.0,2.0,3.0,21.0,A01
201400047989,0,7,0,0.0,0.0,5.0,1.0,B01
201400047990,0,33,0,0.0,2.0,7.0,21.0,A01
201400047990,0,7,0,0.0,2.0,8.0,2.0,B01
201400047990,1,33,0,0.0,2.0,2.0,0.0,Z01
201400047991,0,10,0,0.0,0.0,5.0,2.0,B01
201400047991,0,33,0,0.0,2.0,3.0,21.0,A01
201400047992,0,31,0,0.0,2.0,1.0,2.0,A01
201400047992,0,7,0,0.0,0.0,4.0,2.0,B01
201400047993,0,10,0,0.0,2.0,4.0,2.0,B01
201400047993,0,7,0,0.0,2.0,4.0,2.0,D01
201400047993,0,7,0,0.0,2.0,4.0,2.0,C01
201400047993,0,7,0,0.0,2.0,1.0,2.0,A01
201400047994,0,33,0,0.0,0.0,7.0,1.0,A01
201400047995,0,7,0,4.0,0.0,1.0,1.0,A01
201400047996,0,7,0,0.0,2.0,1.0,2.0,A01
201400047996,0,33,0,0.0,0.0,4.0,2.0,B01
201400047997,0,33,0,0.0,0.0,8.0,3.0,A01
201400047998,0,10,0,0.0,0.0,4.0,2.0,C01
201400047998,0,33,0,0.0,2.0,8.0,3.0,A01
201400047998,0,31,0,0.0,2.0,5.0,3.0,B01
201400047999,0,7,0,9.0,0.0,4.0,2.0,B01
201400047999,0,17,0,0.0,2.0,1.0,2.0,A01
201400048000,0,32,0,0.0,2.0,8.0,3.0,A01
201400048000,0,7,0,0.0,0.0,2.0,14.0,B01
201400048001,0,7,0,0.0,0.0,4.0,2.0,C01
201400048001,0,7,0,0.0,2.0,4.0,2.0,B01
201400048001,0,7,0,0.0,2.0,1.0,2.0,A01
201400048002,0,7,0,3.0,0.0,9.0,0.0,A01
201400048003,0,33,0,0.0,2.0,1.0,3.0,A01
201400048003,0,7,0,0.0,0.0,7.0,12.0,B01
201400048004,0,33,0,0.0,0.0,3.0,0.0,A01
201400048005,0,7,0,0.0,2.0,4.0,23.0,A01
201400048005,0,7,0,1.0,0.0,2.0,21.0,B01
201400048006,0,7,0,0.0,2.0,1.0,2.0,B01
201400048006,0,7,0,4.0,2.0,1.0,2.0,A01
201400048007,0,17,0,0.0,0.0,4.0,2.0,B01
201400048007,0,7,0,0.0,2.0,1.0,2.0,A01
201400048008,0,7,0,0.0,2.0,5.0,12.0,B01
201400048008,0,31,0,0.0,2.0,3.0,3.0,A01
201400048009,0,33,0,0.0,2.0,7.0,1.0,A01
201400048010,0,7,0,0.0,2.0,8.0,11.0,A01
201400048010,0,33,0,0.0,2.0,2.0,3.0,B01
201400048011,0,34,0,0.0,2.0,1.0,2.0,A01
201400048011,0,7,0,0.0,0.0,4.0,2.0,B01
201400048012,0,7,0,4.0,0.0,3.0,2.0,A01
201400048013,0,33,0,6.0,0.0,8.0,16.0,A01
201400048014,0,10,0,0.0,2.0,1.0,11.0,A01
201400048014,0,10,0,4.0,0.0,4.0,2.0,B01
201400048015,0,7,0,3.0,0.0,1.0,16.0,A01
201400048016,0,34,0,0.0,0.0,2.0,0.0,A01
201400048017,0,7,0,4.0,0.0,1.0,17.0,A01
201400048017,0,7,0,0.0,2.0,3.0,21.0,B01
201400048018,0,7,0,0.0,0.0,4.0,2.0,B01
201400048018,0,7,0,0.0,2.0,1.0,2.0,A01
201400048019,0,10,0,0.0,0.0,5.0,2.0,B01
201400048019,0,7,0,0.0,2.0,3.0,2.0,A01
201400048020,0,7,0,0.0,2.0,1.0,2.0,C01
201400048020,0,7,0,0.0,2.0,1.0,2.0,A01
201400048020,0,7,0,0.0,2.0,4.0,2.0,B01
201400048020,0,7,0,0.0,0.0,3.0,2.0,D01
201400048021,0,7,0,0.0,0.0,0.0,1.0,A01
201400048022,0,7,0,0.0,2.0,5.0,14.0,A01
201400048022,0,10,0,0.0,2.0,3.0,2.0,B01
201400048023,0,7,0,0.0,2.0,1.0,2.0,A01
201400048023,0,7,0,0.0,0.0,4.0,2.0,B01
201400048024,0,7,0,0.0,0.0,5.0,12.0,B01
201400048024,0,32,0,0.0,2.0,1.0,3.0,A01
201400048025,0,33,0,0.0,2.0,3.0,3.0,A01
201400048025,1,10,0,0.0,2.0,2.0,12.0,Z01
201400048026,0,7,0,0.0,0.0,6.0,2.0,B01
201400048026,0,31,0,0.0,2.0,2.0,2.0,A01
201400048027,0,7,0,0.0,2.0,4.0,2.0,B01
201400048027,0,10,0,0.0,2.0,1.0,2.0,A01
201400048027,1,99,0,0.0,0.0,4.0,2.0,Z01
201400048028,0,7,0,0.0,2.0,1.0,2.0,A01
201400048028,0,7,0,0.0,0.0,2.0,21.0,C01
201400048028,0,7,0,0.0,2.0,1.0,2.0,B01
201400048029,0,7,0,0.0,2.0,8.0,11.0,B01
201400048029,0,34,0,0.0,2.0,2.0,12.0,A01
201400048030,0,14,0,1.0,2.0,2.0,0.0,C01
201400048030,0,14,0,0.0,0.0,6.0,23.0,D01
201400048030,0,7,0,14.0,2.0,1.0,13.0,B01
201400048030,0,7,0,4.0,0.0,1.0,23.0,A01
201400048031,0,32,0,0.0,2.0,3.0,2.0,A01
201400048031,0,7,0,0.0,2.0,5.0,2.0,B01
201400048032,0,7,0,0.0,0.0,4.0,11.0,A01
201400048032,0,33,0,0.0,2.0,1.0,3.0,B01
201400048033,0,7,0,0.0,9.0,1.0,0.0,C01
201400048033,0,7,0,4.0,2.0,3.0,0.0,A01
201400048033,0,7,0,0.0,9.0,1.0,1.0,D01
201400048033,0,7,0,3.0,2.0,2.0,0.0,B01
201400048034,0,32,0,0.0,2.0,2.0,2.0,B01
201400048034,0,7,0,0.0,2.0,3.0,13.0,A01
201400048034,0,7,0,0.0,0.0,4.0,0.0,C01
201400048035,1,7,0,0.0,0.0,0.0,0.0,B01
201400048035,0,31,0,0.0,0.0,5.0,1.0,A01
201400048036,0,10,0,0.0,2.0,8.0,22.0,A01
201400048036,0,7,0,0.0,0.0,5.0,2.0,C01
201400048036,0,34,0,0.0,2.0,7.0,3.0,B01
201400048037,0,33,0,0.0,0.0,3.0,0.0,A01
201400048038,0,7,0,0.0,2.0,4.0,1.0,B01
201400048038,0,33,0,0.0,2.0,1.0,1.0,A01
201400048039,0,7,0,0.0,0.0,8.0,2.0,C01
201400048039,0,33,0,0.0,2.0,1.0,2.0,A01
201400048039,0,7,0,0.0,0.0,5.0,2.0,B01
201400048040,0,10,0,0.0,2.0,4.0,1.0,B01
201400048040,0,7,0,0.0,2.0,1.0,2.0,A01
201400048041,0,31,0,0.0,2.0,1.0,3.0,A01
201400048041,0,7,0,0.0,2.0,3.0,1.0,B01
201400048042,0,7,0,0.0,0.0,5.0,12.0,B01
201400048042,0,32,0,0.0,2.0,8.0,3.0,A01
201400048043,0,10,0,0.0,2.0,4.0,1.0,B01
201400048043,0,7,0,0.0,2.0,1.0,2.0,A01
201400048044,0,7,0,4.0,0.0,1.0,1.0,B01
201400048044,0,15,0,0.0,0.0,0.0,1.0,A01
201400048045,0,7,0,0.0,2.0,1.0,2.0,A02
201400048045,0,7,0,0.0,2.0,5.0,2.0,E01
201400048045,0,7,0,0.0,2.0,4.0,2.0,C01
201400048045,0,10,0,0.0,0.0,4.0,2.0,F01
201400048045,0,7,0,0.0,2.0,4.0,2.0,B01
201400048045,0,7,0,0.0,2.0,4.0,2.0,D01
201400048046,0,33,0,0.0,2.0,3.0,3.0,A01
201400048046,0,7,0,0.0,0.0,5.0,12.0,B01
201400048047,0,33,0,0.0,9.0,9.0,0.0,A01
201400048048,0,7,0,0.0,0.0,0.0,0.0,A01
201400048048,0,33,0,0.0,2.0,0.0,0.0,B01
201400048049,0,7,0,4.0,2.0,6.0,1.0,B01
201400048049,0,7,0,3.0,2.0,2.0,14.0,A01
201400048050,0,32,0,0.0,2.0,1.0,2.0,A01
201400048050,0,7,0,0.0,2.0,4.0,2.0,B01
201400048051,0,34,0,0.0,2.0,1.0,0.0,A01
201400048051,0,10,0,0.0,2.0,4.0,1.0,B01
201400048052,0,7,0,0.0,2.0,5.0,1.0,C01
201400048052,0,7,0,0.0,2.0,1.0,2.0,A01
201400048052,0,7,0,0.0,2.0,4.0,1.0,B01
201400048053,0,15,0,0.0,2.0,3.0,12.0,A01
201400048053,0,7,0,0.0,2.0,6.0,2.0,B01
201400048053,0,7,0,0.0,2.0,2.0,2.0,C01
201400048054,0,7,0,0.0,2.0,1.0,2.0,A01
201400048054,0,7,0,0.0,2.0,4.0,2.0,B01
201400048054,0,7,0,0.0,2.0,4.0,0.0,D01
201400048054,0,7,0,4.0,0.0,4.0,2.0,C01
201400048054,0,7,0,0.0,2.0,5.0,0.0,E01
201400048055,0,7,0,4.0,0.0,9.0,17.0,A01
201400048056,0,7,0,0.0,2.0,2.0,2.0,A01
201400048056,0,7,0,0.0,0.0,4.0,2.0,B01
201400048057,0,7,0,4.0,0.0,1.0,0.0,A01
201400048058,0,14,0,0.0,0.0,0.0,23.0,A01
201400048058,0,33,0,0.0,9.0,1.0,21.0,B01
201400048059,0,33,0,0.0,2.0,1.0,0.0,A01
201400048059,0,7,0,0.0,2.0,3.0,2.0,B01
201400048060,0,7,0,0.0,0.0,4.0,2.0,B01
201400048060,0,7,0,0.0,2.0,1.0,2.0,A01
201400048060,0,7,0,0.0,2.0,4.0,2.0,C01
201400048061,0,7,0,0.0,0.0,4.0,2.0,B01
201400048061,0,7,0,0.0,2.0,8.0,0.0,C01
201400048061,0,10,0,3.0,2.0,1.0,2.0,A01
201400048062,0,7,0,0.0,2.0,5.0,2.0,C01
201400048062,0,7,0,0.0,2.0,1.0,0.0,A01
201400048062,0,7,0,0.0,2.0,4.0,2.0,B01
201400048063,0,10,0,0.0,2.0,3.0,0.0,B01
201400048063,0,7,0,3.0,2.0,1.0,0.0,A01
201400048064,0,7,0,0.0,2.0,2.0,1.0,C01
201400048064,0,33,0,0.0,0.0,4.0,3.0,B01
201400048064,0,7,0,0.0,0.0,0.0,0.0,A01
201400048065,0,7,0,0.0,2.0,4.0,2.0,B01
201400048065,0,10,0,0.0,2.0,1.0,2.0,A01
201400048065,0,7,0,0.0,2.0,4.0,2.0,C01
201400048066,0,7,0,0.0,2.0,6.0,2.0,C01
201400048066,0,7,0,0.0,2.0,5.0,1.0,B01
201400048066,0,7,0,0.0,2.0,5.0,2.0,A01
201400048067,0,7,0,0.0,0.0,1.0,0.0,A01
201400048068,0,7,0,0.0,2.0,4.0,0.0,B01
201400048068,0,7,0,0.0,2.0,1.0,14.0,A01
201400048069,0,32,0,16.0,0.0,8.0,1.0,A01
201400048070,0,33,0,0.0,2.0,1.0,2.0,A01
201400048070,0,7,0,0.0,0.0,4.0,23.0,B01
201400048071,0,7,0,0.0,2.0,4.0,11.0,B01
201400048071,0,32,0,0.0,2.0,2.0,2.0,A01
201400048072,0,15,0,0.0,2.0,2.0,21.0,A01
201400048072,0,7,0,0.0,2.0,4.0,1.0,C01
201400048072,0,7,0,0.0,2.0,6.0,1.0,B01
201400048072,0,7,0,0.0,2.0,4.0,1.0,D01
201400048073,0,7,0,0.0,0.0,0.0,0.0,A01
201400048074,0,7,0,4.0,0.0,0.0,0.0,A01
201400048075,0,7,0,4.0,0.0,3.0,1.0,A01
201400048076,0,7,0,0.0,2.0,3.0,0.0,A01
201400048076,0,7,0,0.0,0.0,5.0,0.0,B01
201400048077,0,7,0,4.0,0.0,2.0,0.0,A01
201400048078,0,10,0,4.0,0.0,3.0,1.0,A01
201400048079,0,7,0,3.0,0.0,1.0,13.0,A01
201400048080,0,10,0,0.0,2.0,1.0,2.0,A01
201400048080,0,33,0,0.0,2.0,4.0,2.0,B01
201400048081,0,7,0,0.0,0.0,2.0,12.0,B01
201400048081,0,33,0,0.0,2.0,1.0,3.0,A01
201400048082,0,7,0,0.0,2.0,4.0,2.0,B01
201400048082,0,7,0,0.0,2.0,4.0,2.0,C01
201400048082,0,7,0,0.0,2.0,1.0,0.0,A01
201400048083,0,7,0,0.0,0.0,6.0,0.0,C01
201400048083,0,7,0,0.0,2.0,5.0,0.0,B01
201400048083,0,10,0,0.0,2.0,3.0,2.0,A01
201400048084,0,7,0,0.0,2.0,4.0,2.0,B01
201400048084,0,10,0,0.0,2.0,1.0,2.0,A01
201400048084,0,7,0,0.0,0.0,6.0,2.0,C01
201400048085,0,7,0,0.0,2.0,4.0,2.0,B01
201400048085,0,33,0,0.0,2.0,1.0,2.0,A01
201400048086,0,7,0,0.0,0.0,0.0,0.0,A01
201400048087,0,33,0,0.0,0.0,2.0,0.0,A01
201400048088,0,7,0,4.0,0.0,6.0,0.0,A01
201400048089,0,7,0,4.0,0.0,3.0,0.0,A01
201400048090,0,31,0,0.0,0.0,8.0,0.0,A01
201400048091,0,7,0,0.0,2.0,1.0,2.0,A01
201400048091,0,7,0,0.0,2.0,4.0,2.0,B01
201400048092,0,33,0,0.0,0.0,7.0,2.0,A01
201400048093,0,7,0,14.0,0.0,1.0,2.0,A01
201400048094,0,7,0,4.0,0.0,3.0,11.0,A01
201400048095,0,7,0,0.0,2.0,1.0,2.0,A01
201400048095,0,10,0,0.0,0.0,4.0,2.0,B01
201400048096,0,7,0,0.0,2.0,1.0,11.0,A01
201400048096,0,7,0,0.0,0.0,8.0,1.0,C01
201400048096,0,7,0,0.0,2.0,7.0,12.0,B01
201400048097,0,10,0,0.0,2.0,5.0,1.0,B01
201400048097,0,33,0,0.0,2.0,1.0,9.0,A01
201400048098,0,7,0,0.0,2.0,2.0,12.0,B01
201400048098,0,33,0,0.0,2.0,3.0,3.0,A01
201400048099,0,33,0,0.0,2.0,1.0,2.0,A01
201400048099,0,15,0,0.0,0.0,4.0,1.0,B01
201400048100,0,7,0,3.0,0.0,1.0,17.0,B01
201400048100,0,14,0,6.0,0.0,0.0,1.0,A01
201400048101,0,7,0,0.0,2.0,1.0,2.0,A01
201400048101,0,7,0,0.0,2.0,5.0,2.0,C01
201400048101,0,7,0,0.0,2.0,4.0,2.0,B01
201400048102,0,34,0,0.0,2.0,3.0,3.0,A01
201400048102,0,7,0,0.0,0.0,2.0,12.0,B01
201400048103,0,34,0,3.0,0.0,3.0,1.0,A01
201400048104,0,7,0,0.0,2.0,4.0,2.0,B01
201400048104,0,10,0,0.0,0.0,4.0,2.0,C01
201400048104,0,7,0,0.0,2.0,1.0,2.0,A01
201400048105,0,33,0,0.0,2.0,3.0,0.0,A01
201400048106,0,10,0,0.0,0.0,3.0,0.0,B01
201400048107,0,33,0,0.0,2.0,2.0,3.0,A01
201400048107,0,7,0,0.0,2.0,5.0,2.0,C01
201400048107,0,7,0,0.0,2.0,6.0,2.0,D01
201400048107,0,7,0,0.0,2.0,6.0,2.0,B01
201400048108,0,31,0,0.0,2.0,1.0,2.0,B01
201400048108,0,33,0,0.0,0.0,2.0,2.0,A01
201400048109,0,7,0,0.0,2.0,1.0,2.0,A01
201400048109,0,7,0,0.0,2.0,4.0,2.0,C01
201400048109,0,7,0,0.0,2.0,4.0,2.0,B01
201400048110,1,7,0,0.0,2.0,8.0,2.0,B01
201400048110,0,33,0,0.0,2.0,1.0,3.0,A01
201400048110,0,7,0,0.0,2.0,5.0,2.0,C01
201400048111,0,7,0,0.0,2.0,2.0,12.0,B01
201400048111,0,7,0,0.0,2.0,6.0,1.0,C01
201400048111,0,33,0,0.0,2.0,8.0,1.0,A01
201400048112,0,33,0,0.0,0.0,1.0,0.0,A01
201400048112,0,10,0,0.0,0.0,3.0,0.0,B01
201400048113,0,7,0,0.0,0.0,6.0,2.0,B01
201400048113,0,31,0,0.0,2.0,1.0,0.0,A01
201400048114,0,34,0,0.0,2.0,1.0,3.0,A01
201400048114,0,10,0,0.0,0.0,5.0,1.0,B01
201400048115,0,7,0,0.0,2.0,4.0,1.0,C01
201400048115,0,7,0,0.0,2.0,7.0,12.0,B01
201400048115,0,33,0,0.0,2.0,1.0,3.0,A01
201400048116,0,10,0,0.0,2.0,2.0,2.0,A01
201400048116,0,7,0,0.0,0.0,6.0,2.0,C01
201400048116,0,7,0,0.0,2.0,6.0,2.0,B01
201400048117,0,15,0,0.0,0.0,4.0,1.0,B01
201400048117,0,10,0,0.0,2.0,1.0,0.0,A01
201400048118,0,7,0,3.0,0.0,1.0,2.0,A01
201400048119,0,7,0,4.0,0.0,3.0,1.0,A01
201400048120,0,7,0,0.0,0.0,4.0,2.0,B01
201400048120,0,7,0,0.0,2.0,1.0,2.0,A01
201400048121,0,14,0,0.0,2.0,7.0,12.0,A01
201400048121,0,7,0,0.0,2.0,8.0,2.0,B01
201400048122,0,31,0,0.0,0.0,0.0,3.0,A01
201400048123,0,7,0,0.0,2.0,4.0,23.0,B01
201400048123,0,10,0,0.0,2.0,1.0,2.0,A01
201400048124,0,7,0,0.0,2.0,1.0,0.0,B01
201400048124,0,7,0,0.0,2.0,3.0,0.0,C01
201400048124,0,7,0,0.0,2.0,1.0,9.0,A01
201400048125,0,7,0,0.0,2.0,2.0,0.0,A01
201400048125,0,7,0,0.0,0.0,6.0,23.0,C01
201400048125,0,7,0,0.0,0.0,6.0,23.0,B01
201400048126,0,33,0,0.0,2.0,1.0,3.0,A01
201400048126,0,7,0,0.0,2.0,6.0,11.0,B01
201400048127,0,7,0,0.0,0.0,4.0,2.0,B01
201400048127,1,99,0,0.0,2.0,1.0,2.0,A01
201400048128,0,3,0,0.0,0.0,0.0,0.0,A01
201400048129,0,32,0,0.0,2.0,1.0,3.0,A01
201400048129,0,17,0,0.0,2.0,6.0,1.0,B01
201400048130,0,7,0,0.0,2.0,2.0,0.0,A01
201400048130,0,7,0,0.0,0.0,6.0,0.0,B01
201400048131,0,33,0,0.0,2.0,2.0,1.0,A01
201400048131,0,7,0,0.0,0.0,6.0,11.0,B01
201400048132,0,7,0,0.0,2.0,5.0,1.0,B01
201400048132,0,7,0,0.0,2.0,0.0,0.0,A01
201400048133,0,14,0,0.0,2.0,2.0,2.0,A01
201400048133,0,15,0,0.0,2.0,6.0,2.0,B01
201400048134,0,7,0,0.0,2.0,4.0,0.0,B01
201400048134,0,10,0,0.0,2.0,1.0,2.0,A01
201400048134,0,7,0,0.0,2.0,4.0,0.0,C01
201400048135,0,33,0,0.0,0.0,7.0,0.0,A01
201400048136,0,7,0,0.0,2.0,9.0,2.0,B01
201400048136,0,7,0,0.0,2.0,3.0,2.0,C01
201400048136,0,7,0,0.0,2.0,1.0,2.0,A01
201400048137,0,7,0,0.0,2.0,6.0,11.0,A01
201400048137,0,7,0,0.0,2.0,6.0,1.0,C01
201400048137,0,33,0,4.0,2.0,1.0,3.0,B01
201400048138,0,7,0,0.0,0.0,5.0,12.0,B01
201400048138,0,31,0,0.0,2.0,1.0,3.0,A01
201400048139,0,7,0,4.0,2.0,3.0,17.0,A01
201400048139,0,7,0,0.0,2.0,0.0,1.0,B01
201400048140,0,33,0,0.0,2.0,1.0,3.0,A01
201400048140,0,7,0,0.0,2.0,2.0,12.0,B01
201400048141,0,33,0,0.0,0.0,0.0,0.0,A01
201400048142,0,33,0,12.0,0.0,8.0,2.0,A01
201400048143,0,7,0,7.0,0.0,1.0,1.0,A01
201400048144,0,7,0,6.0,2.0,1.0,2.0,A01
201400048145,0,7,0,0.0,2.0,1.0,2.0,A01
201400048145,0,7,0,0.0,2.0,4.0,2.0,B01
201400048146,0,10,0,0.0,0.0,5.0,2.0,C01
201400048146,0,7,0,0.0,2.0,6.0,21.0,B01
201400048146,0,33,0,0.0,2.0,2.0,3.0,A01
201400048147,0,7,0,0.0,0.0,4.0,2.0,A01
201400048147,0,7,0,0.0,2.0,1.0,2.0,B01
201400048148,0,7,0,0.0,0.0,6.0,13.0,B01
201400048148,0,34,0,0.0,2.0,1.0,2.0,A01
201400048149,0,7,0,3.0,0.0,2.0,0.0,A01
201400048150,0,33,0,0.0,2.0,3.0,18.0,A01
201400048150,0,33,0,0.0,0.0,5.0,1.0,B01
201400048151,0,33,0,0.0,2.0,1.0,2.0,A01
201400048151,0,10,0,0.0,0.0,6.0,1.0,B01
201400048152,0,7,0,4.0,0.0,1.0,0.0,A01
201400048153,0,33,0,0.0,2.0,2.0,0.0,A01
201400048153,0,7,0,0.0,2.0,6.0,2.0,B01
201400048154,0,7,0,0.0,2.0,4.0,2.0,D01
201400048154,0,7,0,0.0,2.0,4.0,2.0,C01
201400048154,0,7,0,0.0,2.0,4.0,2.0,E01
201400048154,0,7,0,0.0,2.0,1.0,2.0,A01
201400048154,0,7,0,0.0,2.0,4.0,2.0,B01
201400048155,0,15,0,0.0,2.0,7.0,12.0,B01
201400048155,0,7,0,0.0,2.0,8.0,1.0,A01
201400048156,0,33,0,0.0,2.0,3.0,2.0,A01
201400048156,0,7,0,0.0,2.0,4.0,2.0,B01
201400048157,0,7,0,0.0,2.0,3.0,1.0,B01
201400048157,0,15,0,0.0,2.0,2.0,12.0,A01
201400048158,0,7,0,0.0,2.0,4.0,2.0,B01
201400048158,1,7,0,0.0,2.0,1.0,0.0,A01
201400048159,0,7,0,13.0,0.0,5.0,12.0,A01
201400048160,0,32,0,0.0,0.0,8.0,3.0,A01
201400048160,0,7,0,0.0,0.0,0.0,12.0,T01
201400048161,0,33,0,0.0,2.0,1.0,0.0,A01
201400048161,0,7,0,0.0,2.0,5.0,2.0,B01
201400048162,0,34,0,0.0,2.0,2.0,3.0,A01
201400048162,0,7,0,0.0,2.0,3.0,11.0,B01
201400048162,0,7,0,0.0,2.0,6.0,23.0,C01
201400048163,0,7,0,3.0,0.0,4.0,2.0,A01
201400048163,0,7,0,0.0,2.0,1.0,2.0,B01
201400048164,0,7,0,4.0,0.0,3.0,0.0,A01
201400048165,0,33,0,0.0,2.0,3.0,2.0,B01
201400048165,0,7,0,0.0,2.0,5.0,12.0,A01