Num_Acc,senc,catv,occutc,obs,obsm,choc,manv,num_veh
201400048166,0,7,0,0.0,2.0,7.0,12.0,B01
201400048166,0,33,0,0.0,2.0,3.0,1.0,A01
201400048167,0,7,0,0.0,2.0,6.0,11.0,B01
201400048167,0,3,0,0.0,2.0,2.0,1.0,A01
201400048168,0,7,0,0.0,2.0,4.0,2.0,C01
201400048168,0,7,0,0.0,2.0,4.0,2.0,B01
201400048168,0,7,0,0.0,2.0,4.0,2.0,D01
201400048168,0,7,0,0.0,2.0,1.0,2.0,A01
201400048169,0,7,0,0.0,2.0,0.0,0.0,A01
201400048169,0,7,0,0.0,0.0,6.0,0.0,B01
201400048170,0,7,0,0.0,2.0,2.0,12.0,B01
201400048170,0,7,0,0.0,0.0,0.0,1.0,C01
201400048170,0,34,0,0.0,2.0,8.0,3.0,A01
201400048171,0,7,0,0.0,9.0,1.0,0.0,C01
201400048171,0,7,0,0.0,9.0,1.0,0.0,B01
201400048171,0,7,0,0.0,0.0,0.0,2.0,A01
201400048172,0,33,0,0.0,2.0,1.0,3.0,A01
201400048172,0,7,0,0.0,2.0,0.0,0.0,B01
201400048173,0,7,0,0.0,0.0,8.0,11.0,A01
201400048173,0,33,0,0.0,2.0,2.0,0.0,B01
201400048174,0,10,0,0.0,2.0,4.0,2.0,B01
201400048174,0,7,0,0.0,2.0,1.0,2.0,A01
201400048175,0,33,0,0.0,0.0,0.0,16.0,A01
201400048176,0,10,0,5.0,0.0,1.0,14.0,A01
201400048177,0,33,0,0.0,0.0,7.0,2.0,A01
201400048178,0,7,0,0.0,2.0,1.0,2.0,B01
201400048178,0,7,0,4.0,2.0,4.0,23.0,A01
201400048179,0,10,0,4.0,2.0,3.0,21.0,A01
201400048179,0,7,0,0.0,2.0,3.0,21.0,B01
201400048180,0,7,0,0.0,2.0,7.0,12.0,A01
201400048181,0,7,0,4.0,0.0,2.0,2.0,A01
201400048182,0,33,0,0.0,0.0,1.0,2.0,A01
201400048183,0,7,0,6.0,0.0,3.0,1.0,A01
201400048184,0,33,0,0.0,2.0,1.0,13.0,B01
201400048184,0,10,0,0.0,2.0,8.0,13.0,A01
201400048185,0,34,0,0.0,2.0,3.0,3.0,A01
201400048185,0,7,0,0.0,2.0,7.0,12.0,B01
201400048186,0,34,0,0.0,2.0,8.0,3.0,B01
201400048186,0,7,0,0.0,2.0,7.0,12.0,A01
201400048187,0,7,0,0.0,2.0,1.0,2.0,C01
201400048187,0,7,0,0.0,2.0,4.0,2.0,A01
201400048187,0,7,0,0.0,2.0,4.0,2.0,B01
201400048188,0,7,0,13.0,0.0,7.0,1.0,A01
201400048189,0,7,0,0.0,2.0,8.0,11.0,B01
201400048189,0,33,0,0.0,2.0,2.0,3.0,A01
201400048190,0,7,0,0.0,0.0,3.0,2.0,A01
201400048191,0,7,0,8.0,0.0,1.0,2.0,A01
201400048192,0,32,0,0.0,0.0,0.0,2.0,A01
201400048193,0,7,0,0.0,0.0,4.0,2.0,B01
201400048193,0,7,0,0.0,2.0,1.0,2.0,A01
201400048194,0,7,0,0.0,2.0,1.0,0.0,B01
201400048194,0,7,0,4.0,2.0,3.0,13.0,A01
201400048195,0,7,0,0.0,2.0,1.0,2.0,A01
201400048195,0,7,0,0.0,2.0,5.0,17.0,C01
201400048195,0,7,0,0.0,2.0,4.0,2.0,B01
201400048196,0,7,0,3.0,0.0,3.0,1.0,A01
201400048197,0,7,0,11.0,9.0,1.0,3.0,A01
201400048198,0,33,0,0.0,2.0,3.0,3.0,A01
201400048198,0,7,0,0.0,0.0,5.0,0.0,B01
201400048199,0,7,0,0.0,2.0,6.0,0.0,C01
201400048199,0,7,0,0.0,2.0,2.0,0.0,A01
201400048199,0,7,0,0.0,2.0,6.0,0.0,B01
201400048200,0,7,0,6.0,0.0,1.0,2.0,A01
201400048201,0,7,0,4.0,0.0,3.0,0.0,A01
201400048202,0,7,0,6.0,0.0,1.0,2.0,A01
201400048203,0,7,0,4.0,0.0,3.0,1.0,A01
201400048204,0,7,0,4.0,0.0,2.0,0.0,A01
201400048205,0,7,0,0.0,2.0,3.0,1.0,B01
201400048205,0,7,0,0.0,2.0,7.0,12.0,A01
201400048206,0,7,0,0.0,2.0,4.0,2.0,C01
201400048206,0,14,0,0.0,2.0,1.0,2.0,A01
201400048206,0,7,0,0.0,2.0,4.0,2.0,B01
201400048207,0,7,0,0.0,2.0,4.0,2.0,C01
201400048207,0,7,0,0.0,2.0,4.0,2.0,B01
201400048207,0,7,0,0.0,2.0,1.0,2.0,A01
201400048208,0,7,0,0.0,0.0,4.0,0.0,B01
201400048208,0,7,0,0.0,2.0,1.0,2.0,A01
201400048209,0,7,0,0.0,2.0,1.0,2.0,A01
201400048209,0,15,0,0.0,2.0,4.0,2.0,B01
201400048210,0,17,0,0.0,0.0,7.0,2.0,A01
201400048210,0,7,0,0.0,0.0,0.0,2.0,E01
201400048210,0,7,0,1.0,2.0,4.0,2.0,B01
201400048210,0,33,0,0.0,0.0,0.0,2.0,D01
201400048210,0,7,0,0.0,0.0,0.0,2.0,C01
201400048210,0,7,0,0.0,0.0,0.0,2.0,F02
201400048211,0,7,0,4.0,2.0,9.0,2.0,B01
201400048211,0,7,0,0.0,2.0,3.0,2.0,A01
201400048211,0,10,0,0.0,2.0,8.0,2.0,C01
201400048212,0,14,0,0.0,0.0,6.0,23.0,B01
201400048212,0,7,0,1.0,0.0,2.0,0.0,A01
201400048213,0,7,0,4.0,0.0,5.0,21.0,A01
201400048214,0,33,0,0.0,2.0,6.0,3.0,A01
201400048214,0,7,0,0.0,2.0,5.0,2.0,C01
201400048214,0,7,0,0.0,2.0,7.0,12.0,B01
201400048215,0,33,0,0.0,0.0,8.0,15.0,A01
201400048216,0,14,0,0.0,2.0,2.0,1.0,B01
201400048216,0,7,0,3.0,2.0,8.0,12.0,A01
201400048217,0,33,0,0.0,2.0,3.0,3.0,B01
201400048217,0,7,0,0.0,2.0,2.0,12.0,A01
201400048217,0,7,0,0.0,2.0,6.0,1.0,D01
201400048217,0,7,0,0.0,2.0,5.0,1.0,C01
201400048218,0,7,0,0.0,2.0,1.0,0.0,A01
201400048218,0,7,0,0.0,2.0,1.0,1.0,D01
201400048218,0,7,0,0.0,2.0,1.0,1.0,C01
201400048218,0,7,0,0.0,2.0,1.0,1.0,B01
201400048219,0,7,0,0.0,2.0,1.0,2.0,A01
201400048219,0,7,0,0.0,0.0,5.0,23.0,C01
201400048219,0,7,0,0.0,2.0,4.0,23.0,B01
201400048220,0,34,0,0.0,2.0,2.0,3.0,A01
201400048220,0,10,0,0.0,2.0,6.0,11.0,B01
201400048221,0,7,0,0.0,2.0,5.0,1.0,B01
201400048221,0,33,0,0.0,2.0,1.0,0.0,A01
201400048222,0,31,0,0.0,0.0,0.0,0.0,A01
201400048223,0,7,0,0.0,2.0,6.0,1.0,B01
201400048223,0,7,0,0.0,2.0,2.0,0.0,A01
201400048224,0,7,0,0.0,2.0,4.0,2.0,B01
201400048224,0,7,0,0.0,2.0,1.0,2.0,A01
201400048225,0,7,0,4.0,0.0,2.0,0.0,A01
201400048225,0,33,0,0.0,2.0,3.0,9.0,B01
201400048226,0,30,0,6.0,0.0,8.0,1.0,A01
201400048227,0,7,0,4.0,0.0,1.0,0.0,A01
201400048228,0,7,0,14.0,0.0,2.0,0.0,A01
201400048229,0,10,0,0.0,2.0,1.0,0.0,A01
201400048229,0,10,0,0.0,0.0,4.0,23.0,B01
201400048229,0,10,0,0.0,0.0,4.0,23.0,C01
201400048230,0,7,0,0.0,0.0,0.0,0.0,A01
201400048231,0,7,0,13.0,0.0,0.0,16.0,A01
201400048232,0,17,0,0.0,2.0,2.0,0.0,A01
201400048232,0,10,0,0.0,2.0,8.0,0.0,B01
201400048233,0,10,0,4.0,0.0,3.0,1.0,A01
201400048234,0,30,0,0.0,0.0,1.0,14.0,A01
201400048235,0,7,0,4.0,0.0,3.0,1.0,A01
201400048236,0,7,0,4.0,0.0,3.0,21.0,A01
201400048236,0,7,0,0.0,0.0,0.0,21.0,B01
201400048237,0,33,0,4.0,0.0,1.0,1.0,A01
201400048238,0,7,0,0.0,1.0,2.0,2.0,A01
201400048239,0,7,0,0.0,0.0,4.0,0.0,C01
201400048239,0,7,0,0.0,0.0,4.0,0.0,B01
201400048239,0,7,0,0.0,0.0,1.0,0.0,A01
201400048239,0,7,0,0.0,0.0,0.0,0.0,D01
201400048240,0,10,0,0.0,0.0,8.0,11.0,A01
201400048241,0,10,0,0.0,1.0,2.0,1.0,A01
201400048242,0,10,0,3.0,0.0,1.0,1.0,A01
201400048243,0,33,0,0.0,0.0,8.0,0.0,A01
201400048244,0,33,0,0.0,2.0,1.0,0.0,B01
201400048244,0,7,0,0.0,0.0,6.0,11.0,A01
201400048245,0,33,0,0.0,0.0,3.0,1.0,A01
201400048246,0,7,0,0.0,2.0,4.0,0.0,D01
201400048246,0,7,0,0.0,2.0,4.0,1.0,C01
201400048246,0,7,0,0.0,2.0,1.0,1.0,A01
201400048246,0,10,0,0.0,2.0,3.0,0.0,B01
201400048247,0,33,0,0.0,2.0,1.0,2.0,C01
201400048247,0,7,0,0.0,2.0,1.0,2.0,A01
201400048247,0,7,0,0.0,2.0,4.0,2.0,B01
201400048248,0,7,0,9.0,0.0,3.0,1.0,A01
201400048249,0,7,0,0.0,2.0,1.0,2.0,A01
201400048249,0,7,0,0.0,2.0,4.0,2.0,B01
201400048250,0,33,0,0.0,2.0,1.0,2.0,A01
201400048250,0,7,0,0.0,2.0,5.0,2.0,B01
201400048251,0,7,0,5.0,0.0,1.0,1.0,A01
201400048252,0,33,0,12.0,0.0,7.0,16.0,A01
201400048253,0,33,0,0.0,2.0,5.0,3.0,A01
201400048253,0,7,0,0.0,2.0,3.0,11.0,B01
201400048253,0,7,0,0.0,2.0,5.0,1.0,C01
201400048254,0,31,0,0.0,0.0,0.0,21.0,A01
201400048255,0,7,0,0.0,2.0,2.0,17.0,A01
201400048255,0,10,0,0.0,2.0,8.0,1.0,B01
201400048256,0,33,0,6.0,0.0,9.0,1.0,A01
201400048257,0,7,0,0.0,0.0,1.0,1.0,A01
201400048258,0,33,0,0.0,2.0,5.0,3.0,A01
201400048258,0,7,0,0.0,0.0,3.0,0.0,B01
201400048258,0,7,0,0.0,0.0,5.0,23.0,C01
201400048259,0,33,0,0.0,2.0,2.0,3.0,A01
201400048259,0,7,0,0.0,0.0,6.0,2.0,B01
201400048260,0,7,0,0.0,0.0,3.0,11.0,B01
201400048260,0,33,0,0.0,2.0,2.0,3.0,A01
201400048261,0,33,0,0.0,2.0,1.0,2.0,A01
201400048261,0,10,0,0.0,0.0,4.0,2.0,B01
201400048262,0,7,0,0.0,2.0,5.0,2.0,C01
201400048262,0,33,0,0.0,2.0,3.0,2.0,A01
201400048262,0,7,0,0.0,2.0,3.0,11.0,B01
201400048263,0,7,0,0.0,2.0,4.0,2.0,B01
201400048263,0,10,0,0.0,2.0,1.0,2.0,A01
201400048264,0,33,0,0.0,2.0,1.0,3.0,A01
201400048264,0,7,0,0.0,2.0,6.0,11.0,B01
201400048265,0,7,0,0.0,2.0,1.0,12.0,A01
201400048265,0,7,0,0.0,2.0,4.0,12.0,B01
201400048266,0,7,0,0.0,2.0,4.0,2.0,B01
201400048266,0,33,0,0.0,2.0,1.0,2.0,A01
201400048267,0,7,0,0.0,2.0,1.0,21.0,B01
201400048267,0,7,0,3.0,2.0,2.0,1.0,A01
201400048268,0,7,0,3.0,0.0,4.0,23.0,B01
201400048268,0,7,0,0.0,2.0,1.0,1.0,A01
201400048269,0,7,0,0.0,2.0,1.0,2.0,B01
201400048269,0,7,0,0.0,2.0,4.0,11.0,A01
201400048270,0,7,0,3.0,0.0,2.0,0.0,A01
201400048271,0,7,0,4.0,0.0,1.0,0.0,A01
201400048272,0,7,0,0.0,2.0,6.0,1.0,B01
201400048272,0,7,0,0.0,2.0,2.0,14.0,A01
201400048273,0,7,0,0.0,2.0,1.0,2.0,A01
201400048273,0,7,0,3.0,2.0,6.0,2.0,B01
201400048273,0,7,0,3.0,2.0,7.0,1.0,C01
201400048274,0,33,0,4.0,0.0,1.0,16.0,A01
201400048275,0,7,0,0.0,2.0,3.0,2.0,A01
201400048275,0,7,0,0.0,2.0,4.0,2.0,B01
201400048276,0,7,0,0.0,2.0,2.0,12.0,A01
201400048276,0,7,0,0.0,2.0,6.0,1.0,C01
201400048276,0,33,0,0.0,2.0,3.0,3.0,B01
201400048277,0,7,0,0.0,0.0,2.0,12.0,A01
201400048278,0,7,0,7.0,0.0,1.0,1.0,A01
201400048279,0,7,0,1.0,2.0,2.0,9.0,A01
201400048279,0,7,0,0.0,2.0,2.0,21.0,C01
201400048279,0,7,0,0.0,2.0,6.0,9.0,B01
201400048280,0,7,0,0.0,0.0,1.0,2.0,A01
201400048280,0,7,0,0.0,0.0,4.0,2.0,C01
201400048280,0,7,0,0.0,0.0,4.0,2.0,B01
201400048281,0,7,0,0.0,0.0,5.0,2.0,B01
201400048281,0,33,0,0.0,2.0,3.0,2.0,A01
201400048282,0,7,0,0.0,2.0,4.0,0.0,B01
201400048282,0,7,0,0.0,2.0,1.0,0.0,A01
201400048283,0,7,0,4.0,0.0,1.0,12.0,A01
201400048284,0,7,0,0.0,2.0,4.0,2.0,B01
201400048284,0,7,0,0.0,2.0,4.0,2.0,C01
201400048284,0,99,0,0.0,2.0,1.0,2.0,A01
201400048285,0,7,0,0.0,2.0,3.0,11.0,A01
201400048285,0,33,0,0.0,2.0,3.0,0.0,B01
201400048286,0,7,0,0.0,0.0,5.0,1.0,B01
201400048286,0,33,0,0.0,2.0,1.0,0.0,A01
201400048287,0,7,0,0.0,2.0,4.0,2.0,C01
201400048287,0,7,0,0.0,2.0,4.0,2.0,B01
201400048287,0,10,0,0.0,2.0,1.0,0.0,A01
201400048288,0,7,0,0.0,2.0,6.0,1.0,B01
201400048288,0,33,0,0.0,2.0,1.0,21.0,A01
201400048289,1,3,0,0.0,2.0,3.0,0.0,Z01
201400048289,0,31,0,0.0,2.0,8.0,0.0,A01
201400048290,0,7,0,0.0,2.0,1.0,2.0,A01
201400048290,0,7,0,0.0,0.0,4.0,2.0,B01
201400048291,0,33,0,0.0,2.0,3.0,3.0,A01
201400048291,0,7,0,0.0,2.0,7.0,12.0,B01
201400048292,0,15,0,0.0,2.0,2.0,12.0,A01
201400048292,0,7,0,0.0,2.0,8.0,0.0,B01
201400048293,0,7,0,0.0,2.0,4.0,2.0,B01
201400048293,0,10,0,0.0,0.0,4.0,0.0,C01
201400048293,0,15,0,0.0,2.0,1.0,2.0,A01
201400048294,0,7,0,0.0,2.0,6.0,2.0,B01
201400048294,0,7,0,0.0,0.0,5.0,2.0,C01
201400048294,0,7,0,0.0,2.0,2.0,2.0,A01
201400048295,0,33,0,12.0,0.0,3.0,15.0,A01
201400048296,0,15,0,0.0,2.0,2.0,12.0,B01
201400048296,0,7,0,4.0,2.0,6.0,0.0,A01
201400048297,0,33,0,0.0,0.0,3.0,18.0,A01
201400048298,0,7,0,0.0,2.0,5.0,1.0,B01
201400048298,0,33,0,0.0,2.0,1.0,2.0,A01
201400048299,0,7,0,0.0,2.0,4.0,2.0,C01
201400048299,0,7,0,0.0,2.0,4.0,2.0,B01
201400048299,0,7,0,0.0,2.0,1.0,2.0,A01
201400048300,0,7,0,0.0,0.0,5.0,2.0,C01
201400048300,0,7,0,0.0,2.0,2.0,2.0,A01
201400048300,0,7,0,0.0,2.0,6.0,2.0,B01
201400048301,0,7,0,0.0,0.0,3.0,1.0,A01
201400048302,0,7,0,0.0,0.0,6.0,2.0,B01
201400048302,0,7,0,0.0,2.0,2.0,2.0,A01
201400048303,0,31,0,0.0,2.0,2.0,14.0,B01
201400048303,0,7,0,0.0,2.0,5.0,1.0,C01
201400048303,0,32,0,0.0,2.0,1.0,18.0,A01
201400048304,0,7,0,0.0,2.0,1.0,2.0,A01
201400048304,0,7,0,0.0,0.0,4.0,2.0,B01
201400048305,1,7,0,0.0,2.0,2.0,0.0,A01
201400048305,0,7,0,0.0,2.0,2.0,1.0,C01
201400048305,0,34,0,0.0,2.0,8.0,1.0,B01
201400048306,0,33,0,0.0,2.0,1.0,12.0,A01
201400048306,0,13,0,0.0,0.0,4.0,2.0,B01
201400048307,0,7,0,0.0,0.0,5.0,12.0,B01
201400048307,0,34,0,0.0,2.0,3.0,3.0,A01
201400048308,0,7,0,0.0,2.0,7.0,2.0,A01
201400048308,0,33,0,0.0,2.0,3.0,1.0,B01
201400048309,0,34,0,0.0,0.0,7.0,1.0,A01
201400048310,0,33,0,0.0,2.0,6.0,2.0,A01
201400048310,0,10,0,0.0,0.0,5.0,2.0,B01
201400048311,1,10,0,0.0,2.0,7.0,14.0,Z01
201400048311,0,33,0,3.0,2.0,8.0,2.0,B01
201400048312,0,7,0,0.0,0.0,2.0,2.0,C01
201400048312,0,34,0,0.0,2.0,8.0,3.0,A01
201400048312,0,10,0,0.0,0.0,5.0,9.0,B01
201400048313,0,7,0,0.0,2.0,4.0,2.0,B01
201400048313,0,7,0,0.0,2.0,1.0,2.0,A01
201400048313,0,7,0,0.0,0.0,4.0,2.0,C01
201400048314,0,7,0,0.0,0.0,5.0,12.0,B01
201400048314,0,33,0,0.0,2.0,1.0,3.0,A01
201400048315,0,32,0,0.0,0.0,7.0,0.0,A01
201400048316,0,7,0,0.0,0.0,6.0,11.0,B01
201400048316,0,31,0,0.0,2.0,1.0,3.0,A01
201400048317,0,33,0,0.0,0.0,8.0,21.0,A01
201400048318,0,7,0,0.0,0.0,9.0,0.0,A01
201400048319,0,33,0,0.0,2.0,7.0,3.0,A01
201400048319,0,7,0,0.0,2.0,8.0,11.0,B01
201400048320,0,33,0,12.0,0.0,3.0,1.0,A01
201400048321,0,33,0,0.0,2.0,8.0,21.0,A01
201400048321,0,32,0,0.0,2.0,7.0,21.0,B01
201400048322,0,7,0,0.0,0.0,7.0,2.0,A01
201400048323,0,7,0,4.0,0.0,2.0,11.0,A01
201400048324,0,10,0,3.0,0.0,1.0,1.0,A01
201400048325,0,31,0,0.0,0.0,1.0,2.0,A01
201400048326,0,7,0,4.0,0.0,2.0,0.0,A01
201400048327,0,7,0,0.0,2.0,3.0,11.0,A01
201400048327,0,33,0,0.0,0.0,4.0,3.0,B01
201400048328,0,34,0,0.0,2.0,1.0,2.0,A01
201400048328,0,7,0,0.0,0.0,5.0,2.0,B01
201400048329,0,34,0,0.0,0.0,7.0,1.0,A01
201400048330,0,7,0,0.0,2.0,3.0,11.0,A01
201400048330,0,7,0,0.0,0.0,5.0,2.0,B01
201400048331,0,33,0,0.0,0.0,7.0,0.0,A01
201400048332,0,7,0,0.0,0.0,4.0,2.0,B01
201400048332,0,7,0,0.0,2.0,1.0,2.0,A01
201400048333,0,7,0,0.0,0.0,6.0,0.0,B01
201400048333,0,32,0,0.0,2.0,2.0,3.0,A01
201400048334,0,7,0,0.0,2.0,4.0,2.0,C01
201400048334,0,7,0,0.0,2.0,1.0,2.0,A01
201400048334,0,7,0,0.0,2.0,4.0,0.0,B01
201400048335,0,10,0,0.0,2.0,7.0,14.0,B01
201400048335,0,32,0,0.0,2.0,3.0,3.0,A01
201400048336,0,7,0,0.0,2.0,7.0,12.0,A01
201400048336,0,33,0,0.0,2.0,8.0,1.0,B01
201400048337,0,7,0,3.0,2.0,1.0,21.0,B01
201400048337,0,7,0,4.0,0.0,9.0,21.0,A01
201400048338,0,33,0,0.0,9.0,1.0,2.0,D01
201400048338,0,33,0,0.0,2.0,7.0,2.0,B01
201400048338,0,2,0,0.0,2.0,7.0,2.0,A01
201400048338,0,33,0,0.0,2.0,1.0,2.0,E01
201400048338,0,33,0,3.0,2.0,1.0,2.0,C01
201400048339,0,33,0,0.0,0.0,0.0,2.0,B01
201400048339,0,7,0,0.0,2.0,2.0,12.0,A01
201400048340,0,7,0,0.0,0.0,4.0,0.0,B01
201400048340,0,34,0,0.0,2.0,1.0,12.0,A01
201400048341,0,33,0,0.0,2.0,2.0,2.0,A01
201400048341,0,7,0,0.0,2.0,3.0,11.0,B01
201400048342,0,7,0,0.0,0.0,4.0,2.0,B01
201400048342,0,15,0,0.0,2.0,1.0,2.0,A01
201400048343,0,31,0,0.0,0.0,0.0,1.0,A01
201400048344,0,7,0,0.0,0.0,9.0,0.0,A01
201400048345,0,31,0,0.0,2.0,1.0,21.0,A01
201400048346,0,7,0,0.0,2.0,4.0,2.0,B01
201400048346,0,7,0,0.0,2.0,1.0,2.0,A01
201400048347,0,15,0,4.0,0.0,3.0,0.0,A01
201400048348,0,7,0,0.0,0.0,4.0,1.0,C01
201400048348,0,7,0,0.0,2.0,4.0,11.0,B01
201400048348,0,10,0,0.0,2.0,1.0,0.0,A01
201400048349,0,7,0,0.0,2.0,4.0,2.0,B01
201400048349,0,30,0,0.0,2.0,1.0,2.0,A01
201400048350,0,33,0,4.0,0.0,0.0,0.0,A01
201400048351,0,33,0,4.0,0.0,7.0,12.0,A01
201400048352,0,7,0,0.0,2.0,4.0,2.0,B01
201400048352,0,7,0,0.0,2.0,1.0,2.0,A01
201400048353,0,7,0,4.0,9.0,1.0,0.0,A01
201400048354,0,7,0,0.0,2.0,1.0,2.0,A01
201400048354,0,7,0,0.0,0.0,4.0,2.0,B01
201400048355,0,7,0,4.0,0.0,1.0,2.0,A01
201400048356,0,7,0,0.0,2.0,2.0,2.0,A01
201400048356,0,7,0,0.0,2.0,4.0,23.0,B01
201400048356,0,7,0,0.0,0.0,4.0,23.0,C01
201400048357,0,7,0,0.0,0.0,4.0,2.0,B01
201400048357,0,7,0,0.0,2.0,1.0,2.0,A01
201400048358,0,31,0,0.0,0.0,0.0,0.0,A01
201400048359,0,7,0,6.0,0.0,1.0,13.0,A01
201400048360,0,7,0,0.0,2.0,1.0,2.0,A01
201400048360,0,7,0,0.0,0.0,4.0,23.0,C01
201400048360,0,7,0,0.0,2.0,4.0,1.0,B01
201400048361,0,17,0,0.0,2.0,2.0,1.0,B01
201400048361,0,7,0,3.0,2.0,3.0,9.0,A01
201400048362,0,7,0,0.0,2.0,5.0,1.0,D01
201400048362,0,7,0,0.0,2.0,6.0,1.0,C01
201400048362,0,7,0,0.0,2.0,2.0,12.0,B01
201400048362,0,33,0,0.0,2.0,1.0,3.0,A01
201400048363,0,7,0,0.0,0.0,6.0,2.0,C01
201400048363,0,31,0,0.0,2.0,3.0,2.0,A01
201400048363,0,10,0,0.0,0.0,5.0,2.0,B01
201400048364,0,7,0,0.0,2.0,2.0,1.0,B01
201400048364,0,7,0,3.0,2.0,3.0,11.0,A01
201400048365,0,7,0,0.0,2.0,1.0,2.0,A01
201400048365,0,7,0,0.0,2.0,3.0,2.0,C01
201400048365,0,7,0,0.0,2.0,4.0,2.0,B01
201400048366,0,33,0,0.0,0.0,2.0,9.0,A01
201400048367,0,7,0,0.0,2.0,5.0,0.0,B01
201400048367,0,7,0,0.0,2.0,1.0,20.0,A01
201400048367,0,7,0,0.0,0.0,5.0,0.0,C01
201400048368,2,7,0,3.0,2.0,7.0,0.0,A01
201400048368,0,7,0,3.0,2.0,8.0,0.0,B01
201400048369,0,7,0,0.0,2.0,1.0,2.0,A01
201400048369,0,7,0,0.0,2.0,4.0,2.0,C01
201400048369,0,7,0,0.0,2.0,4.0,2.0,B01
201400048370,0,7,0,0.0,2.0,1.0,2.0,A01
201400048370,0,15,0,0.0,0.0,4.0,2.0,B01
201400048371,0,15,0,0.0,2.0,2.0,5.0,A01
201400048371,0,7,0,4.0,2.0,1.0,1.0,B01
201400048372,0,7,0,13.0,0.0,9.0,1.0,A01
201400048373,0,10,0,12.0,0.0,3.0,13.0,A01
201400048374,0,7,0,0.0,2.0,4.0,2.0,B01
201400048374,0,7,0,0.0,2.0,1.0,1.0,A01
201400048375,0,7,0,0.0,0.0,2.0,1.0,C01
201400048375,0,7,0,0.0,0.0,2.0,12.0,B01
201400048375,0,33,0,0.0,2.0,3.0,3.0,A01
201400048376,0,33,0,0.0,0.0,3.0,3.0,A01
201400048377,0,33,0,0.0,2.0,2.0,17.0,A01
201400048377,0,33,0,0.0,2.0,3.0,2.0,B01
201400048378,0,7,0,0.0,0.0,4.0,0.0,B01
201400048378,0,7,0,0.0,2.0,2.0,0.0,A01
201400048379,0,31,0,4.0,0.0,8.0,0.0,A01
201400048380,0,7,0,0.0,0.0,6.0,2.0,B01
201400048380,0,33,0,0.0,2.0,3.0,2.0,A01
201400048381,0,7,0,0.0,2.0,8.0,1.0,B01
201400048381,0,33,0,0.0,2.0,7.0,3.0,A01
201400048382,0,7,0,0.0,2.0,5.0,12.0,A01
201400048382,0,34,0,0.0,2.0,8.0,1.0,B01
201400048383,0,33,0,0.0,2.0,7.0,1.0,B01
201400048383,1,10,0,0.0,2.0,8.0,11.0,Z01
201400048384,0,32,0,0.0,0.0,2.0,0.0,A01
201400048385,0,7,0,4.0,0.0,1.0,1.0,A01
201400048386,0,7,0,4.0,0.0,3.0,1.0,A01
201400048387,0,7,0,4.0,0.0,3.0,0.0,A01
201400048388,0,7,0,0.0,0.0,5.0,2.0,C01
201400048388,0,7,0,0.0,2.0,1.0,2.0,A01
201400048388,0,7,0,0.0,2.0,4.0,2.0,B01
201400048389,0,34,0,0.0,0.0,0.0,0.0,A01
201400048390,0,7,0,6.0,0.0,6.0,1.0,A01
201400048391,0,7,0,3.0,0.0,1.0,1.0,A01
201400048392,0,33,0,0.0,2.0,0.0,2.0,A01
201400048392,0,7,0,0.0,2.0,4.0,2.0,B01
201400048393,0,31,0,0.0,0.0,8.0,1.0,A01
201400048394,0,10,0,0.0,2.0,3.0,11.0,A01
201400048394,0,33,0,0.0,0.0,7.0,1.0,B01
201400048395,0,7,0,0.0,2.0,8.0,13.0,A01
201400048395,0,31,0,0.0,2.0,7.0,2.0,B01
201400048396,0,33,0,0.0,0.0,7.0,1.0,A01
201400048397,0,7,0,0.0,2.0,4.0,2.0,C01
201400048397,0,7,0,0.0,2.0,4.0,2.0,D01
201400048397,0,7,0,0.0,2.0,4.0,2.0,B01
201400048397,0,7,0,0.0,2.0,1.0,2.0,A01
201400048398,0,15,0,0.0,2.0,1.0,2.0,A01
201400048398,0,7,0,0.0,0.0,4.0,2.0,C01
201400048398,0,7,0,0.0,2.0,1.0,2.0,B01
201400048399,0,33,0,16.0,0.0,2.0,0.0,A01
201400048400,0,10,0,0.0,2.0,3.0,11.0,A01
201400048400,0,33,0,0.0,2.0,7.0,1.0,B01
201400048401,0,33,0,0.0,2.0,8.0,1.0,A01
201400048401,0,7,0,0.0,0.0,0.0,1.0,B01
201400048402,0,33,0,0.0,2.0,7.0,1.0,B01
201400048403,0,7,0,0.0,2.0,5.0,12.0,A01
201400048403,0,31,0,0.0,2.0,3.0,1.0,B01
201400048404,0,7,0,0.0,2.0,1.0,2.0,A01
201400048404,0,7,0,0.0,0.0,4.0,2.0,C01
201400048404,0,7,0,0.0,2.0,4.0,2.0,B01
201400048405,1,99,0,0.0,2.0,2.0,0.0,Z01
201400048405,0,34,0,0.0,2.0,1.0,2.0,B01
201400048406,0,33,0,0.0,0.0,3.0,11.0,A01
201400048407,0,7,0,0.0,2.0,1.0,1.0,A01
201400048407,0,7,0,4.0,0.0,4.0,1.0,B01
201400048408,1,7,0,0.0,0.0,2.0,0.0,A01
201400048409,0,7,0,0.0,2.0,6.0,11.0,B01
201400048409,0,33,0,0.0,2.0,7.0,3.0,A01
201400048410,1,10,0,0.0,2.0,4.0,2.0,Z01
201400048410,0,33,0,0.0,2.0,1.0,2.0,A01
201400048411,0,7,0,0.0,0.0,4.0,2.0,B01
201400048411,0,7,0,0.0,2.0,1.0,2.0,A01
201400048412,0,7,0,0.0,2.0,1.0,2.0,D01
201400048412,0,7,0,0.0,2.0,4.0,2.0,B01