Num_Acc,senc,catv,occutc,obs,obsm,choc,manv,num_veh
201400048412,0,10,0,0.0,2.0,1.0,2.0,A01
201400048412,0,7,0,0.0,2.0,4.0,2.0,C01
201400048413,0,7,0,0.0,2.0,5.0,12.0,B01
201400048413,0,33,0,0.0,2.0,1.0,3.0,A01
201400048414,0,31,0,0.0,0.0,0.0,0.0,A01
201400048415,0,33,0,6.0,0.0,8.0,13.0,A01
201400048416,0,33,0,0.0,2.0,1.0,1.0,A01
201400048416,0,7,0,0.0,2.0,6.0,11.0,B01
201400048417,0,33,0,0.0,0.0,0.0,14.0,A01
201400048418,0,7,0,0.0,2.0,1.0,2.0,A01
201400048418,0,31,0,0.0,0.0,4.0,2.0,B01
201400048419,0,7,0,4.0,0.0,3.0,1.0,A01
201400048420,0,7,0,0.0,2.0,3.0,11.0,B01
201400048420,0,33,0,0.0,2.0,1.0,3.0,A01
201400048421,1,33,0,0.0,2.0,8.0,2.0,A01
201400048422,1,99,0,0.0,2.0,2.0,0.0,Z01
201400048422,0,33,0,0.0,2.0,8.0,1.0,A01
201400048423,0,7,0,0.0,2.0,6.0,11.0,B01
201400048423,0,33,0,0.0,2.0,2.0,3.0,A01
201400048424,0,7,0,0.0,0.0,4.0,23.0,A01
201400048424,1,7,0,0.0,2.0,1.0,2.0,Z01
201400048425,0,31,0,0.0,0.0,0.0,1.0,A01
201400048426,0,33,0,0.0,2.0,1.0,2.0,A01
201400048426,0,7,0,0.0,0.0,5.0,2.0,B01
201400048427,0,3,0,4.0,0.0,1.0,0.0,A01
201400048428,0,33,0,0.0,0.0,7.0,0.0,A01
201400048428,0,7,0,0.0,0.0,3.0,0.0,B01
201400048429,0,33,0,0.0,2.0,2.0,3.0,A01
201400048429,0,7,0,0.0,0.0,8.0,1.0,C01
201400048429,0,7,0,0.0,2.0,8.0,11.0,B01
201400048430,0,15,0,0.0,2.0,2.0,1.0,B01
201400048430,0,7,0,0.0,2.0,6.0,9.0,A01
201400048431,0,99,0,4.0,0.0,8.0,2.0,A01
201400048432,0,7,0,0.0,2.0,5.0,2.0,D01
201400048432,0,7,0,0.0,2.0,1.0,2.0,F02
201400048432,0,7,0,0.0,2.0,1.0,2.0,A01
201400048432,0,7,0,0.0,2.0,4.0,2.0,C01
201400048432,0,7,0,0.0,2.0,4.0,2.0,E01
201400048432,0,7,0,0.0,2.0,4.0,2.0,B01
201400048433,0,7,0,4.0,0.0,8.0,2.0,A01
201400048434,0,7,0,0.0,2.0,3.0,1.0,A01
201400048434,0,7,0,0.0,0.0,5.0,21.0,B01
201400048435,0,7,0,0.0,2.0,2.0,2.0,A01
201400048435,0,7,0,0.0,2.0,6.0,2.0,B01
201400048436,0,33,0,0.0,2.0,4.0,0.0,B01
201400048436,0,7,0,0.0,2.0,4.0,1.0,C01
201400048436,0,33,0,0.0,2.0,1.0,11.0,A01
201400048437,0,31,0,0.0,2.0,1.0,0.0,C01
201400048437,0,10,0,0.0,2.0,1.0,2.0,A01
201400048437,0,7,0,0.0,0.0,4.0,2.0,B01
201400048438,0,7,0,5.0,0.0,1.0,2.0,A01
201400048439,0,32,0,0.0,2.0,1.0,3.0,A01
201400048439,0,7,0,0.0,2.0,5.0,11.0,B01
201400048440,0,7,0,0.0,2.0,8.0,11.0,B01
201400048440,0,31,0,0.0,2.0,2.0,3.0,A01
201400048441,0,31,0,0.0,0.0,8.0,21.0,A01
201400048441,0,7,0,0.0,0.0,0.0,11.0,B01
201400048442,0,7,0,0.0,2.0,3.0,2.0,B01
201400048442,0,15,0,0.0,2.0,2.0,2.0,A01
201400048443,0,33,0,0.0,2.0,1.0,0.0,A01
201400048443,0,10,0,0.0,2.0,5.0,2.0,B01
201400048444,0,7,0,0.0,2.0,4.0,2.0,B01
201400048444,0,7,0,0.0,2.0,1.0,2.0,A01
201400048444,0,7,0,0.0,2.0,4.0,2.0,C01
201400048445,0,7,0,4.0,0.0,1.0,21.0,A01
201400048446,0,7,0,4.0,0.0,9.0,2.0,A01
201400048447,0,7,0,0.0,2.0,4.0,2.0,B01
201400048447,0,7,0,0.0,2.0,1.0,2.0,A01
201400048448,0,7,0,0.0,0.0,1.0,2.0,A01
201400048449,0,7,0,4.0,0.0,1.0,9.0,A01
201400048449,0,7,0,4.0,0.0,1.0,21.0,B01
201400048450,0,7,0,4.0,0.0,2.0,14.0,A01
201400048451,0,33,0,0.0,0.0,7.0,0.0,A01
201400048452,0,33,0,0.0,2.0,1.0,1.0,A01
201400048452,1,7,0,,0.0,2.0,,Z01
201400048453,0,7,0,0.0,2.0,7.0,1.0,C01
201400048453,0,7,0,0.0,2.0,1.0,1.0,B01
201400048453,0,7,0,3.0,2.0,1.0,1.0,A01
201400048454,0,7,0,0.0,2.0,5.0,11.0,B01
201400048454,0,33,0,0.0,2.0,1.0,3.0,A01
201400048455,0,10,0,0.0,0.0,2.0,0.0,A01
201400048456,0,33,0,0.0,0.0,8.0,1.0,A01
201400048457,0,33,0,0.0,0.0,3.0,0.0,A01
201400048458,0,7,0,0.0,2.0,4.0,2.0,B01
201400048458,0,7,0,0.0,2.0,1.0,2.0,A01
201400048459,0,33,0,0.0,0.0,0.0,0.0,A01
201400048460,0,3,0,4.0,0.0,8.0,13.0,A01
201400048461,0,10,0,0.0,2.0,1.0,2.0,A01
201400048461,0,7,0,0.0,2.0,4.0,2.0,B01
201400048461,0,7,0,0.0,2.0,6.0,2.0,C01
201400048462,0,7,0,4.0,0.0,3.0,21.0,A01
201400048463,0,7,0,4.0,0.0,1.0,0.0,A01
201400048464,0,10,0,0.0,0.0,5.0,1.0,B01
201400048464,0,7,0,0.0,2.0,3.0,1.0,A01
201400048465,0,7,0,6.0,2.0,7.0,1.0,A01
201400048465,0,7,0,0.0,2.0,8.0,13.0,B01
201400048466,0,7,0,0.0,2.0,2.0,12.0,B01
201400048466,0,33,0,0.0,2.0,1.0,3.0,A01
201400048467,0,33,0,0.0,2.0,1.0,3.0,A01
201400048467,0,7,0,0.0,2.0,5.0,0.0,B01
201400048467,0,7,0,0.0,2.0,6.0,0.0,C01
201400048468,0,7,0,0.0,2.0,6.0,1.0,C01
201400048468,0,33,0,0.0,2.0,2.0,3.0,A01
201400048468,0,7,0,0.0,2.0,7.0,12.0,B01
201400048469,0,7,0,0.0,2.0,1.0,1.0,A01
201400048469,0,7,0,0.0,0.0,4.0,1.0,B01
201400048470,0,7,0,0.0,2.0,1.0,18.0,A01
201400048470,0,7,0,0.0,2.0,4.0,2.0,C01
201400048470,0,7,0,0.0,2.0,2.0,2.0,B01
201400048471,0,7,0,3.0,0.0,2.0,2.0,A01
201400048472,0,7,0,0.0,2.0,1.0,0.0,A01
201400048472,0,7,0,0.0,0.0,4.0,0.0,B01
201400048473,0,31,0,0.0,2.0,1.0,2.0,A01
201400048473,0,7,0,0.0,0.0,4.0,2.0,B01
201400048474,0,13,0,0.0,2.0,1.0,2.0,B01
201400048474,0,7,0,0.0,2.0,1.0,2.0,A01
201400048475,0,10,0,0.0,2.0,1.0,2.0,A01
201400048475,0,7,0,0.0,2.0,4.0,2.0,B01
201400048476,0,7,0,4.0,0.0,1.0,14.0,A01
201400048477,0,7,0,4.0,0.0,1.0,1.0,A01
201400048478,0,14,0,0.0,2.0,3.0,12.0,A01
201400048478,0,7,0,0.0,2.0,8.0,1.0,B01
201400048479,0,7,0,4.0,0.0,0.0,1.0,A01
201400048480,0,7,0,0.0,0.0,9.0,0.0,A01
201400048481,0,7,0,2.0,0.0,9.0,18.0,A01
201400048482,0,7,0,3.0,0.0,0.0,1.0,A01
201400048483,0,7,0,4.0,0.0,0.0,1.0,A01
201400048484,0,37,1,0.0,2.0,2.0,1.0,B01
201400048484,0,7,0,0.0,2.0,6.0,11.0,A01
201400048485,0,33,0,0.0,2.0,1.0,3.0,A01
201400048485,0,15,0,0.0,2.0,6.0,1.0,C01
201400048485,0,7,0,0.0,2.0,4.0,1.0,B01
201400048486,0,7,0,0.0,2.0,8.0,11.0,B01
201400048486,0,7,0,0.0,2.0,7.0,1.0,A01
201400048487,0,7,0,0.0,2.0,1.0,1.0,A01
201400048487,0,7,0,0.0,2.0,4.0,2.0,B01
201400048487,0,7,0,0.0,2.0,4.0,2.0,C01
201400048488,0,7,0,0.0,2.0,7.0,1.0,B01
201400048488,0,7,0,0.0,2.0,0.0,11.0,A01
201400048488,0,7,0,0.0,2.0,1.0,1.0,D01
201400048488,0,14,0,0.0,2.0,2.0,1.0,C01
201400048489,0,7,0,0.0,2.0,4.0,2.0,B01
201400048489,0,34,0,0.0,2.0,1.0,1.0,A01
201400048490,0,10,0,0.0,2.0,7.0,12.0,A01
201400048490,0,33,0,0.0,2.0,8.0,12.0,B01
201400048491,0,33,0,0.0,2.0,5.0,2.0,B01
201400048491,0,33,0,0.0,2.0,8.0,1.0,A01
201400048492,0,34,0,15.0,0.0,2.0,1.0,A01
201400048493,0,7,0,0.0,2.0,1.0,2.0,C01
201400048493,0,7,0,0.0,2.0,1.0,2.0,B01
201400048493,0,7,0,0.0,2.0,1.0,2.0,D01
201400048493,0,7,0,0.0,2.0,4.0,1.0,A01
201400048494,0,7,0,4.0,2.0,1.0,6.0,A01
201400048494,0,7,0,0.0,2.0,8.0,1.0,B01
201400048495,0,7,0,0.0,2.0,4.0,1.0,A01
201400048495,0,7,0,0.0,2.0,2.0,2.0,C01
201400048495,0,7,0,0.0,2.0,4.0,2.0,B01
201400048496,0,7,0,0.0,2.0,9.0,0.0,A01
201400048497,0,7,0,0.0,2.0,9.0,2.0,B01
201400048497,0,7,0,0.0,2.0,4.0,1.0,C01
201400048497,0,31,0,0.0,2.0,1.0,2.0,A01
201400048498,0,7,0,0.0,2.0,1.0,1.0,A01
201400048498,0,7,0,0.0,2.0,4.0,2.0,C01
201400048498,0,7,0,0.0,2.0,4.0,2.0,B01
201400048498,0,7,0,0.0,2.0,4.0,2.0,D01
201400048499,0,7,0,0.0,2.0,7.0,1.0,E01
201400048499,0,7,0,0.0,2.0,1.0,1.0,G02
201400048499,0,7,0,0.0,2.0,7.0,1.0,D01
201400048499,0,7,0,0.0,2.0,6.0,1.0,B01
201400048499,0,7,0,0.0,2.0,1.0,1.0,H02
201400048499,0,7,0,0.0,2.0,7.0,1.0,C01
201400048499,0,7,0,0.0,2.0,6.0,1.0,F02
201400048499,0,7,0,0.0,2.0,1.0,3.0,A01
201400048500,0,7,0,0.0,2.0,4.0,2.0,B01
201400048500,0,14,0,0.0,2.0,1.0,1.0,A01
201400048501,0,14,0,0.0,2.0,4.0,1.0,A01
201400048501,0,7,0,0.0,2.0,1.0,2.0,B01
201400048502,0,7,0,0.0,2.0,8.0,1.0,A01
201400048502,0,14,0,0.0,2.0,2.0,12.0,B01
201400048503,0,7,0,0.0,2.0,2.0,2.0,B01
201400048503,0,7,0,0.0,2.0,6.0,1.0,A01
201400048504,0,7,0,0.0,2.0,1.0,1.0,B01
201400048504,0,7,0,0.0,2.0,4.0,9.0,A01
201400048505,0,31,0,0.0,0.0,7.0,1.0,A01
201400048506,0,33,0,0.0,0.0,0.0,0.0,A01
201400048507,0,14,0,4.0,0.0,3.0,1.0,A01
201400048508,0,7,0,0.0,2.0,8.0,1.0,A01
201400048508,0,33,0,0.0,2.0,7.0,12.0,B01
201400048509,0,33,0,0.0,0.0,0.0,21.0,A01
201400048510,0,7,0,0.0,2.0,7.0,12.0,A01
201400048510,0,33,0,0.0,2.0,3.0,3.0,B01
201400048511,0,34,0,0.0,2.0,1.0,3.0,B01
201400048511,0,7,0,0.0,2.0,5.0,12.0,A01
201400048512,0,7,0,0.0,2.0,1.0,17.0,C01
201400048512,0,7,0,3.0,2.0,1.0,1.0,A01
201400048512,0,7,0,5.0,2.0,1.0,2.0,B01
201400048513,0,10,0,0.0,2.0,7.0,1.0,A01
201400048513,0,7,0,0.0,2.0,8.0,1.0,B01
201400048514,0,7,0,0.0,2.0,0.0,0.0,A01
201400048515,0,7,0,3.0,2.0,3.0,23.0,A01
201400048515,0,7,0,0.0,2.0,8.0,1.0,B01
201400048516,0,7,0,0.0,0.0,9.0,0.0,A01
201400048517,0,33,0,0.0,0.0,7.0,0.0,A01
201400048518,0,7,0,0.0,0.0,1.0,0.0,A01
201400048519,0,7,0,0.0,2.0,1.0,2.0,A01
201400048519,0,7,0,0.0,2.0,4.0,1.0,B01
201400048520,0,7,0,0.0,0.0,0.0,0.0,A01
201400048521,0,33,0,0.0,2.0,2.0,3.0,B01
201400048521,0,7,0,0.0,2.0,6.0,1.0,A01
201400048522,0,7,0,0.0,2.0,4.0,23.0,A01
201400048522,0,7,0,0.0,2.0,1.0,2.0,B01
201400048523,0,7,0,0.0,0.0,1.0,1.0,A01
201400048524,0,15,0,0.0,2.0,2.0,1.0,C01
201400048524,0,7,0,0.0,2.0,1.0,2.0,D01
201400048524,1,7,0,0.0,2.0,1.0,2.0,Z01
201400048524,0,30,0,0.0,2.0,9.0,2.0,B01
201400048525,0,14,0,0.0,2.0,1.0,2.0,F02
201400048525,0,17,0,0.0,2.0,1.0,2.0,C01
201400048525,0,7,0,0.0,2.0,4.0,1.0,A01
201400048525,0,14,0,0.0,2.0,1.0,2.0,B01
201400048525,0,14,0,0.0,2.0,1.0,2.0,D01
201400048525,0,17,0,0.0,2.0,1.0,2.0,E01
201400048526,0,7,0,0.0,2.0,4.0,1.0,B01
201400048526,0,7,0,0.0,2.0,1.0,12.0,A01
201400048527,0,7,0,0.0,2.0,7.0,1.0,B01
201400048527,0,7,0,0.0,2.0,8.0,11.0,A01
201400048528,0,7,0,0.0,2.0,4.0,2.0,B01
201400048528,0,7,0,0.0,2.0,4.0,1.0,A01
201400048528,0,7,0,0.0,2.0,1.0,2.0,C01
201400048529,0,33,0,0.0,2.0,1.0,3.0,A01
201400048529,0,7,0,0.0,2.0,4.0,11.0,B01
201400048530,0,32,0,0.0,2.0,1.0,3.0,A01
201400048530,0,7,0,0.0,2.0,1.0,1.0,B01
201400048530,0,7,0,0.0,2.0,4.0,11.0,C01
201400048531,0,34,0,0.0,2.0,3.0,1.0,A01
201400048531,0,7,0,0.0,2.0,6.0,11.0,B01
201400048532,0,7,0,4.0,0.0,8.0,1.0,A01
201400048533,0,7,0,0.0,2.0,1.0,1.0,A01
201400048534,0,7,0,0.0,2.0,1.0,1.0,B01
201400048534,0,10,0,0.0,2.0,1.0,13.0,A01
201400048535,0,7,0,0.0,0.0,8.0,0.0,A01
201400048536,0,7,0,0.0,0.0,2.0,0.0,A01
201400048537,0,7,0,0.0,2.0,4.0,2.0,D01
201400048537,0,7,0,0.0,2.0,1.0,1.0,A01
201400048537,0,10,0,0.0,2.0,2.0,1.0,C01
201400048537,0,7,0,0.0,2.0,4.0,12.0,B01
201400048538,0,7,0,0.0,2.0,2.0,21.0,B01
201400048538,0,10,0,0.0,2.0,1.0,5.0,A01
201400048539,0,33,0,0.0,2.0,1.0,1.0,A01
201400048540,0,7,0,0.0,2.0,1.0,1.0,A01
201400048540,0,7,0,0.0,2.0,4.0,2.0,B01
201400048541,0,33,0,0.0,0.0,8.0,3.0,A01
201400048542,0,7,0,4.0,0.0,8.0,1.0,A01
201400048543,0,33,0,0.0,0.0,8.0,0.0,A01
201400048544,0,10,0,0.0,2.0,1.0,1.0,A01
201400048544,0,7,0,0.0,2.0,4.0,2.0,B01
201400048545,0,38,1,0.0,2.0,4.0,2.0,B01
201400048545,0,7,0,0.0,2.0,1.0,1.0,A01
201400048546,0,14,0,0.0,2.0,6.0,11.0,A01
201400048546,0,7,0,0.0,2.0,5.0,1.0,C01
201400048546,0,31,0,0.0,2.0,2.0,3.0,B01
201400048547,0,7,0,0.0,2.0,8.0,1.0,B01
201400048547,0,7,0,0.0,2.0,7.0,14.0,A01
201400048548,0,7,0,0.0,2.0,7.0,1.0,A01
201400048548,1,15,0,0.0,2.0,6.0,11.0,Z01
201400048549,0,7,0,0.0,6.0,1.0,1.0,A01
201400048550,0,7,0,0.0,2.0,9.0,2.0,B01
201400048550,0,7,0,0.0,2.0,1.0,2.0,C01
201400048550,0,7,0,0.0,2.0,4.0,1.0,A01
201400048551,0,7,0,3.0,0.0,1.0,1.0,A01
201400048552,0,7,0,0.0,2.0,1.0,2.0,D01
201400048552,0,7,0,0.0,2.0,4.0,2.0,C01
201400048552,0,7,0,0.0,2.0,3.0,11.0,A01
201400048552,0,17,0,0.0,2.0,1.0,2.0,B01
201400048553,0,7,0,0.0,2.0,4.0,1.0,A01
201400048553,0,10,0,0.0,2.0,1.0,2.0,C01
201400048553,0,7,0,0.0,2.0,4.0,2.0,B01
201400048554,0,7,0,4.0,0.0,4.0,1.0,A01
201400048555,0,7,0,4.0,0.0,1.0,1.0,A01
201400048556,0,7,0,0.0,2.0,1.0,1.0,A01
201400048556,0,7,0,0.0,2.0,1.0,2.0,C01
201400048556,0,7,0,0.0,2.0,4.0,2.0,B01
201400048556,0,31,0,0.0,2.0,1.0,2.0,D01
201400048557,0,7,0,0.0,2.0,4.0,1.0,A01
201400048557,0,7,0,0.0,2.0,1.0,2.0,C01
201400048557,0,7,0,0.0,2.0,4.0,2.0,B01
201400048558,0,33,0,0.0,0.0,8.0,1.0,A01
201400048559,0,7,0,0.0,2.0,4.0,2.0,B01
201400048559,0,10,0,0.0,2.0,4.0,2.0,D01
201400048559,0,10,0,0.0,2.0,4.0,1.0,A01
201400048559,0,7,0,0.0,2.0,4.0,2.0,C01
201400048559,0,7,0,0.0,2.0,1.0,2.0,E01
201400048560,0,7,0,0.0,2.0,7.0,14.0,A01
201400048560,0,7,0,0.0,2.0,8.0,1.0,B01
201400048561,0,7,0,0.0,2.0,4.0,1.0,A01
201400048561,0,7,0,0.0,2.0,4.0,2.0,B01
201400048561,0,7,0,0.0,2.0,1.0,2.0,C01
201400048562,0,7,0,0.0,2.0,1.0,14.0,A01
201400048562,0,14,0,0.0,2.0,8.0,2.0,B01
201400048563,0,10,0,0.0,2.0,4.0,2.0,B01
201400048563,0,7,0,0.0,2.0,1.0,2.0,D01
201400048563,0,7,0,0.0,2.0,4.0,1.0,A01
201400048563,0,7,0,0.0,2.0,1.0,2.0,C01
201400048564,0,7,0,0.0,2.0,1.0,21.0,A01
201400048565,0,7,0,3.0,0.0,1.0,1.0,A01
201400048566,0,10,0,0.0,0.0,9.0,1.0,A01
201400048567,0,7,0,0.0,2.0,4.0,2.0,C01
201400048567,0,7,0,0.0,2.0,4.0,2.0,B01
201400048567,0,7,0,0.0,2.0,4.0,2.0,D01
201400048567,0,7,0,0.0,2.0,1.0,1.0,A01
201400048568,0,33,0,0.0,0.0,0.0,1.0,A01
201400048569,0,7,0,4.0,0.0,9.0,1.0,A01
201400048570,0,7,0,0.0,0.0,9.0,1.0,A01
201400048571,0,33,0,0.0,0.0,7.0,1.0,A01
201400048572,0,15,0,0.0,0.0,7.0,14.0,A01
201400048573,0,7,0,3.0,0.0,2.0,18.0,A01
201400048574,0,7,0,4.0,0.0,1.0,1.0,A01
201400048575,0,7,0,0.0,2.0,1.0,2.0,C01
201400048575,0,7,0,0.0,2.0,1.0,2.0,D01
201400048575,0,7,0,0.0,2.0,4.0,1.0,A01
201400048575,0,7,0,0.0,2.0,1.0,2.0,B01
201400048576,0,10,0,0.0,2.0,4.0,1.0,C01
201400048576,0,7,0,0.0,2.0,1.0,21.0,A01
201400048576,0,7,0,0.0,2.0,7.0,1.0,B01
201400048577,0,7,0,0.0,2.0,1.0,1.0,A01
201400048578,0,7,0,0.0,2.0,7.0,1.0,A01
201400048578,2,7,0,0.0,2.0,3.0,11.0,B01
201400048578,0,7,0,4.0,2.0,2.0,1.0,C01
201400048579,0,7,0,0.0,2.0,3.0,13.0,A01
201400048579,0,7,0,0.0,2.0,2.0,1.0,B01
201400048580,0,31,0,0.0,0.0,1.0,1.0,A01
201400048581,0,7,0,0.0,2.0,1.0,2.0,C01
201400048581,0,10,0,0.0,2.0,4.0,2.0,A01
201400048581,0,7,0,0.0,2.0,4.0,2.0,B01
201400048582,0,7,0,0.0,2.0,1.0,12.0,A01
201400048582,0,31,0,0.0,2.0,8.0,3.0,B01
201400048582,0,7,0,0.0,2.0,4.0,1.0,C01
201400048583,0,31,0,0.0,2.0,7.0,3.0,A01
201400048583,0,7,0,0.0,2.0,8.0,11.0,B01
201400048584,0,7,0,0.0,2.0,4.0,1.0,B01
201400048584,1,7,0,0.0,0.0,0.0,0.0,Z01
201400048585,0,7,0,0.0,2.0,3.0,1.0,B01
201400048585,0,7,0,0.0,2.0,5.0,11.0,A01
201400048586,0,10,0,0.0,2.0,1.0,12.0,A01
201400048586,0,7,0,0.0,2.0,8.0,1.0,C01
201400048586,0,7,0,0.0,2.0,8.0,1.0,B01
201400048587,0,7,0,0.0,2.0,1.0,1.0,C01
201400048587,0,7,0,0.0,2.0,8.0,11.0,A01
201400048587,0,10,0,0.0,2.0,1.0,1.0,B01
201400048587,0,7,0,0.0,2.0,4.0,2.0,D01
201400048588,0,7,0,4.0,0.0,9.0,1.0,A01
201400048589,0,31,0,0.0,2.0,1.0,19.0,A01
201400048589,0,7,0,0.0,2.0,6.0,1.0,B01
201400048590,0,32,0,0.0,2.0,8.0,3.0,A01
201400048590,0,7,0,0.0,2.0,2.0,12.0,B01
201400048591,0,7,0,0.0,2.0,1.0,11.0,E01
201400048591,0,10,0,14.0,2.0,1.0,2.0,C01
201400048591,0,7,0,0.0,0.0,4.0,2.0,D01
201400048591,0,7,0,0.0,0.0,4.0,1.0,A01
201400048591,0,7,0,14.0,2.0,1.0,2.0,B01
201400048592,0,7,0,0.0,2.0,4.0,1.0,A01
201400048592,0,7,0,0.0,2.0,1.0,2.0,B01
201400048593,0,33,0,0.0,0.0,8.0,1.0,A01
201400048594,0,14,0,0.0,2.0,7.0,12.0,A01
201400048594,0,7,0,0.0,2.0,8.0,1.0,B01
201400048595,0,33,0,0.0,2.0,8.0,3.0,B01
201400048595,0,7,0,0.0,2.0,7.0,12.0,A01
201400048596,0,10,0,0.0,2.0,8.0,1.0,B01
201400048596,0,14,0,0.0,2.0,7.0,12.0,A01
201400048597,0,33,0,0.0,0.0,7.0,21.0,A01
201400048598,0,7,0,0.0,2.0,3.0,13.0,A01
201400048598,0,7,0,0.0,2.0,2.0,21.0,C01
201400048598,0,7,0,0.0,2.0,1.0,1.0,B01
201400048599,0,33,0,0.0,0.0,3.0,1.0,A01
201400048600,0,31,0,0.0,0.0,8.0,1.0,A01
201400048601,0,7,0,0.0,0.0,1.0,1.0,A01
201400048602,0,7,0,0.0,2.0,2.0,1.0,C01
201400048602,0,38,1,0.0,2.0,2.0,12.0,A01
201400048602,0,7,0,0.0,2.0,3.0,1.0,B01
201400048603,0,7,0,0.0,2.0,1.0,2.0,A01
201400048603,0,10,0,0.0,2.0,4.0,1.0,B01
201400048604,0,7,0,0.0,0.0,1.0,0.0,A01
201400048605,0,14,0,0.0,2.0,5.0,12.0,A01
201400048605,0,7,0,0.0,2.0,3.0,1.0,B01
201400048606,0,10,0,0.0,2.0,7.0,12.0,A01
201400048606,0,33,0,0.0,2.0,8.0,3.0,B01
201400048607,0,7,0,0.0,2.0,1.0,11.0,A01
201400048607,0,7,0,0.0,2.0,4.0,2.0,B01
201400048608,0,7,0,0.0,2.0,7.0,12.0,A01
201400048608,0,33,0,0.0,2.0,8.0,3.0,B01
201400048609,0,7,0,0.0,2.0,4.0,11.0,A01
201400048609,0,14,0,0.0,2.0,1.0,1.0,B01
201400048610,0,7,0,0.0,2.0,3.0,13.0,A01
201400048610,0,7,0,0.0,2.0,3.0,1.0,B01
201400048610,0,7,0,0.0,2.0,0.0,0.0,T01
201400048611,0,7,0,4.0,0.0,1.0,1.0,A01
201400048612,0,7,0,0.0,2.0,4.0,1.0,A01
201400048612,0,10,0,0.0,2.0,1.0,2.0,D01
201400048612,0,7,0,0.0,2.0,4.0,2.0,C01
201400048612,0,7,0,0.0,2.0,1.0,2.0,B01
201400048612,0,10,0,0.0,2.0,1.0,2.0,E01
201400048613,0,7,0,0.0,2.0,4.0,2.0,B01
201400048613,0,7,0,0.0,2.0,4.0,2.0,C01
201400048613,0,7,0,0.0,2.0,1.0,21.0,D01
201400048613,0,7,0,0.0,2.0,1.0,1.0,A01
201400048614,0,7,0,13.0,0.0,0.0,1.0,A01
201400048615,0,7,0,0.0,2.0,2.0,2.0,B01
201400048615,0,7,0,0.0,2.0,2.0,1.0,A01
201400048616,0,7,0,0.0,2.0,3.0,12.0,B01
201400048616,0,33,0,0.0,2.0,2.0,3.0,A01
201400048616,0,7,0,0.0,2.0,8.0,1.0,C01
201400048617,0,7,0,0.0,2.0,3.0,1.0,A01
201400048617,0,10,0,0.0,2.0,3.0,1.0,B01
201400048618,0,33,0,13.0,0.0,8.0,15.0,A01
201400048619,0,17,0,0.0,2.0,2.0,1.0,B01
201400048619,0,7,0,0.0,2.0,7.0,9.0,A01
201400048620,0,7,0,0.0,2.0,4.0,2.0,D01
201400048620,0,7,0,0.0,2.0,4.0,2.0,C01
201400048620,0,7,0,0.0,2.0,4.0,2.0,B01
201400048620,0,7,0,0.0,2.0,1.0,1.0,A01
201400048621,0,33,0,0.0,2.0,6.0,2.0,A01
201400048621,0,15,0,0.0,2.0,6.0,2.0,B01
201400048622,0,7,0,0.0,2.0,6.0,12.0,A01
201400048622,0,33,0,0.0,2.0,1.0,3.0,B01
201400048623,0,7,0,3.0,0.0,7.0,1.0,A01
201400048624,0,7,0,0.0,2.0,8.0,1.0,A01
201400048624,0,7,0,0.0,2.0,9.0,1.0,B01
201400048625,0,31,0,0.0,2.0,1.0,2.0,B01
201400048625,0,7,0,0.0,2.0,4.0,1.0,A01
201400048626,0,14,0,0.0,2.0,1.0,1.0,A01
201400048626,0,7,0,0.0,2.0,4.0,2.0,B01
201400048627,0,15,0,0.0,2.0,8.0,1.0,A01
201400048627,0,7,0,0.0,2.0,5.0,1.0,B01
201400048627,0,7,0,0.0,2.0,7.0,1.0,C01
201400048627,0,7,0,0.0,2.0,7.0,1.0,D01
201400048627,0,33,0,0.0,2.0,8.0,3.0,E01
201400048628,0,7,0,0.0,2.0,4.0,2.0,B01
201400048628,0,7,0,0.0,2.0,4.0,2.0,D01
201400048628,0,7,0,0.0,2.0,4.0,2.0,E01
201400048628,0,7,0,0.0,2.0,4.0,2.0,C01
201400048628,0,15,0,0.0,2.0,1.0,1.0,A01
201400048629,1,7,0,0.0,2.0,8.0,0.0,Z01
201400048629,0,7,0,0.0,2.0,1.0,1.0,B01
201400048630,0,7,0,0.0,1.0,2.0,9.0,A01
201400048631,0,31,0,0.0,2.0,7.0,3.0,A01
201400048631,0,7,0,0.0,2.0,8.0,1.0,B01
201400048632,0,7,0,0.0,2.0,9.0,1.0,A01
201400048633,0,7,0,0.0,0.0,9.0,21.0,A01
201400048634,0,34,0,0.0,0.0,7.0,1.0,A01
201400048635,0,7,0,4.0,0.0,3.0,1.0,A01
201400048636,0,7,0,0.0,2.0,1.0,2.0,D01
201400048636,0,7,0,0.0,2.0,4.0,2.0,B01
201400048636,0,7,0,0.0,2.0,4.0,1.0,A01
201400048636,0,7,0,0.0,2.0,1.0,2.0,C01
201400048637,0,15,0,0.0,2.0,1.0,2.0,B01
201400048637,0,7,0,0.0,2.0,4.0,1.0,A01
201400048638,0,15,0,0.0,2.0,4.0,2.0,D01
201400048638,1,7,0,0.0,2.0,0.0,0.0,Z01
201400048638,1,7,0,0.0,2.0,3.0,1.0,C01
201400048638,0,7,0,0.0,2.0,2.0,12.0,A01
201400048638,0,33,0,0.0,2.0,3.0,3.0,B01
201400048639,0,33,0,0.0,0.0,8.0,1.0,A01
201400048640,0,33,0,0.0,0.0,1.0,1.0,A01
201400048641,0,13,0,0.0,2.0,4.0,2.0,B01
201400048641,0,33,0,0.0,2.0,1.0,12.0,A01
201400048642,0,33,0,0.0,2.0,1.0,2.0,C01