Num_Acc,senc,catv,occutc,obs,obsm,choc,manv,num_veh
201400048880,0,10,0,0.0,2.0,4.0,1.0,A01
201400048880,0,7,0,0.0,2.0,9.0,2.0,B01
201400048880,0,7,0,0.0,2.0,1.0,2.0,C01
201400048881,0,7,0,0.0,0.0,1.0,1.0,A01
201400048882,0,7,0,0.0,0.0,1.0,1.0,A01
201400048883,0,7,0,0.0,0.0,1.0,1.0,A01
201400048884,0,7,0,0.0,0.0,4.0,2.0,B01
201400048884,0,7,0,0.0,2.0,1.0,2.0,A01
201400048885,0,7,0,0.0,2.0,1.0,2.0,A01
201400048885,0,7,0,0.0,2.0,9.0,2.0,B01
201400048885,0,7,0,0.0,2.0,4.0,1.0,C01
201400048886,0,7,0,0.0,2.0,1.0,2.0,A01
201400048886,0,7,0,0.0,2.0,9.0,2.0,B01
201400048886,0,7,0,0.0,2.0,9.0,2.0,C01
201400048886,0,7,0,0.0,2.0,4.0,1.0,D01
201400048887,0,7,0,0.0,2.0,3.0,9.0,A01
201400048887,0,7,0,0.0,2.0,4.0,1.0,B01
201400048887,0,7,0,0.0,2.0,4.0,2.0,C01
201400048887,0,13,0,0.0,2.0,8.0,1.0,D01
201400048888,0,7,0,0.0,2.0,1.0,2.0,B01
201400048888,0,7,0,0.0,2.0,4.0,1.0,A01
201400048888,0,7,0,0.0,2.0,1.0,2.0,C01
201400048889,0,7,0,0.0,0.0,9.0,9.0,A01
201400048890,0,7,0,0.0,2.0,4.0,2.0,B01
201400048890,0,10,0,0.0,2.0,1.0,1.0,A01
201400048891,0,14,0,0.0,2.0,1.0,2.0,A01
201400048891,0,7,0,0.0,2.0,9.0,2.0,B01
201400048891,0,7,0,0.0,2.0,9.0,2.0,C01
201400048891,0,7,0,0.0,2.0,4.0,1.0,D01
201400048892,0,7,0,3.0,0.0,1.0,1.0,A01
201400048893,0,7,0,0.0,2.0,4.0,2.0,B01
201400048893,0,10,0,0.0,2.0,1.0,1.0,A01
201400048894,0,33,0,0.0,2.0,1.0,1.0,A01
201400048894,1,7,0,0.0,2.0,4.0,19.0,Z01
201400048895,0,7,0,3.0,0.0,1.0,1.0,A01
201400048896,0,33,0,0.0,0.0,7.0,1.0,A01
201400048897,0,7,0,0.0,2.0,7.0,1.0,B01
201400048897,0,7,0,4.0,2.0,3.0,3.0,A01
201400048898,0,7,0,0.0,2.0,1.0,2.0,A01
201400048898,0,10,0,0.0,2.0,4.0,1.0,B01
201400048899,0,7,0,0.0,2.0,1.0,1.0,A01
201400048899,0,7,0,0.0,2.0,8.0,1.0,B01
201400048899,0,7,0,0.0,2.0,8.0,1.0,C01
201400048900,0,31,0,0.0,2.0,7.0,1.0,A01
201400048900,0,7,0,0.0,2.0,4.0,11.0,B01
201400048901,0,7,0,0.0,2.0,1.0,1.0,A01
201400048901,0,7,0,0.0,2.0,4.0,2.0,B01
201400048902,0,7,0,0.0,2.0,1.0,1.0,A01
201400048902,0,7,0,0.0,2.0,4.0,2.0,D01
201400048902,0,7,0,0.0,2.0,4.0,2.0,C01
201400048902,0,7,0,0.0,2.0,4.0,2.0,B01
201400048903,0,7,0,0.0,2.0,1.0,2.0,B01
201400048903,0,7,0,0.0,2.0,4.0,1.0,A01
201400048904,0,33,0,0.0,0.0,1.0,1.0,A01
201400048905,1,99,0,,2.0,7.0,0.0,Z02
201400048905,0,33,0,0.0,2.0,8.0,12.0,A01
201400048906,0,14,0,0.0,2.0,4.0,1.0,B01
201400048906,0,7,0,0.0,2.0,2.0,11.0,A01
201400048907,0,7,0,0.0,2.0,1.0,21.0,A01
201400048907,0,7,0,0.0,2.0,7.0,1.0,B01
201400048908,0,31,0,0.0,2.0,1.0,3.0,A01
201400048908,0,7,0,0.0,2.0,4.0,1.0,B01
201400048909,0,33,0,0.0,2.0,2.0,1.0,A01
201400048909,0,7,0,0.0,2.0,5.0,2.0,B01
201400048910,0,7,0,0.0,0.0,4.0,2.0,B01
201400048910,0,7,0,0.0,2.0,1.0,2.0,A01
201400048911,0,7,0,0.0,2.0,1.0,2.0,B01
201400048911,0,7,0,0.0,2.0,4.0,1.0,A01
201400048912,0,7,0,0.0,2.0,1.0,1.0,A01
201400048912,0,33,0,0.0,2.0,4.0,1.0,B01
201400048913,0,14,0,0.0,2.0,1.0,1.0,A01
201400048913,0,7,0,0.0,2.0,1.0,2.0,D01
201400048913,0,7,0,0.0,2.0,4.0,2.0,C01
201400048913,0,7,0,0.0,2.0,4.0,2.0,E01
201400048913,0,14,0,0.0,2.0,1.0,2.0,B01
201400048914,0,7,0,0.0,2.0,4.0,2.0,B01
201400048914,0,7,0,0.0,2.0,1.0,1.0,A01
201400048914,0,7,0,0.0,2.0,4.0,2.0,D01
201400048914,0,7,0,0.0,2.0,4.0,2.0,C01
201400048915,0,31,0,0.0,2.0,1.0,1.0,A01
201400048915,0,31,0,0.0,2.0,4.0,2.0,B01
201400048916,0,7,0,0.0,2.0,8.0,11.0,A01
201400048916,0,33,0,0.0,2.0,1.0,1.0,B01
201400048917,0,7,0,0.0,2.0,3.0,1.0,A01
201400048917,0,33,0,0.0,2.0,4.0,1.0,B01
201400048918,0,7,0,0.0,2.0,3.0,13.0,A01
201400048918,0,7,0,0.0,2.0,6.0,1.0,C01
201400048918,0,34,0,0.0,2.0,3.0,3.0,B01
201400048919,0,7,0,0.0,2.0,4.0,2.0,B01
201400048919,0,7,0,0.0,2.0,1.0,1.0,A01
201400048920,0,7,0,0.0,2.0,1.0,2.0,B01
201400048920,0,7,0,0.0,0.0,4.0,2.0,A01
201400048921,0,7,0,0.0,2.0,5.0,2.0,B01
201400048921,0,7,0,14.0,0.0,2.0,1.0,A01
201400048921,0,7,0,0.0,2.0,8.0,14.0,C01
201400048922,0,7,0,0.0,2.0,1.0,1.0,A01
201400048922,0,7,0,0.0,2.0,7.0,2.0,B01
201400048923,0,7,0,0.0,2.0,1.0,2.0,B01
201400048923,0,7,0,0.0,2.0,4.0,1.0,A01
201400048923,0,7,0,0.0,2.0,1.0,2.0,C01
201400048924,0,7,0,0.0,2.0,4.0,2.0,B01
201400048924,0,7,0,0.0,2.0,1.0,1.0,A01
201400048925,0,33,0,0.0,9.0,7.0,0.0,A01
201400048926,0,14,0,0.0,2.0,4.0,2.0,B01
201400048926,0,14,0,0.0,2.0,1.0,1.0,A01
201400048927,0,7,0,0.0,2.0,4.0,2.0,B01
201400048927,0,7,0,0.0,2.0,1.0,1.0,A01
201400048928,0,7,0,0.0,2.0,4.0,2.0,B01
201400048928,0,33,0,0.0,2.0,1.0,11.0,A01
201400048929,0,7,0,0.0,2.0,1.0,2.0,E01
201400048929,0,7,0,0.0,2.0,4.0,1.0,A01
201400048929,0,7,0,0.0,2.0,9.0,2.0,D01
201400048929,0,7,0,0.0,2.0,9.0,2.0,C01
201400048929,0,7,0,0.0,2.0,9.0,2.0,B01
201400048930,0,7,0,0.0,2.0,1.0,12.0,B01
201400048930,0,33,0,0.0,2.0,1.0,3.0,A01
201400048931,0,33,0,0.0,2.0,7.0,14.0,A01
201400048931,0,7,0,0.0,2.0,2.0,0.0,B01
201400048932,0,33,0,0.0,2.0,3.0,3.0,A01
201400048932,0,7,0,0.0,2.0,7.0,1.0,B01
201400048933,0,33,0,0.0,2.0,0.0,1.0,A01
201400048933,0,7,0,0.0,2.0,1.0,2.0,C01
201400048933,0,7,0,0.0,2.0,1.0,2.0,B01
201400048934,0,7,0,0.0,9.0,0.0,1.0,A01
201400048935,0,7,0,3.0,0.0,1.0,1.0,A01
201400048936,0,7,0,0.0,9.0,1.0,0.0,A01
201400048937,0,7,0,0.0,0.0,9.0,0.0,A01
201400048938,0,7,0,0.0,2.0,4.0,2.0,B01
201400048938,0,7,0,0.0,2.0,1.0,1.0,A01
201400048939,0,7,0,0.0,0.0,1.0,1.0,A01
201400048940,0,7,0,4.0,0.0,1.0,1.0,A01
201400048941,0,7,0,0.0,9.0,0.0,0.0,A01
201400048942,0,7,0,0.0,2.0,4.0,2.0,B01
201400048942,0,7,0,0.0,2.0,1.0,1.0,A01
201400048942,0,7,0,0.0,2.0,4.0,2.0,C01
201400048943,0,7,0,0.0,2.0,4.0,1.0,A01
201400048943,0,33,0,0.0,2.0,1.0,3.0,B01
201400048944,0,7,0,0.0,2.0,4.0,2.0,B01
201400048944,0,34,0,0.0,2.0,1.0,1.0,A01
201400048945,0,33,0,0.0,2.0,3.0,2.0,B01
201400048945,0,7,0,0.0,2.0,5.0,11.0,A01
201400048946,0,7,0,0.0,2.0,4.0,2.0,C01
201400048946,0,7,0,0.0,2.0,4.0,1.0,A01
201400048946,0,7,0,0.0,2.0,1.0,2.0,D01
201400048946,0,7,0,0.0,2.0,4.0,1.0,B01
201400048947,0,7,0,4.0,0.0,1.0,1.0,A01
201400048948,0,7,0,16.0,9.0,0.0,0.0,A01
201400048949,0,31,0,0.0,0.0,8.0,3.0,A01
201400048950,0,7,0,0.0,2.0,4.0,1.0,B01
201400048950,0,7,0,0.0,2.0,1.0,13.0,A01
201400048951,0,7,0,0.0,2.0,5.0,1.0,B01
201400048951,0,33,0,0.0,2.0,2.0,3.0,A01
201400048952,0,33,0,0.0,2.0,1.0,3.0,B01
201400048952,0,7,0,0.0,2.0,2.0,12.0,A01
201400048953,0,7,0,0.0,2.0,1.0,2.0,A01
201400048953,0,7,0,0.0,2.0,4.0,1.0,B01
201400048954,0,7,0,0.0,2.0,1.0,2.0,A01
201400048954,0,7,0,0.0,2.0,4.0,1.0,B01
201400048955,0,7,0,0.0,2.0,4.0,2.0,B01
201400048955,0,10,0,0.0,2.0,1.0,1.0,A01
201400048956,0,33,0,0.0,0.0,0.0,0.0,A01
201400048957,0,14,0,0.0,2.0,3.0,0.0,B01
201400048957,0,7,0,0.0,2.0,8.0,9.0,A01
201400048958,0,7,0,0.0,2.0,4.0,1.0,A01
201400048958,0,7,0,1.0,0.0,1.0,2.0,B01
201400048958,0,7,0,0.0,2.0,1.0,1.0,C01
201400048959,0,7,0,0.0,2.0,4.0,23.0,A01
201400048959,0,10,0,0.0,2.0,9.0,23.0,B01
201400048959,0,7,0,0.0,2.0,9.0,23.0,C01
201400048959,0,10,0,0.0,2.0,9.0,23.0,D01
201400048959,0,14,0,0.0,2.0,1.0,14.0,E01
201400048959,0,33,0,0.0,2.0,8.0,1.0,F01
201400048960,0,33,0,0.0,0.0,8.0,1.0,A01
201400048961,0,7,0,0.0,2.0,1.0,23.0,B01
201400048961,0,7,0,0.0,2.0,4.0,23.0,A01
201400048962,0,33,0,0.0,0.0,1.0,1.0,A01
201400048963,0,7,0,0.0,2.0,4.0,2.0,B01
201400048963,0,7,0,0.0,2.0,1.0,1.0,A01
201400048964,0,33,0,0.0,0.0,7.0,1.0,A01
201400048965,0,33,0,0.0,0.0,7.0,1.0,A01
201400048966,0,7,0,0.0,2.0,4.0,12.0,B01
201400048966,0,33,0,0.0,2.0,1.0,3.0,A01
201400048967,0,7,0,0.0,0.0,1.0,1.0,A01
201400048968,0,37,1,0.0,2.0,1.0,2.0,A01
201400048968,0,7,0,0.0,2.0,4.0,1.0,B01
201400048969,0,7,0,0.0,2.0,1.0,19.0,A01
201400048969,0,7,0,0.0,2.0,1.0,1.0,B01
201400048970,0,7,0,0.0,2.0,4.0,11.0,B01
201400048970,0,33,0,0.0,2.0,1.0,3.0,A01
201400048971,0,7,0,0.0,2.0,4.0,12.0,A01
201400048971,0,33,0,0.0,2.0,1.0,3.0,B01
201400048972,0,7,0,0.0,2.0,3.0,11.0,A01
201400048972,0,33,0,0.0,2.0,6.0,3.0,B01
201400048973,0,7,0,0.0,2.0,2.0,12.0,A01
201400048973,0,33,0,0.0,2.0,8.0,0.0,B01
201400048974,0,33,0,0.0,2.0,8.0,1.0,C01
201400048974,0,7,0,0.0,2.0,6.0,1.0,A01
201400048974,0,7,0,0.0,2.0,8.0,1.0,B01
201400048974,0,7,0,0.0,2.0,2.0,1.0,D01
201400048975,0,33,0,0.0,2.0,1.0,1.0,A01
201400048975,0,33,0,0.0,2.0,4.0,2.0,B01
201400048976,0,33,0,0.0,0.0,8.0,1.0,A01
201400048977,0,7,0,0.0,2.0,3.0,2.0,B01
201400048977,0,33,0,0.0,2.0,4.0,1.0,A01
201400048978,0,33,0,0.0,2.0,1.0,3.0,A01
201400048978,0,7,0,0.0,2.0,7.0,12.0,B01
201400048978,0,7,0,0.0,2.0,5.0,1.0,C01
201400048979,0,7,0,0.0,2.0,1.0,2.0,A01
201400048979,0,7,0,0.0,2.0,9.0,23.0,B01
201400048979,0,7,0,0.0,2.0,4.0,23.0,C01
201400048980,0,7,0,0.0,2.0,4.0,2.0,B01
201400048980,0,7,0,0.0,2.0,1.0,2.0,A01
201400048981,0,7,0,0.0,2.0,2.0,19.0,B01
201400048981,0,7,0,0.0,2.0,7.0,15.0,A01
201400048982,0,7,0,0.0,2.0,1.0,1.0,A01
201400048982,0,7,0,0.0,2.0,4.0,2.0,C01
201400048982,0,7,0,0.0,2.0,4.0,2.0,B01
201400048983,0,15,0,0.0,9.0,8.0,1.0,A01
201400048984,0,33,0,0.0,2.0,1.0,3.0,A01
201400048984,0,7,0,0.0,2.0,2.0,12.0,B01
201400048985,0,7,0,0.0,2.0,6.0,1.0,A01
201400048985,0,7,0,0.0,2.0,1.0,2.0,B01
201400048986,0,13,0,0.0,2.0,2.0,12.0,B01
201400048986,0,7,0,0.0,2.0,6.0,1.0,A01
201400048986,0,7,0,0.0,2.0,1.0,1.0,C01
201400048987,0,33,0,15.0,0.0,1.0,1.0,A01
201400048988,0,7,0,16.0,0.0,1.0,1.0,A01
201400048989,0,7,0,0.0,2.0,4.0,2.0,B01
201400048989,0,33,0,0.0,2.0,1.0,2.0,A01
201400048990,0,33,0,0.0,2.0,1.0,2.0,A01
201400048990,0,33,0,0.0,2.0,9.0,1.0,B01
201400048990,0,7,0,0.0,2.0,8.0,1.0,C01
201400048991,0,7,0,0.0,2.0,7.0,12.0,A01
201400048991,0,33,0,0.0,2.0,8.0,3.0,B01
201400048992,0,7,0,0.0,2.0,6.0,2.0,C01
201400048992,0,7,0,0.0,2.0,1.0,1.0,A01
201400048992,0,7,0,0.0,2.0,4.0,2.0,B01
201400048992,0,7,0,0.0,2.0,5.0,2.0,D01
201400048993,0,7,0,13.0,0.0,9.0,1.0,A01
201400048994,0,7,0,0.0,2.0,4.0,2.0,B01
201400048994,0,7,0,0.0,2.0,1.0,1.0,A01
201400048994,0,7,0,0.0,2.0,1.0,2.0,C01
201400048994,0,7,0,0.0,2.0,4.0,2.0,E01
201400048994,0,7,0,0.0,2.0,1.0,2.0,D01
201400048995,0,7,0,0.0,2.0,1.0,1.0,A01
201400048995,0,7,0,0.0,2.0,4.0,2.0,B01
201400048995,0,7,0,0.0,2.0,4.0,2.0,C01
201400048996,0,33,0,0.0,2.0,8.0,3.0,A01
201400048996,0,7,0,0.0,2.0,7.0,12.0,B01
201400048997,0,7,0,0.0,2.0,1.0,1.0,C01
201400048997,0,7,0,0.0,2.0,6.0,9.0,A01
201400048997,0,15,0,0.0,2.0,2.0,1.0,B01
201400048998,0,30,0,0.0,0.0,1.0,1.0,A01
201400048999,1,7,0,0.0,2.0,5.0,12.0,B01
201400048999,0,33,0,0.0,2.0,8.0,3.0,A01
201400049000,0,33,0,0.0,2.0,2.0,11.0,A01
201400049000,0,7,0,0.0,2.0,6.0,11.0,B01
201400049001,0,32,0,0.0,2.0,1.0,1.0,B01
201400049001,0,7,0,0.0,2.0,8.0,13.0,A01
201400049002,0,7,0,0.0,2.0,1.0,1.0,A01
201400049002,0,7,0,0.0,2.0,4.0,2.0,C01
201400049002,0,7,0,0.0,2.0,4.0,2.0,B01
201400049003,0,7,0,0.0,9.0,1.0,13.0,A01
201400049004,0,7,0,0.0,2.0,4.0,2.0,D01
201400049004,0,7,0,0.0,2.0,1.0,1.0,A01
201400049004,0,7,0,0.0,2.0,4.0,2.0,B01
201400049004,1,7,0,0.0,2.0,4.0,2.0,Z01
201400049005,0,7,0,3.0,0.0,1.0,1.0,A01
201400049006,0,7,0,0.0,2.0,4.0,2.0,B01
201400049006,0,7,0,0.0,2.0,1.0,1.0,A01
201400049007,0,7,0,0.0,2.0,4.0,2.0,B01
201400049007,0,7,0,0.0,2.0,1.0,1.0,A01
201400049008,0,7,0,0.0,2.0,8.0,11.0,B01
201400049008,0,33,0,0.0,2.0,1.0,3.0,A01
201400049008,0,7,0,0.0,2.0,4.0,1.0,C01
201400049009,0,13,0,0.0,2.0,1.0,1.0,A01
201400049009,0,7,0,0.0,2.0,4.0,2.0,C01
201400049009,0,7,0,0.0,2.0,4.0,2.0,B01
201400049010,1,7,0,0.0,2.0,8.0,11.0,Z01
201400049010,0,7,0,0.0,2.0,3.0,1.0,B01
201400049010,0,13,0,0.0,2.0,5.0,1.0,C01
201400049011,0,7,0,0.0,2.0,2.0,1.0,B01
201400049011,0,15,0,0.0,2.0,1.0,12.0,A01
201400049011,0,7,0,0.0,2.0,1.0,1.0,C01
201400049012,0,7,0,0.0,2.0,4.0,2.0,B01
201400049012,0,7,0,0.0,2.0,1.0,1.0,A01
201400049013,0,33,0,0.0,2.0,1.0,3.0,A01
201400049013,0,7,0,0.0,2.0,2.0,1.0,B01
201400049013,0,14,0,0.0,2.0,8.0,1.0,C01
201400049014,0,33,0,0.0,2.0,1.0,3.0,A01
201400049014,0,7,0,0.0,2.0,8.0,11.0,B01
201400049015,0,7,0,0.0,2.0,1.0,12.0,A01
201400049015,0,33,0,0.0,2.0,1.0,3.0,B01
201400049016,0,7,0,0.0,9.0,1.0,1.0,A01
201400049017,0,7,0,4.0,0.0,1.0,1.0,A01
201400049018,0,7,0,0.0,2.0,5.0,2.0,D01
201400049018,0,15,0,0.0,2.0,2.0,2.0,B01
201400049018,0,7,0,0.0,2.0,5.0,1.0,C01
201400049018,0,7,0,0.0,2.0,6.0,1.0,A01
201400049019,0,7,0,0.0,2.0,4.0,2.0,B01
201400049019,0,7,0,0.0,2.0,1.0,1.0,A01
201400049020,0,7,0,0.0,2.0,1.0,2.0,A01
201400049020,0,7,0,0.0,2.0,4.0,1.0,B01
201400049021,0,7,0,3.0,0.0,1.0,1.0,A01
201400049022,0,33,0,16.0,0.0,8.0,1.0,A01
201400049023,0,7,0,0.0,2.0,1.0,1.0,B01
201400049023,0,15,0,0.0,2.0,7.0,12.0,A01
201400049024,0,33,0,0.0,2.0,1.0,2.0,A01
201400049024,0,7,0,0.0,2.0,4.0,1.0,B01
201400049025,0,7,0,0.0,2.0,4.0,2.0,C01
201400049025,0,7,0,0.0,2.0,1.0,1.0,A01
201400049025,0,7,0,0.0,2.0,4.0,2.0,B01
201400049026,0,7,0,4.0,0.0,1.0,9.0,A01
201400049027,0,7,0,0.0,2.0,4.0,2.0,B01
201400049027,0,33,0,0.0,2.0,1.0,1.0,A01
201400049028,0,15,0,0.0,2.0,1.0,2.0,C01
201400049028,0,7,0,0.0,2.0,4.0,1.0,B01
201400049028,0,15,0,0.0,2.0,4.0,23.0,A01
201400049029,0,7,0,0.0,2.0,4.0,1.0,B01
201400049029,0,15,0,0.0,2.0,1.0,12.0,A01
201400049030,0,33,0,0.0,9.0,1.0,3.0,A01
201400049031,0,33,0,16.0,0.0,7.0,1.0,A01
201400049032,0,15,0,0.0,2.0,4.0,2.0,B01
201400049032,0,15,0,0.0,2.0,1.0,1.0,A01
201400049033,0,7,0,0.0,2.0,4.0,11.0,A01
201400049033,0,33,0,0.0,2.0,1.0,3.0,B01
201400049034,0,7,0,4.0,0.0,7.0,1.0,A01
201400049035,0,7,0,0.0,2.0,1.0,1.0,A01
201400049035,0,14,0,0.0,2.0,0.0,0.0,B01
201400049036,0,7,0,3.0,0.0,1.0,0.0,A01
201400049037,0,10,0,0.0,2.0,1.0,5.0,A01
201400049037,0,7,0,0.0,2.0,1.0,1.0,B01
201400049038,0,7,0,5.0,0.0,9.0,0.0,A01
201400049039,0,7,0,0.0,2.0,1.0,1.0,A01
201400049039,0,7,0,6.0,2.0,4.0,2.0,B01
201400049040,0,7,0,3.0,0.0,1.0,17.0,A01
201400049041,0,7,0,6.0,0.0,5.0,1.0,A01
201400049042,0,7,0,16.0,0.0,1.0,1.0,A01
201400049043,0,7,0,12.0,0.0,1.0,1.0,A01
201400049044,0,7,0,0.0,2.0,4.0,2.0,B01
201400049044,0,33,0,0.0,2.0,1.0,3.0,A01
201400049045,0,33,0,16.0,0.0,3.0,1.0,A01
201400049046,0,7,0,0.0,2.0,4.0,2.0,B01
201400049046,0,7,0,0.0,2.0,1.0,1.0,A01
201400049047,0,7,0,0.0,2.0,1.0,2.0,B01
201400049047,0,7,0,0.0,2.0,4.0,1.0,A01
201400049048,0,7,0,0.0,2.0,4.0,1.0,A01
201400049048,0,33,0,0.0,2.0,1.0,2.0,B01
201400049049,0,33,0,0.0,2.0,3.0,1.0,A01
201400049049,0,7,0,0.0,2.0,2.0,12.0,B01
201400049050,0,33,0,0.0,0.0,2.0,1.0,A01
201400049051,0,7,0,0.0,0.0,1.0,1.0,A01
201400049052,0,7,0,0.0,2.0,1.0,3.0,B01
201400049052,0,7,0,0.0,2.0,4.0,23.0,A01
201400049053,0,7,0,0.0,2.0,9.0,1.0,B01
201400049053,0,7,0,0.0,2.0,8.0,11.0,A01
201400049054,0,7,0,0.0,2.0,1.0,11.0,B01
201400049054,0,33,0,0.0,2.0,3.0,1.0,A01
201400049055,0,7,0,0.0,2.0,1.0,2.0,A01
201400049055,0,7,0,0.0,2.0,9.0,2.0,B01
201400049055,0,7,0,0.0,2.0,9.0,2.0,C01
201400049055,0,7,0,0.0,2.0,9.0,2.0,D01
201400049055,0,7,0,0.0,2.0,4.0,1.0,E01
201400049056,0,7,0,0.0,2.0,4.0,1.0,B01
201400049056,0,7,0,0.0,2.0,4.0,2.0,C01
201400049056,0,7,0,0.0,2.0,1.0,1.0,A01
201400049056,0,7,0,0.0,2.0,1.0,2.0,D01
201400049057,0,33,0,0.0,0.0,4.0,1.0,A01
201400049058,0,7,0,0.0,2.0,1.0,2.0,A01
201400049058,0,7,0,0.0,2.0,9.0,2.0,B01
201400049058,0,7,0,0.0,2.0,9.0,2.0,C01
201400049058,0,7,0,0.0,2.0,4.0,1.0,D01
201400049059,0,33,0,0.0,2.0,1.0,1.0,A01
201400049059,0,7,0,0.0,2.0,4.0,2.0,B01
201400049060,0,7,0,0.0,2.0,4.0,11.0,A01
201400049060,0,13,0,0.0,2.0,7.0,1.0,B01
201400049061,0,7,0,0.0,2.0,5.0,1.0,A01
201400049061,0,7,0,0.0,2.0,6.0,1.0,B01
201400049061,0,33,0,0.0,2.0,1.0,3.0,C01
201400049062,0,7,0,0.0,2.0,9.0,1.0,A01
201400049063,0,7,0,0.0,2.0,4.0,1.0,A01
201400049063,0,15,0,0.0,2.0,2.0,2.0,B01
201400049064,0,7,0,0.0,2.0,8.0,11.0,A01
201400049064,0,34,0,0.0,2.0,7.0,1.0,B01
201400049065,0,7,0,0.0,2.0,8.0,1.0,B01
201400049065,0,7,0,0.0,2.0,7.0,14.0,A01
201400049066,0,15,0,16.0,0.0,1.0,1.0,A01
201400049067,0,7,0,0.0,2.0,4.0,2.0,B01
201400049067,0,15,0,0.0,2.0,1.0,12.0,A01
201400049068,0,7,0,0.0,2.0,1.0,2.0,A01
201400049068,0,7,0,0.0,2.0,4.0,1.0,B01
201400049069,0,7,0,0.0,2.0,4.0,1.0,A01
201400049069,0,7,0,0.0,2.0,1.0,2.0,B01
201400049070,0,33,0,0.0,2.0,1.0,3.0,B01
201400049070,0,7,0,0.0,2.0,6.0,13.0,A01
201400049071,0,7,0,3.0,0.0,7.0,1.0,A01
201400049072,0,33,0,0.0,2.0,4.0,2.0,B01
201400049072,0,7,0,0.0,2.0,1.0,1.0,A01
201400049072,0,7,0,0.0,2.0,4.0,2.0,C01
201400049073,0,7,0,0.0,2.0,4.0,2.0,C01
201400049073,0,7,0,0.0,2.0,1.0,1.0,A01
201400049073,0,7,0,0.0,2.0,4.0,2.0,B01
201400049074,0,7,0,0.0,2.0,6.0,11.0,B01
201400049074,0,33,0,0.0,2.0,1.0,3.0,A01
201400049075,0,7,0,0.0,2.0,1.0,11.0,A01
201400049075,0,7,0,0.0,2.0,4.0,2.0,B01
201400049076,0,7,0,0.0,2.0,1.0,2.0,A01
201400049076,0,7,0,0.0,2.0,4.0,1.0,B01
201400049077,0,7,0,0.0,2.0,4.0,2.0,B01
201400049077,0,33,0,0.0,2.0,1.0,3.0,A01
201400049078,0,7,0,0.0,2.0,6.0,13.0,A01
201400049078,0,33,0,0.0,2.0,1.0,4.0,B01
201400049079,0,7,0,0.0,2.0,4.0,1.0,A01
201400049079,0,7,0,0.0,2.0,1.0,2.0,B01
201400049080,0,33,0,16.0,0.0,7.0,1.0,A01
201400049081,0,7,0,6.0,0.0,2.0,18.0,A01
201400049082,0,15,0,4.0,0.0,1.0,1.0,A01
201400049083,0,7,0,0.0,2.0,1.0,2.0,B01
201400049083,0,7,0,0.0,2.0,4.0,1.0,A01
201400049084,0,7,0,0.0,2.0,4.0,2.0,A01
201400049084,0,7,0,0.0,2.0,1.0,2.0,B01
201400049085,0,7,0,0.0,2.0,4.0,2.0,C01
201400049085,0,13,0,0.0,2.0,1.0,1.0,A01
201400049085,0,7,0,0.0,2.0,4.0,2.0,B01
201400049085,0,7,0,0.0,2.0,1.0,2.0,D01
201400049086,0,7,0,0.0,2.0,1.0,2.0,A01
201400049086,0,7,0,0.0,2.0,4.0,1.0,B01
201400049087,0,33,0,0.0,2.0,9.0,3.0,A01
201400049087,0,7,0,0.0,2.0,5.0,1.0,B01
201400049087,0,15,0,0.0,2.0,6.0,1.0,C01
201400049088,0,7,0,0.0,2.0,8.0,11.0,A01
201400049088,0,33,0,0.0,2.0,7.0,3.0,B01
201400049089,0,33,0,0.0,2.0,1.0,1.0,A01
201400049089,0,15,0,0.0,2.0,6.0,13.0,B01
201400049090,0,7,0,16.0,0.0,9.0,1.0,A01
201400049091,0,7,0,16.0,0.0,1.0,1.0,A01
201400049092,0,33,0,0.0,2.0,7.0,3.0,A01
201400049092,0,7,0,0.0,2.0,8.0,11.0,B01
201400049093,0,33,0,0.0,0.0,2.0,3.0,A01
201400049094,0,34,0,0.0,2.0,1.0,2.0,B01
201400049094,0,7,0,0.0,2.0,6.0,1.0,A01
201400049095,0,33,0,16.0,0.0,7.0,18.0,A01
201400049096,0,7,0,0.0,2.0,1.0,1.0,A01
201400049096,0,7,0,0.0,2.0,4.0,2.0,B01
201400049097,0,33,0,0.0,2.0,1.0,2.0,A01
201400049097,0,7,0,0.0,2.0,4.0,1.0,B01
201400049098,0,7,0,0.0,2.0,3.0,11.0,A01
201400049098,0,33,0,0.0,2.0,1.0,3.0,B01
201400049099,0,7,0,0.0,2.0,4.0,2.0,B01
201400049099,0,33,0,0.0,2.0,1.0,1.0,A01
201400049100,0,7,0,0.0,2.0,7.0,19.0,A01
201400049100,0,7,0,0.0,2.0,8.0,1.0,B01
201400049100,0,7,0,0.0,2.0,7.0,1.0,C01
201400049101,0,7,0,6.0,0.0,1.0,1.0,A01
201400049102,0,7,0,3.0,0.0,1.0,0.0,A01
201400049103,0,33,0,0.0,0.0,7.0,3.0,A01
201400049104,0,33,0,0.0,2.0,7.0,1.0,A01
201400049104,0,7,0,0.0,2.0,8.0,11.0,B01
201400049105,0,33,0,0.0,2.0,3.0,3.0,A01
201400049105,0,7,0,0.0,2.0,2.0,14.0,B01
201400049106,0,33,0,16.0,0.0,0.0,1.0,A01
201400049107,0,7,0,0.0,2.0,4.0,1.0,A01
201400049107,0,7,0,0.0,2.0,9.0,2.0,B01
201400049107,0,7,0,0.0,2.0,9.0,2.0,C01
201400049107,0,7,0,0.0,2.0,9.0,2.0,D01
201400049107,0,7,0,0.0,2.0,1.0,2.0,E01
201400049108,0,7,0,3.0,0.0,1.0,1.0,A01