Num_Acc,senc,catv,occutc,obs,obsm,choc,manv,num_veh
201400049109,0,7,0,16.0,0.0,0.0,1.0,A01
201400049110,0,7,0,6.0,0.0,9.0,1.0,A01
201400049111,0,7,0,0.0,2.0,3.0,12.0,A01
201400049111,0,14,0,0.0,2.0,2.0,1.0,B01
201400049112,0,7,0,15.0,0.0,1.0,1.0,A01
201400049113,0,2,0,0.0,2.0,1.0,1.0,A01
201400049113,0,33,0,0.0,2.0,1.0,1.0,B01
201400049113,0,7,0,0.0,2.0,8.0,1.0,C01
201400049114,0,7,0,0.0,2.0,7.0,11.0,A01
201400049114,0,7,0,0.0,2.0,7.0,1.0,B01
201400049115,0,34,0,0.0,2.0,1.0,1.0,B01
201400049115,0,7,0,0.0,2.0,7.0,15.0,A01
201400049116,0,7,0,0.0,2.0,3.0,15.0,B01
201400049116,0,34,0,0.0,1.0,1.0,17.0,A01
201400049117,0,7,0,0.0,2.0,1.0,13.0,A01
201400049117,0,7,0,0.0,2.0,1.0,1.0,B01
201400049118,0,7,0,0.0,2.0,1.0,1.0,A01
201400049118,0,7,0,0.0,2.0,5.0,1.0,B01
201400049119,0,7,0,6.0,0.0,1.0,1.0,A01
201400049120,0,7,0,0.0,0.0,1.0,1.0,A01
201400049120,0,7,0,0.0,2.0,1.0,1.0,D01
201400049120,0,7,0,0.0,2.0,4.0,1.0,C01
201400049120,0,7,0,0.0,2.0,4.0,1.0,B01
201400049121,0,7,0,0.0,1.0,1.0,1.0,A01
201400049122,0,7,0,0.0,2.0,1.0,1.0,B01
201400049122,0,7,0,0.0,2.0,1.0,13.0,A01
201400049123,0,2,0,0.0,2.0,1.0,1.0,A01
201400049123,0,7,0,0.0,2.0,1.0,1.0,B01
201400049124,0,7,0,0.0,2.0,4.0,1.0,C01
201400049124,0,7,0,0.0,2.0,1.0,1.0,B01
201400049124,0,7,0,0.0,2.0,1.0,1.0,A01
201400049125,0,7,0,0.0,2.0,4.0,1.0,C01
201400049125,0,7,0,0.0,2.0,4.0,1.0,B01
201400049125,0,7,0,0.0,2.0,1.0,1.0,A01
201400049126,0,31,0,0.0,2.0,1.0,1.0,B01
201400049126,0,7,0,0.0,2.0,6.0,9.0,A01
201400049127,0,7,0,0.0,2.0,4.0,1.0,B01
201400049127,0,7,0,0.0,2.0,1.0,1.0,A01
201400049128,0,34,0,0.0,2.0,1.0,1.0,B01
201400049128,0,7,0,0.0,2.0,3.0,9.0,A01
201400049129,0,14,0,0.0,1.0,2.0,1.0,A01
201400049130,0,7,0,0.0,2.0,3.0,1.0,A01
201400049130,0,7,0,0.0,2.0,4.0,1.0,B01
201400049131,0,7,0,0.0,2.0,3.0,1.0,A01
201400049131,0,7,0,0.0,2.0,3.0,0.0,B01
201400049132,0,7,0,6.0,0.0,1.0,1.0,A01
201400049133,0,7,0,0.0,2.0,2.0,1.0,B01
201400049133,0,7,0,0.0,2.0,1.0,1.0,A01
201400049134,0,7,0,0.0,2.0,4.0,1.0,B01
201400049134,0,7,0,0.0,2.0,1.0,1.0,A01
201400049135,0,7,0,10.0,0.0,2.0,1.0,A01
201400049136,0,7,0,0.0,2.0,4.0,1.0,B01
201400049136,0,7,0,0.0,2.0,1.0,1.0,A01
201400049137,0,7,0,0.0,2.0,1.0,1.0,A01
201400049137,0,7,0,0.0,2.0,4.0,1.0,B01
201400049138,0,7,0,0.0,2.0,3.0,1.0,B01
201400049138,0,33,0,0.0,2.0,1.0,13.0,A01
201400049139,0,10,0,12.0,0.0,2.0,1.0,A01
201400049140,0,7,0,4.0,0.0,3.0,1.0,A01
201400049141,0,7,0,0.0,2.0,1.0,1.0,B01
201400049141,0,7,0,0.0,2.0,8.0,9.0,A01
201400049142,0,32,0,16.0,0.0,1.0,1.0,A01
201400049143,0,7,0,0.0,2.0,7.0,1.0,B01
201400049143,0,7,0,0.0,2.0,4.0,4.0,A01
201400049144,0,7,0,0.0,2.0,6.0,11.0,A01
201400049144,0,7,0,0.0,2.0,7.0,1.0,B01
201400049145,0,7,0,0.0,0.0,4.0,1.0,C01
201400049145,0,7,0,0.0,2.0,1.0,1.0,A01
201400049145,0,7,0,0.0,2.0,4.0,1.0,B01
201400049146,0,7,0,0.0,2.0,3.0,1.0,B01
201400049146,0,7,0,0.0,2.0,2.0,12.0,A01
201400049147,0,7,0,0.0,1.0,1.0,15.0,A01
201400049148,0,30,0,0.0,2.0,1.0,1.0,B01
201400049148,0,7,0,0.0,2.0,3.0,5.0,A01
201400049149,0,7,0,8.0,0.0,1.0,14.0,A01
201400049150,0,32,0,0.0,2.0,1.0,1.0,B01
201400049150,0,7,0,0.0,2.0,5.0,11.0,A01
201400049151,0,7,0,0.0,2.0,1.0,1.0,A01
201400049151,0,7,0,0.0,2.0,4.0,1.0,B01
201400049152,0,7,0,6.0,0.0,2.0,1.0,A01
201400049153,0,1,0,0.0,2.0,1.0,13.0,A01
201400049153,0,7,0,0.0,2.0,3.0,1.0,B01
201400049154,0,7,0,0.0,2.0,1.0,1.0,A01
201400049154,0,7,0,0.0,2.0,4.0,1.0,B01
201400049155,0,10,0,6.0,0.0,1.0,1.0,A01
201400049156,0,7,0,0.0,1.0,1.0,1.0,A01
201400049157,0,7,0,8.0,0.0,1.0,1.0,A01
201400049158,0,7,0,0.0,2.0,6.0,1.0,B01
201400049158,0,32,0,0.0,2.0,2.0,13.0,A01
201400049158,0,7,0,0.0,2.0,1.0,1.0,C01
201400049159,0,7,0,12.0,0.0,1.0,1.0,A01
201400049160,0,7,0,0.0,2.0,3.0,11.0,A01
201400049160,0,1,0,0.0,2.0,1.0,17.0,B01
201400049161,0,32,0,6.0,0.0,1.0,1.0,A01
201400049162,0,30,0,13.0,0.0,1.0,1.0,A01
201400049163,1,7,0,0.0,2.0,1.0,20.0,Z01
201400049163,0,7,0,0.0,2.0,1.0,1.0,B01
201400049164,0,7,0,0.0,2.0,3.0,9.0,A01
201400049164,0,3,0,0.0,2.0,1.0,1.0,B01
201400049165,0,10,0,13.0,0.0,9.0,4.0,A01
201400049166,0,7,0,0.0,2.0,1.0,1.0,A01
201400049166,0,7,0,0.0,2.0,4.0,1.0,B01
201400049166,0,7,0,0.0,2.0,4.0,1.0,D01
201400049166,0,7,0,0.0,2.0,4.0,1.0,C01
201400049167,0,32,0,1.0,0.0,1.0,14.0,A01
201400049168,0,7,0,0.0,2.0,1.0,1.0,A01
201400049168,0,7,0,0.0,2.0,3.0,1.0,B01
201400049169,0,7,0,0.0,1.0,1.0,1.0,A01
201400049170,0,7,0,0.0,1.0,1.0,1.0,A01
201400049171,0,7,0,0.0,2.0,2.0,15.0,A01
201400049171,0,7,0,0.0,2.0,6.0,15.0,B01
201400049172,0,7,0,13.0,0.0,2.0,14.0,A01
201400049173,0,7,0,0.0,2.0,1.0,1.0,A01
201400049173,0,7,0,0.0,2.0,4.0,1.0,B01
201400049174,0,7,0,0.0,2.0,1.0,1.0,A01
201400049174,0,7,0,0.0,2.0,4.0,1.0,B01
201400049175,0,7,0,8.0,0.0,2.0,14.0,A01
201400049176,0,7,0,0.0,2.0,2.0,1.0,B01
201400049176,0,33,0,0.0,2.0,1.0,9.0,A01
201400049177,0,7,0,0.0,2.0,1.0,1.0,B01
201400049177,0,33,0,8.0,2.0,1.0,1.0,A01
201400049178,0,32,0,13.0,0.0,1.0,1.0,A01
201400049179,0,33,0,0.0,2.0,3.0,13.0,A01
201400049180,0,31,0,0.0,2.0,1.0,1.0,B01
201400049180,0,7,0,0.0,2.0,1.0,9.0,A01
201400049181,0,13,0,0.0,2.0,2.0,1.0,B01
201400049181,0,7,0,0.0,2.0,7.0,1.0,C01
201400049181,0,7,0,0.0,2.0,3.0,9.0,A01
201400049182,0,7,0,0.0,1.0,1.0,1.0,A01
201400049183,0,7,0,0.0,2.0,8.0,9.0,A01
201400049183,0,33,0,0.0,2.0,1.0,1.0,B01
201400049184,0,33,0,11.0,0.0,1.0,1.0,A01
201400049185,0,7,0,0.0,2.0,4.0,1.0,E01
201400049185,0,7,0,0.0,2.0,4.0,1.0,C01
201400049185,0,7,0,0.0,2.0,4.0,1.0,B01
201400049185,0,7,0,0.0,2.0,1.0,1.0,A01
201400049185,0,7,0,0.0,2.0,4.0,1.0,D01
201400049186,0,30,0,0.0,2.0,2.0,1.0,A01
201400049186,0,7,0,0.0,2.0,1.0,1.0,B01
201400049187,0,7,0,0.0,2.0,4.0,1.0,B01
201400049187,0,13,0,0.0,2.0,1.0,1.0,A01
201400049187,0,7,0,0.0,2.0,4.0,1.0,C01
201400049187,0,7,0,0.0,0.0,4.0,1.0,D01
201400049188,0,7,0,11.0,0.0,2.0,14.0,A01
201400049189,0,7,0,0.0,2.0,2.0,1.0,B01
201400049189,0,7,0,0.0,2.0,3.0,15.0,A01
201400049190,0,33,0,0.0,2.0,7.0,1.0,B01
201400049190,0,7,0,0.0,2.0,1.0,9.0,A01
201400049191,0,7,0,0.0,2.0,3.0,1.0,A01
201400049191,0,7,0,0.0,2.0,8.0,1.0,B01
201400049192,0,7,0,0.0,2.0,8.0,10.0,A01
201400049192,0,1,0,0.0,2.0,1.0,1.0,B01
201400049193,0,7,0,0.0,2.0,4.0,1.0,B01
201400049193,0,7,0,0.0,2.0,1.0,1.0,A01
201400049194,0,7,0,8.0,0.0,5.0,1.0,A01
201400049195,0,7,0,0.0,2.0,4.0,1.0,C01
201400049195,0,7,0,0.0,2.0,4.0,1.0,B01
201400049195,0,7,0,0.0,2.0,1.0,1.0,A01
201400049196,0,7,0,0.0,2.0,1.0,15.0,B01
201400049196,0,7,0,0.0,2.0,3.0,15.0,A01
201400049197,0,7,0,0.0,2.0,3.0,11.0,A01
201400049197,0,33,0,0.0,2.0,1.0,1.0,B01
201400049198,0,10,0,8.0,0.0,1.0,13.0,A01
201400049199,0,7,0,0.0,2.0,1.0,1.0,A01
201400049199,0,7,0,0.0,2.0,4.0,1.0,B01
201400049200,0,2,0,0.0,2.0,1.0,1.0,A01
201400049200,0,10,0,0.0,2.0,4.0,10.0,B01
201400049201,0,7,0,13.0,0.0,9.0,1.0,A01
201400049202,0,7,0,0.0,2.0,1.0,9.0,A01
201400049202,0,1,0,0.0,2.0,7.0,1.0,B01
201400049203,0,7,0,0.0,2.0,7.0,1.0,B01
201400049203,0,7,0,0.0,2.0,3.0,9.0,A01
201400049204,0,31,0,12.0,0.0,1.0,1.0,A01
201400049205,0,7,0,0.0,1.0,3.0,1.0,A01
201400049206,0,2,0,0.0,1.0,1.0,1.0,A01
201400049207,0,30,0,0.0,2.0,6.0,13.0,A01
201400049207,0,7,0,0.0,2.0,1.0,1.0,B01
201400049208,0,2,0,12.0,0.0,1.0,1.0,A01
201400049209,0,30,0,14.0,0.0,8.0,1.0,A01
201400049210,0,30,0,0.0,1.0,1.0,1.0,A01
201400049210,0,7,0,0.0,2.0,7.0,1.0,B01
201400049211,0,30,0,0.0,2.0,1.0,1.0,B01
201400049211,0,7,0,0.0,2.0,3.0,9.0,A01
201400049212,0,7,0,0.0,2.0,7.0,16.0,A01
201400049212,0,2,0,0.0,2.0,3.0,1.0,B01
201400049213,0,7,0,0.0,2.0,2.0,17.0,A01
201400049213,0,7,0,0.0,2.0,3.0,16.0,B01
201400049214,0,7,0,0.0,2.0,2.0,12.0,A01
201400049214,0,31,0,0.0,2.0,1.0,1.0,B01
201400049215,0,30,0,12.0,0.0,8.0,1.0,A01
201400049216,0,7,0,0.0,2.0,7.0,1.0,A01
201400049216,0,7,0,0.0,2.0,2.0,1.0,B01
201400049217,0,33,0,0.0,0.0,8.0,1.0,A01
201400049218,0,7,0,0.0,2.0,1.0,1.0,A01
201400049218,0,7,0,0.0,2.0,4.0,1.0,B01
201400049219,0,7,0,0.0,2.0,0.0,1.0,B01
201400049219,0,33,0,0.0,2.0,1.0,1.0,A01
201400049220,0,7,0,0.0,1.0,8.0,1.0,A01
201400049221,0,7,0,0.0,2.0,1.0,15.0,B01
201400049221,0,7,0,0.0,2.0,8.0,13.0,C01
201400049221,0,7,0,0.0,2.0,1.0,17.0,A01
201400049222,0,7,0,0.0,2.0,1.0,1.0,A01
201400049222,0,7,0,0.0,2.0,4.0,1.0,C01
201400049222,0,7,0,0.0,2.0,4.0,1.0,B01
201400049223,0,7,0,0.0,2.0,1.0,11.0,A01
201400049223,0,7,0,0.0,2.0,1.0,1.0,B01
201400049224,0,33,0,0.0,2.0,1.0,1.0,B01
201400049224,0,7,0,0.0,2.0,7.0,11.0,A01
201400049225,0,1,0,0.0,2.0,1.0,1.0,B01
201400049225,0,7,0,0.0,2.0,5.0,20.0,A01
201400049226,0,7,0,6.0,0.0,1.0,1.0,A01
201400049227,0,2,0,1.0,0.0,1.0,1.0,A01
201400049227,0,7,0,0.0,2.0,4.0,20.0,B01
201400049228,0,7,0,0.0,2.0,4.0,1.0,B01
201400049228,0,7,0,0.0,2.0,1.0,1.0,A01
201400049229,0,7,0,0.0,1.0,2.0,1.0,A01
201400049230,0,7,0,0.0,2.0,1.0,1.0,A01
201400049230,0,7,0,0.0,2.0,4.0,1.0,B01
201400049231,0,7,0,0.0,2.0,1.0,1.0,B01
201400049231,0,7,0,0.0,2.0,1.0,5.0,A01
201400049232,0,7,0,0.0,2.0,1.0,24.0,B01
201400049232,0,7,0,1.0,0.0,2.0,1.0,A01
201400049233,0,7,0,0.0,2.0,8.0,1.0,B01
201400049233,0,7,0,0.0,2.0,1.0,1.0,A01
201400049234,0,33,0,0.0,2.0,1.0,1.0,A01
201400049234,0,7,0,0.0,2.0,4.0,1.0,B01
201400049235,0,33,0,0.0,2.0,1.0,1.0,B01
201400049235,0,7,0,0.0,2.0,3.0,1.0,A01
201400049236,0,7,0,0.0,2.0,1.0,1.0,A01
201400049236,0,7,0,0.0,2.0,4.0,0.0,B01
201400049237,0,7,0,0.0,2.0,1.0,1.0,B01
201400049237,0,7,0,0.0,2.0,1.0,1.0,A01
201400049238,0,7,0,7.0,0.0,9.0,1.0,A01
201400049239,0,7,0,0.0,2.0,1.0,1.0,A01
201400049239,0,7,0,0.0,2.0,4.0,1.0,B01
201400049239,0,7,0,0.0,2.0,4.0,1.0,C01
201400049240,0,7,0,6.0,0.0,1.0,1.0,A01
201400049241,0,2,0,0.0,1.0,1.0,1.0,A01
201400049242,1,3,0,0.0,0.0,0.0,0.0,Z01
201400049243,1,7,0,0.0,2.0,3.0,13.0,Z01
201400049243,0,7,0,0.0,2.0,8.0,1.0,B01
201400049244,0,7,0,0.0,2.0,6.0,1.0,B01
201400049244,0,7,0,0.0,2.0,2.0,1.0,A01
201400049245,0,7,0,6.0,0.0,1.0,16.0,A01
201400049246,0,7,0,0.0,1.0,1.0,1.0,A01
201400049247,0,7,0,0.0,2.0,5.0,1.0,B01
201400049247,0,10,0,0.0,2.0,3.0,9.0,A01
201400049248,0,7,0,13.0,0.0,2.0,1.0,A01
201400049249,0,10,0,0.0,2.0,1.0,1.0,A01
201400049249,0,7,0,0.0,2.0,4.0,1.0,B01
201400049250,0,7,0,0.0,2.0,4.0,1.0,B01
201400049250,0,7,0,0.0,2.0,1.0,1.0,A01
201400049251,0,7,0,0.0,1.0,4.0,20.0,A01
201400049252,0,30,0,0.0,2.0,1.0,17.0,B01
201400049252,0,7,0,0.0,2.0,0.0,0.0,A01
201400049253,0,30,0,0.0,2.0,1.0,1.0,B01
201400049253,0,7,0,0.0,2.0,3.0,15.0,A01
201400049254,0,7,0,0.0,2.0,1.0,1.0,C01
201400049254,0,7,0,0.0,2.0,1.0,1.0,A01
201400049254,0,7,0,0.0,2.0,6.0,1.0,B01
201400049255,0,7,0,0.0,1.0,1.0,1.0,A01
201400049256,0,7,0,1.0,0.0,1.0,1.0,A01
201400049256,0,7,0,0.0,0.0,4.0,20.0,B01
201400049257,0,33,0,0.0,0.0,1.0,1.0,A01
201400049258,0,33,0,0.0,2.0,7.0,1.0,B01
201400049258,0,7,0,0.0,2.0,1.0,1.0,A01
201400049259,0,7,0,0.0,1.0,2.0,1.0,A01
201400049260,0,7,0,0.0,2.0,4.0,1.0,B01
201400049260,0,7,0,0.0,2.0,1.0,1.0,A01
201400049261,0,7,0,9.0,0.0,1.0,1.0,A01
201400049262,0,7,0,0.0,2.0,3.0,1.0,B01
201400049262,0,10,0,0.0,2.0,3.0,13.0,A01
201400049263,0,7,0,0.0,2.0,3.0,9.0,A01
201400049263,0,7,0,0.0,2.0,3.0,1.0,B01
201400049264,0,7,0,0.0,2.0,4.0,1.0,C01
201400049264,0,7,0,0.0,2.0,4.0,1.0,B01
201400049264,0,7,0,0.0,2.0,1.0,1.0,A01
201400049265,0,7,0,0.0,2.0,4.0,1.0,B01
201400049265,0,7,0,0.0,2.0,1.0,1.0,A01
201400049266,0,33,0,0.0,2.0,3.0,1.0,B01
201400049266,0,10,0,0.0,2.0,1.0,9.0,A01
201400049267,0,10,0,0.0,2.0,3.0,9.0,A01
201400049267,0,7,0,0.0,2.0,2.0,1.0,B01
201400049268,0,7,0,0.0,2.0,1.0,1.0,A01
201400049268,0,2,0,0.0,2.0,4.0,1.0,B01
201400049268,0,7,0,0.0,2.0,4.0,1.0,C01
201400049269,0,30,0,0.0,1.0,1.0,17.0,A01
201400049270,1,2,0,0.0,2.0,1.0,9.0,Z01
201400049270,0,7,0,0.0,2.0,7.0,1.0,A01
201400049271,0,7,0,0.0,2.0,2.0,1.0,B01
201400049271,0,7,0,0.0,2.0,3.0,9.0,A01
201400049272,0,7,0,9.0,0.0,2.0,1.0,A01
201400049273,0,30,0,1.0,2.0,1.0,17.0,A01
201400049273,0,7,0,0.0,2.0,4.0,24.0,C01
201400049273,0,7,0,0.0,2.0,8.0,15.0,B01
201400049274,0,7,0,1.0,2.0,2.0,1.0,B01
201400049274,0,7,0,3.0,2.0,9.0,1.0,A01
201400049274,0,7,0,1.0,2.0,1.0,2.0,C01
201400049275,0,7,0,0.0,2.0,1.0,2.0,A01
201400049275,0,7,0,0.0,4.0,2.0,1.0,B01
201400049276,0,7,0,0.0,1.0,2.0,1.0,A01
201400049277,0,7,0,0.0,2.0,3.0,9.0,A01
201400049277,0,30,0,0.0,2.0,2.0,1.0,B01
201400049278,0,34,0,0.0,2.0,1.0,9.0,A01
201400049278,0,7,0,0.0,2.0,4.0,1.0,B01
201400049279,0,7,0,0.0,2.0,3.0,13.0,A01
201400049279,0,7,0,0.0,2.0,8.0,1.0,B01
201400049280,0,7,0,0.0,2.0,2.0,13.0,A01
201400049280,0,7,0,0.0,2.0,1.0,1.0,B01
201400049281,0,7,0,4.0,0.0,2.0,14.0,A01
201400049282,0,7,0,16.0,0.0,1.0,1.0,A01
201400049283,0,7,0,12.0,0.0,7.0,1.0,A01
201400049284,0,7,0,9.0,0.0,1.0,1.0,A01
201400049285,1,7,0,0.0,2.0,2.0,1.0,Z01
201400049285,0,7,0,0.0,2.0,1.0,1.0,B01
201400049286,0,7,0,0.0,1.0,1.0,15.0,A01
201400049287,0,7,0,0.0,2.0,3.0,9.0,A01
201400049287,0,33,0,0.0,2.0,3.0,1.0,B01
201400049288,0,7,0,0.0,1.0,1.0,1.0,A01
201400049289,0,7,0,0.0,1.0,1.0,1.0,A01
201400049290,0,32,0,14.0,0.0,1.0,1.0,A01
201400049291,0,7,0,0.0,1.0,1.0,15.0,A01
201400049292,0,7,0,0.0,2.0,1.0,5.0,A01
201400049292,0,7,0,0.0,2.0,1.0,1.0,B01
201400049293,0,7,0,13.0,0.0,1.0,1.0,A01
201400049294,0,7,0,0.0,2.0,4.0,1.0,B01
201400049294,0,7,0,0.0,2.0,1.0,1.0,A01
201400049295,0,7,0,0.0,2.0,1.0,1.0,A01
201400049295,0,7,0,0.0,2.0,4.0,1.0,C01
201400049295,0,7,0,1.0,2.0,4.0,1.0,B01
201400049296,0,7,0,0.0,2.0,0.0,0.0,B01
201400049296,0,34,0,0.0,2.0,0.0,1.0,A01
201400049297,0,7,0,0.0,2.0,4.0,1.0,A01
201400049297,0,7,0,0.0,2.0,2.0,1.0,B01
201400049298,0,7,0,0.0,1.0,1.0,1.0,A01
201400049299,0,30,0,1.0,2.0,1.0,0.0,A01
201400049299,0,7,0,0.0,2.0,4.0,1.0,B01
201400049300,0,7,0,1.0,2.0,1.0,1.0,B01
201400049300,0,7,0,0.0,2.0,1.0,13.0,A01
201400049301,0,7,0,0.0,2.0,1.0,1.0,C01
201400049301,0,7,0,0.0,2.0,4.0,1.0,B01
201400049301,0,7,0,0.0,2.0,1.0,1.0,A01
201400049302,0,7,0,0.0,2.0,4.0,1.0,B01
201400049302,0,7,0,0.0,2.0,1.0,1.0,C01
201400049302,0,7,0,0.0,2.0,1.0,1.0,A01
201400049303,0,7,0,0.0,2.0,1.0,1.0,A01
201400049303,0,7,0,0.0,2.0,1.0,1.0,B01
201400049304,0,7,0,0.0,1.0,4.0,0.0,A01
201400049305,0,7,0,0.0,1.0,1.0,1.0,A01
201400049306,0,7,0,0.0,2.0,1.0,1.0,A01
201400049306,0,7,0,0.0,2.0,1.0,1.0,B01
201400049306,0,7,0,0.0,2.0,4.0,1.0,C01
201400049307,0,7,0,0.0,2.0,3.0,1.0,A01
201400049307,0,2,0,0.0,2.0,1.0,1.0,B01
201400049308,0,7,0,0.0,2.0,1.0,1.0,A01
201400049308,0,7,0,0.0,4.0,4.0,0.0,B01
201400049309,0,7,0,9.0,0.0,1.0,1.0,A01
201400049310,0,7,0,0.0,2.0,4.0,1.0,B01
201400049310,0,7,0,0.0,2.0,4.0,1.0,A01
201400049310,0,7,0,1.0,2.0,1.0,2.0,C01
201400049311,0,7,0,0.0,2.0,3.0,1.0,B01
201400049311,0,31,0,0.0,2.0,1.0,1.0,A01
201400049312,0,7,0,0.0,2.0,3.0,1.0,C01
201400049312,0,7,0,0.0,2.0,3.0,2.0,B01
201400049312,0,33,0,0.0,2.0,1.0,13.0,A01
201400049313,0,7,0,0.0,2.0,3.0,11.0,A01
201400049313,0,33,0,0.0,2.0,1.0,17.0,B01
201400049314,0,7,0,0.0,2.0,6.0,11.0,A01
201400049314,0,2,0,0.0,2.0,1.0,1.0,B01
201400049315,0,30,0,0.0,2.0,1.0,0.0,A01
201400049315,0,7,0,0.0,2.0,1.0,1.0,B01
201400049316,0,7,0,0.0,1.0,1.0,1.0,A01
201400049317,0,7,0,0.0,1.0,5.0,20.0,A01
201400049318,0,7,0,0.0,1.0,1.0,1.0,A01
201400049319,1,10,0,0.0,1.0,1.0,1.0,Z01
201400049320,0,1,0,0.0,2.0,4.0,14.0,B01
201400049320,0,7,0,0.0,9.0,1.0,2.0,A01
201400049321,0,1,0,1.0,2.0,1.0,1.0,B01
201400049321,0,7,0,0.0,9.0,0.0,22.0,A01
201400049322,0,1,0,0.0,1.0,0.0,2.0,A01
201400049323,0,7,0,0.0,2.0,4.0,1.0,B01
201400049323,0,32,0,0.0,2.0,1.0,2.0,A01
201400049324,0,7,0,0.0,2.0,7.0,1.0,B01
201400049324,0,7,0,0.0,2.0,1.0,1.0,A01
201400049325,0,7,0,0.0,2.0,2.0,12.0,A01
201400049325,0,7,0,0.0,2.0,3.0,1.0,B01
201400049326,1,99,0,0.0,1.0,2.0,0.0,Z01
201400049327,0,40,50,0.0,2.0,2.0,1.0,A01
201400049327,0,1,0,0.0,4.0,3.0,19.0,B01
201400049328,0,7,0,0.0,1.0,2.0,1.0,A01
201400049329,0,7,0,0.0,1.0,3.0,1.0,A01
201400049330,0,7,0,0.0,2.0,1.0,1.0,B01
201400049330,0,7,0,0.0,2.0,1.0,15.0,A01
201400049330,0,7,0,0.0,2.0,3.0,1.0,C01
201400049331,0,7,0,0.0,1.0,1.0,2.0,A01
201400049332,0,31,0,0.0,0.0,0.0,1.0,A01
201400049333,0,30,0,0.0,2.0,1.0,1.0,B01
201400049333,0,7,0,0.0,2.0,6.0,1.0,A01
201400049334,0,2,0,0.0,2.0,1.0,2.0,A01
201400049334,0,7,0,0.0,0.0,8.0,15.0,B01
201400049335,0,10,0,0.0,2.0,4.0,1.0,B01
201400049335,0,10,0,0.0,2.0,1.0,1.0,A01
201400049336,0,7,0,0.0,2.0,8.0,24.0,A01
201400049336,0,1,0,1.0,0.0,1.0,1.0,B01
201400049337,0,37,1,0.0,1.0,8.0,1.0,A01
201400049338,0,7,0,0.0,1.0,1.0,1.0,A01
201400049339,0,33,0,1.0,0.0,1.0,1.0,A01
201400049340,0,31,0,0.0,2.0,4.0,23.0,C01
201400049340,0,7,0,0.0,2.0,4.0,23.0,B01
201400049340,0,7,0,0.0,2.0,1.0,2.0,A01
201400049341,0,1,0,0.0,2.0,0.0,0.0,B01
201400049341,0,7,0,0.0,2.0,0.0,15.0,A01
201400049342,0,7,0,0.0,1.0,0.0,16.0,A01
201400049343,0,30,0,0.0,2.0,7.0,18.0,A01
201400049343,0,7,0,0.0,2.0,7.0,2.0,B01
201400049344,0,7,0,0.0,2.0,6.0,11.0,A01
201400049344,0,34,0,0.0,2.0,1.0,1.0,B01
201400049345,0,7,0,0.0,1.0,1.0,1.0,A01
201400049346,0,7,0,0.0,1.0,1.0,1.0,A01
201400049347,1,7,0,0.0,1.0,1.0,1.0,A01
201400049348,0,7,0,0.0,2.0,7.0,16.0,B01
201400049348,0,33,0,0.0,2.0,3.0,7.0,A01
201400049349,0,7,0,0.0,2.0,0.0,24.0,A01
201400049349,0,1,0,1.0,0.0,0.0,2.0,B01
201400049350,0,1,0,0.0,1.0,1.0,0.0,A01
201400049351,0,30,0,0.0,0.0,0.0,0.0,B01
201400049351,0,7,0,0.0,0.0,0.0,0.0,A01
201400049352,0,7,0,0.0,1.0,1.0,2.0,A01
201400049353,0,7,0,0.0,2.0,1.0,1.0,A01
201400049353,0,7,0,0.0,2.0,4.0,23.0,B01
201400049354,0,7,0,0.0,0.0,4.0,2.0,C01
201400049354,0,7,0,0.0,2.0,1.0,2.0,A01
201400049354,0,7,0,0.0,2.0,1.0,2.0,B01
201400049355,0,7,0,11.0,0.0,3.0,15.0,A01
201400049356,0,10,0,0.0,1.0,3.0,2.0,A01
201400049356,0,1,0,0.0,2.0,1.0,19.0,B01
201400049357,0,33,0,0.0,0.0,4.0,2.0,B01
201400049357,0,10,0,0.0,2.0,1.0,2.0,A01
201400049358,0,30,0,0.0,2.0,2.0,1.0,A01
201400049358,0,7,0,0.0,2.0,3.0,1.0,B01
201400049359,0,1,0,0.0,1.0,1.0,1.0,A01
201400049360,0,7,0,0.0,1.0,3.0,0.0,A01
201400049361,0,32,0,0.0,2.0,5.0,2.0,B01
201400049361,0,7,0,0.0,2.0,8.0,9.0,A01
201400049362,0,7,0,0.0,1.0,1.0,15.0,A01
201400049363,0,7,0,0.0,2.0,4.0,23.0,B01
201400049363,0,2,0,0.0,2.0,1.0,2.0,A01
201400049364,0,33,0,0.0,2.0,1.0,1.0,B01
201400049364,0,7,0,0.0,2.0,2.0,1.0,A01
201400049365,0,7,0,0.0,2.0,1.0,2.0,A01
201400049365,0,7,0,0.0,2.0,4.0,23.0,B01
201400049366,0,7,0,0.0,2.0,1.0,1.0,A01
201400049366,0,7,0,0.0,2.0,4.0,23.0,B01
201400049366,0,7,0,0.0,2.0,6.0,1.0,C01
201400049367,1,7,0,0.0,1.0,5.0,1.0,Z01
201400049368,0,10,0,0.0,4.0,3.0,15.0,A01
201400049368,0,40,40,0.0,2.0,2.0,1.0,B01
201400049369,0,7,0,0.0,2.0,4.0,2.0,B01
201400049369,0,7,0,0.0,2.0,1.0,1.0,A01
201400049370,0,2,0,8.0,2.0,7.0,19.0,A01
201400049370,0,7,0,0.0,2.0,1.0,1.0,B01
201400049371,0,1,0,0.0,2.0,1.0,1.0,B01
201400049371,0,7,0,0.0,2.0,8.0,24.0,A01
201400049372,0,10,0,0.0,2.0,1.0,1.0,A01
201400049372,0,7,0,0.0,2.0,7.0,1.0,B01
201400049373,0,7,0,0.0,0.0,0.0,15.0,A01