Num_Acc,senc,catv,occutc,obs,obsm,choc,manv,num_veh
201400049636,1,7,0,0.0,2.0,0.0,16.0,Z01
201400049636,0,1,0,0.0,2.0,8.0,16.0,B01
201400049637,0,7,0,0.0,0.0,6.0,2.0,B01
201400049637,0,33,0,0.0,2.0,2.0,2.0,A01
201400049638,0,7,0,0.0,1.0,1.0,1.0,A01
201400049639,0,7,0,0.0,2.0,2.0,15.0,A01
201400049639,0,1,0,0.0,2.0,2.0,1.0,B01
201400049640,0,10,0,0.0,1.0,1.0,1.0,A01
201400049641,0,7,0,0.0,2.0,5.0,2.0,B01
201400049641,0,33,0,0.0,0.0,7.0,1.0,A01
201400049642,0,1,0,0.0,2.0,1.0,1.0,B01
201400049642,0,7,0,0.0,2.0,2.0,16.0,A01
201400049643,0,14,0,0.0,1.0,5.0,4.0,A01
201400049644,0,7,0,0.0,2.0,2.0,1.0,A01
201400049644,0,7,0,0.0,2.0,1.0,1.0,B01
201400049645,0,7,0,0.0,2.0,8.0,1.0,B01
201400049645,1,30,0,0.0,2.0,1.0,1.0,A01
201400049646,0,32,0,0.0,2.0,1.0,2.0,A01
201400049646,0,7,0,0.0,2.0,8.0,15.0,B01
201400049647,0,37,45,0.0,2.0,2.0,1.0,B01
201400049647,0,7,0,0.0,2.0,1.0,16.0,A01
201400049648,0,7,0,0.0,2.0,5.0,16.0,A01
201400049648,0,32,0,0.0,2.0,3.0,1.0,B01
201400049649,0,7,0,0.0,1.0,6.0,17.0,A01
201400049650,0,1,0,0.0,2.0,1.0,1.0,B01
201400049650,0,7,0,0.0,2.0,5.0,1.0,A01
201400049651,0,7,0,0.0,1.0,3.0,15.0,A01
201400049652,0,7,0,0.0,2.0,6.0,1.0,A01
201400049652,0,7,0,0.0,2.0,1.0,1.0,B01
201400049653,0,30,0,0.0,0.0,2.0,2.0,A01
201400049653,0,7,0,0.0,2.0,5.0,1.0,B01
201400049654,0,7,0,0.0,1.0,4.0,4.0,A01
201400049655,0,7,0,0.0,2.0,2.0,2.0,B01
201400049655,0,1,0,0.0,2.0,3.0,1.0,A01
201400049656,0,7,0,0.0,0.0,8.0,22.0,A01
201400049656,0,1,0,1.0,0.0,7.0,16.0,B01
201400049657,0,40,45,0.0,1.0,3.0,1.0,A01
201400049658,0,30,0,0.0,2.0,4.0,23.0,C01
201400049658,0,30,0,0.0,2.0,4.0,23.0,B01
201400049658,0,7,0,0.0,2.0,1.0,1.0,A01
201400049659,0,7,0,0.0,1.0,1.0,1.0,A01
201400049660,0,7,0,1.0,0.0,1.0,1.0,A01
201400049660,0,7,0,0.0,0.0,6.0,24.0,B01
201400049661,0,1,0,0.0,1.0,0.0,1.0,A01
201400049662,0,1,0,0.0,1.0,1.0,1.0,A01
201400049663,0,7,0,9.0,2.0,7.0,10.0,A01
201400049663,0,7,0,0.0,2.0,3.0,1.0,B01
201400049664,0,7,0,0.0,2.0,1.0,0.0,A01
201400049664,0,7,0,0.0,2.0,0.0,0.0,C01
201400049664,0,7,0,0.0,2.0,4.0,1.0,B01
201400049665,0,7,0,0.0,2.0,2.0,19.0,A01
201400049665,0,7,0,0.0,2.0,1.0,19.0,B01
201400049666,0,1,0,0.0,2.0,1.0,2.0,B01
201400049666,0,7,0,0.0,2.0,2.0,16.0,A01
201400049667,0,7,0,0.0,2.0,6.0,5.0,A01
201400049667,0,1,0,0.0,2.0,7.0,21.0,B01
201400049668,0,7,0,0.0,2.0,8.0,15.0,B01
201400049668,0,32,0,0.0,2.0,1.0,17.0,A01
201400049669,0,7,0,0.0,2.0,7.0,15.0,A01
201400049669,0,1,0,0.0,2.0,1.0,1.0,B01
201400049670,0,10,0,0.0,2.0,3.0,24.0,B01
201400049670,0,10,0,1.0,0.0,3.0,0.0,A01
201400049671,0,7,0,0.0,1.0,3.0,15.0,A01
201400049672,0,7,0,0.0,2.0,7.0,2.0,B01
201400049672,0,32,0,1.0,9.0,0.0,0.0,C01
201400049672,0,7,0,0.0,2.0,1.0,2.0,A01
201400049673,0,7,0,0.0,2.0,1.0,1.0,B01
201400049673,0,7,0,0.0,2.0,7.0,1.0,A01
201400049674,0,37,45,0.0,2.0,0.0,21.0,A01
201400049675,0,10,0,0.0,2.0,1.0,1.0,A01
201400049675,0,1,0,0.0,2.0,8.0,15.0,B01
201400049676,0,7,0,0.0,1.0,1.0,1.0,A01
201400049677,0,1,0,0.0,2.0,0.0,21.0,B01
201400049677,0,1,0,0.0,2.0,0.0,6.0,A01
201400049678,0,7,0,0.0,2.0,2.0,2.0,B01
201400049678,0,1,0,0.0,2.0,3.0,19.0,A01
201400049679,0,30,0,1.0,0.0,1.0,1.0,A01
201400049680,0,7,0,0.0,2.0,0.0,7.0,B01
201400049680,0,30,0,1.0,2.0,2.0,16.0,A01
201400049681,0,30,0,0.0,2.0,0.0,2.0,B01
201400049681,0,7,0,0.0,2.0,0.0,17.0,A01
201400049682,0,7,0,0.0,2.0,3.0,6.0,B01
201400049682,0,1,0,0.0,2.0,2.0,5.0,A01
201400049683,0,7,0,0.0,2.0,5.0,15.0,A01
201400049683,0,34,0,0.0,2.0,1.0,1.0,B01
201400049684,0,7,0,0.0,2.0,1.0,2.0,A01
201400049684,0,7,0,0.0,2.0,4.0,2.0,B01
201400049685,0,7,0,0.0,2.0,8.0,0.0,A01
201400049685,0,1,0,0.0,2.0,1.0,0.0,B01
201400049686,0,7,0,0.0,2.0,8.0,1.0,A01
201400049686,0,7,0,0.0,2.0,1.0,1.0,B01
201400049687,0,7,0,8.0,0.0,1.0,2.0,A01
201400049688,0,7,0,0.0,2.0,8.0,22.0,A01
201400049688,0,1,0,1.0,2.0,2.0,2.0,C01
201400049688,0,7,0,0.0,2.0,0.0,23.0,B01
201400049689,0,10,0,0.0,2.0,3.0,2.0,A01
201400049689,0,7,0,0.0,2.0,5.0,16.0,B01
201400049689,0,7,0,0.0,2.0,3.0,23.0,C01
201400049689,0,1,0,0.0,2.0,1.0,23.0,D01
201400049690,0,7,0,0.0,2.0,5.0,1.0,B01
201400049690,0,7,0,0.0,2.0,1.0,1.0,A01
201400049691,0,7,0,0.0,2.0,1.0,2.0,A01
201400049691,0,2,0,0.0,2.0,4.0,2.0,B01
201400049691,0,7,0,0.0,0.0,4.0,2.0,C01
201400049692,0,7,0,0.0,2.0,4.0,2.0,B01
201400049692,0,7,0,0.0,0.0,4.0,23.0,A01
201400049692,0,7,0,0.0,2.0,1.0,2.0,C01
201400049693,0,7,0,0.0,2.0,7.0,1.0,A01
201400049693,0,33,0,0.0,2.0,1.0,1.0,B01
201400049694,0,7,0,0.0,2.0,3.0,1.0,A01
201400049694,0,32,0,0.0,2.0,1.0,19.0,B01
201400049695,0,7,0,0.0,2.0,2.0,9.0,A01
201400049695,0,7,0,0.0,2.0,0.0,0.0,B01
201400049696,0,7,0,0.0,2.0,5.0,0.0,B01
201400049696,2,7,0,0.0,2.0,1.0,0.0,A01
201400049697,0,7,0,12.0,2.0,5.0,16.0,B01
201400049697,0,33,0,0.0,2.0,8.0,7.0,A01
201400049698,0,7,0,0.0,1.0,1.0,16.0,A01
201400049699,0,30,0,0.0,2.0,0.0,0.0,A01
201400049699,0,7,0,0.0,2.0,2.0,0.0,B01
201400049700,0,7,0,0.0,1.0,2.0,1.0,A01
201400049701,0,30,0,0.0,2.0,0.0,1.0,B01
201400049701,0,7,0,0.0,2.0,0.0,1.0,A01
201400049702,0,7,0,0.0,1.0,1.0,11.0,A01
201400049702,0,33,0,0.0,2.0,1.0,1.0,B01
201400049703,0,7,0,0.0,2.0,3.0,24.0,A01
201400049703,0,1,0,1.0,2.0,1.0,2.0,B01
201400049704,0,7,0,0.0,2.0,3.0,1.0,B01
201400049704,0,7,0,1.0,2.0,2.0,9.0,A01
201400049705,0,37,50,0.0,2.0,5.0,2.0,B01
201400049705,0,1,0,0.0,2.0,0.0,1.0,A01
201400049706,0,7,0,0.0,1.0,1.0,15.0,A01
201400049707,0,7,0,0.0,0.0,8.0,15.0,B01
201400049707,0,10,0,0.0,2.0,1.0,1.0,A01
201400049708,0,7,0,0.0,2.0,2.0,1.0,B01
201400049708,0,7,0,0.0,2.0,3.0,1.0,A01
201400049709,0,1,0,0.0,2.0,1.0,1.0,A01
201400049709,0,7,0,0.0,2.0,4.0,16.0,B01
201400049710,0,7,0,0.0,2.0,2.0,1.0,B01
201400049710,0,7,0,0.0,2.0,3.0,2.0,A01
201400049711,0,10,0,1.0,0.0,1.0,2.0,A01
201400049711,0,37,1,0.0,2.0,6.0,24.0,B01
201400049712,0,33,0,0.0,0.0,0.0,1.0,A01
201400049713,0,7,0,0.0,2.0,7.0,19.0,B01
201400049713,0,7,0,0.0,2.0,1.0,19.0,A01
201400049714,0,1,0,0.0,2.0,8.0,2.0,A01
201400049714,0,2,0,0.0,2.0,1.0,2.0,B01
201400049715,0,7,0,0.0,2.0,8.0,15.0,A01
201400049715,0,1,0,0.0,2.0,7.0,1.0,B01
201400049716,0,1,0,0.0,2.0,7.0,1.0,B01
201400049716,0,33,0,0.0,2.0,1.0,1.0,A01
201400049717,0,33,0,0.0,2.0,1.0,2.0,B01
201400049717,0,7,0,0.0,2.0,7.0,1.0,A01
201400049718,0,7,0,0.0,2.0,3.0,19.0,A01
201400049718,0,30,0,0.0,2.0,2.0,1.0,B01
201400049719,0,7,0,0.0,2.0,8.0,1.0,B01
201400049719,0,34,0,0.0,2.0,1.0,0.0,A01
201400049720,0,30,0,0.0,2.0,1.0,8.0,A01
201400049720,0,7,0,0.0,2.0,7.0,15.0,B01
201400049721,0,32,0,0.0,2.0,2.0,2.0,B01
201400049721,0,7,0,0.0,2.0,8.0,15.0,A01
201400049722,0,33,0,0.0,2.0,1.0,1.0,B01
201400049722,0,7,0,0.0,2.0,3.0,19.0,A01
201400049723,0,10,0,0.0,1.0,1.0,1.0,A01
201400049724,0,7,0,0.0,2.0,3.0,9.0,A01
201400049724,0,7,0,0.0,0.0,2.0,0.0,B01
201400049725,1,7,0,0.0,1.0,0.0,0.0,Z01
201400049726,1,99,0,0.0,2.0,1.0,1.0,Z01
201400049726,0,1,0,0.0,2.0,1.0,0.0,B01
201400049727,0,2,0,0.0,1.0,1.0,1.0,A01
201400049728,0,1,0,0.0,2.0,0.0,14.0,B01
201400049728,0,37,42,0.0,0.0,6.0,7.0,A01
201400049729,0,7,0,0.0,1.0,1.0,1.0,A01
201400049730,0,7,0,0.0,2.0,1.0,1.0,B01
201400049730,0,7,0,0.0,2.0,7.0,19.0,A01
201400049731,0,7,0,8.0,0.0,1.0,0.0,A01
201400049732,0,10,0,0.0,1.0,7.0,1.0,A01
201400049733,0,7,0,0.0,2.0,7.0,22.0,A01
201400049733,0,1,0,0.0,2.0,1.0,1.0,B01
201400049734,0,7,0,0.0,2.0,4.0,2.0,D01
201400049734,0,10,0,0.0,2.0,1.0,1.0,A01
201400049734,0,7,0,0.0,2.0,4.0,1.0,C01
201400049734,0,7,0,0.0,2.0,4.0,2.0,B01
201400049734,0,7,0,0.0,2.0,4.0,1.0,E01
201400049735,0,7,0,0.0,2.0,8.0,1.0,B01
201400049735,0,1,0,0.0,2.0,1.0,1.0,A01
201400049736,0,1,0,0.0,0.0,1.0,1.0,B01
201400049736,0,7,0,0.0,2.0,8.0,22.0,A01
201400049737,0,7,0,0.0,2.0,3.0,1.0,B01
201400049737,0,33,0,0.0,2.0,1.0,19.0,A01
201400049738,0,3,0,0.0,2.0,6.0,15.0,A01
201400049738,0,33,0,0.0,2.0,1.0,1.0,B01
201400049739,0,7,0,12.0,0.0,2.0,6.0,A01
201400049740,0,33,0,0.0,2.0,3.0,2.0,A01
201400049740,0,7,0,0.0,0.0,5.0,16.0,B01
201400049741,0,7,0,0.0,2.0,3.0,15.0,A01
201400049741,0,30,0,0.0,2.0,1.0,1.0,B01
201400049742,0,14,0,0.0,2.0,2.0,1.0,B01
201400049742,0,1,0,0.0,2.0,8.0,11.0,A01
201400049743,0,1,0,0.0,0.0,7.0,5.0,A01
201400049743,0,7,0,0.0,0.0,1.0,0.0,B01
201400049744,0,33,0,0.0,1.0,1.0,1.0,A01
201400049745,0,7,0,0.0,0.0,5.0,0.0,B01
201400049745,0,1,0,0.0,2.0,1.0,2.0,A01
201400049746,1,7,0,0.0,1.0,1.0,2.0,Z01
201400049747,0,7,0,0.0,2.0,7.0,1.0,B01
201400049747,0,30,0,0.0,2.0,1.0,18.0,A01
201400049748,0,33,0,0.0,2.0,1.0,15.0,B01
201400049748,0,7,0,0.0,2.0,6.0,1.0,A01
201400049749,0,7,0,0.0,2.0,7.0,1.0,A01
201400049749,0,31,0,0.0,2.0,1.0,1.0,B01
201400049750,1,7,0,0.0,2.0,1.0,15.0,Z01
201400049750,0,32,0,0.0,2.0,1.0,1.0,B01
201400049751,0,7,0,0.0,1.0,1.0,15.0,A01
201400049752,0,32,0,0.0,2.0,1.0,17.0,A01
201400049752,0,7,0,0.0,2.0,8.0,15.0,B01
201400049753,0,7,0,0.0,1.0,1.0,16.0,A01
201400049754,0,7,0,0.0,2.0,5.0,15.0,A01
201400049754,0,7,0,0.0,2.0,1.0,1.0,B01
201400049755,0,7,0,0.0,2.0,8.0,1.0,A01
201400049755,0,7,0,0.0,2.0,7.0,15.0,B01
201400049756,0,7,0,0.0,1.0,2.0,15.0,A01
201400049757,0,33,0,0.0,2.0,3.0,2.0,A01
201400049757,0,33,0,0.0,2.0,7.0,2.0,B01
201400049758,0,1,0,0.0,2.0,8.0,2.0,B01
201400049759,0,7,0,0.0,1.0,1.0,0.0,A01
201400049760,0,7,0,0.0,2.0,1.0,0.0,B01
201400049760,0,7,0,0.0,2.0,2.0,0.0,A01
201400049761,0,3,0,0.0,2.0,1.0,11.0,A01
201400049761,0,7,0,0.0,2.0,5.0,1.0,B01
201400049762,0,7,0,0.0,2.0,1.0,1.0,A01
201400049762,0,7,0,0.0,2.0,8.0,15.0,B01
201400049763,0,7,0,0.0,2.0,1.0,1.0,A01
201400049763,0,7,0,0.0,2.0,8.0,1.0,B01
201400049764,0,1,0,0.0,2.0,8.0,1.0,A01
201400049764,0,1,0,0.0,2.0,1.0,1.0,B01
201400049765,0,7,0,0.0,1.0,2.0,1.0,A01
201400049766,0,7,0,0.0,2.0,1.0,7.0,A01
201400049766,0,7,0,0.0,2.0,8.0,15.0,B01
201400049767,0,7,0,0.0,2.0,7.0,1.0,A01
201400049767,0,7,0,0.0,2.0,1.0,1.0,B01
201400049768,0,7,0,0.0,2.0,1.0,19.0,A01
201400049768,0,32,0,0.0,2.0,1.0,1.0,B01
201400049769,0,2,0,0.0,1.0,8.0,21.0,A01
201400049770,0,10,0,0.0,0.0,0.0,0.0,B01
201400049770,0,7,0,0.0,0.0,0.0,0.0,A01
201400049771,0,7,0,0.0,2.0,2.0,2.0,A01
201400049771,0,1,0,0.0,2.0,8.0,0.0,B01
201400049772,0,2,0,0.0,2.0,1.0,1.0,B01
201400049772,0,7,0,0.0,2.0,2.0,1.0,A01
201400049773,0,7,0,0.0,9.0,8.0,1.0,C01
201400049773,0,32,0,0.0,2.0,1.0,1.0,A01
201400049773,0,7,0,0.0,0.0,6.0,15.0,B01
201400049774,0,7,0,0.0,1.0,1.0,15.0,A01
201400049775,0,7,0,0.0,2.0,8.0,2.0,A01
201400049775,0,10,0,0.0,2.0,5.0,2.0,B01
201400049776,0,33,0,0.0,4.0,1.0,15.0,A01
201400049776,0,40,1,0.0,2.0,7.0,1.0,B01
201400049777,0,7,0,0.0,1.0,1.0,1.0,A01
201400049778,1,7,0,0.0,2.0,1.0,2.0,A01
201400049778,0,1,0,0.0,2.0,4.0,15.0,B01
201400049779,0,7,0,0.0,0.0,0.0,10.0,A01
201400049779,0,33,0,0.0,0.0,0.0,1.0,B01
201400049780,0,7,0,0.0,2.0,4.0,2.0,B01
201400049780,0,7,0,0.0,2.0,1.0,1.0,A01
201400049780,0,7,0,0.0,2.0,4.0,1.0,C01
201400049781,0,7,0,0.0,4.0,1.0,19.0,A01
201400049781,0,40,10,0.0,2.0,2.0,1.0,B01
201400049782,0,7,0,0.0,1.0,1.0,15.0,A01
201400049783,0,1,0,0.0,2.0,1.0,0.0,B01
201400049783,0,38,1,0.0,0.0,0.0,0.0,A01
201400049784,0,32,0,0.0,0.0,0.0,0.0,A01
201400049785,0,33,0,14.0,0.0,0.0,2.0,A01
201400049786,0,7,0,0.0,1.0,1.0,9.0,A01
201400049787,0,7,0,0.0,2.0,2.0,1.0,B01
201400049787,0,7,0,0.0,2.0,3.0,9.0,A01
201400049788,0,1,0,0.0,2.0,0.0,2.0,A01
201400049788,1,7,0,0.0,2.0,1.0,2.0,Z01
201400049789,0,7,0,0.0,1.0,0.0,0.0,A01
201400049790,0,33,0,0.0,2.0,7.0,15.0,B01
201400049790,0,1,0,0.0,2.0,1.0,1.0,A01
201400049791,0,7,0,0.0,0.0,2.0,1.0,C01
201400049791,0,7,0,0.0,0.0,6.0,1.0,B01
201400049791,0,2,0,1.0,2.0,1.0,21.0,A01
201400049792,0,7,0,0.0,2.0,3.0,16.0,A01
201400049792,0,1,0,0.0,2.0,0.0,1.0,B01
201400049793,0,1,0,0.0,2.0,8.0,1.0,B01
201400049793,0,10,0,0.0,2.0,1.0,15.0,A01
201400049794,0,1,0,1.0,0.0,1.0,9.0,B01
201400049794,0,7,0,0.0,2.0,5.0,23.0,A01
201400049795,0,7,0,0.0,1.0,3.0,1.0,A01
201400049796,0,7,0,0.0,1.0,3.0,1.0,A01
201400049797,0,7,0,0.0,2.0,2.0,14.0,A01
201400049797,0,7,0,12.0,2.0,6.0,24.0,B01
201400049798,0,7,0,0.0,2.0,5.0,1.0,A01
201400049798,0,1,0,0.0,0.0,3.0,1.0,B01
201400049799,0,7,0,0.0,1.0,6.0,4.0,A01
201400049800,0,33,0,0.0,2.0,4.0,23.0,B01
201400049801,0,7,0,0.0,1.0,1.0,1.0,A01
201400049802,0,2,0,0.0,2.0,1.0,13.0,A01
201400049802,0,7,0,0.0,2.0,1.0,1.0,B01
201400049803,0,1,0,0.0,1.0,1.0,1.0,A01
201400049804,0,7,0,0.0,2.0,0.0,16.0,C01
201400049804,0,7,0,0.0,2.0,6.0,21.0,B01
201400049804,0,7,0,0.0,2.0,2.0,2.0,A01
201400049805,0,7,0,0.0,2.0,4.0,2.0,B01
201400049805,0,7,0,0.0,2.0,1.0,2.0,A01
201400049806,0,37,4,0.0,1.0,7.0,1.0,A01
201400049807,0,7,0,0.0,2.0,1.0,2.0,B01
201400049807,0,7,0,0.0,2.0,3.0,24.0,A01
201400049808,0,1,0,0.0,2.0,1.0,1.0,B01
201400049808,0,7,0,0.0,2.0,3.0,15.0,A01
201400049809,0,7,0,1.0,0.0,1.0,1.0,A01
201400049809,0,7,0,1.0,0.0,4.0,24.0,C01
201400049809,0,7,0,0.0,2.0,7.0,24.0,B01
201400049810,0,7,0,0.0,1.0,1.0,1.0,A01
201400049811,0,7,0,0.0,2.0,3.0,2.0,A01
201400049811,0,31,0,0.0,0.0,0.0,0.0,B01
201400049812,0,7,0,0.0,1.0,1.0,1.0,A01
201400049813,0,32,0,14.0,2.0,8.0,1.0,B01
201400049813,0,10,0,0.0,2.0,2.0,4.0,A01
201400049814,0,7,0,0.0,1.0,7.0,1.0,A01
201400049815,0,2,0,1.0,0.0,1.0,14.0,A01
201400049816,0,1,0,0.0,1.0,1.0,2.0,A01
201400049817,0,7,0,0.0,1.0,1.0,3.0,A01
201400049818,0,7,0,0.0,2.0,6.0,13.0,A01
201400049818,0,33,0,0.0,2.0,7.0,1.0,B01
201400049819,0,1,0,0.0,2.0,6.0,1.0,B01
201400049819,0,7,0,0.0,9.0,2.0,1.0,A01
201400049820,0,7,0,0.0,1.0,5.0,4.0,A01
201400049821,0,1,0,0.0,2.0,1.0,1.0,B01
201400049821,0,1,0,0.0,2.0,1.0,17.0,A01
201400049822,0,7,0,0.0,0.0,4.0,2.0,B01
201400049822,0,7,0,0.0,2.0,1.0,2.0,A01
201400049823,0,30,0,12.0,0.0,0.0,14.0,A01
201400049824,0,7,0,0.0,1.0,3.0,1.0,A01
201400049825,0,31,0,0.0,1.0,1.0,19.0,B01
201400049825,0,7,0,0.0,2.0,1.0,19.0,A01
201400049826,0,7,0,0.0,2.0,2.0,15.0,B01
201400049826,0,31,0,0.0,2.0,1.0,1.0,A01
201400049827,0,7,0,0.0,1.0,1.0,1.0,A01
201400049828,0,7,0,0.0,1.0,0.0,16.0,A01
201400049829,0,14,0,9.0,0.0,0.0,2.0,A01
201400049829,0,31,0,0.0,9.0,9.0,2.0,B01
201400049830,0,7,0,0.0,0.0,3.0,17.0,A01
201400049830,0,30,0,0.0,0.0,5.0,17.0,B01
201400049831,0,7,0,0.0,2.0,1.0,2.0,A01
201400049831,0,7,0,0.0,2.0,4.0,23.0,B01
201400049832,0,7,0,0.0,1.0,2.0,14.0,A01
201400049833,0,32,0,0.0,2.0,1.0,9.0,A01
201400049833,0,7,0,0.0,0.0,4.0,1.0,B01
201400049834,0,7,0,0.0,1.0,1.0,1.0,A01
201400049835,0,32,0,0.0,0.0,1.0,1.0,A01
201400049836,0,30,0,0.0,2.0,1.0,13.0,A01
201400049836,0,7,0,0.0,2.0,1.0,2.0,B01
201400049837,0,33,0,0.0,2.0,1.0,2.0,A01
201400049837,0,7,0,0.0,0.0,5.0,15.0,B01
201400049838,0,7,0,4.0,2.0,2.0,1.0,A01
201400049838,0,1,0,0.0,2.0,4.0,1.0,B01
201400049839,0,33,0,0.0,2.0,1.0,1.0,B01
201400049839,0,7,0,0.0,2.0,6.0,15.0,A01
201400049840,0,1,0,1.0,0.0,1.0,1.0,A01
201400049841,0,7,0,2.0,2.0,1.0,6.0,A01
201400049841,0,7,0,1.0,2.0,3.0,1.0,B01
201400049842,0,31,0,0.0,2.0,2.0,17.0,A01
201400049842,0,7,0,0.0,2.0,8.0,15.0,B01
201400049843,0,7,0,0.0,2.0,2.0,17.0,A01
201400049843,0,1,0,0.0,2.0,8.0,1.0,B01
201400049844,0,7,0,0.0,1.0,8.0,1.0,A01
201400049845,0,7,0,0.0,2.0,1.0,2.0,A01
201400049845,0,7,0,0.0,2.0,4.0,23.0,B01
201400049846,0,7,0,0.0,0.0,0.0,10.0,B01
201400049846,0,33,0,0.0,0.0,1.0,17.0,A01
201400049847,0,30,0,0.0,2.0,1.0,1.0,A01
201400049847,0,1,0,0.0,2.0,0.0,1.0,B01
201400049848,0,33,0,0.0,2.0,1.0,1.0,B01
201400049848,0,7,0,0.0,2.0,1.0,15.0,A01
201400049849,0,7,0,0.0,2.0,3.0,13.0,A01
201400049849,0,7,0,0.0,2.0,6.0,1.0,B01
201400049850,0,7,0,0.0,1.0,1.0,15.0,A01
201400049851,0,7,0,0.0,2.0,1.0,15.0,A01
201400049851,0,33,0,0.0,2.0,1.0,1.0,B01
201400049852,0,1,0,0.0,0.0,7.0,19.0,B01
201400049852,0,7,0,0.0,2.0,1.0,1.0,A01
201400049853,0,7,0,4.0,0.0,3.0,1.0,A01
201400049854,0,7,0,4.0,0.0,2.0,2.0,A01
201400049855,0,7,0,3.0,0.0,1.0,2.0,A01
201400049856,1,17,0,0.0,0.0,,,Z01
201400049856,0,7,0,0.0,0.0,6.0,1.0,A01
201400049857,0,7,0,0.0,0.0,4.0,2.0,C01
201400049857,0,7,0,0.0,0.0,4.0,2.0,B01
201400049857,0,7,0,0.0,2.0,1.0,2.0,A01
201400049858,0,7,0,0.0,0.0,4.0,0.0,B01
201400049858,0,33,0,0.0,2.0,1.0,0.0,A01
201400049859,0,15,0,0.0,0.0,1.0,0.0,A01
201400049859,0,15,0,0.0,0.0,1.0,0.0,B01
201400049859,0,15,0,0.0,0.0,4.0,0.0,C01
201400049860,0,7,0,0.0,0.0,1.0,2.0,B01
201400049860,0,7,0,0.0,2.0,6.0,11.0,A01
201400049861,0,7,0,0.0,2.0,4.0,2.0,B01
201400049861,0,10,0,0.0,2.0,3.0,2.0,A01
201400049862,0,7,0,0.0,0.0,4.0,2.0,B01
201400049862,0,7,0,0.0,2.0,1.0,2.0,A01
201400049863,0,7,0,6.0,0.0,1.0,2.0,A01
201400049864,0,7,0,0.0,0.0,4.0,0.0,B01
201400049864,0,7,0,0.0,2.0,1.0,0.0,A01
201400049864,0,7,0,0.0,2.0,3.0,0.0,C01
201400049865,0,7,0,0.0,2.0,2.0,0.0,A01
201400049865,0,10,0,3.0,2.0,6.0,0.0,B01
201400049866,1,99,0,0.0,2.0,0.0,0.0,Z01
201400049866,0,7,0,0.0,2.0,3.0,0.0,A01
201400049867,0,7,0,4.0,0.0,3.0,0.0,A01
201400049868,0,15,0,0.0,0.0,5.0,0.0,B01
201400049868,0,10,0,14.0,2.0,3.0,0.0,A01
201400049869,0,7,0,0.0,0.0,1.0,0.0,A01
201400049869,0,7,0,0.0,0.0,4.0,0.0,B01
201400049870,0,7,0,0.0,0.0,3.0,11.0,B01
201400049870,0,33,0,0.0,2.0,7.0,3.0,A01
201400049871,0,7,0,0.0,0.0,4.0,0.0,B01
201400049871,0,10,0,3.0,0.0,1.0,0.0,A01
201400049872,0,7,0,0.0,2.0,5.0,0.0,C01
201400049872,0,7,0,0.0,0.0,4.0,0.0,A01
201400049872,0,17,0,0.0,0.0,2.0,0.0,B01
201400049873,0,7,0,3.0,0.0,1.0,0.0,A01
201400049874,0,7,0,4.0,0.0,1.0,1.0,A01
201400049875,0,7,0,3.0,0.0,1.0,9.0,A01
201400049876,0,7,0,3.0,0.0,1.0,0.0,D01
201400049876,0,7,0,0.0,2.0,1.0,0.0,C01
201400049876,0,7,0,0.0,0.0,3.0,0.0,A01
201400049876,0,7,0,3.0,0.0,1.0,0.0,B01
201400049877,0,7,0,3.0,0.0,2.0,0.0,A01
201400049877,0,7,0,3.0,0.0,8.0,1.0,B01
201400049878,0,7,0,4.0,0.0,1.0,0.0,A01
201400049879,0,7,0,0.0,2.0,1.0,2.0,A01
201400049879,0,7,0,0.0,0.0,4.0,2.0,B01
201400049880,0,7,0,0.0,2.0,1.0,2.0,A01
201400049880,0,10,0,0.0,2.0,4.0,2.0,B01
201400049881,0,7,0,0.0,2.0,1.0,0.0,B01
201400049881,0,7,0,0.0,2.0,1.0,0.0,A01
201400049882,0,7,0,0.0,2.0,4.0,2.0,C01
201400049882,0,7,0,0.0,2.0,4.0,2.0,B01
201400049882,0,10,0,0.0,0.0,1.0,2.0,A01
201400049883,0,15,0,4.0,0.0,8.0,0.0,A01
201400049884,0,15,0,0.0,0.0,4.0,0.0,B01
201400049884,0,15,0,0.0,2.0,1.0,0.0,A01
201400049885,0,10,0,0.0,2.0,1.0,0.0,A01
201400049885,0,7,0,0.0,0.0,4.0,0.0,B01
201400049886,0,15,0,0.0,2.0,2.0,12.0,A01
201400049886,0,7,0,4.0,0.0,6.0,1.0,B01
201400049887,0,7,0,0.0,2.0,1.0,0.0,A01
201400049887,0,7,0,0.0,2.0,4.0,0.0,C01
201400049887,0,7,0,0.0,2.0,1.0,0.0,B01
201400049888,0,7,0,0.0,2.0,1.0,0.0,A01
201400049888,0,7,0,0.0,2.0,1.0,0.0,C01
201400049888,0,7,0,0.0,0.0,1.0,0.0,B01
201400049889,0,7,0,0.0,0.0,2.0,1.0,C01
201400049889,0,7,0,0.0,2.0,4.0,2.0,E01
201400049889,0,7,0,0.0,2.0,5.0,0.0,B01
201400049889,0,10,0,0.0,0.0,4.0,0.0,D01
201400049889,0,7,0,0.0,2.0,1.0,0.0,A02
201400049889,0,7,0,0.0,0.0,1.0,0.0,F01
201400049890,0,7,0,4.0,0.0,1.0,9.0,A01
201400049891,0,7,0,0.0,0.0,6.0,0.0,A01
201400049892,0,15,0,0.0,2.0,3.0,0.0,B01
201400049892,0,7,0,4.0,2.0,3.0,1.0,A01
201400049893,0,7,0,0.0,2.0,1.0,0.0,A01