Num_Acc,senc,catv,occutc,obs,obsm,choc,manv,num_veh
201400049893,0,7,0,0.0,0.0,4.0,0.0,D01
201400049893,0,7,0,0.0,0.0,4.0,0.0,C01
201400049893,0,7,0,0.0,2.0,4.0,0.0,B01
201400049894,0,7,0,0.0,2.0,1.0,0.0,A01
201400049894,0,7,0,0.0,0.0,4.0,0.0,B01
201400049895,0,10,0,0.0,2.0,6.0,0.0,B01
201400049895,0,33,0,0.0,2.0,7.0,0.0,A01
201400049896,0,33,0,0.0,2.0,2.0,0.0,B01
201400049896,0,7,0,0.0,0.0,5.0,0.0,A01
201400049897,0,7,0,4.0,0.0,1.0,2.0,A01
201400049898,0,7,0,0.0,0.0,5.0,0.0,B01
201400049898,0,33,0,0.0,0.0,1.0,0.0,A01
201400049899,0,7,0,0.0,0.0,0.0,0.0,B01
201400049899,0,7,0,0.0,0.0,0.0,0.0,A01
201400049900,0,7,0,0.0,0.0,3.0,0.0,B01
201400049900,0,32,0,0.0,2.0,7.0,0.0,A01
201400049901,0,7,0,4.0,0.0,1.0,0.0,A01
201400049902,0,33,0,0.0,2.0,1.0,0.0,B01
201400049902,0,7,0,3.0,2.0,1.0,0.0,A01
201400049903,0,7,0,4.0,0.0,1.0,0.0,A01
201400049904,0,15,0,0.0,0.0,0.0,0.0,A01
201400049904,0,7,0,3.0,0.0,2.0,0.0,B01
201400049905,0,33,0,0.0,0.0,1.0,0.0,A01
201400049906,0,33,0,0.0,2.0,8.0,0.0,A01
201400049906,0,7,0,0.0,2.0,3.0,0.0,B01
201400049907,0,14,0,0.0,2.0,1.0,2.0,A01
201400049907,0,7,0,0.0,0.0,4.0,2.0,B01
201400049908,0,7,0,0.0,0.0,0.0,0.0,C01
201400049908,0,7,0,0.0,0.0,6.0,0.0,A01
201400049908,0,7,0,0.0,2.0,2.0,0.0,B01
201400049909,0,7,0,0.0,0.0,7.0,0.0,B01
201400049909,0,10,0,0.0,2.0,3.0,9.0,A01
201400049910,0,7,0,4.0,0.0,1.0,1.0,A01
201400049911,0,7,0,4.0,0.0,1.0,0.0,A01
201400049912,0,31,0,0.0,0.0,8.0,21.0,A01
201400049913,0,33,0,0.0,2.0,2.0,0.0,A01
201400049913,0,15,0,0.0,0.0,6.0,0.0,B01
201400049914,0,33,0,0.0,2.0,8.0,1.0,B01
201400049914,0,7,0,0.0,2.0,2.0,0.0,A01
201400049915,0,33,0,0.0,2.0,0.0,0.0,B01
201400049915,0,7,0,0.0,2.0,8.0,0.0,A01
201400049916,0,7,0,0.0,2.0,4.0,0.0,C01
201400049916,0,7,0,0.0,2.0,1.0,0.0,A01
201400049916,0,7,0,0.0,0.0,4.0,2.0,B01
201400049917,0,7,0,0.0,2.0,4.0,0.0,B01
201400049917,0,10,0,3.0,0.0,1.0,0.0,C01
201400049917,0,7,0,0.0,0.0,4.0,0.0,D01
201400049917,0,7,0,0.0,0.0,0.0,0.0,E01
201400049917,0,16,0,0.0,2.0,5.0,0.0,F01
201400049917,0,16,0,0.0,2.0,2.0,0.0,A02
201400049918,0,10,0,0.0,2.0,6.0,0.0,B01
201400049918,0,7,0,0.0,2.0,2.0,0.0,A01
201400049919,0,33,0,4.0,0.0,8.0,0.0,A01
201400049919,0,17,0,0.0,0.0,7.0,0.0,B01
201400049920,0,7,0,4.0,0.0,3.0,2.0,A01
201400049921,0,15,0,0.0,0.0,3.0,0.0,B01
201400049921,0,7,0,0.0,2.0,2.0,0.0,A01
201400049922,0,15,0,0.0,0.0,4.0,0.0,C01
201400049922,0,7,0,0.0,0.0,4.0,0.0,B01
201400049922,0,14,0,0.0,2.0,1.0,0.0,A01
201400049923,0,10,0,0.0,2.0,1.0,0.0,A01
201400049923,0,7,0,0.0,0.0,4.0,2.0,C01
201400049923,0,7,0,0.0,0.0,4.0,0.0,B01
201400049924,0,7,0,0.0,0.0,1.0,0.0,A01
201400049925,0,7,0,4.0,0.0,3.0,2.0,A01
201400049926,0,15,0,0.0,0.0,4.0,1.0,B01
201400049926,0,7,0,0.0,2.0,3.0,0.0,A01
201400049927,0,99,0,0.0,0.0,4.0,1.0,B01
201400049927,0,7,0,15.0,0.0,1.0,0.0,A01
201400049928,0,7,0,0.0,0.0,4.0,0.0,B01
201400049928,0,7,0,3.0,0.0,1.0,0.0,A01
201400049929,0,7,0,0.0,2.0,8.0,0.0,B01
201400049929,0,15,0,0.0,2.0,7.0,0.0,A01
201400049930,0,33,0,0.0,2.0,8.0,0.0,A01
201400049930,0,7,0,0.0,0.0,2.0,0.0,B01
201400049931,0,7,0,4.0,2.0,6.0,1.0,A01
201400049931,0,15,0,0.0,2.0,1.0,1.0,B01
201400049932,0,33,0,0.0,2.0,1.0,0.0,A01
201400049932,0,10,0,0.0,0.0,4.0,2.0,B01
201400049933,0,33,0,0.0,2.0,8.0,2.0,A01
201400049933,0,7,0,0.0,0.0,6.0,2.0,B01
201400049934,0,7,0,0.0,2.0,8.0,0.0,B01
201400049934,0,7,0,0.0,0.0,8.0,0.0,A01
201400049935,0,7,0,0.0,0.0,3.0,0.0,A01
201400049935,0,7,0,4.0,0.0,3.0,1.0,B01
201400049936,0,7,0,0.0,0.0,4.0,2.0,B01
201400049936,0,14,0,0.0,2.0,1.0,2.0,A01
201400049937,0,33,0,0.0,0.0,4.0,0.0,B01
201400049937,0,10,0,0.0,2.0,1.0,0.0,A01
201400049938,0,33,0,3.0,0.0,1.0,0.0,A01
201400049939,0,7,0,0.0,2.0,1.0,2.0,A01
201400049939,0,7,0,0.0,0.0,4.0,0.0,B01
201400049940,0,17,0,0.0,0.0,2.0,0.0,B01
201400049940,0,7,0,0.0,2.0,2.0,0.0,A01
201400049941,0,10,0,0.0,2.0,4.0,0.0,B01
201400049941,0,7,0,0.0,2.0,1.0,0.0,C01
201400049941,0,7,0,0.0,0.0,4.0,0.0,D01
201400049941,0,7,0,0.0,2.0,1.0,0.0,A01
201400049942,0,7,0,0.0,0.0,4.0,0.0,B01
201400049942,0,10,0,0.0,2.0,1.0,0.0,A01
201400049943,0,17,0,0.0,2.0,1.0,0.0,A01
201400049943,0,7,0,0.0,0.0,4.0,0.0,B01
201400049944,0,7,0,0.0,2.0,6.0,1.0,B01
201400049944,0,15,0,0.0,0.0,2.0,12.0,A01
201400049945,0,7,0,0.0,0.0,4.0,2.0,B01
201400049945,0,7,0,0.0,2.0,1.0,0.0,A01
201400049946,0,33,0,0.0,0.0,7.0,0.0,A01
201400049946,0,7,0,0.0,0.0,1.0,0.0,B01
201400049947,0,7,0,3.0,0.0,1.0,0.0,A01
201400049948,0,7,0,0.0,0.0,6.0,0.0,B01
201400049948,0,7,0,0.0,2.0,1.0,0.0,A01
201400049949,0,7,0,0.0,2.0,1.0,0.0,A01
201400049949,0,7,0,0.0,0.0,0.0,0.0,B01
201400049950,0,31,0,0.0,2.0,1.0,1.0,B01
201400049950,0,7,0,0.0,2.0,1.0,1.0,C01
201400049950,0,7,0,0.0,2.0,3.0,1.0,D01
201400049950,0,7,0,0.0,0.0,4.0,1.0,A01
201400049951,0,7,0,0.0,0.0,3.0,0.0,A01
201400049951,0,33,0,0.0,2.0,7.0,0.0,B01
201400049952,0,7,0,6.0,0.0,9.0,0.0,A01
201400049952,0,7,0,0.0,9.0,3.0,1.0,B01
201400049953,0,7,0,0.0,2.0,1.0,0.0,A01
201400049953,0,7,0,0.0,0.0,4.0,0.0,B01
201400049954,0,17,0,0.0,0.0,4.0,0.0,B01
201400049954,0,17,0,0.0,0.0,4.0,2.0,C01
201400049954,0,17,0,0.0,2.0,1.0,2.0,A01
201400049955,0,33,0,5.0,0.0,3.0,0.0,A01
201400049956,0,33,0,0.0,2.0,1.0,0.0,A01
201400049956,0,7,0,0.0,0.0,4.0,0.0,B01
201400049957,0,33,0,0.0,2.0,1.0,0.0,A01
201400049957,0,7,0,0.0,2.0,5.0,0.0,B01
201400049958,0,7,0,0.0,2.0,1.0,0.0,A01
201400049958,0,7,0,4.0,0.0,2.0,0.0,B01
201400049959,0,7,0,0.0,2.0,4.0,0.0,B01
201400049959,0,14,0,0.0,0.0,4.0,1.0,C01
201400049959,0,10,0,0.0,2.0,1.0,0.0,A01
201400049960,0,7,0,0.0,0.0,4.0,0.0,C01
201400049960,0,7,0,0.0,2.0,1.0,0.0,A01
201400049960,0,7,0,0.0,2.0,4.0,0.0,B01
201400049961,0,7,0,0.0,0.0,4.0,0.0,B01
201400049961,0,33,0,0.0,2.0,1.0,0.0,A01
201400049962,0,7,0,0.0,2.0,4.0,2.0,B01
201400049962,0,7,0,0.0,2.0,1.0,2.0,A01
201400049962,0,7,0,0.0,2.0,4.0,2.0,C01
201400049963,1,7,0,0.0,2.0,1.0,2.0,A01
201400049963,0,7,0,3.0,0.0,4.0,2.0,B01
201400049964,0,7,0,4.0,0.0,0.0,1.0,A01
201400049965,0,7,0,0.0,2.0,1.0,2.0,A01
201400049965,0,7,0,0.0,0.0,4.0,2.0,B01
201400049966,0,33,0,0.0,2.0,3.0,1.0,B01
201400049966,0,7,0,0.0,2.0,5.0,12.0,A01
201400049967,0,7,0,0.0,2.0,4.0,2.0,B01
201400049967,0,7,0,0.0,2.0,1.0,2.0,A01
201400049967,0,7,0,0.0,0.0,4.0,2.0,C01
201400049968,0,13,0,0.0,0.0,4.0,2.0,B01
201400049968,0,7,0,0.0,2.0,2.0,2.0,A01
201400049969,0,7,0,0.0,0.0,4.0,2.0,C01
201400049969,0,10,0,0.0,2.0,1.0,2.0,A01
201400049969,0,7,0,0.0,2.0,4.0,2.0,B01
201400049970,1,7,0,0.0,2.0,3.0,11.0,Z01
201400049970,0,31,0,0.0,2.0,7.0,1.0,A01
201400049971,0,33,0,0.0,0.0,7.0,0.0,A01
201400049972,0,33,0,0.0,2.0,1.0,1.0,B01
201400049972,1,7,0,0.0,2.0,6.0,11.0,A01
201400049973,0,33,0,0.0,0.0,8.0,0.0,A01
201400049974,0,7,0,0.0,0.0,4.0,0.0,B01
201400049974,0,7,0,0.0,2.0,1.0,0.0,A01
201400049975,0,7,0,0.0,2.0,1.0,0.0,A01
201400049975,0,7,0,0.0,2.0,4.0,0.0,B01
201400049975,0,10,0,0.0,0.0,4.0,0.0,C01
201400049976,0,7,0,0.0,2.0,1.0,0.0,C01
201400049976,0,7,0,0.0,2.0,1.0,0.0,A01
201400049976,0,7,0,0.0,2.0,1.0,0.0,B01
201400049976,0,7,0,0.0,2.0,4.0,0.0,E01
201400049976,0,7,0,3.0,2.0,4.0,0.0,D01
201400049977,0,10,0,0.0,0.0,4.0,0.0,B01
201400049977,0,7,0,0.0,2.0,1.0,0.0,A01
201400049978,0,7,0,0.0,2.0,1.0,0.0,A01
201400049978,0,13,0,0.0,2.0,1.0,0.0,B01
201400049979,0,7,0,3.0,0.0,2.0,1.0,A01
201400049980,0,7,0,4.0,0.0,1.0,1.0,A01
201400049981,0,7,0,4.0,0.0,2.0,2.0,A01
201400049982,0,7,0,3.0,0.0,1.0,2.0,A01
201400049983,0,7,0,14.0,0.0,1.0,1.0,A01
201400049984,0,7,0,4.0,0.0,1.0,1.0,A01
201400049985,0,7,0,4.0,0.0,5.0,11.0,A01
201400049986,0,33,0,5.0,0.0,1.0,0.0,A01
201400049987,0,7,0,0.0,0.0,4.0,17.0,B01
201400049987,0,7,0,0.0,2.0,1.0,11.0,A01
201400049988,0,7,0,0.0,2.0,3.0,9.0,A01
201400049988,0,15,0,0.0,0.0,2.0,1.0,B01
201400049989,0,7,0,0.0,2.0,1.0,0.0,A01
201400049989,0,7,0,0.0,2.0,4.0,0.0,B01
201400049989,0,7,0,0.0,2.0,1.0,0.0,C01
201400049989,0,7,0,0.0,2.0,1.0,0.0,D01
201400049990,0,7,0,4.0,0.0,2.0,0.0,A01
201400049991,0,17,0,0.0,2.0,1.0,0.0,A01
201400049991,0,7,0,0.0,0.0,4.0,0.0,B01
201400049992,0,7,0,2.0,0.0,4.0,2.0,A01
201400049993,0,7,0,3.0,2.0,1.0,0.0,A01
201400049993,0,7,0,3.0,0.0,4.0,0.0,B01
201400049994,0,17,0,0.0,2.0,1.0,0.0,A01
201400049994,0,10,0,0.0,2.0,1.0,0.0,B01
201400049994,0,15,0,0.0,0.0,4.0,0.0,D01
201400049994,0,7,0,0.0,2.0,1.0,0.0,C01
201400049995,0,7,0,3.0,0.0,3.0,0.0,C01
201400049995,0,7,0,0.0,2.0,6.0,0.0,B01
201400049995,0,17,0,0.0,2.0,1.0,0.0,A01
201400049996,0,15,0,0.0,2.0,1.0,0.0,A01
201400049996,0,15,0,0.0,0.0,4.0,0.0,B01
201400049997,0,7,0,0.0,2.0,4.0,0.0,C01
201400049997,0,7,0,0.0,2.0,1.0,0.0,B01
201400049997,0,10,0,3.0,2.0,2.0,0.0,A01
201400049998,0,15,0,0.0,2.0,3.0,0.0,A01
201400049998,0,7,0,0.0,0.0,7.0,0.0,B01
201400049999,0,10,0,0.0,2.0,3.0,0.0,A01
201400049999,0,33,0,0.0,2.0,7.0,0.0,B01
201400050000,0,7,0,0.0,0.0,4.0,0.0,B01
201400050000,0,7,0,0.0,2.0,1.0,0.0,A01
201400050001,0,7,0,0.0,2.0,1.0,0.0,B01
201400050001,0,15,0,0.0,2.0,0.0,1.0,C01
201400050001,0,7,0,4.0,2.0,7.0,0.0,A01
201400050002,0,7,0,0.0,0.0,4.0,0.0,B01
201400050002,0,7,0,0.0,2.0,1.0,0.0,A01
201400050003,0,33,0,3.0,0.0,1.0,0.0,A01
201400050004,0,7,0,0.0,2.0,0.0,1.0,C01
201400050004,0,15,0,0.0,2.0,2.0,12.0,A01
201400050004,0,7,0,0.0,2.0,2.0,1.0,B01
201400050005,0,7,0,0.0,2.0,2.0,0.0,A01
201400050005,0,34,0,0.0,0.0,1.0,0.0,B01
201400050006,0,7,0,0.0,2.0,1.0,0.0,B01
201400050006,0,10,0,0.0,0.0,4.0,0.0,C01
201400050006,0,15,0,0.0,2.0,1.0,0.0,A01
201400050007,0,32,0,0.0,2.0,8.0,0.0,B01
201400050007,0,7,0,0.0,2.0,5.0,0.0,A01
201400050008,0,7,0,0.0,0.0,3.0,0.0,B01
201400050008,0,30,0,0.0,2.0,1.0,0.0,A01
201400050009,0,7,0,3.0,0.0,1.0,0.0,A01
201400050010,0,15,0,0.0,2.0,2.0,0.0,B01
201400050010,0,10,0,0.0,2.0,1.0,0.0,C01
201400050010,0,7,0,4.0,2.0,1.0,0.0,A01
201400050011,0,15,0,0.0,2.0,1.0,0.0,A01
201400050011,0,7,0,0.0,2.0,4.0,0.0,B01
201400050011,0,7,0,0.0,2.0,1.0,0.0,C01
201400050011,0,7,0,0.0,0.0,4.0,0.0,D01
201400050012,0,10,0,0.0,0.0,5.0,1.0,B01
201400050012,0,33,0,0.0,2.0,1.0,0.0,A01
201400050013,0,14,0,0.0,2.0,1.0,0.0,A01
201400050013,0,15,0,0.0,0.0,4.0,0.0,C01
201400050013,0,7,0,0.0,2.0,4.0,0.0,B01
201400050014,0,7,0,0.0,0.0,4.0,2.0,B01
201400050014,0,7,0,0.0,2.0,1.0,2.0,A01
201400050015,0,7,0,0.0,0.0,4.0,0.0,B01
201400050015,0,33,0,0.0,2.0,1.0,0.0,A01
201400050016,0,7,0,0.0,2.0,8.0,11.0,B01
201400050016,0,33,0,0.0,2.0,0.0,1.0,A01
201400050017,0,7,0,0.0,2.0,1.0,12.0,A01
201400050017,0,7,0,0.0,0.0,4.0,0.0,D01
201400050017,0,7,0,1.0,2.0,1.0,0.0,C01
201400050017,0,7,0,0.0,2.0,1.0,0.0,B01
201400050018,0,10,0,0.0,2.0,6.0,0.0,A01
201400050018,0,31,0,0.0,2.0,7.0,0.0,B01
201400050019,0,7,0,0.0,0.0,5.0,0.0,C01
201400050019,0,7,0,0.0,2.0,3.0,0.0,A01
201400050019,0,33,0,0.0,2.0,1.0,0.0,B01
201400050020,0,7,0,0.0,2.0,1.0,2.0,A01
201400050020,0,31,0,0.0,2.0,4.0,2.0,B01
201400050021,0,7,0,0.0,0.0,0.0,0.0,B01
201400050021,0,7,0,0.0,2.0,3.0,0.0,A01
201400050022,0,31,0,0.0,0.0,2.0,0.0,A01
201400050023,0,15,0,0.0,2.0,2.0,0.0,B01
201400050023,0,7,0,4.0,0.0,6.0,0.0,A01
201400050024,0,7,0,0.0,0.0,4.0,2.0,B01
201400050024,0,7,0,0.0,2.0,1.0,2.0,A01
201400050025,0,17,0,0.0,0.0,3.0,0.0,B01
201400050025,0,7,0,0.0,2.0,0.0,0.0,A01
201400050026,0,15,0,0.0,2.0,2.0,0.0,A01
201400050026,0,7,0,0.0,2.0,5.0,0.0,B01
201400050027,0,7,0,0.0,0.0,4.0,2.0,B01
201400050027,0,10,0,0.0,2.0,1.0,2.0,A01
201400050028,0,7,0,0.0,0.0,6.0,2.0,B01
201400050028,0,7,0,0.0,2.0,2.0,14.0,A01
201400050029,0,7,0,0.0,0.0,6.0,2.0,B01
201400050029,0,7,0,3.0,0.0,0.0,2.0,A01
201400050030,0,10,0,0.0,2.0,1.0,2.0,B01
201400050030,0,7,0,3.0,0.0,3.0,5.0,A01
201400050031,0,32,0,0.0,2.0,1.0,0.0,A01
201400050031,0,7,0,0.0,2.0,4.0,1.0,B01
201400050032,0,7,0,0.0,2.0,1.0,0.0,A01
201400050032,0,7,0,0.0,0.0,4.0,1.0,C01
201400050032,0,7,0,0.0,2.0,4.0,0.0,B01
201400050033,0,7,0,0.0,0.0,4.0,0.0,B01
201400050033,0,7,0,0.0,2.0,1.0,0.0,A01
201400050034,0,10,0,0.0,2.0,4.0,0.0,C01
201400050034,0,7,0,0.0,2.0,7.0,0.0,B01
201400050034,0,7,0,0.0,2.0,1.0,0.0,E02
201400050034,0,10,0,1.0,2.0,6.0,0.0,H01
201400050034,0,17,0,0.0,2.0,2.0,0.0,A01
201400050034,0,7,0,0.0,2.0,6.0,0.0,F02
201400050034,0,7,0,0.0,2.0,4.0,0.0,D02
201400050034,0,7,0,0.0,2.0,4.0,0.0,G02
201400050034,0,7,0,0.0,0.0,6.0,0.0,I01
201400050035,0,15,0,0.0,2.0,7.0,12.0,A01
201400050035,0,7,0,4.0,0.0,8.0,1.0,B01
201400050036,0,7,0,0.0,2.0,2.0,0.0,A01
201400050036,1,7,0,0.0,0.0,4.0,23.0,Z01
201400050036,0,7,0,0.0,2.0,1.0,0.0,B01
201400050037,0,7,0,0.0,0.0,5.0,0.0,B01
201400050037,0,7,0,0.0,2.0,1.0,0.0,A01
201400050038,0,7,0,4.0,0.0,1.0,0.0,A01
201400050039,0,7,0,0.0,0.0,4.0,2.0,B01
201400050039,0,10,0,0.0,2.0,1.0,0.0,A01
201400050040,0,34,0,0.0,0.0,8.0,0.0,A01
201400050040,0,7,0,0.0,0.0,0.0,11.0,B01
201400050041,0,7,0,0.0,0.0,4.0,0.0,C01
201400050041,0,7,0,0.0,2.0,1.0,0.0,A01
201400050041,0,7,0,0.0,2.0,4.0,0.0,B01
201400050042,0,7,0,0.0,0.0,6.0,2.0,A01
201400050043,0,7,0,0.0,2.0,1.0,0.0,A01
201400050043,0,7,0,0.0,2.0,4.0,0.0,B01
201400050043,0,7,0,0.0,0.0,4.0,0.0,D01
201400050043,0,7,0,0.0,2.0,4.0,0.0,C01
201400050044,0,7,0,0.0,0.0,5.0,0.0,C01
201400050044,0,7,0,0.0,2.0,3.0,0.0,A01
201400050044,0,33,0,0.0,2.0,7.0,0.0,B01
201400050045,0,7,0,0.0,2.0,1.0,0.0,A01
201400050045,0,7,0,0.0,0.0,4.0,0.0,B01
201400050046,0,7,0,0.0,0.0,4.0,2.0,C01
201400050046,0,7,0,0.0,2.0,1.0,2.0,A01
201400050046,0,7,0,0.0,2.0,4.0,2.0,B01
201400050047,0,33,0,0.0,0.0,0.0,1.0,A01
201400050048,0,15,0,4.0,2.0,1.0,0.0,B01
201400050048,0,7,0,14.0,0.0,7.0,0.0,C01
201400050048,0,7,0,0.0,2.0,1.0,0.0,A01
201400050049,0,7,0,0.0,2.0,1.0,0.0,A01
201400050049,0,7,0,0.0,0.0,4.0,0.0,B01
201400050050,0,7,0,0.0,0.0,4.0,0.0,B01
201400050050,0,7,0,4.0,2.0,1.0,0.0,A01
201400050051,0,7,0,3.0,0.0,3.0,1.0,A01
201400050052,0,7,0,0.0,2.0,1.0,0.0,D01
201400050052,0,7,0,0.0,0.0,1.0,0.0,C01
201400050052,0,7,0,0.0,0.0,4.0,0.0,E01
201400050052,0,7,0,4.0,2.0,3.0,0.0,A01
201400050052,0,7,0,0.0,0.0,0.0,0.0,B01
201400050053,0,7,0,0.0,2.0,4.0,0.0,B01
201400050053,0,10,0,0.0,2.0,1.0,1.0,A01
201400050053,0,7,0,0.0,0.0,4.0,0.0,C01
201400050054,0,7,0,0.0,2.0,1.0,0.0,B01
201400050054,0,7,0,4.0,2.0,1.0,0.0,A01
201400050055,0,33,0,0.0,0.0,0.0,0.0,A01
201400050055,0,7,0,0.0,0.0,0.0,0.0,B01
201400050056,0,7,0,0.0,0.0,4.0,1.0,C01
201400050056,0,7,0,0.0,2.0,4.0,1.0,B01
201400050056,0,7,0,0.0,2.0,1.0,1.0,A01
201400050057,0,7,0,4.0,0.0,1.0,0.0,A01
201400050058,0,7,0,0.0,0.0,1.0,0.0,B01
201400050058,0,7,0,3.0,0.0,1.0,0.0,A01
201400050059,0,7,0,0.0,2.0,1.0,0.0,A01
201400050059,0,7,0,0.0,0.0,4.0,0.0,C01
201400050059,0,7,0,0.0,2.0,4.0,0.0,B01
201400050060,0,7,0,4.0,0.0,0.0,0.0,A01
201400050061,0,7,0,0.0,2.0,1.0,0.0,A01
201400050061,0,10,0,0.0,0.0,6.0,0.0,B01
201400050062,0,7,0,4.0,2.0,3.0,5.0,A01
201400050062,0,7,0,0.0,0.0,3.0,0.0,B01
201400050063,0,7,0,3.0,0.0,1.0,0.0,A01
201400050064,0,7,0,0.0,2.0,1.0,0.0,A01
201400050064,0,7,0,0.0,0.0,6.0,0.0,B01
201400050065,0,7,0,0.0,2.0,1.0,0.0,A01
201400050065,0,7,0,0.0,0.0,4.0,0.0,B01
201400050066,0,7,0,4.0,0.0,8.0,0.0,A01
201400050066,1,17,0,0.0,2.0,0.0,0.0,Z01
201400050067,0,33,0,0.0,2.0,2.0,0.0,A01
201400050067,0,7,0,0.0,0.0,6.0,0.0,B01
201400050068,0,7,0,0.0,0.0,4.0,0.0,B01
201400050068,0,7,0,0.0,2.0,1.0,0.0,A01
201400050069,0,7,0,0.0,0.0,4.0,0.0,B01
201400050069,0,7,0,0.0,0.0,1.0,0.0,A01
201400050069,1,99,0,0.0,0.0,0.0,0.0,Z01
201400050070,0,34,0,4.0,0.0,8.0,0.0,A01
201400050071,0,7,0,0.0,0.0,4.0,0.0,B01
201400050071,0,7,0,0.0,2.0,1.0,0.0,A01
201400050072,0,7,0,0.0,2.0,4.0,0.0,B01
201400050072,0,7,0,4.0,2.0,1.0,0.0,A01
201400050072,0,7,0,0.0,2.0,1.0,0.0,C01
201400050073,0,7,0,0.0,0.0,4.0,0.0,A01
201400050073,0,10,0,0.0,0.0,0.0,0.0,C01
201400050073,0,7,0,0.0,2.0,4.0,2.0,B01
201400050074,0,7,0,4.0,0.0,1.0,0.0,A01
201400050075,0,7,0,0.0,2.0,4.0,2.0,B01
201400050075,0,7,0,0.0,0.0,4.0,2.0,C01
201400050075,0,7,0,0.0,2.0,1.0,1.0,A01
201400050076,0,33,0,7.0,0.0,1.0,1.0,A01
201400050077,0,7,0,0.0,2.0,3.0,0.0,Z01
201400050077,0,10,0,2.0,0.0,6.0,0.0,B01
201400050078,0,7,0,0.0,2.0,1.0,0.0,A01
201400050078,0,7,0,0.0,2.0,0.0,2.0,C01
201400050078,0,7,0,0.0,0.0,4.0,0.0,B01
201400050079,0,7,0,0.0,0.0,9.0,1.0,A01
201400050080,0,7,0,7.0,0.0,1.0,0.0,A01
201400050081,0,15,0,0.0,0.0,6.0,2.0,B01
201400050081,0,7,0,0.0,2.0,1.0,1.0,A01
201400050082,0,7,0,0.0,9.0,9.0,2.0,B01
201400050082,0,14,0,0.0,0.0,0.0,2.0,A01
201400050083,0,7,0,10.0,0.0,2.0,21.0,A01
201400050084,0,7,0,0.0,1.0,0.0,0.0,A01
201400050085,0,7,0,13.0,0.0,1.0,0.0,A01
201400050086,1,99,0,0.0,2.0,0.0,0.0,Z01
201400050086,0,7,0,4.0,0.0,4.0,0.0,A01
201400050087,0,10,0,3.0,0.0,3.0,0.0,B01
201400050087,0,7,0,0.0,2.0,2.0,0.0,A01
201400050088,0,2,0,0.0,2.0,3.0,1.0,B01
201400050088,0,7,0,0.0,2.0,1.0,15.0,A01
201400050089,0,32,0,8.0,0.0,1.0,1.0,A01
201400050090,0,7,0,0.0,2.0,3.0,15.0,A01
201400050090,0,30,0,0.0,2.0,1.0,8.0,B01
201400050091,0,7,0,0.0,1.0,7.0,1.0,A01
201400050092,0,7,0,0.0,1.0,7.0,15.0,A01
201400050093,0,7,0,1.0,2.0,1.0,2.0,A01
201400050093,0,7,0,1.0,2.0,5.0,1.0,B01
201400050094,0,7,0,0.0,1.0,1.0,1.0,A01
201400050095,0,1,0,0.0,2.0,1.0,1.0,B01
201400050095,0,7,0,0.0,2.0,2.0,16.0,A01
201400050096,1,7,0,0.0,1.0,0.0,0.0,Z01
201400050097,0,37,1,0.0,1.0,5.0,1.0,A01
201400050098,0,7,0,0.0,2.0,7.0,15.0,A01
201400050098,0,33,0,0.0,2.0,1.0,1.0,B01
201400050099,0,7,0,0.0,1.0,8.0,1.0,A01
201400050100,0,33,0,0.0,2.0,7.0,2.0,A01
201400050100,0,7,0,0.0,2.0,8.0,2.0,B01
201400050101,0,7,0,0.0,1.0,2.0,1.0,A01
201400050102,0,7,0,0.0,2.0,3.0,15.0,A01
201400050102,0,33,0,0.0,2.0,1.0,1.0,B01
201400050103,0,7,0,0.0,1.0,7.0,1.0,A01
201400050104,0,7,0,8.0,0.0,1.0,1.0,A01
201400050105,0,7,0,0.0,1.0,8.0,15.0,A01
201400050106,0,7,0,0.0,2.0,0.0,5.0,A01
201400050106,0,31,0,0.0,2.0,0.0,0.0,B01
201400050107,0,37,1,0.0,1.0,2.0,20.0,A01
201400050108,0,30,0,12.0,0.0,0.0,1.0,A01
201400050109,0,7,0,0.0,1.0,7.0,2.0,A01
201400050110,0,31,0,0.0,2.0,0.0,2.0,A01
201400050111,0,10,0,0.0,0.0,0.0,0.0,A01
201400050111,0,7,0,0.0,0.0,0.0,0.0,B01
201400050112,0,7,0,0.0,9.0,8.0,9.0,A01
201400050112,0,1,0,0.0,2.0,1.0,9.0,B01
201400050113,0,7,0,0.0,0.0,4.0,2.0,B01
201400050113,0,7,0,0.0,2.0,1.0,2.0,A01
201400050114,0,32,0,0.0,0.0,8.0,1.0,A01
201400050115,0,1,0,0.0,0.0,0.0,1.0,A01
201400050116,0,7,0,0.0,1.0,1.0,1.0,A01
201400050117,0,30,0,0.0,0.0,1.0,1.0,B01
201400050117,0,7,0,0.0,2.0,7.0,15.0,A01
201400050118,0,33,0,9.0,0.0,1.0,5.0,A01
201400050119,0,7,0,0.0,2.0,4.0,1.0,B01
201400050119,0,1,0,0.0,2.0,4.0,1.0,A01
201400050120,0,1,0,2.0,0.0,0.0,1.0,A01
201400050121,0,7,0,0.0,2.0,1.0,1.0,A01
201400050121,0,30,0,0.0,2.0,4.0,1.0,B01
201400050122,0,7,0,0.0,1.0,1.0,1.0,A01
201400050123,0,7,0,0.0,2.0,1.0,1.0,B01
201400050123,0,7,0,0.0,2.0,1.0,5.0,A01
201400050124,0,7,0,0.0,1.0,3.0,20.0,A01
201400050125,0,7,0,0.0,2.0,7.0,22.0,A01
201400050125,0,1,0,0.0,2.0,1.0,1.0,B01
201400050126,0,2,0,0.0,2.0,5.0,1.0,B01
201400050126,0,7,0,0.0,2.0,3.0,15.0,A01