Num_Acc,senc,catv,occutc,obs,obsm,choc,manv,num_veh
201400050127,0,32,0,0.0,9.0,0.0,1.0,A01
201400050128,0,7,0,0.0,2.0,7.0,1.0,B01
201400050128,0,7,0,0.0,2.0,1.0,1.0,A01
201400050129,0,7,0,0.0,2.0,1.0,14.0,A01
201400050129,0,7,0,0.0,2.0,5.0,1.0,B01
201400050130,0,7,0,9.0,1.0,2.0,7.0,A01
201400050131,0,7,0,0.0,1.0,1.0,1.0,A01
201400050132,0,7,0,0.0,1.0,2.0,1.0,A01
201400050133,0,7,0,0.0,1.0,1.0,1.0,A01
201400050134,0,10,0,0.0,1.0,1.0,1.0,A01
201400050135,0,7,0,0.0,2.0,2.0,15.0,A01
201400050135,0,30,0,0.0,2.0,2.0,1.0,B01
201400050136,0,31,0,0.0,2.0,3.0,1.0,B01
201400050136,0,7,0,0.0,2.0,2.0,15.0,A01
201400050137,0,30,0,0.0,1.0,2.0,1.0,A01
201400050138,0,30,0,0.0,2.0,7.0,1.0,B01
201400050138,0,7,0,0.0,2.0,8.0,15.0,A01
201400050139,0,7,0,15.0,0.0,1.0,1.0,A01
201400050140,0,30,0,0.0,1.0,1.0,17.0,A01
201400050141,0,7,0,0.0,1.0,2.0,1.0,A01
201400050142,0,7,0,0.0,0.0,4.0,23.0,A01
201400050142,0,7,0,0.0,2.0,4.0,23.0,B01
201400050142,0,7,0,0.0,2.0,4.0,23.0,C01
201400050142,0,7,0,0.0,2.0,1.0,12.0,D01
201400050143,0,7,0,0.0,0.0,4.0,2.0,A01
201400050143,0,33,0,0.0,2.0,1.0,2.0,B01
201400050144,0,17,0,0.0,2.0,2.0,12.0,A01
201400050144,0,7,0,3.0,0.0,6.0,1.0,B01
201400050145,0,10,0,6.0,0.0,5.0,1.0,A01
201400050145,0,7,0,0.0,2.0,6.0,1.0,B01
201400050145,0,7,0,0.0,2.0,2.0,12.0,C01
201400050146,0,10,0,4.0,0.0,2.0,14.0,A01
201400050147,0,7,0,0.0,2.0,8.0,1.0,A01
201400050147,0,17,0,0.0,2.0,2.0,12.0,B01
201400050147,0,7,0,0.0,0.0,7.0,1.0,C01
201400050147,0,7,0,0.0,0.0,0.0,1.0,T01
201400050148,0,7,0,0.0,2.0,6.0,11.0,A01
201400050148,0,7,0,0.0,2.0,8.0,12.0,B01
201400050149,0,32,0,4.0,0.0,2.0,0.0,A01
201400050150,0,10,0,3.0,0.0,7.0,1.0,A01
201400050150,0,7,0,3.0,2.0,1.0,16.0,B01
201400050151,0,7,0,3.0,0.0,2.0,1.0,A01
201400050152,0,7,0,0.0,1.0,1.0,1.0,A01
201400050153,0,38,35,0.0,0.0,4.0,1.0,A01
201400050153,0,7,0,0.0,2.0,5.0,2.0,B01
201400050153,0,14,0,0.0,2.0,3.0,2.0,C01
201400050154,0,7,0,3.0,0.0,6.0,1.0,A01
201400050154,0,17,0,0.0,2.0,2.0,12.0,B01
201400050155,0,7,0,0.0,2.0,2.0,1.0,A01
201400050155,1,15,0,0.0,2.0,2.0,0.0,Z01
201400050156,0,7,0,0.0,0.0,4.0,2.0,A01
201400050156,0,7,0,0.0,2.0,1.0,2.0,B01
201400050156,0,7,0,0.0,2.0,1.0,2.0,C01
201400050157,0,7,0,3.0,2.0,3.0,1.0,A01
201400050157,0,10,0,0.0,0.0,8.0,1.0,B01
201400050157,1,17,0,0.0,2.0,7.0,12.0,Z01
201400050158,0,7,0,0.0,1.0,8.0,21.0,B01
201400050159,0,7,0,0.0,0.0,6.0,1.0,A01
201400050159,0,14,0,0.0,2.0,2.0,12.0,B01
201400050159,0,7,0,0.0,2.0,1.0,1.0,C01
201400050159,0,33,0,0.0,0.0,8.0,21.0,D01
201400050160,0,7,0,6.0,0.0,1.0,0.0,A01
201400050161,0,7,0,0.0,2.0,4.0,2.0,A01
201400050161,0,10,0,0.0,2.0,1.0,2.0,B01
201400050161,0,10,0,0.0,2.0,6.0,2.0,C01
201400050161,0,10,0,0.0,2.0,4.0,2.0,D01
201400050161,0,7,0,0.0,2.0,2.0,2.0,E01
201400050162,1,7,0,0.0,2.0,1.0,2.0,A01
201400050162,0,7,0,0.0,0.0,4.0,1.0,B01
201400050163,0,10,0,0.0,2.0,2.0,2.0,D01
201400050163,0,7,0,0.0,2.0,4.0,2.0,B01
201400050163,0,7,0,0.0,0.0,4.0,23.0,C01
201400050163,0,7,0,0.0,2.0,1.0,2.0,A01
201400050164,0,7,0,0.0,9.0,0.0,17.0,C01
201400050164,0,7,0,3.0,2.0,1.0,2.0,A01
201400050164,0,7,0,0.0,0.0,4.0,2.0,B01
201400050165,0,33,0,3.0,0.0,4.0,16.0,A01
201400050165,0,7,0,0.0,2.0,3.0,21.0,B01
201400050166,0,7,0,0.0,0.0,4.0,2.0,B01
201400050166,0,14,0,0.0,2.0,1.0,2.0,A01
201400050167,0,7,0,3.0,0.0,2.0,0.0,A01
201400050167,1,10,0,0.0,0.0,0.0,17.0,Z01
201400050168,0,10,0,0.0,2.0,3.0,12.0,A01
201400050168,0,17,0,0.0,2.0,5.0,11.0,B01
201400050169,0,7,0,13.0,0.0,1.0,1.0,A01
201400050170,0,7,0,0.0,2.0,1.0,5.0,A01
201400050170,0,7,0,0.0,2.0,8.0,1.0,C01
201400050170,0,7,0,0.0,2.0,1.0,1.0,D01
201400050170,0,7,0,0.0,2.0,8.0,21.0,B01
201400050171,0,7,0,0.0,2.0,6.0,0.0,B01
201400050171,0,17,0,0.0,2.0,2.0,12.0,A01
201400050172,0,33,0,3.0,0.0,8.0,1.0,A01
201400050173,0,33,0,0.0,0.0,4.0,2.0,B01
201400050173,0,33,0,0.0,2.0,1.0,2.0,A01
201400050173,1,7,0,0.0,0.0,0.0,17.0,Z01
201400050174,0,7,0,0.0,2.0,1.0,1.0,A01
201400050174,0,7,0,0.0,2.0,4.0,2.0,C01
201400050174,0,7,0,0.0,2.0,4.0,2.0,B01
201400050175,0,14,0,3.0,0.0,2.0,1.0,A01
201400050176,0,13,0,0.0,2.0,2.0,12.0,A01
201400050176,0,10,0,13.0,2.0,3.0,1.0,B01
201400050177,0,33,0,3.0,2.0,1.0,1.0,A01
201400050177,0,7,0,0.0,2.0,6.0,0.0,B01
201400050178,0,7,0,0.0,2.0,4.0,2.0,B01
201400050178,0,7,0,0.0,2.0,1.0,2.0,A01
201400050179,0,7,0,0.0,2.0,4.0,2.0,C01
201400050179,0,7,0,0.0,2.0,4.0,2.0,B01
201400050179,0,7,0,0.0,2.0,1.0,1.0,A01
201400050180,0,7,0,0.0,2.0,1.0,1.0,A01
201400050180,0,7,0,0.0,2.0,4.0,2.0,B01
201400050181,0,17,0,0.0,2.0,3.0,2.0,B01
201400050181,0,7,0,0.0,2.0,3.0,2.0,A01
201400050182,0,15,0,0.0,1.0,2.0,2.0,A01
201400050182,2,7,0,3.0,0.0,2.0,2.0,B01
201400050183,0,14,0,6.0,0.0,1.0,1.0,A01
201400050184,0,7,0,0.0,0.0,8.0,1.0,B01
201400050184,1,15,0,0.0,2.0,5.0,12.0,A01
201400050185,0,33,0,3.0,0.0,1.0,1.0,A01
201400050186,0,7,0,0.0,2.0,1.0,11.0,B01
201400050186,0,7,0,0.0,2.0,1.0,5.0,A01
201400050187,0,7,0,3.0,0.0,7.0,1.0,A01
201400050188,0,7,0,0.0,2.0,1.0,0.0,D01
201400050188,0,7,0,0.0,2.0,1.0,0.0,B01
201400050188,0,7,0,0.0,2.0,1.0,5.0,A01
201400050188,0,7,0,0.0,2.0,1.0,0.0,C01
201400050189,0,14,0,0.0,0.0,5.0,23.0,B01
201400050189,0,7,0,1.0,0.0,3.0,13.0,A01
201400050190,0,7,0,4.0,2.0,2.0,14.0,A01
201400050190,0,7,0,3.0,0.0,6.0,1.0,B01
201400050191,0,7,0,4.0,0.0,1.0,1.0,A01
201400050192,0,15,0,0.0,0.0,7.0,1.0,B01
201400050192,0,33,0,0.0,2.0,8.0,3.0,A01
201400050193,0,33,0,0.0,2.0,3.0,3.0,B01
201400050193,0,7,0,0.0,2.0,2.0,12.0,A01
201400050194,0,33,0,4.0,0.0,3.0,1.0,A01
201400050195,0,7,0,0.0,0.0,4.0,2.0,B01
201400050195,0,7,0,13.0,2.0,1.0,2.0,A01
201400050196,0,33,0,0.0,0.0,4.0,2.0,B01
201400050196,0,33,0,0.0,2.0,1.0,2.0,A01
201400050197,0,7,0,0.0,2.0,1.0,2.0,A01
201400050197,0,99,0,0.0,0.0,4.0,2.0,B01
201400050198,0,7,0,3.0,2.0,2.0,17.0,A01
201400050198,0,7,0,3.0,0.0,6.0,1.0,B01
201400050199,0,7,0,4.0,0.0,9.0,13.0,A01
201400050200,0,33,0,0.0,0.0,8.0,17.0,A01
201400050201,0,7,0,0.0,2.0,7.0,12.0,B01
201400050201,0,33,0,0.0,2.0,8.0,14.0,A01
201400050201,0,10,0,0.0,0.0,4.0,1.0,C01
201400050202,0,7,0,0.0,2.0,1.0,2.0,A01
201400050202,0,7,0,3.0,0.0,4.0,2.0,B01
201400050203,0,33,0,0.0,2.0,1.0,2.0,A01
201400050203,0,7,0,0.0,0.0,4.0,2.0,B01
201400050204,0,15,0,0.0,2.0,3.0,1.0,B01
201400050204,0,7,0,4.0,2.0,1.0,1.0,A01
201400050205,1,14,0,0.0,1.0,1.0,1.0,A01
201400050206,0,7,0,0.0,0.0,6.0,23.0,B01
201400050206,0,33,0,0.0,2.0,6.0,2.0,A01
201400050207,0,7,0,0.0,2.0,1.0,2.0,A01
201400050207,0,7,0,0.0,2.0,4.0,23.0,E01
201400050207,0,7,0,0.0,2.0,4.0,23.0,D01
201400050207,0,7,0,0.0,2.0,4.0,23.0,B01
201400050207,0,7,0,0.0,2.0,4.0,23.0,C01
201400050208,0,15,0,4.0,0.0,1.0,1.0,A01
201400050209,0,7,0,0.0,9.0,8.0,1.0,C01
201400050209,0,15,0,4.0,2.0,2.0,0.0,A01
201400050209,0,7,0,4.0,2.0,7.0,1.0,B01
201400050210,0,7,0,0.0,2.0,1.0,2.0,A01
201400050210,0,7,0,0.0,2.0,4.0,2.0,C01
201400050210,0,7,0,0.0,2.0,4.0,2.0,B01
201400050210,0,7,0,0.0,0.0,4.0,2.0,D01
201400050211,0,7,0,3.0,0.0,2.0,1.0,A01
201400050211,0,7,0,14.0,2.0,2.0,1.0,C01
201400050211,0,10,0,3.0,0.0,2.0,1.0,B01
201400050212,0,7,0,0.0,0.0,4.0,23.0,B01
201400050212,0,7,0,0.0,2.0,1.0,2.0,A01
201400050213,0,7,0,0.0,1.0,3.0,15.0,A01
201400050214,0,7,0,0.0,4.0,8.0,15.0,A01
201400050214,0,40,35,0.0,2.0,2.0,1.0,B01
201400050215,0,7,0,0.0,1.0,2.0,1.0,A01
201400050216,0,7,0,0.0,2.0,2.0,15.0,A01
201400050216,0,7,0,0.0,2.0,2.0,1.0,B01
201400050217,0,7,0,0.0,2.0,2.0,1.0,A01
201400050217,0,30,0,0.0,2.0,7.0,1.0,B01
201400050218,0,7,0,0.0,4.0,8.0,15.0,A01
201400050218,0,40,50,0.0,2.0,2.0,1.0,B01
201400050219,0,7,0,0.0,2.0,7.0,1.0,B01
201400050219,0,7,0,0.0,2.0,1.0,1.0,A01
201400050220,0,37,45,0.0,1.0,2.0,1.0,A01
201400050221,0,7,0,0.0,2.0,3.0,1.0,B01
201400050221,0,7,0,0.0,2.0,3.0,15.0,A01
201400050222,0,7,0,0.0,2.0,0.0,19.0,A01
201400050222,0,1,0,0.0,2.0,0.0,1.0,B01
201400050223,0,7,0,0.0,1.0,3.0,2.0,A01
201400050224,0,7,0,0.0,1.0,3.0,15.0,A01
201400050225,0,1,0,0.0,2.0,8.0,19.0,B01
201400050225,0,32,0,0.0,2.0,1.0,21.0,A01
201400050226,0,7,0,0.0,2.0,3.0,13.0,A01
201400050226,0,31,0,0.0,2.0,1.0,1.0,B01
201400050227,1,7,0,0.0,1.0,4.0,4.0,Z01
201400050228,0,7,0,0.0,1.0,2.0,1.0,A01
201400050229,0,7,0,0.0,2.0,4.0,2.0,B01
201400050229,0,33,0,0.0,2.0,1.0,2.0,A01
201400050230,0,33,0,0.0,2.0,8.0,1.0,B01
201400050230,0,7,0,0.0,2.0,1.0,15.0,A01
201400050231,0,7,0,0.0,2.0,6.0,15.0,A01
201400050231,0,30,0,0.0,2.0,0.0,2.0,B01
201400050232,0,40,50,0.0,4.0,2.0,1.0,B01
201400050232,0,7,0,0.0,4.0,3.0,15.0,A01
201400050233,0,7,0,0.0,2.0,1.0,1.0,A01
201400050233,0,7,0,0.0,2.0,4.0,23.0,B01
201400050233,0,7,0,0.0,0.0,4.0,23.0,C01
201400050234,0,7,0,0.0,2.0,1.0,1.0,B01
201400050234,0,10,0,0.0,0.0,7.0,1.0,A01
201400050235,0,7,0,0.0,2.0,3.0,15.0,B01
201400050235,0,33,0,0.0,2.0,7.0,7.0,A01
201400050236,0,7,0,0.0,1.0,8.0,1.0,A01
201400050237,1,7,0,0.0,1.0,1.0,1.0,Z01
201400050238,0,30,0,0.0,1.0,1.0,2.0,A01
201400050239,0,7,0,0.0,1.0,1.0,19.0,A01
201400050239,0,7,0,0.0,0.0,0.0,0.0,B01
201400050240,0,7,0,0.0,2.0,0.0,15.0,A01
201400050240,0,32,0,0.0,2.0,7.0,1.0,B01
201400050241,0,7,0,0.0,2.0,5.0,4.0,A01
201400050241,0,33,0,0.0,2.0,1.0,1.0,B01
201400050242,0,7,0,0.0,1.0,0.0,23.0,A01
201400050243,0,7,0,0.0,2.0,7.0,8.0,B01
201400050243,0,7,0,0.0,2.0,1.0,5.0,A01
201400050244,0,7,0,0.0,2.0,6.0,4.0,A01
201400050244,0,7,0,0.0,2.0,2.0,1.0,B01
201400050245,0,7,0,0.0,2.0,7.0,1.0,A01
201400050245,0,7,0,0.0,2.0,1.0,1.0,B01
201400050246,0,7,0,0.0,2.0,3.0,1.0,B01
201400050246,0,32,0,0.0,0.0,2.0,1.0,A01
201400050247,0,7,0,0.0,1.0,1.0,12.0,A01
201400050248,0,34,0,0.0,2.0,4.0,2.0,B01
201400050248,0,7,0,0.0,2.0,1.0,2.0,A01
201400050249,0,1,0,0.0,1.0,1.0,15.0,A01
201400050250,0,7,0,0.0,2.0,1.0,1.0,B01
201400050250,1,31,0,0.0,2.0,1.0,5.0,Z01
201400050251,0,7,0,0.0,2.0,1.0,15.0,A01
201400050251,0,32,0,0.0,2.0,1.0,1.0,B01
201400050252,0,33,0,0.0,1.0,2.0,21.0,A01
201400050253,0,7,0,0.0,2.0,1.0,0.0,A01
201400050253,0,7,0,0.0,0.0,4.0,1.0,B01
201400050254,0,31,0,0.0,2.0,3.0,2.0,A01
201400050254,0,7,0,0.0,2.0,5.0,16.0,B01
201400050255,1,7,0,0.0,2.0,1.0,2.0,A01
201400050255,0,32,0,0.0,2.0,4.0,1.0,B01
201400050256,0,33,0,0.0,2.0,1.0,1.0,B01
201400050256,0,7,0,0.0,2.0,6.0,11.0,A01
201400050257,0,10,0,0.0,2.0,3.0,2.0,A01
201400050257,0,1,0,0.0,2.0,4.0,2.0,B01
201400050258,0,7,0,0.0,1.0,3.0,15.0,A01
201400050259,0,7,0,0.0,2.0,5.0,15.0,A01
201400050259,0,33,0,0.0,2.0,1.0,1.0,B01
201400050260,0,33,0,0.0,2.0,1.0,1.0,A01
201400050260,0,7,0,0.0,2.0,4.0,15.0,B01
201400050261,0,1,0,0.0,2.0,1.0,5.0,A01
201400050261,0,1,0,0.0,2.0,1.0,1.0,B01
201400050262,0,7,0,0.0,2.0,1.0,2.0,B01
201400050262,0,7,0,0.0,2.0,4.0,20.0,A01
201400050263,0,31,0,0.0,2.0,8.0,2.0,A01
201400050263,0,7,0,0.0,2.0,1.0,15.0,B01
201400050264,0,7,0,0.0,2.0,3.0,1.0,A01
201400050264,0,31,0,0.0,2.0,1.0,2.0,B01
201400050265,0,1,0,0.0,2.0,1.0,19.0,B01
201400050265,0,7,0,0.0,2.0,3.0,1.0,A01
201400050266,2,7,0,0.0,0.0,1.0,1.0,A01
201400050266,0,10,0,0.0,2.0,7.0,1.0,B01
201400050267,0,33,0,0.0,2.0,1.0,1.0,B01
201400050267,0,7,0,0.0,2.0,5.0,15.0,A01
201400050268,0,7,0,0.0,2.0,1.0,15.0,A01
201400050268,0,33,0,0.0,2.0,1.0,1.0,B01
201400050269,0,7,0,0.0,2.0,0.0,15.0,A01
201400050269,0,7,0,0.0,2.0,0.0,1.0,B01
201400050270,0,7,0,0.0,2.0,1.0,1.0,A01
201400050270,0,7,0,0.0,2.0,4.0,23.0,B01
201400050271,0,33,0,0.0,2.0,1.0,18.0,B01
201400050271,0,7,0,0.0,2.0,2.0,15.0,A01
201400050272,0,7,0,0.0,2.0,8.0,15.0,B01
201400050272,0,32,0,0.0,2.0,7.0,1.0,A01
201400050273,0,7,0,0.0,2.0,4.0,4.0,A01
201400050273,0,30,0,0.0,2.0,1.0,0.0,B01
201400050274,0,7,0,0.0,1.0,0.0,1.0,A01
201400050275,0,7,0,0.0,4.0,6.0,1.0,A01
201400050275,0,40,45,0.0,2.0,1.0,1.0,B01
201400050276,0,7,0,0.0,2.0,1.0,2.0,A01
201400050276,0,7,0,0.0,2.0,4.0,1.0,B01
201400050277,0,7,0,0.0,2.0,2.0,15.0,A01
201400050277,0,31,0,0.0,2.0,1.0,10.0,B01
201400050278,0,7,0,0.0,2.0,2.0,1.0,B01
201400050278,0,7,0,0.0,2.0,3.0,9.0,A01
201400050279,0,33,0,0.0,2.0,7.0,2.0,B01
201400050279,0,7,0,0.0,9.0,0.0,14.0,A01
201400050280,0,2,0,0.0,4.0,0.0,15.0,A01
201400050280,0,40,50,0.0,2.0,0.0,2.0,B01
201400050281,0,7,0,0.0,2.0,3.0,16.0,B01
201400050281,0,33,0,0.0,2.0,7.0,14.0,A01
201400050282,0,7,0,12.0,0.0,1.0,13.0,A01
201400050283,0,7,0,0.0,1.0,3.0,15.0,A01
201400050284,0,7,0,0.0,2.0,2.0,15.0,A01
201400050284,0,30,0,0.0,2.0,8.0,1.0,B01
201400050285,0,33,0,0.0,2.0,1.0,4.0,B01
201400050285,0,10,0,0.0,2.0,7.0,15.0,A01
201400050286,0,7,0,0.0,1.0,4.0,4.0,A01
201400050287,0,7,0,0.0,2.0,2.0,12.0,A01
201400050287,0,7,0,0.0,2.0,3.0,1.0,B01
201400050288,0,33,0,0.0,2.0,0.0,1.0,B01
201400050288,0,7,0,0.0,2.0,8.0,11.0,A01
201400050289,1,10,0,0.0,1.0,1.0,15.0,Z01
201400050290,1,7,0,0.0,1.0,0.0,15.0,Z01
201400050291,0,7,0,0.0,2.0,4.0,0.0,B01
201400050291,0,7,0,0.0,2.0,4.0,0.0,C01
201400050291,0,7,0,1.0,0.0,0.0,0.0,A01
201400050292,1,7,0,0.0,1.0,1.0,1.0,Z01
201400050293,0,10,0,0.0,1.0,3.0,1.0,A01
201400050294,0,7,0,0.0,1.0,6.0,20.0,A01
201400050295,0,7,0,0.0,1.0,1.0,15.0,A01
201400050296,0,7,0,0.0,2.0,1.0,12.0,A01
201400050296,0,7,0,0.0,2.0,4.0,2.0,B01
201400050296,0,7,0,0.0,0.0,4.0,2.0,C01
201400050297,0,7,0,0.0,2.0,1.0,15.0,A01
201400050297,0,30,0,0.0,2.0,3.0,1.0,B01
201400050298,0,1,0,0.0,4.0,7.0,14.0,A01
201400050298,0,40,50,0.0,2.0,3.0,1.0,B01
201400050299,0,7,0,0.0,1.0,3.0,1.0,A01
201400050300,0,7,0,0.0,2.0,3.0,2.0,B01
201400050300,0,33,0,0.0,2.0,2.0,2.0,A01
201400050301,0,10,0,6.0,0.0,1.0,13.0,A01
201400050302,0,7,0,0.0,0.0,0.0,21.0,A01
201400050302,1,7,0,,0.0,0.0,1.0,Z01
201400050303,0,30,0,0.0,2.0,1.0,1.0,A01
201400050303,0,7,0,0.0,2.0,3.0,0.0,B01
201400050304,0,7,0,0.0,2.0,2.0,1.0,A01
201400050304,0,31,0,0.0,2.0,8.0,1.0,B01
201400050305,0,1,0,0.0,2.0,6.0,1.0,B01
201400050305,0,40,50,0.0,2.0,2.0,1.0,A01
201400050306,0,7,0,12.0,0.0,0.0,1.0,A01
201400050307,0,7,0,0.0,2.0,1.0,19.0,A01
201400050307,0,7,0,0.0,2.0,3.0,1.0,B01
201400050308,0,7,0,0.0,2.0,2.0,1.0,A01
201400050308,0,7,0,0.0,2.0,6.0,2.0,B01
201400050308,0,7,0,0.0,2.0,7.0,2.0,C01
201400050309,0,7,0,0.0,2.0,1.0,2.0,A01
201400050309,0,7,0,0.0,2.0,4.0,23.0,B01
201400050310,0,7,0,0.0,2.0,1.0,1.0,B01
201400050310,0,7,0,1.0,2.0,8.0,19.0,A01
201400050311,0,7,0,0.0,2.0,1.0,1.0,A01
201400050311,0,7,0,0.0,0.0,4.0,1.0,B01
201400050312,0,7,0,0.0,2.0,1.0,1.0,B01
201400050312,0,7,0,0.0,2.0,2.0,15.0,A01
201400050313,0,7,0,0.0,1.0,1.0,15.0,A01
201400050314,0,7,0,0.0,2.0,1.0,1.0,A01
201400050314,0,7,0,0.0,2.0,4.0,1.0,C01
201400050314,0,7,0,0.0,2.0,1.0,1.0,B01
201400050315,0,7,0,0.0,1.0,2.0,1.0,A01
201400050316,0,33,0,0.0,2.0,1.0,1.0,B01
201400050316,0,7,0,0.0,2.0,2.0,15.0,A01
201400050317,0,7,0,0.0,2.0,3.0,1.0,B01
201400050317,0,33,0,0.0,9.0,0.0,1.0,C01
201400050317,0,7,0,0.0,2.0,1.0,15.0,A01
201400050318,0,7,0,0.0,2.0,4.0,2.0,B01
201400050318,0,7,0,0.0,2.0,1.0,2.0,A01
201400050318,0,33,0,0.0,2.0,4.0,23.0,C01
201400050319,0,7,0,0.0,2.0,8.0,1.0,B01
201400050319,0,7,0,0.0,2.0,1.0,1.0,A01
201400050320,0,40,50,0.0,1.0,1.0,2.0,A01
201400050321,0,7,0,0.0,2.0,3.0,1.0,B01
201400050321,0,7,0,0.0,2.0,2.0,1.0,A01
201400050322,1,7,0,0.0,1.0,1.0,0.0,Z01
201400050323,0,30,0,0.0,2.0,4.0,2.0,B01
201400050323,1,10,0,0.0,2.0,1.0,2.0,Z01
201400050324,0,7,0,0.0,2.0,6.0,1.0,B01
201400050324,0,7,0,0.0,2.0,2.0,2.0,A01
201400050325,0,7,0,0.0,2.0,4.0,2.0,C01
201400050325,0,7,0,0.0,2.0,4.0,2.0,B01
201400050325,0,7,0,0.0,2.0,1.0,2.0,A01
201400050325,0,7,0,0.0,0.0,4.0,2.0,D01
201400050326,0,7,0,0.0,1.0,5.0,1.0,A01
201400050327,0,40,10,0.0,1.0,7.0,1.0,A01
201400050328,0,7,0,0.0,2.0,3.0,1.0,B01
201400050328,0,1,0,0.0,2.0,7.0,19.0,A01
201400050329,0,33,0,0.0,0.0,8.0,1.0,B01
201400050329,0,7,0,0.0,0.0,0.0,12.0,A01
201400050330,0,7,0,0.0,2.0,3.0,1.0,A01
201400050330,0,7,0,0.0,2.0,2.0,1.0,B01
201400050331,0,30,0,0.0,2.0,1.0,1.0,B01
201400050331,0,7,0,0.0,2.0,3.0,15.0,A01
201400050332,0,7,0,0.0,2.0,1.0,0.0,B01
201400050332,0,7,0,0.0,2.0,2.0,0.0,A01
201400050333,0,7,0,0.0,2.0,1.0,15.0,A01
201400050333,0,30,0,0.0,2.0,1.0,1.0,B01
201400050334,0,7,0,0.0,2.0,1.0,1.0,C01
201400050334,0,7,0,0.0,2.0,2.0,1.0,B01
201400050334,0,7,0,0.0,2.0,1.0,1.0,A01
201400050335,0,1,0,0.0,2.0,1.0,19.0,B01
201400050335,0,10,0,0.0,2.0,2.0,16.0,A01
201400050336,0,7,0,0.0,1.0,1.0,15.0,A01
201400050337,0,7,0,0.0,1.0,3.0,1.0,A01
201400050338,0,1,0,0.0,2.0,1.0,1.0,B01
201400050338,0,7,0,0.0,2.0,7.0,20.0,A01
201400050339,0,7,0,0.0,0.0,1.0,11.0,A01
201400050339,0,7,0,0.0,0.0,4.0,12.0,B01
201400050340,0,7,0,0.0,2.0,1.0,1.0,B01
201400050340,0,1,0,0.0,2.0,7.0,1.0,A01
201400050341,0,37,2,0.0,2.0,2.0,7.0,A01
201400050341,0,1,0,0.0,2.0,8.0,7.0,B01
201400050342,0,7,0,0.0,0.0,1.0,1.0,A01
201400050343,0,7,0,0.0,4.0,3.0,15.0,B01
201400050343,0,40,25,0.0,2.0,2.0,0.0,A01
201400050344,0,20,0,0.0,2.0,3.0,10.0,A01
201400050344,0,32,0,0.0,2.0,1.0,1.0,B01
201400050345,0,7,0,0.0,1.0,7.0,16.0,A01
201400050346,0,7,0,0.0,2.0,0.0,1.0,A01
201400050346,0,30,0,0.0,2.0,0.0,21.0,B01
201400050347,0,7,0,0.0,1.0,3.0,7.0,A01
201400050348,0,7,0,0.0,1.0,2.0,1.0,A01
201400050349,0,7,0,0.0,2.0,2.0,15.0,A01
201400050349,0,30,0,0.0,2.0,1.0,1.0,B01
201400050350,0,7,0,0.0,2.0,1.0,15.0,A01
201400050350,0,31,0,0.0,2.0,1.0,1.0,B01
201400050351,0,14,0,0.0,2.0,2.0,2.0,A01
201400050351,0,7,0,0.0,2.0,4.0,1.0,B01
201400050351,0,7,0,0.0,2.0,4.0,2.0,C01
201400050352,0,7,0,0.0,2.0,2.0,1.0,B01
201400050352,0,7,0,0.0,2.0,8.0,15.0,A01
201400050353,0,7,0,0.0,2.0,1.0,13.0,A01
201400050353,0,7,0,0.0,2.0,3.0,1.0,B01
201400050354,1,99,0,1.0,1.0,1.0,1.0,Z01
201400050355,0,7,0,0.0,1.0,1.0,16.0,A01
201400050356,0,7,0,0.0,2.0,3.0,24.0,A01
201400050356,0,1,0,1.0,0.0,1.0,1.0,B01
201400050357,0,30,0,1.0,2.0,7.0,1.0,B01
201400050357,1,99,0,0.0,2.0,1.0,1.0,Z01
201400050358,0,30,0,0.0,0.0,7.0,1.0,A01
201400050359,0,7,0,0.0,1.0,2.0,1.0,A01
201400050360,0,99,0,0.0,2.0,1.0,10.0,A01
201400050360,0,7,0,0.0,0.0,3.0,1.0,B01
201400050361,0,7,0,0.0,2.0,7.0,1.0,B01
201400050361,0,7,0,0.0,2.0,6.0,1.0,A01
201400050362,0,7,0,0.0,0.0,4.0,1.0,B01
201400050362,0,7,0,0.0,2.0,1.0,1.0,A01
201400050363,0,7,0,4.0,0.0,1.0,1.0,A01
201400050364,1,2,0,0.0,1.0,0.0,0.0,Z01
201400050365,0,7,0,0.0,2.0,7.0,1.0,A01
201400050365,0,7,0,0.0,2.0,1.0,16.0,B01
201400050366,0,7,0,0.0,1.0,3.0,1.0,A01
201400050367,0,7,0,0.0,4.0,7.0,19.0,A01
201400050367,0,40,52,0.0,2.0,1.0,1.0,B01
201400050368,0,10,0,0.0,1.0,4.0,4.0,A01
201400050369,0,30,0,0.0,2.0,1.0,18.0,A01
201400050369,0,7,0,0.0,2.0,3.0,16.0,B01
201400050370,1,7,0,0.0,1.0,1.0,1.0,Z01
201400050371,0,7,0,0.0,2.0,2.0,14.0,A01
201400050371,0,34,0,0.0,2.0,8.0,2.0,B01
201400050372,0,7,0,0.0,1.0,2.0,1.0,A01
201400050373,0,7,0,0.0,1.0,3.0,2.0,A01
201400050374,0,7,0,0.0,1.0,1.0,1.0,A01
201400050375,0,7,0,0.0,2.0,1.0,1.0,A01
201400050375,0,1,0,0.0,2.0,4.0,2.0,B01
201400050376,0,7,0,0.0,2.0,3.0,13.0,A01
201400050376,0,7,0,0.0,2.0,8.0,14.0,B01
201400050376,0,7,0,0.0,2.0,1.0,1.0,C01
201400050377,0,7,0,0.0,1.0,0.0,1.0,A01
201400050378,0,7,0,0.0,2.0,1.0,2.0,A01