Num_Acc,senc,catv,occutc,obs,obsm,choc,manv,num_veh
201400050378,0,7,0,0.0,2.0,4.0,1.0,B01
201400050379,0,7,0,0.0,2.0,4.0,1.0,B01
201400050379,0,7,0,0.0,2.0,1.0,2.0,A01
201400050380,0,7,0,0.0,1.0,2.0,1.0,A01
201400050381,0,37,25,0.0,1.0,2.0,0.0,A01
201400050382,0,33,0,0.0,2.0,1.0,1.0,B01
201400050382,0,7,0,0.0,2.0,3.0,15.0,A01
201400050383,0,7,0,0.0,1.0,1.0,16.0,A01
201400050384,0,10,0,0.0,1.0,2.0,1.0,A01
201400050385,0,7,0,0.0,2.0,5.0,15.0,C01
201400050385,0,7,0,0.0,2.0,3.0,1.0,B01
201400050385,0,32,0,0.0,2.0,1.0,15.0,A01
201400050386,0,7,0,0.0,1.0,1.0,1.0,A01
201400050387,0,10,0,0.0,1.0,2.0,1.0,A01
201400050388,1,99,0,0.0,1.0,4.0,4.0,Z01
201400050389,0,7,0,0.0,2.0,8.0,15.0,B01
201400050389,0,30,0,0.0,2.0,1.0,17.0,A01
201400050390,0,7,0,9.0,0.0,3.0,2.0,A01
201400050391,0,1,0,0.0,2.0,8.0,19.0,A01
201400050391,0,7,0,0.0,2.0,8.0,4.0,B01
201400050392,0,7,0,0.0,1.0,8.0,1.0,A01
201400050393,0,7,0,0.0,1.0,2.0,1.0,A01
201400050394,1,7,0,0.0,0.0,0.0,15.0,Z01
201400050394,0,7,0,0.0,2.0,6.0,1.0,C01
201400050394,0,2,0,0.0,2.0,1.0,2.0,B01
201400050395,1,7,0,0.0,2.0,1.0,15.0,Z01
201400050395,0,7,0,0.0,2.0,3.0,1.0,B01
201400050396,0,1,0,0.0,2.0,3.0,13.0,A01
201400050396,1,7,0,0.0,2.0,1.0,2.0,X01
201400050396,1,7,0,0.0,0.0,0.0,23.0,Z01
201400050397,0,30,0,0.0,2.0,1.0,1.0,A01
201400050397,0,10,0,0.0,2.0,3.0,1.0,B01
201400050398,0,31,0,0.0,2.0,1.0,7.0,B01
201400050398,0,7,0,0.0,2.0,3.0,15.0,A01
201400050399,0,1,0,0.0,1.0,1.0,1.0,A01
201400050400,0,7,0,0.0,0.0,3.0,13.0,A01
201400050400,0,33,0,0.0,2.0,2.0,1.0,B01
201400050401,0,33,0,0.0,2.0,7.0,1.0,A01
201400050401,0,7,0,0.0,2.0,2.0,15.0,B01
201400050402,0,31,0,0.0,2.0,1.0,17.0,A01
201400050402,0,10,0,0.0,0.0,4.0,1.0,B01
201400050403,0,30,0,0.0,2.0,1.0,2.0,A01
201400050403,0,7,0,0.0,0.0,4.0,2.0,B01
201400050404,0,7,0,0.0,1.0,2.0,1.0,A01
201400050405,0,7,0,0.0,2.0,1.0,1.0,A01
201400050405,0,7,0,0.0,2.0,8.0,1.0,B01
201400050406,0,7,0,0.0,1.0,1.0,1.0,A01
201400050407,0,7,0,0.0,2.0,1.0,15.0,A01
201400050407,0,7,0,0.0,2.0,1.0,1.0,B01
201400050408,0,14,0,0.0,1.0,4.0,0.0,A01
201400050409,0,30,0,0.0,2.0,1.0,17.0,A01
201400050409,0,7,0,0.0,2.0,3.0,1.0,B01
201400050410,0,7,0,0.0,1.0,1.0,1.0,A01
201400050411,0,30,0,0.0,0.0,1.0,1.0,A01
201400050412,0,7,0,0.0,2.0,3.0,1.0,B01
201400050412,0,1,0,0.0,2.0,1.0,19.0,A01
201400050413,0,7,0,0.0,2.0,2.0,1.0,A01
201400050413,0,7,0,0.0,2.0,6.0,15.0,B01
201400050414,0,7,0,0.0,2.0,2.0,15.0,B01
201400050414,1,32,0,0.0,0.0,0.0,1.0,Z01
201400050415,0,7,0,0.0,2.0,8.0,1.0,A01
201400050415,1,7,0,0.0,2.0,3.0,9.0,Z01
201400050416,0,1,0,0.0,2.0,3.0,15.0,A01
201400050416,0,7,0,0.0,2.0,3.0,23.0,B01
201400050417,0,1,0,0.0,2.0,0.0,19.0,A01
201400050417,0,7,0,0.0,2.0,1.0,1.0,B01
201400050418,0,30,0,0.0,2.0,1.0,16.0,B01
201400050418,0,7,0,0.0,2.0,2.0,15.0,A01
201400050419,0,1,0,1.0,0.0,2.0,2.0,B01
201400050419,0,7,0,0.0,2.0,8.0,22.0,A01
201400050420,0,7,0,0.0,1.0,1.0,1.0,A01
201400050421,0,2,0,0.0,2.0,3.0,15.0,A01
201400050421,0,7,0,0.0,2.0,3.0,10.0,B01
201400050422,0,7,0,0.0,2.0,5.0,1.0,A01
201400050422,0,7,0,0.0,2.0,1.0,1.0,B01
201400050423,1,7,0,0.0,1.0,8.0,16.0,Z01
201400050424,0,7,0,0.0,2.0,4.0,2.0,B01
201400050424,0,7,0,0.0,2.0,2.0,2.0,A01
201400050425,0,7,0,1.0,2.0,3.0,15.0,A01
201400050425,0,7,0,9.0,2.0,1.0,1.0,B01
201400050426,0,7,0,0.0,2.0,1.0,1.0,B01
201400050426,0,7,0,0.0,2.0,7.0,1.0,A01
201400050427,0,7,0,0.0,1.0,2.0,1.0,A01
201400050428,0,1,0,0.0,2.0,8.0,1.0,B01
201400050428,0,2,0,0.0,2.0,1.0,1.0,A01
201400050429,0,7,0,0.0,2.0,1.0,1.0,A01
201400050429,0,7,0,0.0,2.0,2.0,15.0,B01
201400050430,0,7,0,0.0,2.0,1.0,2.0,A01
201400050430,0,7,0,0.0,2.0,6.0,10.0,B01
201400050431,0,33,0,0.0,2.0,8.0,1.0,B01
201400050431,0,7,0,0.0,2.0,2.0,15.0,A01
201400050432,0,1,0,0.0,2.0,3.0,1.0,B01
201400050432,0,33,0,0.0,2.0,1.0,1.0,A01
201400050433,0,7,0,0.0,2.0,7.0,1.0,A01
201400050433,0,7,0,0.0,2.0,1.0,1.0,B01
201400050434,0,7,0,0.0,2.0,3.0,16.0,A01
201400050434,0,1,0,0.0,2.0,0.0,1.0,B01
201400050435,0,7,0,0.0,2.0,0.0,15.0,A01
201400050435,0,1,0,0.0,2.0,1.0,1.0,B01
201400050436,0,7,0,1.0,0.0,3.0,23.0,B01
201400050436,0,7,0,0.0,2.0,1.0,2.0,A01
201400050437,0,7,0,0.0,2.0,1.0,1.0,A01
201400050437,0,7,0,0.0,2.0,8.0,1.0,B01
201400050438,0,7,0,1.0,1.0,3.0,1.0,A01
201400050439,0,7,0,0.0,2.0,3.0,15.0,B01
201400050439,0,30,0,0.0,2.0,1.0,5.0,A01
201400050440,0,7,0,0.0,2.0,3.0,20.0,A01
201400050440,0,10,0,0.0,2.0,2.0,1.0,B01
201400050441,0,7,0,0.0,2.0,1.0,1.0,B01
201400050441,0,30,0,0.0,2.0,8.0,1.0,A01
201400050442,0,7,0,0.0,2.0,1.0,2.0,A01
201400050442,0,7,0,0.0,2.0,4.0,2.0,B01
201400050443,0,40,50,0.0,2.0,1.0,1.0,B01
201400050443,0,1,0,0.0,0.0,8.0,19.0,A01
201400050444,0,14,0,0.0,2.0,7.0,17.0,A01
201400050444,0,1,0,0.0,2.0,8.0,2.0,B01
201400050445,0,7,0,0.0,2.0,1.0,1.0,B01
201400050445,0,7,0,0.0,2.0,6.0,19.0,A01
201400050446,1,7,0,0.0,2.0,6.0,10.0,Z01
201400050446,0,32,0,0.0,2.0,1.0,2.0,B01
201400050447,0,32,0,0.0,2.0,2.0,1.0,B01
201400050447,0,1,0,0.0,2.0,8.0,15.0,A01
201400050448,0,7,0,0.0,1.0,5.0,20.0,A01
201400050449,0,7,0,0.0,1.0,1.0,1.0,A01
201400050450,0,7,0,0.0,2.0,8.0,15.0,A01
201400050450,0,33,0,0.0,2.0,1.0,1.0,B01
201400050451,0,32,0,0.0,2.0,1.0,1.0,A01
201400050451,0,7,0,0.0,2.0,4.0,16.0,B01
201400050452,0,7,0,0.0,2.0,2.0,15.0,A01
201400050452,0,7,0,0.0,2.0,1.0,10.0,B01
201400050453,0,7,0,0.0,1.0,2.0,1.0,A01
201400050454,0,7,0,15.0,1.0,1.0,1.0,A01
201400050455,0,31,0,0.0,1.0,1.0,17.0,A01
201400050455,0,7,0,0.0,2.0,3.0,15.0,B01
201400050456,1,7,0,0.0,1.0,0.0,0.0,Z01
201400050457,0,7,0,0.0,2.0,2.0,9.0,A01
201400050457,0,33,0,0.0,2.0,1.0,1.0,B01
201400050458,0,7,0,0.0,1.0,4.0,16.0,B01
201400050458,0,7,0,0.0,2.0,4.0,15.0,A01
201400050459,0,1,0,0.0,2.0,1.0,1.0,A01
201400050459,0,7,0,0.0,2.0,5.0,16.0,B01
201400050460,0,7,0,0.0,2.0,2.0,15.0,A01
201400050460,0,1,0,0.0,2.0,8.0,2.0,B01
201400050461,0,7,0,0.0,2.0,6.0,1.0,C01
201400050461,0,7,0,0.0,2.0,5.0,1.0,B01
201400050461,0,14,0,0.0,2.0,1.0,2.0,A01
201400050462,0,7,0,0.0,2.0,1.0,23.0,C01
201400050462,0,7,0,0.0,2.0,7.0,15.0,B01
201400050462,0,7,0,0.0,2.0,1.0,13.0,A01
201400050463,0,7,0,0.0,2.0,3.0,19.0,A01
201400050463,0,7,0,0.0,2.0,2.0,2.0,B01
201400050464,0,10,0,0.0,1.0,3.0,15.0,A01
201400050465,0,7,0,0.0,2.0,3.0,15.0,B01
201400050465,0,30,0,0.0,2.0,1.0,15.0,A01
201400050466,0,7,0,0.0,2.0,6.0,15.0,B01
201400050466,0,33,0,1.0,2.0,7.0,17.0,A01
201400050467,0,7,0,0.0,2.0,8.0,0.0,B01
201400050467,0,7,0,0.0,2.0,2.0,0.0,A01
201400050468,0,7,0,0.0,2.0,1.0,0.0,A01
201400050469,0,7,0,0.0,2.0,1.0,19.0,B01
201400050469,0,7,0,0.0,2.0,2.0,1.0,A01
201400050470,0,33,0,0.0,2.0,1.0,0.0,A01
201400050470,0,7,0,0.0,2.0,0.0,0.0,B01
201400050471,0,7,0,0.0,2.0,1.0,1.0,A01
201400050471,0,7,0,0.0,2.0,4.0,23.0,B01
201400050472,0,7,0,7.0,2.0,1.0,2.0,A01
201400050472,0,7,0,0.0,0.0,4.0,2.0,B01
201400050473,0,7,0,0.0,2.0,3.0,15.0,A01
201400050473,0,33,0,0.0,2.0,0.0,1.0,B01
201400050474,1,7,0,0.0,1.0,0.0,0.0,Z01
201400050475,0,7,0,0.0,2.0,8.0,1.0,B01
201400050475,0,7,0,0.0,2.0,1.0,1.0,A01
201400050476,0,7,0,0.0,0.0,1.0,0.0,A01
201400050476,0,7,0,0.0,2.0,6.0,15.0,B01
201400050477,0,7,0,0.0,2.0,1.0,1.0,B01
201400050477,0,1,0,0.0,2.0,8.0,19.0,A01
201400050478,0,7,0,0.0,1.0,1.0,15.0,A01
201400050479,0,33,0,0.0,1.0,1.0,1.0,A01
201400050480,0,7,0,0.0,2.0,4.0,2.0,A01
201400050480,0,7,0,0.0,2.0,1.0,2.0,B01
201400050481,0,7,0,0.0,2.0,1.0,2.0,A01
201400050481,0,7,0,0.0,0.0,4.0,23.0,B01
201400050482,0,7,0,0.0,2.0,4.0,2.0,D01
201400050482,0,7,0,0.0,2.0,1.0,2.0,A01
201400050482,0,7,0,0.0,2.0,1.0,2.0,B01
201400050482,0,10,0,0.0,2.0,1.0,2.0,C01
201400050483,0,99,0,0.0,0.0,0.0,0.0,A01
201400050483,0,7,0,0.0,2.0,7.0,15.0,B01
201400050484,0,7,0,0.0,2.0,1.0,2.0,A01
201400050484,0,7,0,0.0,2.0,4.0,2.0,B01
201400050485,0,33,0,0.0,1.0,1.0,0.0,A01
201400050486,0,1,0,0.0,2.0,1.0,1.0,A01
201400050486,0,1,0,0.0,2.0,1.0,1.0,B01
201400050487,0,7,0,0.0,2.0,7.0,16.0,A01
201400050487,0,1,0,0.0,2.0,3.0,1.0,B01
201400050488,0,7,0,0.0,1.0,0.0,0.0,A01
201400050489,0,7,0,0.0,2.0,3.0,1.0,B01
201400050489,0,20,0,0.0,2.0,2.0,1.0,A01
201400050490,0,30,0,0.0,2.0,6.0,15.0,B01
201400050490,0,7,0,0.0,2.0,1.0,7.0,A01
201400050491,0,7,0,0.0,1.0,3.0,15.0,A01
201400050492,0,33,0,0.0,2.0,2.0,2.0,A01
201400050492,0,7,0,0.0,2.0,6.0,2.0,B01
201400050493,0,7,0,0.0,2.0,1.0,1.0,A01
201400050493,0,32,0,0.0,2.0,4.0,2.0,B01
201400050493,0,7,0,0.0,2.0,7.0,20.0,C01
201400050494,0,32,0,0.0,2.0,1.0,1.0,A01
201400050494,0,7,0,0.0,2.0,2.0,1.0,B01
201400050495,0,7,0,0.0,1.0,4.0,4.0,A01
201400050496,0,31,0,0.0,2.0,1.0,1.0,B01
201400050496,0,7,0,0.0,2.0,8.0,10.0,A01
201400050497,0,7,0,0.0,2.0,7.0,15.0,A01
201400050497,0,7,0,0.0,2.0,1.0,1.0,B01
201400050498,0,7,0,0.0,0.0,5.0,2.0,B01
201400050498,0,7,0,0.0,2.0,3.0,10.0,A01
201400050499,1,7,0,0.0,2.0,0.0,0.0,A01
201400050499,0,7,0,6.0,2.0,5.0,1.0,B01
201400050500,0,7,0,0.0,1.0,3.0,1.0,A01
201400050501,1,7,0,0.0,0.0,0.0,,D01
201400050501,0,14,0,0.0,0.0,1.0,1.0,A01
201400050501,0,7,0,0.0,0.0,4.0,2.0,B01
201400050501,0,7,0,0.0,0.0,4.0,2.0,C01
201400050502,0,17,0,0.0,2.0,7.0,2.0,B01
201400050502,0,7,0,4.0,2.0,9.0,17.0,A01
201400050503,0,7,0,4.0,2.0,7.0,12.0,A01
201400050503,0,15,0,2.0,2.0,8.0,1.0,B01
201400050504,0,7,0,0.0,2.0,8.0,13.0,A01
201400050504,0,7,0,4.0,2.0,8.0,17.0,B01
201400050505,0,7,0,14.0,2.0,2.0,1.0,B01
201400050505,0,7,0,0.0,2.0,3.0,11.0,A01
201400050506,0,7,0,2.0,0.0,3.0,17.0,A01
201400050507,0,7,0,4.0,0.0,3.0,1.0,A01
201400050507,1,7,0,0.0,2.0,2.0,12.0,Z01
201400050508,0,7,0,0.0,2.0,6.0,11.0,A01
201400050508,0,7,0,0.0,2.0,2.0,1.0,B01
201400050509,0,7,0,4.0,2.0,3.0,13.0,A01
201400050509,0,7,0,0.0,2.0,6.0,2.0,B01
201400050510,0,15,0,0.0,2.0,4.0,2.0,B01
201400050510,0,10,0,0.0,2.0,1.0,2.0,A01
201400050511,0,33,0,4.0,0.0,3.0,17.0,B01
201400050511,0,7,0,0.0,0.0,0.0,11.0,A01
201400050512,0,7,0,4.0,0.0,1.0,1.0,A01
201400050513,0,7,0,4.0,0.0,2.0,1.0,A01
201400050514,0,7,0,0.0,2.0,2.0,3.0,A01
201400050514,0,7,0,0.0,2.0,8.0,2.0,C01
201400050514,0,7,0,0.0,2.0,6.0,2.0,B01
201400050515,0,7,0,4.0,0.0,3.0,11.0,A01
201400050516,0,7,0,0.0,2.0,4.0,2.0,B01
201400050516,0,7,0,0.0,0.0,0.0,0.0,C01
201400050516,0,7,0,0.0,2.0,1.0,2.0,A01
201400050517,0,7,0,0.0,2.0,4.0,1.0,B01
201400050517,0,7,0,0.0,2.0,4.0,1.0,C01
201400050517,0,7,0,0.0,2.0,4.0,1.0,D01
201400050517,0,7,0,0.0,2.0,1.0,1.0,A01
201400050518,0,7,0,0.0,1.0,3.0,1.0,A01
201400050519,0,36,0,0.0,2.0,4.0,12.0,A01
201400050519,0,7,0,0.0,2.0,1.0,2.0,B01
201400050520,0,7,0,4.0,0.0,2.0,1.0,A01
201400050521,0,31,0,0.0,2.0,8.0,13.0,A01
201400050521,0,7,0,0.0,2.0,7.0,0.0,B01
201400050522,0,7,0,0.0,2.0,1.0,2.0,A01
201400050522,0,7,0,0.0,0.0,4.0,2.0,B01
201400050523,0,7,0,4.0,0.0,3.0,1.0,A01
201400050524,0,7,0,4.0,0.0,2.0,1.0,A01
201400050525,0,7,0,4.0,2.0,3.0,17.0,A01
201400050525,0,7,0,0.0,2.0,4.0,1.0,B01
201400050526,0,15,0,0.0,2.0,3.0,1.0,D01
201400050526,0,10,0,0.0,2.0,1.0,2.0,B01
201400050526,0,10,0,3.0,2.0,1.0,2.0,C01
201400050526,0,7,0,0.0,0.0,4.0,2.0,A01
201400050527,0,33,0,3.0,2.0,8.0,0.0,B01
201400050527,0,7,0,0.0,2.0,2.0,14.0,A01
201400050528,0,7,0,0.0,2.0,1.0,2.0,A01
201400050528,0,7,0,0.0,0.0,4.0,0.0,B01
201400050529,0,7,0,0.0,0.0,6.0,1.0,B01
201400050529,0,14,0,0.0,2.0,2.0,2.0,A01
201400050530,0,33,0,4.0,0.0,7.0,1.0,A01
201400050531,0,7,0,0.0,2.0,3.0,5.0,A01
201400050531,0,7,0,0.0,2.0,3.0,2.0,B01
201400050532,0,7,0,3.0,0.0,3.0,1.0,A01
201400050533,0,10,0,4.0,0.0,7.0,1.0,A01
201400050534,0,7,0,0.0,2.0,6.0,3.0,A01
201400050534,0,33,0,0.0,2.0,1.0,3.0,B01
201400050535,0,31,0,0.0,0.0,0.0,0.0,A01
201400050536,0,7,0,4.0,0.0,1.0,16.0,A01
201400050537,0,7,0,0.0,0.0,4.0,1.0,B01
201400050537,0,7,0,4.0,2.0,1.0,2.0,A01
201400050537,0,7,0,0.0,0.0,5.0,1.0,C01
201400050538,0,7,0,4.0,0.0,3.0,12.0,A01
201400050539,0,7,0,1.0,0.0,4.0,1.0,A01
201400050539,0,7,0,0.0,1.0,4.0,23.0,B01
201400050540,0,7,0,0.0,2.0,1.0,2.0,D01
201400050540,0,7,0,0.0,2.0,4.0,2.0,B01
201400050540,1,7,0,0.0,0.0,0.0,0.0,X02
201400050540,0,7,0,0.0,2.0,1.0,1.0,F02
201400050540,0,7,0,0.0,2.0,4.0,1.0,C01
201400050540,0,7,0,0.0,2.0,1.0,2.0,E01
201400050540,0,7,0,4.0,0.0,1.0,1.0,A01
201400050541,0,17,0,0.0,2.0,2.0,12.0,A01
201400050541,0,7,0,3.0,0.0,6.0,1.0,B01
201400050542,0,7,0,3.0,2.0,2.0,2.0,A01
201400050542,0,7,0,0.0,2.0,2.0,1.0,B01
201400050542,1,17,0,0.0,0.0,0.0,0.0,Z01
201400050543,0,7,0,0.0,2.0,1.0,0.0,A01
201400050543,0,7,0,0.0,0.0,4.0,1.0,B01
201400050544,0,7,0,0.0,2.0,3.0,2.0,A01
201400050544,0,10,0,0.0,0.0,4.0,2.0,B01
201400050545,0,10,0,4.0,0.0,2.0,1.0,A01
201400050546,0,7,0,4.0,0.0,3.0,1.0,A01
201400050547,0,15,0,16.0,0.0,6.0,2.0,B01
201400050547,0,7,0,0.0,2.0,2.0,17.0,A01
201400050548,0,7,0,4.0,0.0,3.0,2.0,A01
201400050549,0,15,0,0.0,2.0,2.0,12.0,A01
201400050549,0,7,0,4.0,2.0,5.0,2.0,B01
201400050550,0,7,0,4.0,0.0,3.0,1.0,A01
201400050551,0,7,0,0.0,2.0,1.0,2.0,B01
201400050551,0,7,0,3.0,0.0,5.0,2.0,A01
201400050552,0,7,0,0.0,2.0,4.0,2.0,C01
201400050552,0,10,0,1.0,0.0,1.0,1.0,A01
201400050552,0,13,0,1.0,2.0,4.0,2.0,B01
201400050553,0,7,0,4.0,2.0,3.0,17.0,A01
201400050553,0,7,0,4.0,0.0,3.0,1.0,B01
201400050554,0,7,0,4.0,2.0,8.0,1.0,B01
201400050554,0,7,0,0.0,0.0,0.0,0.0,A01
201400050555,0,7,0,4.0,0.0,9.0,0.0,A01
201400050556,0,10,0,4.0,0.0,1.0,16.0,A01
201400050557,0,7,0,4.0,0.0,1.0,1.0,A01
201400050558,0,7,0,4.0,0.0,8.0,1.0,A01
201400050559,0,7,0,4.0,0.0,1.0,16.0,A01
201400050560,0,7,0,4.0,0.0,1.0,2.0,A01
201400050561,0,10,0,0.0,2.0,4.0,23.0,B01
201400050561,0,7,0,3.0,2.0,4.0,12.0,A01
201400050562,0,7,0,3.0,0.0,1.0,11.0,A01
201400050563,0,7,0,4.0,0.0,3.0,12.0,A01
201400050564,0,33,0,0.0,2.0,1.0,2.0,A01
201400050564,0,10,0,0.0,0.0,3.0,2.0,B01
201400050565,1,10,0,0.0,0.0,0.0,17.0,Z01
201400050565,0,7,0,0.0,0.0,1.0,13.0,B01
201400050566,0,7,0,4.0,0.0,6.0,1.0,A01
201400050567,0,7,0,3.0,0.0,1.0,19.0,A01
201400050567,0,7,0,0.0,2.0,1.0,1.0,B01
201400050568,0,7,0,0.0,2.0,4.0,11.0,A01
201400050568,0,33,0,0.0,2.0,8.0,1.0,B01
201400050569,0,7,0,0.0,2.0,4.0,1.0,B01
201400050569,0,7,0,0.0,0.0,4.0,1.0,C01
201400050569,0,10,0,0.0,2.0,1.0,1.0,A01
201400050570,0,7,0,4.0,0.0,1.0,0.0,A01
201400050571,0,10,0,4.0,0.0,1.0,1.0,A01
201400050572,0,10,0,4.0,0.0,0.0,1.0,A01
201400050573,0,7,0,4.0,0.0,1.0,21.0,A01
201400050574,0,10,0,0.0,2.0,3.0,21.0,A01
201400050574,0,7,0,0.0,2.0,1.0,2.0,D01
201400050574,0,7,0,0.0,2.0,5.0,2.0,B01
201400050574,0,7,0,0.0,2.0,4.0,2.0,C01
201400050575,0,7,0,4.0,2.0,7.0,1.0,C01
201400050575,0,7,0,4.0,2.0,6.0,0.0,B01
201400050575,0,14,0,0.0,2.0,2.0,1.0,A01
201400050576,0,7,0,0.0,0.0,4.0,1.0,B01
201400050576,0,7,0,0.0,2.0,1.0,1.0,A01
201400050577,0,7,0,0.0,2.0,4.0,2.0,B01
201400050577,0,7,0,0.0,0.0,4.0,2.0,C01
201400050577,0,7,0,0.0,2.0,1.0,2.0,A01
201400050578,0,7,0,4.0,0.0,3.0,1.0,A01
201400050579,0,32,0,12.0,0.0,8.0,16.0,A01
201400050580,0,10,0,0.0,2.0,6.0,1.0,B01
201400050580,0,7,0,0.0,2.0,8.0,1.0,A01
201400050581,0,7,0,6.0,0.0,2.0,1.0,A01
201400050582,0,7,0,4.0,0.0,3.0,13.0,A01
201400050583,0,7,0,4.0,0.0,6.0,1.0,B01
201400050583,0,17,0,0.0,2.0,2.0,12.0,A01
201400050584,0,7,0,4.0,2.0,1.0,17.0,A01
201400050584,0,15,0,0.0,2.0,6.0,1.0,B01
201400050585,0,7,0,0.0,2.0,4.0,1.0,B01
201400050585,0,7,0,0.0,2.0,1.0,2.0,A01
201400050586,0,17,0,0.0,2.0,2.0,12.0,A01
201400050586,0,7,0,0.0,2.0,6.0,1.0,B01
201400050587,0,15,0,0.0,0.0,0.0,1.0,T01
201400050587,0,33,0,0.0,0.0,7.0,16.0,A01
201400050588,0,7,0,0.0,0.0,6.0,1.0,C01
201400050588,0,7,0,0.0,0.0,7.0,1.0,E01
201400050588,0,7,0,0.0,0.0,3.0,1.0,B01
201400050588,0,7,0,0.0,2.0,2.0,12.0,A01
201400050588,0,7,0,4.0,0.0,2.0,1.0,D01
201400050589,0,7,0,4.0,0.0,2.0,0.0,A01
201400050590,0,33,0,0.0,2.0,1.0,2.0,A01
201400050590,0,10,0,0.0,2.0,4.0,2.0,B01
201400050591,0,7,0,4.0,0.0,7.0,0.0,A01
201400050592,0,33,0,0.0,0.0,7.0,21.0,A01
201400050593,0,7,0,4.0,2.0,3.0,13.0,A01
201400050593,0,7,0,4.0,2.0,7.0,1.0,B01
201400050594,0,32,0,0.0,2.0,8.0,1.0,B01
201400050594,0,10,0,0.0,2.0,7.0,12.0,A01
201400050595,0,7,0,4.0,0.0,1.0,1.0,A01
201400050596,0,7,0,0.0,2.0,4.0,2.0,C01
201400050596,0,10,0,0.0,2.0,1.0,2.0,A01
201400050596,0,7,0,0.0,2.0,4.0,2.0,B01
201400050597,0,7,0,4.0,2.0,8.0,0.0,B01
201400050597,0,7,0,0.0,2.0,2.0,14.0,A01
201400050598,0,7,0,3.0,0.0,1.0,11.0,A01
201400050599,0,10,0,0.0,2.0,1.0,1.0,B01
201400050599,0,10,0,16.0,2.0,1.0,19.0,A01
201400050600,0,7,0,0.0,2.0,1.0,2.0,A01
201400050600,0,7,0,0.0,2.0,4.0,1.0,B01
201400050601,0,7,0,4.0,2.0,7.0,17.0,A01
201400050601,0,15,0,4.0,,8.0,1.0,B02
201400050602,0,7,0,0.0,2.0,4.0,2.0,B01
201400050602,0,33,0,0.0,2.0,9.0,2.0,A01
201400050603,0,7,0,4.0,0.0,3.0,0.0,A01
201400050604,0,7,0,0.0,2.0,1.0,2.0,A01
201400050604,0,7,0,0.0,2.0,4.0,1.0,B01
201400050604,0,7,0,0.0,0.0,4.0,1.0,C01
201400050605,0,15,0,0.0,2.0,7.0,12.0,A01
201400050605,0,7,0,4.0,2.0,8.0,1.0,B01
201400050606,0,7,0,0.0,2.0,1.0,2.0,A01
201400050606,0,7,0,0.0,0.0,4.0,2.0,B01
201400050607,0,7,0,0.0,0.0,0.0,23.0,T01
201400050607,0,7,0,0.0,2.0,1.0,1.0,Z01
201400050607,0,7,0,0.0,2.0,8.0,1.0,A01
201400050608,0,7,0,4.0,0.0,3.0,0.0,A01
201400050609,0,7,0,0.0,2.0,4.0,23.0,D01
201400050609,0,10,0,0.0,2.0,4.0,0.0,C01
201400050609,0,7,0,0.0,2.0,2.0,1.0,A01
201400050609,0,7,0,0.0,2.0,6.0,23.0,B01
201400050610,0,10,0,0.0,0.0,4.0,1.0,B01
201400050610,0,10,0,0.0,0.0,1.0,1.0,A01
201400050611,0,7,0,4.0,2.0,5.0,12.0,A01
201400050611,0,17,0,0.0,0.0,3.0,1.0,B01
201400050612,0,7,0,0.0,0.0,6.0,23.0,B01
201400050612,0,7,0,0.0,2.0,2.0,14.0,A01
201400050613,0,7,0,9.0,2.0,1.0,0.0,A01
201400050613,0,7,0,0.0,0.0,4.0,2.0,C01
201400050613,0,7,0,0.0,0.0,4.0,2.0,B01
201400050614,0,7,0,0.0,2.0,1.0,2.0,B01
201400050614,0,7,0,0.0,2.0,1.0,2.0,A01
201400050614,0,7,0,0.0,2.0,1.0,2.0,C01
201400050614,0,7,0,0.0,2.0,4.0,2.0,D01
201400050615,0,7,0,4.0,0.0,1.0,1.0,A01
201400050616,2,7,0,0.0,2.0,2.0,0.0,A01
201400050616,0,7,0,0.0,0.0,6.0,1.0,B01
201400050617,0,7,0,9.0,9.0,1.0,1.0,B01
201400050617,0,15,0,4.0,0.0,2.0,1.0,A01
201400050618,0,7,0,4.0,0.0,3.0,1.0,A01
201400050619,0,7,0,0.0,0.0,4.0,1.0,B01
201400050619,0,7,0,0.0,2.0,1.0,14.0,A01
201400050620,0,7,0,0.0,2.0,3.0,1.0,C01
201400050620,0,7,0,4.0,2.0,3.0,1.0,B01
201400050620,0,7,0,0.0,2.0,5.0,14.0,A01
201400050621,0,7,0,4.0,0.0,3.0,0.0,B01
201400050621,0,7,0,4.0,2.0,1.0,0.0,A01
201400050622,0,7,0,0.0,0.0,5.0,2.0,B01
201400050622,0,32,0,0.0,2.0,1.0,2.0,A01
201400050623,0,7,0,0.0,0.0,8.0,1.0,A01
201400050624,0,7,0,0.0,0.0,3.0,21.0,B01
201400050624,1,7,0,0.0,0.0,0.0,3.0,Z01
201400050625,0,17,0,0.0,2.0,1.0,21.0,B01
201400050625,0,7,0,0.0,2.0,2.0,5.0,A01
201400050626,0,7,0,4.0,0.0,2.0,0.0,A01
201400050627,0,7,0,0.0,2.0,5.0,15.0,A01
201400050627,0,15,0,0.0,2.0,3.0,2.0,B01
201400050628,0,7,0,0.0,2.0,1.0,2.0,B01
201400050628,0,7,0,0.0,2.0,4.0,2.0,A01
201400050628,0,7,0,0.0,2.0,3.0,14.0,C01
201400050629,0,7,0,0.0,2.0,5.0,1.0,C01
201400050629,0,14,0,0.0,2.0,2.0,12.0,A01
201400050629,0,7,0,0.0,2.0,6.0,1.0,B01