Num_Acc,senc,catv,occutc,obs,obsm,choc,manv,num_veh
201400050849,0,7,0,0.0,2.0,4.0,23.0,C01
201400050850,0,33,0,0.0,2.0,1.0,2.0,A01
201400050850,0,7,0,0.0,0.0,6.0,2.0,B01
201400050850,0,7,0,0.0,0.0,0.0,0.0,T01
201400050851,0,7,0,0.0,2.0,1.0,2.0,B01
201400050851,0,7,0,0.0,2.0,1.0,2.0,C01
201400050851,0,7,0,0.0,2.0,4.0,2.0,A01
201400050851,0,7,0,0.0,2.0,1.0,2.0,D01
201400050852,0,30,0,0.0,2.0,0.0,19.0,A01
201400050852,0,7,0,0.0,2.0,0.0,1.0,B01
201400050853,0,7,0,14.0,0.0,1.0,2.0,A01
201400050853,0,7,0,1.0,0.0,5.0,2.0,B01
201400050853,0,7,0,0.0,2.0,4.0,1.0,C01
201400050854,0,7,0,0.0,0.0,8.0,10.0,A01
201400050854,0,7,0,0.0,2.0,4.0,1.0,B01
201400050854,0,7,0,0.0,2.0,1.0,2.0,C01
201400050855,0,7,0,0.0,0.0,9.0,1.0,A01
201400050856,0,7,0,4.0,0.0,3.0,0.0,A01
201400050857,0,7,0,0.0,2.0,3.0,17.0,A01
201400050857,0,7,0,0.0,2.0,7.0,0.0,B01
201400050857,0,10,0,0.0,2.0,4.0,0.0,C01
201400050858,0,7,0,0.0,2.0,3.0,11.0,A01
201400050858,0,33,0,0.0,2.0,1.0,1.0,B01
201400050859,0,7,0,0.0,0.0,4.0,2.0,B01
201400050859,0,17,0,0.0,0.0,1.0,2.0,A01
201400050860,0,7,0,0.0,2.0,4.0,2.0,F02
201400050860,0,7,0,0.0,2.0,6.0,2.0,B01
201400050860,0,7,0,0.0,2.0,3.0,2.0,D01
201400050860,0,7,0,0.0,2.0,4.0,2.0,E01
201400050860,0,15,0,0.0,2.0,1.0,2.0,A01
201400050860,0,7,0,0.0,2.0,4.0,1.0,C01
201400050861,0,10,0,0.0,2.0,6.0,1.0,B01
201400050861,0,10,0,0.0,2.0,2.0,14.0,A01
201400050862,0,7,0,0.0,2.0,4.0,2.0,B01
201400050862,0,7,0,0.0,2.0,1.0,2.0,A01
201400050863,0,7,0,4.0,0.0,3.0,13.0,A01
201400050864,0,7,0,0.0,2.0,1.0,14.0,A01
201400050864,0,7,0,0.0,2.0,1.0,1.0,B01
201400050865,0,7,0,4.0,0.0,2.0,2.0,A01
201400050866,0,7,0,4.0,0.0,2.0,14.0,A01
201400050867,0,7,0,6.0,0.0,0.0,17.0,A01
201400050868,0,10,0,0.0,0.0,4.0,2.0,B01
201400050868,0,10,0,0.0,0.0,4.0,2.0,C01
201400050868,0,10,0,0.0,0.0,4.0,2.0,D01
201400050868,0,10,0,0.0,0.0,1.0,2.0,A01
201400050869,0,7,0,0.0,0.0,0.0,0.0,A01
201400050870,0,99,0,0.0,0.0,2.0,21.0,A01
201400050870,0,17,0,0.0,0.0,6.0,1.0,B01
201400050871,0,7,0,3.0,0.0,4.0,1.0,A01
201400050872,0,33,0,0.0,2.0,3.0,3.0,A01
201400050872,0,7,0,0.0,2.0,2.0,12.0,B01
201400050872,0,7,0,0.0,2.0,6.0,1.0,C01
201400050873,0,7,0,3.0,0.0,1.0,14.0,A01
201400050874,0,7,0,0.0,2.0,4.0,1.0,B01
201400050874,0,7,0,0.0,2.0,1.0,1.0,A01
201400050874,0,7,0,0.0,0.0,4.0,1.0,C01
201400050875,0,33,0,0.0,2.0,0.0,0.0,A01
201400050876,0,33,0,3.0,0.0,8.0,0.0,A01
201400050877,0,7,0,0.0,2.0,1.0,2.0,A01
201400050877,0,14,0,0.0,0.0,6.0,23.0,B01
201400050878,0,17,0,0.0,2.0,2.0,21.0,A01
201400050878,0,7,0,0.0,0.0,4.0,0.0,B01
201400050879,0,7,0,0.0,2.0,4.0,2.0,B01
201400050879,0,7,0,0.0,2.0,1.0,2.0,A01
201400050879,0,7,0,0.0,0.0,4.0,0.0,C01
201400050880,0,7,0,0.0,2.0,1.0,23.0,B01
201400050880,0,7,0,0.0,2.0,1.0,2.0,A01
201400050880,0,10,0,0.0,2.0,4.0,23.0,C01
201400050880,0,17,0,0.0,0.0,4.0,23.0,D01
201400050881,0,99,0,0.0,2.0,4.0,2.0,B01
201400050881,0,10,0,0.0,2.0,1.0,12.0,A01
201400050881,0,7,0,0.0,0.0,4.0,2.0,D01
201400050881,0,7,0,0.0,2.0,4.0,2.0,C01
201400050882,0,10,0,0.0,2.0,1.0,2.0,A01
201400050882,0,7,0,0.0,0.0,6.0,1.0,B01
201400050883,0,7,0,0.0,2.0,4.0,1.0,B01
201400050883,0,7,0,0.0,0.0,4.0,1.0,C01
201400050883,0,7,0,0.0,2.0,1.0,1.0,D01
201400050883,0,7,0,0.0,2.0,1.0,1.0,A01
201400050884,0,7,0,0.0,2.0,4.0,2.0,C01
201400050884,0,10,0,0.0,2.0,3.0,0.0,A01
201400050884,0,7,0,0.0,2.0,5.0,2.0,B01
201400050885,0,7,0,0.0,2.0,1.0,1.0,A01
201400050885,0,7,0,0.0,2.0,4.0,0.0,C01
201400050885,0,7,0,0.0,2.0,4.0,0.0,B01
201400050886,0,7,0,0.0,2.0,4.0,2.0,B01
201400050886,0,7,0,0.0,2.0,1.0,2.0,A01
201400050887,0,7,0,0.0,1.0,1.0,1.0,A01
201400050888,0,13,0,4.0,2.0,9.0,13.0,A01
201400050888,0,14,0,0.0,2.0,2.0,2.0,B01
201400050889,0,15,0,0.0,2.0,1.0,2.0,A01
201400050889,0,7,0,0.0,2.0,1.0,2.0,C01
201400050889,0,7,0,0.0,2.0,4.0,2.0,B01
201400050890,0,14,0,0.0,2.0,2.0,12.0,A01
201400050890,0,7,0,0.0,0.0,3.0,1.0,B01
201400050891,0,15,0,0.0,2.0,4.0,0.0,B01
201400050891,0,15,0,0.0,2.0,1.0,1.0,A01
201400050892,0,7,0,4.0,0.0,1.0,1.0,A01
201400050893,0,7,0,4.0,0.0,1.0,15.0,A01
201400050894,0,7,0,0.0,2.0,5.0,1.0,B01
201400050894,0,7,0,0.0,2.0,3.0,13.0,A01
201400050895,0,7,0,4.0,0.0,2.0,1.0,A01
201400050895,1,7,0,0.0,0.0,0.0,12.0,Z01
201400050896,0,10,0,2.0,0.0,1.0,14.0,A01
201400050897,0,7,0,0.0,0.0,5.0,0.0,A01
201400050897,1,7,0,0.0,2.0,0.0,0.0,Z01
201400050898,0,10,0,0.0,0.0,1.0,2.0,A01
201400050898,0,7,0,0.0,0.0,4.0,2.0,C01
201400050898,0,7,0,0.0,0.0,4.0,2.0,B01
201400050899,0,7,0,0.0,0.0,0.0,0.0,B01
201400050899,0,15,0,0.0,0.0,0.0,0.0,A01
201400050900,0,7,0,4.0,0.0,1.0,0.0,A01
201400050900,1,7,0,0.0,0.0,0.0,0.0,Z01
201400050901,0,7,0,4.0,0.0,2.0,16.0,A01
201400050902,0,7,0,3.0,0.0,7.0,1.0,A01
201400050903,0,10,0,0.0,2.0,5.0,14.0,B01
201400050903,0,32,0,0.0,2.0,8.0,3.0,A01
201400050904,0,7,0,0.0,0.0,0.0,0.0,A01
201400050904,0,7,0,0.0,0.0,0.0,0.0,B01
201400050905,0,7,0,0.0,2.0,1.0,2.0,A01
201400050905,0,7,0,0.0,2.0,5.0,2.0,C01
201400050905,0,7,0,0.0,0.0,0.0,0.0,B01
201400050906,0,7,0,0.0,2.0,4.0,23.0,B01
201400050906,0,7,0,1.0,0.0,4.0,1.0,A01
201400050907,0,7,0,0.0,2.0,4.0,2.0,B01
201400050907,0,7,0,0.0,2.0,1.0,2.0,A01
201400050907,0,7,0,0.0,0.0,4.0,2.0,C01
201400050908,0,7,0,4.0,0.0,1.0,13.0,A01
201400050909,0,7,0,4.0,0.0,1.0,11.0,A01
201400050910,0,7,0,0.0,2.0,4.0,1.0,B01
201400050910,0,7,0,0.0,2.0,1.0,12.0,A01
201400050911,0,15,0,0.0,2.0,4.0,2.0,B01
201400050911,0,7,0,0.0,2.0,1.0,2.0,A01
201400050912,0,7,0,0.0,0.0,0.0,2.0,B01
201400050912,0,15,0,0.0,0.0,0.0,0.0,A01
201400050913,0,33,0,0.0,0.0,8.0,0.0,A01
201400050914,0,7,0,4.0,2.0,2.0,16.0,A01
201400050914,0,7,0,0.0,2.0,3.0,16.0,B01
201400050915,0,7,0,0.0,2.0,1.0,2.0,A01
201400050915,0,7,0,0.0,2.0,4.0,2.0,B01
201400050915,0,7,0,0.0,0.0,4.0,11.0,C01
201400050916,0,7,0,1.0,0.0,1.0,2.0,A01
201400050916,0,3,0,0.0,0.0,4.0,23.0,B01
201400050917,0,7,0,4.0,0.0,1.0,2.0,A01
201400050918,0,7,0,0.0,2.0,1.0,2.0,A01
201400050918,0,7,0,0.0,2.0,4.0,2.0,C01
201400050918,0,7,0,0.0,2.0,4.0,2.0,B01
201400050919,0,7,0,0.0,2.0,1.0,2.0,A01
201400050919,0,7,0,0.0,2.0,4.0,1.0,B01
201400050920,0,7,0,0.0,9.0,0.0,23.0,A01
201400050920,0,7,0,0.0,2.0,0.0,0.0,E01
201400050920,0,7,0,0.0,2.0,1.0,0.0,B01
201400050920,0,7,0,0.0,2.0,1.0,21.0,D01
201400050920,0,7,0,0.0,2.0,1.0,21.0,F02
201400050920,0,7,0,0.0,2.0,2.0,21.0,C01
201400050920,0,10,0,0.0,2.0,1.0,21.0,G02
201400050921,0,33,0,0.0,0.0,0.0,1.0,A01
201400050922,0,7,0,0.0,2.0,1.0,2.0,A01
201400050922,0,7,0,0.0,2.0,4.0,2.0,B01
201400050923,0,7,0,0.0,2.0,1.0,17.0,C01
201400050923,0,15,0,0.0,2.0,2.0,12.0,A01
201400050923,0,7,0,3.0,2.0,8.0,1.0,B01
201400050924,0,7,0,0.0,2.0,4.0,23.0,C01
201400050924,0,7,0,0.0,2.0,5.0,23.0,D01
201400050924,0,7,0,0.0,2.0,5.0,23.0,B01
201400050924,0,7,0,0.0,2.0,3.0,11.0,A01
201400050925,0,7,0,0.0,2.0,1.0,12.0,A01
201400050925,0,7,0,0.0,2.0,4.0,1.0,B01
201400050926,0,17,0,0.0,2.0,1.0,2.0,A01
201400050926,0,17,0,0.0,2.0,4.0,1.0,B01
201400050927,0,17,0,13.0,0.0,7.0,14.0,A01
201400050928,0,7,0,0.0,0.0,6.0,1.0,A01
201400050928,0,7,0,0.0,2.0,1.0,1.0,B01
201400050928,0,7,0,0.0,2.0,6.0,23.0,C01
201400050928,0,7,0,0.0,2.0,4.0,23.0,D01
201400050928,0,7,0,0.0,2.0,3.0,23.0,E01
201400050928,1,7,0,0.0,0.0,0.0,0.0,Z02
201400050929,0,7,0,4.0,0.0,4.0,1.0,A01
201400050930,0,7,0,0.0,9.0,6.0,0.0,B01
201400050930,0,7,0,0.0,2.0,1.0,0.0,A01
201400050931,0,7,0,0.0,2.0,2.0,17.0,A01
201400050931,0,7,0,0.0,2.0,6.0,1.0,B01
201400050931,0,7,0,4.0,0.0,4.0,1.0,C01
201400050932,0,10,0,0.0,0.0,4.0,2.0,B01
201400050932,0,7,0,0.0,2.0,1.0,2.0,A01
201400050933,0,7,0,4.0,0.0,2.0,1.0,A01
201400050934,0,7,0,0.0,2.0,4.0,2.0,C01
201400050934,0,7,0,0.0,2.0,1.0,2.0,B01
201400050934,0,17,0,0.0,2.0,1.0,2.0,A01
201400050935,0,10,0,0.0,2.0,1.0,2.0,A01
201400050935,0,7,0,0.0,2.0,4.0,2.0,B01
201400050936,0,7,0,6.0,0.0,3.0,1.0,A01
201400050937,0,7,0,0.0,2.0,1.0,1.0,A01
201400050937,0,10,0,0.0,2.0,4.0,2.0,B01
201400050937,0,7,0,0.0,2.0,9.0,0.0,C01
201400050937,0,7,0,0.0,2.0,4.0,1.0,D01
201400050938,0,17,0,0.0,9.0,2.0,0.0,E01
201400050938,0,7,0,0.0,9.0,1.0,0.0,D01
201400050938,0,14,0,0.0,2.0,7.0,1.0,B01
201400050938,0,7,0,4.0,2.0,8.0,9.0,A01
201400050938,0,10,0,0.0,2.0,1.0,0.0,C01
201400050939,0,7,0,0.0,0.0,0.0,0.0,A01
201400050939,0,33,0,12.0,0.0,6.0,1.0,B01
201400050940,0,7,0,4.0,0.0,1.0,16.0,A01
201400050941,0,15,0,4.0,0.0,7.0,14.0,A01
201400050942,0,10,0,0.0,2.0,1.0,2.0,A01
201400050942,0,7,0,0.0,9.0,4.0,2.0,B01
201400050943,0,7,0,0.0,2.0,8.0,1.0,B01
201400050943,0,17,0,0.0,2.0,2.0,12.0,A01
201400050944,0,16,0,0.0,2.0,1.0,12.0,A01
201400050944,0,7,0,4.0,0.0,5.0,1.0,C01
201400050944,0,10,0,0.0,2.0,4.0,1.0,B01
201400050945,0,7,0,0.0,2.0,1.0,2.0,A01
201400050945,0,7,0,0.0,0.0,4.0,2.0,B01
201400050946,0,7,0,4.0,0.0,1.0,14.0,A01
201400050947,0,7,0,0.0,0.0,5.0,12.0,A01
201400050948,0,7,0,0.0,2.0,4.0,2.0,B01
201400050948,0,7,0,0.0,2.0,4.0,2.0,C01
201400050948,0,7,0,0.0,2.0,1.0,2.0,A01
201400050949,0,7,0,0.0,2.0,4.0,1.0,C01
201400050949,0,14,0,0.0,2.0,1.0,1.0,A01
201400050949,0,7,0,0.0,2.0,4.0,1.0,B01
201400050950,0,7,0,0.0,2.0,4.0,1.0,B01
201400050950,0,7,0,0.0,2.0,1.0,2.0,A01
201400050951,0,7,0,0.0,2.0,4.0,0.0,D01
201400050951,2,7,0,0.0,2.0,2.0,2.0,Z01
201400050951,0,7,0,0.0,2.0,6.0,1.0,C01
201400050951,0,7,0,0.0,2.0,8.0,12.0,B01
201400050952,0,7,0,0.0,2.0,2.0,14.0,A01
201400050952,0,7,0,0.0,2.0,3.0,1.0,B01
201400050952,0,7,0,0.0,0.0,5.0,1.0,C01
201400050953,0,7,0,0.0,2.0,1.0,2.0,A01
201400050953,0,7,0,0.0,0.0,4.0,23.0,B01
201400050954,0,7,0,0.0,0.0,4.0,2.0,B01
201400050954,0,7,0,0.0,0.0,1.0,2.0,A01
201400050955,0,7,0,0.0,2.0,5.0,2.0,A01
201400050955,0,7,0,4.0,0.0,6.0,2.0,B01
201400050956,0,7,0,4.0,0.0,6.0,1.0,A01
201400050956,1,7,0,0.0,2.0,2.0,18.0,Z01
201400050957,0,7,0,5.0,0.0,1.0,3.0,A01
201400050958,0,7,0,0.0,0.0,4.0,11.0,A01
201400050958,0,33,0,0.0,2.0,1.0,1.0,B01
201400050959,0,7,0,4.0,0.0,3.0,1.0,A01
201400050960,0,7,0,4.0,2.0,2.0,12.0,A01
201400050960,0,16,0,0.0,2.0,8.0,1.0,B01
201400050961,0,7,0,4.0,0.0,7.0,14.0,A01
201400050962,0,7,0,0.0,2.0,1.0,2.0,A01
201400050962,0,7,0,0.0,2.0,4.0,2.0,B01
201400050963,0,10,0,0.0,2.0,3.0,1.0,B01
201400050963,0,7,0,0.0,2.0,7.0,16.0,A01
201400050964,0,7,0,0.0,2.0,1.0,2.0,B01
201400050964,0,15,0,0.0,2.0,3.0,12.0,C01
201400050964,0,17,0,5.0,0.0,3.0,1.0,A01
201400050965,0,7,0,0.0,0.0,1.0,0.0,A01
201400050966,0,7,0,4.0,0.0,2.0,1.0,A01
201400050967,0,7,0,0.0,2.0,1.0,2.0,A01
201400050967,0,7,0,0.0,2.0,4.0,2.0,B01
201400050967,0,7,0,0.0,2.0,4.0,2.0,C01
201400050967,0,7,0,0.0,2.0,4.0,2.0,D01
201400050968,0,7,0,0.0,2.0,1.0,2.0,A01
201400050968,0,7,0,0.0,0.0,4.0,2.0,B01
201400050969,0,14,0,0.0,9.0,1.0,1.0,B01
201400050969,0,15,0,3.0,0.0,9.0,1.0,A01
201400050969,0,17,0,0.0,2.0,1.0,1.0,C01
201400050969,0,17,0,0.0,2.0,2.0,1.0,D01
201400050970,0,7,0,0.0,2.0,4.0,0.0,D01
201400050970,0,7,0,0.0,2.0,4.0,1.0,B01
201400050970,0,7,0,0.0,2.0,4.0,0.0,C01
201400050970,0,7,0,0.0,2.0,1.0,1.0,A01
201400050971,0,7,0,0.0,2.0,1.0,2.0,A01
201400050971,0,7,0,0.0,2.0,4.0,2.0,B01
201400050972,0,10,0,0.0,0.0,0.0,0.0,A01
201400050972,0,7,0,0.0,9.0,1.0,0.0,B01
201400050973,0,7,0,4.0,0.0,1.0,0.0,A01
201400050973,0,7,0,0.0,2.0,2.0,2.0,B01
201400050974,0,7,0,4.0,0.0,2.0,14.0,A01
201400050975,0,7,0,0.0,2.0,2.0,14.0,A01
201400050975,0,7,0,0.0,2.0,6.0,1.0,B01
201400050976,0,7,0,0.0,2.0,1.0,2.0,A01
201400050976,0,15,0,0.0,0.0,0.0,0.0,B01
201400050977,0,7,0,0.0,2.0,1.0,2.0,A01
201400050977,0,7,0,0.0,2.0,4.0,2.0,B01
201400050977,0,7,0,0.0,2.0,4.0,2.0,C01
201400050978,0,7,0,0.0,2.0,1.0,2.0,A01
201400050978,0,7,0,0.0,9.0,4.0,1.0,B01
201400050979,0,7,0,3.0,0.0,1.0,0.0,A01
201400050980,0,7,0,4.0,0.0,3.0,13.0,A01
201400050981,0,7,0,14.0,0.0,0.0,19.0,A01
201400050981,0,7,0,4.0,0.0,1.0,14.0,B01
201400050982,0,7,0,0.0,0.0,1.0,2.0,B01
201400050982,0,7,0,0.0,0.0,1.0,2.0,A01
201400050982,0,7,0,0.0,0.0,6.0,0.0,C01
201400050983,0,7,0,0.0,1.0,1.0,1.0,A01
201400050984,0,7,0,0.0,1.0,3.0,1.0,A01
201400050985,0,99,0,0.0,2.0,3.0,2.0,A01
201400050985,0,7,0,0.0,2.0,2.0,1.0,B01
201400050986,0,7,0,0.0,2.0,3.0,9.0,B01
201400050986,0,31,0,0.0,2.0,1.0,17.0,A01
201400050987,0,7,0,1.0,1.0,2.0,1.0,A01
201400050988,0,7,0,0.0,1.0,2.0,1.0,A01
201400050989,0,7,0,0.0,0.0,1.0,15.0,B01
201400050989,0,7,0,0.0,0.0,1.0,11.0,A01
201400050990,0,31,0,0.0,2.0,1.0,1.0,B01
201400050990,0,7,0,0.0,2.0,6.0,10.0,A01
201400050991,0,31,0,0.0,2.0,1.0,2.0,A01
201400050991,0,7,0,0.0,0.0,5.0,2.0,B01
201400050991,0,7,0,0.0,0.0,8.0,2.0,C01
201400050992,0,99,0,0.0,1.0,3.0,17.0,A01
201400050993,0,7,0,0.0,2.0,1.0,2.0,A01
201400050993,0,7,0,0.0,0.0,4.0,2.0,B01
201400050994,0,7,0,15.0,0.0,2.0,6.0,A01
201400050995,0,7,0,0.0,2.0,7.0,19.0,A01
201400050995,0,7,0,0.0,2.0,1.0,1.0,B01
201400050996,0,7,0,0.0,2.0,1.0,0.0,A01
201400050996,0,7,0,0.0,2.0,8.0,1.0,B01
201400050997,0,7,0,0.0,1.0,7.0,0.0,A01
201400050998,0,7,0,2.0,0.0,1.0,14.0,A01
201400050999,0,7,0,0.0,0.0,4.0,2.0,B01
201400050999,0,7,0,0.0,0.0,1.0,2.0,A01
201400051000,0,7,0,0.0,0.0,1.0,15.0,A01
201400051000,0,7,0,0.0,0.0,1.0,1.0,B01
201400051001,0,7,0,0.0,2.0,2.0,9.0,A01
201400051001,0,7,0,0.0,2.0,3.0,23.0,C01
201400051001,0,32,0,0.0,2.0,7.0,1.0,B01
201400051002,0,7,0,0.0,1.0,7.0,17.0,A01
201400051003,0,33,0,0.0,1.0,1.0,1.0,A01
201400051004,2,3,0,0.0,1.0,1.0,18.0,Z01
201400051005,0,7,0,0.0,0.0,3.0,2.0,A01
201400051005,0,7,0,0.0,0.0,1.0,2.0,B01
201400051006,0,33,0,1.0,0.0,2.0,17.0,A01
201400051006,0,7,0,0.0,2.0,3.0,15.0,B01
201400051007,0,30,0,0.0,2.0,6.0,15.0,A01
201400051007,0,2,0,0.0,2.0,5.0,1.0,B01
201400051008,0,7,0,0.0,2.0,1.0,2.0,B01
201400051008,0,7,0,0.0,2.0,1.0,2.0,A01
201400051008,0,7,0,0.0,2.0,4.0,2.0,C01
201400051009,0,7,0,0.0,2.0,0.0,15.0,B01
201400051009,0,20,0,0.0,2.0,1.0,1.0,A01
201400051010,0,7,0,0.0,2.0,6.0,1.0,B01
201400051010,0,7,0,0.0,2.0,1.0,1.0,A01
201400051011,0,1,0,0.0,2.0,1.0,1.0,A01
201400051011,0,7,0,0.0,2.0,3.0,1.0,B01
201400051012,0,33,0,0.0,1.0,6.0,1.0,A01
201400051013,0,34,0,14.0,2.0,1.0,1.0,A01
201400051013,0,7,0,0.0,0.0,4.0,23.0,B01
201400051014,0,7,0,0.0,1.0,1.0,1.0,A01
201400051015,0,7,0,0.0,1.0,4.0,15.0,A01
201400051016,0,7,0,1.0,0.0,1.0,1.0,A01
201400051017,0,7,0,0.0,1.0,4.0,4.0,A01
201400051018,0,1,0,0.0,0.0,0.0,0.0,A01
201400051019,0,7,0,0.0,0.0,6.0,2.0,B01
201400051019,0,31,0,0.0,0.0,2.0,2.0,A01
201400051020,0,7,0,0.0,2.0,1.0,1.0,A01
201400051020,0,2,0,0.0,2.0,4.0,23.0,B01
201400051021,0,30,0,0.0,2.0,7.0,1.0,A01
201400051021,0,7,0,0.0,2.0,1.0,1.0,B01
201400051022,0,31,0,0.0,0.0,1.0,2.0,B01
201400051022,0,7,0,0.0,0.0,5.0,2.0,A01
201400051023,0,31,0,0.0,0.0,4.0,2.0,B01
201400051023,0,7,0,0.0,0.0,1.0,2.0,A01
201400051024,0,7,0,0.0,1.0,1.0,1.0,A01
201400051025,0,7,0,1.0,0.0,3.0,1.0,B01
201400051025,0,1,0,1.0,0.0,1.0,1.0,A01
201400051026,0,31,0,0.0,2.0,1.0,1.0,B01
201400051026,0,7,0,0.0,9.0,3.0,15.0,A01
201400051027,0,7,0,6.0,9.0,1.0,2.0,A01
201400051028,0,7,0,0.0,2.0,7.0,20.0,A01
201400051028,0,31,0,0.0,2.0,3.0,2.0,B01
201400051029,0,7,0,0.0,1.0,1.0,15.0,A01
201400051030,0,7,0,8.0,0.0,1.0,1.0,A01
201400051031,0,7,0,0.0,2.0,3.0,10.0,A01
201400051031,0,33,0,0.0,2.0,7.0,2.0,B01
201400051032,0,32,0,12.0,0.0,2.0,15.0,A01
201400051033,0,7,0,0.0,1.0,8.0,1.0,A01
201400051034,0,7,0,0.0,1.0,1.0,15.0,A01
201400051035,0,1,0,0.0,2.0,2.0,1.0,B01
201400051035,1,31,0,0.0,2.0,1.0,9.0,Z01
201400051036,0,7,0,0.0,0.0,0.0,0.0,A01
201400051037,0,7,0,0.0,2.0,4.0,1.0,B01
201400051037,0,7,0,0.0,2.0,1.0,2.0,A01
201400051038,0,1,0,0.0,2.0,8.0,9.0,B01
201400051038,0,10,0,0.0,2.0,3.0,1.0,A01
201400051039,0,7,0,0.0,2.0,4.0,15.0,B01
201400051039,0,2,0,0.0,2.0,1.0,1.0,A01
201400051040,0,13,0,0.0,0.0,0.0,4.0,A01
201400051040,0,31,0,0.0,0.0,0.0,1.0,B01
201400051041,0,33,0,14.0,0.0,8.0,1.0,A01
201400051042,0,7,0,0.0,2.0,1.0,1.0,A01
201400051042,0,7,0,0.0,2.0,3.0,1.0,B01
201400051043,0,7,0,0.0,2.0,2.0,16.0,A01
201400051043,0,31,0,0.0,2.0,8.0,1.0,B01
201400051044,0,7,0,0.0,2.0,4.0,23.0,B01
201400051044,0,7,0,0.0,2.0,1.0,1.0,A01
201400051045,0,31,0,15.0,0.0,1.0,2.0,A01
201400051046,0,7,0,0.0,2.0,4.0,2.0,B01
201400051046,0,7,0,0.0,2.0,1.0,2.0,A01
201400051046,0,7,0,0.0,0.0,4.0,2.0,C01
201400051047,0,1,0,0.0,2.0,4.0,15.0,B01
201400051047,0,33,0,0.0,2.0,1.0,17.0,A01
201400051048,0,7,0,0.0,2.0,7.0,13.0,A01
201400051048,0,7,0,0.0,2.0,1.0,1.0,B01
201400051049,0,7,0,0.0,2.0,4.0,23.0,B01
201400051049,0,7,0,0.0,2.0,1.0,2.0,A01
201400051050,0,7,0,0.0,2.0,4.0,1.0,B01
201400051050,0,7,0,0.0,2.0,1.0,1.0,A01
201400051050,0,7,0,0.0,2.0,4.0,1.0,C01
201400051051,0,37,35,0.0,2.0,8.0,13.0,A01
201400051051,0,37,1,0.0,2.0,3.0,1.0,B01
201400051052,0,10,0,0.0,2.0,2.0,13.0,A01
201400051052,0,7,0,0.0,2.0,2.0,21.0,B01
201400051053,0,1,0,0.0,0.0,0.0,1.0,A01
201400051054,0,30,0,1.0,0.0,1.0,1.0,A01
201400051054,0,37,1,0.0,2.0,4.0,24.0,B01
201400051055,0,7,0,0.0,1.0,2.0,1.0,A01
201400051056,0,7,0,0.0,2.0,2.0,1.0,A01
201400051056,0,7,0,0.0,2.0,5.0,1.0,B01
201400051057,0,7,0,0.0,2.0,8.0,1.0,B01
201400051057,0,31,0,0.0,2.0,1.0,1.0,A01
201400051058,0,7,0,0.0,2.0,1.0,1.0,A01
201400051058,0,7,0,0.0,2.0,4.0,2.0,B01
201400051058,0,7,0,0.0,2.0,4.0,2.0,C01
201400051059,0,7,0,0.0,2.0,1.0,1.0,A01
201400051059,0,7,0,0.0,2.0,4.0,1.0,D01
201400051059,0,7,0,0.0,2.0,4.0,1.0,C01
201400051059,0,7,0,0.0,2.0,4.0,1.0,B01
201400051060,0,7,0,0.0,1.0,3.0,15.0,A01
201400051061,0,14,0,0.0,0.0,0.0,11.0,A01
201400051061,0,7,0,0.0,0.0,0.0,1.0,B01
201400051061,0,31,0,0.0,0.0,1.0,21.0,C01
201400051062,0,30,0,0.0,2.0,2.0,1.0,B01
201400051062,0,7,0,0.0,2.0,6.0,13.0,A01
201400051063,0,1,0,14.0,0.0,1.0,1.0,A01
201400051064,1,7,0,0.0,1.0,1.0,1.0,Z01
201400051065,0,37,5,0.0,1.0,4.0,2.0,A01
201400051066,0,7,0,15.0,1.0,1.0,0.0,Z01
201400051067,0,7,0,0.0,1.0,1.0,1.0,A01
201400051068,0,7,0,0.0,2.0,4.0,2.0,B01
201400051068,0,10,0,0.0,2.0,1.0,2.0,A01
201400051069,0,7,0,0.0,2.0,1.0,5.0,A01
201400051069,0,30,0,0.0,2.0,1.0,1.0,B01
201400051070,0,7,0,0.0,0.0,8.0,15.0,A01
201400051070,0,31,0,0.0,2.0,7.0,17.0,B01
201400051071,1,99,0,0.0,1.0,1.0,1.0,Z01
201400051072,0,31,0,0.0,1.0,0.0,17.0,A01
201400051073,0,7,0,1.0,0.0,2.0,2.0,A01
201400051074,0,37,1,0.0,1.0,1.0,21.0,A01
201400051075,0,7,0,1.0,0.0,3.0,1.0,A01
201400051076,0,10,0,0.0,2.0,7.0,21.0,B01
201400051076,0,33,0,0.0,2.0,8.0,7.0,A01
201400051077,0,34,0,0.0,2.0,0.0,1.0,A01
201400051077,0,7,0,0.0,2.0,0.0,16.0,B01
201400051078,0,7,0,0.0,2.0,7.0,0.0,B01
201400051078,0,1,0,0.0,2.0,8.0,5.0,A01
201400051079,0,33,0,0.0,0.0,7.0,1.0,B01
201400051079,0,10,0,0.0,0.0,0.0,1.0,A01
201400051080,0,7,0,0.0,2.0,2.0,9.0,A01
201400051080,0,7,0,0.0,2.0,6.0,2.0,B01
201400051080,0,7,0,0.0,2.0,3.0,2.0,C01
201400051081,0,7,0,0.0,1.0,1.0,1.0,A01
201400051082,0,7,0,14.0,0.0,2.0,1.0,A01
201400051083,0,7,0,0.0,2.0,3.0,17.0,A01
201400051083,0,7,0,0.0,2.0,3.0,1.0,B01
201400051084,0,7,0,0.0,2.0,2.0,15.0,B01
201400051084,0,10,0,0.0,2.0,3.0,8.0,A01
201400051085,0,7,0,0.0,2.0,8.0,15.0,B01
201400051085,0,30,0,0.0,2.0,7.0,17.0,A01