Num_Acc,senc,catv,occutc,obs,obsm,choc,manv,num_veh
201400051086,0,7,0,0.0,2.0,2.0,2.0,A01
201400051086,0,7,0,0.0,2.0,6.0,2.0,B01
201400051087,0,7,0,0.0,2.0,3.0,15.0,A01
201400051087,0,7,0,0.0,2.0,3.0,1.0,B01
201400051088,0,7,0,1.0,0.0,9.0,17.0,A01
201400051089,0,7,0,0.0,2.0,2.0,15.0,A01
201400051089,0,32,0,0.0,2.0,1.0,1.0,B01
201400051090,0,34,0,11.0,0.0,1.0,1.0,A01
201400051091,0,7,0,0.0,0.0,4.0,1.0,B01
201400051091,0,7,0,0.0,2.0,1.0,12.0,A01
201400051091,0,7,0,0.0,2.0,1.0,21.0,C01
201400051091,0,33,0,0.0,2.0,1.0,21.0,D01
201400051092,2,7,0,3.0,2.0,2.0,17.0,A01
201400051092,0,7,0,3.0,0.0,8.0,12.0,B01
201400051093,0,7,0,0.0,2.0,4.0,23.0,C01
201400051093,0,38,41,0.0,2.0,1.0,2.0,A01
201400051093,0,10,0,0.0,0.0,4.0,23.0,D01
201400051093,0,10,0,0.0,2.0,4.0,23.0,B01
201400051094,0,7,0,0.0,2.0,1.0,2.0,A01
201400051094,0,7,0,0.0,0.0,4.0,1.0,B01
201400051095,0,7,0,4.0,0.0,1.0,13.0,A01
201400051096,0,7,0,0.0,2.0,1.0,2.0,A01
201400051096,0,7,0,0.0,0.0,4.0,23.0,B01
201400051097,0,33,0,5.0,0.0,1.0,1.0,A01
201400051098,0,7,0,0.0,0.0,8.0,11.0,B01
201400051098,0,33,0,0.0,2.0,1.0,3.0,A01
201400051099,0,7,0,0.0,2.0,4.0,23.0,C01
201400051099,0,7,0,0.0,2.0,4.0,23.0,B01
201400051099,0,7,0,0.0,2.0,1.0,2.0,A01
201400051099,0,7,0,0.0,0.0,4.0,23.0,D01
201400051100,0,33,0,0.0,0.0,7.0,1.0,A01
201400051101,0,7,0,0.0,2.0,1.0,1.0,C01
201400051101,0,7,0,0.0,2.0,1.0,1.0,D01
201400051101,0,7,0,0.0,0.0,4.0,11.0,B01
201400051101,0,7,0,0.0,2.0,1.0,1.0,A01
201400051102,0,7,0,0.0,2.0,1.0,2.0,A01
201400051102,0,7,0,0.0,0.0,4.0,2.0,B01
201400051103,0,10,0,0.0,0.0,4.0,23.0,B01
201400051103,0,10,0,0.0,2.0,1.0,2.0,A01
201400051104,0,7,0,0.0,2.0,1.0,2.0,A01
201400051104,0,7,0,0.0,2.0,4.0,23.0,B01
201400051104,0,7,0,0.0,0.0,4.0,23.0,C01
201400051105,0,7,0,0.0,2.0,1.0,2.0,A01
201400051105,0,7,0,0.0,2.0,4.0,23.0,B01
201400051105,0,10,0,0.0,2.0,4.0,23.0,C01
201400051105,0,10,0,0.0,0.0,4.0,23.0,D01
201400051106,0,7,0,0.0,2.0,1.0,2.0,A01
201400051106,0,7,0,0.0,2.0,4.0,2.0,B01
201400051106,0,7,0,0.0,2.0,4.0,2.0,C01
201400051106,0,7,0,0.0,0.0,4.0,2.0,D01
201400051107,0,7,0,0.0,2.0,1.0,2.0,A01
201400051107,0,7,0,0.0,2.0,4.0,2.0,B01
201400051107,0,7,0,0.0,2.0,4.0,2.0,C01
201400051107,0,7,0,0.0,0.0,4.0,2.0,D01
201400051108,1,7,0,0.0,2.0,1.0,2.0,A01
201400051108,0,7,0,0.0,0.0,4.0,23.0,B01
201400051109,0,7,0,4.0,0.0,7.0,14.0,A01
201400051110,0,7,0,14.0,0.0,1.0,21.0,A01
201400051111,0,7,0,0.0,2.0,7.0,12.0,A01
201400051111,0,14,0,0.0,0.0,8.0,1.0,B01
201400051112,0,33,0,0.0,0.0,0.0,13.0,A01
201400051113,0,7,0,0.0,2.0,4.0,2.0,B01
201400051113,0,7,0,0.0,2.0,1.0,1.0,A01
201400051114,0,7,0,0.0,2.0,4.0,23.0,B01
201400051114,0,7,0,0.0,0.0,4.0,23.0,C01
201400051114,0,7,0,0.0,2.0,1.0,2.0,A01
201400051115,0,7,0,0.0,0.0,4.0,2.0,C01
201400051115,0,10,0,0.0,2.0,4.0,2.0,B01
201400051115,0,7,0,0.0,2.0,1.0,2.0,A01
201400051116,0,7,0,0.0,0.0,7.0,1.0,B01
201400051116,0,33,0,0.0,2.0,8.0,13.0,A01
201400051117,0,7,0,4.0,2.0,2.0,14.0,A01
201400051117,0,7,0,4.0,2.0,1.0,1.0,B01
201400051117,0,7,0,0.0,0.0,8.0,1.0,C01
201400051118,1,7,0,0.0,2.0,7.0,12.0,Z01
201400051118,0,7,0,4.0,0.0,3.0,1.0,A01
201400051119,0,7,0,0.0,2.0,4.0,2.0,B01
201400051119,0,7,0,0.0,0.0,4.0,2.0,C01
201400051119,0,7,0,0.0,2.0,1.0,2.0,A01
201400051120,0,7,0,0.0,0.0,2.0,1.0,B01
201400051120,0,7,0,0.0,2.0,8.0,11.0,A01
201400051121,0,7,0,0.0,0.0,4.0,1.0,B01
201400051121,0,7,0,0.0,2.0,1.0,2.0,A01
201400051122,0,7,0,4.0,0.0,3.0,13.0,A01
201400051123,0,7,0,3.0,0.0,2.0,14.0,A01
201400051124,0,7,0,4.0,0.0,9.0,1.0,C01
201400051124,0,7,0,0.0,2.0,1.0,13.0,A01
201400051124,0,7,0,0.0,2.0,4.0,2.0,B01
201400051125,0,33,0,0.0,2.0,1.0,2.0,A01
201400051125,0,10,0,0.0,0.0,4.0,23.0,B01
201400051126,0,7,0,3.0,2.0,2.0,13.0,A01
201400051126,0,7,0,0.0,0.0,8.0,1.0,B01
201400051127,2,7,0,0.0,2.0,1.0,3.0,A01
201400051127,0,38,1,0.0,0.0,8.0,1.0,B01
201400051127,0,7,0,0.0,0.0,4.0,1.0,D01
201400051127,0,10,0,0.0,0.0,4.0,1.0,C01
201400051128,0,7,0,0.0,0.0,4.0,2.0,B01
201400051128,0,7,0,0.0,2.0,3.0,1.0,A01
201400051129,0,33,0,0.0,0.0,8.0,1.0,B01
201400051129,0,10,0,0.0,2.0,7.0,12.0,A01
201400051130,0,7,0,15.0,0.0,1.0,14.0,A01
201400051131,0,7,0,14.0,0.0,4.0,23.0,B01
201400051131,0,7,0,0.0,2.0,1.0,1.0,A01
201400051131,0,7,0,0.0,0.0,7.0,1.0,C01
201400051132,0,7,0,3.0,0.0,1.0,13.0,A01
201400051133,0,7,0,13.0,0.0,9.0,21.0,A01
201400051134,0,7,0,0.0,9.0,3.0,1.0,B01
201400051134,0,7,0,0.0,0.0,0.0,1.0,A01
201400051135,0,7,0,0.0,2.0,4.0,23.0,B01
201400051135,0,10,0,0.0,0.0,4.0,2.0,C01
201400051135,0,7,0,0.0,2.0,1.0,2.0,A01
201400051136,0,7,0,0.0,0.0,4.0,23.0,C01
201400051136,0,7,0,0.0,2.0,1.0,2.0,A01
201400051136,0,10,0,0.0,2.0,4.0,23.0,B01
201400051137,0,7,0,4.0,0.0,8.0,13.0,A01
201400051138,0,7,0,0.0,0.0,3.0,2.0,C01
201400051138,0,7,0,0.0,0.0,4.0,2.0,B01
201400051138,2,7,0,0.0,2.0,1.0,2.0,A01
201400051138,0,7,0,0.0,0.0,6.0,2.0,D01
201400051139,0,10,0,0.0,0.0,4.0,1.0,B01
201400051139,0,7,0,0.0,2.0,1.0,2.0,A01
201400051140,0,34,0,0.0,2.0,1.0,12.0,A01
201400051140,0,7,0,0.0,0.0,4.0,1.0,B01
201400051141,0,7,0,0.0,0.0,6.0,1.0,B01
201400051141,0,30,0,0.0,2.0,1.0,2.0,A01
201400051142,0,7,0,0.0,0.0,4.0,23.0,B01
201400051142,0,7,0,0.0,2.0,1.0,2.0,A01
201400051143,0,7,0,0.0,2.0,1.0,2.0,A01
201400051143,0,7,0,0.0,0.0,4.0,23.0,B01
201400051144,0,7,0,4.0,0.0,1.0,13.0,A01
201400051145,0,32,0,0.0,2.0,1.0,3.0,A01
201400051145,0,7,0,0.0,0.0,6.0,12.0,B01
201400051146,0,7,0,4.0,2.0,7.0,17.0,A01
201400051146,0,17,0,0.0,0.0,6.0,1.0,B01
201400051146,0,10,0,0.0,2.0,1.0,21.0,C01
201400051147,0,10,0,0.0,0.0,4.0,23.0,C01
201400051147,0,7,0,0.0,2.0,4.0,23.0,B01
201400051147,0,7,0,0.0,2.0,1.0,2.0,A01
201400051148,0,33,0,0.0,2.0,2.0,3.0,A01
201400051148,0,7,0,0.0,0.0,8.0,11.0,B01
201400051149,0,7,0,0.0,0.0,8.0,1.0,B01
201400051149,0,7,0,0.0,2.0,2.0,14.0,A01
201400051150,0,7,0,0.0,0.0,3.0,1.0,B01
201400051150,0,10,0,0.0,2.0,2.0,2.0,A01
201400051151,0,7,0,0.0,0.0,5.0,23.0,B01
201400051151,0,34,0,8.0,2.0,1.0,9.0,A01
201400051152,0,10,0,0.0,2.0,4.0,23.0,B01
201400051152,0,10,0,0.0,0.0,4.0,23.0,D01
201400051152,0,7,0,0.0,2.0,1.0,2.0,A01
201400051152,0,7,0,0.0,2.0,4.0,23.0,C01
201400051153,0,7,0,0.0,2.0,4.0,1.0,C01
201400051153,0,7,0,0.0,2.0,1.0,2.0,A01
201400051153,0,7,0,0.0,2.0,4.0,1.0,B01
201400051153,0,7,0,0.0,0.0,4.0,1.0,D01
201400051154,0,7,0,0.0,0.0,4.0,1.0,B01
201400051154,0,34,0,0.0,2.0,1.0,2.0,A01
201400051155,0,10,0,0.0,0.0,4.0,1.0,C01
201400051155,0,7,0,0.0,0.0,8.0,1.0,B01
201400051155,0,33,0,0.0,2.0,7.0,3.0,A01
201400051156,0,7,0,0.0,2.0,6.0,2.0,B01
201400051156,0,7,0,0.0,2.0,2.0,2.0,A01
201400051157,0,7,0,0.0,2.0,1.0,2.0,A01
201400051157,0,7,0,0.0,0.0,4.0,1.0,B01
201400051158,0,7,0,0.0,0.0,4.0,1.0,C01
201400051158,0,7,0,0.0,2.0,4.0,1.0,B01
201400051158,0,7,0,0.0,2.0,1.0,2.0,A01
201400051159,0,33,0,3.0,2.0,1.0,3.0,A01
201400051159,0,10,0,0.0,0.0,6.0,11.0,B01
201400051160,0,14,0,0.0,0.0,2.0,17.0,B01
201400051160,0,7,0,0.0,2.0,8.0,11.0,A01
201400051161,0,7,0,0.0,2.0,1.0,2.0,A01
201400051161,0,7,0,0.0,0.0,4.0,23.0,B01
201400051162,0,7,0,4.0,0.0,1.0,12.0,A01
201400051163,0,7,0,4.0,0.0,1.0,14.0,A01
201400051164,0,7,0,0.0,2.0,1.0,2.0,A01
201400051164,0,7,0,0.0,0.0,4.0,23.0,B01
201400051165,0,32,0,0.0,0.0,4.0,1.0,B01
201400051165,0,7,0,0.0,2.0,1.0,2.0,A01
201400051166,1,7,0,0.0,2.0,7.0,12.0,A01
201400051166,0,7,0,0.0,0.0,4.0,1.0,C01
201400051166,0,34,0,14.0,2.0,8.0,21.0,B01
201400051167,0,33,0,0.0,0.0,0.0,3.0,A01
201400051168,0,7,0,4.0,0.0,3.0,13.0,A01
201400051169,0,10,0,0.0,2.0,1.0,2.0,A01
201400051169,0,7,0,0.0,0.0,4.0,23.0,B01
201400051170,0,32,0,0.0,0.0,0.0,21.0,B01
201400051170,0,7,0,0.0,0.0,0.0,12.0,A01
201400051171,0,7,0,0.0,2.0,1.0,2.0,A01
201400051171,0,7,0,0.0,0.0,4.0,23.0,B01
201400051172,0,7,0,0.0,2.0,7.0,12.0,A01
201400051172,0,34,0,0.0,0.0,8.0,1.0,B01
201400051173,0,33,0,0.0,0.0,0.0,21.0,A01
201400051174,0,33,0,0.0,2.0,7.0,12.0,A01
201400051174,0,32,0,0.0,0.0,8.0,18.0,B01
201400051175,0,7,0,14.0,0.0,1.0,1.0,A01
201400051176,0,7,0,0.0,2.0,4.0,2.0,C01
201400051176,0,99,0,0.0,2.0,1.0,1.0,A01
201400051176,0,7,0,0.0,0.0,4.0,1.0,D01
201400051176,0,7,0,0.0,2.0,4.0,1.0,B01
201400051177,0,7,0,0.0,2.0,1.0,2.0,A01
201400051177,0,7,0,0.0,0.0,4.0,23.0,B01
201400051178,1,7,0,0.0,2.0,8.0,11.0,Z01
201400051178,0,33,0,0.0,0.0,7.0,17.0,B01
201400051179,0,7,0,0.0,0.0,4.0,23.0,D01
201400051179,0,7,0,0.0,0.0,4.0,23.0,C01
201400051179,0,7,0,0.0,2.0,4.0,23.0,B01
201400051179,0,7,0,0.0,2.0,1.0,2.0,A01
201400051180,0,7,0,4.0,0.0,1.0,6.0,A01
201400051181,0,33,0,0.0,0.0,0.0,0.0,A01
201400051182,0,7,0,13.0,0.0,1.0,0.0,A01
201400051183,0,7,0,0.0,2.0,7.0,1.0,A01
201400051183,0,7,0,0.0,2.0,2.0,1.0,B01
201400051184,0,7,0,0.0,0.0,9.0,0.0,A01
201400051185,0,7,0,0.0,0.0,4.0,2.0,A01
201400051185,0,31,0,0.0,0.0,1.0,2.0,B01
201400051186,0,7,0,0.0,0.0,1.0,2.0,A01
201400051187,0,7,0,3.0,6.0,1.0,21.0,A01
201400051188,0,7,0,0.0,2.0,4.0,2.0,A01
201400051188,0,7,0,0.0,2.0,1.0,2.0,B01
201400051189,0,7,0,0.0,0.0,6.0,0.0,A01
201400051189,0,7,0,0.0,2.0,6.0,1.0,B01
201400051189,0,7,0,0.0,2.0,2.0,0.0,C01
201400051190,0,7,0,3.0,0.0,1.0,1.0,A01
201400051190,0,7,0,0.0,2.0,1.0,1.0,B01
201400051191,0,33,0,3.0,0.0,7.0,1.0,A01
201400051192,0,10,0,0.0,2.0,0.0,0.0,B01
201400051192,0,10,0,0.0,0.0,2.0,0.0,A01
201400051193,0,7,0,11.0,0.0,1.0,0.0,A01
201400051194,0,10,0,0.0,0.0,8.0,1.0,E01
201400051194,0,7,0,0.0,2.0,4.0,2.0,B01
201400051194,0,7,0,0.0,2.0,1.0,2.0,C01
201400051194,0,7,0,0.0,2.0,3.0,14.0,D01
201400051194,0,7,0,0.0,0.0,4.0,2.0,A01
201400051195,0,7,0,6.0,0.0,1.0,0.0,A01
201400051196,0,7,0,3.0,0.0,1.0,1.0,A01
201400051197,0,7,0,3.0,0.0,1.0,1.0,A01
201400051198,0,7,0,16.0,0.0,1.0,1.0,A01
201400051199,0,7,0,0.0,2.0,1.0,3.0,B01
201400051199,0,7,0,3.0,2.0,7.0,1.0,A01
201400051200,0,7,0,0.0,2.0,1.0,2.0,B01
201400051200,0,7,0,0.0,0.0,4.0,1.0,A01
201400051201,0,7,0,0.0,0.0,9.0,1.0,A01
201400051202,0,10,0,0.0,0.0,9.0,1.0,A01
201400051203,0,7,0,0.0,2.0,1.0,2.0,B01
201400051203,0,7,0,0.0,0.0,4.0,1.0,A01
201400051204,0,7,0,0.0,2.0,6.0,11.0,B01
201400051204,0,7,0,0.0,2.0,2.0,2.0,A01
201400051205,0,7,0,3.0,0.0,0.0,2.0,A01
201400051206,0,7,0,0.0,2.0,5.0,12.0,A01
201400051206,0,14,0,0.0,2.0,3.0,2.0,C01
201400051206,0,7,0,0.0,2.0,4.0,2.0,B01
201400051207,0,15,0,0.0,2.0,6.0,1.0,A01
201400051207,0,7,0,0.0,2.0,2.0,21.0,B01
201400051208,0,7,0,0.0,0.0,9.0,5.0,A01
201400051209,0,7,0,0.0,2.0,4.0,1.0,B01
201400051209,0,7,0,0.0,0.0,6.0,2.0,A01
201400051209,0,7,0,0.0,2.0,1.0,0.0,C01
201400051210,0,7,0,0.0,2.0,4.0,2.0,A01
201400051210,0,7,0,0.0,2.0,4.0,2.0,B01
201400051210,0,10,0,0.0,2.0,1.0,2.0,C01
201400051211,0,7,0,0.0,2.0,1.0,2.0,B01
201400051211,0,7,0,0.0,2.0,4.0,2.0,A01
201400051212,0,7,0,0.0,2.0,4.0,2.0,B01
201400051212,0,15,0,0.0,2.0,1.0,2.0,C01
201400051212,0,7,0,0.0,0.0,4.0,2.0,A01
201400051213,0,7,0,0.0,0.0,8.0,0.0,A01
201400051214,0,7,0,0.0,2.0,1.0,2.0,B01
201400051214,0,7,0,0.0,0.0,4.0,1.0,A01
201400051215,0,7,0,0.0,0.0,6.0,1.0,A01
201400051215,0,7,0,0.0,0.0,1.0,2.0,B01
201400051216,0,7,0,3.0,0.0,2.0,1.0,A01
201400051217,0,31,0,0.0,0.0,4.0,1.0,A01
201400051217,1,7,0,0.0,2.0,2.0,0.0,Z01
201400051218,0,7,0,0.0,2.0,0.0,2.0,F01
201400051218,0,7,0,0.0,2.0,1.0,2.0,E02
201400051218,0,7,0,0.0,2.0,1.0,2.0,C01
201400051218,0,7,0,0.0,0.0,4.0,2.0,A01
201400051218,0,7,0,0.0,2.0,4.0,1.0,B01
201400051218,0,31,0,0.0,2.0,4.0,1.0,D01
201400051219,0,7,0,0.0,0.0,4.0,0.0,A01
201400051219,0,7,0,0.0,2.0,1.0,2.0,C01
201400051219,0,7,0,0.0,2.0,4.0,2.0,B01
201400051220,0,7,0,0.0,0.0,9.0,1.0,A01
201400051221,0,7,0,0.0,0.0,9.0,1.0,A01
201400051222,0,10,0,0.0,0.0,3.0,1.0,A01
201400051223,0,7,0,0.0,0.0,3.0,2.0,A01
201400051224,0,7,0,0.0,0.0,8.0,2.0,A01
201400051224,0,7,0,0.0,0.0,5.0,12.0,B01
201400051225,0,7,0,0.0,0.0,4.0,2.0,A01
201400051225,0,7,0,1.0,0.0,1.0,2.0,B01
201400051225,0,7,0,1.0,0.0,4.0,2.0,C01
201400051225,0,38,0,14.0,0.0,1.0,2.0,D01
201400051226,0,7,0,0.0,2.0,5.0,2.0,A01
201400051226,0,7,0,0.0,2.0,3.0,2.0,B01
201400051227,0,7,0,0.0,0.0,4.0,2.0,A01
201400051227,0,7,0,0.0,2.0,1.0,2.0,C01
201400051227,0,7,0,0.0,2.0,4.0,2.0,B01
201400051228,0,7,0,4.0,0.0,1.0,1.0,A01
201400051229,0,7,0,9.0,0.0,4.0,1.0,A01
201400051229,0,7,0,9.0,2.0,1.0,1.0,B01
201400051229,0,7,0,9.0,2.0,1.0,1.0,C01
201400051230,0,7,0,0.0,0.0,4.0,2.0,A01
201400051230,0,7,0,0.0,2.0,4.0,2.0,B01
201400051230,0,7,0,0.0,2.0,1.0,2.0,C01
201400051231,0,7,0,14.0,2.0,4.0,14.0,A01
201400051231,0,15,0,0.0,2.0,2.0,1.0,B01
201400051232,0,10,0,5.0,0.0,2.0,14.0,A01
201400051233,0,7,0,0.0,0.0,4.0,2.0,A01
201400051233,0,7,0,0.0,0.0,4.0,12.0,B01
201400051233,0,33,0,0.0,2.0,1.0,3.0,C01
201400051234,0,17,0,0.0,0.0,4.0,2.0,A01
201400051234,0,14,0,0.0,2.0,1.0,1.0,B01
201400051235,0,15,0,0.0,0.0,4.0,2.0,A01
201400051235,0,7,0,0.0,0.0,1.0,2.0,B01
201400051236,0,7,0,0.0,0.0,4.0,2.0,A01
201400051236,0,7,0,0.0,2.0,1.0,2.0,B01
201400051237,0,7,0,4.0,0.0,1.0,0.0,A01
201400051238,0,7,0,0.0,0.0,4.0,1.0,A01
201400051238,0,7,0,0.0,0.0,4.0,1.0,B01
201400051238,0,7,0,0.0,2.0,1.0,1.0,C01
201400051239,0,7,0,0.0,2.0,4.0,2.0,A01
201400051239,0,7,0,0.0,2.0,1.0,2.0,B01
201400051240,0,7,0,0.0,0.0,8.0,0.0,A01
201400051241,0,33,0,0.0,0.0,7.0,2.0,A01
201400051241,0,99,0,0.0,0.0,3.0,11.0,B01
201400051242,0,7,0,3.0,0.0,2.0,1.0,A01
201400051243,0,7,0,3.0,0.0,3.0,0.0,A01
201400051244,0,10,0,3.0,0.0,2.0,0.0,A01
201400051245,0,7,0,3.0,0.0,1.0,6.0,A01
201400051245,0,7,0,1.0,2.0,1.0,1.0,B01
201400051246,0,7,0,1.0,0.0,1.0,1.0,A01
201400051246,0,7,0,0.0,0.0,4.0,0.0,B01
201400051247,0,7,0,0.0,2.0,5.0,21.0,A01
201400051247,0,7,0,0.0,2.0,1.0,12.0,B01
201400051248,0,7,0,0.0,0.0,4.0,1.0,A01
201400051248,0,7,0,0.0,2.0,4.0,1.0,B01
201400051248,0,7,0,0.0,2.0,1.0,1.0,C01
201400051249,0,31,0,0.0,2.0,6.0,1.0,A01
201400051249,0,7,0,0.0,2.0,5.0,17.0,B01
201400051250,0,7,0,0.0,0.0,6.0,1.0,A01
201400051250,0,7,0,0.0,0.0,6.0,1.0,B01
201400051250,0,7,0,0.0,2.0,1.0,2.0,C01
201400051251,0,7,0,0.0,2.0,4.0,2.0,A01
201400051251,0,10,0,0.0,2.0,4.0,1.0,B01
201400051251,0,7,0,0.0,2.0,1.0,1.0,C01
201400051252,0,7,0,3.0,0.0,1.0,0.0,A01
201400051253,0,7,0,0.0,2.0,4.0,1.0,A01
201400051253,0,7,0,0.0,2.0,1.0,2.0,B01
201400051254,0,7,0,0.0,0.0,6.0,2.0,A01
201400051254,0,13,0,0.0,2.0,2.0,13.0,B01
201400051255,0,7,0,2.0,0.0,1.0,1.0,A01
201400051256,0,7,0,7.0,0.0,1.0,2.0,A01
201400051257,0,7,0,7.0,0.0,1.0,0.0,A01
201400051258,0,7,0,0.0,0.0,6.0,11.0,A01
201400051258,0,33,0,0.0,2.0,1.0,1.0,B01
201400051259,0,7,0,0.0,2.0,6.0,1.0,A01
201400051259,0,10,0,0.0,2.0,5.0,11.0,B01
201400051259,0,7,0,4.0,2.0,1.0,1.0,C01
201400051260,0,7,0,0.0,0.0,4.0,1.0,A01
201400051260,0,7,0,0.0,2.0,1.0,1.0,B01
201400051261,0,7,0,0.0,0.0,4.0,2.0,A01
201400051261,0,7,0,0.0,0.0,1.0,2.0,B01
201400051262,0,7,0,0.0,0.0,6.0,1.0,A01
201400051262,0,7,0,0.0,2.0,2.0,0.0,B01
201400051262,0,7,0,0.0,2.0,2.0,1.0,C01
201400051263,0,7,0,0.0,2.0,4.0,23.0,A01
201400051263,0,7,0,0.0,2.0,1.0,2.0,B01
201400051263,0,7,0,0.0,2.0,4.0,2.0,C01
201400051263,0,7,0,0.0,2.0,1.0,2.0,D01
201400051264,0,33,0,0.0,0.0,1.0,2.0,A01
201400051265,0,33,0,0.0,0.0,1.0,1.0,A01
201400051265,0,7,0,0.0,0.0,6.0,11.0,B01
201400051265,0,10,0,0.0,0.0,8.0,1.0,C01
201400051266,0,7,0,0.0,2.0,1.0,1.0,B01
201400051267,0,7,0,0.0,0.0,9.0,1.0,A01
201400051268,0,7,0,4.0,0.0,1.0,1.0,A01
201400051269,0,7,0,0.0,2.0,3.0,2.0,A01
201400051269,0,7,0,0.0,2.0,2.0,2.0,B01
201400051269,0,7,0,0.0,2.0,2.0,2.0,C01
201400051270,0,7,0,4.0,0.0,3.0,1.0,A01
201400051271,0,7,0,0.0,0.0,0.0,2.0,A01
201400051271,0,7,0,0.0,0.0,1.0,2.0,B01
201400051271,0,10,0,0.0,0.0,1.0,11.0,C01
201400051271,0,10,0,0.0,0.0,1.0,2.0,D01
201400051271,0,10,0,0.0,0.0,3.0,2.0,E01
201400051271,0,34,0,0.0,0.0,0.0,2.0,F02
201400051272,0,7,0,0.0,0.0,4.0,0.0,A01
201400051272,0,7,0,0.0,2.0,1.0,0.0,B01
201400051273,0,7,0,0.0,2.0,4.0,2.0,A01
201400051273,0,7,0,0.0,2.0,1.0,2.0,B01
201400051274,0,7,0,0.0,0.0,1.0,0.0,A01
201400051275,0,33,0,3.0,0.0,1.0,2.0,A01
201400051276,0,33,0,0.0,0.0,1.0,1.0,A01
201400051277,0,10,0,0.0,2.0,4.0,2.0,A01
201400051277,0,7,0,0.0,2.0,1.0,2.0,B01
201400051278,0,7,0,4.0,0.0,3.0,1.0,A01
201400051279,0,10,0,4.0,2.0,2.0,14.0,A01
201400051279,0,10,0,0.0,2.0,8.0,1.0,B01
201400051280,0,13,0,0.0,0.0,4.0,2.0,A01
201400051280,0,7,0,0.0,0.0,1.0,2.0,B01
201400051281,0,7,0,0.0,0.0,4.0,1.0,A01
201400051281,0,7,0,0.0,0.0,1.0,2.0,B01
201400051281,0,7,0,0.0,2.0,8.0,2.0,C01
201400051282,0,7,0,0.0,2.0,6.0,12.0,A01
201400051282,0,7,0,0.0,2.0,1.0,1.0,B01
201400051283,0,7,0,0.0,0.0,3.0,1.0,A01
201400051283,0,7,0,0.0,2.0,1.0,1.0,B01
201400051284,0,7,0,0.0,0.0,0.0,2.0,A01
201400051284,0,33,0,0.0,0.0,9.0,2.0,B01
201400051285,0,13,0,0.0,0.0,4.0,1.0,A01
201400051285,0,7,0,0.0,2.0,1.0,1.0,B01
201400051286,0,7,0,0.0,2.0,4.0,1.0,A01
201400051286,0,7,0,0.0,2.0,1.0,2.0,B01
201400051287,0,7,0,0.0,0.0,4.0,1.0,A01
201400051287,0,7,0,0.0,2.0,1.0,2.0,B01
201400051288,0,7,0,0.0,2.0,4.0,14.0,B01
201400051288,0,7,0,4.0,2.0,6.0,1.0,A01
201400051289,0,7,0,0.0,0.0,4.0,2.0,A01
201400051289,0,7,0,0.0,0.0,1.0,2.0,B01
201400051290,0,10,0,0.0,0.0,0.0,1.0,A01
201400051290,0,7,0,0.0,2.0,7.0,1.0,B01
201400051290,0,33,0,14.0,2.0,1.0,1.0,C01
201400051291,0,7,0,0.0,0.0,4.0,0.0,A01
201400051291,1,7,0,0.0,2.0,1.0,2.0,B01
201400051292,0,10,0,0.0,0.0,0.0,0.0,A01
201400051292,0,7,0,14.0,0.0,1.0,14.0,B01
201400051293,0,7,0,0.0,0.0,4.0,2.0,A01
201400051293,0,7,0,0.0,2.0,1.0,2.0,B01
201400051294,0,33,0,0.0,2.0,6.0,2.0,A01
201400051294,0,33,0,0.0,2.0,1.0,1.0,B01
201400051295,0,7,0,0.0,0.0,4.0,2.0,A01
201400051295,0,7,0,0.0,0.0,1.0,2.0,B01
201400051296,0,7,0,0.0,0.0,6.0,1.0,A01
201400051296,0,14,0,0.0,2.0,2.0,12.0,B01
201400051296,0,33,0,0.0,0.0,0.0,0.0,C01
201400051297,0,7,0,0.0,0.0,4.0,1.0,A01
201400051297,0,7,0,0.0,2.0,2.0,17.0,B01
201400051298,0,7,0,0.0,0.0,6.0,1.0,A01
201400051298,0,7,0,0.0,2.0,1.0,0.0,B01
201400051298,0,7,0,0.0,2.0,1.0,1.0,C01
201400051298,0,7,0,0.0,2.0,1.0,2.0,D01
201400051299,0,33,0,0.0,2.0,2.0,2.0,A01
201400051300,0,7,0,0.0,0.0,3.0,0.0,A01
201400051300,0,10,0,0.0,0.0,5.0,0.0,B01
201400051300,0,33,0,0.0,2.0,2.0,3.0,C01
201400051301,1,7,0,1.0,0.0,9.0,2.0,A01
201400051302,0,7,0,4.0,0.0,8.0,0.0,A01
201400051303,0,7,0,3.0,0.0,2.0,1.0,A01
201400051304,0,7,0,0.0,2.0,7.0,14.0,A01
201400051304,0,7,0,0.0,2.0,8.0,2.0,B01
201400051305,0,7,0,0.0,2.0,2.0,12.0,A01
201400051305,0,7,0,0.0,2.0,6.0,2.0,B01
201400051306,0,7,0,0.0,2.0,4.0,2.0,A01
201400051306,0,7,0,0.0,2.0,1.0,2.0,B01
201400051306,1,7,0,0.0,2.0,4.0,2.0,Z01
201400051307,0,7,0,0.0,0.0,1.0,0.0,A01
201400051308,0,7,0,0.0,2.0,1.0,1.0,A01
201400051308,0,7,0,0.0,2.0,4.0,1.0,B01
201400051308,0,7,0,0.0,2.0,4.0,1.0,C01
201400051308,0,7,0,0.0,2.0,4.0,1.0,D01
201400051309,0,7,0,0.0,0.0,3.0,2.0,A01
201400051309,0,15,0,0.0,0.0,5.0,2.0,B01
201400051310,0,7,0,0.0,2.0,4.0,1.0,A01
201400051310,0,7,0,0.0,2.0,1.0,0.0,B01
201400051311,0,7,0,3.0,2.0,7.0,2.0,A01
201400051311,0,7,0,0.0,2.0,8.0,11.0,B01