Num_Acc,senc,catv,occutc,obs,obsm,choc,manv,num_veh
201400051791,0,1,0,0.0,2.0,0.0,1.0,C01
201400051791,0,7,0,0.0,2.0,7.0,13.0,A01
201400051791,0,1,0,0.0,2.0,8.0,17.0,B01
201400051792,0,31,0,14.0,0.0,1.0,14.0,A01
201400051793,0,30,0,0.0,2.0,0.0,1.0,B01
201400051793,0,7,0,0.0,2.0,0.0,9.0,A01
201400051794,2,30,0,1.0,2.0,0.0,15.0,Z01
201400051794,1,30,0,0.0,2.0,0.0,1.0,A01
201400051795,0,33,0,0.0,2.0,8.0,3.0,B01
201400051795,0,10,0,0.0,2.0,8.0,1.0,C01
201400051795,0,7,0,0.0,2.0,7.0,14.0,A01
201400051796,0,32,0,0.0,2.0,3.0,3.0,B01
201400051796,0,7,0,0.0,2.0,5.0,12.0,A01
201400051797,0,7,0,0.0,2.0,2.0,1.0,A01
201400051797,0,1,0,0.0,2.0,7.0,15.0,B01
201400051798,0,2,0,0.0,1.0,0.0,1.0,A01
201400051799,0,34,0,0.0,1.0,3.0,1.0,A01
201400051800,0,32,0,0.0,2.0,0.0,3.0,B01
201400051800,0,10,0,0.0,2.0,0.0,23.0,C01
201400051800,0,7,0,0.0,2.0,3.0,23.0,A01
201400051801,0,1,0,0.0,2.0,7.0,15.0,A01
201400051801,0,7,0,0.0,2.0,3.0,1.0,B01
201400051802,0,2,0,12.0,0.0,2.0,1.0,A01
201400051803,0,7,0,0.0,2.0,3.0,15.0,A01
201400051803,0,34,0,0.0,2.0,3.0,1.0,B01
201400051804,0,7,0,0.0,2.0,5.0,22.0,A01
201400051804,0,1,0,0.0,2.0,1.0,18.0,B01
201400051805,0,30,0,12.0,0.0,2.0,14.0,A01
201400051806,0,31,0,0.0,2.0,1.0,1.0,A01
201400051806,1,7,0,0.0,2.0,1.0,15.0,Z01
201400051807,0,30,0,0.0,2.0,0.0,21.0,A01
201400051808,0,7,0,0.0,2.0,8.0,13.0,A01
201400051808,0,1,0,0.0,2.0,1.0,17.0,B01
201400051809,0,7,0,0.0,1.0,1.0,16.0,A01
201400051810,0,32,0,0.0,2.0,1.0,11.0,A01
201400051810,0,7,0,0.0,2.0,6.0,1.0,B01
201400051811,0,33,0,0.0,2.0,2.0,12.0,A01
201400051811,0,7,0,0.0,2.0,3.0,1.0,B01
201400051812,0,33,0,0.0,1.0,1.0,1.0,A01
201400051813,0,7,0,0.0,2.0,5.0,12.0,A01
201400051813,0,33,0,0.0,2.0,8.0,1.0,B01
201400051814,0,7,0,0.0,2.0,3.0,17.0,B01
201400051814,0,31,0,0.0,2.0,1.0,1.0,A01
201400051815,2,1,0,0.0,1.0,0.0,5.0,Z01
201400051816,0,10,0,0.0,2.0,8.0,10.0,A01
201400051816,0,31,0,0.0,2.0,3.0,5.0,B01
201400051817,0,7,0,0.0,1.0,7.0,15.0,A01
201400051818,0,7,0,0.0,2.0,3.0,15.0,B01
201400051818,0,31,0,0.0,2.0,1.0,17.0,A01
201400051819,0,7,0,7.0,0.0,1.0,13.0,A01
201400051820,1,10,0,0.0,2.0,0.0,13.0,Z01
201400051820,0,2,0,0.0,2.0,3.0,1.0,A01
201400051821,0,33,0,14.0,0.0,7.0,11.0,A01
201400051822,0,7,0,0.0,2.0,4.0,23.0,B01
201400051822,0,1,0,0.0,1.0,1.0,7.0,A01
201400051823,0,33,0,0.0,2.0,0.0,2.0,A01
201400051823,0,34,0,0.0,2.0,0.0,23.0,B01
201400051824,2,7,0,0.0,2.0,3.0,1.0,A01
201400051824,0,7,0,0.0,2.0,6.0,23.0,B01
201400051825,0,32,0,0.0,0.0,0.0,1.0,A01
201400051826,0,1,0,0.0,0.0,0.0,1.0,A01
201400051827,0,1,0,0.0,2.0,1.0,5.0,A01
201400051827,0,32,0,0.0,2.0,1.0,1.0,B01
201400051828,0,34,0,12.0,0.0,1.0,11.0,A01
201400051829,0,2,0,1.0,0.0,7.0,1.0,A01
201400051830,0,7,0,0.0,2.0,2.0,10.0,B01
201400051830,0,2,0,0.0,2.0,1.0,1.0,A01
201400051831,0,33,0,8.0,2.0,7.0,1.0,B01
201400051831,0,7,0,0.0,2.0,8.0,11.0,A01
201400051832,0,2,0,0.0,1.0,1.0,1.0,A01
201400051833,0,30,0,1.0,0.0,3.0,13.0,A01
201400051834,0,33,0,0.0,1.0,2.0,1.0,A01
201400051835,0,10,0,0.0,1.0,1.0,1.0,A01
201400051836,0,7,0,0.0,2.0,1.0,22.0,B01
201400051836,0,34,0,0.0,2.0,1.0,18.0,A01
201400051837,0,30,0,0.0,2.0,7.0,1.0,A01
201400051837,1,30,0,0.0,2.0,0.0,1.0,B01
201400051838,0,34,0,0.0,0.0,7.0,1.0,A01
201400051839,0,7,0,0.0,2.0,1.0,1.0,B01
201400051839,0,7,0,0.0,2.0,4.0,23.0,A01
201400051840,0,7,0,0.0,2.0,2.0,22.0,A01
201400051840,0,2,0,0.0,2.0,2.0,18.0,B01
201400051841,0,33,0,0.0,0.0,2.0,1.0,A01
201400051842,0,7,0,0.0,2.0,5.0,1.0,A01
201400051842,0,7,0,0.0,2.0,1.0,1.0,B01
201400051843,0,31,0,0.0,0.0,8.0,1.0,A01
201400051844,0,33,0,0.0,2.0,4.0,2.0,B01
201400051844,0,32,0,0.0,2.0,1.0,2.0,A01
201400051845,0,32,0,0.0,1.0,1.0,17.0,A01
201400051846,0,32,0,0.0,2.0,8.0,1.0,A01
201400051846,0,33,0,0.0,2.0,1.0,1.0,B01
201400051847,0,7,0,14.0,0.0,3.0,1.0,A01
201400051848,0,7,0,0.0,1.0,2.0,1.0,A01
201400051849,0,32,0,0.0,2.0,8.0,1.0,B01
201400051849,0,7,0,0.0,2.0,2.0,15.0,A01
201400051850,0,7,0,0.0,1.0,1.0,15.0,A01
201400051851,0,7,0,0.0,1.0,1.0,1.0,A01
201400051852,0,33,0,0.0,2.0,7.0,17.0,B01
201400051852,0,7,0,0.0,2.0,3.0,10.0,A01
201400051853,0,7,0,0.0,2.0,6.0,1.0,B01
201400051853,0,33,0,0.0,2.0,1.0,1.0,A01
201400051854,0,7,0,0.0,2.0,3.0,15.0,A01
201400051854,0,30,0,0.0,2.0,3.0,1.0,B01
201400051855,0,31,0,0.0,0.0,2.0,1.0,A01
201400051855,0,7,0,0.0,0.0,2.0,1.0,B01
201400051856,0,7,0,0.0,1.0,2.0,1.0,A01
201400051857,0,33,0,8.0,0.0,0.0,21.0,A01
201400051858,0,7,0,0.0,1.0,2.0,1.0,A01
201400051859,0,34,0,0.0,1.0,2.0,1.0,A01
201400051860,0,34,0,12.0,0.0,2.0,21.0,A01
201400051861,0,7,0,0.0,2.0,2.0,1.0,A01
201400051861,0,33,0,0.0,2.0,1.0,1.0,B01
201400051862,0,10,0,0.0,1.0,1.0,1.0,A01
201400051863,0,2,0,14.0,0.0,1.0,21.0,A01
201400051864,0,7,0,0.0,2.0,0.0,17.0,A01
201400051864,0,1,0,0.0,2.0,0.0,1.0,B01
201400051865,0,32,0,0.0,2.0,1.0,1.0,B01
201400051865,0,10,0,0.0,2.0,3.0,9.0,A01
201400051866,0,1,0,0.0,2.0,2.0,19.0,B01
201400051866,1,7,0,0.0,2.0,1.0,1.0,A01
201400051867,0,7,0,0.0,2.0,1.0,1.0,A01
201400051867,0,30,0,0.0,2.0,8.0,1.0,B01
201400051868,0,7,0,0.0,2.0,6.0,15.0,A01
201400051868,0,31,0,0.0,2.0,1.0,17.0,B01
201400051869,0,7,0,0.0,2.0,2.0,1.0,A01
201400051869,0,31,0,0.0,2.0,3.0,18.0,B01
201400051870,1,7,0,0.0,1.0,6.0,1.0,Z01
201400051871,0,32,0,0.0,1.0,1.0,1.0,A01
201400051872,0,2,0,0.0,2.0,3.0,2.0,B01
201400051872,0,7,0,0.0,2.0,2.0,14.0,A01
201400051873,0,10,0,0.0,2.0,3.0,11.0,B01
201400051873,0,1,0,0.0,2.0,7.0,1.0,A01
201400051874,0,7,0,0.0,2.0,8.0,15.0,B01
201400051874,0,31,0,0.0,2.0,7.0,17.0,A01
201400051875,0,1,0,0.0,2.0,8.0,1.0,A01
201400051875,0,7,0,0.0,2.0,8.0,16.0,B01
201400051876,0,30,0,14.0,0.0,0.0,14.0,A01
201400051877,0,7,0,0.0,2.0,7.0,7.0,B01
201400051877,0,32,0,0.0,2.0,1.0,1.0,A01
201400051878,0,1,0,0.0,2.0,3.0,1.0,B01
201400051878,0,7,0,0.0,2.0,2.0,1.0,A01
201400051879,0,7,0,0.0,2.0,8.0,15.0,A01
201400051879,0,31,0,0.0,2.0,2.0,5.0,B01
201400051880,0,7,0,0.0,2.0,2.0,1.0,A01
201400051880,0,30,0,0.0,2.0,3.0,1.0,B01
201400051881,0,10,0,0.0,1.0,2.0,1.0,A01
201400051882,0,32,0,0.0,2.0,3.0,1.0,A01
201400051882,0,1,0,0.0,2.0,4.0,11.0,B01
201400051883,1,7,0,0.0,2.0,3.0,10.0,Z01
201400051883,0,32,0,0.0,2.0,2.0,17.0,B01
201400051884,0,7,0,0.0,2.0,3.0,1.0,B01
201400051884,0,30,0,0.0,2.0,2.0,1.0,A01
201400051885,0,7,0,0.0,2.0,0.0,15.0,B01
201400051885,0,31,0,0.0,2.0,0.0,17.0,A01
201400051886,0,7,0,0.0,2.0,1.0,1.0,A01
201400051886,0,33,0,0.0,2.0,6.0,1.0,B01
201400051887,0,33,0,0.0,1.0,1.0,1.0,A01
201400051888,1,2,0,0.0,1.0,2.0,1.0,Z01
201400051889,0,33,0,0.0,2.0,1.0,1.0,A01
201400051889,0,31,0,0.0,2.0,8.0,1.0,B01
201400051890,0,7,0,0.0,2.0,2.0,1.0,A01
201400051890,0,32,0,0.0,2.0,8.0,1.0,B01
201400051891,0,33,0,0.0,2.0,3.0,1.0,B01
201400051891,1,10,0,0.0,2.0,0.0,17.0,A01
201400051892,0,7,0,0.0,2.0,2.0,22.0,B01
201400051892,0,34,0,0.0,2.0,7.0,18.0,A01
201400051893,0,7,0,0.0,2.0,4.0,23.0,B01
201400051893,0,2,0,0.0,2.0,1.0,2.0,A01
201400051894,0,7,0,0.0,2.0,1.0,15.0,A01
201400051894,0,32,0,0.0,2.0,1.0,1.0,B01
201400051895,0,2,0,8.0,0.0,7.0,1.0,A01
201400051896,0,37,0,0.0,1.0,2.0,1.0,A01
201400051897,0,2,0,0.0,1.0,1.0,1.0,A01
201400051898,0,7,0,0.0,2.0,7.0,22.0,A01
201400051898,0,34,0,1.0,2.0,9.0,18.0,B01
201400051899,0,10,0,0.0,2.0,2.0,1.0,A01
201400051899,0,32,0,0.0,2.0,8.0,1.0,B01
201400051900,0,31,0,0.0,2.0,1.0,17.0,A01
201400051900,0,7,0,0.0,2.0,3.0,9.0,B01
201400051901,0,10,0,0.0,1.0,3.0,15.0,A01
201400051902,0,7,0,0.0,2.0,2.0,16.0,A01
201400051902,0,33,0,1.0,2.0,3.0,18.0,B01
201400051903,0,31,0,0.0,2.0,1.0,2.0,A01
201400051903,0,7,0,0.0,2.0,4.0,23.0,B01
201400051904,0,32,0,0.0,2.0,7.0,15.0,A01
201400051904,0,32,0,0.0,2.0,8.0,1.0,B01
201400051905,0,14,0,0.0,2.0,6.0,15.0,A01
201400051905,0,32,0,1.0,2.0,1.0,17.0,B01
201400051906,0,1,0,0.0,2.0,2.0,15.0,A01
201400051906,0,32,0,0.0,2.0,3.0,1.0,B01
201400051907,0,33,0,0.0,2.0,7.0,1.0,A01
201400051907,0,10,0,0.0,2.0,2.0,1.0,B01
201400051908,0,33,0,0.0,2.0,1.0,17.0,B01
201400051908,0,7,0,0.0,2.0,3.0,15.0,A01
201400051909,0,1,0,0.0,2.0,0.0,1.0,A01
201400051909,0,7,0,0.0,2.0,4.0,23.0,B01
201400051910,0,10,0,0.0,1.0,6.0,9.0,A01
201400051911,0,7,0,0.0,2.0,2.0,14.0,A01
201400051911,0,30,0,0.0,2.0,4.0,1.0,B01
201400051912,0,7,0,0.0,2.0,1.0,15.0,A01
201400051912,0,33,0,0.0,2.0,2.0,1.0,B01
201400051913,0,34,0,0.0,2.0,1.0,1.0,B01
201400051913,0,7,0,0.0,2.0,5.0,1.0,A01
201400051914,0,33,0,0.0,1.0,1.0,0.0,A01
201400051915,0,38,1,0.0,2.0,2.0,1.0,B01
201400051915,0,37,1,0.0,2.0,0.0,18.0,A01
201400051916,0,7,0,0.0,2.0,4.0,2.0,B01
201400051916,0,10,0,0.0,2.0,1.0,2.0,A01
201400051917,0,10,0,0.0,1.0,1.0,1.0,A01
201400051918,0,1,0,0.0,2.0,1.0,1.0,A01
201400051918,0,7,0,0.0,2.0,2.0,1.0,B01
201400051919,0,2,0,0.0,2.0,1.0,17.0,A01
201400051919,0,7,0,0.0,2.0,6.0,15.0,B01
201400051920,0,33,0,0.0,0.0,0.0,1.0,A01
201400051921,0,7,0,0.0,2.0,1.0,2.0,A01
201400051921,0,1,0,0.0,2.0,8.0,7.0,B01
201400051922,0,7,0,0.0,2.0,4.0,23.0,B01
201400051922,0,30,0,0.0,2.0,1.0,2.0,A01
201400051923,0,7,0,0.0,1.0,2.0,17.0,A01
201400051924,0,1,0,0.0,1.0,1.0,1.0,A01
201400051925,0,7,0,0.0,1.0,0.0,15.0,A01
201400051926,0,34,0,0.0,2.0,7.0,1.0,B01
201400051926,0,7,0,0.0,2.0,8.0,13.0,A01
201400051927,0,7,0,0.0,2.0,3.0,2.0,A01
201400051927,0,33,0,0.0,2.0,4.0,23.0,B01
201400051928,0,7,0,0.0,2.0,0.0,22.0,A01
201400051928,0,1,0,0.0,2.0,0.0,1.0,B01
201400051929,0,30,0,0.0,0.0,0.0,1.0,A01
201400051930,0,2,0,0.0,2.0,2.0,17.0,A01
201400051930,0,7,0,0.0,2.0,3.0,15.0,B01
201400051931,0,7,0,0.0,2.0,7.0,16.0,A01
201400051931,0,34,0,0.0,2.0,8.0,18.0,B01
201400051932,0,7,0,0.0,2.0,2.0,1.0,A01
201400051932,0,34,0,0.0,2.0,1.0,1.0,B01
201400051933,0,1,0,0.0,2.0,4.0,17.0,A01
201400051933,0,30,0,3.0,2.0,1.0,15.0,B01
201400051934,0,7,0,0.0,1.0,4.0,20.0,A01
201400051935,0,7,0,0.0,1.0,3.0,15.0,A01
201400051936,0,1,0,0.0,2.0,1.0,1.0,B01
201400051936,0,30,0,0.0,2.0,5.0,16.0,A01
201400051937,0,7,0,0.0,2.0,2.0,1.0,A01
201400051937,0,33,0,0.0,2.0,1.0,1.0,B01
201400051938,0,7,0,0.0,2.0,1.0,1.0,A01
201400051938,0,30,0,0.0,2.0,4.0,2.0,B01
201400051939,1,30,0,0.0,1.0,1.0,16.0,Z01
201400051940,0,33,0,0.0,2.0,4.0,23.0,B01
201400051940,0,7,0,0.0,2.0,2.0,2.0,A01
201400051941,0,34,0,11.0,0.0,1.0,12.0,A01
201400051942,0,7,0,0.0,2.0,3.0,10.0,A01
201400051942,0,34,0,0.0,2.0,2.0,1.0,B01
201400051943,0,33,0,0.0,2.0,5.0,1.0,A01
201400051943,0,10,0,0.0,2.0,1.0,1.0,B01
201400051944,1,7,0,0.0,1.0,1.0,1.0,Z01
201400051945,0,32,0,0.0,2.0,3.0,1.0,A01
201400051945,1,7,0,0.0,2.0,0.0,1.0,Z01
201400051946,0,7,0,0.0,2.0,2.0,23.0,B01
201400051946,0,33,0,0.0,2.0,3.0,2.0,A01
201400051947,0,33,0,0.0,2.0,1.0,17.0,A01
201400051947,0,33,0,0.0,2.0,3.0,15.0,B01
201400051948,0,7,0,0.0,1.0,0.0,4.0,A01
201400051949,0,2,0,0.0,1.0,1.0,1.0,A01
201400051950,0,31,0,0.0,2.0,1.0,1.0,B01
201400051950,0,10,0,0.0,2.0,6.0,10.0,A01
201400051951,0,33,0,0.0,1.0,1.0,1.0,A01
201400051952,0,10,0,0.0,2.0,1.0,16.0,A01
201400051952,0,1,0,0.0,2.0,4.0,7.0,B01
201400051953,0,7,0,0.0,2.0,1.0,1.0,A01
201400051953,0,7,0,7.0,2.0,7.0,1.0,B01
201400051954,0,1,0,0.0,0.0,0.0,7.0,A01
201400051955,0,7,0,0.0,2.0,3.0,11.0,A01
201400051955,0,33,0,0.0,2.0,2.0,17.0,B01
201400051956,0,10,0,0.0,2.0,2.0,1.0,A01
201400051956,0,30,0,0.0,2.0,1.0,1.0,B01
201400051957,0,7,0,0.0,2.0,2.0,1.0,A01
201400051957,0,33,0,0.0,2.0,3.0,1.0,B01
201400051958,0,30,0,0.0,2.0,2.0,17.0,A01
201400051958,0,7,0,0.0,2.0,3.0,15.0,B01
201400051959,0,7,0,0.0,1.0,2.0,1.0,A01
201400051960,0,34,0,0.0,1.0,1.0,18.0,A01
201400051961,0,33,0,0.0,2.0,1.0,1.0,B01
201400051961,0,7,0,0.0,2.0,5.0,1.0,A01
201400051962,1,7,0,0.0,2.0,0.0,1.0,Z01
201400051962,0,7,0,0.0,2.0,5.0,1.0,B01
201400051963,1,7,0,0.0,1.0,3.0,1.0,Z01
201400051964,0,10,0,0.0,2.0,2.0,9.0,A01
201400051964,0,31,0,0.0,2.0,3.0,1.0,B01
201400051965,0,34,0,0.0,2.0,8.0,1.0,B01
201400051965,0,7,0,0.0,2.0,2.0,15.0,A01
201400051966,0,2,0,0.0,1.0,7.0,1.0,A01
201400051967,0,34,0,0.0,2.0,8.0,18.0,A01
201400051967,0,10,0,0.0,2.0,2.0,1.0,B01
201400051968,0,32,0,0.0,1.0,1.0,1.0,A01
201400051969,0,7,0,0.0,2.0,8.0,9.0,A01
201400051969,0,31,0,0.0,2.0,0.0,1.0,B01
201400051970,0,30,0,0.0,0.0,0.0,15.0,A01
201400051971,0,2,0,0.0,0.0,0.0,1.0,A01
201400051972,0,31,0,14.0,1.0,1.0,1.0,A01
201400051973,0,7,0,0.0,1.0,3.0,15.0,A01
201400051974,0,7,0,0.0,2.0,5.0,15.0,A01
201400051974,0,32,0,0.0,2.0,1.0,1.0,B01
201400051975,0,7,0,0.0,2.0,3.0,15.0,A01
201400051975,0,2,0,0.0,2.0,2.0,1.0,B01
201400051976,0,33,0,0.0,1.0,8.0,1.0,A01
201400051977,0,7,0,0.0,1.0,3.0,15.0,A01
201400051978,0,31,0,0.0,1.0,8.0,1.0,A01
201400051979,0,2,0,0.0,1.0,1.0,1.0,A01
201400051980,0,32,0,1.0,0.0,1.0,21.0,A01
201400051981,0,10,0,0.0,1.0,4.0,4.0,A01
201400051982,0,30,0,0.0,0.0,0.0,1.0,A01
201400051983,0,31,0,0.0,2.0,8.0,1.0,B01
201400051983,0,7,0,0.0,2.0,0.0,16.0,A01
201400051984,0,37,3,0.0,1.0,2.0,1.0,A01
201400051985,0,7,0,0.0,1.0,4.0,4.0,A01
201400051986,0,7,0,0.0,1.0,3.0,15.0,A01
201400051987,0,7,0,0.0,2.0,4.0,23.0,B01
201400051987,0,7,0,0.0,2.0,1.0,1.0,A01
201400051987,0,7,0,0.0,2.0,4.0,23.0,C01
201400051988,0,33,0,0.0,0.0,0.0,1.0,A01
201400051989,0,30,0,0.0,2.0,1.0,7.0,A01
201400051989,0,7,0,0.0,0.0,2.0,16.0,B01
201400051990,0,7,0,0.0,1.0,3.0,15.0,A01
201400051991,0,1,0,0.0,2.0,1.0,5.0,A01
201400051991,0,7,0,0.0,0.0,3.0,1.0,B01
201400051992,0,1,0,0.0,2.0,1.0,1.0,B01
201400051992,0,7,0,0.0,2.0,3.0,22.0,A01
201400051993,1,7,0,0.0,2.0,0.0,17.0,Z01
201400051993,0,33,0,0.0,2.0,3.0,1.0,A01
201400051994,0,1,0,0.0,2.0,2.0,1.0,A01
201400051994,0,7,0,0.0,2.0,3.0,22.0,B01
201400051995,1,7,0,0.0,1.0,0.0,5.0,Z01
201400051996,0,7,0,0.0,2.0,2.0,9.0,A01
201400051996,0,1,0,0.0,2.0,8.0,1.0,B01
201400051997,0,2,0,0.0,2.0,8.0,1.0,A01
201400051997,0,10,0,0.0,2.0,2.0,14.0,B01
201400051998,0,31,0,0.0,2.0,1.0,2.0,A01
201400051998,0,10,0,0.0,2.0,4.0,23.0,B01
201400051999,0,37,1,0.0,2.0,2.0,7.0,A01
201400051999,0,31,0,0.0,2.0,8.0,15.0,B01
201400052000,0,32,0,0.0,2.0,1.0,1.0,A01
201400052000,0,32,0,0.0,2.0,6.0,23.0,C01
201400052000,0,7,0,0.0,2.0,8.0,23.0,D01
201400052000,0,32,0,0.0,2.0,4.0,23.0,B01
201400052001,0,33,0,0.0,0.0,3.0,7.0,A01
201400052002,0,14,0,0.0,2.0,5.0,16.0,B01
201400052002,0,7,0,0.0,2.0,3.0,7.0,A01
201400052003,0,2,0,0.0,0.0,2.0,1.0,A01
201400052004,0,30,0,0.0,2.0,1.0,2.0,A01
201400052004,0,7,0,0.0,2.0,6.0,23.0,B01
201400052005,0,1,0,0.0,1.0,7.0,1.0,A01
201400052006,0,10,0,0.0,2.0,5.0,16.0,A01
201400052006,0,1,0,0.0,2.0,1.0,7.0,B01
201400052007,0,7,0,1.0,0.0,2.0,14.0,A01
201400052008,0,34,0,0.0,1.0,5.0,1.0,A01
201400052009,0,7,0,0.0,2.0,6.0,23.0,B01
201400052009,0,1,0,0.0,2.0,1.0,11.0,A01
201400052010,0,1,0,0.0,1.0,7.0,1.0,A01
201400052011,0,7,0,0.0,2.0,8.0,15.0,A01
201400052011,0,31,0,0.0,2.0,2.0,17.0,B01
201400052012,0,10,0,0.0,1.0,4.0,4.0,A01
201400052013,0,2,0,0.0,0.0,8.0,1.0,A01
201400052014,0,7,0,0.0,2.0,6.0,15.0,B01
201400052014,0,31,0,0.0,2.0,2.0,17.0,A01
201400052015,0,32,0,0.0,2.0,3.0,1.0,B01
201400052015,0,10,0,0.0,2.0,2.0,1.0,A01
201400052016,0,34,0,0.0,1.0,1.0,1.0,A01
201400052017,0,1,0,1.0,2.0,1.0,1.0,B01
201400052017,0,7,0,0.0,2.0,8.0,22.0,A01
201400052018,0,7,0,0.0,2.0,1.0,1.0,A01
201400052018,0,34,0,0.0,2.0,8.0,15.0,B01
201400052019,0,7,0,0.0,2.0,7.0,16.0,A01
201400052019,0,1,0,0.0,2.0,1.0,7.0,B01
201400052020,0,2,0,0.0,2.0,1.0,16.0,B01
201400052020,0,7,0,0.0,2.0,5.0,4.0,A01
201400052021,0,1,0,0.0,0.0,0.0,1.0,A01
201400052022,0,32,0,0.0,0.0,0.0,1.0,A01
201400052023,0,7,0,0.0,2.0,3.0,1.0,B01
201400052023,0,33,0,0.0,2.0,7.0,1.0,A01
201400052024,0,32,0,0.0,2.0,3.0,18.0,A01
201400052024,0,10,0,0.0,2.0,7.0,16.0,B01
201400052025,0,33,0,0.0,2.0,3.0,2.0,A01
201400052025,0,7,0,0.0,2.0,5.0,23.0,B01
201400052026,0,33,0,0.0,2.0,8.0,1.0,A01
201400052026,0,7,0,0.0,2.0,1.0,7.0,B01
201400052027,0,7,0,0.0,2.0,2.0,16.0,A01
201400052027,0,31,0,0.0,2.0,1.0,18.0,B01
201400052028,0,7,0,0.0,1.0,1.0,1.0,A01
201400052029,0,7,0,0.0,1.0,3.0,15.0,A01
201400052030,0,7,0,0.0,2.0,3.0,13.0,A01
201400052030,0,30,0,0.0,2.0,2.0,1.0,B01
201400052031,0,7,0,0.0,2.0,4.0,23.0,B01
201400052031,0,7,0,0.0,2.0,4.0,23.0,D01
201400052031,0,7,0,0.0,2.0,4.0,23.0,C01
201400052031,0,7,0,0.0,2.0,1.0,2.0,A01
201400052032,0,7,0,1.0,2.0,1.0,2.0,A01
201400052032,0,7,0,0.0,2.0,5.0,2.0,B01
201400052033,0,7,0,0.0,2.0,1.0,2.0,A01
201400052033,0,32,0,0.0,2.0,4.0,23.0,B01
201400052034,0,33,0,0.0,1.0,2.0,1.0,A01
201400052035,0,31,0,0.0,2.0,1.0,18.0,B01
201400052035,0,7,0,0.0,2.0,7.0,22.0,A01
201400052036,0,2,0,0.0,2.0,1.0,2.0,A01
201400052036,0,7,0,0.0,2.0,5.0,23.0,B01
201400052037,0,7,0,0.0,2.0,3.0,22.0,A01
201400052037,0,33,0,1.0,2.0,1.0,1.0,B01
201400052038,0,7,0,0.0,2.0,3.0,1.0,C01
201400052038,0,34,0,0.0,2.0,1.0,2.0,A01
201400052038,0,7,0,0.0,2.0,4.0,2.0,B01
201400052039,0,7,0,0.0,2.0,6.0,1.0,A01
201400052039,0,30,0,0.0,2.0,7.0,23.0,B01
201400052040,0,1,0,0.0,2.0,7.0,19.0,A01
201400052040,0,7,0,0.0,2.0,2.0,1.0,B01
201400052041,0,7,0,0.0,2.0,4.0,1.0,B01
201400052041,0,33,0,0.0,2.0,1.0,1.0,A01
201400052042,0,31,0,0.0,2.0,8.0,1.0,A01
201400052042,0,7,0,0.0,2.0,1.0,1.0,B01
201400052043,0,10,0,0.0,2.0,1.0,1.0,A01
201400052043,0,32,0,0.0,2.0,4.0,23.0,B01
201400052044,0,33,0,0.0,2.0,1.0,1.0,A01
201400052044,0,7,0,0.0,2.0,4.0,23.0,B01
201400052045,0,2,0,14.0,0.0,0.0,21.0,A01
201400052046,0,32,0,0.0,0.0,0.0,12.0,A01
201400052047,0,1,0,0.0,2.0,1.0,2.0,A01
201400052047,0,7,0,0.0,2.0,4.0,23.0,B01
201400052048,0,33,0,0.0,1.0,2.0,1.0,A01
201400052049,0,33,0,0.0,2.0,7.0,1.0,B01
201400052049,0,7,0,0.0,2.0,1.0,10.0,A01
201400052050,0,13,0,0.0,2.0,7.0,16.0,A01
201400052050,0,1,0,0.0,2.0,3.0,7.0,B01
201400052051,0,7,0,0.0,2.0,5.0,12.0,A01
201400052051,0,32,0,8.0,2.0,7.0,1.0,B01
201400052052,0,7,0,0.0,2.0,4.0,11.0,B01
201400052052,0,7,0,0.0,2.0,1.0,1.0,A01
201400052053,0,7,0,0.0,1.0,3.0,1.0,A01
201400052054,0,7,0,12.0,2.0,2.0,7.0,A01
201400052054,0,2,0,0.0,2.0,3.0,15.0,B01
201400052055,0,7,0,0.0,2.0,1.0,2.0,A01
201400052055,0,1,0,0.0,2.0,4.0,15.0,B01
201400052056,0,7,0,0.0,1.0,7.0,7.0,A01
201400052057,0,10,0,0.0,2.0,8.0,1.0,A01
201400052057,0,1,0,0.0,2.0,1.0,5.0,B01
201400052058,1,37,1,0.0,2.0,5.0,17.0,Z01
201400052058,0,1,0,12.0,2.0,3.0,7.0,A01
201400052059,0,33,0,14.0,0.0,1.0,1.0,A01
201400052060,0,1,0,0.0,2.0,1.0,16.0,B01
201400052060,0,7,0,0.0,2.0,3.0,10.0,A01
201400052061,0,33,0,0.0,2.0,3.0,1.0,B01
201400052061,0,2,0,0.0,2.0,3.0,5.0,A01
201400052062,0,32,0,0.0,2.0,4.0,1.0,B01
201400052062,0,14,0,0.0,2.0,1.0,17.0,A01
201400052063,0,34,0,0.0,1.0,1.0,16.0,A01
201400052064,0,2,0,14.0,0.0,2.0,14.0,A01
201400052065,0,30,0,1.0,0.0,3.0,13.0,A01
201400052066,0,7,0,0.0,2.0,3.0,15.0,B01
201400052066,0,7,0,0.0,2.0,7.0,1.0,A01
201400052067,0,1,0,0.0,2.0,1.0,7.0,B01
201400052067,0,7,0,0.0,2.0,2.0,16.0,A01
201400052068,0,7,0,0.0,2.0,5.0,23.0,B01
201400052068,0,2,0,0.0,2.0,3.0,2.0,A01
201400052069,0,1,0,0.0,2.0,8.0,7.0,A01
201400052069,1,7,0,0.0,2.0,8.0,17.0,Z01
201400052070,0,31,0,0.0,2.0,1.0,2.0,A01