Num_Acc,senc,catv,occutc,obs,obsm,choc,manv,num_veh
201400052070,0,7,0,0.0,2.0,4.0,23.0,B01
201400052071,0,7,0,0.0,2.0,3.0,15.0,B01
201400052071,0,32,0,0.0,2.0,5.0,17.0,A01
201400052072,0,31,0,0.0,1.0,1.0,15.0,A01
201400052073,0,7,0,0.0,1.0,3.0,1.0,A01
201400052074,1,30,0,0.0,1.0,1.0,1.0,Z01
201400052075,0,7,0,0.0,1.0,2.0,7.0,A01
201400052076,0,1,0,0.0,2.0,8.0,1.0,B01
201400052076,0,7,0,0.0,2.0,2.0,14.0,A01
201400052077,1,7,0,0.0,2.0,2.0,1.0,Z01
201400052077,0,1,0,0.0,2.0,8.0,1.0,A01
201400052078,0,32,0,0.0,0.0,0.0,21.0,A01
201400052079,0,30,0,0.0,2.0,1.0,1.0,A01
201400052079,0,7,0,0.0,2.0,3.0,15.0,B01
201400052080,1,7,0,0.0,1.0,1.0,1.0,Z01
201400052081,0,2,0,0.0,2.0,6.0,13.0,A01
201400052081,0,7,0,0.0,2.0,7.0,1.0,B01
201400052082,0,31,0,0.0,2.0,7.0,1.0,A01
201400052082,0,37,1,0.0,2.0,3.0,1.0,B01
201400052083,0,32,0,9.0,2.0,8.0,18.0,B01
201400052083,0,7,0,0.0,2.0,2.0,16.0,A01
201400052084,1,1,0,0.0,1.0,0.0,1.0,A01
201400052085,0,2,0,0.0,1.0,1.0,1.0,A01
201400052086,0,31,0,0.0,2.0,3.0,1.0,B01
201400052086,0,7,0,0.0,2.0,6.0,10.0,A01
201400052087,0,10,0,0.0,2.0,3.0,1.0,B01
201400052087,0,32,0,0.0,2.0,1.0,1.0,A01
201400052088,0,1,0,1.0,0.0,0.0,7.0,B01
201400052088,0,7,0,0.0,0.0,0.0,22.0,A01
201400052089,0,1,0,0.0,1.0,0.0,1.0,A01
201400052090,1,32,0,0.0,2.0,4.0,15.0,Z01
201400052090,0,2,0,0.0,2.0,1.0,1.0,A01
201400052090,0,2,0,0.0,2.0,1.0,1.0,B01
201400052091,0,7,0,14.0,2.0,4.0,1.0,A01
201400052091,0,32,0,0.0,0.0,4.0,23.0,B01
201400052092,0,7,0,3.0,0.0,1.0,1.0,A01
201400052093,0,31,0,0.0,1.0,1.0,1.0,A01
201400052094,0,32,0,0.0,2.0,1.0,17.0,A01
201400052094,0,7,0,0.0,2.0,3.0,15.0,B01
201400052095,0,37,0,0.0,0.0,0.0,7.0,A01
201400052096,0,37,1,0.0,2.0,1.0,0.0,A01
201400052096,0,7,0,0.0,2.0,4.0,0.0,B01
201400052097,0,7,0,0.0,2.0,1.0,2.0,A01
201400052097,0,33,0,0.0,2.0,4.0,23.0,B01
201400052098,0,7,0,0.0,1.0,1.0,15.0,A01
201400052099,0,13,0,0.0,0.0,5.0,14.0,B01
201400052099,0,32,0,0.0,2.0,8.0,18.0,A01
201400052100,0,7,0,0.0,1.0,1.0,1.0,A01
201400052101,0,33,0,0.0,2.0,5.0,17.0,A01
201400052101,1,13,0,0.0,2.0,0.0,15.0,Z01
201400052102,0,1,0,0.0,2.0,1.0,1.0,B01
201400052102,0,14,0,0.0,2.0,8.0,22.0,A01
201400052103,0,30,0,0.0,1.0,1.0,18.0,A01
201400052103,0,10,0,0.0,2.0,0.0,1.0,B01
201400052104,0,31,0,0.0,2.0,1.0,2.0,A01
201400052104,0,7,0,0.0,2.0,5.0,23.0,B01
201400052105,0,7,0,7.0,0.0,1.0,13.0,A01
201400052106,0,7,0,0.0,2.0,2.0,16.0,A01
201400052106,0,1,0,0.0,2.0,3.0,1.0,B01
201400052107,0,33,0,0.0,1.0,0.0,17.0,A01
201400052108,0,30,0,0.0,2.0,1.0,2.0,A01
201400052108,0,7,0,0.0,2.0,6.0,2.0,B01
201400052109,0,7,0,0.0,2.0,7.0,12.0,A01
201400052109,0,33,0,0.0,2.0,8.0,1.0,B01
201400052110,0,7,0,0.0,2.0,2.0,12.0,A01
201400052110,0,30,0,0.0,2.0,6.0,18.0,B01
201400052111,0,7,0,7.0,0.0,1.0,1.0,A01
201400052112,0,1,0,0.0,2.0,8.0,11.0,A01
201400052112,0,37,0,0.0,2.0,5.0,1.0,B01
201400052113,0,1,0,0.0,2.0,3.0,15.0,A01
201400052113,0,1,0,0.0,2.0,5.0,1.0,B01
201400052114,0,37,29,0.0,2.0,0.0,17.0,A01
201400052114,0,1,0,0.0,2.0,0.0,7.0,B01
201400052115,0,10,0,0.0,2.0,3.0,15.0,B01
201400052115,0,31,0,0.0,2.0,8.0,17.0,A01
201400052116,0,33,0,0.0,2.0,6.0,1.0,A01
201400052116,1,7,0,0.0,2.0,2.0,14.0,Z01
201400052116,0,14,0,0.0,2.0,5.0,1.0,B01
201400052117,0,7,0,0.0,1.0,4.0,4.0,A01
201400052118,0,7,0,0.0,2.0,1.0,1.0,A01
201400052118,0,7,0,1.0,2.0,8.0,1.0,B01
201400052119,0,7,0,0.0,2.0,3.0,15.0,A01
201400052119,0,33,0,0.0,2.0,1.0,17.0,B01
201400052120,0,33,0,0.0,2.0,1.0,2.0,A01
201400052120,0,7,0,0.0,2.0,6.0,2.0,B01
201400052121,0,7,0,0.0,1.0,7.0,16.0,A01
201400052122,0,30,0,0.0,2.0,7.0,1.0,B01
201400052122,0,1,0,0.0,2.0,1.0,1.0,A01
201400052123,0,32,0,0.0,0.0,8.0,1.0,A01
201400052124,0,7,0,0.0,1.0,1.0,1.0,A01
201400052125,0,7,0,0.0,1.0,0.0,1.0,A01
201400052126,0,7,0,0.0,2.0,0.0,22.0,A01
201400052126,0,1,0,0.0,2.0,1.0,1.0,B01
201400052127,1,30,0,0.0,1.0,0.0,1.0,Z01
201400052128,0,2,0,0.0,1.0,1.0,1.0,A01
201400052129,0,32,0,0.0,2.0,8.0,18.0,A01
201400052129,0,10,0,0.0,2.0,2.0,16.0,B01
201400052130,0,7,0,0.0,2.0,4.0,23.0,B01
201400052130,0,7,0,0.0,2.0,1.0,1.0,A01
201400052131,0,7,0,0.0,2.0,1.0,1.0,B01
201400052131,0,32,0,0.0,2.0,7.0,12.0,A01
201400052132,0,32,0,0.0,2.0,0.0,1.0,B01
201400052132,0,7,0,0.0,2.0,1.0,1.0,A01
201400052133,0,2,0,0.0,1.0,2.0,1.0,A01
201400052134,0,33,0,0.0,1.0,0.0,1.0,A01
201400052135,0,31,0,0.0,1.0,2.0,1.0,A01
201400052136,0,7,0,0.0,1.0,1.0,1.0,A01
201400052137,0,7,0,0.0,2.0,7.0,14.0,B01
201400052137,0,10,0,8.0,2.0,3.0,1.0,A01
201400052138,0,10,0,0.0,2.0,1.0,15.0,A01
201400052138,0,33,0,0.0,2.0,2.0,17.0,B01
201400052139,0,32,0,0.0,2.0,3.0,1.0,B01
201400052139,0,7,0,0.0,2.0,7.0,16.0,A01
201400052140,0,32,0,0.0,0.0,0.0,21.0,A01
201400052141,0,33,0,8.0,0.0,2.0,1.0,A01
201400052142,0,7,0,0.0,2.0,2.0,12.0,A01
201400052142,0,1,0,0.0,2.0,8.0,7.0,B01
201400052143,0,7,0,0.0,2.0,5.0,1.0,C01
201400052143,0,1,0,0.0,2.0,0.0,1.0,B01
201400052143,0,7,0,0.0,2.0,0.0,22.0,A01
201400052144,0,7,0,0.0,2.0,4.0,23.0,C01
201400052144,0,10,0,0.0,2.0,1.0,1.0,A01
201400052144,0,7,0,0.0,2.0,4.0,23.0,B01
201400052145,0,1,0,0.0,1.0,1.0,7.0,A01
201400052146,0,7,0,0.0,2.0,1.0,1.0,A01
201400052146,0,1,0,0.0,2.0,4.0,1.0,B01
201400052147,0,32,0,0.0,1.0,1.0,1.0,A01
201400052148,0,7,0,0.0,1.0,1.0,15.0,A01
201400052149,0,33,0,0.0,1.0,8.0,1.0,A01
201400052150,0,10,0,0.0,2.0,8.0,23.0,B01
201400052150,0,7,0,0.0,2.0,8.0,23.0,C01
201400052150,0,33,0,0.0,2.0,7.0,2.0,A01
201400052151,0,7,0,0.0,2.0,3.0,2.0,A01
201400052151,0,33,0,0.0,2.0,4.0,23.0,B01
201400052152,0,7,0,0.0,1.0,5.0,4.0,A01
201400052153,0,7,0,0.0,2.0,2.0,1.0,A01
201400052153,0,1,0,0.0,2.0,4.0,13.0,B01
201400052154,0,7,0,0.0,2.0,3.0,15.0,B01
201400052154,0,34,0,0.0,2.0,1.0,17.0,A01
201400052155,0,7,0,0.0,1.0,1.0,1.0,A01
201400052155,0,7,0,0.0,2.0,3.0,1.0,B01
201400052156,0,32,0,12.0,0.0,1.0,13.0,A01
201400052157,0,7,0,0.0,2.0,0.0,22.0,A01
201400052157,0,31,0,0.0,2.0,0.0,1.0,B01
201400052158,0,7,0,0.0,2.0,4.0,23.0,B01
201400052158,0,7,0,0.0,2.0,1.0,2.0,A01
201400052159,0,32,0,0.0,2.0,7.0,17.0,A01
201400052159,0,7,0,0.0,2.0,0.0,15.0,B01
201400052160,0,7,0,0.0,2.0,3.0,1.0,B01
201400052160,0,2,0,0.0,2.0,7.0,15.0,A01
201400052161,0,7,0,0.0,2.0,0.0,9.0,A01
201400052161,0,31,0,0.0,2.0,0.0,1.0,B01
201400052162,0,7,0,0.0,2.0,3.0,10.0,A01
201400052162,0,33,0,0.0,2.0,1.0,1.0,B01
201400052163,0,2,0,0.0,2.0,4.0,15.0,B01
201400052163,0,30,0,0.0,2.0,1.0,2.0,A01
201400052164,0,7,0,7.0,0.0,3.0,13.0,A01
201400052165,0,7,0,0.0,1.0,6.0,4.0,A01
201400052166,0,7,0,0.0,1.0,6.0,4.0,A01
201400052167,0,33,0,0.0,2.0,1.0,1.0,B01
201400052167,0,7,0,0.0,2.0,6.0,1.0,A01
201400052168,0,7,0,0.0,2.0,6.0,23.0,B01
201400052168,0,32,0,0.0,2.0,1.0,2.0,A01
201400052169,0,33,0,0.0,1.0,2.0,1.0,A01
201400052170,1,7,0,0.0,1.0,3.0,1.0,Z01
201400052171,0,1,0,0.0,2.0,3.0,1.0,A01
201400052171,0,14,0,0.0,2.0,2.0,16.0,B01
201400052172,0,33,0,0.0,2.0,4.0,23.0,B01
201400052172,0,7,0,0.0,2.0,6.0,1.0,A01
201400052172,1,7,0,0.0,2.0,4.0,15.0,Z01
201400052173,0,31,0,0.0,1.0,1.0,1.0,A01
201400052174,0,31,0,0.0,0.0,0.0,1.0,A01
201400052175,0,10,0,0.0,2.0,5.0,15.0,A01
201400052175,0,33,0,0.0,2.0,1.0,1.0,B01
201400052176,0,10,0,0.0,1.0,4.0,4.0,A01
201400052177,0,2,0,0.0,2.0,2.0,1.0,B01
201400052177,0,1,0,0.0,2.0,1.0,7.0,C01
201400052177,0,31,0,0.0,2.0,5.0,1.0,A01
201400052178,0,7,0,0.0,2.0,4.0,23.0,B01
201400052178,0,7,0,0.0,2.0,1.0,1.0,A01
201400052179,0,10,0,0.0,2.0,5.0,23.0,B01
201400052179,0,32,0,0.0,2.0,3.0,1.0,A01
201400052180,1,30,0,0.0,2.0,1.0,1.0,A01
201400052180,0,33,0,0.0,2.0,8.0,1.0,B01
201400052181,0,37,1,0.0,1.0,2.0,1.0,A01
201400052182,0,33,0,0.0,2.0,1.0,1.0,A01
201400052182,0,33,0,0.0,2.0,8.0,1.0,B01
201400052183,0,7,0,0.0,2.0,4.0,1.0,B01
201400052183,0,7,0,0.0,2.0,1.0,1.0,A01
201400052184,0,34,0,0.0,1.0,1.0,1.0,A01
201400052185,0,7,0,0.0,1.0,2.0,16.0,A01
201400052186,0,37,0,0.0,1.0,0.0,7.0,A01
201400052187,0,30,0,0.0,0.0,0.0,23.0,A01
201400052187,1,7,0,0.0,0.0,0.0,1.0,Z01
201400052188,0,32,0,0.0,9.0,0.0,21.0,A01
201400052189,0,30,0,0.0,0.0,0.0,0.0,A01
201400052190,1,7,0,0.0,1.0,3.0,1.0,Z01
201400052191,0,33,0,0.0,0.0,8.0,15.0,A01
201400052192,0,30,0,0.0,0.0,8.0,21.0,A01
201400052193,0,33,0,0.0,2.0,7.0,3.0,A01
201400052193,0,7,0,0.0,2.0,3.0,1.0,B01
201400052194,0,31,0,0.0,0.0,0.0,1.0,A01
201400052195,0,10,0,0.0,2.0,1.0,1.0,A01
201400052195,0,15,0,0.0,2.0,4.0,23.0,B01
201400052196,0,31,0,0.0,9.0,7.0,1.0,A01
201400052197,0,1,0,0.0,1.0,0.0,1.0,A01
201400052198,0,7,0,0.0,2.0,4.0,1.0,A01
201400052198,0,1,0,0.0,2.0,0.0,23.0,B01
201400052199,0,32,0,0.0,1.0,2.0,17.0,A01
201400052200,0,37,0,0.0,1.0,2.0,15.0,A01
201400052201,0,10,0,0.0,2.0,1.0,2.0,C01
201400052201,0,7,0,0.0,2.0,2.0,2.0,B01
201400052201,0,30,0,0.0,2.0,8.0,15.0,A01
201400052202,0,33,0,0.0,2.0,4.0,23.0,B01
201400052202,0,30,0,0.0,2.0,1.0,2.0,A01
201400052203,0,33,0,0.0,1.0,3.0,1.0,A01
201400052204,0,32,0,14.0,0.0,0.0,1.0,A01
201400052205,0,7,0,14.0,0.0,3.0,1.0,A01
201400052206,0,7,0,0.0,2.0,1.0,1.0,A01
201400052206,0,33,0,0.0,2.0,4.0,23.0,B01
201400052207,0,34,0,8.0,0.0,3.0,2.0,A01
201400052208,0,7,0,0.0,2.0,1.0,1.0,A01
201400052208,0,32,0,0.0,2.0,4.0,23.0,B01
201400052209,0,32,0,0.0,0.0,0.0,1.0,A01
201400052210,0,10,0,0.0,1.0,1.0,1.0,A01
201400052211,0,2,0,0.0,2.0,0.0,18.0,A01
201400052211,0,7,0,0.0,2.0,5.0,22.0,B01
201400052212,1,13,0,0.0,2.0,0.0,16.0,Z01
201400052212,0,1,0,0.0,2.0,0.0,1.0,A01
201400052213,0,1,0,0.0,2.0,3.0,7.0,B01
201400052213,0,10,0,0.0,2.0,2.0,16.0,A01
201400052214,0,7,0,0.0,1.0,3.0,1.0,A01
201400052215,0,7,0,0.0,2.0,1.0,2.0,A01
201400052215,0,7,0,0.0,2.0,4.0,2.0,B01
201400052216,0,33,0,0.0,2.0,2.0,8.0,B01
201400052216,0,7,0,0.0,2.0,3.0,15.0,A01
201400052217,0,31,0,0.0,0.0,0.0,1.0,A01
201400052218,0,30,0,0.0,0.0,1.0,1.0,A01
201400052219,0,7,0,0.0,2.0,4.0,23.0,B01
201400052219,0,7,0,0.0,2.0,1.0,2.0,A01
201400052220,0,34,0,0.0,0.0,0.0,1.0,A01
201400052221,0,7,0,0.0,2.0,2.0,1.0,B01
201400052221,0,1,0,0.0,2.0,3.0,11.0,A01
201400052222,0,37,1,0.0,2.0,3.0,1.0,B01
201400052222,0,7,0,0.0,2.0,1.0,1.0,A01
201400052223,0,32,0,0.0,2.0,6.0,9.0,B01
201400052223,0,7,0,0.0,2.0,5.0,4.0,A01
201400052224,0,31,0,0.0,2.0,1.0,17.0,B01
201400052224,0,7,0,0.0,2.0,8.0,15.0,A01
201400052225,0,31,0,0.0,2.0,8.0,10.0,A01
201400052225,0,2,0,0.0,2.0,1.0,1.0,B01
201400052226,0,1,0,0.0,1.0,8.0,1.0,A01
201400052227,0,7,0,0.0,2.0,6.0,15.0,B01
201400052227,0,33,0,0.0,2.0,2.0,15.0,A01
201400052228,0,7,0,0.0,1.0,7.0,16.0,A01
201400052229,0,34,0,0.0,2.0,1.0,17.0,B01
201400052229,0,7,0,0.0,2.0,3.0,13.0,A01
201400052230,1,30,0,0.0,1.0,1.0,1.0,Z01
201400052231,0,31,0,0.0,2.0,1.0,1.0,B01
201400052231,0,7,0,0.0,2.0,7.0,15.0,A01
201400052232,0,7,0,0.0,1.0,2.0,1.0,A01
201400052233,0,7,0,0.0,2.0,2.0,23.0,B01
201400052233,0,7,0,1.0,2.0,9.0,9.0,A01
201400052234,1,7,0,0.0,1.0,0.0,1.0,Z01
201400052235,0,7,0,0.0,2.0,5.0,0.0,A01
201400052235,0,7,0,0.0,2.0,3.0,0.0,B01
201400052236,0,7,0,0.0,2.0,1.0,1.0,A01
201400052236,0,7,0,0.0,0.0,4.0,23.0,B01
201400052237,0,7,0,0.0,1.0,8.0,1.0,A01
201400052238,0,7,0,0.0,2.0,3.0,11.0,A01
201400052238,0,31,0,0.0,2.0,7.0,1.0,B01
201400052239,1,7,0,0.0,1.0,1.0,1.0,Z01
201400052240,0,32,0,1.0,0.0,1.0,15.0,A01
201400052241,0,1,0,0.0,1.0,7.0,1.0,A01
201400052242,0,7,0,0.0,1.0,6.0,4.0,A01
201400052243,0,1,0,1.0,1.0,1.0,1.0,A01
201400052244,0,32,0,0.0,1.0,1.0,1.0,A01
201400052245,0,7,0,0.0,0.0,5.0,1.0,B01
201400052245,0,33,0,0.0,2.0,5.0,23.0,A01
201400052246,0,31,0,0.0,1.0,1.0,1.0,A01
201400052247,0,7,0,0.0,2.0,4.0,23.0,B01
201400052247,0,7,0,0.0,2.0,2.0,2.0,A01
201400052247,0,7,0,0.0,2.0,4.0,23.0,C01
201400052247,1,10,0,0.0,2.0,0.0,23.0,Z01
201400052248,0,7,0,0.0,1.0,3.0,15.0,A01
201400052249,0,7,0,0.0,2.0,2.0,1.0,A01
201400052249,0,31,0,0.0,2.0,8.0,1.0,B01
201400052250,0,1,0,0.0,1.0,1.0,1.0,A01
201400052251,0,31,0,0.0,1.0,1.0,1.0,A01
201400052252,0,7,0,0.0,2.0,7.0,15.0,A01
201400052252,0,30,0,0.0,2.0,7.0,17.0,B01
201400052253,0,7,0,0.0,2.0,2.0,16.0,B01
201400052253,0,1,0,0.0,2.0,4.0,1.0,A01
201400052254,0,33,0,0.0,2.0,2.0,17.0,B01
201400052254,0,7,0,0.0,2.0,3.0,15.0,A01
201400052255,0,13,0,0.0,1.0,7.0,1.0,A01
201400052256,0,7,0,0.0,1.0,2.0,15.0,A01
201400052257,0,7,0,0.0,2.0,3.0,22.0,A01
201400052257,0,2,0,0.0,2.0,2.0,2.0,B01
201400052258,0,34,0,0.0,0.0,0.0,9.0,A01
201400052259,0,7,0,0.0,2.0,2.0,1.0,B01
201400052259,0,30,0,0.0,2.0,8.0,1.0,A01
201400052260,0,31,0,0.0,1.0,2.0,1.0,A01
201400052261,2,2,0,1.0,1.0,1.0,1.0,Z01
201400052262,0,7,0,0.0,2.0,4.0,23.0,B01
201400052262,0,7,0,0.0,2.0,1.0,2.0,A01
201400052263,0,33,0,0.0,2.0,4.0,23.0,B01
201400052263,0,7,0,0.0,2.0,1.0,2.0,A01
201400052264,0,10,0,0.0,1.0,4.0,4.0,A01
201400052265,0,31,0,0.0,2.0,8.0,1.0,A01
201400052265,1,32,0,0.0,2.0,2.0,14.0,Z01
201400052266,0,7,0,0.0,1.0,2.0,1.0,A01
201400052267,0,7,0,0.0,2.0,2.0,14.0,A01
201400052267,0,7,0,0.0,2.0,6.0,23.0,B01
201400052268,0,33,0,0.0,2.0,0.0,18.0,A01
201400052268,0,7,0,0.0,2.0,0.0,16.0,B01
201400052269,0,7,0,0.0,2.0,3.0,15.0,A01
201400052269,0,33,0,0.0,2.0,9.0,17.0,B01
201400052270,0,7,0,0.0,2.0,7.0,16.0,B01
201400052270,0,34,0,0.0,2.0,7.0,18.0,A01
201400052271,0,33,0,0.0,2.0,5.0,15.0,A01
201400052271,0,7,0,0.0,2.0,2.0,1.0,B01
201400052272,0,7,0,0.0,2.0,8.0,15.0,A01
201400052272,0,32,0,0.0,2.0,2.0,17.0,B01
201400052273,0,7,0,0.0,1.0,2.0,1.0,A01
201400052274,0,32,0,0.0,1.0,1.0,1.0,A01
201400052275,0,1,0,0.0,2.0,8.0,11.0,A01
201400052275,0,33,0,0.0,2.0,8.0,1.0,B01
201400052276,0,7,0,0.0,2.0,4.0,23.0,B01
201400052276,0,7,0,0.0,2.0,4.0,23.0,C01
201400052276,0,7,0,0.0,2.0,1.0,2.0,A01
201400052277,0,7,0,0.0,2.0,3.0,1.0,B01
201400052277,0,7,0,0.0,2.0,2.0,15.0,A01
201400052278,0,33,0,0.0,2.0,5.0,1.0,A01
201400052278,1,7,0,0.0,2.0,1.0,10.0,Z01
201400052279,0,2,0,0.0,2.0,1.0,2.0,A01
201400052279,0,10,0,0.0,2.0,5.0,23.0,B01
201400052280,0,7,0,0.0,1.0,4.0,4.0,A01
201400052281,0,33,0,0.0,1.0,1.0,1.0,A01
201400052282,0,7,0,0.0,2.0,3.0,15.0,A01
201400052282,0,30,0,0.0,2.0,1.0,17.0,B01
201400052283,0,30,0,0.0,2.0,4.0,1.0,A01
201400052283,1,7,0,0.0,2.0,1.0,1.0,Z01
201400052284,0,2,0,0.0,2.0,7.0,1.0,A01
201400052284,0,7,0,0.0,2.0,2.0,1.0,B01
201400052285,0,14,0,0.0,2.0,2.0,14.0,A01
201400052285,0,32,0,0.0,2.0,1.0,1.0,B01
201400052286,0,7,0,0.0,2.0,1.0,1.0,A01
201400052286,0,7,0,0.0,2.0,4.0,23.0,E01
201400052286,0,7,0,0.0,2.0,9.0,23.0,B01
201400052286,0,7,0,0.0,2.0,9.0,23.0,C01
201400052286,0,7,0,0.0,2.0,9.0,23.0,D01
201400052287,0,34,0,0.0,2.0,1.0,18.0,B01
201400052287,0,10,0,0.0,2.0,2.0,16.0,A01
201400052288,0,7,0,0.0,2.0,6.0,9.0,A01
201400052288,0,33,0,0.0,2.0,1.0,1.0,B01
201400052289,0,7,0,0.0,2.0,7.0,15.0,A01
201400052289,0,34,0,0.0,2.0,1.0,1.0,B01
201400052290,0,1,0,0.0,0.0,0.0,7.0,A01
201400052291,0,7,0,0.0,2.0,3.0,9.0,A01
201400052291,0,31,0,0.0,2.0,3.0,1.0,B01
201400052292,0,32,0,0.0,2.0,7.0,1.0,A01
201400052292,1,7,0,0.0,2.0,1.0,15.0,Z01
201400052293,0,32,0,0.0,2.0,3.0,1.0,B01
201400052293,0,7,0,0.0,2.0,3.0,15.0,A01
201400052294,1,31,0,0.0,1.0,8.0,5.0,Z01
201400052295,0,31,0,0.0,1.0,5.0,1.0,A01
201400052296,0,2,0,0.0,2.0,3.0,13.0,A01
201400052296,0,7,0,0.0,2.0,3.0,1.0,B01
201400052297,0,1,0,0.0,0.0,1.0,1.0,A01
201400052298,0,33,0,0.0,2.0,3.0,1.0,B01
201400052298,0,30,0,0.0,2.0,1.0,15.0,A01
201400052299,0,1,0,0.0,1.0,0.0,7.0,A01
201400052300,0,7,0,0.0,1.0,2.0,1.0,A01
201400052301,0,2,0,0.0,2.0,1.0,1.0,B01
201400052301,0,7,0,0.0,2.0,7.0,1.0,A01
201400052302,0,7,0,0.0,2.0,3.0,14.0,A01
201400052302,0,32,0,0.0,2.0,3.0,1.0,B01
201400052303,0,33,0,0.0,2.0,7.0,17.0,B01
201400052303,0,7,0,0.0,2.0,7.0,13.0,A01
201400052304,0,7,0,0.0,2.0,3.0,15.0,A01
201400052304,0,32,0,0.0,2.0,2.0,17.0,B01
201400052305,0,10,0,0.0,1.0,2.0,15.0,A01
201400052306,0,32,0,0.0,2.0,5.0,17.0,B01
201400052306,0,7,0,0.0,2.0,3.0,15.0,A01
201400052307,0,7,0,1.0,1.0,2.0,1.0,A01
201400052308,0,31,0,0.0,2.0,2.0,17.0,A01
201400052308,0,7,0,0.0,2.0,6.0,15.0,B01
201400052309,0,1,0,0.0,2.0,7.0,17.0,B01
201400052309,0,7,0,0.0,2.0,8.0,22.0,A01
201400052310,0,7,0,0.0,2.0,6.0,1.0,B01
201400052310,0,30,0,0.0,2.0,1.0,1.0,A01
201400052311,0,10,0,0.0,2.0,8.0,15.0,A01
201400052311,0,33,0,0.0,2.0,2.0,17.0,B01
201400052312,1,7,0,0.0,1.0,1.0,1.0,Z01
201400052313,0,7,0,0.0,2.0,1.0,1.0,B01
201400052313,0,1,0,0.0,2.0,1.0,15.0,A01
201400052314,0,7,0,0.0,2.0,4.0,23.0,B01
201400052314,0,7,0,14.0,2.0,1.0,2.0,A01
201400052315,0,31,0,0.0,1.0,3.0,1.0,A01
201400052316,0,7,0,0.0,2.0,1.0,1.0,A01
201400052316,0,7,0,0.0,2.0,8.0,1.0,B01
201400052317,0,1,0,0.0,2.0,1.0,1.0,B01
201400052317,0,7,0,0.0,2.0,5.0,1.0,C01
201400052317,0,7,0,0.0,2.0,0.0,22.0,A01
201400052318,0,33,0,0.0,0.0,0.0,1.0,A01
201400052319,0,7,0,1.0,0.0,3.0,21.0,A01
201400052320,0,31,0,0.0,2.0,6.0,1.0,B01
201400052320,0,7,0,0.0,2.0,2.0,12.0,A01
201400052321,0,7,0,0.0,2.0,1.0,2.0,A01
201400052321,0,7,0,0.0,2.0,4.0,23.0,B01
201400052322,0,31,0,0.0,2.0,2.0,2.0,A01
201400052322,0,7,0,0.0,2.0,6.0,23.0,B01
201400052323,0,7,0,0.0,2.0,7.0,7.0,B01
201400052323,0,1,0,0.0,2.0,4.0,19.0,A01
201400052324,0,7,0,0.0,1.0,2.0,16.0,A01
201400052325,0,1,0,0.0,1.0,0.0,1.0,A01
201400052326,0,33,0,0.0,2.0,2.0,1.0,B01
201400052326,0,7,0,0.0,2.0,3.0,10.0,A01
201400052327,0,2,0,0.0,2.0,1.0,2.0,A01
201400052327,0,7,0,0.0,2.0,6.0,15.0,B01
201400052328,0,7,0,0.0,2.0,4.0,23.0,B01
201400052328,0,33,0,0.0,2.0,1.0,2.0,A01
201400052329,0,7,0,0.0,2.0,2.0,16.0,A01
201400052329,0,1,0,0.0,2.0,3.0,7.0,B01
201400052330,0,30,0,0.0,0.0,7.0,16.0,A01
201400052331,0,2,0,0.0,2.0,7.0,15.0,A01
201400052331,0,32,0,0.0,2.0,1.0,1.0,B01
201400052332,1,7,0,0.0,2.0,1.0,2.0,Z01
201400052332,0,33,0,0.0,2.0,4.0,2.0,A01
201400052333,0,7,0,0.0,2.0,2.0,16.0,A01
201400052333,0,1,0,0.0,2.0,1.0,7.0,B01
201400052334,0,7,0,0.0,2.0,6.0,13.0,A01
201400052334,0,30,0,0.0,2.0,1.0,17.0,B01
201400052335,0,7,0,0.0,1.0,1.0,1.0,A01
201400052336,0,2,0,12.0,0.0,3.0,16.0,A01
201400052337,0,7,0,0.0,2.0,4.0,23.0,B01
201400052337,0,32,0,0.0,2.0,1.0,1.0,A01
201400052338,0,2,0,0.0,2.0,1.0,17.0,A01
201400052338,0,7,0,0.0,2.0,3.0,15.0,B01
201400052339,1,7,0,0.0,1.0,0.0,7.0,Z01
201400052340,0,10,0,0.0,1.0,6.0,4.0,A01
201400052341,0,7,0,0.0,2.0,1.0,2.0,A01
201400052341,0,7,0,0.0,2.0,4.0,23.0,B01
201400052342,0,33,0,0.0,1.0,2.0,1.0,A01
201400052343,0,33,0,0.0,1.0,1.0,1.0,A01
201400052344,0,7,0,0.0,1.0,2.0,16.0,A01
201400052345,0,10,0,0.0,1.0,4.0,4.0,A01
201400052346,0,7,0,0.0,2.0,2.0,1.0,A01
201400052346,0,1,0,0.0,2.0,8.0,19.0,B01
201400052347,0,7,0,0.0,2.0,2.0,23.0,B01
201400052347,0,37,1,0.0,2.0,1.0,2.0,A01
201400052348,0,31,0,0.0,2.0,1.0,1.0,A01
201400052348,0,14,0,0.0,2.0,5.0,1.0,B01
201400052349,0,30,0,0.0,2.0,1.0,1.0,A01
201400052349,0,7,0,0.0,2.0,3.0,16.0,B01
201400052350,0,1,0,1.0,2.0,1.0,18.0,B01
201400052350,0,7,0,0.0,2.0,7.0,22.0,A01
201400052351,1,7,0,0.0,1.0,7.0,5.0,Z01
201400052352,0,7,0,0.0,2.0,2.0,1.0,B01
201400052352,0,38,0,0.0,2.0,3.0,10.0,A01
201400052353,1,7,0,0.0,2.0,7.0,16.0,Z01