Num_Acc,senc,catv,occutc,obs,obsm,choc,manv,num_veh
201400052661,0,30,0,0.0,2.0,8.0,1.0,B01
201400052662,0,14,0,0.0,2.0,6.0,2.0,B01
201400052662,0,10,0,0.0,2.0,2.0,2.0,A01
201400052663,0,34,0,0.0,0.0,8.0,1.0,A01
201400052664,0,7,0,0.0,2.0,3.0,1.0,A01
201400052664,0,1,0,0.0,2.0,2.0,1.0,B01
201400052665,0,33,0,0.0,2.0,8.0,1.0,B01
201400052665,0,7,0,0.0,2.0,1.0,1.0,A01
201400052666,0,7,0,0.0,2.0,3.0,7.0,B01
201400052666,0,34,0,0.0,2.0,2.0,16.0,A01
201400052667,0,1,0,0.0,2.0,0.0,13.0,A01
201400052667,0,34,0,0.0,2.0,0.0,1.0,B01
201400052668,0,7,0,0.0,2.0,2.0,15.0,A01
201400052668,0,1,0,0.0,2.0,1.0,1.0,B01
201400052669,0,10,0,0.0,2.0,7.0,16.0,A01
201400052669,0,30,0,0.0,2.0,8.0,18.0,B01
201400052670,0,33,0,0.0,2.0,5.0,23.0,B01
201400052670,0,38,1,0.0,2.0,5.0,15.0,A01
201400052671,0,7,0,0.0,2.0,3.0,1.0,B01
201400052671,0,1,0,0.0,2.0,1.0,7.0,A01
201400052672,0,1,0,0.0,2.0,1.0,2.0,A01
201400052672,0,7,0,0.0,2.0,4.0,2.0,B01
201400052673,0,7,0,0.0,2.0,3.0,15.0,A01
201400052673,0,32,0,0.0,2.0,1.0,17.0,B01
201400052674,0,1,0,0.0,2.0,7.0,7.0,A01
201400052674,0,10,0,0.0,2.0,2.0,1.0,B01
201400052675,0,7,0,0.0,1.0,2.0,1.0,A01
201400052676,0,30,0,0.0,0.0,7.0,15.0,A01
201400052677,0,38,0,0.0,2.0,1.0,15.0,A01
201400052677,0,7,0,0.0,2.0,4.0,15.0,B01
201400052678,0,33,0,0.0,2.0,4.0,23.0,B01
201400052678,0,30,0,0.0,2.0,4.0,1.0,A01
201400052679,0,7,0,0.0,1.0,4.0,4.0,A01
201400052680,0,7,0,0.0,2.0,3.0,17.0,A01
201400052680,0,2,0,0.0,2.0,1.0,1.0,B01
201400052681,0,7,0,0.0,2.0,3.0,15.0,A01
201400052681,0,32,0,0.0,2.0,7.0,17.0,B01
201400052682,1,31,0,0.0,1.0,0.0,1.0,A01
201400052683,0,15,0,0.0,2.0,7.0,16.0,A01
201400052683,0,1,0,12.0,2.0,8.0,16.0,B01
201400052684,0,7,0,0.0,2.0,4.0,2.0,A01
201400052684,0,32,0,0.0,2.0,4.0,15.0,B01
201400052684,0,7,0,0.0,2.0,1.0,1.0,C01
201400052685,0,33,0,0.0,1.0,2.0,17.0,A01
201400052686,0,37,0,0.0,1.0,3.0,7.0,A01
201400052687,0,33,0,0.0,2.0,2.0,1.0,B01
201400052687,0,7,0,0.0,2.0,3.0,11.0,A01
201400052688,0,32,0,0.0,2.0,3.0,18.0,A01
201400052688,0,7,0,0.0,2.0,7.0,1.0,B01
201400052689,0,7,0,0.0,2.0,2.0,1.0,A01
201400052689,0,32,0,0.0,2.0,7.0,1.0,B01
201400052690,0,32,0,0.0,2.0,4.0,3.0,A01
201400052690,0,7,0,0.0,2.0,1.0,1.0,B01
201400052691,0,7,0,0.0,2.0,2.0,16.0,A01
201400052691,0,34,0,0.0,2.0,8.0,1.0,B01
201400052692,0,10,0,0.0,2.0,2.0,1.0,A01
201400052692,0,1,0,0.0,2.0,3.0,13.0,B01
201400052693,0,33,0,0.0,1.0,0.0,16.0,A01
201400052694,0,7,0,0.0,1.0,6.0,4.0,A01
201400052695,0,7,0,0.0,2.0,6.0,1.0,B01
201400052695,0,7,0,0.0,2.0,2.0,15.0,A01
201400052696,0,10,0,0.0,2.0,3.0,22.0,A01
201400052696,0,1,0,0.0,2.0,2.0,1.0,B01
201400052697,0,31,0,0.0,2.0,0.0,21.0,A01
201400052698,0,32,0,0.0,2.0,1.0,2.0,A01
201400052698,0,33,0,0.0,2.0,4.0,23.0,B01
201400052699,0,37,1,0.0,2.0,5.0,1.0,C01
201400052699,0,34,0,0.0,2.0,7.0,3.0,B01
201400052699,0,7,0,0.0,2.0,3.0,13.0,A01
201400052700,0,10,0,0.0,1.0,4.0,4.0,A01
201400052701,0,7,0,0.0,2.0,8.0,15.0,B01
201400052701,0,7,0,15.0,2.0,2.0,17.0,A01
201400052702,0,30,0,0.0,2.0,2.0,2.0,A01
201400052702,0,7,0,0.0,2.0,6.0,23.0,B01
201400052703,0,7,0,12.0,0.0,1.0,14.0,A01
201400052704,0,7,0,0.0,2.0,2.0,15.0,A01
201400052704,0,32,0,0.0,2.0,3.0,1.0,B01
201400052705,0,7,0,0.0,2.0,7.0,17.0,A01
201400052705,0,10,0,0.0,2.0,4.0,1.0,C01
201400052705,0,7,0,0.0,2.0,8.0,1.0,B01
201400052706,0,7,0,0.0,2.0,6.0,1.0,B01
201400052706,0,31,0,0.0,2.0,1.0,1.0,A01
201400052707,0,30,0,0.0,2.0,7.0,1.0,B01
201400052707,0,7,0,0.0,2.0,8.0,10.0,A01
201400052708,0,33,0,0.0,2.0,8.0,1.0,B01
201400052708,0,7,0,0.0,2.0,1.0,1.0,A01
201400052709,0,7,0,0.0,2.0,1.0,1.0,A01
201400052709,0,7,0,0.0,2.0,4.0,1.0,B01
201400052710,0,34,0,8.0,0.0,7.0,14.0,A01
201400052711,0,7,0,0.0,2.0,3.0,15.0,B01
201400052711,0,30,0,0.0,2.0,5.0,17.0,A01
201400052712,0,1,0,12.0,0.0,0.0,13.0,A01
201400052713,0,30,0,0.0,0.0,3.0,1.0,A01
201400052714,0,7,0,0.0,2.0,6.0,1.0,B01
201400052714,0,7,0,0.0,2.0,1.0,1.0,A01
201400052715,0,1,0,0.0,2.0,4.0,2.0,B01
201400052715,0,7,0,0.0,2.0,3.0,2.0,A01
201400052716,0,33,0,0.0,2.0,4.0,23.0,B01
201400052716,0,7,0,0.0,2.0,3.0,2.0,A01
201400052717,0,7,0,0.0,2.0,2.0,13.0,A01
201400052717,0,1,0,0.0,2.0,4.0,1.0,B01
201400052718,0,33,0,0.0,1.0,1.0,15.0,A01
201400052719,0,7,0,1.0,1.0,7.0,16.0,A01
201400052720,0,33,0,0.0,2.0,7.0,17.0,B01
201400052720,0,7,0,0.0,2.0,3.0,15.0,A01
201400052721,0,7,0,0.0,2.0,7.0,1.0,A01
201400052721,0,32,0,0.0,2.0,1.0,1.0,B01
201400052722,0,7,0,0.0,1.0,4.0,4.0,A01
201400052723,0,7,0,0.0,2.0,2.0,17.0,A01
201400052723,0,1,0,0.0,2.0,1.0,15.0,B01
201400052724,0,30,0,0.0,0.0,0.0,17.0,A01
201400052725,0,33,0,8.0,2.0,2.0,17.0,A01
201400052725,0,7,0,0.0,2.0,3.0,15.0,B01
201400052726,0,1,0,0.0,2.0,4.0,15.0,A01
201400052726,0,30,0,0.0,2.0,1.0,1.0,B01
201400052727,0,10,0,0.0,2.0,2.0,15.0,B01
201400052727,0,31,0,0.0,2.0,2.0,5.0,A01
201400052728,0,33,0,0.0,0.0,8.0,13.0,A01
201400052729,0,7,0,7.0,0.0,1.0,14.0,A01
201400052730,0,10,0,0.0,2.0,1.0,15.0,A01
201400052730,0,31,0,0.0,2.0,8.0,1.0,B01
201400052731,0,7,0,0.0,2.0,7.0,17.0,A01
201400052731,0,1,0,0.0,2.0,8.0,1.0,B01
201400052732,0,1,0,0.0,2.0,1.0,1.0,B01
201400052732,0,7,0,0.0,2.0,5.0,16.0,A01
201400052733,1,2,0,0.0,1.0,7.0,5.0,Z01
201400052734,0,7,0,0.0,2.0,5.0,15.0,B01
201400052734,0,7,0,0.0,2.0,2.0,7.0,A01
201400052735,0,7,0,0.0,2.0,8.0,15.0,B01
201400052735,0,32,0,0.0,2.0,1.0,5.0,A01
201400052736,0,7,0,1.0,2.0,3.0,11.0,A01
201400052736,0,34,0,0.0,2.0,2.0,1.0,B01
201400052736,1,7,0,0.0,2.0,0.0,11.0,Z01
201400052737,0,10,0,0.0,1.0,1.0,1.0,A01
201400052738,0,1,0,0.0,2.0,8.0,16.0,B01
201400052738,0,7,0,0.0,2.0,2.0,16.0,A01
201400052739,0,30,0,0.0,0.0,6.0,1.0,A01
201400052740,0,2,0,0.0,2.0,1.0,1.0,A01
201400052740,0,1,0,0.0,2.0,6.0,1.0,B01
201400052741,0,7,0,0.0,2.0,7.0,15.0,B01
201400052741,0,30,0,0.0,2.0,1.0,18.0,A01
201400052742,0,33,0,1.0,0.0,1.0,1.0,A01
201400052743,0,7,0,11.0,0.0,1.0,16.0,A01
201400052744,0,30,0,0.0,2.0,7.0,1.0,A01
201400052744,0,31,0,0.0,2.0,1.0,1.0,B01
201400052745,0,7,0,0.0,2.0,0.0,14.0,A01
201400052745,0,30,0,0.0,2.0,0.0,16.0,B01
201400052746,0,30,0,0.0,0.0,8.0,1.0,A01
201400052747,0,1,0,0.0,0.0,1.0,1.0,A01
201400052748,0,30,0,0.0,0.0,0.0,1.0,A01
201400052749,1,7,0,0.0,2.0,0.0,1.0,Z01
201400052749,0,1,0,0.0,2.0,7.0,1.0,A01
201400052750,0,33,0,0.0,2.0,2.0,1.0,A01
201400052750,0,10,0,0.0,2.0,8.0,19.0,B01
201400052751,0,10,0,0.0,1.0,7.0,1.0,A01
201400052752,0,30,0,0.0,0.0,0.0,21.0,A01
201400052753,0,7,0,0.0,2.0,2.0,12.0,A01
201400052753,0,32,0,0.0,2.0,8.0,1.0,B01
201400052754,0,32,0,0.0,0.0,8.0,21.0,A01
201400052755,0,32,0,0.0,1.0,1.0,16.0,A01
201400052756,0,7,0,0.0,2.0,7.0,16.0,A01
201400052756,0,31,0,0.0,2.0,1.0,1.0,B01
201400052757,0,7,0,0.0,0.0,2.0,12.0,A01
201400052757,0,2,0,0.0,2.0,3.0,12.0,B01
201400052758,1,30,0,0.0,1.0,2.0,1.0,Z01
201400052759,0,7,0,1.0,0.0,2.0,1.0,A01
201400052759,0,7,0,0.0,0.0,6.0,24.0,B01
201400052760,0,7,0,0.0,0.0,2.0,7.0,A01
201400052760,0,1,0,0.0,2.0,3.0,13.0,B01
201400052761,0,33,0,0.0,2.0,4.0,23.0,B01
201400052761,0,7,0,0.0,2.0,1.0,2.0,A01
201400052762,0,7,0,0.0,2.0,1.0,1.0,A01
201400052762,0,33,0,0.0,2.0,8.0,1.0,B01
201400052763,0,1,0,0.0,2.0,3.0,1.0,B01
201400052763,0,7,0,0.0,2.0,2.0,1.0,A01
201400052764,0,32,0,0.0,2.0,1.0,17.0,A01
201400052764,0,7,0,0.0,2.0,6.0,15.0,B01
201400052765,0,7,0,0.0,2.0,3.0,10.0,A01
201400052765,0,30,0,0.0,2.0,1.0,17.0,B01
201400052766,0,7,0,0.0,2.0,2.0,2.0,A01
201400052766,0,33,0,0.0,2.0,4.0,23.0,B01
201400052767,0,34,0,0.0,2.0,7.0,1.0,B01
201400052767,0,7,0,0.0,2.0,8.0,11.0,A01
201400052768,1,7,0,0.0,1.0,0.0,16.0,Z01
201400052769,0,33,0,0.0,2.0,6.0,1.0,B01
201400052769,0,7,0,0.0,2.0,2.0,1.0,A01
201400052770,0,2,0,0.0,0.0,8.0,1.0,A01
201400052771,0,7,0,0.0,1.0,1.0,2.0,A01
201400052772,0,33,0,0.0,2.0,7.0,1.0,A01
201400052772,0,7,0,0.0,2.0,1.0,1.0,B01
201400052773,0,7,0,0.0,2.0,3.0,1.0,B01
201400052773,0,30,0,0.0,2.0,1.0,1.0,A01
201400052774,0,7,0,0.0,1.0,1.0,15.0,A01
201400052775,0,30,0,0.0,2.0,7.0,1.0,A01
201400052775,0,7,0,0.0,2.0,3.0,1.0,B01
201400052776,0,7,0,0.0,1.0,7.0,15.0,A01
201400052777,0,34,0,0.0,0.0,0.0,13.0,A01
201400052778,0,7,0,0.0,2.0,2.0,16.0,A01
201400052778,0,32,0,0.0,2.0,8.0,1.0,B01
201400052779,0,7,0,0.0,2.0,1.0,15.0,A01
201400052779,0,32,0,0.0,2.0,8.0,1.0,B01
201400052780,0,7,0,0.0,1.0,1.0,1.0,A01
201400052781,0,7,0,0.0,2.0,4.0,23.0,B01
201400052781,0,7,0,0.0,2.0,4.0,23.0,C01
201400052781,0,14,0,0.0,2.0,1.0,2.0,A01
201400052782,0,1,0,0.0,9.0,2.0,1.0,B01
201400052782,0,1,0,0.0,9.0,1.0,1.0,A01
201400052783,0,2,0,0.0,2.0,7.0,1.0,A01
201400052783,0,7,0,0.0,2.0,5.0,14.0,B01
201400052784,0,7,0,0.0,0.0,2.0,16.0,A01
201400052784,0,33,0,0.0,2.0,8.0,18.0,B01
201400052785,0,32,0,0.0,1.0,1.0,1.0,A01
201400052786,0,7,0,0.0,2.0,3.0,10.0,A01
201400052786,0,32,0,0.0,2.0,1.0,1.0,B01
201400052787,0,32,0,0.0,1.0,1.0,1.0,A01
201400052788,0,32,0,0.0,1.0,1.0,1.0,A01
201400052789,0,7,0,0.0,2.0,5.0,15.0,A01
201400052789,0,34,0,0.0,2.0,1.0,1.0,B01
201400052790,0,32,0,0.0,0.0,8.0,1.0,A01
201400052791,1,7,0,0.0,1.0,3.0,16.0,Z01
201400052792,0,7,0,7.0,0.0,3.0,13.0,A01
201400052793,0,30,0,0.0,2.0,8.0,13.0,A01
201400052793,0,7,0,0.0,2.0,2.0,1.0,B01
201400052794,0,7,0,0.0,2.0,4.0,23.0,B01
201400052794,0,7,0,0.0,2.0,1.0,11.0,A01
201400052795,0,7,0,0.0,2.0,6.0,11.0,A01
201400052795,0,7,0,0.0,2.0,2.0,1.0,B01
201400052796,0,7,0,0.0,2.0,1.0,1.0,A01
201400052796,0,7,0,0.0,2.0,8.0,1.0,B01
201400052797,0,34,0,0.0,1.0,2.0,1.0,A01
201400052798,0,31,0,0.0,2.0,8.0,1.0,A01
201400052798,1,7,0,0.0,2.0,0.0,13.0,Z01
201400052799,0,31,0,0.0,2.0,3.0,1.0,A01
201400052799,0,32,0,0.0,2.0,4.0,16.0,B01
201400052800,0,7,0,7.0,0.0,1.0,13.0,A01
201400052801,0,7,0,8.0,0.0,1.0,14.0,A01
201400052802,0,7,0,0.0,1.0,2.0,1.0,A01
201400052803,0,7,0,0.0,2.0,4.0,23.0,B01
201400052803,0,32,0,0.0,2.0,1.0,2.0,A01
201400052804,0,30,0,0.0,1.0,1.0,1.0,A01
201400052805,0,32,0,0.0,0.0,0.0,1.0,A01
201400052806,0,34,0,0.0,1.0,5.0,1.0,A01
201400052807,0,7,0,0.0,2.0,2.0,1.0,A01
201400052807,0,7,0,0.0,2.0,4.0,23.0,B01
201400052807,0,7,0,0.0,2.0,4.0,23.0,C01
201400052808,0,7,0,0.0,2.0,0.0,15.0,B01
201400052808,0,7,0,0.0,2.0,0.0,1.0,A01
201400052809,1,7,0,0.0,2.0,7.0,16.0,Z01
201400052809,0,1,0,0.0,2.0,8.0,1.0,A01
201400052810,0,10,0,0.0,2.0,1.0,1.0,A01
201400052810,0,2,0,0.0,2.0,4.0,23.0,B01
201400052811,0,7,0,0.0,2.0,1.0,16.0,A01
201400052811,0,10,0,0.0,2.0,3.0,17.0,B01
201400052812,0,7,0,0.0,2.0,2.0,15.0,A01
201400052812,0,31,0,0.0,2.0,1.0,1.0,B01
201400052813,0,1,0,0.0,2.0,1.0,1.0,B01
201400052813,0,10,0,0.0,2.0,5.0,15.0,A01
201400052814,0,33,0,0.0,2.0,1.0,18.0,B01
201400052814,0,7,0,0.0,2.0,7.0,16.0,A01
201400052815,0,7,0,0.0,2.0,2.0,1.0,A01
201400052815,0,1,0,0.0,2.0,3.0,13.0,B01
201400052816,0,7,0,0.0,2.0,1.0,2.0,A01
201400052816,0,7,0,0.0,2.0,4.0,23.0,B01
201400052817,0,10,0,0.0,2.0,2.0,16.0,B01
201400052817,0,30,0,0.0,2.0,3.0,7.0,A01
201400052818,0,31,0,0.0,1.0,1.0,1.0,A01
201400052819,0,33,0,0.0,2.0,8.0,17.0,A01
201400052819,0,7,0,0.0,2.0,8.0,15.0,B01
201400052820,0,30,0,0.0,2.0,5.0,5.0,A01
201400052820,0,30,0,0.0,2.0,1.0,15.0,B01
201400052821,0,33,0,0.0,1.0,1.0,1.0,A01
201400052822,0,7,0,0.0,2.0,4.0,23.0,B01
201400052822,0,2,0,0.0,2.0,1.0,2.0,A01
201400052823,0,30,0,0.0,2.0,1.0,1.0,A01
201400052823,0,7,0,0.0,2.0,3.0,15.0,B01
201400052824,0,34,0,0.0,2.0,1.0,0.0,A01
201400052824,0,37,0,0.0,2.0,6.0,2.0,B01
201400052825,0,1,0,0.0,2.0,4.0,2.0,B01
201400052825,0,30,0,0.0,2.0,1.0,2.0,A01
201400052826,0,14,0,0.0,2.0,2.0,16.0,A01
201400052826,0,34,0,0.0,2.0,8.0,1.0,B01
201400052827,0,33,0,0.0,2.0,2.0,1.0,B01
201400052827,0,1,0,0.0,2.0,4.0,13.0,A01
201400052828,0,32,0,0.0,2.0,8.0,1.0,B01
201400052828,0,34,0,0.0,2.0,1.0,1.0,A01
201400052829,0,33,0,0.0,1.0,1.0,1.0,A01
201400052830,0,7,0,0.0,2.0,7.0,10.0,A01
201400052830,0,34,0,0.0,2.0,1.0,1.0,B01
201400052831,0,7,0,0.0,2.0,1.0,1.0,A01
201400052831,0,1,0,0.0,2.0,4.0,23.0,B01
201400052831,0,1,0,0.0,2.0,7.0,23.0,C01
201400052832,0,2,0,14.0,0.0,7.0,1.0,A01
201400052833,0,33,0,0.0,2.0,1.0,1.0,A01
201400052833,0,32,0,0.0,2.0,6.0,15.0,B01
201400052834,0,7,0,0.0,1.0,4.0,20.0,A01
201400052835,0,7,0,0.0,2.0,2.0,16.0,B01
201400052835,0,34,0,0.0,2.0,8.0,18.0,A01
201400052836,0,7,0,0.0,2.0,2.0,1.0,B01
201400052836,0,34,0,0.0,2.0,8.0,15.0,A01
201400052837,0,7,0,1.0,2.0,1.0,1.0,A01
201400052837,0,7,0,0.0,2.0,4.0,23.0,B01
201400052838,0,7,0,0.0,1.0,3.0,1.0,A01
201400052839,0,7,0,0.0,2.0,4.0,2.0,B01
201400052839,0,37,1,0.0,2.0,4.0,2.0,C01
201400052839,0,37,3,8.0,2.0,1.0,2.0,A01
201400052840,0,7,0,0.0,1.0,3.0,16.0,A01
201400052841,0,33,0,0.0,2.0,3.0,1.0,B01
201400052841,0,7,0,0.0,2.0,1.0,15.0,A01
201400052842,0,32,0,1.0,2.0,5.0,1.0,A01
201400052842,0,10,0,0.0,2.0,3.0,16.0,B01
201400052843,1,7,0,0.0,2.0,4.0,2.0,B01
201400052843,0,7,0,0.0,2.0,1.0,2.0,A01
201400052844,0,33,0,0.0,2.0,2.0,17.0,B01
201400052844,0,10,0,0.0,2.0,8.0,13.0,A01
201400052845,0,7,0,0.0,2.0,7.0,1.0,A01
201400052845,0,32,0,0.0,2.0,8.0,1.0,B01
201400052846,0,7,0,1.0,1.0,4.0,4.0,A01
201400052847,0,7,0,0.0,2.0,1.0,1.0,A01
201400052847,0,30,0,0.0,2.0,8.0,1.0,B01
201400052848,0,7,0,0.0,2.0,8.0,13.0,A01
201400052848,0,2,0,0.0,2.0,7.0,17.0,B01
201400052849,0,7,0,0.0,2.0,6.0,1.0,C01
201400052849,0,30,0,0.0,2.0,1.0,2.0,A01
201400052849,0,7,0,0.0,2.0,4.0,15.0,B01
201400052850,0,10,0,0.0,2.0,7.0,15.0,A01
201400052850,0,33,0,0.0,2.0,1.0,1.0,B01
201400052851,0,7,0,0.0,2.0,2.0,16.0,A01
201400052851,0,34,0,0.0,2.0,6.0,1.0,B01
201400052852,0,7,0,0.0,2.0,0.0,1.0,C01
201400052852,0,32,0,0.0,2.0,1.0,17.0,A01
201400052852,0,7,0,0.0,2.0,3.0,15.0,B01
201400052853,0,30,0,0.0,0.0,0.0,1.0,A01
201400052854,0,7,0,0.0,2.0,7.0,12.0,A01
201400052854,0,32,0,0.0,2.0,8.0,1.0,B01
201400052855,0,7,0,0.0,2.0,2.0,1.0,A01
201400052855,0,34,0,0.0,2.0,6.0,23.0,B01
201400052856,0,7,0,0.0,2.0,7.0,22.0,A01
201400052856,0,1,0,0.0,2.0,3.0,18.0,B01
201400052857,0,7,0,0.0,2.0,2.0,1.0,B01
201400052857,0,33,0,0.0,2.0,6.0,15.0,A01
201400052858,0,32,0,0.0,2.0,2.0,1.0,A01
201400052858,0,7,0,0.0,2.0,6.0,23.0,B01
201400052859,0,7,0,0.0,2.0,2.0,1.0,A01
201400052859,0,33,0,0.0,2.0,1.0,1.0,B01
201400052860,0,2,0,0.0,2.0,3.0,1.0,B01
201400052860,0,7,0,0.0,2.0,2.0,13.0,A01
201400052861,0,10,0,0.0,1.0,4.0,4.0,A01
201400052862,0,1,0,0.0,2.0,1.0,19.0,A01
201400052862,0,7,0,0.0,2.0,2.0,1.0,B01
201400052863,0,7,0,0.0,2.0,4.0,1.0,B01
201400052863,0,7,0,0.0,2.0,1.0,1.0,A01
201400052863,0,7,0,0.0,2.0,4.0,1.0,C01
201400052864,0,30,0,0.0,0.0,8.0,1.0,A01
201400052865,0,10,0,0.0,2.0,1.0,2.0,A01
201400052865,0,7,0,0.0,2.0,4.0,2.0,C01
201400052865,0,7,0,0.0,2.0,4.0,2.0,B01
201400052866,0,1,0,0.0,2.0,0.0,19.0,B01
201400052866,0,7,0,0.0,2.0,7.0,16.0,A01
201400052867,0,33,0,14.0,0.0,1.0,1.0,A01
201400052868,0,7,0,0.0,2.0,5.0,23.0,A01
201400052868,0,34,0,0.0,2.0,5.0,2.0,B01
201400052869,0,7,0,0.0,2.0,1.0,1.0,A01
201400052869,0,7,0,0.0,2.0,3.0,15.0,B01
201400052870,0,2,0,0.0,0.0,0.0,15.0,A01
201400052871,0,7,0,0.0,2.0,1.0,1.0,A01
201400052871,0,10,0,0.0,2.0,4.0,1.0,B01
201400052872,0,33,0,0.0,2.0,7.0,17.0,A01
201400052872,0,7,0,0.0,2.0,8.0,1.0,B01
201400052873,0,7,0,0.0,2.0,1.0,1.0,A01
201400052873,0,7,0,0.0,2.0,4.0,23.0,B01
201400052874,0,7,0,0.0,1.0,3.0,1.0,A01
201400052875,0,33,0,0.0,2.0,2.0,1.0,B01
201400052875,0,7,0,0.0,2.0,6.0,22.0,A01
201400052876,0,32,0,0.0,2.0,1.0,1.0,B01
201400052876,0,7,0,0.0,2.0,5.0,1.0,A01
201400052877,0,32,0,0.0,0.0,7.0,1.0,A01
201400052878,0,7,0,0.0,2.0,8.0,22.0,A01
201400052878,0,1,0,1.0,2.0,1.0,1.0,B01
201400052879,0,2,0,0.0,0.0,8.0,1.0,A01
201400052880,0,33,0,0.0,2.0,1.0,5.0,B01
201400052880,0,7,0,0.0,2.0,6.0,10.0,A01
201400052881,0,31,0,0.0,2.0,5.0,2.0,B01
201400052881,0,30,0,0.0,2.0,1.0,2.0,A01
201400052882,0,7,0,0.0,2.0,5.0,2.0,C01
201400052882,0,7,0,0.0,2.0,1.0,2.0,A01
201400052882,0,34,0,0.0,2.0,4.0,2.0,B01
201400052883,0,2,0,0.0,2.0,1.0,2.0,A01
201400052883,0,7,0,0.0,2.0,6.0,23.0,B01
201400052884,0,33,0,0.0,0.0,8.0,1.0,A01
201400052885,0,2,0,0.0,2.0,0.0,1.0,B01
201400052885,0,7,0,0.0,2.0,7.0,16.0,A01
201400052886,0,33,0,1.0,2.0,2.0,17.0,A01
201400052886,0,7,0,0.0,2.0,8.0,20.0,B01
201400052887,0,7,0,0.0,2.0,5.0,2.0,B01
201400052887,0,34,0,0.0,2.0,3.0,2.0,A01
201400052888,0,7,0,0.0,2.0,4.0,23.0,B01
201400052888,0,7,0,0.0,2.0,1.0,1.0,A01
201400052889,0,7,0,0.0,1.0,1.0,1.0,A01
201400052890,0,7,0,0.0,1.0,1.0,1.0,A01
201400052891,0,7,0,0.0,1.0,1.0,16.0,A01
201400052892,0,30,0,0.0,2.0,8.0,1.0,B01
201400052892,1,13,0,0.0,2.0,1.0,1.0,A01
201400052893,0,7,0,7.0,0.0,9.0,13.0,A01
201400052894,0,7,0,0.0,1.0,1.0,15.0,A01
201400052895,0,7,0,0.0,2.0,2.0,9.0,B01
201400052895,0,32,0,0.0,2.0,1.0,1.0,A01
201400052896,0,33,0,0.0,2.0,3.0,16.0,B01
201400052896,0,7,0,0.0,2.0,5.0,16.0,A01
201400052897,0,7,0,1.0,2.0,3.0,1.0,A01
201400052897,0,10,0,0.0,2.0,1.0,1.0,B01
201400052898,0,7,0,0.0,2.0,3.0,15.0,A01
201400052898,0,32,0,0.0,2.0,2.0,17.0,B01
201400052899,0,7,0,0.0,2.0,2.0,1.0,A01
201400052899,0,30,0,0.0,2.0,1.0,1.0,B01
201400052900,0,32,0,0.0,2.0,7.0,17.0,A01
201400052900,0,7,0,0.0,2.0,1.0,9.0,B01
201400052901,0,34,0,0.0,2.0,8.0,1.0,B01
201400052901,0,7,0,0.0,2.0,2.0,10.0,A01
201400052902,0,7,0,0.0,2.0,3.0,1.0,A01
201400052902,0,7,0,0.0,2.0,4.0,23.0,B01
201400052903,0,7,0,0.0,2.0,3.0,1.0,B01
201400052903,0,7,0,0.0,2.0,1.0,1.0,A01
201400052904,0,7,0,0.0,2.0,7.0,22.0,A01
201400052904,0,1,0,0.0,2.0,1.0,18.0,B01
201400052905,0,7,0,0.0,2.0,1.0,15.0,A01
201400052905,0,33,0,0.0,2.0,1.0,1.0,B01
201400052906,0,33,0,8.0,1.0,2.0,1.0,A01
201400052907,0,14,0,0.0,2.0,3.0,22.0,A01
201400052907,0,1,0,0.0,2.0,1.0,1.0,B01
201400052908,0,7,0,0.0,1.0,2.0,15.0,A01
201400052909,0,7,0,0.0,2.0,3.0,15.0,B01
201400052909,0,34,0,0.0,2.0,7.0,17.0,A01
201400052910,0,37,12,0.0,2.0,1.0,1.0,B01
201400052910,0,10,0,0.0,2.0,7.0,15.0,A01
201400052911,0,7,0,0.0,2.0,6.0,2.0,B01
201400052911,0,7,0,0.0,2.0,1.0,2.0,A01
201400052912,1,7,0,0.0,2.0,0.0,16.0,Z01
201400052912,0,37,16,0.0,2.0,3.0,1.0,A01
201400052913,0,30,0,0.0,2.0,8.0,7.0,A01
201400052913,0,7,0,0.0,2.0,5.0,16.0,B01
201400052914,0,7,0,0.0,1.0,2.0,11.0,A01
201400052915,0,7,0,0.0,2.0,3.0,9.0,A01
201400052915,0,31,0,0.0,2.0,5.0,1.0,B01
201400052916,0,30,0,0.0,0.0,0.0,1.0,A01
201400052917,0,30,0,0.0,0.0,0.0,1.0,A01
201400052918,0,34,0,0.0,1.0,1.0,1.0,A01
201400052919,0,7,0,0.0,1.0,1.0,1.0,A01
201400052920,0,7,0,0.0,2.0,3.0,1.0,A01
201400052920,0,34,0,0.0,2.0,8.0,15.0,B01
201400052921,0,33,0,0.0,2.0,1.0,17.0,B01
201400052921,0,7,0,0.0,2.0,8.0,10.0,A01
201400052922,0,30,0,0.0,1.0,1.0,1.0,A01
201400052923,0,7,0,0.0,2.0,2.0,15.0,A01
201400052923,0,34,0,0.0,2.0,8.0,15.0,B01
201400052924,0,2,0,0.0,0.0,7.0,1.0,A01
201400052925,0,7,0,0.0,2.0,3.0,13.0,A01
201400052925,0,33,0,0.0,2.0,7.0,17.0,B01
201400052926,0,7,0,0.0,2.0,2.0,1.0,C01
201400052926,0,33,0,0.0,2.0,9.0,3.0,A01
201400052926,0,7,0,0.0,2.0,3.0,1.0,B01
201400052927,0,7,0,0.0,2.0,3.0,15.0,A01
201400052927,0,33,0,0.0,2.0,8.0,1.0,B01