Num_Acc,senc,catv,occutc,obs,obsm,choc,manv,num_veh
201400052928,0,30,0,1.0,2.0,3.0,1.0,B01
201400052928,0,7,0,0.0,2.0,5.0,23.0,A01
201400052929,0,7,0,0.0,1.0,1.0,1.0,A01
201400052930,0,7,0,0.0,1.0,4.0,4.0,A01
201400052931,1,7,0,0.0,1.0,0.0,1.0,Z01
201400052932,0,32,0,0.0,2.0,5.0,1.0,B01
201400052932,0,33,0,0.0,2.0,1.0,1.0,A01
201400052933,0,7,0,0.0,1.0,8.0,15.0,A01
201400052934,0,30,0,12.0,0.0,1.0,1.0,A01
201400052935,0,30,0,0.0,0.0,0.0,1.0,A01
201400052936,0,30,0,0.0,0.0,0.0,1.0,A01
201400052937,0,7,0,0.0,2.0,3.0,10.0,A01
201400052937,0,32,0,0.0,2.0,1.0,7.0,B01
201400052938,0,7,0,0.0,1.0,1.0,1.0,A01
201400052939,0,2,0,0.0,2.0,1.0,1.0,A01
201400052939,0,7,0,0.0,2.0,4.0,23.0,B01
201400052940,0,33,0,0.0,2.0,1.0,1.0,A01
201400052940,0,33,0,0.0,2.0,7.0,1.0,B01
201400052941,1,7,0,0.0,1.0,0.0,0.0,Z01
201400052942,0,2,0,0.0,0.0,7.0,1.0,A01
201400052943,0,7,0,0.0,2.0,8.0,1.0,B01
201400052943,0,7,0,0.0,2.0,1.0,15.0,A01
201400052944,0,7,0,0.0,2.0,7.0,16.0,A01
201400052944,0,32,0,0.0,2.0,3.0,1.0,B01
201400052945,0,2,0,0.0,2.0,7.0,1.0,B01
201400052945,1,7,0,0.0,2.0,0.0,16.0,Z01
201400052946,0,13,0,0.0,2.0,0.0,16.0,A01
201400052946,0,1,0,0.0,2.0,0.0,1.0,B01
201400052947,0,7,0,0.0,2.0,4.0,23.0,B01
201400052947,0,34,0,0.0,2.0,1.0,2.0,A01
201400052948,0,7,0,0.0,2.0,1.0,13.0,A01
201400052948,0,30,0,0.0,2.0,5.0,16.0,B01
201400052949,0,7,0,0.0,2.0,3.0,2.0,A01
201400052949,0,33,0,0.0,2.0,7.0,2.0,B01
201400052950,0,7,0,0.0,2.0,3.0,2.0,A01
201400052950,0,7,0,0.0,2.0,4.0,23.0,B01
201400052951,0,7,0,0.0,1.0,1.0,1.0,A01
201400052952,0,1,0,0.0,1.0,7.0,15.0,A01
201400052953,0,33,0,0.0,2.0,0.0,1.0,A01
201400052954,0,1,0,0.0,2.0,7.0,1.0,B01
201400052954,0,37,1,0.0,2.0,6.0,13.0,A01
201400052955,0,7,0,0.0,2.0,3.0,1.0,B01
201400052955,0,31,0,0.0,2.0,7.0,1.0,A01
201400052956,0,31,0,0.0,2.0,2.0,2.0,A01
201400052956,0,7,0,0.0,2.0,3.0,23.0,B01
201400052957,0,31,0,0.0,0.0,0.0,21.0,A01
201400052958,0,34,0,0.0,2.0,1.0,1.0,B01
201400052958,0,7,0,0.0,2.0,2.0,15.0,A01
201400052959,0,31,0,0.0,2.0,2.0,1.0,A01
201400052959,0,7,0,0.0,2.0,1.0,15.0,B01
201400052960,0,7,0,0.0,2.0,2.0,1.0,A01
201400052960,0,7,0,0.0,2.0,1.0,1.0,B01
201400052961,0,31,0,0.0,0.0,3.0,21.0,A01
201400052962,0,7,0,0.0,2.0,3.0,15.0,A01
201400052962,0,7,0,0.0,2.0,1.0,1.0,B01
201400052963,0,33,0,0.0,2.0,2.0,1.0,B01
201400052963,0,7,0,0.0,2.0,3.0,15.0,A01
201400052964,0,7,0,0.0,2.0,1.0,15.0,B01
201400052964,0,34,0,0.0,2.0,5.0,1.0,A01
201400052965,0,7,0,0.0,2.0,3.0,10.0,A01
201400052965,0,1,0,0.0,2.0,1.0,1.0,B01
201400052966,0,31,0,0.0,2.0,1.0,1.0,A01
201400052966,0,10,0,0.0,2.0,2.0,16.0,B01
201400052967,0,14,0,0.0,1.0,1.0,15.0,A01
201400052968,0,7,0,0.0,2.0,2.0,9.0,A01
201400052968,0,33,0,0.0,2.0,1.0,1.0,B01
201400052969,0,7,0,0.0,2.0,3.0,1.0,B01
201400052969,0,7,0,0.0,2.0,6.0,1.0,A01
201400052970,0,1,0,0.0,2.0,1.0,1.0,A01
201400052970,0,33,0,0.0,2.0,7.0,1.0,B01
201400052971,0,33,0,1.0,0.0,0.0,13.0,A01
201400052972,0,7,0,0.0,1.0,2.0,1.0,A01
201400052973,0,7,0,0.0,1.0,1.0,1.0,A01
201400052974,0,37,0,0.0,1.0,8.0,15.0,A01
201400052975,0,10,0,0.0,1.0,5.0,4.0,A01
201400052976,0,7,0,0.0,2.0,2.0,1.0,B01
201400052976,0,7,0,0.0,2.0,3.0,1.0,A01
201400052977,0,34,0,0.0,2.0,0.0,1.0,A01
201400052977,0,7,0,0.0,2.0,0.0,15.0,B01
201400052978,0,10,0,0.0,2.0,4.0,1.0,A01
201400052978,0,31,0,0.0,2.0,1.0,1.0,B01
201400052979,0,31,0,0.0,0.0,3.0,1.0,A01
201400052980,0,7,0,0.0,2.0,4.0,15.0,B01
201400052980,0,30,0,0.0,2.0,3.0,17.0,A01
201400052981,0,7,0,0.0,2.0,8.0,22.0,A01
201400052981,0,1,0,1.0,2.0,7.0,1.0,B01
201400052982,0,7,0,0.0,2.0,0.0,15.0,A01
201400052982,0,30,0,0.0,2.0,0.0,1.0,B01
201400052983,0,7,0,0.0,2.0,1.0,1.0,A01
201400052983,0,7,0,0.0,2.0,8.0,1.0,B01
201400052984,0,7,0,0.0,1.0,4.0,4.0,A01
201400052985,0,30,0,0.0,2.0,6.0,7.0,A01
201400052985,0,10,0,1.0,2.0,2.0,14.0,B01
201400052986,0,30,0,0.0,1.0,1.0,18.0,A01
201400052987,0,7,0,0.0,2.0,7.0,17.0,B01
201400052987,0,38,1,0.0,2.0,6.0,15.0,A01
201400052988,0,10,0,0.0,2.0,3.0,1.0,B01
201400052988,0,2,0,0.0,2.0,1.0,1.0,A01
201400052989,0,7,0,0.0,2.0,8.0,1.0,A01
201400052989,2,31,0,0.0,2.0,7.0,17.0,Z01
201400052990,0,30,0,0.0,0.0,7.0,1.0,A01
201400052991,0,7,0,0.0,2.0,5.0,9.0,A01
201400052991,0,32,0,0.0,2.0,1.0,1.0,B01
201400052992,0,10,0,0.0,1.0,4.0,4.0,A01
201400052993,0,34,0,8.0,2.0,8.0,18.0,A01
201400052993,0,7,0,0.0,2.0,2.0,16.0,B01
201400052994,0,33,0,0.0,1.0,1.0,1.0,A01
201400052995,0,1,0,0.0,2.0,7.0,1.0,A01
201400052995,1,30,0,0.0,2.0,0.0,1.0,Z01
201400052996,0,10,0,0.0,1.0,2.0,16.0,A01
201400052997,0,7,0,0.0,1.0,2.0,15.0,A01
201400052998,0,7,0,0.0,2.0,4.0,2.0,B01
201400052998,0,10,0,0.0,2.0,1.0,2.0,A01
201400052999,1,30,0,0.0,2.0,0.0,18.0,Z01
201400052999,0,7,0,0.0,2.0,7.0,16.0,A01
201400052999,0,33,0,0.0,2.0,6.0,1.0,B01
201400053000,0,30,0,0.0,0.0,7.0,16.0,A01
201400053001,0,7,0,0.0,1.0,7.0,4.0,A01
201400053002,0,7,0,0.0,2.0,7.0,16.0,A01
201400053002,0,2,0,0.0,2.0,8.0,1.0,B01
201400053003,0,7,0,0.0,2.0,4.0,23.0,B01
201400053003,0,7,0,0.0,2.0,1.0,2.0,A01
201400053004,0,7,0,0.0,2.0,1.0,23.0,A01
201400053004,0,7,0,0.0,2.0,4.0,2.0,B01
201400053005,1,7,0,0.0,2.0,1.0,1.0,Z01
201400053005,0,31,0,8.0,2.0,8.0,1.0,A01
201400053006,0,1,0,0.0,1.0,1.0,16.0,A01
201400053007,0,30,0,0.0,1.0,1.0,1.0,A01
201400053008,0,33,0,0.0,2.0,1.0,1.0,A01
201400053008,0,33,0,0.0,2.0,3.0,1.0,B01
201400053009,0,7,0,0.0,2.0,1.0,2.0,A01
201400053009,0,7,0,0.0,2.0,5.0,23.0,B01
201400053010,0,1,0,12.0,0.0,0.0,13.0,A01
201400053011,0,33,0,0.0,2.0,6.0,15.0,A01
201400053011,0,7,0,0.0,2.0,2.0,1.0,B01
201400053012,0,32,0,0.0,2.0,1.0,1.0,C01
201400053012,0,7,0,0.0,2.0,4.0,23.0,B01
201400053012,0,38,32,0.0,2.0,1.0,1.0,A01
201400053013,0,33,0,0.0,2.0,4.0,2.0,A01
201400053013,1,7,0,0.0,2.0,0.0,2.0,Z01
201400053014,0,32,0,0.0,0.0,0.0,1.0,A01
201400053015,0,30,0,0.0,1.0,1.0,1.0,A01
201400053016,0,34,0,0.0,2.0,4.0,1.0,B01
201400053016,0,7,0,1.0,2.0,1.0,1.0,A01
201400053016,0,10,0,0.0,2.0,1.0,1.0,C01
201400053016,0,7,0,0.0,2.0,4.0,1.0,D01
201400053017,0,7,0,0.0,2.0,8.0,15.0,B01
201400053017,0,7,0,0.0,2.0,1.0,1.0,A01
201400053018,0,33,0,0.0,0.0,0.0,1.0,A01
201400053019,0,7,0,6.0,0.0,1.0,1.0,A01
201400053020,1,7,0,0.0,2.0,7.0,17.0,Z01
201400053020,0,1,0,0.0,2.0,3.0,1.0,A01
201400053021,0,1,0,0.0,2.0,1.0,1.0,A01
201400053021,0,7,0,0.0,2.0,6.0,1.0,B01
201400053022,0,33,0,0.0,2.0,6.0,1.0,A01
201400053022,0,7,0,0.0,2.0,1.0,15.0,B01
201400053023,0,1,0,0.0,0.0,1.0,21.0,A01
201400053024,0,2,0,0.0,1.0,7.0,1.0,A01
201400053025,0,7,0,0.0,2.0,1.0,1.0,B01
201400053025,0,33,0,0.0,2.0,3.0,1.0,A01
201400053026,0,10,0,0.0,2.0,3.0,9.0,A01
201400053026,0,32,0,0.0,2.0,2.0,1.0,B01
201400053027,0,32,0,0.0,2.0,3.0,18.0,B01
201400053027,0,7,0,0.0,2.0,7.0,22.0,A01
201400053028,0,31,0,0.0,1.0,1.0,1.0,A01
201400053029,0,1,0,0.0,2.0,5.0,2.0,B01
201400053029,0,10,0,0.0,2.0,2.0,2.0,A01
201400053030,0,30,0,0.0,2.0,3.0,3.0,A01
201400053030,0,7,0,0.0,2.0,7.0,1.0,B01
201400053031,0,31,0,0.0,0.0,8.0,21.0,A01
201400053032,0,31,0,0.0,0.0,7.0,21.0,A01
201400053033,0,7,0,0.0,2.0,1.0,1.0,B01
201400053033,0,2,0,0.0,2.0,7.0,1.0,A01
201400053034,0,7,0,0.0,2.0,1.0,2.0,A01
201400053034,0,33,0,0.0,2.0,4.0,23.0,B01
201400053035,0,33,0,0.0,2.0,7.0,2.0,A01
201400053035,0,10,0,0.0,2.0,4.0,23.0,B01
201400053036,0,30,0,0.0,2.0,7.0,1.0,A01
201400053036,1,7,0,0.0,2.0,8.0,1.0,Z01
201400053037,0,31,0,0.0,1.0,2.0,1.0,A01
201400053038,0,33,0,0.0,2.0,2.0,1.0,A01
201400053038,0,7,0,0.0,2.0,6.0,23.0,B01
201400053039,0,34,0,14.0,2.0,1.0,17.0,A01
201400053039,0,37,1,0.0,2.0,0.0,1.0,B01
201400053040,0,7,0,0.0,2.0,7.0,22.0,A01
201400053040,0,1,0,0.0,2.0,7.0,1.0,B01
201400053041,0,7,0,0.0,2.0,8.0,1.0,B01
201400053041,0,7,0,0.0,2.0,7.0,22.0,A01
201400053042,0,7,0,0.0,1.0,2.0,1.0,A01
201400053043,0,33,0,0.0,0.0,0.0,1.0,A01
201400053044,0,33,0,0.0,2.0,8.0,1.0,B01
201400053044,0,7,0,0.0,2.0,2.0,15.0,A01
201400053045,0,33,0,9.0,0.0,1.0,1.0,A01
201400053046,1,7,0,0.0,2.0,8.0,22.0,Z01
201400053046,0,2,0,0.0,2.0,7.0,1.0,A01
201400053047,0,33,0,0.0,2.0,4.0,23.0,B01
201400053047,0,7,0,0.0,2.0,3.0,15.0,A01
201400053048,0,7,0,0.0,2.0,2.0,1.0,A01
201400053048,0,1,0,0.0,2.0,4.0,1.0,B01
201400053049,0,32,0,0.0,2.0,1.0,5.0,A01
201400053049,0,7,0,0.0,2.0,3.0,1.0,B01
201400053050,0,33,0,0.0,2.0,1.0,1.0,B01
201400053050,0,7,0,0.0,2.0,3.0,15.0,A01
201400053051,0,7,0,0.0,2.0,4.0,23.0,B01
201400053051,0,32,0,0.0,2.0,9.0,1.0,A01
201400053052,0,31,0,0.0,2.0,1.0,18.0,A01
201400053052,0,7,0,0.0,2.0,1.0,24.0,B01
201400053053,0,7,0,0.0,2.0,3.0,23.0,B01
201400053053,0,31,0,0.0,2.0,1.0,2.0,A01
201400053054,0,2,0,0.0,2.0,2.0,1.0,A01
201400053054,1,7,0,0.0,2.0,0.0,1.0,Z01
201400053055,0,7,0,0.0,2.0,2.0,15.0,B01
201400053055,0,30,0,0.0,2.0,2.0,1.0,A01
201400053056,0,1,0,0.0,2.0,6.0,1.0,B01
201400053056,0,33,0,0.0,2.0,1.0,1.0,A01
201400053057,0,7,0,0.0,2.0,2.0,1.0,A01
201400053057,0,7,0,0.0,2.0,3.0,1.0,B01
201400053058,0,7,0,0.0,2.0,3.0,24.0,C01
201400053058,0,31,0,0.0,2.0,1.0,18.0,B01
201400053058,0,7,0,0.0,2.0,7.0,22.0,A01
201400053059,0,30,0,14.0,2.0,1.0,2.0,A01
201400053059,0,10,0,0.0,2.0,4.0,23.0,B01
201400053060,0,34,0,0.0,2.0,1.0,1.0,A01
201400053060,0,7,0,0.0,2.0,3.0,15.0,B01
201400053061,0,7,0,0.0,2.0,0.0,15.0,A01
201400053061,0,30,0,0.0,2.0,0.0,2.0,B01
201400053062,0,7,0,14.0,2.0,7.0,1.0,B01
201400053062,0,7,0,0.0,2.0,7.0,1.0,A01
201400053063,0,31,0,0.0,2.0,3.0,3.0,B01
201400053063,0,7,0,0.0,2.0,2.0,14.0,A01
201400053064,0,10,0,0.0,2.0,8.0,1.0,C01
201400053064,0,7,0,0.0,2.0,3.0,22.0,A01
201400053064,0,1,0,0.0,2.0,1.0,1.0,B01
201400053065,0,7,0,0.0,2.0,2.0,9.0,B01
201400053065,0,1,0,0.0,2.0,1.0,5.0,A01
201400053066,0,1,0,0.0,2.0,7.0,19.0,B01
201400053066,0,10,0,0.0,2.0,2.0,1.0,A01
201400053067,0,31,0,0.0,1.0,1.0,1.0,A01
201400053068,0,31,0,0.0,0.0,0.0,7.0,A01
201400053069,0,7,0,14.0,1.0,3.0,1.0,A01
201400053070,0,7,0,0.0,2.0,4.0,23.0,B01
201400053070,0,7,0,0.0,2.0,1.0,2.0,A01
201400053071,0,7,0,0.0,2.0,2.0,2.0,B01
201400053071,0,7,0,0.0,2.0,6.0,2.0,C01
201400053071,0,7,0,0.0,2.0,2.0,2.0,A01
201400053072,0,7,0,0.0,2.0,6.0,22.0,A01
201400053072,0,30,0,0.0,2.0,2.0,17.0,B01
201400053073,0,31,0,0.0,2.0,1.0,1.0,B01
201400053073,0,7,0,0.0,2.0,2.0,15.0,A01
201400053074,0,32,0,0.0,2.0,0.0,1.0,A01
201400053075,0,32,0,0.0,0.0,8.0,1.0,A01
201400053076,0,34,0,0.0,0.0,0.0,16.0,A01
201400053077,0,32,0,0.0,1.0,1.0,1.0,A01
201400053078,0,7,0,0.0,2.0,1.0,16.0,A01
201400053078,0,1,0,0.0,2.0,8.0,19.0,B01
201400053079,0,7,0,0.0,1.0,1.0,1.0,A01
201400053080,0,7,0,0.0,2.0,7.0,16.0,A01
201400053080,0,33,0,0.0,2.0,8.0,18.0,B01
201400053081,0,33,0,0.0,2.0,7.0,7.0,A01
201400053081,0,7,0,0.0,2.0,2.0,9.0,B01
201400053082,0,7,0,0.0,2.0,3.0,5.0,A01
201400053082,0,32,0,0.0,2.0,3.0,1.0,B01
201400053083,0,7,0,9.0,0.0,1.0,15.0,A01
201400053084,0,7,0,0.0,2.0,1.0,1.0,B01
201400053084,0,7,0,0.0,2.0,3.0,1.0,A01
201400053085,0,2,0,0.0,1.0,1.0,1.0,A01
201400053086,0,7,0,0.0,2.0,6.0,7.0,B01
201400053086,0,31,0,0.0,2.0,7.0,1.0,A01
201400053087,0,31,0,0.0,1.0,0.0,1.0,A01
201400053088,0,7,0,0.0,2.0,7.0,1.0,A01
201400053088,0,2,0,0.0,2.0,1.0,1.0,B01
201400053089,0,7,0,0.0,2.0,3.0,15.0,B01
201400053089,0,32,0,0.0,2.0,1.0,1.0,A01
201400053090,0,7,0,0.0,2.0,1.0,15.0,B01
201400053090,0,7,0,0.0,2.0,2.0,1.0,A01
201400053091,0,10,0,0.0,2.0,2.0,16.0,B01
201400053091,0,33,0,0.0,2.0,1.0,18.0,A01
201400053092,0,7,0,0.0,2.0,1.0,1.0,A01
201400053092,0,7,0,0.0,2.0,4.0,23.0,B01
201400053093,0,32,0,0.0,1.0,1.0,1.0,A01
201400053094,0,34,0,0.0,2.0,2.0,5.0,B01
201400053094,0,10,0,0.0,2.0,8.0,10.0,A01
201400053095,1,2,0,0.0,1.0,0.0,1.0,Z01
201400053096,0,7,0,0.0,2.0,1.0,15.0,A01
201400053096,0,32,0,0.0,2.0,8.0,1.0,B01
201400053097,0,7,0,0.0,2.0,3.0,1.0,A01
201400053097,0,33,0,0.0,2.0,3.0,16.0,B01
201400053098,0,7,0,0.0,2.0,8.0,10.0,A01
201400053098,0,32,0,0.0,2.0,1.0,17.0,B01
201400053099,0,33,0,0.0,2.0,1.0,1.0,B01
201400053099,0,7,0,0.0,2.0,1.0,15.0,A01
201400053100,0,30,0,0.0,2.0,1.0,1.0,A01
201400053100,0,10,0,0.0,2.0,3.0,1.0,B01
201400053101,0,7,0,15.0,2.0,4.0,23.0,B01
201400053101,0,7,0,0.0,2.0,4.0,4.0,A01
201400053102,0,33,0,0.0,0.0,7.0,21.0,A01
201400053103,0,13,0,6.0,0.0,1.0,1.0,A01
201400053104,0,2,0,0.0,1.0,1.0,1.0,A01
201400053105,0,7,0,0.0,2.0,3.0,13.0,A01
201400053105,0,31,0,0.0,2.0,1.0,17.0,B01
201400053106,0,7,0,0.0,2.0,1.0,2.0,A01
201400053106,0,7,0,0.0,2.0,4.0,23.0,B01
201400053107,0,7,0,0.0,1.0,3.0,1.0,A01
201400053108,0,7,0,0.0,2.0,1.0,1.0,A01
201400053108,0,31,0,0.0,2.0,8.0,15.0,B01
201400053109,0,7,0,0.0,1.0,1.0,1.0,A01
201400053110,0,10,0,0.0,2.0,4.0,4.0,D01
201400053110,0,7,0,0.0,2.0,4.0,1.0,C01
201400053110,0,7,0,0.0,2.0,8.0,22.0,A01
201400053110,0,30,0,0.0,2.0,1.0,17.0,B01
201400053111,0,33,0,0.0,0.0,8.0,1.0,A01
201400053112,0,7,0,0.0,2.0,3.0,13.0,A01
201400053112,0,30,0,0.0,2.0,5.0,16.0,B01
201400053113,0,30,0,0.0,0.0,7.0,16.0,A01
201400053114,0,31,0,0.0,0.0,7.0,21.0,A01
201400053115,0,7,0,0.0,2.0,5.0,14.0,A01
201400053115,0,34,0,0.0,2.0,3.0,1.0,B01
201400053116,0,7,0,0.0,2.0,7.0,16.0,A01
201400053116,0,30,0,0.0,2.0,8.0,18.0,B01
201400053117,0,34,0,0.0,1.0,3.0,1.0,A01
201400053118,0,31,0,0.0,2.0,1.0,2.0,A01
201400053118,0,14,0,0.0,2.0,5.0,23.0,B01
201400053119,0,30,0,0.0,2.0,2.0,1.0,A01
201400053119,1,7,0,0.0,2.0,2.0,13.0,Z01
201400053120,0,31,0,0.0,0.0,0.0,1.0,A01
201400053121,0,10,0,0.0,1.0,3.0,15.0,A01
201400053122,0,7,0,0.0,1.0,0.0,4.0,A01
201400053123,0,1,0,0.0,2.0,1.0,1.0,B01
201400053123,0,7,0,0.0,2.0,4.0,10.0,A01
201400053124,0,7,0,0.0,2.0,5.0,23.0,B01
201400053124,0,30,0,0.0,2.0,2.0,1.0,C01
201400053124,0,7,0,0.0,2.0,1.0,2.0,A01
201400053125,0,13,0,0.0,2.0,1.0,1.0,A01
201400053125,0,7,0,0.0,2.0,4.0,1.0,B01
201400053126,0,7,0,0.0,2.0,8.0,1.0,B01
201400053126,0,31,0,0.0,2.0,1.0,1.0,A01
201400053127,0,7,0,0.0,2.0,1.0,16.0,A01
201400053127,0,1,0,0.0,0.0,8.0,19.0,B01
201400053128,0,7,0,0.0,2.0,6.0,23.0,B01
201400053128,0,10,0,0.0,2.0,2.0,1.0,A01
201400053129,0,34,0,0.0,2.0,1.0,1.0,A01
201400053129,0,7,0,0.0,2.0,8.0,1.0,B01
201400053130,0,32,0,0.0,2.0,1.0,1.0,C01
201400053130,0,7,0,0.0,2.0,1.0,1.0,A01
201400053130,0,32,0,0.0,2.0,1.0,1.0,B01
201400053131,0,30,0,0.0,2.0,7.0,15.0,A01
201400053131,0,7,0,0.0,2.0,2.0,15.0,B01
201400053132,0,7,0,0.0,2.0,5.0,19.0,A01
201400053132,0,34,0,0.0,2.0,1.0,1.0,B01
201400053133,0,7,0,0.0,2.0,1.0,2.0,A01
201400053133,0,10,0,0.0,2.0,4.0,2.0,B01
201400053134,0,37,1,0.0,1.0,2.0,1.0,A01
201400053135,0,7,0,0.0,1.0,2.0,1.0,A01
201400053136,0,33,0,0.0,2.0,1.0,1.0,A01
201400053136,0,7,0,0.0,2.0,3.0,15.0,B01
201400053137,1,2,0,0.0,1.0,1.0,1.0,Z01
201400053138,0,7,0,0.0,2.0,5.0,23.0,B01
201400053138,0,7,0,0.0,2.0,3.0,1.0,A01
201400053139,0,32,0,0.0,2.0,7.0,1.0,B01
201400053139,0,7,0,0.0,2.0,6.0,1.0,A01
201400053140,0,7,0,0.0,2.0,1.0,15.0,A01
201400053140,0,32,0,0.0,2.0,8.0,1.0,B01
201400053141,0,7,0,0.0,1.0,3.0,1.0,A01
201400053142,0,7,0,0.0,1.0,2.0,16.0,A01
201400053143,0,30,0,0.0,2.0,7.0,16.0,A01
201400053143,0,7,0,0.0,2.0,3.0,1.0,B01
201400053144,0,7,0,0.0,1.0,1.0,1.0,A01
201400053145,0,34,0,0.0,1.0,1.0,1.0,A01
201400053146,0,7,0,0.0,2.0,3.0,11.0,A01
201400053146,0,33,0,0.0,2.0,7.0,1.0,B01
201400053147,0,2,0,0.0,0.0,0.0,15.0,A01
201400053148,0,37,0,0.0,2.0,3.0,1.0,B01
201400053148,0,7,0,0.0,2.0,5.0,14.0,A01
201400053149,0,10,0,0.0,2.0,1.0,1.0,A01
201400053149,0,33,0,0.0,2.0,2.0,1.0,B01
201400053150,0,7,0,0.0,0.0,7.0,1.0,B01
201400053150,0,1,0,0.0,2.0,1.0,16.0,A01
201400053151,0,10,0,0.0,2.0,7.0,14.0,A01
201400053151,0,30,0,0.0,2.0,8.0,23.0,B01
201400053152,0,14,0,0.0,1.0,5.0,1.0,A01
201400053153,0,32,0,0.0,0.0,0.0,21.0,A01
201400053154,0,2,0,0.0,1.0,3.0,1.0,A01
201400053155,0,32,0,0.0,2.0,2.0,1.0,A01
201400053155,0,10,0,0.0,2.0,3.0,1.0,B01
201400053156,0,33,0,0.0,1.0,0.0,7.0,A01
201400053157,0,7,0,0.0,2.0,1.0,2.0,A01
201400053157,0,7,0,0.0,2.0,4.0,23.0,B01
201400053158,0,30,0,0.0,0.0,0.0,1.0,A01
201400053159,0,31,0,0.0,0.0,7.0,1.0,A01
201400053160,0,7,0,0.0,0.0,6.0,23.0,B01
201400053160,0,2,0,0.0,2.0,1.0,1.0,A01
201400053161,0,7,0,0.0,2.0,1.0,1.0,B01
201400053161,0,34,0,0.0,2.0,7.0,1.0,A01
201400053162,2,31,0,0.0,1.0,1.0,1.0,Z01
201400053163,0,7,0,0.0,1.0,3.0,15.0,A01
201400053164,0,1,0,1.0,0.0,1.0,13.0,A01
201400053165,0,10,0,0.0,1.0,1.0,15.0,A01
201400053166,0,30,0,0.0,2.0,5.0,17.0,A01
201400053166,1,7,0,0.0,0.0,0.0,15.0,Z01
201400053167,0,10,0,0.0,2.0,8.0,22.0,A01
201400053167,0,1,0,1.0,0.0,1.0,17.0,B01
201400053168,0,34,0,0.0,2.0,2.0,1.0,B01
201400053168,0,7,0,0.0,2.0,1.0,1.0,A01
201400053169,1,7,0,0.0,1.0,4.0,4.0,Z01
201400053170,0,32,0,0.0,2.0,1.0,1.0,B01
201400053170,0,7,0,0.0,2.0,2.0,15.0,A01
201400053171,0,7,0,0.0,1.0,7.0,16.0,A01
201400053172,0,31,0,0.0,0.0,0.0,21.0,A01
201400053173,0,33,0,0.0,1.0,1.0,1.0,A01
201400053174,0,31,0,0.0,1.0,1.0,1.0,A01
201400053175,0,7,0,1.0,2.0,2.0,1.0,A01
201400053175,0,7,0,0.0,2.0,1.0,1.0,B01
201400053176,0,7,0,0.0,0.0,6.0,23.0,B01
201400053176,0,34,0,0.0,2.0,1.0,1.0,A01
201400053177,0,32,0,0.0,1.0,1.0,1.0,A01
201400053178,0,7,0,0.0,0.0,2.0,1.0,A01
201400053178,0,7,0,0.0,2.0,1.0,1.0,B01
201400053179,0,2,0,0.0,1.0,1.0,1.0,A01
201400053180,0,7,0,0.0,2.0,2.0,1.0,A01
201400053180,0,32,0,0.0,2.0,1.0,1.0,B01
201400053181,0,31,0,0.0,1.0,1.0,1.0,A01
201400053182,0,7,0,0.0,2.0,4.0,23.0,B01
201400053182,0,33,0,0.0,2.0,1.0,2.0,A01
201400053183,0,31,0,0.0,2.0,1.0,1.0,B01
201400053183,0,7,0,0.0,2.0,6.0,15.0,A01
201400053184,0,7,0,11.0,0.0,1.0,1.0,A01
201400053185,0,1,0,0.0,1.0,0.0,1.0,A01
201400053186,0,10,0,0.0,2.0,7.0,16.0,B01
201400053186,0,31,0,0.0,2.0,1.0,18.0,A01
201400053187,0,33,0,15.0,0.0,4.0,1.0,A01
201400053188,1,7,0,0.0,2.0,7.0,16.0,Z01
201400053188,0,32,0,0.0,2.0,8.0,1.0,A01
201400053189,0,7,0,0.0,2.0,8.0,13.0,A01
201400053189,0,34,0,0.0,2.0,7.0,17.0,B01
201400053190,0,30,0,0.0,2.0,1.0,1.0,B01
201400053190,0,7,0,0.0,2.0,4.0,1.0,A01
201400053191,0,31,0,0.0,2.0,0.0,1.0,B01
201400053191,0,7,0,0.0,2.0,0.0,22.0,A01
201400053192,0,1,0,12.0,0.0,7.0,14.0,A01
201400053193,0,7,0,0.0,1.0,2.0,7.0,A01
201400053194,0,7,0,0.0,2.0,5.0,20.0,B01
201400053194,0,31,0,0.0,2.0,1.0,16.0,A01
201400053195,0,2,0,0.0,2.0,7.0,15.0,A01
201400053195,1,13,0,0.0,2.0,0.0,1.0,Z01
201400053196,0,10,0,0.0,1.0,4.0,4.0,A01
201400053197,0,32,0,0.0,2.0,2.0,1.0,A01
201400053197,1,7,0,0.0,2.0,1.0,1.0,Z01
201400053198,0,7,0,0.0,2.0,2.0,17.0,A01
201400053198,0,1,0,0.0,2.0,3.0,13.0,B01
201400053199,0,2,0,0.0,2.0,1.0,1.0,A01
201400053199,0,7,0,0.0,2.0,3.0,1.0,B01
201400053200,0,7,0,0.0,1.0,2.0,16.0,A01
201400053201,0,30,0,0.0,2.0,6.0,1.0,B01
201400053201,0,7,0,0.0,2.0,3.0,15.0,A01
201400053202,0,30,0,0.0,2.0,3.0,1.0,B01
201400053202,0,7,0,0.0,2.0,2.0,1.0,A01
201400053203,0,1,0,0.0,1.0,1.0,7.0,A01
201400053204,0,10,0,0.0,2.0,2.0,1.0,A01
201400053204,0,33,0,0.0,2.0,6.0,16.0,B01
201400053205,0,7,0,0.0,1.0,1.0,15.0,A01
201400053206,0,33,0,0.0,2.0,3.0,1.0,B01
201400053206,0,7,0,0.0,2.0,2.0,9.0,A01