Num_Acc,senc,catv,occutc,obs,obsm,choc,manv,num_veh
201400053207,0,32,0,0.0,0.0,8.0,21.0,A01
201400053208,0,37,0,0.0,2.0,3.0,15.0,A01
201400053208,0,7,0,0.0,2.0,2.0,1.0,B01
201400053209,0,7,0,0.0,2.0,6.0,22.0,A01
201400053209,0,2,0,0.0,2.0,1.0,17.0,B01
201400053210,0,7,0,0.0,1.0,3.0,7.0,A01
201400053211,0,30,0,0.0,2.0,1.0,1.0,A01
201400053211,0,38,1,0.0,2.0,1.0,1.0,B01
201400053212,0,10,0,0.0,2.0,3.0,8.0,B01
201400053212,0,34,0,0.0,2.0,1.0,15.0,A01
201400053213,0,7,0,0.0,2.0,6.0,13.0,A01
201400053213,0,31,0,0.0,2.0,1.0,1.0,B01
201400053214,0,32,0,15.0,0.0,1.0,1.0,A01
201400053215,0,7,0,0.0,1.0,1.0,7.0,A01
201400053216,0,7,0,0.0,1.0,3.0,1.0,A01
201400053217,0,7,0,0.0,2.0,1.0,2.0,A01
201400053217,0,10,0,0.0,2.0,4.0,23.0,B01
201400053218,0,30,0,0.0,2.0,3.0,1.0,A01
201400053218,0,7,0,0.0,2.0,5.0,16.0,B01
201400053219,0,7,0,0.0,2.0,0.0,15.0,A01
201400053219,0,30,0,0.0,2.0,0.0,7.0,B01
201400053220,0,33,0,0.0,1.0,2.0,1.0,A01
201400053221,0,2,0,0.0,2.0,1.0,18.0,A01
201400053221,0,33,0,0.0,2.0,8.0,16.0,B01
201400053222,0,31,0,0.0,1.0,1.0,18.0,A01
201400053223,0,34,0,0.0,2.0,2.0,17.0,A01
201400053223,0,1,0,0.0,2.0,3.0,15.0,B01
201400053224,0,10,0,0.0,1.0,2.0,1.0,A01
201400053225,0,1,0,0.0,1.0,1.0,7.0,A01
201400053226,0,1,0,0.0,0.0,1.0,21.0,A01
201400053227,1,7,0,0.0,2.0,1.0,16.0,Z01
201400053227,0,34,0,0.0,2.0,3.0,1.0,A01
201400053228,0,2,0,14.0,0.0,1.0,1.0,A01
201400053229,0,7,0,0.0,1.0,5.0,4.0,A01
201400053230,1,2,0,0.0,1.0,0.0,1.0,Z01
201400053231,0,7,0,0.0,1.0,5.0,4.0,A01
201400053232,0,10,0,0.0,1.0,1.0,15.0,A01
201400053233,0,7,0,0.0,2.0,6.0,11.0,A01
201400053233,0,37,30,0.0,2.0,2.0,7.0,B01
201400053234,0,31,0,0.0,2.0,1.0,1.0,B01
201400053234,0,7,0,0.0,2.0,3.0,22.0,A01
201400053235,0,10,0,0.0,2.0,3.0,2.0,A01
201400053235,0,7,0,0.0,2.0,3.0,2.0,B01
201400053235,0,10,0,0.0,2.0,6.0,2.0,C01
201400053236,0,30,0,0.0,0.0,0.0,1.0,A01
201400053237,0,7,0,0.0,1.0,2.0,1.0,A01
201400053238,2,30,0,0.0,1.0,1.0,16.0,Z01
201400053239,0,7,0,0.0,2.0,7.0,16.0,A01
201400053239,0,31,0,0.0,2.0,3.0,18.0,B01
201400053240,0,31,0,0.0,0.0,6.0,1.0,A01
201400053241,0,2,0,0.0,2.0,3.0,23.0,B01
201400053241,0,7,0,0.0,2.0,5.0,4.0,A01
201400053242,0,7,0,8.0,0.0,3.0,1.0,A01
201400053243,0,10,0,0.0,1.0,1.0,1.0,A01
201400053244,0,1,0,0.0,2.0,1.0,1.0,A01
201400053244,0,32,0,0.0,2.0,6.0,1.0,B01
201400053245,0,33,0,0.0,0.0,1.0,21.0,A01
201400053246,0,2,0,0.0,2.0,2.0,1.0,B01
201400053246,0,7,0,0.0,2.0,5.0,15.0,A01
201400053247,0,33,0,0.0,1.0,7.0,1.0,A01
201400053248,0,30,0,0.0,2.0,1.0,7.0,A01
201400053248,0,10,0,0.0,2.0,6.0,15.0,B01
201400053249,0,7,0,0.0,2.0,2.0,15.0,A01
201400053249,0,33,0,0.0,2.0,1.0,1.0,B01
201400053250,0,31,0,0.0,1.0,1.0,1.0,A01
201400053251,2,7,0,1.0,0.0,1.0,14.0,Z01
201400053252,0,13,0,8.0,1.0,6.0,13.0,A01
201400053253,0,10,0,0.0,2.0,1.0,1.0,A01
201400053253,0,7,0,0.0,2.0,4.0,1.0,B01
201400053254,0,32,0,15.0,0.0,8.0,21.0,A01
201400053255,1,7,0,0.0,1.0,4.0,4.0,A01
201400053256,0,7,0,0.0,2.0,2.0,1.0,B01
201400053256,0,34,0,1.0,2.0,8.0,18.0,A01
201400053257,0,34,0,0.0,1.0,1.0,5.0,A01
201400053257,0,7,0,0.0,2.0,2.0,23.0,B01
201400053258,0,32,0,14.0,2.0,0.0,1.0,A01
201400053258,0,33,0,0.0,2.0,0.0,1.0,B01
201400053259,0,7,0,0.0,1.0,1.0,8.0,A01
201400053260,0,2,0,1.0,2.0,3.0,18.0,B01
201400053260,0,7,0,0.0,2.0,7.0,22.0,A01
201400053261,0,7,0,0.0,2.0,6.0,1.0,A01
201400053261,0,1,0,0.0,2.0,3.0,1.0,B01
201400053262,0,7,0,0.0,2.0,5.0,23.0,B01
201400053262,0,33,0,0.0,2.0,1.0,15.0,A01
201400053263,0,7,0,0.0,2.0,3.0,22.0,A01
201400053263,0,1,0,0.0,2.0,1.0,1.0,B01
201400053264,0,34,0,0.0,1.0,1.0,5.0,A01
201400053265,0,30,0,0.0,2.0,2.0,15.0,B01
201400053265,0,32,0,0.0,2.0,3.0,1.0,A01
201400053266,0,7,0,0.0,2.0,3.0,15.0,A01
201400053266,0,1,0,0.0,2.0,1.0,1.0,B01
201400053267,0,14,0,0.0,2.0,0.0,23.0,A01
201400053267,0,1,0,0.0,2.0,0.0,16.0,B01
201400053268,0,7,0,0.0,1.0,2.0,15.0,A01
201400053269,0,7,0,0.0,1.0,6.0,20.0,A01
201400053270,0,7,0,0.0,2.0,7.0,16.0,A01
201400053270,0,2,0,0.0,2.0,0.0,7.0,B01
201400053271,0,99,0,0.0,1.0,1.0,1.0,A01
201400053272,0,1,0,0.0,1.0,1.0,5.0,A01
201400053273,0,34,0,0.0,2.0,2.0,1.0,B01
201400053273,0,7,0,0.0,2.0,2.0,1.0,A01
201400053274,0,34,0,0.0,1.0,1.0,1.0,A01
201400053275,0,13,0,0.0,2.0,8.0,1.0,B01
201400053275,0,33,0,0.0,2.0,1.0,15.0,A01
201400053276,0,7,0,0.0,2.0,7.0,15.0,A01
201400053276,0,33,0,0.0,2.0,8.0,1.0,B01
201400053277,0,30,0,0.0,0.0,0.0,1.0,A01
201400053278,0,7,0,0.0,2.0,2.0,1.0,B01
201400053278,0,33,0,0.0,2.0,3.0,18.0,A01
201400053279,0,7,0,0.0,2.0,3.0,1.0,B01
201400053279,0,30,0,0.0,2.0,1.0,15.0,A01
201400053280,0,34,0,0.0,2.0,2.0,1.0,B01
201400053280,0,10,0,0.0,2.0,3.0,9.0,A01
201400053281,0,31,0,0.0,2.0,1.0,1.0,B01
201400053281,0,7,0,0.0,2.0,3.0,15.0,A01
201400053282,0,31,0,0.0,1.0,1.0,1.0,A01
201400053283,0,33,0,0.0,0.0,0.0,1.0,A01
201400053284,0,34,0,0.0,2.0,7.0,15.0,A01
201400053284,0,7,0,0.0,2.0,1.0,1.0,B01
201400053285,0,7,0,0.0,2.0,4.0,23.0,B01
201400053285,0,10,0,0.0,2.0,1.0,2.0,A01
201400053286,0,7,0,0.0,1.0,1.0,1.0,A01
201400053287,0,13,0,0.0,2.0,3.0,1.0,A01
201400053287,0,30,0,0.0,2.0,7.0,1.0,B01
201400053288,0,31,0,0.0,2.0,1.0,17.0,B01
201400053288,0,7,0,0.0,2.0,3.0,15.0,A01
201400053289,0,1,0,0.0,2.0,2.0,1.0,A01
201400053289,0,7,0,0.0,2.0,3.0,1.0,B01
201400053290,0,2,0,0.0,1.0,6.0,17.0,A01
201400053291,0,32,0,0.0,1.0,3.0,1.0,A01
201400053292,0,32,0,0.0,1.0,1.0,8.0,A01
201400053293,0,30,0,0.0,0.0,0.0,21.0,A01
201400053294,0,2,0,0.0,2.0,2.0,17.0,A01
201400053294,0,7,0,0.0,2.0,3.0,10.0,B01
201400053295,0,7,0,0.0,1.0,0.0,1.0,A01
201400053296,0,30,0,0.0,0.0,9.0,16.0,A01
201400053297,0,33,0,14.0,0.0,1.0,1.0,A01
201400053298,0,31,0,0.0,2.0,2.0,2.0,A01
201400053298,0,7,0,0.0,2.0,6.0,15.0,B01
201400053299,0,2,0,0.0,1.0,1.0,1.0,A01
201400053300,0,32,0,0.0,1.0,3.0,1.0,A01
201400053301,0,33,0,6.0,0.0,0.0,14.0,A01
201400053302,0,7,0,0.0,2.0,3.0,16.0,B01
201400053302,0,34,0,0.0,2.0,1.0,17.0,A01
201400053303,0,30,0,0.0,2.0,2.0,17.0,A01
201400053303,0,7,0,0.0,2.0,8.0,10.0,B01
201400053304,1,7,0,0.0,1.0,6.0,15.0,Z01
201400053305,0,31,0,0.0,0.0,0.0,1.0,A01
201400053306,0,7,0,0.0,1.0,2.0,7.0,A01
201400053307,0,7,0,0.0,2.0,0.0,23.0,C01
201400053307,0,7,0,0.0,2.0,5.0,2.0,B01
201400053307,0,7,0,0.0,2.0,3.0,23.0,A01
201400053308,0,2,0,0.0,2.0,1.0,2.0,A01
201400053308,0,7,0,0.0,2.0,4.0,23.0,B01
201400053309,0,7,0,0.0,1.0,3.0,15.0,A01
201400053310,0,1,0,0.0,2.0,1.0,1.0,B01
201400053310,0,7,0,0.0,2.0,2.0,22.0,A01
201400053311,0,2,0,0.0,2.0,1.0,13.0,A01
201400053311,0,33,0,0.0,2.0,1.0,1.0,B01
201400053312,0,7,0,0.0,1.0,2.0,7.0,A01
201400053313,0,2,0,0.0,2.0,2.0,1.0,B01
201400053313,0,7,0,0.0,2.0,3.0,9.0,A01
201400053314,1,7,0,0.0,1.0,2.0,1.0,Z01
201400053315,0,33,0,0.0,2.0,1.0,1.0,A01
201400053315,0,7,0,0.0,2.0,4.0,1.0,B01
201400053316,0,7,0,0.0,1.0,3.0,1.0,A01
201400053317,0,7,0,0.0,2.0,5.0,23.0,B01
201400053317,0,30,0,0.0,2.0,1.0,2.0,A01
201400053318,0,32,0,0.0,0.0,7.0,1.0,A01
201400053319,0,7,0,0.0,2.0,2.0,1.0,B01
201400053319,0,7,0,0.0,2.0,5.0,15.0,A01
201400053320,0,7,0,0.0,2.0,5.0,12.0,A01
201400053320,0,32,0,0.0,2.0,1.0,1.0,B01
201400053321,0,7,0,0.0,1.0,3.0,1.0,A01
201400053322,0,7,0,0.0,1.0,1.0,15.0,A01
201400053323,0,7,0,0.0,1.0,3.0,1.0,A01
201400053324,0,7,0,1.0,2.0,3.0,1.0,B01
201400053324,0,7,0,0.0,2.0,2.0,1.0,A01
201400053325,2,7,0,0.0,2.0,2.0,15.0,Z01
201400053325,0,32,0,0.0,2.0,1.0,1.0,A01
201400053326,1,7,0,0.0,1.0,1.0,1.0,Z01
201400053327,0,7,0,0.0,2.0,8.0,10.0,A01
201400053327,0,33,0,0.0,2.0,1.0,17.0,B01
201400053328,0,1,0,1.0,2.0,1.0,1.0,B01
201400053328,0,7,0,0.0,2.0,3.0,22.0,A01
201400053329,0,32,0,11.0,0.0,1.0,1.0,A01
201400053330,0,31,0,1.0,0.0,1.0,1.0,A01
201400053331,0,7,0,8.0,2.0,7.0,1.0,B01
201400053331,0,7,0,0.0,2.0,2.0,1.0,A01
201400053332,0,7,0,0.0,2.0,3.0,10.0,A01
201400053332,0,33,0,0.0,2.0,7.0,1.0,B01
201400053333,0,32,0,0.0,0.0,3.0,1.0,A01
201400053334,0,33,0,0.0,1.0,7.0,1.0,A01
201400053335,0,34,0,0.0,1.0,1.0,17.0,A01
201400053336,0,7,0,0.0,2.0,5.0,22.0,A01
201400053336,0,33,0,0.0,2.0,3.0,18.0,B01
201400053337,0,1,0,0.0,1.0,1.0,21.0,B01
201400053337,0,7,0,0.0,9.0,5.0,17.0,A01
201400053338,0,3,0,0.0,0.0,5.0,23.0,B01
201400053338,0,10,0,0.0,0.0,3.0,1.0,A01
201400053339,0,7,0,0.0,2.0,6.0,13.0,A01
201400053339,0,30,0,0.0,2.0,1.0,1.0,B01
201400053340,0,7,0,0.0,1.0,1.0,1.0,A01
201400053341,0,7,0,14.0,0.0,1.0,1.0,A01
201400053342,0,1,0,0.0,1.0,1.0,21.0,A01
201400053343,0,33,0,0.0,1.0,3.0,1.0,A01
201400053344,0,31,0,0.0,2.0,4.0,23.0,B01
201400053344,0,33,0,0.0,2.0,1.0,2.0,A01
201400053345,0,7,0,0.0,2.0,2.0,1.0,B01
201400053345,0,30,0,0.0,2.0,3.0,1.0,A01
201400053346,0,33,0,0.0,1.0,0.0,1.0,A01
201400053347,0,7,0,0.0,2.0,2.0,9.0,B01
201400053347,0,33,0,0.0,2.0,3.0,17.0,A01
201400053348,0,37,1,0.0,1.0,7.0,16.0,A01
201400053349,0,31,0,12.0,0.0,2.0,14.0,A01
201400053350,0,10,0,0.0,2.0,1.0,1.0,A01
201400053350,0,31,0,0.0,2.0,2.0,1.0,B01
201400053351,1,30,0,0.0,1.0,0.0,1.0,Z01
201400053352,0,30,0,0.0,2.0,6.0,15.0,A01
201400053352,0,7,0,0.0,2.0,2.0,1.0,B01
201400053353,0,30,0,0.0,1.0,1.0,1.0,A01
201400053354,1,7,0,0.0,2.0,0.0,22.0,Z01
201400053354,0,1,0,8.0,2.0,1.0,1.0,A01
201400053355,0,7,0,0.0,2.0,0.0,9.0,A01
201400053355,0,33,0,0.0,2.0,3.0,1.0,B01
201400053356,0,7,0,0.0,2.0,2.0,22.0,A01
201400053356,0,1,0,0.0,2.0,1.0,1.0,B01
201400053357,0,10,0,0.0,1.0,6.0,4.0,A01
201400053358,0,7,0,0.0,1.0,2.0,1.0,A01
201400053359,0,7,0,0.0,2.0,4.0,2.0,B01
201400053359,0,10,0,0.0,2.0,1.0,2.0,A01
201400053360,0,10,0,0.0,1.0,4.0,20.0,A01
201400053361,0,2,0,0.0,2.0,6.0,1.0,B01
201400053361,0,32,0,0.0,2.0,1.0,1.0,A01
201400053362,0,32,0,0.0,2.0,7.0,1.0,A01
201400053363,0,30,0,0.0,2.0,1.0,1.0,A01
201400053363,0,7,0,0.0,2.0,5.0,20.0,B01
201400053364,0,7,0,14.0,0.0,1.0,12.0,A01
201400053365,0,2,0,0.0,0.0,0.0,21.0,A01
201400053366,0,10,0,0.0,1.0,2.0,1.0,A01
201400053367,0,7,0,0.0,1.0,2.0,1.0,A01
201400053368,0,7,0,11.0,0.0,2.0,1.0,A01
201400053369,0,7,0,0.0,2.0,3.0,15.0,A01
201400053369,0,33,0,0.0,2.0,6.0,1.0,B01
201400053370,0,7,0,0.0,1.0,1.0,1.0,A01
201400053371,0,37,1,0.0,1.0,3.0,7.0,A01
201400053372,0,7,0,0.0,2.0,7.0,22.0,A01
201400053372,0,1,0,1.0,2.0,1.0,1.0,B01
201400053373,0,1,0,0.0,0.0,0.0,21.0,A01
201400053374,0,1,0,0.0,2.0,1.0,7.0,B01
201400053374,0,7,0,1.0,2.0,1.0,13.0,A01
201400053375,0,1,0,0.0,2.0,1.0,1.0,A01
201400053375,1,7,0,0.0,2.0,0.0,16.0,Z01
201400053376,0,1,0,1.0,2.0,1.0,7.0,B01
201400053376,0,10,0,1.0,2.0,0.0,23.0,A01
201400053377,0,30,0,0.0,2.0,7.0,15.0,B01
201400053377,0,7,0,0.0,2.0,3.0,1.0,A01
201400053378,0,7,0,0.0,2.0,4.0,23.0,B01
201400053378,0,7,0,0.0,2.0,1.0,1.0,A01
201400053379,0,30,0,0.0,0.0,0.0,1.0,A01
201400053380,0,33,0,0.0,2.0,2.0,17.0,B01
201400053380,0,7,0,0.0,2.0,3.0,15.0,A01
201400053381,0,7,0,0.0,1.0,4.0,4.0,A01
201400053382,0,7,0,0.0,1.0,5.0,4.0,A01
201400053383,0,7,0,0.0,1.0,2.0,16.0,A01
201400053384,0,31,0,0.0,2.0,1.0,1.0,A01
201400053384,0,1,0,0.0,2.0,1.0,1.0,B01
201400053385,0,32,0,0.0,1.0,1.0,1.0,A01
201400053386,0,7,0,0.0,2.0,3.0,15.0,B01
201400053386,0,30,0,0.0,2.0,2.0,17.0,A01
201400053387,0,7,0,0.0,2.0,8.0,10.0,A01
201400053387,0,34,0,0.0,2.0,1.0,1.0,B01
201400053387,0,32,0,0.0,2.0,2.0,1.0,C01
201400053388,1,7,0,0.0,1.0,0.0,1.0,Z01
201400053389,0,7,0,0.0,1.0,6.0,4.0,A01
201400053390,0,7,0,0.0,2.0,5.0,16.0,B01
201400053390,0,31,0,0.0,2.0,2.0,18.0,A01
201400053391,0,7,0,0.0,2.0,7.0,15.0,A01
201400053391,0,31,0,0.0,2.0,1.0,1.0,B01
201400053392,1,7,0,0.0,1.0,0.0,16.0,Z01
201400053393,0,30,0,0.0,2.0,1.0,1.0,B01
201400053393,0,7,0,0.0,2.0,3.0,10.0,A01
201400053394,0,7,0,1.0,0.0,1.0,14.0,A01
201400053395,0,31,0,0.0,1.0,8.0,18.0,A01
201400053396,0,32,0,0.0,2.0,1.0,1.0,A01
201400053396,0,7,0,0.0,2.0,3.0,1.0,B01
201400053397,0,7,0,0.0,1.0,3.0,15.0,A01
201400053398,0,30,0,0.0,1.0,1.0,1.0,A01
201400053399,0,30,0,0.0,2.0,7.0,15.0,A01
201400053399,0,31,0,0.0,2.0,1.0,1.0,B01
201400053400,1,7,0,0.0,2.0,2.0,15.0,Z01
201400053400,0,30,0,0.0,2.0,1.0,1.0,A01
201400053401,0,7,0,0.0,2.0,1.0,15.0,A01
201400053401,0,32,0,0.0,2.0,2.0,1.0,B01
201400053402,0,7,0,0.0,1.0,1.0,17.0,A01
201400053403,1,7,0,0.0,1.0,0.0,1.0,Z01
201400053404,1,7,0,0.0,2.0,0.0,14.0,Z01
201400053404,0,34,0,0.0,2.0,2.0,1.0,A01
201400053405,0,31,0,0.0,2.0,8.0,17.0,A01
201400053405,0,7,0,0.0,2.0,8.0,10.0,B01
201400053406,0,1,0,0.0,2.0,1.0,18.0,B01
201400053406,0,7,0,0.0,2.0,5.0,22.0,A01
201400053407,0,7,0,14.0,0.0,3.0,14.0,A01
201400053408,0,30,0,0.0,2.0,1.0,1.0,A01
201400053408,0,7,0,0.0,2.0,8.0,1.0,B01
201400053409,0,32,0,0.0,2.0,3.0,18.0,A01
201400053409,0,7,0,0.0,2.0,2.0,16.0,B01
201400053410,1,7,0,0.0,2.0,5.0,22.0,Z01
201400053410,0,31,0,0.0,2.0,8.0,18.0,A01
201400053411,0,32,0,0.0,2.0,8.0,1.0,A01
201400053411,1,32,0,0.0,2.0,0.0,18.0,Z01
201400053412,0,7,0,0.0,2.0,1.0,16.0,A01
201400053412,0,30,0,0.0,2.0,5.0,1.0,B01
201400053413,1,7,0,0.0,1.0,3.0,1.0,Z01
201400053414,0,2,0,12.0,0.0,1.0,7.0,A01
201400053415,0,7,0,0.0,2.0,1.0,1.0,A01
201400053415,0,7,0,0.0,2.0,4.0,23.0,B01
201400053416,0,1,0,0.0,2.0,1.0,1.0,A01
201400053416,0,7,0,0.0,2.0,5.0,23.0,B01
201400053417,0,1,0,0.0,2.0,0.0,1.0,B01
201400053417,0,7,0,0.0,2.0,0.0,22.0,A01
201400053418,0,7,0,0.0,1.0,4.0,20.0,A01
201400053419,0,10,0,0.0,2.0,3.0,10.0,A01
201400053419,0,1,0,0.0,2.0,1.0,17.0,B01
201400053420,0,34,0,0.0,2.0,5.0,1.0,B01
201400053420,0,7,0,0.0,2.0,3.0,10.0,A01
201400053421,0,7,0,0.0,1.0,3.0,1.0,A01
201400053422,0,1,0,0.0,1.0,1.0,1.0,A01
201400053423,0,1,0,0.0,2.0,4.0,1.0,B01
201400053423,0,7,0,0.0,2.0,1.0,6.0,A01
201400053424,0,33,0,1.0,2.0,1.0,17.0,B01
201400053424,0,7,0,0.0,2.0,8.0,15.0,A01
201400053425,0,7,0,7.0,0.0,1.0,1.0,A01
201400053426,0,7,0,7.0,0.0,1.0,1.0,A01
201400053427,0,33,0,0.0,2.0,1.0,13.0,A01
201400053427,0,7,0,0.0,2.0,2.0,0.0,B01
201400053428,0,33,0,1.0,1.0,1.0,1.0,B01
201400053428,0,7,0,0.0,2.0,1.0,15.0,A01
201400053429,0,7,0,0.0,2.0,2.0,2.0,A01
201400053429,0,32,0,0.0,2.0,4.0,16.0,B01
201400053430,0,7,0,0.0,2.0,1.0,10.0,A01
201400053430,0,31,0,0.0,2.0,1.0,1.0,B01
201400053431,0,32,0,0.0,2.0,8.0,18.0,A01
201400053431,0,7,0,0.0,2.0,2.0,16.0,B01
201400053432,0,32,0,0.0,2.0,1.0,1.0,B01
201400053432,0,10,0,0.0,2.0,3.0,15.0,A01
201400053433,0,34,0,7.0,0.0,7.0,14.0,A01
201400053434,0,1,0,0.0,2.0,1.0,1.0,B01
201400053434,0,7,0,0.0,2.0,8.0,22.0,A01
201400053435,0,7,0,0.0,2.0,8.0,13.0,A01
201400053435,0,33,0,0.0,2.0,2.0,1.0,B01
201400053436,0,32,0,8.0,0.0,1.0,21.0,A01
201400053437,0,31,0,0.0,2.0,7.0,15.0,B01
201400053437,0,34,0,0.0,2.0,1.0,1.0,A01
201400053438,0,1,0,0.0,2.0,1.0,18.0,A01
201400053438,0,7,0,0.0,2.0,7.0,22.0,B01
201400053439,0,7,0,0.0,2.0,3.0,15.0,A01
201400053439,0,31,0,0.0,2.0,2.0,17.0,B01
201400053440,0,7,0,0.0,2.0,2.0,7.0,A01
201400053440,0,3,0,0.0,2.0,8.0,19.0,B01
201400053441,0,32,0,0.0,2.0,8.0,1.0,A01
201400053441,0,1,0,0.0,2.0,1.0,16.0,B01
201400053442,0,7,0,0.0,1.0,5.0,4.0,A01
201400053443,0,31,0,11.0,2.0,0.0,1.0,A01
201400053443,0,7,0,0.0,2.0,0.0,9.0,B01
201400053444,0,30,0,0.0,2.0,1.0,1.0,B01
201400053444,0,1,0,0.0,2.0,1.0,5.0,A01
201400053445,0,31,0,0.0,1.0,1.0,1.0,A01
201400053446,0,30,0,0.0,2.0,0.0,1.0,A01
201400053446,1,1,0,0.0,2.0,0.0,9.0,Z01
201400053447,0,7,0,11.0,0.0,1.0,14.0,A01
201400053448,0,7,0,0.0,2.0,2.0,16.0,A01
201400053448,0,33,0,0.0,2.0,8.0,18.0,B01
201400053449,0,10,0,0.0,2.0,3.0,22.0,A01
201400053449,0,1,0,0.0,2.0,1.0,7.0,B01
201400053450,1,30,0,0.0,1.0,1.0,1.0,Z01
201400053451,0,10,0,0.0,2.0,4.0,2.0,C01
201400053451,0,7,0,0.0,2.0,4.0,2.0,B01
201400053451,0,10,0,0.0,2.0,1.0,2.0,A01
201400053452,0,30,0,0.0,1.0,0.0,1.0,A01
201400053453,0,1,0,0.0,2.0,7.0,19.0,A01
201400053453,1,2,0,0.0,2.0,1.0,1.0,Z01
201400053454,0,2,0,14.0,0.0,1.0,1.0,A01
201400053455,0,7,0,0.0,2.0,2.0,1.0,B01
201400053455,0,1,0,0.0,2.0,6.0,1.0,A01
201400053456,0,7,0,0.0,1.0,1.0,1.0,A01
201400053457,0,7,0,0.0,2.0,6.0,15.0,B01
201400053457,0,30,0,0.0,2.0,2.0,17.0,A01
201400053458,0,32,0,0.0,2.0,1.0,1.0,B01
201400053458,0,7,0,0.0,2.0,2.0,15.0,A01
201400053459,0,34,0,10.0,2.0,4.0,2.0,A01
201400053459,2,7,0,0.0,2.0,1.0,2.0,Z01
201400053460,0,7,0,0.0,2.0,5.0,15.0,B01
201400053460,0,32,0,0.0,2.0,1.0,1.0,A01
201400053461,0,7,0,0.0,2.0,2.0,1.0,C01
201400053461,0,7,0,0.0,2.0,3.0,1.0,A01
201400053461,0,7,0,1.0,2.0,4.0,1.0,B01
201400053462,0,7,0,0.0,2.0,1.0,1.0,A01
201400053462,0,10,0,0.0,2.0,7.0,1.0,B01
201400053463,0,7,0,0.0,2.0,6.0,23.0,B01
201400053463,0,31,0,0.0,2.0,1.0,2.0,A01
201400053464,0,32,0,0.0,1.0,1.0,1.0,A01
201400053465,1,30,0,0.0,1.0,1.0,1.0,Z01
201400053466,0,7,0,8.0,0.0,1.0,14.0,A01
201400053467,0,7,0,0.0,2.0,1.0,1.0,A01
201400053467,0,31,0,0.0,2.0,6.0,1.0,B01
201400053468,1,30,0,1.0,1.0,0.0,1.0,Z01
201400053469,0,31,0,0.0,0.0,7.0,1.0,A01
201400053470,0,1,0,0.0,1.0,3.0,7.0,A01
201400053471,0,7,0,0.0,2.0,0.0,9.0,C01
201400053471,0,1,0,0.0,2.0,1.0,3.0,A01
201400053471,0,7,0,0.0,2.0,5.0,2.0,B01
201400053472,0,30,0,0.0,2.0,1.0,2.0,A01
201400053472,0,7,0,0.0,2.0,6.0,2.0,B01
201400053473,1,10,0,0.0,1.0,4.0,4.0,Z01
201400053474,0,7,0,15.0,1.0,2.0,14.0,A01
201400053475,0,7,0,0.0,2.0,2.0,15.0,A01
201400053475,0,31,0,0.0,2.0,3.0,1.0,B01
201400053476,0,33,0,0.0,1.0,3.0,1.0,A01
201400053477,0,31,0,0.0,0.0,0.0,21.0,A01
201400053478,0,31,0,0.0,1.0,1.0,17.0,A01
201400053478,0,7,0,0.0,2.0,8.0,15.0,B01
201400053479,0,1,0,0.0,1.0,2.0,1.0,A01
201400053480,0,7,0,0.0,1.0,7.0,1.0,A01
201400053481,0,1,0,0.0,2.0,8.0,15.0,A01
201400053481,0,7,0,0.0,2.0,3.0,1.0,B01
201400053482,0,1,0,1.0,2.0,1.0,5.0,B01
201400053482,0,34,0,1.0,2.0,3.0,14.0,A01
201400053483,0,34,0,16.0,1.0,1.0,1.0,A01
201400053484,0,7,0,0.0,1.0,3.0,1.0,A01
201400053485,0,1,0,0.0,1.0,1.0,5.0,A01
201400053486,0,7,0,12.0,0.0,3.0,13.0,A01
201400053487,0,30,0,0.0,1.0,2.0,18.0,A01
201400053488,0,7,0,0.0,1.0,1.0,7.0,A01
201400053489,0,10,0,11.0,0.0,2.0,14.0,A01
201400053490,0,1,0,0.0,1.0,1.0,1.0,A01
201400053491,0,7,0,0.0,2.0,1.0,15.0,A01
201400053491,0,33,0,0.0,2.0,1.0,1.0,B01
201400053492,0,7,0,0.0,1.0,3.0,1.0,A01
201400053493,0,7,0,0.0,2.0,4.0,4.0,A01
201400053493,0,1,0,0.0,2.0,1.0,1.0,B01
201400053494,0,7,0,0.0,2.0,4.0,23.0,B01
201400053494,0,7,0,0.0,2.0,1.0,1.0,A01
201400053495,0,30,0,0.0,2.0,1.0,1.0,B01
201400053495,0,7,0,0.0,2.0,3.0,1.0,A01
201400053496,0,7,0,0.0,2.0,8.0,13.0,A01
201400053496,0,30,0,0.0,2.0,7.0,1.0,B01
201400053497,0,34,0,0.0,2.0,1.0,1.0,A01
201400053497,0,7,0,0.0,2.0,6.0,23.0,B01
201400053498,1,32,0,0.0,1.0,1.0,1.0,Z01
201400053499,0,7,0,0.0,1.0,1.0,1.0,A01
201400053500,0,7,0,0.0,2.0,7.0,16.0,B01
201400053500,0,31,0,0.0,2.0,8.0,7.0,A01
201400053501,0,7,0,0.0,2.0,3.0,1.0,C01
201400053501,0,7,0,0.0,2.0,8.0,11.0,A01
201400053501,0,13,0,0.0,2.0,2.0,1.0,B01
201400053502,0,10,0,0.0,2.0,2.0,16.0,A01
201400053502,0,1,0,0.0,2.0,1.0,1.0,B01
201400053503,0,32,0,0.0,0.0,0.0,21.0,A01
201400053504,0,10,0,0.0,2.0,1.0,23.0,B01
201400053504,0,7,0,0.0,2.0,1.0,9.0,A01