Num_Acc,senc,catv,occutc,obs,obsm,choc,manv,num_veh
201400053793,1,7,0,0.0,2.0,0.0,13.0,Z01
201400053793,0,31,0,0.0,2.0,7.0,1.0,A01
201400053794,0,1,0,0.0,2.0,4.0,23.0,A01
201400053794,1,7,0,0.0,2.0,3.0,2.0,Z01
201400053795,0,37,3,0.0,2.0,0.0,17.0,B01
201400053795,0,1,0,0.0,2.0,0.0,13.0,A01
201400053796,0,2,0,0.0,0.0,0.0,1.0,A01
201400053797,0,31,0,0.0,2.0,1.0,18.0,B01
201400053797,0,10,0,0.0,2.0,2.0,16.0,A01
201400053798,0,7,0,0.0,1.0,2.0,1.0,A01
201400053799,0,7,0,0.0,2.0,2.0,1.0,B01
201400053799,0,7,0,15.0,2.0,2.0,16.0,A01
201400053799,1,7,0,0.0,2.0,3.0,18.0,Z01
201400053800,0,2,0,0.0,2.0,3.0,18.0,B01
201400053800,0,10,0,0.0,2.0,2.0,16.0,A01
201400053801,0,7,0,0.0,2.0,0.0,4.0,A01
201400053801,0,30,0,0.0,2.0,0.0,16.0,B01
201400053802,0,10,0,0.0,2.0,3.0,9.0,A01
201400053802,0,34,0,0.0,2.0,2.0,1.0,B01
201400053803,0,7,0,0.0,2.0,3.0,15.0,A01
201400053803,0,33,0,0.0,2.0,2.0,17.0,B01
201400053804,0,1,0,0.0,0.0,0.0,1.0,A01
201400053805,0,31,0,0.0,1.0,1.0,1.0,A01
201400053806,0,10,0,0.0,1.0,3.0,15.0,A01
201400053807,0,7,0,0.0,2.0,4.0,23.0,C01
201400053807,0,7,0,0.0,2.0,1.0,2.0,A01
201400053807,0,31,0,0.0,2.0,4.0,23.0,B01
201400053808,0,7,0,0.0,1.0,2.0,1.0,A01
201400053809,0,33,0,0.0,1.0,1.0,1.0,A01
201400053810,0,1,0,0.0,2.0,4.0,15.0,A01
201400053810,1,2,0,0.0,2.0,1.0,17.0,Z01
201400053811,0,7,0,0.0,1.0,1.0,16.0,A01
201400053812,0,31,0,0.0,1.0,2.0,1.0,A01
201400053813,0,30,0,0.0,1.0,1.0,15.0,A01
201400053814,0,33,0,0.0,2.0,1.0,1.0,B01
201400053814,0,7,0,0.0,2.0,2.0,1.0,A01
201400053815,0,30,0,0.0,1.0,1.0,1.0,A01
201400053816,0,31,0,0.0,2.0,1.0,1.0,B01
201400053816,0,10,0,0.0,2.0,7.0,15.0,A01
201400053817,0,7,0,1.0,0.0,1.0,15.0,A01
201400053818,0,7,0,0.0,2.0,2.0,24.0,B01
201400053818,1,7,0,0.0,2.0,1.0,2.0,Z01
201400053818,0,33,0,0.0,2.0,4.0,2.0,A01
201400053819,0,30,0,0.0,2.0,1.0,15.0,A01
201400053819,0,31,0,0.0,2.0,3.0,1.0,B01
201400053820,0,7,0,0.0,2.0,6.0,2.0,B01
201400053820,0,1,0,0.0,2.0,1.0,2.0,A01
201400053821,0,7,0,0.0,1.0,3.0,15.0,A01
201400053822,0,33,0,0.0,2.0,1.0,12.0,A01
201400053822,0,1,0,0.0,2.0,1.0,18.0,B01
201400053823,0,7,0,0.0,2.0,7.0,1.0,B01
201400053823,0,33,0,0.0,2.0,1.0,1.0,A01
201400053824,0,34,0,0.0,2.0,3.0,1.0,B01
201400053824,0,32,0,0.0,2.0,7.0,15.0,A01
201400053825,0,33,0,0.0,2.0,3.0,1.0,B01
201400053825,0,7,0,8.0,2.0,6.0,1.0,C01
201400053825,0,33,0,0.0,2.0,1.0,1.0,A01
201400053826,0,7,0,1.0,0.0,2.0,13.0,A01
201400053827,0,32,0,1.0,2.0,9.0,1.0,B01
201400053827,0,7,0,0.0,2.0,3.0,15.0,A01
201400053828,0,2,0,7.0,0.0,1.0,1.0,A01
201400053829,1,7,0,0.0,2.0,5.0,14.0,Z01
201400053829,0,30,0,0.0,2.0,3.0,18.0,A01
201400053830,0,7,0,0.0,2.0,1.0,15.0,A01
201400053830,0,30,0,0.0,2.0,1.0,1.0,B01
201400053831,0,1,0,0.0,2.0,8.0,19.0,B01
201400053831,0,30,0,0.0,2.0,2.0,1.0,A01
201400053832,0,33,0,14.0,2.0,0.0,1.0,C01
201400053832,0,7,0,0.0,2.0,8.0,1.0,B01
201400053832,0,33,0,0.0,1.0,1.0,1.0,A01
201400053833,0,1,0,0.0,2.0,1.0,7.0,B01
201400053833,0,7,0,0.0,2.0,5.0,22.0,A01
201400053834,0,1,0,0.0,2.0,1.0,1.0,B01
201400053834,0,7,0,0.0,2.0,2.0,16.0,A01
201400053835,0,31,0,0.0,2.0,3.0,16.0,A01
201400053835,0,7,0,0.0,2.0,2.0,16.0,B01
201400053836,0,7,0,0.0,2.0,4.0,23.0,C01
201400053836,0,7,0,0.0,2.0,4.0,23.0,B01
201400053836,0,7,0,0.0,2.0,1.0,1.0,A01
201400053837,0,1,0,0.0,0.0,1.0,1.0,A01
201400053837,0,7,0,0.0,0.0,4.0,23.0,B01
201400053838,0,1,0,0.0,2.0,0.0,1.0,A01
201400053838,1,7,0,0.0,2.0,3.0,1.0,Z01
201400053839,0,7,0,0.0,2.0,6.0,15.0,A01
201400053839,0,32,0,0.0,2.0,1.0,17.0,B01
201400053840,0,7,0,0.0,2.0,8.0,22.0,A01
201400053840,0,7,0,0.0,2.0,7.0,1.0,C01
201400053840,0,32,0,1.0,2.0,2.0,1.0,B01
201400053841,0,1,0,0.0,2.0,1.0,1.0,B01
201400053841,0,10,0,0.0,2.0,2.0,16.0,A01
201400053842,0,30,0,0.0,2.0,8.0,1.0,B01
201400053842,0,7,0,0.0,2.0,2.0,15.0,A01
201400053843,0,33,0,0.0,0.0,0.0,21.0,A01
201400053844,0,30,0,0.0,0.0,8.0,1.0,A01
201400053845,0,7,0,0.0,2.0,7.0,15.0,A01
201400053845,0,7,0,0.0,2.0,8.0,1.0,B01
201400053846,0,33,0,0.0,2.0,1.0,1.0,B01
201400053846,0,10,0,8.0,2.0,7.0,1.0,A01
201400053847,0,31,0,14.0,0.0,8.0,13.0,A01
201400053848,0,10,0,0.0,1.0,1.0,15.0,A01
201400053849,0,33,0,0.0,0.0,0.0,21.0,A01
201400053850,0,2,0,0.0,0.0,0.0,21.0,A01
201400053851,0,7,0,0.0,2.0,7.0,14.0,A01
201400053851,0,32,0,0.0,2.0,8.0,1.0,B01
201400053852,0,7,0,0.0,2.0,5.0,10.0,A01
201400053852,0,32,0,0.0,2.0,3.0,1.0,B01
201400053853,0,34,0,7.0,0.0,3.0,1.0,A01
201400053854,0,32,0,0.0,0.0,8.0,17.0,A01
201400053855,1,7,0,0.0,2.0,4.0,23.0,Z01
201400053855,0,30,0,0.0,2.0,0.0,1.0,A01
201400053856,0,31,0,0.0,0.0,7.0,1.0,A01
201400053857,0,32,0,0.0,2.0,3.0,13.0,A01
201400053857,0,7,0,0.0,2.0,3.0,23.0,B01
201400053858,0,1,0,0.0,1.0,1.0,1.0,A01
201400053859,0,7,0,11.0,0.0,2.0,13.0,A01
201400053860,0,7,0,0.0,2.0,5.0,16.0,B01
201400053860,0,30,0,0.0,2.0,1.0,18.0,A01
201400053861,1,7,0,0.0,1.0,7.0,1.0,Z01
201400053862,0,7,0,0.0,2.0,2.0,15.0,A01
201400053862,0,30,0,0.0,2.0,2.0,1.0,B01
201400053863,0,7,0,0.0,1.0,2.0,1.0,A01
201400053864,0,34,0,0.0,2.0,2.0,1.0,B01
201400053864,0,7,0,0.0,2.0,8.0,9.0,A01
201400053865,0,10,0,0.0,1.0,4.0,4.0,A01
201400053866,1,7,0,0.0,1.0,0.0,1.0,Z01
201400053867,0,7,0,0.0,1.0,6.0,4.0,A01
201400053868,0,10,0,0.0,2.0,1.0,2.0,A01
201400053868,0,31,0,0.0,2.0,4.0,23.0,B01
201400053869,0,7,0,0.0,2.0,4.0,23.0,B01
201400053869,0,31,0,0.0,2.0,1.0,2.0,A01
201400053870,0,31,0,0.0,1.0,1.0,18.0,A01
201400053871,0,7,0,0.0,2.0,3.0,9.0,A01
201400053871,0,30,0,0.0,2.0,8.0,1.0,B01
201400053872,0,1,0,0.0,2.0,1.0,2.0,B01
201400053872,0,10,0,0.0,2.0,4.0,2.0,A01
201400053873,0,7,0,0.0,2.0,2.0,16.0,A01
201400053873,0,31,0,0.0,2.0,1.0,1.0,B01
201400053874,0,30,0,0.0,2.0,8.0,1.0,A01
201400053874,0,31,0,0.0,2.0,3.0,1.0,B01
201400053875,0,1,0,0.0,2.0,1.0,1.0,A01
201400053875,0,7,0,0.0,2.0,2.0,1.0,B01
201400053876,0,7,0,0.0,2.0,5.0,1.0,A01
201400053876,0,7,0,0.0,2.0,1.0,1.0,B01
201400053877,0,7,0,0.0,2.0,0.0,13.0,A01
201400053877,0,31,0,0.0,2.0,8.0,17.0,B01
201400053878,0,1,0,0.0,1.0,1.0,1.0,A01
201400053879,0,32,0,0.0,2.0,7.0,1.0,B01
201400053879,0,7,0,0.0,2.0,3.0,10.0,A01
201400053880,0,30,0,0.0,1.0,7.0,1.0,A01
201400053881,0,30,0,0.0,2.0,1.0,1.0,A01
201400053881,0,13,0,0.0,2.0,8.0,1.0,B01
201400053882,0,7,0,0.0,2.0,1.0,15.0,A01
201400053882,0,2,0,0.0,2.0,1.0,1.0,B01
201400053883,0,32,0,0.0,1.0,1.0,18.0,A01
201400053884,0,2,0,0.0,0.0,7.0,1.0,A01
201400053885,0,2,0,0.0,2.0,2.0,1.0,A01
201400053885,0,7,0,0.0,2.0,3.0,16.0,B01
201400053886,0,7,0,0.0,2.0,8.0,15.0,B01
201400053886,0,7,0,0.0,2.0,6.0,1.0,C01
201400053886,0,33,0,0.0,2.0,1.0,17.0,A01
201400053887,0,7,0,11.0,2.0,7.0,1.0,A01
201400053887,0,7,0,0.0,2.0,1.0,1.0,B01
201400053888,0,30,0,0.0,2.0,0.0,18.0,A01
201400053888,0,7,0,0.0,2.0,7.0,16.0,B01
201400053889,0,7,0,0.0,1.0,3.0,1.0,A01
201400053890,0,32,0,0.0,1.0,1.0,1.0,A01
201400053891,0,7,0,0.0,2.0,6.0,11.0,A01
201400053891,0,31,0,0.0,2.0,1.0,1.0,B01
201400053892,0,7,0,0.0,2.0,3.0,22.0,A01
201400053892,0,1,0,0.0,2.0,3.0,1.0,B01
201400053893,0,7,0,0.0,2.0,3.0,22.0,A01
201400053893,0,1,0,1.0,2.0,1.0,1.0,B01
201400053894,0,31,0,0.0,0.0,0.0,1.0,A01
201400053895,0,32,0,0.0,2.0,1.0,17.0,B01
201400053895,0,7,0,0.0,2.0,3.0,22.0,A01
201400053896,0,7,0,0.0,2.0,1.0,1.0,B01
201400053896,0,7,0,8.0,2.0,7.0,1.0,A01
201400053897,0,32,0,0.0,2.0,7.0,1.0,B01
201400053897,0,10,0,0.0,2.0,6.0,9.0,A01
201400053898,0,33,0,0.0,2.0,2.0,17.0,A01
201400053898,0,7,0,0.0,2.0,3.0,1.0,B01
201400053899,0,30,0,0.0,0.0,0.0,1.0,A01
201400053900,0,33,0,0.0,2.0,1.0,15.0,A01
201400053900,0,7,0,0.0,2.0,7.0,1.0,B01
201400053901,1,2,0,0.0,1.0,1.0,1.0,Z01
201400053902,0,1,0,12.0,0.0,1.0,1.0,A01
201400053903,0,7,0,0.0,2.0,3.0,15.0,A01
201400053903,0,34,0,0.0,2.0,7.0,17.0,B01
201400053904,0,1,0,0.0,2.0,8.0,13.0,A01
201400053904,0,1,0,0.0,2.0,7.0,17.0,B01
201400053905,0,10,0,0.0,2.0,6.0,1.0,C01
201400053905,0,7,0,0.0,2.0,6.0,10.0,A01
201400053905,0,34,0,0.0,2.0,2.0,1.0,B01
201400053906,0,1,0,0.0,2.0,1.0,1.0,A01
201400053906,0,7,0,0.0,2.0,4.0,16.0,B01
201400053907,0,33,0,1.0,2.0,8.0,18.0,A01
201400053907,0,7,0,0.0,2.0,3.0,24.0,C01
201400053907,0,7,0,0.0,2.0,7.0,14.0,B01
201400053908,0,7,0,0.0,2.0,3.0,22.0,A01
201400053908,0,10,0,0.0,2.0,2.0,1.0,C01
201400053908,0,1,0,0.0,2.0,2.0,18.0,B01
201400053909,0,33,0,0.0,1.0,1.0,1.0,A01
201400053910,0,7,0,0.0,2.0,3.0,1.0,B01
201400053910,0,7,0,0.0,2.0,2.0,1.0,A01
201400053911,0,32,0,0.0,2.0,1.0,1.0,A01
201400053911,0,37,0,0.0,2.0,3.0,1.0,B01
201400053912,0,32,0,0.0,2.0,2.0,1.0,B01
201400053912,0,7,0,0.0,2.0,3.0,9.0,A01
201400053913,0,7,0,0.0,2.0,3.0,15.0,A01
201400053913,0,31,0,0.0,2.0,1.0,17.0,B01
201400053914,0,30,0,0.0,0.0,8.0,1.0,A01
201400053915,0,34,0,0.0,1.0,7.0,1.0,A01
201400053916,0,7,0,0.0,2.0,8.0,15.0,A01
201400053916,0,32,0,0.0,2.0,1.0,1.0,B01
201400053917,0,7,0,0.0,2.0,2.0,1.0,B01
201400053917,0,1,0,0.0,2.0,1.0,16.0,A01
201400053918,0,31,0,0.0,2.0,7.0,17.0,B01
201400053918,0,7,0,0.0,2.0,3.0,1.0,A01
201400053919,0,7,0,0.0,1.0,2.0,1.0,A01
201400053920,0,31,0,0.0,1.0,8.0,1.0,A01
201400053921,0,7,0,0.0,2.0,3.0,10.0,A01
201400053921,0,33,0,0.0,2.0,7.0,1.0,B01
201400053922,0,7,0,0.0,2.0,3.0,1.0,A01
201400053922,0,32,0,0.0,2.0,1.0,1.0,B01
201400053923,0,33,0,0.0,1.0,1.0,1.0,A01
201400053924,0,34,0,0.0,2.0,2.0,1.0,A01
201400053924,0,7,0,0.0,2.0,3.0,15.0,B01
201400053925,0,1,0,0.0,0.0,3.0,5.0,A01
201400053925,0,10,0,0.0,0.0,2.0,15.0,B01
201400053926,0,34,0,0.0,2.0,2.0,1.0,A01
201400053926,0,1,0,0.0,2.0,0.0,15.0,B01
201400053927,0,7,0,0.0,2.0,6.0,16.0,B01
201400053927,0,1,0,0.0,2.0,1.0,1.0,A01
201400053928,0,10,0,0.0,2.0,3.0,22.0,A01
201400053928,0,1,0,1.0,2.0,2.0,1.0,B01
201400053929,0,30,0,0.0,1.0,1.0,1.0,A01
201400053930,0,30,0,0.0,1.0,1.0,1.0,A01
201400053931,0,33,0,0.0,2.0,4.0,23.0,B01
201400053931,0,33,0,0.0,1.0,1.0,1.0,A01
201400053931,1,32,0,0.0,2.0,1.0,1.0,Z01
201400053932,0,7,0,0.0,1.0,3.0,1.0,A01
201400053933,0,32,0,0.0,2.0,1.0,1.0,A01
201400053933,1,10,0,0.0,2.0,8.0,15.0,Z01
201400053934,0,7,0,0.0,2.0,0.0,22.0,A01
201400053934,0,32,0,1.0,2.0,3.0,1.0,B01
201400053935,1,7,0,1.0,1.0,3.0,1.0,Z01
201400053936,0,7,0,0.0,1.0,2.0,1.0,A01
201400053937,0,7,0,0.0,2.0,2.0,9.0,A01
201400053937,0,30,0,0.0,2.0,1.0,1.0,B01
201400053938,0,30,0,0.0,2.0,7.0,17.0,A01
201400053938,0,7,0,0.0,2.0,3.0,11.0,B01
201400053939,0,32,0,0.0,2.0,1.0,1.0,B01
201400053939,0,7,0,0.0,2.0,2.0,15.0,A01
201400053940,0,33,0,0.0,2.0,7.0,17.0,A01
201400053940,0,7,0,0.0,2.0,3.0,15.0,B01
201400053941,0,7,0,0.0,1.0,1.0,1.0,A01
201400053942,0,7,0,0.0,2.0,6.0,2.0,A01
201400053942,1,10,0,0.0,2.0,1.0,2.0,Z01
201400053943,0,10,0,0.0,2.0,1.0,23.0,B01
201400053943,0,7,0,0.0,2.0,0.0,23.0,D01
201400053943,0,7,0,0.0,2.0,1.0,2.0,A01
201400053943,0,7,0,0.0,2.0,1.0,23.0,C01
201400053944,0,7,0,0.0,2.0,7.0,1.0,A01
201400053944,0,10,0,0.0,2.0,3.0,1.0,B01
201400053945,0,7,0,0.0,2.0,2.0,10.0,A01
201400053945,0,7,0,0.0,2.0,1.0,1.0,B01
201400053946,0,31,0,0.0,0.0,0.0,1.0,A01
201400053947,0,7,0,0.0,2.0,1.0,1.0,B01
201400053947,0,1,0,0.0,2.0,6.0,1.0,A01
201400053948,0,2,0,1.0,0.0,1.0,13.0,A01
201400053949,0,7,0,0.0,1.0,1.0,1.0,A01
201400053950,0,7,0,0.0,1.0,2.0,1.0,A01
201400053951,0,7,0,0.0,2.0,8.0,13.0,A01
201400053951,0,31,0,0.0,2.0,2.0,1.0,B01
201400053952,0,33,0,0.0,2.0,2.0,17.0,A01
201400053952,0,7,0,0.0,2.0,6.0,15.0,B01
201400053953,0,1,0,0.0,2.0,1.0,1.0,B01
201400053953,0,7,0,0.0,2.0,1.0,15.0,A01
201400053954,0,30,0,0.0,1.0,1.0,1.0,A01
201400053954,0,10,0,0.0,2.0,3.0,23.0,B01
201400053955,0,31,0,0.0,1.0,7.0,17.0,A01
201400053956,0,34,0,1.0,1.0,1.0,1.0,A01
201400053957,0,34,0,0.0,2.0,2.0,15.0,A01
201400053957,0,10,0,0.0,2.0,3.0,1.0,B01
201400053958,0,7,0,0.0,2.0,6.0,1.0,A01
201400053958,0,32,0,0.0,2.0,1.0,1.0,B01
201400053959,0,13,0,0.0,0.0,1.0,1.0,A01
201400053959,0,7,0,0.0,0.0,6.0,11.0,B01
201400053960,0,13,0,6.0,0.0,1.0,1.0,A01
201400053961,0,10,0,0.0,1.0,2.0,16.0,A01
201400053962,0,30,0,0.0,2.0,1.0,17.0,B01
201400053962,0,10,0,0.0,2.0,8.0,9.0,A01
201400053963,0,10,0,0.0,2.0,2.0,9.0,B01
201400053963,0,32,0,0.0,2.0,7.0,1.0,A01
201400053964,0,32,0,0.0,0.0,8.0,1.0,A01
201400053965,0,7,0,0.0,2.0,2.0,1.0,A01
201400053965,0,10,0,0.0,2.0,3.0,1.0,B01
201400053966,0,7,0,0.0,2.0,6.0,2.0,B01
201400053966,0,33,0,0.0,2.0,1.0,2.0,A01
201400053967,0,31,0,0.0,2.0,1.0,17.0,B01
201400053967,0,7,0,0.0,2.0,6.0,15.0,A01
201400053968,0,1,0,1.0,0.0,0.0,1.0,B01
201400053968,0,7,0,0.0,9.0,8.0,22.0,A01
201400053969,0,33,0,0.0,0.0,0.0,16.0,A01
201400053970,0,30,0,0.0,0.0,6.0,15.0,A01
201400053971,0,34,0,0.0,0.0,0.0,21.0,A01
201400053972,0,32,0,0.0,0.0,8.0,15.0,A01
201400053973,0,7,0,0.0,1.0,2.0,1.0,A01
201400053974,0,7,0,2.0,0.0,9.0,1.0,A01
201400053975,0,7,0,0.0,2.0,2.0,15.0,A01
201400053975,0,30,0,0.0,2.0,1.0,1.0,B01
201400053976,0,7,0,0.0,2.0,3.0,9.0,A01
201400053976,0,7,0,0.0,2.0,1.0,1.0,B01
201400053977,0,1,0,14.0,0.0,0.0,13.0,A01
201400053978,0,7,0,8.0,0.0,9.0,14.0,A01
201400053979,0,7,0,0.0,1.0,1.0,1.0,A01
201400053980,1,7,0,0.0,1.0,0.0,15.0,Z01
201400053981,0,7,0,0.0,2.0,2.0,10.0,A01
201400053981,0,34,0,0.0,2.0,1.0,1.0,B01
201400053982,0,1,0,0.0,5.0,1.0,1.0,A01
201400053983,0,33,0,0.0,2.0,4.0,23.0,B01
201400053983,0,7,0,0.0,2.0,1.0,2.0,A01
201400053984,0,7,0,1.0,2.0,3.0,9.0,A01
201400053984,0,7,0,1.0,2.0,2.0,1.0,B01
201400053985,0,7,0,0.0,2.0,3.0,15.0,A01
201400053985,0,30,0,0.0,2.0,1.0,1.0,B01
201400053986,0,32,0,0.0,2.0,5.0,1.0,B01
201400053986,0,7,0,0.0,2.0,5.0,16.0,A01
201400053987,0,32,0,0.0,2.0,1.0,1.0,B01
201400053987,0,7,0,0.0,2.0,6.0,15.0,A01
201400053988,0,31,0,0.0,1.0,1.0,1.0,A01
201400053989,0,30,0,0.0,2.0,1.0,1.0,B01
201400053989,0,7,0,0.0,0.0,5.0,15.0,A01
201400053990,0,34,0,0.0,2.0,7.0,1.0,B01
201400053990,0,7,0,0.0,2.0,3.0,9.0,A01
201400053991,0,30,0,0.0,1.0,1.0,16.0,A01
201400053992,0,32,0,0.0,1.0,1.0,0.0,A01
201400053993,0,33,0,0.0,2.0,1.0,17.0,B01
201400053993,0,7,0,0.0,2.0,3.0,10.0,A01
201400053994,0,7,0,0.0,1.0,1.0,1.0,A01
201400053995,0,7,0,0.0,0.0,0.0,15.0,A01
201400053995,0,2,0,0.0,0.0,0.0,17.0,B01
201400053996,0,34,0,0.0,2.0,2.0,1.0,B01
201400053996,0,7,0,0.0,2.0,3.0,11.0,A01
201400053997,0,7,0,0.0,0.0,8.0,10.0,A01
201400053997,0,33,0,0.0,2.0,1.0,17.0,B01
201400053998,0,7,0,2.0,0.0,9.0,1.0,A01
201400053999,0,7,0,12.0,2.0,2.0,1.0,C01
201400053999,0,7,0,0.0,2.0,4.0,23.0,B01
201400053999,0,7,0,0.0,2.0,4.0,2.0,A01
201400054000,0,34,0,0.0,1.0,1.0,1.0,A01
201400054001,0,1,0,0.0,2.0,7.0,1.0,B01
201400054001,0,10,0,0.0,2.0,1.0,1.0,A01
201400054002,0,1,0,0.0,2.0,1.0,2.0,A01
201400054002,0,1,0,0.0,2.0,1.0,5.0,B01
201400054002,0,1,0,0.0,2.0,1.0,2.0,C01
201400054003,0,2,0,0.0,0.0,0.0,21.0,A01
201400054004,0,7,0,0.0,9.0,7.0,16.0,A01
201400054004,0,1,0,0.0,2.0,1.0,1.0,B01
201400054005,0,7,0,0.0,1.0,7.0,1.0,A01
201400054006,0,7,0,0.0,2.0,4.0,23.0,C01
201400054006,0,7,0,14.0,2.0,4.0,23.0,B01
201400054006,0,7,0,14.0,0.0,1.0,2.0,A01
201400054007,0,33,0,0.0,2.0,5.0,16.0,A01
201400054007,1,7,0,0.0,2.0,1.0,15.0,Z01
201400054008,0,10,0,0.0,2.0,7.0,16.0,A01
201400054008,0,32,0,0.0,2.0,1.0,1.0,B01
201400054009,0,7,0,0.0,0.0,1.0,1.0,A01
201400054009,0,7,0,0.0,0.0,4.0,23.0,B01
201400054010,0,30,0,0.0,0.0,8.0,1.0,A01
201400054011,0,7,0,0.0,2.0,1.0,2.0,A01
201400054011,0,7,0,0.0,2.0,4.0,2.0,B01
201400054012,0,7,0,0.0,2.0,1.0,1.0,A01
201400054012,0,7,0,0.0,2.0,8.0,1.0,B01
201400054013,0,7,0,0.0,1.0,3.0,1.0,A01
201400054014,0,33,0,1.0,0.0,3.0,13.0,A01
201400054015,0,31,0,0.0,1.0,1.0,1.0,A01
201400054016,0,7,0,0.0,2.0,2.0,1.0,A01
201400054016,0,33,0,0.0,2.0,1.0,1.0,B01
201400054017,0,7,0,0.0,1.0,2.0,18.0,A01
201400054018,0,7,0,0.0,2.0,7.0,17.0,A01
201400054018,0,1,0,0.0,2.0,8.0,15.0,B01
201400054019,0,7,0,0.0,2.0,3.0,22.0,A01
201400054019,0,7,0,0.0,2.0,2.0,1.0,C01
201400054019,0,31,0,0.0,2.0,7.0,1.0,B01
201400054020,0,7,0,0.0,2.0,1.0,9.0,A01
201400054020,0,33,0,0.0,2.0,7.0,1.0,B01
201400054021,0,7,0,0.0,1.0,1.0,1.0,A01
201400054022,0,2,0,14.0,0.0,1.0,14.0,A01
201400054023,0,10,0,0.0,2.0,7.0,15.0,A01
201400054023,0,1,0,0.0,2.0,8.0,1.0,B01
201400054024,0,33,0,0.0,2.0,8.0,1.0,A01
201400054024,0,7,0,0.0,2.0,4.0,23.0,B01
201400054025,0,7,0,0.0,2.0,3.0,10.0,A01
201400054025,0,40,0,0.0,2.0,1.0,1.0,B01
201400054026,0,33,0,0.0,2.0,1.0,17.0,B01
201400054026,0,1,0,0.0,2.0,8.0,9.0,A01
201400054027,0,30,0,0.0,0.0,0.0,1.0,A01
201400054028,1,7,0,0.0,1.0,4.0,4.0,Z01
201400054029,0,32,0,0.0,1.0,3.0,1.0,A01
201400054030,0,7,0,0.0,1.0,0.0,1.0,A01
201400054031,0,32,0,14.0,0.0,2.0,14.0,A01
201400054032,0,30,0,0.0,2.0,7.0,1.0,A01
201400054032,1,7,0,0.0,2.0,0.0,10.0,Z01
201400054033,0,34,0,0.0,2.0,1.0,1.0,A01
201400054033,0,7,0,0.0,2.0,5.0,1.0,B01
201400054034,0,1,0,0.0,2.0,1.0,13.0,A01
201400054034,0,37,1,0.0,2.0,2.0,7.0,B01
201400054035,0,7,0,0.0,2.0,1.0,1.0,A01
201400054035,0,33,0,0.0,2.0,8.0,1.0,B01
201400054036,0,30,0,0.0,1.0,1.0,1.0,A01
201400054037,0,7,0,0.0,2.0,2.0,1.0,A01
201400054037,0,33,0,0.0,2.0,8.0,1.0,B01
201400054038,0,7,0,0.0,2.0,3.0,16.0,A01
201400054038,0,1,0,0.0,2.0,1.0,1.0,B01
201400054039,0,32,0,0.0,1.0,1.0,0.0,A01
201400054040,0,32,0,0.0,2.0,1.0,1.0,A01
201400054040,0,7,0,0.0,2.0,8.0,1.0,B01
201400054041,0,7,0,0.0,2.0,3.0,22.0,A01
201400054041,0,1,0,0.0,2.0,1.0,1.0,B01
201400054042,0,33,0,1.0,1.0,1.0,1.0,A01
201400054043,0,33,0,12.0,0.0,2.0,1.0,A01
201400054044,0,7,0,0.0,2.0,4.0,23.0,C01
201400054044,0,7,0,0.0,2.0,1.0,1.0,A01
201400054044,0,7,0,0.0,2.0,1.0,23.0,B01
201400054045,0,2,0,0.0,2.0,0.0,1.0,B01
201400054045,0,1,0,0.0,2.0,0.0,1.0,A01
201400054046,0,7,0,0.0,2.0,7.0,16.0,A01
201400054046,0,30,0,0.0,2.0,8.0,18.0,B01
201400054047,0,33,0,0.0,2.0,1.0,1.0,B01
201400054047,0,7,0,0.0,2.0,6.0,9.0,A01
201400054048,0,30,0,0.0,2.0,5.0,1.0,A01
201400054048,0,7,0,0.0,2.0,6.0,23.0,B01
201400054049,0,10,0,0.0,2.0,1.0,1.0,B01
201400054049,0,7,0,0.0,2.0,1.0,13.0,A01
201400054050,0,7,0,0.0,1.0,2.0,9.0,A01
201400054051,0,2,0,0.0,1.0,2.0,1.0,A01
201400054052,0,10,0,0.0,2.0,8.0,10.0,A01
201400054052,0,34,0,0.0,2.0,1.0,1.0,B01
201400054053,0,30,0,0.0,2.0,7.0,17.0,B01
201400054053,0,7,0,0.0,2.0,3.0,15.0,A01
201400054054,0,7,0,0.0,2.0,6.0,15.0,B01
201400054054,0,31,0,0.0,2.0,1.0,2.0,A01
201400054055,0,33,0,1.0,2.0,7.0,17.0,A01
201400054055,0,32,0,0.0,2.0,7.0,1.0,C01
201400054055,0,7,0,0.0,2.0,8.0,10.0,B01
201400054056,0,2,0,0.0,2.0,2.0,17.0,B01
201400054056,0,7,0,0.0,2.0,6.0,22.0,A01
201400054057,0,31,0,0.0,2.0,7.0,3.0,A01
201400054057,0,7,0,0.0,2.0,8.0,13.0,B01
201400054057,0,7,0,0.0,2.0,8.0,1.0,C01
201400054058,0,7,0,0.0,2.0,3.0,13.0,A01
201400054058,0,34,0,0.0,2.0,1.0,1.0,B01
201400054059,0,7,0,0.0,2.0,3.0,15.0,B01
201400054059,0,34,0,0.0,2.0,7.0,15.0,A01
201400054060,0,10,0,0.0,1.0,2.0,15.0,A01
201400054061,0,1,0,0.0,1.0,1.0,1.0,A01
201400054062,0,1,0,0.0,2.0,1.0,2.0,B01
201400054062,0,1,0,0.0,2.0,4.0,2.0,A01
201400054063,0,2,0,0.0,2.0,1.0,1.0,A01
201400054063,0,7,0,0.0,2.0,5.0,15.0,B01
201400054064,0,7,0,0.0,2.0,2.0,1.0,A01