Num_Acc,senc,catv,occutc,obs,obsm,choc,manv,num_veh
201400054064,0,33,0,0.0,2.0,6.0,1.0,B01
201400054065,0,32,0,11.0,0.0,7.0,21.0,A01
201400054066,0,7,0,0.0,2.0,2.0,19.0,A01
201400054066,0,1,0,0.0,2.0,4.0,1.0,B01
201400054067,0,33,0,0.0,2.0,2.0,17.0,B01
201400054067,0,7,0,0.0,2.0,8.0,10.0,A01
201400054068,0,7,0,0.0,2.0,3.0,15.0,A01
201400054068,0,34,0,0.0,2.0,7.0,17.0,B01
201400054069,0,10,0,0.0,2.0,7.0,1.0,B01
201400054069,0,7,0,0.0,2.0,1.0,1.0,A01
201400054070,0,34,0,0.0,2.0,1.0,1.0,B01
201400054070,0,7,0,0.0,2.0,2.0,15.0,A01
201400054071,0,10,0,0.0,2.0,8.0,13.0,A01
201400054071,0,31,0,0.0,2.0,2.0,1.0,B01
201400054072,0,31,0,0.0,2.0,1.0,1.0,B01
201400054072,0,1,0,0.0,2.0,8.0,5.0,A01
201400054073,0,7,0,0.0,2.0,3.0,10.0,A01
201400054073,0,33,0,0.0,2.0,7.0,17.0,B01
201400054074,0,7,0,0.0,2.0,1.0,1.0,B01
201400054074,0,7,0,0.0,2.0,6.0,9.0,A01
201400054075,0,7,0,0.0,2.0,5.0,23.0,B01
201400054075,0,1,0,0.0,2.0,1.0,2.0,A01
201400054076,0,1,0,0.0,2.0,7.0,19.0,A01
201400054076,1,30,0,0.0,2.0,0.0,1.0,Z01
201400054077,0,1,0,0.0,2.0,8.0,1.0,B01
201400054077,0,7,0,0.0,2.0,1.0,15.0,A01
201400054078,0,7,0,0.0,2.0,2.0,16.0,A01
201400054078,0,33,0,0.0,2.0,8.0,1.0,B01
201400054079,0,1,0,0.0,0.0,0.0,21.0,A01
201400054080,0,2,0,0.0,1.0,1.0,17.0,A01
201400054081,0,31,0,0.0,2.0,6.0,18.0,B01
201400054081,0,10,0,0.0,2.0,2.0,16.0,A01
201400054082,0,33,0,0.0,2.0,2.0,17.0,B01
201400054082,0,7,0,0.0,2.0,3.0,15.0,A01
201400054083,0,7,0,0.0,2.0,7.0,1.0,A01
201400054083,0,37,0,0.0,2.0,1.0,1.0,B01
201400054084,0,1,0,0.0,1.0,1.0,1.0,A01
201400054085,0,7,0,0.0,2.0,0.0,23.0,A01
201400054085,0,1,0,0.0,2.0,4.0,2.0,B01
201400054086,0,34,0,0.0,0.0,8.0,1.0,A01
201400054087,0,7,0,0.0,1.0,3.0,15.0,A01
201400054088,1,7,0,0.0,2.0,7.0,1.0,Z01
201400054088,0,34,0,0.0,2.0,1.0,16.0,A01
201400054089,0,7,0,0.0,2.0,1.0,1.0,A01
201400054089,0,7,0,0.0,2.0,4.0,1.0,B01
201400054090,0,7,0,0.0,2.0,1.0,1.0,A01
201400054090,0,7,0,0.0,2.0,4.0,23.0,B01
201400054090,0,7,0,0.0,2.0,4.0,23.0,C01
201400054091,0,30,0,0.0,2.0,1.0,17.0,A01
201400054091,0,7,0,0.0,2.0,8.0,1.0,B01
201400054092,0,7,0,0.0,2.0,2.0,16.0,B01
201400054092,0,2,0,0.0,2.0,1.0,18.0,A01
201400054093,0,2,0,0.0,1.0,1.0,1.0,A01
201400054094,0,7,0,0.0,2.0,3.0,15.0,A01
201400054094,0,34,0,0.0,2.0,3.0,1.0,B01
201400054095,0,7,0,0.0,1.0,2.0,1.0,A01
201400054096,0,7,0,14.0,0.0,9.0,14.0,A01
201400054097,0,7,0,0.0,2.0,1.0,1.0,B01
201400054097,0,7,0,8.0,2.0,7.0,1.0,A01
201400054098,0,31,0,0.0,6.0,2.0,1.0,A01
201400054099,0,7,0,0.0,2.0,1.0,2.0,A01
201400054099,0,7,0,0.0,1.0,9.0,23.0,B01
201400054100,0,7,0,0.0,1.0,2.0,7.0,A01
201400054101,0,7,0,0.0,2.0,1.0,1.0,B01
201400054101,0,31,0,0.0,2.0,5.0,15.0,A01
201400054102,0,1,0,0.0,1.0,7.0,1.0,A01
201400054103,0,7,0,0.0,2.0,2.0,15.0,A01
201400054103,0,33,0,0.0,2.0,1.0,1.0,B01
201400054104,0,31,0,1.0,2.0,1.0,1.0,B01
201400054104,0,31,0,0.0,2.0,4.0,13.0,A01
201400054105,0,7,0,0.0,2.0,8.0,1.0,B01
201400054105,0,30,0,0.0,2.0,7.0,17.0,A01
201400054106,0,7,0,0.0,2.0,1.0,1.0,A01
201400054106,0,30,0,0.0,2.0,8.0,1.0,B01
201400054107,0,2,0,0.0,0.0,0.0,21.0,A01
201400054108,0,7,0,0.0,2.0,7.0,15.0,B01
201400054108,0,30,0,0.0,2.0,1.0,1.0,A01
201400054109,0,7,0,0.0,1.0,2.0,1.0,A01
201400054110,0,31,0,0.0,1.0,3.0,1.0,A01
201400054111,0,7,0,0.0,2.0,8.0,15.0,B01
201400054111,0,33,0,0.0,2.0,1.0,17.0,A01
201400054112,0,10,0,0.0,2.0,4.0,1.0,B01
201400054112,0,10,0,0.0,2.0,1.0,14.0,A01
201400054113,1,33,0,0.0,1.0,0.0,1.0,Z01
201400054114,0,33,0,8.0,0.0,1.0,1.0,A01
201400054115,0,7,0,0.0,2.0,8.0,10.0,A01
201400054115,0,32,0,0.0,2.0,1.0,1.0,B01
201400054116,0,33,0,0.0,2.0,2.0,17.0,B01
201400054116,0,32,0,0.0,2.0,3.0,15.0,A01
201400054117,0,7,0,0.0,2.0,2.0,16.0,A01
201400054117,0,33,0,0.0,2.0,8.0,1.0,B01
201400054118,0,10,0,0.0,2.0,3.0,15.0,A01
201400054118,0,32,0,0.0,2.0,1.0,1.0,B01
201400054119,0,7,0,0.0,1.0,1.0,1.0,A01
201400054120,0,7,0,0.0,1.0,1.0,1.0,A01
201400054121,0,7,0,0.0,2.0,5.0,9.0,A01
201400054121,0,30,0,0.0,2.0,1.0,1.0,B01
201400054122,0,7,0,0.0,2.0,1.0,15.0,A01
201400054122,0,30,0,0.0,2.0,8.0,1.0,B01
201400054123,0,7,0,0.0,1.0,3.0,1.0,A01
201400054124,0,30,0,0.0,0.0,0.0,1.0,A01
201400054125,0,1,0,0.0,2.0,7.0,19.0,A01
201400054125,0,10,0,0.0,2.0,3.0,1.0,B01
201400054126,1,32,0,0.0,1.0,1.0,1.0,Z01
201400054127,0,1,0,0.0,2.0,5.0,17.0,B01
201400054127,0,7,0,0.0,2.0,3.0,10.0,A01
201400054128,0,7,0,0.0,2.0,3.0,9.0,A01
201400054128,0,1,0,0.0,2.0,1.0,1.0,B01
201400054129,0,7,0,0.0,1.0,6.0,4.0,A01
201400054130,0,7,0,0.0,2.0,4.0,2.0,B01
201400054130,2,7,0,0.0,2.0,2.0,2.0,Z01
201400054130,0,7,0,0.0,2.0,4.0,2.0,A01
201400054131,0,32,0,0.0,2.0,1.0,1.0,A01
201400054131,0,7,0,0.0,2.0,2.0,10.0,B01
201400054132,0,7,0,0.0,1.0,1.0,1.0,A01
201400054133,0,30,0,0.0,1.0,2.0,1.0,A01
201400054134,0,7,0,0.0,2.0,3.0,11.0,A01
201400054134,0,32,0,0.0,2.0,2.0,1.0,B01
201400054135,0,1,0,0.0,1.0,1.0,1.0,A01
201400054136,0,7,0,0.0,2.0,4.0,23.0,B01
201400054136,0,7,0,0.0,2.0,1.0,1.0,A01
201400054137,0,34,0,0.0,2.0,1.0,1.0,B01
201400054137,1,7,0,0.0,2.0,1.0,15.0,A01
201400054138,0,7,0,12.0,0.0,0.0,13.0,A01
201400054139,0,7,0,0.0,2.0,8.0,15.0,A01
201400054139,0,30,0,0.0,2.0,8.0,17.0,B01
201400054140,0,10,0,0.0,2.0,5.0,12.0,A01
201400054140,0,33,0,0.0,2.0,8.0,1.0,B01
201400054141,0,31,0,0.0,1.0,2.0,1.0,A01
201400054142,0,33,0,0.0,2.0,3.0,13.0,A01
201400054142,0,30,0,0.0,2.0,7.0,1.0,B01
201400054143,0,33,0,0.0,1.0,1.0,17.0,A01
201400054144,0,1,0,0.0,2.0,1.0,2.0,A01
201400054144,0,7,0,0.0,2.0,4.0,2.0,B01
201400054145,0,31,0,0.0,2.0,8.0,1.0,B01
201400054145,0,7,0,0.0,2.0,2.0,15.0,A01
201400054146,0,7,0,2.0,2.0,7.0,1.0,B01
201400054146,0,7,0,0.0,2.0,3.0,9.0,A01
201400054147,0,7,0,0.0,1.0,3.0,1.0,A01
201400054148,0,10,0,0.0,2.0,7.0,12.0,A01
201400054148,0,33,0,0.0,2.0,8.0,3.0,B01
201400054149,0,1,0,0.0,1.0,1.0,1.0,A01
201400054150,0,34,0,0.0,2.0,1.0,1.0,B01
201400054150,0,7,0,0.0,2.0,7.0,1.0,A01
201400054151,0,33,0,0.0,2.0,4.0,1.0,A01
201400054151,1,7,0,0.0,2.0,1.0,1.0,Z01
201400054152,0,32,0,0.0,2.0,7.0,1.0,A01
201400054152,0,7,0,0.0,2.0,1.0,9.0,B01
201400054153,0,7,0,0.0,2.0,8.0,1.0,B01
201400054153,0,7,0,0.0,2.0,1.0,1.0,A01
201400054154,0,30,0,0.0,0.0,8.0,1.0,A01
201400054155,0,1,0,0.0,2.0,1.0,1.0,A01
201400054155,0,7,0,0.0,2.0,2.0,9.0,B01
201400054156,0,7,0,0.0,1.0,1.0,1.0,A01
201400054157,0,7,0,0.0,2.0,3.0,15.0,A01
201400054157,0,2,0,5.0,2.0,6.0,1.0,B01
201400054158,0,10,0,0.0,1.0,7.0,16.0,A01
201400054159,0,2,0,0.0,2.0,7.0,17.0,A01
201400054159,1,7,0,0.0,2.0,0.0,13.0,Z01
201400054160,0,37,3,0.0,2.0,4.0,23.0,B01
201400054160,0,37,1,0.0,2.0,1.0,1.0,A01
201400054161,0,7,0,0.0,1.0,1.0,1.0,A01
201400054162,0,7,0,0.0,2.0,3.0,9.0,A01
201400054162,0,33,0,0.0,2.0,2.0,17.0,B01
201400054163,0,7,0,0.0,2.0,6.0,11.0,A01
201400054163,0,15,0,0.0,2.0,2.0,1.0,B01
201400054164,0,7,0,0.0,1.0,2.0,9.0,A01
201400054165,0,7,0,0.0,2.0,3.0,15.0,A01
201400054165,0,30,0,0.0,2.0,8.0,1.0,B01
201400054166,0,32,0,0.0,2.0,4.0,23.0,A01
201400054166,0,32,0,0.0,2.0,3.0,1.0,B01
201400054167,0,32,0,0.0,2.0,1.0,11.0,B01
201400054167,0,7,0,0.0,2.0,5.0,1.0,A01
201400054168,0,30,0,0.0,0.0,2.0,14.0,A01
201400054169,0,7,0,4.0,0.0,2.0,1.0,A01
201400054170,1,10,0,0.0,2.0,1.0,1.0,Z01
201400054170,0,7,0,0.0,2.0,4.0,1.0,A01
201400054171,0,32,0,0.0,0.0,0.0,1.0,A01
201400054172,0,10,0,0.0,1.0,2.0,1.0,A01
201400054173,0,38,1,0.0,2.0,7.0,1.0,A01
201400054173,0,7,0,0.0,1.0,9.0,23.0,B01
201400054174,0,31,0,0.0,2.0,2.0,1.0,A01
201400054174,0,1,0,0.0,2.0,6.0,1.0,B01
201400054175,0,1,0,0.0,5.0,1.0,1.0,A01
201400054176,0,7,0,0.0,2.0,2.0,16.0,A01
201400054176,0,1,0,0.0,2.0,1.0,1.0,B01
201400054177,0,7,0,0.0,1.0,1.0,15.0,A01
201400054178,0,32,0,0.0,2.0,1.0,1.0,A01
201400054178,0,10,0,0.0,2.0,6.0,23.0,B01
201400054179,0,10,0,0.0,2.0,1.0,1.0,A01
201400054179,0,10,0,0.0,2.0,4.0,1.0,B01
201400054180,0,33,0,0.0,2.0,8.0,1.0,B01
201400054180,0,7,0,0.0,2.0,7.0,14.0,A01
201400054181,0,31,0,0.0,1.0,1.0,1.0,A01
201400054182,0,1,0,0.0,2.0,1.0,2.0,B01
201400054182,0,1,0,0.0,2.0,1.0,2.0,A01
201400054182,0,1,0,0.0,2.0,1.0,2.0,C01
201400054182,0,1,0,0.0,2.0,0.0,2.0,D01
201400054183,0,7,0,2.0,2.0,8.0,2.0,C01
201400054183,0,7,0,12.0,2.0,3.0,13.0,A01
201400054183,0,7,0,0.0,2.0,2.0,2.0,B01
201400054184,0,7,0,0.0,2.0,1.0,2.0,A01
201400054184,0,7,0,0.0,2.0,4.0,2.0,B01
201400054185,1,38,1,0.0,2.0,7.0,14.0,Z01
201400054185,0,1,0,0.0,2.0,8.0,7.0,A01
201400054186,0,33,0,0.0,2.0,7.0,1.0,B01
201400054186,0,7,0,0.0,2.0,8.0,11.0,A01
201400054187,0,33,0,0.0,2.0,2.0,1.0,B01
201400054187,0,7,0,0.0,2.0,3.0,15.0,A01
201400054188,0,30,0,0.0,2.0,1.0,17.0,A01
201400054188,0,7,0,0.0,2.0,8.0,15.0,B01
201400054189,0,31,0,0.0,1.0,1.0,1.0,A01
201400054190,0,7,0,0.0,2.0,2.0,15.0,A01
201400054190,0,37,1,0.0,2.0,1.0,1.0,B01
201400054191,0,1,0,0.0,1.0,1.0,1.0,A01
201400054192,0,31,0,0.0,1.0,0.0,1.0,A01
201400054193,0,7,0,0.0,2.0,1.0,15.0,A01
201400054193,0,7,0,1.0,2.0,3.0,1.0,B01
201400054194,0,31,0,0.0,2.0,1.0,1.0,A01
201400054194,0,7,0,0.0,2.0,8.0,9.0,B01
201400054195,1,10,0,0.0,1.0,2.0,16.0,Z01
201400054196,0,7,0,0.0,2.0,2.0,15.0,A01
201400054196,0,30,0,0.0,2.0,1.0,1.0,B01
201400054197,0,30,0,0.0,1.0,1.0,1.0,A01
201400054198,0,7,0,0.0,1.0,4.0,4.0,A01
201400054199,0,1,0,0.0,2.0,3.0,1.0,B01
201400054199,0,38,1,0.0,2.0,2.0,16.0,A01
201400054200,0,33,0,0.0,2.0,2.0,3.0,A01
201400054200,0,7,0,0.0,2.0,6.0,1.0,B01
201400054200,0,10,0,0.0,2.0,7.0,1.0,C01
201400054201,0,7,0,0.0,1.0,3.0,1.0,A01
201400054202,1,30,0,0.0,1.0,1.0,17.0,Z01
201400054203,0,1,0,0.0,1.0,1.0,1.0,A01
201400054204,0,1,0,0.0,2.0,1.0,10.0,A01
201400054204,0,1,0,0.0,2.0,1.0,1.0,B01
201400054205,0,33,0,12.0,0.0,8.0,13.0,A01
201400054206,0,1,0,0.0,2.0,1.0,14.0,A01
201400054206,0,1,0,0.0,2.0,1.0,1.0,B01
201400054207,0,10,0,0.0,2.0,3.0,23.0,A01
201400054207,0,31,0,0.0,2.0,8.0,1.0,B01
201400054208,0,7,0,0.0,2.0,1.0,1.0,A01
201400054208,0,31,0,0.0,2.0,8.0,1.0,B01
201400054209,0,2,0,0.0,2.0,5.0,17.0,B01
201400054209,0,7,0,0.0,2.0,8.0,13.0,A01
201400054210,1,10,0,0.0,2.0,0.0,9.0,Z01
201400054210,0,7,0,0.0,2.0,2.0,1.0,A01
201400054210,0,7,0,0.0,2.0,5.0,1.0,C01
201400054210,0,33,0,0.0,2.0,7.0,3.0,B01
201400054211,0,30,0,14.0,0.0,1.0,15.0,A01
201400054212,0,7,0,11.0,0.0,3.0,15.0,A01
201400054213,0,7,0,0.0,2.0,3.0,15.0,B01
201400054213,0,31,0,0.0,2.0,1.0,5.0,A01
201400054214,0,33,0,0.0,2.0,0.0,1.0,A01
201400054214,1,7,0,0.0,2.0,0.0,13.0,Z01
201400054215,0,7,0,0.0,1.0,4.0,20.0,A01
201400054216,0,10,0,0.0,2.0,2.0,14.0,A01
201400054216,0,10,0,0.0,2.0,6.0,24.0,B01
201400054217,0,7,0,0.0,1.0,2.0,1.0,A01
201400054218,0,7,0,0.0,2.0,7.0,1.0,A01
201400054218,0,1,0,0.0,2.0,8.0,15.0,B01
201400054219,0,30,0,11.0,0.0,1.0,16.0,A01
201400054220,0,7,0,0.0,2.0,2.0,15.0,A01
201400054220,0,3,0,0.0,2.0,8.0,1.0,B01
201400054221,0,7,0,0.0,2.0,4.0,23.0,B01
201400054221,0,7,0,0.0,2.0,1.0,1.0,A01
201400054222,0,7,0,0.0,1.0,7.0,15.0,A01
201400054223,0,1,0,0.0,2.0,3.0,1.0,B01
201400054223,0,34,0,0.0,2.0,1.0,15.0,A01
201400054224,0,1,0,0.0,2.0,3.0,1.0,A01
201400054224,1,33,0,0.0,2.0,0.0,17.0,Z01
201400054225,0,7,0,2.0,0.0,2.0,14.0,A01
201400054226,0,7,0,0.0,1.0,2.0,1.0,A01
201400054227,0,1,0,0.0,1.0,1.0,1.0,A01
201400054228,0,7,0,0.0,2.0,2.0,15.0,A01
201400054228,0,1,0,0.0,2.0,1.0,1.0,B01
201400054229,0,10,0,0.0,2.0,6.0,2.0,B01
201400054229,0,33,0,0.0,2.0,3.0,2.0,A01
201400054230,0,10,0,0.0,2.0,8.0,1.0,A01
201400054230,0,30,0,0.0,2.0,7.0,1.0,B01
201400054231,0,7,0,0.0,1.0,1.0,1.0,A01
201400054232,0,10,0,0.0,1.0,5.0,1.0,A01
201400054233,0,7,0,0.0,2.0,2.0,2.0,A01
201400054233,0,7,0,0.0,2.0,4.0,23.0,B01
201400054234,0,30,0,0.0,0.0,0.0,1.0,A01
201400054235,0,31,0,0.0,0.0,0.0,17.0,A01
201400054236,0,32,0,0.0,2.0,2.0,1.0,B01
201400054236,0,1,0,0.0,2.0,8.0,15.0,A01
201400054237,0,1,0,0.0,2.0,8.0,19.0,B01
201400054237,0,7,0,0.0,2.0,1.0,1.0,A01
201400054238,0,1,0,0.0,1.0,0.0,1.0,A01
201400054239,0,7,0,0.0,2.0,3.0,15.0,A01
201400054239,0,1,0,0.0,2.0,8.0,1.0,B01
201400054240,0,33,0,0.0,2.0,1.0,2.0,A01
201400054240,0,10,0,0.0,2.0,6.0,23.0,B01
201400054241,0,10,0,0.0,2.0,8.0,15.0,B01
201400054241,0,33,0,0.0,2.0,7.0,17.0,A01
201400054242,0,7,0,0.0,2.0,5.0,23.0,B01
201400054242,0,7,0,0.0,2.0,2.0,2.0,A01
201400054243,1,30,0,0.0,1.0,8.0,17.0,Z01
201400054244,0,7,0,0.0,2.0,5.0,23.0,A01
201400054244,0,2,0,0.0,2.0,5.0,2.0,B01
201400054245,1,7,0,0.0,2.0,4.0,2.0,Z01
201400054245,0,7,0,0.0,2.0,4.0,2.0,B01
201400054245,0,7,0,0.0,2.0,1.0,2.0,A01
201400054246,0,7,0,0.0,2.0,1.0,1.0,A01
201400054246,0,1,0,0.0,2.0,3.0,1.0,B01
201400054247,0,32,0,0.0,2.0,2.0,14.0,A01
201400054247,0,10,0,0.0,2.0,3.0,1.0,C01
201400054247,0,32,0,0.0,2.0,9.0,1.0,B01
201400054248,0,34,0,0.0,1.0,0.0,17.0,A01
201400054249,0,7,0,0.0,2.0,3.0,15.0,A01
201400054249,0,1,0,0.0,2.0,6.0,1.0,B01
201400054250,0,1,0,0.0,2.0,1.0,17.0,B01
201400054250,0,7,0,0.0,2.0,8.0,10.0,A01
201400054251,0,32,0,0.0,1.0,2.0,1.0,A01
201400054252,0,7,0,0.0,2.0,3.0,15.0,A01
201400054252,0,1,0,0.0,2.0,1.0,17.0,B01
201400054253,0,7,0,0.0,2.0,7.0,12.0,A01
201400054253,0,32,0,0.0,2.0,3.0,3.0,B01
201400054254,0,7,0,0.0,1.0,0.0,1.0,A01
201400054255,0,1,0,0.0,2.0,8.0,9.0,A01
201400054255,0,7,0,0.0,2.0,7.0,1.0,B01
201400054256,0,30,0,0.0,2.0,1.0,1.0,A01
201400054256,0,10,0,0.0,2.0,8.0,1.0,B01
201400054257,0,2,0,14.0,0.0,1.0,1.0,A01
201400054258,0,33,0,0.0,0.0,8.0,1.0,A01
201400054259,0,32,0,0.0,1.0,2.0,17.0,A01
201400054260,0,17,0,0.0,2.0,7.0,16.0,A01
201400054260,0,1,0,0.0,2.0,3.0,1.0,B01
201400054261,0,7,0,0.0,2.0,2.0,15.0,B01
201400054261,0,33,0,0.0,2.0,1.0,1.0,A01
201400054262,0,1,0,0.0,2.0,2.0,1.0,B01
201400054262,0,7,0,0.0,2.0,6.0,4.0,A01
201400054263,0,1,0,0.0,2.0,8.0,1.0,A01
201400054263,1,7,0,0.0,2.0,2.0,16.0,Z01
201400054264,0,7,0,0.0,2.0,6.0,1.0,B01
201400054264,0,2,0,12.0,2.0,8.0,18.0,A01
201400054265,0,33,0,1.0,2.0,1.0,1.0,B01
201400054265,0,7,0,0.0,2.0,2.0,1.0,A01
201400054266,1,37,1,0.0,2.0,1.0,1.0,Z01
201400054266,0,7,0,0.0,2.0,8.0,5.0,B01
201400054266,0,30,0,0.0,2.0,4.0,1.0,A01
201400054267,0,1,0,0.0,2.0,2.0,1.0,A01
201400054267,0,7,0,0.0,2.0,5.0,23.0,B01
201400054268,0,32,0,0.0,2.0,5.0,17.0,A01
201400054268,0,10,0,0.0,2.0,3.0,15.0,B01
201400054269,0,1,0,0.0,2.0,1.0,1.0,B01
201400054269,0,7,0,0.0,2.0,6.0,9.0,A01
201400054270,0,1,0,0.0,0.0,0.0,16.0,A01
201400054271,0,7,0,0.0,2.0,5.0,23.0,B01
201400054271,0,30,0,0.0,2.0,1.0,1.0,A01
201400054272,0,7,0,12.0,2.0,1.0,1.0,B01
201400054272,0,1,0,0.0,2.0,7.0,1.0,A01
201400054273,0,7,0,0.0,2.0,3.0,1.0,B01
201400054273,0,1,0,0.0,2.0,2.0,19.0,A01
201400054274,0,1,0,0.0,2.0,1.0,13.0,A01
201400054274,0,1,0,0.0,2.0,1.0,1.0,B01
201400054275,0,7,0,5.0,0.0,3.0,9.0,A01
201400054276,0,30,0,1.0,0.0,2.0,1.0,A01
201400054277,0,31,0,0.0,0.0,0.0,1.0,A01
201400054278,0,7,0,0.0,2.0,2.0,15.0,A01
201400054278,0,30,0,0.0,2.0,3.0,1.0,B01
201400054279,0,10,0,1.0,0.0,2.0,14.0,A01
201400054280,0,7,0,0.0,2.0,4.0,23.0,B01
201400054280,0,7,0,0.0,2.0,1.0,2.0,A01
201400054281,0,2,0,0.0,2.0,7.0,17.0,A01
201400054281,1,7,0,0.0,2.0,0.0,15.0,Z01
201400054282,0,7,0,0.0,2.0,3.0,10.0,A01
201400054282,0,33,0,0.0,2.0,2.0,17.0,B01
201400054283,0,10,0,0.0,2.0,8.0,15.0,B01
201400054283,0,33,0,0.0,2.0,1.0,2.0,A01
201400054284,0,31,0,0.0,2.0,2.0,1.0,A01
201400054284,1,10,0,0.0,2.0,8.0,13.0,Z01
201400054285,0,2,0,0.0,2.0,8.0,1.0,B01
201400054285,0,7,0,0.0,2.0,3.0,10.0,A01
201400054286,0,33,0,0.0,1.0,1.0,1.0,A01
201400054287,0,10,0,6.0,0.0,1.0,1.0,A01
201400054288,0,31,0,0.0,0.0,0.0,21.0,A01
201400054289,0,2,0,0.0,2.0,1.0,1.0,B01
201400054289,0,7,0,0.0,2.0,2.0,1.0,A01
201400054290,0,1,0,0.0,2.0,1.0,7.0,B01
201400054290,0,7,0,0.0,2.0,0.0,16.0,A01
201400054291,0,7,0,0.0,1.0,2.0,1.0,A01
201400054292,0,34,0,1.0,1.0,1.0,15.0,A01
201400054293,0,7,0,0.0,1.0,3.0,1.0,A01
201400054294,0,7,0,0.0,2.0,5.0,22.0,A01
201400054294,0,1,0,0.0,2.0,1.0,7.0,B01
201400054295,0,7,0,0.0,2.0,4.0,23.0,B01
201400054295,0,7,0,0.0,2.0,1.0,1.0,A01
201400054296,0,10,0,0.0,1.0,8.0,15.0,A01
201400054297,0,32,0,0.0,2.0,9.0,17.0,A01
201400054297,0,7,0,0.0,2.0,3.0,15.0,B01
201400054298,0,7,0,0.0,1.0,2.0,9.0,A01
201400054299,0,33,0,0.0,2.0,1.0,1.0,A01
201400054299,0,7,0,0.0,2.0,5.0,9.0,B01
201400054300,0,1,0,0.0,0.0,0.0,21.0,A01
201400054301,0,7,0,0.0,1.0,2.0,5.0,A01
201400054302,0,30,0,12.0,0.0,2.0,14.0,A01
201400054303,0,30,0,12.0,0.0,1.0,12.0,A01
201400054304,0,7,0,1.0,0.0,2.0,1.0,A01
201400054305,0,30,0,0.0,2.0,6.0,15.0,B01
201400054305,0,34,0,0.0,2.0,2.0,17.0,A01
201400054306,0,2,0,0.0,0.0,0.0,1.0,A01
201400054307,0,7,0,0.0,2.0,1.0,15.0,A01
201400054307,0,32,0,0.0,2.0,8.0,1.0,B01
201400054308,0,2,0,0.0,1.0,7.0,17.0,A01
201400054309,0,33,0,0.0,2.0,1.0,2.0,A01
201400054309,0,7,0,0.0,2.0,4.0,2.0,B01
201400054310,0,31,0,0.0,2.0,0.0,2.0,A01
201400054310,0,1,0,0.0,2.0,4.0,2.0,B01
201400054311,1,7,0,0.0,1.0,0.0,1.0,Z01
201400054312,0,7,0,0.0,2.0,1.0,1.0,A01
201400054312,0,1,0,0.0,2.0,8.0,19.0,B01
201400054313,0,30,0,0.0,2.0,3.0,18.0,B01
201400054313,0,7,0,14.0,2.0,2.0,12.0,A01
201400054314,1,7,0,0.0,2.0,1.0,2.0,Z01
201400054314,0,30,0,0.0,2.0,4.0,2.0,A01
201400054315,0,7,0,0.0,2.0,7.0,16.0,A01
201400054315,0,1,0,0.0,2.0,8.0,18.0,B01
201400054316,0,1,0,0.0,2.0,1.0,1.0,A01
201400054316,0,1,0,0.0,2.0,1.0,1.0,B01
201400054317,0,7,0,0.0,1.0,1.0,1.0,A01
201400054318,0,33,0,0.0,2.0,1.0,11.0,B01
201400054318,0,7,0,0.0,2.0,2.0,9.0,A01
201400054319,0,7,0,0.0,2.0,8.0,11.0,A01
201400054319,0,33,0,0.0,2.0,7.0,1.0,B01
201400054320,0,2,0,0.0,2.0,7.0,1.0,B01
201400054320,0,7,0,0.0,2.0,2.0,1.0,A01
201400054320,0,7,0,0.0,2.0,3.0,1.0,C01
201400054321,0,30,0,0.0,1.0,1.0,1.0,A01
201400054322,0,32,0,0.0,0.0,8.0,1.0,A01
201400054323,0,1,0,0.0,2.0,7.0,2.0,B01
201400054323,0,7,0,0.0,2.0,1.0,2.0,A01
201400054324,0,33,0,0.0,2.0,3.0,1.0,A01
201400054324,0,7,0,0.0,2.0,1.0,15.0,B01
201400054325,0,10,0,0.0,1.0,3.0,1.0,A01
201400054326,0,7,0,0.0,2.0,7.0,1.0,C01
201400054326,0,7,0,0.0,2.0,4.0,2.0,B01
201400054326,0,7,0,0.0,2.0,1.0,2.0,A01
201400054327,1,2,0,0.0,2.0,8.0,13.0,Z01
201400054327,0,31,0,0.0,2.0,1.0,1.0,A01
201400054328,0,37,3,0.0,2.0,1.0,2.0,A01
201400054328,0,7,0,0.0,2.0,4.0,15.0,B01
201400054329,0,33,0,0.0,2.0,3.0,1.0,A01
201400054329,1,7,0,0.0,2.0,6.0,10.0,Z01
201400054330,0,7,0,0.0,2.0,5.0,1.0,B01
201400054330,0,7,0,0.0,2.0,3.0,12.0,A01
201400054331,0,1,0,0.0,1.0,1.0,5.0,A01
201400054332,0,7,0,0.0,1.0,0.0,15.0,A01
201400054333,0,2,0,0.0,2.0,1.0,2.0,A01
201400054333,0,7,0,0.0,2.0,5.0,23.0,B01
201400054334,0,33,0,12.0,0.0,3.0,14.0,A01
201400054335,0,30,0,0.0,2.0,1.0,1.0,A01
201400054335,1,7,0,0.0,2.0,2.0,15.0,Z01
201400054336,0,7,0,0.0,1.0,1.0,1.0,A01
201400054337,0,7,0,0.0,1.0,1.0,15.0,A01
201400054338,0,31,0,0.0,2.0,8.0,18.0,A01
201400054338,0,7,0,0.0,2.0,5.0,24.0,C01
201400054338,0,7,0,0.0,2.0,7.0,12.0,B01
201400054339,0,10,0,0.0,2.0,8.0,10.0,A01
201400054339,0,33,0,0.0,2.0,1.0,1.0,B01
201400054340,1,33,0,0.0,2.0,7.0,17.0,A01