Num_Acc,senc,catv,occutc,obs,obsm,choc,manv,num_veh
201400054340,1,7,0,0.0,2.0,0.0,10.0,Z01
201400054341,1,7,0,0.0,1.0,0.0,16.0,Z01
201400054342,0,32,0,1.0,2.0,2.0,1.0,A01
201400054342,0,7,0,0.0,2.0,3.0,22.0,B01
201400054342,0,7,0,0.0,2.0,7.0,1.0,C01
201400054343,0,7,0,0.0,2.0,6.0,15.0,B01
201400054343,0,2,0,0.0,2.0,1.0,17.0,A01
201400054344,0,30,0,0.0,0.0,1.0,21.0,A01
201400054345,0,33,0,0.0,2.0,3.0,1.0,B01
201400054345,0,7,0,0.0,2.0,2.0,1.0,A01
201400054346,0,32,0,0.0,0.0,0.0,17.0,A01
201400054347,0,7,0,0.0,2.0,5.0,23.0,B01
201400054347,0,33,0,0.0,2.0,1.0,1.0,A01
201400054348,0,7,0,0.0,2.0,2.0,1.0,A01
201400054348,0,7,0,0.0,2.0,3.0,1.0,B01
201400054349,0,7,0,0.0,1.0,0.0,1.0,A01
201400054350,0,37,50,0.0,1.0,5.0,1.0,A01
201400054351,0,7,0,0.0,2.0,3.0,1.0,B01
201400054351,0,32,0,0.0,2.0,8.0,13.0,A01
201400054352,0,7,0,0.0,1.0,2.0,16.0,A01
201400054353,0,30,0,0.0,2.0,3.0,1.0,B01
201400054353,0,7,0,0.0,2.0,1.0,15.0,A01
201400054354,0,31,0,0.0,2.0,4.0,23.0,A01
201400054354,1,7,0,0.0,2.0,1.0,2.0,Z01
201400054355,0,1,0,0.0,2.0,1.0,1.0,B01
201400054355,0,7,0,0.0,2.0,7.0,16.0,A01
201400054356,0,7,0,0.0,1.0,3.0,1.0,A01
201400054357,0,34,0,0.0,2.0,9.0,17.0,A01
201400054357,0,7,0,0.0,2.0,4.0,23.0,C01
201400054357,0,7,0,0.0,2.0,6.0,13.0,B01
201400054358,0,7,0,0.0,2.0,7.0,10.0,A01
201400054358,0,34,0,0.0,2.0,1.0,1.0,B01
201400054359,0,7,0,0.0,2.0,3.0,13.0,A01
201400054359,0,32,0,0.0,2.0,3.0,1.0,B01
201400054360,0,10,0,0.0,2.0,2.0,16.0,B01
201400054360,0,30,0,0.0,2.0,3.0,18.0,A01
201400054361,0,30,0,0.0,2.0,8.0,1.0,B01
201400054361,0,7,0,0.0,2.0,6.0,4.0,A01
201400054362,0,33,0,0.0,0.0,0.0,1.0,A01
201400054363,0,32,0,0.0,2.0,7.0,1.0,B01
201400054363,0,7,0,0.0,2.0,3.0,11.0,A01
201400054364,0,7,0,0.0,2.0,6.0,11.0,A01
201400054364,0,30,0,0.0,2.0,7.0,17.0,B01
201400054365,0,7,0,0.0,2.0,1.0,1.0,A01
201400054365,0,7,0,0.0,2.0,8.0,1.0,B01
201400054366,0,34,0,12.0,2.0,0.0,1.0,A01
201400054366,1,7,0,0.0,2.0,0.0,1.0,Z01
201400054367,0,7,0,15.0,0.0,1.0,1.0,A01
201400054368,0,7,0,0.0,1.0,1.0,1.0,A01
201400054369,0,31,0,0.0,2.0,8.0,1.0,A01
201400054369,0,7,0,0.0,2.0,8.0,15.0,B01
201400054370,0,7,0,0.0,2.0,6.0,2.0,B01
201400054370,0,33,0,0.0,2.0,1.0,2.0,A01
201400054371,0,7,0,0.0,1.0,3.0,1.0,A01
201400054372,0,31,0,14.0,0.0,1.0,21.0,A01
201400054373,0,31,0,0.0,1.0,1.0,1.0,A01
201400054374,0,7,0,0.0,1.0,0.0,1.0,A01
201400054375,0,7,0,0.0,2.0,3.0,10.0,A01
201400054375,0,32,0,0.0,2.0,8.0,1.0,B01
201400054376,0,33,0,0.0,1.0,3.0,1.0,A01
201400054377,0,7,0,0.0,2.0,3.0,15.0,A01
201400054377,0,2,0,0.0,2.0,1.0,1.0,B01
201400054378,0,7,0,11.0,0.0,9.0,9.0,A01
201400054379,0,10,0,0.0,2.0,4.0,10.0,B01
201400054379,0,32,0,0.0,2.0,1.0,1.0,A01
201400054380,0,7,0,0.0,2.0,6.0,23.0,C01
201400054380,0,7,0,0.0,2.0,3.0,1.0,B01
201400054380,0,7,0,0.0,2.0,2.0,15.0,A01
201400054381,0,33,0,12.0,0.0,1.0,14.0,A01
201400054382,0,30,0,0.0,1.0,8.0,17.0,A01
201400054383,0,31,0,0.0,2.0,6.0,1.0,B01
201400054383,0,7,0,0.0,2.0,2.0,1.0,A01
201400054384,0,7,0,0.0,2.0,2.0,19.0,A01
201400054384,0,7,0,0.0,2.0,3.0,1.0,B01
201400054385,0,7,0,0.0,2.0,3.0,9.0,A01
201400054385,0,1,0,0.0,2.0,7.0,1.0,B01
201400054386,0,7,0,0.0,2.0,1.0,2.0,A01
201400054386,0,7,0,0.0,2.0,6.0,23.0,B01
201400054387,0,7,0,0.0,1.0,1.0,1.0,A01
201400054388,0,30,0,0.0,2.0,1.0,17.0,A01
201400054388,0,7,0,0.0,2.0,3.0,15.0,B01
201400054389,0,7,0,0.0,1.0,1.0,15.0,A01
201400054390,0,34,0,0.0,0.0,0.0,21.0,A01
201400054391,0,7,0,8.0,0.0,2.0,14.0,A01
201400054392,0,7,0,14.0,0.0,2.0,1.0,A01
201400054393,0,30,0,0.0,2.0,3.0,1.0,B01
201400054393,0,7,0,0.0,2.0,7.0,15.0,A01
201400054394,1,10,0,0.0,1.0,0.0,16.0,Z01
201400054395,0,7,0,0.0,1.0,2.0,1.0,A01
201400054396,0,32,0,0.0,1.0,0.0,1.0,A01
201400054397,0,1,0,0.0,1.0,1.0,1.0,A01
201400054398,0,7,0,0.0,2.0,4.0,23.0,B01
201400054398,0,7,0,0.0,2.0,1.0,1.0,A01
201400054399,0,7,0,0.0,2.0,2.0,1.0,A01
201400054399,0,7,0,0.0,2.0,6.0,23.0,B01
201400054400,0,7,0,3.0,2.0,8.0,15.0,A01
201400054400,0,2,0,0.0,2.0,7.0,17.0,B01
201400054401,0,33,0,0.0,2.0,7.0,1.0,B01
201400054401,0,7,0,0.0,2.0,3.0,15.0,A01
201400054402,0,7,0,8.0,0.0,3.0,14.0,A01
201400054403,0,7,0,0.0,2.0,5.0,15.0,A01
201400054403,0,33,0,0.0,2.0,1.0,1.0,B01
201400054404,0,7,0,0.0,2.0,5.0,1.0,A01
201400054404,0,31,0,0.0,2.0,1.0,1.0,B01
201400054405,0,32,0,0.0,0.0,0.0,21.0,A01
201400054406,0,7,0,0.0,1.0,4.0,4.0,A01
201400054407,0,7,0,0.0,1.0,1.0,1.0,A01
201400054408,0,10,0,1.0,0.0,1.0,14.0,A01
201400054409,0,31,0,0.0,0.0,7.0,1.0,A01
201400054410,0,37,0,0.0,1.0,7.0,7.0,A01
201400054411,0,2,0,0.0,2.0,7.0,17.0,A01
201400054411,0,7,0,0.0,2.0,3.0,15.0,B01
201400054412,0,7,0,11.0,0.0,2.0,13.0,A01
201400054413,0,7,0,0.0,2.0,8.0,9.0,A01
201400054413,0,31,0,0.0,2.0,8.0,1.0,B01
201400054414,0,33,0,0.0,2.0,8.0,23.0,B01
201400054414,0,7,0,0.0,2.0,2.0,2.0,A01
201400054415,0,32,0,15.0,0.0,1.0,1.0,A01
201400054416,0,7,0,0.0,1.0,2.0,1.0,A01
201400054417,0,30,0,0.0,1.0,3.0,1.0,A01
201400054418,0,1,0,0.0,1.0,1.0,7.0,A01
201400054419,0,7,0,0.0,2.0,6.0,1.0,B01
201400054419,0,32,0,4.0,2.0,8.0,17.0,A01
201400054420,0,7,0,0.0,2.0,7.0,15.0,A01
201400054420,0,31,0,0.0,2.0,1.0,1.0,B01
201400054421,0,30,0,0.0,2.0,2.0,17.0,B01
201400054421,0,7,0,0.0,2.0,3.0,10.0,A01
201400054422,0,10,0,0.0,2.0,2.0,15.0,A01
201400054422,0,31,0,0.0,2.0,1.0,1.0,B01
201400054423,0,33,0,0.0,2.0,1.0,1.0,B01
201400054423,0,7,0,0.0,2.0,2.0,15.0,A01
201400054424,0,30,0,11.0,0.0,1.0,13.0,A01
201400054425,0,7,0,1.0,0.0,1.0,1.0,A01
201400054426,0,7,0,0.0,1.0,2.0,7.0,A01
201400054427,0,1,0,0.0,2.0,0.0,1.0,B01
201400054427,0,10,0,0.0,2.0,0.0,22.0,A01
201400054428,0,2,0,0.0,0.0,0.0,1.0,A01
201400054429,0,33,0,0.0,2.0,1.0,1.0,A01
201400054429,0,10,0,0.0,2.0,5.0,9.0,B01
201400054430,0,7,0,0.0,2.0,8.0,10.0,A01
201400054430,0,32,0,0.0,2.0,7.0,1.0,B01
201400054431,1,7,0,0.0,1.0,1.0,1.0,Z01
201400054432,0,30,0,0.0,1.0,1.0,1.0,A01
201400054433,0,7,0,0.0,1.0,1.0,16.0,A01
201400054434,0,7,0,0.0,1.0,3.0,1.0,A01
201400054435,0,7,0,0.0,2.0,3.0,11.0,A01
201400054435,0,31,0,0.0,2.0,1.0,17.0,B01
201400054436,0,7,0,8.0,2.0,1.0,0.0,A01
201400054437,0,33,0,0.0,0.0,3.0,1.0,A01
201400054438,0,7,0,0.0,1.0,2.0,1.0,A01
201400054439,0,1,0,0.0,2.0,1.0,1.0,B01
201400054439,0,7,0,0.0,2.0,7.0,22.0,A01
201400054440,2,10,0,11.0,2.0,2.0,13.0,Z01
201400054440,0,31,0,0.0,2.0,1.0,1.0,A01
201400054441,1,1,0,0.0,1.0,0.0,16.0,Z01
201400054442,0,32,0,0.0,2.0,6.0,23.0,B01
201400054442,0,7,0,0.0,2.0,2.0,1.0,A01
201400054443,0,10,0,0.0,1.0,3.0,1.0,A01
201400054444,0,32,0,0.0,2.0,7.0,17.0,B01
201400054444,0,7,0,0.0,2.0,3.0,9.0,A01
201400054445,0,30,0,0.0,2.0,6.0,1.0,B01
201400054445,0,7,0,0.0,0.0,3.0,15.0,A01
201400054446,0,2,0,0.0,2.0,4.0,15.0,C01
201400054446,0,32,0,0.0,2.0,1.0,2.0,A01
201400054446,0,34,0,0.0,2.0,4.0,2.0,B01
201400054447,0,7,0,0.0,2.0,8.0,11.0,A01
201400054447,0,34,0,0.0,2.0,7.0,17.0,B01
201400054448,0,7,0,0.0,9.0,6.0,15.0,B01
201400054448,0,1,0,0.0,2.0,1.0,1.0,A01
201400054449,0,7,0,0.0,2.0,1.0,15.0,A01
201400054449,0,7,0,0.0,2.0,1.0,1.0,B01
201400054450,0,37,1,0.0,1.0,2.0,1.0,A01
201400054451,0,7,0,0.0,2.0,2.0,12.0,A01
201400054451,0,30,0,1.0,2.0,9.0,1.0,B01
201400054452,0,7,0,0.0,2.0,3.0,10.0,A01
201400054452,0,31,0,0.0,2.0,1.0,17.0,B01
201400054453,0,2,0,0.0,0.0,8.0,1.0,A01
201400054454,0,33,0,1.0,1.0,7.0,1.0,A01
201400054455,0,10,0,0.0,0.0,3.0,15.0,A01
201400054455,0,13,0,0.0,0.0,0.0,24.0,C01
201400054455,0,32,0,0.0,0.0,1.0,17.0,B01
201400054456,0,33,0,0.0,1.0,2.0,1.0,A01
201400054457,0,7,0,0.0,1.0,1.0,15.0,A01
201400054458,1,7,0,0.0,1.0,1.0,1.0,Z01
201400054459,0,2,0,1.0,2.0,3.0,1.0,C01
201400054459,0,7,0,9.0,2.0,1.0,13.0,A01
201400054459,0,7,0,0.0,2.0,1.0,1.0,B01
201400054460,0,7,0,0.0,1.0,7.0,7.0,A01
201400054461,0,7,0,0.0,2.0,2.0,14.0,A01
201400054461,0,33,0,0.0,2.0,4.0,1.0,B01
201400054462,0,7,0,0.0,2.0,7.0,15.0,A01
201400054462,0,1,0,0.0,2.0,1.0,1.0,B01
201400054463,0,7,0,0.0,2.0,5.0,10.0,A01
201400054463,0,33,0,0.0,2.0,1.0,1.0,B01
201400054464,0,7,0,0.0,2.0,8.0,9.0,B01
201400054464,0,1,0,0.0,2.0,0.0,1.0,A01
201400054465,0,7,0,0.0,2.0,2.0,17.0,B01
201400054465,0,31,0,0.0,2.0,3.0,13.0,A01
201400054466,0,1,0,8.0,0.0,2.0,21.0,A01
201400054467,0,7,0,0.0,2.0,5.0,23.0,B01
201400054467,0,1,0,0.0,2.0,1.0,1.0,A01
201400054468,0,1,0,0.0,2.0,1.0,17.0,B01
201400054468,0,7,0,0.0,2.0,3.0,1.0,A01
201400054469,0,1,0,0.0,2.0,1.0,1.0,B01
201400054469,0,13,0,0.0,2.0,7.0,16.0,A01
201400054470,0,2,0,1.0,0.0,2.0,14.0,A01
201400054471,0,31,0,0.0,2.0,1.0,2.0,A01
201400054471,0,7,0,0.0,2.0,2.0,23.0,B01
201400054472,0,40,0,0.0,1.0,2.0,1.0,A01
201400054473,0,7,0,0.0,1.0,2.0,1.0,A01
201400054474,0,7,0,0.0,1.0,2.0,1.0,A01
201400054475,0,1,0,0.0,2.0,8.0,1.0,A01
201400054475,1,1,0,0.0,2.0,0.0,14.0,Z01
201400054476,0,7,0,1.0,0.0,1.0,14.0,A01
201400054477,0,31,0,0.0,2.0,2.0,1.0,A01
201400054477,0,7,0,0.0,2.0,3.0,5.0,B01
201400054478,0,7,0,0.0,2.0,8.0,22.0,A01
201400054478,0,1,0,1.0,2.0,1.0,1.0,B01
201400054479,0,32,0,0.0,2.0,8.0,15.0,A01
201400054479,0,10,0,0.0,2.0,1.0,15.0,B01
201400054480,1,7,0,0.0,2.0,7.0,1.0,A01
201400054480,0,1,0,0.0,2.0,8.0,1.0,B01
201400054481,0,31,0,0.0,2.0,1.0,1.0,B01
201400054481,0,7,0,0.0,2.0,1.0,15.0,A01
201400054482,0,33,0,0.0,2.0,1.0,1.0,A01
201400054482,0,37,1,0.0,2.0,2.0,15.0,B01
201400054483,0,3,0,0.0,1.0,4.0,20.0,A01
201400054484,0,33,0,0.0,2.0,0.0,21.0,A01
201400054485,1,7,0,0.0,2.0,0.0,10.0,Z01
201400054485,0,2,0,0.0,2.0,1.0,1.0,A01
201400054486,0,30,0,0.0,1.0,1.0,16.0,A01
201400054487,0,32,0,0.0,2.0,1.0,1.0,B01
201400054487,0,7,0,0.0,2.0,1.0,15.0,A01
201400054488,0,37,1,0.0,2.0,2.0,1.0,B01
201400054488,0,7,0,0.0,2.0,4.0,13.0,A01
201400054489,0,7,0,0.0,2.0,8.0,10.0,A01
201400054489,0,33,0,0.0,2.0,3.0,1.0,B01
201400054490,0,7,0,0.0,1.0,2.0,1.0,A01
201400054491,0,10,0,0.0,2.0,2.0,1.0,B01
201400054491,0,7,0,0.0,2.0,8.0,11.0,A01
201400054492,0,7,0,0.0,2.0,1.0,1.0,A01
201400054492,0,7,0,0.0,2.0,4.0,23.0,B01
201400054493,1,7,0,0.0,2.0,0.0,15.0,Z01
201400054493,0,30,0,0.0,2.0,3.0,1.0,A01
201400054494,0,37,1,0.0,1.0,2.0,20.0,A01
201400054495,0,7,0,0.0,2.0,8.0,15.0,B01
201400054495,1,7,0,0.0,2.0,1.0,1.0,A01
201400054496,0,33,0,0.0,0.0,7.0,21.0,A01
201400054497,0,30,0,0.0,1.0,0.0,1.0,A01
201400054498,0,7,0,0.0,2.0,1.0,2.0,A01
201400054498,0,7,0,0.0,2.0,4.0,2.0,B01
201400054499,0,7,0,0.0,2.0,4.0,23.0,C01
201400054499,0,7,0,0.0,2.0,1.0,23.0,B01
201400054499,0,7,0,0.0,2.0,1.0,2.0,A01
201400054500,0,7,0,0.0,2.0,1.0,9.0,B01
201400054500,0,30,0,0.0,2.0,2.0,5.0,A01
201400054501,0,7,0,1.0,0.0,3.0,1.0,A01
201400054502,0,31,0,0.0,1.0,1.0,1.0,A01
201400054503,0,7,0,0.0,1.0,1.0,1.0,A01
201400054504,0,7,0,0.0,2.0,2.0,1.0,A01
201400054504,0,2,0,0.0,2.0,1.0,1.0,B01
201400054505,0,7,0,0.0,1.0,3.0,1.0,A01
201400054506,0,7,0,0.0,1.0,6.0,4.0,A01
201400054507,0,7,0,0.0,1.0,1.0,16.0,A01
201400054508,0,10,0,0.0,2.0,6.0,2.0,B01
201400054508,0,33,0,0.0,2.0,1.0,2.0,A01
201400054509,0,7,0,0.0,2.0,2.0,10.0,A01
201400054509,0,33,0,0.0,2.0,1.0,1.0,B01
201400054510,0,37,1,0.0,2.0,3.0,23.0,B01
201400054510,0,1,0,14.0,2.0,7.0,21.0,A01
201400054511,0,33,0,0.0,1.0,1.0,1.0,A01
201400054512,0,33,0,0.0,2.0,1.0,2.0,A01
201400054512,0,7,0,0.0,2.0,6.0,2.0,B01
201400054513,0,7,0,1.0,0.0,2.0,16.0,A01
201400054514,0,7,0,0.0,1.0,2.0,7.0,A01
201400054515,0,33,0,0.0,2.0,7.0,19.0,A01
201400054515,0,1,0,0.0,2.0,1.0,1.0,B01
201400054516,0,30,0,0.0,0.0,0.0,1.0,A01
201400054517,0,7,0,0.0,2.0,7.0,22.0,A01
201400054517,0,33,0,14.0,2.0,1.0,18.0,B01
201400054518,0,2,0,0.0,2.0,1.0,1.0,A01
201400054518,0,7,0,0.0,2.0,8.0,1.0,B01
201400054519,0,33,0,0.0,1.0,1.0,1.0,A01
201400054520,0,7,0,0.0,2.0,2.0,1.0,A01
201400054520,0,33,0,0.0,2.0,6.0,1.0,B01
201400054521,0,13,0,0.0,2.0,8.0,22.0,A01
201400054521,0,1,0,0.0,2.0,1.0,17.0,B01
201400054522,0,37,1,0.0,2.0,8.0,7.0,B01
201400054522,0,1,0,0.0,2.0,7.0,14.0,A01
201400054523,0,7,0,0.0,1.0,1.0,15.0,A01
201400054524,0,7,0,0.0,1.0,7.0,16.0,A01
201400054525,0,2,0,15.0,2.0,1.0,1.0,A01
201400054525,0,14,0,0.0,2.0,0.0,24.0,B01
201400054526,1,10,0,0.0,1.0,1.0,1.0,Z01
201400054527,0,7,0,0.0,2.0,1.0,15.0,A01
201400054527,0,30,0,8.0,2.0,8.0,1.0,B01
201400054528,0,7,0,0.0,2.0,1.0,15.0,A01
201400054528,0,7,0,0.0,2.0,3.0,1.0,B01
201400054529,0,7,0,14.0,0.0,3.0,7.0,A01
201400054530,0,30,0,0.0,2.0,1.0,1.0,A01
201400054530,0,7,0,0.0,2.0,4.0,1.0,B01
201400054531,0,30,0,0.0,2.0,1.0,1.0,B01
201400054531,0,33,0,0.0,2.0,1.0,5.0,A01
201400054532,0,7,0,0.0,1.0,2.0,1.0,A01
201400054533,0,2,0,0.0,1.0,1.0,17.0,A01
201400054534,0,10,0,0.0,2.0,3.0,1.0,A01
201400054534,0,10,0,0.0,2.0,6.0,23.0,B01
201400054535,0,10,0,0.0,2.0,0.0,15.0,A01
201400054535,0,33,0,0.0,2.0,0.0,1.0,B01
201400054536,0,7,0,0.0,1.0,2.0,1.0,A01
201400054537,0,1,0,0.0,2.0,2.0,1.0,B01
201400054537,0,7,0,0.0,2.0,2.0,15.0,A01
201400054538,0,7,0,11.0,0.0,1.0,1.0,A01
201400054539,0,30,0,0.0,1.0,2.0,1.0,A01
201400054540,0,1,0,0.0,2.0,3.0,1.0,A01
201400054540,1,7,0,0.0,2.0,0.0,4.0,Z01
201400054541,0,33,0,1.0,2.0,8.0,17.0,A01
201400054541,1,7,0,0.0,2.0,0.0,13.0,Z01
201400054542,0,34,0,0.0,2.0,1.0,1.0,B01
201400054542,0,7,0,0.0,2.0,7.0,1.0,A01
201400054543,0,31,0,0.0,2.0,1.0,1.0,B01
201400054543,0,7,0,0.0,2.0,3.0,10.0,A01
201400054544,0,31,0,0.0,2.0,1.0,2.0,A01
201400054544,0,7,0,0.0,2.0,5.0,2.0,B01
201400054545,0,7,0,0.0,2.0,3.0,13.0,A01
201400054545,0,32,0,0.0,2.0,7.0,17.0,B01
201400054546,0,10,0,0.0,2.0,4.0,2.0,B01
201400054546,0,7,0,0.0,2.0,1.0,2.0,A01
201400054547,0,33,0,0.0,2.0,3.0,18.0,A01
201400054547,0,7,0,0.0,2.0,7.0,16.0,B01
201400054548,0,32,0,0.0,1.0,1.0,1.0,A01
201400054549,0,7,0,0.0,1.0,2.0,17.0,A01
201400054550,0,7,0,0.0,2.0,7.0,15.0,A01
201400054550,0,2,0,0.0,2.0,0.0,1.0,B01
201400054551,0,7,0,0.0,2.0,6.0,23.0,B01
201400054551,0,2,0,1.0,2.0,1.0,1.0,A01
201400054552,0,7,0,0.0,1.0,2.0,17.0,A01
201400054553,0,34,0,14.0,0.0,3.0,1.0,A01
201400054554,0,1,0,1.0,2.0,1.0,1.0,B01
201400054554,0,7,0,0.0,2.0,3.0,22.0,A01
201400054555,2,3,0,0.0,1.0,4.0,4.0,A01
201400054556,0,7,0,0.0,2.0,3.0,15.0,A01
201400054556,0,32,0,0.0,2.0,1.0,17.0,B01
201400054557,0,7,0,0.0,2.0,7.0,15.0,A01
201400054557,0,32,0,0.0,2.0,1.0,1.0,B01
201400054558,0,7,0,0.0,1.0,3.0,1.0,A01
201400054559,0,33,0,0.0,2.0,0.0,1.0,A01
201400054559,0,33,0,0.0,2.0,4.0,23.0,B01
201400054560,0,34,0,0.0,1.0,8.0,1.0,A01
201400054561,0,7,0,0.0,2.0,2.0,10.0,A01
201400054561,0,32,0,0.0,2.0,1.0,1.0,B01
201400054562,0,1,0,0.0,2.0,3.0,1.0,B01
201400054562,0,7,0,0.0,2.0,2.0,14.0,A01
201400054563,0,1,0,1.0,2.0,5.0,1.0,B01
201400054563,0,7,0,0.0,2.0,5.0,22.0,A01
201400054564,0,32,0,0.0,2.0,3.0,18.0,A01
201400054564,0,7,0,0.0,2.0,2.0,12.0,B01
201400054565,0,7,0,0.0,2.0,3.0,1.0,A01
201400054565,0,1,0,0.0,2.0,8.0,7.0,B01
201400054566,0,1,0,0.0,2.0,8.0,15.0,A01
201400054566,0,13,0,0.0,2.0,2.0,1.0,B01
201400054567,0,30,0,0.0,0.0,0.0,1.0,A01
201400054568,0,31,0,0.0,1.0,0.0,1.0,A01
201400054569,0,34,0,0.0,2.0,2.0,1.0,A01
201400054569,0,1,0,0.0,2.0,8.0,15.0,B01
201400054570,0,1,0,12.0,0.0,1.0,7.0,A01
201400054571,0,10,0,0.0,2.0,8.0,15.0,A01
201400054571,0,30,0,0.0,2.0,1.0,17.0,B01
201400054572,0,7,0,0.0,2.0,1.0,15.0,A01
201400054572,0,34,0,0.0,2.0,8.0,1.0,B01
201400054573,0,7,0,0.0,2.0,4.0,23.0,B01
201400054573,0,10,0,0.0,2.0,1.0,2.0,A01
201400054573,0,7,0,0.0,2.0,4.0,23.0,C01
201400054574,0,7,0,0.0,2.0,1.0,2.0,A01
201400054574,0,7,0,0.0,2.0,4.0,23.0,B01
201400054575,0,31,0,0.0,2.0,1.0,1.0,B01
201400054575,0,7,0,0.0,2.0,3.0,22.0,A01
201400054576,0,7,0,0.0,2.0,8.0,10.0,A01
201400054576,0,32,0,0.0,2.0,1.0,17.0,B01
201400054577,0,31,0,0.0,2.0,3.0,1.0,B01
201400054577,0,7,0,0.0,2.0,2.0,15.0,A01
201400054578,1,32,0,0.0,1.0,7.0,1.0,Z01
201400054579,0,31,0,0.0,2.0,1.0,1.0,A01
201400054579,0,10,0,0.0,2.0,2.0,15.0,B01
201400054580,0,7,0,0.0,2.0,3.0,1.0,A01
201400054580,0,31,0,0.0,2.0,2.0,15.0,B01
201400054581,0,7,0,0.0,2.0,4.0,2.0,A01
201400054581,1,7,0,0.0,2.0,0.0,2.0,Z01
201400054582,0,31,0,0.0,1.0,1.0,1.0,A01
201400054583,0,7,0,0.0,2.0,3.0,15.0,B01
201400054583,0,30,0,0.0,2.0,1.0,17.0,A01
201400054584,0,31,0,0.0,2.0,8.0,1.0,B01
201400054584,0,7,0,0.0,2.0,0.0,15.0,A01
201400054585,0,31,0,0.0,1.0,1.0,1.0,A01
201400054586,0,10,0,6.0,0.0,1.0,1.0,A01
201400054587,0,30,0,0.0,0.0,1.0,1.0,A01
201400054588,0,14,0,0.0,2.0,3.0,15.0,B01
201400054588,0,31,0,0.0,2.0,2.0,17.0,A01
201400054589,0,30,0,0.0,2.0,1.0,17.0,A01
201400054589,0,7,0,0.0,2.0,8.0,1.0,B01
201400054590,0,14,0,0.0,2.0,2.0,16.0,A01
201400054590,0,31,0,0.0,2.0,8.0,18.0,B01
201400054591,0,10,0,0.0,2.0,1.0,15.0,A01
201400054591,0,1,0,0.0,2.0,7.0,19.0,B01
201400054592,0,30,0,0.0,2.0,1.0,5.0,A01
201400054592,0,7,0,0.0,2.0,8.0,23.0,C01
201400054592,0,2,0,0.0,2.0,2.0,17.0,B01
201400054593,0,1,0,0.0,2.0,8.0,1.0,B01
201400054593,0,7,0,0.0,2.0,7.0,14.0,A01
201400054594,0,31,0,0.0,0.0,8.0,1.0,A01
201400054595,0,10,0,0.0,2.0,2.0,15.0,A01
201400054595,0,32,0,0.0,2.0,1.0,1.0,B01
201400054596,0,7,0,0.0,1.0,7.0,1.0,A01
201400054597,0,30,0,0.0,1.0,4.0,1.0,A01
201400054598,0,33,0,0.0,1.0,1.0,17.0,A01
201400054599,0,7,0,0.0,2.0,1.0,10.0,A01
201400054599,0,32,0,0.0,2.0,8.0,1.0,B01
201400054600,2,10,0,0.0,1.0,3.0,16.0,Z01
201400054601,0,7,0,0.0,2.0,3.0,22.0,A01
201400054601,0,7,0,0.0,2.0,7.0,23.0,B01
201400054601,0,1,0,0.0,2.0,8.0,3.0,C01
201400054602,1,7,0,0.0,1.0,7.0,1.0,Z01
201400054603,0,37,0,0.0,2.0,2.0,2.0,A01
201400054603,0,7,0,0.0,2.0,4.0,23.0,B01
201400054604,0,1,0,0.0,2.0,1.0,1.0,B01
201400054604,0,7,0,0.0,2.0,1.0,15.0,A01
201400054605,0,7,0,0.0,2.0,1.0,8.0,A01
201400054605,0,31,0,0.0,2.0,1.0,5.0,B01
201400054606,0,7,0,0.0,2.0,3.0,2.0,A01
201400054606,0,10,0,0.0,1.0,1.0,23.0,B01
201400054607,0,10,0,0.0,2.0,3.0,15.0,A01
201400054607,0,31,0,0.0,2.0,1.0,1.0,B01
201400054608,0,37,0,0.0,1.0,7.0,7.0,A01
201400054609,0,2,0,0.0,2.0,7.0,15.0,B01
201400054609,0,7,0,0.0,2.0,1.0,16.0,A01
201400054610,0,2,0,0.0,0.0,8.0,1.0,A01
201400054611,0,7,0,0.0,2.0,1.0,2.0,A01
201400054611,0,7,0,0.0,2.0,4.0,23.0,B01
201400054612,0,7,0,0.0,1.0,5.0,4.0,A01
201400054613,0,33,0,0.0,2.0,1.0,17.0,A01
201400054613,0,7,0,0.0,2.0,3.0,9.0,B01
201400054614,2,30,0,0.0,1.0,1.0,1.0,Z01
201400054615,0,7,0,0.0,2.0,1.0,2.0,A01
201400054615,0,7,0,0.0,2.0,4.0,23.0,B01
201400054616,0,7,0,0.0,2.0,4.0,1.0,A01
201400054616,0,7,0,0.0,2.0,1.0,23.0,B01
201400054617,0,30,0,0.0,2.0,0.0,1.0,B01
201400054617,0,7,0,1.0,2.0,0.0,11.0,A01
201400054618,0,7,0,0.0,1.0,2.0,1.0,A01
201400054619,0,1,0,0.0,2.0,6.0,1.0,B01
201400054619,0,7,0,0.0,2.0,3.0,1.0,A01
201400054620,0,7,0,7.0,0.0,3.0,21.0,A01
201400054621,0,7,0,0.0,2.0,1.0,15.0,A01
201400054621,0,31,0,0.0,2.0,1.0,1.0,B01
201400054622,0,30,0,12.0,0.0,1.0,13.0,A01
201400054623,0,1,0,12.0,0.0,0.0,21.0,A01
201400054624,0,7,0,0.0,1.0,2.0,1.0,A01
201400054625,0,7,0,0.0,2.0,3.0,15.0,B01
201400054625,0,30,0,0.0,2.0,1.0,17.0,A01
201400054626,0,10,0,0.0,1.0,4.0,4.0,A01
201400054627,0,33,0,14.0,0.0,2.0,14.0,A01
201400054628,0,33,0,0.0,2.0,1.0,2.0,A01