Num_Acc,senc,catv,occutc,obs,obsm,choc,manv,num_veh
201400054628,0,7,0,0.0,2.0,6.0,23.0,B01
201400054629,0,1,0,0.0,1.0,1.0,19.0,A01
201400054629,0,33,0,0.0,2.0,1.0,1.0,B01
201400054630,0,10,0,0.0,2.0,5.0,23.0,B01
201400054630,0,31,0,0.0,2.0,1.0,2.0,A01
201400054631,0,30,0,0.0,2.0,8.0,17.0,A01
201400054631,0,1,0,0.0,2.0,8.0,15.0,B01
201400054632,0,7,0,0.0,2.0,1.0,1.0,A01
201400054632,0,7,0,0.0,2.0,4.0,23.0,B01
201400054633,0,7,0,2.0,0.0,1.0,13.0,A01
201400054634,0,7,0,0.0,1.0,8.0,7.0,A01
201400054635,0,7,0,2.0,0.0,2.0,1.0,A01
201400054636,0,1,0,0.0,2.0,4.0,13.0,A01
201400054636,0,7,0,0.0,2.0,2.0,1.0,B01
201400054637,0,7,0,0.0,1.0,1.0,1.0,A01
201400054638,0,33,0,0.0,2.0,7.0,1.0,B01
201400054638,0,7,0,0.0,2.0,8.0,11.0,A01
201400054639,0,2,0,0.0,1.0,1.0,1.0,A01
201400054640,0,7,0,0.0,2.0,2.0,1.0,B01
201400054640,0,7,0,1.0,2.0,6.0,11.0,A01
201400054641,0,7,0,0.0,2.0,4.0,15.0,B01
201400054641,0,30,0,0.0,2.0,1.0,1.0,A01
201400054642,0,31,0,14.0,0.0,8.0,17.0,A01
201400054643,0,7,0,1.0,0.0,7.0,14.0,A01
201400054644,0,1,0,8.0,0.0,0.0,1.0,A01
201400054645,0,37,2,0.0,2.0,3.0,7.0,B01
201400054645,0,10,0,0.0,2.0,5.0,16.0,A01
201400054646,0,7,0,0.0,2.0,4.0,1.0,B01
201400054646,0,7,0,0.0,2.0,1.0,23.0,A01
201400054647,0,7,0,0.0,2.0,1.0,1.0,A01
201400054647,0,7,0,0.0,2.0,4.0,23.0,B01
201400054648,0,33,0,0.0,2.0,1.0,1.0,B01
201400054648,0,7,0,0.0,2.0,4.0,15.0,A01
201400054649,0,34,0,0.0,0.0,2.0,1.0,A01
201400054650,0,7,0,0.0,2.0,3.0,15.0,B01
201400054650,0,32,0,0.0,2.0,1.0,17.0,A01
201400054651,0,7,0,0.0,2.0,2.0,22.0,A01
201400054651,0,34,0,0.0,2.0,3.0,3.0,B01
201400054652,0,7,0,0.0,2.0,1.0,16.0,A01
201400054652,0,2,0,0.0,2.0,4.0,23.0,B01
201400054653,0,7,0,0.0,2.0,5.0,23.0,B01
201400054653,0,7,0,1.0,2.0,1.0,1.0,A01
201400054654,0,33,0,0.0,2.0,1.0,1.0,B01
201400054654,0,7,0,0.0,2.0,6.0,10.0,A01
201400054655,0,7,0,0.0,1.0,2.0,1.0,A01
201400054656,0,7,0,0.0,1.0,1.0,15.0,A01
201400054657,0,2,0,0.0,2.0,1.0,1.0,B01
201400054657,0,7,0,0.0,2.0,2.0,15.0,A01
201400054658,0,32,0,0.0,2.0,3.0,1.0,A01
201400054658,0,7,0,0.0,2.0,2.0,1.0,B01
201400054659,0,7,0,0.0,2.0,1.0,15.0,A01
201400054659,0,33,0,0.0,2.0,3.0,1.0,B01
201400054660,0,10,0,0.0,2.0,2.0,1.0,A01
201400054660,0,1,0,0.0,2.0,3.0,13.0,B01
201400054661,0,7,0,0.0,2.0,7.0,22.0,A01
201400054661,0,31,0,0.0,2.0,2.0,18.0,B01
201400054662,0,37,0,0.0,2.0,2.0,2.0,A01
201400054662,0,7,0,0.0,2.0,4.0,23.0,B01
201400054663,0,7,0,0.0,2.0,2.0,15.0,A01
201400054663,0,30,0,0.0,2.0,8.0,1.0,B01
201400054664,0,30,0,0.0,2.0,1.0,2.0,A01
201400054664,0,7,0,0.0,2.0,4.0,23.0,B01
201400054665,0,10,0,0.0,1.0,3.0,7.0,A01
201400054666,0,7,0,9.0,0.0,1.0,1.0,A01
201400054667,0,30,0,0.0,0.0,0.0,1.0,A01
201400054668,0,7,0,0.0,1.0,3.0,15.0,A01
201400054669,0,7,0,0.0,1.0,1.0,1.0,A01
201400054670,0,7,0,11.0,0.0,1.0,1.0,A01
201400054671,0,7,0,0.0,1.0,1.0,15.0,A01
201400054672,0,7,0,0.0,2.0,5.0,10.0,A01
201400054672,0,31,0,0.0,2.0,1.0,1.0,B01
201400054673,0,7,0,0.0,2.0,3.0,10.0,A01
201400054673,0,31,0,0.0,2.0,1.0,2.0,B01
201400054674,0,10,0,0.0,2.0,6.0,15.0,A01
201400054674,0,33,0,0.0,2.0,7.0,15.0,B01
201400054675,0,1,0,1.0,2.0,1.0,1.0,B01
201400054675,0,7,0,0.0,2.0,8.0,22.0,A01
201400054676,0,10,0,0.0,1.0,1.0,15.0,A01
201400054677,0,1,0,0.0,2.0,5.0,1.0,A01
201400054677,1,34,0,0.0,2.0,8.0,18.0,Z01
201400054678,0,31,0,0.0,2.0,1.0,18.0,A01
201400054678,0,7,0,0.0,2.0,5.0,16.0,B01
201400054679,0,10,0,0.0,1.0,3.0,1.0,A01
201400054680,0,30,0,0.0,2.0,8.0,13.0,A01
201400054680,0,7,0,0.0,2.0,2.0,1.0,B01
201400054681,0,7,0,0.0,1.0,2.0,1.0,A01
201400054682,0,7,0,0.0,2.0,5.0,10.0,A01
201400054682,0,33,0,0.0,2.0,1.0,1.0,B01
201400054683,0,7,0,0.0,1.0,1.0,7.0,A01
201400054684,0,31,0,0.0,2.0,1.0,17.0,A01
201400054684,0,7,0,0.0,2.0,8.0,15.0,B01
201400054685,0,30,0,0.0,2.0,4.0,1.0,A01
201400054685,1,7,0,0.0,2.0,1.0,9.0,Z01
201400054686,0,10,0,0.0,2.0,1.0,1.0,B01
201400054686,0,10,0,0.0,2.0,2.0,1.0,A01
201400054687,0,32,0,0.0,2.0,1.0,1.0,A01
201400054687,1,7,0,0.0,2.0,3.0,10.0,Z01
201400054688,0,1,0,0.0,2.0,5.0,13.0,A01
201400054688,0,37,1,0.0,2.0,2.0,7.0,B01
201400054689,0,30,0,0.0,2.0,6.0,2.0,A01
201400054689,1,2,0,0.0,2.0,0.0,2.0,Z01
201400054690,0,7,0,0.0,2.0,1.0,15.0,A01
201400054690,0,32,0,0.0,2.0,1.0,1.0,B01
201400054691,0,10,0,0.0,2.0,2.0,22.0,A01
201400054691,0,1,0,0.0,2.0,3.0,1.0,B01
201400054692,0,31,0,0.0,2.0,1.0,1.0,B01
201400054692,0,7,0,0.0,2.0,2.0,10.0,A01
201400054693,0,10,0,0.0,1.0,4.0,4.0,A01
201400054694,0,31,0,0.0,2.0,1.0,12.0,A01
201400054694,0,7,0,0.0,2.0,5.0,14.0,B01
201400054695,0,30,0,0.0,1.0,3.0,1.0,A01
201400054696,0,7,0,0.0,2.0,2.0,14.0,A01
201400054696,0,31,0,0.0,2.0,8.0,1.0,B01
201400054697,0,7,0,0.0,2.0,2.0,15.0,A01
201400054697,0,31,0,0.0,2.0,8.0,1.0,B01
201400054698,0,7,0,0.0,2.0,4.0,2.0,B01
201400054698,0,7,0,0.0,2.0,1.0,2.0,A01
201400054698,0,7,0,0.0,2.0,4.0,2.0,C01
201400054698,0,34,0,0.0,2.0,1.0,2.0,D01
201400054698,1,33,0,0.0,2.0,1.0,2.0,Z01
201400054699,0,33,0,14.0,0.0,1.0,1.0,A01
201400054700,0,1,0,12.0,1.0,1.0,1.0,A01
201400054701,0,7,0,0.0,2.0,4.0,23.0,A01
201400054701,0,10,0,0.0,2.0,1.0,2.0,B01
201400054702,2,7,0,0.0,2.0,2.0,16.0,Z01
201400054702,0,1,0,0.0,2.0,1.0,1.0,A01
201400054703,0,7,0,12.0,0.0,1.0,13.0,A01
201400054704,0,7,0,0.0,2.0,4.0,23.0,C01
201400054704,0,7,0,0.0,2.0,1.0,2.0,A01
201400054704,0,7,0,0.0,2.0,1.0,23.0,B01
201400054705,0,7,0,0.0,2.0,3.0,1.0,B01
201400054705,0,31,0,0.0,2.0,1.0,15.0,A01
201400054706,0,30,0,0.0,1.0,2.0,1.0,A01
201400054707,0,7,0,0.0,2.0,1.0,1.0,A01
201400054707,0,32,0,0.0,2.0,4.0,23.0,B01
201400054708,1,33,0,0.0,2.0,8.0,13.0,Z01
201400054708,0,33,0,0.0,2.0,8.0,1.0,A01
201400054709,0,33,0,0.0,2.0,1.0,1.0,A01
201400054709,0,7,0,0.0,2.0,6.0,23.0,B01
201400054710,0,7,0,0.0,1.0,3.0,1.0,A01
201400054711,0,7,0,8.0,0.0,1.0,13.0,A01
201400054712,1,2,0,0.0,1.0,1.0,1.0,Z01
201400054713,0,7,0,0.0,2.0,4.0,23.0,B01
201400054713,0,33,0,0.0,2.0,1.0,2.0,A01
201400054714,0,30,0,0.0,0.0,7.0,1.0,A01
201400054715,0,7,0,0.0,2.0,3.0,15.0,B01
201400054715,0,2,0,0.0,2.0,8.0,1.0,A01
201400054716,0,34,0,0.0,2.0,1.0,1.0,A01
201400054716,0,1,0,0.0,2.0,4.0,23.0,B01
201400054717,0,7,0,0.0,2.0,8.0,15.0,B01
201400054717,0,33,0,0.0,2.0,0.0,17.0,A01
201400054718,0,32,0,0.0,2.0,1.0,1.0,A01
201400054718,0,7,0,0.0,2.0,5.0,23.0,B01
201400054719,0,30,0,0.0,1.0,1.0,1.0,A01
201400054720,0,10,0,0.0,2.0,6.0,23.0,C01
201400054720,0,34,0,0.0,2.0,1.0,1.0,B01
201400054720,0,7,0,0.0,2.0,2.0,10.0,A01
201400054721,1,7,0,0.0,1.0,1.0,15.0,Z01
201400054722,0,30,0,0.0,1.0,1.0,1.0,A01
201400054723,0,1,0,0.0,1.0,1.0,1.0,A01
201400054724,0,7,0,0.0,1.0,7.0,1.0,A01
201400054725,0,30,0,0.0,0.0,2.0,7.0,A01
201400054726,0,36,0,1.0,0.0,1.0,14.0,A01
201400054727,0,10,0,0.0,1.0,2.0,1.0,A01
201400054728,2,7,0,0.0,1.0,1.0,9.0,Z01
201400054729,0,30,0,0.0,1.0,1.0,17.0,A01
201400054730,0,7,0,0.0,1.0,5.0,1.0,A01
201400054731,0,7,0,0.0,2.0,1.0,15.0,B01
201400054731,0,1,0,0.0,2.0,3.0,1.0,A01
201400054732,0,2,0,7.0,0.0,0.0,1.0,A01
201400054733,0,7,0,0.0,2.0,3.0,10.0,A01
201400054733,0,30,0,0.0,2.0,7.0,1.0,B01
201400054734,0,7,0,0.0,2.0,1.0,1.0,A01
201400054734,0,7,0,0.0,2.0,4.0,23.0,B01
201400054735,1,7,0,0.0,2.0,0.0,15.0,Z01
201400054735,0,30,0,0.0,2.0,3.0,1.0,A01
201400054736,0,33,0,0.0,1.0,1.0,15.0,A01
201400054737,0,7,0,4.0,0.0,2.0,13.0,A01
201400054738,0,1,0,0.0,2.0,1.0,1.0,A01
201400054738,0,7,0,0.0,2.0,2.0,1.0,B01
201400054739,0,32,0,0.0,2.0,1.0,1.0,B01
201400054739,0,7,0,0.0,2.0,5.0,15.0,A01
201400054740,0,2,0,0.0,1.0,1.0,1.0,A01
201400054741,0,7,0,0.0,1.0,3.0,15.0,A01
201400054742,1,7,0,0.0,1.0,1.0,9.0,Z01
201400054743,1,7,0,0.0,1.0,0.0,1.0,Z01
201400054744,0,33,0,0.0,1.0,0.0,1.0,A01
201400054745,0,1,0,0.0,2.0,2.0,1.0,B01
201400054745,0,7,0,0.0,2.0,3.0,18.0,A01
201400054746,0,7,0,0.0,1.0,1.0,7.0,A01
201400054747,0,2,0,0.0,0.0,0.0,7.0,A01
201400054748,0,7,0,0.0,1.0,1.0,17.0,A01
201400054749,1,7,0,0.0,1.0,0.0,1.0,Z01
201400054750,0,30,0,0.0,1.0,3.0,5.0,A01
201400054751,0,33,0,0.0,2.0,5.0,17.0,B01
201400054751,0,13,0,0.0,2.0,3.0,15.0,A01
201400054752,0,32,0,0.0,0.0,7.0,1.0,A01
201400054753,0,7,0,0.0,0.0,6.0,23.0,A01
201400054753,0,32,0,0.0,2.0,2.0,1.0,B01
201400054754,0,7,0,0.0,1.0,1.0,1.0,A01
201400054755,0,7,0,0.0,1.0,1.0,15.0,A01
201400054756,1,7,0,0.0,1.0,0.0,16.0,Z01
201400054757,0,33,0,0.0,1.0,3.0,1.0,A01
201400054758,0,33,0,0.0,1.0,0.0,1.0,A01
201400054759,1,2,0,0.0,1.0,1.0,1.0,Z01
201400054760,1,7,0,0.0,1.0,0.0,16.0,Z01
201400054761,0,32,0,0.0,1.0,2.0,1.0,A01
201400054762,0,34,0,0.0,2.0,3.0,1.0,A01
201400054762,0,37,1,0.0,2.0,3.0,9.0,B01
201400054763,0,7,0,0.0,1.0,3.0,1.0,A01
201400054764,0,33,0,0.0,1.0,1.0,5.0,A01
201400054765,0,7,0,0.0,2.0,1.0,2.0,A01
201400054765,0,10,0,0.0,2.0,4.0,23.0,B01
201400054766,0,1,0,0.0,0.0,0.0,1.0,A01
201400054767,0,7,0,0.0,1.0,2.0,1.0,A01
201400054768,0,31,0,0.0,1.0,1.0,1.0,A01
201400054769,0,7,0,0.0,2.0,0.0,22.0,A01
201400054769,0,1,0,0.0,2.0,0.0,1.0,B01
201400054770,0,34,0,0.0,1.0,1.0,1.0,A01
201400054771,0,32,0,0.0,0.0,3.0,1.0,B01
201400054771,0,7,0,0.0,0.0,7.0,1.0,A01
201400054772,0,1,0,0.0,2.0,1.0,9.0,B01
201400054772,0,7,0,0.0,2.0,2.0,1.0,A01
201400054773,0,31,0,0.0,0.0,7.0,1.0,A01
201400054774,0,2,0,12.0,0.0,1.0,16.0,A01
201400054775,0,32,0,0.0,0.0,3.0,1.0,A01
201400054776,0,7,0,0.0,1.0,1.0,1.0,A01
201400054777,0,10,0,0.0,2.0,2.0,2.0,A01
201400054777,0,7,0,0.0,2.0,6.0,23.0,B01
201400054778,0,7,0,0.0,1.0,2.0,16.0,A01
201400054779,0,7,0,2.0,0.0,2.0,14.0,A01
201400054780,0,33,0,0.0,2.0,1.0,1.0,B01
201400054780,0,7,0,0.0,2.0,2.0,5.0,A01
201400054781,0,2,0,0.0,2.0,1.0,18.0,A01
201400054781,0,7,0,0.0,2.0,5.0,15.0,B01
201400054782,0,31,0,0.0,2.0,2.0,17.0,B01
201400054782,0,10,0,0.0,2.0,3.0,13.0,A01
201400054783,0,2,0,0.0,0.0,0.0,1.0,A01
201400054784,0,7,0,0.0,2.0,8.0,1.0,B01
201400054784,0,7,0,0.0,2.0,1.0,1.0,A01
201400054785,0,10,0,0.0,2.0,7.0,16.0,A01
201400054785,0,1,0,0.0,2.0,8.0,1.0,B01
201400054786,0,32,0,0.0,0.0,2.0,1.0,A01
201400054787,0,10,0,0.0,1.0,3.0,1.0,A01
201400054788,0,33,0,0.0,0.0,0.0,1.0,A01
201400054789,0,32,0,0.0,0.0,0.0,21.0,A01
201400054790,0,30,0,0.0,1.0,1.0,17.0,A01
201400054791,0,7,0,0.0,2.0,1.0,2.0,A01
201400054791,0,33,0,0.0,2.0,4.0,23.0,B01
201400054792,0,7,0,0.0,1.0,3.0,1.0,A01
201400054793,0,7,0,0.0,2.0,2.0,1.0,A01
201400054793,0,1,0,0.0,2.0,8.0,13.0,B01
201400054794,0,31,0,0.0,2.0,2.0,1.0,B01
201400054794,0,7,0,0.0,2.0,1.0,15.0,A01
201400054795,0,7,0,0.0,2.0,8.0,1.0,C01
201400054795,0,7,0,0.0,2.0,1.0,2.0,A01
201400054795,0,30,0,0.0,2.0,4.0,23.0,B01
201400054796,0,37,1,0.0,1.0,5.0,7.0,A01
201400054797,0,7,0,0.0,1.0,1.0,1.0,A01
201400054798,0,7,0,0.0,2.0,3.0,5.0,A01
201400054798,0,1,0,0.0,2.0,1.0,1.0,B01
201400054799,0,32,0,0.0,1.0,3.0,1.0,A01
201400054800,0,2,0,0.0,2.0,1.0,1.0,B01
201400054800,0,3,0,0.0,2.0,7.0,1.0,A01
201400054801,0,2,0,0.0,0.0,7.0,1.0,A01
201400054802,0,7,0,8.0,1.0,1.0,15.0,A01
201400054802,0,10,0,0.0,2.0,3.0,1.0,B01
201400054803,0,1,0,0.0,1.0,1.0,5.0,A01
201400054804,0,7,0,0.0,1.0,4.0,4.0,A01
201400054805,1,10,0,0.0,2.0,1.0,1.0,A01
201400054805,0,7,0,0.0,2.0,4.0,10.0,B01
201400054806,0,33,0,0.0,1.0,1.0,1.0,A01
201400054807,0,7,0,0.0,2.0,2.0,15.0,A01
201400054807,0,1,0,0.0,2.0,1.0,1.0,B01
201400054808,0,2,0,0.0,2.0,1.0,1.0,A01
201400054808,0,7,0,0.0,2.0,4.0,23.0,B01
201400054809,0,7,0,0.0,2.0,2.0,1.0,A01
201400054809,0,1,0,0.0,2.0,6.0,1.0,B01
201400054810,2,7,0,1.0,0.0,1.0,1.0,A01
201400054811,0,7,0,0.0,1.0,1.0,1.0,A01
201400054812,0,1,0,14.0,0.0,1.0,1.0,A01
201400054813,0,7,0,0.0,1.0,2.0,1.0,A01
201400054814,0,1,0,12.0,0.0,1.0,16.0,A01
201400054815,0,2,0,0.0,1.0,1.0,1.0,A01
201400054816,0,7,0,0.0,2.0,1.0,1.0,A01
201400054816,0,7,0,9.0,2.0,1.0,1.0,B01
201400054817,0,1,0,0.0,2.0,4.0,1.0,B01
201400054817,0,32,0,0.0,2.0,1.0,1.0,A01
201400054818,0,7,0,0.0,2.0,8.0,1.0,B01
201400054818,0,7,0,0.0,2.0,1.0,1.0,A01
201400054819,0,7,0,0.0,2.0,5.0,9.0,A01
201400054819,0,34,0,0.0,2.0,3.0,1.0,B01
201400054820,0,2,0,0.0,0.0,0.0,0.0,A01
201400054821,0,7,0,0.0,2.0,2.0,1.0,A01
201400054821,0,2,0,0.0,2.0,6.0,18.0,B01
201400054822,0,30,0,0.0,2.0,3.0,1.0,A01
201400054822,1,7,0,0.0,2.0,0.0,15.0,Z01
201400054823,0,1,0,0.0,2.0,2.0,7.0,B01
201400054823,0,10,0,0.0,2.0,3.0,22.0,A01
201400054824,0,7,0,11.0,0.0,1.0,14.0,A01
201400054825,0,33,0,1.0,2.0,2.0,1.0,A01
201400054825,0,10,0,0.0,2.0,3.0,1.0,C01
201400054825,0,7,0,0.0,2.0,1.0,1.0,B01
201400054826,0,30,0,0.0,2.0,1.0,1.0,A01
201400054826,0,7,0,0.0,2.0,8.0,1.0,B01
201400054827,0,31,0,0.0,0.0,8.0,1.0,A01
201400054828,0,7,0,0.0,2.0,4.0,1.0,A01
201400054828,0,7,0,0.0,2.0,4.0,1.0,B01
201400054829,0,38,1,0.0,1.0,2.0,1.0,A01
201400054830,0,32,0,0.0,1.0,1.0,1.0,A01
201400054831,0,7,0,0.0,1.0,3.0,1.0,A01
201400054832,1,10,0,0.0,1.0,1.0,1.0,A01
201400054833,0,7,0,0.0,2.0,7.0,16.0,B01
201400054833,0,31,0,0.0,2.0,3.0,18.0,A01
201400054834,0,2,0,0.0,1.0,1.0,1.0,A01
201400054835,0,7,0,0.0,2.0,0.0,1.0,B01
201400054835,0,7,0,1.0,2.0,2.0,1.0,A01
201400054836,0,32,0,0.0,2.0,1.0,1.0,A01
201400054836,0,7,0,0.0,2.0,3.0,15.0,B01
201400054837,0,2,0,0.0,0.0,1.0,1.0,A01
201400054838,0,30,0,0.0,2.0,1.0,5.0,B01
201400054838,0,7,0,0.0,2.0,3.0,10.0,A01
201400054839,1,10,0,0.0,2.0,2.0,14.0,Z01
201400054839,0,1,0,0.0,2.0,8.0,1.0,A01
201400054840,0,7,0,8.0,0.0,1.0,1.0,A01
201400054841,0,7,0,0.0,2.0,2.0,15.0,A01
201400054841,0,1,0,0.0,2.0,3.0,7.0,B01
201400054842,0,7,0,0.0,2.0,2.0,1.0,A01
201400054842,0,32,0,0.0,2.0,1.0,1.0,B01
201400054843,0,33,0,0.0,2.0,1.0,1.0,B01
201400054843,0,7,0,0.0,2.0,3.0,15.0,A01
201400054844,0,1,0,0.0,2.0,2.0,1.0,A01
201400054844,0,33,0,0.0,2.0,4.0,23.0,B01
201400054845,0,32,0,0.0,0.0,0.0,1.0,A01
201400054846,0,10,0,0.0,2.0,5.0,16.0,B01
201400054846,0,2,0,0.0,2.0,8.0,18.0,A01
201400054847,0,7,0,0.0,1.0,2.0,1.0,A01
201400054848,0,30,0,0.0,2.0,7.0,1.0,B01
201400054848,0,7,0,0.0,2.0,5.0,15.0,A01
201400054849,0,30,0,0.0,0.0,0.0,1.0,A01
201400054850,0,13,0,0.0,1.0,6.0,1.0,A01
201400054851,0,7,0,11.0,0.0,1.0,1.0,A01
201400054852,0,34,0,8.0,2.0,2.0,17.0,A01
201400054852,0,7,0,0.0,2.0,8.0,13.0,B01
201400054853,0,30,0,12.0,0.0,0.0,21.0,A01
201400054854,0,2,0,0.0,1.0,1.0,5.0,A01
201400054855,1,7,0,0.0,1.0,0.0,1.0,Z01
201400054856,0,30,0,0.0,2.0,3.0,1.0,A01
201400054856,0,7,0,0.0,2.0,2.0,1.0,B01
201400054857,0,1,0,0.0,2.0,1.0,17.0,A01
201400054857,0,7,0,0.0,2.0,3.0,1.0,B01
201400054858,0,1,0,0.0,2.0,1.0,2.0,B01
201400054858,0,7,0,0.0,2.0,3.0,22.0,A01
201400054859,0,10,0,0.0,2.0,5.0,2.0,B01
201400054859,0,31,0,0.0,2.0,1.0,2.0,A01
201400054860,1,7,0,0.0,1.0,7.0,4.0,Z01
201400054861,0,7,0,0.0,2.0,4.0,2.0,C01
201400054861,0,7,0,0.0,2.0,0.0,2.0,B01
201400054861,0,7,0,0.0,2.0,1.0,2.0,A01
201400054862,0,10,0,0.0,1.0,3.0,15.0,A01
201400054863,0,33,0,0.0,2.0,2.0,15.0,B01
201400054863,0,31,0,0.0,2.0,7.0,1.0,A01
201400054864,0,1,0,0.0,2.0,5.0,1.0,B01
201400054864,0,7,0,0.0,2.0,2.0,1.0,A01
201400054865,0,7,0,15.0,2.0,2.0,1.0,A01
201400054865,0,7,0,0.0,2.0,3.0,16.0,B01
201400054866,0,32,0,0.0,2.0,2.0,1.0,A01
201400054866,0,33,0,0.0,2.0,8.0,23.0,B01
201400054867,0,7,0,0.0,1.0,1.0,15.0,A01
201400054868,0,1,0,0.0,1.0,1.0,1.0,A01
201400054869,0,30,0,0.0,2.0,8.0,9.0,B01
201400054869,0,33,0,0.0,2.0,1.0,1.0,A01
201400054870,0,33,0,0.0,0.0,0.0,21.0,A01
201400054871,0,32,0,0.0,0.0,7.0,21.0,A01
201400054872,0,32,0,0.0,1.0,2.0,1.0,A01
201400054873,0,10,0,0.0,1.0,3.0,15.0,A01
201400054874,0,7,0,0.0,1.0,6.0,4.0,A01
201400054875,0,33,0,0.0,1.0,1.0,17.0,A01
201400054875,0,7,0,0.0,2.0,3.0,15.0,B01
201400054876,0,2,0,0.0,0.0,7.0,1.0,A01
201400054877,0,34,0,4.0,0.0,8.0,13.0,A01
201400054878,0,7,0,0.0,2.0,3.0,1.0,A01
201400054878,0,7,0,0.0,2.0,2.0,1.0,B01
201400054879,0,33,0,0.0,1.0,1.0,1.0,A01
201400054880,0,30,0,0.0,1.0,8.0,1.0,A01
201400054881,0,7,0,0.0,2.0,3.0,15.0,B01
201400054881,0,34,0,0.0,2.0,5.0,17.0,A01
201400054882,0,10,0,0.0,1.0,4.0,4.0,A01
201400054883,0,34,0,0.0,1.0,3.0,17.0,A01
201400054884,0,7,0,0.0,2.0,3.0,22.0,A01
201400054884,0,1,0,1.0,2.0,7.0,1.0,B01
201400054885,0,7,0,0.0,2.0,6.0,1.0,B01
201400054885,0,32,0,0.0,2.0,2.0,1.0,A01
201400054886,0,10,0,0.0,2.0,3.0,13.0,A01
201400054886,0,33,0,0.0,2.0,7.0,17.0,B01
201400054887,0,7,0,0.0,2.0,7.0,15.0,A01
201400054887,0,7,0,0.0,2.0,2.0,16.0,B01
201400054888,0,31,0,0.0,1.0,1.0,1.0,A01
201400054889,0,7,0,0.0,1.0,0.0,1.0,A01
201400054890,0,7,0,0.0,1.0,1.0,15.0,A01
201400054891,0,30,0,0.0,0.0,8.0,1.0,A01
201400054892,0,33,0,0.0,0.0,3.0,1.0,A01
201400054893,0,1,0,0.0,2.0,1.0,18.0,B01
201400054893,0,7,0,0.0,2.0,7.0,22.0,A01
201400054894,0,1,0,0.0,0.0,1.0,1.0,A01
201400054895,0,10,0,0.0,2.0,1.0,2.0,A01
201400054895,0,7,0,0.0,2.0,6.0,2.0,B01
201400054896,0,7,0,0.0,2.0,7.0,16.0,A01
201400054896,0,33,0,0.0,2.0,8.0,1.0,B01
201400054897,0,34,0,0.0,1.0,1.0,1.0,A01
201400054898,0,10,0,0.0,1.0,3.0,15.0,A01
201400054899,0,33,0,0.0,2.0,8.0,17.0,A01
201400054899,0,7,0,0.0,2.0,0.0,15.0,B01
201400054900,0,32,0,0.0,0.0,0.0,1.0,A01
201400054901,0,7,0,0.0,2.0,3.0,2.0,A01
201400054901,0,7,0,0.0,1.0,1.0,23.0,B01
201400054902,0,1,0,0.0,2.0,1.0,1.0,B01
201400054902,0,7,0,0.0,2.0,7.0,16.0,A01
201400054903,0,1,0,0.0,0.0,0.0,1.0,A01
201400054904,0,7,0,0.0,2.0,4.0,2.0,B01
201400054904,0,7,0,0.0,2.0,1.0,23.0,A01
201400054905,0,30,0,0.0,0.0,0.0,1.0,A01
201400054906,0,7,0,0.0,2.0,3.0,15.0,A01
201400054906,0,31,0,0.0,2.0,1.0,1.0,B01
201400054907,0,2,0,0.0,2.0,1.0,5.0,B01
201400054907,0,7,0,0.0,2.0,3.0,15.0,A01
201400054908,0,30,0,7.0,0.0,1.0,13.0,A01
201400054909,0,37,13,14.0,2.0,3.0,1.0,B01
201400054909,0,7,0,0.0,2.0,2.0,1.0,A01
201400054910,0,7,0,11.0,0.0,1.0,14.0,A01
201400054911,0,7,0,14.0,0.0,1.0,13.0,A01
201400054912,0,10,0,0.0,1.0,2.0,15.0,A01
201400054913,0,32,0,0.0,2.0,3.0,1.0,B01
201400054913,0,7,0,0.0,2.0,2.0,15.0,A01
201400054914,0,7,0,0.0,2.0,2.0,16.0,A01
201400054914,0,1,0,0.0,2.0,8.0,7.0,B01
201400054915,0,7,0,0.0,2.0,8.0,1.0,B01
201400054915,0,34,0,0.0,2.0,6.0,17.0,A01
201400054916,0,33,0,8.0,0.0,3.0,1.0,A01
201400054917,0,7,0,0.0,1.0,3.0,4.0,A01
201400054918,0,7,0,0.0,1.0,2.0,1.0,A01
201400054919,0,1,0,9.0,1.0,0.0,1.0,A01
201400054920,0,31,0,0.0,2.0,1.0,16.0,A01
201400054920,0,7,0,0.0,2.0,3.0,1.0,B01
201400054921,0,7,0,0.0,1.0,1.0,1.0,A01
201400054922,0,7,0,0.0,1.0,4.0,4.0,A01
201400054923,0,1,0,0.0,2.0,1.0,15.0,A01
201400054923,0,34,0,0.0,2.0,1.0,1.0,B01
201400054924,0,1,0,0.0,2.0,1.0,1.0,B01
201400054924,0,7,0,0.0,2.0,1.0,1.0,A01
201400054925,0,7,0,0.0,1.0,5.0,4.0,A01
201400054926,0,33,0,0.0,2.0,8.0,3.0,B01
201400054926,0,7,0,0.0,2.0,7.0,12.0,A01
201400054927,0,10,0,0.0,1.0,2.0,16.0,A01
201400054928,0,2,0,0.0,1.0,1.0,1.0,A01
201400054929,0,1,0,0.0,2.0,1.0,7.0,B01
201400054929,0,7,0,0.0,2.0,2.0,15.0,A01
201400054930,0,7,0,0.0,2.0,9.0,23.0,B01
201400054930,0,7,0,0.0,2.0,4.0,23.0,C01
201400054930,0,7,0,0.0,2.0,1.0,1.0,A01
201400054931,0,32,0,0.0,2.0,7.0,1.0,B01
201400054931,0,7,0,0.0,2.0,8.0,11.0,A01