Num_Acc,senc,catv,occutc,obs,obsm,choc,manv,num_veh
201400054932,0,7,0,0.0,2.0,1.0,2.0,A01
201400054932,0,33,0,0.0,2.0,4.0,23.0,B01
201400054933,0,7,0,0.0,2.0,3.0,1.0,B01
201400054933,0,37,1,0.0,2.0,2.0,1.0,A01
201400054934,0,33,0,0.0,2.0,4.0,23.0,B01
201400054934,0,33,0,0.0,2.0,1.0,2.0,A01
201400054935,0,7,0,7.0,0.0,1.0,1.0,A01
201400054936,0,7,0,1.0,1.0,3.0,1.0,A01
201400054937,0,1,0,0.0,0.0,7.0,21.0,A01
201400054938,0,33,0,0.0,9.0,8.0,1.0,A01
201400054939,0,33,0,0.0,1.0,1.0,1.0,A01
201400054940,0,37,15,7.0,1.0,2.0,7.0,A01
201400054941,0,1,0,0.0,2.0,8.0,1.0,B01
201400054941,0,10,0,0.0,2.0,2.0,16.0,A01
201400054942,1,10,0,0.0,2.0,3.0,10.0,Z01
201400054942,0,32,0,0.0,2.0,2.0,1.0,B01
201400054943,0,7,0,0.0,2.0,6.0,20.0,A01
201400054943,0,30,0,0.0,2.0,1.0,1.0,B01
201400054944,0,1,0,0.0,2.0,2.0,1.0,A01
201400054944,1,7,0,0.0,2.0,2.0,17.0,Z01
201400054945,0,7,0,0.0,2.0,2.0,16.0,A01
201400054945,0,1,0,0.0,2.0,7.0,19.0,B01
201400054946,0,10,0,0.0,1.0,3.0,15.0,A01
201400054947,0,30,0,0.0,2.0,8.0,1.0,A01
201400054947,0,10,0,0.0,2.0,5.0,1.0,B01
201400054948,0,7,0,0.0,2.0,7.0,16.0,A01
201400054948,0,1,0,0.0,2.0,3.0,1.0,B01
201400054949,0,2,0,0.0,0.0,8.0,14.0,A01
201400054950,0,7,0,0.0,1.0,1.0,1.0,A01
201400054951,0,7,0,1.0,2.0,1.0,1.0,A01
201400054951,0,7,0,0.0,2.0,4.0,23.0,B01
201400054952,0,34,0,0.0,1.0,2.0,1.0,A01
201400054953,0,34,0,0.0,2.0,6.0,1.0,A01
201400054953,0,7,0,0.0,2.0,6.0,23.0,B01
201400054954,0,30,0,0.0,0.0,0.0,1.0,A01
201400054955,0,7,0,0.0,2.0,4.0,23.0,B01
201400054955,0,1,0,0.0,2.0,1.0,11.0,A01
201400054956,0,30,0,0.0,2.0,1.0,3.0,A01
201400054956,0,7,0,0.0,2.0,5.0,23.0,B01
201400054957,0,32,0,0.0,2.0,3.0,18.0,B01
201400054957,0,10,0,0.0,2.0,2.0,16.0,A01
201400054958,0,7,0,12.0,0.0,1.0,13.0,A01
201400054959,0,1,0,0.0,2.0,1.0,13.0,A01
201400054959,0,7,0,0.0,2.0,3.0,1.0,B01
201400054960,0,1,0,0.0,2.0,8.0,7.0,B01
201400054960,0,7,0,0.0,2.0,7.0,17.0,A01
201400054961,0,2,0,0.0,0.0,7.0,1.0,A01
201400054962,0,7,0,0.0,1.0,2.0,15.0,A01
201400054963,0,32,0,0.0,2.0,1.0,1.0,B01
201400054963,0,31,0,0.0,2.0,1.0,1.0,C01
201400054963,0,1,0,0.0,2.0,1.0,1.0,A01
201400054964,0,31,0,0.0,2.0,4.0,2.0,B01
201400054964,0,7,0,0.0,2.0,3.0,2.0,A01
201400054965,0,7,0,0.0,1.0,1.0,15.0,A01
201400054966,0,33,0,0.0,2.0,2.0,2.0,B01
201400054966,0,31,0,0.0,2.0,1.0,2.0,A01
201400054967,1,33,0,0.0,1.0,1.0,1.0,Z01
201400054968,0,10,0,0.0,2.0,2.0,16.0,A01
201400054968,0,31,0,1.0,2.0,6.0,1.0,B01
201400054969,0,33,0,0.0,2.0,7.0,1.0,A01
201400054969,1,7,0,0.0,2.0,0.0,10.0,Z01
201400054970,0,7,0,0.0,2.0,1.0,15.0,B01
201400054970,0,31,0,0.0,2.0,1.0,1.0,A01
201400054971,0,13,0,0.0,2.0,0.0,16.0,A01
201400054971,0,1,0,0.0,2.0,0.0,19.0,B01
201400054972,0,7,0,0.0,2.0,6.0,23.0,B01
201400054972,0,33,0,0.0,2.0,1.0,2.0,A01
201400054973,0,10,0,0.0,2.0,3.0,1.0,B01
201400054973,0,33,0,0.0,2.0,3.0,13.0,A01
201400054974,0,2,0,0.0,2.0,2.0,17.0,A01
201400054974,0,7,0,0.0,2.0,1.0,9.0,B01
201400054975,0,30,0,1.0,2.0,3.0,15.0,A01
201400054975,0,7,0,0.0,2.0,2.0,1.0,B01
201400054976,0,7,0,0.0,2.0,1.0,2.0,B01
201400054976,0,7,0,0.0,2.0,4.0,23.0,C01
201400054976,0,7,0,0.0,2.0,2.0,2.0,A01
201400054977,0,7,0,0.0,2.0,3.0,15.0,A01
201400054977,0,32,0,0.0,2.0,2.0,17.0,B01
201400054978,0,33,0,0.0,0.0,0.0,1.0,A01
201400054979,0,7,0,11.0,0.0,1.0,1.0,A01
201400054980,0,31,0,0.0,2.0,7.0,2.0,A01
201400054980,0,13,0,0.0,2.0,8.0,15.0,B01
201400054981,0,33,0,0.0,2.0,8.0,23.0,B01
201400054981,0,13,0,0.0,2.0,7.0,14.0,A01
201400054982,0,30,0,0.0,0.0,8.0,21.0,A01
201400054983,0,32,0,0.0,2.0,1.0,16.0,B01
201400054983,0,7,0,0.0,2.0,2.0,15.0,A01
201400054984,0,10,0,0.0,2.0,2.0,1.0,A01
201400054984,0,7,0,0.0,2.0,8.0,1.0,B01
201400054985,0,1,0,0.0,1.0,0.0,1.0,A01
201400054986,0,10,0,0.0,1.0,2.0,16.0,A01
201400054987,0,7,0,0.0,2.0,3.0,1.0,B01
201400054987,0,34,0,0.0,2.0,1.0,17.0,A01
201400054988,0,7,0,0.0,2.0,1.0,1.0,A01
201400054988,0,7,0,0.0,2.0,4.0,23.0,B01
201400054989,0,7,0,0.0,1.0,0.0,1.0,A01
201400054990,0,1,0,15.0,0.0,7.0,1.0,A01
201400054991,0,7,0,4.0,0.0,2.0,1.0,A01
201400054992,0,2,0,0.0,2.0,2.0,17.0,A01
201400054992,0,7,0,0.0,2.0,3.0,15.0,B01
201400054993,1,7,0,0.0,1.0,0.0,15.0,Z01
201400054994,0,31,0,0.0,0.0,0.0,18.0,A01
201400054995,0,33,0,0.0,1.0,0.0,5.0,A01
201400054996,0,7,0,0.0,1.0,1.0,15.0,A01
201400054997,0,7,0,0.0,2.0,6.0,11.0,A01
201400054997,0,33,0,0.0,2.0,7.0,3.0,B01
201400054998,0,30,0,0.0,0.0,7.0,16.0,A01
201400054999,0,10,0,0.0,1.0,4.0,4.0,A01
201400055000,0,7,0,0.0,2.0,4.0,23.0,B01
201400055000,0,7,0,0.0,2.0,1.0,2.0,A01
201400055001,0,2,0,0.0,2.0,3.0,15.0,A01
201400055001,0,7,0,0.0,2.0,7.0,1.0,B01
201400055002,0,1,0,0.0,2.0,1.0,15.0,A01
201400055002,1,7,0,0.0,2.0,2.0,1.0,Z01
201400055003,0,10,0,0.0,2.0,2.0,16.0,A01
201400055003,0,1,0,0.0,2.0,3.0,1.0,B01
201400055004,0,31,0,0.0,2.0,7.0,1.0,B01
201400055004,0,7,0,0.0,2.0,1.0,9.0,A01
201400055005,0,33,0,0.0,0.0,0.0,1.0,A01
201400055006,0,1,0,0.0,2.0,1.0,1.0,B01
201400055006,0,7,0,0.0,2.0,1.0,15.0,A01
201400055007,0,7,0,11.0,0.0,1.0,1.0,A01
201400055008,0,7,0,0.0,1.0,2.0,7.0,A01
201400055009,0,33,0,0.0,1.0,2.0,1.0,A01
201400055010,0,7,0,0.0,2.0,1.0,1.0,B01
201400055010,0,30,0,0.0,2.0,6.0,1.0,A01
201400055011,0,32,0,0.0,2.0,3.0,1.0,B01
201400055011,0,7,0,0.0,2.0,2.0,16.0,A01
201400055012,0,7,0,0.0,1.0,3.0,15.0,A01
201400055013,0,30,0,0.0,1.0,1.0,1.0,A01
201400055014,0,10,0,0.0,2.0,0.0,15.0,B01
201400055014,0,2,0,0.0,2.0,0.0,15.0,A01
201400055015,0,7,0,0.0,1.0,3.0,15.0,A01
201400055016,0,7,0,0.0,2.0,8.0,15.0,A01
201400055016,0,33,0,0.0,2.0,1.0,1.0,B01
201400055017,0,7,0,0.0,2.0,2.0,1.0,C01
201400055017,0,7,0,0.0,2.0,3.0,22.0,A01
201400055017,0,1,0,1.0,2.0,7.0,1.0,B01
201400055018,0,7,0,0.0,1.0,1.0,15.0,A01
201400055019,0,7,0,0.0,1.0,4.0,4.0,A01
201400055020,0,37,10,0.0,0.0,0.0,1.0,A01
201400055021,0,7,0,0.0,2.0,5.0,4.0,A01
201400055021,0,34,0,0.0,2.0,2.0,1.0,B01
201400055022,1,7,0,0.0,2.0,1.0,15.0,Z01
201400055022,0,32,0,0.0,2.0,8.0,16.0,A01
201400055023,0,7,0,6.0,1.0,2.0,14.0,A01
201400055024,0,7,0,0.0,2.0,7.0,15.0,A01
201400055024,0,32,0,0.0,2.0,2.0,1.0,B01
201400055025,0,7,0,0.0,2.0,6.0,11.0,A01
201400055025,0,32,0,0.0,2.0,1.0,1.0,B01
201400055026,0,7,0,0.0,2.0,6.0,10.0,A01
201400055026,0,33,0,0.0,2.0,2.0,1.0,B01
201400055027,0,7,0,0.0,2.0,3.0,9.0,B01
201400055027,0,33,0,0.0,2.0,1.0,1.0,A01
201400055028,0,7,0,0.0,2.0,3.0,15.0,A01
201400055028,0,31,0,0.0,2.0,2.0,17.0,B01
201400055029,0,7,0,0.0,0.0,5.0,16.0,B01
201400055029,0,34,0,0.0,0.0,5.0,18.0,A01
201400055030,0,7,0,0.0,2.0,5.0,16.0,A01
201400055030,0,32,0,0.0,2.0,0.0,1.0,B01
201400055031,0,30,0,0.0,2.0,7.0,17.0,B01
201400055031,0,7,0,0.0,2.0,3.0,13.0,A01
201400055032,0,10,0,0.0,1.0,8.0,15.0,A01
201400055033,1,7,0,0.0,1.0,1.0,1.0,Z01
201400055034,0,31,0,0.0,2.0,1.0,1.0,B01
201400055034,0,7,0,0.0,2.0,3.0,9.0,A01
201400055035,0,31,0,0.0,2.0,0.0,1.0,A01
201400055035,0,33,0,0.0,2.0,0.0,15.0,B01
201400055036,0,7,0,15.0,0.0,9.0,14.0,A01
201400055037,0,7,0,0.0,2.0,2.0,1.0,A01
201400055037,0,34,0,0.0,2.0,4.0,1.0,B01
201400055038,0,7,0,0.0,1.0,1.0,1.0,A01
201400055039,0,37,1,0.0,0.0,8.0,1.0,B01
201400055039,0,32,0,0.0,0.0,3.0,14.0,A01
201400055040,0,30,0,0.0,2.0,1.0,1.0,B01
201400055040,0,7,0,0.0,2.0,5.0,15.0,A01
201400055041,0,7,0,0.0,2.0,5.0,22.0,A01
201400055041,0,31,0,0.0,2.0,3.0,18.0,B01
201400055042,0,32,0,0.0,1.0,8.0,1.0,A01
201400055043,0,7,0,0.0,1.0,3.0,15.0,A01
201400055044,0,34,0,0.0,0.0,3.0,2.0,A01
201400055045,0,7,0,0.0,2.0,7.0,15.0,A01
201400055045,0,32,0,0.0,2.0,3.0,17.0,B01
201400055046,0,32,0,16.0,0.0,6.0,16.0,A01
201400055047,0,10,0,0.0,1.0,1.0,15.0,A01
201400055048,0,10,0,0.0,1.0,2.0,15.0,A01
201400055049,0,7,0,0.0,2.0,2.0,1.0,A01
201400055049,0,7,0,0.0,2.0,3.0,1.0,B01
201400055050,0,10,0,0.0,1.0,2.0,15.0,A01
201400055051,0,7,0,0.0,1.0,8.0,16.0,A01
201400055052,0,10,0,0.0,1.0,7.0,1.0,A01
201400055053,0,31,0,0.0,2.0,4.0,23.0,B01
201400055053,0,7,0,0.0,2.0,2.0,2.0,A01
201400055054,0,33,0,0.0,0.0,5.0,1.0,A01
201400055055,0,7,0,0.0,1.0,3.0,16.0,A01
201400055056,0,7,0,0.0,2.0,8.0,15.0,A01
201400055056,0,32,0,0.0,2.0,7.0,17.0,B01
201400055057,0,10,0,0.0,1.0,3.0,1.0,A01
201400055058,0,7,0,0.0,1.0,3.0,1.0,A01
201400055059,0,32,0,0.0,2.0,8.0,15.0,A01
201400055059,1,30,0,0.0,2.0,1.0,1.0,Z01
201400055060,1,7,0,1.0,1.0,4.0,4.0,Z01
201400055061,0,7,0,0.0,2.0,8.0,15.0,A01
201400055061,0,30,0,0.0,2.0,2.0,5.0,B01
201400055062,0,30,0,1.0,0.0,2.0,17.0,B01
201400055062,0,7,0,0.0,2.0,8.0,22.0,A01
201400055063,0,31,0,0.0,2.0,1.0,2.0,A01
201400055063,0,14,0,0.0,2.0,5.0,23.0,B01
201400055064,0,7,0,0.0,1.0,2.0,15.0,A01
201400055065,0,3,0,0.0,1.0,3.0,1.0,A01
201400055066,0,7,0,0.0,1.0,1.0,1.0,A01
201400055067,0,32,0,8.0,0.0,1.0,21.0,A01
201400055068,0,7,0,1.0,2.0,3.0,1.0,B01
201400055068,0,7,0,1.0,2.0,2.0,15.0,A01
201400055069,0,32,0,0.0,0.0,1.0,1.0,B01
201400055069,0,10,0,0.0,2.0,1.0,15.0,A01
201400055070,0,7,0,1.0,0.0,3.0,1.0,A01
201400055071,0,33,0,0.0,0.0,1.0,1.0,A01
201400055072,0,7,0,0.0,1.0,1.0,15.0,A01
201400055073,0,7,0,0.0,1.0,0.0,4.0,A01
201400055074,0,30,0,0.0,0.0,7.0,1.0,A01
201400055075,0,33,0,0.0,1.0,1.0,1.0,A01
201400055076,0,34,0,0.0,1.0,1.0,1.0,A01
201400055077,0,7,0,0.0,2.0,5.0,14.0,A01
201400055077,0,32,0,0.0,2.0,3.0,1.0,B01
201400055078,0,33,0,0.0,1.0,1.0,17.0,A01
201400055079,0,7,0,0.0,1.0,1.0,1.0,A01
201400055080,0,7,0,15.0,2.0,5.0,1.0,B01
201400055080,0,7,0,0.0,2.0,1.0,1.0,A01
201400055081,0,10,0,0.0,1.0,2.0,15.0,A01
201400055082,2,7,0,0.0,2.0,1.0,2.0,Z01
201400055082,0,7,0,0.0,2.0,4.0,23.0,A01
201400055082,0,7,0,0.0,2.0,6.0,23.0,B01
201400055083,0,7,0,0.0,2.0,8.0,11.0,A01
201400055083,0,31,0,0.0,2.0,7.0,1.0,B01
201400055084,0,7,0,0.0,2.0,6.0,1.0,A01
201400055084,0,1,0,0.0,2.0,6.0,1.0,B01
201400055085,0,32,0,0.0,2.0,1.0,7.0,A01
201400055085,0,10,0,0.0,2.0,2.0,16.0,B01
201400055086,0,7,0,0.0,1.0,1.0,15.0,A01
201400055087,2,31,0,0.0,2.0,6.0,13.0,Z01
201400055087,0,33,0,0.0,2.0,2.0,1.0,A01
201400055088,0,32,0,0.0,2.0,3.0,17.0,A01
201400055088,0,7,0,0.0,2.0,2.0,15.0,B01
201400055089,0,10,0,0.0,1.0,1.0,1.0,A01
201400055090,0,1,0,0.0,1.0,1.0,16.0,A01
201400055091,0,1,0,0.0,2.0,8.0,13.0,A01
201400055091,0,10,0,0.0,2.0,2.0,17.0,B01
201400055092,0,2,0,0.0,0.0,1.0,1.0,A01
201400055093,0,34,0,0.0,0.0,0.0,1.0,A01
201400055094,1,10,0,0.0,2.0,1.0,1.0,Z01
201400055094,0,34,0,1.0,2.0,6.0,1.0,A01
201400055095,1,10,0,0.0,2.0,0.0,15.0,Z01
201400055095,0,30,0,0.0,2.0,8.0,1.0,A01
201400055096,0,30,0,0.0,1.0,7.0,1.0,A01
201400055097,0,32,0,0.0,2.0,1.0,5.0,A01
201400055097,0,10,0,0.0,2.0,6.0,15.0,B01
201400055098,0,31,0,0.0,1.0,2.0,17.0,A01
201400055099,0,37,1,0.0,1.0,7.0,16.0,A01
201400055100,0,31,0,1.0,0.0,1.0,19.0,A01
201400055101,0,32,0,0.0,0.0,8.0,15.0,A01
201400055102,0,7,0,0.0,1.0,1.0,15.0,A01
201400055103,0,32,0,0.0,2.0,1.0,1.0,B01
201400055103,0,1,0,0.0,2.0,3.0,13.0,A01
201400055104,0,7,0,0.0,1.0,2.0,1.0,A01
201400055105,0,33,0,0.0,2.0,2.0,1.0,B01
201400055105,0,7,0,0.0,2.0,3.0,10.0,A01
201400055106,0,10,0,0.0,1.0,1.0,15.0,A01
201400055107,0,34,0,0.0,2.0,3.0,18.0,A01
201400055107,0,13,0,0.0,2.0,2.0,16.0,B01
201400055108,0,2,0,0.0,1.0,5.0,1.0,A01
201400055109,0,7,0,0.0,2.0,2.0,16.0,B01
201400055109,0,34,0,0.0,2.0,6.0,7.0,A01
201400055110,0,10,0,0.0,2.0,2.0,16.0,A01
201400055110,0,34,0,0.0,2.0,1.0,18.0,B01
201400055111,0,7,0,0.0,2.0,3.0,1.0,B01
201400055111,0,7,0,0.0,2.0,2.0,1.0,A01
201400055112,0,33,0,0.0,2.0,1.0,1.0,A01
201400055112,0,7,0,1.0,2.0,3.0,1.0,B01
201400055113,0,7,0,0.0,1.0,4.0,4.0,A01
201400055114,0,37,0,0.0,1.0,2.0,7.0,A01
201400055115,0,1,0,0.0,2.0,7.0,1.0,A01
201400055115,0,7,0,0.0,2.0,8.0,1.0,B01
201400055116,0,7,0,0.0,1.0,3.0,1.0,A01
201400055117,0,10,0,0.0,2.0,6.0,1.0,A01
201400055117,0,7,0,0.0,2.0,2.0,1.0,B01
201400055118,0,33,0,0.0,0.0,0.0,15.0,A01
201400055119,0,10,0,0.0,1.0,1.0,1.0,A01
201400055120,0,30,0,0.0,1.0,1.0,17.0,A01
201400055121,0,7,0,0.0,1.0,3.0,7.0,A01
201400055122,0,32,0,0.0,0.0,0.0,1.0,A01
201400055123,0,30,0,0.0,1.0,1.0,1.0,A01
201400055124,0,7,0,0.0,2.0,3.0,15.0,A01
201400055124,0,32,0,0.0,2.0,2.0,1.0,B01
201400055125,0,33,0,0.0,0.0,7.0,1.0,A01
201400055126,0,10,0,0.0,2.0,6.0,1.0,A01
201400055126,0,7,0,0.0,2.0,1.0,1.0,B01
201400055127,0,7,0,0.0,1.0,3.0,15.0,A01
201400055128,0,10,0,0.0,2.0,7.0,15.0,A01
201400055128,0,7,0,0.0,2.0,1.0,1.0,B01
201400055129,0,33,0,12.0,0.0,1.0,14.0,A01
201400055130,0,2,0,0.0,1.0,1.0,21.0,A01
201400055131,0,1,0,0.0,2.0,7.0,17.0,B01
201400055131,0,33,0,1.0,2.0,8.0,23.0,A01
201400055132,0,7,0,0.0,2.0,7.0,1.0,A01
201400055132,0,30,0,0.0,2.0,2.0,1.0,B01
201400055133,0,7,0,0.0,2.0,5.0,1.0,B01
201400055133,0,2,0,0.0,2.0,3.0,1.0,A01
201400055134,0,2,0,0.0,0.0,0.0,1.0,A01
201400055135,0,32,0,0.0,0.0,0.0,0.0,A01
201400055136,0,2,0,0.0,0.0,8.0,15.0,A01
201400055137,0,2,0,0.0,2.0,3.0,2.0,A01
201400055137,0,1,0,0.0,2.0,3.0,15.0,B01
201400055138,0,7,0,0.0,1.0,3.0,1.0,A01
201400055139,0,34,0,0.0,2.0,5.0,17.0,A01
201400055139,0,7,0,0.0,2.0,3.0,13.0,B01
201400055140,0,33,0,0.0,2.0,1.0,1.0,A01
201400055140,0,33,0,0.0,2.0,4.0,23.0,B01
201400055141,0,7,0,0.0,1.0,3.0,1.0,A01
201400055142,0,2,0,0.0,0.0,8.0,1.0,A01
201400055143,0,34,0,0.0,2.0,5.0,1.0,B01
201400055143,0,32,0,0.0,2.0,1.0,1.0,A01
201400055144,0,7,0,0.0,2.0,3.0,9.0,B01
201400055144,0,7,0,0.0,2.0,2.0,1.0,A01
201400055145,0,7,0,0.0,2.0,3.0,22.0,A01
201400055145,0,1,0,0.0,2.0,2.0,1.0,B01
201400055146,0,7,0,0.0,1.0,6.0,4.0,A01
201400055147,0,30,0,0.0,0.0,7.0,1.0,A01
201400055148,0,7,0,0.0,1.0,2.0,1.0,A01
201400055149,0,7,0,1.0,0.0,9.0,13.0,A01
201400055150,0,31,0,0.0,2.0,1.0,15.0,A01
201400055150,1,2,0,0.0,2.0,7.0,1.0,Z01
201400055151,0,7,0,0.0,2.0,7.0,22.0,A01
201400055151,0,1,0,0.0,2.0,8.0,7.0,B01
201400055152,1,30,0,0.0,1.0,1.0,1.0,Z01
201400055153,0,7,0,0.0,1.0,2.0,15.0,A01
201400055154,0,33,0,0.0,2.0,1.0,1.0,A01
201400055154,0,7,0,0.0,2.0,1.0,1.0,B01
201400055155,0,7,0,0.0,2.0,3.0,15.0,A01
201400055155,0,7,0,0.0,2.0,3.0,1.0,B01
201400055156,0,37,11,0.0,2.0,7.0,1.0,B01
201400055156,0,7,0,0.0,2.0,7.0,22.0,A01
201400055157,0,7,0,0.0,2.0,4.0,2.0,B01
201400055157,0,33,0,0.0,2.0,1.0,2.0,A01
201400055158,0,7,0,12.0,1.0,2.0,14.0,A01
201400055159,0,30,0,0.0,2.0,1.0,5.0,A01
201400055159,0,7,0,0.0,2.0,1.0,1.0,B01
201400055160,0,7,0,0.0,1.0,7.0,1.0,A01
201400055161,0,7,0,1.0,2.0,3.0,9.0,A01
201400055161,0,7,0,0.0,2.0,2.0,1.0,B01
201400055162,0,7,0,0.0,2.0,4.0,23.0,B01
201400055162,0,7,0,0.0,2.0,1.0,1.0,A01
201400055162,0,7,0,0.0,2.0,4.0,23.0,C01
201400055163,0,7,0,0.0,1.0,1.0,15.0,A01
201400055164,0,7,0,0.0,2.0,1.0,2.0,A01
201400055164,0,33,0,0.0,2.0,4.0,23.0,B01
201400055165,0,7,0,0.0,2.0,3.0,15.0,A01
201400055165,0,33,0,0.0,2.0,7.0,17.0,B01
201400055166,0,2,0,0.0,1.0,1.0,1.0,A01
201400055167,0,7,0,0.0,2.0,1.0,13.0,A01
201400055167,0,7,0,0.0,2.0,1.0,1.0,B01
201400055168,0,2,0,1.0,0.0,8.0,13.0,A01
201400055169,0,34,0,14.0,2.0,1.0,2.0,A01
201400055169,0,7,0,0.0,2.0,5.0,23.0,B01
201400055170,0,7,0,0.0,2.0,2.0,1.0,A01
201400055170,0,31,0,0.0,2.0,1.0,1.0,B01
201400055171,0,7,0,0.0,1.0,2.0,1.0,A01
201400055172,0,33,0,0.0,1.0,7.0,16.0,A01
201400055173,0,7,0,0.0,2.0,6.0,24.0,B01
201400055173,0,31,0,0.0,2.0,6.0,2.0,A01
201400055174,0,7,0,0.0,2.0,0.0,22.0,A01
201400055174,0,1,0,0.0,2.0,0.0,1.0,B01
201400055175,0,34,0,1.0,0.0,0.0,1.0,A01
201400055176,0,7,0,0.0,2.0,1.0,1.0,B01
201400055176,0,7,0,0.0,2.0,8.0,1.0,A01
201400055177,0,30,0,0.0,2.0,1.0,1.0,B01
201400055177,0,7,0,0.0,2.0,3.0,15.0,A01
201400055178,0,33,0,0.0,2.0,3.0,5.0,A01
201400055178,0,33,0,0.0,2.0,1.0,1.0,B01
201400055179,0,7,0,0.0,1.0,8.0,1.0,A01
201400055180,0,14,0,0.0,2.0,3.0,1.0,C01
201400055180,0,32,0,0.0,2.0,3.0,13.0,A01
201400055180,0,7,0,0.0,2.0,8.0,1.0,B01
201400055181,0,32,0,0.0,2.0,3.0,1.0,B01
201400055181,0,7,0,0.0,2.0,1.0,9.0,A01
201400055182,0,7,0,0.0,2.0,1.0,1.0,A01
201400055182,0,32,0,0.0,2.0,4.0,23.0,B01
201400055183,0,30,0,0.0,1.0,1.0,1.0,A01
201400055184,0,2,0,0.0,1.0,1.0,1.0,A01
201400055185,1,7,0,0.0,1.0,1.0,1.0,Z01
201400055186,0,7,0,0.0,1.0,3.0,1.0,A01
201400055187,0,10,0,0.0,1.0,3.0,15.0,A01
201400055188,0,37,1,0.0,1.0,2.0,1.0,A01
201400055189,0,32,0,0.0,2.0,8.0,1.0,B01
201400055189,0,13,0,0.0,2.0,6.0,14.0,A01
201400055190,0,1,0,0.0,2.0,1.0,1.0,B01
201400055190,0,7,0,0.0,2.0,2.0,1.0,A01
201400055191,0,7,0,0.0,2.0,3.0,15.0,B01
201400055191,0,30,0,0.0,2.0,1.0,17.0,A01
201400055192,0,1,0,0.0,2.0,3.0,2.0,B01
201400055192,0,7,0,0.0,2.0,2.0,2.0,A01
201400055193,0,32,0,0.0,1.0,1.0,1.0,A01
201400055194,0,7,0,0.0,2.0,3.0,15.0,B01
201400055194,0,33,0,0.0,2.0,2.0,17.0,A01
201400055195,0,7,0,0.0,2.0,3.0,22.0,A01
201400055195,0,1,0,0.0,2.0,2.0,1.0,B01
201400055196,0,1,0,0.0,2.0,6.0,15.0,B01
201400055196,1,32,0,0.0,2.0,5.0,17.0,Z01
201400055197,0,1,0,0.0,1.0,1.0,1.0,A01
201400055198,0,1,0,1.0,0.0,2.0,21.0,A01
201400055199,0,2,0,0.0,0.0,7.0,15.0,A01
201400055200,0,7,0,0.0,2.0,3.0,1.0,B01
201400055200,0,7,0,0.0,2.0,2.0,10.0,A01
201400055201,0,7,0,0.0,1.0,4.0,4.0,A01
201400055202,0,7,0,0.0,2.0,3.0,1.0,A01
201400055202,0,10,0,0.0,2.0,2.0,1.0,B01
201400055203,0,15,0,1.0,1.0,2.0,4.0,A01
201400055204,0,31,0,14.0,0.0,1.0,1.0,A01
201400055205,1,7,0,0.0,2.0,5.0,1.0,Z01
201400055205,0,34,0,0.0,2.0,1.0,1.0,A01
201400055206,0,10,0,0.0,2.0,3.0,2.0,A01
201400055206,0,7,0,0.0,2.0,5.0,23.0,B01
201400055207,0,30,0,0.0,1.0,2.0,1.0,A01
201400055208,0,7,0,0.0,2.0,1.0,2.0,A01
201400055208,0,7,0,0.0,2.0,4.0,2.0,B01
201400055209,0,7,0,1.0,2.0,3.0,15.0,A01
201400055209,0,33,0,8.0,2.0,3.0,1.0,B01
201400055210,0,7,0,0.0,2.0,4.0,23.0,A01
201400055210,1,7,0,0.0,2.0,1.0,2.0,Z01
201400055211,0,30,0,0.0,2.0,1.0,1.0,B01
201400055211,0,7,0,0.0,2.0,8.0,1.0,A01
201400055212,1,10,0,0.0,1.0,4.0,4.0,Z01
201400055213,0,7,0,0.0,2.0,4.0,23.0,B01
201400055213,0,7,0,0.0,2.0,2.0,16.0,A01
201400055214,0,30,0,0.0,2.0,3.0,1.0,B01
201400055214,0,7,0,0.0,2.0,2.0,15.0,A01
201400055215,0,7,0,0.0,1.0,2.0,1.0,A01
201400055216,0,31,0,0.0,1.0,1.0,1.0,A01
201400055217,0,33,0,0.0,2.0,4.0,2.0,B01
201400055217,0,7,0,0.0,2.0,3.0,2.0,A01
201400055218,0,7,0,14.0,0.0,1.0,1.0,A01
201400055219,0,30,0,0.0,2.0,0.0,7.0,B01
201400055219,0,7,0,0.0,2.0,0.0,16.0,A01
201400055220,0,1,0,0.0,0.0,0.0,1.0,A01
201400055221,0,30,0,0.0,2.0,7.0,18.0,A01
201400055221,0,30,0,0.0,2.0,7.0,16.0,B01
201400055222,0,30,0,0.0,2.0,5.0,2.0,A01
201400055222,0,7,0,0.0,2.0,5.0,2.0,B01
201400055223,0,7,0,0.0,2.0,4.0,9.0,A01
201400055223,0,7,0,0.0,2.0,1.0,1.0,B01
201400055224,0,7,0,0.0,1.0,3.0,15.0,A01
201400055225,0,30,0,0.0,2.0,1.0,1.0,B01
201400055225,0,10,0,0.0,2.0,3.0,9.0,A01
201400055226,0,13,0,0.0,2.0,5.0,14.0,A01
201400055226,0,7,0,0.0,2.0,1.0,1.0,B01
201400055227,0,7,0,0.0,1.0,3.0,1.0,A01
201400055228,0,31,0,0.0,2.0,1.0,1.0,B01
201400055228,0,7,0,0.0,2.0,2.0,15.0,A01
201400055229,0,7,0,0.0,2.0,8.0,22.0,A01
201400055229,0,1,0,1.0,2.0,1.0,1.0,B01
201400055230,0,33,0,0.0,2.0,3.0,3.0,A01