Num_Acc,senc,catv,occutc,obs,obsm,choc,manv,num_veh
201400055230,0,7,0,0.0,2.0,2.0,1.0,B01
201400055231,0,7,0,0.0,2.0,4.0,1.0,B01
201400055231,0,7,0,0.0,2.0,1.0,1.0,A01
201400055232,0,7,0,0.0,2.0,1.0,1.0,B01
201400055232,0,10,0,0.0,2.0,1.0,1.0,A01
201400055233,0,30,0,1.0,0.0,1.0,13.0,A01
201400055234,0,7,0,0.0,2.0,6.0,15.0,B01
201400055234,0,2,0,0.0,2.0,0.0,17.0,A01
201400055235,0,34,0,0.0,2.0,1.0,1.0,B01
201400055235,0,7,0,0.0,2.0,7.0,23.0,A01
201400055236,0,7,0,0.0,2.0,4.0,2.0,B01
201400055236,0,7,0,0.0,2.0,1.0,2.0,A01
201400055237,0,2,0,0.0,1.0,1.0,1.0,A01
201400055238,0,7,0,0.0,2.0,1.0,1.0,A01
201400055238,0,7,0,8.0,2.0,8.0,1.0,B01
201400055239,0,33,0,8.0,2.0,2.0,17.0,A01
201400055239,0,7,0,0.0,2.0,3.0,15.0,B01
201400055240,0,7,0,0.0,1.0,3.0,15.0,A01
201400055241,0,7,0,8.0,0.0,1.0,14.0,A01
201400055242,1,30,0,0.0,1.0,0.0,1.0,Z01
201400055243,0,7,0,0.0,2.0,3.0,22.0,A01
201400055243,0,1,0,0.0,2.0,2.0,1.0,B01
201400055244,0,7,0,0.0,1.0,5.0,4.0,A01
201400055245,0,33,0,0.0,0.0,0.0,21.0,A01
201400055246,0,30,0,0.0,2.0,6.0,1.0,B01
201400055246,0,7,0,0.0,2.0,2.0,1.0,A01
201400055247,0,1,0,0.0,1.0,7.0,1.0,A01
201400055248,0,30,0,0.0,5.0,1.0,1.0,A01
201400055249,1,7,0,0.0,1.0,2.0,15.0,Z01
201400055250,0,7,0,0.0,1.0,1.0,16.0,A01
201400055251,0,2,0,0.0,0.0,8.0,16.0,A01
201400055252,0,30,0,0.0,1.0,1.0,1.0,A01
201400055253,0,33,0,0.0,2.0,8.0,1.0,A01
201400055253,0,7,0,0.0,2.0,2.0,1.0,B01
201400055254,0,7,0,4.0,0.0,1.0,14.0,A01
201400055255,0,7,0,9.0,0.0,1.0,1.0,A01
201400055256,0,7,0,0.0,2.0,3.0,15.0,A01
201400055256,0,2,0,0.0,2.0,3.0,1.0,B01
201400055257,0,7,0,8.0,2.0,1.0,1.0,A01
201400055257,0,7,0,0.0,2.0,4.0,1.0,B01
201400055258,0,30,0,0.0,2.0,3.0,17.0,B01
201400055258,0,7,0,0.0,2.0,3.0,15.0,A01
201400055259,0,7,0,0.0,2.0,3.0,1.0,A01
201400055259,0,30,0,0.0,2.0,1.0,1.0,B01
201400055260,0,7,0,0.0,1.0,2.0,15.0,A01
201400055261,0,7,0,0.0,2.0,8.0,15.0,A01
201400055261,0,32,0,0.0,2.0,2.0,17.0,B01
201400055262,0,1,0,0.0,2.0,8.0,1.0,B01
201400055262,0,7,0,0.0,2.0,0.0,1.0,A01
201400055263,0,1,0,1.0,1.0,1.0,1.0,A01
201400055264,0,1,0,0.0,1.0,3.0,1.0,A01
201400055265,0,7,0,0.0,2.0,1.0,1.0,A01
201400055265,0,7,0,0.0,2.0,4.0,1.0,B01
201400055266,0,33,0,1.0,0.0,0.0,21.0,A01
201400055267,0,7,0,0.0,2.0,1.0,2.0,A01
201400055267,0,7,0,0.0,2.0,4.0,2.0,B01
201400055268,0,7,0,0.0,2.0,1.0,15.0,A01
201400055268,0,32,0,0.0,2.0,7.0,1.0,B01
201400055269,0,34,0,0.0,2.0,1.0,1.0,A01
201400055269,0,7,0,0.0,2.0,6.0,23.0,B01
201400055270,0,7,0,0.0,1.0,2.0,1.0,A01
201400055271,0,34,0,0.0,2.0,3.0,1.0,B01
201400055271,0,7,0,0.0,2.0,2.0,14.0,A01
201400055272,0,33,0,0.0,2.0,2.0,17.0,A01
201400055272,0,34,0,0.0,2.0,8.0,15.0,B01
201400055273,0,34,0,0.0,2.0,1.0,1.0,B01
201400055273,0,7,0,0.0,2.0,2.0,15.0,A01
201400055274,0,7,0,0.0,1.0,4.0,4.0,A01
201400055275,0,7,0,0.0,2.0,4.0,2.0,B01
201400055275,0,10,0,0.0,2.0,1.0,2.0,A01
201400055275,0,7,0,0.0,2.0,4.0,23.0,C01
201400055276,0,1,0,12.0,2.0,4.0,7.0,B01
201400055276,0,7,0,0.0,2.0,4.0,14.0,A01
201400055277,0,1,0,0.0,2.0,1.0,1.0,B01
201400055277,0,7,0,0.0,2.0,8.0,10.0,A01
201400055278,0,7,0,0.0,2.0,5.0,14.0,A01
201400055278,0,30,0,0.0,2.0,3.0,18.0,B01
201400055279,0,34,0,0.0,2.0,1.0,2.0,A01
201400055279,0,1,0,0.0,2.0,4.0,13.0,B01
201400055280,0,33,0,1.0,2.0,9.0,17.0,A01
201400055280,0,7,0,0.0,2.0,8.0,1.0,B01
201400055280,0,7,0,0.0,2.0,8.0,23.0,C01
201400055281,0,7,0,0.0,2.0,5.0,1.0,A01
201400055281,0,7,0,0.0,2.0,3.0,1.0,B01
201400055282,0,34,0,0.0,2.0,2.0,17.0,B01
201400055282,0,7,0,0.0,2.0,3.0,15.0,A01
201400055283,0,7,0,0.0,1.0,1.0,1.0,A01
201400055284,0,7,0,0.0,1.0,1.0,15.0,A01
201400055285,0,30,0,0.0,0.0,3.0,15.0,A01
201400055286,0,7,0,0.0,2.0,8.0,1.0,C01
201400055286,0,30,0,0.0,2.0,2.0,17.0,A01
201400055286,0,7,0,0.0,2.0,3.0,1.0,B01
201400055287,0,31,0,0.0,0.0,0.0,21.0,A01
201400055288,0,1,0,0.0,0.0,1.0,1.0,A01
201400055289,0,1,0,0.0,2.0,1.0,15.0,A01
201400055289,0,1,0,0.0,2.0,7.0,1.0,B01
201400055290,0,33,0,0.0,1.0,7.0,18.0,A01
201400055291,0,7,0,0.0,1.0,2.0,1.0,A01
201400055292,0,1,0,1.0,0.0,0.0,15.0,A01
201400055293,0,7,0,0.0,1.0,3.0,16.0,A01
201400055294,0,2,0,14.0,0.0,7.0,14.0,A01
201400055295,0,33,0,0.0,2.0,1.0,5.0,A01
201400055295,0,7,0,0.0,2.0,2.0,15.0,B01
201400055296,0,10,0,0.0,1.0,2.0,1.0,A01
201400055297,0,10,0,0.0,1.0,1.0,1.0,A01
201400055298,0,7,0,0.0,2.0,4.0,13.0,A01
201400055298,0,31,0,0.0,2.0,7.0,17.0,B01
201400055299,0,14,0,0.0,2.0,5.0,23.0,B01
201400055299,0,1,0,0.0,2.0,1.0,2.0,A01
201400055300,0,7,0,0.0,2.0,5.0,4.0,A01
201400055300,0,30,0,0.0,2.0,7.0,3.0,B01
201400055300,0,7,0,0.0,2.0,1.0,1.0,C01
201400055301,0,1,0,0.0,2.0,1.0,1.0,B01
201400055301,0,7,0,0.0,2.0,2.0,22.0,A01
201400055302,0,7,0,0.0,2.0,1.0,1.0,B01
201400055302,0,7,0,0.0,2.0,1.0,15.0,A01
201400055303,0,7,0,0.0,1.0,2.0,1.0,A01
201400055304,0,7,0,0.0,2.0,3.0,10.0,A01
201400055304,0,31,0,0.0,2.0,1.0,17.0,B01
201400055305,0,7,0,0.0,1.0,1.0,15.0,A01
201400055306,0,31,0,0.0,2.0,6.0,2.0,A01
201400055306,0,10,0,0.0,2.0,6.0,2.0,B01
201400055307,0,31,0,0.0,2.0,8.0,18.0,B01
201400055307,0,7,0,0.0,2.0,7.0,16.0,A01
201400055308,0,31,0,8.0,2.0,2.0,16.0,A01
201400055308,1,7,0,0.0,2.0,0.0,14.0,Z01
201400055309,0,10,0,0.0,2.0,2.0,15.0,A01
201400055309,0,32,0,0.0,2.0,1.0,7.0,B01
201400055310,0,7,0,0.0,2.0,3.0,1.0,B01
201400055310,0,1,0,0.0,2.0,7.0,1.0,A01
201400055311,0,33,0,0.0,2.0,1.0,1.0,B01
201400055311,0,7,0,0.0,2.0,2.0,9.0,A01
201400055312,0,2,0,0.0,2.0,1.0,2.0,A01
201400055312,0,7,0,0.0,2.0,4.0,23.0,B01
201400055313,0,15,0,0.0,1.0,2.0,16.0,A01
201400055314,0,30,0,0.0,2.0,2.0,17.0,B01
201400055314,0,7,0,0.0,2.0,3.0,15.0,A01
201400055315,1,7,0,0.0,1.0,0.0,1.0,Z01
201400055316,0,2,0,0.0,2.0,1.0,15.0,A01
201400055316,0,31,0,0.0,2.0,8.0,1.0,B01
201400055317,0,33,0,0.0,2.0,7.0,5.0,B01
201400055317,0,10,0,0.0,2.0,0.0,15.0,A01
201400055318,0,7,0,0.0,1.0,1.0,1.0,A01
201400055319,0,32,0,11.0,0.0,1.0,1.0,A01
201400055320,0,32,0,0.0,2.0,2.0,1.0,B01
201400055320,0,7,0,0.0,2.0,3.0,15.0,A01
201400055321,0,33,0,0.0,2.0,8.0,1.0,A01
201400055321,1,7,0,0.0,2.0,2.0,1.0,Z01
201400055322,0,31,0,0.0,1.0,1.0,1.0,A01
201400055323,0,30,0,0.0,0.0,0.0,1.0,A01
201400055324,0,7,0,0.0,1.0,2.0,1.0,A01
201400055325,0,7,0,0.0,1.0,1.0,15.0,A01
201400055326,0,7,0,0.0,2.0,5.0,15.0,A01
201400055326,0,31,0,0.0,2.0,1.0,1.0,B01
201400055327,0,32,0,0.0,1.0,2.0,1.0,A01
201400055328,0,31,0,0.0,2.0,6.0,3.0,A01
201400055328,0,7,0,0.0,2.0,6.0,11.0,B01
201400055329,0,32,0,0.0,2.0,2.0,1.0,B01
201400055329,0,7,0,0.0,2.0,3.0,9.0,A01
201400055330,0,7,0,0.0,2.0,5.0,17.0,B01
201400055330,0,31,0,0.0,2.0,1.0,2.0,A01
201400055331,0,32,0,12.0,0.0,1.0,1.0,A01
201400055332,0,33,0,0.0,0.0,0.0,21.0,A01
201400055333,0,7,0,0.0,2.0,3.0,1.0,B01
201400055333,0,33,0,0.0,2.0,3.0,1.0,A01
201400055334,0,7,0,0.0,2.0,7.0,12.0,A01
201400055334,0,34,0,0.0,2.0,3.0,1.0,B01
201400055335,0,30,0,0.0,0.0,8.0,1.0,A01
201400055336,0,30,0,0.0,0.0,8.0,1.0,A01
201400055337,0,7,0,0.0,2.0,4.0,23.0,B01
201400055337,0,33,0,0.0,2.0,1.0,1.0,A01
201400055338,0,7,0,0.0,1.0,1.0,1.0,A01
201400055339,0,30,0,0.0,2.0,8.0,1.0,A01
201400055339,0,7,0,0.0,2.0,7.0,14.0,B01
201400055340,0,7,0,14.0,0.0,1.0,21.0,A01
201400055341,1,7,0,0.0,2.0,0.0,5.0,Z01
201400055341,0,2,0,1.0,2.0,0.0,1.0,A01
201400055342,0,7,0,0.0,2.0,3.0,15.0,A01
201400055342,0,33,0,0.0,2.0,8.0,1.0,B01
201400055343,0,7,0,0.0,1.0,1.0,1.0,A01
201400055344,1,30,0,0.0,1.0,0.0,1.0,Z01
201400055345,0,7,0,0.0,2.0,2.0,15.0,B01
201400055345,0,30,0,0.0,2.0,6.0,1.0,A01
201400055346,0,31,0,0.0,1.0,1.0,18.0,A01
201400055347,0,33,0,0.0,1.0,2.0,2.0,A01
201400055348,0,32,0,0.0,2.0,7.0,1.0,B01
201400055348,0,7,0,0.0,2.0,0.0,1.0,A01
201400055349,0,1,0,0.0,2.0,1.0,5.0,A01
201400055349,0,7,0,0.0,2.0,2.0,1.0,B01
201400055350,0,1,0,0.0,1.0,3.0,1.0,A01
201400055351,0,7,0,0.0,1.0,2.0,1.0,A01
201400055352,0,7,0,0.0,2.0,7.0,22.0,A01
201400055352,0,34,0,0.0,2.0,3.0,1.0,B01
201400055353,0,7,0,0.0,2.0,3.0,10.0,A01
201400055353,0,2,0,0.0,2.0,2.0,1.0,B01
201400055354,0,7,0,0.0,2.0,3.0,15.0,A01
201400055354,0,2,0,0.0,2.0,3.0,1.0,B01
201400055355,0,7,0,11.0,0.0,0.0,1.0,A01
201400055356,1,30,0,0.0,1.0,0.0,1.0,Z01
201400055357,1,7,0,0.0,2.0,0.0,15.0,Z01
201400055357,0,32,0,0.0,2.0,2.0,1.0,A01
201400055358,0,1,0,1.0,0.0,4.0,1.0,A01
201400055358,1,7,0,0.0,2.0,1.0,17.0,Z01
201400055359,0,7,0,0.0,2.0,1.0,15.0,A01
201400055359,0,30,0,0.0,2.0,3.0,1.0,B01
201400055360,0,7,0,0.0,2.0,3.0,1.0,B01
201400055360,0,7,0,0.0,2.0,2.0,1.0,A01
201400055361,0,10,0,0.0,2.0,1.0,15.0,A01
201400055361,0,33,0,1.0,2.0,3.0,1.0,B01
201400055362,0,7,0,0.0,2.0,6.0,15.0,A01
201400055362,0,30,0,0.0,2.0,1.0,1.0,B01
201400055363,0,7,0,0.0,1.0,3.0,1.0,A01
201400055364,0,7,0,0.0,1.0,1.0,1.0,A01
201400055365,0,31,0,0.0,2.0,7.0,17.0,A01
201400055365,0,7,0,0.0,2.0,1.0,15.0,B01
201400055366,0,7,0,0.0,2.0,7.0,15.0,A01
201400055366,0,34,0,0.0,2.0,1.0,1.0,B01
201400055367,0,7,0,0.0,1.0,4.0,23.0,B01
201400055367,0,7,0,0.0,2.0,1.0,1.0,A01
201400055368,0,1,0,0.0,1.0,1.0,1.0,A01
201400055369,0,32,0,0.0,1.0,2.0,1.0,A01
201400055370,0,7,0,0.0,1.0,3.0,15.0,A01
201400055371,0,7,0,0.0,2.0,2.0,15.0,A01
201400055371,0,33,0,0.0,2.0,3.0,1.0,B01
201400055372,0,7,0,0.0,1.0,1.0,1.0,A01
201400055373,0,7,0,0.0,1.0,1.0,1.0,A01
201400055374,0,34,0,0.0,0.0,3.0,1.0,A01
201400055375,0,30,0,0.0,2.0,2.0,2.0,A01
201400055375,0,7,0,0.0,2.0,6.0,2.0,B01
201400055376,0,34,0,0.0,2.0,1.0,1.0,B01
201400055376,0,7,0,0.0,2.0,3.0,15.0,A01
201400055377,0,7,0,12.0,2.0,4.0,1.0,A01
201400055377,1,10,0,0.0,2.0,1.0,1.0,Z01
201400055378,0,30,0,4.0,0.0,7.0,14.0,A01
201400055379,0,7,0,0.0,1.0,1.0,13.0,A01
201400055379,0,10,0,0.0,2.0,4.0,1.0,B01
201400055380,0,7,0,0.0,2.0,3.0,10.0,A01
201400055380,0,33,0,0.0,2.0,8.0,1.0,B01
201400055381,0,2,0,1.0,0.0,2.0,14.0,A01
201400055382,0,32,0,0.0,1.0,1.0,21.0,A01
201400055383,0,31,0,0.0,2.0,1.0,2.0,A01
201400055383,0,7,0,0.0,2.0,5.0,2.0,B01
201400055384,0,30,0,0.0,2.0,1.0,1.0,A01
201400055384,0,7,0,0.0,2.0,3.0,9.0,B01
201400055385,0,34,0,0.0,0.0,7.0,1.0,A01
201400055386,0,7,0,0.0,2.0,5.0,2.0,B01
201400055386,0,34,0,0.0,2.0,1.0,2.0,A01
201400055387,0,7,0,0.0,1.0,4.0,4.0,A01
201400055388,0,30,0,0.0,1.0,1.0,17.0,A01
201400055389,0,30,0,8.0,0.0,8.0,17.0,A01
201400055390,0,7,0,0.0,2.0,1.0,2.0,A01
201400055390,0,7,0,0.0,2.0,4.0,2.0,B01
201400055391,0,7,0,0.0,2.0,3.0,1.0,B01
201400055391,0,30,0,0.0,2.0,1.0,1.0,A01
201400055392,0,2,0,0.0,0.0,8.0,1.0,A01
201400055393,0,7,0,0.0,2.0,3.0,13.0,A01
201400055393,0,33,0,0.0,2.0,7.0,17.0,B01
201400055394,0,33,0,0.0,2.0,1.0,15.0,A01
201400055394,1,7,0,0.0,2.0,0.0,15.0,Z01
201400055395,0,10,0,0.0,2.0,0.0,1.0,B01
201400055395,0,32,0,0.0,2.0,0.0,1.0,A01
201400055396,0,32,0,0.0,2.0,1.0,17.0,A01
201400055396,0,7,0,0.0,2.0,8.0,9.0,B01
201400055397,0,7,0,1.0,0.0,1.0,14.0,A01
201400055398,0,33,0,0.0,2.0,7.0,17.0,B01
201400055398,0,7,0,0.0,2.0,1.0,9.0,A01
201400055399,0,32,0,0.0,2.0,1.0,1.0,B01
201400055399,0,7,0,0.0,2.0,5.0,15.0,A01
201400055400,0,7,0,0.0,2.0,1.0,15.0,A01
201400055400,0,34,0,0.0,2.0,2.0,17.0,B01
201400055401,0,2,0,0.0,2.0,5.0,1.0,A01
201400055401,0,7,0,0.0,2.0,3.0,16.0,B01
201400055402,0,33,0,0.0,2.0,6.0,3.0,A01
201400055402,0,7,0,0.0,2.0,2.0,23.0,B01
201400055403,0,30,0,0.0,1.0,2.0,1.0,A01
201400055404,0,7,0,0.0,1.0,3.0,1.0,A01
201400055405,0,2,0,0.0,2.0,1.0,1.0,B01
201400055405,0,7,0,0.0,2.0,1.0,15.0,A01
201400055406,0,7,0,0.0,2.0,2.0,1.0,B01
201400055406,0,34,0,0.0,2.0,1.0,7.0,A01
201400055407,0,31,0,1.0,0.0,1.0,21.0,A01
201400055408,0,7,0,0.0,2.0,1.0,1.0,A01
201400055408,0,31,0,0.0,2.0,4.0,1.0,B01
201400055409,0,7,0,0.0,2.0,3.0,10.0,A01
201400055409,0,32,0,0.0,2.0,1.0,1.0,B01
201400055410,0,30,0,0.0,2.0,2.0,1.0,B01
201400055410,0,7,0,0.0,2.0,3.0,15.0,A01
201400055411,0,32,0,0.0,0.0,8.0,1.0,A01
201400055412,0,7,0,0.0,2.0,3.0,15.0,A01
201400055412,0,34,0,0.0,2.0,6.0,1.0,B01
201400055413,0,7,0,0.0,2.0,3.0,9.0,A01
201400055413,0,34,0,0.0,2.0,7.0,1.0,B01
201400055414,0,30,0,0.0,2.0,2.0,17.0,B01
201400055414,0,7,0,0.0,2.0,3.0,11.0,A01
201400055415,0,33,0,12.0,0.0,1.0,1.0,A01
201400055416,0,7,0,0.0,2.0,1.0,9.0,A01
201400055416,0,7,0,0.0,2.0,3.0,1.0,C01
201400055416,0,33,0,0.0,2.0,1.0,1.0,B01
201400055417,0,7,0,1.0,0.0,1.0,14.0,A01
201400055418,0,1,0,0.0,0.0,7.0,16.0,A01
201400055418,0,33,0,0.0,9.0,8.0,21.0,B01
201400055419,0,7,0,0.0,1.0,0.0,4.0,A01
201400055420,0,7,0,0.0,2.0,5.0,16.0,B01
201400055420,0,32,0,0.0,2.0,1.0,18.0,A01
201400055421,0,7,0,0.0,2.0,1.0,1.0,B01
201400055421,0,7,0,0.0,2.0,3.0,5.0,A01
201400055422,0,7,0,8.0,0.0,8.0,1.0,A01
201400055422,0,7,0,0.0,0.0,7.0,1.0,B01
201400055423,0,7,0,0.0,2.0,2.0,9.0,A01
201400055423,0,33,0,0.0,2.0,8.0,1.0,B01
201400055424,0,7,0,0.0,1.0,1.0,15.0,A01
201400055425,0,34,0,0.0,2.0,1.0,1.0,A01
201400055425,0,7,0,0.0,2.0,6.0,15.0,B01
201400055426,0,7,0,0.0,1.0,2.0,1.0,A01
201400055427,0,7,0,0.0,2.0,3.0,1.0,A01
201400055427,0,33,0,0.0,2.0,8.0,1.0,B01
201400055428,0,30,0,8.0,0.0,0.0,14.0,A01
201400055429,0,7,0,0.0,1.0,1.0,16.0,A01
201400055430,0,32,0,0.0,0.0,4.0,23.0,B01
201400055430,0,7,0,0.0,2.0,1.0,1.0,A01
201400055431,0,32,0,0.0,1.0,1.0,21.0,A01
201400055432,0,32,0,0.0,1.0,1.0,3.0,A01
201400055433,0,32,0,0.0,2.0,8.0,2.0,A01
201400055433,0,7,0,0.0,2.0,5.0,16.0,B01
201400055434,1,7,0,0.0,1.0,2.0,15.0,Z01
201400055435,0,32,0,12.0,0.0,1.0,13.0,A01
201400055436,0,30,0,0.0,2.0,8.0,18.0,A01
201400055436,0,7,0,0.0,2.0,7.0,22.0,B01
201400055437,0,1,0,0.0,1.0,1.0,2.0,A01
201400055438,0,7,0,0.0,2.0,3.0,13.0,A01
201400055438,0,7,0,0.0,2.0,8.0,1.0,B01
201400055438,0,7,0,0.0,2.0,3.0,1.0,C01
201400055439,0,7,0,0.0,2.0,2.0,16.0,B01
201400055439,0,32,0,0.0,2.0,2.0,18.0,A01
201400055440,0,34,0,1.0,0.0,1.0,21.0,A01
201400055441,0,7,0,0.0,1.0,1.0,1.0,A01
201400055442,0,7,0,0.0,2.0,4.0,1.0,B01
201400055442,0,7,0,0.0,2.0,1.0,1.0,A01
201400055443,0,31,0,0.0,2.0,0.0,10.0,B01
201400055443,0,7,0,0.0,2.0,7.0,10.0,A01
201400055444,0,31,0,0.0,0.0,3.0,1.0,A01
201400055445,0,1,0,0.0,2.0,4.0,1.0,B01
201400055445,0,31,0,0.0,2.0,1.0,11.0,A01
201400055446,0,7,0,0.0,2.0,2.0,1.0,B01
201400055446,0,33,0,0.0,2.0,1.0,1.0,A01
201400055447,0,34,0,0.0,2.0,2.0,17.0,A01
201400055447,0,7,0,0.0,2.0,3.0,15.0,B01
201400055448,0,10,0,0.0,2.0,7.0,1.0,A01
201400055448,0,33,0,0.0,2.0,8.0,1.0,B01
201400055449,0,7,0,0.0,1.0,2.0,16.0,A01
201400055450,0,1,0,0.0,2.0,1.0,1.0,B01
201400055450,0,7,0,0.0,2.0,8.0,22.0,A01
201400055451,1,7,0,0.0,2.0,3.0,9.0,Z01
201400055451,0,33,0,0.0,2.0,7.0,1.0,A01
201400055452,0,1,0,0.0,2.0,8.0,21.0,B01
201400055452,0,1,0,0.0,2.0,1.0,21.0,A01
201400055453,0,1,0,0.0,1.0,1.0,5.0,A01
201400055454,0,7,0,0.0,2.0,4.0,2.0,B01
201400055454,0,33,0,0.0,2.0,1.0,2.0,C01
201400055454,0,7,0,0.0,2.0,0.0,13.0,A01
201400055455,0,34,0,0.0,2.0,5.0,19.0,A01
201400055455,0,7,0,0.0,2.0,1.0,1.0,B01
201400055456,0,31,0,0.0,2.0,3.0,2.0,B01
201400055456,0,7,0,0.0,2.0,2.0,16.0,A01
201400055457,0,33,0,0.0,2.0,1.0,1.0,B01
201400055457,0,7,0,0.0,2.0,3.0,10.0,A01
201400055458,0,34,0,0.0,1.0,1.0,1.0,A01
201400055459,0,7,0,0.0,2.0,4.0,23.0,B01
201400055459,0,7,0,0.0,2.0,4.0,23.0,C01
201400055459,0,7,0,0.0,2.0,1.0,2.0,A01
201400055460,0,7,0,0.0,1.0,3.0,1.0,A01
201400055461,0,31,0,0.0,2.0,4.0,23.0,B01
201400055461,0,7,0,0.0,2.0,1.0,2.0,A01
201400055462,0,14,0,0.0,2.0,5.0,1.0,B01
201400055462,0,7,0,0.0,2.0,1.0,1.0,A01
201400055463,0,10,0,0.0,2.0,3.0,9.0,A01
201400055463,0,32,0,0.0,2.0,2.0,1.0,B01
201400055464,0,10,0,0.0,2.0,2.0,9.0,A01
201400055464,0,2,0,0.0,2.0,1.0,1.0,B01
201400055465,0,2,0,0.0,0.0,0.0,1.0,A01
201400055466,0,7,0,0.0,2.0,3.0,10.0,A01
201400055466,0,30,0,0.0,2.0,7.0,17.0,B01
201400055467,0,7,0,0.0,2.0,1.0,1.0,A01
201400055467,0,7,0,0.0,2.0,4.0,23.0,B01
201400055468,0,7,0,2.0,0.0,1.0,14.0,A01
201400055469,0,7,0,0.0,2.0,3.0,5.0,A01
201400055469,0,33,0,0.0,2.0,1.0,1.0,B01
201400055470,0,7,0,0.0,2.0,2.0,2.0,A01
201400055470,0,30,0,0.0,2.0,4.0,2.0,B01
201400055471,1,10,0,0.0,2.0,0.0,16.0,Z01
201400055471,0,30,0,0.0,2.0,8.0,1.0,A01
201400055472,0,30,0,1.0,2.0,2.0,1.0,B01
201400055472,0,7,0,0.0,2.0,8.0,22.0,A01
201400055473,0,7,0,0.0,2.0,1.0,9.0,A01
201400055473,0,33,0,0.0,2.0,7.0,1.0,B01
201400055474,0,7,0,0.0,2.0,4.0,23.0,B01
201400055474,0,7,0,0.0,2.0,1.0,2.0,A01
201400055475,0,7,0,0.0,2.0,0.0,15.0,A01
201400055475,0,31,0,0.0,2.0,0.0,1.0,B01
201400055476,0,30,0,14.0,0.0,1.0,1.0,A01
201400055477,0,30,0,0.0,0.0,7.0,1.0,A01
201400055478,0,34,0,0.0,2.0,1.0,1.0,A01
201400055478,0,33,0,0.0,2.0,4.0,23.0,B01
201400055479,0,7,0,0.0,1.0,2.0,1.0,A01
201400055480,0,7,0,0.0,2.0,4.0,23.0,B01
201400055480,0,1,0,0.0,2.0,1.0,1.0,A01
201400055481,0,7,0,0.0,2.0,2.0,1.0,A01
201400055481,0,32,0,0.0,2.0,3.0,9.0,B01
201400055482,0,10,0,0.0,2.0,5.0,4.0,A01
201400055482,0,2,0,0.0,2.0,7.0,1.0,B01
201400055483,0,2,0,0.0,0.0,0.0,1.0,A01
201400055484,0,34,0,0.0,2.0,3.0,1.0,B01
201400055484,0,32,0,0.0,2.0,1.0,9.0,A01
201400055485,0,7,0,0.0,2.0,2.0,16.0,A01
201400055485,0,33,0,0.0,2.0,4.0,1.0,B01
201400055486,0,37,110,0.0,1.0,3.0,15.0,A01
201400055487,0,7,0,0.0,2.0,4.0,9.0,B01
201400055487,0,1,0,0.0,2.0,1.0,1.0,A01
201400055488,0,34,0,0.0,1.0,1.0,1.0,A01
201400055489,0,34,0,0.0,2.0,6.0,2.0,B01
201400055489,0,34,0,0.0,2.0,2.0,2.0,A01
201400055490,0,7,0,0.0,2.0,3.0,2.0,A01
201400055490,0,7,0,0.0,2.0,4.0,23.0,B01
201400055491,0,7,0,0.0,2.0,4.0,23.0,B01
201400055491,0,7,0,0.0,2.0,1.0,2.0,A01
201400055491,0,7,0,0.0,2.0,4.0,23.0,C01
201400055492,0,7,0,0.0,1.0,1.0,18.0,A01
201400055493,0,7,0,0.0,1.0,7.0,1.0,A01
201400055494,0,7,0,0.0,2.0,1.0,1.0,B01
201400055494,0,1,0,0.0,2.0,4.0,1.0,A01
201400055495,0,7,0,0.0,2.0,2.0,15.0,A01
201400055495,0,1,0,0.0,2.0,1.0,1.0,B01
201400055496,0,7,0,0.0,2.0,1.0,17.0,A01
201400055496,0,7,0,0.0,2.0,1.0,1.0,B01
201400055497,0,7,0,0.0,2.0,7.0,1.0,A01
201400055497,0,30,0,0.0,2.0,1.0,1.0,B01
201400055498,0,2,0,0.0,2.0,0.0,1.0,B01
201400055498,0,7,0,0.0,2.0,0.0,15.0,A01
201400055499,0,10,0,0.0,1.0,3.0,15.0,A01
201400055500,0,7,0,0.0,2.0,3.0,22.0,A01
201400055500,0,1,0,1.0,2.0,1.0,1.0,B01
201400055501,0,7,0,0.0,1.0,3.0,15.0,A01
201400055502,0,7,0,0.0,2.0,8.0,15.0,B01
201400055502,0,30,0,0.0,2.0,1.0,17.0,A01
201400055503,0,7,0,2.0,0.0,1.0,14.0,A01
201400055504,0,2,0,0.0,0.0,0.0,1.0,A01
201400055505,0,7,0,0.0,2.0,4.0,2.0,B01
201400055505,0,30,0,0.0,2.0,1.0,2.0,A01
201400055506,0,31,0,0.0,2.0,9.0,1.0,B01
201400055506,0,7,0,0.0,2.0,3.0,13.0,A01
201400055507,0,7,0,0.0,2.0,6.0,15.0,A01
201400055507,0,30,0,0.0,2.0,1.0,2.0,B01
201400055508,0,14,0,0.0,1.0,2.0,16.0,A01
201400055509,1,10,0,0.0,2.0,5.0,16.0,A01
201400055509,0,1,0,0.0,2.0,8.0,1.0,B01
201400055510,1,7,0,0.0,2.0,3.0,10.0,Z01
201400055510,0,2,0,0.0,2.0,1.0,1.0,A01
201400055511,0,33,0,0.0,2.0,3.0,1.0,B01
201400055511,0,7,0,0.0,2.0,5.0,12.0,A01
201400055512,0,7,0,0.0,2.0,7.0,12.0,A01
201400055512,0,2,0,0.0,2.0,3.0,1.0,B01
201400055513,0,33,0,0.0,2.0,1.0,1.0,B01
201400055513,0,7,0,0.0,2.0,7.0,15.0,A01