Num_Acc,senc,catv,occutc,obs,obsm,choc,manv,num_veh
201400056069,0,7,0,0.0,2.0,1.0,1.0,B01
201400056069,0,7,0,0.0,2.0,7.0,1.0,A01
201400056070,0,7,0,0.0,2.0,3.0,22.0,B01
201400056070,0,1,0,1.0,2.0,1.0,1.0,A01
201400056071,0,10,0,0.0,1.0,2.0,1.0,A01
201400056072,0,32,0,0.0,1.0,1.0,1.0,A01
201400056073,0,7,0,0.0,2.0,2.0,0.0,A01
201400056073,0,7,0,0.0,2.0,3.0,0.0,B01
201400056074,0,30,0,0.0,2.0,2.0,17.0,A01
201400056074,0,7,0,0.0,2.0,8.0,13.0,B01
201400056075,0,32,0,0.0,1.0,1.0,17.0,A01
201400056076,0,7,0,1.0,0.0,2.0,14.0,A01
201400056077,0,7,0,0.0,1.0,2.0,16.0,A01
201400056078,0,7,0,0.0,2.0,2.0,1.0,B01
201400056078,0,32,0,0.0,2.0,6.0,15.0,A01
201400056079,0,10,0,0.0,1.0,3.0,15.0,A01
201400056080,0,33,0,0.0,1.0,1.0,17.0,A01
201400056081,0,7,0,0.0,1.0,2.0,1.0,A01
201400056082,0,7,0,0.0,2.0,2.0,22.0,A01
201400056082,0,7,0,0.0,2.0,5.0,1.0,C01
201400056082,0,30,0,1.0,2.0,1.0,1.0,B01
201400056083,0,30,0,0.0,0.0,0.0,21.0,A01
201400056084,0,7,0,0.0,2.0,0.0,22.0,A01
201400056084,0,1,0,1.0,2.0,2.0,1.0,B01
201400056085,0,7,0,0.0,2.0,2.0,9.0,A01
201400056085,0,32,0,0.0,2.0,3.0,1.0,B01
201400056086,0,10,0,0.0,2.0,5.0,23.0,B01
201400056086,0,33,0,14.0,2.0,1.0,2.0,A01
201400056087,0,31,0,0.0,2.0,0.0,18.0,A01
201400056087,0,7,0,0.0,2.0,5.0,22.0,B01
201400056088,0,33,0,0.0,0.0,8.0,1.0,A01
201400056089,0,33,0,0.0,1.0,2.0,17.0,A01
201400056090,0,33,0,0.0,2.0,1.0,2.0,A01
201400056090,0,10,0,0.0,2.0,5.0,2.0,B01
201400056091,0,7,0,0.0,2.0,3.0,18.0,A01
201400056091,0,14,0,0.0,2.0,2.0,16.0,B01
201400056092,0,7,0,0.0,1.0,2.0,1.0,A01
201400056093,0,30,0,0.0,2.0,2.0,1.0,B01
201400056093,0,7,0,0.0,2.0,2.0,11.0,A01
201400056094,0,7,0,0.0,2.0,5.0,23.0,C01
201400056094,0,33,0,0.0,2.0,9.0,23.0,B01
201400056094,0,7,0,0.0,2.0,1.0,2.0,A01
201400056095,0,10,0,0.0,2.0,2.0,15.0,B01
201400056095,0,14,0,0.0,2.0,1.0,1.0,A01
201400056096,0,2,0,8.0,0.0,1.0,14.0,A01
201400056097,0,34,0,0.0,1.0,3.0,1.0,A01
201400056098,1,7,0,0.0,2.0,3.0,5.0,Z01
201400056098,0,34,0,0.0,2.0,3.0,1.0,A01
201400056099,0,7,0,0.0,2.0,4.0,1.0,B01
201400056099,0,7,0,0.0,2.0,2.0,1.0,C01
201400056099,0,30,0,0.0,2.0,1.0,1.0,A01
201400056100,0,2,0,0.0,2.0,0.0,16.0,A01
201400056100,1,7,0,0.0,2.0,0.0,14.0,Z01
201400056101,0,7,0,0.0,2.0,5.0,17.0,B01
201400056101,0,38,1,0.0,2.0,3.0,1.0,A01
201400056102,1,7,0,0.0,2.0,0.0,1.0,Z01
201400056102,0,30,0,0.0,2.0,1.0,1.0,A01
201400056103,0,7,0,0.0,2.0,3.0,11.0,A01
201400056103,0,30,0,0.0,2.0,7.0,1.0,B01
201400056104,0,7,0,0.0,2.0,4.0,2.0,B01
201400056104,0,7,0,0.0,2.0,1.0,2.0,A01
201400056105,0,10,0,0.0,2.0,3.0,10.0,A01
201400056105,0,30,0,0.0,2.0,1.0,1.0,B01
201400056106,0,30,0,0.0,2.0,1.0,2.0,A01
201400056106,0,7,0,0.0,2.0,4.0,23.0,B01
201400056107,0,7,0,0.0,1.0,6.0,4.0,A01
201400056108,0,7,0,0.0,2.0,2.0,2.0,A01
201400056108,0,7,0,0.0,1.0,1.0,23.0,B01
201400056109,0,30,0,0.0,2.0,8.0,16.0,A01
201400056109,1,7,0,0.0,2.0,7.0,2.0,Z01
201400056109,0,37,1,0.0,2.0,8.0,23.0,B01
201400056110,0,7,0,0.0,2.0,8.0,1.0,B01
201400056110,0,33,0,0.0,2.0,1.0,1.0,A01
201400056111,0,7,0,0.0,2.0,1.0,1.0,A01
201400056111,0,33,0,0.0,2.0,1.0,1.0,B01
201400056112,0,7,0,0.0,2.0,2.0,15.0,A01
201400056112,0,33,0,0.0,2.0,1.0,1.0,B01
201400056113,0,2,0,0.0,2.0,1.0,15.0,A01
201400056113,0,33,0,0.0,2.0,1.0,1.0,B01
201400056114,0,30,0,0.0,0.0,1.0,14.0,A01
201400056115,1,7,0,0.0,2.0,1.0,16.0,Z01
201400056115,0,1,0,0.0,2.0,4.0,1.0,A01
201400056116,0,7,0,0.0,2.0,1.0,2.0,A01
201400056116,0,7,0,0.0,2.0,4.0,23.0,B01
201400056117,0,33,0,0.0,2.0,2.0,1.0,A01
201400056117,0,7,0,0.0,2.0,2.0,15.0,B01
201400056118,0,31,0,0.0,2.0,1.0,1.0,B01
201400056118,0,7,0,0.0,2.0,2.0,15.0,A01
201400056119,0,1,0,0.0,2.0,8.0,13.0,B01
201400056119,0,33,0,0.0,2.0,7.0,1.0,A01
201400056120,0,10,0,0.0,2.0,3.0,13.0,B01
201400056120,0,31,0,0.0,2.0,2.0,17.0,A01
201400056121,0,34,0,0.0,2.0,1.0,1.0,B01
201400056121,0,7,0,0.0,2.0,6.0,10.0,A01
201400056122,0,33,0,0.0,2.0,2.0,15.0,B01
201400056122,0,7,0,0.0,2.0,8.0,15.0,A01
201400056123,0,7,0,0.0,1.0,1.0,1.0,A01
201400056124,0,31,0,0.0,2.0,8.0,7.0,B01
201400056124,0,7,0,0.0,2.0,7.0,16.0,A01
201400056125,0,7,0,0.0,2.0,1.0,1.0,A01
201400056125,0,33,0,0.0,2.0,6.0,1.0,B01
201400056126,0,33,0,0.0,1.0,1.0,1.0,A01
201400056127,0,7,0,0.0,2.0,1.0,1.0,B01
201400056127,0,7,0,6.0,2.0,2.0,1.0,A01
201400056128,0,7,0,0.0,1.0,5.0,4.0,A01
201400056129,0,1,0,0.0,2.0,5.0,1.0,B01
201400056129,0,2,0,0.0,2.0,1.0,11.0,A01
201400056130,0,7,0,0.0,1.0,2.0,1.0,A01
201400056131,0,7,0,0.0,2.0,1.0,1.0,A01
201400056131,0,7,0,0.0,2.0,5.0,1.0,B01
201400056132,0,7,0,0.0,2.0,2.0,1.0,B01
201400056132,0,2,0,0.0,2.0,1.0,1.0,A01
201400056133,0,32,0,0.0,2.0,3.0,1.0,A01
201400056133,0,7,0,0.0,2.0,2.0,15.0,B01
201400056134,0,37,1,0.0,1.0,1.0,15.0,A01
201400056135,0,10,0,0.0,1.0,3.0,1.0,A01
201400056136,0,7,0,0.0,1.0,1.0,1.0,A01
201400056137,1,10,0,0.0,1.0,1.0,5.0,Z01
201400056138,0,33,0,1.0,0.0,1.0,14.0,A01
201400056139,0,33,0,0.0,2.0,4.0,23.0,B01
201400056139,0,7,0,0.0,2.0,1.0,2.0,A01
201400056140,0,31,0,0.0,1.0,1.0,18.0,A01
201400056141,0,7,0,0.0,2.0,8.0,23.0,C01
201400056141,0,33,0,0.0,2.0,2.0,14.0,A01
201400056141,0,10,0,0.0,2.0,6.0,23.0,B01
201400056142,0,7,0,0.0,2.0,2.0,16.0,A01
201400056142,0,33,0,0.0,2.0,3.0,18.0,B01
201400056143,0,7,0,7.0,0.0,1.0,13.0,A01
201400056144,0,2,0,0.0,0.0,0.0,15.0,A01
201400056145,0,7,0,0.0,2.0,4.0,2.0,D01
201400056145,0,7,0,0.0,2.0,4.0,2.0,C01
201400056145,0,7,0,0.0,2.0,4.0,2.0,B01
201400056145,0,7,0,0.0,2.0,1.0,2.0,A01
201400056146,0,7,0,0.0,2.0,1.0,15.0,A01
201400056146,0,31,0,0.0,2.0,1.0,1.0,B01
201400056147,0,2,0,12.0,0.0,7.0,15.0,A01
201400056148,0,7,0,0.0,2.0,1.0,1.0,A01
201400056148,1,10,0,0.0,2.0,0.0,15.0,Z01
201400056149,0,31,0,0.0,1.0,1.0,1.0,A01
201400056150,0,7,0,0.0,1.0,8.0,4.0,A01
201400056151,0,7,0,0.0,2.0,3.0,10.0,A01
201400056151,0,33,0,0.0,2.0,8.0,1.0,B01
201400056152,0,33,0,0.0,2.0,1.0,1.0,B01
201400056152,0,7,0,0.0,2.0,2.0,15.0,A01
201400056153,0,1,0,0.0,2.0,1.0,13.0,A01
201400056153,0,7,0,0.0,2.0,2.0,1.0,B01
201400056154,0,2,0,0.0,2.0,1.0,1.0,A01
201400056154,0,10,0,0.0,2.0,7.0,1.0,B01
201400056155,0,7,0,0.0,2.0,1.0,2.0,A01
201400056155,0,7,0,0.0,2.0,4.0,23.0,B01
201400056156,0,7,0,0.0,2.0,3.0,10.0,B01
201400056156,0,30,0,0.0,2.0,1.0,1.0,A01
201400056157,0,34,0,14.0,9.0,1.0,0.0,A01
201400056158,0,32,0,0.0,2.0,4.0,23.0,B01
201400056158,0,7,0,0.0,2.0,1.0,2.0,A01
201400056159,0,7,0,0.0,1.0,1.0,1.0,A01
201400056160,0,33,0,0.0,1.0,2.0,1.0,A01
201400056161,0,33,0,8.0,2.0,4.0,23.0,B01
201400056161,0,33,0,0.0,2.0,1.0,2.0,A01
201400056162,0,7,0,0.0,2.0,8.0,22.0,A01
201400056162,0,1,0,0.0,2.0,1.0,1.0,B01
201400056163,0,1,0,0.0,2.0,1.0,1.0,B01
201400056163,0,14,0,0.0,2.0,3.0,15.0,A01
201400056164,0,33,0,0.0,2.0,8.0,17.0,B01
201400056164,0,7,0,0.0,2.0,8.0,13.0,A01
201400056165,0,33,0,0.0,1.0,1.0,1.0,A01
201400056166,0,7,0,0.0,2.0,2.0,22.0,B01
201400056166,0,1,0,0.0,2.0,3.0,1.0,A01
201400056167,0,1,0,0.0,1.0,1.0,5.0,A01
201400056168,0,30,0,0.0,2.0,1.0,1.0,A01
201400056168,0,7,0,0.0,2.0,4.0,1.0,B01
201400056169,0,7,0,0.0,2.0,5.0,15.0,A01
201400056169,0,2,0,0.0,2.0,1.0,1.0,B01
201400056170,0,2,0,0.0,0.0,0.0,1.0,A01
201400056171,0,1,0,0.0,2.0,2.0,7.0,B01
201400056171,0,14,0,0.0,2.0,3.0,9.0,A01
201400056172,0,7,0,0.0,2.0,8.0,15.0,B01
201400056172,0,31,0,0.0,2.0,1.0,17.0,A01
201400056173,0,33,0,12.0,0.0,0.0,1.0,A01
201400056174,0,7,0,0.0,1.0,1.0,1.0,A01
201400056175,0,33,0,0.0,2.0,1.0,1.0,A01
201400056175,0,7,0,0.0,2.0,3.0,16.0,B01
201400056176,0,7,0,0.0,2.0,4.0,23.0,B01
201400056176,0,10,0,0.0,2.0,1.0,2.0,A01
201400056176,0,10,0,0.0,2.0,4.0,23.0,C01
201400056177,0,33,0,0.0,2.0,1.0,17.0,A01
201400056177,0,7,0,0.0,2.0,3.0,15.0,B01
201400056178,0,30,0,0.0,2.0,4.0,23.0,B01
201400056178,0,7,0,0.0,2.0,1.0,2.0,A01
201400056179,0,33,0,0.0,2.0,1.0,2.0,A01
201400056179,0,7,0,0.0,2.0,5.0,16.0,B01
201400056180,0,7,0,0.0,2.0,6.0,12.0,B01
201400056180,0,7,0,0.0,2.0,1.0,1.0,A01
201400056181,0,7,0,0.0,1.0,1.0,1.0,A01
201400056182,0,2,0,0.0,2.0,3.0,1.0,A01
201400056182,0,7,0,0.0,2.0,3.0,9.0,B01
201400056183,0,7,0,0.0,2.0,7.0,9.0,B01
201400056183,0,1,0,0.0,2.0,1.0,5.0,A01
201400056184,0,7,0,0.0,1.0,1.0,1.0,A01
201400056185,0,33,0,0.0,2.0,1.0,1.0,A01
201400056185,0,7,0,0.0,2.0,2.0,15.0,B01
201400056186,0,1,0,0.0,2.0,1.0,1.0,B01
201400056186,0,7,0,0.0,2.0,6.0,22.0,A01
201400056187,1,34,0,0.0,1.0,0.0,1.0,Z01
201400056188,0,7,0,0.0,1.0,1.0,16.0,A01
201400056189,0,7,0,0.0,2.0,7.0,17.0,A01
201400056189,0,1,0,0.0,2.0,8.0,7.0,B01
201400056190,0,7,0,0.0,1.0,6.0,4.0,A01
201400056191,0,7,0,0.0,1.0,3.0,15.0,A01
201400056192,0,10,0,0.0,1.0,6.0,4.0,A01
201400056193,0,30,0,0.0,2.0,1.0,5.0,A01
201400056193,1,7,0,0.0,2.0,0.0,1.0,Z01
201400056194,1,30,0,0.0,1.0,1.0,1.0,Z01
201400056195,0,34,0,0.0,1.0,1.0,1.0,A01
201400056196,0,32,0,0.0,2.0,1.0,1.0,A01
201400056196,0,7,0,0.0,2.0,3.0,9.0,B01
201400056197,0,32,0,0.0,0.0,0.0,1.0,A01
201400056198,0,30,0,0.0,0.0,0.0,1.0,A01
201400056199,0,31,0,0.0,2.0,4.0,23.0,B01
201400056199,0,7,0,0.0,2.0,1.0,7.0,A01
201400056200,0,7,0,0.0,1.0,2.0,1.0,A01
201400056201,1,7,0,0.0,1.0,0.0,1.0,Z01
201400056202,0,37,1,0.0,2.0,1.0,2.0,A01
201400056202,0,7,0,0.0,2.0,4.0,2.0,B01
201400056203,0,33,0,0.0,2.0,1.0,1.0,A01
201400056203,0,10,0,0.0,2.0,7.0,15.0,B01
201400056204,0,10,0,0.0,1.0,1.0,15.0,A01
201400056205,0,1,0,0.0,2.0,1.0,1.0,B01
201400056205,0,7,0,0.0,2.0,3.0,22.0,A01
201400056206,0,7,0,0.0,2.0,2.0,1.0,B01
201400056206,0,1,0,0.0,2.0,4.0,13.0,A01
201400056207,0,30,0,0.0,2.0,7.0,17.0,B01
201400056207,0,7,0,0.0,2.0,8.0,15.0,A01
201400056208,0,33,0,0.0,1.0,7.0,15.0,A01
201400056209,0,2,0,0.0,2.0,8.0,1.0,B01
201400056209,0,7,0,0.0,2.0,1.0,15.0,A01
201400056210,0,7,0,0.0,2.0,7.0,16.0,A01
201400056210,0,31,0,0.0,2.0,8.0,1.0,B01
201400056211,0,1,0,0.0,1.0,1.0,1.0,A01
201400056212,0,7,0,0.0,2.0,2.0,16.0,A01
201400056212,0,30,0,0.0,2.0,0.0,1.0,B01
201400056213,0,7,0,0.0,1.0,1.0,16.0,A01
201400056214,0,7,0,0.0,1.0,2.0,1.0,A01
201400056215,0,31,0,0.0,2.0,1.0,2.0,A01
201400056215,0,7,0,0.0,2.0,4.0,23.0,B01
201400056216,0,1,0,0.0,2.0,2.0,15.0,A01
201400056216,0,7,0,0.0,2.0,2.0,1.0,B01
201400056217,0,30,0,0.0,2.0,5.0,17.0,B01
201400056217,0,7,0,0.0,2.0,8.0,13.0,A01
201400056218,0,10,0,0.0,2.0,4.0,23.0,B01
201400056218,0,1,0,0.0,2.0,1.0,2.0,A01
201400056219,0,30,0,0.0,1.0,1.0,1.0,A01
201400056220,0,7,0,1.0,2.0,5.0,16.0,A01
201400056220,0,34,0,1.0,2.0,1.0,18.0,B01
201400056221,0,37,0,7.0,0.0,3.0,13.0,A01
201400056222,0,31,0,0.0,2.0,8.0,18.0,A01
201400056222,0,7,0,0.0,2.0,4.0,16.0,B01
201400056223,1,7,0,0.0,1.0,1.0,1.0,Z01
201400056224,0,7,0,0.0,2.0,2.0,15.0,A01
201400056224,0,33,0,0.0,2.0,1.0,1.0,B01
201400056225,0,30,0,0.0,0.0,8.0,21.0,A01
201400056226,0,7,0,0.0,2.0,3.0,1.0,B01
201400056226,0,30,0,0.0,2.0,1.0,13.0,A01
201400056227,0,34,0,0.0,2.0,1.0,1.0,A01
201400056227,0,7,0,0.0,2.0,3.0,10.0,B01
201400056228,0,2,0,0.0,2.0,1.0,7.0,A01
201400056228,0,7,0,0.0,2.0,2.0,16.0,B01
201400056229,0,31,0,14.0,0.0,1.0,1.0,A01
201400056230,0,7,0,0.0,2.0,1.0,15.0,B01
201400056230,0,10,0,0.0,2.0,3.0,1.0,A01
201400056231,0,31,0,0.0,0.0,0.0,1.0,A01
201400056232,0,7,0,4.0,2.0,5.0,17.0,A01
201400056232,0,14,0,0.0,2.0,3.0,1.0,B01
201400056233,0,30,0,0.0,1.0,1.0,1.0,A01
201400056234,0,33,0,0.0,1.0,1.0,1.0,A01
201400056235,0,34,0,0.0,2.0,1.0,18.0,A01
201400056235,0,7,0,0.0,2.0,7.0,16.0,B01
201400056236,0,37,3,0.0,1.0,3.0,15.0,A01
201400056237,0,32,0,1.0,2.0,7.0,17.0,A01
201400056237,0,7,0,0.0,2.0,8.0,15.0,B01
201400056238,0,31,0,0.0,2.0,1.0,1.0,A01
201400056238,0,2,0,0.0,2.0,1.0,23.0,B01
201400056239,0,32,0,0.0,1.0,1.0,17.0,A01
201400056240,1,7,0,0.0,2.0,3.0,9.0,Z01
201400056240,0,30,0,1.0,2.0,9.0,1.0,A01
201400056240,0,7,0,0.0,2.0,3.0,24.0,B01
201400056241,0,34,0,8.0,0.0,1.0,1.0,A01
201400056242,0,7,0,0.0,1.0,0.0,1.0,A01
201400056243,0,30,0,1.0,0.0,1.0,1.0,A01
201400056244,0,7,0,0.0,2.0,3.0,10.0,A01
201400056244,0,34,0,0.0,2.0,1.0,1.0,B01
201400056245,0,15,0,0.0,2.0,2.0,1.0,A01
201400056245,0,7,0,0.0,2.0,6.0,1.0,B01
201400056246,0,7,0,0.0,2.0,3.0,1.0,C01
201400056246,0,31,0,0.0,2.0,4.0,2.0,B01
201400056246,0,38,6,0.0,2.0,3.0,1.0,A01
201400056247,0,7,0,0.0,2.0,3.0,7.0,B01
201400056247,0,7,0,0.0,2.0,3.0,15.0,A01
201400056248,0,7,0,0.0,2.0,2.0,15.0,B01
201400056248,0,30,0,0.0,2.0,7.0,1.0,A01
201400056249,0,33,0,0.0,0.0,8.0,1.0,A01
201400056250,0,1,0,0.0,2.0,1.0,1.0,B01
201400056250,0,7,0,0.0,2.0,8.0,22.0,A01
201400056251,0,33,0,0.0,0.0,8.0,1.0,A01
201400056252,0,30,0,0.0,2.0,1.0,1.0,A01
201400056252,0,7,0,0.0,2.0,3.0,9.0,B01
201400056253,0,33,0,0.0,1.0,1.0,1.0,A01
201400056254,0,7,0,0.0,1.0,2.0,1.0,A01
201400056255,0,31,0,0.0,1.0,1.0,17.0,A01
201400056256,0,10,0,0.0,1.0,3.0,15.0,A01
201400056257,0,32,0,0.0,2.0,1.0,1.0,B01
201400056257,0,7,0,0.0,2.0,3.0,15.0,A01
201400056258,0,31,0,0.0,2.0,1.0,1.0,A01
201400056258,0,10,0,0.0,2.0,7.0,15.0,B01
201400056259,0,32,0,0.0,0.0,8.0,21.0,A01
201400056260,0,33,0,0.0,2.0,1.0,1.0,B01
201400056260,0,7,0,0.0,2.0,7.0,15.0,A01
201400056261,0,7,0,0.0,2.0,4.0,2.0,B01
201400056261,0,7,0,0.0,2.0,1.0,2.0,A01
201400056262,0,7,0,0.0,2.0,8.0,15.0,B01
201400056262,0,7,0,0.0,2.0,1.0,1.0,A01
201400056263,0,33,0,0.0,2.0,8.0,1.0,B01
201400056263,0,7,0,0.0,2.0,1.0,1.0,A01
201400056264,0,7,0,0.0,2.0,2.0,1.0,B01
201400056264,0,15,0,0.0,2.0,3.0,10.0,A01
201400056265,0,7,0,0.0,2.0,4.0,23.0,B01
201400056265,0,7,0,0.0,2.0,4.0,23.0,C01
201400056265,0,14,0,0.0,2.0,1.0,0.0,A01
201400056265,0,7,0,0.0,2.0,4.0,23.0,D01
201400056266,0,33,0,1.0,0.0,1.0,1.0,A01
201400056267,0,7,0,0.0,1.0,2.0,1.0,A01
201400056268,0,33,0,0.0,2.0,1.0,1.0,A01
201400056268,0,10,0,0.0,2.0,3.0,9.0,B01
201400056269,0,34,0,0.0,2.0,1.0,17.0,B01
201400056269,0,7,0,0.0,2.0,3.0,10.0,A01
201400056270,0,7,0,0.0,2.0,8.0,23.0,B01
201400056270,0,1,0,0.0,2.0,1.0,1.0,A01
201400056271,0,7,0,0.0,2.0,2.0,15.0,B01
201400056271,0,2,0,0.0,2.0,1.0,1.0,A01
201400056272,0,2,0,0.0,1.0,0.0,1.0,A01
201400056273,0,7,0,14.0,0.0,3.0,13.0,A01
201400056274,0,10,0,0.0,1.0,4.0,10.0,A01
201400056275,0,7,0,0.0,2.0,3.0,9.0,A01
201400056275,0,32,0,0.0,2.0,5.0,1.0,B01
201400056276,0,34,0,0.0,1.0,1.0,1.0,A01
201400056277,0,7,0,0.0,1.0,3.0,15.0,A01
201400056278,0,7,0,0.0,2.0,1.0,17.0,A01
201400056278,0,7,0,0.0,2.0,8.0,15.0,B01
201400056279,0,13,0,0.0,1.0,2.0,1.0,A01
201400056280,0,33,0,0.0,0.0,0.0,1.0,A01
201400056281,0,31,0,0.0,2.0,2.0,17.0,B01
201400056281,0,10,0,0.0,2.0,3.0,15.0,A01
201400056282,0,30,0,1.0,0.0,2.0,13.0,A01
201400056283,0,10,0,0.0,2.0,3.0,13.0,A01
201400056283,0,30,0,0.0,2.0,7.0,17.0,B01
201400056284,0,2,0,0.0,2.0,1.0,2.0,A01
201400056284,0,7,0,1.0,2.0,5.0,2.0,B01
201400056285,0,7,0,0.0,2.0,2.0,14.0,A01
201400056285,0,1,0,0.0,2.0,8.0,7.0,B01
201400056286,0,14,0,0.0,2.0,3.0,13.0,A01
201400056286,0,33,0,0.0,2.0,7.0,17.0,B01
201400056287,0,32,0,0.0,0.0,0.0,1.0,A01
201400056288,0,30,0,0.0,2.0,8.0,1.0,B01
201400056288,0,7,0,0.0,2.0,7.0,9.0,A01
201400056289,0,37,3,0.0,1.0,3.0,7.0,A01
201400056290,0,7,0,0.0,1.0,4.0,4.0,A01
201400056291,0,7,0,0.0,1.0,1.0,15.0,A01
201400056292,0,1,0,0.0,2.0,3.0,1.0,A01
201400056292,1,10,0,0.0,2.0,1.0,15.0,Z01
201400056293,0,7,0,7.0,0.0,1.0,1.0,A01
201400056294,0,37,10,0.0,2.0,7.0,7.0,A01
201400056294,0,32,0,0.0,9.0,3.0,11.0,B01
201400056295,0,34,0,0.0,1.0,1.0,15.0,A01
201400056296,0,7,0,1.0,0.0,1.0,1.0,A01
201400056296,0,7,0,0.0,0.0,8.0,1.0,B01
201400056297,0,31,0,0.0,2.0,1.0,2.0,A01
201400056297,1,7,0,0.0,2.0,4.0,4.0,Z01
201400056298,0,7,0,0.0,2.0,1.0,2.0,A01
201400056298,0,7,0,0.0,2.0,4.0,23.0,B01
201400056299,0,10,0,0.0,1.0,1.0,16.0,A01
201400056300,0,30,0,14.0,0.0,1.0,21.0,A01
201400056301,0,33,0,0.0,1.0,3.0,1.0,A01
201400056302,0,32,0,0.0,0.0,8.0,18.0,A01
201400056302,0,7,0,0.0,0.0,2.0,16.0,B01
201400056303,0,31,0,0.0,2.0,2.0,17.0,B01
201400056303,0,30,0,0.0,2.0,4.0,11.0,A01
201400056304,0,2,0,0.0,1.0,0.0,1.0,A01
201400056305,0,7,0,0.0,1.0,6.0,20.0,A01
201400056306,0,1,0,0.0,2.0,3.0,15.0,B01
201400056306,0,33,0,0.0,2.0,1.0,2.0,A01
201400056307,1,7,0,0.0,2.0,0.0,5.0,Z01
201400056307,0,32,0,0.0,2.0,6.0,15.0,A01
201400056308,0,7,0,0.0,1.0,2.0,1.0,A01
201400056309,0,10,0,0.0,2.0,7.0,15.0,A01
201400056309,0,2,0,0.0,2.0,8.0,1.0,B01
201400056310,0,2,0,14.0,0.0,8.0,13.0,A01
201400056311,0,32,0,0.0,1.0,2.0,1.0,A01
201400056312,1,34,0,0.0,1.0,1.0,1.0,Z01
201400056313,0,32,0,0.0,1.0,0.0,1.0,A01
201400056314,0,7,0,0.0,2.0,1.0,2.0,A01
201400056314,0,7,0,0.0,2.0,4.0,23.0,B01
201400056315,0,30,0,0.0,0.0,7.0,1.0,A01
201400056316,0,7,0,0.0,2.0,6.0,1.0,A01
201400056316,0,1,0,0.0,2.0,1.0,1.0,B01
201400056317,0,7,0,0.0,1.0,4.0,4.0,A01
201400056318,0,10,0,0.0,0.0,6.0,15.0,A01
201400056318,0,32,0,0.0,2.0,2.0,1.0,B01
201400056319,0,7,0,0.0,1.0,2.0,1.0,A01
201400056320,0,7,0,0.0,2.0,6.0,15.0,B01
201400056320,0,30,0,0.0,2.0,1.0,7.0,A01
201400056321,1,7,0,0.0,1.0,0.0,1.0,Z01
201400056322,0,7,0,0.0,2.0,1.0,15.0,A01
201400056322,0,31,0,0.0,2.0,8.0,1.0,B01
201400056323,0,7,0,7.0,0.0,1.0,13.0,A01
201400056324,1,7,0,1.0,1.0,2.0,1.0,Z01
201400056325,0,7,0,0.0,1.0,2.0,1.0,A01
201400056326,1,2,0,0.0,1.0,0.0,1.0,Z01
201400056327,2,7,0,0.0,2.0,1.0,2.0,Z01
201400056327,0,7,0,0.0,2.0,4.0,23.0,A01
201400056328,0,7,0,0.0,1.0,1.0,1.0,A01
201400056329,0,7,0,0.0,1.0,2.0,1.0,A01
201400056330,0,7,0,0.0,2.0,3.0,22.0,A01
201400056330,0,33,0,0.0,2.0,1.0,1.0,B01
201400056331,0,33,0,0.0,2.0,1.0,1.0,B01
201400056331,0,7,0,0.0,2.0,2.0,15.0,A01
201400056332,0,99,0,0.0,1.0,8.0,1.0,A01
201400056333,1,1,0,0.0,1.0,0.0,1.0,Z01
201400056334,0,2,0,0.0,2.0,2.0,16.0,A01
201400056334,0,33,0,0.0,2.0,8.0,1.0,B01
201400056334,0,1,0,0.0,2.0,6.0,1.0,C01
201400056335,0,7,0,8.0,0.0,1.0,1.0,A01
201400056336,0,7,0,0.0,2.0,2.0,12.0,A01
201400056336,0,32,0,0.0,2.0,3.0,1.0,B01
201400056337,0,30,0,1.0,2.0,2.0,1.0,B01
201400056337,0,7,0,0.0,2.0,3.0,9.0,A01
201400056338,0,7,0,14.0,0.0,1.0,21.0,A01
201400056339,0,2,0,0.0,2.0,8.0,15.0,A01
201400056339,0,7,0,0.0,2.0,3.0,1.0,B01
201400056340,0,7,0,0.0,2.0,3.0,10.0,A01
201400056340,0,33,0,0.0,2.0,2.0,17.0,B01
201400056341,0,7,0,0.0,2.0,1.0,2.0,A01
201400056341,0,7,0,0.0,2.0,1.0,2.0,B01
201400056341,0,7,0,0.0,2.0,4.0,2.0,C01
201400056342,0,7,0,0.0,1.0,1.0,1.0,A01
201400056343,0,33,0,1.0,0.0,2.0,2.0,A01
201400056344,0,7,0,0.0,2.0,8.0,15.0,A01
201400056344,0,1,0,0.0,2.0,7.0,17.0,B01
201400056345,0,2,0,0.0,0.0,0.0,1.0,A01
201400056346,0,10,0,0.0,2.0,1.0,1.0,A01
201400056346,0,7,0,0.0,2.0,3.0,1.0,B01
201400056347,0,34,0,0.0,1.0,1.0,1.0,A01
201400056348,0,2,0,2.0,0.0,1.0,1.0,A01
201400056349,0,2,0,0.0,0.0,2.0,1.0,A01
201400056350,0,34,0,0.0,2.0,8.0,1.0,A01
201400056350,0,10,0,0.0,2.0,8.0,12.0,B01
201400056351,0,7,0,0.0,2.0,1.0,1.0,A01
201400056351,0,1,0,0.0,2.0,7.0,19.0,B01
201400056352,0,7,0,0.0,1.0,3.0,1.0,A01
201400056353,0,37,1,0.0,2.0,2.0,15.0,B01
201400056353,0,7,0,0.0,2.0,3.0,15.0,A01
201400056354,0,34,0,0.0,1.0,0.0,1.0,A01
201400056355,0,7,0,0.0,2.0,2.0,1.0,A01