Num_Acc,senc,catv,occutc,obs,obsm,choc,manv,num_veh
201400056355,0,31,0,0.0,2.0,4.0,23.0,B01
201400056356,0,7,0,0.0,2.0,4.0,2.0,C01
201400056356,0,13,0,0.0,2.0,1.0,2.0,A01
201400056356,0,10,0,0.0,2.0,4.0,2.0,B01
201400056357,0,7,0,11.0,0.0,2.0,13.0,A01
201400056358,0,7,0,0.0,1.0,3.0,1.0,A01
201400056359,0,7,0,0.0,2.0,8.0,15.0,A01
201400056359,0,30,0,0.0,2.0,1.0,17.0,B01
201400056360,0,2,0,0.0,2.0,1.0,2.0,A01
201400056360,0,7,0,0.0,2.0,4.0,2.0,B01
201400056361,0,32,0,0.0,2.0,1.0,18.0,A01
201400056361,0,7,0,0.0,2.0,7.0,16.0,B01
201400056362,0,7,0,11.0,0.0,1.0,13.0,A01
201400056363,0,7,0,0.0,2.0,1.0,1.0,A01
201400056363,0,7,0,0.0,2.0,4.0,1.0,D01
201400056363,0,7,0,0.0,2.0,4.0,1.0,C01
201400056363,0,7,0,0.0,2.0,4.0,1.0,B01
201400056364,0,33,0,1.0,0.0,1.0,15.0,A01
201400056365,0,7,0,0.0,1.0,1.0,15.0,A01
201400056366,0,33,0,0.0,0.0,0.0,11.0,A01
201400056367,0,33,0,14.0,0.0,1.0,1.0,A01
201400056368,0,7,0,0.0,1.0,2.0,16.0,A01
201400056369,0,33,0,0.0,2.0,1.0,3.0,A01
201400056369,0,7,0,0.0,2.0,5.0,12.0,B01
201400056370,0,34,0,0.0,2.0,1.0,1.0,B01
201400056370,0,7,0,0.0,2.0,2.0,1.0,A01
201400056371,0,32,0,0.0,2.0,1.0,1.0,B01
201400056371,0,7,0,0.0,2.0,3.0,15.0,A01
201400056372,0,37,1,0.0,1.0,2.0,7.0,A01
201400056373,0,33,0,0.0,2.0,7.0,17.0,B01
201400056373,0,7,0,0.0,2.0,3.0,15.0,A01
201400056374,0,7,0,0.0,1.0,7.0,1.0,A01
201400056375,0,33,0,0.0,2.0,1.0,5.0,A01
201400056375,0,7,0,0.0,2.0,1.0,1.0,B01
201400056376,0,2,0,0.0,2.0,2.0,5.0,A01
201400056376,0,7,0,0.0,2.0,3.0,1.0,B01
201400056377,0,32,0,1.0,2.0,1.0,17.0,A01
201400056377,0,7,0,0.0,2.0,8.0,22.0,B01
201400056378,0,7,0,0.0,2.0,5.0,23.0,B01
201400056378,0,7,0,6.0,2.0,2.0,13.0,A01
201400056379,0,34,0,0.0,1.0,1.0,1.0,A01
201400056380,1,7,0,0.0,1.0,2.0,16.0,Z01
201400056381,0,7,0,1.0,0.0,1.0,1.0,A01
201400056382,0,7,0,0.0,1.0,5.0,1.0,A01
201400056383,0,31,0,0.0,2.0,2.0,1.0,A01
201400056383,0,10,0,0.0,2.0,3.0,1.0,B01
201400056384,0,32,0,0.0,0.0,8.0,1.0,A01
201400056385,1,7,0,0.0,2.0,1.0,10.0,Z01
201400056385,0,30,0,0.0,2.0,8.0,1.0,A01
201400056386,0,7,0,0.0,2.0,3.0,1.0,A01
201400056386,0,30,0,0.0,2.0,2.0,16.0,B01
201400056387,0,7,0,0.0,1.0,4.0,4.0,A01
201400056388,0,7,0,0.0,2.0,2.0,1.0,A01
201400056388,0,2,0,0.0,2.0,1.0,1.0,B01
201400056389,0,31,0,0.0,2.0,8.0,18.0,A01
201400056389,0,7,0,0.0,2.0,7.0,16.0,B01
201400056390,0,7,0,0.0,1.0,5.0,20.0,A01
201400056391,0,2,0,0.0,2.0,0.0,1.0,A01
201400056391,1,7,0,0.0,2.0,0.0,13.0,Z01
201400056392,0,10,0,0.0,2.0,1.0,2.0,A01
201400056392,0,3,0,0.0,2.0,4.0,23.0,B01
201400056393,0,30,0,0.0,1.0,1.0,5.0,A01
201400056394,1,10,0,0.0,2.0,7.0,14.0,Z01
201400056394,0,37,0,0.0,2.0,8.0,7.0,A01
201400056395,0,30,0,0.0,2.0,5.0,1.0,B01
201400056395,0,7,0,0.0,2.0,2.0,1.0,A01
201400056396,1,7,0,0.0,1.0,0.0,1.0,Z01
201400056397,0,7,0,0.0,1.0,1.0,16.0,A01
201400056398,0,7,0,0.0,1.0,1.0,1.0,A01
201400056399,0,10,0,0.0,2.0,8.0,22.0,A01
201400056399,0,1,0,0.0,2.0,1.0,1.0,B01
201400056400,0,2,0,1.0,2.0,2.0,1.0,B01
201400056400,0,7,0,0.0,2.0,8.0,22.0,A01
201400056401,0,7,0,0.0,2.0,4.0,2.0,B01
201400056401,0,32,0,0.0,2.0,1.0,2.0,A01
201400056402,0,1,0,0.0,2.0,1.0,1.0,A01
201400056402,0,7,0,0.0,2.0,6.0,23.0,B01
201400056403,0,33,0,0.0,0.0,0.0,1.0,A01
201400056404,1,7,0,0.0,2.0,0.0,10.0,Z01
201400056404,0,31,0,0.0,2.0,0.0,1.0,A01
201400056405,0,7,0,0.0,1.0,1.0,1.0,A01
201400056406,0,7,0,0.0,2.0,5.0,15.0,A01
201400056406,0,7,0,0.0,2.0,2.0,1.0,B01
201400056407,0,32,0,0.0,0.0,0.0,1.0,A01
201400056408,0,33,0,0.0,2.0,1.0,1.0,B01
201400056408,0,32,0,0.0,2.0,4.0,9.0,A01
201400056409,1,30,0,0.0,2.0,7.0,19.0,Z01
201400056409,0,1,0,0.0,2.0,8.0,1.0,A01
201400056410,0,31,0,0.0,0.0,0.0,1.0,A01
201400056411,0,34,0,0.0,0.0,1.0,1.0,A01
201400056412,0,2,0,0.0,1.0,2.0,7.0,A01
201400056413,0,7,0,1.0,0.0,9.0,14.0,A01
201400056414,0,7,0,0.0,2.0,2.0,15.0,A01
201400056414,0,31,0,0.0,2.0,1.0,1.0,B01
201400056415,0,10,0,0.0,1.0,3.0,1.0,A01
201400056416,0,7,0,0.0,2.0,5.0,16.0,A01
201400056416,0,34,0,0.0,2.0,3.0,1.0,B01
201400056417,0,34,0,0.0,1.0,2.0,1.0,A01
201400056418,1,7,0,0.0,2.0,1.0,2.0,Z01
201400056418,0,1,0,0.0,2.0,4.0,23.0,A01
201400056419,1,7,0,0.0,1.0,4.0,4.0,Z01
201400056420,0,7,0,0.0,1.0,2.0,1.0,A01
201400056421,0,10,0,0.0,2.0,1.0,2.0,A01
201400056421,0,31,0,0.0,2.0,4.0,23.0,B01
201400056422,1,10,0,0.0,2.0,1.0,14.0,Z01
201400056422,0,33,0,0.0,2.0,8.0,1.0,A01
201400056423,0,31,0,0.0,2.0,6.0,18.0,A01
201400056423,0,7,0,0.0,2.0,7.0,1.0,B01
201400056424,0,30,0,0.0,0.0,1.0,1.0,A01
201400056425,0,7,0,0.0,2.0,6.0,23.0,B01
201400056425,0,33,0,0.0,2.0,1.0,2.0,A01
201400056426,1,2,0,0.0,1.0,0.0,1.0,Z01
201400056427,0,7,0,0.0,2.0,3.0,9.0,A01
201400056427,0,31,0,0.0,2.0,7.0,1.0,B01
201400056428,0,7,0,0.0,1.0,3.0,1.0,A01
201400056429,0,7,0,0.0,2.0,3.0,15.0,A01
201400056429,0,33,0,0.0,2.0,1.0,1.0,B01
201400056430,0,10,0,0.0,2.0,2.0,2.0,A01
201400056430,0,30,0,0.0,2.0,4.0,2.0,B01
201400056431,0,7,0,0.0,1.0,6.0,4.0,A01
201400056432,0,7,0,0.0,1.0,7.0,1.0,A01
201400056433,0,7,0,0.0,2.0,2.0,1.0,B01
201400056433,0,32,0,0.0,2.0,1.0,1.0,A01
201400056434,0,7,0,0.0,1.0,2.0,1.0,A01
201400056435,0,32,0,14.0,2.0,1.0,1.0,A01
201400056435,0,37,1,1.0,1.0,3.0,23.0,B01
201400056436,0,7,0,0.0,1.0,1.0,15.0,A01
201400056437,0,7,0,0.0,1.0,1.0,15.0,A01
201400056438,0,2,0,0.0,2.0,8.0,1.0,B01
201400056438,0,7,0,0.0,2.0,2.0,17.0,A01
201400056439,0,34,0,1.0,2.0,9.0,1.0,A01
201400056439,0,7,0,1.0,2.0,1.0,9.0,B01
201400056440,0,7,0,0.0,2.0,6.0,16.0,A01
201400056440,0,2,0,0.0,2.0,2.0,7.0,B01
201400056441,0,10,0,0.0,2.0,2.0,1.0,B01
201400056441,0,33,0,0.0,2.0,1.0,1.0,C01
201400056441,0,7,0,0.0,2.0,6.0,15.0,A01
201400056442,0,7,0,0.0,2.0,2.0,1.0,A01
201400056442,0,34,0,0.0,2.0,1.0,9.0,B01
201400056443,0,32,0,0.0,2.0,0.0,17.0,A01
201400056443,0,7,0,0.0,2.0,0.0,1.0,B01
201400056444,1,10,0,0.0,1.0,0.0,15.0,Z01
201400056445,0,30,0,0.0,2.0,8.0,13.0,A01
201400056445,0,33,0,0.0,2.0,7.0,17.0,B01
201400056446,0,7,0,0.0,1.0,8.0,1.0,A01
201400056447,0,7,0,0.0,1.0,5.0,20.0,A01
201400056448,0,34,0,0.0,1.0,1.0,1.0,A01
201400056449,0,34,0,7.0,0.0,3.0,1.0,A01
201400056450,0,7,0,0.0,1.0,2.0,15.0,A01
201400056451,0,7,0,0.0,2.0,8.0,15.0,A01
201400056451,0,32,0,0.0,1.0,1.0,17.0,B01
201400056452,0,34,0,0.0,2.0,5.0,1.0,B01
201400056452,0,7,0,0.0,2.0,3.0,18.0,A01
201400056453,0,7,0,0.0,1.0,1.0,1.0,A01
201400056454,0,31,0,0.0,2.0,7.0,17.0,B01
201400056454,0,7,0,0.0,2.0,8.0,15.0,A01
201400056455,0,33,0,0.0,2.0,1.0,2.0,A01
201400056455,0,7,0,0.0,2.0,6.0,23.0,B01
201400056456,0,7,0,0.0,2.0,4.0,23.0,B01
201400056456,0,10,0,0.0,2.0,2.0,2.0,A01
201400056457,0,7,0,0.0,2.0,1.0,15.0,A01
201400056457,0,1,0,0.0,2.0,8.0,1.0,B01
201400056458,0,7,0,0.0,2.0,4.0,23.0,B01
201400056458,0,10,0,0.0,2.0,1.0,2.0,A01
201400056458,0,7,0,0.0,2.0,4.0,23.0,D01
201400056458,0,7,0,0.0,2.0,4.0,23.0,C01
201400056459,0,30,0,0.0,1.0,1.0,7.0,A01
201400056459,0,7,0,0.0,2.0,1.0,15.0,B01
201400056460,0,2,0,0.0,2.0,3.0,18.0,A01
201400056460,0,7,0,0.0,2.0,2.0,16.0,B01
201400056461,0,30,0,1.0,0.0,7.0,13.0,A01
201400056462,0,30,0,0.0,2.0,3.0,18.0,A01
201400056462,0,2,0,0.0,2.0,2.0,16.0,B01
201400056463,0,33,0,15.0,2.0,8.0,18.0,A01
201400056463,0,37,1,0.0,2.0,5.0,1.0,B01
201400056464,0,7,0,0.0,2.0,5.0,23.0,A01
201400056464,1,7,0,0.0,2.0,3.0,13.0,Z01
201400056465,0,7,0,0.0,1.0,1.0,1.0,A01
201400056466,1,7,0,0.0,2.0,0.0,22.0,Z01
201400056466,0,1,0,0.0,2.0,1.0,1.0,A01
201400056467,0,31,0,0.0,0.0,0.0,1.0,A01
201400056468,0,10,0,0.0,1.0,7.0,1.0,A01
201400056469,2,7,0,0.0,2.0,1.0,5.0,Z01
201400056469,0,1,0,0.0,2.0,8.0,15.0,A01
201400056470,0,1,0,0.0,1.0,7.0,1.0,A01
201400056471,0,33,0,0.0,2.0,1.0,2.0,A01
201400056471,0,7,0,0.0,2.0,4.0,23.0,B01
201400056472,0,7,0,0.0,2.0,5.0,1.0,C01
201400056472,0,30,0,0.0,2.0,2.0,18.0,B01
201400056472,0,7,0,0.0,2.0,3.0,22.0,A01
201400056473,0,30,0,0.0,2.0,1.0,18.0,B01
201400056473,0,10,0,0.0,2.0,5.0,16.0,A01
201400056474,0,10,0,0.0,1.0,5.0,4.0,A01
201400056475,0,7,0,0.0,1.0,1.0,1.0,A01
201400056476,0,7,0,0.0,1.0,7.0,1.0,A01
201400056477,0,2,0,0.0,2.0,6.0,2.0,A01
201400056477,0,7,0,0.0,2.0,6.0,15.0,B01
201400056478,0,7,0,0.0,2.0,8.0,22.0,A01
201400056478,0,1,0,0.0,2.0,1.0,1.0,B01
201400056479,0,2,0,0.0,1.0,1.0,1.0,A01
201400056480,0,7,0,0.0,1.0,4.0,4.0,A01
201400056481,0,10,0,0.0,2.0,4.0,4.0,A01
201400056481,0,30,0,1.0,2.0,1.0,1.0,B01
201400056482,0,30,0,0.0,2.0,1.0,1.0,B01
201400056482,0,7,0,0.0,2.0,2.0,15.0,A01
201400056483,0,32,0,14.0,0.0,3.0,1.0,A01
201400056484,0,33,0,0.0,2.0,1.0,1.0,B01
201400056484,0,7,0,0.0,2.0,2.0,15.0,A01
201400056485,0,7,0,0.0,2.0,7.0,16.0,B01
201400056485,0,31,0,0.0,2.0,1.0,18.0,A01
201400056486,0,7,0,0.0,2.0,3.0,22.0,B01
201400056486,0,30,0,1.0,2.0,2.0,1.0,A01
201400056487,0,7,0,0.0,1.0,3.0,15.0,A01
201400056488,1,30,0,0.0,1.0,8.0,1.0,Z01
201400056489,0,7,0,0.0,2.0,2.0,16.0,A01
201400056489,0,1,0,0.0,2.0,9.0,7.0,B01
201400056490,0,30,0,0.0,2.0,6.0,1.0,A01
201400056490,1,30,0,0.0,2.0,1.0,15.0,Z01
201400056491,0,2,0,0.0,2.0,1.0,2.0,A01
201400056491,0,30,0,0.0,2.0,4.0,2.0,B01
201400056492,0,10,0,0.0,2.0,2.0,9.0,A01
201400056492,0,1,0,0.0,2.0,1.0,1.0,B01
201400056493,0,31,0,0.0,2.0,3.0,1.0,B01
201400056493,0,31,0,0.0,2.0,1.0,1.0,A01
201400056494,0,7,0,0.0,1.0,4.0,4.0,A01
201400056495,0,7,0,0.0,2.0,0.0,1.0,A01
201400056495,0,31,0,0.0,2.0,0.0,1.0,B01
201400056496,1,30,0,0.0,1.0,1.0,15.0,Z01
201400056497,0,7,0,14.0,1.0,1.0,7.0,A01
201400056498,0,7,0,0.0,2.0,1.0,17.0,A01
201400056498,0,31,0,0.0,2.0,1.0,18.0,B01
201400056499,0,7,0,0.0,2.0,2.0,10.0,A01
201400056499,0,34,0,0.0,2.0,1.0,1.0,B01
201400056500,0,7,0,0.0,2.0,3.0,10.0,A01
201400056500,0,32,0,0.0,2.0,2.0,17.0,B01
201400056501,0,7,0,0.0,2.0,8.0,1.0,A01
201400056501,1,7,0,0.0,2.0,0.0,1.0,Z01
201400056502,0,2,0,0.0,2.0,2.0,1.0,B01
201400056502,0,7,0,0.0,2.0,3.0,1.0,A01
201400056503,0,34,0,0.0,2.0,8.0,1.0,B01
201400056503,0,10,0,0.0,2.0,7.0,9.0,A01
201400056504,0,1,0,0.0,2.0,7.0,7.0,B01
201400056504,0,7,0,0.0,2.0,2.0,17.0,A01
201400056505,0,7,0,0.0,2.0,1.0,15.0,A01
201400056505,0,32,0,1.0,2.0,8.0,1.0,B01
201400056506,0,31,0,0.0,2.0,4.0,23.0,B01
201400056506,0,7,0,0.0,2.0,1.0,2.0,A01
201400056507,0,7,0,0.0,2.0,8.0,22.0,A01
201400056507,0,1,0,0.0,2.0,1.0,1.0,B01
201400056508,0,30,0,1.0,2.0,3.0,17.0,A01
201400056508,1,7,0,0.0,2.0,0.0,15.0,Z01
201400056509,0,30,0,0.0,2.0,2.0,5.0,B01
201400056509,0,7,0,0.0,2.0,3.0,15.0,A01
201400056510,0,31,0,0.0,1.0,7.0,17.0,A01
201400056511,0,30,0,0.0,1.0,1.0,1.0,A01
201400056512,0,1,0,0.0,2.0,1.0,1.0,B01
201400056512,0,7,0,0.0,2.0,3.0,22.0,A01
201400056513,0,7,0,14.0,0.0,7.0,14.0,A01
201400056514,0,7,0,0.0,1.0,4.0,4.0,A01
201400056515,0,10,0,0.0,2.0,3.0,22.0,A01
201400056515,0,1,0,1.0,2.0,1.0,1.0,B01
201400056516,0,7,0,1.0,2.0,4.0,23.0,B01
201400056516,0,30,0,0.0,2.0,1.0,1.0,A01
201400056517,0,1,0,1.0,2.0,1.0,1.0,A01
201400056517,0,7,0,1.0,2.0,3.0,22.0,B01
201400056518,0,30,0,0.0,0.0,1.0,1.0,A01
201400056519,0,31,0,0.0,1.0,3.0,7.0,A01
201400056520,0,30,0,0.0,2.0,3.0,1.0,A01
201400056520,0,7,0,0.0,2.0,2.0,12.0,B01
201400056521,0,32,0,0.0,2.0,1.0,17.0,B01
201400056521,0,7,0,0.0,2.0,8.0,15.0,A01
201400056522,0,7,0,0.0,2.0,1.0,1.0,A01
201400056522,0,1,0,0.0,2.0,8.0,1.0,B01
201400056523,0,7,0,0.0,1.0,1.0,1.0,A01
201400056524,0,7,0,11.0,0.0,1.0,1.0,A01
201400056525,0,10,0,0.0,2.0,3.0,1.0,A01
201400056525,0,2,0,2.0,2.0,5.0,1.0,B01
201400056526,0,2,0,0.0,0.0,0.0,1.0,A01
201400056527,0,7,0,0.0,1.0,5.0,20.0,A01
201400056528,0,7,0,12.0,0.0,2.0,14.0,A01
201400056529,0,7,0,0.0,2.0,1.0,15.0,B01
201400056529,0,7,0,0.0,2.0,3.0,1.0,A01
201400056530,0,34,0,0.0,2.0,3.0,2.0,A01
201400056530,0,1,0,0.0,2.0,6.0,15.0,B01
201400056531,0,1,0,0.0,2.0,7.0,1.0,A01
201400056531,0,10,0,0.0,2.0,1.0,15.0,B01
201400056532,0,7,0,0.0,1.0,4.0,4.0,A01
201400056533,0,31,0,0.0,1.0,2.0,1.0,A01
201400056534,0,7,0,0.0,1.0,5.0,1.0,A01
201400056535,0,2,0,0.0,1.0,1.0,1.0,A01
201400056536,0,2,0,0.0,2.0,8.0,1.0,B01
201400056536,0,7,0,0.0,2.0,7.0,12.0,A01
201400056537,0,7,0,0.0,1.0,2.0,1.0,A01
201400056538,0,32,0,0.0,0.0,0.0,21.0,A01
201400056539,0,1,0,0.0,2.0,1.0,1.0,B01
201400056539,0,7,0,0.0,2.0,8.0,22.0,A01
201400056540,0,10,0,0.0,2.0,4.0,4.0,A01
201400056540,0,30,0,0.0,2.0,1.0,23.0,B01
201400056541,0,7,0,11.0,0.0,1.0,1.0,A01
201400056542,0,31,0,0.0,1.0,1.0,1.0,A01
201400056543,0,7,0,0.0,2.0,3.0,15.0,A01
201400056543,0,34,0,0.0,2.0,8.0,7.0,B01
201400056544,1,7,0,0.0,1.0,0.0,4.0,Z01
201400056545,0,10,0,0.0,2.0,3.0,1.0,B01
201400056545,0,7,0,11.0,2.0,7.0,1.0,A01
201400056546,0,7,0,0.0,2.0,4.0,1.0,A01
201400056546,0,33,0,0.0,2.0,1.0,9.0,B01
201400056547,0,7,0,0.0,1.0,3.0,1.0,A01
201400056548,0,7,0,0.0,1.0,5.0,4.0,A01
201400056549,0,31,0,0.0,2.0,1.0,2.0,B01
201400056549,0,7,0,0.0,2.0,8.0,15.0,A01
201400056550,0,2,0,14.0,2.0,1.0,1.0,A01
201400056550,0,7,0,0.0,2.0,4.0,23.0,B01
201400056551,0,10,0,0.0,1.0,7.0,16.0,A01
201400056552,0,7,0,14.0,0.0,1.0,13.0,A01
201400056553,0,7,0,0.0,1.0,2.0,1.0,A01
201400056554,0,31,0,0.0,2.0,0.0,1.0,A01
201400056554,1,7,0,0.0,2.0,0.0,9.0,Z01
201400056555,0,33,0,0.0,2.0,1.0,2.0,A01
201400056555,0,33,0,0.0,2.0,4.0,2.0,B01
201400056556,0,7,0,0.0,1.0,3.0,1.0,A01
201400056557,0,7,0,0.0,2.0,3.0,13.0,A01
201400056557,0,7,0,0.0,2.0,3.0,1.0,B01
201400056558,0,7,0,0.0,2.0,8.0,1.0,B01
201400056558,0,2,0,14.0,2.0,8.0,17.0,A01
201400056559,0,7,0,0.0,2.0,4.0,23.0,C01
201400056559,0,7,0,0.0,2.0,4.0,23.0,B01
201400056559,0,31,0,0.0,2.0,5.0,23.0,D01
201400056559,0,7,0,0.0,2.0,1.0,2.0,A01
201400056560,0,31,0,0.0,2.0,7.0,1.0,B01
201400056560,0,7,0,0.0,2.0,3.0,10.0,A01
201400056561,0,10,0,0.0,1.0,8.0,15.0,A01
201400056562,0,7,0,0.0,2.0,3.0,15.0,A01
201400056562,0,2,0,0.0,2.0,3.0,1.0,B01
201400056563,0,1,0,0.0,0.0,0.0,1.0,A01
201400056564,0,1,0,0.0,2.0,3.0,18.0,B01
201400056564,0,7,0,0.0,2.0,2.0,16.0,A01
201400056565,0,37,0,0.0,1.0,2.0,1.0,A01
201400056566,0,7,0,0.0,2.0,4.0,2.0,A01
201400056566,0,7,0,0.0,2.0,1.0,23.0,B01
201400056567,0,7,0,0.0,1.0,3.0,1.0,A01
201400056568,0,32,0,0.0,2.0,7.0,5.0,B01
201400056568,0,7,0,0.0,2.0,0.0,10.0,A01
201400056569,0,7,0,0.0,2.0,7.0,20.0,A01
201400056569,0,2,0,0.0,2.0,3.0,18.0,B01
201400056570,0,7,0,0.0,2.0,4.0,1.0,B01
201400056570,0,7,0,0.0,2.0,1.0,1.0,A01
201400056571,0,31,0,0.0,2.0,3.0,1.0,B01
201400056571,0,14,0,0.0,2.0,4.0,15.0,A01
201400056572,0,34,0,0.0,2.0,6.0,15.0,B01
201400056572,0,7,0,0.0,2.0,2.0,1.0,A01
201400056573,1,34,0,0.0,1.0,0.0,1.0,Z01
201400056574,0,7,0,11.0,0.0,1.0,13.0,A01
201400056575,0,7,0,0.0,2.0,1.0,2.0,A01
201400056575,0,7,0,0.0,2.0,4.0,2.0,C01
201400056575,0,7,0,0.0,2.0,2.0,2.0,B01
201400056576,0,32,0,0.0,0.0,0.0,1.0,A01
201400056577,0,7,0,0.0,2.0,4.0,23.0,C01
201400056577,0,7,0,0.0,2.0,4.0,23.0,B01
201400056577,0,10,0,1.0,2.0,1.0,2.0,A01
201400056578,0,7,0,11.0,0.0,1.0,1.0,A01
201400056579,0,33,0,0.0,2.0,3.0,1.0,B01
201400056579,0,10,0,0.0,2.0,2.0,9.0,A01
201400056580,0,14,0,0.0,2.0,7.0,16.0,A01
201400056580,0,31,0,0.0,2.0,3.0,16.0,B01
201400056581,0,10,0,0.0,1.0,4.0,4.0,A01
201400056582,0,10,0,0.0,1.0,2.0,1.0,A01
201400056583,0,33,0,0.0,1.0,1.0,1.0,A01
201400056584,1,2,0,0.0,1.0,0.0,0.0,Z01
201400056585,0,2,0,0.0,0.0,7.0,21.0,A01
201400056586,0,34,0,0.0,2.0,1.0,1.0,B01
201400056586,0,7,0,0.0,2.0,3.0,10.0,A01
201400056587,1,7,0,0.0,1.0,1.0,1.0,Z01
201400056588,0,32,0,0.0,1.0,3.0,1.0,A01
201400056589,0,31,0,0.0,0.0,0.0,1.0,A01
201400056590,0,30,0,0.0,2.0,1.0,1.0,A01
201400056590,0,10,0,0.0,2.0,8.0,15.0,B01
201400056591,0,7,0,0.0,1.0,4.0,4.0,A01
201400056592,0,1,0,0.0,2.0,8.0,1.0,B01
201400056592,0,30,0,0.0,2.0,7.0,17.0,A01
201400056593,0,7,0,9.0,0.0,0.0,13.0,A01
201400056594,0,7,0,0.0,2.0,5.0,1.0,A01
201400056594,0,1,0,0.0,2.0,3.0,11.0,B01
201400056595,0,33,0,0.0,2.0,2.0,16.0,A01
201400056595,1,1,0,0.0,2.0,3.0,5.0,Z01
201400056596,0,33,0,0.0,2.0,1.0,5.0,A01
201400056596,0,7,0,0.0,2.0,1.0,1.0,B01
201400056597,0,33,0,1.0,0.0,1.0,1.0,A01
201400056598,0,2,0,0.0,0.0,2.0,1.0,A01
201400056599,0,7,0,0.0,1.0,7.0,1.0,A01
201400056600,0,7,0,0.0,1.0,1.0,7.0,A01
201400056601,0,32,0,0.0,2.0,1.0,3.0,A01
201400056601,0,7,0,0.0,2.0,5.0,1.0,B01
201400056602,0,32,0,0.0,1.0,1.0,1.0,A01
201400056603,0,1,0,0.0,2.0,1.0,1.0,B01
201400056603,0,7,0,0.0,2.0,2.0,15.0,A01
201400056604,0,7,0,0.0,2.0,6.0,10.0,A01
201400056604,0,2,0,0.0,2.0,2.0,1.0,B01
201400056605,0,34,0,0.0,1.0,2.0,1.0,A01
201400056606,0,2,0,0.0,0.0,0.0,1.0,A01
201400056607,0,1,0,0.0,2.0,1.0,1.0,B01
201400056607,0,7,0,0.0,2.0,3.0,22.0,A01
201400056608,1,10,0,0.0,1.0,0.0,16.0,Z01
201400056609,1,2,0,0.0,1.0,3.0,1.0,Z01
201400056610,0,31,0,0.0,2.0,2.0,1.0,B01
201400056610,0,10,0,0.0,2.0,3.0,13.0,A01
201400056611,0,7,0,0.0,2.0,3.0,1.0,B01
201400056611,0,30,0,0.0,2.0,1.0,1.0,A01
201400056612,0,7,0,0.0,1.0,1.0,16.0,A01
201400056613,2,7,0,8.0,0.0,1.0,1.0,Z01
201400056614,0,7,0,0.0,1.0,2.0,1.0,A01
201400056615,0,30,0,0.0,1.0,3.0,1.0,A01
201400056616,0,7,0,0.0,2.0,7.0,22.0,A01
201400056616,0,1,0,0.0,2.0,1.0,7.0,B01
201400056617,0,7,0,0.0,2.0,3.0,1.0,B01
201400056617,1,7,0,0.0,2.0,2.0,1.0,Z01
201400056618,1,7,0,0.0,1.0,3.0,1.0,Z01
201400056619,0,7,0,8.0,0.0,9.0,1.0,A01
201400056620,1,7,0,0.0,2.0,3.0,10.0,Z01
201400056620,0,37,1,0.0,2.0,2.0,1.0,B01
201400056620,0,34,0,0.0,2.0,1.0,1.0,A01
201400056621,0,37,0,0.0,2.0,0.0,2.0,A01
201400056621,0,7,0,0.0,2.0,0.0,2.0,B01
201400056622,0,7,0,0.0,1.0,3.0,1.0,A01
201400056623,0,32,0,0.0,2.0,2.0,1.0,A01
201400056623,0,7,0,0.0,2.0,8.0,9.0,B01
201400056624,1,10,0,0.0,1.0,5.0,16.0,A01
201400056625,0,32,0,14.0,0.0,8.0,1.0,A01
201400056626,0,32,0,14.0,0.0,8.0,1.0,A01
201400056627,0,32,0,0.0,2.0,4.0,17.0,A01
201400056627,0,7,0,0.0,2.0,4.0,15.0,B01
201400056628,0,30,0,0.0,0.0,0.0,1.0,A01
201400056629,0,7,0,0.0,2.0,2.0,1.0,A01
201400056629,0,32,0,0.0,2.0,8.0,16.0,B01
201400056630,0,2,0,0.0,1.0,0.0,1.0,A01
201400056631,0,32,0,0.0,2.0,1.0,1.0,A01
201400056631,0,7,0,0.0,2.0,3.0,1.0,B01
201400056632,0,33,0,0.0,0.0,6.0,1.0,A01
201400056633,0,32,0,0.0,2.0,2.0,1.0,B01
201400056633,1,7,0,0.0,2.0,0.0,0.0,A01
201400056634,0,32,0,0.0,2.0,3.0,3.0,B01
201400056634,0,7,0,0.0,2.0,5.0,12.0,A01
201400056635,0,1,0,0.0,2.0,1.0,1.0,B01
201400056635,0,7,0,0.0,2.0,5.0,15.0,A01
201400056636,0,7,0,0.0,2.0,2.0,2.0,A01
201400056636,0,31,0,0.0,2.0,6.0,23.0,B01
201400056637,0,31,0,0.0,2.0,0.0,1.0,A01
201400056637,1,7,0,0.0,2.0,0.0,1.0,Z01
201400056638,0,10,0,11.0,0.0,1.0,14.0,A01
201400056639,1,10,0,0.0,1.0,1.0,15.0,Z01
201400056640,0,7,0,0.0,2.0,3.0,9.0,A01
201400056640,0,30,0,0.0,2.0,5.0,1.0,B01
201400056641,0,1,0,0.0,2.0,1.0,16.0,B01
201400056641,0,7,0,0.0,2.0,6.0,2.0,A01
201400056642,0,37,0,0.0,1.0,2.0,15.0,A01
201400056643,0,7,0,0.0,2.0,2.0,15.0,A01
201400056643,0,31,0,0.0,2.0,3.0,1.0,B01
201400056644,0,7,0,2.0,0.0,1.0,14.0,A01
201400056645,0,2,0,0.0,2.0,8.0,1.0,B01
201400056645,0,7,0,0.0,2.0,7.0,14.0,A01
201400056646,1,7,0,0.0,2.0,7.0,13.0,Z01
201400056646,0,31,0,0.0,2.0,8.0,1.0,A01