Num_Acc,senc,catv,occutc,obs,obsm,choc,manv,num_veh
201400056647,0,7,0,0.0,1.0,2.0,1.0,A01
201400056648,0,7,0,0.0,2.0,4.0,23.0,C01
201400056648,0,7,0,0.0,2.0,1.0,2.0,A01
201400056648,0,7,0,0.0,2.0,4.0,23.0,B01
201400056649,0,7,0,0.0,2.0,5.0,14.0,A01
201400056649,0,33,0,0.0,2.0,3.0,3.0,B01
201400056650,0,7,0,0.0,2.0,2.0,1.0,B01
201400056650,0,30,0,14.0,2.0,2.0,18.0,A01
201400056651,0,7,0,9.0,0.0,3.0,1.0,A01
201400056652,0,33,0,0.0,2.0,0.0,17.0,B01
201400056652,0,7,0,0.0,2.0,0.0,15.0,A01
201400056653,0,30,0,0.0,0.0,7.0,1.0,A01
201400056654,0,33,0,0.0,1.0,1.0,7.0,A01
201400056655,0,10,0,0.0,0.0,1.0,1.0,A01
201400056655,0,7,0,0.0,0.0,4.0,23.0,B01
201400056656,0,7,0,0.0,2.0,8.0,1.0,B01
201400056656,0,14,0,0.0,2.0,2.0,16.0,A01
201400056657,0,7,0,0.0,1.0,3.0,1.0,A01
201400056658,0,7,0,0.0,2.0,1.0,1.0,A01
201400056658,0,7,0,1.0,2.0,4.0,23.0,B01
201400056659,0,7,0,0.0,2.0,3.0,1.0,A01
201400056659,0,7,0,1.0,2.0,5.0,9.0,B01
201400056660,0,2,0,0.0,0.0,0.0,17.0,A01
201400056661,0,7,0,0.0,2.0,3.0,15.0,A01
201400056661,0,30,0,0.0,2.0,1.0,17.0,B01
201400056662,0,7,0,0.0,2.0,8.0,15.0,A01
201400056662,0,30,0,0.0,2.0,1.0,17.0,B01
201400056663,0,33,0,0.0,2.0,1.0,1.0,A01
201400056663,0,7,0,0.0,2.0,5.0,1.0,B01
201400056664,0,32,0,14.0,0.0,3.0,17.0,A01
201400056665,0,38,1,0.0,1.0,3.0,15.0,A01
201400056666,0,7,0,0.0,1.0,1.0,15.0,A01
201400056667,0,7,0,0.0,2.0,2.0,2.0,A01
201400056667,0,7,0,0.0,2.0,6.0,23.0,B01
201400056668,0,10,0,0.0,1.0,2.0,1.0,A01
201400056669,0,2,0,0.0,2.0,8.0,1.0,B01
201400056669,0,2,0,0.0,2.0,1.0,13.0,A01
201400056670,0,30,0,0.0,1.0,3.0,1.0,A01
201400056671,0,33,0,0.0,2.0,2.0,17.0,A01
201400056671,0,7,0,0.0,2.0,6.0,15.0,B01
201400056672,0,30,0,0.0,0.0,7.0,1.0,A01
201400056673,0,7,0,0.0,2.0,1.0,1.0,A01
201400056673,0,7,0,0.0,2.0,4.0,23.0,B01
201400056674,1,7,0,0.0,1.0,1.0,7.0,Z01
201400056675,0,1,0,0.0,0.0,0.0,1.0,A01
201400056676,0,3,0,0.0,1.0,1.0,15.0,A01
201400056677,0,33,0,0.0,2.0,1.0,1.0,B01
201400056677,0,7,0,0.0,2.0,3.0,15.0,A01
201400056678,0,7,0,0.0,2.0,3.0,15.0,A01
201400056678,0,32,0,0.0,2.0,1.0,1.0,B01
201400056679,0,14,0,0.0,2.0,6.0,16.0,A01
201400056679,0,10,0,0.0,2.0,7.0,1.0,B01
201400056680,0,1,0,0.0,2.0,1.0,1.0,B01
201400056680,0,7,0,0.0,2.0,2.0,16.0,A01
201400056681,0,37,0,0.0,0.0,0.0,21.0,A01
201400056682,0,30,0,0.0,1.0,6.0,17.0,A01
201400056683,1,7,0,0.0,2.0,1.0,16.0,Z01
201400056683,0,1,0,0.0,2.0,1.0,1.0,A01
201400056684,0,7,0,0.0,1.0,4.0,4.0,A01
201400056685,0,31,0,0.0,0.0,0.0,1.0,A01
201400056686,0,30,0,0.0,2.0,5.0,18.0,A01
201400056686,0,7,0,0.0,0.0,5.0,22.0,B01
201400056687,0,34,0,0.0,1.0,1.0,1.0,A01
201400056688,1,7,0,0.0,0.0,0.0,15.0,Z01
201400056688,0,7,0,0.0,2.0,3.0,1.0,A01
201400056689,0,10,0,0.0,0.0,1.0,1.0,A01
201400056689,0,7,0,0.0,2.0,1.0,23.0,B01
201400056689,0,13,0,0.0,2.0,1.0,23.0,C01
201400056690,0,14,0,0.0,2.0,4.0,23.0,A01
201400056690,0,31,0,0.0,2.0,2.0,2.0,B01
201400056691,0,7,0,12.0,0.0,1.0,1.0,A01
201400056692,0,7,0,14.0,2.0,1.0,2.0,A01
201400056692,0,34,0,0.0,2.0,4.0,23.0,B01
201400056692,0,7,0,0.0,2.0,4.0,23.0,C01
201400056692,0,7,0,0.0,2.0,4.0,23.0,D01
201400056693,0,7,0,0.0,1.0,4.0,4.0,A01
201400056694,0,3,0,0.0,1.0,1.0,1.0,A01
201400056695,0,7,0,0.0,2.0,2.0,1.0,B01
201400056695,0,33,0,0.0,2.0,0.0,17.0,A01
201400056696,0,7,0,0.0,2.0,4.0,2.0,C01
201400056696,0,7,0,0.0,2.0,1.0,2.0,A01
201400056696,0,7,0,0.0,2.0,4.0,2.0,B01
201400056697,0,7,0,0.0,2.0,7.0,7.0,A01
201400056697,0,34,0,0.0,2.0,8.0,1.0,B01
201400056698,0,37,1,15.0,1.0,2.0,1.0,A01
201400056699,0,7,0,0.0,2.0,2.0,5.0,A01
201400056699,0,33,0,0.0,2.0,1.0,1.0,B01
201400056699,0,31,0,0.0,2.0,8.0,1.0,C01
201400056700,2,7,0,0.0,2.0,2.0,2.0,Z01
201400056700,0,7,0,0.0,2.0,4.0,23.0,A01
201400056701,0,10,0,0.0,1.0,4.0,4.0,A01
201400056702,0,7,0,0.0,2.0,6.0,15.0,A01
201400056702,0,33,0,0.0,2.0,1.0,1.0,B01
201400056703,0,7,0,0.0,1.0,1.0,1.0,A01
201400056704,0,32,0,0.0,2.0,3.0,2.0,A01
201400056704,0,7,0,0.0,2.0,5.0,23.0,B01
201400056705,0,7,0,0.0,2.0,4.0,2.0,B01
201400056705,0,10,0,0.0,2.0,1.0,2.0,A01
201400056706,0,33,0,0.0,2.0,2.0,17.0,B01
201400056706,0,10,0,0.0,2.0,5.0,15.0,A01
201400056707,0,37,1,0.0,2.0,8.0,1.0,C01
201400056707,0,7,0,0.0,2.0,1.0,1.0,A01
201400056707,0,33,0,0.0,2.0,4.0,3.0,B01
201400056708,0,30,0,0.0,0.0,0.0,1.0,A01
201400056709,0,7,0,0.0,1.0,3.0,1.0,A01
201400056710,0,7,0,0.0,2.0,7.0,22.0,A01
201400056710,0,1,0,0.0,2.0,3.0,1.0,B01
201400056711,0,1,0,0.0,2.0,4.0,1.0,B01
201400056711,0,7,0,0.0,2.0,1.0,13.0,A01
201400056712,0,31,0,0.0,0.0,8.0,1.0,A01
201400056713,0,7,0,12.0,2.0,5.0,1.0,B01
201400056713,0,7,0,0.0,2.0,8.0,18.0,A01
201400056714,0,7,0,0.0,2.0,6.0,16.0,C01
201400056714,0,7,0,0.0,2.0,1.0,16.0,A01
201400056714,0,16,0,0.0,2.0,7.0,16.0,B01
201400056715,0,2,0,0.0,0.0,7.0,21.0,A01
201400056716,0,7,0,0.0,2.0,3.0,1.0,A01
201400056716,0,7,0,0.0,2.0,2.0,12.0,B01
201400056717,0,31,0,0.0,0.0,8.0,0.0,A01
201400056718,1,7,0,0.0,1.0,4.0,4.0,Z01
201400056719,0,1,0,0.0,2.0,1.0,1.0,B01
201400056719,0,10,0,0.0,2.0,3.0,22.0,A01
201400056720,1,7,0,0.0,1.0,2.0,1.0,Z01
201400056721,0,33,0,0.0,2.0,1.0,2.0,A01
201400056721,0,7,0,0.0,2.0,4.0,23.0,B01
201400056722,0,1,0,0.0,1.0,1.0,1.0,A01
201400056723,0,32,0,0.0,1.0,0.0,1.0,A01
201400056724,0,7,0,0.0,1.0,3.0,1.0,A01
201400056725,0,7,0,0.0,1.0,1.0,1.0,A01
201400056726,0,31,0,0.0,1.0,3.0,1.0,A01
201400056727,0,7,0,0.0,2.0,3.0,15.0,A01
201400056727,0,34,0,0.0,2.0,0.0,1.0,B01
201400056728,0,7,0,0.0,2.0,4.0,23.0,B01
201400056728,0,7,0,0.0,2.0,1.0,2.0,A01
201400056729,0,30,0,0.0,2.0,6.0,1.0,A01
201400056729,1,7,0,0.0,2.0,7.0,16.0,Z01
201400056730,0,7,0,12.0,0.0,1.0,14.0,A01
201400056731,0,7,0,14.0,0.0,1.0,14.0,A01
201400056732,0,34,0,0.0,1.0,0.0,17.0,A01
201400056733,0,30,0,0.0,2.0,5.0,1.0,A01
201400056733,1,7,0,0.0,2.0,2.0,2.0,Z01
201400056734,0,2,0,0.0,1.0,0.0,1.0,A01
201400056735,0,34,0,0.0,2.0,1.0,13.0,A01
201400056735,0,7,0,0.0,2.0,1.0,23.0,B01
201400056736,0,30,0,0.0,2.0,7.0,9.0,A01
201400056736,0,7,0,0.0,2.0,8.0,1.0,B01
201400056737,0,33,0,0.0,1.0,3.0,1.0,A01
201400056738,0,32,0,0.0,2.0,2.0,1.0,A01
201400056738,0,7,0,0.0,2.0,3.0,1.0,B01
201400056739,0,2,0,0.0,2.0,0.0,7.0,A01
201400056739,0,7,0,0.0,2.0,0.0,16.0,B01
201400056740,0,7,0,0.0,2.0,1.0,2.0,A01
201400056740,0,7,0,0.0,2.0,4.0,23.0,B01
201400056741,0,7,0,0.0,2.0,3.0,15.0,A01
201400056741,0,2,0,0.0,2.0,1.0,17.0,B01
201400056742,0,7,0,0.0,2.0,9.0,1.0,B01
201400056742,0,7,0,0.0,2.0,4.0,23.0,C01
201400056742,0,10,0,0.0,2.0,1.0,1.0,A01
201400056743,0,33,0,0.0,1.0,1.0,1.0,A01
201400056744,0,7,0,0.0,1.0,2.0,1.0,A01
201400056745,0,7,0,0.0,1.0,2.0,1.0,A01
201400056746,0,32,0,0.0,0.0,0.0,21.0,A01
201400056747,0,34,0,0.0,2.0,5.0,17.0,B01
201400056747,1,10,0,0.0,2.0,3.0,15.0,Z01
201400056748,1,2,0,0.0,1.0,0.0,18.0,Z01
201400056749,0,7,0,0.0,2.0,2.0,15.0,A01
201400056749,0,34,0,0.0,2.0,1.0,1.0,B01
201400056750,0,2,0,1.0,2.0,8.0,18.0,A01
201400056750,0,10,0,0.0,2.0,7.0,1.0,B01
201400056751,0,7,0,0.0,1.0,3.0,1.0,A01
201400056752,0,30,0,0.0,0.0,0.0,1.0,A01
201400056753,0,7,0,0.0,1.0,1.0,1.0,A01
201400056754,0,32,0,0.0,0.0,7.0,1.0,A01
201400056755,0,7,0,14.0,0.0,1.0,13.0,A01
201400056756,0,7,0,0.0,1.0,4.0,4.0,A01
201400056757,0,34,0,0.0,2.0,3.0,1.0,B01
201400056757,0,7,0,0.0,2.0,2.0,9.0,A01
201400056758,0,30,0,0.0,2.0,6.0,2.0,A01
201400056758,0,7,0,0.0,2.0,6.0,23.0,B01
201400056759,0,1,0,0.0,2.0,1.0,7.0,B01
201400056759,0,7,0,0.0,2.0,8.0,22.0,A01
201400056760,1,30,0,0.0,1.0,0.0,1.0,Z01
201400056761,0,7,0,8.0,2.0,0.0,16.0,A01
201400056761,1,7,0,0.0,2.0,0.0,1.0,Z01
201400056762,0,30,0,0.0,2.0,2.0,17.0,A01
201400056762,0,7,0,0.0,2.0,3.0,13.0,B01
201400056763,0,7,0,0.0,2.0,1.0,15.0,A01
201400056763,0,31,0,0.0,2.0,1.0,1.0,B01
201400056764,0,7,0,1.0,0.0,3.0,13.0,A01
201400056765,1,7,0,0.0,2.0,6.0,10.0,Z01
201400056765,0,33,0,0.0,2.0,2.0,1.0,B01
201400056766,0,2,0,0.0,2.0,8.0,18.0,A01
201400056766,0,10,0,0.0,2.0,7.0,16.0,B01
201400056767,0,7,0,0.0,1.0,3.0,16.0,A01
201400056768,0,7,0,0.0,2.0,7.0,23.0,C01
201400056768,0,33,0,0.0,2.0,2.0,1.0,B01
201400056768,0,7,0,0.0,2.0,8.0,22.0,A01
201400056769,0,1,0,0.0,1.0,1.0,1.0,A01
201400056770,0,1,0,0.0,2.0,1.0,17.0,B01
201400056770,0,7,0,0.0,2.0,8.0,22.0,A01
201400056771,0,7,0,0.0,2.0,3.0,22.0,A01
201400056771,0,1,0,1.0,2.0,7.0,1.0,B01
201400056772,0,2,0,0.0,0.0,7.0,1.0,A01
201400056773,0,33,0,0.0,2.0,8.0,14.0,A01
201400056773,0,10,0,0.0,2.0,3.0,1.0,B01
201400056774,0,32,0,0.0,1.0,1.0,17.0,A01
201400056775,0,32,0,0.0,2.0,2.0,17.0,B01
201400056775,0,7,0,0.0,2.0,3.0,15.0,A01
201400056776,0,33,0,12.0,0.0,1.0,1.0,A01
201400056777,0,31,0,0.0,1.0,1.0,1.0,A01
201400056778,0,34,0,0.0,1.0,1.0,3.0,A01
201400056778,0,7,0,0.0,2.0,8.0,1.0,B01
201400056778,0,10,0,0.0,2.0,7.0,1.0,C01
201400056779,0,1,0,1.0,2.0,5.0,2.0,A01
201400056779,1,7,0,0.0,2.0,2.0,2.0,Z01
201400056780,1,30,0,0.0,1.0,0.0,16.0,Z01
201400056781,0,33,0,0.0,0.0,7.0,1.0,A01
201400056782,0,7,0,1.0,2.0,3.0,1.0,B01
201400056782,0,7,0,0.0,2.0,3.0,17.0,A01
201400056783,0,7,0,0.0,1.0,2.0,1.0,A01
201400056784,0,32,0,0.0,1.0,1.0,1.0,A01
201400056785,1,30,0,0.0,1.0,7.0,16.0,Z01
201400056786,2,1,0,0.0,1.0,1.0,1.0,A01
201400056787,0,7,0,0.0,1.0,7.0,1.0,A01
201400056788,0,7,0,0.0,2.0,0.0,16.0,B01
201400056788,0,30,0,0.0,2.0,1.0,1.0,A01
201400056789,0,34,0,0.0,2.0,1.0,1.0,B01
201400056789,0,7,0,0.0,2.0,3.0,9.0,A01
201400056790,0,1,0,0.0,2.0,3.0,13.0,B01
201400056790,0,37,40,0.0,2.0,2.0,17.0,A01
201400056791,0,7,0,0.0,1.0,6.0,20.0,A01
201400056792,0,1,0,0.0,2.0,1.0,9.0,B01
201400056792,0,1,0,0.0,2.0,1.0,1.0,A01
201400056793,0,32,0,0.0,2.0,5.0,1.0,A01
201400056793,1,7,0,0.0,2.0,0.0,10.0,Z01
201400056794,0,7,0,0.0,1.0,4.0,23.0,A01
201400056794,1,7,0,0.0,2.0,1.0,1.0,Z01
201400056795,0,30,0,1.0,0.0,1.0,1.0,A01
201400056796,0,7,0,0.0,1.0,2.0,1.0,A01
201400056797,0,7,0,0.0,2.0,1.0,2.0,A01
201400056797,0,7,0,0.0,2.0,4.0,23.0,B01
201400056798,0,32,0,0.0,2.0,0.0,1.0,B01
201400056798,0,7,0,0.0,2.0,3.0,9.0,A01
201400056799,0,30,0,0.0,2.0,1.0,3.0,A01
201400056799,0,7,0,0.0,2.0,2.0,23.0,B01
201400056799,0,7,0,0.0,2.0,6.0,23.0,C01
201400056800,0,7,0,0.0,1.0,0.0,1.0,A01
201400056801,0,7,0,0.0,2.0,3.0,1.0,A01
201400056801,1,7,0,0.0,2.0,0.0,16.0,Z01
201400056802,0,7,0,0.0,2.0,0.0,1.0,A01
201400056802,0,2,0,0.0,2.0,3.0,16.0,B01
201400056803,0,7,0,0.0,2.0,3.0,15.0,B01
201400056803,0,33,0,0.0,2.0,7.0,17.0,A01
201400056804,0,30,0,0.0,2.0,2.0,17.0,A01
201400056804,0,7,0,0.0,2.0,3.0,10.0,B01
201400056805,0,34,0,0.0,0.0,8.0,21.0,A01
201400056806,0,33,0,0.0,2.0,8.0,1.0,A01
201400056806,0,7,0,0.0,2.0,3.0,15.0,B01
201400056807,0,7,0,0.0,2.0,1.0,1.0,A01
201400056807,0,1,0,0.0,2.0,1.0,19.0,B01
201400056808,0,7,0,11.0,0.0,1.0,1.0,A01
201400056809,0,7,0,0.0,2.0,5.0,22.0,B01
201400056809,0,34,0,0.0,2.0,1.0,7.0,A01
201400056810,0,7,0,0.0,2.0,2.0,5.0,A01
201400056810,0,7,0,0.0,2.0,1.0,1.0,B01
201400056811,0,13,0,0.0,1.0,1.0,1.0,A01
201400056812,1,7,0,0.0,1.0,1.0,1.0,Z01
201400056813,0,30,0,0.0,2.0,8.0,1.0,B01
201400056813,0,7,0,0.0,2.0,2.0,1.0,A01
201400056814,0,7,0,0.0,1.0,3.0,1.0,A01
201400056815,0,7,0,0.0,2.0,5.0,23.0,B01
201400056815,0,30,0,0.0,2.0,1.0,2.0,A01
201400056816,0,7,0,0.0,1.0,2.0,1.0,A01
201400056817,1,7,0,0.0,2.0,0.0,1.0,Z01
201400056817,0,31,0,0.0,2.0,0.0,1.0,A01
201400056818,0,31,0,0.0,0.0,8.0,1.0,A01
201400056819,0,10,0,0.0,2.0,3.0,2.0,A01
201400056819,0,14,0,0.0,2.0,5.0,2.0,B01
201400056820,1,7,0,0.0,2.0,4.0,17.0,Z01
201400056820,0,1,0,0.0,2.0,5.0,7.0,A01
201400056821,0,7,0,0.0,2.0,1.0,2.0,A01
201400056821,0,7,0,0.0,2.0,4.0,2.0,B01
201400056822,0,7,0,0.0,1.0,1.0,16.0,A01
201400056823,0,34,0,1.0,2.0,3.0,1.0,B01
201400056823,0,7,0,0.0,2.0,2.0,12.0,A01
201400056824,0,7,0,0.0,2.0,3.0,18.0,A01
201400056824,0,10,0,0.0,2.0,2.0,16.0,B01
201400056825,0,31,0,0.0,0.0,0.0,1.0,A01
201400056826,0,13,0,1.0,1.0,4.0,4.0,A01
201400056827,0,7,0,0.0,2.0,3.0,15.0,B01
201400056827,0,2,0,0.0,2.0,2.0,5.0,A01
201400056828,0,7,0,0.0,1.0,1.0,15.0,A01
201400056829,0,7,0,0.0,1.0,1.0,16.0,A01
201400056830,0,7,0,0.0,2.0,2.0,16.0,A01
201400056830,0,1,0,0.0,2.0,1.0,1.0,B01
201400056831,0,1,0,0.0,2.0,1.0,1.0,B01
201400056831,0,7,0,0.0,2.0,8.0,22.0,A01
201400056832,0,30,0,0.0,1.0,1.0,17.0,A01
201400056833,0,10,0,0.0,2.0,0.0,22.0,A01
201400056833,0,30,0,0.0,2.0,1.0,1.0,B01
201400056834,0,34,0,0.0,0.0,0.0,21.0,A01
201400056835,0,30,0,0.0,1.0,1.0,1.0,A01
201400056836,0,7,0,0.0,1.0,3.0,15.0,A01
201400056837,0,10,0,0.0,1.0,6.0,4.0,A01
201400056838,0,7,0,0.0,2.0,3.0,1.0,B01
201400056838,0,7,0,0.0,2.0,2.0,1.0,C01
201400056838,0,7,0,14.0,2.0,9.0,1.0,A01
201400056839,2,3,0,0.0,2.0,1.0,10.0,Z01
201400056839,0,7,0,0.0,2.0,1.0,1.0,A01
201400056840,0,33,0,0.0,0.0,8.0,1.0,A01
201400056841,0,33,0,0.0,0.0,0.0,1.0,A01
201400056842,0,31,0,0.0,2.0,0.0,1.0,B01
201400056842,0,7,0,0.0,2.0,0.0,10.0,A01
201400056843,0,14,0,6.0,0.0,1.0,1.0,A01
201400056844,0,2,0,0.0,0.0,1.0,1.0,A01
201400056845,0,7,0,0.0,2.0,6.0,13.0,B01
201400056845,0,31,0,0.0,2.0,2.0,14.0,A01
201400056846,0,30,0,4.0,0.0,7.0,1.0,A01
201400056847,0,7,0,0.0,2.0,2.0,1.0,B01
201400056847,0,31,0,0.0,2.0,3.0,9.0,A01
201400056848,0,7,0,0.0,1.0,1.0,15.0,A01
201400056849,0,31,0,0.0,2.0,3.0,17.0,A01
201400056849,0,7,0,0.0,2.0,3.0,15.0,B01
201400056850,0,2,0,0.0,2.0,1.0,18.0,B01
201400056850,0,7,0,0.0,2.0,7.0,14.0,A01
201400056851,0,7,0,14.0,0.0,1.0,1.0,A01
201400056852,0,7,0,0.0,2.0,2.0,17.0,B01
201400056852,0,37,1,0.0,2.0,6.0,1.0,C01
201400056852,0,7,0,0.0,2.0,2.0,13.0,A01
201400056853,0,2,0,0.0,2.0,1.0,17.0,A01
201400056853,0,7,0,0.0,2.0,6.0,10.0,B01
201400056854,0,2,0,0.0,0.0,0.0,1.0,A01
201400056855,0,7,0,0.0,1.0,1.0,1.0,A01
201400056856,1,32,0,0.0,1.0,3.0,1.0,Z01
201400056857,0,2,0,0.0,1.0,1.0,1.0,A01
201400056858,0,7,0,0.0,1.0,1.0,16.0,A01
201400056859,1,7,0,0.0,2.0,5.0,2.0,Z01
201400056859,0,7,0,0.0,1.0,3.0,23.0,A01
201400056860,0,7,0,0.0,1.0,3.0,1.0,A01
201400056861,0,7,0,0.0,2.0,2.0,22.0,A01
201400056861,0,1,0,0.0,2.0,1.0,1.0,B01
201400056862,1,7,0,0.0,2.0,1.0,9.0,Z01
201400056862,0,1,0,0.0,2.0,7.0,1.0,A01
201400056863,1,7,0,0.0,1.0,3.0,16.0,Z01
201400056864,1,7,0,0.0,1.0,0.0,1.0,Z01
201400056865,0,14,0,15.0,1.0,5.0,4.0,A01
201400056866,1,7,0,0.0,2.0,0.0,15.0,Z01
201400056866,0,33,0,1.0,2.0,7.0,1.0,A01
201400056867,0,7,0,0.0,2.0,6.0,9.0,A01
201400056867,0,2,0,0.0,2.0,1.0,1.0,B01
201400056868,0,7,0,0.0,2.0,3.0,9.0,A01
201400056868,0,33,0,0.0,2.0,1.0,1.0,B01
201400056869,0,7,0,0.0,2.0,1.0,16.0,A01
201400056869,0,1,0,0.0,2.0,1.0,1.0,B01
201400056870,0,32,0,0.0,1.0,1.0,1.0,A01
201400056871,0,2,0,0.0,2.0,1.0,16.0,B01
201400056871,0,7,0,0.0,2.0,7.0,15.0,A01
201400056872,0,2,0,1.0,1.0,1.0,7.0,A01
201400056873,0,1,0,0.0,2.0,1.0,1.0,A01
201400056873,0,7,0,0.0,2.0,3.0,22.0,B01
201400056874,0,30,0,0.0,2.0,8.0,1.0,B01
201400056874,0,7,0,0.0,2.0,2.0,15.0,A01
201400056875,0,1,0,0.0,2.0,3.0,19.0,B01
201400056875,0,10,0,0.0,2.0,1.0,1.0,A01
201400056876,0,30,0,0.0,0.0,0.0,1.0,A01
201400056877,0,7,0,0.0,2.0,4.0,23.0,B01
201400056877,0,1,0,0.0,2.0,1.0,1.0,A01
201400056878,0,2,0,0.0,0.0,3.0,1.0,A01
201400056879,0,7,0,0.0,2.0,6.0,1.0,B01
201400056879,0,2,0,0.0,2.0,8.0,5.0,A01
201400056880,0,7,0,0.0,1.0,3.0,1.0,A01
201400056881,0,10,0,0.0,2.0,8.0,15.0,B01
201400056881,0,32,0,0.0,2.0,1.0,17.0,A01
201400056882,0,7,0,0.0,1.0,3.0,1.0,A01
201400056883,0,10,0,0.0,2.0,3.0,15.0,A01
201400056883,0,33,0,0.0,2.0,1.0,1.0,B01
201400056884,0,2,0,0.0,2.0,1.0,1.0,B01
201400056884,0,7,0,0.0,2.0,2.0,10.0,A01
201400056885,0,31,0,0.0,1.0,3.0,1.0,A01
201400056886,2,2,0,12.0,1.0,1.0,1.0,A01
201400056887,0,7,0,0.0,1.0,2.0,1.0,A01
201400056888,0,30,0,0.0,2.0,8.0,1.0,B01
201400056888,0,7,0,0.0,2.0,3.0,15.0,A01
201400056889,1,30,0,0.0,1.0,1.0,1.0,Z01
201400056890,0,7,0,0.0,2.0,3.0,1.0,A01
201400056890,0,1,0,0.0,2.0,1.0,13.0,B01
201400056891,0,7,0,0.0,2.0,2.0,1.0,A01
201400056891,0,2,0,0.0,2.0,5.0,18.0,B01
201400056892,0,2,0,0.0,0.0,0.0,1.0,A01
201400056893,1,30,0,0.0,1.0,0.0,1.0,Z01
201400056894,1,30,0,0.0,1.0,1.0,5.0,Z01
201400056895,0,2,0,0.0,0.0,0.0,1.0,A01
201400056896,0,2,0,0.0,2.0,0.0,1.0,B01
201400056896,0,10,0,0.0,2.0,0.0,16.0,A01
201400056897,0,33,0,0.0,2.0,1.0,1.0,B01
201400056897,1,7,0,0.0,2.0,0.0,15.0,Z01
201400056898,0,7,0,0.0,2.0,4.0,2.0,B01
201400056898,0,7,0,0.0,2.0,4.0,2.0,A01
201400056899,1,7,0,0.0,2.0,1.0,1.0,Z01
201400056899,0,7,0,0.0,2.0,3.0,1.0,A01
201400056900,0,7,0,0.0,2.0,4.0,23.0,A01
201400056900,1,7,0,0.0,2.0,1.0,1.0,Z01
201400056901,1,2,0,0.0,1.0,1.0,5.0,Z01
201400056902,0,1,0,0.0,1.0,0.0,1.0,A01
201400056903,0,7,0,0.0,1.0,1.0,15.0,A01
201400056904,0,32,0,0.0,2.0,8.0,1.0,A01
201400056904,1,34,0,0.0,2.0,0.0,14.0,Z01
201400056905,0,1,0,0.0,1.0,2.0,1.0,A01
201400056906,0,7,0,0.0,1.0,2.0,1.0,A01
201400056907,0,31,0,0.0,2.0,3.0,1.0,B01
201400056907,0,7,0,0.0,2.0,2.0,16.0,A01
201400056908,0,33,0,0.0,2.0,1.0,17.0,B01
201400056908,0,7,0,0.0,2.0,7.0,22.0,A01
201400056909,0,31,0,0.0,0.0,0.0,1.0,A01
201400056910,0,7,0,0.0,1.0,2.0,1.0,A01
201400056911,0,7,0,0.0,2.0,4.0,23.0,B01
201400056911,0,7,0,0.0,2.0,1.0,2.0,A01
201400056912,0,7,0,0.0,2.0,8.0,9.0,A01
201400056912,0,31,0,0.0,2.0,1.0,1.0,B01
201400056913,0,7,0,8.0,0.0,0.0,13.0,A01
201400056914,0,2,0,0.0,0.0,0.0,7.0,A01
201400056915,0,7,0,0.0,2.0,8.0,23.0,B01
201400056915,0,10,0,0.0,2.0,4.0,23.0,C01
201400056915,0,33,0,0.0,1.0,1.0,1.0,A01
201400056916,0,34,0,14.0,0.0,7.0,1.0,A01
201400056917,0,7,0,0.0,1.0,0.0,1.0,A01
201400056918,0,7,0,0.0,2.0,8.0,11.0,A01
201400056918,0,33,0,0.0,2.0,2.0,1.0,B01
201400056919,0,1,0,0.0,2.0,4.0,15.0,A01
201400056919,1,7,0,0.0,2.0,0.0,2.0,Z01
201400056920,0,7,0,0.0,1.0,3.0,1.0,A01
201400056921,0,7,0,0.0,1.0,4.0,4.0,A01
201400056922,0,7,0,0.0,1.0,2.0,1.0,A01
201400056923,0,32,0,0.0,1.0,3.0,1.0,A01
201400056924,0,32,0,0.0,0.0,0.0,1.0,A01
201400056925,0,7,0,0.0,1.0,1.0,1.0,A01
201400056926,0,2,0,0.0,1.0,3.0,1.0,A01
201400056927,0,7,0,0.0,1.0,1.0,15.0,A01
201400056928,0,2,0,0.0,0.0,0.0,21.0,A01
201400056929,0,34,0,0.0,1.0,2.0,1.0,A01
201400056930,0,7,0,0.0,2.0,7.0,15.0,B01
201400056930,0,34,0,0.0,2.0,1.0,1.0,A01
201400056931,0,31,0,0.0,0.0,0.0,21.0,A01
201400056932,0,31,0,0.0,0.0,3.0,1.0,A01
201400056933,1,7,0,0.0,1.0,1.0,16.0,Z01
201400056934,0,2,0,0.0,2.0,1.0,1.0,A01
201400056934,0,10,0,0.0,2.0,8.0,1.0,B01
201400056935,0,32,0,0.0,0.0,0.0,1.0,A01
201400056936,0,32,0,0.0,2.0,4.0,23.0,A01
201400056936,0,7,0,0.0,2.0,1.0,1.0,B01
201400056937,0,10,0,0.0,2.0,2.0,12.0,B01
201400056937,0,33,0,0.0,2.0,0.0,3.0,A01
201400056938,0,30,0,0.0,0.0,1.0,21.0,A01
201400056939,0,7,0,0.0,2.0,3.0,1.0,B01
201400056939,0,7,0,0.0,2.0,1.0,15.0,A01
201400056940,0,2,0,0.0,2.0,2.0,17.0,A01
201400056940,0,10,0,0.0,2.0,0.0,10.0,B01
201400056941,1,7,0,0.0,2.0,0.0,22.0,A01
201400056941,0,10,0,0.0,2.0,4.0,24.0,B01
201400056941,0,1,0,0.0,2.0,1.0,1.0,C01
201400056942,0,32,0,0.0,0.0,2.0,21.0,A01
201400056943,1,30,0,0.0,2.0,1.0,5.0,Z01