Num_Acc,senc,catv,occutc,obs,obsm,choc,manv,num_veh
201400056943,0,30,0,0.0,2.0,7.0,1.0,A01
201400056944,0,31,0,0.0,2.0,7.0,2.0,A01
201400056944,0,7,0,0.0,2.0,6.0,23.0,B01
201400056945,0,32,0,0.0,1.0,1.0,1.0,A01
201400056946,0,7,0,0.0,2.0,2.0,1.0,B01
201400056946,0,1,0,0.0,2.0,1.0,5.0,A01
201400056947,0,7,0,0.0,2.0,3.0,1.0,C01
201400056947,0,7,0,0.0,2.0,0.0,9.0,B01
201400056947,0,31,0,0.0,2.0,1.0,1.0,A01
201400056948,1,7,0,0.0,1.0,1.0,16.0,Z01
201400056949,0,7,0,0.0,1.0,7.0,1.0,A01
201400056950,1,7,0,0.0,1.0,4.0,4.0,Z01
201400056951,1,7,0,0.0,1.0,1.0,15.0,Z01
201400056952,2,7,0,9.0,0.0,2.0,1.0,A01
201400056953,0,30,0,0.0,2.0,1.0,2.0,A01
201400056953,0,7,0,0.0,2.0,6.0,23.0,B01
201400056954,0,10,0,0.0,1.0,3.0,1.0,A01
201400056955,0,1,0,0.0,2.0,1.0,18.0,B01
201400056955,0,7,0,0.0,0.0,7.0,22.0,A01
201400056956,0,7,0,0.0,2.0,1.0,1.0,A01
201400056956,0,7,0,0.0,2.0,4.0,23.0,B01
201400056956,0,7,0,0.0,0.0,4.0,23.0,C01
201400056957,0,31,0,0.0,2.0,1.0,1.0,A01
201400056957,0,7,0,0.0,2.0,6.0,1.0,B01
201400056958,0,33,0,0.0,0.0,7.0,21.0,A01
201400056959,0,34,0,0.0,0.0,0.0,21.0,A01
201400056960,0,7,0,0.0,1.0,1.0,1.0,A01
201400056961,0,31,0,0.0,2.0,2.0,17.0,A01
201400056961,0,7,0,0.0,2.0,3.0,15.0,B01
201400056962,0,7,0,0.0,2.0,3.0,15.0,A01
201400056962,0,30,0,0.0,2.0,8.0,1.0,B01
201400056963,0,7,0,0.0,2.0,3.0,16.0,B01
201400056963,0,2,0,0.0,2.0,2.0,1.0,A01
201400056964,0,31,0,0.0,1.0,1.0,17.0,A01
201400056965,0,7,0,1.0,1.0,1.0,1.0,A01
201400056966,0,30,0,0.0,0.0,0.0,15.0,A01
201400056967,1,32,0,0.0,1.0,0.0,1.0,Z01
201400056968,0,31,0,0.0,2.0,1.0,1.0,B01
201400056968,0,7,0,0.0,2.0,1.0,5.0,A01
201400056969,0,7,0,0.0,2.0,6.0,1.0,B01
201400056969,0,32,0,0.0,2.0,1.0,1.0,A01
201400056970,0,30,0,0.0,2.0,1.0,1.0,A01
201400056970,0,7,0,0.0,2.0,2.0,1.0,B01
201400056971,0,1,0,0.0,1.0,1.0,1.0,A01
201400056972,0,7,0,0.0,2.0,3.0,1.0,A01
201400056972,0,1,0,0.0,2.0,2.0,19.0,B01
201400056973,0,7,0,0.0,2.0,1.0,2.0,A01
201400056973,0,7,0,0.0,2.0,4.0,2.0,B01
201400056974,0,31,0,0.0,0.0,8.0,1.0,A01
201400056975,0,33,0,0.0,2.0,1.0,1.0,B01
201400056975,0,10,0,0.0,2.0,7.0,9.0,A01
201400056976,0,2,0,0.0,2.0,7.0,2.0,A01
201400056976,0,7,0,0.0,2.0,6.0,23.0,B01
201400056977,0,7,0,0.0,2.0,2.0,1.0,A01
201400056977,0,1,0,0.0,2.0,1.0,1.0,B01
201400056978,0,7,0,0.0,2.0,2.0,10.0,A01
201400056978,0,33,0,0.0,2.0,1.0,1.0,B01
201400056979,0,7,0,0.0,2.0,4.0,23.0,A01
201400056979,0,32,0,0.0,2.0,1.0,1.0,B01
201400056980,0,7,0,0.0,2.0,6.0,10.0,B01
201400056980,0,33,0,0.0,2.0,1.0,1.0,A01
201400056981,0,7,0,0.0,1.0,7.0,1.0,A01
201400056982,0,14,0,0.0,1.0,5.0,16.0,A01
201400056983,0,31,0,0.0,2.0,1.0,1.0,B01
201400056983,0,7,0,0.0,2.0,7.0,15.0,A01
201400056984,0,7,0,0.0,1.0,1.0,15.0,A01
201400056985,0,32,0,0.0,2.0,8.0,15.0,A01
201400056985,0,7,0,0.0,2.0,1.0,1.0,B01
201400056986,0,2,0,0.0,0.0,4.0,23.0,B01
201400056986,0,7,0,0.0,0.0,4.0,1.0,A01
201400056987,0,1,0,0.0,1.0,1.0,1.0,A01
201400056988,0,1,0,0.0,2.0,0.0,21.0,A01
201400056989,0,7,0,0.0,2.0,0.0,22.0,A01
201400056989,0,32,0,0.0,2.0,0.0,1.0,B01
201400056990,0,7,0,0.0,1.0,7.0,4.0,A01
201400056991,1,7,0,0.0,0.0,0.0,1.0,Z01
201400056991,0,1,0,0.0,0.0,7.0,1.0,B01
201400056992,1,1,0,0.0,1.0,0.0,1.0,A01
201400056993,0,7,0,0.0,1.0,2.0,15.0,A01
201400056994,0,32,0,0.0,1.0,1.0,1.0,A01
201400056995,0,10,0,0.0,0.0,5.0,23.0,A01
201400056995,0,34,0,0.0,2.0,4.0,1.0,B01
201400056996,0,7,0,0.0,1.0,3.0,1.0,A01
201400056997,0,7,0,0.0,1.0,2.0,1.0,A01
201400056998,0,7,0,0.0,2.0,0.0,15.0,A01
201400056998,0,30,0,0.0,2.0,8.0,1.0,B01
201400056999,0,7,0,0.0,2.0,3.0,2.0,A01
201400056999,0,7,0,0.0,2.0,6.0,2.0,B01
201400057000,0,7,0,0.0,2.0,0.0,23.0,C01
201400057000,0,10,0,1.0,2.0,6.0,13.0,A01
201400057000,0,34,0,0.0,2.0,5.0,17.0,B01
201400057001,0,2,0,0.0,1.0,1.0,1.0,A01
201400057002,0,32,0,0.0,2.0,2.0,17.0,B01
201400057002,0,7,0,0.0,0.0,3.0,15.0,A01
201400057003,0,7,0,0.0,2.0,1.0,15.0,A01
201400057003,0,7,0,0.0,2.0,8.0,1.0,B01
201400057004,0,7,0,0.0,1.0,2.0,15.0,A01
201400057005,0,30,0,0.0,1.0,3.0,1.0,A01
201400057006,0,31,0,0.0,0.0,0.0,1.0,A01
201400057007,0,7,0,0.0,2.0,8.0,1.0,B01
201400057007,0,7,0,0.0,2.0,1.0,1.0,A01
201400057008,0,7,0,0.0,2.0,4.0,23.0,C01
201400057008,0,10,0,0.0,2.0,1.0,1.0,A01
201400057008,0,7,0,0.0,2.0,4.0,23.0,B01
201400057009,0,10,0,0.0,2.0,2.0,15.0,A01
201400057009,0,33,0,0.0,2.0,3.0,1.0,B01
201400057010,0,34,0,0.0,0.0,1.0,1.0,A01
201400057011,0,7,0,0.0,2.0,1.0,15.0,A01
201400057011,0,32,0,0.0,2.0,1.0,1.0,B01
201400057012,1,30,0,0.0,1.0,0.0,5.0,Z01
201400057013,0,30,0,0.0,0.0,1.0,1.0,A01
201400057014,0,7,0,0.0,2.0,7.0,14.0,A01
201400057014,0,1,0,0.0,2.0,8.0,1.0,B01
201400057015,0,7,0,0.0,2.0,7.0,9.0,B01
201400057015,0,7,0,0.0,2.0,1.0,1.0,A01
201400057016,0,7,0,0.0,2.0,1.0,1.0,B01
201400057016,0,7,0,0.0,2.0,2.0,15.0,A01
201400057017,0,31,0,0.0,2.0,8.0,1.0,B01
201400057017,0,7,0,0.0,2.0,2.0,15.0,A01
201400057018,0,7,0,4.0,0.0,1.0,1.0,A01
201400057019,0,33,0,0.0,1.0,3.0,1.0,A01
201400057020,0,30,0,0.0,1.0,1.0,1.0,A01
201400057021,0,33,0,0.0,2.0,1.0,1.0,A01
201400057021,0,7,0,0.0,2.0,4.0,1.0,B01
201400057022,0,32,0,0.0,2.0,8.0,1.0,B01
201400057022,0,7,0,0.0,2.0,5.0,16.0,A01
201400057023,0,31,0,0.0,2.0,1.0,1.0,B01
201400057023,0,30,0,0.0,2.0,7.0,15.0,A01
201400057024,0,1,0,1.0,0.0,1.0,14.0,A01
201400057025,0,7,0,0.0,2.0,3.0,1.0,B01
201400057025,0,30,0,0.0,2.0,2.0,1.0,A01
201400057026,0,34,0,0.0,2.0,3.0,2.0,A01
201400057026,0,33,0,0.0,2.0,5.0,16.0,B01
201400057027,0,7,0,0.0,2.0,3.0,22.0,A01
201400057027,1,1,0,0.0,1.0,1.0,1.0,Z01
201400057028,0,32,0,0.0,2.0,1.0,1.0,B01
201400057028,0,7,0,0.0,2.0,6.0,1.0,A01
201400057029,0,34,0,0.0,1.0,3.0,15.0,A01
201400057030,0,1,0,0.0,2.0,1.0,18.0,A01
201400057030,1,7,0,0.0,2.0,7.0,22.0,Z01
201400057031,0,7,0,0.0,2.0,2.0,12.0,A01
201400057031,0,7,0,0.0,2.0,3.0,7.0,B01
201400057032,0,1,0,0.0,2.0,1.0,1.0,A01
201400057032,0,33,0,0.0,2.0,4.0,23.0,B01
201400057033,1,7,0,0.0,2.0,1.0,1.0,Z01
201400057033,0,7,0,0.0,2.0,2.0,15.0,A01
201400057034,0,7,0,0.0,1.0,2.0,1.0,A01
201400057035,0,7,0,0.0,1.0,3.0,15.0,A01
201400057036,0,33,0,0.0,1.0,1.0,1.0,A01
201400057037,0,7,0,0.0,2.0,1.0,15.0,A01
201400057037,0,10,0,0.0,2.0,3.0,1.0,B01
201400057038,0,2,0,0.0,0.0,8.0,1.0,A01
201400057039,0,7,0,0.0,1.0,2.0,1.0,A01
201400057040,0,2,0,0.0,1.0,1.0,1.0,A01
201400057041,0,7,0,0.0,1.0,1.0,1.0,A01
201400057042,0,7,0,0.0,2.0,3.0,15.0,A01
201400057042,0,32,0,0.0,2.0,7.0,17.0,B01
201400057043,0,30,0,0.0,2.0,8.0,18.0,B01
201400057043,0,7,0,0.0,2.0,1.0,15.0,A01
201400057044,0,7,0,0.0,1.0,3.0,1.0,A01
201400057045,0,30,0,6.0,0.0,1.0,13.0,A01
201400057046,0,30,0,12.0,0.0,8.0,16.0,A01
201400057047,0,31,0,0.0,1.0,1.0,1.0,A01
201400057048,0,30,0,0.0,2.0,3.0,1.0,B01
201400057048,0,7,0,0.0,2.0,2.0,15.0,A01
201400057049,0,7,0,0.0,2.0,1.0,2.0,A01
201400057049,0,7,0,0.0,2.0,4.0,2.0,B01
201400057050,0,7,0,0.0,1.0,2.0,17.0,A01
201400057051,0,2,0,0.0,2.0,1.0,2.0,A01
201400057051,0,7,0,0.0,2.0,3.0,2.0,B01
201400057052,0,33,0,0.0,1.0,8.0,1.0,A01
201400057053,0,10,0,0.0,1.0,1.0,1.0,A01
201400057054,0,1,0,0.0,2.0,7.0,1.0,B01
201400057054,0,7,0,0.0,2.0,8.0,22.0,A01
201400057055,0,30,0,0.0,0.0,0.0,1.0,A01
201400057056,0,3,0,0.0,1.0,1.0,1.0,A01
201400057057,0,7,0,0.0,1.0,8.0,1.0,A01
201400057058,0,32,0,0.0,2.0,5.0,23.0,B01
201400057058,0,7,0,0.0,2.0,4.0,23.0,C01
201400057058,0,7,0,0.0,2.0,3.0,1.0,A01
201400057059,0,32,0,0.0,2.0,4.0,11.0,A01
201400057059,0,7,0,0.0,2.0,2.0,1.0,B01
201400057060,0,10,0,0.0,1.0,3.0,15.0,A01
201400057061,0,33,0,0.0,2.0,1.0,13.0,A01
201400057061,0,33,0,0.0,2.0,1.0,1.0,B01
201400057062,0,1,0,0.0,2.0,8.0,1.0,B01
201400057062,0,7,0,0.0,2.0,8.0,10.0,A01
201400057063,0,1,0,0.0,1.0,1.0,7.0,A01
201400057064,1,30,0,0.0,2.0,1.0,13.0,Z01
201400057064,0,1,0,0.0,2.0,1.0,1.0,A01
201400057065,0,31,0,0.0,1.0,1.0,1.0,A01
201400057066,0,7,0,0.0,2.0,6.0,23.0,B01
201400057066,0,30,0,0.0,2.0,1.0,1.0,A01
201400057067,0,37,1,0.0,1.0,2.0,1.0,A01
201400057068,0,33,0,0.0,0.0,0.0,1.0,A01
201400057069,0,7,0,0.0,1.0,1.0,1.0,A01
201400057070,0,32,0,0.0,1.0,1.0,17.0,A01
201400057071,0,33,0,0.0,2.0,1.0,1.0,A01
201400057071,1,7,0,0.0,2.0,0.0,1.0,Z01
201400057072,1,30,0,0.0,2.0,2.0,17.0,B01
201400057072,0,7,0,0.0,2.0,3.0,13.0,A01
201400057073,0,7,0,0.0,1.0,3.0,1.0,A01
201400057074,0,10,0,0.0,1.0,1.0,16.0,A01
201400057075,0,7,0,0.0,1.0,4.0,4.0,A01
201400057076,0,37,0,0.0,1.0,2.0,9.0,A01
201400057077,0,7,0,0.0,2.0,1.0,1.0,B01
201400057077,0,2,0,0.0,2.0,1.0,15.0,A01
201400057078,0,7,0,0.0,1.0,3.0,1.0,A01
201400057079,0,7,0,0.0,1.0,1.0,16.0,A01
201400057080,0,10,0,0.0,2.0,2.0,15.0,A01
201400057080,0,2,0,0.0,2.0,1.0,1.0,B01
201400057081,0,34,0,0.0,2.0,1.0,1.0,B01
201400057081,0,1,0,0.0,2.0,1.0,1.0,A01
201400057082,0,30,0,0.0,2.0,1.0,17.0,A01
201400057082,0,10,0,0.0,2.0,3.0,15.0,B01
201400057083,0,7,0,0.0,2.0,2.0,15.0,A01
201400057083,0,33,0,0.0,2.0,8.0,1.0,B01
201400057084,0,7,0,0.0,2.0,5.0,23.0,C01
201400057084,0,34,0,0.0,2.0,9.0,23.0,B01
201400057084,0,34,0,0.0,2.0,1.0,2.0,A01
201400057085,1,7,0,0.0,2.0,2.0,1.0,Z01
201400057085,0,32,0,0.0,2.0,3.0,23.0,B01
201400057086,0,7,0,0.0,2.0,3.0,22.0,B01
201400057086,0,37,1,0.0,2.0,5.0,1.0,A01
201400057087,0,7,0,8.0,1.0,2.0,14.0,A01
201400057088,0,32,0,0.0,1.0,1.0,1.0,A01
201400057089,0,1,0,0.0,2.0,8.0,1.0,B01
201400057089,0,10,0,0.0,2.0,1.0,1.0,A01
201400057090,0,7,0,0.0,1.0,5.0,1.0,A01
201400057091,0,7,0,0.0,2.0,2.0,15.0,A01
201400057091,0,30,0,0.0,2.0,1.0,1.0,B01
201400057092,0,33,0,0.0,2.0,1.0,1.0,B01
201400057092,0,7,0,0.0,2.0,3.0,9.0,A01
201400057093,0,30,0,0.0,0.0,7.0,1.0,A01
201400057094,0,32,0,0.0,1.0,1.0,1.0,A01
201400057095,0,7,0,0.0,1.0,7.0,1.0,A01
201400057096,0,37,1,0.0,2.0,7.0,1.0,A01
201400057096,0,7,0,0.0,2.0,0.0,22.0,B01
201400057097,0,32,0,12.0,0.0,3.0,13.0,A01
201400057098,0,33,0,0.0,2.0,2.0,1.0,B01
201400057098,0,7,0,0.0,2.0,3.0,1.0,A01
201400057099,0,32,0,9.0,0.0,2.0,14.0,A01
201400057100,0,7,0,1.0,0.0,1.0,13.0,A01
201400057101,0,7,0,0.0,2.0,3.0,15.0,A01
201400057101,0,30,0,0.0,2.0,1.0,1.0,B01
201400057102,0,30,0,0.0,1.0,1.0,17.0,A01
201400057103,0,7,0,0.0,2.0,4.0,2.0,B01
201400057103,0,30,0,0.0,2.0,1.0,1.0,A01
201400057104,0,7,0,0.0,2.0,3.0,1.0,A01
201400057104,0,30,0,0.0,2.0,1.0,17.0,B01
201400057105,0,7,0,0.0,1.0,1.0,1.0,A01
201400057106,0,7,0,0.0,2.0,7.0,22.0,B01
201400057106,0,32,0,0.0,2.0,1.0,3.0,A01
201400057107,0,30,0,8.0,2.0,3.0,7.0,B01
201400057107,0,7,0,0.0,2.0,2.0,16.0,A01
201400057108,0,32,0,0.0,2.0,1.0,1.0,A01
201400057108,0,7,0,0.0,2.0,3.0,1.0,B01
201400057109,0,1,0,0.0,1.0,1.0,1.0,A01
201400057110,0,1,0,1.0,1.0,1.0,1.0,A01
201400057111,1,30,0,0.0,1.0,0.0,1.0,Z01
201400057112,0,2,0,0.0,0.0,7.0,16.0,A01
201400057113,0,1,0,1.0,2.0,1.0,18.0,A01
201400057113,0,13,0,0.0,2.0,0.0,1.0,B01
201400057114,1,7,0,0.0,2.0,6.0,14.0,Z01
201400057114,0,1,0,0.0,2.0,1.0,1.0,A01
201400057115,0,10,0,0.0,2.0,1.0,1.0,A01
201400057115,0,1,0,0.0,2.0,2.0,19.0,B01
201400057116,0,33,0,0.0,2.0,0.0,17.0,B01
201400057116,0,10,0,0.0,2.0,0.0,13.0,A01
201400057117,0,7,0,0.0,2.0,1.0,1.0,A01
201400057117,0,1,0,0.0,2.0,0.0,19.0,B01
201400057118,1,7,0,0.0,2.0,8.0,9.0,Z01
201400057118,0,30,0,0.0,2.0,6.0,1.0,A01
201400057119,0,30,0,0.0,2.0,0.0,1.0,A01
201400057119,0,1,0,0.0,2.0,0.0,1.0,B01
201400057120,0,7,0,0.0,1.0,1.0,15.0,A01
201400057121,0,2,0,0.0,2.0,1.0,1.0,A01
201400057121,0,7,0,0.0,2.0,2.0,1.0,B01
201400057122,0,7,0,0.0,1.0,2.0,1.0,A01
201400057123,0,31,0,0.0,1.0,1.0,17.0,A01
201400057124,0,10,0,0.0,2.0,1.0,2.0,A01
201400057124,0,7,0,0.0,2.0,1.0,2.0,B01
201400057124,0,7,0,0.0,2.0,4.0,2.0,C01
201400057125,0,31,0,0.0,1.0,2.0,1.0,A01
201400057126,0,2,0,0.0,1.0,1.0,17.0,A01
201400057127,0,1,0,0.0,0.0,0.0,1.0,A01
201400057128,0,33,0,0.0,2.0,2.0,2.0,A01
201400057128,0,7,0,0.0,2.0,6.0,12.0,B01
201400057129,1,7,0,0.0,2.0,1.0,15.0,Z01
201400057129,0,30,0,0.0,2.0,8.0,1.0,A01
201400057130,0,7,0,15.0,0.0,2.0,14.0,A01
201400057131,0,7,0,0.0,2.0,3.0,1.0,B01
201400057131,0,1,0,0.0,2.0,8.0,15.0,A01
201400057132,0,7,0,0.0,2.0,8.0,1.0,B01
201400057132,0,10,0,0.0,2.0,1.0,1.0,A01
201400057133,0,1,0,0.0,0.0,0.0,1.0,A01
201400057134,0,3,0,0.0,2.0,1.0,2.0,A01
201400057134,0,7,0,0.0,2.0,4.0,23.0,B01
201400057135,0,7,0,0.0,1.0,6.0,4.0,A01
201400057136,0,33,0,0.0,1.0,3.0,1.0,A01
201400057137,0,31,0,0.0,0.0,7.0,1.0,A01
201400057138,0,31,0,0.0,0.0,8.0,1.0,A01
201400057139,0,31,0,0.0,1.0,1.0,17.0,A01
201400057140,0,33,0,0.0,2.0,1.0,17.0,B01
201400057140,0,7,0,0.0,2.0,3.0,13.0,A01
201400057141,0,1,0,0.0,1.0,1.0,1.0,A01
201400057142,0,7,0,0.0,2.0,3.0,1.0,A01
201400057142,0,1,0,0.0,2.0,3.0,1.0,B01
201400057143,0,33,0,0.0,2.0,7.0,1.0,A01
201400057143,2,33,0,0.0,2.0,0.0,1.0,Z01
201400057144,0,7,0,0.0,1.0,2.0,15.0,A01
201400057145,0,30,0,0.0,1.0,1.0,18.0,A01
201400057146,0,1,0,0.0,2.0,1.0,15.0,B01
201400057146,0,7,0,0.0,2.0,4.0,4.0,A01
201400057147,0,1,0,0.0,2.0,0.0,1.0,B01
201400057147,0,7,0,0.0,2.0,2.0,1.0,A01
201400057148,1,10,0,0.0,2.0,2.0,22.0,Z01
201400057148,0,1,0,0.0,2.0,1.0,1.0,A01
201400057149,0,37,0,1.0,0.0,1.0,1.0,A01
201400057150,0,10,0,0.0,0.0,7.0,1.0,A01
201400057151,0,7,0,0.0,2.0,7.0,15.0,A01
201400057151,0,30,0,0.0,2.0,3.0,1.0,B01
201400057152,0,1,0,0.0,2.0,1.0,1.0,B01
201400057152,0,7,0,0.0,2.0,8.0,22.0,A01
201400057153,0,30,0,6.0,0.0,3.0,1.0,A01
201400057154,0,7,0,0.0,2.0,3.0,15.0,B01
201400057154,0,30,0,0.0,2.0,2.0,17.0,A01
201400057155,0,7,0,0.0,1.0,2.0,1.0,A01
201400057156,0,7,0,0.0,2.0,5.0,23.0,B01
201400057156,0,7,0,0.0,2.0,4.0,23.0,C01
201400057156,0,33,0,0.0,1.0,1.0,18.0,A01
201400057157,0,32,0,0.0,0.0,8.0,1.0,A01
201400057158,0,10,0,0.0,1.0,4.0,4.0,A01
201400057159,0,33,0,0.0,2.0,4.0,23.0,B01
201400057159,0,7,0,0.0,2.0,1.0,1.0,A01
201400057160,0,7,0,0.0,1.0,3.0,1.0,A01
201400057161,0,32,0,0.0,0.0,7.0,1.0,A01
201400057162,1,7,0,0.0,1.0,2.0,1.0,Z01
201400057163,0,10,0,0.0,1.0,4.0,4.0,A01
201400057164,0,1,0,0.0,2.0,7.0,1.0,B01
201400057164,0,7,0,0.0,2.0,0.0,9.0,A01
201400057165,0,33,0,0.0,1.0,1.0,1.0,A01
201400057166,0,1,0,0.0,2.0,8.0,15.0,B01
201400057166,0,31,0,0.0,2.0,7.0,17.0,A01
201400057167,0,15,0,0.0,2.0,2.0,1.0,B01
201400057167,0,7,0,0.0,2.0,6.0,11.0,A01
201400057168,0,37,42,0.0,2.0,0.0,7.0,A01
201400057168,1,10,0,0.0,2.0,0.0,16.0,Z01
201400057169,1,7,0,0.0,2.0,0.0,14.0,Z01
201400057169,0,1,0,0.0,2.0,0.0,1.0,A01
201400057170,1,7,0,0.0,1.0,0.0,1.0,Z01
201400057171,0,32,0,0.0,0.0,0.0,1.0,A01
201400057172,0,31,0,0.0,1.0,1.0,1.0,A01
201400057173,0,10,0,0.0,1.0,7.0,1.0,A01
201400057174,0,10,0,0.0,2.0,8.0,13.0,C01
201400057174,0,33,0,0.0,2.0,8.0,3.0,A01
201400057174,0,7,0,0.0,2.0,7.0,14.0,B01
201400057175,0,7,0,0.0,2.0,2.0,1.0,A01
201400057175,0,2,0,0.0,2.0,8.0,1.0,B01
201400057176,0,7,0,1.0,0.0,0.0,4.0,A01
201400057177,0,2,0,0.0,2.0,2.0,1.0,A01
201400057177,0,7,0,0.0,2.0,3.0,1.0,B01
201400057178,0,32,0,0.0,2.0,3.0,1.0,B01
201400057178,0,7,0,0.0,2.0,1.0,15.0,A01
201400057179,0,10,0,0.0,2.0,1.0,1.0,A01
201400057179,0,7,0,0.0,2.0,4.0,1.0,B01
201400057180,0,30,0,7.0,0.0,1.0,1.0,A01
201400057181,0,2,0,0.0,0.0,0.0,1.0,A01
201400057182,0,32,0,0.0,2.0,4.0,23.0,B01
201400057182,0,7,0,0.0,2.0,1.0,1.0,A01
201400057183,0,3,0,0.0,2.0,3.0,1.0,A01
201400057183,0,7,0,0.0,2.0,2.0,23.0,B01
201400057184,0,10,0,0.0,2.0,3.0,1.0,A01
201400057184,0,1,0,0.0,2.0,4.0,1.0,B01
201400057185,0,32,0,0.0,2.0,8.0,18.0,B01
201400057185,0,10,0,0.0,2.0,7.0,14.0,A01
201400057186,0,7,0,0.0,2.0,4.0,1.0,B01
201400057186,0,34,0,0.0,2.0,1.0,1.0,A01
201400057187,0,7,0,0.0,1.0,0.0,1.0,A01
201400057188,0,7,0,0.0,1.0,2.0,1.0,A01
201400057189,0,33,0,0.0,2.0,1.0,1.0,A01
201400057189,0,7,0,0.0,2.0,4.0,23.0,B01
201400057190,0,7,0,0.0,2.0,7.0,15.0,B01
201400057190,0,10,0,0.0,2.0,1.0,1.0,A01
201400057191,0,7,0,15.0,1.0,1.0,1.0,A01
201400057192,0,7,0,0.0,2.0,1.0,15.0,A01
201400057192,0,32,0,0.0,2.0,2.0,1.0,B01
201400057193,2,7,0,0.0,2.0,0.0,1.0,Z01
201400057193,0,34,0,0.0,2.0,3.0,1.0,B01
201400057193,0,7,0,0.0,2.0,3.0,1.0,C01
201400057194,0,7,0,0.0,1.0,4.0,4.0,A01
201400057195,0,7,0,0.0,1.0,7.0,1.0,A01
201400057196,0,7,0,0.0,1.0,2.0,1.0,A01
201400057197,1,7,0,0.0,2.0,0.0,2.0,Z01
201400057197,0,7,0,0.0,2.0,4.0,23.0,A01
201400057198,0,31,0,0.0,2.0,8.0,1.0,A01
201400057198,0,7,0,0.0,2.0,1.0,15.0,B01
201400057199,0,33,0,1.0,2.0,1.0,1.0,A01
201400057199,0,7,0,0.0,2.0,3.0,16.0,B01
201400057200,0,7,0,0.0,1.0,2.0,1.0,A01
201400057201,1,7,0,0.0,1.0,0.0,15.0,Z01
201400057202,0,32,0,0.0,2.0,7.0,17.0,A01
201400057202,0,7,0,0.0,2.0,3.0,9.0,B01
201400057203,0,7,0,0.0,2.0,8.0,1.0,D01
201400057203,0,7,0,0.0,2.0,8.0,1.0,C01
201400057203,0,30,0,0.0,2.0,3.0,17.0,B01
201400057203,0,33,0,0.0,2.0,3.0,17.0,A01
201400057204,0,2,0,0.0,1.0,1.0,17.0,A01
201400057205,0,7,0,0.0,2.0,2.0,1.0,A01
201400057205,0,1,0,0.0,2.0,1.0,1.0,B01
201400057206,0,1,0,0.0,2.0,4.0,23.0,B01
201400057206,0,7,0,0.0,2.0,2.0,2.0,A01
201400057207,1,2,0,0.0,1.0,7.0,1.0,Z01
201400057208,0,30,0,14.0,0.0,1.0,13.0,A01
201400057209,0,7,0,0.0,2.0,1.0,1.0,A01
201400057209,0,33,0,0.0,2.0,4.0,23.0,B01
201400057210,0,2,0,0.0,1.0,1.0,1.0,A01
201400057211,0,7,0,0.0,2.0,1.0,1.0,A01
201400057211,0,7,0,0.0,2.0,4.0,1.0,B01
201400057212,0,7,0,0.0,2.0,2.0,23.0,B01
201400057212,0,7,0,0.0,2.0,4.0,2.0,A01
201400057213,0,7,0,0.0,1.0,2.0,15.0,A01
201400057214,0,7,0,7.0,0.0,1.0,1.0,A01
201400057215,0,7,0,0.0,2.0,3.0,1.0,C01
201400057215,0,7,0,0.0,2.0,2.0,1.0,B01
201400057215,0,30,0,0.0,2.0,1.0,13.0,A01
201400057216,0,30,0,0.0,2.0,1.0,2.0,A01
201400057216,0,7,0,0.0,2.0,5.0,23.0,B01
201400057217,0,31,0,0.0,2.0,1.0,1.0,A01
201400057217,1,7,0,0.0,2.0,3.0,13.0,Z01
201400057218,0,7,0,0.0,1.0,1.0,1.0,A01
201400057219,0,7,0,0.0,2.0,8.0,22.0,A01
201400057219,0,2,0,0.0,2.0,1.0,1.0,B01
201400057220,0,31,0,0.0,0.0,0.0,21.0,A01
201400057221,0,32,0,0.0,1.0,1.0,17.0,A01
201400057222,0,30,0,0.0,2.0,1.0,1.0,B01
201400057222,0,7,0,0.0,2.0,7.0,15.0,A01
201400057223,1,7,0,0.0,2.0,0.0,1.0,Z01
201400057223,0,1,0,0.0,2.0,0.0,19.0,A01
201400057224,0,38,1,0.0,1.0,0.0,16.0,A01
201400057225,0,31,0,0.0,2.0,3.0,15.0,A01
201400057225,1,10,0,0.0,2.0,2.0,1.0,Z01
201400057226,0,32,0,0.0,2.0,0.0,18.0,A01
201400057226,0,7,0,0.0,2.0,0.0,12.0,B01
201400057227,0,10,0,0.0,1.0,6.0,4.0,A01
201400057228,0,31,0,0.0,0.0,0.0,1.0,A01
201400057229,0,33,0,0.0,1.0,1.0,1.0,A01
201400057230,0,7,0,0.0,1.0,1.0,15.0,A01
201400057231,0,7,0,0.0,2.0,3.0,1.0,B01
201400057231,0,7,0,0.0,2.0,2.0,15.0,A01
201400057232,0,31,0,0.0,0.0,0.0,1.0,A01
201400057233,0,2,0,0.0,2.0,2.0,1.0,B01
201400057233,0,7,0,0.0,2.0,3.0,9.0,A01
201400057234,0,7,0,0.0,2.0,8.0,15.0,A01
201400057234,0,30,0,0.0,2.0,1.0,17.0,B01
201400057235,0,30,0,0.0,2.0,2.0,17.0,A01
201400057235,0,7,0,0.0,2.0,3.0,15.0,B01
201400057236,0,32,0,0.0,2.0,1.0,1.0,A01
201400057236,1,7,0,0.0,2.0,4.0,16.0,Z01
201400057237,0,34,0,0.0,1.0,1.0,1.0,A01
201400057238,0,32,0,0.0,2.0,4.0,1.0,A01
201400057238,0,32,0,0.0,2.0,1.0,23.0,B01
201400057239,0,7,0,0.0,1.0,1.0,1.0,A01