Num_Acc,senc,catv,occutc,obs,obsm,choc,manv,num_veh
201400057240,0,7,0,0.0,2.0,4.0,23.0,C01
201400057240,0,7,0,0.0,2.0,4.0,23.0,B01
201400057240,2,7,0,0.0,2.0,1.0,1.0,A01
201400057241,0,1,0,0.0,2.0,1.0,1.0,A01
201400057241,0,7,0,0.0,2.0,5.0,23.0,B01
201400057242,0,30,0,0.0,2.0,2.0,17.0,B01
201400057242,0,7,0,0.0,2.0,3.0,15.0,A01
201400057243,0,1,0,0.0,1.0,1.0,1.0,A01
201400057244,0,7,0,0.0,2.0,4.0,23.0,B01
201400057244,0,10,0,0.0,2.0,3.0,2.0,A01
201400057245,0,10,0,0.0,1.0,1.0,15.0,A01
201400057246,0,7,0,14.0,9.0,1.0,21.0,A01
201400057247,0,10,0,0.0,2.0,2.0,15.0,A01
201400057247,0,31,0,0.0,2.0,1.0,1.0,B01
201400057248,1,7,0,0.0,2.0,4.0,2.0,Z01
201400057248,0,1,0,0.0,2.0,4.0,2.0,A01
201400057249,0,33,0,0.0,1.0,1.0,1.0,A01
201400057250,0,7,0,0.0,1.0,0.0,1.0,A01
201400057251,0,7,0,0.0,2.0,3.0,22.0,A01
201400057251,0,1,0,1.0,2.0,1.0,1.0,B01
201400057252,0,2,0,0.0,2.0,5.0,5.0,A01
201400057252,0,7,0,0.0,2.0,2.0,1.0,B01
201400057253,0,7,0,0.0,2.0,2.0,1.0,A01
201400057253,0,13,0,0.0,2.0,6.0,23.0,B01
201400057254,0,7,0,0.0,2.0,3.0,9.0,A01
201400057254,0,33,0,0.0,2.0,2.0,1.0,B01
201400057255,0,31,0,0.0,0.0,8.0,1.0,A01
201400057256,0,7,0,0.0,2.0,2.0,9.0,A01
201400057256,0,33,0,0.0,2.0,3.0,1.0,B01
201400057257,1,30,0,0.0,1.0,1.0,1.0,Z01
201400057258,0,10,0,0.0,1.0,6.0,1.0,A01
201400057259,0,31,0,0.0,1.0,1.0,1.0,A01
201400057260,0,7,0,0.0,2.0,0.0,15.0,B01
201400057260,0,32,0,0.0,2.0,0.0,17.0,A01
201400057261,0,7,0,0.0,1.0,3.0,1.0,A01
201400057262,0,33,0,0.0,2.0,2.0,5.0,B01
201400057262,0,10,0,0.0,2.0,3.0,10.0,A01
201400057263,0,7,0,0.0,1.0,2.0,15.0,A01
201400057264,0,7,0,0.0,2.0,3.0,15.0,A01
201400057264,0,30,0,0.0,2.0,7.0,17.0,B01
201400057265,0,7,0,0.0,1.0,1.0,1.0,A01
201400057266,0,32,0,0.0,2.0,8.0,1.0,A01
201400057266,1,13,0,0.0,2.0,0.0,14.0,Z01
201400057267,0,10,0,0.0,2.0,2.0,13.0,A01
201400057267,0,7,0,0.0,2.0,7.0,1.0,B01
201400057268,0,7,0,0.0,1.0,1.0,15.0,A01
201400057269,0,33,0,0.0,2.0,2.0,3.0,A01
201400057269,0,7,0,0.0,2.0,4.0,12.0,B01
201400057270,0,7,0,0.0,2.0,7.0,1.0,A01
201400057270,0,30,0,0.0,2.0,1.0,1.0,B01
201400057271,0,7,0,0.0,2.0,1.0,15.0,A01
201400057271,0,33,0,0.0,2.0,1.0,1.0,B01
201400057272,0,7,0,0.0,1.0,2.0,16.0,A01
201400057273,0,7,0,0.0,1.0,3.0,15.0,A01
201400057274,1,7,0,0.0,2.0,0.0,2.0,Z01
201400057274,0,30,0,0.0,2.0,4.0,2.0,A01
201400057275,0,7,0,0.0,1.0,7.0,1.0,A01
201400057276,0,7,0,0.0,2.0,1.0,1.0,B01
201400057276,0,7,0,0.0,2.0,1.0,5.0,A01
201400057277,1,10,0,0.0,2.0,1.0,13.0,Z01
201400057277,0,31,0,0.0,2.0,2.0,1.0,A01
201400057278,0,2,0,0.0,2.0,1.0,1.0,B01
201400057278,0,7,0,0.0,2.0,3.0,15.0,A01
201400057279,0,33,0,0.0,1.0,3.0,0.0,A01
201400057280,0,10,0,0.0,1.0,3.0,1.0,A01
201400057281,0,7,0,0.0,2.0,2.0,15.0,A01
201400057281,0,1,0,0.0,2.0,1.0,1.0,B01
201400057282,0,7,0,1.0,0.0,3.0,1.0,A01
201400057283,0,7,0,0.0,2.0,4.0,2.0,B01
201400057283,0,7,0,0.0,2.0,4.0,13.0,A01
201400057283,0,7,0,0.0,2.0,1.0,2.0,C01
201400057283,0,32,0,0.0,2.0,1.0,3.0,D01
201400057284,0,33,0,0.0,2.0,6.0,15.0,A01
201400057284,0,33,0,1.0,2.0,2.0,1.0,B01
201400057285,0,7,0,0.0,1.0,3.0,1.0,A01
201400057286,0,7,0,0.0,1.0,8.0,1.0,A01
201400057287,0,33,0,0.0,2.0,1.0,2.0,A01
201400057287,0,7,0,0.0,2.0,4.0,2.0,B01
201400057288,0,14,0,0.0,2.0,2.0,16.0,A01
201400057288,0,1,0,0.0,2.0,4.0,1.0,B01
201400057289,0,7,0,0.0,1.0,8.0,1.0,A01
201400057290,0,34,0,0.0,2.0,3.0,2.0,A01
201400057290,0,7,0,0.0,2.0,5.0,23.0,B01
201400057291,0,10,0,0.0,1.0,1.0,7.0,A01
201400057292,0,7,0,1.0,2.0,3.0,1.0,B01
201400057292,0,30,0,0.0,2.0,2.0,1.0,A01
201400057293,0,7,0,1.0,1.0,2.0,4.0,A01
201400057294,0,7,0,0.0,2.0,1.0,1.0,A01
201400057294,0,10,0,3.0,2.0,8.0,1.0,D01
201400057294,0,33,0,0.0,2.0,3.0,2.0,C01
201400057294,0,33,0,0.0,2.0,6.0,2.0,B01
201400057295,0,7,0,0.0,2.0,3.0,1.0,B01
201400057295,0,7,0,0.0,2.0,1.0,7.0,A01
201400057296,0,14,0,0.0,1.0,7.0,1.0,A01
201400057297,0,34,0,0.0,0.0,8.0,1.0,A01
201400057298,0,7,0,4.0,0.0,7.0,1.0,A01
201400057299,0,10,0,0.0,2.0,1.0,13.0,A01
201400057299,0,10,0,0.0,2.0,2.0,1.0,B01
201400057300,0,7,0,0.0,2.0,3.0,15.0,A01
201400057300,0,33,0,0.0,2.0,2.0,5.0,B01
201400057301,0,7,0,0.0,2.0,7.0,10.0,A01
201400057301,0,2,0,0.0,2.0,1.0,16.0,B01
201400057302,0,32,0,1.0,2.0,3.0,1.0,A01
201400057302,0,7,0,0.0,2.0,1.0,7.0,B01
201400057303,0,37,10,0.0,1.0,1.0,1.0,A01
201400057304,0,7,0,0.0,1.0,1.0,1.0,A01
201400057305,0,10,0,0.0,2.0,3.0,15.0,A01
201400057305,0,10,0,0.0,2.0,2.0,5.0,B01
201400057306,0,7,0,0.0,2.0,7.0,1.0,A01
201400057306,0,31,0,0.0,2.0,3.0,1.0,B01
201400057307,0,2,0,0.0,2.0,7.0,1.0,B01
201400057307,0,7,0,0.0,2.0,3.0,11.0,A01
201400057308,0,2,0,0.0,0.0,0.0,1.0,A01
201400057309,0,33,0,1.0,2.0,3.0,3.0,A01
201400057309,0,7,0,0.0,2.0,7.0,1.0,B01
201400057310,0,7,0,0.0,1.0,2.0,7.0,A01
201400057311,0,37,0,0.0,1.0,1.0,1.0,A01
201400057312,0,2,0,0.0,1.0,1.0,17.0,A01
201400057313,0,33,0,14.0,0.0,3.0,1.0,A01
201400057314,0,1,0,1.0,0.0,0.0,1.0,A01
201400057315,0,37,25,0.0,1.0,2.0,8.0,A01
201400057316,0,7,0,0.0,2.0,8.0,1.0,B01
201400057316,0,7,0,0.0,2.0,2.0,1.0,A01
201400057317,0,10,0,0.0,1.0,4.0,4.0,A01
201400057318,0,33,0,0.0,2.0,1.0,1.0,A01
201400057318,0,13,0,0.0,2.0,8.0,15.0,B01
201400057319,0,7,0,0.0,2.0,2.0,1.0,A01
201400057319,0,1,0,0.0,2.0,4.0,1.0,B01
201400057320,0,7,0,8.0,2.0,8.0,15.0,A01
201400057320,0,30,0,0.0,2.0,2.0,17.0,B01
201400057321,0,33,0,0.0,0.0,1.0,5.0,A01
201400057321,0,7,0,0.0,2.0,1.0,23.0,B01
201400057322,0,10,0,0.0,2.0,1.0,1.0,A01
201400057322,0,7,0,1.0,2.0,8.0,10.0,B01
201400057323,0,10,0,0.0,2.0,3.0,15.0,A01
201400057323,0,33,0,0.0,2.0,1.0,1.0,B01
201400057324,0,10,0,1.0,0.0,1.0,14.0,A01
201400057325,0,33,0,0.0,2.0,4.0,3.0,B01
201400057325,0,7,0,0.0,2.0,4.0,1.0,D01
201400057325,0,31,0,0.0,2.0,4.0,1.0,E01
201400057325,0,7,0,0.0,2.0,4.0,1.0,C01
201400057325,0,33,0,0.0,2.0,1.0,3.0,A01
201400057326,0,7,0,6.0,2.0,1.0,13.0,A01
201400057326,0,7,0,0.0,2.0,3.0,1.0,B01
201400057327,0,7,0,0.0,2.0,3.0,1.0,A01
201400057327,0,7,0,0.0,2.0,5.0,1.0,B01
201400057328,0,7,0,3.0,0.0,2.0,1.0,A01
201400057329,0,7,0,0.0,1.0,2.0,1.0,A01
201400057330,0,30,0,0.0,2.0,1.0,1.0,B01
201400057330,0,7,0,0.0,2.0,3.0,10.0,A01
201400057331,0,7,0,0.0,1.0,2.0,1.0,A01
201400057332,0,33,0,1.0,0.0,1.0,14.0,A01
201400057333,0,7,0,0.0,2.0,2.0,15.0,A01
201400057333,0,2,0,0.0,2.0,1.0,1.0,B01
201400057334,0,7,0,0.0,1.0,2.0,16.0,A01
201400057335,0,7,0,0.0,1.0,3.0,1.0,A01
201400057336,0,7,0,0.0,2.0,3.0,15.0,A01
201400057336,0,33,0,1.0,2.0,1.0,1.0,B01
201400057337,1,30,0,0.0,1.0,1.0,1.0,A01
201400057338,0,7,0,3.0,0.0,2.0,14.0,A01
201400057339,0,32,0,0.0,2.0,1.0,1.0,B01
201400057339,0,7,0,0.0,2.0,3.0,1.0,A01
201400057340,0,7,0,0.0,2.0,2.0,15.0,A01
201400057340,0,31,0,0.0,2.0,1.0,1.0,B01
201400057341,0,31,0,11.0,0.0,8.0,1.0,A01
201400057342,0,31,0,0.0,1.0,0.0,7.0,A01
201400057343,0,14,0,0.0,2.0,2.0,16.0,A01
201400057343,0,30,0,0.0,2.0,8.0,1.0,B01
201400057344,0,33,0,0.0,2.0,1.0,1.0,B01
201400057344,0,7,0,0.0,2.0,1.0,15.0,A01
201400057345,0,7,0,11.0,0.0,3.0,13.0,A01
201400057346,0,7,0,0.0,1.0,1.0,1.0,A01
201400057347,0,7,0,12.0,2.0,7.0,14.0,A01
201400057347,0,7,0,6.0,2.0,5.0,1.0,B01
201400057348,0,7,0,0.0,2.0,1.0,5.0,A01
201400057348,0,7,0,7.0,2.0,2.0,1.0,B01
201400057349,0,1,0,0.0,2.0,7.0,19.0,B01
201400057349,0,1,0,0.0,2.0,1.0,1.0,A01
201400057350,0,10,0,0.0,1.0,2.0,17.0,A01
201400057351,0,7,0,0.0,1.0,2.0,15.0,A01
201400057352,0,40,0,0.0,2.0,7.0,1.0,B01
201400057352,0,1,0,0.0,2.0,1.0,19.0,A01
201400057353,0,7,0,12.0,0.0,3.0,1.0,A01
201400057354,0,10,0,0.0,2.0,8.0,23.0,B01
201400057354,0,30,0,0.0,2.0,3.0,13.0,A01
201400057355,0,7,0,0.0,1.0,1.0,15.0,A01
201400057356,0,1,0,8.0,0.0,1.0,14.0,A01
201400057357,0,7,0,0.0,1.0,2.0,1.0,A01
201400057358,0,1,0,12.0,2.0,8.0,1.0,B01
201400057358,0,10,0,0.0,2.0,3.0,1.0,A01
201400057359,0,31,0,0.0,2.0,7.0,1.0,A01
201400057359,0,10,0,0.0,2.0,8.0,9.0,B01
201400057360,0,33,0,6.0,0.0,1.0,3.0,A01
201400057361,0,7,0,0.0,2.0,8.0,13.0,A01
201400057361,0,32,0,0.0,2.0,2.0,1.0,B01
201400057362,0,10,0,0.0,1.0,0.0,15.0,A01
201400057362,0,33,0,15.0,2.0,1.0,1.0,B01
201400057363,0,10,0,0.0,2.0,8.0,1.0,B01
201400057363,0,31,0,0.0,2.0,1.0,1.0,A01
201400057364,0,31,0,0.0,2.0,7.0,15.0,B01
201400057364,0,32,0,0.0,2.0,1.0,1.0,A01
201400057365,0,7,0,1.0,0.0,1.0,1.0,A01
201400057366,0,7,0,0.0,2.0,5.0,1.0,B01
201400057366,0,7,0,0.0,2.0,3.0,1.0,A01
201400057367,0,33,0,0.0,2.0,2.0,1.0,A01
201400057367,0,32,0,0.0,2.0,5.0,23.0,B01
201400057368,0,7,0,9.0,2.0,1.0,15.0,A01
201400057368,0,34,0,0.0,2.0,1.0,1.0,B01
201400057369,0,10,0,0.0,2.0,2.0,1.0,A01
201400057369,0,7,0,0.0,2.0,7.0,1.0,B01
201400057370,0,10,0,0.0,1.0,8.0,1.0,A01
201400057371,0,2,0,0.0,2.0,7.0,1.0,A01
201400057371,0,10,0,0.0,2.0,8.0,9.0,B01
201400057372,1,7,0,0.0,1.0,1.0,1.0,Z01
201400057373,2,7,0,4.0,0.0,1.0,1.0,A01
201400057374,0,33,0,0.0,2.0,2.0,5.0,A01
201400057374,0,30,0,0.0,2.0,8.0,15.0,B01
201400057375,0,7,0,0.0,2.0,3.0,11.0,A01
201400057375,0,7,0,0.0,2.0,8.0,1.0,B01
201400057375,0,7,0,0.0,2.0,4.0,1.0,C01
201400057376,0,7,0,0.0,2.0,3.0,23.0,B01
201400057376,0,31,0,0.0,2.0,2.0,17.0,A01
201400057377,0,7,0,4.0,2.0,4.0,1.0,B01
201400057377,0,33,0,4.0,2.0,9.0,1.0,C01
201400057377,0,7,0,0.0,2.0,1.0,12.0,A01
201400057378,0,33,0,0.0,2.0,1.0,1.0,B01
201400057378,0,7,0,0.0,2.0,1.0,15.0,A01
201400057379,0,10,0,0.0,1.0,3.0,1.0,A01
201400057380,0,7,0,0.0,2.0,7.0,16.0,A01
201400057380,0,34,0,0.0,2.0,8.0,7.0,B01
201400057381,0,7,0,0.0,2.0,3.0,1.0,C01
201400057381,0,7,0,0.0,2.0,7.0,23.0,B01
201400057381,0,7,0,0.0,2.0,3.0,1.0,A01
201400057382,0,33,0,0.0,2.0,2.0,3.0,A01
201400057382,0,17,0,0.0,2.0,6.0,1.0,B01
201400057383,0,10,0,0.0,2.0,5.0,16.0,B01
201400057383,0,31,0,0.0,2.0,1.0,16.0,A01
201400057384,0,31,0,0.0,1.0,1.0,1.0,A01
201400057385,0,1,0,0.0,2.0,1.0,1.0,B01
201400057385,0,7,0,0.0,2.0,8.0,22.0,A01
201400057386,0,7,0,0.0,2.0,7.0,1.0,C01
201400057386,0,7,0,4.0,2.0,6.0,1.0,A01
201400057386,0,7,0,0.0,2.0,4.0,1.0,D01
201400057386,0,7,0,0.0,2.0,2.0,1.0,B01
201400057387,0,34,0,0.0,2.0,7.0,1.0,A01
201400057387,0,10,0,0.0,2.0,1.0,1.0,B01
201400057388,1,31,0,0.0,2.0,8.0,18.0,Z01
201400057388,0,1,0,0.0,2.0,7.0,1.0,A01
201400057389,0,30,0,0.0,1.0,0.0,1.0,A01
201400057390,0,33,0,0.0,1.0,2.0,17.0,A01
201400057391,0,32,0,0.0,2.0,2.0,1.0,B01
201400057391,0,7,0,0.0,2.0,3.0,14.0,A01
201400057392,0,34,0,0.0,1.0,1.0,1.0,A01
201400057393,0,7,0,0.0,2.0,4.0,23.0,B01
201400057393,0,31,0,0.0,2.0,4.0,1.0,A01
201400057394,0,2,0,8.0,0.0,2.0,1.0,A01
201400057395,0,2,0,0.0,1.0,3.0,1.0,A01
201400057396,0,31,0,0.0,2.0,1.0,3.0,A01
201400057396,0,7,0,0.0,2.0,8.0,1.0,B01
201400057396,1,7,0,0.0,2.0,2.0,1.0,Z01
201400057397,0,32,0,0.0,2.0,1.0,1.0,B01
201400057397,0,7,0,0.0,2.0,2.0,15.0,A01
201400057398,0,2,0,15.0,0.0,8.0,1.0,A01
201400057399,0,7,0,0.0,2.0,2.0,1.0,B01
201400057399,0,30,0,0.0,2.0,8.0,9.0,A01
201400057400,1,17,0,0.0,2.0,5.0,15.0,Z01
201400057400,0,7,0,0.0,2.0,8.0,1.0,A01
201400057401,0,7,0,0.0,1.0,1.0,1.0,A01
201400057402,0,10,0,0.0,2.0,3.0,1.0,B01
201400057402,0,1,0,0.0,2.0,6.0,19.0,A01
201400057403,0,7,0,0.0,1.0,2.0,1.0,A01
201400057404,0,2,0,8.0,0.0,0.0,1.0,A01
201400057405,0,10,0,0.0,1.0,1.0,1.0,A01
201400057406,0,31,0,0.0,1.0,1.0,5.0,A01
201400057407,0,31,0,0.0,1.0,3.0,1.0,A01
201400057408,0,7,0,0.0,1.0,1.0,1.0,A01
201400057409,0,34,0,0.0,2.0,1.0,1.0,B01
201400057409,0,7,0,0.0,2.0,2.0,15.0,A01
201400057410,0,14,0,0.0,1.0,2.0,16.0,A01
201400057411,0,7,0,0.0,1.0,2.0,1.0,A01
201400057412,0,7,0,0.0,1.0,3.0,1.0,A01
201400057413,0,3,0,0.0,2.0,3.0,1.0,B01
201400057413,0,7,0,0.0,2.0,1.0,1.0,A01
201400057414,0,7,0,0.0,2.0,4.0,2.0,B01
201400057414,0,30,0,0.0,2.0,1.0,2.0,A01
201400057415,0,33,0,0.0,2.0,1.0,1.0,A01
201400057415,0,1,0,0.0,2.0,8.0,19.0,B01
201400057416,0,7,0,0.0,2.0,7.0,16.0,B01
201400057416,0,33,0,0.0,2.0,1.0,18.0,A01
201400057417,0,7,0,0.0,2.0,3.0,1.0,A01
201400057417,0,7,0,0.0,2.0,5.0,1.0,B01
201400057418,0,10,0,0.0,2.0,8.0,22.0,A01
201400057418,0,1,0,0.0,2.0,1.0,1.0,B01
201400057419,0,34,0,0.0,0.0,7.0,1.0,A01
201400057420,0,30,0,1.0,0.0,7.0,1.0,A01
201400057421,0,7,0,0.0,2.0,7.0,1.0,A01
201400057421,0,1,0,0.0,2.0,4.0,19.0,B01
201400057422,0,7,0,2.0,0.0,1.0,13.0,A01
201400057423,0,33,0,0.0,2.0,2.0,3.0,A01
201400057423,0,7,0,0.0,2.0,5.0,13.0,B01
201400057424,0,7,0,0.0,1.0,2.0,5.0,A01
201400057425,0,7,0,0.0,2.0,6.0,9.0,A01
201400057425,0,32,0,0.0,2.0,1.0,1.0,B01
201400057426,0,1,0,0.0,1.0,8.0,1.0,A01
201400057427,0,10,0,0.0,2.0,3.0,9.0,A01
201400057427,0,31,0,0.0,2.0,2.0,17.0,B01
201400057428,0,31,0,0.0,1.0,1.0,1.0,A01
201400057429,0,1,0,0.0,1.0,1.0,7.0,A01
201400057430,0,7,0,0.0,2.0,5.0,15.0,A01
201400057430,0,31,0,0.0,2.0,7.0,1.0,B01
201400057431,0,7,0,0.0,2.0,1.0,1.0,C01
201400057431,0,33,0,1.0,2.0,1.0,18.0,A01
201400057431,0,7,0,0.0,2.0,6.0,24.0,B01
201400057432,0,33,0,4.0,0.0,2.0,14.0,A01
201400057433,0,1,0,0.0,2.0,1.0,5.0,A01
201400057433,0,7,0,0.0,2.0,3.0,1.0,B01
201400057434,2,7,0,0.0,2.0,8.0,15.0,Z01
201400057434,0,30,0,0.0,2.0,2.0,1.0,A01
201400057435,0,2,0,0.0,2.0,8.0,23.0,A01
201400057435,1,10,0,0.0,2.0,8.0,1.0,Z01
201400057436,0,10,0,15.0,1.0,1.0,1.0,A01
201400057437,0,33,0,0.0,2.0,1.0,1.0,A01
201400057437,0,32,0,0.0,2.0,4.0,1.0,B01
201400057438,0,10,0,0.0,2.0,3.0,15.0,A01
201400057438,0,33,0,2.0,2.0,8.0,1.0,B01
201400057439,0,14,0,0.0,1.0,4.0,4.0,A01
201400057440,0,10,0,0.0,2.0,5.0,23.0,A01
201400057440,0,31,0,0.0,2.0,1.0,1.0,B01
201400057441,0,7,0,0.0,2.0,6.0,1.0,C01
201400057441,0,31,0,0.0,2.0,1.0,1.0,A01
201400057441,0,7,0,0.0,2.0,5.0,1.0,B01
201400057442,0,7,0,0.0,2.0,2.0,16.0,A01
201400057442,0,32,0,0.0,2.0,1.0,1.0,B01
201400057443,0,7,0,0.0,2.0,8.0,15.0,B01
201400057443,0,31,0,0.0,2.0,0.0,1.0,A01
201400057444,0,2,0,0.0,0.0,1.0,2.0,A01
201400057445,0,7,0,0.0,2.0,2.0,1.0,A01
201400057445,0,7,0,0.0,2.0,3.0,1.0,B01
201400057446,0,7,0,2.0,0.0,1.0,14.0,A01
201400057447,0,1,0,0.0,2.0,0.0,1.0,A01
201400057447,0,31,0,0.0,2.0,5.0,1.0,B01
201400057448,0,10,0,9.0,2.0,1.0,2.0,A01
201400057448,0,2,0,0.0,2.0,4.0,23.0,B01
201400057449,0,7,0,0.0,1.0,2.0,1.0,A01
201400057450,0,7,0,0.0,2.0,4.0,23.0,B01
201400057450,0,31,0,14.0,0.0,7.0,1.0,A01
201400057451,0,7,0,0.0,2.0,3.0,23.0,C01
201400057451,0,7,0,9.0,1.0,3.0,1.0,A01
201400057451,0,32,0,0.0,2.0,6.0,23.0,B01
201400057452,0,7,0,12.0,2.0,2.0,1.0,A01
201400057452,0,10,0,0.0,2.0,3.0,1.0,B01
201400057453,0,30,0,1.0,0.0,1.0,14.0,A01
201400057454,0,33,0,0.0,1.0,2.0,1.0,A01
201400057455,0,7,0,0.0,2.0,1.0,1.0,B01
201400057455,0,7,0,0.0,2.0,2.0,1.0,A01
201400057456,0,7,0,0.0,2.0,3.0,1.0,A01
201400057456,0,7,0,0.0,2.0,8.0,1.0,B01
201400057457,0,7,0,0.0,2.0,2.0,1.0,A01
201400057457,0,30,0,0.0,2.0,1.0,1.0,B01
201400057458,0,7,0,0.0,1.0,2.0,1.0,A01
201400057459,0,7,0,0.0,2.0,0.0,14.0,A01
201400057459,0,33,0,0.0,2.0,2.0,1.0,B01
201400057460,1,10,0,0.0,1.0,0.0,1.0,Z01
201400057461,0,14,0,0.0,2.0,0.0,14.0,A01
201400057461,0,7,0,0.0,2.0,3.0,1.0,C01
201400057461,0,32,0,12.0,2.0,0.0,1.0,B01
201400057462,0,34,0,0.0,1.0,1.0,1.0,A01
201400057463,0,31,0,0.0,2.0,4.0,1.0,A01
201400057463,0,32,0,0.0,2.0,1.0,1.0,B01
201400057464,0,33,0,15.0,0.0,1.0,1.0,A01
201400057465,0,7,0,0.0,1.0,0.0,1.0,A01
201400057466,0,33,0,2.0,0.0,2.0,1.0,A01
201400057467,0,7,0,0.0,1.0,3.0,15.0,A01
201400057468,0,7,0,12.0,0.0,2.0,1.0,A01
201400057469,0,10,0,3.0,0.0,1.0,14.0,A01
201400057470,0,10,0,0.0,2.0,4.0,4.0,A01
201400057470,0,7,0,0.0,2.0,2.0,23.0,B01
201400057471,0,7,0,0.0,2.0,1.0,23.0,C01
201400057471,0,7,0,0.0,2.0,1.0,1.0,B01
201400057471,0,7,0,0.0,2.0,1.0,10.0,A01
201400057472,0,37,1,0.0,1.0,5.0,1.0,A01
201400057473,0,33,0,0.0,1.0,3.0,7.0,A01
201400057474,0,7,0,0.0,1.0,3.0,17.0,A01
201400057475,0,2,0,4.0,0.0,3.0,1.0,A01
201400057476,0,7,0,0.0,2.0,3.0,15.0,A01
201400057476,0,33,0,0.0,2.0,8.0,1.0,B01
201400057477,0,10,0,0.0,2.0,1.0,10.0,A01
201400057477,0,33,0,0.0,2.0,8.0,1.0,B01
201400057478,0,7,0,0.0,2.0,2.0,15.0,B01
201400057478,0,2,0,0.0,2.0,3.0,1.0,A01
201400057479,0,2,0,15.0,0.0,9.0,1.0,A01
201400057480,0,7,0,0.0,2.0,1.0,1.0,D01
201400057480,0,7,0,0.0,2.0,1.0,1.0,B01
201400057480,0,31,0,0.0,2.0,3.0,3.0,A01
201400057480,0,34,0,0.0,2.0,3.0,1.0,C01
201400057481,0,32,0,0.0,2.0,5.0,1.0,A01
201400057481,1,7,0,0.0,2.0,0.0,1.0,Z01
201400057482,0,7,0,0.0,2.0,3.0,10.0,A01
201400057482,0,32,0,0.0,2.0,1.0,17.0,B01
201400057483,0,10,0,0.0,2.0,3.0,15.0,A01
201400057483,0,2,0,0.0,2.0,8.0,1.0,B01
201400057484,0,33,0,0.0,1.0,1.0,1.0,A01
201400057485,0,31,0,3.0,0.0,2.0,1.0,A01
201400057486,0,7,0,0.0,1.0,1.0,1.0,A01
201400057487,0,2,0,0.0,1.0,1.0,5.0,A01
201400057488,0,7,0,0.0,1.0,2.0,1.0,A01
201400057489,0,33,0,0.0,2.0,1.0,17.0,B01
201400057489,0,7,0,0.0,2.0,3.0,10.0,A01
201400057490,0,10,0,0.0,2.0,2.0,1.0,A01
201400057490,0,33,0,0.0,2.0,1.0,3.0,B01
201400057491,0,7,0,0.0,2.0,5.0,1.0,B01
201400057491,0,7,0,9.0,1.0,1.0,1.0,A01
201400057492,0,10,0,0.0,2.0,6.0,15.0,B01
201400057492,0,32,0,0.0,2.0,7.0,17.0,A01
201400057493,1,7,0,0.0,1.0,1.0,1.0,Z01
201400057494,0,7,0,8.0,0.0,1.0,1.0,A01
201400057495,0,7,0,0.0,2.0,6.0,12.0,A01
201400057495,0,33,0,0.0,2.0,1.0,1.0,B01
201400057496,0,14,0,0.0,2.0,1.0,1.0,A01
201400057496,0,7,0,0.0,2.0,4.0,1.0,B01
201400057497,0,1,0,0.0,2.0,1.0,1.0,B01
201400057497,2,7,0,0.0,2.0,7.0,1.0,Z01
201400057498,1,7,0,0.0,1.0,1.0,1.0,Z01
201400057499,0,32,0,14.0,2.0,8.0,17.0,A01
201400057499,0,38,0,0.0,2.0,0.0,1.0,B01
201400057500,0,33,0,0.0,1.0,1.0,1.0,A01
201400057501,0,7,0,0.0,2.0,3.0,10.0,A01
201400057501,0,33,0,0.0,2.0,1.0,1.0,B01
201400057502,0,7,0,0.0,2.0,3.0,2.0,A01
201400057502,0,2,0,0.0,2.0,4.0,23.0,B01
201400057503,0,7,0,0.0,2.0,2.0,14.0,A01
201400057503,0,15,0,0.0,2.0,6.0,24.0,B01
201400057504,0,33,0,7.0,0.0,3.0,13.0,A01
201400057505,0,2,0,0.0,2.0,2.0,15.0,A01
201400057505,0,33,0,0.0,2.0,1.0,1.0,B01
201400057506,0,10,0,0.0,1.0,7.0,1.0,A01
201400057507,0,7,0,0.0,2.0,3.0,15.0,A01
201400057507,0,31,0,0.0,2.0,1.0,1.0,B01
201400057508,0,7,0,0.0,2.0,2.0,1.0,A01
201400057508,0,33,0,0.0,2.0,2.0,1.0,B01
201400057509,0,7,0,7.0,0.0,1.0,13.0,A01
201400057510,0,31,0,0.0,2.0,4.0,2.0,A01
201400057510,1,7,0,0.0,2.0,0.0,2.0,Z01
201400057511,0,10,0,0.0,2.0,7.0,15.0,A01
201400057511,0,33,0,0.0,2.0,1.0,1.0,B01
201400057512,0,30,0,0.0,2.0,1.0,2.0,A01
201400057512,0,31,0,0.0,2.0,4.0,23.0,B01
201400057513,0,7,0,1.0,0.0,1.0,14.0,A01
201400057514,0,7,0,0.0,2.0,5.0,17.0,A01
201400057514,0,33,0,0.0,2.0,8.0,15.0,B01
201400057515,0,7,0,14.0,2.0,9.0,23.0,C01
201400057515,0,10,0,0.0,1.0,1.0,23.0,B01
201400057515,2,10,0,0.0,2.0,4.0,23.0,A01
201400057515,0,7,0,0.0,2.0,1.0,1.0,D01
201400057516,0,7,0,0.0,2.0,3.0,23.0,B01
201400057516,0,7,0,14.0,1.0,1.0,1.0,A01
201400057517,0,7,0,0.0,2.0,3.0,16.0,B01
201400057517,0,30,0,0.0,2.0,1.0,1.0,A01
201400057518,0,30,0,0.0,2.0,1.0,1.0,B01
201400057518,0,7,0,0.0,2.0,7.0,15.0,A01
201400057519,0,33,0,0.0,1.0,3.0,1.0,A01
201400057520,0,7,0,0.0,2.0,1.0,15.0,A01