Num_Acc,senc,catv,occutc,obs,obsm,choc,manv,num_veh
201400057520,0,33,0,0.0,2.0,1.0,1.0,B01
201400057521,0,7,0,0.0,1.0,1.0,1.0,A01
201400057522,0,7,0,1.0,0.0,2.0,14.0,A01
201400057523,0,33,0,0.0,2.0,1.0,3.0,A01
201400057523,0,10,0,0.0,2.0,5.0,1.0,B01
201400057524,0,7,0,0.0,1.0,2.0,1.0,A01
201400057525,0,7,0,0.0,1.0,2.0,1.0,A01
201400057526,0,31,0,12.0,0.0,1.0,1.0,A01
201400057527,0,2,0,12.0,0.0,7.0,9.0,A01
201400057528,0,7,0,0.0,1.0,2.0,15.0,A01
201400057529,0,7,0,0.0,1.0,3.0,1.0,A01
201400057530,2,7,0,7.0,2.0,7.0,1.0,B01
201400057530,0,7,0,0.0,2.0,1.0,1.0,A01
201400057531,0,33,0,0.0,2.0,1.0,1.0,B01
201400057531,0,7,0,0.0,2.0,8.0,10.0,A01
201400057532,0,31,0,0.0,2.0,1.0,2.0,A01
201400057532,0,7,0,0.0,2.0,6.0,2.0,B01
201400057533,0,7,0,0.0,1.0,3.0,1.0,A01
201400057534,0,7,0,4.0,0.0,4.0,13.0,A01
201400057535,0,33,0,0.0,1.0,1.0,1.0,A01
201400057536,0,33,0,4.0,0.0,8.0,13.0,A01
201400057537,0,33,0,0.0,2.0,1.0,17.0,B01
201400057537,0,10,0,0.0,2.0,3.0,15.0,A01
201400057538,0,34,0,0.0,2.0,1.0,2.0,A01
201400057538,0,33,0,0.0,2.0,4.0,23.0,B01
201400057539,0,7,0,0.0,1.0,2.0,16.0,A01
201400057540,0,7,0,0.0,1.0,7.0,1.0,A01
201400057541,0,34,0,0.0,1.0,1.0,1.0,A01
201400057542,0,7,0,0.0,2.0,8.0,1.0,B01
201400057542,0,33,0,0.0,2.0,1.0,9.0,A01
201400057543,0,34,0,0.0,2.0,1.0,17.0,A01
201400057543,0,7,0,0.0,2.0,3.0,1.0,B01
201400057544,0,32,0,0.0,2.0,6.0,1.0,B01
201400057544,0,33,0,0.0,2.0,1.0,17.0,A01
201400057545,0,7,0,4.0,0.0,7.0,13.0,A01
201400057546,0,10,0,2.0,0.0,1.0,13.0,A01
201400057547,0,37,20,0.0,1.0,2.0,16.0,A01
201400057548,1,10,0,0.0,1.0,0.0,1.0,Z01
201400057549,0,7,0,0.0,2.0,1.0,1.0,A01
201400057549,0,7,0,0.0,2.0,7.0,1.0,B01
201400057550,0,1,0,0.0,2.0,3.0,1.0,B01
201400057550,0,13,0,0.0,2.0,2.0,16.0,A01
201400057551,0,7,0,0.0,2.0,1.0,15.0,A01
201400057551,0,30,0,0.0,2.0,1.0,1.0,B01
201400057552,0,31,0,4.0,0.0,3.0,13.0,A01
201400057553,0,33,0,8.0,2.0,9.0,18.0,A01
201400057553,0,7,0,0.0,2.0,5.0,1.0,C01
201400057553,0,33,0,0.0,2.0,1.0,1.0,B01
201400057553,0,7,0,0.0,2.0,5.0,1.0,D01
201400057554,0,7,0,0.0,1.0,6.0,4.0,A01
201400057555,0,7,0,0.0,1.0,2.0,16.0,A01
201400057556,0,7,0,0.0,2.0,0.0,7.0,A01
201400057556,0,33,0,1.0,2.0,0.0,16.0,B01
201400057557,0,33,0,0.0,2.0,1.0,5.0,B01
201400057557,0,33,0,0.0,2.0,8.0,10.0,A01
201400057558,0,14,0,0.0,1.0,3.0,1.0,A01
201400057559,0,30,0,7.0,2.0,4.0,16.0,B01
201400057559,0,7,0,15.0,2.0,1.0,16.0,A01
201400057560,0,10,0,0.0,1.0,3.0,1.0,A01
201400057561,0,10,0,0.0,2.0,3.0,15.0,A01
201400057561,0,32,0,0.0,2.0,1.0,17.0,B01
201400057562,0,32,0,0.0,2.0,1.0,1.0,B01
201400057562,0,7,0,0.0,2.0,2.0,1.0,A01
201400057563,0,14,0,0.0,1.0,2.0,16.0,A01
201400057564,0,34,0,0.0,2.0,8.0,16.0,B01
201400057564,0,7,0,0.0,2.0,1.0,1.0,A01
201400057565,0,33,0,0.0,1.0,1.0,1.0,A01
201400057566,0,32,0,0.0,1.0,1.0,1.0,A01
201400057567,0,32,0,9.0,0.0,1.0,1.0,A01
201400057568,0,7,0,0.0,2.0,3.0,1.0,B01
201400057568,0,33,0,0.0,2.0,3.0,1.0,A01
201400057569,1,7,0,0.0,2.0,6.0,11.0,Z01
201400057569,0,34,0,0.0,2.0,2.0,1.0,A01
201400057570,0,34,0,0.0,2.0,2.0,1.0,B01
201400057570,0,33,0,0.0,2.0,1.0,1.0,A01
201400057571,0,10,0,0.0,2.0,3.0,11.0,B01
201400057571,0,7,0,0.0,2.0,6.0,11.0,C01
201400057571,0,2,0,0.0,2.0,1.0,17.0,A01
201400057572,0,33,0,0.0,2.0,6.0,1.0,B01
201400057572,0,7,0,0.0,2.0,5.0,14.0,A01
201400057573,0,1,0,0.0,2.0,1.0,0.0,B01
201400057573,0,7,0,0.0,2.0,8.0,0.0,A01
201400057574,0,31,0,0.0,0.0,0.0,1.0,A01
201400057575,0,33,0,0.0,0.0,2.0,1.0,A01
201400057576,0,7,0,0.0,2.0,2.0,1.0,A01
201400057576,1,33,0,0.0,2.0,1.0,1.0,Z01
201400057577,0,31,0,0.0,2.0,2.0,17.0,B01
201400057577,0,10,0,0.0,2.0,3.0,10.0,A01
201400057578,0,10,0,7.0,0.0,3.0,13.0,A01
201400057579,0,7,0,0.0,2.0,2.0,1.0,A01
201400057579,0,7,0,0.0,2.0,3.0,1.0,B01
201400057580,0,7,0,0.0,1.0,3.0,1.0,A01
201400057581,0,33,0,7.0,0.0,1.0,1.0,A01
201400057582,0,31,0,8.0,0.0,8.0,13.0,A01
201400057583,0,7,0,11.0,0.0,3.0,7.0,A01
201400057584,0,7,0,0.0,2.0,5.0,15.0,A01
201400057584,0,7,0,0.0,2.0,1.0,1.0,B01
201400057585,0,7,0,6.0,2.0,8.0,17.0,A01
201400057585,0,7,0,0.0,2.0,4.0,1.0,B01
201400057586,0,31,0,0.0,2.0,1.0,15.0,A01
201400057586,0,7,0,0.0,2.0,5.0,1.0,B01
201400057587,0,14,0,0.0,1.0,8.0,15.0,A01
201400057588,0,7,0,0.0,2.0,2.0,15.0,A01
201400057588,0,2,0,0.0,2.0,1.0,1.0,B01
201400057589,0,14,0,0.0,2.0,3.0,9.0,A01
201400057589,0,30,0,0.0,2.0,1.0,1.0,B01
201400057590,0,7,0,0.0,2.0,3.0,11.0,A01
201400057590,0,33,0,0.0,2.0,7.0,1.0,B01
201400057591,0,33,0,0.0,1.0,1.0,1.0,A01
201400057592,0,7,0,0.0,2.0,5.0,23.0,C01
201400057592,0,33,0,0.0,2.0,3.0,13.0,A01
201400057592,0,7,0,0.0,2.0,7.0,1.0,B01
201400057593,0,33,0,0.0,2.0,0.0,1.0,B01
201400057593,0,2,0,0.0,2.0,0.0,10.0,A01
201400057594,0,7,0,0.0,2.0,2.0,1.0,B01
201400057594,0,33,0,0.0,2.0,1.0,5.0,A01
201400057595,0,2,0,0.0,1.0,2.0,1.0,A01
201400057596,0,7,0,0.0,1.0,1.0,1.0,A01
201400057596,0,7,0,0.0,2.0,6.0,1.0,B01
201400057597,0,31,0,0.0,2.0,5.0,1.0,B01
201400057597,0,10,0,0.0,2.0,1.0,1.0,A01
201400057598,0,7,0,0.0,2.0,3.0,1.0,C01
201400057598,0,7,0,0.0,2.0,1.0,5.0,A01
201400057598,0,7,0,0.0,2.0,1.0,1.0,B01
201400057599,0,33,0,0.0,2.0,1.0,3.0,A01
201400057599,0,7,0,0.0,2.0,0.0,11.0,C01
201400057599,0,7,0,0.0,2.0,6.0,1.0,B01
201400057600,0,7,0,0.0,2.0,3.0,1.0,B01
201400057600,0,2,0,1.0,2.0,1.0,1.0,A01
201400057601,0,38,0,0.0,1.0,2.0,1.0,A01
201400057602,0,7,0,11.0,0.0,3.0,15.0,A01
201400057603,0,7,0,0.0,2.0,3.0,2.0,A01
201400057603,0,33,0,0.0,2.0,1.0,23.0,C01
201400057603,0,7,0,0.0,2.0,3.0,2.0,B01
201400057604,0,10,0,0.0,1.0,4.0,4.0,A01
201400057605,0,10,0,0.0,2.0,7.0,15.0,A01
201400057605,0,31,0,0.0,2.0,1.0,1.0,B01
201400057606,0,1,0,0.0,1.0,2.0,1.0,A01
201400057607,0,31,0,12.0,0.0,1.0,14.0,A01
201400057608,0,7,0,2.0,2.0,3.0,1.0,B01
201400057608,0,7,0,0.0,2.0,3.0,13.0,A01
201400057609,0,33,0,0.0,1.0,1.0,1.0,A01
201400057610,0,10,0,1.0,1.0,4.0,4.0,A01
201400057611,0,7,0,0.0,2.0,5.0,15.0,A01
201400057611,0,2,0,0.0,2.0,1.0,1.0,B01
201400057612,0,7,0,0.0,2.0,6.0,23.0,A01
201400057612,0,33,0,1.0,2.0,1.0,18.0,B01
201400057613,0,1,0,0.0,0.0,0.0,1.0,A01
201400057614,0,7,0,0.0,2.0,8.0,10.0,A01
201400057614,0,2,0,0.0,2.0,1.0,17.0,B01
201400057615,0,30,0,0.0,1.0,1.0,1.0,A01
201400057616,0,7,0,4.0,2.0,7.0,1.0,A01
201400057616,0,7,0,0.0,2.0,4.0,1.0,B01
201400057617,0,31,0,0.0,1.0,8.0,1.0,A01
201400057618,0,33,0,4.0,0.0,8.0,14.0,A01
201400057619,0,7,0,0.0,2.0,8.0,11.0,A01
201400057619,0,32,0,0.0,2.0,7.0,1.0,B01
201400057620,0,7,0,0.0,1.0,1.0,1.0,A01
201400057621,0,32,0,0.0,2.0,1.0,17.0,A01
201400057621,0,1,0,0.0,2.0,8.0,15.0,B01
201400057622,0,32,0,8.0,0.0,1.0,1.0,A01
201400057623,0,7,0,15.0,2.0,8.0,1.0,B01
201400057623,0,7,0,0.0,2.0,2.0,1.0,A01
201400057624,0,31,0,0.0,2.0,1.0,1.0,B01
201400057624,0,7,0,0.0,2.0,2.0,1.0,A01
201400057625,0,7,0,0.0,1.0,1.0,1.0,A01
201400057626,0,33,0,9.0,0.0,1.0,1.0,A01
201400057627,0,33,0,0.0,2.0,7.0,16.0,A01
201400057627,0,7,0,0.0,2.0,1.0,1.0,B01
201400057628,0,1,0,0.0,2.0,1.0,1.0,A01
201400057628,0,7,0,0.0,2.0,3.0,1.0,B01
201400057629,0,33,0,0.0,2.0,2.0,1.0,A01
201400057629,0,30,0,0.0,2.0,3.0,1.0,B01
201400057630,0,7,0,0.0,1.0,4.0,4.0,A01
201400057631,0,37,1,0.0,2.0,3.0,15.0,B01
201400057631,0,2,0,0.0,2.0,1.0,5.0,A01
201400057632,0,31,0,0.0,2.0,4.0,1.0,B01
201400057632,0,17,0,0.0,2.0,3.0,1.0,A01
201400057633,0,7,0,0.0,2.0,3.0,15.0,A01
201400057633,0,33,0,0.0,2.0,1.0,17.0,B01
201400057634,0,7,0,0.0,2.0,6.0,23.0,B01
201400057634,0,10,0,0.0,1.0,2.0,1.0,A01
201400057635,0,14,0,0.0,2.0,8.0,1.0,A01
201400057635,0,32,0,0.0,2.0,7.0,1.0,B01
201400057636,0,7,0,0.0,2.0,8.0,1.0,B01
201400057636,0,33,0,6.0,2.0,1.0,3.0,A01
201400057637,0,31,0,0.0,2.0,1.0,2.0,A01
201400057637,0,7,0,0.0,2.0,6.0,23.0,B01
201400057638,0,7,0,0.0,1.0,1.0,1.0,A01
201400057639,0,7,0,7.0,0.0,7.0,13.0,A01
201400057640,0,10,0,0.0,1.0,1.0,1.0,A01
201400057641,0,33,0,0.0,2.0,8.0,1.0,B01
201400057641,0,7,0,0.0,2.0,1.0,15.0,A01
201400057642,0,7,0,0.0,2.0,5.0,1.0,B01
201400057642,0,37,35,0.0,2.0,8.0,7.0,C01
201400057642,0,33,0,0.0,2.0,1.0,1.0,A01
201400057643,0,33,0,0.0,2.0,1.0,17.0,B01
201400057643,0,7,0,0.0,2.0,8.0,9.0,A01
201400057644,0,33,0,14.0,2.0,9.0,17.0,A01
201400057644,0,14,0,0.0,2.0,8.0,9.0,B01
201400057645,0,10,0,0.0,1.0,3.0,15.0,A01
201400057646,0,31,0,1.0,2.0,2.0,1.0,A01
201400057646,2,7,0,0.0,2.0,1.0,13.0,Z01
201400057647,0,7,0,0.0,2.0,3.0,13.0,A01
201400057647,0,34,0,0.0,2.0,1.0,13.0,B01
201400057648,0,7,0,0.0,2.0,4.0,23.0,A01
201400057648,0,1,0,0.0,2.0,1.0,1.0,B01
201400057649,0,7,0,6.0,0.0,3.0,1.0,A01
201400057650,0,1,0,0.0,1.0,0.0,1.0,A01
201400057651,0,30,0,0.0,2.0,1.0,5.0,A01
201400057651,0,30,0,0.0,2.0,1.0,15.0,B01
201400057652,0,30,0,4.0,0.0,3.0,13.0,A01
201400057653,0,10,0,0.0,2.0,3.0,16.0,A01
201400057653,0,33,0,1.0,2.0,7.0,1.0,B01
201400057654,0,37,1,0.0,1.0,2.0,7.0,A01
201400057655,0,2,0,0.0,2.0,1.0,1.0,B01
201400057655,0,7,0,0.0,2.0,8.0,10.0,A01
201400057656,0,7,0,12.0,0.0,3.0,13.0,A01
201400057657,0,7,0,0.0,2.0,3.0,1.0,B01
201400057657,0,7,0,0.0,2.0,9.0,15.0,A01
201400057658,0,10,0,0.0,2.0,2.0,1.0,A01
201400057658,0,7,0,1.0,2.0,1.0,1.0,B01
201400057659,1,7,0,0.0,2.0,1.0,2.0,Z01
201400057659,0,7,0,0.0,2.0,4.0,2.0,A01
201400057660,0,7,0,0.0,2.0,4.0,2.0,A01
201400057660,2,7,0,0.0,2.0,1.0,2.0,Z01
201400057661,0,7,0,4.0,0.0,3.0,14.0,A01
201400057662,0,10,0,0.0,2.0,8.0,1.0,C01
201400057662,0,7,0,0.0,2.0,2.0,12.0,A01
201400057662,0,31,0,0.0,2.0,8.0,1.0,B01
201400057663,0,14,0,0.0,2.0,2.0,2.0,A01
201400057663,0,7,0,0.0,2.0,6.0,23.0,B01
201400057663,0,7,0,0.0,2.0,4.0,23.0,C01
201400057664,0,7,0,4.0,2.0,6.0,1.0,A01
201400057664,2,7,0,0.0,2.0,2.0,14.0,Z01
201400057665,0,7,0,4.0,0.0,9.0,14.0,A01
201400057666,0,7,0,0.0,2.0,1.0,2.0,A01
201400057666,0,7,0,0.0,2.0,4.0,23.0,B01
201400057666,0,7,0,0.0,2.0,4.0,23.0,C01
201400057666,0,7,0,0.0,2.0,4.0,23.0,D01
201400057667,0,33,0,0.0,0.0,8.0,1.0,A01
201400057668,0,14,0,0.0,2.0,1.0,2.0,A01
201400057668,0,10,0,0.0,2.0,4.0,2.0,C01
201400057668,0,7,0,0.0,2.0,4.0,2.0,B01
201400057669,0,32,0,0.0,2.0,3.0,13.0,A01
201400057669,0,10,0,0.0,2.0,5.0,1.0,B01
201400057670,0,7,0,0.0,2.0,4.0,2.0,B01
201400057670,0,7,0,4.0,2.0,1.0,2.0,A01
201400057671,0,33,0,5.0,0.0,8.0,13.0,A01
201400057672,0,7,0,0.0,2.0,1.0,2.0,A01
201400057672,0,7,0,0.0,2.0,4.0,2.0,B01
201400057673,0,10,0,0.0,2.0,5.0,2.0,B01
201400057673,0,32,0,0.0,2.0,1.0,2.0,A01
201400057674,0,16,0,0.0,2.0,7.0,1.0,B01
201400057674,0,7,0,4.0,2.0,8.0,11.0,A01
201400057675,0,10,0,0.0,2.0,1.0,2.0,A01
201400057675,0,7,0,0.0,2.0,4.0,2.0,B01
201400057675,0,7,0,0.0,2.0,4.0,2.0,C01
201400057676,0,7,0,0.0,2.0,4.0,2.0,C01
201400057676,0,13,0,0.0,2.0,1.0,2.0,A01
201400057676,0,7,0,0.0,2.0,4.0,2.0,B01
201400057677,0,7,0,0.0,2.0,2.0,14.0,A01
201400057677,0,7,0,0.0,2.0,6.0,1.0,B01
201400057678,0,7,0,0.0,2.0,1.0,23.0,B01
201400057678,0,7,0,0.0,2.0,4.0,22.0,A01
201400057678,0,7,0,0.0,2.0,7.0,23.0,D01
201400057678,0,31,0,0.0,2.0,2.0,3.0,C01
201400057679,0,33,0,0.0,0.0,7.0,1.0,A01
201400057680,0,7,0,0.0,0.0,0.0,1.0,B01
201400057680,0,33,0,0.0,0.0,0.0,1.0,A01
201400057681,0,31,0,0.0,2.0,3.0,11.0,A01
201400057681,0,7,0,0.0,2.0,6.0,1.0,B01
201400057682,0,31,0,0.0,0.0,0.0,1.0,A01
201400057683,0,33,0,0.0,2.0,2.0,1.0,B01
201400057683,0,7,0,0.0,2.0,3.0,11.0,A01
201400057684,0,33,0,0.0,2.0,6.0,3.0,A01
201400057684,0,33,0,0.0,2.0,7.0,3.0,B01
201400057685,0,7,0,0.0,2.0,1.0,1.0,A01
201400057685,0,7,0,0.0,0.0,4.0,1.0,B01
201400057686,0,32,0,0.0,0.0,8.0,1.0,B01
201400057686,0,7,0,0.0,2.0,2.0,12.0,A01
201400057687,0,10,0,0.0,2.0,1.0,1.0,A01
201400057687,0,7,0,0.0,2.0,4.0,1.0,B01
201400057687,0,10,0,0.0,0.0,4.0,1.0,C01
201400057688,0,33,0,0.0,0.0,1.0,1.0,A01
201400057688,1,7,0,0.0,2.0,6.0,11.0,Z01
201400057689,0,10,0,0.0,2.0,4.0,2.0,C01
201400057689,0,7,0,3.0,2.0,1.0,2.0,A01
201400057689,0,7,0,0.0,2.0,4.0,2.0,B01
201400057690,1,10,0,0.0,2.0,8.0,11.0,Z01
201400057690,0,33,0,0.0,2.0,7.0,1.0,A01
201400057691,0,17,0,0.0,2.0,2.0,12.0,A01
201400057691,0,7,0,0.0,2.0,3.0,1.0,B01
201400057692,0,7,0,0.0,2.0,1.0,13.0,A01
201400057692,0,7,0,0.0,2.0,4.0,1.0,B01
201400057693,0,7,0,0.0,2.0,1.0,12.0,A01
201400057693,0,7,0,4.0,2.0,5.0,2.0,B01
201400057693,0,7,0,0.0,2.0,5.0,2.0,D01
201400057693,0,7,0,0.0,2.0,4.0,2.0,E01
201400057693,0,7,0,0.0,2.0,3.0,2.0,C01
201400057694,0,7,0,0.0,2.0,8.0,12.0,A01
201400057694,0,33,0,0.0,2.0,3.0,1.0,B01
201400057695,0,7,0,0.0,0.0,4.0,23.0,C01
201400057695,0,7,0,0.0,2.0,1.0,1.0,A01
201400057695,0,7,0,0.0,2.0,4.0,23.0,B01
201400057696,0,7,0,0.0,2.0,1.0,1.0,A01
201400057696,0,10,0,0.0,0.0,4.0,1.0,B01
201400057697,0,34,0,0.0,0.0,7.0,1.0,B01
201400057697,0,7,0,0.0,2.0,8.0,11.0,A01
201400057698,0,7,0,4.0,0.0,1.0,1.0,A01
201400057699,0,34,0,0.0,2.0,8.0,2.0,A01
201400057699,0,10,0,0.0,2.0,6.0,2.0,B01
201400057700,1,7,0,0.0,2.0,2.0,12.0,Z01
201400057700,0,33,0,0.0,0.0,3.0,3.0,A01
201400057701,0,33,0,0.0,2.0,8.0,3.0,A01
201400057701,0,7,0,0.0,0.0,2.0,14.0,B01
201400057702,0,33,0,4.0,0.0,2.0,1.0,B01
201400057702,0,7,0,0.0,2.0,3.0,11.0,A01
201400057703,0,7,0,4.0,2.0,2.0,1.0,C01
201400057703,0,7,0,4.0,2.0,6.0,1.0,B01
201400057703,0,17,0,0.0,2.0,2.0,14.0,A01
201400057704,0,7,0,0.0,2.0,4.0,2.0,B01
201400057704,0,7,0,0.0,2.0,1.0,2.0,A01
201400057704,0,7,0,0.0,2.0,1.0,2.0,D01
201400057704,0,7,0,0.0,2.0,4.0,2.0,C01
201400057705,0,7,0,4.0,0.0,3.0,14.0,A01
201400057706,0,7,0,0.0,2.0,1.0,2.0,A01
201400057706,0,7,0,0.0,2.0,4.0,23.0,C01
201400057706,0,7,0,0.0,2.0,4.0,23.0,B01
201400057707,0,7,0,0.0,2.0,1.0,2.0,A01
201400057707,0,7,0,0.0,2.0,4.0,2.0,B01
201400057708,0,31,0,0.0,2.0,1.0,2.0,A01
201400057708,0,10,0,0.0,2.0,5.0,2.0,B01
201400057709,0,7,0,4.0,2.0,6.0,2.0,B01
201400057709,0,13,0,0.0,2.0,2.0,2.0,A01
201400057710,0,10,0,0.0,2.0,7.0,12.0,A01
201400057710,0,32,0,0.0,2.0,8.0,1.0,B01
201400057711,0,31,0,0.0,0.0,8.0,3.0,A01
201400057712,0,33,0,0.0,0.0,7.0,3.0,A01
201400057713,0,7,0,0.0,2.0,1.0,1.0,A01
201400057713,0,7,0,0.0,0.0,4.0,23.0,C01
201400057713,0,32,0,2.0,2.0,0.0,23.0,B01
201400057714,0,10,0,0.0,2.0,1.0,1.0,A01
201400057714,0,33,0,0.0,0.0,4.0,1.0,B01
201400057715,0,31,0,0.0,2.0,2.0,1.0,A01
201400057715,1,7,0,0.0,2.0,3.0,11.0,Z01
201400057716,0,33,0,0.0,2.0,3.0,1.0,B01
201400057716,0,7,0,0.0,2.0,2.0,12.0,A01
201400057717,0,7,0,0.0,2.0,6.0,11.0,A01
201400057717,0,7,0,0.0,0.0,4.0,23.0,C01
201400057717,0,32,0,0.0,2.0,2.0,3.0,B01
201400057718,0,7,0,0.0,2.0,4.0,23.0,B01
201400057718,0,7,0,0.0,2.0,1.0,1.0,A01
201400057719,0,7,0,0.0,2.0,1.0,2.0,A01
201400057719,0,7,0,0.0,2.0,4.0,2.0,B01
201400057720,0,31,0,0.0,2.0,1.0,1.0,A01
201400057720,0,7,0,1.0,0.0,4.0,1.0,B01
201400057721,0,34,0,0.0,2.0,1.0,1.0,A01
201400057721,0,7,0,0.0,0.0,4.0,1.0,B01
201400057722,0,17,0,0.0,0.0,4.0,1.0,C01
201400057722,0,7,0,0.0,2.0,4.0,1.0,B01
201400057722,0,10,0,0.0,2.0,2.0,1.0,A01
201400057723,0,10,0,0.0,2.0,3.0,14.0,A01
201400057723,0,7,0,4.0,2.0,4.0,1.0,B01
201400057724,0,33,0,0.0,0.0,8.0,1.0,A01
201400057725,0,17,0,0.0,2.0,2.0,12.0,A01
201400057725,0,7,0,0.0,2.0,6.0,1.0,B01
201400057726,0,10,0,0.0,2.0,4.0,2.0,C01
201400057726,0,7,0,0.0,2.0,1.0,2.0,A01
201400057726,0,7,0,0.0,2.0,4.0,2.0,B01
201400057727,0,7,0,0.0,2.0,3.0,11.0,A01
201400057727,0,31,0,0.0,2.0,7.0,3.0,B01
201400057728,0,32,0,0.0,2.0,4.0,1.0,B01
201400057728,0,7,0,0.0,2.0,1.0,1.0,A01
201400057729,0,33,0,0.0,0.0,0.0,3.0,A01
201400057730,0,32,0,0.0,2.0,3.0,2.0,A01
201400057730,0,7,0,0.0,2.0,5.0,23.0,B01
201400057731,0,10,0,0.0,0.0,4.0,23.0,C01
201400057731,0,7,0,0.0,2.0,1.0,1.0,A01
201400057731,0,7,0,0.0,2.0,4.0,1.0,B01
201400057732,0,34,0,4.0,0.0,2.0,1.0,A01
201400057733,0,7,0,0.0,2.0,1.0,1.0,A01
201400057733,0,14,0,0.0,0.0,6.0,9.0,C01
201400057733,0,7,0,0.0,2.0,4.0,23.0,B01
201400057734,0,7,0,0.0,2.0,2.0,12.0,A01
201400057734,0,33,0,0.0,2.0,8.0,3.0,B01
201400057735,0,10,0,14.0,0.0,3.0,14.0,A01
201400057736,0,7,0,0.0,2.0,5.0,2.0,B01
201400057736,0,10,0,0.0,2.0,8.0,2.0,C01
201400057736,0,7,0,0.0,2.0,3.0,2.0,A01
201400057737,0,7,0,0.0,2.0,8.0,1.0,B01
201400057737,0,17,0,0.0,2.0,2.0,12.0,A01
201400057738,0,7,0,0.0,2.0,4.0,11.0,B01
201400057738,0,38,1,0.0,2.0,1.0,1.0,A01
201400057739,0,10,0,0.0,2.0,2.0,12.0,A01
201400057739,0,33,0,0.0,2.0,1.0,3.0,B01
201400057740,0,7,0,0.0,0.0,5.0,1.0,E01
201400057740,0,7,0,0.0,0.0,8.0,1.0,B01
201400057740,0,7,0,0.0,0.0,6.0,1.0,A01
201400057740,0,7,0,0.0,0.0,6.0,1.0,D01
201400057740,2,7,0,0.0,2.0,5.0,3.0,Z02
201400057740,0,7,0,0.0,0.0,3.0,1.0,C01
201400057741,0,32,0,0.0,2.0,2.0,3.0,B01
201400057741,0,7,0,0.0,2.0,8.0,22.0,A01
201400057741,0,7,0,0.0,2.0,7.0,23.0,C01
201400057742,0,7,0,0.0,2.0,5.0,1.0,C01
201400057742,0,33,0,0.0,2.0,8.0,3.0,A01
201400057742,0,7,0,0.0,2.0,0.0,1.0,B01
201400057743,0,33,0,0.0,0.0,0.0,3.0,A01
201400057744,0,32,0,6.0,2.0,8.0,1.0,A01
201400057744,0,10,0,0.0,0.0,5.0,1.0,B01
201400057745,0,33,0,0.0,2.0,8.0,1.0,A01
201400057745,0,7,0,0.0,2.0,1.0,1.0,C01
201400057745,0,7,0,0.0,2.0,5.0,1.0,B01
201400057746,0,33,0,0.0,0.0,8.0,1.0,A01
201400057747,0,7,0,0.0,0.0,8.0,23.0,C01
201400057747,0,7,0,0.0,2.0,5.0,12.0,A01
201400057747,0,31,0,0.0,0.0,1.0,3.0,B01
201400057748,0,30,0,12.0,0.0,1.0,13.0,A01
201400057749,0,33,0,0.0,2.0,1.0,14.0,A01
201400057749,0,7,0,0.0,2.0,6.0,1.0,B01
201400057750,0,34,0,0.0,0.0,0.0,3.0,A01
201400057751,0,32,0,0.0,0.0,8.0,1.0,A01
201400057752,0,34,0,0.0,9.0,1.0,1.0,A01
201400057753,0,31,0,0.0,0.0,0.0,3.0,A01
201400057754,0,33,0,0.0,2.0,7.0,12.0,A01
201400057754,0,7,0,0.0,2.0,8.0,1.0,B01
201400057755,0,33,0,0.0,2.0,3.0,3.0,B01
201400057755,0,7,0,0.0,2.0,4.0,1.0,C01
201400057755,0,7,0,0.0,2.0,7.0,12.0,A01
201400057755,0,10,0,0.0,2.0,8.0,1.0,D01
201400057756,0,33,0,0.0,2.0,3.0,1.0,B01
201400057756,0,7,0,0.0,2.0,5.0,12.0,A01
201400057757,0,33,0,0.0,0.0,7.0,1.0,A01
201400057758,0,31,0,0.0,0.0,2.0,3.0,A01
201400057759,0,7,0,0.0,2.0,1.0,3.0,A01
201400057759,0,7,0,0.0,2.0,4.0,2.0,C01
201400057759,0,7,0,0.0,2.0,4.0,2.0,B01
201400057760,0,7,0,0.0,2.0,4.0,2.0,C01
201400057760,0,7,0,0.0,2.0,5.0,2.0,B01
201400057760,0,7,0,0.0,2.0,1.0,2.0,A01
201400057761,0,31,0,0.0,2.0,8.0,3.0,B01
201400057761,0,7,0,0.0,2.0,5.0,11.0,A01
201400057762,0,34,0,0.0,2.0,3.0,2.0,A01
201400057762,0,7,0,0.0,2.0,5.0,2.0,B01
201400057763,0,31,0,0.0,2.0,6.0,3.0,B01
201400057763,0,7,0,0.0,2.0,2.0,12.0,A01
201400057764,0,34,0,0.0,2.0,4.0,3.0,B01
201400057764,1,34,0,0.0,2.0,1.0,3.0,A01
201400057765,0,7,0,0.0,2.0,8.0,11.0,A01
201400057765,0,31,0,0.0,0.0,2.0,1.0,B01
201400057766,0,7,0,0.0,2.0,4.0,1.0,B01
201400057766,0,34,0,0.0,2.0,3.0,1.0,A01
201400057767,0,7,0,0.0,2.0,5.0,1.0,C01
201400057767,0,33,0,0.0,2.0,2.0,3.0,A01
201400057767,0,7,0,0.0,2.0,8.0,1.0,B01
201400057768,0,7,0,0.0,2.0,8.0,11.0,A01
201400057768,0,32,0,0.0,2.0,2.0,3.0,B01
201400057769,0,7,0,0.0,2.0,1.0,1.0,A01
201400057769,0,33,0,0.0,2.0,4.0,1.0,B01
201400057769,0,7,0,0.0,2.0,4.0,1.0,C01
201400057770,0,33,0,0.0,2.0,3.0,1.0,A01
201400057770,1,7,0,0.0,2.0,5.0,12.0,Z01