Num_Acc,senc,catv,occutc,obs,obsm,choc,manv,num_veh
201400057771,1,7,0,0.0,2.0,0.0,11.0,Z01
201400057771,0,33,0,0.0,2.0,8.0,12.0,A01
201400057771,0,7,0,0.0,2.0,6.0,1.0,B01
201400057772,0,7,0,0.0,2.0,1.0,2.0,A01
201400057772,0,7,0,0.0,2.0,4.0,2.0,B01
201400057773,0,10,0,0.0,2.0,8.0,13.0,A01
201400057773,0,33,0,4.0,2.0,7.0,1.0,B01
201400057774,0,33,0,0.0,2.0,7.0,3.0,A01
201400057774,0,10,0,0.0,2.0,2.0,12.0,B01
201400057775,0,7,0,0.0,2.0,1.0,2.0,A01
201400057775,0,7,0,0.0,2.0,4.0,2.0,C01
201400057775,0,10,0,0.0,2.0,4.0,2.0,B01
201400057776,0,13,0,0.0,2.0,8.0,11.0,B01
201400057776,0,17,0,0.0,2.0,2.0,12.0,A01
201400057777,0,7,0,0.0,2.0,5.0,23.0,B01
201400057777,0,33,0,0.0,2.0,3.0,1.0,A01
201400057778,0,33,0,0.0,0.0,0.0,1.0,A01
201400057779,0,7,0,0.0,0.0,1.0,1.0,A01
201400057780,0,34,0,0.0,2.0,1.0,1.0,A01
201400057780,0,7,0,0.0,2.0,4.0,23.0,B01
201400057781,0,7,0,0.0,2.0,1.0,1.0,A01
201400057781,0,7,0,0.0,2.0,4.0,1.0,C01
201400057781,0,7,0,0.0,2.0,9.0,1.0,B01
201400057782,0,7,0,0.0,2.0,7.0,13.0,A01
201400057782,0,34,0,0.0,2.0,1.0,1.0,B01
201400057783,0,15,0,0.0,2.0,2.0,1.0,B01
201400057783,0,7,0,0.0,2.0,8.0,11.0,A01
201400057784,0,10,0,0.0,2.0,1.0,1.0,A01
201400057784,0,10,0,0.0,2.0,4.0,1.0,B01
201400057785,0,7,0,3.0,0.0,1.0,1.0,A01
201400057786,0,33,0,0.0,0.0,3.0,3.0,A01
201400057787,0,31,0,0.0,0.0,8.0,1.0,A01
201400057788,0,7,0,4.0,0.0,6.0,1.0,A01
201400057789,0,32,0,0.0,2.0,2.0,3.0,A01
201400057789,0,10,0,0.0,2.0,3.0,13.0,B01
201400057790,0,31,0,0.0,2.0,2.0,1.0,A01
201400057790,0,10,0,0.0,2.0,6.0,1.0,B01
201400057791,0,7,0,0.0,2.0,2.0,23.0,E01
201400057791,0,7,0,0.0,2.0,9.0,23.0,B01
201400057791,0,7,0,0.0,2.0,1.0,1.0,A01
201400057791,0,38,26,0.0,2.0,3.0,23.0,D01
201400057791,0,7,0,0.0,2.0,2.0,23.0,C01
201400057792,0,7,0,0.0,2.0,6.0,1.0,B01
201400057792,0,33,0,0.0,2.0,1.0,1.0,A01
201400057793,0,7,0,0.0,2.0,2.0,1.0,A01
201400057793,0,7,0,0.0,2.0,2.0,23.0,C01
201400057793,0,7,0,0.0,2.0,6.0,23.0,B01
201400057794,0,31,0,0.0,2.0,1.0,3.0,A01
201400057794,0,7,0,0.0,2.0,5.0,23.0,B01
201400057795,0,7,0,0.0,2.0,1.0,2.0,A01
201400057795,0,7,0,0.0,2.0,4.0,23.0,B01
201400057796,0,7,0,0.0,2.0,4.0,2.0,B01
201400057796,0,7,0,0.0,2.0,1.0,2.0,C01
201400057796,0,7,0,0.0,2.0,1.0,2.0,A01
201400057797,0,31,0,0.0,2.0,1.0,3.0,B01
201400057797,0,7,0,0.0,2.0,5.0,12.0,A01
201400057798,0,7,0,0.0,2.0,4.0,23.0,C01
201400057798,0,7,0,0.0,2.0,1.0,2.0,A01
201400057798,0,7,0,0.0,2.0,4.0,23.0,B01
201400057798,0,7,0,0.0,2.0,4.0,23.0,D01
201400057799,0,7,0,0.0,2.0,1.0,2.0,A01
201400057799,0,7,0,0.0,2.0,4.0,23.0,D01
201400057799,0,7,0,0.0,2.0,6.0,23.0,C01
201400057799,0,7,0,0.0,2.0,4.0,2.0,B01
201400057800,0,7,0,0.0,2.0,6.0,23.0,B01
201400057800,0,7,0,0.0,2.0,2.0,2.0,A01
201400057801,0,32,0,0.0,9.0,0.0,1.0,A01
201400057802,0,15,0,0.0,2.0,2.0,14.0,A01
201400057802,0,7,0,0.0,2.0,6.0,1.0,B01
201400057803,0,32,0,0.0,2.0,1.0,3.0,A01
201400057803,0,7,0,0.0,2.0,5.0,1.0,B01
201400057804,0,31,0,0.0,2.0,2.0,3.0,A01
201400057804,0,7,0,0.0,2.0,6.0,11.0,B01
201400057805,0,7,0,0.0,2.0,5.0,1.0,B01
201400057805,0,31,0,0.0,2.0,3.0,13.0,A01
201400057806,0,32,0,0.0,2.0,1.0,2.0,A01
201400057806,0,7,0,0.0,2.0,6.0,2.0,B01
201400057807,0,33,0,0.0,0.0,7.0,1.0,A01
201400057808,0,31,0,0.0,9.0,1.0,1.0,A01
201400057809,0,15,0,0.0,2.0,7.0,1.0,A01
201400057809,0,7,0,0.0,2.0,6.0,9.0,B01
201400057810,0,7,0,0.0,2.0,3.0,11.0,A01
201400057810,0,32,0,0.0,2.0,2.0,1.0,B01
201400057811,0,7,0,0.0,2.0,6.0,11.0,A01
201400057811,0,17,0,0.0,2.0,2.0,1.0,B01
201400057812,0,7,0,0.0,2.0,5.0,1.0,B01
201400057812,0,30,0,0.0,2.0,1.0,3.0,A01
201400057813,0,34,0,0.0,2.0,7.0,1.0,C01
201400057813,0,7,0,0.0,2.0,4.0,1.0,B01
201400057813,0,17,0,0.0,2.0,1.0,1.0,A01
201400057814,1,7,0,0.0,2.0,2.0,12.0,Z01
201400057814,0,7,0,4.0,2.0,8.0,1.0,A01
201400057815,0,31,0,0.0,2.0,8.0,3.0,B01
201400057815,0,7,0,0.0,2.0,2.0,12.0,A01
201400057816,0,32,0,0.0,2.0,3.0,1.0,A01
201400057816,0,7,0,0.0,2.0,5.0,1.0,B01
201400057817,0,7,0,0.0,2.0,3.0,13.0,A01
201400057817,0,15,0,0.0,2.0,2.0,1.0,B01
201400057818,0,7,0,0.0,2.0,2.0,12.0,A01
201400057818,0,33,0,0.0,2.0,3.0,1.0,B01
201400057819,0,7,0,0.0,2.0,1.0,1.0,C01
201400057819,0,7,0,0.0,2.0,2.0,1.0,A01
201400057819,0,7,0,0.0,2.0,4.0,1.0,B01
201400057820,0,7,0,4.0,2.0,9.0,2.0,A01
201400057820,0,7,0,0.0,2.0,4.0,2.0,B01
201400057821,0,7,0,0.0,2.0,8.0,1.0,B01
201400057821,0,7,0,4.0,2.0,2.0,14.0,A01
201400057822,0,32,0,0.0,2.0,2.0,3.0,A01
201400057822,1,7,0,0.0,2.0,6.0,11.0,Z01
201400057823,0,13,0,0.0,2.0,7.0,12.0,A01
201400057823,0,31,0,4.0,2.0,8.0,1.0,B01
201400057824,0,7,0,4.0,2.0,8.0,1.0,C01
201400057824,0,7,0,0.0,2.0,4.0,1.0,B01
201400057824,0,7,0,4.0,2.0,1.0,1.0,A01
201400057825,0,7,0,0.0,2.0,3.0,1.0,A01
201400057825,0,33,0,0.0,2.0,6.0,11.0,C01
201400057825,0,7,0,0.0,2.0,6.0,1.0,B01
201400057826,0,34,0,4.0,0.0,8.0,3.0,A01
201400057827,0,33,0,0.0,2.0,4.0,1.0,B01
201400057827,0,7,0,0.0,2.0,4.0,1.0,A01
201400057827,0,7,0,0.0,2.0,1.0,1.0,C01
201400057828,1,7,0,0.0,2.0,1.0,9.0,Z01
201400057828,0,33,0,0.0,2.0,7.0,1.0,A01
201400057829,0,7,0,4.0,0.0,1.0,1.0,A01
201400057830,0,7,0,0.0,2.0,4.0,1.0,C01
201400057830,0,7,0,0.0,2.0,1.0,1.0,A01
201400057830,0,7,0,0.0,2.0,4.0,1.0,B01
201400057831,0,33,0,0.0,2.0,2.0,3.0,A01
201400057831,0,7,0,0.0,2.0,6.0,11.0,B01
201400057832,0,7,0,0.0,2.0,2.0,12.0,A01
201400057832,0,32,0,0.0,2.0,8.0,1.0,B01
201400057833,0,31,0,0.0,2.0,2.0,3.0,A01
201400057833,0,7,0,0.0,2.0,6.0,11.0,B01
201400057834,0,7,0,4.0,0.0,1.0,13.0,A01
201400057835,0,7,0,4.0,2.0,6.0,1.0,A01
201400057835,1,15,0,0.0,2.0,2.0,12.0,Z01
201400057836,0,7,0,0.0,2.0,5.0,12.0,A01
201400057836,0,31,0,0.0,2.0,1.0,3.0,B01
201400057837,0,7,0,0.0,2.0,6.0,11.0,A01
201400057837,0,33,0,0.0,2.0,1.0,3.0,B01
201400057838,0,34,0,0.0,2.0,1.0,2.0,A01
201400057838,0,7,0,0.0,2.0,4.0,23.0,B01
201400057839,0,7,0,0.0,2.0,5.0,12.0,B01
201400057839,0,33,0,4.0,2.0,1.0,3.0,A01
201400057840,0,7,0,0.0,2.0,4.0,2.0,B01
201400057840,0,7,0,0.0,2.0,1.0,2.0,C01
201400057840,0,7,0,0.0,2.0,1.0,2.0,A01
201400057841,0,7,0,0.0,2.0,1.0,2.0,B01
201400057841,0,7,0,0.0,2.0,4.0,2.0,C01
201400057841,0,7,0,0.0,2.0,3.0,23.0,A01
201400057842,0,31,0,0.0,0.0,0.0,1.0,A01
201400057843,0,10,0,4.0,0.0,5.0,14.0,A01
201400057844,0,10,0,0.0,2.0,4.0,2.0,C01
201400057844,0,7,0,4.0,2.0,1.0,2.0,A01
201400057844,0,7,0,0.0,2.0,4.0,2.0,B01
201400057845,0,31,0,0.0,2.0,4.0,2.0,A01
201400057845,0,7,0,0.0,2.0,4.0,2.0,B01
201400057846,0,7,0,0.0,2.0,6.0,13.0,A01
201400057846,0,33,0,0.0,2.0,2.0,1.0,B01
201400057847,0,7,0,0.0,2.0,3.0,1.0,B01
201400057847,0,10,0,0.0,2.0,2.0,12.0,A01
201400057848,0,10,0,0.0,2.0,8.0,11.0,A01
201400057848,0,33,0,0.0,2.0,2.0,1.0,B01
201400057849,0,32,0,0.0,2.0,1.0,3.0,A01
201400057849,0,10,0,0.0,2.0,5.0,12.0,B01
201400057850,0,10,0,0.0,2.0,4.0,2.0,B01
201400057850,0,7,0,0.0,2.0,1.0,2.0,A01
201400057851,0,33,0,0.0,2.0,2.0,1.0,B01
201400057851,0,7,0,0.0,2.0,8.0,11.0,A01
201400057852,0,14,0,0.0,2.0,8.0,1.0,C01
201400057852,0,31,0,0.0,2.0,3.0,1.0,B01
201400057852,0,7,0,0.0,2.0,7.0,12.0,A01
201400057853,0,33,0,0.0,2.0,2.0,3.0,A01
201400057853,0,7,0,0.0,2.0,6.0,1.0,B01
201400057854,0,2,0,0.0,2.0,4.0,3.0,A01
201400057854,1,7,0,0.0,2.0,5.0,12.0,Z01
201400057855,0,7,0,0.0,2.0,7.0,12.0,A01
201400057855,0,30,0,0.0,2.0,8.0,1.0,B01
201400057856,0,15,0,0.0,2.0,2.0,1.0,B01
201400057856,0,7,0,0.0,2.0,3.0,1.0,C01
201400057856,0,7,0,0.0,2.0,6.0,13.0,A01
201400057857,0,7,0,3.0,2.0,5.0,14.0,B01
201400057857,0,32,0,0.0,2.0,3.0,3.0,A01
201400057858,0,31,0,0.0,2.0,8.0,11.0,A01
201400057858,0,17,0,0.0,2.0,2.0,1.0,B01
201400057859,0,32,0,0.0,2.0,2.0,2.0,A01
201400057859,0,7,0,0.0,2.0,6.0,2.0,B01
201400057860,1,7,0,0.0,2.0,0.0,12.0,Z01
201400057860,0,33,0,0.0,2.0,0.0,3.0,A01
201400057861,0,7,0,0.0,2.0,5.0,1.0,C01
201400057861,0,34,0,0.0,2.0,7.0,1.0,B01
201400057861,0,10,0,0.0,2.0,8.0,13.0,A01
201400057862,0,17,0,0.0,2.0,1.0,1.0,B01
201400057862,0,7,0,0.0,2.0,4.0,1.0,A01
201400057863,0,7,0,0.0,2.0,4.0,23.0,C01
201400057863,0,15,0,0.0,2.0,1.0,2.0,A01
201400057863,0,10,0,0.0,2.0,4.0,2.0,B01
201400057864,0,7,0,0.0,2.0,6.0,1.0,B01
201400057864,0,33,0,0.0,2.0,3.0,12.0,A01
201400057865,0,7,0,0.0,2.0,5.0,17.0,A01
201400057865,0,7,0,0.0,2.0,3.0,1.0,B01
201400057866,0,33,0,0.0,0.0,0.0,1.0,A01
201400057867,0,33,0,0.0,2.0,2.0,3.0,A01
201400057867,0,7,0,0.0,2.0,5.0,1.0,C01
201400057867,0,7,0,0.0,2.0,8.0,1.0,D01
201400057867,0,31,0,0.0,2.0,8.0,11.0,B01
201400057868,0,33,0,4.0,2.0,8.0,3.0,A01
201400057868,1,7,0,0.0,2.0,7.0,12.0,Z01
201400057869,0,7,0,0.0,2.0,6.0,12.0,B01
201400057869,0,33,0,0.0,2.0,2.0,3.0,A01
201400057870,0,7,0,0.0,2.0,2.0,1.0,B01
201400057870,0,31,0,0.0,2.0,3.0,11.0,A01
201400057871,0,10,0,0.0,2.0,1.0,1.0,A01
201400057871,0,7,0,0.0,2.0,4.0,1.0,B01
201400057872,0,10,0,0.0,2.0,1.0,1.0,A01
201400057872,0,34,0,0.0,2.0,1.0,1.0,D01
201400057872,0,10,0,0.0,2.0,4.0,1.0,B01
201400057872,0,38,3,0.0,2.0,1.0,1.0,C01
201400057873,0,14,0,0.0,2.0,2.0,12.0,A01
201400057873,0,7,0,0.0,2.0,6.0,1.0,B01
201400057874,0,32,0,0.0,9.0,1.0,1.0,A01
201400057875,0,33,0,0.0,2.0,1.0,3.0,B01
201400057875,0,7,0,0.0,2.0,6.0,11.0,A01
201400057876,0,33,0,0.0,2.0,1.0,2.0,A01
201400057876,0,7,0,0.0,2.0,4.0,2.0,B01
201400057877,0,7,0,0.0,2.0,7.0,1.0,D01
201400057877,0,7,0,0.0,2.0,8.0,2.0,B01
201400057877,0,34,0,0.0,2.0,1.0,3.0,A01
201400057877,0,7,0,0.0,2.0,8.0,2.0,C01
201400057878,0,10,0,0.0,2.0,1.0,2.0,A01
201400057878,0,7,0,0.0,2.0,4.0,23.0,B01
201400057879,0,7,0,0.0,2.0,8.0,1.0,B01
201400057879,0,15,0,0.0,2.0,7.0,12.0,A01
201400057880,0,7,0,0.0,2.0,2.0,12.0,A01
201400057880,0,33,0,0.0,2.0,3.0,3.0,B01
201400057881,0,33,0,0.0,2.0,1.0,2.0,A01
201400057881,0,17,0,0.0,2.0,8.0,1.0,C01
201400057881,0,31,0,0.0,2.0,4.0,2.0,B01
201400057882,0,7,0,0.0,2.0,1.0,13.0,A01
201400057882,0,7,0,4.0,2.0,5.0,1.0,B01
201400057883,0,7,0,0.0,2.0,7.0,14.0,A01
201400057883,0,31,0,0.0,2.0,8.0,1.0,B01
201400057884,1,14,0,0.0,2.0,7.0,1.0,Z01
201400057884,0,33,0,4.0,2.0,8.0,1.0,A01
201400057885,0,31,0,0.0,0.0,8.0,13.0,A01
201400057886,0,7,0,0.0,2.0,5.0,1.0,B01
201400057886,0,34,0,0.0,2.0,1.0,3.0,A01
201400057887,0,31,0,0.0,0.0,0.0,1.0,A01
201400057888,0,33,0,0.0,2.0,6.0,3.0,B01
201400057888,0,34,0,0.0,2.0,2.0,3.0,A01
201400057889,0,7,0,0.0,2.0,4.0,1.0,A01
201400057889,1,7,0,0.0,2.0,1.0,1.0,Z01
201400057890,0,7,0,0.0,2.0,7.0,12.0,A01
201400057890,0,33,0,0.0,2.0,8.0,3.0,B01
201400057891,0,32,0,0.0,2.0,7.0,1.0,B01
201400057891,0,7,0,0.0,2.0,8.0,11.0,A01
201400057892,0,33,0,0.0,2.0,2.0,3.0,A01
201400057892,0,7,0,0.0,2.0,6.0,1.0,B01
201400057893,0,31,0,0.0,2.0,3.0,1.0,A01
201400057893,0,7,0,0.0,2.0,5.0,23.0,B01
201400057894,0,7,0,0.0,2.0,6.0,11.0,A01
201400057894,0,33,0,0.0,2.0,1.0,3.0,B01
201400057895,0,32,0,0.0,0.0,0.0,1.0,A01
201400057896,0,7,0,0.0,2.0,8.0,11.0,A01
201400057896,0,33,0,0.0,2.0,7.0,3.0,B01
201400057897,0,7,0,0.0,2.0,1.0,1.0,A01
201400057897,0,7,0,1.0,2.0,4.0,1.0,B01
201400057897,0,10,0,0.0,2.0,1.0,1.0,E01
201400057897,0,7,0,0.0,2.0,4.0,1.0,C01
201400057897,0,10,0,0.0,2.0,1.0,1.0,D01
201400057898,0,34,0,0.0,2.0,7.0,1.0,B01
201400057898,0,7,0,0.0,2.0,3.0,21.0,A01
201400057899,0,7,0,0.0,2.0,1.0,1.0,A01
201400057899,0,7,0,0.0,2.0,4.0,23.0,B01
201400057900,1,7,0,0.0,2.0,0.0,12.0,Z01
201400057900,0,33,0,0.0,2.0,2.0,1.0,A01
201400057901,0,33,0,0.0,2.0,2.0,1.0,A01
201400057901,0,7,0,0.0,2.0,6.0,23.0,B01
201400057902,0,32,0,4.0,0.0,8.0,1.0,A01
201400057903,0,7,0,0.0,2.0,7.0,12.0,B01
201400057903,0,33,0,0.0,2.0,3.0,3.0,A01
201400057904,0,32,0,0.0,2.0,8.0,1.0,A01
201400057904,0,7,0,0.0,2.0,4.0,23.0,B01
201400057905,0,7,0,0.0,2.0,8.0,11.0,A01
201400057905,0,34,0,0.0,2.0,2.0,1.0,B01
201400057906,0,7,0,0.0,2.0,1.0,1.0,A01
201400057906,0,7,0,0.0,2.0,4.0,1.0,B01
201400057907,0,7,0,0.0,2.0,5.0,1.0,B01
201400057907,0,7,0,0.0,2.0,3.0,1.0,A01
201400057908,0,33,0,0.0,2.0,3.0,3.0,A01
201400057908,1,10,0,0.0,2.0,0.0,14.0,Z01
201400057909,0,7,0,0.0,2.0,4.0,2.0,C01
201400057909,0,7,0,0.0,2.0,1.0,2.0,A01
201400057909,0,7,0,0.0,2.0,4.0,23.0,B01
201400057910,0,7,0,0.0,2.0,1.0,1.0,A01
201400057910,0,7,0,0.0,2.0,4.0,23.0,B01
201400057911,0,7,0,0.0,2.0,2.0,12.0,A01
201400057911,0,7,0,4.0,2.0,3.0,1.0,B01
201400057912,0,32,0,0.0,2.0,2.0,3.0,B01
201400057912,0,7,0,0.0,2.0,2.0,12.0,A01
201400057913,0,15,0,0.0,2.0,2.0,1.0,B01
201400057913,0,7,0,0.0,2.0,1.0,1.0,C01
201400057913,0,7,0,4.0,2.0,8.0,11.0,A01
201400057914,0,33,0,0.0,2.0,3.0,1.0,A01
201400057914,1,7,0,0.0,2.0,5.0,12.0,Z01
201400057915,0,7,0,0.0,2.0,9.0,23.0,B01
201400057915,0,7,0,0.0,2.0,4.0,23.0,C01
201400057915,0,7,0,0.0,2.0,1.0,1.0,A01
201400057916,0,32,0,0.0,2.0,2.0,3.0,B01
201400057916,0,7,0,0.0,2.0,6.0,11.0,A01
201400057917,0,7,0,0.0,2.0,7.0,12.0,A01
201400057917,0,34,0,0.0,2.0,3.0,3.0,B01
201400057917,0,10,0,0.0,2.0,5.0,1.0,C01
201400057918,0,7,0,0.0,2.0,2.0,12.0,A01
201400057918,0,34,0,0.0,2.0,4.0,3.0,C01
201400057918,0,33,0,0.0,2.0,8.0,3.0,B01
201400057919,0,33,0,0.0,0.0,0.0,11.0,A01
201400057920,0,7,0,0.0,2.0,8.0,11.0,A01
201400057920,0,17,0,0.0,2.0,2.0,1.0,B01
201400057921,0,33,0,0.0,2.0,2.0,3.0,B01
201400057921,0,7,0,0.0,2.0,8.0,11.0,A01
201400057922,1,10,0,0.0,2.0,8.0,11.0,Z01
201400057922,0,33,0,4.0,2.0,7.0,1.0,A01
201400057923,0,33,0,0.0,2.0,3.0,3.0,B01
201400057923,0,10,0,0.0,2.0,5.0,12.0,A01
201400057924,0,33,0,0.0,2.0,3.0,3.0,B01
201400057924,0,7,0,0.0,2.0,2.0,12.0,A01
201400057925,0,7,0,0.0,2.0,8.0,2.0,B01
201400057925,0,17,0,0.0,2.0,2.0,13.0,A01
201400057926,0,7,0,0.0,2.0,1.0,2.0,A01
201400057926,0,7,0,0.0,2.0,4.0,2.0,C01
201400057926,0,7,0,0.0,2.0,4.0,2.0,B01
201400057927,0,7,0,0.0,2.0,6.0,11.0,A01
201400057927,0,32,0,0.0,2.0,2.0,1.0,B01
201400057928,0,31,0,0.0,2.0,3.0,3.0,A01
201400057928,1,7,0,0.0,2.0,5.0,14.0,Z01
201400057929,0,7,0,0.0,2.0,5.0,12.0,B01
201400057929,0,34,0,0.0,2.0,1.0,3.0,A01
201400057930,0,7,0,4.0,2.0,3.0,1.0,A01
201400057930,1,7,0,0.0,2.0,0.0,14.0,Z01
201400057931,0,7,0,0.0,2.0,1.0,2.0,A01
201400057931,0,7,0,0.0,2.0,4.0,2.0,B01
201400057932,0,32,0,0.0,2.0,8.0,3.0,A01
201400057932,1,7,0,0.0,2.0,7.0,14.0,Z01
201400057932,0,7,0,0.0,2.0,0.0,1.0,B01
201400057933,0,7,0,0.0,2.0,7.0,12.0,A01
201400057933,0,34,0,0.0,2.0,3.0,1.0,B01
201400057934,0,7,0,0.0,1.0,1.0,1.0,A01
201400057935,0,33,0,0.0,2.0,7.0,1.0,B01
201400057935,0,10,0,0.0,2.0,3.0,11.0,A01
201400057936,0,33,0,0.0,2.0,7.0,1.0,A01
201400057936,1,7,0,0.0,2.0,0.0,11.0,Z01
201400057937,0,7,0,4.0,0.0,2.0,14.0,A01
201400057938,0,31,0,4.0,2.0,2.0,1.0,B01
201400057938,0,7,0,0.0,2.0,3.0,11.0,A01
201400057939,0,33,0,0.0,2.0,1.0,3.0,B01
201400057939,0,7,0,0.0,2.0,3.0,11.0,A01
201400057940,0,31,0,12.0,0.0,1.0,14.0,A01
201400057941,0,7,0,4.0,2.0,8.0,1.0,B01
201400057941,0,15,0,0.0,2.0,2.0,12.0,A01
201400057942,0,33,0,0.0,0.0,0.0,3.0,A01
201400057943,0,7,0,0.0,2.0,1.0,2.0,A01
201400057943,0,7,0,0.0,2.0,4.0,2.0,C01
201400057943,0,31,0,0.0,2.0,1.0,2.0,B01
201400057944,0,33,0,0.0,2.0,1.0,2.0,A01
201400057944,0,7,0,0.0,2.0,5.0,2.0,B01
201400057945,0,7,0,0.0,2.0,3.0,11.0,A01
201400057945,0,31,0,4.0,2.0,7.0,3.0,B01
201400057946,0,34,0,0.0,0.0,1.0,1.0,A01
201400057947,0,7,0,0.0,2.0,4.0,2.0,B01
201400057947,0,10,0,0.0,2.0,1.0,2.0,A01
201400057948,0,7,0,4.0,2.0,6.0,1.0,A01
201400057948,1,17,0,0.0,2.0,2.0,14.0,Z01
201400057949,0,32,0,0.0,2.0,1.0,2.0,A01
201400057949,0,7,0,0.0,2.0,2.0,2.0,B01
201400057950,0,7,0,4.0,2.0,2.0,11.0,A01
201400057950,0,7,0,0.0,2.0,6.0,1.0,B01
201400057951,0,33,0,0.0,2.0,3.0,2.0,A01
201400057951,0,7,0,0.0,2.0,5.0,2.0,B01
201400057952,1,7,0,0.0,2.0,8.0,11.0,Z01
201400057952,0,33,0,4.0,2.0,7.0,1.0,A01
201400057953,2,7,0,0.0,2.0,2.0,12.0,Z01
201400057953,0,34,0,0.0,2.0,3.0,1.0,A01
201400057954,0,34,0,0.0,2.0,8.0,18.0,A01
201400057954,1,7,0,0.0,2.0,7.0,14.0,Z01
201400057955,0,7,0,0.0,2.0,4.0,2.0,B01
201400057955,0,7,0,0.0,2.0,1.0,2.0,A01
201400057955,0,7,0,0.0,2.0,3.0,1.0,C01
201400057956,0,33,0,0.0,2.0,2.0,1.0,B01
201400057956,0,7,0,0.0,2.0,6.0,12.0,A01
201400057957,0,31,0,0.0,2.0,1.0,3.0,A01
201400057957,0,7,0,0.0,2.0,7.0,1.0,B01
201400057958,0,10,0,0.0,2.0,0.0,12.0,A01
201400057958,0,7,0,0.0,2.0,6.0,1.0,C01
201400057958,0,33,0,0.0,2.0,1.0,3.0,B01
201400057958,0,7,0,0.0,2.0,4.0,23.0,D01
201400057959,0,33,0,0.0,2.0,1.0,1.0,B01
201400057959,0,7,0,0.0,2.0,3.0,11.0,A01
201400057960,0,34,0,0.0,1.0,1.0,1.0,A01
201400057961,0,7,0,0.0,2.0,3.0,11.0,B01
201400057961,0,10,0,0.0,2.0,5.0,1.0,C01
201400057961,0,33,0,0.0,2.0,2.0,3.0,A01
201400057962,0,33,0,0.0,2.0,1.0,3.0,B01
201400057962,0,7,0,0.0,2.0,5.0,12.0,A01
201400057963,0,7,0,4.0,2.0,1.0,13.0,A01
201400057963,0,7,0,0.0,2.0,3.0,1.0,B01
201400057964,0,15,0,0.0,2.0,4.0,2.0,B01
201400057964,0,7,0,0.0,2.0,1.0,2.0,A01
201400057965,0,7,0,0.0,2.0,4.0,2.0,A01
201400057965,1,7,0,0.0,2.0,1.0,2.0,Z01
201400057965,0,7,0,0.0,2.0,4.0,2.0,B01
201400057966,0,10,0,0.0,2.0,4.0,2.0,B01
201400057966,0,15,0,0.0,2.0,1.0,2.0,A01
201400057967,0,7,0,0.0,2.0,4.0,2.0,C01
201400057967,0,7,0,0.0,2.0,4.0,2.0,B01
201400057967,0,7,0,0.0,2.0,1.0,2.0,A01
201400057968,0,31,0,0.0,0.0,0.0,1.0,A01
201400057969,0,30,0,0.0,0.0,0.0,1.0,A01
201400057970,0,7,0,0.0,2.0,1.0,2.0,A01
201400057970,0,17,0,0.0,2.0,4.0,2.0,B01
201400057971,0,31,0,0.0,0.0,7.0,1.0,A01
201400057972,0,33,0,0.0,2.0,1.0,2.0,A01
201400057972,0,7,0,0.0,2.0,4.0,2.0,B01
201400057973,0,7,0,0.0,2.0,3.0,13.0,A01
201400057973,0,7,0,0.0,2.0,2.0,1.0,B01
201400057974,0,7,0,0.0,2.0,3.0,11.0,A01
201400057974,0,10,0,0.0,2.0,5.0,23.0,C01
201400057974,0,33,0,0.0,2.0,2.0,3.0,B01
201400057975,0,7,0,0.0,2.0,1.0,2.0,B01
201400057975,0,7,0,0.0,2.0,4.0,2.0,C01
201400057975,1,7,0,0.0,2.0,0.0,1.0,A01
201400057976,0,31,0,0.0,2.0,1.0,12.0,A01
201400057976,0,7,0,0.0,2.0,4.0,1.0,B01
201400057977,0,7,0,0.0,2.0,4.0,23.0,C01
201400057977,0,10,0,0.0,2.0,4.0,23.0,B01
201400057977,0,7,0,0.0,2.0,1.0,2.0,A01
201400057978,0,7,0,0.0,2.0,4.0,23.0,B01
201400057978,0,7,0,0.0,2.0,1.0,1.0,A01
201400057978,0,7,0,0.0,2.0,4.0,23.0,C01
201400057979,0,33,0,4.0,2.0,7.0,3.0,B01
201400057979,0,7,0,0.0,2.0,8.0,11.0,A01
201400057980,0,33,0,14.0,2.0,2.0,11.0,A01
201400057980,0,17,0,0.0,2.0,6.0,11.0,B01
201400057981,0,33,0,0.0,2.0,1.0,1.0,A01
201400057981,0,10,0,0.0,2.0,6.0,11.0,B01
201400057982,0,7,0,0.0,2.0,4.0,2.0,C01
201400057982,0,7,0,0.0,2.0,1.0,2.0,A01
201400057982,0,7,0,0.0,2.0,4.0,2.0,B01
201400057983,0,7,0,0.0,2.0,8.0,1.0,B01
201400057983,0,7,0,0.0,2.0,5.0,1.0,A01
201400057984,0,7,0,0.0,2.0,1.0,16.0,A01
201400057984,0,7,0,0.0,2.0,4.0,1.0,B01
201400057985,0,7,0,0.0,2.0,1.0,2.0,A01
201400057985,0,7,0,0.0,2.0,4.0,2.0,B01
201400057985,0,7,0,0.0,2.0,4.0,2.0,C01
201400057985,0,7,0,0.0,2.0,4.0,2.0,D01
201400057986,0,7,0,0.0,2.0,4.0,23.0,B01
201400057986,0,7,0,0.0,2.0,1.0,2.0,A01
201400057987,0,10,0,0.0,2.0,6.0,11.0,B01
201400057987,0,33,0,0.0,2.0,1.0,11.0,A01
201400057988,0,31,0,0.0,2.0,2.0,3.0,A01
201400057988,0,7,0,0.0,2.0,8.0,1.0,B01