Num_Acc,senc,catv,occutc,obs,obsm,choc,manv,num_veh
201400057989,0,7,0,0.0,2.0,1.0,2.0,A01
201400057989,0,7,0,0.0,2.0,4.0,2.0,B01
201400057989,0,7,0,0.0,2.0,1.0,2.0,C01
201400057989,0,7,0,0.0,2.0,4.0,2.0,D01
201400057990,0,7,0,0.0,2.0,3.0,11.0,A01
201400057990,0,32,0,0.0,2.0,2.0,3.0,B01
201400057991,0,7,0,0.0,2.0,1.0,2.0,A01
201400057991,0,31,0,0.0,2.0,4.0,2.0,B01
201400057992,1,7,0,0.0,2.0,1.0,12.0,Z01
201400057992,0,7,0,0.0,2.0,2.0,1.0,A01
201400057992,0,10,0,0.0,2.0,7.0,1.0,B01
201400057993,0,32,0,0.0,0.0,0.0,1.0,A01
201400057994,0,10,0,0.0,2.0,4.0,2.0,B01
201400057994,0,31,0,0.0,2.0,1.0,2.0,A01
201400057995,0,33,0,0.0,2.0,1.0,2.0,A01
201400057995,0,7,0,0.0,2.0,0.0,2.0,B01
201400057996,0,7,0,0.0,2.0,1.0,2.0,A01
201400057996,0,7,0,0.0,2.0,4.0,2.0,B01
201400057997,0,10,0,0.0,2.0,2.0,1.0,C01
201400057997,0,7,0,0.0,2.0,3.0,1.0,B01
201400057997,0,14,0,0.0,2.0,2.0,12.0,A01
201400057998,0,7,0,0.0,2.0,4.0,23.0,B01
201400057998,0,31,0,0.0,2.0,1.0,11.0,A01
201400057999,0,33,0,0.0,0.0,1.0,1.0,A01
201400058000,0,33,0,14.0,0.0,8.0,1.0,A01
201400058001,0,33,0,0.0,2.0,4.0,1.0,A01
201400058001,0,7,0,0.0,2.0,3.0,1.0,B01
201400058002,0,7,0,0.0,2.0,4.0,2.0,B01
201400058002,0,7,0,0.0,2.0,1.0,2.0,A01
201400058003,0,7,0,0.0,2.0,7.0,12.0,A01
201400058003,0,32,0,0.0,2.0,8.0,3.0,B01
201400058004,0,7,0,0.0,2.0,7.0,1.0,B01
201400058004,0,31,0,0.0,2.0,8.0,3.0,A01
201400058005,0,33,0,0.0,2.0,1.0,1.0,A01
201400058005,0,7,0,0.0,2.0,5.0,1.0,B01
201400058005,0,7,0,0.0,2.0,5.0,1.0,C01
201400058006,0,33,0,0.0,2.0,1.0,2.0,A01
201400058006,0,7,0,0.0,2.0,4.0,2.0,B01
201400058007,0,33,0,0.0,0.0,0.0,1.0,A01
201400058008,0,7,0,0.0,2.0,1.0,2.0,A01
201400058008,0,7,0,0.0,2.0,4.0,2.0,B01
201400058009,0,31,0,0.0,2.0,8.0,3.0,A01
201400058009,1,7,0,0.0,2.0,7.0,12.0,Z01
201400058010,0,31,0,0.0,0.0,8.0,1.0,A01
201400058011,0,7,0,0.0,2.0,8.0,13.0,A01
201400058011,0,33,0,0.0,2.0,2.0,1.0,B01
201400058012,0,7,0,0.0,2.0,6.0,11.0,A01
201400058012,0,31,0,0.0,2.0,1.0,3.0,B01
201400058013,0,14,0,0.0,2.0,6.0,2.0,B01
201400058013,0,33,0,0.0,2.0,1.0,2.0,A01
201400058014,0,33,0,12.0,2.0,3.0,1.0,B01
201400058014,0,10,0,0.0,2.0,5.0,12.0,A01
201400058015,0,31,0,0.0,2.0,1.0,3.0,A01
201400058015,0,10,0,0.0,2.0,6.0,1.0,B01
201400058016,0,7,0,0.0,2.0,1.0,2.0,A01
201400058016,0,7,0,0.0,2.0,4.0,2.0,B01
201400058017,0,7,0,0.0,2.0,1.0,2.0,A01
201400058017,0,7,0,0.0,2.0,4.0,2.0,B01
201400058018,0,7,0,0.0,2.0,6.0,11.0,A01
201400058018,0,33,0,0.0,2.0,2.0,3.0,B01
201400058019,0,31,0,0.0,2.0,4.0,23.0,C01
201400058019,0,7,0,0.0,2.0,1.0,1.0,A01
201400058019,0,7,0,0.0,2.0,4.0,23.0,B01
201400058020,0,7,0,3.0,0.0,1.0,1.0,A01
201400058021,0,7,0,0.0,2.0,6.0,23.0,A01
201400058021,1,7,0,0.0,2.0,2.0,18.0,Z01
201400058022,0,7,0,0.0,2.0,1.0,1.0,A01
201400058022,0,7,0,0.0,2.0,4.0,1.0,B01
201400058023,0,31,0,0.0,0.0,2.0,14.0,A01
201400058024,0,7,0,0.0,2.0,2.0,1.0,D01
201400058024,0,33,0,0.0,2.0,7.0,3.0,C01
201400058024,0,7,0,0.0,2.0,0.0,14.0,A01
201400058024,0,7,0,0.0,2.0,8.0,14.0,B01
201400058025,0,33,0,3.0,0.0,7.0,1.0,A01
201400058026,0,10,0,0.0,2.0,1.0,2.0,A01
201400058026,0,7,0,0.0,2.0,4.0,2.0,B01
201400058027,0,10,0,0.0,2.0,2.0,12.0,A01
201400058027,0,10,0,0.0,2.0,3.0,1.0,B01
201400058028,0,10,0,0.0,2.0,5.0,2.0,B01
201400058028,0,34,0,0.0,2.0,1.0,2.0,A01
201400058029,0,33,0,0.0,0.0,7.0,1.0,A01
201400058030,0,7,0,0.0,2.0,0.0,11.0,A01
201400058030,0,7,0,0.0,2.0,2.0,23.0,C01
201400058030,0,33,0,0.0,2.0,8.0,3.0,B01
201400058031,0,7,0,0.0,2.0,1.0,1.0,A01
201400058031,0,33,0,0.0,2.0,4.0,23.0,B01
201400058032,0,7,0,0.0,2.0,6.0,1.0,B01
201400058032,0,7,0,0.0,2.0,4.0,1.0,C01
201400058032,0,7,0,0.0,2.0,1.0,1.0,E01
201400058032,0,7,0,0.0,2.0,1.0,1.0,A01
201400058032,0,7,0,0.0,2.0,1.0,1.0,D01
201400058033,0,33,0,0.0,0.0,7.0,3.0,A01
201400058034,1,10,0,0.0,2.0,6.0,11.0,Z01
201400058034,0,33,0,0.0,2.0,2.0,3.0,A01
201400058035,0,10,0,0.0,2.0,9.0,23.0,C01
201400058035,0,10,0,0.0,2.0,4.0,23.0,D01
201400058035,0,7,0,0.0,2.0,9.0,23.0,B01
201400058035,0,7,0,0.0,2.0,1.0,2.0,A01
201400058036,0,10,0,0.0,2.0,4.0,2.0,B01
201400058036,0,7,0,0.0,2.0,4.0,2.0,C01
201400058036,1,10,0,0.0,2.0,1.0,2.0,Z01
201400058036,0,7,0,0.0,2.0,1.0,2.0,A01
201400058037,0,7,0,0.0,2.0,4.0,2.0,A01
201400058037,1,7,0,0.0,2.0,1.0,2.0,Z01
201400058038,0,34,0,0.0,2.0,8.0,1.0,A01
201400058038,0,7,0,1.0,2.0,5.0,12.0,B01
201400058039,0,10,0,0.0,2.0,3.0,13.0,A01
201400058039,0,32,0,0.0,2.0,8.0,14.0,B01
201400058040,0,7,0,0.0,2.0,4.0,23.0,C01
201400058040,0,7,0,0.0,2.0,1.0,1.0,A01
201400058040,0,7,0,0.0,2.0,4.0,23.0,B01
201400058041,0,7,0,0.0,2.0,2.0,12.0,A01
201400058041,0,32,0,0.0,2.0,8.0,1.0,B01
201400058042,0,31,0,15.0,0.0,1.0,1.0,A01
201400058043,0,10,0,0.0,2.0,2.0,1.0,A01
201400058043,0,10,0,0.0,2.0,6.0,1.0,B01
201400058044,0,7,0,0.0,2.0,4.0,1.0,B01
201400058044,0,7,0,0.0,2.0,1.0,1.0,A01
201400058045,0,7,0,0.0,2.0,5.0,12.0,A01
201400058045,0,31,0,0.0,2.0,1.0,3.0,B01
201400058046,0,7,0,0.0,2.0,5.0,12.0,A01
201400058046,0,33,0,0.0,2.0,3.0,1.0,B01
201400058047,0,7,0,0.0,2.0,4.0,23.0,C01
201400058047,0,7,0,0.0,2.0,1.0,1.0,A01
201400058047,0,7,0,0.0,2.0,4.0,23.0,B01
201400058048,0,7,0,0.0,2.0,6.0,1.0,B01
201400058048,0,33,0,0.0,2.0,1.0,1.0,A01
201400058049,0,33,0,2.0,2.0,2.0,11.0,B01
201400058049,0,7,0,2.0,2.0,6.0,11.0,A01
201400058050,0,7,0,0.0,2.0,4.0,1.0,B01
201400058050,0,33,0,0.0,2.0,1.0,11.0,A01
201400058051,0,33,0,0.0,2.0,3.0,3.0,B01
201400058051,0,7,0,0.0,2.0,2.0,12.0,A01
201400058052,0,7,0,0.0,2.0,7.0,12.0,A01
201400058052,0,7,0,0.0,2.0,5.0,1.0,C01
201400058052,0,33,0,0.0,2.0,3.0,3.0,B01
201400058053,0,7,0,0.0,2.0,3.0,11.0,A01
201400058053,0,33,0,0.0,2.0,7.0,1.0,B01
201400058054,0,33,0,0.0,2.0,4.0,3.0,B01
201400058054,0,2,0,0.0,2.0,1.0,3.0,A01
201400058055,0,33,0,0.0,0.0,4.0,1.0,A01
201400058056,0,10,0,0.0,2.0,8.0,12.0,A01
201400058056,0,34,0,0.0,2.0,7.0,1.0,B01
201400058057,0,7,0,0.0,2.0,1.0,2.0,A01
201400058057,0,7,0,0.0,2.0,4.0,23.0,B01
201400058057,0,7,0,0.0,2.0,4.0,23.0,C01
201400058058,0,7,0,0.0,2.0,4.0,2.0,C01
201400058058,0,32,0,4.0,2.0,1.0,11.0,A01
201400058058,0,10,0,0.0,2.0,1.0,2.0,B01
201400058059,1,7,0,0.0,2.0,0.0,11.0,Z01
201400058059,0,33,0,0.0,2.0,7.0,3.0,A01
201400058060,0,32,0,0.0,2.0,7.0,3.0,B01
201400058060,0,7,0,0.0,2.0,3.0,11.0,A01
201400058061,0,7,0,0.0,2.0,4.0,23.0,B01
201400058061,0,7,0,0.0,2.0,1.0,2.0,A01
201400058061,0,7,0,0.0,2.0,4.0,23.0,C01
201400058062,1,7,0,0.0,2.0,1.0,2.0,Z01
201400058062,0,7,0,0.0,2.0,4.0,23.0,A01
201400058062,0,7,0,0.0,2.0,4.0,23.0,B01
201400058063,0,7,0,4.0,0.0,8.0,13.0,A01
201400058064,0,33,0,0.0,0.0,0.0,1.0,A01
201400058065,0,7,0,0.0,2.0,4.0,23.0,B01
201400058065,0,7,0,0.0,2.0,4.0,23.0,C01
201400058065,0,7,0,0.0,2.0,1.0,2.0,A01
201400058066,0,7,0,0.0,2.0,4.0,1.0,B01
201400058066,0,10,0,0.0,2.0,1.0,1.0,A01
201400058067,0,10,0,0.0,2.0,1.0,2.0,A01
201400058067,0,33,0,0.0,2.0,1.0,3.0,C01
201400058067,0,34,0,0.0,2.0,4.0,2.0,B01
201400058068,0,7,0,0.0,2.0,3.0,2.0,A01
201400058068,0,7,0,0.0,2.0,5.0,23.0,B01
201400058069,0,7,0,0.0,2.0,4.0,23.0,C01
201400058069,0,31,0,0.0,2.0,1.0,3.0,A01
201400058069,0,10,0,0.0,2.0,5.0,23.0,B01
201400058070,0,7,0,0.0,2.0,4.0,12.0,A01
201400058070,0,31,0,0.0,2.0,7.0,3.0,B01
201400058071,1,10,0,0.0,2.0,5.0,14.0,Z01
201400058071,1,33,0,0.0,2.0,6.0,3.0,A01
201400058072,0,7,0,0.0,2.0,2.0,2.0,A01
201400058072,0,33,0,0.0,2.0,4.0,2.0,B01
201400058073,0,33,0,0.0,2.0,2.0,1.0,B01
201400058073,0,38,1,0.0,2.0,3.0,13.0,A01
201400058074,0,33,0,0.0,2.0,1.0,3.0,A01
201400058074,0,33,0,0.0,2.0,4.0,3.0,B01
201400058075,0,7,0,0.0,2.0,2.0,12.0,A01
201400058075,0,34,0,0.0,2.0,8.0,3.0,B01
201400058076,0,33,0,0.0,0.0,0.0,3.0,A01
201400058077,0,33,0,0.0,2.0,2.0,3.0,A01
201400058077,1,7,0,0.0,2.0,8.0,11.0,Z01
201400058078,0,7,0,0.0,2.0,9.0,1.0,B01
201400058078,0,7,0,0.0,2.0,1.0,1.0,C01
201400058078,0,15,0,0.0,2.0,2.0,12.0,A01
201400058079,0,10,0,0.0,2.0,3.0,11.0,A01
201400058079,0,33,0,0.0,2.0,2.0,1.0,B01
201400058080,0,7,0,0.0,2.0,6.0,1.0,B01
201400058080,0,33,0,0.0,2.0,1.0,11.0,A01
201400058081,0,7,0,0.0,2.0,6.0,1.0,C01
201400058081,0,7,0,0.0,2.0,2.0,12.0,B01
201400058081,0,31,0,0.0,2.0,1.0,3.0,A01
201400058082,0,32,0,0.0,2.0,1.0,2.0,A01
201400058082,0,7,0,0.0,2.0,5.0,23.0,B01
201400058083,0,34,0,4.0,2.0,3.0,2.0,A01
201400058083,0,7,0,0.0,2.0,5.0,2.0,B01
201400058084,0,7,0,0.0,2.0,4.0,1.0,C01
201400058084,0,7,0,0.0,2.0,8.0,11.0,A01
201400058084,0,33,0,0.0,2.0,7.0,3.0,B01
201400058085,0,31,0,0.0,0.0,8.0,1.0,A01
201400058086,0,7,0,0.0,2.0,5.0,2.0,B01
201400058086,0,7,0,0.0,2.0,3.0,2.0,A01
201400058087,0,31,0,0.0,0.0,8.0,3.0,A01
201400058088,0,33,0,0.0,2.0,2.0,3.0,B01
201400058088,0,7,0,0.0,2.0,3.0,1.0,C01
201400058088,0,7,0,0.0,2.0,3.0,11.0,A01
201400058089,1,7,0,0.0,2.0,0.0,2.0,Z01
201400058089,0,7,0,4.0,2.0,4.0,2.0,A01
201400058090,0,7,0,0.0,2.0,2.0,14.0,A01
201400058090,0,7,0,4.0,2.0,6.0,1.0,B01
201400058090,0,7,0,0.0,2.0,0.0,1.0,C01
201400058091,0,10,0,0.0,2.0,4.0,2.0,B01
201400058091,0,7,0,0.0,2.0,4.0,2.0,C01
201400058091,0,7,0,0.0,2.0,1.0,2.0,A01
201400058091,0,7,0,0.0,2.0,1.0,2.0,D01
201400058092,0,7,0,0.0,2.0,8.0,13.0,A01
201400058092,0,33,0,8.0,2.0,7.0,1.0,B01
201400058093,0,7,0,0.0,2.0,3.0,11.0,A01
201400058093,0,33,0,0.0,2.0,7.0,1.0,B01
201400058094,0,7,0,0.0,2.0,6.0,2.0,B01
201400058094,0,33,0,0.0,2.0,2.0,2.0,A01
201400058095,0,33,0,0.0,2.0,2.0,3.0,A01
201400058095,1,7,0,0.0,2.0,0.0,11.0,Z01
201400058096,0,33,0,0.0,2.0,7.0,1.0,B01
201400058096,0,7,0,0.0,2.0,8.0,11.0,A01
201400058097,0,33,0,0.0,2.0,7.0,3.0,B01
201400058097,0,7,0,0.0,2.0,8.0,13.0,A01
201400058098,0,10,0,0.0,2.0,3.0,1.0,B01
201400058098,0,7,0,0.0,2.0,7.0,12.0,A01
201400058098,0,7,0,3.0,2.0,8.0,1.0,C01
201400058099,0,7,0,0.0,2.0,6.0,11.0,A01
201400058099,0,33,0,0.0,2.0,2.0,3.0,B01
201400058100,0,7,0,0.0,2.0,4.0,2.0,C01
201400058100,0,7,0,0.0,2.0,4.0,2.0,B01
201400058100,0,10,0,0.0,2.0,4.0,2.0,D01
201400058100,0,7,0,0.0,2.0,1.0,2.0,A01
201400058101,0,10,0,0.0,2.0,3.0,11.0,A01
201400058101,0,7,0,4.0,2.0,2.0,1.0,B01
201400058102,0,7,0,0.0,2.0,7.0,12.0,A01
201400058102,0,33,0,0.0,2.0,8.0,3.0,B01
201400058103,0,7,0,0.0,2.0,4.0,2.0,B01
201400058103,0,7,0,0.0,2.0,4.0,2.0,D01
201400058103,0,7,0,0.0,2.0,4.0,2.0,C01
201400058103,0,7,0,0.0,2.0,1.0,2.0,A01
201400058104,0,7,0,0.0,2.0,8.0,11.0,A01
201400058104,0,33,0,0.0,2.0,2.0,1.0,B01
201400058105,0,7,0,0.0,2.0,7.0,12.0,A01
201400058105,0,31,0,0.0,2.0,8.0,3.0,B01
201400058106,0,33,0,0.0,2.0,1.0,2.0,A01
201400058106,0,10,0,0.0,2.0,4.0,2.0,B01
201400058107,0,7,0,0.0,2.0,6.0,1.0,C01
201400058107,0,31,0,0.0,2.0,1.0,3.0,A01
201400058107,0,33,0,0.0,2.0,4.0,3.0,B01
201400058108,0,33,0,0.0,2.0,3.0,12.0,A01
201400058108,0,7,0,0.0,2.0,5.0,1.0,B01
201400058109,0,33,0,0.0,2.0,1.0,12.0,A01
201400058109,0,7,0,0.0,2.0,6.0,1.0,B01
201400058110,0,7,0,0.0,2.0,6.0,11.0,A01
201400058110,0,33,0,0.0,2.0,7.0,3.0,B01
201400058111,1,7,0,0.0,2.0,3.0,11.0,Z01
201400058111,0,33,0,0.0,2.0,2.0,1.0,A01
201400058112,0,7,0,4.0,2.0,4.0,13.0,A01
201400058112,0,7,0,0.0,2.0,8.0,1.0,B01
201400058113,0,7,0,0.0,2.0,1.0,2.0,A01
201400058113,0,7,0,0.0,2.0,4.0,23.0,B01
201400058114,1,7,0,0.0,2.0,0.0,14.0,Z01
201400058114,0,7,0,12.0,2.0,0.0,1.0,A01
201400058115,0,31,0,0.0,0.0,0.0,3.0,A01
201400058116,0,10,0,0.0,2.0,5.0,2.0,B01
201400058116,0,33,0,0.0,2.0,1.0,2.0,A01
201400058117,0,33,0,0.0,2.0,0.0,3.0,A01
201400058117,0,10,0,0.0,2.0,7.0,1.0,B01
201400058118,0,33,0,0.0,2.0,3.0,3.0,A01
201400058118,1,7,0,0.0,2.0,5.0,12.0,Z01
201400058119,0,7,0,0.0,2.0,4.0,2.0,C01
201400058119,0,33,0,0.0,2.0,7.0,2.0,B01
201400058119,0,7,0,0.0,2.0,8.0,11.0,A01
201400058120,1,15,0,0.0,2.0,0.0,12.0,Z01
201400058120,0,7,0,0.0,2.0,4.0,1.0,B01
201400058120,0,7,0,0.0,2.0,5.0,1.0,A01
201400058120,0,7,0,4.0,2.0,2.0,1.0,C01
201400058121,0,7,0,0.0,2.0,5.0,12.0,A01
201400058121,0,33,0,0.0,2.0,8.0,3.0,B01
201400058122,0,7,0,0.0,2.0,2.0,12.0,A01
201400058122,0,33,0,0.0,2.0,3.0,1.0,B01
201400058123,0,7,0,0.0,2.0,3.0,1.0,A01
201400058123,1,7,0,0.0,2.0,5.0,1.0,B01
201400058124,0,31,0,12.0,0.0,0.0,13.0,A01
201400058125,2,7,0,0.0,2.0,7.0,12.0,Z01
201400058125,0,33,0,0.0,2.0,3.0,3.0,A01
201400058126,0,15,0,0.0,2.0,2.0,1.0,A01
201400058126,0,7,0,0.0,2.0,1.0,1.0,B01
201400058126,1,7,0,0.0,2.0,6.0,11.0,Z01
201400058127,0,7,0,0.0,2.0,1.0,1.0,A01
201400058127,0,7,0,0.0,2.0,4.0,23.0,C01
201400058127,0,7,0,0.0,2.0,4.0,23.0,B01
201400058128,0,32,0,0.0,2.0,2.0,1.0,A01
201400058128,1,7,0,0.0,2.0,6.0,11.0,Z01
201400058129,0,32,0,0.0,2.0,1.0,3.0,A01
201400058129,0,7,0,0.0,2.0,1.0,1.0,B01
201400058129,0,7,0,0.0,2.0,0.0,1.0,C01
201400058130,0,10,0,0.0,2.0,2.0,1.0,A01
201400058130,0,34,0,0.0,2.0,4.0,23.0,B01
201400058131,0,30,0,0.0,0.0,0.0,1.0,A01
201400058132,0,31,0,0.0,2.0,1.0,3.0,B01
201400058132,0,7,0,0.0,2.0,4.0,12.0,A01
201400058133,0,7,0,0.0,2.0,4.0,11.0,B01
201400058133,0,31,0,0.0,2.0,1.0,3.0,A01
201400058134,0,7,0,0.0,2.0,5.0,12.0,B01
201400058134,0,31,0,0.0,2.0,8.0,3.0,A01
201400058135,0,33,0,0.0,2.0,2.0,3.0,A01
201400058135,0,10,0,0.0,2.0,6.0,1.0,B01
201400058136,0,7,0,0.0,2.0,7.0,12.0,A01
201400058136,0,33,0,0.0,2.0,8.0,3.0,B01
201400058137,0,10,0,0.0,2.0,1.0,2.0,A01
201400058137,0,7,0,0.0,2.0,4.0,2.0,C01
201400058137,0,33,0,0.0,2.0,1.0,2.0,D01
201400058137,0,7,0,0.0,2.0,4.0,2.0,B01
201400058138,0,7,0,0.0,2.0,6.0,1.0,B01
201400058138,0,33,0,0.0,2.0,1.0,12.0,A01
201400058139,1,14,0,0.0,2.0,0.0,1.0,C01
201400058139,0,14,0,0.0,2.0,7.0,1.0,A01
201400058139,0,7,0,12.0,2.0,4.0,1.0,B01
201400058140,0,31,0,0.0,2.0,1.0,3.0,C01
201400058140,0,34,0,0.0,2.0,1.0,3.0,B01
201400058140,0,10,0,0.0,2.0,2.0,12.0,A01
201400058140,0,7,0,0.0,2.0,8.0,1.0,D01
201400058141,0,34,0,4.0,0.0,8.0,1.0,A01
201400058142,0,10,0,0.0,2.0,6.0,1.0,B01
201400058142,0,33,0,0.0,2.0,0.0,3.0,A01
201400058143,0,7,0,0.0,2.0,2.0,12.0,A01
201400058143,0,34,0,0.0,2.0,1.0,3.0,B01
201400058144,0,32,0,0.0,2.0,1.0,1.0,A01
201400058144,0,10,0,0.0,2.0,4.0,1.0,B01
201400058145,0,33,0,0.0,0.0,8.0,3.0,A01
201400058146,0,33,0,0.0,2.0,1.0,1.0,A01
201400058146,0,7,0,0.0,2.0,4.0,1.0,B01
201400058147,0,34,0,0.0,0.0,8.0,1.0,A01
201400058148,0,33,0,0.0,0.0,8.0,1.0,A01
201400058149,0,7,0,0.0,2.0,4.0,23.0,B01
201400058149,0,7,0,0.0,2.0,1.0,1.0,A01
201400058150,0,7,0,0.0,2.0,2.0,1.0,B01
201400058150,0,7,0,0.0,2.0,6.0,1.0,C01
201400058150,0,33,0,0.0,2.0,8.0,3.0,A01
201400058151,0,7,0,0.0,2.0,8.0,1.0,B01
201400058151,0,15,0,0.0,2.0,2.0,12.0,A01
201400058152,0,31,0,0.0,2.0,1.0,2.0,A01
201400058152,0,7,0,0.0,2.0,4.0,2.0,B01
201400058153,0,33,0,0.0,2.0,7.0,3.0,A01
201400058153,0,7,0,0.0,2.0,6.0,11.0,B01
201400058154,0,10,0,0.0,2.0,2.0,11.0,A01
201400058154,0,33,0,0.0,2.0,3.0,1.0,B01
201400058155,0,7,0,0.0,2.0,6.0,1.0,B01
201400058155,0,7,0,0.0,2.0,2.0,11.0,A01
201400058156,0,7,0,3.0,2.0,5.0,2.0,C01
201400058156,0,7,0,0.0,2.0,6.0,11.0,A01
201400058156,0,38,53,0.0,2.0,2.0,2.0,B01
201400058157,0,7,0,0.0,2.0,1.0,2.0,C01
201400058157,0,7,0,0.0,2.0,1.0,2.0,A01
201400058157,0,7,0,0.0,2.0,4.0,2.0,B01
201400058158,0,31,0,0.0,2.0,0.0,3.0,A01
201400058158,0,10,0,0.0,2.0,5.0,1.0,B01
201400058159,0,33,0,0.0,0.0,0.0,1.0,A01
201400058160,0,7,0,0.0,2.0,1.0,2.0,A01
201400058160,0,7,0,0.0,2.0,4.0,2.0,B01
201400058161,0,7,0,0.0,2.0,2.0,12.0,A01
201400058161,0,31,0,0.0,2.0,3.0,1.0,B01
201400058162,0,14,0,0.0,2.0,1.0,22.0,A01
201400058162,0,10,0,0.0,2.0,7.0,1.0,B01
201400058163,0,7,0,4.0,0.0,1.0,13.0,A01
201400058164,0,10,0,0.0,2.0,4.0,2.0,C01
201400058164,0,7,0,0.0,2.0,1.0,2.0,A01
201400058164,0,7,0,0.0,2.0,4.0,2.0,B01
201400058165,0,34,0,0.0,2.0,4.0,3.0,A01
201400058165,0,10,0,0.0,2.0,5.0,1.0,B01
201400058166,0,7,0,0.0,2.0,4.0,1.0,C01
201400058166,0,10,0,0.0,2.0,8.0,11.0,A01
201400058166,0,33,0,0.0,2.0,2.0,3.0,B01
201400058167,0,32,0,0.0,0.0,7.0,3.0,A01
201400058168,0,7,0,0.0,2.0,5.0,2.0,B01
201400058168,0,31,0,0.0,2.0,1.0,2.0,A01
201400058169,0,31,0,0.0,0.0,0.0,3.0,A01
201400058170,0,31,0,0.0,2.0,2.0,3.0,B01
201400058170,0,7,0,0.0,2.0,8.0,11.0,A01
201400058171,0,7,0,4.0,0.0,1.0,1.0,A01
201400058172,0,7,0,0.0,2.0,2.0,12.0,A01
201400058172,0,33,0,0.0,2.0,6.0,1.0,B01
201400058173,0,7,0,0.0,2.0,5.0,1.0,D01
201400058173,0,33,0,0.0,2.0,3.0,3.0,B01
201400058173,0,7,0,0.0,2.0,7.0,12.0,A01
201400058173,0,7,0,0.0,2.0,6.0,1.0,C01
201400058174,0,33,0,0.0,2.0,1.0,1.0,A01
201400058174,0,7,0,0.0,0.0,4.0,1.0,B01
201400058175,0,7,0,0.0,2.0,2.0,12.0,A01
201400058175,0,33,0,0.0,2.0,3.0,3.0,B01
201400058176,0,14,0,0.0,2.0,1.0,1.0,A01
201400058176,0,7,0,0.0,2.0,4.0,1.0,C01
201400058176,0,7,0,0.0,2.0,4.0,1.0,B01
201400058177,0,7,0,4.0,0.0,1.0,13.0,A01
201400058178,0,7,0,0.0,2.0,7.0,12.0,A01
201400058178,0,32,0,0.0,2.0,8.0,3.0,B01
201400058179,0,7,0,0.0,2.0,5.0,2.0,B01
201400058179,0,10,0,0.0,2.0,3.0,2.0,A01
201400058180,0,33,0,0.0,2.0,2.0,3.0,C01
201400058180,0,10,0,0.0,2.0,0.0,12.0,A01
201400058180,0,7,0,0.0,2.0,6.0,13.0,B01
201400058181,0,10,0,0.0,2.0,3.0,11.0,C01
201400058181,0,7,0,0.0,2.0,3.0,1.0,A01
201400058181,0,7,0,0.0,2.0,5.0,1.0,B01
201400058182,0,7,0,4.0,0.0,3.0,13.0,A01
201400058183,0,15,0,0.0,2.0,2.0,1.0,A01
201400058183,0,7,0,0.0,2.0,8.0,1.0,B01
201400058184,0,7,0,0.0,2.0,6.0,11.0,A01
201400058184,0,33,0,0.0,2.0,1.0,1.0,B01
201400058185,0,7,0,4.0,0.0,8.0,1.0,A01
201400058186,0,7,0,0.0,2.0,1.0,1.0,A01
201400058186,0,7,0,0.0,2.0,4.0,23.0,C01
201400058186,0,7,0,0.0,2.0,4.0,23.0,B01
201400058187,0,33,0,0.0,2.0,1.0,3.0,B01
201400058187,0,7,0,0.0,2.0,8.0,11.0,A01
201400058187,0,7,0,0.0,2.0,2.0,1.0,C01
201400058188,1,7,0,0.0,2.0,1.0,1.0,Z01
201400058188,0,7,0,4.0,2.0,6.0,1.0,A01
201400058189,0,10,0,0.0,2.0,2.0,12.0,A01
201400058189,0,31,0,0.0,2.0,3.0,3.0,B01
201400058190,0,17,0,0.0,2.0,1.0,2.0,A01
201400058190,0,10,0,14.0,2.0,8.0,2.0,B01
201400058191,0,7,0,0.0,2.0,7.0,12.0,A01
201400058191,0,31,0,0.0,2.0,3.0,3.0,B01
201400058192,0,7,0,0.0,1.0,0.0,1.0,A01
201400058193,0,7,0,0.0,2.0,8.0,13.0,A01
201400058193,0,31,0,0.0,2.0,1.0,1.0,B02
201400058194,0,7,0,0.0,0.0,3.0,15.0,A01
201400058194,0,31,0,0.0,0.0,1.0,1.0,B02
201400058195,0,33,0,13.0,0.0,1.0,14.0,A01
201400058196,0,31,0,0.0,2.0,1.0,17.0,A01
201400058196,0,10,0,0.0,2.0,8.0,15.0,B02
201400058197,0,33,0,0.0,2.0,1.0,1.0,A01
201400058197,0,7,0,0.0,2.0,2.0,15.0,B02
201400058198,0,7,0,0.0,0.0,6.0,1.0,A01
201400058198,0,33,0,0.0,2.0,1.0,1.0,B02
201400058199,0,7,0,3.0,0.0,1.0,1.0,A01
201400058200,0,33,0,0.0,0.0,7.0,1.0,A01
201400058201,0,7,0,0.0,2.0,1.0,17.0,A01
201400058201,0,7,0,0.0,2.0,8.0,15.0,B02
201400058202,0,7,0,0.0,2.0,1.0,1.0,A01
201400058202,0,31,0,0.0,2.0,7.0,19.0,B02
201400058203,0,7,0,0.0,1.0,1.0,13.0,A01
201400058203,0,7,0,0.0,1.0,1.0,1.0,B02
201400058204,0,7,0,0.0,2.0,3.0,1.0,A01
201400058204,0,7,0,0.0,2.0,3.0,1.0,B02
201400058205,0,31,0,0.0,1.0,1.0,21.0,A01
201400058206,0,7,0,0.0,2.0,1.0,13.0,A01
201400058206,0,7,0,0.0,2.0,1.0,1.0,B02
201400058207,0,7,0,0.0,2.0,1.0,1.0,A01
201400058207,0,33,0,0.0,2.0,1.0,5.0,B02