Num_Acc,senc,catv,occutc,obs,obsm,choc,manv,num_veh
201400058208,0,7,0,0.0,0.0,9.0,1.0,A01
201400058209,0,7,0,0.0,1.0,3.0,16.0,A01
201400058210,0,7,0,0.0,2.0,3.0,1.0,A01
201400058210,0,1,0,0.0,2.0,1.0,5.0,B02
201400058211,0,30,0,0.0,0.0,0.0,0.0,A01
201400058212,0,7,0,10.0,0.0,1.0,1.0,A01
201400058213,0,34,0,4.0,0.0,0.0,1.0,A01
201400058214,0,7,0,4.0,0.0,1.0,0.0,A01
201400058215,0,33,0,0.0,0.0,0.0,0.0,A01
201400058216,0,30,0,0.0,1.0,1.0,1.0,A01
201400058217,0,7,0,0.0,1.0,2.0,1.0,A01
201400058218,0,7,0,0.0,2.0,3.0,13.0,A01
201400058218,0,7,0,0.0,2.0,3.0,1.0,B02
201400058219,0,32,0,16.0,0.0,1.0,0.0,A01
201400058220,0,10,0,0.0,2.0,6.0,19.0,A01
201400058220,0,33,0,0.0,2.0,1.0,1.0,B02
201400058221,0,7,0,0.0,2.0,3.0,1.0,B02
201400058221,0,33,0,0.0,2.0,1.0,13.0,A01
201400058222,0,10,0,0.0,2.0,1.0,1.0,A01
201400058222,0,7,0,0.0,2.0,2.0,19.0,B02
201400058223,0,30,0,0.0,1.0,0.0,1.0,A01
201400058224,0,33,0,0.0,2.0,7.0,13.0,A01
201400058224,0,10,0,0.0,2.0,3.0,1.0,B02
201400058225,0,7,0,0.0,2.0,3.0,15.0,B02
201400058225,0,30,0,0.0,2.0,2.0,1.0,A01
201400058226,0,10,0,0.0,2.0,1.0,1.0,C03
201400058226,0,7,0,0.0,2.0,1.0,13.0,A01
201400058226,0,10,0,0.0,2.0,1.0,1.0,B02
201400058227,0,33,0,8.0,0.0,0.0,0.0,A01
201400058228,0,31,0,0.0,2.0,8.0,18.0,A01
201400058228,0,10,0,0.0,2.0,1.0,15.0,B02
201400058229,0,7,0,0.0,1.0,1.0,1.0,A01
201400058230,0,7,0,0.0,2.0,7.0,15.0,A01
201400058230,0,7,0,0.0,2.0,1.0,1.0,B02
201400058231,0,33,0,0.0,0.0,1.0,1.0,A01
201400058232,0,7,0,16.0,0.0,1.0,1.0,A01
201400058233,0,7,0,0.0,2.0,2.0,1.0,B02
201400058233,0,30,0,0.0,2.0,1.0,15.0,A01
201400058234,0,7,0,0.0,2.0,1.0,1.0,B02
201400058234,0,7,0,0.0,2.0,1.0,13.0,A01
201400058235,0,7,0,0.0,2.0,3.0,1.0,A01
201400058235,0,7,0,0.0,2.0,3.0,1.0,B02
201400058236,0,7,0,0.0,2.0,3.0,5.0,A01
201400058236,0,7,0,0.0,2.0,1.0,2.0,B02
201400058236,0,7,0,0.0,2.0,3.0,21.0,C03
201400058237,0,7,0,0.0,2.0,1.0,5.0,A01
201400058237,0,7,0,0.0,2.0,3.0,0.0,B02
201400058238,0,33,0,0.0,2.0,1.0,17.0,A01
201400058238,0,7,0,0.0,2.0,2.0,1.0,B02
201400058239,0,7,0,0.0,2.0,3.0,1.0,C03
201400058239,0,7,0,0.0,2.0,3.0,1.0,B02
201400058239,0,7,0,0.0,2.0,1.0,13.0,A01
201400058240,0,7,0,0.0,2.0,3.0,15.0,A01
201400058240,0,1,0,0.0,2.0,1.0,1.0,B02
201400058241,0,7,0,0.0,1.0,1.0,1.0,A01
201400058242,0,7,0,0.0,2.0,3.0,1.0,A01
201400058242,0,30,0,0.0,2.0,1.0,1.0,B02
201400058243,0,7,0,0.0,2.0,1.0,1.0,A01
201400058243,0,7,0,0.0,2.0,3.0,1.0,B02
201400058244,0,7,0,0.0,2.0,1.0,1.0,A01
201400058244,0,7,0,0.0,2.0,7.0,6.0,B02
201400058245,0,30,0,0.0,2.0,7.0,15.0,A01
201400058245,0,7,0,0.0,2.0,2.0,1.0,C03
201400058245,0,7,0,0.0,2.0,0.0,0.0,B02
201400058246,0,7,0,0.0,0.0,3.0,1.0,C03
201400058246,0,7,0,0.0,2.0,1.0,1.0,B02
201400058246,0,7,0,9.0,2.0,1.0,5.0,A01
201400058247,0,7,0,6.0,1.0,1.0,21.0,A01
201400058248,0,7,0,0.0,2.0,3.0,1.0,A01
201400058248,0,30,0,0.0,2.0,8.0,1.0,B02
201400058249,0,7,0,2.0,0.0,3.0,19.0,A01
201400058250,0,33,0,0.0,0.0,0.0,1.0,A01
201400058251,0,7,0,0.0,1.0,3.0,17.0,A01
201400058252,0,33,0,0.0,0.0,0.0,1.0,A01
201400058253,0,7,0,0.0,2.0,8.0,1.0,B02
201400058253,0,7,0,0.0,2.0,3.0,13.0,A01
201400058254,0,33,0,0.0,2.0,1.0,17.0,B02
201400058254,0,7,0,0.0,2.0,1.0,17.0,A01
201400058255,0,7,0,0.0,1.0,1.0,1.0,A01
201400058256,0,7,0,1.0,1.0,5.0,4.0,A01
201400058257,0,7,0,0.0,1.0,2.0,21.0,A01
201400058258,0,7,0,8.0,0.0,9.0,1.0,A01
201400058259,0,7,0,8.0,0.0,3.0,13.0,A01
201400058260,0,7,0,0.0,0.0,1.0,1.0,A01
201400058261,0,34,0,12.0,0.0,1.0,1.0,A01
201400058261,0,34,0,12.0,0.0,1.0,1.0,B02
201400058262,0,7,0,0.0,1.0,7.0,1.0,A01
201400058263,0,13,0,0.0,1.0,6.0,24.0,A01
201400058263,0,14,0,1.0,0.0,2.0,1.0,B02
201400058264,0,2,0,0.0,2.0,1.0,1.0,A01
201400058264,0,7,0,0.0,2.0,3.0,1.0,B02
201400058265,0,2,0,0.0,2.0,7.0,17.0,B02
201400058265,0,7,0,0.0,2.0,3.0,1.0,A01
201400058266,0,31,0,0.0,2.0,1.0,1.0,A01
201400058266,0,7,0,0.0,2.0,7.0,15.0,B02
201400058267,0,7,0,0.0,1.0,3.0,1.0,A01
201400058268,0,33,0,0.0,2.0,1.0,2.0,A01
201400058268,0,33,0,4.0,0.0,4.0,2.0,B02
201400058269,0,7,0,0.0,0.0,5.0,2.0,A01
201400058269,0,30,0,0.0,2.0,1.0,2.0,B02
201400058270,0,7,0,0.0,2.0,1.0,13.0,A01
201400058270,0,7,0,0.0,2.0,1.0,1.0,B02
201400058271,0,7,0,6.0,0.0,1.0,19.0,A01
201400058272,0,10,0,0.0,2.0,1.0,1.0,B02
201400058272,0,7,0,0.0,2.0,7.0,13.0,A01
201400058273,0,7,0,0.0,2.0,1.0,1.0,B02
201400058273,0,7,0,0.0,2.0,7.0,1.0,A01
201400058274,0,7,0,13.0,0.0,3.0,19.0,A01
201400058275,0,7,0,0.0,2.0,7.0,13.0,A01
201400058275,0,7,0,0.0,2.0,1.0,1.0,B02
201400058276,0,30,0,6.0,0.0,1.0,1.0,A01
201400058277,0,33,0,6.0,0.0,1.0,1.0,A01
201400058278,0,7,0,0.0,2.0,2.0,1.0,A01
201400058278,0,10,0,0.0,2.0,2.0,0.0,B02
201400058279,0,7,0,0.0,0.0,7.0,15.0,A01
201400058279,0,10,0,0.0,2.0,1.0,1.0,B02
201400058280,0,7,0,0.0,2.0,1.0,18.0,A01
201400058280,0,2,0,0.0,2.0,7.0,0.0,B02
201400058281,0,7,0,16.0,0.0,0.0,1.0,A01
201400058282,0,10,0,0.0,2.0,8.0,19.0,A01
201400058282,0,10,0,0.0,2.0,1.0,1.0,B02
201400058283,0,7,0,0.0,2.0,8.0,15.0,B02
201400058283,0,33,0,0.0,2.0,7.0,17.0,A01
201400058284,0,10,0,0.0,2.0,8.0,10.0,A01
201400058284,0,32,0,0.0,2.0,1.0,1.0,B02
201400058285,0,36,0,8.0,0.0,3.0,16.0,A01
201400058286,0,7,0,0.0,2.0,6.0,1.0,C03
201400058286,0,33,0,0.0,0.0,9.0,21.0,A01
201400058286,0,7,0,0.0,2.0,3.0,1.0,B02
201400058287,0,7,0,2.0,0.0,1.0,0.0,A01
201400058288,0,7,0,0.0,2.0,3.0,1.0,B02
201400058288,0,7,0,0.0,2.0,3.0,13.0,A01
201400058289,0,7,0,0.0,2.0,8.0,2.0,C03
201400058289,0,7,0,0.0,2.0,3.0,13.0,A01
201400058289,0,7,0,0.0,2.0,3.0,1.0,B02
201400058290,0,32,0,3.0,0.0,1.0,0.0,A01
201400058291,0,7,0,1.0,2.0,3.0,1.0,A01
201400058291,0,7,0,12.0,0.0,1.0,0.0,B02
201400058292,0,30,0,0.0,2.0,1.0,13.0,B02
201400058292,0,14,0,0.0,2.0,3.0,1.0,A01
201400058293,0,1,0,0.0,2.0,1.0,13.0,B02
201400058293,0,7,0,0.0,9.0,3.0,1.0,A01
201400058294,0,7,0,2.0,0.0,1.0,21.0,A01
201400058295,0,7,0,0.0,1.0,3.0,1.0,A01
201400058296,0,30,0,0.0,2.0,4.0,2.0,A01
201400058297,0,7,0,0.0,2.0,1.0,1.0,A01
201400058297,0,7,0,0.0,2.0,7.0,13.0,B02
201400058298,0,7,0,0.0,0.0,1.0,17.0,A01
201400058298,0,7,0,0.0,0.0,3.0,1.0,B02
201400058299,0,99,0,0.0,0.0,9.0,1.0,A01
201400058300,0,7,0,0.0,2.0,1.0,1.0,B02
201400058300,0,7,0,0.0,2.0,5.0,13.0,A01
201400058301,0,31,0,0.0,2.0,1.0,1.0,B02
201400058301,0,7,0,0.0,2.0,3.0,19.0,A01
201400058301,0,33,0,0.0,2.0,1.0,1.0,C03
201400058302,0,7,0,0.0,1.0,8.0,1.0,A01
201400058303,0,7,0,0.0,2.0,3.0,0.0,B02
201400058303,0,7,0,0.0,2.0,1.0,5.0,A01
201400058304,0,30,0,0.0,1.0,1.0,1.0,A01
201400058305,0,7,0,0.0,2.0,3.0,15.0,B02
201400058305,0,33,0,0.0,2.0,1.0,17.0,A01
201400058306,0,7,0,0.0,2.0,3.0,1.0,A01
201400058306,0,30,0,0.0,2.0,5.0,2.0,B02
201400058307,0,1,0,0.0,2.0,3.0,19.0,B02
201400058307,0,7,0,0.0,2.0,1.0,1.0,A01
201400058308,0,7,0,6.0,0.0,3.0,0.0,A01
201400058309,0,31,0,13.0,0.0,1.0,1.0,A01
201400058310,0,7,0,0.0,2.0,6.0,2.0,B02
201400058310,0,7,0,0.0,2.0,4.0,2.0,A01
201400058310,0,7,0,0.0,2.0,3.0,0.0,E05
201400058310,0,7,0,0.0,2.0,3.0,0.0,D04
201400058310,0,7,0,0.0,2.0,8.0,2.0,C03
201400058311,0,31,0,0.0,2.0,1.0,1.0,A01
201400058311,0,7,0,0.0,2.0,2.0,1.0,B02
201400058312,0,7,0,0.0,2.0,1.0,21.0,A01
201400058312,0,32,0,0.0,2.0,1.0,1.0,B02
201400058313,0,7,0,0.0,1.0,2.0,0.0,A01
201400058314,0,7,0,0.0,2.0,1.0,1.0,A01
201400058314,0,7,0,0.0,2.0,1.0,1.0,B02
201400058315,0,2,0,0.0,2.0,4.0,2.0,B02
201400058315,0,7,0,0.0,2.0,2.0,2.0,A01
201400058316,0,7,0,0.0,2.0,5.0,13.0,A01
201400058316,0,14,0,0.0,2.0,2.0,1.0,B02
201400058317,0,33,0,0.0,2.0,1.0,17.0,A01
201400058317,0,7,0,0.0,2.0,6.0,15.0,B02
201400058318,0,7,0,0.0,1.0,1.0,1.0,A01
201400058319,0,7,0,0.0,2.0,1.0,1.0,B02
201400058319,0,30,0,0.0,2.0,1.0,5.0,A01
201400058320,0,7,0,0.0,2.0,2.0,13.0,A01
201400058320,0,7,0,0.0,2.0,3.0,1.0,B02
201400058321,0,7,0,0.0,1.0,2.0,1.0,A01
201400058322,0,7,0,0.0,1.0,1.0,15.0,A01
201400058323,0,7,0,0.0,1.0,2.0,1.0,A01
201400058324,0,7,0,0.0,1.0,2.0,1.0,A01
201400058325,0,14,0,0.0,2.0,1.0,23.0,A01
201400058325,0,7,0,14.0,0.0,1.0,1.0,B02
201400058326,0,31,0,0.0,2.0,8.0,0.0,A01
201400058326,0,7,0,0.0,2.0,1.0,0.0,B02
201400058327,0,10,0,0.0,1.0,3.0,15.0,A01
201400058328,0,10,0,0.0,1.0,2.0,1.0,A01
201400058329,0,7,0,0.0,1.0,2.0,1.0,A01
201400058330,0,7,0,0.0,2.0,5.0,15.0,B02
201400058330,0,31,0,0.0,2.0,1.0,3.0,A01
201400058331,0,7,0,0.0,1.0,2.0,1.0,A01
201400058332,0,7,0,4.0,2.0,1.0,1.0,A01
201400058332,0,7,0,0.0,2.0,1.0,1.0,B02
201400058333,0,7,0,0.0,2.0,6.0,15.0,A01
201400058333,0,33,0,0.0,2.0,1.0,0.0,B02
201400058334,0,7,0,0.0,2.0,2.0,2.0,A01
201400058334,0,10,0,0.0,2.0,8.0,15.0,B02
201400058335,0,7,0,0.0,0.0,1.0,15.0,A01
201400058335,0,2,0,0.0,0.0,1.0,1.0,B02
201400058336,1,7,0,0.0,1.0,1.0,21.0,A01
201400058337,0,33,0,0.0,2.0,1.0,13.0,B02
201400058337,0,7,0,0.0,2.0,1.0,2.0,A01
201400058338,0,10,0,2.0,0.0,1.0,1.0,A01
201400058339,0,7,0,0.0,0.0,9.0,1.0,A01
201400058340,0,10,0,0.0,0.0,3.0,15.0,B02
201400058340,0,33,0,9.0,2.0,2.0,17.0,A01
201400058341,0,7,0,0.0,0.0,9.0,21.0,A01
201400058342,0,7,0,0.0,2.0,2.0,1.0,B02
201400058342,0,33,0,0.0,2.0,7.0,1.0,A01
201400058343,0,30,0,0.0,2.0,1.0,1.0,B02
201400058343,0,7,0,0.0,2.0,3.0,1.0,A01
201400058344,0,7,0,0.0,2.0,2.0,13.0,A01
201400058344,0,7,0,0.0,2.0,1.0,1.0,B02
201400058345,0,7,0,0.0,2.0,3.0,15.0,A01
201400058345,0,33,0,0.0,2.0,7.0,17.0,B02
201400058346,0,30,0,0.0,2.0,1.0,1.0,A01
201400058346,0,7,0,0.0,2.0,3.0,1.0,B02
201400058347,0,10,0,0.0,0.0,0.0,1.0,A01
201400058348,0,7,0,0.0,2.0,3.0,15.0,A01
201400058348,0,33,0,0.0,2.0,1.0,0.0,B02
201400058349,0,1,0,0.0,2.0,1.0,1.0,B02
201400058349,0,30,0,0.0,9.0,1.0,13.0,A01
201400058350,0,7,0,0.0,2.0,3.0,15.0,B02
201400058350,0,7,0,0.0,2.0,2.0,17.0,A01
201400058351,0,7,0,8.0,0.0,6.0,1.0,A01
201400058352,0,33,0,0.0,2.0,1.0,1.0,A01
201400058352,0,7,0,0.0,2.0,3.0,9.0,B02
201400058353,0,2,0,0.0,2.0,7.0,15.0,A01
201400058353,0,34,0,0.0,2.0,1.0,1.0,B02
201400058354,0,7,0,2.0,0.0,1.0,13.0,A01
201400058355,0,7,0,13.0,0.0,1.0,0.0,A01
201400058356,0,10,0,13.0,9.0,1.0,1.0,A01
201400058357,0,7,0,2.0,0.0,1.0,1.0,A01
201400058358,0,1,0,0.0,2.0,1.0,0.0,B02
201400058358,0,7,0,0.0,2.0,3.0,17.0,A01
201400058359,0,7,0,0.0,0.0,2.0,1.0,A01
201400058360,0,7,0,6.0,1.0,2.0,21.0,A01
201400058361,0,10,0,0.0,2.0,1.0,2.0,B02
201400058361,0,30,0,0.0,2.0,4.0,2.0,A01
201400058362,0,30,0,0.0,2.0,5.0,14.0,A01
201400058362,0,7,0,0.0,2.0,3.0,2.0,B02
201400058363,0,7,0,8.0,0.0,8.0,1.0,A01
201400058364,0,14,0,0.0,1.0,3.0,1.0,A01
201400058365,0,7,0,0.0,0.0,9.0,1.0,A01
201400058366,0,7,0,0.0,0.0,4.0,1.0,A01
201400058366,0,33,0,0.0,2.0,1.0,1.0,B02
201400058367,0,10,0,0.0,2.0,2.0,1.0,A01
201400058367,0,7,0,0.0,2.0,3.0,9.0,B02
201400058368,0,7,0,15.0,0.0,8.0,15.0,A01
201400058369,0,32,0,0.0,2.0,1.0,17.0,B02
201400058369,0,7,0,0.0,2.0,8.0,10.0,A01
201400058370,0,10,0,0.0,1.0,2.0,1.0,A01
201400058371,0,7,0,0.0,1.0,8.0,1.0,A01
201400058372,0,33,0,0.0,2.0,1.0,1.0,A01
201400058372,0,7,0,0.0,2.0,2.0,15.0,B02
201400058373,0,7,0,0.0,0.0,1.0,21.0,B02
201400058373,0,1,0,0.0,0.0,1.0,1.0,A01
201400058374,0,10,0,0.0,0.0,3.0,15.0,A01
201400058374,0,33,0,0.0,0.0,1.0,17.0,B02
201400058375,0,1,0,0.0,2.0,4.0,3.0,B02
201400058375,0,7,0,0.0,2.0,3.0,2.0,A01
201400058376,0,34,0,0.0,2.0,1.0,1.0,B02
201400058376,0,7,0,0.0,2.0,2.0,15.0,A01
201400058377,1,30,0,0.0,2.0,1.0,1.0,B02
201400058377,0,7,0,0.0,2.0,8.0,19.0,A01
201400058378,0,14,0,2.0,0.0,7.0,1.0,A01
201400058379,0,37,0,0.0,0.0,0.0,1.0,A01
201400058379,0,2,0,0.0,2.0,0.0,13.0,B02
201400058379,0,7,0,0.0,2.0,5.0,17.0,C03
201400058380,0,7,0,0.0,2.0,2.0,15.0,B02
201400058380,0,33,0,0.0,2.0,1.0,1.0,A01
201400058381,0,7,0,0.0,2.0,8.0,15.0,B02
201400058381,0,7,0,8.0,2.0,7.0,17.0,A01
201400058382,0,31,0,0.0,2.0,1.0,1.0,A01
201400058382,0,7,0,0.0,2.0,7.0,15.0,B02
201400058383,0,30,0,0.0,5.0,1.0,1.0,A01
201400058384,0,7,0,0.0,2.0,2.0,1.0,B02
201400058384,0,32,0,0.0,2.0,1.0,15.0,A01
201400058385,0,7,0,1.0,0.0,1.0,13.0,A01
201400058385,0,38,0,0.0,2.0,1.0,24.0,B02
201400058386,0,7,0,0.0,2.0,1.0,15.0,B02
201400058386,0,33,0,0.0,2.0,1.0,1.0,A01
201400058387,0,7,0,0.0,2.0,5.0,17.0,B02
201400058387,0,2,0,0.0,2.0,8.0,15.0,A01
201400058388,0,7,0,0.0,2.0,1.0,5.0,B02
201400058388,0,7,0,0.0,2.0,1.0,1.0,A01
201400058389,0,7,0,0.0,0.0,9.0,13.0,A01
201400058390,0,7,0,0.0,2.0,3.0,1.0,B02
201400058390,0,7,0,0.0,2.0,3.0,13.0,A01
201400058391,0,7,0,0.0,1.0,2.0,1.0,A01
201400058392,0,7,0,0.0,2.0,3.0,11.0,A01
201400058392,0,30,0,0.0,2.0,1.0,1.0,B02
201400058393,0,7,0,0.0,0.0,6.0,9.0,A01
201400058393,0,33,0,0.0,0.0,1.0,0.0,B02
201400058394,0,10,0,0.0,2.0,8.0,1.0,A01
201400058394,0,33,0,0.0,2.0,8.0,1.0,B02
201400058395,0,7,0,0.0,1.0,1.0,1.0,A01
201400058396,0,10,0,0.0,2.0,1.0,1.0,B02
201400058396,0,7,0,0.0,2.0,1.0,13.0,A01
201400058397,0,7,0,0.0,2.0,2.0,15.0,A01
201400058397,0,2,0,0.0,2.0,1.0,1.0,B02
201400058398,0,1,0,0.0,2.0,4.0,2.0,B02
201400058398,0,10,0,0.0,2.0,2.0,2.0,A01
201400058399,0,10,0,0.0,2.0,1.0,1.0,A01
201400058399,0,7,0,0.0,2.0,4.0,23.0,B02
201400058399,0,7,0,0.0,2.0,3.0,1.0,C03
201400058400,0,7,0,9.0,0.0,1.0,14.0,A01
201400058401,0,14,0,0.0,2.0,3.0,17.0,A01
201400058401,0,30,0,0.0,2.0,1.0,1.0,B02
201400058402,0,7,0,6.0,0.0,3.0,1.0,A01
201400058403,0,7,0,0.0,2.0,3.0,10.0,A01
201400058403,0,33,0,0.0,2.0,1.0,0.0,B02
201400058404,0,10,0,0.0,2.0,3.0,1.0,A01
201400058404,0,10,0,0.0,2.0,3.0,13.0,B02
201400058405,0,2,0,0.0,2.0,1.0,17.0,C03
201400058405,0,7,0,0.0,2.0,3.0,1.0,A01
201400058405,0,7,0,0.0,2.0,1.0,1.0,B02
201400058406,0,7,0,0.0,2.0,1.0,1.0,B02
201400058406,0,7,0,0.0,2.0,1.0,13.0,A01
201400058407,0,2,0,0.0,2.0,1.0,1.0,A01
201400058407,0,7,0,0.0,2.0,3.0,15.0,B02
201400058408,0,33,0,8.0,0.0,1.0,1.0,B02
201400058408,0,7,0,0.0,0.0,0.0,15.0,A01
201400058409,0,7,0,0.0,2.0,2.0,1.0,A01
201400058409,0,32,0,0.0,2.0,1.0,16.0,B02
201400058410,0,7,0,0.0,2.0,3.0,13.0,A01
201400058410,0,7,0,0.0,2.0,1.0,1.0,B02
201400058411,0,7,0,0.0,2.0,3.0,1.0,B02
201400058411,0,7,0,0.0,2.0,3.0,13.0,A01
201400058412,0,1,0,0.0,2.0,6.0,2.0,A01
201400058412,0,10,0,0.0,9.0,2.0,2.0,B02
201400058413,0,7,0,0.0,2.0,7.0,15.0,A01
201400058413,0,33,0,0.0,2.0,1.0,1.0,B02
201400058414,0,7,0,0.0,2.0,0.0,21.0,A01
201400058414,0,7,0,0.0,0.0,0.0,15.0,B02
201400058415,0,7,0,0.0,2.0,6.0,15.0,A01
201400058415,0,33,0,0.0,2.0,1.0,1.0,B02
201400058416,0,7,0,0.0,2.0,3.0,10.0,A01
201400058416,0,2,0,0.0,2.0,1.0,1.0,B02
201400058417,0,7,0,0.0,2.0,2.0,13.0,A01
201400058417,0,7,0,0.0,2.0,2.0,1.0,B02
201400058418,0,7,0,0.0,2.0,1.0,21.0,B02
201400058418,0,7,0,0.0,2.0,1.0,13.0,A01
201400058419,0,2,0,0.0,2.0,3.0,1.0,A01
201400058419,0,7,0,0.0,2.0,1.0,15.0,B02
201400058420,0,7,0,0.0,2.0,4.0,1.0,B02
201400058420,0,30,0,0.0,2.0,1.0,2.0,A01
201400058421,0,7,0,0.0,2.0,4.0,2.0,B02
201400058421,0,14,0,0.0,2.0,2.0,2.0,A01
201400058422,0,7,0,0.0,0.0,6.0,24.0,B02
201400058422,0,10,0,1.0,1.0,2.0,1.0,A01
201400058423,0,7,0,0.0,1.0,3.0,1.0,A01
201400058424,0,7,0,0.0,2.0,1.0,13.0,A01
201400058424,0,10,0,0.0,2.0,3.0,14.0,B02
201400058425,0,7,0,0.0,2.0,3.0,1.0,A01
201400058425,0,1,0,0.0,2.0,5.0,1.0,B02
201400058426,0,1,0,0.0,2.0,6.0,16.0,B02
201400058426,0,7,0,0.0,9.0,6.0,15.0,A01
201400058427,0,15,0,0.0,2.0,3.0,1.0,A01
201400058427,0,10,0,0.0,2.0,3.0,13.0,B02
201400058428,1,99,0,0.0,1.0,0.0,0.0,A01
201400058429,0,30,0,0.0,0.0,1.0,1.0,A01
201400058430,0,7,0,13.0,0.0,1.0,21.0,A01
201400058431,0,10,0,0.0,9.0,2.0,1.0,B02
201400058431,0,1,0,0.0,0.0,0.0,1.0,A01
201400058432,0,10,0,0.0,0.0,0.0,1.0,A01
201400058433,0,7,0,2.0,0.0,1.0,13.0,A01
201400058434,0,10,0,0.0,0.0,2.0,21.0,A01
201400058434,0,30,0,0.0,2.0,1.0,16.0,B02
201400058435,0,7,0,13.0,0.0,0.0,1.0,A01
201400058436,0,30,0,0.0,2.0,3.0,1.0,B02
201400058436,0,10,0,0.0,2.0,7.0,17.0,A01
201400058437,0,7,0,0.0,0.0,1.0,24.0,B02
201400058437,0,7,0,1.0,2.0,1.0,2.0,A01
201400058438,0,7,0,0.0,0.0,0.0,1.0,A01
201400058439,0,33,0,0.0,0.0,4.0,15.0,A01
201400058439,0,7,0,0.0,0.0,1.0,2.0,B02
201400058440,0,30,0,0.0,2.0,1.0,9.0,A01
201400058440,0,7,0,0.0,9.0,3.0,1.0,B02
201400058441,1,30,0,0.0,1.0,8.0,0.0,A01
201400058442,0,10,0,0.0,0.0,0.0,2.0,B02
201400058442,0,31,0,0.0,0.0,0.0,2.0,A01
201400058443,0,32,0,0.0,2.0,3.0,1.0,A01
201400058443,0,7,0,0.0,2.0,2.0,15.0,B02
201400058444,1,7,0,0.0,1.0,0.0,0.0,A01
201400058445,0,30,0,0.0,2.0,1.0,1.0,B02
201400058445,0,7,0,0.0,0.0,7.0,15.0,A01
201400058446,0,32,0,0.0,1.0,1.0,0.0,A01
201400058447,0,7,0,2.0,0.0,9.0,1.0,A01
201400058448,0,2,0,0.0,2.0,1.0,1.0,B02
201400058448,0,10,0,0.0,2.0,7.0,16.0,A01
201400058449,0,7,0,0.0,2.0,3.0,15.0,A01
201400058449,0,30,0,0.0,2.0,3.0,1.0,B02
201400058450,0,30,0,0.0,2.0,4.0,15.0,A01
201400058451,0,31,0,1.0,0.0,3.0,1.0,A01
201400058452,0,7,0,0.0,2.0,4.0,2.0,A01
201400058452,0,2,0,0.0,2.0,1.0,2.0,B02
201400058453,0,7,0,0.0,0.0,7.0,16.0,A01
201400058453,0,30,0,0.0,2.0,3.0,1.0,B02
201400058454,0,7,0,0.0,0.0,2.0,19.0,A01
201400058454,0,32,0,0.0,2.0,1.0,1.0,B02
201400058455,0,7,0,0.0,0.0,1.0,1.0,A01
201400058456,0,7,0,0.0,2.0,3.0,13.0,A01
201400058456,0,7,0,0.0,2.0,3.0,0.0,B02
201400058457,0,30,0,0.0,2.0,2.0,17.0,A01
201400058457,0,7,0,0.0,0.0,3.0,15.0,B02
201400058458,0,7,0,0.0,0.0,4.0,2.0,A01
201400058458,0,30,0,0.0,0.0,1.0,2.0,B02
201400058459,0,7,0,2.0,0.0,8.0,1.0,A01
201400058460,0,14,0,0.0,0.0,9.0,13.0,A01
201400058461,0,7,0,0.0,2.0,1.0,11.0,B02
201400058461,0,7,0,0.0,2.0,3.0,14.0,A01
201400058462,0,7,0,0.0,2.0,9.0,1.0,A01
201400058463,0,7,0,0.0,2.0,2.0,1.0,A01
201400058463,0,2,0,0.0,2.0,4.0,1.0,B02
201400058464,0,7,0,0.0,2.0,5.0,17.0,A01
201400058464,0,33,0,0.0,2.0,8.0,18.0,B02
201400058465,0,1,0,6.0,0.0,0.0,1.0,A01
201400058466,0,33,0,0.0,0.0,7.0,17.0,B02
201400058466,0,14,0,0.0,0.0,4.0,15.0,A01
201400058467,0,1,0,0.0,2.0,4.0,2.0,B02
201400058467,0,10,0,0.0,2.0,2.0,2.0,A01
201400058468,0,7,0,0.0,1.0,2.0,1.0,A01
201400058469,0,2,0,0.0,2.0,1.0,1.0,A01
201400058469,1,10,0,0.0,2.0,3.0,1.0,B02
201400058470,0,7,0,0.0,0.0,1.0,0.0,A01
201400058470,0,33,0,0.0,0.0,1.0,0.0,B02
201400058471,0,30,0,0.0,2.0,1.0,13.0,A01
201400058471,0,1,0,0.0,2.0,1.0,14.0,B02
201400058472,0,7,0,0.0,1.0,1.0,1.0,A01
201400058473,0,7,0,0.0,9.0,1.0,13.0,A01
201400058473,0,1,0,0.0,2.0,1.0,1.0,B02
201400058473,0,1,0,0.0,2.0,1.0,1.0,C03
201400058474,0,10,0,0.0,0.0,3.0,1.0,B02
201400058474,0,34,0,0.0,2.0,3.0,1.0,A01
201400058475,0,10,0,0.0,2.0,1.0,1.0,C04
201400058475,0,7,0,0.0,2.0,3.0,0.0,A01
201400058475,0,14,0,0.0,2.0,3.0,0.0,B03
201400058476,0,7,0,0.0,0.0,3.0,9.0,B02
201400058476,0,33,0,0.0,2.0,1.0,1.0,A01
201400058477,0,7,0,0.0,1.0,1.0,1.0,A01
201400058478,0,31,0,0.0,1.0,1.0,14.0,A01
201400058479,0,33,0,0.0,2.0,8.0,2.0,B02
201400058479,0,33,0,0.0,2.0,8.0,2.0,A01
201400058480,0,7,0,0.0,2.0,1.0,1.0,A01
201400058480,0,30,0,0.0,2.0,1.0,13.0,B02
201400058481,0,7,0,6.0,0.0,1.0,1.0,A01
201400058482,0,7,0,2.0,0.0,2.0,14.0,A01
201400058483,0,7,0,0.0,1.0,3.0,1.0,A01
201400058484,0,1,0,0.0,2.0,8.0,19.0,A01