Num_Acc,senc,catv,occutc,obs,obsm,choc,manv,num_veh
201400058484,0,10,0,0.0,2.0,2.0,1.0,B02
201400058485,0,33,0,8.0,0.0,8.0,0.0,A01
201400058486,0,7,0,0.0,2.0,4.0,15.0,A01
201400058486,0,31,0,0.0,2.0,1.0,1.0,B02
201400058487,0,33,0,0.0,2.0,1.0,13.0,B02
201400058487,0,14,0,0.0,2.0,2.0,1.0,A01
201400058488,0,30,0,3.0,0.0,2.0,1.0,A01
201400058489,0,7,0,0.0,2.0,3.0,15.0,B02
201400058489,0,33,0,0.0,2.0,2.0,1.0,A01
201400058490,0,7,0,0.0,0.0,0.0,0.0,A01
201400058491,0,7,0,0.0,2.0,3.0,5.0,A01
201400058491,0,1,0,0.0,2.0,3.0,21.0,B02
201400058492,0,30,0,0.0,1.0,1.0,1.0,A01
201400058493,0,7,0,0.0,2.0,3.0,13.0,A01
201400058493,0,30,0,0.0,2.0,1.0,13.0,B02
201400058494,0,10,0,10.0,0.0,1.0,1.0,A01
201400058495,0,7,0,2.0,0.0,3.0,0.0,A01
201400058496,0,2,0,0.0,0.0,8.0,15.0,A01
201400058497,0,7,0,0.0,1.0,7.0,1.0,A01
201400058498,0,7,0,0.0,1.0,2.0,1.0,A01
201400058499,0,33,0,16.0,2.0,9.0,8.0,B02
201400058499,0,7,0,0.0,0.0,6.0,1.0,A01
201400058499,0,7,0,0.0,2.0,2.0,1.0,C03
201400058500,0,7,0,0.0,1.0,2.0,1.0,A01
201400058501,0,7,0,0.0,2.0,0.0,15.0,A01
201400058501,0,32,0,0.0,0.0,0.0,0.0,B02
201400058502,0,7,0,0.0,0.0,8.0,23.0,B02
201400058502,0,31,0,0.0,2.0,1.0,1.0,C03
201400058502,0,7,0,0.0,2.0,2.0,11.0,A01
201400058503,0,30,0,3.0,0.0,7.0,1.0,A01
201400058504,0,7,0,0.0,2.0,1.0,1.0,B02
201400058504,0,30,0,0.0,2.0,2.0,10.0,A01
201400058505,0,33,0,0.0,2.0,7.0,1.0,B02
201400058505,0,7,0,0.0,2.0,2.0,1.0,A01
201400058506,0,30,0,0.0,0.0,0.0,2.0,A01
201400058507,0,7,0,0.0,2.0,3.0,17.0,A01
201400058507,0,1,0,0.0,2.0,1.0,1.0,B02
201400058508,0,30,0,0.0,2.0,1.0,7.0,A01
201400058508,0,30,0,0.0,2.0,1.0,7.0,B02
201400058508,0,7,0,0.0,2.0,8.0,1.0,C03
201400058509,0,31,0,0.0,2.0,0.0,3.0,A01
201400058509,0,7,0,0.0,2.0,1.0,19.0,B02
201400058510,0,14,0,0.0,1.0,0.0,16.0,A01
201400058511,0,33,0,0.0,2.0,7.0,17.0,A01
201400058511,0,7,0,0.0,2.0,8.0,15.0,B02
201400058512,0,7,0,0.0,2.0,3.0,13.0,B02
201400058512,0,33,0,0.0,2.0,1.0,17.0,A01
201400058513,0,2,0,3.0,0.0,2.0,1.0,A01
201400058514,0,7,0,8.0,0.0,1.0,1.0,A01
201400058515,0,7,0,0.0,2.0,8.0,6.0,A01
201400058515,0,7,0,0.0,2.0,2.0,1.0,B02
201400058516,0,7,0,0.0,2.0,2.0,2.0,A01
201400058516,0,30,0,0.0,2.0,8.0,15.0,B02
201400058517,0,3,0,0.0,2.0,8.0,13.0,A01
201400058517,0,7,0,0.0,2.0,8.0,1.0,B02
201400058518,0,7,0,0.0,2.0,3.0,15.0,A01
201400058518,0,30,0,0.0,2.0,1.0,1.0,B02
201400058519,0,7,0,0.0,2.0,3.0,1.0,B02
201400058519,0,2,0,0.0,2.0,1.0,13.0,A01
201400058520,0,7,0,0.0,2.0,1.0,1.0,B02
201400058520,0,7,0,0.0,2.0,7.0,5.0,A01
201400058521,0,7,0,0.0,1.0,1.0,1.0,A01
201400058522,1,7,0,0.0,1.0,1.0,1.0,A01
201400058523,0,7,0,0.0,2.0,1.0,1.0,C03
201400058523,0,7,0,0.0,2.0,1.0,1.0,B02
201400058523,0,7,0,0.0,2.0,1.0,13.0,A01
201400058524,0,7,0,0.0,2.0,7.0,13.0,B02
201400058524,0,7,0,0.0,2.0,3.0,1.0,A01
201400058525,0,30,0,10.0,0.0,1.0,1.0,A01
201400058526,0,7,0,0.0,1.0,1.0,1.0,A01
201400058527,0,2,0,0.0,2.0,3.0,0.0,B02
201400058527,0,7,0,0.0,2.0,3.0,1.0,A01
201400058528,0,1,0,3.0,0.0,0.0,14.0,A01
201400058529,0,10,0,0.0,2.0,3.0,13.0,A01
201400058529,0,38,0,2.0,2.0,3.0,1.0,B02
201400058530,0,30,0,16.0,1.0,1.0,15.0,A01
201400058531,0,7,0,4.0,0.0,2.0,1.0,A01
201400058532,0,33,0,0.0,2.0,1.0,1.0,B02
201400058532,0,7,0,0.0,2.0,7.0,19.0,A01
201400058533,0,1,0,0.0,2.0,1.0,1.0,A01
201400058533,0,7,0,0.0,9.0,6.0,19.0,B02
201400058534,0,33,0,0.0,2.0,7.0,17.0,B02
201400058534,0,7,0,0.0,2.0,8.0,15.0,A01
201400058535,0,7,0,1.0,1.0,1.0,0.0,A01
201400058536,0,30,0,0.0,1.0,1.0,5.0,A01
201400058537,0,7,0,2.0,0.0,5.0,1.0,A01
201400058538,0,30,0,1.0,0.0,4.0,24.0,B02
201400058538,1,30,0,0.0,2.0,1.0,17.0,A01
201400058539,0,7,0,0.0,1.0,3.0,1.0,A01
201400058540,0,10,0,0.0,2.0,1.0,1.0,A01
201400058540,0,30,0,0.0,2.0,7.0,19.0,B02
201400058541,0,7,0,0.0,2.0,3.0,1.0,A01
201400058541,0,30,0,0.0,2.0,1.0,13.0,B02
201400058542,0,33,0,13.0,0.0,1.0,1.0,A01
201400058543,0,7,0,6.0,0.0,1.0,1.0,A01
201400058544,0,7,0,0.0,2.0,1.0,1.0,A01
201400058544,0,33,0,3.0,2.0,9.0,1.0,B02
201400058545,0,31,0,0.0,2.0,1.0,1.0,A01
201400058545,0,7,0,0.0,2.0,3.0,15.0,B02
201400058546,0,33,0,13.0,0.0,1.0,1.0,A01
201400058547,0,14,0,0.0,2.0,1.0,1.0,B02
201400058547,0,7,0,0.0,2.0,7.0,14.0,A01
201400058548,0,2,0,0.0,2.0,1.0,1.0,B02
201400058548,0,7,0,0.0,2.0,3.0,15.0,A01
201400058549,0,7,0,0.0,1.0,1.0,1.0,A01
201400058550,0,7,0,0.0,1.0,3.0,1.0,A01
201400058551,0,7,0,0.0,0.0,9.0,1.0,A01
201400058552,0,7,0,0.0,1.0,1.0,1.0,A01
201400058553,0,7,0,0.0,2.0,1.0,2.0,A01
201400058553,0,31,0,0.0,2.0,4.0,23.0,B02
201400058554,0,33,0,12.0,0.0,1.0,1.0,A01
201400058555,0,32,0,13.0,0.0,1.0,17.0,A01
201400058555,0,7,0,0.0,9.0,1.0,1.0,B02
201400058556,0,33,0,0.0,2.0,6.0,1.0,A01
201400058556,0,7,0,0.0,2.0,2.0,15.0,B02
201400058557,0,7,0,0.0,1.0,2.0,1.0,A01
201400058558,0,2,0,0.0,2.0,1.0,1.0,B02
201400058558,0,7,0,0.0,2.0,5.0,15.0,A01
201400058559,0,7,0,0.0,2.0,3.0,1.0,A01
201400058559,0,7,0,0.0,2.0,2.0,1.0,B02
201400058560,0,30,0,0.0,2.0,3.0,13.0,A01
201400058560,0,33,0,0.0,2.0,3.0,1.0,B02
201400058561,0,7,0,0.0,2.0,3.0,1.0,A01
201400058561,0,30,0,0.0,2.0,1.0,1.0,B02
201400058562,0,33,0,0.0,2.0,1.0,1.0,B02
201400058562,0,7,0,0.0,2.0,3.0,15.0,A01
201400058563,0,30,0,0.0,2.0,1.0,1.0,B02
201400058563,0,10,0,0.0,2.0,7.0,11.0,A01
201400058564,0,7,0,0.0,2.0,8.0,1.0,B02
201400058564,0,7,0,0.0,2.0,8.0,1.0,A01
201400058565,0,30,0,0.0,2.0,1.0,1.0,B02
201400058565,0,7,0,0.0,2.0,3.0,13.0,A01
201400058566,0,7,0,0.0,1.0,2.0,1.0,A01
201400058567,0,31,0,0.0,2.0,1.0,13.0,A01
201400058567,0,7,0,0.0,2.0,1.0,1.0,B02
201400058568,0,30,0,0.0,2.0,3.0,1.0,B02
201400058568,0,7,0,0.0,2.0,7.0,13.0,A01
201400058569,0,7,0,0.0,1.0,2.0,1.0,A01
201400058570,0,7,0,0.0,1.0,2.0,1.0,A01
201400058571,0,32,0,6.0,0.0,2.0,1.0,A01
201400058572,0,7,0,0.0,2.0,3.0,10.0,A01
201400058572,0,2,0,0.0,2.0,1.0,17.0,B02
201400058573,0,33,0,0.0,0.0,1.0,0.0,B02
201400058573,0,7,0,0.0,0.0,3.0,16.0,A01
201400058573,0,33,0,0.0,0.0,0.0,0.0,C03
201400058574,0,1,0,0.0,1.0,1.0,1.0,A01
201400058575,0,7,0,0.0,2.0,1.0,1.0,A01
201400058575,0,7,0,0.0,2.0,1.0,5.0,B02
201400058576,0,30,0,0.0,2.0,2.0,3.0,A01
201400058576,0,7,0,0.0,0.0,8.0,23.0,B02
201400058577,0,7,0,0.0,0.0,9.0,1.0,A01
201400058578,1,7,0,0.0,1.0,3.0,1.0,A01
201400058579,0,10,0,0.0,2.0,4.0,1.0,B02
201400058579,0,30,0,0.0,2.0,1.0,3.0,A01
201400058580,0,33,0,0.0,2.0,1.0,2.0,A01
201400058580,0,7,0,0.0,9.0,3.0,2.0,C03
201400058580,0,7,0,0.0,2.0,4.0,2.0,B02
201400058581,0,10,0,0.0,2.0,4.0,1.0,C03
201400058581,0,7,0,1.0,0.0,2.0,1.0,D04
201400058581,0,7,0,0.0,2.0,2.0,1.0,A01
201400058581,0,14,0,0.0,2.0,6.0,1.0,B02
201400058582,0,7,0,0.0,2.0,1.0,5.0,A01
201400058582,0,7,0,0.0,2.0,1.0,1.0,B02
201400058583,0,7,0,0.0,1.0,1.0,1.0,A01
201400058584,0,10,0,0.0,2.0,2.0,15.0,A01
201400058584,0,2,0,0.0,2.0,1.0,1.0,B02
201400058585,0,33,0,0.0,0.0,0.0,1.0,A01
201400058586,0,7,0,0.0,1.0,3.0,1.0,A01
201400058587,0,7,0,4.0,0.0,2.0,1.0,A01
201400058588,0,7,0,0.0,1.0,2.0,1.0,A01
201400058589,0,33,0,0.0,2.0,3.0,2.0,A01
201400058589,0,7,0,0.0,2.0,2.0,2.0,B02
201400058589,0,13,0,0.0,0.0,6.0,2.0,C03
201400058590,0,30,0,0.0,2.0,1.0,11.0,B02
201400058590,0,7,0,0.0,2.0,3.0,1.0,A01
201400058591,0,7,0,0.0,2.0,3.0,1.0,B02
201400058591,0,99,0,0.0,2.0,7.0,1.0,A01
201400058592,0,7,0,0.0,1.0,5.0,4.0,A01
201400058593,0,7,0,0.0,2.0,3.0,1.0,A01
201400058593,0,2,0,0.0,2.0,8.0,19.0,B02
201400058594,0,7,0,0.0,2.0,3.0,13.0,A01
201400058594,0,10,0,0.0,2.0,3.0,1.0,B02
201400058595,0,7,0,13.0,0.0,1.0,13.0,A01
201400058596,0,33,0,0.0,2.0,3.0,13.0,A01
201400058596,0,10,0,0.0,2.0,3.0,0.0,B02
201400058597,0,10,0,0.0,1.0,1.0,1.0,A01
201400058598,0,7,0,0.0,1.0,1.0,1.0,A01
201400058598,0,7,0,0.0,2.0,1.0,1.0,B02
201400058599,0,33,0,0.0,2.0,3.0,1.0,A01
201400058599,0,7,0,0.0,2.0,3.0,1.0,B02
201400058600,0,32,0,0.0,0.0,1.0,19.0,A01
201400058601,2,7,0,0.0,2.0,1.0,17.0,B02
201400058601,0,30,0,0.0,2.0,1.0,1.0,A01
201400058602,0,7,0,0.0,2.0,3.0,17.0,A01
201400058602,0,30,0,0.0,2.0,1.0,1.0,B02
201400058603,0,7,0,0.0,1.0,8.0,1.0,A01
201400058604,0,30,0,4.0,0.0,7.0,1.0,A01
201400058605,0,10,0,0.0,2.0,4.0,2.0,A01
201400058605,0,10,0,0.0,2.0,1.0,2.0,B02
201400058605,0,10,0,0.0,2.0,3.0,1.0,C03
201400058606,0,31,0,0.0,2.0,1.0,1.0,A01
201400058606,0,7,0,0.0,2.0,4.0,1.0,B02
201400058606,0,7,0,0.0,2.0,1.0,1.0,C03
201400058607,0,30,0,0.0,1.0,1.0,1.0,A01
201400058608,0,7,0,0.0,2.0,1.0,1.0,C03
201400058608,0,7,0,0.0,2.0,8.0,1.0,B02
201400058608,0,7,0,0.0,2.0,8.0,1.0,A01
201400058609,0,7,0,0.0,1.0,2.0,17.0,A01
201400058610,0,13,0,0.0,0.0,4.0,15.0,A01
201400058610,0,31,0,0.0,2.0,1.0,2.0,B02
201400058611,0,7,0,0.0,2.0,1.0,2.0,A01
201400058611,0,7,0,0.0,2.0,4.0,2.0,B02
201400058611,0,7,0,0.0,2.0,4.0,2.0,C03
201400058612,0,10,0,0.0,2.0,1.0,1.0,A01
201400058612,0,2,0,0.0,2.0,7.0,15.0,B02
201400058613,0,30,0,0.0,1.0,1.0,19.0,A01
201400058614,0,1,0,0.0,0.0,8.0,0.0,B02
201400058614,0,7,0,0.0,0.0,7.0,1.0,A01
201400058615,0,10,0,0.0,2.0,3.0,15.0,A01
201400058615,0,33,0,0.0,2.0,7.0,21.0,B02
201400058616,0,7,0,0.0,2.0,7.0,19.0,A01
201400058616,0,7,0,0.0,2.0,1.0,1.0,B02
201400058617,0,7,0,0.0,2.0,1.0,17.0,A01
201400058617,0,2,0,0.0,2.0,8.0,15.0,B02
201400058618,0,7,0,0.0,0.0,1.0,21.0,A01
201400058618,0,1,0,0.0,0.0,7.0,19.0,B02
201400058619,0,2,0,0.0,1.0,1.0,2.0,A01
201400058620,0,30,0,0.0,2.0,1.0,14.0,A01
201400058620,0,7,0,0.0,2.0,2.0,15.0,B02
201400058621,0,33,0,0.0,2.0,1.0,2.0,A01
201400058622,0,30,0,0.0,2.0,8.0,5.0,A01
201400058623,0,99,0,0.0,2.0,8.0,1.0,B02
201400058623,0,32,0,0.0,2.0,7.0,1.0,A01
201400058624,0,33,0,16.0,0.0,8.0,1.0,A01
201400058625,0,30,0,0.0,2.0,1.0,17.0,A01
201400058625,0,10,0,0.0,2.0,3.0,1.0,B02
201400058626,0,7,0,0.0,2.0,2.0,19.0,A01
201400058626,0,30,0,0.0,2.0,3.0,1.0,B02
201400058627,0,7,0,0.0,2.0,1.0,1.0,A01
201400058627,0,1,0,0.0,2.0,8.0,15.0,B02
201400058628,0,7,0,0.0,2.0,3.0,15.0,A01
201400058628,0,30,0,0.0,2.0,1.0,0.0,B02
201400058629,0,2,0,0.0,2.0,1.0,1.0,B02
201400058629,0,7,0,0.0,2.0,7.0,15.0,A01
201400058630,0,1,0,0.0,2.0,1.0,1.0,B02
201400058630,0,1,0,0.0,2.0,1.0,1.0,C03
201400058630,0,7,0,0.0,2.0,3.0,13.0,A01
201400058631,0,10,0,6.0,0.0,3.0,0.0,A01
201400058632,0,30,0,0.0,2.0,1.0,1.0,B02
201400058632,0,7,0,0.0,2.0,1.0,15.0,A01
201400058633,0,33,0,0.0,2.0,1.0,17.0,B02
201400058633,0,7,0,0.0,2.0,8.0,15.0,A01
201400058634,0,32,0,0.0,2.0,1.0,1.0,B02
201400058634,0,7,0,0.0,2.0,2.0,15.0,A01
201400058635,0,10,0,0.0,1.0,1.0,1.0,A01
201400058636,0,7,0,14.0,0.0,1.0,1.0,D04
201400058636,0,7,0,0.0,0.0,4.0,23.0,A01
201400058636,0,7,0,0.0,0.0,4.0,23.0,B02
201400058636,0,7,0,14.0,0.0,2.0,1.0,C03
201400058637,0,7,0,0.0,2.0,2.0,19.0,A01
201400058637,0,33,0,0.0,2.0,8.0,1.0,B02
201400058637,0,7,0,0.0,2.0,1.0,23.0,C03
201400058638,0,10,0,0.0,1.0,0.0,1.0,A01
201400058639,0,7,0,0.0,2.0,2.0,15.0,A01
201400058639,0,30,0,0.0,2.0,1.0,1.0,B02
201400058640,0,30,0,0.0,0.0,1.0,1.0,B02
201400058640,0,7,0,0.0,2.0,1.0,1.0,A01
201400058641,0,7,0,0.0,2.0,3.0,1.0,A01
201400058641,0,7,0,0.0,2.0,3.0,1.0,B02
201400058642,0,10,0,0.0,2.0,4.0,20.0,A01
201400058642,0,1,0,0.0,2.0,7.0,24.0,B02
201400058643,0,30,0,0.0,2.0,8.0,1.0,A01
201400058643,0,7,0,0.0,2.0,2.0,17.0,B02
201400058644,0,7,0,0.0,2.0,3.0,1.0,A01
201400058644,0,7,0,0.0,2.0,3.0,1.0,B02
201400058645,0,7,0,0.0,2.0,3.0,1.0,B02
201400058645,0,7,0,0.0,2.0,3.0,11.0,A01
201400058646,0,30,0,0.0,2.0,1.0,1.0,B02
201400058646,0,7,0,0.0,2.0,5.0,15.0,A01
201400058647,0,30,0,0.0,2.0,1.0,5.0,B02
201400058647,0,99,0,0.0,2.0,1.0,1.0,A01
201400058648,0,7,0,0.0,2.0,1.0,15.0,A01
201400058648,0,30,0,0.0,2.0,1.0,1.0,B02
201400058649,0,7,0,0.0,2.0,8.0,15.0,B02
201400058649,0,31,0,0.0,2.0,1.0,1.0,A01
201400058649,0,7,0,0.0,2.0,6.0,15.0,C03
201400058650,0,7,0,0.0,2.0,4.0,2.0,B02
201400058650,0,30,0,0.0,2.0,1.0,2.0,A01
201400058651,0,7,0,0.0,0.0,0.0,1.0,A01
201400058652,0,7,0,0.0,2.0,3.0,1.0,B02
201400058652,0,7,0,0.0,2.0,3.0,13.0,A01
201400058653,0,2,0,0.0,2.0,1.0,1.0,B02
201400058653,0,7,0,0.0,2.0,8.0,1.0,A01
201400058654,0,7,0,13.0,0.0,3.0,1.0,A01
201400058655,0,1,0,0.0,2.0,1.0,5.0,B02
201400058655,0,30,0,0.0,9.0,1.0,1.0,A01
201400058656,0,7,0,0.0,2.0,8.0,1.0,C03
201400058656,0,7,0,0.0,2.0,1.0,13.0,B02
201400058656,0,7,0,0.0,2.0,1.0,1.0,D04
201400058656,0,7,0,0.0,2.0,6.0,20.0,A01
201400058657,0,10,0,0.0,2.0,3.0,1.0,B02
201400058657,0,2,0,0.0,2.0,1.0,0.0,A01
201400058658,0,7,0,8.0,0.0,7.0,1.0,A01
201400058659,0,34,0,11.0,0.0,1.0,1.0,A01
201400058660,0,7,0,0.0,9.0,2.0,0.0,A01
201400058660,0,1,0,0.0,2.0,4.0,1.0,B02
201400058661,0,7,0,0.0,2.0,3.0,1.0,B02
201400058661,0,2,0,0.0,2.0,1.0,19.0,A01
201400058662,0,7,0,0.0,1.0,3.0,1.0,A01
201400058663,0,34,0,0.0,2.0,1.0,1.0,B02
201400058663,0,7,0,0.0,2.0,5.0,15.0,A01
201400058664,0,7,0,0.0,2.0,2.0,0.0,B02
201400058664,0,30,0,0.0,2.0,1.0,14.0,A01
201400058665,0,30,0,0.0,2.0,1.0,2.0,A01
201400058665,0,7,0,0.0,2.0,4.0,15.0,B02
201400058666,0,7,0,0.0,2.0,1.0,15.0,B02
201400058666,0,30,0,0.0,2.0,7.0,1.0,A01
201400058667,0,30,0,0.0,2.0,1.0,1.0,A01
201400058667,0,7,0,0.0,9.0,3.0,19.0,B02
201400058668,0,30,0,0.0,2.0,8.0,15.0,B02
201400058668,0,32,0,0.0,2.0,7.0,17.0,A01
201400058669,0,30,0,6.0,0.0,1.0,2.0,A01
201400058670,0,10,0,0.0,2.0,6.0,24.0,A01
201400058670,0,31,0,1.0,0.0,2.0,14.0,B02
201400058671,0,10,0,0.0,0.0,4.0,23.0,B02
201400058671,0,7,0,14.0,0.0,1.0,21.0,A01
201400058671,0,10,0,0.0,0.0,4.0,23.0,C03
201400058672,0,7,0,0.0,2.0,1.0,0.0,B02
201400058672,0,7,0,0.0,2.0,1.0,1.0,A01
201400058673,0,38,0,0.0,1.0,0.0,1.0,A01
201400058674,0,30,0,0.0,2.0,1.0,13.0,A01
201400058674,0,7,0,0.0,2.0,1.0,1.0,B02
201400058675,0,7,0,0.0,0.0,0.0,16.0,A01
201400058676,0,35,0,0.0,2.0,8.0,13.0,A01
201400058676,0,7,0,0.0,2.0,7.0,17.0,B02
201400058677,0,7,0,0.0,2.0,5.0,15.0,B02
201400058677,0,31,0,0.0,2.0,2.0,1.0,A01
201400058678,0,2,0,3.0,0.0,9.0,1.0,A01
201400058679,0,2,0,0.0,2.0,3.0,13.0,A01
201400058679,0,10,0,0.0,2.0,3.0,1.0,B02
201400058680,0,7,0,0.0,0.0,2.0,14.0,A01
201400058680,0,1,0,0.0,2.0,6.0,1.0,B02
201400058681,0,30,0,0.0,2.0,1.0,1.0,B02
201400058681,0,7,0,0.0,2.0,1.0,1.0,A01
201400058682,0,10,0,0.0,0.0,8.0,15.0,A01
201400058682,0,10,0,0.0,2.0,1.0,1.0,B02
201400058683,0,7,0,0.0,2.0,1.0,1.0,A01
201400058683,0,7,0,0.0,0.0,7.0,19.0,B02
201400058684,0,10,0,0.0,1.0,3.0,1.0,A01
201400058685,0,2,0,0.0,2.0,8.0,13.0,B02
201400058685,0,10,0,0.0,2.0,3.0,1.0,A01
201400058686,0,7,0,7.0,0.0,1.0,1.0,A01
201400058687,0,2,0,0.0,2.0,1.0,1.0,B02
201400058687,0,7,0,0.0,2.0,7.0,15.0,A01
201400058688,0,7,0,0.0,2.0,3.0,5.0,A01
201400058688,0,7,0,0.0,2.0,1.0,21.0,B02
201400058689,0,7,0,0.0,9.0,6.0,1.0,A01
201400058689,0,10,0,0.0,9.0,3.0,15.0,B02
201400058689,0,33,0,0.0,2.0,1.0,21.0,C03
201400058690,0,33,0,13.0,0.0,9.0,14.0,A01
201400058691,0,2,0,0.0,2.0,1.0,3.0,B02
201400058691,0,7,0,0.0,2.0,3.0,3.0,A01
201400058692,0,33,0,0.0,2.0,1.0,17.0,A01
201400058692,0,37,0,0.0,2.0,5.0,1.0,B02
201400058693,0,7,0,0.0,2.0,1.0,1.0,B02
201400058693,0,7,0,0.0,2.0,1.0,9.0,A01
201400058694,0,7,0,0.0,2.0,1.0,1.0,A01
201400058694,0,7,0,0.0,2.0,1.0,1.0,B02
201400058695,0,7,0,0.0,2.0,7.0,1.0,B02
201400058695,0,30,0,0.0,2.0,7.0,5.0,A01
201400058696,0,33,0,0.0,2.0,1.0,1.0,B02
201400058696,0,7,0,0.0,2.0,8.0,19.0,A01
201400058697,0,7,0,0.0,2.0,3.0,1.0,A01
201400058697,2,7,0,0.0,2.0,3.0,1.0,B02
201400058698,0,33,0,16.0,0.0,0.0,0.0,A01
201400058699,0,7,0,8.0,0.0,2.0,1.0,A01
201400058700,0,7,0,2.0,0.0,1.0,14.0,A01
201400058701,0,30,0,0.0,2.0,1.0,1.0,A01
201400058701,0,7,0,0.0,0.0,4.0,2.0,B02
201400058701,0,7,0,0.0,2.0,1.0,1.0,C03
201400058702,0,32,0,0.0,2.0,1.0,5.0,A01
201400058702,0,7,0,0.0,2.0,1.0,1.0,B02
201400058703,0,7,0,0.0,2.0,1.0,13.0,A01
201400058703,0,7,0,0.0,2.0,1.0,1.0,B02
201400058704,0,7,0,0.0,2.0,3.0,15.0,A01
201400058704,0,33,0,6.0,2.0,1.0,3.0,B02
201400058705,0,10,0,1.0,1.0,0.0,1.0,A01
201400058706,0,7,0,0.0,2.0,1.0,1.0,B02
201400058706,0,31,0,0.0,2.0,1.0,17.0,A01
201400058707,0,7,0,0.0,2.0,2.0,1.0,A01
201400058707,0,34,0,0.0,2.0,0.0,1.0,B02
201400058708,0,7,0,0.0,2.0,1.0,1.0,B02
201400058708,0,7,0,0.0,2.0,7.0,19.0,A01
201400058709,0,7,0,0.0,2.0,1.0,1.0,B02
201400058709,0,32,0,0.0,2.0,1.0,5.0,A01
201400058710,0,7,0,0.0,2.0,3.0,13.0,A01
201400058710,0,7,0,0.0,2.0,3.0,1.0,B02
201400058711,0,7,0,6.0,2.0,7.0,1.0,A01
201400058711,0,7,0,0.0,2.0,1.0,1.0,B02
201400058712,0,7,0,0.0,1.0,2.0,1.0,A01
201400058713,0,7,0,13.0,0.0,3.0,1.0,A01
201400058714,0,30,0,0.0,1.0,1.0,1.0,A01
201400058715,0,7,0,0.0,2.0,1.0,1.0,B02
201400058715,0,1,0,11.0,2.0,7.0,6.0,A01
201400058716,0,7,0,0.0,0.0,3.0,13.0,A01
201400058716,0,7,0,0.0,0.0,3.0,1.0,B02
201400058717,0,10,0,0.0,2.0,1.0,1.0,B02
201400058717,0,10,0,0.0,2.0,1.0,13.0,A01
201400058718,0,34,0,0.0,2.0,1.0,17.0,A01
201400058718,0,7,0,0.0,2.0,7.0,1.0,B02
201400058718,0,7,0,0.0,2.0,3.0,1.0,C03
201400058719,0,10,0,0.0,1.0,2.0,1.0,A01
201400058720,0,31,0,15.0,0.0,8.0,1.0,A01
201400058721,0,7,0,0.0,2.0,2.0,15.0,A01
201400058721,0,2,0,0.0,2.0,1.0,1.0,B02
201400058722,0,7,0,0.0,0.0,9.0,21.0,A01
201400058723,0,7,0,0.0,2.0,3.0,5.0,A01
201400058723,0,7,0,0.0,2.0,3.0,1.0,B02
201400058724,0,7,0,0.0,0.0,1.0,0.0,A01
201400058725,0,10,0,0.0,2.0,3.0,13.0,A01
201400058725,0,7,0,0.0,2.0,3.0,1.0,B02
201400058726,0,7,0,13.0,0.0,8.0,1.0,A01
201400058727,0,7,0,0.0,2.0,1.0,0.0,B02
201400058727,0,10,0,0.0,2.0,7.0,13.0,A01
201400058728,0,7,0,4.0,0.0,1.0,1.0,B02
201400058728,0,7,0,4.0,0.0,1.0,1.0,A01
201400058729,0,30,0,0.0,2.0,1.0,13.0,A01
201400058729,0,7,0,0.0,9.0,3.0,1.0,B02
201400058730,0,7,0,2.0,0.0,7.0,1.0,A01
201400058731,0,7,0,0.0,2.0,1.0,1.0,A01
201400058731,0,30,0,0.0,2.0,0.0,19.0,B02
201400058732,0,14,0,0.0,2.0,3.0,1.0,B02
201400058732,0,14,0,0.0,1.0,2.0,1.0,A01
201400058733,0,10,0,6.0,1.0,1.0,1.0,A01
201400058734,0,7,0,0.0,2.0,8.0,19.0,A01
201400058734,0,33,0,0.0,2.0,1.0,1.0,B02
201400058735,0,7,0,0.0,1.0,2.0,1.0,A01
201400058736,0,7,0,0.0,2.0,1.0,1.0,A01
201400058736,0,31,0,0.0,2.0,7.0,1.0,B02
201400058737,0,32,0,0.0,2.0,1.0,13.0,A01
201400058737,0,7,0,0.0,2.0,3.0,1.0,B02
201400058738,0,7,0,0.0,2.0,5.0,1.0,A01
201400058738,0,31,0,0.0,2.0,1.0,2.0,B02
201400058739,0,7,0,16.0,0.0,9.0,1.0,A01
201400058740,0,7,0,0.0,2.0,1.0,2.0,A01
201400058740,1,7,0,0.0,0.0,4.0,2.0,Z01
201400058740,0,7,0,0.0,2.0,4.0,2.0,B01
201400058741,0,10,0,0.0,1.0,3.0,1.0,A01
201400058742,0,7,0,1.0,1.0,1.0,1.0,A01
201400058743,0,7,0,15.0,0.0,1.0,2.0,A01
201400058744,0,32,0,0.0,2.0,1.0,11.0,A01
201400058744,0,7,0,0.0,2.0,8.0,15.0,B01
201400058745,0,7,0,0.0,2.0,1.0,9.0,A01
201400058745,0,30,0,0.0,2.0,1.0,2.0,B01
201400058746,0,7,0,0.0,2.0,4.0,2.0,B01
201400058746,0,7,0,0.0,2.0,8.0,0.0,C01
201400058746,0,7,0,0.0,2.0,1.0,2.0,A01
201400058747,0,33,0,0.0,2.0,1.0,9.0,A01
201400058747,0,10,0,0.0,2.0,7.0,15.0,B01
201400058748,0,7,0,0.0,2.0,3.0,1.0,B01
201400058748,0,7,0,0.0,2.0,3.0,13.0,A01
201400058749,0,33,0,0.0,2.0,1.0,2.0,A01
201400058749,0,7,0,0.0,2.0,1.0,0.0,B01