Num_Acc,senc,catv,occutc,obs,obsm,choc,manv,num_veh
201400058750,0,7,0,0.0,1.0,1.0,1.0,A01
201400058751,0,7,0,0.0,1.0,1.0,1.0,A01
201400058752,0,7,0,0.0,1.0,4.0,4.0,A01
201400058753,0,7,0,0.0,1.0,1.0,1.0,A01
201400058754,0,7,0,1.0,1.0,3.0,2.0,A01
201400058754,0,7,0,0.0,2.0,8.0,23.0,B01
201400058755,0,7,0,0.0,1.0,2.0,1.0,A01
201400058756,0,7,0,0.0,2.0,2.0,6.0,A01
201400058756,0,7,0,0.0,2.0,2.0,1.0,B01
201400058757,0,7,0,3.0,9.0,1.0,0.0,A01
201400058757,0,30,0,0.0,2.0,1.0,2.0,B01
201400058758,0,31,0,0.0,2.0,1.0,1.0,B01
201400058758,0,7,0,0.0,9.0,2.0,15.0,A01
201400058759,0,7,0,3.0,0.0,1.0,2.0,A01
201400058760,0,33,0,12.0,0.0,1.0,6.0,A01
201400058761,0,7,0,0.0,2.0,1.0,5.0,A01
201400058761,0,7,0,0.0,2.0,1.0,5.0,B01
201400058762,0,2,0,0.0,2.0,2.0,0.0,A01
201400058762,0,7,0,0.0,2.0,2.0,2.0,B01
201400058763,0,7,0,0.0,1.0,1.0,1.0,A01
201400058764,0,7,0,0.0,0.0,3.0,1.0,C01
201400058764,0,7,0,3.0,2.0,1.0,1.0,A01
201400058764,0,7,0,0.0,2.0,9.0,1.0,B01
201400058765,0,7,0,0.0,1.0,1.0,0.0,A01
201400058766,0,7,0,0.0,2.0,4.0,2.0,B01
201400058766,0,7,0,0.0,2.0,1.0,2.0,A01
201400058767,0,7,0,0.0,2.0,3.0,2.0,B01
201400058767,0,30,0,0.0,2.0,3.0,2.0,A01
201400058768,0,30,0,0.0,2.0,6.0,2.0,A01
201400058768,0,7,0,6.0,0.0,0.0,2.0,B01
201400058769,0,7,0,0.0,2.0,6.0,9.0,A01
201400058769,1,99,0,0.0,2.0,1.0,21.0,B01
201400058770,0,7,0,0.0,2.0,3.0,11.0,A01
201400058770,0,33,0,0.0,2.0,1.0,2.0,B01
201400058771,0,7,0,0.0,2.0,1.0,1.0,B01
201400058771,0,7,0,0.0,2.0,2.0,15.0,A01
201400058772,0,7,0,0.0,0.0,1.0,2.0,A01
201400058772,0,7,0,0.0,0.0,5.0,13.0,B01
201400058773,0,7,0,0.0,2.0,2.0,2.0,B01
201400058773,0,33,0,1.0,2.0,3.0,14.0,A01
201400058774,0,7,0,0.0,1.0,3.0,15.0,A01
201400058775,1,99,0,0.0,1.0,0.0,0.0,Z01
201400058776,1,99,0,0.0,2.0,1.0,1.0,B01
201400058776,0,7,0,0.0,2.0,3.0,15.0,A01
201400058777,0,7,0,4.0,1.0,2.0,1.0,A01
201400058778,0,7,0,0.0,2.0,4.0,1.0,A01
201400058778,0,7,0,0.0,2.0,2.0,9.0,B01
201400058779,0,32,0,0.0,2.0,4.0,2.0,A01
201400058779,0,7,0,0.0,2.0,4.0,15.0,B01
201400058780,0,7,0,0.0,2.0,1.0,1.0,B01
201400058780,0,7,0,0.0,2.0,7.0,15.0,A01
201400058781,0,7,0,0.0,2.0,3.0,1.0,B01
201400058781,0,7,0,0.0,2.0,3.0,15.0,A01
201400058782,0,7,0,0.0,2.0,1.0,2.0,B01
201400058782,0,7,0,0.0,0.0,3.0,1.0,A01
201400058782,0,7,0,0.0,2.0,1.0,1.0,C01
201400058783,0,30,0,0.0,2.0,1.0,1.0,B01
201400058783,0,30,0,0.0,2.0,1.0,1.0,A01
201400058784,0,7,0,12.0,0.0,0.0,0.0,A01
201400058785,0,7,0,4.0,2.0,9.0,1.0,A01
201400058785,0,7,0,0.0,2.0,8.0,1.0,B01
201400058786,0,7,0,0.0,2.0,7.0,15.0,A01
201400058786,0,31,0,0.0,2.0,1.0,1.0,B01
201400058787,0,7,0,0.0,2.0,8.0,2.0,B01
201400058787,0,32,0,0.0,2.0,1.0,2.0,A01
201400058788,0,31,0,0.0,2.0,0.0,1.0,B01
201400058788,0,7,0,0.0,0.0,0.0,1.0,A01
201400058789,0,99,0,0.0,1.0,1.0,1.0,A01
201400058790,0,7,0,0.0,1.0,3.0,1.0,A01
201400058791,0,7,0,0.0,9.0,5.0,1.0,B01
201400058791,0,1,0,0.0,2.0,0.0,16.0,A01
201400058792,0,32,0,0.0,0.0,3.0,1.0,A01
201400058792,0,99,0,0.0,2.0,1.0,11.0,B01
201400058793,0,33,0,2.0,0.0,0.0,0.0,A01
201400058794,0,7,0,0.0,1.0,2.0,1.0,A01
201400058795,0,7,0,0.0,2.0,2.0,2.0,B01
201400058795,0,33,0,0.0,2.0,3.0,18.0,A01
201400058796,0,7,0,0.0,2.0,7.0,1.0,A01
201400058796,0,7,0,0.0,2.0,1.0,1.0,B01
201400058797,0,2,0,0.0,2.0,7.0,0.0,B01
201400058797,0,7,0,0.0,2.0,3.0,0.0,A01
201400058798,0,33,0,0.0,2.0,1.0,5.0,B01
201400058798,0,7,0,0.0,2.0,8.0,15.0,A01
201400058799,0,30,0,0.0,2.0,3.0,1.0,B01
201400058799,0,7,0,0.0,2.0,3.0,15.0,A01
201400058800,0,7,0,0.0,2.0,3.0,15.0,A01
201400058800,1,99,0,0.0,2.0,1.0,1.0,B01
201400058801,0,31,0,0.0,2.0,3.0,13.0,A01
201400058801,0,10,0,0.0,2.0,3.0,1.0,B01
201400058802,0,7,0,0.0,2.0,6.0,2.0,A01
201400058802,0,1,0,0.0,2.0,1.0,2.0,B01
201400058803,0,7,0,0.0,2.0,4.0,2.0,B01
201400058803,0,33,0,0.0,2.0,1.0,0.0,A01
201400058804,0,7,0,0.0,2.0,3.0,1.0,B01
201400058804,0,7,0,0.0,2.0,1.0,0.0,A01
201400058805,0,7,0,0.0,2.0,8.0,10.0,A01
201400058805,0,30,0,0.0,2.0,1.0,1.0,B01
201400058806,0,7,0,0.0,2.0,2.0,1.0,C01
201400058806,0,7,0,0.0,2.0,3.0,1.0,B01
201400058806,0,7,0,0.0,2.0,3.0,1.0,A01
201400058807,0,7,0,0.0,2.0,1.0,1.0,B01
201400058807,1,30,0,0.0,2.0,0.0,0.0,A01
201400058808,0,1,0,0.0,2.0,1.0,19.0,B01
201400058808,0,30,0,0.0,2.0,0.0,0.0,A01
201400058809,0,7,0,0.0,2.0,7.0,2.0,A01
201400058809,0,1,0,0.0,2.0,8.0,2.0,B01
201400058810,0,2,0,0.0,1.0,1.0,3.0,A01
201400058811,0,30,0,0.0,2.0,1.0,2.0,A01
201400058811,0,7,0,0.0,2.0,8.0,2.0,B01
201400058812,0,7,0,0.0,2.0,1.0,5.0,A01
201400058812,0,7,0,0.0,2.0,1.0,1.0,B01
201400058813,0,30,0,0.0,2.0,0.0,1.0,B01
201400058813,0,7,0,0.0,0.0,0.0,1.0,A01
201400058814,0,33,0,0.0,1.0,1.0,1.0,A01
201400058815,0,7,0,0.0,2.0,1.0,0.0,A01
201400058815,0,7,0,0.0,2.0,3.0,1.0,B01
201400058816,0,7,0,0.0,2.0,7.0,15.0,A01
201400058816,0,30,0,0.0,2.0,1.0,1.0,B01
201400058817,0,30,0,0.0,2.0,0.0,16.0,A01
201400058817,0,7,0,0.0,9.0,5.0,1.0,B01
201400058818,0,7,0,1.0,1.0,2.0,1.0,B01
201400058819,0,7,0,0.0,2.0,1.0,1.0,B01
201400058819,0,30,0,0.0,2.0,1.0,0.0,A01
201400058820,0,7,0,0.0,2.0,4.0,2.0,B01
201400058820,0,33,0,0.0,2.0,1.0,2.0,A01
201400058821,0,7,0,0.0,0.0,1.0,0.0,B01
201400058821,0,7,0,0.0,0.0,1.0,0.0,A01
201400058822,0,7,0,6.0,0.0,1.0,0.0,A01
201400058823,0,30,0,0.0,2.0,0.0,3.0,B01
201400058823,1,7,0,0.0,2.0,0.0,0.0,Z01
201400058824,0,30,0,0.0,2.0,1.0,17.0,B01
201400058824,0,7,0,0.0,2.0,3.0,15.0,A01
201400058825,0,7,0,0.0,2.0,3.0,1.0,B01
201400058825,0,7,0,0.0,2.0,2.0,13.0,A01
201400058826,0,10,0,0.0,2.0,2.0,0.0,B01
201400058826,1,30,0,0.0,2.0,0.0,0.0,A01
201400058827,0,14,0,3.0,2.0,2.0,0.0,A01
201400058827,0,7,0,0.0,2.0,1.0,1.0,B01
201400058828,0,7,0,1.0,0.0,2.0,14.0,A01
201400058829,0,7,0,0.0,2.0,1.0,15.0,A01
201400058829,0,33,0,0.0,2.0,1.0,1.0,B01
201400058830,0,7,0,0.0,2.0,6.0,1.0,D01
201400058830,0,7,0,0.0,2.0,2.0,18.0,B01
201400058830,0,7,0,4.0,2.0,1.0,14.0,A01
201400058830,0,7,0,0.0,2.0,1.0,1.0,C01
201400058831,0,7,0,0.0,2.0,1.0,0.0,B01
201400058831,0,7,0,0.0,2.0,1.0,0.0,A01
201400058832,1,31,0,0.0,0.0,0.0,0.0,A01
201400058833,0,33,0,0.0,2.0,1.0,6.0,A01
201400058833,0,7,0,0.0,2.0,3.0,15.0,B01
201400058834,0,1,0,0.0,2.0,1.0,16.0,A01
201400058834,0,7,0,0.0,2.0,3.0,1.0,B01
201400058835,0,7,0,0.0,2.0,7.0,1.0,B01
201400058835,0,30,0,0.0,2.0,1.0,5.0,A01
201400058836,1,7,0,0.0,1.0,0.0,0.0,Z01
201400058837,2,7,0,0.0,2.0,3.0,17.0,A01
201400058837,0,7,0,0.0,2.0,3.0,0.0,B01
201400058837,0,7,0,0.0,2.0,8.0,2.0,C01
201400058838,0,7,0,0.0,2.0,1.0,1.0,B01
201400058838,0,7,0,0.0,2.0,1.0,13.0,A01
201400058839,0,7,0,4.0,0.0,0.0,1.0,A01
201400058840,0,1,0,0.0,2.0,0.0,0.0,B01
201400058840,0,7,0,0.0,2.0,0.0,0.0,A01
201400058841,0,1,0,0.0,2.0,1.0,0.0,A01
201400058841,0,7,0,0.0,2.0,1.0,0.0,B01
201400058842,0,30,0,0.0,2.0,1.0,2.0,A01
201400058842,0,7,0,0.0,2.0,3.0,2.0,B01
201400058843,0,33,0,0.0,2.0,1.0,13.0,A01
201400058843,0,7,0,0.0,2.0,1.0,1.0,B01
201400058844,1,7,0,0.0,2.0,1.0,0.0,Z01
201400058844,0,1,0,0.0,2.0,4.0,0.0,B01
201400058845,0,30,0,0.0,0.0,0.0,0.0,A01
201400058846,0,7,0,0.0,2.0,1.0,1.0,C01
201400058846,0,7,0,0.0,2.0,1.0,13.0,A01
201400058846,0,33,0,0.0,2.0,1.0,0.0,B01
201400058847,0,30,0,0.0,2.0,3.0,0.0,A01
201400058847,0,7,0,0.0,2.0,3.0,0.0,B01
201400058848,0,7,0,0.0,2.0,3.0,15.0,A01
201400058848,0,33,0,0.0,0.0,0.0,17.0,B01
201400058849,0,32,0,0.0,2.0,2.0,1.0,A01
201400058849,1,7,0,0.0,2.0,0.0,15.0,Z01
201400058850,1,99,0,0.0,2.0,0.0,0.0,Z01
201400058850,0,33,0,6.0,2.0,4.0,1.0,A01
201400058851,0,7,0,0.0,1.0,2.0,15.0,A01
201400058852,0,7,0,0.0,2.0,0.0,0.0,A01
201400058852,0,7,0,0.0,2.0,1.0,2.0,B01
201400058853,0,7,0,0.0,2.0,6.0,2.0,B01
201400058853,0,33,0,0.0,2.0,1.0,2.0,A01
201400058854,0,34,0,0.0,2.0,1.0,15.0,A01
201400058854,0,7,0,0.0,2.0,3.0,1.0,B01
201400058855,0,7,0,0.0,1.0,2.0,1.0,A01
201400058856,0,38,1,0.0,2.0,1.0,0.0,A01
201400058856,0,10,0,0.0,2.0,8.0,0.0,B01
201400058857,0,7,0,0.0,2.0,1.0,13.0,A01
201400058857,0,7,0,0.0,2.0,1.0,1.0,B01
201400058858,0,7,0,0.0,2.0,1.0,1.0,B01
201400058858,0,7,0,0.0,2.0,8.0,15.0,A01
201400058859,0,7,0,0.0,2.0,3.0,2.0,A01
201400058859,0,7,0,0.0,2.0,6.0,2.0,B01
201400058859,0,7,0,0.0,2.0,4.0,2.0,C01
201400058860,0,99,0,0.0,2.0,5.0,2.0,B01
201400058860,0,7,0,5.0,2.0,1.0,2.0,A01
201400058861,0,7,0,0.0,2.0,7.0,12.0,A01
201400058861,0,33,0,0.0,2.0,8.0,1.0,B01
201400058862,0,7,0,4.0,2.0,3.0,1.0,A01
201400058862,0,7,0,4.0,2.0,3.0,1.0,C01
201400058862,0,7,0,4.0,2.0,3.0,1.0,B01
201400058863,0,7,0,0.0,2.0,1.0,13.0,A01
201400058863,0,7,0,0.0,2.0,1.0,1.0,B01
201400058864,0,33,0,0.0,2.0,1.0,1.0,A01
201400058864,0,7,0,0.0,2.0,3.0,15.0,B01
201400058865,0,7,0,0.0,1.0,1.0,1.0,A01
201400058866,0,7,0,0.0,1.0,1.0,1.0,A01
201400058867,0,7,0,0.0,2.0,3.0,0.0,B01
201400058867,1,7,0,0.0,2.0,0.0,0.0,A01
201400058868,0,38,12,0.0,2.0,3.0,13.0,B01
201400058868,0,7,0,0.0,2.0,6.0,15.0,A01
201400058869,0,7,0,0.0,2.0,3.0,2.0,A01
201400058869,0,33,0,0.0,2.0,1.0,11.0,B01
201400058870,0,7,0,0.0,2.0,6.0,13.0,A01
201400058870,0,7,0,0.0,2.0,6.0,1.0,B01
201400058871,0,34,0,0.0,2.0,3.0,0.0,A01
201400058871,0,7,0,0.0,2.0,3.0,0.0,B01
201400058872,0,7,0,0.0,2.0,1.0,6.0,A01
201400058872,0,10,0,0.0,0.0,3.0,1.0,B01
201400058872,0,7,0,0.0,2.0,3.0,1.0,C01
201400058873,0,32,0,0.0,2.0,1.0,1.0,B01
201400058873,0,7,0,0.0,2.0,4.0,4.0,A01
201400058874,0,30,0,12.0,0.0,0.0,0.0,A01
201400058875,0,36,0,15.0,0.0,1.0,0.0,A01
201400058876,0,7,0,0.0,1.0,1.0,1.0,A01
201400058877,0,33,0,0.0,2.0,1.0,1.0,A01
201400058877,0,7,0,0.0,2.0,5.0,15.0,B01
201400058878,0,10,0,0.0,2.0,4.0,1.0,B01
201400058878,0,7,0,0.0,2.0,1.0,1.0,A01
201400058879,0,7,0,0.0,2.0,1.0,1.0,A01
201400058879,0,7,0,0.0,2.0,4.0,1.0,B01
201400058880,0,30,0,0.0,2.0,1.0,17.0,B01
201400058880,0,7,0,6.0,2.0,2.0,21.0,F02
201400058880,0,30,0,0.0,2.0,1.0,17.0,A01
201400058880,0,7,0,0.0,2.0,8.0,1.0,D01
201400058880,0,7,0,0.0,2.0,3.0,1.0,E01
201400058880,0,31,0,0.0,2.0,1.0,1.0,C01
201400058881,0,33,0,0.0,0.0,0.0,0.0,A01
201400058882,0,7,0,8.0,1.0,8.0,1.0,A01
201400058883,0,7,0,0.0,1.0,1.0,15.0,A01
201400058884,0,30,0,0.0,1.0,1.0,12.0,A01
201400058885,0,30,0,0.0,1.0,0.0,1.0,A01
201400058886,1,33,0,0.0,2.0,0.0,0.0,B01
201400058886,0,33,0,0.0,2.0,0.0,0.0,A01
201400058887,0,7,0,0.0,1.0,8.0,1.0,A01
201400058888,0,7,0,0.0,1.0,2.0,1.0,A01
201400058889,0,7,0,4.0,2.0,9.0,11.0,A01
201400058890,0,34,0,0.0,2.0,2.0,11.0,A01
201400058890,0,7,0,0.0,2.0,7.0,0.0,B01
201400058891,0,7,0,0.0,2.0,3.0,1.0,B01
201400058891,1,32,0,1.0,2.0,1.0,13.0,A01
201400058892,0,30,0,0.0,2.0,1.0,1.0,A01
201400058892,0,7,0,0.0,2.0,8.0,15.0,B01
201400058893,0,7,0,0.0,2.0,2.0,21.0,B01
201400058893,0,34,0,0.0,2.0,1.0,0.0,A01
201400058894,0,10,0,0.0,2.0,1.0,15.0,A01
201400058894,0,7,0,0.0,2.0,3.0,1.0,B01
201400058895,0,34,0,0.0,1.0,1.0,3.0,A01
201400058896,0,7,0,4.0,0.0,1.0,9.0,A01
201400058897,0,7,0,0.0,2.0,1.0,0.0,C01
201400058897,0,7,0,0.0,2.0,1.0,15.0,A01
201400058897,0,1,0,0.0,2.0,7.0,0.0,B01
201400058898,1,32,0,0.0,2.0,0.0,1.0,B01
201400058898,0,7,0,0.0,2.0,2.0,15.0,A01
201400058899,0,7,0,0.0,1.0,1.0,0.0,A01
201400058900,0,7,0,0.0,1.0,3.0,15.0,A01
201400058901,0,10,0,0.0,0.0,3.0,13.0,A01
201400058901,0,7,0,0.0,0.0,3.0,1.0,B01
201400058902,0,1,0,0.0,0.0,8.0,1.0,B01
201400058902,0,7,0,0.0,2.0,1.0,15.0,A01
201400058903,0,7,0,0.0,2.0,1.0,5.0,A01
201400058903,0,7,0,0.0,2.0,1.0,1.0,B01
201400058904,0,33,0,0.0,2.0,8.0,0.0,A01
201400058904,0,7,0,0.0,2.0,1.0,0.0,B01
201400058905,0,7,0,8.0,0.0,3.0,0.0,A01
201400058906,0,31,0,16.0,0.0,2.0,14.0,A01
201400058907,0,7,0,0.0,2.0,7.0,4.0,A01
201400058907,0,1,0,0.0,2.0,1.0,1.0,B01
201400058908,0,7,0,0.0,1.0,1.0,1.0,A01
201400058909,0,7,0,0.0,1.0,1.0,1.0,A01
201400058910,0,30,0,0.0,2.0,8.0,1.0,B01
201400058910,1,7,0,0.0,2.0,2.0,15.0,Z01
201400058911,0,30,0,0.0,1.0,1.0,1.0,A01
201400058912,0,31,0,4.0,0.0,3.0,13.0,A01
201400058913,0,2,0,0.0,2.0,7.0,1.0,B01
201400058913,1,33,0,0.0,2.0,1.0,9.0,Z01
201400058914,1,7,0,0.0,2.0,1.0,19.0,Z01
201400058914,0,7,0,0.0,2.0,5.0,1.0,B01
201400058915,0,31,0,0.0,2.0,1.0,17.0,A01
201400058915,0,7,0,0.0,2.0,2.0,15.0,B01
201400058916,0,2,0,0.0,2.0,1.0,10.0,A01
201400058916,0,7,0,0.0,2.0,7.0,1.0,B01
201400058917,0,33,0,16.0,0.0,2.0,14.0,A01
201400058918,0,2,0,0.0,2.0,1.0,13.0,A01
201400058918,0,7,0,0.0,2.0,3.0,1.0,B01
201400058919,0,33,0,0.0,2.0,1.0,1.0,B01
201400058919,0,30,0,0.0,2.0,8.0,19.0,A01
201400058920,1,30,0,0.0,1.0,1.0,1.0,Z01
201400058921,0,7,0,0.0,2.0,0.0,0.0,A01
201400058921,0,30,0,0.0,2.0,1.0,0.0,B01
201400058922,0,2,0,0.0,2.0,8.0,1.0,B01
201400058922,0,7,0,0.0,2.0,2.0,9.0,A01
201400058923,0,7,0,0.0,2.0,2.0,14.0,A01
201400058923,0,7,0,0.0,2.0,8.0,1.0,B01
201400058923,0,7,0,0.0,2.0,8.0,1.0,C01
201400058924,0,7,0,0.0,2.0,1.0,1.0,B01
201400058924,0,7,0,0.0,2.0,1.0,9.0,A01
201400058925,0,30,0,0.0,2.0,1.0,19.0,A01
201400058925,0,7,0,0.0,2.0,3.0,1.0,B01
201400058926,0,33,0,0.0,2.0,9.0,1.0,B01
201400058926,0,7,0,0.0,2.0,4.0,4.0,A01
201400058927,0,31,0,0.0,2.0,1.0,2.0,A01
201400058927,0,7,0,0.0,2.0,4.0,1.0,B01
201400058928,0,7,0,0.0,1.0,1.0,1.0,A01
201400058929,0,7,0,0.0,1.0,1.0,1.0,A01
201400058930,0,7,0,8.0,0.0,1.0,14.0,A01
201400058931,0,7,0,0.0,2.0,4.0,4.0,A01
201400058931,0,1,0,0.0,2.0,1.0,23.0,B01
201400058932,0,7,0,4.0,0.0,3.0,13.0,A01
201400058933,0,31,0,0.0,2.0,1.0,17.0,A01
201400058933,0,7,0,0.0,2.0,8.0,15.0,B01
201400058933,0,7,0,0.0,2.0,4.0,24.0,C01
201400058934,0,7,0,0.0,2.0,1.0,1.0,B01
201400058934,0,7,0,0.0,2.0,1.0,13.0,A01
201400058935,0,7,0,0.0,1.0,1.0,1.0,A01
201400058936,2,7,0,0.0,1.0,1.0,1.0,Z01
201400058937,0,33,0,6.0,0.0,1.0,13.0,A01
201400058938,0,33,0,0.0,2.0,1.0,1.0,B01
201400058938,0,33,0,0.0,2.0,1.0,13.0,Z01
201400058939,0,31,0,0.0,2.0,8.0,1.0,B01
201400058939,0,7,0,0.0,2.0,5.0,17.0,A01
201400058940,0,2,0,0.0,2.0,1.0,13.0,A01
201400058941,0,32,0,0.0,1.0,1.0,10.0,A01
201400058942,0,7,0,0.0,1.0,1.0,15.0,A01
201400058943,0,1,0,0.0,2.0,1.0,5.0,A01
201400058943,0,7,0,0.0,2.0,1.0,1.0,B01
201400058944,0,7,0,0.0,2.0,3.0,1.0,B01
201400058944,0,7,0,0.0,2.0,3.0,13.0,A01
201400058945,1,30,0,0.0,1.0,1.0,1.0,Z01
201400058946,0,7,0,0.0,1.0,2.0,14.0,A01
201400058947,0,37,1,0.0,1.0,4.0,4.0,A01
201400058948,0,33,0,16.0,0.0,2.0,14.0,A01
201400058949,0,33,0,0.0,2.0,7.0,1.0,B01
201400058949,0,7,0,0.0,2.0,2.0,16.0,A01
201400058950,0,31,0,12.0,0.0,3.0,13.0,Z01
201400058951,0,7,0,0.0,1.0,1.0,15.0,A01
201400058952,0,33,0,12.0,0.0,2.0,14.0,A01
201400058953,0,30,0,0.0,2.0,7.0,17.0,A01
201400058953,0,7,0,0.0,2.0,8.0,15.0,B01
201400058954,2,7,0,0.0,1.0,1.0,1.0,Z01
201400058955,0,7,0,0.0,2.0,2.0,16.0,B01
201400058955,0,30,0,0.0,2.0,3.0,7.0,Z01
201400058956,0,7,0,0.0,2.0,3.0,1.0,A01
201400058956,0,33,0,0.0,2.0,1.0,13.0,Z01
201400058957,0,7,0,0.0,1.0,1.0,1.0,A01
201400058958,0,7,0,0.0,2.0,1.0,2.0,A01
201400058958,0,7,0,0.0,2.0,4.0,24.0,B01
201400058959,0,7,0,0.0,1.0,1.0,1.0,A01
201400058960,0,33,0,0.0,1.0,1.0,0.0,A01
201400058961,0,31,0,0.0,1.0,1.0,0.0,A01
201400058962,0,30,0,0.0,2.0,1.0,13.0,A01
201400058962,0,7,0,0.0,2.0,1.0,1.0,B01
201400058963,0,33,0,0.0,2.0,1.0,9.0,A01
201400058963,0,7,0,0.0,2.0,8.0,1.0,B01
201400058964,0,30,0,16.0,0.0,2.0,14.0,A01
201400058965,0,7,0,4.0,0.0,3.0,13.0,A01
201400058966,0,7,0,0.0,1.0,1.0,15.0,A01
201400058967,1,2,0,0.0,1.0,1.0,1.0,Z01
201400058968,0,7,0,0.0,2.0,2.0,1.0,B01
201400058968,0,7,0,0.0,2.0,9.0,17.0,A01
201400058969,0,7,0,0.0,2.0,8.0,22.0,A01
201400058969,0,33,0,1.0,0.0,1.0,1.0,Z01
201400058970,0,30,0,0.0,2.0,1.0,13.0,B01
201400058970,0,7,0,0.0,2.0,1.0,1.0,A01
201400058971,0,7,0,0.0,1.0,1.0,1.0,B01
201400058971,0,7,0,0.0,2.0,1.0,1.0,A01
201400058972,0,7,0,0.0,2.0,5.0,10.0,A01
201400058972,0,31,0,0.0,2.0,1.0,1.0,B01
201400058973,0,2,0,16.0,0.0,7.0,1.0,A01
201400058974,0,37,1,0.0,2.0,2.0,1.0,B01
201400058974,0,7,0,0.0,2.0,3.0,9.0,A01
201400058975,0,30,0,14.0,0.0,1.0,0.0,A01
201400058976,0,7,0,0.0,2.0,1.0,17.0,B01
201400058976,0,7,0,0.0,2.0,4.0,10.0,A01
201400058977,0,7,0,0.0,2.0,1.0,15.0,A01
201400058977,0,31,0,0.0,2.0,1.0,1.0,B01
201400058978,0,30,0,0.0,2.0,1.0,17.0,A01
201400058978,0,7,0,0.0,2.0,8.0,1.0,B01
201400058979,0,7,0,0.0,1.0,7.0,1.0,A01
201400058980,1,2,0,0.0,1.0,1.0,1.0,Z01
201400058981,0,7,0,0.0,0.0,4.0,15.0,B01
201400058981,2,33,0,0.0,2.0,1.0,17.0,Z01
201400058982,0,7,0,4.0,0.0,1.0,13.0,A01
201400058983,0,7,0,0.0,2.0,4.0,23.0,C01
201400058983,0,7,0,0.0,2.0,4.0,2.0,B01
201400058983,0,7,0,0.0,2.0,1.0,2.0,A01
201400058984,0,7,0,0.0,1.0,7.0,1.0,A01
201400058985,0,7,0,0.0,1.0,2.0,14.0,A01
201400058986,0,1,0,0.0,2.0,1.0,2.0,A01
201400058986,0,7,0,0.0,2.0,4.0,1.0,B01
201400058987,2,7,0,0.0,2.0,1.0,2.0,Z01
201400058987,0,7,0,0.0,2.0,6.0,1.0,B01
201400058987,0,33,0,0.0,2.0,7.0,21.0,C01
201400058988,0,7,0,0.0,1.0,1.0,1.0,A01
201400058989,0,33,0,0.0,2.0,1.0,9.0,A01
201400058989,0,7,0,0.0,2.0,8.0,1.0,B01
201400058990,0,31,0,0.0,5.0,1.0,14.0,A01
201400058991,0,7,0,0.0,2.0,3.0,1.0,B01
201400058991,0,7,0,0.0,2.0,3.0,13.0,A01
201400058992,0,7,0,0.0,2.0,1.0,1.0,B01
201400058992,0,7,0,0.0,2.0,3.0,1.0,C01
201400058992,2,7,0,0.0,2.0,1.0,9.0,Z01
201400058993,1,7,0,0.0,1.0,2.0,1.0,Z01
201400058994,0,13,0,0.0,2.0,6.0,24.0,B01
201400058994,0,2,0,1.0,0.0,1.0,14.0,A01
201400058995,0,31,0,0.0,2.0,1.0,1.0,B01
201400058995,0,7,0,0.0,2.0,3.0,15.0,A01
201400058996,0,37,1,0.0,1.0,2.0,1.0,A01
201400058997,0,7,0,0.0,1.0,4.0,4.0,A01
201400058998,0,7,0,0.0,1.0,1.0,1.0,A01
201400058999,0,7,0,0.0,2.0,3.0,13.0,A01
201400058999,0,7,0,0.0,2.0,3.0,1.0,C01
201400058999,0,7,0,0.0,2.0,8.0,1.0,B01
201400059000,0,7,0,0.0,1.0,8.0,1.0,A01
201400059001,0,7,0,16.0,0.0,3.0,13.0,A01
201400059002,0,7,0,0.0,1.0,1.0,11.0,A01
201400059003,1,30,0,0.0,1.0,1.0,1.0,Z01
201400059004,0,30,0,0.0,2.0,1.0,2.0,A01
201400059004,0,7,0,0.0,2.0,4.0,1.0,B01
201400059005,0,31,0,14.0,2.0,1.0,1.0,A01
201400059005,0,7,0,0.0,2.0,7.0,1.0,B01
201400059005,0,7,0,0.0,9.0,1.0,1.0,C01
201400059005,0,7,0,0.0,9.0,1.0,1.0,D01
201400059006,0,7,0,0.0,2.0,2.0,16.0,A01
201400059006,0,30,0,0.0,2.0,1.0,1.0,B01
201400059007,0,7,0,0.0,2.0,1.0,15.0,A01
201400059007,0,33,0,0.0,2.0,1.0,1.0,B01
201400059008,0,7,0,0.0,2.0,3.0,13.0,A01
201400059008,0,7,0,0.0,2.0,8.0,1.0,B01
201400059009,0,7,0,0.0,2.0,8.0,1.0,B01
201400059009,0,7,0,0.0,2.0,7.0,12.0,A01
201400059010,0,2,0,0.0,2.0,1.0,1.0,Z01
201400059010,0,7,0,0.0,2.0,2.0,9.0,A01
201400059011,1,7,0,0.0,1.0,2.0,14.0,Z01
201400059012,0,7,0,6.0,0.0,2.0,14.0,A01
201400059013,0,33,0,0.0,2.0,1.0,1.0,B01
201400059013,0,7,0,0.0,2.0,1.0,9.0,A01
201400059014,0,7,0,0.0,2.0,3.0,15.0,A01
201400059014,0,30,0,0.0,2.0,1.0,1.0,B01
201400059015,0,33,0,0.0,2.0,1.0,1.0,B01
201400059015,0,7,0,0.0,2.0,2.0,15.0,A01
201400059016,1,7,0,0.0,2.0,1.0,15.0,Z01
201400059016,0,30,0,0.0,2.0,1.0,1.0,B01
201400059017,0,7,0,0.0,1.0,1.0,1.0,A01
201400059018,0,7,0,0.0,2.0,3.0,1.0,B01
201400059018,0,7,0,0.0,2.0,3.0,13.0,A01
201400059019,0,7,0,0.0,2.0,2.0,15.0,A01
201400059019,0,1,0,0.0,2.0,1.0,1.0,B01
201400059020,0,7,0,0.0,2.0,5.0,15.0,A01