Num_Acc,senc,catv,occutc,obs,obsm,choc,manv,num_veh
201400059020,0,2,0,0.0,2.0,1.0,13.0,B01
201400059020,0,7,0,0.0,2.0,3.0,1.0,C01
201400059021,0,7,0,0.0,1.0,3.0,1.0,A01
201400059022,0,31,0,0.0,2.0,1.0,9.0,A01
201400059022,0,7,0,0.0,2.0,3.0,1.0,B01
201400059023,0,30,0,0.0,2.0,8.0,1.0,B01
201400059023,1,7,0,0.0,2.0,1.0,14.0,Z01
201400059024,0,30,0,16.0,0.0,7.0,14.0,A01
201400059025,0,7,0,0.0,1.0,3.0,20.0,A01
201400059026,0,7,0,0.0,1.0,2.0,1.0,A01
201400059027,0,7,0,0.0,2.0,8.0,24.0,B01
201400059027,0,7,0,0.0,2.0,4.0,24.0,C01
201400059027,0,33,0,1.0,0.0,1.0,0.0,Z01
201400059028,1,30,0,0.0,2.0,1.0,2.0,Z01
201400059028,0,7,0,0.0,2.0,4.0,1.0,B01
201400059029,0,7,0,0.0,2.0,8.0,1.0,B01
201400059029,0,7,0,0.0,2.0,1.0,9.0,A01
201400059030,0,33,0,12.0,0.0,7.0,14.0,A01
201400059031,0,7,0,0.0,2.0,2.0,2.0,A01
201400059031,0,7,0,0.0,2.0,8.0,15.0,B01
201400059032,0,33,0,0.0,2.0,1.0,1.0,B01
201400059032,0,7,0,0.0,2.0,3.0,15.0,A01
201400059032,0,7,0,0.0,2.0,3.0,1.0,C01
201400059033,0,32,0,0.0,2.0,1.0,2.0,A01
201400059033,0,7,0,0.0,2.0,4.0,1.0,B01
201400059034,1,30,0,0.0,1.0,2.0,14.0,Z01
201400059035,0,7,0,0.0,2.0,7.0,16.0,B01
201400059035,0,30,0,0.0,2.0,1.0,7.0,A01
201400059036,0,7,0,0.0,2.0,2.0,15.0,A01
201400059036,0,31,0,0.0,2.0,1.0,1.0,B01
201400059037,0,31,0,4.0,0.0,1.0,14.0,A01
201400059038,0,7,0,0.0,1.0,1.0,13.0,A01
201400059039,0,7,0,0.0,1.0,1.0,1.0,A01
201400059040,0,7,0,0.0,2.0,3.0,13.0,A01
201400059040,0,7,0,0.0,2.0,8.0,1.0,B01
201400059041,0,7,0,0.0,1.0,1.0,15.0,A01
201400059042,0,7,0,0.0,1.0,1.0,1.0,A01
201400059043,0,7,0,0.0,1.0,4.0,4.0,A01
201400059044,0,30,0,0.0,2.0,1.0,17.0,B01
201400059044,0,7,0,0.0,2.0,8.0,15.0,A01
201400059045,0,7,0,0.0,1.0,1.0,1.0,A01
201400059046,0,7,0,0.0,1.0,1.0,1.0,A01
201400059047,0,7,0,0.0,1.0,1.0,1.0,A01
201400059048,0,7,0,0.0,1.0,1.0,15.0,A01
201400059049,0,7,0,0.0,2.0,4.0,1.0,B01
201400059049,0,30,0,0.0,2.0,1.0,2.0,Z01
201400059050,0,30,0,0.0,1.0,1.0,1.0,Z01
201400059051,0,31,0,0.0,2.0,1.0,9.0,A01
201400059051,0,7,0,0.0,2.0,1.0,15.0,B01
201400059051,0,7,0,0.0,2.0,5.0,15.0,C01
201400059052,0,31,0,0.0,2.0,2.0,3.0,A01
201400059052,0,7,0,0.0,2.0,8.0,1.0,B01
201400059052,0,14,0,0.0,2.0,5.0,1.0,C01
201400059053,0,7,0,0.0,2.0,2.0,0.0,A01
201400059053,0,7,0,0.0,2.0,3.0,1.0,B01
201400059054,0,7,0,0.0,1.0,1.0,1.0,A01
201400059055,1,2,0,0.0,1.0,1.0,1.0,Z01
201400059056,0,30,0,0.0,2.0,1.0,13.0,A01
201400059056,0,7,0,0.0,2.0,3.0,1.0,B01
201400059057,0,31,0,0.0,2.0,1.0,1.0,B01
201400059057,0,7,0,0.0,2.0,1.0,15.0,A01
201400059058,0,33,0,16.0,0.0,0.0,13.0,A01
201400059059,0,33,0,0.0,2.0,1.0,1.0,B01
201400059059,0,7,0,0.0,2.0,7.0,10.0,A01
201400059060,0,7,0,0.0,1.0,5.0,1.0,A01
201400059061,0,30,0,0.0,2.0,1.0,1.0,A01
201400059061,0,7,0,0.0,2.0,1.0,1.0,B01
201400059062,0,7,0,0.0,2.0,8.0,24.0,B01
201400059062,0,7,0,1.0,0.0,2.0,14.0,A01
201400059063,0,33,0,0.0,2.0,1.0,1.0,A01
201400059063,0,7,0,0.0,2.0,1.0,1.0,B01
201400059064,0,7,0,16.0,0.0,7.0,14.0,A01
201400059065,0,7,0,0.0,2.0,1.0,1.0,B01
201400059065,0,7,0,0.0,2.0,7.0,15.0,A01
201400059066,0,7,0,0.0,2.0,7.0,15.0,A01
201400059066,0,32,0,0.0,2.0,1.0,1.0,B01
201400059066,0,7,0,0.0,2.0,1.0,1.0,C01
201400059067,0,13,0,12.0,0.0,7.0,14.0,A01
201400059068,0,7,0,0.0,1.0,1.0,1.0,A01
201400059069,1,31,0,0.0,1.0,7.0,14.0,Z01
201400059070,0,32,0,16.0,0.0,7.0,14.0,A01
201400059071,0,7,0,0.0,1.0,1.0,1.0,A01
201400059072,2,7,0,0.0,2.0,1.0,16.0,A01
201400059072,0,33,0,0.0,2.0,1.0,1.0,B01
201400059073,0,7,0,0.0,1.0,2.0,9.0,A01
201400059074,0,7,0,0.0,1.0,1.0,1.0,A01
201400059075,0,7,0,8.0,0.0,1.0,16.0,A01
201400059076,0,7,0,0.0,2.0,1.0,9.0,A01
201400059076,0,7,0,0.0,2.0,8.0,1.0,B01
201400059077,1,7,0,0.0,1.0,0.0,0.0,Z01
201400059078,0,31,0,0.0,2.0,1.0,1.0,A01
201400059078,0,7,0,0.0,2.0,1.0,1.0,B01
201400059079,0,7,0,0.0,2.0,1.0,1.0,B01
201400059079,0,7,0,0.0,2.0,3.0,1.0,A01
201400059080,0,7,0,0.0,2.0,2.0,15.0,A01
201400059080,0,30,0,0.0,2.0,1.0,1.0,B01
201400059081,0,7,0,0.0,2.0,1.0,17.0,A01
201400059081,0,7,0,0.0,2.0,1.0,1.0,B01
201400059082,0,7,0,12.0,0.0,2.0,1.0,A01
201400059083,0,7,0,6.0,0.0,9.0,1.0,A01
201400059084,0,2,0,12.0,0.0,6.0,1.0,A01
201400059085,0,10,0,0.0,2.0,1.0,1.0,A01
201400059085,0,33,0,0.0,2.0,5.0,1.0,B01
201400059086,0,7,0,0.0,2.0,4.0,11.0,B01
201400059086,0,34,0,0.0,2.0,1.0,2.0,A01
201400059087,0,7,0,4.0,0.0,9.0,1.0,A01
201400059088,0,33,0,0.0,2.0,1.0,17.0,B01
201400059088,0,21,0,0.0,2.0,3.0,15.0,A01
201400059089,0,7,0,0.0,2.0,1.0,5.0,A01
201400059089,0,7,0,0.0,2.0,1.0,1.0,B01
201400059090,0,7,0,0.0,1.0,7.0,0.0,A01
201400059091,0,1,0,0.0,2.0,1.0,1.0,A01
201400059091,0,7,0,0.0,2.0,1.0,1.0,B01
201400059092,0,30,0,0.0,1.0,1.0,3.0,A01
201400059093,0,7,0,0.0,1.0,1.0,1.0,A01
201400059094,0,7,0,0.0,2.0,1.0,1.0,A01
201400059094,0,7,0,0.0,2.0,8.0,1.0,B01
201400059095,0,7,0,0.0,2.0,7.0,0.0,A01
201400059095,0,7,0,0.0,2.0,6.0,0.0,B01
201400059096,0,7,0,0.0,2.0,4.0,0.0,A01
201400059096,0,7,0,0.0,2.0,1.0,0.0,B01
201400059096,0,7,0,0.0,2.0,6.0,0.0,C01
201400059097,0,7,0,0.0,2.0,4.0,10.0,A01
201400059097,0,7,0,0.0,2.0,1.0,1.0,B01
201400059097,0,7,0,0.0,2.0,6.0,1.0,C01
201400059098,0,7,0,0.0,2.0,8.0,10.0,A01
201400059098,0,7,0,0.0,2.0,1.0,1.0,B01
201400059099,0,14,0,0.0,2.0,2.0,14.0,A01
201400059099,0,7,0,0.0,2.0,8.0,1.0,B01
201400059099,0,7,0,0.0,2.0,3.0,1.0,C01
201400059100,0,33,0,0.0,2.0,1.0,0.0,A01
201400059100,0,7,0,0.0,2.0,4.0,1.0,B01
201400059101,0,7,0,4.0,0.0,1.0,1.0,A01
201400059102,0,7,0,1.0,0.0,7.0,14.0,A01
201400059102,0,7,0,0.0,0.0,6.0,24.0,B01
201400059103,0,7,0,0.0,2.0,1.0,1.0,A01
201400059103,0,2,0,0.0,2.0,4.0,2.0,B01
201400059104,0,7,0,0.0,1.0,1.0,1.0,A01
201400059105,0,7,0,0.0,1.0,1.0,0.0,A01
201400059106,0,7,0,0.0,1.0,1.0,1.0,A01
201400059107,0,7,0,0.0,2.0,1.0,1.0,B01
201400059107,0,7,0,0.0,2.0,7.0,15.0,A01
201400059108,0,7,0,0.0,1.0,1.0,1.0,A01
201400059109,1,99,0,0.0,1.0,2.0,0.0,Z01
201400059110,0,2,0,0.0,2.0,7.0,3.0,A01
201400059110,0,7,0,0.0,2.0,1.0,0.0,B01
201400059111,0,31,0,0.0,2.0,7.0,1.0,B01
201400059111,0,7,0,0.0,2.0,8.0,1.0,A01
201400059112,0,7,0,0.0,2.0,4.0,0.0,A01
201400059112,0,7,0,0.0,2.0,1.0,1.0,B01
201400059113,0,7,0,10.0,0.0,9.0,21.0,A01
201400059114,0,7,0,16.0,0.0,9.0,4.0,A01
201400059115,0,34,0,7.0,0.0,1.0,21.0,A01
201400059116,0,15,0,0.0,2.0,5.0,2.0,A01
201400059116,0,7,0,0.0,2.0,1.0,2.0,B01
201400059117,0,7,0,0.0,9.0,1.0,5.0,A01
201400059117,0,1,0,0.0,2.0,1.0,5.0,B01
201400059118,0,33,0,0.0,2.0,1.0,5.0,A01
201400059118,1,33,0,0.0,2.0,1.0,5.0,B01
201400059119,0,7,0,0.0,0.0,9.0,2.0,A01
201400059120,0,7,0,0.0,2.0,2.0,1.0,A01
201400059120,0,30,0,0.0,2.0,1.0,5.0,B01
201400059121,0,30,0,0.0,2.0,1.0,5.0,A01
201400059121,0,7,0,0.0,2.0,1.0,9.0,B01
201400059122,0,7,0,0.0,2.0,4.0,2.0,B01
201400059122,0,33,0,0.0,2.0,1.0,2.0,A01
201400059123,0,7,0,0.0,2.0,2.0,12.0,A01
201400059123,0,33,0,0.0,2.0,8.0,1.0,B01
201400059124,0,7,0,0.0,2.0,1.0,17.0,A01
201400059124,0,7,0,0.0,2.0,8.0,15.0,B01
201400059125,0,7,0,0.0,2.0,1.0,2.0,A01
201400059125,0,7,0,0.0,2.0,4.0,2.0,D01
201400059125,0,7,0,0.0,2.0,4.0,2.0,C01
201400059125,0,7,0,0.0,2.0,4.0,2.0,B01
201400059126,0,7,0,0.0,2.0,2.0,21.0,A01
201400059126,0,31,0,0.0,2.0,8.0,18.0,B01
201400059127,0,33,0,6.0,0.0,9.0,0.0,A01
201400059128,0,33,0,0.0,2.0,1.0,17.0,B01
201400059128,0,7,0,0.0,2.0,6.0,1.0,A01
201400059129,0,30,0,0.0,2.0,1.0,0.0,A01
201400059129,0,7,0,0.0,2.0,3.0,1.0,B01
201400059130,0,7,0,0.0,2.0,7.0,1.0,B01
201400059130,0,7,0,0.0,2.0,1.0,1.0,A01
201400059131,0,32,0,0.0,2.0,1.0,2.0,A01
201400059131,0,7,0,0.0,2.0,6.0,1.0,B01
201400059132,0,33,0,0.0,2.0,0.0,1.0,B01
201400059132,0,7,0,0.0,2.0,0.0,1.0,A01
201400059133,0,7,0,0.0,2.0,1.0,1.0,A01
201400059133,0,7,0,0.0,2.0,4.0,0.0,B01
201400059133,0,7,0,0.0,2.0,4.0,0.0,C01
201400059133,0,33,0,0.0,2.0,1.0,0.0,D01
201400059133,0,7,0,0.0,2.0,3.0,0.0,E01
201400059134,0,7,0,0.0,2.0,3.0,1.0,A01
201400059134,0,7,0,0.0,2.0,3.0,1.0,B01
201400059135,0,33,0,0.0,2.0,1.0,0.0,A01
201400059135,0,7,0,0.0,2.0,3.0,1.0,B01
201400059136,0,7,0,0.0,2.0,4.0,23.0,B01
201400059136,0,7,0,0.0,2.0,1.0,1.0,A01
201400059136,0,7,0,1.0,2.0,4.0,23.0,C01
201400059137,0,33,0,0.0,2.0,6.0,5.0,A01
201400059137,0,7,0,0.0,2.0,1.0,1.0,B01
201400059137,0,7,0,0.0,2.0,5.0,1.0,C01
201400059138,0,7,0,0.0,1.0,1.0,1.0,A01
201400059139,0,33,0,0.0,2.0,0.0,1.0,A01
201400059139,0,7,0,0.0,2.0,8.0,1.0,B01
201400059139,0,7,0,0.0,2.0,7.0,1.0,C01
201400059140,0,33,0,0.0,2.0,1.0,1.0,B01
201400059140,0,7,0,0.0,2.0,6.0,13.0,A01
201400059141,0,7,0,0.0,2.0,1.0,2.0,A01
201400059141,0,14,0,0.0,2.0,4.0,2.0,B01
201400059142,0,34,0,4.0,0.0,1.0,1.0,A01
201400059143,0,7,0,4.0,0.0,8.0,1.0,A01
201400059144,0,7,0,0.0,2.0,3.0,0.0,A01
201400059144,0,32,0,0.0,2.0,1.0,1.0,B01
201400059145,0,7,0,0.0,2.0,1.0,1.0,A01
201400059145,0,7,0,0.0,2.0,4.0,0.0,B01
201400059146,0,7,0,0.0,1.0,1.0,1.0,A01
201400059147,0,31,0,0.0,2.0,1.0,17.0,A01
201400059147,0,10,0,0.0,2.0,6.0,1.0,B01
201400059148,0,7,0,0.0,2.0,1.0,2.0,A01
201400059148,0,7,0,0.0,2.0,4.0,2.0,B01
201400059148,0,7,0,0.0,2.0,4.0,2.0,C01
201400059149,0,7,0,0.0,1.0,2.0,1.0,A01
201400059150,0,7,0,0.0,2.0,4.0,1.0,A01
201400059150,0,30,0,0.0,2.0,1.0,2.0,B01
201400059151,0,37,1,0.0,2.0,3.0,13.0,A01
201400059151,0,7,0,0.0,2.0,3.0,15.0,B01
201400059152,0,7,0,0.0,1.0,1.0,1.0,A01
201400059153,0,7,0,0.0,2.0,4.0,2.0,B01
201400059153,0,33,0,0.0,2.0,1.0,2.0,A01
201400059154,0,7,0,0.0,1.0,1.0,0.0,A01
201400059155,0,7,0,0.0,2.0,8.0,0.0,B01
201400059155,0,37,2,0.0,2.0,1.0,1.0,A01
201400059156,0,7,0,0.0,0.0,2.0,15.0,A01
201400059156,0,33,0,0.0,2.0,1.0,1.0,B01
201400059157,0,7,0,0.0,2.0,3.0,1.0,B01
201400059157,0,7,0,0.0,2.0,3.0,13.0,A01
201400059158,0,7,0,0.0,2.0,4.0,2.0,B01
201400059158,0,7,0,0.0,2.0,1.0,2.0,A01
201400059159,0,7,0,0.0,2.0,1.0,0.0,B01
201400059159,0,7,0,0.0,2.0,1.0,0.0,A01
201400059160,0,2,0,0.0,2.0,1.0,1.0,B01
201400059160,0,7,0,0.0,2.0,1.0,5.0,A01
201400059161,0,7,0,4.0,0.0,9.0,1.0,A01
201400059162,0,30,0,0.0,2.0,1.0,5.0,B01
201400059162,0,7,0,0.0,2.0,3.0,1.0,A01
201400059163,0,33,0,0.0,2.0,1.0,2.0,A01
201400059163,0,7,0,0.0,2.0,4.0,2.0,B01
201400059164,0,2,0,0.0,2.0,1.0,2.0,A01
201400059164,0,7,0,0.0,9.0,4.0,2.0,B01
201400059165,0,7,0,0.0,2.0,1.0,2.0,A01
201400059165,0,1,0,0.0,2.0,7.0,2.0,B01
201400059166,0,7,0,0.0,2.0,4.0,2.0,A01
201400059166,0,2,0,0.0,2.0,4.0,2.0,B01
201400059167,0,2,0,0.0,2.0,1.0,1.0,B01
201400059167,0,7,0,0.0,2.0,2.0,15.0,A01
201400059168,0,7,0,0.0,2.0,7.0,16.0,B01
201400059168,0,1,0,0.0,2.0,1.0,1.0,A01
201400059169,0,30,0,0.0,2.0,1.0,13.0,A01
201400059169,0,7,0,0.0,0.0,3.0,0.0,B01
201400059170,0,2,0,0.0,2.0,8.0,1.0,B01
201400059170,0,7,0,0.0,9.0,1.0,15.0,A01
201400059171,0,7,0,0.0,2.0,1.0,15.0,A01
201400059171,0,7,0,0.0,2.0,8.0,1.0,C01
201400059171,0,7,0,0.0,2.0,1.0,1.0,B01
201400059172,0,10,0,0.0,2.0,5.0,2.0,B01
201400059172,0,2,0,0.0,2.0,1.0,18.0,A01
201400059173,0,7,0,0.0,9.0,1.0,16.0,A01
201400059173,0,1,0,0.0,2.0,1.0,1.0,B01
201400059174,0,7,0,0.0,0.0,7.0,2.0,A01
201400059174,0,1,0,0.0,2.0,8.0,2.0,Y01
201400059175,0,2,0,0.0,2.0,1.0,1.0,B01
201400059175,0,7,0,0.0,2.0,8.0,1.0,A01
201400059176,0,7,0,0.0,2.0,8.0,9.0,A01
201400059176,0,2,0,0.0,2.0,1.0,0.0,B01
201400059177,0,2,0,0.0,2.0,0.0,1.0,B01
201400059177,0,1,0,0.0,2.0,0.0,5.0,A01
201400059178,0,2,0,0.0,2.0,7.0,1.0,B01
201400059178,0,7,0,0.0,9.0,1.0,0.0,A01
201400059179,0,7,0,0.0,9.0,3.0,1.0,A01
201400059179,0,1,0,0.0,2.0,1.0,1.0,B01
201400059180,0,2,0,0.0,1.0,1.0,0.0,A01
201400059181,0,2,0,0.0,2.0,1.0,1.0,B01
201400059181,0,7,0,0.0,9.0,7.0,16.0,A01
201400059182,0,7,0,0.0,9.0,1.0,19.0,A01
201400059182,0,30,0,12.0,2.0,8.0,1.0,B01
201400059183,0,2,0,0.0,2.0,0.0,17.0,B01
201400059183,0,99,0,0.0,2.0,8.0,1.0,A01
201400059184,0,1,0,0.0,2.0,1.0,1.0,A01
201400059184,0,7,0,0.0,2.0,3.0,1.0,B01
201400059185,0,7,0,0.0,1.0,1.0,1.0,A01
201400059186,0,7,0,0.0,0.0,1.0,0.0,C01
201400059186,0,7,0,0.0,0.0,1.0,0.0,B01
201400059186,0,7,0,0.0,0.0,1.0,0.0,A01
201400059187,0,2,0,0.0,2.0,1.0,1.0,A01
201400059187,0,7,0,0.0,0.0,4.0,1.0,B01
201400059188,0,2,0,0.0,2.0,8.0,0.0,B01
201400059188,0,7,0,0.0,2.0,8.0,0.0,A01
201400059189,0,2,0,0.0,2.0,1.0,15.0,A01
201400059189,0,7,0,0.0,9.0,8.0,15.0,B01
201400059190,0,7,0,0.0,2.0,1.0,1.0,A01
201400059190,0,7,0,0.0,2.0,1.0,1.0,B01
201400059191,0,33,0,0.0,2.0,2.0,1.0,B01
201400059191,0,1,0,0.0,2.0,8.0,19.0,A01
201400059192,0,2,0,0.0,2.0,8.0,15.0,B01
201400059192,1,37,0,0.0,2.0,0.0,16.0,A01
201400059193,0,30,0,0.0,2.0,1.0,2.0,B01
201400059193,0,7,0,0.0,2.0,3.0,19.0,A01
201400059194,0,2,0,0.0,2.0,1.0,10.0,B01
201400059194,0,7,0,0.0,2.0,1.0,1.0,A01
201400059195,0,1,0,0.0,2.0,1.0,5.0,B01
201400059195,0,7,0,1.0,2.0,0.0,15.0,A01
201400059196,0,7,0,0.0,9.0,1.0,15.0,A01
201400059196,0,2,0,0.0,2.0,6.0,17.0,B01
201400059197,0,7,0,0.0,2.0,8.0,15.0,A01
201400059197,0,2,0,0.0,2.0,1.0,17.0,B01
201400059198,0,30,0,0.0,1.0,1.0,0.0,A01
201400059199,1,30,0,0.0,2.0,1.0,17.0,Z01
201400059199,0,7,0,0.0,0.0,0.0,1.0,T01
201400059199,0,7,0,0.0,2.0,8.0,19.0,A01
201400059200,0,2,0,0.0,0.0,0.0,0.0,B01
201400059200,0,7,0,0.0,2.0,3.0,0.0,A01
201400059201,0,2,0,0.0,2.0,8.0,1.0,B01
201400059201,0,7,0,0.0,9.0,1.0,19.0,A01
201400059202,0,1,0,0.0,0.0,4.0,0.0,B01
201400059202,0,7,0,0.0,0.0,3.0,9.0,A01
201400059203,0,7,0,0.0,1.0,1.0,0.0,A01
201400059204,0,7,0,0.0,2.0,8.0,15.0,B01
201400059204,0,7,0,0.0,2.0,1.0,19.0,A01
201400059205,0,7,0,0.0,1.0,1.0,1.0,A01
201400059206,0,7,0,0.0,1.0,1.0,1.0,A01
201400059207,0,7,0,0.0,2.0,8.0,15.0,B01
201400059207,0,34,0,0.0,2.0,9.0,1.0,A01
201400059208,0,2,0,0.0,2.0,3.0,0.0,A01
201400059208,0,31,0,0.0,2.0,3.0,0.0,B01
201400059209,0,7,0,0.0,9.0,1.0,15.0,A01
201400059209,0,2,0,0.0,2.0,1.0,1.0,B01
201400059210,0,32,0,0.0,2.0,0.0,0.0,A01
201400059210,0,7,0,0.0,2.0,0.0,0.0,B01
201400059211,0,33,0,0.0,2.0,1.0,1.0,B01
201400059211,0,7,0,0.0,9.0,6.0,10.0,A01
201400059212,0,7,0,0.0,9.0,1.0,15.0,A01
201400059212,0,31,0,0.0,2.0,1.0,0.0,B01
201400059213,0,7,0,0.0,9.0,1.0,15.0,A01
201400059213,0,2,0,0.0,2.0,1.0,18.0,B01
201400059214,0,7,0,0.0,1.0,1.0,1.0,A01
201400059215,0,7,0,0.0,1.0,1.0,0.0,A01
201400059216,0,2,0,0.0,2.0,0.0,1.0,B01
201400059216,0,13,0,0.0,9.0,0.0,14.0,A01
201400059217,0,7,0,0.0,1.0,1.0,0.0,A01
201400059218,0,30,0,0.0,1.0,1.0,1.0,A01
201400059219,0,7,0,0.0,9.0,8.0,15.0,A01
201400059219,0,33,0,0.0,2.0,2.0,17.0,B01
201400059220,0,2,0,0.0,1.0,1.0,2.0,A01
201400059221,0,7,0,0.0,9.0,1.0,0.0,A01
201400059221,0,1,0,0.0,2.0,1.0,1.0,B01
201400059222,1,7,0,0.0,0.0,0.0,0.0,Z01
201400059222,0,2,0,0.0,2.0,4.0,0.0,B01
201400059223,0,2,0,0.0,2.0,2.0,17.0,A01
201400059223,0,7,0,0.0,9.0,7.0,15.0,B01
201400059224,0,7,0,0.0,9.0,7.0,15.0,A01
201400059224,0,1,0,0.0,2.0,1.0,1.0,B01
201400059225,0,7,0,0.0,1.0,2.0,1.0,A01
201400059226,0,2,0,0.0,2.0,1.0,1.0,B01
201400059226,0,13,0,0.0,0.0,2.0,15.0,A01
201400059227,0,7,0,0.0,2.0,3.0,22.0,B01
201400059227,0,2,0,1.0,0.0,1.0,0.0,A01
201400059228,0,1,0,0.0,2.0,7.0,1.0,B01
201400059228,1,10,0,0.0,9.0,1.0,0.0,Z01
201400059229,0,7,0,0.0,2.0,3.0,15.0,A01
201400059229,0,33,0,0.0,2.0,2.0,17.0,B01
201400059230,0,1,0,0.0,2.0,1.0,5.0,A01
201400059230,0,2,0,0.0,9.0,1.0,1.0,B01
201400059231,0,2,0,6.0,2.0,1.0,19.0,B01
201400059231,0,7,0,6.0,2.0,1.0,1.0,A01
201400059232,0,7,0,0.0,1.0,1.0,1.0,A01
201400059233,0,7,0,0.0,2.0,1.0,0.0,A01
201400059233,0,7,0,0.0,2.0,3.0,0.0,B01
201400059234,0,7,0,6.0,0.0,1.0,0.0,A01
201400059235,0,10,0,0.0,2.0,1.0,0.0,A01
201400059235,0,2,0,0.0,2.0,8.0,0.0,B01
201400059236,0,1,0,1.0,2.0,1.0,2.0,B01
201400059236,0,7,0,0.0,2.0,1.0,2.0,A01
201400059237,0,7,0,0.0,2.0,7.0,1.0,A01
201400059237,0,2,0,0.0,2.0,9.0,15.0,B01
201400059238,1,7,0,8.0,1.0,6.0,7.0,A01
201400059239,0,2,0,0.0,2.0,8.0,19.0,B01
201400059239,0,2,0,0.0,2.0,1.0,1.0,A01
201400059240,0,7,0,0.0,2.0,7.0,15.0,A01
201400059240,0,2,0,0.0,2.0,1.0,1.0,B01
201400059241,0,7,0,0.0,9.0,2.0,11.0,A01
201400059241,0,2,0,0.0,0.0,2.0,11.0,B01
201400059242,0,2,0,12.0,0.0,1.0,0.0,A01
201400059243,0,2,0,0.0,2.0,1.0,1.0,B01
201400059243,0,7,0,0.0,9.0,2.0,15.0,A01
201400059244,0,33,0,0.0,0.0,2.0,2.0,B01
201400059244,0,7,0,0.0,2.0,6.0,10.0,A01
201400059245,0,2,0,0.0,0.0,0.0,1.0,B01
201400059245,0,34,0,0.0,0.0,7.0,15.0,A01
201400059246,0,2,0,1.0,2.0,4.0,1.0,B01
201400059246,0,7,0,0.0,2.0,4.0,1.0,A01
201400059247,0,30,0,0.0,0.0,1.0,0.0,A01
201400059248,0,2,0,1.0,0.0,8.0,0.0,A01
201400059248,0,7,0,0.0,0.0,3.0,24.0,B01
201400059249,0,7,0,15.0,0.0,9.0,0.0,A01
201400059250,0,2,0,0.0,2.0,1.0,1.0,B01
201400059250,0,7,0,1.0,2.0,3.0,0.0,A01
201400059251,0,2,0,0.0,2.0,1.0,1.0,B01
201400059251,0,7,0,0.0,2.0,3.0,16.0,A01
201400059252,0,1,0,0.0,0.0,1.0,10.0,A01
201400059252,0,30,0,0.0,0.0,1.0,0.0,B01
201400059253,0,2,0,0.0,2.0,1.0,1.0,A01
201400059253,0,7,0,0.0,9.0,4.0,2.0,B01
201400059254,0,2,0,0.0,1.0,1.0,18.0,A01
201400059255,0,7,0,0.0,9.0,3.0,0.0,B01
201400059255,0,1,0,0.0,2.0,8.0,0.0,A01
201400059256,0,7,0,0.0,2.0,1.0,15.0,A01
201400059256,0,7,0,0.0,2.0,3.0,1.0,B01
201400059257,0,7,0,8.0,0.0,9.0,0.0,A01
201400059258,0,32,0,3.0,0.0,0.0,0.0,A01
201400059259,0,37,1,0.0,1.0,1.0,1.0,A01
201400059260,0,7,0,0.0,2.0,2.0,1.0,A01
201400059260,0,2,0,0.0,2.0,7.0,15.0,B01
201400059261,0,7,0,0.0,2.0,1.0,1.0,B01
201400059261,0,2,0,0.0,2.0,1.0,18.0,A01
201400059262,0,2,0,0.0,2.0,1.0,12.0,A01
201400059262,0,7,0,0.0,9.0,1.0,1.0,B01
201400059263,0,14,0,0.0,1.0,1.0,16.0,A01
201400059264,0,7,0,0.0,0.0,9.0,0.0,A01
201400059265,0,30,0,0.0,1.0,1.0,1.0,A01
201400059266,0,30,0,0.0,2.0,1.0,0.0,A01
201400059266,0,7,0,0.0,2.0,3.0,0.0,B01
201400059267,0,30,0,0.0,2.0,1.0,18.0,A01
201400059267,0,7,0,0.0,2.0,2.0,15.0,B01
201400059268,0,7,0,0.0,1.0,0.0,1.0,A01
201400059269,0,1,0,12.0,2.0,8.0,1.0,B01
201400059269,0,7,0,0.0,2.0,3.0,9.0,A01
201400059270,0,3,0,0.0,2.0,3.0,1.0,A01
201400059270,0,30,0,0.0,2.0,3.0,2.0,B01
201400059271,0,31,0,6.0,2.0,7.0,1.0,B01
201400059271,0,7,0,0.0,2.0,1.0,16.0,A01
201400059272,0,30,0,0.0,0.0,7.0,12.0,A01
201400059272,0,7,0,0.0,2.0,3.0,0.0,B01
201400059273,0,7,0,0.0,0.0,0.0,0.0,A01
201400059273,0,32,0,0.0,2.0,8.0,0.0,B01
201400059274,1,7,0,0.0,1.0,1.0,0.0,Z01
201400059275,0,7,0,0.0,2.0,3.0,2.0,A01
201400059275,0,30,0,0.0,2.0,4.0,2.0,B01
201400059276,0,7,0,0.0,2.0,2.0,1.0,A01
201400059276,0,33,0,0.0,2.0,1.0,1.0,B01
201400059277,0,7,0,0.0,1.0,1.0,0.0,A01
201400059278,0,7,0,0.0,1.0,0.0,16.0,A01
201400059279,0,1,0,0.0,2.0,1.0,13.0,B01
201400059279,0,7,0,0.0,2.0,3.0,23.0,A01
201400059280,0,7,0,0.0,0.0,3.0,21.0,B01
201400059280,0,30,0,0.0,2.0,1.0,9.0,A01
201400059281,0,7,0,0.0,2.0,7.0,1.0,A01
201400059281,0,2,0,0.0,2.0,8.0,1.0,B01
201400059282,2,1,0,0.0,2.0,6.0,0.0,Z01
201400059282,0,30,0,0.0,9.0,8.0,0.0,B01
201400059283,0,7,0,0.0,9.0,3.0,15.0,A01
201400059283,0,33,0,0.0,2.0,1.0,1.0,B01
201400059284,0,33,0,0.0,9.0,1.0,1.0,B01
201400059284,0,99,0,0.0,9.0,1.0,23.0,D01
201400059284,0,30,0,0.0,9.0,1.0,5.0,A01