Num_Acc,senc,catv,occutc,obs,obsm,choc,manv,num_veh
201400059284,0,7,0,0.0,9.0,6.0,23.0,C01
201400059285,0,2,0,0.0,2.0,1.0,1.0,A01
201400059285,0,2,0,0.0,2.0,4.0,1.0,B01
201400059286,0,2,0,0.0,2.0,1.0,1.0,B01
201400059286,0,7,0,0.0,9.0,3.0,15.0,A01
201400059287,0,7,0,0.0,1.0,1.0,20.0,A01
201400059288,0,7,0,0.0,2.0,7.0,16.0,A01
201400059288,0,2,0,0.0,2.0,3.0,2.0,B01
201400059289,1,7,0,0.0,0.0,0.0,0.0,Z01
201400059289,0,30,0,0.0,2.0,0.0,0.0,B01
201400059290,0,7,0,0.0,2.0,1.0,15.0,B01
201400059290,0,33,0,0.0,2.0,3.0,1.0,A01
201400059291,0,7,0,0.0,1.0,1.0,1.0,A01
201400059292,0,2,0,0.0,2.0,7.0,17.0,B01
201400059292,0,7,0,0.0,9.0,3.0,15.0,A01
201400059293,0,2,0,0.0,2.0,1.0,1.0,B01
201400059293,0,10,0,0.0,2.0,3.0,15.0,A01
201400059294,0,2,0,0.0,2.0,1.0,1.0,A01
201400059294,1,7,0,0.0,2.0,1.0,0.0,Z01
201400059295,0,2,0,0.0,2.0,1.0,13.0,A01
201400059295,0,7,0,0.0,0.0,1.0,0.0,B01
201400059296,0,10,0,0.0,2.0,1.0,16.0,A01
201400059296,0,30,0,0.0,2.0,1.0,1.0,B01
201400059297,0,7,0,0.0,0.0,3.0,1.0,A01
201400059297,0,30,0,0.0,0.0,6.0,1.0,B01
201400059298,0,7,0,0.0,0.0,1.0,0.0,A01
201400059298,0,30,0,0.0,0.0,1.0,1.0,B01
201400059299,0,2,0,0.0,2.0,1.0,13.0,B01
201400059299,0,7,0,0.0,2.0,1.0,23.0,C01
201400059299,0,7,0,0.0,2.0,1.0,15.0,A01
201400059300,0,7,0,0.0,2.0,1.0,1.0,B01
201400059300,0,7,0,0.0,2.0,7.0,9.0,A01
201400059301,0,7,0,0.0,1.0,1.0,0.0,A01
201400059302,0,10,0,0.0,1.0,4.0,4.0,A01
201400059303,0,7,0,0.0,2.0,2.0,15.0,A01
201400059303,0,2,0,0.0,2.0,1.0,1.0,B01
201400059304,0,7,0,0.0,2.0,1.0,16.0,B01
201400059304,0,7,0,7.0,2.0,1.0,1.0,A01
201400059305,0,32,0,0.0,2.0,1.0,1.0,A01
201400059305,0,7,0,0.0,0.0,1.0,1.0,B01
201400059306,0,7,0,0.0,0.0,7.0,15.0,A01
201400059306,0,30,0,0.0,0.0,1.0,1.0,B01
201400059307,0,2,0,0.0,1.0,1.0,1.0,A01
201400059308,0,7,0,0.0,0.0,0.0,0.0,A01
201400059308,0,2,0,0.0,0.0,0.0,0.0,B01
201400059309,0,30,0,0.0,2.0,1.0,17.0,B01
201400059309,0,7,0,0.0,0.0,8.0,19.0,A01
201400059310,0,7,0,0.0,0.0,1.0,19.0,A01
201400059310,0,1,0,0.0,0.0,8.0,1.0,B01
201400059311,0,7,0,0.0,0.0,1.0,2.0,A01
201400059311,0,1,0,0.0,0.0,4.0,2.0,B01
201400059312,0,7,0,0.0,2.0,1.0,2.0,A01
201400059312,0,7,0,0.0,2.0,4.0,2.0,B01
201400059313,0,2,0,0.0,1.0,1.0,17.0,A01
201400059314,0,7,0,0.0,2.0,1.0,13.0,A01
201400059314,0,7,0,0.0,2.0,1.0,2.0,B01
201400059315,0,7,0,0.0,2.0,4.0,2.0,B01
201400059315,0,2,0,0.0,0.0,0.0,0.0,A01
201400059316,0,10,0,0.0,2.0,7.0,0.0,A01
201400059316,0,2,0,0.0,2.0,3.0,0.0,B01
201400059317,0,30,0,0.0,0.0,1.0,0.0,B01
201400059317,0,7,0,0.0,0.0,8.0,0.0,A01
201400059318,0,7,0,0.0,2.0,0.0,2.0,C01
201400059318,0,7,0,0.0,2.0,3.0,0.0,B01
201400059318,0,7,0,0.0,2.0,2.0,3.0,A01
201400059319,0,2,0,0.0,2.0,2.0,13.0,B01
201400059319,0,7,0,0.0,0.0,5.0,9.0,A01
201400059320,0,30,0,0.0,5.0,0.0,1.0,A01
201400059321,0,7,0,0.0,9.0,6.0,0.0,A01
201400059321,0,1,0,0.0,2.0,8.0,0.0,B01
201400059322,0,7,0,0.0,2.0,1.0,1.0,C01
201400059322,0,7,0,0.0,2.0,9.0,1.0,B01
201400059322,0,7,0,0.0,2.0,2.0,9.0,A01
201400059323,0,7,0,0.0,2.0,1.0,2.0,B01
201400059323,0,7,0,0.0,2.0,1.0,2.0,A01
201400059323,0,7,0,0.0,0.0,0.0,0.0,C01
201400059324,0,2,0,0.0,9.0,0.0,0.0,A01
201400059324,0,1,0,0.0,9.0,0.0,0.0,B01
201400059325,0,7,0,0.0,9.0,4.0,2.0,B01
201400059325,0,2,0,0.0,2.0,1.0,1.0,A01
201400059326,0,31,0,0.0,2.0,1.0,17.0,A01
201400059326,0,7,0,0.0,2.0,0.0,15.0,B01
201400059327,0,33,0,0.0,2.0,3.0,1.0,B01
201400059327,0,7,0,0.0,2.0,1.0,1.0,A01
201400059328,0,2,0,14.0,0.0,1.0,1.0,A01
201400059329,0,7,0,1.0,1.0,1.0,2.0,A01
201400059330,0,7,0,0.0,1.0,2.0,1.0,A01
201400059331,1,2,0,0.0,2.0,1.0,1.0,B01
201400059331,0,7,0,0.0,2.0,1.0,1.0,A01
201400059332,0,7,0,0.0,1.0,2.0,2.0,A01
201400059333,0,7,0,0.0,1.0,1.0,2.0,A01
201400059334,0,7,0,0.0,1.0,1.0,2.0,A01
201400059334,0,7,0,0.0,2.0,1.0,2.0,B01
201400059335,0,7,0,6.0,0.0,1.0,2.0,A01
201400059336,0,7,0,0.0,1.0,1.0,1.0,A01
201400059337,0,7,0,0.0,2.0,4.0,1.0,B01
201400059337,1,31,0,0.0,2.0,1.0,2.0,A01
201400059338,0,34,0,0.0,2.0,1.0,0.0,B01
201400059338,0,7,0,0.0,9.0,7.0,1.0,A01
201400059339,0,33,0,0.0,2.0,1.0,1.0,A01
201400059339,0,7,0,0.0,2.0,4.0,1.0,B01
201400059340,0,7,0,0.0,0.0,0.0,9.0,A01
201400059340,0,33,0,0.0,0.0,0.0,2.0,Y01
201400059341,1,7,0,0.0,1.0,8.0,17.0,Z01
201400059342,0,7,0,0.0,1.0,3.0,9.0,A01
201400059343,0,7,0,0.0,2.0,8.0,15.0,A01
201400059343,0,30,0,0.0,2.0,2.0,13.0,Z01
201400059344,0,7,0,0.0,2.0,1.0,1.0,B01
201400059344,0,7,0,0.0,2.0,1.0,1.0,A01
201400059345,0,32,0,0.0,0.0,7.0,10.0,A01
201400059346,0,10,0,0.0,1.0,1.0,1.0,A01
201400059347,0,7,0,0.0,2.0,2.0,1.0,A01
201400059347,0,7,0,0.0,2.0,3.0,1.0,B01
201400059348,0,30,0,0.0,2.0,1.0,1.0,A01
201400059348,0,7,0,0.0,2.0,1.0,1.0,B01
201400059349,0,2,0,0.0,2.0,1.0,17.0,A01
201400059349,0,7,0,0.0,2.0,1.0,1.0,B01
201400059350,0,7,0,0.0,1.0,2.0,1.0,A01
201400059351,0,7,0,0.0,2.0,4.0,2.0,A01
201400059351,0,31,0,0.0,2.0,2.0,2.0,B01
201400059352,0,10,0,0.0,9.0,4.0,21.0,A01
201400059352,0,1,0,0.0,2.0,4.0,1.0,B01
201400059353,0,10,0,0.0,2.0,1.0,17.0,A01
201400059353,0,10,0,0.0,2.0,1.0,1.0,B01
201400059354,0,10,0,0.0,0.0,9.0,1.0,A01
201400059355,0,2,0,0.0,2.0,8.0,1.0,B01
201400059355,0,7,0,0.0,2.0,1.0,9.0,A01
201400059356,0,7,0,0.0,1.0,1.0,1.0,A01
201400059357,0,7,0,0.0,2.0,0.0,0.0,B01
201400059357,0,7,0,0.0,2.0,1.0,0.0,A01
201400059358,0,7,0,0.0,0.0,4.0,1.0,B01
201400059358,0,32,0,0.0,2.0,1.0,2.0,A01
201400059359,0,1,0,0.0,2.0,1.0,5.0,A01
201400059359,0,10,0,0.0,2.0,1.0,1.0,B01
201400059360,0,7,0,0.0,2.0,4.0,2.0,B01
201400059360,0,7,0,0.0,2.0,1.0,2.0,A01
201400059361,0,7,0,0.0,2.0,1.0,5.0,A01
201400059361,0,38,0,0.0,2.0,1.0,1.0,B01
201400059362,0,7,0,1.0,0.0,1.0,1.0,A01
201400059363,0,7,0,0.0,2.0,4.0,2.0,B01
201400059363,0,30,0,0.0,2.0,1.0,2.0,A01
201400059364,0,33,0,0.0,2.0,1.0,1.0,A01
201400059364,0,7,0,0.0,2.0,1.0,2.0,B01
201400059365,0,7,0,0.0,2.0,1.0,1.0,A01
201400059365,0,7,0,0.0,2.0,7.0,1.0,B01
201400059366,0,7,0,0.0,1.0,0.0,1.0,A01
201400059367,0,7,0,0.0,0.0,0.0,0.0,A01
201400059367,0,7,0,0.0,0.0,3.0,5.0,B01
201400059368,0,30,0,0.0,1.0,1.0,1.0,A01
201400059369,0,7,0,0.0,1.0,1.0,1.0,A01
201400059370,0,33,0,0.0,2.0,1.0,2.0,A01
201400059370,0,7,0,0.0,0.0,4.0,2.0,B01
201400059371,0,7,0,0.0,2.0,1.0,1.0,B01
201400059371,0,2,0,0.0,2.0,1.0,11.0,A01
201400059372,0,17,0,0.0,2.0,3.0,1.0,B01
201400059372,0,7,0,0.0,2.0,5.0,12.0,A01
201400059373,0,7,0,0.0,2.0,1.0,2.0,A01
201400059373,0,33,0,0.0,0.0,4.0,2.0,B01
201400059374,0,7,0,0.0,2.0,1.0,2.0,A01
201400059374,0,7,0,0.0,2.0,1.0,2.0,B01
201400059374,0,7,0,0.0,2.0,5.0,2.0,C01
201400059375,0,7,0,0.0,9.0,4.0,2.0,A01
201400059375,0,7,0,0.0,2.0,4.0,24.0,C01
201400059375,0,2,0,0.0,2.0,0.0,2.0,B01
201400059376,0,7,0,0.0,2.0,2.0,11.0,A01
201400059376,0,2,0,0.0,2.0,1.0,1.0,B01
201400059377,0,7,0,0.0,9.0,8.0,0.0,A01
201400059377,0,1,0,0.0,2.0,0.0,1.0,B01
201400059378,0,7,0,2.0,0.0,1.0,1.0,A01
201400059379,0,7,0,2.0,0.0,1.0,1.0,A01
201400059380,0,10,0,0.0,2.0,1.0,1.0,C01
201400059380,0,7,0,1.0,0.0,1.0,1.0,A01
201400059381,0,7,0,0.0,2.0,3.0,1.0,A01
201400059381,0,1,0,0.0,2.0,1.0,1.0,B01
201400059382,0,33,0,0.0,2.0,1.0,1.0,B01
201400059382,1,7,0,0.0,2.0,7.0,15.0,A01
201400059383,1,30,0,0.0,2.0,0.0,0.0,A01
201400059383,0,7,0,0.0,2.0,0.0,0.0,B01
201400059384,0,33,0,0.0,0.0,0.0,1.0,A01
201400059385,0,7,0,14.0,1.0,1.0,17.0,A01
201400059386,0,7,0,0.0,2.0,1.0,1.0,A01
201400059386,0,1,0,0.0,2.0,4.0,2.0,B01
201400059387,0,1,0,0.0,2.0,4.0,5.0,A01
201400059387,0,2,0,0.0,2.0,1.0,1.0,B01
201400059388,0,10,0,0.0,2.0,2.0,0.0,A01
201400059388,0,1,0,0.0,2.0,1.0,2.0,B01
201400059389,0,7,0,0.0,2.0,1.0,1.0,A01
201400059389,0,1,0,0.0,2.0,1.0,1.0,B01
201400059390,0,7,0,0.0,2.0,2.0,2.0,B01
201400059390,0,31,0,0.0,2.0,3.0,2.0,A01
201400059391,0,7,0,0.0,2.0,1.0,2.0,A01
201400059391,0,1,0,0.0,2.0,4.0,2.0,B01
201400059392,0,7,0,0.0,2.0,4.0,2.0,B01
201400059392,1,2,0,1.0,0.0,1.0,1.0,A01
201400059393,0,7,0,0.0,2.0,4.0,23.0,A01
201400059393,0,7,0,0.0,2.0,1.0,2.0,B01
201400059394,0,1,0,0.0,2.0,3.0,2.0,A01
201400059394,0,37,1,0.0,2.0,2.0,2.0,B01
201400059395,0,31,0,0.0,2.0,1.0,1.0,B01
201400059395,0,7,0,0.0,2.0,2.0,1.0,A01
201400059396,0,31,0,0.0,2.0,1.0,1.0,B01
201400059396,0,7,0,0.0,2.0,1.0,1.0,A01
201400059397,0,33,0,0.0,2.0,1.0,1.0,B01
201400059397,0,7,0,0.0,2.0,1.0,10.0,A01
201400059398,0,7,0,0.0,2.0,3.0,1.0,A01
201400059398,0,1,0,0.0,2.0,3.0,1.0,B01
201400059399,0,13,0,8.0,0.0,1.0,1.0,A01
201400059400,1,99,0,0.0,1.0,0.0,0.0,A01
201400059401,0,7,0,0.0,2.0,1.0,2.0,A01
201400059401,0,7,0,0.0,2.0,4.0,2.0,B01
201400059402,0,30,0,0.0,0.0,0.0,1.0,A01
201400059403,0,7,0,0.0,2.0,1.0,1.0,A01
201400059403,0,7,0,0.0,2.0,1.0,1.0,B01
201400059404,0,7,0,0.0,2.0,2.0,15.0,A01
201400059404,0,31,0,0.0,2.0,1.0,1.0,B01
201400059405,0,33,0,0.0,2.0,1.0,2.0,A01
201400059405,0,7,0,0.0,2.0,4.0,15.0,B01
201400059406,0,7,0,0.0,9.0,4.0,2.0,A01
201400059406,0,33,0,0.0,2.0,1.0,2.0,C01
201400059406,0,33,0,0.0,2.0,1.0,2.0,B01
201400059406,1,99,0,0.0,2.0,2.0,0.0,Z01
201400059407,0,7,0,0.0,1.0,1.0,1.0,A01
201400059408,0,7,0,0.0,2.0,4.0,2.0,B01
201400059408,0,7,0,1.0,0.0,1.0,2.0,A01
201400059409,0,7,0,0.0,0.0,9.0,0.0,A01
201400059410,0,33,0,3.0,0.0,1.0,1.0,A01
201400059411,0,7,0,0.0,2.0,3.0,2.0,A01
201400059411,0,33,0,0.0,2.0,2.0,2.0,B01
201400059412,0,7,0,0.0,2.0,6.0,1.0,B01
201400059412,0,33,0,0.0,2.0,6.0,1.0,A01
201400059413,0,1,0,0.0,2.0,3.0,1.0,B01
201400059413,0,7,0,0.0,0.0,3.0,11.0,A01
201400059414,0,33,0,0.0,2.0,3.0,1.0,B01
201400059414,0,7,0,0.0,2.0,2.0,12.0,A01
201400059415,0,7,0,8.0,0.0,1.0,1.0,A01
201400059416,0,7,0,0.0,2.0,1.0,1.0,B01
201400059416,0,7,0,0.0,2.0,7.0,19.0,A01
201400059417,0,2,0,0.0,0.0,0.0,1.0,A01
201400059418,0,33,0,0.0,0.0,7.0,1.0,A01
201400059419,0,7,0,0.0,1.0,0.0,0.0,A01
201400059420,0,7,0,0.0,2.0,1.0,19.0,B01
201400059420,0,7,0,0.0,2.0,6.0,1.0,A01
201400059421,0,7,0,0.0,2.0,1.0,1.0,B01
201400059421,0,7,0,0.0,2.0,4.0,23.0,A01
201400059421,0,7,0,0.0,2.0,1.0,1.0,C01
201400059422,0,33,0,0.0,2.0,1.0,17.0,A01
201400059422,0,7,0,0.0,2.0,4.0,11.0,B01
201400059423,0,7,0,0.0,2.0,2.0,15.0,A01
201400059423,0,2,0,0.0,2.0,1.0,1.0,B01
201400059424,0,30,0,0.0,0.0,1.0,1.0,A01
201400059425,1,30,0,0.0,1.0,1.0,1.0,A01
201400059426,1,2,0,0.0,2.0,1.0,2.0,Z01
201400059426,0,1,0,0.0,2.0,4.0,2.0,B01
201400059427,0,7,0,0.0,2.0,8.0,15.0,B01
201400059427,0,7,0,0.0,2.0,1.0,17.0,A01
201400059428,0,7,0,0.0,1.0,1.0,0.0,A01
201400059429,0,7,0,0.0,2.0,3.0,1.0,B01
201400059429,0,7,0,0.0,2.0,6.0,13.0,A01
201400059430,0,1,0,0.0,2.0,7.0,0.0,B01
201400059430,0,7,0,0.0,9.0,1.0,0.0,A01
201400059431,0,7,0,0.0,0.0,1.0,17.0,A01
201400059432,0,1,0,0.0,2.0,1.0,1.0,A01
201400059432,0,7,0,0.0,9.0,1.0,15.0,B01
201400059433,1,7,0,0.0,9.0,1.0,2.0,B01
201400059433,0,1,0,0.0,2.0,4.0,2.0,A01
201400059434,0,7,0,0.0,1.0,3.0,1.0,A01
201400059435,0,7,0,0.0,0.0,4.0,0.0,B01
201400059435,0,30,0,0.0,2.0,1.0,0.0,A01
201400059436,0,7,0,0.0,9.0,9.0,2.0,B01
201400059436,0,35,0,0.0,2.0,3.0,2.0,A01
201400059437,0,7,0,0.0,2.0,1.0,0.0,A01
201400059437,0,7,0,0.0,2.0,4.0,0.0,B01
201400059438,0,1,0,0.0,2.0,4.0,0.0,B01
201400059438,0,7,0,0.0,9.0,1.0,0.0,A01
201400059439,0,10,0,0.0,0.0,9.0,0.0,A01
201400059440,0,7,0,0.0,9.0,5.0,12.0,A01
201400059440,0,1,0,0.0,2.0,3.0,0.0,B01
201400059441,0,30,0,0.0,0.0,0.0,0.0,A01
201400059442,0,7,0,0.0,1.0,2.0,0.0,A01
201400059443,0,30,0,0.0,9.0,1.0,0.0,A01
201400059444,0,7,0,0.0,5.0,2.0,0.0,A01
201400059445,0,7,0,0.0,2.0,0.0,17.0,A01
201400059446,1,7,0,0.0,1.0,1.0,0.0,A01
201400059447,0,7,0,0.0,2.0,0.0,0.0,B01
201400059447,0,7,0,0.0,2.0,1.0,0.0,A01
201400059448,0,7,0,0.0,9.0,5.0,0.0,A01
201400059448,0,1,0,0.0,2.0,3.0,0.0,B01
201400059449,0,7,0,0.0,0.0,1.0,0.0,A01
201400059450,0,7,0,0.0,9.0,8.0,0.0,B01
201400059450,0,30,0,0.0,2.0,1.0,0.0,A01
201400059451,0,7,0,0.0,0.0,1.0,0.0,A01
201400059452,0,7,0,0.0,0.0,9.0,0.0,A01
201400059453,0,7,0,6.0,0.0,3.0,1.0,A01
201400059454,0,2,0,0.0,2.0,2.0,0.0,A01
201400059454,0,7,0,0.0,9.0,2.0,0.0,B01
201400059455,0,7,0,0.0,1.0,1.0,0.0,A01
201400059456,0,7,0,8.0,0.0,1.0,1.0,A01
201400059457,0,7,0,0.0,2.0,3.0,0.0,A01
201400059457,0,7,0,0.0,2.0,1.0,0.0,B01
201400059458,0,7,0,0.0,2.0,1.0,0.0,A01
201400059458,0,7,0,0.0,2.0,2.0,2.0,B01
201400059459,0,7,0,0.0,2.0,1.0,1.0,A01
201400059459,0,1,0,0.0,2.0,1.0,1.0,B01
201400059460,0,7,0,0.0,2.0,2.0,1.0,B01
201400059460,0,7,0,0.0,2.0,2.0,17.0,A01
201400059460,0,7,0,0.0,2.0,3.0,1.0,D01
201400059460,0,7,0,0.0,2.0,1.0,14.0,C01
201400059461,0,7,0,0.0,1.0,1.0,1.0,A01
201400059462,0,7,0,0.0,2.0,1.0,2.0,A01
201400059462,0,7,0,0.0,2.0,4.0,2.0,B01
201400059463,0,30,0,0.0,0.0,0.0,0.0,A01
201400059464,0,30,0,0.0,2.0,1.0,1.0,B01
201400059464,0,7,0,0.0,9.0,3.0,15.0,A01
201400059465,0,2,0,0.0,2.0,1.0,9.0,A01
201400059465,0,7,0,0.0,2.0,2.0,1.0,B01
201400059466,0,7,0,0.0,2.0,2.0,1.0,B01
201400059466,0,2,0,0.0,2.0,1.0,1.0,A01
201400059467,0,7,0,0.0,2.0,4.0,1.0,B01
201400059467,0,33,0,0.0,2.0,2.0,18.0,A01
201400059468,0,7,0,0.0,2.0,1.0,13.0,A01
201400059468,0,7,0,0.0,2.0,1.0,23.0,B01
201400059469,0,7,0,0.0,2.0,8.0,1.0,B01
201400059469,0,7,0,0.0,2.0,8.0,9.0,A01
201400059470,0,33,0,0.0,2.0,1.0,1.0,B01
201400059470,0,7,0,0.0,2.0,5.0,15.0,A01
201400059471,0,30,0,0.0,0.0,0.0,0.0,A01
201400059472,0,30,0,0.0,2.0,1.0,2.0,A01
201400059472,0,7,0,0.0,2.0,4.0,2.0,B01
201400059473,0,7,0,0.0,2.0,1.0,0.0,A01
201400059473,0,7,0,0.0,0.0,4.0,0.0,B01
201400059474,0,7,0,0.0,1.0,1.0,0.0,A01
201400059475,0,7,0,14.0,0.0,0.0,0.0,A01
201400059476,0,7,0,0.0,0.0,5.0,0.0,A01
201400059477,0,7,0,0.0,2.0,1.0,13.0,A01
201400059477,0,30,0,0.0,2.0,1.0,0.0,B01
201400059478,0,7,0,0.0,2.0,0.0,1.0,A01
201400059478,0,1,0,0.0,2.0,0.0,0.0,B01
201400059479,0,7,0,0.0,0.0,6.0,0.0,A01
201400059479,0,2,0,0.0,2.0,1.0,0.0,B01
201400059480,0,7,0,0.0,0.0,0.0,1.0,A01
201400059481,0,7,0,13.0,0.0,0.0,1.0,A01
201400059482,0,30,0,0.0,2.0,0.0,1.0,B01
201400059482,1,99,0,0.0,9.0,0.0,0.0,A01
201400059483,0,7,0,0.0,1.0,0.0,0.0,A01
201400059484,0,7,0,0.0,1.0,1.0,1.0,A01
201400059485,0,30,0,0.0,2.0,0.0,14.0,B01
201400059485,0,7,0,0.0,0.0,3.0,1.0,A01
201400059486,0,7,0,0.0,0.0,0.0,0.0,A01
201400059487,0,7,0,0.0,2.0,1.0,1.0,B01
201400059487,0,7,0,0.0,2.0,3.0,0.0,A01
201400059488,0,7,0,0.0,1.0,1.0,1.0,A01
201400059489,0,33,0,0.0,2.0,1.0,1.0,B01
201400059489,0,7,0,0.0,2.0,3.0,15.0,A01
201400059490,0,30,0,0.0,2.0,7.0,1.0,B01
201400059490,0,7,0,0.0,2.0,8.0,20.0,A01
201400059491,0,7,0,0.0,2.0,1.0,1.0,B01
201400059491,0,7,0,0.0,2.0,1.0,1.0,A01
201400059492,0,7,0,0.0,0.0,0.0,0.0,A01
201400059493,0,7,0,0.0,2.0,3.0,1.0,B01
201400059493,0,7,0,0.0,2.0,3.0,15.0,A01
201400059494,0,7,0,0.0,0.0,9.0,0.0,A01
201400059495,0,7,0,0.0,2.0,8.0,12.0,B01
201400059495,0,7,0,0.0,2.0,7.0,1.0,A01
201400059496,0,7,0,0.0,0.0,9.0,0.0,A01
201400059497,0,7,0,0.0,0.0,0.0,0.0,A01
201400059498,0,7,0,0.0,0.0,0.0,0.0,A01
201400059499,0,7,0,0.0,2.0,0.0,5.0,A01
201400059499,0,7,0,0.0,2.0,0.0,9.0,B01
201400059500,0,1,0,0.0,2.0,0.0,0.0,B01
201400059500,0,7,0,0.0,9.0,0.0,0.0,A01
201400059501,0,7,0,0.0,1.0,1.0,17.0,A01
201400059502,0,1,0,0.0,2.0,0.0,13.0,B01
201400059502,0,13,0,0.0,0.0,0.0,0.0,A01
201400059503,0,1,0,0.0,2.0,1.0,0.0,B01
201400059503,0,7,0,0.0,9.0,2.0,1.0,A01
201400059504,0,1,0,0.0,2.0,0.0,1.0,B01
201400059504,0,7,0,0.0,0.0,0.0,9.0,A01
201400059505,0,7,0,0.0,0.0,6.0,15.0,A01
201400059505,0,30,0,0.0,2.0,1.0,17.0,B01
201400059506,0,1,0,0.0,2.0,1.0,0.0,B01
201400059506,0,7,0,0.0,9.0,3.0,9.0,A01
201400059507,0,10,0,0.0,0.0,4.0,1.0,B01
201400059507,0,7,0,0.0,2.0,1.0,1.0,A01
201400059508,0,7,0,0.0,0.0,0.0,15.0,B01
201400059508,0,2,0,0.0,2.0,0.0,17.0,A01
201400059509,0,30,0,0.0,0.0,0.0,0.0,A01
201400059510,0,7,0,0.0,1.0,0.0,1.0,A01
201400059511,0,7,0,0.0,2.0,4.0,23.0,B01
201400059511,0,7,0,0.0,0.0,4.0,10.0,C01
201400059511,0,7,0,0.0,2.0,1.0,1.0,A01
201400059512,0,2,0,0.0,2.0,0.0,1.0,B01
201400059512,0,7,0,0.0,9.0,0.0,15.0,A01
201400059513,0,7,0,0.0,0.0,0.0,0.0,A01
201400059514,0,7,0,1.0,0.0,1.0,0.0,A01
201400059515,0,7,0,0.0,2.0,1.0,1.0,A01
201400059515,0,7,0,0.0,0.0,4.0,0.0,B01
201400059516,0,7,0,0.0,9.0,3.0,9.0,A01
201400059516,0,1,0,0.0,2.0,4.0,1.0,B01
201400059517,0,7,0,0.0,0.0,0.0,0.0,A01
201400059517,0,7,0,0.0,0.0,0.0,0.0,B01
201400059517,0,7,0,0.0,2.0,0.0,0.0,C01
201400059518,0,7,0,0.0,2.0,1.0,1.0,B01
201400059518,0,7,0,0.0,2.0,1.0,0.0,A01
201400059519,0,7,0,0.0,0.0,0.0,0.0,A01
201400059520,1,7,0,0.0,1.0,0.0,0.0,A01
201400059521,0,7,0,0.0,2.0,7.0,0.0,A01
201400059521,0,7,0,0.0,2.0,1.0,1.0,B01
201400059522,0,2,0,0.0,0.0,0.0,0.0,A01
201400059523,0,2,0,0.0,2.0,1.0,0.0,A01
201400059523,0,7,0,0.0,9.0,1.0,0.0,B01
201400059524,0,30,0,0.0,9.0,4.0,0.0,B01
201400059524,0,30,0,0.0,9.0,1.0,0.0,A01
201400059525,0,30,0,0.0,2.0,1.0,17.0,A01
201400059525,0,7,0,0.0,2.0,3.0,15.0,B01
201400059526,0,17,0,0.0,0.0,2.0,16.0,B01
201400059526,0,7,0,0.0,2.0,1.0,18.0,A01
201400059527,0,7,0,16.0,0.0,0.0,0.0,A01
201400059528,0,7,0,0.0,1.0,1.0,1.0,A01
201400059529,0,32,0,0.0,2.0,0.0,0.0,B01
201400059529,0,32,0,0.0,2.0,0.0,0.0,A01
201400059530,0,7,0,1.0,1.0,2.0,0.0,A01
201400059531,0,7,0,0.0,1.0,6.0,0.0,A01
201400059532,0,7,0,0.0,2.0,1.0,0.0,A01
201400059532,0,7,0,0.0,2.0,5.0,0.0,B01
201400059533,0,30,0,0.0,2.0,1.0,0.0,A01
201400059533,0,7,0,0.0,2.0,3.0,0.0,B01
201400059534,0,7,0,0.0,1.0,0.0,4.0,A01
201400059535,0,7,0,0.0,1.0,8.0,0.0,A01
201400059536,0,7,0,0.0,1.0,1.0,0.0,A01
201400059537,0,7,0,0.0,2.0,0.0,0.0,A01
201400059537,0,7,0,0.0,2.0,0.0,0.0,B01
201400059538,0,7,0,8.0,0.0,2.0,1.0,A01
201400059539,0,7,0,0.0,2.0,4.0,0.0,B01
201400059539,0,1,0,0.0,2.0,1.0,2.0,A01
201400059540,0,33,0,14.0,1.0,0.0,0.0,A01
201400059540,0,37,0,0.0,2.0,2.0,23.0,B01
201400059541,0,7,0,0.0,2.0,2.0,0.0,B01
201400059541,0,2,0,0.0,2.0,1.0,0.0,A01
201400059542,0,7,0,0.0,1.0,7.0,1.0,A01
201400059543,0,7,0,0.0,2.0,7.0,0.0,A01
201400059543,0,7,0,0.0,2.0,1.0,0.0,B01
201400059544,0,7,0,0.0,1.0,1.0,0.0,A01
201400059545,0,33,0,0.0,0.0,0.0,0.0,B01
201400059545,0,7,0,0.0,2.0,1.0,9.0,A01
201400059546,0,7,0,0.0,2.0,1.0,1.0,A01
201400059546,0,2,0,0.0,2.0,4.0,1.0,B01
201400059546,0,2,0,0.0,2.0,4.0,1.0,C01
201400059547,0,7,0,0.0,2.0,1.0,1.0,A01
201400059547,0,7,0,0.0,2.0,4.0,1.0,C01
201400059547,0,7,0,0.0,2.0,9.0,1.0,B01
201400059548,0,7,0,0.0,1.0,1.0,5.0,A01
201400059549,0,30,0,0.0,2.0,1.0,1.0,A01
201400059549,0,7,0,0.0,2.0,1.0,15.0,B01
201400059550,0,7,0,0.0,9.0,6.0,0.0,B01
201400059550,0,33,0,0.0,2.0,1.0,1.0,A01
201400059551,0,30,0,0.0,2.0,7.0,1.0,B01
201400059551,0,7,0,0.0,2.0,1.0,15.0,A01
201400059552,0,37,1,1.0,1.0,2.0,15.0,A01
201400059553,0,30,0,0.0,2.0,7.0,1.0,A01
201400059553,0,7,0,0.0,2.0,1.0,1.0,B01
201400059554,0,7,0,0.0,1.0,3.0,2.0,A01
201400059555,0,33,0,2.0,2.0,1.0,2.0,A01
201400059555,0,31,0,0.0,0.0,6.0,2.0,B01
201400059556,0,33,0,0.0,2.0,1.0,1.0,B01
201400059556,1,7,0,0.0,2.0,1.0,1.0,A01
201400059557,0,7,0,0.0,0.0,1.0,0.0,A01
201400059557,0,7,0,0.0,0.0,1.0,0.0,B01