Num_Acc,senc,catv,occutc,obs,obsm,choc,manv,num_veh
201400059558,0,7,0,0.0,2.0,2.0,1.0,B01
201400059558,0,7,0,0.0,2.0,3.0,1.0,A01
201400059559,0,2,0,0.0,0.0,9.0,1.0,A01
201400059560,1,7,0,0.0,1.0,0.0,0.0,A01
201400059561,0,7,0,0.0,1.0,7.0,0.0,A01
201400059562,0,33,0,0.0,2.0,1.0,0.0,A01
201400059562,0,10,0,0.0,2.0,2.0,1.0,B01
201400059563,0,7,0,0.0,2.0,4.0,1.0,B01
201400059563,0,7,0,0.0,2.0,1.0,1.0,A01
201400059564,0,1,0,0.0,2.0,1.0,1.0,B01
201400059564,0,30,0,0.0,2.0,1.0,1.0,A01
201400059565,0,30,0,0.0,1.0,1.0,1.0,A01
201400059566,1,10,0,0.0,1.0,0.0,0.0,A01
201400059567,0,7,0,0.0,1.0,8.0,1.0,A01
201400059568,0,2,0,0.0,2.0,1.0,1.0,A01
201400059568,0,38,1,0.0,2.0,3.0,15.0,B01
201400059569,0,1,0,0.0,2.0,1.0,1.0,B01
201400059569,0,7,0,0.0,9.0,3.0,0.0,A01
201400059570,0,32,0,0.0,2.0,1.0,1.0,B01
201400059570,0,7,0,0.0,0.0,1.0,1.0,A01
201400059571,0,7,0,0.0,1.0,0.0,15.0,A01
201400059572,0,7,0,0.0,0.0,5.0,2.0,B01
201400059572,0,30,0,0.0,2.0,1.0,2.0,A01
201400059573,0,32,0,0.0,2.0,1.0,1.0,B01
201400059573,0,7,0,0.0,2.0,6.0,10.0,A01
201400059574,0,7,0,0.0,1.0,0.0,0.0,A01
201400059575,0,7,0,0.0,2.0,7.0,0.0,B01
201400059575,0,30,0,0.0,2.0,1.0,0.0,A01
201400059576,0,7,0,0.0,1.0,0.0,0.0,A01
201400059577,0,7,0,0.0,2.0,6.0,1.0,B01
201400059577,0,7,0,0.0,2.0,1.0,1.0,A01
201400059578,0,7,0,0.0,0.0,6.0,1.0,B01
201400059578,0,2,0,0.0,2.0,1.0,7.0,A01
201400059579,0,7,0,1.0,1.0,1.0,2.0,A01
201400059579,0,7,0,0.0,0.0,4.0,24.0,B01
201400059580,0,7,0,0.0,0.0,6.0,15.0,A01
201400059580,0,1,0,0.0,2.0,1.0,1.0,Y01
201400059581,0,7,0,0.0,2.0,2.0,1.0,A01
201400059581,0,1,0,0.0,2.0,8.0,1.0,B01
201400059582,0,33,0,0.0,2.0,7.0,2.0,B01
201400059582,0,7,0,0.0,2.0,8.0,2.0,A01
201400059583,0,30,0,0.0,2.0,1.0,2.0,A01
201400059583,0,7,0,0.0,0.0,4.0,2.0,B01
201400059584,0,10,0,0.0,1.0,1.0,1.0,A01
201400059585,0,7,0,0.0,1.0,3.0,1.0,A01
201400059586,0,7,0,0.0,1.0,0.0,0.0,A01
201400059587,0,7,0,0.0,1.0,1.0,16.0,A01
201400059588,0,7,0,0.0,0.0,6.0,1.0,B01
201400059588,0,33,0,0.0,2.0,7.0,11.0,A01
201400059589,0,7,0,0.0,0.0,4.0,2.0,A01
201400059589,0,33,0,0.0,2.0,1.0,2.0,B01
201400059590,0,1,0,0.0,2.0,5.0,3.0,A01
201400059590,0,7,0,0.0,9.0,2.0,0.0,B01
201400059591,0,7,0,0.0,0.0,6.0,2.0,B01
201400059591,0,33,0,0.0,2.0,1.0,17.0,A01
201400059591,0,7,0,0.0,2.0,1.0,0.0,C01
201400059592,1,7,0,0.0,1.0,1.0,1.0,A01
201400059593,0,30,0,0.0,0.0,0.0,0.0,B01
201400059593,0,7,0,0.0,0.0,0.0,0.0,A01
201400059594,0,7,0,0.0,2.0,6.0,0.0,B01
201400059594,0,99,0,0.0,2.0,8.0,17.0,A01
201400059595,0,7,0,0.0,1.0,1.0,2.0,A01
201400059596,0,30,0,0.0,2.0,8.0,19.0,A01
201400059596,0,10,0,0.0,2.0,1.0,7.0,B01
201400059597,0,33,0,0.0,2.0,1.0,15.0,B01
201400059597,0,7,0,0.0,2.0,3.0,15.0,A01
201400059598,0,7,0,0.0,2.0,1.0,1.0,B01
201400059598,0,33,0,0.0,2.0,1.0,1.0,A01
201400059599,0,7,0,0.0,1.0,1.0,1.0,A01
201400059600,0,2,0,0.0,1.0,1.0,2.0,A01
201400059601,0,7,0,0.0,2.0,4.0,2.0,C01
201400059601,0,7,0,0.0,2.0,1.0,2.0,A01
201400059601,0,7,0,0.0,2.0,4.0,2.0,B01
201400059602,0,7,0,2.0,1.0,1.0,0.0,A01
201400059603,0,7,0,0.0,0.0,1.0,1.0,A01
201400059603,0,33,0,0.0,2.0,7.0,1.0,B01
201400059604,0,33,0,0.0,2.0,1.0,2.0,B01
201400059604,0,3,0,0.0,2.0,8.0,15.0,A01
201400059605,1,7,0,0.0,0.0,4.0,23.0,B01
201400059605,0,31,0,0.0,2.0,1.0,17.0,A01
201400059606,0,33,0,12.0,0.0,3.0,1.0,A01
201400059607,0,7,0,0.0,0.0,7.0,14.0,A01
201400059608,0,7,0,0.0,0.0,7.0,14.0,A01
201400059609,0,1,0,0.0,2.0,4.0,16.0,B01
201400059609,0,7,0,0.0,2.0,2.0,1.0,A01
201400059610,0,7,0,0.0,0.0,9.0,1.0,A01
201400059611,0,7,0,0.0,2.0,1.0,1.0,A01
201400059611,0,7,0,0.0,2.0,4.0,2.0,B01
201400059611,0,10,0,0.0,2.0,4.0,2.0,C01
201400059612,0,7,0,0.0,2.0,4.0,2.0,B01
201400059612,0,10,0,0.0,2.0,2.0,1.0,A01
201400059613,0,33,0,0.0,2.0,3.0,1.0,A01
201400059613,0,7,0,0.0,2.0,5.0,1.0,B01
201400059614,0,7,0,0.0,2.0,1.0,2.0,E01
201400059614,0,7,0,0.0,2.0,1.0,1.0,A01
201400059614,0,7,0,0.0,2.0,1.0,2.0,C01
201400059614,0,7,0,0.0,2.0,1.0,2.0,F02
201400059614,0,10,0,0.0,2.0,4.0,2.0,B01
201400059614,0,7,0,0.0,2.0,1.0,2.0,D01
201400059615,0,2,0,0.0,2.0,8.0,1.0,B01
201400059615,0,7,0,0.0,2.0,3.0,15.0,A01
201400059616,0,13,0,0.0,2.0,3.0,1.0,B01
201400059616,0,7,0,0.0,2.0,3.0,13.0,A01
201400059617,0,7,0,0.0,2.0,8.0,24.0,A01
201400059617,0,30,0,1.0,0.0,1.0,21.0,B01
201400059618,0,7,0,0.0,2.0,8.0,21.0,B01
201400059618,0,10,0,0.0,2.0,1.0,21.0,A01
201400059619,0,7,0,0.0,2.0,1.0,1.0,B01
201400059619,0,30,0,0.0,2.0,1.0,5.0,A01
201400059620,0,7,0,0.0,1.0,3.0,21.0,A01
201400059621,0,7,0,0.0,1.0,1.0,21.0,A01
201400059622,0,33,0,0.0,2.0,1.0,2.0,A01
201400059622,0,7,0,0.0,2.0,4.0,1.0,B01
201400059623,0,33,0,0.0,0.0,3.0,14.0,A01
201400059624,0,7,0,0.0,2.0,2.0,14.0,A01
201400059624,0,7,0,0.0,2.0,3.0,1.0,B01
201400059625,0,10,0,0.0,2.0,6.0,2.0,B01
201400059625,0,2,0,0.0,2.0,2.0,17.0,A01
201400059626,0,2,0,0.0,0.0,1.0,1.0,A01
201400059627,0,33,0,0.0,2.0,1.0,2.0,A01
201400059627,0,7,0,0.0,2.0,4.0,2.0,B01
201400059628,0,34,0,0.0,0.0,8.0,14.0,A01
201400059629,0,7,0,0.0,2.0,1.0,15.0,A01
201400059629,0,33,0,0.0,2.0,1.0,5.0,B01
201400059630,0,7,0,6.0,0.0,1.0,14.0,A01
201400059631,0,7,0,0.0,2.0,7.0,14.0,A01
201400059631,0,1,0,0.0,2.0,8.0,1.0,B01
201400059632,0,1,0,0.0,2.0,1.0,1.0,B01
201400059632,0,10,0,0.0,2.0,2.0,15.0,A01
201400059633,0,2,0,0.0,0.0,1.0,14.0,A01
201400059634,0,7,0,4.0,0.0,9.0,0.0,A01
201400059635,0,7,0,0.0,2.0,2.0,19.0,A01
201400059635,0,7,0,0.0,2.0,1.0,2.0,C01
201400059635,0,2,0,0.0,2.0,1.0,1.0,B01
201400059636,0,2,0,0.0,2.0,1.0,2.0,A01
201400059636,0,7,0,0.0,2.0,4.0,2.0,B01
201400059637,0,32,0,0.0,1.0,4.0,2.0,B01
201400059637,0,7,0,0.0,2.0,2.0,2.0,A01
201400059638,0,7,0,0.0,2.0,2.0,16.0,B01
201400059638,0,33,0,0.0,2.0,1.0,18.0,A01
201400059639,0,7,0,0.0,0.0,0.0,14.0,A01
201400059640,0,7,0,0.0,1.0,1.0,1.0,A01
201400059641,0,7,0,0.0,2.0,1.0,2.0,A01
201400059641,0,10,0,0.0,2.0,4.0,2.0,B01
201400059642,0,30,0,0.0,2.0,3.0,18.0,A01
201400059642,0,7,0,0.0,2.0,2.0,16.0,B01
201400059643,0,7,0,0.0,2.0,7.0,22.0,A01
201400059643,0,1,0,0.0,2.0,1.0,18.0,B01
201400059644,0,7,0,0.0,2.0,1.0,1.0,B01
201400059644,0,7,0,0.0,2.0,8.0,15.0,A01
201400059645,0,1,0,0.0,2.0,4.0,1.0,B01
201400059645,0,21,0,0.0,2.0,2.0,14.0,A01
201400059646,0,7,0,0.0,1.0,1.0,1.0,A01
201400059647,0,2,0,0.0,0.0,1.0,14.0,A01
201400059648,0,7,0,0.0,1.0,1.0,1.0,A01
201400059649,0,13,0,0.0,2.0,1.0,2.0,A01
201400059649,0,7,0,0.0,2.0,4.0,2.0,B01
201400059650,0,35,0,0.0,2.0,1.0,13.0,A01
201400059650,0,10,0,0.0,2.0,3.0,23.0,B01
201400059651,0,2,0,0.0,0.0,1.0,14.0,A01
201400059652,0,10,0,0.0,2.0,4.0,2.0,C01
201400059652,0,33,0,0.0,2.0,4.0,2.0,B01
201400059652,0,7,0,0.0,2.0,1.0,2.0,A01
201400059653,0,33,0,0.0,2.0,1.0,1.0,A01
201400059653,0,7,0,0.0,2.0,4.0,2.0,B01
201400059654,0,10,0,0.0,2.0,1.0,2.0,A01
201400059654,0,7,0,0.0,2.0,4.0,2.0,B01
201400059655,0,7,0,0.0,2.0,2.0,15.0,A01
201400059655,0,1,0,0.0,2.0,1.0,1.0,B01
201400059656,0,7,0,0.0,2.0,7.0,15.0,A01
201400059656,0,2,0,0.0,2.0,1.0,1.0,B01
201400059657,0,7,0,0.0,0.0,1.0,14.0,A01
201400059658,0,7,0,0.0,1.0,1.0,1.0,A01
201400059659,0,7,0,0.0,2.0,1.0,1.0,A01
201400059659,0,32,0,0.0,2.0,1.0,5.0,B01
201400059660,0,7,0,0.0,1.0,4.0,4.0,A01
201400059661,0,7,0,0.0,2.0,7.0,15.0,A01
201400059661,0,2,0,0.0,2.0,1.0,1.0,B01
201400059662,0,1,0,0.0,2.0,1.0,2.0,B01
201400059662,0,7,0,0.0,2.0,4.0,2.0,A01
201400059663,0,10,0,0.0,1.0,1.0,16.0,A01
201400059664,0,2,0,0.0,1.0,1.0,1.0,A01
201400059665,0,7,0,3.0,0.0,2.0,14.0,A01
201400059666,0,7,0,0.0,2.0,1.0,2.0,A01
201400059666,0,7,0,0.0,2.0,6.0,2.0,B01
201400059667,0,7,0,0.0,2.0,4.0,2.0,B01
201400059667,0,2,0,0.0,2.0,1.0,2.0,A01
201400059668,0,10,0,0.0,2.0,3.0,9.0,A01
201400059668,0,31,0,0.0,2.0,7.0,1.0,B01
201400059669,0,7,0,0.0,0.0,9.0,13.0,A01
201400059670,0,7,0,4.0,0.0,1.0,13.0,A01
201400059671,0,2,0,0.0,2.0,1.0,2.0,A01
201400059671,0,7,0,0.0,2.0,4.0,2.0,B01
201400059672,0,7,0,3.0,0.0,2.0,14.0,A01
201400059673,0,7,0,0.0,1.0,1.0,1.0,A01
201400059674,0,2,0,13.0,0.0,0.0,14.0,A01
201400059675,0,33,0,0.0,0.0,8.0,13.0,A01
201400059676,0,7,0,0.0,1.0,1.0,1.0,A01
201400059677,0,2,0,0.0,1.0,1.0,1.0,A01
201400059678,0,7,0,0.0,0.0,9.0,14.0,A01
201400059679,0,7,0,0.0,1.0,1.0,1.0,A01
201400059680,1,99,0,0.0,1.0,2.0,0.0,A01
201400059681,0,7,0,0.0,1.0,1.0,1.0,A01
201400059682,0,10,0,0.0,2.0,8.0,15.0,B01
201400059682,0,33,0,0.0,2.0,2.0,17.0,A01
201400059683,0,30,0,0.0,1.0,1.0,1.0,A01
201400059684,0,7,0,3.0,0.0,1.0,14.0,A01
201400059685,0,7,0,3.0,0.0,1.0,13.0,A01
201400059686,0,10,0,0.0,2.0,4.0,2.0,B01
201400059686,0,7,0,0.0,2.0,1.0,2.0,A01
201400059687,1,2,0,16.0,0.0,0.0,0.0,A01
201400059688,0,7,0,6.0,0.0,7.0,14.0,A01
201400059689,0,7,0,0.0,1.0,7.0,4.0,A01
201400059690,0,1,0,0.0,1.0,1.0,1.0,A01
201400059691,0,7,0,0.0,2.0,8.0,15.0,A01
201400059691,0,32,0,0.0,2.0,8.0,17.0,B01
201400059692,0,7,0,0.0,2.0,4.0,2.0,B01
201400059692,0,32,0,0.0,2.0,1.0,2.0,A01
201400059693,0,7,0,0.0,0.0,9.0,1.0,A01
201400059694,0,2,0,0.0,2.0,1.0,16.0,A01
201400059694,0,7,0,0.0,2.0,2.0,1.0,B01
201400059695,0,33,0,0.0,0.0,1.0,1.0,A01
201400059696,0,7,0,3.0,0.0,1.0,14.0,A01
201400059697,0,1,0,0.0,2.0,1.0,17.0,B01
201400059697,0,13,0,0.0,2.0,8.0,15.0,A01
201400059698,0,7,0,0.0,2.0,1.0,2.0,A01
201400059698,0,7,0,0.0,2.0,4.0,2.0,C01
201400059698,0,7,0,0.0,2.0,4.0,2.0,B01
201400059699,0,2,0,2.0,0.0,1.0,14.0,A01
201400059700,0,7,0,0.0,2.0,2.0,15.0,A01
201400059700,0,30,0,0.0,2.0,1.0,1.0,B01
201400059701,0,33,0,0.0,0.0,0.0,1.0,A01
201400059702,0,7,0,0.0,1.0,1.0,1.0,A01
201400059703,0,7,0,0.0,2.0,7.0,1.0,B01
201400059703,0,2,0,0.0,2.0,1.0,16.0,A01
201400059704,0,7,0,0.0,0.0,1.0,14.0,A01
201400059705,0,33,0,0.0,0.0,0.0,21.0,A01
201400059706,0,2,0,0.0,0.0,0.0,1.0,A01
201400059707,1,2,0,0.0,0.0,0.0,14.0,A01
201400059708,0,2,0,0.0,0.0,0.0,14.0,A01
201400059709,0,10,0,0.0,2.0,1.0,2.0,A01
201400059709,0,7,0,0.0,2.0,4.0,2.0,B01
201400059710,0,7,0,0.0,2.0,1.0,16.0,A01
201400059710,0,10,0,0.0,2.0,2.0,1.0,B01
201400059711,0,10,0,0.0,2.0,2.0,1.0,B01
201400059711,0,1,0,0.0,2.0,4.0,19.0,A01
201400059712,0,33,0,0.0,0.0,7.0,14.0,A01
201400059713,0,7,0,0.0,5.0,9.0,21.0,A01
201400059714,0,1,0,0.0,0.0,0.0,14.0,A01
201400059715,0,7,0,0.0,0.0,9.0,13.0,A01
201400059716,0,1,0,0.0,0.0,0.0,1.0,A01
201400059717,0,33,0,0.0,2.0,1.0,1.0,B01
201400059717,0,7,0,0.0,2.0,2.0,15.0,A01
201400059718,1,7,0,0.0,1.0,4.0,4.0,A01
201400059718,0,7,0,0.0,2.0,1.0,24.0,B01
201400059719,1,10,0,0.0,2.0,3.0,13.0,A01
201400059719,0,33,0,0.0,2.0,8.0,1.0,B01
201400059720,0,7,0,0.0,1.0,1.0,1.0,A01
201400059721,0,2,0,0.0,2.0,4.0,15.0,B01
201400059721,0,33,0,0.0,2.0,8.0,2.0,A01
201400059722,0,7,0,0.0,0.0,9.0,14.0,A01
201400059723,0,7,0,0.0,1.0,1.0,1.0,A01
201400059724,0,1,0,0.0,1.0,1.0,1.0,A01
201400059725,0,7,0,0.0,2.0,3.0,1.0,B01
201400059725,0,7,0,0.0,2.0,3.0,15.0,A01
201400059726,0,7,0,0.0,2.0,3.0,13.0,A01
201400059726,0,7,0,0.0,2.0,3.0,21.0,B01
201400059727,0,7,0,0.0,2.0,8.0,15.0,A01
201400059727,0,1,0,0.0,2.0,1.0,17.0,B01
201400059728,0,7,0,0.0,0.0,7.0,14.0,A01
201400059729,0,7,0,0.0,1.0,1.0,1.0,A01
201400059730,0,10,0,0.0,2.0,3.0,1.0,B01
201400059730,0,7,0,0.0,2.0,3.0,17.0,A01
201400059731,0,30,0,0.0,2.0,1.0,1.0,B01
201400059731,0,7,0,0.0,2.0,1.0,15.0,A01
201400059732,1,7,0,0.0,1.0,1.0,1.0,A01
201400059733,0,7,0,3.0,0.0,9.0,13.0,A01
201400059734,0,7,0,0.0,1.0,1.0,1.0,A01
201400059735,0,2,0,0.0,0.0,7.0,14.0,A01
201400059736,0,2,0,0.0,0.0,7.0,14.0,A01
201400059737,0,7,0,0.0,0.0,0.0,14.0,A01
201400059738,0,7,0,0.0,2.0,1.0,2.0,A01
201400059738,0,7,0,0.0,2.0,4.0,2.0,B01
201400059739,0,7,0,0.0,2.0,8.0,1.0,C01
201400059739,0,7,0,0.0,2.0,6.0,18.0,A01
201400059739,0,7,0,0.0,2.0,2.0,1.0,B01
201400059740,0,2,0,0.0,2.0,3.0,21.0,B01
201400059740,0,7,0,0.0,2.0,3.0,21.0,A01
201400059741,0,7,0,4.0,0.0,2.0,14.0,A01
201400059742,0,2,0,13.0,0.0,8.0,14.0,A01
201400059743,0,7,0,0.0,1.0,1.0,1.0,A01
201400059744,0,2,0,0.0,2.0,1.0,2.0,B01
201400059744,0,7,0,0.0,2.0,4.0,15.0,A01
201400059745,0,7,0,13.0,0.0,8.0,14.0,A01
201400059746,0,7,0,0.0,2.0,1.0,2.0,C01
201400059746,0,7,0,0.0,2.0,4.0,1.0,A01
201400059746,0,7,0,0.0,2.0,4.0,2.0,B01
201400059747,0,15,0,0.0,2.0,3.0,5.0,B01
201400059747,0,7,0,0.0,2.0,3.0,13.0,A01
201400059748,0,7,0,0.0,0.0,9.0,14.0,A01
201400059749,0,7,0,0.0,2.0,4.0,1.0,A01
201400059749,1,7,0,0.0,2.0,1.0,2.0,B01
201400059750,0,7,0,0.0,1.0,2.0,1.0,A01
201400059751,0,7,0,0.0,2.0,7.0,23.0,B01
201400059751,0,32,0,0.0,2.0,2.0,16.0,A01
201400059752,0,33,0,0.0,2.0,1.0,21.0,B01
201400059752,0,7,0,0.0,2.0,7.0,15.0,A01
201400059753,0,10,0,0.0,0.0,2.0,1.0,B01
201400059753,0,1,0,0.0,2.0,1.0,16.0,A01
201400059754,1,7,0,0.0,2.0,5.0,17.0,B01
201400059754,0,30,0,0.0,2.0,1.0,1.0,A01
201400059755,0,30,0,0.0,2.0,1.0,17.0,A01
201400059755,0,10,0,0.0,2.0,8.0,15.0,B01
201400059756,0,30,0,15.0,0.0,1.0,14.0,A01
201400059757,0,7,0,0.0,1.0,1.0,1.0,A01
201400059758,0,7,0,0.0,2.0,9.0,21.0,A01
201400059759,0,7,0,0.0,2.0,4.0,1.0,B01
201400059759,0,7,0,0.0,2.0,1.0,2.0,A01
201400059760,0,7,0,0.0,2.0,4.0,2.0,B01
201400059760,0,7,0,0.0,2.0,1.0,2.0,D01
201400059760,0,7,0,0.0,2.0,4.0,2.0,C01
201400059760,0,7,0,0.0,2.0,4.0,15.0,A01
201400059761,0,7,0,0.0,2.0,1.0,1.0,A01
201400059761,1,1,0,0.0,2.0,1.0,13.0,B01
201400059762,0,7,0,0.0,1.0,1.0,1.0,A01
201400059763,0,1,0,0.0,2.0,7.0,1.0,B01
201400059763,0,7,0,0.0,2.0,1.0,9.0,A01
201400059764,1,7,0,0.0,1.0,1.0,1.0,A01
201400059765,0,7,0,4.0,2.0,1.0,2.0,B01
201400059765,0,7,0,0.0,0.0,1.0,13.0,A01
201400059765,0,7,0,4.0,2.0,1.0,2.0,C01
201400059766,0,7,0,0.0,2.0,1.0,2.0,A01
201400059766,0,7,0,4.0,2.0,4.0,2.0,B01
201400059767,1,7,0,0.0,2.0,4.0,9.0,B01
201400059767,0,1,0,0.0,2.0,1.0,21.0,A01
201400059768,0,10,0,0.0,1.0,1.0,1.0,A01
201400059769,0,33,0,0.0,0.0,7.0,14.0,A01
201400059770,0,2,0,0.0,0.0,0.0,14.0,A01
201400059771,0,30,0,0.0,0.0,0.0,14.0,A01
201400059772,0,2,0,0.0,1.0,1.0,1.0,A01
201400059773,0,7,0,0.0,0.0,1.0,13.0,A01
201400059774,1,21,0,0.0,2.0,0.0,1.0,B01
201400059774,0,33,0,0.0,2.0,0.0,17.0,A01
201400059775,0,7,0,0.0,1.0,1.0,1.0,A01
201400059776,0,2,0,0.0,2.0,1.0,17.0,A01
201400059776,0,7,0,0.0,2.0,3.0,15.0,B01
201400059777,0,7,0,0.0,1.0,1.0,1.0,A01
201400059778,0,7,0,0.0,1.0,1.0,1.0,A01
201400059779,0,32,0,0.0,1.0,1.0,1.0,A01
201400059780,0,33,0,0.0,0.0,0.0,14.0,A01
201400059781,0,7,0,0.0,2.0,4.0,2.0,B01
201400059781,0,7,0,0.0,0.0,9.0,13.0,A01
201400059782,0,7,0,0.0,1.0,3.0,1.0,A01
201400059783,0,2,0,8.0,0.0,1.0,6.0,A01
201400059784,0,33,0,0.0,2.0,1.0,13.0,A01
201400059784,0,10,0,0.0,2.0,3.0,21.0,B01
201400059785,1,99,0,0.0,2.0,0.0,14.0,B01
201400059785,0,33,0,0.0,2.0,7.0,21.0,A01
201400059786,0,7,0,0.0,1.0,2.0,1.0,A01
201400059787,0,2,0,0.0,0.0,0.0,14.0,A01
201400059788,0,2,0,0.0,2.0,1.0,2.0,A01
201400059788,0,10,0,0.0,2.0,4.0,2.0,B01
201400059789,0,2,0,0.0,0.0,0.0,14.0,A01
201400059790,0,7,0,0.0,2.0,1.0,2.0,C01
201400059790,0,7,0,0.0,2.0,1.0,2.0,B01
201400059790,0,7,0,0.0,2.0,4.0,2.0,A01
201400059791,0,7,0,0.0,1.0,1.0,1.0,A01
201400059792,0,7,0,6.0,0.0,1.0,1.0,A01
201400059793,0,10,0,0.0,2.0,4.0,24.0,C01
201400059793,0,2,0,0.0,2.0,3.0,17.0,A01
201400059793,0,7,0,0.0,2.0,3.0,1.0,B01
201400059794,0,2,0,0.0,1.0,1.0,21.0,A01
201400059795,0,7,0,0.0,2.0,1.0,2.0,A01
201400059795,0,7,0,0.0,2.0,6.0,2.0,B01
201400059796,0,7,0,0.0,0.0,0.0,14.0,A01
201400059797,0,33,0,0.0,0.0,0.0,14.0,A01
201400059798,0,7,0,0.0,2.0,8.0,15.0,B01
201400059798,0,7,0,0.0,2.0,1.0,2.0,A01
201400059799,0,7,0,0.0,2.0,5.0,1.0,B01
201400059799,0,33,0,0.0,2.0,1.0,9.0,A01
201400059800,0,33,0,0.0,2.0,1.0,2.0,A01
201400059800,0,7,0,0.0,2.0,0.0,15.0,B01
201400059801,0,33,0,0.0,2.0,1.0,17.0,A01
201400059801,0,7,0,0.0,2.0,8.0,15.0,B01
201400059802,0,2,0,0.0,0.0,0.0,14.0,A01
201400059803,0,30,0,0.0,2.0,4.0,2.0,B01
201400059803,1,7,0,0.0,2.0,1.0,2.0,A01
201400059804,0,33,0,0.0,2.0,3.0,17.0,A01
201400059804,0,7,0,0.0,2.0,8.0,5.0,B01
201400059805,0,7,0,0.0,0.0,0.0,14.0,A01
201400059806,0,30,0,0.0,0.0,0.0,14.0,A01
201400059807,0,32,0,0.0,0.0,7.0,14.0,A01
201400059808,0,7,0,4.0,0.0,3.0,13.0,A01
201400059809,0,2,0,0.0,2.0,8.0,17.0,B01
201400059809,0,7,0,0.0,2.0,8.0,11.0,A01
201400059810,0,7,0,0.0,0.0,9.0,14.0,A01
201400059811,0,7,0,0.0,2.0,1.0,15.0,A01
201400059811,0,1,0,0.0,2.0,1.0,17.0,B01
201400059812,0,33,0,0.0,0.0,7.0,1.0,A01
201400059813,0,7,0,0.0,1.0,1.0,16.0,A01
201400059814,0,21,0,0.0,2.0,8.0,15.0,B01
201400059814,0,33,0,0.0,2.0,1.0,17.0,A01
201400059815,0,33,0,0.0,0.0,0.0,5.0,B01
201400059815,0,7,0,0.0,2.0,1.0,5.0,A01
201400059816,0,2,0,0.0,1.0,1.0,21.0,A01
201400059817,0,7,0,0.0,2.0,3.0,11.0,A01
201400059817,0,7,0,4.0,2.0,5.0,13.0,B01
201400059818,0,7,0,0.0,2.0,4.0,2.0,B01
201400059818,0,10,0,0.0,2.0,1.0,2.0,A01
201400059818,0,7,0,0.0,2.0,4.0,2.0,C01
201400059819,0,31,0,0.0,2.0,7.0,1.0,B01
201400059819,0,7,0,0.0,2.0,1.0,1.0,A01
201400059820,0,7,0,14.0,0.0,1.0,1.0,A01
201400059821,0,7,0,0.0,0.0,9.0,14.0,A01
201400059822,0,16,0,0.0,0.0,7.0,14.0,A01
201400059823,1,2,0,16.0,0.0,0.0,14.0,A01
201400059824,0,7,0,4.0,0.0,9.0,21.0,A01
201400059825,0,7,0,0.0,2.0,1.0,21.0,B01
201400059825,0,7,0,0.0,2.0,1.0,21.0,A01
201400059826,1,7,0,0.0,2.0,4.0,15.0,B01
201400059826,0,33,0,0.0,2.0,1.0,2.0,A01
201400059827,0,7,0,0.0,1.0,1.0,1.0,A01
201400059828,0,7,0,16.0,0.0,0.0,14.0,A01
201400059829,0,7,0,0.0,2.0,7.0,1.0,B01
201400059829,0,7,0,0.0,2.0,1.0,9.0,A01
201400059830,0,10,0,0.0,0.0,7.0,21.0,A01
201400059831,0,2,0,0.0,2.0,1.0,17.0,B01
201400059831,0,7,0,0.0,2.0,8.0,15.0,A01
201400059832,0,7,0,0.0,2.0,1.0,2.0,B01
201400059832,0,7,0,0.0,2.0,4.0,1.0,A01
201400059833,0,2,0,8.0,2.0,1.0,21.0,A01
201400059834,0,2,0,0.0,2.0,1.0,9.0,A01
201400059834,0,7,0,0.0,2.0,1.0,1.0,B01
201400059835,0,7,0,3.0,5.0,1.0,21.0,A01
201400059836,0,33,0,14.0,0.0,1.0,21.0,A01
201400059837,0,7,0,3.0,0.0,3.0,13.0,A01
201400059838,0,10,0,0.0,2.0,1.0,5.0,A01
201400059838,0,7,0,0.0,2.0,1.0,21.0,B01
201400059839,0,7,0,0.0,2.0,0.0,10.0,A01
201400059839,0,7,0,0.0,2.0,0.0,1.0,B01
201400059840,0,7,0,0.0,2.0,1.0,2.0,A01
201400059840,0,7,0,0.0,2.0,4.0,2.0,B01
201400059841,0,7,0,0.0,1.0,1.0,1.0,A01
201400059842,0,7,0,0.0,2.0,1.0,21.0,B01
201400059842,0,7,0,0.0,2.0,1.0,1.0,A01
201400059843,0,10,0,0.0,2.0,4.0,9.0,A01
201400059843,0,2,0,0.0,2.0,1.0,21.0,B01
201400059844,0,7,0,0.0,2.0,2.0,21.0,B01
201400059844,0,7,0,0.0,2.0,2.0,1.0,A01
201400059845,0,7,0,0.0,2.0,1.0,0.0,A01
201400059845,0,1,0,0.0,2.0,4.0,2.0,B01
201400059846,0,2,0,0.0,0.0,1.0,14.0,A01
201400059847,0,10,0,0.0,2.0,4.0,2.0,B01
201400059847,0,7,0,0.0,2.0,1.0,2.0,A01
201400059848,0,2,0,0.0,0.0,1.0,14.0,A01
201400059849,0,33,0,0.0,2.0,1.0,1.0,A01
201400059849,0,1,0,0.0,2.0,0.0,19.0,B01
201400059850,0,7,0,0.0,0.0,9.0,14.0,A01
201400059851,0,2,0,0.0,0.0,0.0,14.0,A01
201400059852,0,33,0,0.0,0.0,0.0,14.0,A01
201400059853,0,7,0,0.0,0.0,9.0,13.0,A01
201400059854,0,7,0,0.0,2.0,1.0,2.0,A01
201400059854,0,7,0,0.0,2.0,4.0,2.0,B01
201400059854,0,7,0,0.0,2.0,3.0,14.0,C01